OFF
4694 9288 0
1.7164663975 1.0490563540 37.7735231506
1.9918948811 1.0828676346 37.6705916321
1.8802922250 1.0367648394 37.7108595169
1.7277551830 1.0448589603 37.7909740865
1.8382438038 1.0838748390 37.7770711848
0.9759509921 46.9956737321 5.7334999691
1.1768994709 47.1151612165 4.8843714275
1.2668982944 46.4114714233 5.2251159300
1.1628036080 46.1915403772 5.9841802557
0.8944786269 46.8790938661 6.6566232313
1.1085000276 46.1004528283 6.9054417612
0.8896695513 46.8540251654 7.6096819164
1.1078958440 46.1482149165 7.8487499176
0.9459857830 46.8720089858 8.4944016010
1.1210581485 46.3208051831 8.6212377329
1.1604524659 46.9797883571 12.0212218024
1.1558415555 46.7753656653 11.5192036886
1.2705569553 46.4316955044 11.8786196652
1.3303135573 46.5972606812 12.4095429494
0.8522135675 47.9549040741 5.4507896531
1.0846028755 47.8424178240 4.6341591206
0.7434097535 47.7560993719 6.4586824088
0.7193809584 47.6849042311 7.4434585448
0.7720578200 47.6498659549 8.4313113104
1.0366959052 46.8076850097 9.1069928493
0.9057304823 47.5044008859 9.4017523855
1.0559192164 46.9845778857 9.6666177125
1.0617648133 47.4266973540 11.4064602005
1.0395568554 47.3713845321 10.7115933651
1.1266910651 46.9150868733 11.0288990434
1.1305197870 47.5313666984 12.0724423193
1.2836443216 47.2446007499 12.6055159268
0.9188611454 48.7269339546 4.7900888085
1.2431381126 48.9998762641 3.9830143441
1.2409198532 48.1967557186 4.1612931978
0.7047077097 48.9057534583 5.6334994859
0.6454358379 48.7090871674 6.3773859241
0.6154777574 48.6194353986 7.3366179299
0.6458304377 48.5792515796 8.3496443214
0.7574298573 48.5005985085 9.4097185814
1.0052795503 47.4018659004 10.1434607784
0.9496225647 48.2079838208 10.6251367663
1.1131880668 48.2042921391 11.7666956294
1.0487540776 48.6600914782 11.3214629516
1.2452594997 47.9004378708 12.4917845630
0.9031952844 49.7869537419 4.6095362731
1.2276914811 50.0263090215 3.8595744602
0.6971645973 49.6960167097 5.4568108316
0.5964679948 49.6612541336 6.3460886255
0.5650460661 49.6022847637 7.2839859107
0.5784060886 49.5708148336 8.2832589329
0.6568761327 49.5465624879 9.3194142340
0.8301736644 49.5026820901 10.4331285472
1.0137723943 49.1973768809 11.1821279403
0.9027860386 50.8058634776 4.5361098051
1.2249464018 51.0569844105 3.8318365052
0.6948523276 50.6767522879 5.3675922535
0.5880111628 50.6245898568 6.2850639293
0.5495706661 50.5947445740 7.2472518021
0.5537089616 50.5694063490 8.2324481890
0.6048390843 50.5584471032 9.2318536071
0.7283755037 50.5532686081 10.2385170866
0.9859632396 49.9133233779 11.2296983952
0.9050041353 50.5387108634 11.1065674629
1.0722217043 50.4552495890 11.6920202621
0.9304034347 51.7922334433 4.5259365569
1.2473285217 52.0456793178 3.8924740949
0.7152560006 51.6726831170 5.3263075203
0.6003291533 51.6190720949 6.2385176351
0.5582697177 51.5862260165 7.2028307127
0.5600645328 51.5532934999 8.1765389257
0.5966073576 51.5178968498 9.1294186304
0.6940004183 51.5364898809 10.0947363827
0.8756083566 51.5540587419 11.1480778319
1.0581025447 51.1811358628 11.8480796293
1.0025132232 52.6724612202 4.5475656170
1.2649182649 52.8269428231 4.0625344713
0.7844250449 52.6244236595 5.2958084417
0.6490722433 52.5935023295 6.1862777543
0.5984718783 52.5647646272 7.1406904463
0.5970327281 52.5011794031 8.0925105706
0.6376935413 52.4460431169 9.0240652999
0.6956622029 52.3197209188 9.8213854033
0.8661467580 52.5917751352 10.7794188538
1.0543284596 51.8952040254 11.9786853964
1.0236298779 52.4572202541 11.7520431040
1.1698615387 52.4052916632 12.3967608497
1.1329150988 53.2867307564 4.5256994412
0.9490366102 53.5121784837 5.2272309852
1.1922723121 53.8328390427 4.8180111322
0.7656136683 53.4937521812 6.1062816982
0.6959780141 53.4923196337 7.0233175683
0.6969081175 53.4341129110 7.9959172516
0.7044139877 53.2199356237 8.8207234510
0.8498669806 53.3570039233 9.8564748771
1.0299801463 53.5071953308 10.8593832305
1.1184836422 53.2540125251 11.6389104850
1.2062239348 52.9573359748 12.3319679921
1.1294615979 54.2112322738 5.3438741928
0.9980432755 54.3451171272 6.0655311900
1.2721416557 54.7078022373 5.6798552370
0.8469570172 54.1942844132 6.8106561291
0.9161364252 54.3964914761 7.7665376409
0.9166223742 54.1197806236 8.9289601984
1.0867140968 54.2805608072 9.8389149065
1.1250974921 54.0631409363 10.4891623909
1.2864642558 54.9931658782 6.2393948556
1.1685212723 54.9401443190 6.9944908672
1.5898500214 55.3848380367 6.6426217631
1.2676511609 55.1471397666 7.8536554346
1.2204456355 54.9526578334 8.6152439581
1.2393369226 54.7761619804 9.4291898151
1.7620286038 55.5771373339 7.5373497148
2.2958782061 1.1581872791 37.4962719305
2.6337121370 1.3691575603 37.1961172300
2.5946577579 1.0429759669 37.4570014709
2.5348023312 1.0329364136 37.9418018115
2.0395871801 1.0612801354 37.7516066376
2.5060948011 1.2908358858 40.2854919153
2.6807021887 1.3546898731 39.9116404370
2.8519234126 1.0046812875 39.9600797481
2.6191788852 1.0538457034 40.3065105565
2.4142423324 1.2890646527 40.4422972067
2.3668582823 1.2490553289 37.7843607106
2.6119777335 1.6390044668 40.2068645056
2.4670257036 1.6129392431 40.4753592829
2.6736696203 1.9430504263 40.4634171045
2.6023842500 1.9412211342 40.5773426547
1.9029697122 43.8953090721 6.6786322598
2.2116203781 43.5640968980 5.9714283427
2.1977022063 43.2315963420 6.5172920652
2.1581689171 43.1035140136 7.1091505401
1.8542848102 43.7694569420 7.7010422408
2.1077672621 43.0042228296 8.0134874805
1.8516677738 43.7163038852 8.6842876522
2.1014578168 42.9636075291 8.9568327466
1.8767513629 43.7147725516 9.6492988002
2.1175194078 43.0217657004 9.9056635133
1.9307444999 43.7541799506 10.5458258371
2.1346376147 43.1922645926 10.6760918234
1.8521870481 44.5668042720 5.6956266368
2.2412725159 44.3701854755 4.9410367633
2.2102410743 43.9543496218 5.4263412363
1.6028464487 44.7311611461 6.6214266630
1.5975310550 44.6030784353 7.4660325395
1.6146068744 44.5499666225 8.4655439173
1.6543804975 44.5018868268 9.4488980635
1.7066186750 44.4863730271 10.4005433750
2.0329492298 43.7072099723 11.1977091566
1.8089313438 44.5174912222 11.4159516420
2.0853134359 43.9792603959 11.9480592985
1.9096600239 44.8339610256 12.4769578132
2.1590320490 44.3049490987 12.7272227696
1.9420763200 45.1891336334 4.7525333157
2.3052286085 45.4252439985 4.0322904814
2.2657760777 44.8336367080 4.4558750302
1.5204813400 45.6496371316 5.3399974862
1.4089427666 45.3990941068 6.2576142670
1.3474766483 45.3814505422 7.2122130669
1.3454905763 45.5057958134 8.3139014282
1.4455795132 45.3540968468 9.3121521394
1.4997728068 45.2879614878 10.2393249559
1.5640079590 45.2302508710 11.0744392380
1.5576085745 45.7499804783 12.1371167021
2.0791519450 44.8909239344 13.1749977919
1.8811710690 45.6725503869 13.2945396224
2.1566894139 45.2591162717 13.7320697002
1.6818088802 46.3118910750 4.4079594749
2.1702363420 46.2900092918 3.6846583466
1.2157042998 46.2689345589 9.3487818267
1.3325014373 45.9878626299 10.0701928535
1.3200970592 46.1491393819 11.0647311497
1.5854106033 46.7178954072 13.1664343417
2.1084892039 45.8437362142 14.0646685478
1.9451689423 46.5235555671 14.0483086755
2.2383833642 46.3174618758 14.6031687550
1.9399351353 47.0474875726 3.6269065527
2.4304000352 47.4001680069 3.0505372458
2.4366406426 46.6434530916 3.2723295932
1.4360160688 47.4233149154 4.1533669428
1.1532602966 46.7612990198 10.3077287547
1.5024749317 47.8992745552 13.2869593830
1.8310062047 47.4864604390 14.1079018028
2.1849517867 47.1548838508 14.8265938095
1.7282375521 48.1241770491 3.5237867818
2.4011598439 48.5140846326 2.7682655025
1.1700169371 49.0556346424 11.8658397919
1.3528641674 48.7415000050 12.7178132589
1.5931144203 48.8437174075 13.6076232600
1.8021369931 48.5050647796 14.2218036124
2.1110033559 48.1781497897 14.9442239564
1.7023521030 49.2872534646 3.2949148465
2.2160711851 49.7128177157 2.7117640031
1.1493840362 49.8535479696 11.8179965791
1.3456902518 49.7775601850 12.6192303779
1.5644397713 49.6709000639 13.5175488757
1.7999761624 49.4866750823 14.3202069067
2.0672538597 49.1908849592 15.0286925829
1.6574338140 50.3765996462 3.2276680130
2.1680968335 50.7875329774 2.6985600899
1.2685760293 50.7782047958 12.4829469954
1.5206839422 50.6843667373 13.4621549600
1.7859063568 50.5899667323 14.4543463882
2.0321617162 50.1614904312 15.1200414199
1.6518683794 51.4427569971 3.2568898085
2.1757458994 51.8531459488 2.7481214589
1.2312726874 51.8122991945 12.5690556328
1.4579010402 51.7319395722 13.3915150655
1.6909366686 51.6235724828 14.3216159070
2.0156576299 50.9379422509 15.2699407718
1.9245000302 51.5778591116 15.1486810412
2.1289876588 51.4964420945 15.7470007797
1.6776702275 52.5877318881 3.4271368188
2.2429808943 52.8481224311 2.8265455432
1.4063563082 52.8586491816 13.1692068939
1.6475691644 52.6468679028 14.2356731793
1.8779270853 52.4912109190 15.1137415311
2.1214100325 52.2788183297 15.8681275908
1.9689625609 53.5203916343 3.3742205398
2.3100529089 53.4743342067 2.9094106856
1.4836462521 53.5779672833 4.1389473532
1.3244454676 54.1710135437 11.3988427270
1.4039297154 53.7725725687 12.5369926024
1.5659633034 53.8500519633 13.4661907696
1.6781948089 53.6294741949 14.1678356323
1.8828984815 53.4719586218 15.0359391514
2.1189127238 53.2531887319 15.8671682661
2.4178641103 54.1173916521 3.1296382329
1.9632830814 54.4204345701 4.0184535101
2.4026739683 54.7961488560 3.6413228735
1.4966205731 54.4841529283 4.9391245405
1.4752530002 54.8568939393 10.4142313806
1.6526593141 54.9298896259 11.4645332353
1.6559496602 54.6944365798 12.3153701686
1.7144263994 54.5305528681 13.2800517963
1.7640124521 54.3447516442 14.0136040952
1.9757568314 54.4383669670 14.8422730219
2.1717853459 54.1925769538 15.7388281447
2.2998437997 55.0827783347 4.1702533306
2.0558769691 55.1251120584 4.8247158380
2.5680437550 55.4785673922 4.5799506558
1.7468133885 55.2357308293 5.7830731508
1.5942886949 55.4550839767 8.3751401433
1.7061248501 55.3797970155 9.3431397161
1.9848432156 55.5175011175 10.2770555865
1.9893598404 55.4254282785 11.1274681148
2.0282883816 55.3508707993 12.0931391402
2.0563229379 55.2316758560 13.0840619710
2.0922085063 55.0561096023 14.1460334343
2.2690951025 55.1348789453 15.0183141937
2.2755572423 54.8678200963 15.5427736533
2.6371878065 55.7096341180 5.4952349428
2.3436136217 55.7811546655 6.6991586147
2.5285193850 55.9407453311 7.7206947324
2.3099901471 55.8316260506 8.6415543772
2.4620584050 55.8400726951 9.8194991483
2.5453453732 55.8355746754 10.8286154685
2.5702025010 55.7962172584 11.8162989788
2.5894114678 55.7451208588 12.8273512769
2.6131334777 55.6682088764 13.8560157252
2.6496145866 55.5801669839 14.8492913451
2.9938896132 1.3337144484 36.7217328790
3.3692378135 1.6369509371 36.1208333818
3.6943080886 1.0566475535 36.5193685763
3.5768459149 0.8141419384 37.5461391951
3.2626244320 0.8434354500 38.2990711349
2.8260608820 1.1215337565 38.5144291285
3.2984037065 0.8534530917 39.3192110188
2.8716928972 1.2607684736 39.3157139756
3.3777216135 0.7464722513 39.9686667499
3.1005413440 0.8141818640 40.1887123483
3.0482743232 1.7743674543 36.6481977163
3.3345679727 2.1256920881 36.1903551876
2.9547566085 1.8440446639 37.3847643395
3.1244332521 2.0537773286 36.8474744870
2.9491113128 1.7098064595 38.5186943970
2.9150113167 1.7846911628 39.6236634823
2.8465702435 1.9754355167 40.1754279820
2.9704878159 2.2344196763 40.3581532958
3.2579261465 2.2369400081 36.5524224788
2.8648331690 2.2166119575 40.5147320172
2.9877340777 39.9387034351 9.5966278944
3.1238981017 39.7782028820 8.7926055815
3.2386765400 39.2870949960 9.1996569958
3.2299312943 39.1733718978 9.9517110206
3.0460608272 39.7923301326 10.4884087457
3.2375659774 39.2675409213 10.6884880999
2.8637302883 40.6720315623 8.7025369802
3.0737089518 40.6392057831 7.7826781641
3.1808775404 40.0472717576 8.1893009233
2.7613411997 40.7662704691 9.7218159037
2.8487817388 40.5632731976 10.4714034135
3.1451406001 39.7456188018 11.0898607904
2.9986537897 40.3683978927 11.1776457098
3.1722008619 40.1090249192 11.6258028749
2.7505065814 41.5579183990 7.6320080987
3.0200041910 41.6050734941 6.7392510076
3.1653682358 40.9922681339 7.1400386143
2.5781689770 41.6050642444 8.6553808633
2.5833422769 41.4818165437 9.5050965375
2.6391515332 41.4474901033 10.4748626348
2.8232338766 41.3325111989 11.4713849201
3.0724270450 40.8083336597 11.9467278200
2.6014056796 42.5397803283 6.4992237584
3.0971978164 42.3400909511 5.7681613706
3.0607810907 41.8944327490 6.2936700821
2.3886718051 42.4537320022 7.4815757890
2.3735607292 42.2687021482 8.3106609784
2.3494333491 42.2566681263 9.2665239615
2.3697191801 42.3932167951 10.3639331776
2.5387320079 42.3441479484 11.4315100588
2.9774361754 41.5218282131 12.3277322837
2.7727744431 42.3772747419 12.5320450773
3.0558566793 41.8971185881 13.0527881884
2.9501024430 42.6903899186 13.5430038316
3.1481003896 42.2260793877 13.7619767204
2.6489062423 43.3939351775 5.3180233722
3.1663586274 43.3158522847 4.7220206514
3.1261721808 42.8309281254 5.2159359473
2.2573645584 43.1631386640 11.3467073003
2.4052590865 43.4321408926 12.4309798099
2.6938419735 43.4630817025 13.4634468966
3.1033726686 42.7860353765 14.1641147055
2.9531379553 43.4253362978 14.2360493968
3.1610590048 43.2152060293 14.7009793282
2.7246260243 44.3077359065 4.3465510295
3.3037103612 44.2022538229 3.8543718676
3.2096911204 43.7865834287 4.2483911027
2.3727150967 44.4574792477 13.5128148555
2.7607540090 44.4287666726 14.4733909808
3.0809883268 43.9865460773 15.0093852816
2.9377860940 45.0134532227 3.6325929683
3.3633144866 45.4029443068 3.1542646653
3.4757317599 44.6949672996 3.4086981011
2.4282609798 45.4762592115 14.4667470728
3.0055977501 44.7534764033 15.2769551183
2.8230714902 45.4407427565 15.2651107167
3.0928941203 45.2955844402 15.8031967921
2.6891210412 45.8972799755 3.3837781653
3.1533238836 46.4361697549 2.9017286033
2.6169541631 46.5948548728 15.4534346406
3.0184529001 46.0792552887 16.0498909224
3.1717657332 47.5139564433 2.5167026365
2.4740744164 47.8444961785 15.6594598229
2.9679264903 46.8631910164 16.3064240951
2.8327326316 47.5807326190 16.3286974683
3.0992532833 47.3827007737 16.8374480459
3.0284268413 48.3388482799 2.3169979039
3.4773458927 48.5459505994 2.0549815527
3.4798230914 47.9292873323 2.1818368983
2.3847158176 48.9164743566 15.7715486494
2.7580464107 48.6684510673 16.5923000689
3.0644655593 48.1496088398 17.0945779077
2.8484154735 49.1232729968 2.2981705784
3.4721076080 49.3989414007 1.9694001984
2.3068674791 49.9280966257 15.8266051760
2.6146596087 49.7399768112 16.6119104184
3.0349434154 48.9074539455 17.3453129692
2.9161079665 49.5866173410 17.3392420527
3.1572541105 49.4132835912 17.8443699817
2.7807489867 50.1185753796 2.2612279262
3.4817342582 50.3998176480 1.9134020417
2.2293431163 50.8478344431 15.8538080668
2.5073296801 50.7655685109 16.6360286219
2.8372255366 50.6361812728 17.5366312261
3.1286210806 50.1703988657 18.0848991309
2.7717075749 51.1646051621 2.2555361826
3.5076662081 51.4819861258 1.8807296033
2.3782980446 51.8209066562 16.5359462314
2.6948997856 51.6750795205 17.4593649582
3.0985621730 50.9347312032 18.3191362038
2.9830978991 51.5935412184 18.2464340688
3.2450436597 51.4740789306 18.8164265877
2.7919763747 52.2330593262 2.3016776936
3.5353027898 52.6156683444 1.9062601022
2.3719924363 52.9757192992 16.6504256967
2.6353214427 52.7178810138 17.4548182826
2.9166201691 52.5223453615 18.2566812420
3.2282417343 52.2755724195 18.9663023892
2.8056179606 53.3429901177 2.4735263361
3.6395612194 53.7318461551 1.9958385452
2.4132404834 53.9821006680 16.5883562253
2.6529664282 53.7503791959 17.4341228200
2.9094379694 53.5339668653 18.2502003752
3.1972777779 53.2812495716 19.0102588879
3.0418471392 54.2705163723 2.5685202732
2.8047802791 54.8282871105 3.1404316522
3.3048304750 54.9359698228 2.6890825125
2.5618938965 54.9038906740 16.3506694824
2.7597705749 54.6731596497 17.3012216034
2.9947139934 54.5220083388 18.1707504146
3.2488148550 54.3075673155 18.9910968316
3.1891103944 55.2899682365 3.1845283295
3.6360563422 55.3825419273 2.8939824990
2.8342925878 55.3396118228 3.8277981738
2.6204597367 55.3751136170 15.6546829179
2.9527401619 55.5274236817 16.3622710236
3.0215218182 55.3870156139 17.1188857884
3.1578316145 55.2885438331 17.9537266935
3.5001912324 55.3824592938 18.8913028521
3.6939868009 55.6981642827 3.6000231023
3.3506096857 55.8307049173 4.6706222030
3.5169354830 56.0256958067 5.6355050594
3.3209241226 56.0449860101 6.4594347621
3.2608638989 56.0912342776 7.4646322629
3.2449881328 56.1027493238 8.4675380315
3.2401647731 56.0828924539 9.5055541696
3.2829624267 56.0749497104 10.5616474260
3.3079485201 56.0633007134 11.5886817833
3.3190027704 56.0441695311 12.6121402476
3.3292123023 56.0133480252 13.6444600844
3.3374982062 55.9586944036 14.6896971071
3.3058477175 55.8475854255 15.7958821759
3.4807406717 55.8482570393 16.8810976344
3.5016465375 55.7853335580 17.7526575647
3.4859529655 55.6853819769 18.3082833638
3.8813543542 1.5628366609 35.4662252193
4.2895021800 1.5485239078 34.7669140246
4.6657789202 1.0240442400 35.4319076152
4.6435141717 0.7622651005 36.5356914681
4.4021903972 0.7018188421 37.3599699157
4.2529706492 0.6572330211 38.2658820673
4.1358061736 0.6551546382 39.1257378155
4.0230028155 0.6396571940 39.8119417278
3.7709973613 0.6529206662 40.1206262818
4.0320719644 2.2074242066 34.7788288281
4.4140043350 2.4463458033 34.0442064101
4.4197814325 1.8511981211 34.2338768181
3.6239273383 2.2116470407 35.6355395036
3.3350839740 2.4210390802 37.0302596838
3.4545017631 2.5085204317 37.9961828399
3.4421601070 2.4569551876 39.1579818086
3.2075910798 2.3391708488 39.9648155327
4.1772678465 3.0311432103 34.4886190528
4.4423061669 2.9749183548 33.9860387384
3.8578036900 3.0254536613 35.3301638066
3.5839392017 2.8570004169 36.3301941379
3.7004971690 3.1018024473 37.3181315762
3.8694694958 3.2111036361 38.0372511357
3.8619114148 3.0486270619 38.7064412261
3.8825627908 3.0725069410 39.3602441350
3.7216598670 3.0074683522 39.8945759912
4.0603446276 3.4617189666 39.7257580429
3.3386524868 2.6707693752 40.2871362542
4.5457215801 3.6083716041 34.1064102809
4.1696131575 3.9658330182 35.0249588483
4.6323738910 4.5525974349 34.4667678896
3.9107674941 3.8721081102 35.9873194747
3.9013361231 3.8358976698 36.8965947476
4.0425579908 3.8244645574 37.7333621932
4.0653133390 3.6298046111 40.0811911335
3.9187935182 3.5082135504 40.2807951441
4.2129706202 4.0233327872 40.2596765597
4.3756166099 4.8284553530 35.1513265323
4.7636981183 5.3592763033 34.9020769750
4.1727376843 4.7213251318 35.7932629087
4.1051870986 4.6382946478 36.6032385181
4.1987884499 4.5745524408 37.4034343085
4.2130526746 4.0923895699 40.3670542446
4.5093991609 5.4079507588 35.6088610183
4.3866314682 5.3533961785 36.3849072582
4.3418323739 5.1775577003 37.0676561484
4.2743154290 35.5764750143 14.3001736315
4.2787157616 35.6041959141 13.7570367595
4.3614314267 35.0719066301 14.0685466908
4.3750734676 35.2164381302 14.5797861761
4.0509856834 36.8637515134 10.4971250436
4.1766600608 36.7094942494 9.7363257867
4.2944299801 36.2279827209 10.1139947600
4.2625342240 36.2038079606 10.6963354723
4.1940084162 36.2165365990 14.1652595732
4.1862870900 36.2916736275 13.5880713596
4.3109234693 35.9292034730 14.7768754693
3.8924392907 37.5824792080 9.6343598784
4.1372671811 37.4834239558 8.7761189468
4.2382053574 36.9653574125 9.1452384585
3.7890496092 37.6820806772 10.7101471238
4.1333872909 36.6203079792 11.1614852757
3.9347183895 37.3304370290 11.5009675735
4.1282351298 36.7348625994 11.7284583286
4.0567009720 37.2711176189 13.8563222162
4.0553465942 37.1214539337 12.8528127245
4.1617288258 36.6022711205 13.1289018323
4.2164202129 36.7679115008 14.6431675033
4.1479613259 37.2667488081 14.5160177829
3.8888876785 38.2283135294 8.5449927305
4.2402528645 38.1132429780 7.8891671025
4.1900994128 37.7132222021 8.3544413727
3.5147880664 38.6186891517 9.3480515900
3.5076411998 38.5207538039 10.4641626087
3.6530979275 38.3331453682 11.5472647935
4.0313193444 37.1530835075 12.2265551058
3.8401216071 38.0210728981 12.7242759649
3.8498022377 38.4497137713 13.8579433583
4.1073383202 37.6700454570 14.6037665518
3.9843220269 38.3874997489 14.6681976505
4.1423969765 38.0700849602 15.0706811483
3.9365323551 39.0168058749 7.5914472897
4.3700651553 38.9659714973 6.9806727451
4.2850931906 38.5595300050 7.4058392883
3.4583941718 39.2585779434 8.4118529886
3.3620449701 39.3427895498 11.4756596585
3.5572356894 39.2588481205 12.5286431383
3.6854618010 39.2734546654 13.5953394276
3.7942883918 39.3435949704 14.5955465299
4.0988234875 38.6209312351 15.3718049815
3.9629746146 39.3696430670 15.5451477543
4.1469815118 39.0134661571 15.9195264965
4.0270603684 39.8375683363 6.7559509850
4.4386111046 40.2196524366 6.0511238263
4.5583407985 39.4331905601 6.4483730198
3.4686667458 40.1197645079 7.4170278569
3.3111976154 40.3395112208 12.4514001788
3.5028116677 40.3113333459 13.4995809286
3.6382960139 40.3125841174 14.5226562218
3.7735345151 40.3303021433 15.5282914836
4.0961318960 39.5765519474 16.3027128513
3.9572808861 40.3359928800 16.5204057399
4.1454648479 39.9315715038 16.8671694211
3.5641827498 41.1615461637 6.2860402134
4.2855324826 41.1932903936 5.4875374328
3.1543912812 41.1926392973 12.6507971629
3.2954414943 41.3838986704 13.4898478714
3.4882729278 41.3450749775 14.5043939416
3.6324556815 41.3315314237 15.5125093215
3.7804096252 41.3210001191 16.5165811547
4.1036879510 40.4861108239 17.2990119945
3.9820970853 41.2890888239 17.5095717206
4.2205610005 40.8036056055 17.9759562394
4.1612311558 41.5001281060 18.2987677738
4.3808675501 41.1772586273 18.6179515341
3.6697209749 42.2701611308 5.1635752204
4.2923772906 42.2376525885 4.6653724577
4.2365843487 41.7758488317 5.0653628052
3.3030787916 42.3987090747 14.5272365677
3.5041908800 42.3799702704 15.5182436010
3.6617687901 42.3427993389 16.5124188718
3.8337458117 42.2886565759 17.4661719475
4.0630155785 42.2018971746 18.2939147069
4.3676332768 41.9375864244 18.8959469930
3.7848976235 43.2459583411 4.2410971392
4.5110923787 43.3062440816 3.7715079172
4.4942435521 42.6929510843 4.1945822480
3.3412463875 43.4937476059 15.5278815149
3.5629346533 43.4069451390 16.5336799957
3.7468997859 43.3369050525 17.5030799189
3.9817069068 43.1819940353 18.3638152331
4.3221619325 42.8964352104 19.0679640887
3.9257725908 44.0371503962 3.5717122303
4.0380647080 44.7258038033 3.1462402181
4.6696861266 43.9720888149 3.3126302227
3.2314785747 44.6020555490 15.8030620943
3.4589078792 44.4942482638 16.5927236596
3.6652006454 44.4129291942 17.5384538039
3.9185528072 44.3480157123 18.5486976618
4.2437221622 43.9083053916 19.2179537323
4.0843856608 45.5429511706 2.8230292155
3.3134952649 45.5951699842 16.6045059251
3.5724396119 45.4793758053 17.5490983130
3.7927389955 45.3985727931 18.4609583114
4.1736786410 44.7233575070 19.3874357748
4.0428615523 45.3721888446 19.2808691431
4.3183529142 45.2923145520 19.8788792298
4.1303743821 46.5258821113 2.4665748842
3.2213279858 46.6841852687 16.8356339947
3.4791325479 46.5517939887 17.5969249428
3.7177386091 46.4268733160 18.4641985003
3.9671519028 46.2938837254 19.2880943415
4.2798656645 46.0840842869 20.0151947472
3.8546256372 47.3753163813 2.2260153450
4.0755093550 47.8485843245 2.0126945583
4.5743460645 47.0646611981 2.1284099462
3.3472787447 47.6475758427 17.6098857097
3.6468883904 47.4818489531 18.4895111859
3.9134818486 47.3080849810 19.3117718174
4.2117702926 47.0845478394 20.0771111299
4.2191576786 48.5859561750 1.8473968659
3.2738603109 48.7250678705 17.8416194734
3.5656316548 48.5560989172 18.5484613661
3.8648129705 48.3548369990 19.3421815542
4.1654244186 48.1211118333 20.1189881269
4.2860932884 49.5315463899 1.7341373079
3.4337400260 49.6594980563 18.5810929183
3.8005001987 49.4201197925 19.3869975033
4.1218707250 49.1668780881 20.1527440186
4.3511415183 50.6001092344 1.6362470620
3.3695493630 50.7604346395 18.8305531227
3.7222701810 50.5132531504 19.4877146837
4.0690139693 50.2099511942 20.2038037525
4.4178746323 51.8019513232 1.5149319500
3.6177553168 51.7540299674 19.6270732812
4.0063608290 51.2296109871 20.2935480512
4.3404872716 53.0539799220 1.5372349524
3.5284375425 52.9620147718 19.7093387635
3.9864626471 52.0362608463 20.4546097530
3.8714672075 52.7314394525 20.3837171569
4.1355324596 52.5770436918 20.9397892310
4.2327301716 53.7855636906 1.6791706420
3.5163510489 53.9932998349 19.7364637769
3.8252336409 53.6844903343 20.4298189548
4.1251912430 53.3717126509 21.0904151772
3.5812575221 54.5197755179 2.2556517306
4.2308383102 54.4316101349 1.9037838349
3.6072297527 54.9621035969 19.7242630469
3.8443482171 54.6538296523 20.4393175295
4.1206965167 54.3466734822 21.1444048505
3.9176318902 55.0620256412 2.4058702632
4.6702266034 55.1517629483 2.1914254759
3.8228073640 55.6916668705 19.7723111564
3.9597183051 55.5133797880 20.4054686004
4.1765254602 55.2663902013 21.1157745003
4.3854174146 55.6148018496 2.9038524033
4.5524982102 55.9466933803 3.6767072470
4.3510036611 56.0356443177 4.4394907691
4.2786541979 56.1186846893 5.3997208556
4.2539233174 56.1717770742 6.3593961113
4.2045004317 56.1926676455 7.3339880047
4.1843170831 56.2040356118 8.3449514652
4.1798799177 56.2023769126 9.3709223399
4.1868457491 56.1962084981 10.4087654371
4.1983600345 56.1915726056 11.4459980767
4.2047414732 56.1861027296 12.4778259461
4.2081652106 56.1769017833 13.5103458630
4.2090180990 56.1591039503 14.5486571045
4.1988714998 56.1300183395 15.5990577863
4.1926037478 56.1192081659 16.6417648528
4.1500920714 56.1254925497 17.6192846294
4.0049077473 56.0571865198 18.5423663990
4.1093685306 56.1354053920 19.4881418694
4.7535810272 56.5122989084 19.2806303112
4.2212482121 56.1636609475 20.2971076724
4.3438041739 56.0224691470 21.0249722599
4.7209291801 56.6009919292 20.1406180430
4.7253578679 56.5681804077 20.9621701004
5.2697127189 1.3304224708 33.8056605376
5.5382346076 1.5841014269 33.3280923274
5.9492912755 1.1415166640 33.6216538456
5.5330301935 0.9481062337 34.5393796317
4.7786552697 1.3760552053 34.3245252711
5.6138473287 0.7319822158 35.5153734485
5.4268604464 0.6716656179 36.3313545660
5.3262273244 0.6033866428 37.2814615615
5.2200136240 0.5754002197 38.2062934983
5.1065236577 0.5654021651 39.0660883200
4.9259956606 0.5630913258 39.7297039464
4.6048826481 0.5727847875 40.0453541941
4.9124556409 1.9088436827 33.6831756991
5.5396864777 2.2318288554 33.1153705346
4.8870211898 2.8592601763 33.5705455018
5.6658853194 3.2556608009 32.9950078426
4.1552501138 3.7306149262 38.5052261359
4.1580674571 3.5973896136 39.2231327235
5.0693595497 3.7346066005 33.5528677536
4.8417175359 4.1674295707 33.9395631375
5.1454628407 4.3328607246 33.6673224147
4.3643446747 4.5189859769 38.2278025386
4.4412589255 4.3871593719 39.0796188762
4.3313977306 4.1192327906 39.8277200537
4.9966505613 4.6398528610 33.9889681246
5.1196565568 5.2520680379 34.2175230708
4.5308101230 5.2757708496 37.7701731977
4.7474550547 5.3482261819 38.7460022529
4.7447515085 5.1369882244 39.7219466443
4.4986615562 4.6286087237 40.1911722923
4.9106344727 5.8879286511 35.3383645573
5.4046204446 6.0973719177 34.6666201618
4.8677804456 6.0530098750 36.1211974325
4.6727497757 5.7959550055 37.0634401733
4.9545983066 6.0756027355 37.9577502545
5.0904663202 6.1150038194 38.7644472804
5.0801522376 5.9317305896 39.4313216934
5.0810090877 5.8875319050 39.9957781377
4.9621905836 5.6463720840 40.2189472627
5.2366613024 6.2258402683 40.2446178370
5.3096733845 6.3586822191 35.4477691874
5.4836938793 6.6957162350 36.0419161200
5.2069900202 6.5494551059 37.0018768403
5.6914737784 7.0107242066 36.6019430686
5.3320381438 6.7104214074 37.8312439037
5.2672058241 6.5366216655 38.4193649076
5.2429778659 6.2477862566 40.3482154016
5.7849393058 7.1788858695 37.4215321632
5.2325970549 31.3632758387 11.0753802742
5.5446246750 31.3593372442 10.3469631204
5.6039544816 30.6997797444 10.7332162229
5.4299933419 30.6154606685 11.3913796423
5.0919109977 31.3342500042 11.8990655073
5.3117964402 30.6243061955 12.2030638543
5.0570643050 31.2919097639 12.7447272584
5.2408755318 30.7140001485 12.8783247080
5.0524805773 31.4897059276 14.6680778477
5.1057610452 31.1449976897 13.8929887373
5.2290358926 30.7593354729 14.2539274744
5.2684604542 30.7666711108 14.9538726449
5.1494857732 31.4095883813 15.4119804096
5.3085789939 31.0003774320 15.6898096530
5.1101240919 32.2528497029 10.7883194830
5.4518735342 32.3710345357 9.9105608848
4.9268626375 32.1711780011 11.6732156493
4.8652393965 32.1134954576 12.6225684906
5.1074773808 31.1107066299 13.3342740442
4.9081881897 31.9447400211 13.7395460843
4.8723667783 32.3716152377 14.8159987521
5.0109828973 32.2279471765 15.6314567160
5.2221486476 31.7131682953 16.0924036135
4.9716377438 33.3719517200 10.5212836103
5.2436020399 33.3081139066 9.7366144563
4.8100224207 33.1296757918 11.5027105934
4.7268403115 33.0235623253 12.4376488032
4.7022594536 33.0423934345 13.4479322712
4.7267372956 33.1500408141 14.5354629486
4.8286783391 33.1826615715 15.5502049735
5.1428757039 32.4248847582 16.4040799871
5.0184004359 33.1750257586 16.4822462790
5.2132435939 32.8623534170 16.9287033983
4.9827261733 34.2109675620 9.8234123965
5.3644469105 34.2875831713 8.9828151006
5.2886354478 33.6915670364 9.4034941835
4.7333950650 34.4256358539 10.6758776038
4.6872257216 34.1393174989 11.4320979095
4.6209863737 33.9616591182 12.3440972224
4.5950526272 33.8138862691 13.1581833619
4.5337291713 34.3068459525 14.2501382084
4.6786861674 34.1877269242 15.4256000598
4.8608961018 34.1086502067 16.3930838096
5.1909487638 33.4210768567 17.2050291652
5.0792412643 34.0510172115 17.1772455066
5.3070751851 33.8979787033 17.6974177966
4.9043311610 35.1747431059 9.2784413521
5.2114182411 35.1805184825 8.6615812214
4.5576294178 35.4190791886 10.3277011071
4.5388537971 35.1017037511 11.3618576061
4.5089109948 34.9146978218 12.2550039341
4.4534489845 34.7747881739 13.2799936606
4.5184953909 35.3573578726 15.3623686948
4.7529557922 35.1363771914 16.3857211032
4.9936544426 34.9568051564 17.2253835662
5.2826699655 34.7014147567 17.8963729325
4.9374863509 35.8953003825 8.6274728699
5.2965006443 36.2229159898 7.9302960557
5.2652891117 35.5764903490 8.3322035692
4.5076695459 36.1768020463 9.3498601674
4.3236295305 36.0368637570 11.3926270187
4.3946777119 35.6802081057 12.0785541132
4.3167498114 35.7765658429 12.9456543584
4.4249420985 36.6429924170 15.5452365775
4.6738836869 36.2641547139 16.4754407137
4.9289911525 35.9935892004 17.3270126228
5.2260387036 35.6946094063 18.0247352938
4.5715636789 37.0834641956 8.3077731829
5.0623541641 37.1952294761 7.5546871210
4.2101450576 36.4698094814 12.3487188734
4.2509165110 37.4477515765 15.1169339822
4.4214231994 37.5874285719 15.9199004245
4.6029389985 37.3558567336 16.6170828544
4.8776559275 37.1852956693 17.5883427517
5.1649747879 36.6830280698 18.1740668474
4.7078654920 38.0439515136 7.3166447465
5.2751420612 37.9349365073 6.8276900695
5.1589704035 37.5642253840 7.1845164813
4.2744597786 38.3074351132 15.7900289503
4.4842073224 38.3081947400 16.6705398238
4.7140326246 38.2538920552 17.5661826876
5.1283188389 37.4743762032 18.4138823946
5.0175475481 38.2405164121 18.4892902940
5.2638821588 37.8908359659 18.8824349205
4.9022603461 38.7137247999 6.6251918695
5.2273273162 39.2689756040 6.0424254859
5.4677311586 38.4173024197 6.3741610732
4.2906256893 39.1967071407 16.6545485458
4.5250922091 39.2140708991 17.5513089779
4.8127427698 39.2163295004 18.4397233692
5.3035586210 38.4094126465 19.1603915618
5.1911615756 39.1047032927 19.1982119907
5.6241438308 38.7194346513 19.6848737402
5.1467236713 40.3126215049 5.4615261845
4.3011692188 39.9981548420 17.4844005923
4.5538745803 40.2734339247 18.4094435571
5.0155763126 40.1051433404 19.2450843952
5.5985023312 39.7396599989 19.9270447393
4.8219938297 41.3598529681 4.9685447339
5.5766183571 41.2447441214 4.6651125766
5.4983393314 40.6834984312 5.0332712175
4.7801883341 41.2678873236 19.2940960897
5.3832733754 40.8478873467 19.9588219547
4.9667513314 42.0115991538 4.4367347128
5.1257378559 42.6090279611 3.9732747804
5.7406863963 41.8761418371 4.2263450893
4.7560499907 42.4309992971 19.6113336884
5.2665636613 41.8960682758 20.0808418460
5.2997595775 43.2312008027 3.5406367578
4.7720231268 43.5608453649 19.9469610182
5.2532859940 42.8333220652 20.3083668840
4.8820037454 44.6703948442 2.9376699512
5.5329326923 43.8549840300 3.1546323329
4.5153869749 44.6114179964 19.9644308417
5.5191090317 43.5769474760 20.8341030700
5.0437973611 44.4895600363 20.6718983665
5.6127124544 44.3650292179 21.3186138064
5.0596136957 45.4852994879 2.5999432480
4.7407132916 45.6088550239 20.7024343360
5.3184063708 45.1494776943 21.3691394247
5.1651701009 46.2660339010 2.2872934454
4.5709254769 46.7858927370 20.7854268596
5.1537658191 45.8841267087 21.5095428539
4.9594963852 46.5579988829 21.4567305370
5.3135984039 46.4014530947 22.0063238846
5.0311129371 47.6162413314 1.8877370322
5.3011628143 46.8065266859 2.0596265777
4.4977474013 47.8476978485 20.8766177170
4.8576416680 47.5243220553 21.5706488108
5.2414571268 47.1859973734 22.1985593718
5.1488759293 48.5844322445 1.7002473244
4.4402912978 48.9114005350 20.9361669892
4.8072791614 48.6612355186 21.7892306930
5.1396893102 48.1475219803 22.3579779979
5.2480917625 49.5960504814 1.5690153192
4.3784310001 49.9552449673 20.9656363358
4.6808878930 49.7458656167 21.7810194754
5.0960865225 48.9195311614 22.5537484485
4.9739827087 49.5929160932 22.5243526821
5.2157860567 49.4414003782 23.0516934665
5.4306972279 50.7562157094 1.3782904502
4.3151611972 50.9705045651 21.0053931175
4.5943023190 50.7876153046 21.8217945512
4.8974210620 50.6448426376 22.7323982135
5.1749745851 50.1903771524 23.2839369837
5.1474960283 51.6933590265 1.2491105911
5.5629682060 52.0542994590 1.0788178292
5.6320875838 51.4584738132 1.1646546644
4.2408928314 51.9054611443 21.0323912944
4.5040916489 51.8127534889 21.8258187960
4.7620024688 51.6981446248 22.7127708468
5.1317886527 50.9437993386 23.5254526865
5.0157227561 51.6086706779 23.5035680979
5.2428880885 51.4712248238 24.0405411599
4.9654792831 52.4189889055 1.2413930288
5.5895984703 52.7969752481 1.0633135589
4.3887296441 52.8769665088 21.7366125187
4.6646786514 52.7404829025 22.7104038872
4.9381274874 52.6549307447 23.6820703572
5.2080331155 52.2288414983 24.2743889098
5.0164147059 53.1391092020 1.2530061282
4.8486644801 53.8747367389 1.4815226074
4.3778480515 54.0240006661 21.8696921260
4.6038357732 53.7808517543 22.6828021815
4.8263870999 53.6635748960 23.5643946759
5.1673633888 52.9892263047 24.4869005324
5.0627868023 53.6202347715 24.3664026194
5.2996571587 53.5309159190 24.9345506094
4.9773944494 54.6482784605 1.7396500138
4.4071155393 54.9967471068 21.8601554628
4.6059758764 54.7515101025 22.6360433035
4.7999732731 54.6147986487 23.4518166315
5.0299227438 54.5022800677 24.2745449652
5.2984595336 54.2748953942 24.9841933800
5.4634198300 55.1537366889 1.9950633665
4.5149800018 55.8225845496 21.7564133443
4.6962078209 55.6104694804 22.5425924702
4.8184618385 55.3604795098 23.2344386080
5.0723512593 55.4789144021 24.0413603393
5.3422577702 55.1878041890 24.8927635000
5.3032853295 55.6210107066 2.6262484649
5.3020987389 55.9475216706 3.4363556160
5.2840339119 56.1201897898 4.3306946710
5.2330399148 56.1877752329 5.2774799625
5.2088395336 56.2207009841 6.2697670248
5.1934401285 56.2362666927 7.2738509403
5.1808919478 56.2425522790 8.2894884466
5.1761772723 56.2441216315 9.3156549977
5.1764119897 56.2427511674 10.3476096079
5.1790477297 56.2409472864 11.3818042336
5.1814247608 56.2395114658 12.4151679958
5.1819858307 56.2378182756 13.4474921286
5.1785576801 56.2355830245 14.4794386008
5.1621889656 56.2364117219 15.5084576912
5.1171040478 56.2561159283 16.5209090998
5.0216233147 56.3135163114 17.4892468880
4.8716591760 56.4006906709 18.4007312774
5.6286141758 56.6978895904 19.1655214290
4.7131670809 56.3866867570 21.5915466111
4.8967523237 56.3184789604 22.3233314547
5.0580702601 56.1387567706 23.2711483954
5.3255676149 56.2680796110 24.0835525756
5.4277567128 55.9498196246 24.6785223420
5.4836513689 56.8550588583 20.0160808935
5.3882590235 56.9249063793 20.9056304072
5.2683645981 56.8263850645 21.8796991451
5.3117225966 56.7191898285 22.8012374070
5.5464790263 56.7793603687 23.6105679697
6.3464796715 1.5910287906 32.8980396950
6.8708052672 0.9902635597 33.3830637965
6.5400454679 0.7866816312 34.3121525020
6.3943073643 0.6625072932 35.2857457656
6.3384180805 0.5908689517 36.2554089390
6.2725761398 0.5577918065 37.2168435177
6.2102066750 0.5388536528 38.1722332606
6.1128483938 0.5316811561 39.0406807990
5.9215495231 0.5301063059 39.6997961299
5.5653816037 0.5348182557 40.0045821921
6.2003680379 2.4317020032 32.7151329394
6.4956768848 3.1498406578 32.4616386839
5.5305549189 4.2510420836 33.2574684733
6.1684764993 4.2746326708 32.6370556490
5.8398605756 5.0407521300 33.1411263527
6.2033360722 5.2090489074 32.6608175617
5.3834222986 4.9054461983 33.6503691966
6.0352043991 5.6655962791 32.9920482933
5.7597160316 5.9009993101 33.5959746823
6.1052415971 6.2291902177 32.9304826808
5.4310827689 6.6580580558 39.1232922082
5.3621982860 6.4595669246 39.8739334904
6.3477433018 7.1545953111 32.2904052161
6.5650153783 7.4550774319 31.7869677895
6.4429178379 6.9074949963 31.9562860466
6.2950893727 6.5958265000 32.4418909950
6.2494998309 6.9951709936 32.9910050216
6.1508690411 6.8646357848 34.0525986918
6.1416065799 6.9058649606 35.1238829466
6.4384920490 7.1069482304 34.4479702329
6.0019860445 7.0753127159 36.0235311555
6.6879554307 7.2864859783 35.8399362193
5.6182566173 7.0240193297 38.3601171051
5.8395999889 7.2745286732 39.0048004110
5.8036282816 7.2223528466 39.7321779848
5.5415843848 6.7899964762 40.1856352571
6.5099158837 7.6498039957 32.3294109584
6.8906298813 8.1298665581 31.7776825114
6.5797525498 7.7215272808 32.8198742958
6.6854957524 7.5390734325 33.4428727782
6.6757642851 7.3085817749 34.0782576897
6.2473283028 7.3486348408 36.6003097003
6.5036278982 7.6931647377 37.3204964254
6.1965752303 7.6373744390 38.3232924453
6.2179903000 7.7645813029 39.3194406507
6.2047076615 7.8314770857 39.9090011781
6.0973605490 7.6926719342 40.1405777594
6.3730120873 8.0853613802 40.1114310629
6.9140120593 8.1514140074 32.4468459305
6.6634569988 8.4248031416 40.1833866810
6.0719934446 24.2830231553 17.8185193966
6.1693594204 24.0160585549 16.9371622320
6.2724781248 23.5331478346 17.3103941368
6.2729312873 23.4831175875 18.0902156602
6.1265549148 24.1462824397 18.7169450875
6.2825572438 23.5813424381 18.8488824779
6.0709435957 25.3463473968 14.8668492181
6.2770503547 25.2100044787 14.0489099364
6.3464693140 24.6481119255 14.3762837524
6.2659809771 24.4041389623 15.1555725328
6.0040107999 25.1011191647 15.9150554667
6.2008925257 24.1846463299 16.1295156260
5.9727590299 24.9075671199 17.0140462988
5.9121298884 25.1443649182 17.9604813722
5.9888357109 24.9259426818 18.6831889409
6.2160982083 24.0347472687 19.3125406721
6.1132137458 24.6604905968 19.4066115165
6.2886287830 24.2829091564 19.9180098908
6.2216766988 25.0116819660 20.0816750166
6.4061345773 24.6578362942 20.5090768090
6.0913460893 26.0764086299 14.1176531043
6.3718758329 26.3655752935 13.1995153792
6.4157006233 25.5216815122 13.5030728947
5.8923088152 26.2471465087 14.9812802008
5.8549864433 26.0453231713 15.7558882783
5.8346777835 25.9253692690 16.7376450500
5.8406005121 25.8930978019 17.7203408787
5.9116043099 25.8234495414 18.6254694150
6.0805417784 25.5815467325 19.5285567160
6.2753312484 25.6220570925 20.2578439179
6.4012061439 25.2297759084 20.6143880889
6.0145275355 27.1506831755 13.8147583801
6.2482280967 27.4027645266 12.9301120140
5.8506782776 27.0277794694 14.7452714216
5.7721980882 26.9770286150 15.6628501330
5.7587836601 26.9055719897 16.6041576636
5.7890105872 26.8574430089 17.5697786298
5.8858801061 26.7907308507 18.4968235890
6.0722261855 26.6233154609 19.3614141994
6.3276706054 26.3532671332 20.1423467500
5.8966058086 28.2726516233 13.5338680353
6.1128053939 28.2015837445 12.6987676823
5.7841600974 28.0373036277 14.5818222260
5.7277063419 27.9442074108 15.5654380242
5.7224227440 27.8910601940 16.5311337158
5.7659394195 27.8529224637 17.4796898151
5.8855609297 27.8085241777 18.3931090775
6.1162501022 27.6836430004 19.2472685388
6.4304394800 27.3847897097 20.0210545276
5.8371751364 29.0951319680 12.7164906642
6.0579308513 29.0539885932 11.8882670717
6.1702781948 28.5351581874 12.2005354585
5.6830952014 29.2141357884 13.6535184049
5.6576411585 29.0729335010 14.4791366310
5.6555913234 28.9849641349 15.4992284901
5.6929724500 28.9028001528 16.4923476659
5.7552710503 28.8259821400 17.4134171949
5.8871516284 28.8050760780 18.2811551945
6.1524704612 28.7533076320 19.1075265117
6.5990915059 28.5555657623 19.9055922003
5.8565912433 30.0423405508 10.9640476386
6.1695694563 30.3089838667 10.2168630366
6.2120394356 29.6308535173 10.7211115394
6.1555013375 29.3242711163 11.2368668476
5.7205774017 29.8160872831 11.8335002541
5.4910464674 30.0750268785 12.7254341872
5.5593660572 29.7621633498 13.3571929397
5.4568916373 30.0039936240 14.2334241960
5.4890371153 30.1104899099 15.4167223040
5.6249082955 29.9726552076 16.4845973856
5.7543419783 29.8251077603 17.4224229682
5.8697914628 29.6120355009 18.1249223522
6.1482895049 29.8350490092 18.9147305956
6.5948633742 29.6155237226 19.6132106265
5.9603560367 31.4161112519 9.6953441119
5.3094418821 30.5003558740 13.5147183804
5.4719711157 31.1267598884 16.5260948548
5.7216796231 30.9105320123 17.4809170678
5.9781481258 30.6381420427 18.3824715700
6.3080852839 30.7551212871 19.0940736475
6.5596334852 30.4074936521 19.4452669086
5.8981517154 32.0926688724 9.3745264152
6.3326419210 32.1124344549 8.9325218035
6.1939060482 31.6195152335 9.2900199971
5.3457304736 32.2047191412 16.8672853414
5.6286558741 32.0292249357 17.5812142471
5.9482787567 31.7859290008 18.3656737773
6.3068846020 31.5223729457 19.0138006216
5.6900704901 33.0618750076 9.1640565391
6.2259962183 32.9689690956 8.6262634926
5.4474970698 33.0903082353 17.6258111251
5.8994500917 32.9794066465 18.5199886508
6.2865618639 32.4477588948 19.0466745961
5.9625447754 33.7869588228 8.5092099543
6.4527350006 34.0632239498 7.9571763629
6.5082587934 33.3082677486 8.2364226732
5.6585142386 34.1525463574 18.4292845309
6.3179992899 33.1966315044 19.2044738773
6.1940715963 33.9256016516 19.1590090225
6.7421508118 33.5415642773 19.6052813253
5.7182771761 34.9853653274 8.1708910830
6.4235961005 34.8967983207 7.6011252238
5.6011507734 35.3411855900 18.6406170250
6.0901675674 34.9444591073 19.2225916712
6.7139365509 34.4795805063 19.7100328776
6.0092549575 35.7801612192 7.4997417912
6.5228006944 36.1016011397 6.9905099553
6.6037527093 35.3934235512 7.2533390594
5.5205342546 36.3704450008 18.7593265783
6.0025925663 36.0193147018 19.3385863312
6.6195256305 35.5246015307 19.8298783641
5.6813574941 36.9554434239 7.1231501585
6.4449000488 36.9266144922 6.6201258336
5.4008191179 37.2612955547 18.8528100304
5.8444763127 37.0599523814 19.4085521663
6.5265116991 36.6771328030 19.9972324372
5.8957356314 37.7019632311 6.5170986821
6.1830852233 38.3128850003 6.0334013511
6.4887696203 37.5047203963 6.2857572070
5.5772969974 37.9134748941 19.3613105817
6.1692926616 37.9214497326 19.9855942450
6.1024366328 39.3197504802 5.5322849053
6.1118642956 38.9920825679 20.2302516835
5.8558053599 40.0850546727 5.2084551707
6.2505566960 40.4052942016 4.8860133929
6.4028613050 39.7220925864 5.1763911342
6.1501790356 39.6983978471 20.4294596643
6.0055319778 40.4425638842 20.4532445565
6.6539564472 39.9053035446 20.7502481375
6.4033693041 41.1135028027 4.4716476324
5.8882927186 41.4121986702 20.5507458144
6.6210121164 40.8265908888 20.9008430037
5.9780351487 42.5011124160 3.7938196879
6.6147884970 41.7542552991 4.0742394849
5.7600455252 42.3528313953 20.6681197708
6.5383214242 41.8729639969 21.1192751871
6.1539484430 43.1371294748 3.3933502327
5.6445167083 42.9558438872 20.7409213403
6.1727806285 42.8974747733 21.1959557001
5.9899955702 44.4801988173 2.8131400626
6.2851973553 43.6747943201 3.0950192760
6.3839233076 43.7434376763 21.7743716972
6.0049676370 44.8241401428 22.0614123989
6.6344927645 44.3172446088 22.4159568501
6.1493844919 45.4800623876 2.4191172137
5.5778495769 45.7492384535 22.0729807272
6.6926343122 44.8572866192 22.8840570455
6.1313712668 45.6249456455 22.7620743268
6.6742469170 45.5129683698 23.3766284814
5.8315096876 46.2903484453 2.1546069288
5.9449642524 46.8637018351 1.9551180927
6.6161613137 46.1101616151 2.1332080823
5.7509023061 46.6939783371 22.8574262336
6.3410539259 46.2244832573 23.4775259438
6.0326060687 47.6635032476 1.7597645437
5.5117726385 47.8590190841 23.0107075073
6.1467783729 46.9371047755 23.6895997871
5.9370747808 47.7087661575 23.7955714012
6.2759219886 47.3748317011 24.2048526852
6.1487770798 48.5849175761 1.6062005835
5.3565129098 48.7927262103 23.0968883268
5.7024674969 48.7042449807 23.8351301017
6.2349203254 47.9171165145 24.4892385224
6.0625558748 48.5698505272 24.5354628097
6.3946761704 48.3644854286 25.0035037695
6.2631147848 49.5425875511 1.4706339512
5.4886034471 49.7389705371 23.8326428198
5.9230636425 49.6105552360 24.7594218032
6.3206767765 49.1312471659 25.2749589817
6.4472874732 50.2667461417 1.3280480523
5.3748773326 50.7953927566 24.0462323494
5.7152722168 50.6622881559 24.7605810245
6.2376881768 49.8930613266 25.5096194458
6.0803770961 50.5487315399 25.4728523178
6.4113203004 50.3920868623 25.9507481967
6.0155916388 51.6947215562 1.0424200019
6.2661279622 51.0622419277 1.1602804343
5.5418549519 51.7492720403 24.8061904484
5.9786175200 51.4899419280 25.5766834164
6.3919124832 51.1372161871 26.1298508731
6.3391654229 52.2368954313 0.9342062233
6.5210537150 51.5649994190 0.9920829641
5.4476736499 52.8489602856 25.0166037681
5.9435157709 52.6833568093 25.8217900392
6.3659930569 52.0408381694 26.3343272332
5.5055910873 53.5290350018 1.1905342586
6.3923991369 53.3351639633 0.9982872089
5.6684037527 53.8480428710 25.5986886118
6.5893156251 52.8934075622 26.7680307845
6.2478132671 53.8091672226 26.4340817912
6.8363945127 53.8427385225 27.1067205188
5.8404856314 54.3928850545 1.4444673082
6.9138656440 54.2259700465 1.1587043965
5.6129675343 54.8336679546 25.4911597478
6.0932506653 54.8867545594 26.1730257216
6.6558722727 54.6525061808 26.8471357018
6.6667233639 54.8348384951 1.5418507468
6.2571215612 55.1924595760 1.9361494877
5.9719374652 55.5564271862 2.4117130875
6.7550710698 55.6306228755 2.5473628868
5.8878840038 55.8909095636 25.5090912518
6.3688579860 55.7760310307 26.2886748306
6.5764240516 55.3560475614 26.6558445004
6.2925154669 55.8957785902 3.2147687661
6.2460333271 56.1213661439 4.2309862368
6.2250186581 56.2110717112 5.2182068070
6.2112822313 56.2410998676 6.2244838506
6.2043924870 56.2512257078 7.2438419783
6.2000701305 56.2548227709 8.2685916699
6.1975329839 56.2559318181 9.2971946911
6.1968481630 56.2559199051 10.3284310650
6.1971420426 56.2554951468 11.3609109152
6.1975792394 56.2551715186 12.3935753308
6.1970224997 56.2553324363 13.4256089975
6.1921333318 56.2575303036 14.4553753500
6.1725700080 56.2679110405 15.4769677568
6.1170663004 56.3022976113 16.4752344763
6.0007519859 56.3838498919 17.4265228887
5.8217759062 56.5229150388 18.3168487455
6.6071167902 56.7609835546 19.1138488356
5.7738815772 56.6912477314 24.5943893347
6.2373899385 56.9352524342 25.3747414029
6.6907638939 56.6592143936 26.1689246041
6.4131489651 56.9626723733 19.9423275624
6.2628834271 57.1130933136 20.8148963734
6.1205043759 57.1865462210 21.7626788736
5.9678098077 57.1809451678 22.8589095757
6.1189694973 57.2832284985 23.9376997132
6.7472616545 57.6040713390 23.4914925520
6.2869419077 57.3644659403 24.7623432717
6.5047445374 57.4583882938 25.3004791702
6.6707845914 57.3000983117 25.7337335813
6.7024027225 57.7155839728 24.3164885217
6.7729108132 57.7588837607 25.0037675834
6.9312189985 1.2149494046 32.7581009694
7.1552440860 1.2394537661 32.5794295392
7.4642598962 1.1025692352 32.8862742596
7.7142494752 0.8344918494 33.5503521374
7.4975678878 0.6991066302 34.2493656630
7.3532533602 0.6047883142 35.1871942361
7.2899674076 0.5569601962 36.1827927866
7.2571043980 0.5353974032 37.1808253067
7.2167703881 0.5261816782 38.1516687618
7.1332876746 0.5219310359 39.0296080042
6.9442117152 0.5203580938 39.6902403070
6.5782888373 0.5213705401 39.9898325492
6.9597231941 1.4605891508 32.5461357326
7.1350396728 2.1151342642 32.4252123668
7.1090612072 3.0641011908 32.1384632334
7.4276506512 3.5049118896 31.8347036310
7.7712343064 2.7871191243 32.0151988759
6.8577513214 3.9056299711 32.0727159801
7.4050789777 4.3830891369 31.4847045816
6.6893071348 5.1616572930 31.9640953306
7.1880345806 5.2800680556 31.2508480873
6.9677217490 6.0950258324 31.2033619321
7.3324476476 6.2377721343 30.5877451346
7.3538319313 5.6981956283 30.8145159794
6.5421058668 6.2757221957 31.9115990464
6.3009355550 5.8701211392 32.5044222005
7.1505246704 6.9941772064 30.6492642203
7.5911412961 7.2840134444 29.9323751432
7.5761952818 6.5575332467 30.1659087944
6.7153045639 6.9349785787 31.4110345062
7.2189648033 7.2584847882 35.1325822231
6.9182044350 7.2764339509 34.5338919861
7.6246378598 7.4303947760 35.7491137827
7.3694753872 8.7084924173 17.0429269535
7.5416747670 8.6291703123 16.4808960991
7.5184376201 8.3102979623 16.8396461253
7.4918173438 8.2941830555 17.1565055263
7.2765432290 7.9643863526 30.4305789049
7.5921617636 8.1835799758 29.7631262822
6.9184502617 7.7368132948 31.1441983550
6.9108520357 7.9909465393 32.9606002562
7.2291490726 7.9499521787 33.3084050806
7.3442011744 7.6283997003 33.8990322810
7.0888023870 7.6725768651 36.5451902553
7.0708380422 8.0125487546 37.2411832231
7.6641833923 8.1002376702 36.9836801222
6.8607234173 8.1204938098 37.9358068957
6.7372515666 8.2288423412 38.8642608883
6.6266168341 8.3027372676 39.7589196052
7.5979161933 9.5800996755 2.4787503708
7.9735194006 9.5974399926 1.9968885583
7.8096861782 9.1322802083 2.1971872190
7.6774709732 9.1336310349 2.7686626260
7.5637721116 9.6400108067 2.9821299243
7.6812272776 9.3890082713 3.3725107878
7.3362791016 9.1429202990 16.8976866060
7.4134420754 9.3487917596 16.4879423754
7.3688855749 8.6709358669 17.5091882671
7.2607514626 9.3973962978 17.6431607776
7.3774221128 8.9019315908 18.1346593510
7.2709629681 9.5855663430 18.4621516510
7.3950381092 9.2589145032 18.8310037838
7.4222184449 8.6969154825 30.2860999754
7.3207901946 8.7322859282 31.0677211200
7.5285458778 9.2966690981 30.5049886988
7.5929756266 8.7799314695 32.0725453008
7.7799433283 9.4102351126 31.5210216401
7.4512848635 8.3010361608 32.8310588778
7.3962643810 8.3274415341 37.5919138480
7.4347710543 8.6454835039 38.3648328068
7.2142881511 8.7774338765 39.3331706207
7.1288883207 8.8792757839 40.0174069470
7.2296226310 9.0528113905 40.3120330547
7.5315246195 9.3139724437 40.2144238570
7.6786025143 9.9449501262 2.3607267742
8.0073461440 10.1127195404 2.2339349043
7.6159678658 10.0251972577 2.7992346231
7.7861348590 10.0918960941 3.5749613116
7.2921638377 9.7353834632 17.0460148094
7.2124141876 10.1383755584 17.6578372491
7.1714287210 10.4730553763 18.5622652707
7.1600855225 10.8246900241 17.8288187061
7.3113957234 9.9933741126 19.1678565159
7.6587713138 9.5646693597 30.9639770883
7.7021888756 9.5057310613 40.3658744867
7.8228545145 10.2683152399 2.5610525292
7.9406256349 10.4771185310 3.0263540359
7.0979825454 11.9896698408 14.7358635963
7.2356536727 11.7815821343 13.8242176113
7.3215300063 11.2349597349 14.1824535551
7.2893394619 11.1186166441 15.0128328688
7.0998725676 11.7979374291 15.7165357031
7.2569639684 11.1507634249 15.7944383497
7.0192123973 11.6986785855 18.6152639897
7.0926367564 11.4801921140 17.7198670156
7.2310426793 10.7354291224 19.4866011258
7.1062768032 11.5562525359 19.6494023834
7.2576654052 11.1908557125 20.0792587158
7.3071198811 11.7495797880 28.1848031462
7.3780617627 11.8416143282 27.4976212758
7.4270518000 11.1966882684 27.7182342096
7.4312538814 11.1004416818 28.3602884316
7.3504433805 11.6756487596 28.7126272350
7.4952730755 11.2715460339 28.9928821379
7.0552274387 12.7453287570 13.8853344610
7.2364701784 12.6387104375 12.9107853805
7.2885189344 12.0246010101 13.1834652832
6.9150793993 12.8754932859 14.9063643190
6.9233951929 12.6556161415 15.7041999988
7.1447453457 11.5879142368 16.3429343597
6.9648725510 12.4139885728 16.7148712967
7.1137828952 11.6231429437 17.0478890897
6.9405493255 12.3969306679 17.9181499163
6.8751573205 12.7174202093 18.9278564824
6.9340161814 12.5762646568 19.7033690077
7.2082681516 11.7706649897 20.4534274342
7.0743400856 12.5524546602 20.6679255295
7.2518318371 12.1770085238 21.0473214822
7.2800381433 12.4385695370 28.0593626255
7.3791808309 12.6690422305 27.4645284116
7.3132684331 12.2881699722 28.6610557154
7.4944137561 11.9721620008 29.2089366987
7.1093736344 13.5438495354 13.0820338652
7.3116588258 13.7985485820 12.1959396923
7.3233247925 12.9772465186 12.3307885229
6.9235586275 13.7689383864 13.9583211532
6.8494826648 13.6363311985 14.7256684466
6.8082458290 13.5780819016 15.6536085276
6.8137207374 13.4876245659 16.6341970129
6.8183435430 13.4420284798 17.6923861539
6.8030357547 13.4915426949 18.7444252015
6.8131090461 13.5301008498 19.7204211899
6.8956377620 13.5230832165 20.6865337129
7.2000724871 12.7705139059 21.4589455397
7.0589188226 13.5457887461 21.6848635829
7.2454211050 13.1724881660 22.0587416497
7.3234411941 13.0405075169 28.0077424416
7.4313678740 13.3754629054 27.6954059668
7.3387556350 12.9817050273 28.5288071382
7.5097302165 12.8293181422 29.1469588997
7.1392763720 14.4904969213 12.8698988382
7.3133106011 14.5998809961 12.2563829042
6.9528453298 14.5317839176 13.7092267529
6.8220647692 14.5580026601 14.6260030142
6.7639577262 14.5236902782 15.5768083313
6.7475520629 14.4920851567 16.5738485250
6.7480558443 14.4686873836 17.6012779670
6.7470464069 14.4692227466 18.6407170302
6.7503301960 14.4846762534 19.6654579758
6.7851333582 14.4962008551 20.6768826174
6.8800527799 14.5091083222 21.6936267173
7.1887091890 13.7546240916 22.4789294553
7.0446855046 14.5175813666 22.7125963168
7.2285030085 14.1131484856 23.0661806229
7.4538691915 13.6084408350 28.3243776244
7.5356447537 13.5010789109 28.9256931806
7.2188454879 15.1073312504 12.7244449091
7.0494107882 15.4428996448 13.4727699671
7.2245602779 15.6807015283 12.9200557607
6.8608982482 15.5316774705 14.4950679590
6.7628718913 15.5196375318 15.5187407571
6.7288059366 15.5026692458 16.5378974794
6.7213822608 15.4923643884 17.5651123097
6.7209340880 15.4886031991 18.5979615774
6.7227861875 15.4901000602 19.6291983939
6.7357641176 15.4922515722 20.6543014878
6.7798729160 15.4926323869 21.6761101380
6.8773121472 15.4858165791 22.6980078741
7.1720513981 14.6708866225 23.5234250360
7.0332415658 15.4650471950 23.7326225106
7.2411211654 14.9982860656 24.2674542033
7.1557520669 15.7762466438 24.6915344209
7.3156050494 15.3484724241 24.9929461967
7.1308606104 16.1791410613 13.4090424887
6.9456258848 16.6885277681 14.3128571440
7.1409226069 16.7943677773 13.5179181846
6.7874542958 16.5669210241 15.4710980383
6.7311659583 16.5316397268 16.5183657059
6.7155915968 16.5209154677 17.5519978088
6.7129719953 16.5175111903 18.5842049815
6.7142993924 16.5152724960 19.6147733895
6.7211332514 16.5091137221 20.6392600923
6.7433871584 16.4931391495 21.6501535522
6.8005976501 16.4661336585 22.6460830159
6.9087307119 16.4089247780 23.6183650247
7.0295459181 16.3056583094 24.3906330572
7.2824645833 15.9193113076 25.3180481454
7.1886988677 16.5644629961 25.1674717932
7.3704679087 16.3408898428 25.7524318292
7.0720866035 17.6536270121 13.9001731681
7.3220358142 17.9318285406 13.1235301014
7.2690698035 17.1617285478 13.1342600416
6.8854452437 17.8383688015 14.7782371298
6.7967939459 17.6405937474 15.5215881927
6.7372891617 17.5736172503 16.5195136216
6.7162908718 17.5542215020 17.5486620238
6.7117532735 17.5490122079 18.5803736627
6.7132995466 17.5455933190 19.6097262325
6.7212927946 17.5356473249 20.6319593981
6.7422776467 17.5044714007 21.6336061198
6.7860778620 17.4378844876 22.5844879103
6.8827324904 17.3823185097 23.5198142019
7.0543975648 17.2323810581 24.5220624642
7.2663154672 17.3382968428 25.3504721490
7.3785058596 16.9520753215 25.7922679980
7.1449846197 18.6158160600 13.8373963008
7.3670853402 18.7216738990 13.2354438134
6.9404924785 18.6480079292 14.6579005640
6.8039885918 18.6564831851 15.5708800810
6.7406621232 18.6105974638 16.5330536612
6.7169426090 18.5887376733 17.5502221928
6.7117286085 18.5811202018 18.5792807547
6.7142638350 18.5758148199 19.6059833175
6.7260261002 18.5648605136 20.6237840336
6.7573880166 18.5306714559 21.6236803743
6.8171413177 18.4283449508 22.5766524964
6.8835859818 18.2053760775 23.3253811280
7.0698987887 18.3631094196 24.2151350361
7.2925427545 18.0876401826 25.0998784825
7.2580342040 19.2366176204 13.7212086783
7.0536269994 19.5763412863 14.4673577598
7.2708677501 19.8270503045 13.9155084341
6.8476218541 19.6565351420 15.4847890716
6.7472248150 19.6384774678 16.5176651812
6.7137335253 19.6219822445 17.5472927774
6.7088270676 19.6135456428 18.5781777991
6.7146953208 19.6047378249 19.6022924403
6.7311778831 19.5875568252 20.6091887826
6.7745772524 19.5590351874 21.5935291272
6.8700177016 19.4814327640 22.5629824826
7.0240827811 19.2302891623 23.5589535701
7.2492561342 19.2802247076 24.3853013482
7.3374649260 18.8620611348 24.8523552312
7.1454989666 20.3368168949 14.3944235134
6.9082048882 20.8270280789 15.2648588812
7.1325996066 20.9839552138 14.4590582550
6.7473163897 20.6853451652 16.4514909420
6.6941320935 20.6575879533 17.5243813883
6.6913878881 20.6477367692 18.5718255652
6.7079535583 20.6356768803 19.5989024766
6.7363116127 20.6060155380 20.5986534690
6.7872736859 20.5487278255 21.5403055333
6.9051699007 20.5219891670 22.4525045051
7.1321947821 20.4320437562 23.3827326877
7.3981305094 20.1399499173 24.2371663528
6.9590686821 21.9084469929 14.7137329519
7.2349314156 21.9676797037 13.9208090720
7.2726659079 21.3845024754 14.0437052603
6.7637281244 21.8966513310 15.6485055984
6.6908523322 21.6979972469 16.4021471621
6.6250716147 21.6916705942 17.4582503336
6.6285912139 21.6860777917 18.5467964529
6.6718879178 21.6707943852 19.5868469415
6.7308638573 21.6384580606 20.5921187779
6.8123574982 21.5426685054 21.5387634614
6.9064010702 21.3450006131 22.2739147539
7.1732723413 21.5864980574 23.1436456937
7.6675216162 21.4124851624 24.1342860565
7.0267755739 22.7506175421 13.9881771557
7.4388072749 22.7824564058 13.1930126513
7.3213522804 22.2683759680 13.5828821282
6.7397506522 22.9148882849 14.7945048074
6.6589092562 22.6546034845 15.5426969711
6.6059325666 22.4402018987 16.2613973649
6.4820253662 22.6906946132 17.2246753561
6.4683674331 22.7598965329 18.4840058503
6.5671759121 22.6915966024 19.5440598855
6.6812987857 22.6940353919 20.5547649780
6.8267272641 22.5984906828 21.5328595362
7.0277690509 22.3765887778 22.5010548451
7.3185605327 22.5417345373 23.2750072247
7.5343533722 22.2541938151 23.7221487966
7.0091832403 23.6641561808 13.4552131241
7.3737628772 23.6145020669 12.8929541674
6.6230489942 23.7818296493 14.3728842159
6.4760219430 23.5256773753 15.3959744336
6.4088138127 23.2824146544 16.4102510559
6.3872166985 23.5244470139 19.4664373690
6.5366688880 23.7923282267 20.4291997564
6.7934561801 23.6975129004 21.4340456176
7.0489624483 23.4931094557 22.3455942593
7.3494801104 23.3046052789 23.1149008698
7.1456900386 24.3579506753 12.8835236261
7.5892360906 24.7163767038 12.2917647472
7.6167673347 23.9472018349 12.5232804367
6.6380374430 24.6506475818 13.5941447417
6.7265803250 24.9389247624 21.2363466767
7.0910350875 24.5300434354 22.2165210706
7.4138621357 24.2321775906 22.9864223715
6.8809801572 25.4628814779 12.7715880497
7.4817702167 25.8895602973 11.8770062578
6.5581314141 25.8725148155 20.7719466542
7.0268068892 26.0961384720 21.4184235290
7.2775384078 25.5023242351 22.1224188027
7.5399186843 25.0816721097 22.8507824639
6.7614586157 26.7870651110 12.2779190742
7.2000421200 26.8992528669 11.6052334536
6.8308626228 26.9088160136 20.7891888959
7.3361763325 26.8597192967 21.4086625872
7.6966845553 26.3874905496 22.0099743756
7.8807180567 25.7614928261 22.7251136172
6.8543631639 27.7307871600 11.4877192341
7.2662981387 27.8058951331 10.8826258952
7.2508454474 27.3086526613 11.2735770141
6.4219785112 27.8517959312 12.1855282318
6.9491252543 27.9780594019 20.5223449830
7.5037456186 27.6446078470 21.0970335350
6.7319782275 28.8991058469 10.6753713396
7.3783784858 28.7250439580 10.0415664826
7.2833872409 28.3110769584 10.4607372964
6.3996811186 28.5598256537 11.5906578757
7.1444568963 28.7274927878 20.4079740749
7.4838021004 28.3844893778 20.7485323685
6.9883576221 29.6646740871 9.7628198107
7.5207458803 29.9154676657 9.1340743208
7.6016896038 29.1688693578 9.5168601151
7.7516409236 29.0212570069 20.5623751166
7.1765137829 29.4197529700 20.1432402300
6.6845567090 30.9198426892 9.2566330624
7.4942838408 30.7271300209 8.6954092061
6.7308008768 31.1712949271 19.4953419866
7.2112309697 30.4433364794 19.8784296291
7.0451941067 31.5949721566 8.5917855153
7.5248997521 31.9544067742 8.1073628522
7.6484077140 31.2264780436 8.3389751859
6.7648084961 32.0867178838 19.4834513703
7.4098569252 31.5502237740 19.8317175315
6.7861496871 32.5255794385 8.3634128391
7.2669587491 33.1054519139 7.7906806877
6.6594376589 32.8462643511 19.4742807220
7.3606265108 32.7063818461 19.8242856500
7.0213982172 34.1923374784 7.4960180992
7.4679888102 33.8033740945 19.9956392237
6.9314206800 34.8521522940 7.2792396708
7.2997716491 35.2436069411 6.9362817130
7.4629695151 34.4578572281 7.1377544972
7.4516787212 34.8892842678 20.2031689077
7.2862362014 36.1991412117 6.5733284994
7.1725292405 35.9303250061 20.3022628307
6.9680467925 36.9862710165 6.3321804860
7.0816008065 37.5320481607 6.0454112082
7.6602319211 36.7441493181 6.2147368239
7.1480332203 36.6465831871 20.4447428544
6.9349569535 37.4229572247 20.4436479477
7.6275816738 36.8903279928 20.6987507265
7.1812675417 38.3720964383 5.6345181137
6.7528154657 38.4257665898 20.5207712615
7.5355172052 37.8373677226 20.7738257023
6.8622710084 39.1871113730 5.3044429009
7.0308828550 39.6818851445 5.0197379424
7.6592701575 38.9418094972 5.2474200740
6.5725686789 39.2323221253 20.5954286615
7.3500574514 38.9879263885 20.8582396184
7.1559820010 40.3628226741 4.6800935413
7.4477677951 40.0605254951 21.0647571548
7.2484068508 41.0527898208 4.3227622117
7.4338287821 41.0804962225 21.3238697959
7.0985558504 42.3975441206 3.6383080984
7.3654967163 41.5929050858 4.0202089802
7.2288488807 41.8358172225 21.5219193000
6.9146920396 42.4837122905 21.5919403737
7.6572990491 42.1295783327 21.8519419580
6.8159292773 43.1936145663 3.2475953161
6.9493005160 43.7647017343 2.9731549711
7.6106978593 43.0670269275 3.2320319219
6.6839777267 43.0511666929 21.6739574024
7.3956908688 42.9760285158 22.1291517061
7.0719217830 44.5328267044 2.6686728733
7.3581334325 43.8172307261 22.6532737567
6.9635475648 44.3496223279 22.7741668911
7.3461484194 44.4318805030 23.1679125658
7.3103547147 45.3045046449 2.3723206626
7.4236632690 45.0399525755 23.7431500155
7.0073575801 45.9375297193 24.1226706362
7.5897917032 45.5017982872 24.3746071518
6.8550254716 46.8230168963 1.8937736406
7.5954398012 46.0247807447 2.1032707446
6.5525422957 46.7798049081 24.2024776886
7.6401404487 45.9682717678 24.8458968214
7.1124120032 46.7202014840 24.9150372952
7.5859404389 46.4722183804 25.2782659445
7.0313984352 47.6519334193 1.6991713399
6.6308843611 47.6009717652 24.8816494788
7.4581973340 46.8972046416 25.4774141266
7.2080783098 47.4982018488 25.5471365894
7.7892010000 47.1726312386 25.8868575247
7.1558331426 48.5676136773 1.5438441912
6.8855497444 48.5866784773 25.7492836187
7.6489028405 48.0004225430 26.2141539370
7.2205253730 49.4917821646 1.3839813559
6.6178573242 49.6993642689 25.9452437091
7.4332092517 48.7737775846 26.4185394568
7.1833633120 49.5020799073 26.4443001368
7.8274328723 49.1511144084 26.7963709309
7.1739058806 50.4073967156 1.1840535711
6.9177182626 50.5529479306 26.5186726551
7.7208797398 50.0870970642 26.9508081059
6.9112878069 51.1222650122 1.0392499706
7.2635593866 51.5491398745 0.8829385070
7.4708728257 50.8561904019 1.0053165524
6.8157974073 51.6161983852 26.7311547841
7.5828314133 51.2321244557 27.1781898188
7.3195884133 52.4905619865 0.7926217092
6.6958647363 52.2438102382 26.7951851377
7.1634256647 52.2967129365 27.2017761857
7.5256646053 53.4305410138 0.8442589988
7.1822306116 53.1933908870 27.3859509011
7.3252258982 53.8567259899 27.5171599323
7.8111497568 53.4443019827 27.7432546498
7.9054908353 54.2271519909 1.0500730523
7.7055452478 54.1335229812 27.6715296813
7.3535887643 54.5670457024 27.3615423511
7.4539019617 54.8349060064 1.4696683594
7.1013817697 55.2849459354 1.9763457564
7.7139853153 55.6588383998 2.6217857551
6.8752632374 56.0252429280 26.6764601897
7.1647487250 55.3932169346 27.0278278302
7.4434294750 55.9267765525 3.3463156137
7.2841428419 56.1105330052 4.2136576124
7.2427466972 56.2098454594 5.1944440145
7.2324229413 56.2457905592 6.2068380867
7.2290490864 56.2556309126 7.2317567561
7.2275304150 56.2579804624 8.2609350425
7.2266347135 56.2584816282 9.2915480962
7.2261953908 56.2584386600 10.3229750502
7.2260587338 56.2582323691 11.3549449164
7.2259352940 56.2581239029 12.3871764300
7.2250580181 56.2586190921 13.4191130781
7.2199968982 56.2617552217 14.4486618019
7.1998400200 56.2744768113 15.4687642586
7.1419985227 56.3132278826 16.4628815031
7.0197062109 56.4025125892 17.4065783572
6.8283433850 56.5576449920 18.2844937540
7.6255326523 56.7761969002 19.0975213792
7.1209277838 56.5313952512 26.6571384248
7.6450933093 56.2839011621 26.9693385359
7.4153850124 56.9946020606 19.9123937346
7.2416253524 57.1806375498 20.7605199578
7.0727317420 57.3315370611 21.6492654471
6.8859792920 57.4658445000 22.5721844269
7.6153655939 57.7610932445 23.2796480100
6.8819144411 57.6681069980 25.5328025935
7.3286020014 57.5349325757 26.1267955016
7.4680425873 56.9877639261 26.6275233215
7.3883509597 57.9284294486 24.0604247483
7.2016017205 57.9761599060 24.6901630263
7.3843406331 57.9707002002 25.3635494564
7.3186037646 1.4209260481 32.5348980123
7.9275810517 1.4700185076 32.6635307078
8.4949904176 0.9933533814 33.3488048563
8.4427633401 0.6925435874 34.2359105577
8.3440528201 0.5827800549 35.1570552997
8.2871999625 0.5428324916 36.1478612272
8.2609604704 0.5303999906 37.1554449215
8.2336282969 0.5274321042 38.1371376944
8.1601173591 0.5257382746 39.0225582514
7.9747617632 0.5229833874 39.6869595979
7.6070117516 0.5207579003 39.9858104423
8.2761228192 2.0516153395 32.3399805053
8.1491278185 3.5184720256 31.5220137117
8.6824884074 2.6752029061 31.9365723059
8.0807343777 4.3629355331 30.9644633424
8.5738639555 4.4655392908 30.5917555515
8.7637785151 3.9009068125 31.0016205001
8.1754893937 5.0002365345 30.4427117926
8.3849639851 5.5293746800 29.9723791934
8.8184050879 4.9229697102 30.1526517100
7.6341935321 5.0737989049 30.8557772421
8.1341758484 6.7887979192 19.0670448072
8.4272765199 6.4352556100 18.2666417648
8.4604198251 6.1787224580 18.8567250203
8.4869401576 6.0819415764 19.4797773333
8.1558004320 6.7003182521 20.0785368656
8.5082311996 6.0539207131 20.4134995616
8.2118294084 6.6785765373 20.9808892669
8.5038010588 6.1656730870 21.1629229971
7.7783184212 5.7870202285 30.3092482163
8.2042635729 6.4471598587 29.5894613038
7.8588554048 7.7624531197 16.8817697451
8.3387446382 7.3172313854 16.1016333313
8.3364652462 7.0753746222 16.6962487792
8.3650153073 6.8352490956 17.3368151474
7.9411936364 7.3988583590 18.1170736762
7.8343427882 7.6668491229 19.0780805701
7.9025476283 7.5180768444 19.8970828749
7.9658165439 7.4548447347 20.8675507364
8.3362974653 6.6073428006 21.6379735125
8.0927387542 7.3769694042 21.9061500908
8.4161914901 6.8324372079 22.3965476531
8.2029783007 7.5647771351 22.9898040206
8.4992831952 7.0549594039 23.1594626310
7.9780989071 7.5014725477 29.2640008227
8.2147531928 7.3210588631 35.0897877347
7.7856817932 7.4219254597 34.5156944380
8.5702279559 7.4074812785 35.7090633987
8.4092057242 8.2698815902 1.6884778348
8.7986204941 8.3125689189 1.3052716185
8.7579684722 7.8875041393 1.5035948647
8.5480286186 7.8298923386 2.0395704847
8.0668009029 8.5185017687 2.3303315206
8.3866915323 7.8774051269 2.8919753658
7.9516348496 8.6751368039 3.4063385329
8.3895153938 7.9034835482 3.9010598922
8.0986184129 8.6387852265 4.5466438995
8.5223059990 7.8979245332 4.9916488778
8.2276449250 8.6340738928 5.6467172507
8.7370118207 7.8865533179 6.2001145202
8.2985822493 8.6832290879 6.6506543814
8.5919960987 8.2287801952 6.9931789888
8.1396522579 8.7701846238 11.8319448182
8.4245824611 8.3896366228 11.0642673087
8.4289023337 8.1646162235 11.6492918411
8.4313515096 8.0471768211 12.2727915082
8.0924601387 8.6542016159 12.8492756485
8.4143103039 7.9281601401 13.2408077136
8.0525874007 8.5703087632 13.8590697336
8.3893975501 7.8109272033 14.2354702203
7.9965515800 8.4297184264 14.8784015133
8.3576223676 7.6151648809 15.1946369379
7.9281725393 8.1348085010 15.8405696984
7.5725160309 8.2090245447 17.7236305353
7.6019419063 8.4442192226 18.7393962096
7.7088464146 8.4392504378 19.7834394226
7.7934863990 8.3772885889 20.7661220888
7.8662306716 8.3454422258 21.7899735486
7.9575391595 8.3588735679 22.8617090581
8.3989275989 7.5279055866 23.7244958109
8.1302371722 8.3178170039 24.0119127495
8.6241232840 7.6879373861 24.7224082087
8.2027099686 8.5100648450 25.1519969743
8.4594953001 8.1164554598 25.4851709200
8.1406753096 8.7193203723 27.0971627088
8.2626365285 8.5128293290 26.2962261372
8.5471183917 8.0701278500 26.5889035415
8.5863301924 7.8297883550 27.5435535329
8.0617716817 8.5650387732 28.1708107831
8.2983047040 7.7132482718 28.5119387494
7.8676295794 8.4087971140 29.0541394254
8.2650376704 7.6956184067 33.9726143653
7.9212436832 8.0540877287 33.3977890847
8.0324417323 7.7314597366 36.3238853829
8.4406671598 8.1092500937 36.8535988229
8.2758587601 8.8787894747 1.6805336497
8.9741064272 8.8846803880 1.2695279229
7.8543872115 9.4867030178 4.1871133043
7.9937194630 9.4363587395 5.2827984346
8.0563915802 9.4574130855 6.3892049121
8.3774294302 8.6518588936 7.3651347020
8.1131234870 9.3937934600 7.5300266950
8.3812263270 8.8017133990 8.1357100834
8.0976940273 9.5375350705 8.7079474571
8.4035626027 8.8126165538 9.1159953255
8.0894781396 9.5063844922 9.7733733394
8.4119176642 8.6775798601 10.1215594004
8.0594834519 9.3472789740 10.9030055703
7.8950205422 9.5953143048 11.7963684381
7.8704752712 9.4323014779 12.5594656267
7.8147123896 9.3876314522 13.5097510148
7.7381170132 9.3588899289 14.5796426827
7.6232350299 9.1797008626 15.7150974446
7.5151175941 9.4728756682 19.6997379608
7.6685644343 9.3776355730 20.7245609713
7.7506033112 9.3352453894 21.7315347692
7.8050270831 9.3229226378 22.7698669549
7.8672965010 9.3099603907 23.8430514950
7.9294028057 9.2892371690 24.9431367738
8.2557521000 8.4914653548 25.7840806041
7.9957977106 9.1539967011 26.0991971838
7.8442405981 9.5409063959 27.0926957928
7.8249423010 9.4754385565 27.9456497353
7.7704743497 9.3434651238 28.8842549357
7.6431773652 9.1798138038 29.7816481121
7.9931876388 9.3442647307 31.9197705343
8.4325157804 9.2821770752 32.2175264266
8.3913655171 8.5795288191 32.8044237272
8.0833176833 8.5895967564 37.5984914633
8.0840412049 9.0591460008 38.3110174974
8.7585760929 9.1251319146 38.0427775533
7.8222548673 9.1938866528 38.9920237163
7.6484177579 9.2877248858 39.7476003712
8.5484768635 9.3980149302 1.5783779225
8.6622336320 9.9802483260 1.9486822967
7.8984184748 10.1142948602 4.2762283875
7.9929335754 10.1645196971 4.9501993065
8.0413842283 10.3858547050 6.1117096669
7.9772125705 10.3654088912 7.2932516257
7.9293538453 10.3829922360 8.4113613491
7.8959157647 10.3832558150 9.4842319268
7.8616577062 10.3171458196 10.5143770433
7.7976306977 10.2673450383 11.4722775216
7.7194378515 10.2311127285 12.3603664039
7.6799129621 10.0840202739 13.1440598293
7.5385599404 10.3526054208 14.1520037873
7.4490844508 10.3145755975 15.4495242234
7.3709477480 10.1107203293 16.4863341004
7.2578188380 10.3358296714 17.2318961098
7.3780977365 10.5252100458 19.9982583618
7.5461751809 10.4103489512 20.7785206077
7.6692958618 10.3582239359 21.7322349773
7.7318252062 10.3347836379 22.7378680658
7.7608951115 10.3145261000 23.7714638079
7.7718630763 10.2661978811 24.8179709134
7.7654707649 10.1573805028 25.8557273940
7.7428504149 10.0389650148 26.7017177839
7.6178086097 10.3783817316 27.6413883628
7.6356905823 10.4004853123 28.7555152148
7.7080353497 10.0679155049 29.5439377423
7.8167563577 10.1725404119 30.4405647689
8.0607704372 10.0755789879 31.2367624008
8.3299745661 9.8119203462 31.7811274519
8.4182968963 9.4983210299 38.7151061015
8.2337079742 9.6717412681 39.4466266307
8.0479558356 9.7259083964 40.1195348871
8.0680688479 9.8149281958 40.3559620809
8.4226105380 10.5474201823 2.6361110425
8.3243673702 10.8407765579 3.1638182402
8.6743002892 10.9538508050 3.1199415290
8.1869801171 10.7761760827 3.6405209051
8.1559374170 10.6860726145 4.4423209467
8.2398122357 10.9112041662 5.4862334568
8.2030360850 11.1678844478 6.3136660692
8.0647414976 11.3295319553 7.1726583633
8.2729421308 11.6769440536 6.7365967941
7.9050391107 11.3484988307 8.2722003492
7.8120792026 11.3183880919 9.3316105138
7.7557531783 11.2290792519 10.3210726204
7.6911053871 11.1300286218 11.2734358935
7.6347387262 10.9476164271 12.0881176882
7.4856442977 11.0711043239 13.1468361199
7.2768176327 10.9548321516 16.3895535095
7.2275788144 10.8917162655 17.1317223802
7.3828036955 11.4038120988 20.8417813217
7.5592260054 11.3823595412 21.7726470354
7.6677872271 11.3628082422 22.7476868158
7.7125251060 11.3436102404 23.7559883794
7.7093992042 11.2951908323 24.7775419539
7.6611908161 11.1760590042 25.7925029527
7.5724274058 10.9753862572 26.8448759645
7.7658806268 11.1977606783 29.7500837518
8.1043294577 11.1198081058 30.5661666256
8.2319493900 10.7122651547 30.9976329878
8.6805978878 11.1160961921 3.6075971884
8.2070346070 12.0896599567 7.3052857964
8.0094357044 12.4061884564 8.2030592888
8.2919557749 12.8630798732 7.5933178376
7.8124867601 12.3287356106 9.2889096345
7.7000428141 12.1876072366 10.2907431505
7.6326127110 11.9172856201 11.0918846198
7.4779261934 11.9672800480 12.1772809070
7.3842689893 12.3837959003 21.8236382227
7.5550988561 12.3791562623 22.7803829776
7.6515986097 12.3762218653 23.7667933232
7.6787756669 12.3485269152 24.7770645208
7.6344914392 12.2500301224 25.7851221321
7.5193630201 12.0303664957 26.7050653772
7.8313560172 12.4628970196 29.7861509338
8.2178082473 11.9774745104 30.4449349513
8.0857757641 13.5588045831 8.4724186064
8.4160286855 13.8023076521 7.8030956439
7.8577700716 13.3993259896 9.3309393976
7.6866630044 13.2614648875 10.3381742495
7.5232481390 12.9286367219 11.3974044336
7.3722960531 13.3519067819 22.8209735234
7.5273975171 13.3738069937 23.7753283918
7.6165389129 13.4062510312 24.7819672984
7.6358260075 13.3504678780 25.8041413332
7.5460789636 13.1999387451 26.8696511837
7.8806828306 13.5728430661 29.6144216660
8.3180122325 13.0538162742 30.3455973717
8.1847822342 14.4885122653 8.5682940799
8.4825036719 14.5640169151 8.0119215624
7.9319501073 14.4523625337 9.3820639457
7.7299008183 14.3640331839 10.3359964240
7.5154539522 14.2476578064 11.4154050873
7.3470524694 14.1805083773 23.7181518252
7.4600598038 14.4797388692 24.7452230249
7.5965963707 14.4466107113 25.7827573875
7.6410876279 14.3571802044 26.8014672854
7.6145794923 14.2171544792 27.8442610759
7.7578378577 14.3087262384 28.9210177253
8.0940274119 14.5079163324 29.6891029071
8.3974680028 14.0929967763 30.2398833001
8.3454095536 15.1119101067 8.5101259436
8.0888087347 15.4790027111 9.3276374501
8.4915627933 15.8466127951 8.7345233788
7.8117363725 15.4111571940 10.3166890646
7.6171671810 15.3206282765 11.2560330171
7.3992632246 15.3529969186 12.1935508611
7.4713030306 15.5370553970 25.7275991588
7.6581785404 15.4764269987 26.7114461775
7.7694517494 15.3169586987 27.6957343571
7.8465917094 15.1103123759 28.5082192960
8.1508333088 15.3514029857 29.3419806973
8.4787292043 15.0237044975 30.0936292623
8.2492644200 16.5553289007 9.5453257309
8.8200052954 16.7088481045 8.9621482490
7.9189271768 16.4365047701 10.3495516373
7.6911008822 16.3123199011 11.2605516418
7.5198872235 16.1056613983 11.9765676756
7.3208980321 16.3425670082 12.7937929093
7.6202652417 16.6952196737 26.4940191132
7.8613030113 16.3890203275 27.5349243916
8.0885589714 16.1360088973 28.5452951646
8.5027293663 16.2839655908 29.3796776183
8.5613605505 15.7541415427 29.8977837596
8.4627962779 17.3507051660 9.6752337757
8.9330419212 17.4021781512 9.3534860773
8.0999577043 17.3734042246 10.3777728749
7.8040208449 17.3458888643 11.3109743524
7.5101552248 17.0949575039 12.2929504384
7.5669635059 17.7677437461 25.9502440122
7.8685922963 17.7124929874 26.7528272176
7.9406310166 17.2536699963 27.3142117151
8.2471041800 17.2229799209 28.1074919428
8.4897760948 16.8861309298 28.8576120296
8.7412427052 17.8281846793 9.7742039785
8.4193768203 18.0094565558 10.2916278125
8.9485646767 18.3147010472 10.1932779877
8.1176436573 18.3340649737 11.2158105500
7.6565907746 18.3400788590 12.3582915482
7.6383262112 18.8103998056 25.4966999380
8.1014740411 18.6621757932 26.3739150442
8.2969260880 18.0453919338 27.3729785401
8.6110822186 17.8888248885 28.0624814924
8.7504475439 17.4824109524 28.6263283318
8.5907920092 18.5884454326 10.7508066890
8.5122958431 19.0893661751 11.3655558305
8.0688221394 19.3343509974 12.1356535996
8.4474578733 19.5370307085 11.7896375810
7.5472624197 19.4828192984 13.1568053293
7.5859167461 19.6103166156 24.9302969960
8.1374018190 19.7384282348 25.6073777764
8.6676872929 19.5018179728 26.2337806319
8.8225187277 18.8458370027 26.9635621135
8.8270817064 18.3264362070 27.6740701257
8.4771932474 20.0624782061 12.1251414862
7.8985296170 20.3316551914 12.8630989584
8.2985271729 20.9149419860 12.5801049031
7.4114163840 20.5532425787 13.7572004339
7.9652050575 20.6480166514 24.8757053696
8.5887752329 20.6240616580 25.3973379131
8.7033009989 20.1153140253 25.8024973569
7.6671812021 21.5748591083 13.2689398551
8.2450823641 21.6101255787 12.6636059393
8.0978178842 21.3999434808 24.6801221232
8.5611926967 21.3780377871 24.9929868810
8.0232129664 22.3068032777 12.7260834469
8.5306969461 22.6246096634 12.3085121109
8.5540530913 21.9190726173 12.4142811629
7.6791045408 23.0418392464 23.7107675560
7.9943942233 22.5579340266 24.1802595838
8.3410459446 22.0222483361 24.6089915491
7.8504870613 23.1930248269 12.5978263861
8.3227660319 23.7198835661 12.1389991884
7.8039848262 23.9256598486 23.6160867417
8.2182725880 23.5022465758 24.1337368639
8.3088179599 24.8392415669 11.7322328713
7.8838545694 24.7596081239 23.4535934584
8.4283000585 24.4518703381 24.0019071701
8.0965260531 25.7418806261 11.4190292859
8.5140907970 25.9513647628 11.0349571066
8.5916251880 25.2758154192 11.3422330069
7.9867770359 25.3460677734 23.2516935714
8.3418982623 25.1241202705 23.6474505126
7.7336879031 26.7705372682 11.1269000439
8.4062901576 26.7839537957 10.5859801623
7.8433160468 27.1555575710 21.6297355675
8.2585407464 26.8483382893 22.0061614240
8.5664021522 26.2768475911 22.5463998798
8.5050551195 25.6207048021 23.2690157383
7.8298168776 27.7483383992 10.3520950661
8.4175615263 27.7128137209 9.9052445172
8.3657380803 27.3050574193 10.2391494991
8.0877372735 27.6774188279 21.4053765784
8.4050400437 27.3362730906 21.7125534653
7.9808124300 28.4454697699 9.7069862282
8.2864717314 28.9971749433 9.1542761177
8.5452045148 28.1980749876 9.4812074000
8.5597789527 27.7457005917 21.4409877403
8.2869096026 28.2827463264 21.0250975236
8.2476735026 29.9287090209 8.6427417067
8.6280216083 29.1361447925 20.6179467885
7.9971974023 29.8276319486 20.2889324256
8.0192850010 30.6735219306 8.3760618476
8.3363093003 31.0863545651 8.0477822764
8.5301069561 30.3269137317 8.2799928090
8.2048192012 30.7885855939 20.0977151681
8.2657647036 32.0928077034 7.6423656163
8.3055270960 31.8674329256 20.0361773144
8.0503541498 32.9106622047 7.3839645863
8.5216243980 33.1694408176 7.0481580425
8.5754389447 32.5099691623 7.2764807209
8.3743549450 32.9788158061 20.1090375482
7.7656480658 33.6884015101 7.2559810310
8.4318410686 34.2678505745 6.7592675919
8.3829065283 34.0550648210 20.3207736723
8.0548787312 35.3692418331 6.6039801480
8.1753056847 34.8149298909 20.4933925995
7.8602443528 35.5115324195 20.5447335778
8.5571981187 35.1744218618 20.6754488892
8.2211425127 35.9888903436 6.3598299715
7.6035953546 36.2176360473 20.5932576329
8.3022803808 36.0877494459 20.7709827040
8.1176338953 37.2998137867 5.8941563089
8.3811385759 36.5100788442 6.1400329932
8.3421699055 37.0919467039 20.8846746199
8.3533224443 38.1298422663 5.5221394514
8.3196527499 38.1318615942 20.9633995216
7.9300473126 39.6091394761 4.9075339633
8.6527082637 38.8463554252 5.1911610914
8.3450683099 39.1944016494 21.0829435876
8.1593235175 40.4156177151 4.5166322137
8.4669356018 40.2675296325 21.3240997324
7.8890559640 41.1317307270 4.1847901791
8.0492586670 41.6729855085 3.8965081538
8.6713313343 41.0130291414 4.1863230455
8.1935551340 41.0766427422 21.5751764438
7.7564773599 41.5427329625 21.6444054558
8.3971922643 41.6050549870 21.8602835314
8.2971784369 42.3593673604 3.5421569478
8.4047707259 42.3325842754 22.2513337345
7.8920747172 43.7735450230 2.9107082088
8.6062514099 43.0751981392 3.1976254228
8.1547788978 42.9268944199 22.5411566803
7.8310363931 43.2695021759 22.5918802061
8.5109863069 43.3701838452 22.9656997120
8.0892374232 44.5363811164 2.6187805896
8.0616747534 44.0940755264 23.3505320074
7.7917676851 44.5153287786 23.5771125048
8.4378590635 44.5769304048 23.9901285671
8.3061836819 45.2697825793 2.3516597043
8.1312885789 45.1823857814 24.4522967921
7.9168718515 45.5323411353 24.6926202213
8.4094683812 45.6028182342 25.0453219459
7.8481646032 46.7905205521 1.8621082174
8.5946588233 45.9938520881 2.0945658709
8.0917571924 46.2041041752 25.4152605538
7.8251742942 46.6645170665 25.6238476626
8.3830817453 46.6414428291 25.8836773306
8.0453545209 47.6429076984 1.6582936889
8.4499352211 47.3486712733 26.3396627242
8.1596725437 48.5766282374 1.4657128165
8.2061651910 48.0315956794 26.6088770062
7.8796322715 48.5063492915 26.6387446968
8.5105257931 48.4901032041 26.8836694724
8.1454584802 49.5622498074 1.2363912909
8.5291369598 49.4271793545 27.1066402326
7.8793131385 50.3304568529 1.0693549053
8.2102727655 50.7444378787 0.8967784838
8.4414822111 50.0207629636 1.0432936884
8.5539056585 50.5392238193 27.3517574989
8.2449479100 51.6418475224 0.7391737443
8.2584082679 51.3999785871 27.5576846461
7.8827249181 52.0307028187 27.5846991172
8.4594577305 51.8907671588 27.7452486810
8.3488734433 52.5747531316 0.6913847454
7.6410506865 52.7296508194 27.6162426791
8.3079390732 52.6397993745 27.8189868365
8.5557242916 53.4734452563 0.7760664819
8.4548872587 53.3653191961 27.8804281688
8.9060928854 54.2457127930 1.0155802095
7.9651807678 54.5846611708 27.6203996695
8.2891609215 54.0537606608 27.7943874071
8.4070156279 54.8419073378 1.4348671962
8.0271700619 55.3034596337 1.9851751322
8.7115715953 55.6642727562 2.6488203557
8.4721840453 54.6388235540 27.6429901657
8.1721038886 55.3189512463 27.3597446286
8.4822680516 55.9313516650 3.4000780511
8.3399583060 56.1089450068 4.2512567683
8.2783270169 56.2051270932 5.1986417850
8.2619681662 56.2445017254 6.2029817034
8.2586674176 56.2559126466 7.2274853770
8.2576421793 56.2581278888 8.2573116237
8.2567992144 56.2580962795 9.2878304516
8.2561678889 56.2573563173 10.3181646944
8.2557403095 56.2563084643 11.3488072010
8.2551437769 56.2554930921 12.3802590052
8.2539957388 56.2556728413 13.4122674324
8.2495199661 56.2590236466 14.4428676817
8.2305465366 56.2727050734 15.4646715918
8.1732615908 56.3132458302 16.4598249755
8.0498720797 56.4050994684 17.4024251430
7.8550173204 56.5644940200 18.2762515009
8.6546518046 56.7773835335 19.0941986755
8.5473132239 56.2700850817 27.1757892260
8.4406272411 57.0004539988 19.9038825704
8.2598685123 57.1971773409 20.7408335954
8.0779434310 57.3740243106 21.6000143620
7.8587797145 57.5604150781 22.4530377084
8.5932839970 57.8145566949 23.1930511967
7.8195760013 57.4228654436 26.6189350651
8.4219093914 57.1112729119 26.9316738964
8.2854465109 58.0336925489 23.9274110516
7.9423456619 58.1578125107 24.6744910625
7.9251121697 58.1824305370 25.2638302931
8.5740994889 58.2987602153 24.8005436500
7.8236499881 57.9613278327 26.0296781025
8.1419435487 57.7075256370 26.5791197214
8.9423135818 1.4798172255 32.8053505887
9.6765316802 1.0693517442 33.4768127484
9.4515046133 0.7473324907 34.2348711091
9.3484302541 0.5958783826 35.1487591944
9.2930190640 0.5487447972 36.1298739412
9.2628142056 0.5415070029 37.1324861890
9.2412038086 0.5473481066 38.1150473088
9.1856667475 0.5525662117 39.0104203315
9.0094512914 0.5468808536 39.6846754642
8.6406079876 0.5358964235 39.9857084252
9.2661388775 2.0523396434 32.3616900632
9.1260930176 3.2320665525 31.4862077422
9.6013974808 2.6148915704 31.9515219060
9.2281942015 4.3097098238 30.5280305178
9.6244028853 3.7201005790 31.0182884658
8.9736073457 5.6966711662 18.7602812579
9.4418154907 5.5558021454 18.0021530771
9.9054474214 5.1460799272 18.6548279116
9.5290161285 5.1279300733 19.4563529244
8.9854320763 5.5035311147 19.9063994238
9.7037306997 4.9077990075 20.4163719523
9.0199593765 5.5645202513 21.0404704638
9.8561144391 4.9310516144 21.5468277615
9.2606259570 5.6291927534 22.0849666842
9.7757740009 5.2894345180 22.3254073521
9.1019996054 5.6056573630 29.5545176392
9.6497262805 4.8334794281 30.0210436288
9.3031729836 6.7762346600 3.4087607644
9.5338649742 6.6529089121 2.6209418992
10.0258690804 6.3202743730 3.1266433030
9.7917978229 6.4026500262 3.8682116441
8.8923386854 6.5392576327 16.5609359032
9.2480915933 6.4692670026 15.7922652896
9.6845829046 6.1029946539 16.2212778391
9.6399988162 5.7870651257 17.1843507249
8.9196314440 6.0871359455 17.6657641563
8.6979875438 6.1583466389 21.8590134167
9.5885208712 5.7345403243 22.8434010609
8.9570752037 6.3732977057 22.9359248012
9.5510936253 6.1424316972 23.4590304081
9.2933131122 6.6029167006 23.9342451763
9.9599641592 6.3345733200 24.1239285422
8.9674851811 6.4022048349 28.9180738220
9.4853403803 6.4780577111 28.4443492502
9.7175391181 5.9642339324 28.9464398586
9.0881068246 7.4112898239 1.6941310107
9.2777640456 7.7341078605 1.2458473217
9.6409680206 7.2175578674 1.4008572270
9.6318136091 6.8368716953 1.9291279183
8.9799781913 7.2027903497 2.5171837845
8.7501546585 7.3520736438 3.3797684420
9.4729081609 6.6637750114 4.2494225789
8.9605793344 7.2047727861 4.3393635712
9.6114556334 6.7800288933 5.1526625702
9.0489187967 7.3336035753 5.4659591542
9.6064987499 7.0541348697 6.1123171383
9.1528972113 7.3818705326 6.1123101127
9.3930885827 7.3814294436 6.7380105723
8.8547826589 7.6216211358 11.5874827596
9.3571036142 7.2803956950 10.9612413254
9.3616829325 7.0979879420 11.5763571707
9.3646564462 6.9755718680 12.2295739463
8.8493148115 7.4080189182 12.6832247184
9.3499077756 6.8403285842 13.2268241220
8.8349871792 7.2862418400 13.6933354393
9.3186763153 6.7434196980 14.2087344944
8.8121591959 7.1539896875 14.6567899152
9.2677907098 6.6289333272 15.0885678611
8.8024190437 6.9349134571 15.5621029959
8.7656488202 7.0413101947 23.8208604260
9.7183204576 6.7796460677 24.7712041587
9.1072276853 7.0594531286 24.5081965042
9.3419066623 7.2288380365 25.3303137259
8.9417301409 7.0530592244 28.2132931848
9.1667886436 7.2585989636 27.4760154413
9.7267596592 6.7938851882 27.7994459330
8.4605303767 7.0077906552 28.8813294244
9.3348586684 7.1634374545 35.0334799108
8.6768301921 7.4311552551 34.4486882353
9.3131659429 7.2871516049 35.8626880404
9.5269007054 8.2408053317 1.0719093416
9.0344503975 7.7882904853 7.2208189265
8.7072016616 8.2340745382 7.7088689833
9.2224205367 7.7622712659 8.1456461412
8.7897936489 8.2387589815 8.5964485478
9.3125144996 7.6962749504 9.0915220469
8.8293676950 8.1449725401 9.5541233568
9.3417515583 7.5307175189 10.0343038364
8.8446331315 7.9251939122 10.5240205460
8.8536659322 7.7166610059 25.8765149828
8.4624113717 8.1765096227 25.9894306428
9.0454007530 7.5322958436 26.8023706122
8.8450193551 7.6390148318 34.0055674429
8.8619916747 7.9735416804 33.5191244444
8.8592784715 7.6572774799 36.3190346399
9.1070603854 7.9646000370 36.8119473061
9.8338615077 8.8436756410 1.1592677869
9.2932154770 8.3900572035 32.9933289377
9.2499203960 9.0441431228 32.5197634139
8.9224618488 8.4656261727 37.3354635523
9.5270849851 8.7013970939 37.7863773144
9.2749139994 9.4629787423 1.4701838513
9.6044766010 9.9622557716 1.8797657656
8.6883952569 10.6711692992 31.5246900142
9.1657316027 9.9903146063 32.0397965513
8.9116581985 9.6525039264 38.5582100951
9.4311622590 9.4288523528 38.3726112033
8.7843289328 9.8957081721 39.1115901282
8.7319118556 10.1038857713 39.8507101538
8.4731238503 10.0841905474 40.2476746738
9.2750153389 10.4084376304 2.3968531947
8.9333254572 11.0861011812 3.3410738467
9.2003805825 10.8546613227 3.0778606395
8.5303271851 11.1346209318 4.1951466290
9.2548907928 11.1880213095 3.7151808484
8.6781016783 11.4586554921 5.0784349772
8.4622492507 11.6304975364 6.0714431484
8.5260352695 11.4396138247 31.0333773678
9.1018592510 11.6096360925 31.4351625868
9.4427159448 10.9738272056 31.7805824620
9.1987391232 9.8644200243 38.8242198709
9.2337879691 10.0671341201 39.3911204203
9.2974423671 10.2945574090 40.0184688463
9.0422831328 10.4154093456 40.2857302502
9.3702055574 10.4922324452 40.3901688225
9.0409589386 11.4233245110 4.3226282697
9.4209005249 11.9570415237 5.0962306815
8.9368492949 12.3597821394 6.0161432004
9.6689429099 12.6966995691 5.7183964254
8.4681557287 12.2769984434 6.7899020616
8.8373655864 12.4595092257 30.9745075149
9.4302642504 12.3029546968 31.3415906366
9.7095692055 11.7422736867 31.5931014759
9.3195649609 10.5645579386 40.4855990387
9.2402293913 13.3374079237 6.4344412259
9.8539554876 13.4993013176 6.1744746393
8.6947849253 13.1423724722 6.9775251205
8.8826675541 13.6004525698 30.7637194097
9.4578637199 13.1197079890 31.1178585056
9.5105717474 13.9993852544 6.6173077036
8.9656060070 14.2496581860 7.2681536056
9.7182381525 14.6679627417 6.9664105328
8.9204651573 14.6149837508 30.6107707210
9.4713154124 14.1259965129 30.9393745444
9.2735291391 15.2204520677 7.5578195930
9.7956791862 15.3119793581 7.3623037770
8.7215753203 15.1725652860 8.0190084514
8.9708608073 15.5794708415 30.4018362121
9.4669834873 15.0666208214 30.7719751103
9.6250563259 15.7807232903 7.7821112497
9.0653277517 15.9595016444 8.2093977604
9.5351123789 16.2272440434 8.1586794453
8.8956483436 16.2653078222 29.9582473263
9.1998392655 16.1536951564 30.3332647398
9.4773776057 15.8135329090 30.5770498840
9.3270666745 16.5413643254 8.5087981443
9.6717426950 17.0784324685 8.9829529795
9.2737656419 16.5029748102 30.0116175951
9.0510093740 16.9259774808 29.3386077395
9.5059169957 16.2752348739 30.3060480517
9.3495213984 17.8330800044 9.6351386505
9.7310819159 18.3737931141 10.1680854225
9.1500429340 17.5051625422 28.8148485394
9.1666563505 17.9412139612 28.2716889828
9.2260469211 18.9902004102 10.8627373367
8.8308378168 19.5698616050 11.5266002632
9.3315612094 19.5857882067 11.3464380673
9.4723755676 19.0555017168 26.8938576125
9.2160639678 19.4145587800 26.5142045236
9.4530928148 18.5161673519 27.5171597765
9.0872448502 20.0558668980 11.7574541248
8.8124758773 20.5846857123 12.1444196046
9.4676070030 20.6065625156 11.9143657350
9.0571152299 20.5218377537 25.6653588130
9.2696272235 19.9948970984 26.0373861339
8.7680438230 21.2380505713 12.3083482856
9.2941205759 21.7164875066 12.1180523141
9.5464274663 20.5203792487 25.6943488769
9.3395625827 21.1180055101 25.3318155555
9.2757153449 22.7816156884 11.9990056875
8.6482775580 22.9581299980 24.5483940944
9.2135645405 22.2339131474 24.8990180993
9.2973116431 23.8354074177 11.7082810068
8.8240382813 23.8758850899 24.4468103982
9.3301706881 23.3702825030 24.7014439629
8.9983400859 24.6989749167 11.4372282154
9.1876491806 25.2067240605 11.1049659815
9.7356565010 24.4143490760 11.3229619037
8.9800334590 24.5092981373 24.3340730529
9.3362204189 24.1943356009 24.5405869685
9.2264006720 25.9909233292 10.6251738931
9.2668705877 24.6525802900 24.3621477607
9.0452450013 25.0451075122 23.9320839105
8.9190362204 26.9352580809 10.1404728005
9.6080594606 26.8649832813 9.8293263677
9.5562334806 26.3454612793 10.2106917860
9.4923596633 26.3406350234 22.4038599384
8.9350609193 26.9237229405 22.0030100309
9.3946345765 25.7066756579 23.1791371485
9.0406075746 27.5612340199 9.6300206024
9.1435091918 28.2108836786 9.1714167190
9.7730615741 27.4360353132 9.3808296147
8.8898211299 27.4340091244 21.6447894657
9.3688160345 27.2101711355 21.6733650963
9.2317485945 27.7539387760 21.3037547826
9.1504443291 29.0303213452 8.6866315963
9.2668437346 28.4776234146 20.8633090412
8.9121112488 29.7687660695 8.3765912102
9.2509581071 30.1682823623 8.0845763295
9.4554606573 29.4293721010 8.3295004260
9.4320739167 29.0479595292 20.5714769695
9.1291079698 29.8716189269 20.3173951918
9.3117537369 31.1431867666 7.6751206364
9.2255681612 30.9873889844 20.1241319909
8.9983858318 31.9718139708 7.3629267869
9.1860882395 32.4874686475 7.0586608621
9.7867043085 31.7515614867 7.2756221583
9.3136854448 32.0817223093 20.1038291358
9.2843409228 33.2257813415 6.6944235645
9.5125221466 33.3181662289 20.2281235472
9.2745327788 33.8169526416 6.4817133456
9.7910793870 33.8558945486 6.3288718113
9.6818179898 33.4531966424 6.4146474636
9.1134929557 34.1276954101 20.4678232208
8.6989858214 34.5479984867 20.5544958265
9.2756937422 34.7700381236 20.6320705648
9.3023821486 34.2992958474 6.4300083355
9.1302250648 35.1517941719 6.4069037733
9.0243671322 35.5333451963 20.7789623532
8.8917169658 36.0106407003 6.2280251561
9.0520900947 36.6044952583 6.0335349063
9.7036778929 35.8950970564 6.2167368319
9.1104295115 36.3268697638 20.8544418534
9.1637257044 37.3700289315 5.7678948773
9.1679277088 37.3315558004 20.9226925694
9.3770934343 38.1337822442 5.4830310246
9.2230604232 38.3606857426 20.9940925949
8.9634640813 39.5886145780 4.8622421684
9.6605839373 38.8754232503 5.1966196761
9.3504369480 39.3573528946 21.1235385548
9.3006176325 40.3330239019 4.5222824978
9.5997953357 40.2031225818 21.3410388102
9.0214255303 41.6783908386 3.8600568056
9.6318470125 41.0325822204 4.1951981380
9.0124632920 40.9379940124 21.6440716025
9.4581242336 41.7128131556 22.0681566690
9.4132404854 42.4422379996 3.5210486264
9.1608612292 42.3583367003 22.4845616239
8.7295919380 42.7428375272 22.6436080128
9.4920416067 42.8422427256 22.8229393437
8.9632608689 43.8555699667 2.8881653087
9.4279048811 43.1572481769 3.1993100897
9.5474682033 43.4380458075 23.2805755738
8.9150869333 44.6396853697 2.5876291751
9.0510564794 43.9455468815 23.6304126962
9.5764206244 44.4049964573 24.2558767805
9.2766883131 45.2414900252 2.3764314697
9.1264852131 45.0193567502 24.7730644228
9.1866698815 45.5124896266 25.3283085975
8.8654048290 46.7808540730 1.8451868882
9.6077082993 45.9935984428 2.1042029766
8.8422955203 46.0197704047 25.6266069126
9.4133098435 46.5504529192 26.1534844875
9.0781215097 47.6479906234 1.6136063499
9.1529230689 47.3238540296 26.5883109688
8.7058876414 47.7973615742 26.7082608398
9.2858355001 47.8730473325 26.8551449035
9.2322096016 48.6318518716 1.3500283059
9.3349767816 48.6688592513 27.0745214810
8.9209964052 49.4787094687 1.1276305100
9.0677367357 50.0142071855 0.9493646752
9.7135154330 49.2469958468 1.1127291351
9.4205304656 49.6237497736 27.2581891670
9.1495528473 50.7764105108 0.7789436630
9.6329677684 50.6786706909 27.4246533067
9.2478444236 51.6704427137 0.6756114143
8.8935751689 51.3501320562 27.6366348230
8.9715327025 52.1076755673 27.7827160304
9.3657135022 52.6173304472 0.6697980680
8.9855443740 52.9093485609 27.8333123294
9.5629125142 53.5186068369 0.7747368069
8.9146619843 53.6758703598 27.8153235854
9.9036349052 54.2802822089 1.0208287206
8.8340971745 54.2650682295 27.7244029154
9.3208140148 54.0124078587 27.6322885861
9.1739537725 54.7490415049 27.4710593498
9.4080151904 54.8520635201 1.4252533640
9.0188338718 55.3083881507 1.9848703510
9.7284540684 55.6632691396 2.6523885203
9.2537749706 55.7401719817 27.2570064793
9.5078380441 55.9289042777 3.4143621724
9.3753568419 56.1054229511 4.2688961633
9.3137164015 56.2014829598 5.2078646054
9.2928833321 56.2420025299 6.2030821712
9.2879180016 56.2541634723 7.2234693384
9.2862226695 56.2557810521 8.2511212394
9.2835803440 56.2545101942 9.2789586893
9.2805486353 56.2518167183 10.3043760460
9.2789169812 56.2474346603 11.3289245173
9.2772337330 56.2428079476 12.3561442321
9.2742145197 56.2404375652 13.3869848253
9.2702043938 56.2429765565 14.4197800422
9.2560702491 56.2578500063 15.4483024698
9.2044873131 56.3021144268 16.4527768590
9.0830358051 56.3989664255 17.4015607762
8.8866624455 56.5624670398 18.2758741395
9.6823465189 56.7694207981 19.0948359457
9.3132430482 56.6379448157 27.1339563814
9.4679553598 56.9962883442 19.9003310535
9.2872173276 57.1966211749 20.7337463206
9.1026369471 57.3805452229 21.5839118494
8.8727654496 57.5829149178 22.4122440730
9.6166305487 57.8164339437 23.1614901355
9.4128243875 57.2648993505 27.0460365646
9.2908340166 58.0594779537 23.8490409935
8.9265737096 58.2407958828 24.4202582298
9.4976726973 58.3246447056 24.6397508481
8.3677735563 57.9014461508 26.5540190661
9.1199767083 57.6790110916 26.8785744183
10.0516075050 1.5977298184 32.8794330598
10.6850282633 1.1790418599 33.5796938200
10.5028015301 0.8321215268 34.2876211928
10.3572509814 0.6424399940 35.1517021330
10.2820737259 0.5807964315 36.1066767358
10.2383814093 0.5815923921 37.1000724180
10.1912559955 0.5976310038 38.0658207409
10.1787776670 0.6296913251 38.9720484801
10.0535048536 0.6333679939 39.6839626394
9.6752754787 0.5948420346 39.9932222899
10.0475804025 2.1554394530 32.3661428563
10.0448835311 3.1426942435 31.5502020691
10.4386805522 2.6095776324 32.0733949752
10.2100021970 4.4988981138 20.9815013504
10.3468507459 4.4926928169 20.4070863338
10.7338042236 4.3086997262 20.8103191645
10.5803214161 4.3522635282 21.2602872259
10.2807819049 4.5049106459 21.4028117014
10.6565823752 4.5804961931 21.7413028810
10.1215475206 4.2351354688 30.5375217911
10.5628056308 3.6873256607 31.1323140043
9.9780181485 5.3612755485 17.8507435242
10.3707539801 5.4622831991 17.4157124034
10.7001255481 5.1524209886 18.1351527284
10.6611025990 4.8555014044 18.9315314119
10.2917826577 4.7296262937 19.6431338808
10.3472191755 5.0189074103 22.3194627309
10.0863224320 5.3943355295 22.7963114200
10.7134456300 5.3500729295 22.9721935196
10.1266982149 5.3669080716 29.4888859215
10.6205297847 4.7913209794 30.0431130612
9.9916731842 6.4358744625 2.3563011584
10.2398316319 6.4998487090 1.9172870107
10.7329713555 6.2401294244 2.4717966034
10.6962877912 6.0905364430 3.3408790916
10.4476775569 6.1700709205 4.0821988756
9.9687589995 6.3938113243 4.6005152453
10.5611911320 6.2492166505 5.0137528108
10.1869272678 6.4387964509 5.3031315827
10.6072810940 6.3724589498 5.6466325333
9.9716581616 6.6975383557 11.6522201300
10.4755291757 6.6126490540 11.0057858952
10.8859343969 6.3428560108 11.7195789892
10.6623599125 6.2447057407 12.5951936218
9.9471977524 6.4904257641 12.8243270719
10.5503105396 6.1610838433 13.5624938749
9.9022392439 6.3956832128 13.8433161224
10.4934649762 6.1152299992 14.5383734771
9.8265145056 6.3272513780 14.7955719428
10.3546350326 6.0312692220 15.6094881274
9.6668164706 6.2784967258 15.5059352339
10.3998621732 5.7540235197 16.6737729777
10.2073094279 5.8161685795 23.4446600067
10.7147893565 6.2074757981 24.2010921291
10.1394314352 6.2857035955 28.4198363641
10.5496583767 5.8284931405 28.9702648410
10.1366373164 7.4924110118 1.1190967571
10.2232584115 6.8520890214 1.4770480440
10.3476611077 6.6606859268 6.0839593571
10.2947023637 7.0042412161 7.1772031857
9.7063891821 7.3599192400 7.7111009727
10.4998358922 7.0608765530 8.3991702058
9.8621436207 7.3240206270 8.7100372675
10.5685520483 6.9809599417 9.3951745812
9.9097215234 7.2029216550 9.6547514033
10.5443469403 6.8021413050 10.2728079395
9.9118892083 6.9900730847 10.5684512680
10.5136264858 6.6037153849 24.9010703992
10.3075171875 6.9392210782 25.8498366752
9.5732182803 7.2323700005 26.3266835884
10.3391746954 6.8889107811 27.1161554505
9.5698476859 7.1333658307 27.0863805787
10.4808263449 6.5513082488 27.9512032852
9.4127511230 7.4754037834 34.0659367617
10.0088705750 7.0294292650 34.3973702278
10.1862290386 7.3136301085 33.7340361187
10.2099821845 6.7592340782 34.9524064410
9.6540155173 7.4577137974 36.5199877683
10.0794687423 6.8689521695 35.7915923633
10.1446131872 7.4863009594 37.0900413006
10.3814830685 6.9379552279 36.6447068097
10.6778556847 7.0476693383 37.3110135991
10.4045918406 8.1501822613 1.0185840153
9.7205376650 7.8772206373 33.3695655629
10.2423102557 7.7097627195 33.2373595770
10.1611716933 8.3635851908 32.7385723625
9.6247435364 8.0297483696 37.1955557974
10.3383398673 7.9224313497 37.8081437459
10.7082118747 8.7000768955 1.2056257240
10.0274865839 9.5230333283 32.1890831698
10.0367551741 8.8635352775 38.2841201759
10.0321380017 9.6051040044 40.1016752360
10.3612503702 9.0582626795 39.8804949692
10.1465648100 9.4069579265 39.6393828106
10.0850645825 9.5304892850 40.3057183735
10.4109454871 8.9458254828 40.1576164302
10.3241489702 9.3847238299 1.5674321058
10.2557178401 9.9213347358 2.0433708764
9.9836946860 10.5111759331 31.9051693939
9.9057128213 9.3912569025 38.6366875845
9.6107073254 9.7753330311 38.9513207468
9.7302927931 9.8997041757 39.6493871681
10.0480373160 9.4540431957 39.1326905187
9.6360671078 10.1973427090 40.2386578971
9.8219587927 9.9907842430 40.3711780190
9.9273777686 10.2395786640 2.3025793939
9.9387650430 10.5177719842 2.8770543963
9.6945202150 11.4681023171 4.3772650031
9.9933265917 10.9241639524 3.7329475149
10.2949874530 11.2871637198 4.4981850141
9.9782850015 11.2308549426 31.7558859968
9.5383927747 10.4142218083 40.4699639311
10.0994054587 11.8813320157 5.0036429862
9.8224022540 12.2631909422 5.2822392048
10.2191281804 11.7217868516 31.5374746503
10.0707921387 12.5138430143 31.2910507273
10.1003375577 12.4128500568 5.4134242772
10.3938347773 12.8859532469 5.8223922712
10.0867705661 13.6074332979 31.0345040430
9.9760902241 14.1173817348 6.4840413029
10.4866563245 13.7794552361 6.2727487053
10.0479243430 14.5867297439 30.8671036756
10.4412259139 14.4579063286 6.6951745421
10.2806091674 15.0809756939 7.1583418565
9.9712133616 15.4259582398 30.6570668979
10.2004118175 15.6125013899 7.6013195843
9.7681101484 16.5365526362 8.4161528010
10.0433173009 16.1175109536 8.0537658313
10.3956227176 16.5076678193 8.5374461113
9.8150962684 16.5577542770 29.7839859965
10.5453329497 16.3453564368 29.4947197798
10.1980345245 16.8728817127 29.1868838470
9.8340406832 16.0274436620 30.3942993544
10.4020623991 15.7942288786 30.1765899258
10.7019392281 17.0241050436 9.1008450426
9.7110712537 17.3471342021 28.8732646372
10.2165142775 17.1567358337 28.8351030087
10.2652413264 17.4703639270 28.4239106910
10.4301934976 17.7253984484 9.6838509997
10.4618343340 18.3430713561 10.2752040475
9.8444927928 17.9454088295 28.1165583755
10.2911275755 17.8265385505 27.9990759074
10.2019018480 18.2245806700 27.5721910751
10.1459178974 18.8171141916 10.6868407840
9.6122272671 19.9049022350 11.5399711393
9.8925794535 19.3894185803 11.1779822986
10.2163661325 19.9244459714 11.5931400060
9.9797302160 18.7909889737 27.0495581785
9.9886212816 19.4179322368 26.4060711878
10.4593940811 20.8502493637 11.9777827638
9.8941966670 20.1267080971 25.9028337304
10.4418213700 19.8733509705 25.8879128397
10.2618250548 20.5890641726 25.4985964655
10.0597155628 21.9812027417 11.9873302954
10.2815166241 21.6722878885 25.0305345905
10.2271582251 22.8233125816 11.8400555663
10.0348470856 22.8885149458 24.7585138575
10.3437248292 23.6467165425 11.5584014069
9.8693597684 23.8528996469 24.5860611312
10.1995593811 25.0435811055 10.8769450868
10.4926335515 24.2101662516 11.2702763587
9.6828352611 24.5773686387 24.3212405502
10.1174451263 24.2027849457 24.4043460628
10.2287984161 24.5571808087 24.1026301689
9.9544034433 25.8089674537 10.4259303586
10.1792295024 26.2310548567 10.0546527873
10.6819824412 25.5972784821 10.3912235580
9.8143434594 25.0927922821 23.8216457700
10.2722913492 24.9381895723 23.7692683171
10.2147889355 25.2804320523 23.3626515720
10.3138176161 26.7651570028 9.6338482117
9.6431703741 26.7830675498 21.9150185191
10.2549681445 26.3105292471 22.0285109249
10.1331276137 27.0194570737 21.4665219665
10.1802314724 25.7980725140 22.6929701212
10.1902690429 28.0613054611 8.8852109289
10.4485096297 27.2395638652 9.2769792536
10.1496197390 27.8462144232 20.9303023501
9.9119729067 28.8887764543 8.4712089549
10.0812269450 29.4057505158 8.1898027324
10.6906822526 28.6728625090 8.4408169021
9.9168834480 28.5578578069 20.6678003666
10.4841195091 28.2708665820 20.5836143212
10.2281753215 29.0451431530 20.3523370113
10.2102198014 30.1532791549 7.8951957324
10.1763125769 30.1206485215 20.0958980933
10.4644572962 30.9516219269 7.5840569421
10.1733245363 31.1910358398 20.0015258297
10.1035497565 32.4736307335 6.8638051231
10.7713029011 31.7071383702 7.2554779793
10.2584551658 32.2169001450 19.9989153787
9.9580004940 33.0582023997 6.5161779941
10.1961403623 33.3845221407 6.3467040755
10.5779440241 32.9195414012 6.5524529820
10.4824087146 33.0446848029 20.0041268931
10.3891531991 33.8125582427 6.2934838826
9.6776943839 34.1548923903 20.4369843537
10.4484627684 34.0861953391 20.1595093795
9.9657089372 34.3932500617 6.3343257310
10.5443811526 35.0442811090 6.3981924350
9.9487932568 34.6747894409 20.5051673467
9.7828138045 35.5114433006 20.6715983435
10.0589531732 36.7219219721 6.0158642260
10.5494182704 35.9809524419 6.2637258898
9.9163008314 36.5823132059 20.7379523294
10.0057245130 37.5368943087 5.7434551070
10.0049261659 37.6191793898 20.7892408135
10.4072754142 38.2330602965 5.5514023870
10.1206993035 38.6227416939 20.8669993269
10.0842093548 39.6507001919 4.9074670112
10.4550479823 38.9680104673 5.2586010818
10.3522906734 39.5744442626 21.0135670432
10.2830633433 40.5020220739 4.5420340646
10.3996022113 40.2970038702 21.2641572794
10.0694847907 41.7528915436 3.9047344251
10.4216600458 41.1338309370 4.2520548757
10.0035486268 40.8781911116 21.5891559492
10.4402374260 41.4107118275 21.8089992840
10.1724938872 42.3361720630 3.6500559302
9.7751634089 42.2971846386 22.4745849210
10.4992614801 42.0630451857 22.2001126689
9.8509786389 43.6062270272 3.0575573328
10.2611218674 42.9511001435 3.4058370781
10.2927706159 42.6114479541 22.6218036055
10.4977151748 43.2118939919 23.0519455695
9.8675883068 44.4038576562 2.7404032276
10.6703935396 43.7749480320 3.1205987574
10.2288507185 43.8917944345 23.7711804228
10.4255723030 44.3567833750 24.3751717569
10.2971882493 45.2570141283 2.4257808787
10.1875327665 44.7677807202 24.8074277481
9.9364778678 45.3001737475 25.3110267912
9.5619903270 45.8001624965 25.6908312746
10.3543199912 45.8212731455 25.7973861066
9.8956250843 46.7909871868 1.8386794212
10.6267176168 46.0443333932 2.1285990402
10.6066062987 46.5377112064 26.2759213821
10.1356719578 47.6332130088 1.5883199883
9.9092364594 47.2077827263 26.6260151966
10.0948553648 47.9475011348 26.9147375078
10.3949926849 48.4292073521 1.3462295875
10.1996222991 48.8102884312 27.0964651311
9.9537366744 49.9426029856 0.9077610591
10.6688454743 49.1563391606 1.1216887294
10.3181765464 49.7393744662 27.2066089903
10.1341151938 50.7614314938 0.7704806853
10.4809779904 50.5352443116 27.2413800353
10.2527164493 51.7085486073 0.7127854124
9.4890301021 51.5823012364 27.6186053910
10.2504998642 51.5003058278 27.3568900728
10.3630046413 52.7098016428 0.7261897806
9.6253292310 52.3427777721 27.6358227065
10.3698775038 52.6917767723 27.2712975588
10.5325239043 53.6218785081 0.8233445101
9.5637358061 53.2789330657 27.6303414776
10.0588629131 53.9602156298 27.2857635831
10.8527660237 54.3418512765 1.0514898504
10.0945669714 55.1057684407 27.1307797948
10.4083235763 54.8682953786 1.4297688380
10.0323546336 55.3109791227 1.9827766715
10.7417327305 55.6553987851 2.6401194799
10.2115092590 56.1936621438 27.0375462354
10.5269929687 55.9173373695 3.4020664280
10.3983716539 56.0929210258 4.2605482141
10.3377879181 56.1915261712 5.2022137272
10.3146682332 56.2358168658 6.1958657493
10.3072109690 56.2492035640 7.2107930420
10.3048068265 56.2480357609 8.2314554184
10.2995352963 56.2419118474 9.2528651067
10.2874877720 56.2346602609 10.2677661774
10.2791113030 56.2227174912 11.2736264554
10.2774815283 56.2053470744 12.2838120950
10.2693808607 56.1918865439 13.3076750392
10.2592493909 56.1888473104 14.3409394190
10.2540104738 56.2022608503 15.3811677052
10.2243429167 56.2530449202 16.4146991680
10.1171486630 56.3662365848 17.3941847486
9.9188786974 56.5459695426 18.2797490361
10.6930205131 56.7365896277 19.1000781098
9.9941102969 56.9750879210 27.0572331505
10.4794278185 56.9739783368 19.8914989136
10.3059003253 57.1794312505 20.7208998224
10.1257697665 57.3685369028 21.5714120122
9.8974695426 57.5762559231 22.3951854630
10.6347788788 57.7789886244 23.1345985019
10.1631616859 57.5577626952 26.9510984035
10.3399488011 58.0193459231 23.8396160735
9.9555421672 58.2242813893 24.3808887743
10.4926244465 58.2551990841 24.7252212716
10.1718702344 57.9001273563 26.8875861861
10.6897705549 57.9043471711 26.8054185417
10.6710518044 58.0192115739 26.7722597741
10.8913238528 1.5694078512 33.1405344000
11.4470345972 1.4347320908 33.6184523602
11.5377830625 1.0244598730 34.3422964529
11.3374768398 0.7478187338 35.1787281263
11.2100824534 0.6530515630 36.0689563509
11.1545653861 0.6706028646 37.0253233829
11.0877467610 0.7230662987 38.0208578487
10.9299389940 0.7344521018 38.8162158633
11.1913165412 0.8921838381 39.7014764107
10.6936950782 0.7591272516 40.0361405241
10.8178608233 2.0971734027 32.6521398426
11.3916928160 1.8690177788 33.1523536056
10.9022633331 3.1440425332 31.7527814511
11.1063971958 2.6708357997 32.2791106217
10.8967029013 4.4191336576 20.2193423414
11.2410150579 4.3132227067 20.7014391565
11.1494587694 4.3416939947 21.2673037541
11.3323708043 4.5680823004 21.8081476879
11.1018126913 4.2821260881 30.6680821223
11.5395091403 3.7763001547 31.4592165015
11.2246148632 5.5359423322 17.3751917577
11.5006206302 5.2214049500 18.1597071949
11.3139489325 4.9338172894 18.8384406636
11.1133671221 4.6523505870 19.5620715161
11.1834609384 4.9436304222 22.4034974465
11.4484827229 5.4342234180 23.1004911524
11.1461244943 5.3950286532 29.5544109625
11.5459687405 4.8626076172 30.1953371385
10.7372762599 6.5167935019 1.7311361077
11.0214396395 6.9358998513 1.3251166003
11.4675500843 6.4754440152 1.9192542069
11.5179876640 6.2175531007 2.6252224940
11.2904232901 6.1021982117 3.2603102398
11.0756761714 6.0744206109 3.9137806603
11.2018248785 6.2000473201 4.7827579010
11.0668285291 6.3202719472 5.5968029242
10.9495562070 6.4857625302 6.1338906015
11.4062645380 6.5457927570 6.2015485297
11.1657420782 6.5112542528 10.9858312630
11.6816309158 6.3052839118 11.7590224334
11.4416941502 6.1665494726 12.5441150676
11.2563321706 6.0996267457 13.4508730594
11.0753020659 6.0589148352 14.2377461412
11.2473245517 6.0643736793 15.2244888162
11.1677869270 5.8964550172 16.3126808190
11.0580072881 5.8029843101 23.6233933945
11.4437059445 6.2878321005 24.2501471250
10.8823201417 6.2224762005 28.5030789605
11.2234493574 5.8978968819 29.0239124003
10.7586187580 6.5970425099 34.2519109997
11.3096059380 6.0634559572 34.1430460854
11.3162240493 6.4075264175 33.5832914947
10.7631315425 6.3336772319 35.2945957871
11.3173484823 5.8682039689 34.7657338505
10.8028156269 6.3608585644 36.1961515117
11.3304341893 5.7731625460 35.7477910297
10.8895307792 6.5080751749 36.8797692761
11.3259508034 5.9229994553 36.6885646829
11.2239723323 6.3719643922 37.4473551852
10.9417643888 7.5521092805 1.0615827655
11.3057616622 6.8234899165 7.0119818994
11.2538986192 6.9861458745 8.2193325028
11.3020758689 6.9476770797 9.2620350862
11.3049295286 6.7627241595 10.1909928731
11.1695674838 6.5565481528 24.7973867630
11.3225563420 6.9223289268 25.6534485430
11.4043889285 7.0253026525 26.9205543403
11.2726396457 6.6374525720 28.0004734959
10.8148952241 7.2879200152 33.1874717558
11.3407491278 6.7966541852 33.0650387753
11.3897199224 7.2295055462 32.6105283332
11.0136840458 7.0680698667 37.9621347950
11.1209231744 7.6363449529 39.9515210656
11.4035310615 7.0440647700 39.7773652437
11.2180808324 7.4336824199 39.4956113472
11.4252168322 7.0045895518 40.0972180713
11.3305598178 8.0152101758 1.1625627648
11.0219929832 7.9951195831 32.4050332392
11.4465111460 7.7193788854 32.1770284814
11.4944116173 8.3662763180 31.7601828515
10.8972589649 7.6161203670 38.3716353889
10.6034323111 8.3079872427 38.6814118751
10.8923301427 8.0525505504 39.4135126185
11.0897838262 7.5716745411 38.9497142111
10.6978472512 8.4408828714 39.8870619434
11.2559919668 7.3548808881 40.2214098720
10.8738961454 8.0935597477 40.1606595759
11.4408400505 8.5668096976 1.4740367172
10.9217420920 8.9930979997 1.4338589079
11.1761240405 9.1167641059 1.8198383167
10.8024534166 8.9874428371 32.0459273125
11.3339735990 9.4609846856 31.4649606081
10.2486703146 9.0307509562 38.7693198079
10.4576449672 8.8485813413 39.3475927573
10.4878954929 10.1067074641 2.5854842903
10.8445551267 9.6278083635 2.1971376370
10.6382508187 10.3308292613 3.3729051892
11.1195362990 9.7659957441 2.9594582224
10.8236535020 10.6680817743 4.3303699962
11.2866459932 9.9163209207 3.8440569089
11.2141248297 10.7183684192 5.0453970437
11.4524703695 10.0875343759 4.7209966214
11.5961685346 10.3571801731 5.3977930786
10.7263017724 10.1295204271 31.7024685878
11.2964168442 10.2443391413 31.2663817201
10.7891832912 11.4391766789 5.0995912292
11.4153792177 11.1059104907 5.6500598012
11.0741176219 10.9293000514 31.2522303591
11.5540902678 10.6572844894 30.9259928269
11.5160282295 11.4058824256 30.7439589271
10.4792961981 11.0970724506 31.6001437326
10.5070665841 12.1861711585 5.4065115101
11.1049536600 12.1843906478 5.8563299442
10.8102909132 11.9068681308 31.1455711436
11.4859263479 12.4730420726 30.4757505444
11.0292799925 13.2242444482 6.2494100068
10.7507136329 13.0588536189 30.8786944590
11.2919187438 13.6326796034 30.3518136999
10.9592634938 13.8642082919 6.4477192930
10.7424755146 14.1380960554 6.4824862004
11.0079976625 14.2897039202 6.7712438707
10.6657739658 14.1034030065 30.7198556501
11.1144893285 14.5897437938 30.2606599385
10.6695781197 15.3433080620 7.4731374261
10.8562056971 14.8473285663 7.1445975941
11.1033693340 15.1881673537 7.6064925907
10.5499865175 14.9938362227 30.5527319854
10.9231715594 15.2622169755 30.1525998120
10.7918883077 15.7940491321 8.0085004764
11.4495314361 16.2371075387 8.8170178276
10.6468882480 16.8728968328 28.7870926937
11.0648431870 16.1888701407 29.1001306977
11.2911100634 16.5341382019 28.4477603693
11.0253798875 15.7072657837 29.6618010434
11.3617445943 16.9751902443 9.3313654877
10.9862476721 17.3326311417 9.4499243021
11.4830727069 17.4035137107 9.8348382139
10.8293506999 17.5047673765 27.8904546978
11.5278165218 16.9207515731 27.7873366094
11.5063886423 17.5447799744 27.1900874726
10.7913070054 18.5917683306 10.6769031140
11.2087993310 18.0664770371 10.3962853024
11.2903329211 18.5496144883 10.9886640066
10.8101585381 18.4734544147 26.8698248217
11.7112551578 18.1023526261 26.4551633043
11.3319157455 18.7238028647 26.2530836704
10.7353736090 19.1257886324 11.2072979858
11.0111764967 19.7616008382 11.8000075569
10.8733193495 19.2538144736 26.1273105784
11.4410926824 19.1090841323 25.8481472359
11.1618603863 19.8240915736 25.5418572778
11.2531913800 20.2723029368 12.1472149429
11.2847114680 20.8788214081 12.2214745003
11.8114558997 20.3678029413 12.4826973310
11.1620098428 20.7727159294 25.0638899834
11.0492177871 21.8144579117 12.0584513443
11.8626654655 21.2200202258 12.4324651749
11.0932113667 21.5572659044 24.8090213047
11.5810889144 21.1273852830 24.7131131540
11.5532305704 21.8142972538 24.4842248374
11.3539518519 23.0051811654 11.7910627470
10.8409286791 22.4024777149 24.6461293398
11.4082017338 22.7903842477 24.2218041651
11.0003669417 23.7558535918 11.4493362498
11.2293877456 24.3635111650 11.1666062999
11.5853688767 23.7288353252 11.5020309185
10.5956631524 23.6438328283 24.3355232844
11.3189839918 23.6937258261 23.8636838870
11.1723166830 25.0409351120 10.7572162993
10.7770772581 24.5503127145 23.6641185764
11.3170679444 24.1841476270 23.5527331975
11.3352505734 24.5494307121 23.1504559367
11.0341021403 26.1870140733 9.9079164154
11.5584858297 25.5139197412 10.4069367470
10.8887460045 25.6629728509 22.2448881942
11.4945907377 25.3913493497 21.8922082566
11.1180227822 26.1368520255 21.5068503087
10.8082625652 25.1889342863 22.9371248225
11.4007370462 25.0095588335 22.4976071954
10.9017910366 26.7890450431 9.4726435523
11.0921560729 27.2855923579 9.1494460377
11.6047520108 26.6475643622 9.5405708572
11.0562728142 27.0213054449 20.9232058030
11.3429369048 27.9499636589 8.7706990076
10.8759085202 27.7307598221 20.6529513251
11.3877903396 27.3974008945 20.4976440566
11.1663976661 28.1713943487 20.2609899568
10.9522841918 29.3499299668 8.1349880730
11.6100523397 28.6468647066 8.4292926087
11.1804749345 29.2754172065 19.8831972096
11.1983156875 30.1350334018 7.8902853784
10.9816050024 30.4468589342 19.7879011508
11.5425138231 31.0520433900 7.6574603290
10.9365798191 31.4403906038 19.7536592419
11.2285517008 32.4593798761 6.9670012809
11.5186270470 31.8036785876 7.3354682082
11.0042045754 32.3827453059 19.7247012129
10.7626101600 33.3627822482 6.3778529428
11.1297595378 33.0548842803 6.5947031931
11.0797811489 33.3260854324 19.7359705047
10.8862136320 33.7649726892 6.3630030646
10.6317692438 34.2103399652 6.3509503747
11.2555294119 34.1029051880 6.5446280993
11.2027542761 34.1616675264 19.7257501403
11.5454178430 34.8660102746 6.6488172496
10.4003393137 35.0385285305 20.3857156992
11.0752290333 35.1207938249 19.9406195622
10.9239116017 36.5085351756 6.2103199782
11.4880145764 35.8376015015 6.5361036367
10.5543560289 35.9071447897 20.4102949383
11.2443174665 36.3252599804 19.9823041261
10.9548629985 37.3768094286 5.9823410406
11.4935689587 36.7080996247 6.3472013680
10.6754011049 36.9575179850 20.4542117580
11.3611378583 37.3984076263 20.0520536533
11.0906919517 38.1028927316 5.7673508870
10.7937482071 37.9891916347 20.5090797103
11.5605733581 38.4620723379 20.1053762777
10.8680116585 39.3966524534 5.1732494112
11.1711395059 38.7650919817 5.5572365904
10.9266844425 38.9334558086 20.6218143006
11.5581304477 39.3698718270 20.3877539598
10.9835502532 40.0705169113 4.9226208968
11.5107760667 39.5849414119 5.3589665814
11.0710540698 39.6085256773 20.7612569707
10.9006741405 40.0734860529 21.0195894026
10.8564514857 41.5693147205 4.1518754054
11.1948549322 40.9741384793 4.5853583688
11.0536120560 40.8183059169 21.2738477268
11.1177387573 41.6542805974 21.7542100891
10.8963911369 42.2992437553 3.8432528153
11.5863854235 41.8273088417 4.3251672572
11.1543990235 42.1312568712 22.0445821834
11.3044491988 43.1952166205 3.5749957038
11.2064288017 42.6835982988 22.3821335762
11.4215498763 43.3058101498 22.8409272147
10.9930127791 44.5905017722 2.8056196953
11.6440450850 44.0231383375 3.2559211635
11.7162288786 44.3853578876 10.3490455120
11.7937155208 44.1999075564 10.1806220221
11.8028357210 44.5129031166 10.2322760966
11.7715617051 44.2488129057 10.4819113164
11.2888318286 43.7434167250 23.4061465851
11.2098455711 44.2375657865 24.1557984556
10.8942699296 44.5894362417 24.6850148205
11.4849333210 44.6145743886 24.6447619128
11.3176676437 45.3978690031 2.4840668046
11.7806819053 44.5618084659 10.5335653909
11.1014947952 45.1170401026 25.1874017007
11.4042415444 45.9123808583 25.8316696604
10.9213633248 46.8427096931 1.8591977296
11.5905527809 46.1747821965 2.1851482501
11.6397589906 46.7596484508 26.2667550008
11.1493614355 47.6557637613 1.6124450153
10.8043927866 47.2975007051 26.6428960081
10.9133171929 48.1075604945 26.8587420387
11.3659031101 48.4400268136 1.3957867553
11.0162208402 49.0057233690 26.9578202446
10.9035199551 49.9062946963 0.9511325751
11.5662656748 49.1867096958 1.2038148821
11.0756900653 49.9509324963 27.0021999695
11.1890659484 50.7632126424 0.8871516443
11.0422758421 50.9008409740 27.0286946396
11.1929644171 51.8630203925 0.8407935399
10.9875273489 51.8344884819 27.0135197095
11.3882874025 52.9515313567 0.8608087869
11.0702985785 52.5458797985 26.8932554105
11.4724501645 52.0771483690 26.6940083901
11.5529134911 52.7644555417 26.5331836638
11.3214200568 53.8215875895 0.9022578875
10.9319327401 53.3632270895 26.8671353718
11.6499980246 53.7570999077 26.3369945720
11.7308147791 54.3775544565 1.1066032323
10.8915448880 54.4481958988 26.7931356853
11.6922984892 54.9989140342 26.2668315122
11.3679322895 54.8809460668 1.4440718577
11.0316848601 55.3092487926 1.9778499008
11.7095370963 55.6317149124 2.6057927273
10.9207706367 55.5074570400 26.7668253243
11.5410969188 56.0275196580 26.4303173858
11.5141546865 55.8833509708 3.3532400852
11.3948357553 56.0504422893 4.2112563930
11.3357834761 56.1518803543 5.1626258468
11.3071916550 56.2098829241 6.1650813583
11.2903576061 56.2343824356 7.1762854483
11.2853745244 56.2303451722 8.1785719227
11.2838736406 56.2090313793 9.1810480171
11.2620480513 56.1858509973 10.1857189724
11.2171709120 56.1668346294 11.1586434353
11.2183939410 56.1234787997 12.1145731099
11.2198268373 56.0732832727 13.1152315481
11.1791391507 56.0520229911 14.1465786448
11.1684377161 56.0540039875 15.1882819347
11.1881025588 56.0985902368 16.2668306338
11.1463879790 56.2425102223 17.3459382723
10.9517682425 56.4798768254 18.2927816603
11.6410654219 56.6468320528 19.1250747870
10.9956804160 56.2962544676 26.7703535323
10.7491417048 57.0101967739 26.8516032921
11.4309632942 56.9057578339 19.8649674680
11.2835932697 57.1170025290 20.6765575015
11.1239229696 57.3160372357 21.5358034637
10.9021891806 57.5366499374 22.3678923516
11.5731014594 57.6878202620 23.0726314286
10.8430024940 57.6217312595 26.7922153756
11.3427722626 57.9021729952 23.7765456696
11.1037054597 58.0752904934 24.5168909194
11.3152161442 58.0713182552 25.1247944476
11.0422365911 57.8122580523 26.6852234226
11.1061104342 57.9058654556 26.5493675165
12.0340054826 1.3992076390 34.0915075471
12.4068881023 1.2149996162 34.6870921695
12.2155473714 0.9376595205 35.2699729232
12.0538531384 0.8155846840 36.0866659297
11.8574050132 0.7848665433 36.8422874018
11.9734692278 0.9817711686 37.8696485217
11.7374772263 1.0431684719 38.9941482182
11.9942042359 1.3371799634 39.8552412924
12.2825598351 1.5847231598 39.4785685851
11.8795816370 1.2712579761 40.1942039653
11.5419977383 1.0737633360 40.2086574572
11.6356997944 2.5187960889 32.8390851278
12.0414581226 2.0083292655 33.6627508431
12.3268968213 1.7435911801 39.9814895021
12.4823589859 2.0613143969 39.7972935529
12.2480495328 1.6890474125 40.2437953885
11.5829526388 3.1271432184 32.1895051995
12.0010732876 3.1228669066 32.6921459178
12.2599921472 2.9863408347 33.3861600322
12.4538953487 2.1045213412 40.1404330431
11.5394575100 4.5280446884 20.2711405574
11.6913807493 4.4677172438 20.9545612323
11.6688900189 4.5126612609 21.4924704590
12.0238805041 4.7654015449 21.3617653078
12.1008595854 4.5599539029 30.8867499350
12.1866190643 4.1717204063 31.5852244596
12.0944704782 3.6863966131 32.2602722719
12.2259148815 3.4187203331 32.8535263626
12.2476311511 4.7815327826 33.5257915274
12.1867465041 4.6691618198 34.3639075968
12.3860829908 4.1837072798 33.9610372273
12.4200135076 4.1302853723 34.5466313049
12.2533036980 4.7499025651 39.3026471340
12.4761795661 4.0871039501 38.9870738859
12.3411978578 4.4919683875 38.6324071360
12.4673814410 4.1206676566 39.4750528096
11.6987542252 5.4273493473 17.8315583979
11.9430809947 5.4462174760 18.2123097557
11.9376077955 5.2561218655 18.8559122259
11.7992545578 4.9033189235 19.6415057922
11.8620904433 4.9234183999 22.0214471133
11.7951028279 5.2385798162 22.6754790173
11.9655160296 5.6494182656 23.1285520932
11.8918949160 5.3245159468 29.9229601699
12.1825806647 5.0448522330 30.3477456849
11.7912470488 5.5533587139 33.9564371837
12.1340520939 5.4832568772 33.1218766686
12.2867633284 4.4548031009 35.0019505857
11.8764765473 5.1221125440 35.1407715872
11.8403245282 5.2071731193 36.2854622123
12.2975459166 4.5055260769 35.7680556706
11.8120098840 5.4458296345 37.4445595910
12.3254621515 4.5444457002 36.8165501727
12.0090002034 5.2861302618 38.5931550801
12.3272284503 4.5575545684 37.8670516636
11.9771446821 5.5188246438 39.3872919962
12.3555070586 4.5631542681 39.8335194231
12.1236175249 5.2650684388 39.9254233940
12.3562547303 4.6804892912 40.1446033336
11.7716557415 6.8277073185 1.4711037117
12.2221400760 6.7812382269 1.8989045359
12.0521533604 6.4719221354 2.5143872500
11.9170679028 6.3242203645 3.2719424379
11.7108362389 6.2605176738 4.1503991643
11.8065139818 6.4015918933 4.9943794087
12.1219045915 6.6217516609 4.7833814901
11.6294487609 6.4702290711 5.6294328173
12.1127194147 6.6514545082 11.1786887488
12.2622254302 6.3933554841 11.8633986237
12.1472084331 6.3067300273 12.5060989117
11.9834956129 6.2673369052 13.4220224467
11.7674684567 6.2161773779 14.4474740642
11.9121389717 6.2945524725 15.3532354023
12.2598249024 6.5554339458 15.1090523418
11.8218732316 6.2105605164 16.0723059653
11.8537520350 6.0492140478 16.9731403012
11.9694233428 5.7705978086 17.7658943328
11.7484945394 5.9567285741 23.6518896156
11.9818253638 6.5058184068 24.1936615767
11.4967688191 6.2360878485 28.7448953188
11.8678963081 5.9050757654 29.4368069193
11.8022673454 6.3549023655 32.8976127191
12.2433118629 5.8439531910 32.5399504456
12.1741119548 6.4433893185 32.1919399724
11.5263635138 6.3010252527 38.3280709281
11.7534221303 6.0390809088 39.0852025231
11.7172417741 6.2847216413 39.8037454422
12.2310261854 5.0836126003 40.2389386939
11.9239382592 5.8488706559 40.1538754681
11.7040705432 7.2900920377 1.2307652024
12.1551872926 7.0240077344 1.4542974101
12.1106136279 6.8097300167 5.5575929749
11.9527489146 6.9405933063 6.4957165195
12.0768938968 7.2090577162 7.4454269026
11.9863075118 7.2206018742 8.2230920117
12.0098663891 7.1991822176 9.2286366977
12.0620899834 7.0137719802 10.1871530013
12.3031714261 6.6409651816 15.9094856428
12.2579053370 6.5193380096 16.6836673142
11.8168291221 6.8701991216 24.9475162470
11.9754554839 7.2532469140 25.7191750729
12.2438419761 7.4713073103 25.4021790087
12.0110591665 7.3595888403 26.4400173058
12.3687595454 7.5232635413 27.4218655590
12.0808560900 7.0624816676 28.0387730058
12.0198362750 6.5872708399 28.8319734015
11.8791446679 7.2889263571 31.9807611676
12.3036613891 6.7993817002 31.6228036905
12.2671291913 7.3702891148 31.2859162961
11.2367875025 7.0895635804 38.5518306251
11.4506573815 6.8291378102 39.1705494462
11.5874230620 6.6437274086 40.1900151163
12.0919015263 7.6631276038 1.4280719766
11.7911055254 8.1135200474 1.3768600497
12.0868887561 8.1278309128 1.7327201372
12.3628081818 7.7533786197 26.1163744724
12.5007134948 7.8283174421 26.8110205066
12.0676259573 8.0654357905 31.2349641300
12.4269275085 7.7738365581 30.7539309523
12.3855816545 8.5719768571 30.5496514079
11.5086832911 9.2161130493 2.5230162269
11.8401697960 8.6517284117 2.1014256730
11.7081364253 9.2896778449 3.3713738514
12.0735726386 8.6962530921 2.8816889040
11.8243962030 9.3848038793 4.2965797154
12.1731019868 8.7307614606 3.7407629327
11.9474815278 9.5862269215 5.3144469314
12.2326377730 8.7597183070 4.6701768069
12.2006954481 9.4532526842 6.1020692554
12.3112200711 8.8018087792 5.6129883405
12.3429293926 9.6613747376 6.7253546929
12.4227133052 8.9277519976 6.4711682184
12.5546455226 9.2224300554 7.1430833898
12.4935366144 9.5588151191 25.0552340506
12.5675401493 9.0710378140 24.5905496861
12.5901894968 9.6837067572 24.4707700776
12.5141222529 9.5299957893 25.5349074874
12.5332162324 8.9824273798 25.1989273936
12.5975324315 9.2056801407 25.8055971896
11.8949038737 9.0032123617 31.0635008493
12.2871910188 9.5717428946 30.4467852136
11.9892475033 10.3772241796 6.1878921740
12.3683032206 10.2851255134 6.9530983550
12.5567503194 9.8098942449 7.3028081767
12.5200836893 10.0512244159 24.9848140329
12.6349299132 10.3503498505 24.6649082676
12.5246397477 10.0234429053 25.4701050469
12.6462925552 9.8557496898 25.9998758791
11.7518922622 9.9473430687 30.9311437253
12.0818439560 10.6881003041 30.3932221791
11.7987503871 11.5941277139 6.3585815529
12.2885006961 11.0799491271 6.9273375692
12.6245388069 10.5903761726 25.3072872765
12.6734216525 10.4737333637 25.9003841033
12.0176127862 11.7137134067 30.1904443812
11.7082428693 12.7528957947 6.6630390973
12.2183340485 12.0620210648 7.0254561187
12.0288623302 12.3678076416 29.9871990416
12.2812299792 11.9853541000 29.8332522079
12.3877023788 12.4996052459 29.4536891879
11.3985131206 13.7259739661 6.7765895581
12.2129467668 12.8107939815 7.2518985614
12.0181165778 13.5974193349 7.4274518796
12.4450737115 13.1114948067 7.7090659265
11.8789391020 13.1586848609 29.8819876547
12.2394469822 13.6018900277 29.1844727718
11.4697322236 14.5122898914 7.3941118242
12.5910827687 13.6810103151 8.2821657489
12.1050902696 14.5002848788 8.1115839664
12.5887357431 14.5124230716 8.7256806434
11.6994067586 14.3095704656 29.6658051303
12.1127449030 14.5009569685 28.9521928050
11.5565085320 15.2861358818 8.1101477085
12.2432066414 15.3243703587 8.7922970196
11.6793469171 15.4635620678 28.9537296958
12.2431585969 14.9463313557 28.4233974911
12.1595606198 15.5400609393 28.1489421523
11.3300615719 15.0877647066 29.7877498256
12.2549060271 16.0274114230 9.2030936816
11.8605016418 16.2059758769 28.0584485862
12.2744063359 15.9263992916 27.5910108356
12.0520206103 16.7304671372 27.2612673198
12.1526476875 16.6247554219 9.6116627104
12.2062974833 17.1614483016 10.1850948459
12.0084309210 17.4116180448 26.7535549977
11.9127998106 17.6223512435 10.4479422185
11.5996752516 18.9042069500 11.6468877606
11.9425492510 18.0634844813 11.1133034372
12.0690362211 19.0029554014 12.2555619010
12.2509590293 18.3434842388 11.9548409616
12.4333341601 18.7025799699 12.6032114521
11.7565191844 18.6466591942 25.9518601041
12.2094170086 18.2016992731 25.7781304724
11.9859377741 19.1141939804 25.3764405689
12.2314457113 17.6216393076 26.2403568021
11.6834769894 19.6244028124 12.2039795291
12.2839755761 19.5984812235 12.8182418328
11.8338600818 20.0382893191 25.0047225257
12.4958019014 20.7804143287 13.0427214639
11.8106657533 20.6161076380 24.7766297778
12.1361413081 20.3026390208 24.6827233688
12.2017534984 20.9431621325 24.3589850225
12.0620107177 22.1367407622 12.2318083528
12.4265198790 21.5327991502 12.6283591114
12.0915070874 22.1229814487 23.9973803835
12.1463904230 22.8301443085 12.0100920710
11.9141001309 23.0692673870 23.7457477880
11.9688372100 24.1351633516 11.3756514335
12.3072420680 23.5439214495 11.8020939663
11.7643034741 23.8329517700 23.3919250341
12.1605850772 23.3003200438 23.4074797254
12.2753762041 23.5976602849 22.9819805306
12.1451923132 24.8805539218 11.0143358766
12.4477320029 24.2796189109 11.4772190502
11.9490410103 24.7840293922 22.0327080589
12.4291119079 24.5177554180 21.5263949999
12.0269468168 25.3359090773 21.2301832157
11.8661143907 24.3275434495 22.7428796834
12.3796714478 24.0640742028 22.2571570268
11.9507453291 26.0390227948 10.0225792817
12.2384763612 25.5678340041 10.4725908004
11.7838363901 26.2429498841 20.8127844883
12.0025816811 27.2641671954 9.1716261049
12.5097188556 26.5837853518 9.7490533688
11.7060404006 26.8679997161 20.5277595889
12.1204420143 26.4853222966 20.2659901621
11.9256709846 27.2990866713 20.0101287856
12.3508794235 28.0402940313 8.7997667186
12.4498093703 28.2452302688 14.6320529466
12.6000295685 27.6826515270 14.2686713690
12.5745517601 28.1258408804 13.9484797691
12.4193653842 28.1566400569 15.5029406574
12.5464572608 27.5465089445 15.0050108017
12.4529915229 28.1847005252 16.1595781269
12.5360754954 27.5720178382 15.8668984799
12.5516918723 27.8600241231 16.5431975236
11.8393432841 28.3048237334 19.6826985747
11.8306512616 29.3799616546 8.2000367892
12.3205724856 28.7891432077 8.4874276175
12.5423356986 28.6636633494 13.9908551645
12.7030155929 28.4456490670 13.4973006484
12.7499807789 29.0293261227 13.4879546660
12.4763599451 28.8718991190 14.5335638014
12.4278123235 28.7736352364 15.2193031352
12.4304394426 28.7004745000 15.9716860248
12.5164685062 28.6726406411 16.6922142375
11.8779735205 29.0547964164 19.4441405256
12.2055231425 28.5488287829 19.1569776262
12.1937069844 29.3007295667 18.9286030773
12.1075418295 30.1833335245 8.0646434048
12.6744171141 29.3161214366 14.0684993442
12.6107407652 29.3917546611 14.9012588162
12.5416618366 29.3002606181 15.7821059199
12.4995320222 29.1055459666 16.3165234797
12.5684489305 29.9860842145 17.3308052928
12.5478293840 29.9284053785 17.4645931967
12.5626941039 29.7446723795 17.3490037946
12.5434628653 29.8498469242 17.6131881864
11.7329192706 29.9649016186 19.3497272188
12.1694973481 30.0623877932 18.7774645287
12.4586559610 30.9781313615 8.0162747928
12.5560399218 30.0605351198 17.5013406868
12.3790487413 31.3028579820 18.1778777719
11.9749973072 30.9022161493 18.9154901306
12.3343611085 30.4776253840 18.3410958822
11.4685389193 30.8678135494 19.4631543876
11.7830978840 32.1451488978 7.2819771176
12.1889957799 31.8219457892 7.6340222314
12.0066160192 31.9931108237 18.7807229223
12.4412148523 32.3669115283 18.1111164056
11.5249545219 31.6975497851 19.3509295678
11.1928229960 33.4768512331 6.4960885067
11.6755543844 33.3063349566 6.8411726953
12.0722108591 32.6154323156 7.2913839180
12.0400133423 33.0209980470 18.7414653785
12.4698299856 33.4171752921 18.1469598561
11.5689152488 32.6750453443 19.2968702096
12.0290413476 34.2086233463 6.9100592251
12.0756156081 34.0145525154 18.7600936144
12.4885970334 34.4131751174 18.2211734945
11.6222481545 33.6425855546 19.2891815525
12.2548891703 35.1578590036 6.9300693972
12.7079671982 35.1918684462 10.3801769467
12.7828968661 35.0667140833 10.2313598196
12.7501704907 35.3640001105 10.2382863225
12.7637539311 35.0799634044 10.5615516820
12.1360387469 34.9381764439 18.7931245278
12.4786748371 35.1850440784 18.3524069369
11.6678224623 34.6108445877 19.3286131658
12.2024937907 35.8470425817 6.8295345775
12.7310275557 35.3772494316 10.5684781849
12.2663792280 35.6314966901 18.7385157648
12.2627660950 36.3892447877 18.8912111306
11.8013603167 35.7076760133 19.3310110006
11.7478648558 37.2478597602 6.3379343660
12.2021874469 36.5597816695 6.8035063253
12.5036088716 37.7557971840 9.3062668474
12.5961398955 37.3027120317 9.1310005126
12.5212676666 37.8399401936 8.7885526511
12.5867177821 37.3591227365 9.6025995478
11.8374275909 36.8409681307 19.5030350402
12.3110642779 37.3525493633 19.0313094148
11.6793971428 38.0578346217 6.0923192308
12.1767333271 37.4906924208 6.6466272507
12.4139459634 38.4947650475 9.2244803195
12.4444241207 38.4990637864 8.5675848318
12.5063871832 38.0050190090 9.8153452081
12.3488621418 38.6495408652 12.8525259031
12.4928139523 38.0497250293 12.2937680326
12.4111397601 38.7596398544 12.0378897963
12.3670424758 38.5584639430 13.6277625440
12.5021119772 37.8761532088 13.0121792530
12.4628985550 38.5254622752 14.2388313903
12.5631422608 37.8960674967 13.8452140365
12.6565494566 38.1478110527 14.5155170670
11.9372230893 37.7955234073 19.6015201167
12.3382529810 38.1294359358 19.2068647522
11.9167476846 39.0403437880 5.9185241831
12.3417449386 39.3551082827 8.7780568158
12.4550390571 38.8971320103 8.1130453418
12.4153440465 39.7230175330 7.9654132012
12.3289553129 39.3275992450 9.4896848600
12.4234965529 38.8684135016 9.9307164101
12.2692379051 39.4913228783 12.6257345647
12.3408081655 39.6145649508 11.8115698173
12.2610787025 39.3463083974 13.4600425858
12.3688516630 39.1913197314 14.2118802304
12.6029303855 38.8739983976 14.8182780054
12.1115460890 38.5077072685 19.6061616888
12.1011441447 39.1939008537 19.8511814235
11.7802565275 40.4223777186 5.1691701859
12.0608202663 39.8598376699 5.6718239087
12.2699067238 40.4520524875 8.6850139351
12.4038277892 40.7252097535 7.8743193979
12.2405507844 40.2325774175 9.5896373129
12.3442835854 39.6863904122 10.0567179856
12.2348364863 40.4582111210 12.2966034428
12.2877644254 40.2677844389 11.5329045230
12.2318380357 40.2248859790 13.2523466185
12.3155047477 40.0377460605 14.0878275572
12.5230110105 39.7987663825 14.8718217162
11.4947856941 40.0934940638 20.7154402761
12.0299001404 39.8920942319 20.2183494970
12.2227910461 41.4733363240 4.9924181785
12.2390448625 41.4611768827 8.6120325057
12.4227637214 41.6890282411 7.8674672764
12.1426252448 41.3179500859 9.5002706990
12.2762706246 40.3132553426 10.3148116451
12.1742557634 41.1144710297 10.5123727376
12.2114650340 40.9885388922 11.4972690376
12.2845764804 40.4298056712 10.9212690031
12.2332322691 41.4807211869 12.2562342102
12.2683231303 41.1195878093 13.0643202903
12.3265380969 40.8751564525 13.8896771404
12.4641082360 40.7008186645 14.6923392088
12.1464372800 40.7958860984 20.5617676210
11.6994480472 41.4190849470 21.2918126678
12.2851883013 41.7476110478 21.0375509703
11.8666307077 42.6362745783 4.0938301475
12.2449999077 42.1765031587 4.5399147864
12.2594242172 42.3356095290 8.5493741641
12.4368789417 42.4446841369 7.9771736592
12.0948531083 42.3545840454 9.3813520295
12.0673264544 42.3027645700 10.4033063628
12.1720495691 42.0705480305 11.4932701240
12.2869321445 42.2312733385 12.3151389440
12.3454801252 41.9459417755 12.9493093487
12.3951782101 41.6542960534 13.7265657383
12.4527654487 41.3732052524 14.4004574789
12.4555109875 43.0326313126 16.3005801266
12.5500214906 42.4432293523 16.1147232588
12.4389782816 42.8794576099 15.7537304475
12.6365296262 42.5439218579 16.6849205283
11.7267982395 42.1213437747 21.7104470905
12.3667534184 42.4068253861 21.3797976232
12.3401156167 43.6373046707 3.9201646868
12.3323383534 42.9514831224 8.4365096456
12.3290214440 43.7133620881 8.6643692494
12.1406582734 43.1939739808 9.1396232851
11.9472379335 43.5586832757 10.2193382105
12.0925168212 43.3479579756 11.4378098717
12.2739816770 42.9051136589 12.1790835732
12.3216545757 43.6971248778 15.6610934897
12.4196433107 43.0930848550 15.2075673003
12.3516197100 43.6271077349 14.8431809345
12.3995227678 43.6695758094 16.4673226212
12.5926328137 43.2553434896 16.9846942855
12.0790748273 42.8054733566 21.9241839276
11.8762719729 43.1735053283 22.4321782122
12.3934824615 43.3259915942 22.1321405382
12.0319128316 44.8304004447 2.9382824968
12.3495887866 44.2946057483 3.3774604864
12.0413533226 44.2828575794 9.6680312196
12.3809743261 44.6867100142 8.8798077533
11.9387132059 44.5091620578 11.1542543984
12.2503157798 43.6060321562 12.3221404273
12.1473374103 44.3342902615 12.4010798030
12.3054577297 43.9130696119 12.8529635599
12.2337903643 44.4815184134 14.7051322071
12.3512878049 43.8595784130 14.2568927715
12.2828818983 44.3286895007 13.8569671239
12.2302904805 44.6107474022 15.5883944634
12.3320065265 44.3999710801 16.2829649827
12.5204537336 44.1454783741 17.0290370837
12.1577329765 43.6842886362 22.7916437887
12.1251697038 44.1634855286 23.6265068001
11.9215021210 44.4463866441 24.2706035380
12.4473672200 44.5061151926 24.0495061178
12.2001410068 45.6800896595 2.5796949790
12.2370399419 45.2614651561 9.6489153086
12.4611420129 45.5088920559 9.1055060122
11.9953768274 45.0978207772 10.4897433621
12.0468167854 45.4576635787 11.4196054295
12.0924493370 45.3055103606 12.2866507887
12.2655783748 44.3213888064 13.2358359801
12.1873738075 45.0771360056 13.5504786515
12.1940082628 45.3807618237 14.5888222860
12.2038803954 45.1672790148 15.2319214083
12.3133527469 45.3143622436 15.9961727499
12.4890129043 45.0650254210 16.8780146641
12.1957652366 44.8413174918 24.6551082664
12.1874588530 45.4313717739 25.3232330639
12.3976839838 46.1491788475 25.7814843306
11.9417135308 46.9942053253 1.9549780603
12.3116813406 46.3347250171 2.3033749856
12.4091557642 45.9345737258 9.6202700890
12.5000930398 46.4928399309 9.9898337181
12.2769227565 45.9614932188 10.2526240841
12.2086423840 46.0792720473 11.1141826444
12.2133314271 46.1554855044 12.0749234733
12.2420988146 46.1054285183 13.1212892308
12.2691416496 46.0736027619 14.2032310593
12.3002345523 45.9574190925 15.2418861390
12.4333162443 46.1162744357 16.0594864459
12.5053736683 45.8357499755 16.6375898831
12.3344368193 46.7713330287 26.0893402470
11.9336676014 47.8244166538 1.6828641921
12.4733023351 46.7504435007 10.7641897107
12.4491234677 46.8863653929 11.7524592353
12.4417518269 46.9336031761 12.7947010842
12.4428479577 46.9143452826 13.8614838367
12.4607296362 46.8240025447 14.9060379331
12.4979068906 46.6527383250 15.7342794067
11.4899515230 47.5473029593 26.5869215605
12.2412224889 47.4974643112 26.2711186424
12.2851067917 48.6013113298 1.5849050612
11.6758657847 48.3155411976 26.6407050774
12.4440381002 48.6305972893 26.2391875278
11.7371236490 49.8739295859 1.0793440995
12.2060289092 49.3742464683 1.3249565208
11.7401887279 49.3163864341 26.6669057835
12.3440618011 49.7807182629 26.2678303878
11.9801048354 50.3826029610 1.0910909819
11.9381315798 51.1250843144 1.0564700208
12.5191869465 50.4662013791 1.3280814537
11.7044392191 50.3394339328 26.6806080429
12.2451919619 50.8392748943 26.2596451664
12.0136683143 52.0830041278 1.0345580936
12.6048898941 51.3872969283 1.3006594581
11.6112742480 51.3158938675 26.6803943416
12.0709933887 51.9417864554 26.2604012033
12.1997646296 52.8737958010 1.0277090435
12.7424634200 52.4023662313 1.2464786252
12.1130146470 52.9081251740 26.0808919951
12.1912237243 53.7219370851 1.0140837888
12.6612728990 53.2121514005 1.1264067052
12.2211928289 53.5467878398 25.9024489833
12.5359642678 53.0884829573 25.6859161332
12.6337666626 53.6949329634 25.5132043530
12.4092451613 54.4281177791 1.1837692816
12.2165868788 54.2583367940 25.8521904378
12.6867169476 54.3759428456 25.4089836160
12.2164274307 54.8661282709 1.4639103805
11.9625479777 55.2888539352 1.9662880402
12.5401779713 55.5802133513 2.5465058579
12.4619669927 55.1285888920 25.6110357733
12.1371786323 55.8519915604 25.9431482524
12.3970786956 55.8136882540 3.2466224809
12.3177201303 55.9483276313 4.0869981143
12.2716521589 56.0302540072 5.0517026754
12.2354462033 56.1125961937 6.0792488146
12.1870438327 56.1850243872 7.1022669313
12.1548547861 56.1997861206 8.0748925768
12.1711539858 56.1513786713 9.0169061998
12.1753842528 56.0758275085 9.9963749752
12.0946077822 56.0249586564 10.9924416917
11.9375902294 56.0150631701 11.8157880805
12.1482484142 55.8332474825 12.7126265382
11.9966580321 55.7826547783 13.7920140187
11.9345173754 55.7565694205 14.8077049653
11.9626167302 55.7699387990 15.8709060781
12.1300428091 55.8653401235 17.1095166823
12.0313201209 56.2710162506 18.3566300185
12.3497513672 56.5166905078 19.2323536873
11.3690493720 56.7299584678 26.5589342609
11.9325203565 56.7477796898 26.0673628793
12.2226955565 56.7623879756 19.8057466973
12.1443374299 56.9595285796 20.5494218859
12.0516939503 57.1555120620 21.4267897618
11.8533357081 57.4113728106 22.3073897132
12.3771469184 57.4978440199 23.0168595343
11.3687579673 57.4561829356 26.4479652648
11.8910782042 57.4531197669 25.8422158806
12.0707978415 57.7433582752 23.5948176917
12.1268621471 57.7528882609 24.2606190291
11.5750161543 57.8233028146 25.8730582921
11.9091766270 57.7472074780 25.1580125500
12.5731577571 1.7068315395 34.3994988583
12.8950969425 1.4998485854 34.9281666813
12.8653527189 1.2455364109 35.3947131101
12.7537914370 1.0921701581 36.1009869577
12.5674853951 1.1241138742 37.0479880901
12.6311053273 1.5590160332 38.1132476876
13.0247052784 1.7427746411 37.4236226997
12.3031908542 1.4031767222 38.7622695086
12.0948643017 1.5393124371 40.3631747405
12.6930520408 2.5324489058 34.3926590046
13.0377150537 2.0004581815 34.9318816290
12.8918637354 2.3415368271 38.2240027583
13.1673866085 2.4322008294 37.4388743622
12.5951546232 2.1177844182 39.1045910883
12.4441917226 2.2098663930 40.2994939675
12.5543470870 3.5379926891 34.2454571406
13.1020965130 2.5441601842 35.1045170399
12.9143229498 3.1830694745 35.2130036214
13.2254543058 2.7854685659 35.5706646033
12.9153322440 3.1104932890 37.9679708591
13.1215076025 3.0202274138 37.2498035897
12.6631983099 3.2879244249 39.0445119539
12.5822462714 2.7833411289 39.9373688903
12.5863553692 2.8774103191 40.2621262884
12.1303185020 4.9617960719 20.6546145881
12.4841963444 4.6105233761 31.4095630521
12.4303306601 4.4093525396 32.0691666863
12.3719976456 3.9773939163 33.1069556343
12.5695009639 3.9284012147 35.1544143343
13.1346455711 3.1534869480 35.9340628396
12.7737313372 3.7705933634 36.1290949416
12.7781246577 3.7381657546 37.3057905388
13.1351421032 3.1870089760 36.6044395474
12.6042439719 3.8709504116 38.3256627399
12.5227222578 3.9329874062 39.9344142575
12.5799808992 3.5341564446 40.2100911356
12.3553252441 5.9140116650 18.6783740518
12.3811571225 5.5818064949 19.8573836255
12.5350573962 5.6714352423 20.9164010674
12.3691746864 5.4344850580 21.6988766430
12.2157276503 5.5823534009 22.6202149069
12.4331119114 5.5535047626 30.2470871049
12.5941788338 5.0800406696 30.6717541365
12.6761784234 4.9440688513 31.0582440605
12.8261224234 5.2702589643 31.0232023530
12.6524610595 5.1374157430 31.5438107439
12.4194870685 5.0612357717 32.5477653976
12.4535249004 4.3604851713 40.2523753054
12.4605800252 6.8477567116 2.5162255115
12.3724528348 6.7787960831 3.2077930284
12.2432712356 6.6952099797 4.0858292876
12.5279178381 6.5742092141 11.7711976264
12.6491880555 6.5864517688 12.3280773802
12.6806318185 6.6923302757 13.3304708603
12.4363935741 6.6446843252 14.3598177290
12.4690605402 6.5928923854 17.7368058668
12.6955587515 6.7092246399 18.8334717751
12.7057813530 6.4967748340 19.7008692036
12.7276427255 6.3905552797 20.7346558277
12.6932679888 6.3271675398 21.7074104036
12.5567121712 6.2985194308 22.6237289670
12.2736070987 6.3105835650 23.4908996819
12.4680839891 6.4548661936 29.8564951572
12.7761697112 5.3631114956 30.7358420449
12.6812724951 5.8075752790 30.8604988932
12.4869103445 5.9915691128 31.7568178867
12.1938499653 7.2687404040 1.3771053008
12.4634808330 7.2281128144 1.6955436078
12.6291109161 7.1403592311 2.1924515107
12.6829229740 7.4970183091 2.2754448263
12.5864631030 7.4510590438 2.9651299207
12.4997561243 7.3424692188 4.0428253177
12.3968584775 7.2638167828 5.0979695622
12.3796156363 7.4919244578 6.2487309351
12.4122821510 7.6352228218 7.2391545017
12.4821885310 7.7420057142 8.1777661784
12.5462312928 7.7614065257 9.1691251643
12.6900190543 7.6400228854 10.2609823271
12.7264941119 7.2444238795 11.0557191616
12.8734052898 7.0046116502 11.9007941230
13.0803057559 7.0732943112 12.8429710283
13.1475408960 7.2174758124 13.6070910383
13.3194264412 7.6586090138 14.0866817502
13.0018211443 7.3025687148 14.4130424666
12.7146431946 7.1924203459 15.4875991048
12.6685356552 7.2130039068 16.7773929469
12.8071445187 7.4495258143 17.7557910252
12.8493752787 7.3841479280 18.5549417064
12.9132950805 7.3932010437 19.5638153195
12.9005830002 7.3208778169 20.6264599645
12.8469916196 7.2391893337 21.6600523181
12.7581511057 7.1696241909 22.6101062829
12.5989736151 7.1845806794 23.5365657523
12.3441704951 7.2521250764 24.5353806148
12.5433687895 7.4298867186 28.1553451790
12.6063546655 7.3096174302 28.9793766380
12.6476742505 7.1500674926 29.8777114619
12.5505700935 6.9119688427 30.7573931382
12.4052296911 8.0359055599 2.4175845364
12.5130804016 7.6390746013 1.8911041359
12.4180697258 8.1920711097 3.1937285745
12.4635148963 8.0719448310 3.9408916818
12.4536550961 8.0431824827 4.9155662004
12.4700044276 8.1335042539 5.9341232012
12.5738735570 8.4170081513 7.0269783549
12.6826676756 8.3277645385 7.9065309436
12.9015029136 8.6767249398 8.9521057471
12.9784293096 8.4635212097 10.0360588185
13.0712021735 7.7995695083 11.1247636388
13.1557519862 8.3710211938 10.9316461567
13.3224803118 8.2529758815 11.5797361507
13.3135781219 7.9516600839 14.6666750944
13.4195306344 8.4861254602 15.0928994621
13.1727515731 8.0805546627 15.4360394525
13.0092523588 8.0520666707 16.4505225605
12.9861346762 8.0789566897 17.4648650003
12.9958470241 8.0041324879 18.2583826489
13.1113870702 8.2893760582 19.1955007950
13.1052063115 8.3643069072 20.4861546677
12.9734348472 8.2292542071 21.6211609949
12.8454368834 8.1065293000 22.6311718390
12.7348334032 7.9228193497 23.4052387609
12.5982510738 8.2304597162 24.4009886858
12.5499944885 8.3195697806 25.6056804710
12.7327009314 8.4004819915 26.6472573625
12.8506698214 8.2167719155 27.4176381331
12.8860137285 7.9354670620 28.2307169850
12.9699913327 8.0539979850 28.9942140491
13.0822335742 8.7062994764 29.2297284547
12.7310416259 7.9377954358 29.8866779277
12.8273458225 9.4098095693 7.9964295058
13.0973577797 9.4303475369 8.8631814141
13.1698070374 9.3944112046 9.3408995362
13.2825082163 9.9886129707 9.6855595555
13.1703062898 9.3064200340 9.9076782219
13.2856673207 9.3028868183 10.8361394156
13.4274800207 8.9798576378 11.6385600625
13.3999784062 8.8076138595 15.6708986921
13.4929365364 9.3579743221 16.1683856254
13.2900338208 8.8092685604 16.3187036182
13.2290765657 8.8529076223 17.2458512708
13.2204927530 8.8031909432 18.3045545333
13.3388937362 9.1041730022 19.1944771524
13.3255134288 9.0564752761 19.9900809314
13.2996268127 9.1764235954 20.7786140807
13.3633562537 9.6545216532 21.2071775385
13.1608143061 9.2519316529 21.6023415272
12.9353628912 9.1541341150 22.6788410072
12.7246370439 8.9062977821 23.7264663686
12.8301783574 9.3277549092 26.5088655926
13.0754527909 9.0239540753 27.3438663583
12.7651313557 9.0814792006 29.8783919555
13.1141353707 9.6058255211 29.2552735692
12.6759376685 10.5556872003 7.5895198066
12.9956709451 10.4386014702 8.2475700801
13.1519309545 10.0605329354 8.7282487401
13.3289825913 10.2754318126 10.4807090970
13.3402557918 10.8959921229 9.8878213665
13.4233262057 10.1629179055 11.1968266307
13.4834319641 9.7491271106 11.5999230920
13.4689166867 9.5800962435 16.9898853979
13.4517989807 9.6300233540 17.9889732500
13.4526000062 9.5634645834 18.8074729686
13.3078759837 10.0264543458 21.7593634320
13.3684277252 10.7861231120 22.0342745412
13.1115845563 10.2848035504 22.6374889338
12.8138834027 10.1348089786 23.8111007337
12.9150437353 10.4841766959 26.6512494588
13.1664026811 9.9553609633 27.3593221722
12.7003359716 10.1405849842 29.8151920607
13.0795510027 10.5489880265 29.1742655879
12.6193546890 11.6196242104 7.5529222402
12.9552950266 11.2778447694 8.1608254549
13.1904850551 10.9174203436 8.7425449876
13.3642354320 11.4982187811 10.6834888669
13.3484266560 11.8915277420 9.9643583793
13.4391819770 10.9486676898 11.2273563886
13.2306547601 11.3927746197 22.8501741718
13.4518867846 11.7027603304 22.2363019829
13.0220670580 11.2747025716 23.6968861906
12.8259796047 11.2321967123 24.8281772900
12.8296828454 11.3022624131 26.0697998230
13.0188457924 11.4610274346 27.1546223147
13.1983825667 10.8346294458 27.5262318937
12.5940873152 11.3611734644 29.6119170535
13.0505941601 11.2708431222 28.9575687299
12.5451739058 12.4711450863 7.6028008390
12.8766175611 12.2031612852 8.1390864741
13.1550261794 11.8646757676 8.7447390010
13.3533057814 12.4742661578 10.6167022621
13.3508461600 12.7908963728 10.0368645047
13.4257053621 11.6855708470 11.3768526176
13.3892120686 12.3823277219 11.4091688648
13.4642412706 12.0690649032 11.8242089521
13.3417135740 12.2243286141 22.9562363312
13.5070530497 12.4538301407 22.4946058132
13.1803442841 12.0545094125 23.5341410178
13.0990325187 12.4925702164 24.5224943816
12.9326425148 12.3793326612 25.7808647025
12.9175279628 12.3265942671 26.8981075873
13.1721836899 11.4438826967 27.8305310757
12.9687961276 12.1588146629 27.9382177707
12.8425303446 11.9853009627 28.8593599330
13.1573587305 11.4969365703 28.3991572761
12.7295087966 12.9062939540 8.0872259201
13.0318721159 12.9437514723 8.7723529389
13.3721239011 13.1496613929 10.5696566249
13.3727862579 13.5209455742 10.2466876023
13.3883328171 13.1560997452 11.2227695096
13.4621208185 12.5432584895 12.1080966494
13.4514993195 13.1719929137 12.1385391968
13.5348958071 13.3779678810 12.8866951217
13.5393109568 12.8348196640 12.7212418493
13.6162750610 13.2003318970 13.3225004750
13.4500374704 12.8218379321 23.0069481675
13.4821702947 13.2678307136 23.3395504559
13.3178998156 12.8063376703 23.6378773646
13.3011959615 13.1844303260 24.2366269719
13.2359060062 13.4024271819 24.7672584005
13.2688138266 14.0849514389 25.0050394970
13.0609016995 13.5252772757 25.6198523587
12.9016287065 13.3077987013 26.6977836880
12.8072126560 13.1708335394 27.6762423287
12.6564405514 12.9456544729 28.6061489372
12.8362855235 14.9184452357 9.2492443601
13.0120113448 14.0907185421 9.2114594480
13.4169035195 13.8159639367 10.9102443399
13.1206206499 14.6815045375 9.6183855459
13.4786063303 13.9010148166 11.8378305498
13.5485580176 13.8902516196 12.7489587212
13.6156275153 13.7086421293 13.3729216033
13.4243688911 13.4113932929 23.8362613270
13.0675751926 14.7034170185 25.7609475810
13.2880332882 14.7696708678 25.0113717035
12.8766314446 14.3019424774 26.6339541247
12.7547415723 14.0063866332 27.4100719198
12.5142328576 14.0616532725 28.3017281654
12.6904768527 15.6317260197 9.3941289929
13.0797601541 15.2186473641 9.7856276759
13.3972884534 15.9880052194 16.8953417812
13.5450396903 15.3469578157 16.3431642595
13.4412442828 15.9858342310 16.0583844233
13.4351296827 15.8968075441 17.5160600703
13.5522436287 15.2708300660 17.0422575057
13.5625632499 15.4785517814 17.7537099230
13.1550317019 15.5618070661 25.2521835226
13.3978521198 15.1257452913 24.5584095451
13.3869972958 15.8705271946 24.3865604808
12.9062264787 15.5588427929 26.0692985908
12.8177989479 15.1343321517 26.5843098855
12.5582048895 15.0202725102 27.5270046287
12.5449426166 16.1182289853 9.5074932371
12.8674905919 16.0189229081 9.9236661429
12.9789051945 17.0009050499 11.6714451916
13.2352477802 16.3292478598 11.2701288094
12.9899433562 16.6914752447 10.9354491042
13.1654809903 16.9827171165 12.6306045451
13.3295914027 16.2903089508 11.9788000396
13.3971501373 16.3696900396 12.7394622302
13.2435827661 16.8962270677 16.6762007006
13.3349587753 16.6525269411 15.7660364567
13.3064119039 16.7053863178 17.7002749612
13.4693512309 16.1561926710 18.1485781837
13.0952500043 16.5656335424 25.0332864027
13.3493253924 16.8285435228 24.2268420046
12.8267209583 16.3446365310 25.8811862081
12.5780080184 15.9801054778 26.7933464227
12.5230190821 17.2829406610 10.8725936693
12.7167842287 16.6828485810 10.3328784546
12.5302780082 17.6922560142 11.6093600619
12.7577538877 17.8660314887 12.5022256779
13.3112645192 16.8220179833 13.2906443865
13.0652456212 17.6778073497 13.6167549685
13.1436974741 17.7133374598 14.8020442380
13.3307238926 16.9015662841 14.0648916896
13.1588306415 17.5780645927 15.9104937388
13.3432610770 16.8346663453 15.0017597185
13.1029276042 17.8213033932 16.8486729793
13.1564227987 17.6869873161 17.6048504300
13.3817167663 16.8221377451 18.4689503846
13.2627617789 17.5834062729 18.6045584987
13.4009102222 17.1145213024 19.0025770091
13.3622367322 17.9711488301 20.5835541865
13.4767401324 17.2796320139 20.3362784953
13.3740206273 17.6504342542 19.9461826459
13.4429926238 17.9319878462 21.2955303046
13.5221641192 17.2923347363 21.0012264191
13.5523226740 17.5285778909 21.6704532006
13.0513584613 17.3891332204 24.8000566957
13.2552740566 17.8218856843 24.1437605864
12.6788663470 17.3573775367 25.6052370260
12.4229199403 16.9355582071 26.4518885356
12.7319602877 18.8802701928 13.4644001703
12.9603256431 18.7018649252 14.5902034495
13.0254788370 18.6221081112 15.6753905232
13.0470281171 18.5688932479 16.6909530906
13.0769308205 18.4403201310 17.4484252364
13.1503440635 18.7292845465 18.4042983542
13.3472360481 17.5661072295 19.3824119328
13.2560990888 18.3914074897 19.6331034696
13.2854274809 18.6161689942 20.4515727487
13.3758395164 18.6578687945 21.1045683254
13.5029806176 18.2591050765 21.8340975879
12.7334305497 18.3501537406 24.9158412070
13.1452621155 18.8802562459 24.0316864098
12.7059708920 20.0609372684 13.6479182863
12.8803185761 19.7765825461 14.5121619695
12.9539044845 19.6513207740 15.5527056101
12.9969180606 19.5591329867 16.6153042852
13.0788454843 19.4017504262 17.7569876284
13.1545288006 19.3702428130 18.3534045276
13.1759598064 19.3882316046 18.6390740646
13.1750647786 19.7018436384 18.6822274159
13.1930556844 19.4937792777 19.1566638341
13.3038813947 19.4329755910 20.3508639390
13.4260609280 19.3974373155 21.2219181028
13.4870244141 19.0079076470 21.7269222380
12.5505780570 19.7134887461 24.5311451407
13.1203706653 19.7257598722 23.8446229404
12.8197327867 20.7180119255 13.6952269778
12.9637629655 20.8262346526 14.4125768267
12.9684068266 20.7031687152 15.4780964383
12.9742274897 20.6021725075 16.5344576776
13.0279215305 20.4630477348 17.5643572698
13.1536337728 19.6838548468 18.3965578789
13.1394845778 20.2628006623 18.6135414199
13.2598510200 20.3973499862 19.6764201692
13.3825068805 20.3928945923 20.4585816401
13.4419044046 19.9978684480 20.9980326350
12.9026812208 20.4911271756 23.8622849745
13.2960525716 20.1734060950 23.4012097939
13.2266617291 20.9428817729 23.2104268167
12.6764603269 22.0429762341 12.5640954861
12.8763171832 21.6737353441 13.0083779393
13.0246640315 21.3654460755 13.7306096787
13.1569557764 21.6203893783 14.4841374531
13.2637606725 22.3473526487 14.7608533623
13.0797884968 21.8079766387 15.3987294510
12.9978282028 21.6618169951 16.5035523001
13.0162507784 21.5273034182 17.5374334167
13.0886004887 21.2617887239 18.3469735019
13.2317975037 21.4260652896 19.2886401386
13.3883966815 21.1740888225 20.1962336917
12.7289063729 21.5038008259 23.6517766739
13.1218344997 21.8729691839 22.9697659195
12.7037653126 22.7463525602 12.3287849448
13.0352890633 22.3152576507 12.8077982114
13.1430540246 22.9877833891 15.6056954527
13.3123618715 23.2709099706 14.7847413391
13.0305593320 22.7437520338 16.5348484434
13.0173363125 22.5875837070 17.5530032363
13.1229212765 22.4243332875 18.7397908708
13.2844036064 22.2590659536 19.5480316166
13.3755725966 21.8884762932 19.9711333063
12.5544928830 22.6770856109 23.2931779343
13.0481589617 22.6032995336 22.6572156385
12.9800031065 23.5056166698 12.2603351223
13.1275140377 24.1552483473 15.5417849992
13.3021359282 24.0843245023 14.6375273892
13.0273176576 23.8395204275 16.5763502337
13.0036589996 23.6385553474 17.5797533137
13.0471840154 23.4064116391 18.4456927777
13.2537499100 22.8480578879 19.6658644388
13.1088274399 23.7544649165 19.5916240523
13.0937171066 23.6968588152 20.6395856206
13.2846650063 23.1214973521 20.3383454704
12.8726359145 23.7647466560 21.5422753061
13.2556496089 23.1197835474 21.1536337590
12.7554818475 23.2922654800 22.5068711302
13.1724051932 22.9174285341 21.9784834163
12.6657798903 24.6113265531 11.4241003234
12.9179823244 24.2654742222 11.8515092990
13.1369971028 25.1077727403 14.7541730307
13.3631511933 24.4731001190 14.0797841060
13.3121376438 25.1125297532 13.8049358881
12.9953984481 25.1798363528 15.8137253331
12.9693182519 24.9066048499 16.6069231345
12.9546362067 24.7020165350 17.6113123070
13.0153218478 24.4638356577 18.7850243388
13.1143373281 24.4548919709 19.4456858541
13.0752360479 24.4757836023 19.7857818082
13.0290643362 24.7661715097 19.7853478322
12.7990949997 24.5977997260 20.4618264571
12.5554443369 25.9752535533 10.2509581529
12.7609305446 25.5768522865 10.7850998050
12.9161535401 25.0157869155 11.4045114304
13.1306919261 26.0477374173 13.7818458683
13.3606825442 25.4928167836 13.2127911998
13.3238857141 26.1031230249 12.9289531850
12.9284739717 26.1477882034 14.7589303819
12.8894353029 25.9921548435 15.6138539138
12.8676564260 25.9152804022 16.5786932967
12.8635236327 25.7526890749 17.5488785999
12.8430814454 25.5415983879 18.5851793142
13.0681656165 24.7452798783 19.4452518782
12.8492935907 25.1980776556 19.5705172808
12.3960112900 25.7066058478 20.3287708537
12.8840212301 27.3555533599 9.3090246751
13.1467562673 26.8307109510 9.8924671633
13.0352832548 26.2610933893 10.3867546632
13.1817787478 26.8636392366 12.9606008249
13.4018423758 26.4996279056 12.3828511578
13.4096018710 27.2616850053 12.1055303741
12.9768332095 26.8553027766 13.6122341209
12.8002707090 26.9400511661 14.3156854294
12.7185773796 26.8318357108 15.3446781635
12.7049341076 26.9700337246 16.4187615433
12.7542798184 26.7881174734 17.4425619594
12.7026483523 26.6108676474 18.4205015242
12.5098897141 26.3613657583 19.4982478851
12.9560763709 27.9431434567 8.9815340962
13.1717687415 27.7532077941 12.6198135814
13.4038974469 28.2614530676 11.9278399288
12.8515902404 27.6650992775 13.4743710402
12.6150199565 27.9359104212 17.3516337146
12.6275062757 27.5084459834 18.1807905309
12.3798803643 27.5996940879 19.0925181288
12.6035959778 29.4564236297 8.4316158698
12.9582088898 28.6389413313 8.7913628088
13.0393781938 28.7974407245 12.7701637468
13.3827920331 29.3273953266 11.7804811946
12.5508137197 29.1747715050 17.5070159807
12.4724355495 28.5421779655 18.3895859494
12.8320814934 30.2872280008 8.3947948706
13.2543302812 29.6460378043 8.8772848039
13.2040395480 30.0468292393 12.2654716253
13.3724450002 30.1927496516 11.5552308047
13.0229436828 29.9673895265 13.3400104687
12.9291961584 30.0186597000 14.4324636346
12.8653890247 30.0936224242 15.5465704170
12.6228468646 29.7064059005 16.7390686492
12.4354711182 29.6939628889 18.1888713162
12.9905280230 30.9547904764 8.3673410615
13.2925733123 30.5747166102 8.8099632116
13.2846072165 31.1522465934 11.6189308114
13.4416046229 30.6364926902 11.0538151629
13.4002018524 31.2551408295 10.7972048121
13.2245964586 30.9518761036 12.6290756044
13.2729801047 30.9677015630 13.3529604805
13.2483247290 30.7402235652 14.0582826648
13.2138708181 30.7022545415 14.9439475950
13.1783653559 30.8092063238 15.6827528278
13.2716849262 31.2491512180 16.0512193798
12.9558729405 30.7803979794 16.4888401202
12.5900169937 30.4023213142 17.5356525137
12.8823696302 31.6295633966 8.1649311088
13.2439861436 31.2811385345 8.6164162153
13.2799144849 32.1318858852 10.8444021962
13.4289147346 31.6828325002 10.2669797718
13.3574565053 32.5117663744 9.9652384253
13.2269170590 32.2121214383 11.6064673066
13.2794795412 31.9364304272 12.2923092676
13.3771924896 31.7347289864 13.0882782908
13.1744577774 31.5626519451 16.5474384678
13.2087689943 32.3047289701 16.7508078583
12.8239427690 31.6506884179 17.3092292399
12.4459771839 33.4712770683 7.3147124711
12.8003628863 32.6292141444 7.8677027531
13.1816327876 33.3411503549 10.4827092478
13.3002102298 33.2956210642 9.6590115549
13.1851292055 32.9247006614 11.2994465145
13.2583465601 32.9771368886 12.0825632809
13.4155339592 32.6457074560 12.8831752821
12.8637202051 32.8150127447 17.4691981908
13.2430664776 33.2780509464 16.8575497037
12.6772472510 34.4093024881 7.3048689487
13.0042061241 33.7199062515 7.8141491161
13.1599477909 34.1000306709 9.6996131715
13.3119655683 33.7429652085 9.1530200101
13.2212965707 34.5453167820 8.9509835553
12.9488204013 34.5765222329 10.4697822803
13.1178495123 34.0391529887 11.6005543169
13.2930056215 33.7438416283 12.3523257155
13.4020249859 33.3646086263 12.7414151098
12.8807514916 33.8796939826 17.5658647425
13.2538805751 34.3297794922 16.9340616717
12.8135883637 35.1006782644 7.2776173635
13.0930623263 34.7449517868 7.7147662242
12.9389695447 35.2855714005 9.6131869287
13.1411787389 35.3179283855 8.6689390278
12.8594686448 35.3342687458 11.2477967685
13.2571761676 34.3369444105 12.5113175133
13.0886091440 35.1886183776 12.5522188507
13.2401304125 35.5103358583 13.6165745433
13.3412766502 34.7438304645 13.2012315952
13.4247472694 35.0732733218 13.8806612503
12.8660295740 35.0379040631 17.7230407931
13.2629704557 35.4228591738 16.9790925729
12.6851509192 35.7278745242 7.1506902593
12.9965761892 35.3249640428 7.4208100941
12.9824960515 36.1900169615 7.8002407883
12.9337190391 36.1884778943 8.5067375506
13.1401214659 35.6576501074 8.1491146122
12.7378474063 36.6303754639 9.4494759658
12.7577416174 36.0462876503 10.5011040236
12.7669066108 36.3251659701 11.4799309909
12.8452663174 36.2114746591 12.3447153747
12.9889425665 36.2513270314 13.4111800895
13.3761050525 35.5863108031 14.2587266043
13.2019732647 36.3059178384 14.3851463861
13.4092318821 35.9155686262 14.7753261853
12.9710803155 36.1602315177 17.6893170564
13.2642051743 36.5295884332 16.9989867476
12.5998915286 35.8800577663 18.2975861758
12.7856478178 36.2752025641 7.3476443914
12.6332096250 37.1640274563 7.4937878442
12.6800447377 37.1683412876 8.5467989804
12.6339379766 37.3058388185 10.3454520934
12.6918656455 36.9400956907 11.1702545532
12.6609231461 37.1825274300 12.1376719899
12.7263614894 37.0965594572 13.1958524810
12.8768151173 37.2821641427 14.2718405705
13.3430300403 36.4670913154 15.0882745983
13.1685086004 37.1396595419 15.0920669825
13.3552829383 36.8694987861 15.5703724886
13.0166183227 37.2539520478 17.7253842887
13.2464816468 37.6139644460 17.0304255088
12.6659168207 36.8492724451 18.3694162110
12.3269576630 38.3563072524 6.7108489938
12.5573669342 38.1341888664 7.3615615621
12.5624578811 38.0724380774 8.0123600116
12.5250435963 38.3897190055 10.5393590649
12.5715377590 37.9253996445 11.3942190504
12.9351839737 38.1620599329 15.2049986683
13.2432526556 37.6461661917 15.7985433421
13.0733809948 38.3573133898 17.6860169059
13.2235116935 38.5495238933 16.9919512255
12.7187173382 38.0367263753 18.5281250565
12.3863206911 39.6347835216 6.4016830173
12.4988349107 38.9694248977 7.3583705996
12.4408487240 39.2896223858 10.5654241790
12.4681754927 38.9593399933 11.2402463942
12.8619787539 39.3423415629 15.6700238196
13.1432748749 38.5557452638 16.0252724432
13.1147456101 39.3049181571 17.3895267002
13.1677699064 39.1964347236 16.7971418545
12.9616444245 39.4088160954 18.4192554128
12.5092397785 38.8853705188 19.1996080098
12.3936861165 40.6831665235 5.7790664448
12.5575468044 40.5554908163 6.5305249501
12.5079028563 40.0911576534 7.1749720227
12.3632906017 39.9346807114 10.5834688123
12.3845231388 39.7710595385 11.1094617097
12.6948331204 40.5182134735 15.5901344835
13.1107091027 39.2136844773 16.3534304512
13.0013555516 40.0913823601 16.6779821281
13.1187503570 40.2202451976 17.7568543522
13.1773947990 40.3173557615 18.4041308192
13.0837720747 40.2148510465 18.8787196188
13.0962347565 40.6368122309 19.2844794341
12.6504996029 39.9924551939 19.5364694741
12.6392510392 41.5988086803 5.6744852005
12.6538331070 41.4086581785 6.3685092778
12.5612662066 41.0871121966 7.1384254027
12.5750520212 41.4489219835 15.1593883663
12.7515858574 41.6328879928 16.3457581261
13.0655448336 41.2303440142 17.4696252806
13.2449541832 41.0035883355 18.2371940195
12.8907190997 40.9805259133 19.8707980528
12.7060568969 41.5034616822 20.4532995288
13.1103679891 41.7856525144 20.0215153854
12.5894103467 42.8625247812 4.6243905364
12.6763763986 42.2355186736 4.9107882027
12.7742468546 42.0877435601 5.3361036050
12.9302777686 42.5444680522 5.3959701109
12.8214627887 42.4751575975 6.1003967648
12.6228725279 42.1985942207 7.1963051053
12.3990288019 42.6758622979 12.8497237111
12.4598832178 42.4244678452 13.6032313272
12.5021661516 42.0603944197 14.4393920297
12.5373911253 42.3509177823 15.3571707159
12.9304217723 42.5657497204 17.5820902945
13.2348637855 41.9163643257 18.2508204354
12.8396320448 42.2961188078 20.7559258927
13.2444421525 42.6111083842 20.2009899295
12.8208891018 43.6584593604 4.6885366084
12.8757768687 42.6311303717 5.0734607782
12.9151957679 43.2891213171 5.4540541125
12.8790215789 43.5400615051 6.4247058595
12.7350209403 43.2792777291 7.1350235337
12.5219649396 43.1048630565 7.8985219052
12.3809699769 43.3516374552 12.8327389381
12.4622582999 43.0694250817 13.4095061220
12.4610342366 43.0347453335 14.3331508234
12.7969708956 43.8089916987 17.7703418437
13.2261430634 42.7227040633 18.4936711402
13.1279850605 43.5869860430 18.6424391337
13.3270905654 43.1408580412 19.0721259399
13.1176508060 43.0018120156 20.7831065196
13.3302076598 43.3460592294 20.4632349834
12.7440894080 43.0582763969 21.4431741264
12.6636841436 44.7439682308 3.2728547105
12.8311632878 44.4560919676 3.7179916252
12.9762281315 44.2903560253 4.3751703666
13.2415007921 44.8300782311 4.7533845835
13.0725902194 44.4071160931 5.2653427393
12.9653422318 44.3846885979 6.2795191158
12.8060607564 44.3153608718 7.2170631849
12.5868804064 44.0616745367 8.0062611305
12.3873815691 43.7324816861 13.5313773226
12.7217720280 44.8451537651 17.7415519389
12.9866993259 44.6230184918 18.6234935879
13.3414466338 43.8418366913 19.5518719980
13.2316132666 44.4871084968 19.4084809186
13.2088870921 43.6596498680 21.1202720301
13.3659081832 44.4109535442 19.9087261806
12.9266169886 43.8473485352 22.0450554495
12.8170946875 44.2070226435 22.9446449668
12.7704618158 44.4245935351 23.5746713507
13.1563911559 44.5599108987 23.2185765897
12.7537270146 45.3450469947 3.0564768722
13.0336828518 45.0297951262 3.5027311075
13.2625431610 45.1841047878 5.2966758857
13.3309724476 45.9558797834 5.5310177415
13.1095215286 45.4627574697 6.1668816547
12.9015853926 45.3721469436 7.2225501790
12.6655636387 45.2468496537 8.2567784617
12.7230438229 45.9382868060 17.5417298941
12.9311648517 45.6497088182 18.5811770086
13.1782199406 45.4780846889 19.5526591869
13.3683695278 44.9960682113 20.1043824951
12.9788941542 44.7768020243 23.9910367185
12.9508915342 45.2477927441 24.8430253785
12.8372636168 45.6358718103 25.3433002266
13.1712251311 45.5793238858 25.1614108860
12.6505967377 46.8085666066 2.2706904524
12.8906393321 46.2439256926 2.7530559471
13.1785343014 46.6369156891 6.3781566523
13.3858174199 46.9137147804 5.6416469822
12.9984378091 46.4525108598 7.2281829365
12.8378852191 46.3744699018 8.1917188724
12.6420050270 46.3443777605 9.1982704050
12.6802054437 46.7642501291 16.7084355228
12.8679621894 46.8950304693 17.7145343510
12.9661026617 46.6650878355 18.5150717059
13.1203304578 46.4701032509 19.4313457324
13.3818402106 45.7388764113 20.3167689444
13.3209208872 46.3811645696 20.2185398337
13.5021031245 46.2364910346 20.7307438414
13.1797193333 46.0466439400 25.4234656627
12.9122542128 46.9050073387 25.8297618282
12.6768415840 47.6325480021 2.0553179674
13.0823372264 47.0727985039 2.5524014327
13.2219143775 47.6599277674 6.4373317276
13.4275032922 47.9012518535 5.6870513666
13.0633899979 47.4936957633 7.2478541630
12.9581529626 47.3891900162 8.1197783808
12.8770370217 47.3744944124 9.0682396701
12.7633071092 47.3572713235 10.1716317651
12.7459664597 47.5880731409 11.3655088464
12.7236603500 47.7056591055 12.4660082253
12.6890078175 47.7553450977 13.5769820697
12.6677304525 47.7068738996 14.6800683425
12.7049557021 47.5373079965 15.8330865544
12.8619917258 47.7237742518 16.8075977177
12.9135322342 47.4813854636 17.4282700617
13.0977792673 47.7443688912 18.3909827387
13.1711949370 47.4051647333 19.3513443612
13.3210136609 47.2347376584 20.1703985414
13.5269957488 46.9997313141 20.8165269526
12.9343228114 47.8603399150 25.9373811370
12.9956498584 48.4991764554 2.0320050598
13.2713111886 48.6289575911 6.4427952428
13.4750004802 48.8702472805 5.7432898306
13.1214644269 48.4620981605 7.2093358852
13.0531643650 48.3566769770 8.0432818538
13.0175677555 48.1999472573 8.8085972072
13.0797460294 48.4773932355 9.8020838843
13.0535472691 48.3657748161 10.9814592727
13.0308304367 48.4242120804 12.0800303852
12.9978169445 48.6667704369 13.2876570223
12.8800664877 48.6435780689 14.4722041059
12.8610646359 48.5741794989 15.5601783403
12.9421984953 48.5114491971 16.5788555538
13.0769178683 48.3700334834 17.5705326888
13.2521792345 48.5729303805 18.3559882860
13.3064657124 48.4809635751 18.8523936148
13.4399932055 48.8520128493 19.3605519430
13.3046406796 48.2291892237 19.3504703328
13.3890489145 48.0732948637 20.0980722773
13.5637985753 47.9342572879 20.8197927919
13.0270493829 48.5120834973 25.8602805710
13.2532233111 48.1622288967 25.7225707509
13.4028743943 48.7320112704 25.5043907373
12.3133193392 49.8846619859 1.2678836211
12.8585748411 49.5135301287 1.6880531191
13.3440766715 49.4935500008 6.4189520393
13.5092966070 49.6352850695 5.8803632504
13.2092047752 49.4002531516 7.1520635866
13.1378315066 49.1823330067 7.8659568891
13.1994749767 49.3043446458 8.8675191843
13.3249869042 49.4448166150 9.8778731221
13.3316629370 49.2390588401 10.7189874933
13.3145425036 49.1322524201 11.7185062967
13.2712964327 49.1768044341 12.6649237866
13.2328204841 49.4539083739 13.4260487107
13.3061143955 50.1662194677 13.7135498593
13.0890799909 49.6789124904 14.3389503092
12.9838922181 49.5780722745 15.4342498709
13.0222380721 49.4941953863 16.4231025322
13.1536329216 49.3735212511 17.3417758346
13.3174489003 49.2576560207 18.1713298296
13.5142839197 48.8504677855 20.0319404608
13.6047364606 48.6764612045 20.6966523739
12.9293152475 49.2898048243 25.8423295117
13.3448890614 49.8283068307 25.3509515723
13.1542005331 50.6673754550 1.6890753399
13.4418768041 50.1214725906 6.3243659742
13.5049974081 50.8512102536 6.5270417645
13.3355939114 50.2567272016 6.9583554099
13.2985926252 50.2743643693 7.9776921304
13.3918404419 50.3292153384 8.9152037536
13.4216504287 50.0496739795 9.5341448939
13.1680090261 50.8254885401 14.5457073343
13.3520731064 51.0685073757 13.7542961779
13.0600846510 50.6158194844 15.4130758997
13.0749748729 50.5087091446 16.3451786935
13.2011661988 50.3802397376 17.2396299725
13.3815297689 50.1992898366 18.0822864055
12.8396831361 50.3238828641 25.7973088818
13.2591733058 50.8588692864 25.2589977204
13.0933882383 51.6468850825 1.4920230639
13.4377462581 51.2547659935 7.3371012477
13.5949228124 51.7593415515 6.7362082855
13.4542096429 51.2971722254 8.0936627474
13.4658246430 50.9628458444 8.6450345213
13.1762159973 51.9457146934 14.5317886357
13.3556589258 51.8597778280 13.6771237073
13.0841676255 51.6422192937 15.4191678651
13.1018372682 51.5141931485 16.2757063754
13.2290217628 51.4073888956 17.1554724889
13.4190088521 51.2107204947 18.0143476288
12.7343589446 51.3604049466 25.7602625002
13.1609844715 51.8434682810 25.1997436913
13.2479818579 52.2979670183 1.4640268147
13.5509574717 52.0660130141 7.2809252962
13.6673627912 52.4775380229 7.0260563450
13.5512133736 52.0170656319 7.8696436055
13.2300703058 52.7846704491 13.9566810469
13.4488223049 52.2445224542 13.1831209432
13.4099859375 53.0637657232 13.0445743320
13.0845183893 52.9384292936 14.8394883362
13.0752632669 52.6433965426 15.5032857515
13.1010251445 52.3419801477 16.1561188829
13.2443435266 52.4928782382 17.0273730037
13.4416905704 52.2280033252 17.9178476080
12.6333979692 52.3466604866 25.7066990246
13.0351382122 52.9146442171 25.1584293284
12.8633784909 53.7164129983 1.1491657949
13.1842755509 53.2499760865 1.3175724185
13.6454218291 52.5901582403 7.5503087479
13.6700058078 53.6634585526 10.3127215500
13.6988933203 53.4909954873 10.1321018937
13.6899410530 53.7841779081 10.1685747203
13.6840127085 53.5226031177 10.4467052739
13.1489242853 53.8140176966 13.7867870974
13.3245586344 54.0192079577 12.9183743581
13.0257172063 53.7199379233 14.6844042883
13.0205373305 53.6291063478 15.5851331272
13.1459723411 53.3397648163 16.4922031940
13.3398656688 53.4197575903 17.3352853656
13.4513785489 53.0514459086 17.8054727283
13.0753933100 53.9129075403 24.9721223311
12.8477741211 54.2225928730 1.1969558535
13.1758274247 53.9931753493 1.2722780323
13.6750604412 53.8157855386 10.4831781005
12.9827442087 54.6820795815 13.6238301562
13.1524196131 54.8443779809 12.7915945326
12.8575887040 54.5778606194 14.5238205935
12.8464780625 54.5266745737 15.4872211025
13.0116002379 54.4879212184 16.5489709998
13.2929352891 54.1698224064 17.3033544743
13.0010747841 54.8101908486 24.9926300573
12.8519531507 54.7437750639 1.4629728756
12.7306990654 55.2083998127 1.9426916443
13.1266439144 55.4933221468 2.5124197244
12.6678681141 55.3599397286 13.3439921114
12.8609335122 55.4117006643 12.5799140321
12.5313154579 55.2863130715 14.2630137997
12.4907400936 55.2510236219 15.2437552545
12.5881712402 55.2594489746 16.2858117266
13.1884408610 54.8548920798 17.3989574242
12.8600669597 55.3095429399 17.2432646024
13.1626133352 55.2794797107 17.8758866804
12.8731779411 55.7328290799 25.0898295664
13.2732836994 55.2495342058 24.4822202709
13.2339098006 56.0200562920 24.3361617697
12.5234618728 55.7815159616 25.5712772785
12.9769958370 55.7284311598 3.0664539651
13.1050767340 55.7720634080 3.8602551904
13.0486063377 55.7946527154 4.8225953067
13.0945671315 55.8051126309 5.9053212566
12.9251334136 56.0377768016 6.9513772866
12.8363870368 56.1319077103 7.9438898970
12.7587831787 56.1139771129 8.7449951862
12.9724762493 55.8975135087 9.5903871960
12.8851966456 55.7392552151 10.6390369627
12.7227933703 55.6692672675 11.7572435723
12.7865687880 55.7645295231 18.0743405185
12.7280754387 56.5378183477 19.6775302235
12.8805989792 56.1202026442 19.0830981121
13.0907766306 56.3141660127 19.8618206166
12.8301956541 56.6084511792 24.9170585083
13.0756517631 56.8295809253 24.2245949862
12.4898644758 56.3380401208 25.5338607406
12.7768505667 56.6766830528 20.2820994414
12.7962893426 56.8094587739 21.1095728420
12.7528193006 57.0471865865 22.1837399303
12.9408771150 57.1889522772 23.0424909980
12.5852410667 57.3146168744 24.7205173202
12.7947897586 57.3716804694 24.1165912073
12.3395408063 57.1005015774 25.4159736134
12.6519812420 57.5140274287 23.6387294298
13.2077440808 1.7177629354 35.4744492174
13.2000798186 1.5159215433 36.0989027833
13.0717335764 1.4096522187 36.7134216119
13.2988906636 2.2906185162 35.5338227795
13.3738740632 2.0949125380 36.1280339378
13.2923970882 1.9214611244 36.7855775347
13.3276329791 2.6961104308 36.0975814447
13.3186464587 2.5638427850 36.7478079691
12.8282043475 5.1501820942 30.8708732828
12.6961000955 7.3453885439 1.9884919941
13.2091316250 7.7124942926 11.7665967416
13.3494730050 7.6989862716 12.6123048191
13.3960471708 7.6930552444 13.4681470369
13.5219561287 8.5877003726 12.4075190034
13.5974649082 8.4895423333 13.4333989384
13.5211871060 8.3815801703 14.3514733972
13.1835411765 8.7134507257 28.0539520258
13.1704559899 8.4910702752 28.6361637358
13.2415217707 9.8287416026 9.1898338274
13.6434174081 9.7854862461 12.4540014012
13.7308481100 9.4898364273 13.4321498835
13.7181854869 9.3653112063 14.4099435632
13.5971374488 9.2745104067 15.3766104922
13.5385536928 9.8408299683 19.7021748531
13.4681339773 9.7111828094 20.5899321005
13.3155139677 9.5511264192 28.0270013544
13.2897528653 9.1695996257 28.6540442912
13.2954821609 10.4865006612 9.2611581457
13.5777598236 10.6124347163 11.9351403346
13.7295393551 10.7576501472 12.7785017858
13.7997330841 10.5295459799 13.4993028650
13.8284210612 10.3951841705 14.4496098411
13.7844592256 10.3247504110 15.4560195157
13.6825925674 10.2502396370 16.5407314317
13.6616830914 10.4527583704 17.7676499134
13.6551876346 10.4265487474 18.9207255628
13.7084722717 10.6898731011 19.9047819448
13.6244777533 10.4737307461 20.5865039285
13.4803037057 10.2669235715 21.2717918072
13.3408109885 10.4001321654 28.0492939837
13.3242756923 10.0260491723 28.6442393711
13.3104914794 11.3952058764 9.3209611189
13.5310157926 11.4968711660 11.8736496759
13.6710373692 11.4878130049 12.6193117326
13.7905349378 11.4997521415 13.5010512842
13.8571617994 11.4258560119 14.4558194549
13.8680215768 11.3738791059 15.4695832626
13.8395268994 11.3507346137 16.5145450004
13.8116815108 11.3773858676 17.5990320754
13.8034650985 11.4117485638 18.6935950832
13.7974463380 11.4331533866 19.7318574543
13.7358201344 11.3704114207 20.6556844965
13.5817629191 11.1223252334 21.4125425319
13.2955990693 11.0433152173 28.0895885157
13.2835807886 10.8282574304 28.5777457327
13.2855013755 12.3765111584 9.3918316741
13.5630989980 12.1590676074 12.4116498664
13.6886190587 12.4577934331 13.3159078597
13.8137236105 12.4553617237 14.3766812760
13.8647349674 12.4127949767 15.4341244929
13.8759608572 12.4006000206 16.4919065987
13.8773057718 12.3995385386 17.5497075412
13.8777415893 12.4041842803 18.6054296111
13.8686540956 12.4004793585 19.6487372146
13.8167086230 12.3558158609 20.6618904719
13.6644885461 12.2230558281 21.6749520060
13.2729391693 13.3704599372 9.6303371076
13.7267073504 13.5629674605 14.1587740588
13.8038041059 13.4264124290 15.3139979614
13.8240727358 13.4513510568 16.4188649904
13.8520667122 13.4537851073 17.5158504710
13.8832229080 13.4339872710 18.5723829053
13.8938597464 13.4204201668 19.6123526174
13.8700384211 13.3888292001 20.6411002525
13.7818705880 13.3082774347 21.6518551072
13.6136676010 13.2005836168 22.6269418007
13.3953230887 13.7453329400 24.3245613880
13.3222353573 14.4928131120 10.2544665848
13.4908874165 14.6701460086 11.5128083470
13.5791939360 14.6562964017 12.5907529586
13.6602799361 14.4474000926 13.6314742013
13.7162667567 14.5395481764 14.5856517673
13.7452385873 14.2273024765 15.1634808358
13.7051026151 14.4786069581 16.1916890169
13.7215602290 14.5857771791 17.4485357413
13.8123984116 14.4873922948 18.5414156906
13.8617654136 14.4537896076 19.5786426093
13.8696618950 14.4328748950 20.6169862660
13.8300717818 14.3610644267 21.6435012538
13.7189540640 14.2061696163 22.6452998208
13.5528814850 13.9213326884 23.5648291738
13.4452560533 14.4401644452 24.3820308593
13.2417706872 15.4989517533 10.3447423983
13.3942490942 15.5693384056 11.1895113435
13.5174860667 15.5923441538 12.4030182294
13.6116214885 15.3989926837 13.4558789488
13.6478770834 15.2885107731 14.4392978105
13.6386966371 15.1236865293 15.4418746102
13.6584011397 15.5549938171 18.5391895701
13.7643464053 15.4506549285 19.5055229036
13.7988357055 15.4821521030 20.5439064975
13.8024338904 15.4358741638 21.6039842582
13.7414936008 15.2717813895 22.6254921513
13.5829765180 15.0067965226 23.6842933546
13.1534327315 16.1431071003 10.6464414897
13.4858584181 16.2085713727 13.3777187748
13.5229011948 16.1231545939 14.2644852652
13.5095681100 16.0076758868 15.1750742037
13.5200019681 16.4928623732 18.8750231219
13.6426574369 16.2086503153 19.3931346990
13.6457845862 16.4786649889 20.3078214215
13.6820343218 16.6014631144 21.4897102917
13.6954026925 16.3782046618 22.5448024071
13.5859200469 16.1043814826 23.5000889495
13.4968008754 16.9893829286 19.6309320196
13.6001347412 17.5896221807 22.4382863821
13.5340164850 17.1786751925 23.3974656478
13.5529372869 18.8631415347 22.4656397585
13.4694282506 18.2930726911 23.3251620862
13.1818634684 19.5570901848 18.5312099010
13.5444384304 19.8580080422 21.8588766630
13.5645245817 19.6120501504 22.5888785516
13.4366037266 19.4079075647 23.2293918921
13.5151478070 20.8333376933 21.1217713208
13.5713302913 20.7875866595 21.9751846699
13.5037382029 20.3027123237 22.7003456779
13.2693274125 22.2594673750 13.4388792328
13.2815531493 22.0058231860 14.1090222622
13.4816648375 21.8902134770 20.7598481569
13.5339906968 21.5825320873 21.6849537790
13.4544551249 21.2880136417 22.4893781630
13.2656600155 23.0411654483 12.8611337752
13.4578176234 23.0207725785 13.5211257722
13.4038425991 22.7078476867 14.1082609070
13.3831481820 22.4792382859 20.1641018524
13.4165292013 22.6362856369 20.7820619427
13.4308296733 22.4112453120 21.4594162326
13.3600990804 22.1392823957 22.2476769950
13.3147651470 23.9850417348 12.5735730042
13.4715448433 23.6355823944 13.2214589544
13.4522677295 23.6460286752 13.9516067850
13.2956927870 24.9052196193 12.1122762639
13.4375338907 24.6013084933 13.1760814570
13.1202477399 24.6477857011 19.6185436122
13.2844414333 25.8504250101 11.3068693876
13.4290814665 25.7149804030 12.3861808742
13.3830730379 27.2315059816 9.7372532953
13.5025349825 26.8967723916 10.5630357121
13.5048826753 26.6336719460 11.6426420724
13.2918344435 27.8788265792 9.2478483269
13.5837082864 27.3572190514 9.9899788816
13.7231251020 27.5256296552 10.6418139678
13.7917001225 28.2746734542 10.9047262943
13.6364143611 27.6578373865 11.2531846362
13.3717605498 28.9199579913 9.0271054740
13.6698556084 28.8773457960 11.1395356300
13.8184583523 29.1129782225 10.6227698947
13.5907752480 29.5786853706 9.3428736776
13.5970453993 30.1462449290 9.5480277299
13.7271348228 29.7289658152 10.4360033469
13.7696619052 29.6324707503 9.9880192131
13.5554037828 29.9049195716 11.0425334539
13.4685571317 31.1180502333 9.2203016394
13.5521233313 30.7763509225 10.2371384876
13.4614378492 31.5596491475 13.8725384437
13.4728290348 31.4021501664 14.6854034178
13.4074152014 31.3176212791 15.4581754911
13.2795178009 32.0746092676 8.6722141267
13.4608589490 31.8381627759 9.5589323391
13.5584687321 32.4513399727 13.7181454493
13.6258147434 32.2426821037 14.5706197915
13.5750566419 32.0532976319 15.3794495389
13.4106869327 31.8491325880 16.0661258308
13.2300765818 33.0650350547 8.3591452239
13.3757116633 32.9171432854 9.0973946044
13.5593243307 33.4571269942 13.5661542322
13.6781847420 33.1920231459 14.5110369699
13.6591713646 32.9521686741 15.3645123980
13.4945028225 32.6785090442 16.1212947399
13.2833034053 33.9585515543 8.4557774476
13.4191379736 34.0063035799 12.9920415332
13.5245425311 34.4276668942 13.7745534148
13.6495994953 34.1874136205 14.5328129441
13.6690244216 33.9429006783 15.3778797632
13.5283515849 33.6505541501 16.1676214958
13.2307290615 34.9740374922 8.2431342637
13.5345587619 35.1677251207 14.5878969081
13.6099510188 34.9730440438 15.4127458008
13.5195542327 34.6909436419 16.2058302060
13.0688429803 35.5847326656 7.6596546615
13.4842911777 36.0303299584 15.4430874223
13.4708951200 35.7754678835 16.2361282064
13.3811552155 36.9449408118 16.2450981844
13.2892580550 38.0309106340 16.4573885283
13.2293048387 38.7367962893 16.5376304478
13.2646889224 40.8207544020 18.8168382661
13.3506341698 41.5876111390 18.8407803099
13.2516887754 41.3001567215 19.3772655172
12.8990437604 42.3504958197 5.1482384293
13.3678043617 42.4336318922 18.9702260956
13.3536823681 42.1295415225 19.5116161831
13.3943610373 43.1174374251 19.7464676317
13.2487770195 45.0445329092 4.1168553700
13.4406177867 44.2844082813 20.5272245111
13.3844933878 44.3350097974 21.5166553180
13.3699228934 44.6022361785 22.3812511169
13.2819811696 45.8097623186 3.5616656782
13.4739283859 45.7886228449 4.2944987157
13.3989699585 45.4677951355 4.8070571086
13.5357939984 45.5035513508 20.7764564418
13.6258362712 45.2086002902 21.5034922887
13.6460614802 45.1780243563 22.2119091644
13.4069444194 44.8500291134 23.2227555170
13.3643114373 45.1802181538 24.3532517760
13.3977693212 45.5876020206 24.9651509637
13.5562731447 45.5960588699 24.8234986560
13.4346761063 46.9713218634 3.2883705681
13.5588789523 46.5645190952 4.1646823691
13.5042097569 46.2802354680 4.8910298603
13.6977408958 46.4074116797 21.2572833806
13.7826993820 45.9963842612 21.6792695510
13.5529985115 46.1449071919 25.2171724381
13.4410860831 46.7077139260 25.4974149543
13.6565719266 47.0396803562 25.3897307625
13.3612063619 47.9358765890 2.6680599387
13.6532757595 47.9132017940 3.4578079149
13.6594219572 47.5432052098 4.1339404405
13.5678663198 47.2118870715 4.9094655322
13.7549833901 47.6025708544 21.3368157004
13.8405915090 47.0762175163 21.5562729592
13.4630963391 47.6702792275 25.5534430259
13.7801364318 47.8435795450 25.2987317405
13.4332808679 49.0031419567 2.3972705063
13.7091383031 48.7424425291 3.2242216676
13.7537877731 48.5399086480 4.1303518033
13.6264345091 48.2242287482 4.9457583758
13.4294617022 49.1134668793 18.8782548555
13.8312135626 48.8449488007 21.4953358425
13.8963090716 48.1757443574 21.6760544584
13.7608480886 48.4618173548 25.2186798008
13.8898123723 48.3896814260 25.1219735145
13.8787794515 48.9844484441 24.9754470938
13.4503253299 49.8408372399 2.1412290855
13.7771931390 49.6586084435 2.8489957988
13.8678404621 49.5617554416 4.0186089572
13.6972381874 49.3720737910 5.0882552820
13.5479403075 50.1875996876 10.4450482389
13.5413668585 49.9207659879 11.4729056162
13.4830983461 49.8028301148 12.3725619198
13.3929223101 49.7681707802 13.0598125915
13.5385276442 49.9833006485 18.9001598025
13.6219864828 49.6712856970 19.7787062829
13.7552555917 49.5977559825 20.9146715997
13.9151998922 49.8677348816 21.8475608157
13.9856510835 49.1017007335 22.0286842988
14.0021257508 49.7005187486 22.2524721093
14.0529531445 49.6561955885 22.4074433424
13.7137647843 49.3630836626 25.0455756836
13.8573490404 49.8285533812 24.6913805300
13.6595462338 50.4201011648 2.1992822948
13.8647809641 50.1827023871 2.6577957367
13.9366258065 49.9155414780 3.4589840035
13.9635428448 50.2718739082 4.3870559310
13.9814470810 51.1482166925 5.0596846717
13.8583397366 50.5119664689 5.1116643804
13.6250410484 50.3012810461 5.8199297306
13.5961107236 51.0227686447 9.5990438785
13.7053889324 51.0571364226 10.6205928347
13.6911768604 50.7494150683 11.3555753470
13.6233799905 50.5710903412 12.2121820267
13.4891357230 50.4270814707 13.0275649211
13.6036898295 50.9889870830 18.8680311631
13.7301928042 50.7779217981 19.7664925654
13.8144853310 50.6500716106 20.7586186070
13.8970714199 50.6322462005 21.7743831473
13.9727569111 50.5451188526 22.6736619276
14.0439226760 50.1482149903 22.7287854594
13.6864736586 50.4331489077 24.7097485360
13.8948629309 50.5477127245 24.1479912832
13.4672341879 51.4164002911 1.7526303363
13.7529335250 50.6949937371 2.1915886855
13.9214496150 51.7120673762 5.5528493059
14.0152114657 52.1878741346 5.3656036699
13.7234169118 51.2718270023 5.9989100862
13.6095783369 51.8363118572 8.7520736641
13.7065145170 52.0357580928 9.6295268448
13.7369230618 51.8524370341 10.4294717976
13.7410235159 51.6105591301 11.3331506259
13.6931146555 51.2895166532 12.0351292484
13.5452070134 51.3652195349 12.9046621914
13.6354265107 52.0284459047 18.8095150079
13.7761316249 51.8210675872 19.7359550055
13.8545811332 51.6858413906 20.7050421678
13.8937471413 51.6095496761 21.7107472770
13.9004012099 51.5071194678 22.7217710304
13.9819111690 50.6381036959 23.3700751312
13.8279757636 51.2199930950 23.8225222299
13.5388825379 51.3257804626 24.7099545052
13.4208188603 52.6246928401 1.4917781641
13.9777768227 52.8021590826 5.7050625704
14.0339622252 53.2148858707 5.4153943491
13.8096899884 52.4314814926 6.3457378049
13.7118903918 52.8377777707 8.3705022536
13.7224396540 52.6329369937 9.2734249025
13.7304602371 52.9160129900 10.2124862350
13.7159325108 52.5975106790 11.2477832069
13.6253323048 52.2096913403 12.2825126001
13.6488239954 53.1413297485 18.7012592695
13.7940821161 52.8643535095 19.7024491900
13.8689943518 52.7149702412 20.6798693847
13.8925122197 52.6233397875 21.6682147131
13.8670040062 52.5335050053 22.6519609281
13.7598429684 52.3786120367 23.6191794934
13.5130080526 52.1779257795 24.5029896760
13.4224628368 53.3650776155 1.4163953103
13.9931019901 53.8095269715 5.6281262816
13.9973566508 54.1758768883 5.2676346923
13.9300651123 53.5445020850 6.2886158039
13.8158910378 53.3283691067 7.3430893160
13.8320315746 53.7299134494 8.4688746063
13.7528357884 53.5413062228 9.5170746915
13.6634935269 53.6874832481 11.0563863062
13.5722721927 53.3218215121 12.1190534539
13.5222803052 53.9306466287 18.1127820022
13.6983267505 54.0970471932 18.9902268837
13.7935618960 53.8750347222 19.7242808945
13.8599528459 53.7324051460 20.6731829405
13.8778502277 53.6306465638 21.6526645258
13.8470463750 53.5164515628 22.5922316937
13.7280988923 53.4066440222 23.4982113344
13.4712953481 53.2193274257 24.3626608819
13.1932949391 54.4551820813 1.4111730103
13.3492308375 54.0629048079 1.4399890374
13.8697913430 54.7784044359 5.3979809849
13.8874881693 54.9459032087 4.8993065698
13.9276610266 54.3653223789 6.0461466379
13.9147860941 54.3972819432 6.8853933785
13.9218868260 54.2747033001 7.9907656536
13.8226217888 54.4614635754 9.1841962203
13.6653758783 54.3217553616 10.3770491603
13.5423155317 54.5502457420 11.3515195158
13.4729329030 54.2814146002 12.0682355477
13.3912798141 54.7777262215 18.0065398734
13.5676545954 54.7952204891 18.8233702634
13.7092348799 54.7934134795 19.7279359728
13.7956832791 54.7117550908 20.6693383312
13.8224677182 54.6284349245 21.6536158808
13.7939353206 54.4841855122 22.6054303688
13.7219325075 54.2281500125 23.3415774883
13.4505753802 54.3249813345 24.2185035196
13.2159532250 54.9617442266 1.8602899415
13.3478158854 55.4406197296 2.5136275367
13.6165932439 55.4243567752 4.6648863241
13.7749860767 55.3550552962 4.4839545915
13.5511426838 55.6052860549 4.0223156652
13.5368358075 55.4383595001 5.3832229299
13.7235899728 55.1310328007 6.1739251772
13.8282784094 55.0446175893 6.8533630835
13.9556976734 54.6755554827 7.5658315729
13.9307066749 54.6869164059 8.5259997683
13.7663160992 55.0628752625 9.3315603377
13.4621227365 55.6086663896 9.4827205458
13.5030351035 55.2398137869 10.0036488150
13.3412347310 55.1592850916 11.0750008785
13.2570921106 55.0461998341 11.9901384748
13.2742031717 55.4380655533 18.5881875314
13.4188996142 55.6571883496 19.6138358171
13.6037640727 55.5996237194 20.6193858592
13.6645331341 55.5845163036 21.6289869632
13.6663426603 55.4822239597 22.6313896905
13.5642441582 55.1916233767 23.6218046036
13.3269558659 55.6714837181 3.1871490033
13.4470754579 55.6734429765 6.7434959659
13.2101486981 56.0146457409 7.6612620849
13.1674412831 56.0015033928 8.7579169819
13.2536970713 56.2918606717 20.5220307990
13.3239212797 56.3588160465 21.4779693668
13.3552757086 56.4808812713 22.6109562876
13.4134991148 56.2314787917 23.5248433104
13.1271499202 57.0161593750 23.5596328329
3 2 1 0
3 0 3 2
3 1 4 0
3 0 4 3
3 7 6 5
3 9 8 5
3 5 8 7
3 11 10 9
3 9 10 8
3 13 12 11
3 11 12 10
3 13 14 12
3 17 16 15
3 15 18 17
3 5 6 19
3 19 6 20
3 5 21 9
3 5 19 21
3 9 22 11
3 9 21 22
3 11 23 13
3 11 22 23
3 14 13 24
3 13 25 24
3 13 23 25
3 25 26 24
3 29 28 27
3 29 27 16
3 27 15 16
3 27 30 15
3 18 15 31
3 31 15 30
3 34 33 32
3 34 32 20
3 32 19 20
3 32 35 19
3 19 36 21
3 19 35 36
3 21 37 22
3 21 36 37
3 22 38 23
3 22 37 38
3 23 39 25
3 23 38 39
3 26 25 40
3 25 41 40
3 25 39 41
3 43 42 41
3 42 27 41
3 28 40 41
3 28 41 27
3 27 42 30
3 30 42 44
3 30 44 31
3 32 33 45
3 45 33 46
3 32 47 35
3 32 45 47
3 35 48 36
3 35 47 48
3 36 49 37
3 36 48 49
3 37 50 38
3 37 49 50
3 38 51 39
3 38 50 51
3 39 52 41
3 39 51 52
3 43 41 53
3 53 41 52
3 45 46 54
3 54 46 55
3 45 56 47
3 45 54 56
3 47 57 48
3 47 56 57
3 48 58 49
3 48 57 58
3 49 59 50
3 49 58 59
3 50 60 51
3 50 59 60
3 51 61 52
3 51 60 61
3 53 52 62
3 52 63 62
3 52 61 63
3 63 64 62
3 54 55 65
3 65 55 66
3 54 67 56
3 54 65 67
3 56 68 57
3 56 67 68
3 57 69 58
3 57 68 69
3 58 70 59
3 58 69 70
3 59 71 60
3 59 70 71
3 60 72 61
3 60 71 72
3 61 73 63
3 61 72 73
3 64 63 74
3 74 63 73
3 65 66 75
3 75 66 76
3 65 77 67
3 65 75 77
3 67 78 68
3 67 77 78
3 68 79 69
3 68 78 79
3 69 80 70
3 69 79 80
3 70 81 71
3 70 80 81
3 71 82 72
3 71 81 82
3 72 83 73
3 72 82 83
3 74 73 84
3 73 85 84
3 73 83 85
3 85 86 84
3 76 87 75
3 89 88 87
3 88 75 87
3 88 77 75
3 77 90 78
3 77 88 90
3 78 91 79
3 78 90 91
3 79 92 80
3 79 91 92
3 80 93 81
3 80 92 93
3 81 94 82
3 81 93 94
3 96 83 95
3 83 94 95
3 83 82 94
3 83 96 85
3 85 96 97
3 85 97 86
3 89 98 88
3 100 99 98
3 99 88 98
3 99 90 88
3 90 101 91
3 90 99 101
3 91 102 92
3 91 101 102
3 92 103 93
3 92 102 103
3 105 94 104
3 94 103 104
3 94 93 103
3 94 105 95
3 100 106 99
3 108 107 106
3 107 99 106
3 107 101 99
3 110 102 109
3 102 107 109
3 102 101 107
3 102 110 103
3 103 110 111
3 103 111 104
3 108 112 107
3 107 112 109
3 115 114 113
3 113 1 115
3 1 2 115
3 117 116 115
3 117 115 2
3 3 117 2
3 120 119 118
3 122 121 118
3 118 121 120
3 114 123 113
3 116 117 123
3 117 4 123
3 1 113 123
3 1 123 4
3 4 117 3
3 119 124 118
3 126 125 124
3 125 118 124
3 125 122 118
3 126 127 125
3 130 129 128
3 132 131 128
3 128 131 130
3 134 133 132
3 132 133 131
3 136 135 134
3 134 135 133
3 138 137 136
3 136 137 135
3 138 139 137
3 142 141 140
3 142 140 129
3 140 128 129
3 140 143 128
3 128 144 132
3 128 143 144
3 132 145 134
3 132 144 145
3 134 146 136
3 134 145 146
3 136 147 138
3 136 146 147
3 139 138 148
3 138 149 148
3 138 147 149
3 151 150 149
3 149 150 148
3 151 152 150
3 155 154 153
3 155 153 141
3 153 140 141
3 153 156 140
3 140 157 143
3 140 156 157
3 143 158 144
3 143 157 158
3 144 159 145
3 144 158 159
3 145 160 146
3 145 159 160
3 146 161 147
3 146 160 161
3 147 162 149
3 147 161 162
3 149 163 151
3 149 162 163
3 152 151 164
3 151 165 164
3 151 163 165
3 165 166 164
3 153 154 167
3 167 154 168
3 167 6 7
3 156 167 7
3 153 167 156
3 156 7 8
3 156 8 157
3 157 8 10
3 157 10 158
3 158 10 12
3 158 12 159
3 159 12 14
3 169 159 14
3 160 159 169
3 160 170 161
3 160 169 170
3 161 171 162
3 161 170 171
3 171 16 17
3 163 171 17
3 162 171 163
3 163 17 18
3 172 163 18
3 165 163 172
3 166 165 173
3 165 174 173
3 165 172 174
3 174 175 173
3 178 177 176
3 178 176 168
3 176 167 168
3 176 179 167
3 179 20 6
3 179 6 167
3 24 169 14
3 169 24 26
3 180 169 26
3 170 169 180
3 180 28 29
3 171 180 29
3 170 180 171
3 171 29 16
3 31 181 172
3 31 172 18
3 172 182 174
3 172 181 182
3 175 174 183
3 183 174 182
3 176 177 184
3 184 177 185
3 184 33 34
3 179 184 34
3 176 184 179
3 179 34 20
3 40 180 26
3 28 180 40
3 42 43 186
3 187 44 42
3 187 42 186
3 181 31 44
3 187 181 44
3 188 181 187
3 181 189 182
3 181 188 189
3 183 182 190
3 190 182 189
3 184 185 191
3 191 185 192
3 191 46 33
3 191 33 184
3 53 193 186
3 53 186 43
3 186 194 187
3 186 193 194
3 187 195 188
3 187 194 195
3 188 196 189
3 188 195 196
3 190 189 197
3 197 189 196
3 191 192 198
3 198 192 199
3 198 55 46
3 198 46 191
3 62 193 53
3 193 62 64
3 200 193 64
3 194 193 200
3 194 201 195
3 194 200 201
3 195 202 196
3 195 201 202
3 197 196 203
3 203 196 202
3 198 199 204
3 204 199 205
3 204 66 55
3 204 55 198
3 74 206 200
3 74 200 64
3 200 207 201
3 200 206 207
3 201 208 202
3 201 207 208
3 203 202 209
3 202 210 209
3 202 208 210
3 210 211 209
3 204 205 212
3 212 205 213
3 212 76 66
3 212 66 204
3 84 206 74
3 206 84 86
3 214 206 86
3 207 206 214
3 207 215 208
3 207 214 215
3 208 216 210
3 208 215 216
3 211 210 217
3 217 210 216
3 212 213 218
3 218 213 219
3 220 87 76
3 212 220 76
3 218 220 212
3 220 89 87
3 95 221 96
3 222 97 96
3 222 96 221
3 214 86 97
3 222 214 97
3 223 214 222
3 214 224 215
3 214 223 224
3 215 225 216
3 215 224 225
3 217 216 226
3 226 216 225
3 219 227 218
3 229 228 227
3 228 218 227
3 228 220 218
3 230 98 89
3 220 230 89
3 228 230 220
3 230 100 98
3 104 231 105
3 221 95 105
3 231 221 105
3 232 221 231
3 221 233 222
3 221 232 233
3 222 234 223
3 222 233 234
3 223 235 224
3 223 234 235
3 224 236 225
3 224 235 236
3 226 225 237
3 237 225 236
3 229 238 228
3 240 239 238
3 239 228 238
3 239 230 228
3 241 106 100
3 230 241 100
3 239 241 230
3 241 108 106
3 109 242 110
3 243 111 110
3 243 110 242
3 231 104 111
3 243 231 111
3 244 231 243
3 231 245 232
3 231 244 245
3 232 246 233
3 232 245 246
3 233 247 234
3 233 246 247
3 234 248 235
3 234 247 248
3 250 236 249
3 236 248 249
3 236 235 248
3 236 250 237
3 240 251 239
3 239 251 241
3 241 251 252
3 241 252 108
3 252 112 108
3 252 253 112
3 109 112 242
3 112 254 242
3 112 253 254
3 242 254 243
3 243 254 255
3 243 255 244
3 244 255 256
3 244 256 245
3 245 256 257
3 245 257 246
3 246 257 258
3 246 258 247
3 247 258 259
3 247 259 248
3 248 259 260
3 248 260 249
3 263 262 261
3 114 115 261
3 115 263 261
3 115 264 263
3 266 265 116
3 265 115 116
3 265 264 115
3 268 267 266
3 266 267 265
3 119 120 268
3 120 267 268
3 120 269 267
3 270 120 121
3 270 269 120
3 261 262 271
3 271 262 272
3 261 271 114
3 271 273 114
3 273 123 114
3 271 274 273
3 116 123 266
3 123 275 266
3 123 273 275
3 266 275 268
3 268 275 276
3 268 276 119
3 276 124 119
3 276 277 124
3 126 124 277
3 126 277 278
3 272 279 271
3 271 279 274
3 278 280 126
3 126 280 127
3 283 282 281
3 285 284 281
3 281 284 283
3 285 286 284
3 289 288 287
3 289 287 282
3 287 281 282
3 287 290 281
3 281 291 285
3 281 290 291
3 286 285 292
3 285 293 292
3 285 291 293
3 293 294 292
3 297 296 295
3 297 295 288
3 295 287 288
3 295 298 287
3 287 299 290
3 287 298 299
3 290 300 291
3 290 299 300
3 291 301 293
3 291 300 301
3 294 293 302
3 302 293 301
3 305 304 303
3 305 303 296
3 303 295 296
3 303 306 295
3 295 307 298
3 295 306 307
3 298 308 299
3 298 307 308
3 299 309 300
3 299 308 309
3 300 310 301
3 300 309 310
3 302 301 311
3 301 312 311
3 301 310 312
3 314 313 312
3 312 313 311
3 314 315 313
3 318 317 316
3 318 316 304
3 304 316 303
3 316 129 303
3 129 130 303
3 303 130 131
3 303 131 306
3 306 131 133
3 306 133 307
3 307 133 135
3 307 135 308
3 308 135 137
3 308 137 309
3 309 137 139
3 319 309 139
3 310 309 319
3 310 320 312
3 310 319 320
3 312 321 314
3 312 320 321
3 315 314 322
3 314 323 322
3 314 321 323
3 323 324 322
3 327 326 325
3 327 325 317
3 317 325 316
3 325 141 316
3 141 142 316
3 316 142 129
3 148 319 139
3 319 148 150
3 319 150 320
3 320 150 152
3 328 320 152
3 321 320 328
3 321 329 323
3 321 328 329
3 324 323 330
3 330 323 329
3 333 332 331
3 333 331 326
3 326 331 325
3 331 154 325
3 154 155 325
3 325 155 141
3 164 328 152
3 328 164 166
3 334 328 166
3 329 328 334
3 330 329 335
3 329 336 335
3 329 334 336
3 336 337 335
3 331 332 338
3 338 332 339
3 338 168 154
3 338 154 331
3 173 334 166
3 334 173 175
3 340 334 175
3 336 334 340
3 337 336 341
3 341 336 340
3 338 339 178
3 339 177 178
3 339 342 177
3 338 178 168
3 183 343 340
3 183 340 175
3 341 340 344
3 340 345 344
3 340 343 345
3 345 346 344
3 349 348 347
3 342 349 347
3 185 342 347
3 177 342 185
3 190 350 343
3 190 343 183
3 343 351 345
3 343 350 351
3 346 345 352
3 352 345 351
3 347 348 353
3 353 348 354
3 353 192 185
3 353 185 347
3 197 355 350
3 197 350 190
3 350 356 351
3 350 355 356
3 352 351 357
3 351 358 357
3 351 356 358
3 358 359 357
3 353 354 360
3 360 354 361
3 360 199 192
3 360 192 353
3 203 362 355
3 203 355 197
3 355 363 356
3 355 362 363
3 356 364 358
3 356 363 364
3 359 358 365
3 365 358 364
3 360 361 366
3 366 361 367
3 366 205 199
3 366 199 360
3 209 362 203
3 362 209 211
3 368 362 211
3 363 362 368
3 363 369 364
3 363 368 369
3 365 364 370
3 364 371 370
3 364 369 371
3 371 372 370
3 366 367 373
3 373 367 374
3 373 213 205
3 373 205 366
3 217 375 368
3 217 368 211
3 368 376 369
3 368 375 376
3 369 377 371
3 369 376 377
3 372 371 378
3 378 371 377
3 373 374 379
3 379 374 380
3 379 219 213
3 379 213 373
3 226 381 375
3 226 375 217
3 375 382 376
3 375 381 382
3 376 383 377
3 376 382 383
3 378 377 384
3 384 377 383
3 380 385 379
3 385 387 386
3 385 386 227
3 379 385 227
3 219 379 227
3 386 229 227
3 237 388 381
3 237 381 226
3 381 389 382
3 381 388 389
3 382 390 383
3 382 389 390
3 384 383 391
3 391 383 390
3 386 387 392
3 392 387 393
3 394 238 229
3 386 394 229
3 392 394 386
3 394 240 238
3 249 395 250
3 388 237 250
3 395 388 250
3 396 388 395
3 388 397 389
3 388 396 397
3 389 398 390
3 389 397 398
3 391 390 399
3 399 390 398
3 393 400 392
3 392 400 394
3 394 400 401
3 394 401 240
3 401 251 240
3 401 402 251
3 251 403 252
3 402 403 251
3 252 404 253
3 403 404 252
3 253 405 254
3 404 405 253
3 254 406 255
3 405 406 254
3 255 407 256
3 406 407 255
3 256 408 257
3 407 408 256
3 257 409 258
3 408 409 257
3 258 410 259
3 409 410 258
3 259 411 260
3 410 411 259
3 249 260 395
3 260 412 395
3 260 411 412
3 395 412 396
3 396 412 413
3 396 413 397
3 397 413 414
3 397 414 398
3 398 414 415
3 398 415 399
3 418 417 416
3 262 263 416
3 263 418 416
3 263 419 418
3 420 263 264
3 420 419 263
3 421 264 265
3 421 420 264
3 422 265 267
3 422 421 265
3 423 267 269
3 423 422 267
3 424 269 270
3 424 423 269
3 427 426 425
3 427 425 417
3 425 416 417
3 425 428 416
3 428 272 262
3 428 262 416
3 274 429 273
3 430 275 273
3 430 273 429
3 431 276 275
3 431 275 430
3 432 277 276
3 432 276 431
3 432 278 277
3 425 426 433
3 433 426 434
3 425 435 428
3 425 433 435
3 436 279 272
3 428 436 272
3 435 436 428
3 429 274 279
3 436 429 279
3 437 429 436
3 439 430 438
3 430 437 438
3 430 429 437
3 430 439 431
3 431 439 440
3 442 441 440
3 441 431 440
3 441 432 431
3 443 280 278
3 432 443 278
3 441 443 432
3 434 444 433
3 446 445 444
3 445 433 444
3 445 435 433
3 435 447 436
3 435 445 447
3 436 448 437
3 436 447 448
3 438 437 449
3 449 437 448
3 442 450 441
3 452 451 450
3 451 441 450
3 451 443 441
3 445 446 453
3 453 446 454
3 445 455 447
3 445 453 455
3 447 456 448
3 447 455 456
3 449 448 457
3 457 448 456
3 452 458 451
3 454 459 453
3 453 459 455
3 455 459 460
3 455 460 456
3 456 460 461
3 456 461 457
3 464 463 462
3 462 465 464
3 468 467 466
3 466 469 468
3 462 463 470
3 470 463 471
3 465 462 472
3 472 462 470
3 475 474 473
3 475 473 467
3 473 466 467
3 473 476 466
3 469 466 477
3 466 478 477
3 466 476 478
3 478 479 477
3 482 481 480
3 484 483 480
3 483 470 480
3 471 482 480
3 471 480 470
3 470 483 472
3 487 486 485
3 487 485 474
3 485 473 474
3 485 488 473
3 473 489 476
3 473 488 489
3 476 490 478
3 476 489 490
3 479 478 491
3 478 492 491
3 478 490 492
3 491 492 481
3 492 480 481
3 492 493 480
3 484 480 494
3 480 495 494
3 480 493 495
3 495 496 494
3 499 498 497
3 499 497 486
3 497 485 486
3 497 500 485
3 500 282 283
3 488 500 283
3 485 500 488
3 488 283 284
3 488 284 489
3 489 284 286
3 501 489 286
3 490 489 501
3 490 502 492
3 490 501 502
3 492 503 493
3 492 502 503
3 493 504 495
3 493 503 504
3 496 495 505
3 495 506 505
3 495 504 506
3 506 507 505
3 510 509 508
3 510 508 498
3 508 497 498
3 508 511 497
3 511 288 289
3 500 511 289
3 497 511 500
3 500 289 282
3 292 501 286
3 501 292 294
3 512 501 294
3 502 501 512
3 502 513 503
3 502 512 513
3 503 514 504
3 503 513 514
3 504 515 506
3 504 514 515
3 507 506 516
3 506 517 516
3 506 515 517
3 517 518 516
3 508 509 519
3 519 509 520
3 519 296 297
3 511 519 297
3 508 519 511
3 511 297 288
3 302 521 512
3 302 512 294
3 512 522 513
3 512 521 522
3 513 523 514
3 513 522 523
3 514 524 515
3 514 523 524
3 515 525 517
3 515 524 525
3 518 517 526
3 517 527 526
3 517 525 527
3 529 528 527
3 527 528 526
3 529 530 528
3 533 532 531
3 533 531 520
3 520 531 519
3 531 304 519
3 304 305 519
3 519 305 296
3 311 521 302
3 521 311 313
3 521 313 522
3 522 313 315
3 534 522 315
3 523 522 534
3 523 535 524
3 523 534 535
3 524 536 525
3 524 535 536
3 525 537 527
3 525 536 537
3 527 538 529
3 527 537 538
3 530 529 539
3 539 529 538
3 542 541 540
3 542 540 532
3 532 540 531
3 540 317 531
3 317 318 531
3 531 318 304
3 322 534 315
3 534 322 324
3 543 534 324
3 535 534 543
3 535 544 536
3 535 543 544
3 536 545 537
3 536 544 545
3 537 546 538
3 537 545 546
3 539 538 547
3 547 538 546
3 550 549 548
3 550 548 541
3 541 548 540
3 548 326 540
3 326 327 540
3 540 327 317
3 330 551 543
3 330 543 324
3 543 552 544
3 543 551 552
3 544 553 545
3 544 552 553
3 545 554 546
3 545 553 554
3 547 546 555
3 555 546 554
3 548 549 333
3 549 332 333
3 549 556 332
3 548 333 326
3 335 551 330
3 551 335 337
3 557 551 337
3 552 551 557
3 552 558 553
3 552 557 558
3 553 559 554
3 553 558 559
3 555 554 560
3 554 561 560
3 554 559 561
3 561 562 560
3 556 339 332
3 563 339 556
3 341 564 557
3 341 557 337
3 557 565 558
3 557 564 565
3 558 566 559
3 558 565 566
3 559 567 561
3 559 566 567
3 562 561 568
3 568 561 567
3 571 570 569
3 563 571 569
3 342 563 569
3 339 563 342
3 344 564 341
3 564 344 346
3 572 564 346
3 565 564 572
3 565 573 566
3 565 572 573
3 566 574 567
3 566 573 574
3 568 567 575
3 575 567 574
3 569 570 349
3 570 348 349
3 570 576 348
3 569 349 342
3 352 577 572
3 352 572 346
3 572 578 573
3 572 577 578
3 573 579 574
3 573 578 579
3 575 574 580
3 580 574 579
3 576 354 348
3 581 354 576
3 357 577 352
3 577 357 359
3 582 577 359
3 578 577 582
3 578 583 579
3 578 582 583
3 580 579 584
3 584 579 583
3 581 361 354
3 585 361 581
3 365 586 582
3 365 582 359
3 582 587 583
3 582 586 587
3 584 583 588
3 588 583 587
3 585 367 361
3 589 367 585
3 370 586 365
3 586 370 372
3 590 586 372
3 587 586 590
3 588 587 591
3 591 587 590
3 589 374 367
3 592 374 589
3 378 593 590
3 378 590 372
3 591 590 594
3 590 595 594
3 590 593 595
3 595 596 594
3 592 380 374
3 597 380 592
3 384 598 593
3 384 593 378
3 593 599 595
3 593 598 599
3 596 595 600
3 600 595 599
3 385 380 601
3 380 602 601
3 380 597 602
3 601 387 385
3 391 603 598
3 391 598 384
3 598 604 599
3 598 603 604
3 600 599 605
3 605 599 604
3 601 602 606
3 606 602 607
3 606 393 387
3 606 387 601
3 399 608 603
3 399 603 391
3 603 609 604
3 603 608 609
3 605 604 610
3 610 604 609
3 607 611 606
3 606 611 393
3 611 400 393
3 611 612 400
3 400 613 401
3 612 613 400
3 401 614 402
3 613 614 401
3 402 615 403
3 614 615 402
3 403 616 404
3 615 616 403
3 404 617 405
3 616 617 404
3 405 618 406
3 617 618 405
3 406 619 407
3 618 619 406
3 407 620 408
3 619 620 407
3 408 621 409
3 620 621 408
3 409 622 410
3 621 622 409
3 410 623 411
3 622 623 410
3 411 624 412
3 623 624 411
3 412 625 413
3 624 625 412
3 413 626 414
3 625 626 413
3 414 627 415
3 626 627 414
3 415 627 399
3 627 628 399
3 628 608 399
3 628 627 629
3 608 630 609
3 608 628 630
3 610 609 631
3 631 609 630
3 629 632 628
3 628 632 630
3 630 632 633
3 630 633 631
3 636 635 634
3 638 637 634
3 634 637 636
3 417 418 638
3 418 637 638
3 418 639 637
3 640 418 419
3 640 639 418
3 641 419 420
3 641 640 419
3 642 420 421
3 642 641 420
3 643 421 422
3 643 642 421
3 644 422 423
3 644 643 422
3 645 423 424
3 645 644 423
3 634 635 646
3 646 635 647
3 646 426 427
3 638 646 427
3 634 646 638
3 638 427 417
3 646 647 648
3 648 647 649
3 648 434 426
3 648 426 646
3 438 650 439
3 651 440 439
3 651 439 650
3 651 442 440
3 649 652 648
3 652 654 653
3 652 653 444
3 648 652 444
3 434 648 444
3 653 446 444
3 449 655 650
3 449 650 438
3 650 656 651
3 650 655 656
3 657 450 442
3 651 657 442
3 656 657 651
3 657 452 450
3 654 658 653
3 446 653 658
3 659 446 658
3 454 446 659
3 457 660 655
3 457 655 449
3 655 661 656
3 655 660 661
3 656 662 657
3 656 661 662
3 663 458 452
3 657 663 452
3 662 663 657
3 459 454 664
3 454 665 664
3 454 659 665
3 666 460 459
3 666 459 664
3 667 461 460
3 667 460 666
3 660 457 461
3 667 660 461
3 668 660 667
3 670 661 669
3 661 668 669
3 661 660 668
3 661 670 662
3 662 670 671
3 673 672 671
3 672 662 671
3 672 663 662
3 665 674 664
3 664 674 666
3 666 674 675
3 677 676 675
3 676 666 675
3 676 667 666
3 679 668 678
3 668 676 678
3 668 667 676
3 668 679 669
3 673 680 672
3 677 681 676
3 676 681 678
3 684 683 682
3 686 685 682
3 682 685 684
3 688 687 686
3 686 687 685
3 688 689 687
3 692 691 690
3 694 693 690
3 690 693 692
3 694 695 693
3 682 683 696
3 696 683 697
3 682 698 686
3 682 696 698
3 686 699 688
3 686 698 699
3 689 688 700
3 688 701 700
3 688 699 701
3 700 701 691
3 701 690 691
3 701 702 690
3 690 703 694
3 690 702 703
3 695 694 704
3 704 694 703
3 696 697 705
3 705 697 706
3 696 707 698
3 696 705 707
3 698 708 699
3 698 707 708
3 699 709 701
3 699 708 709
3 701 710 702
3 701 709 710
3 702 711 703
3 702 710 711
3 704 703 712
3 703 713 712
3 703 711 713
3 713 714 712
3 717 716 715
3 717 715 706
3 715 705 706
3 715 718 705
3 705 719 707
3 705 718 719
3 707 720 708
3 707 719 720
3 708 721 709
3 708 720 721
3 709 722 710
3 709 721 722
3 710 723 711
3 710 722 723
3 711 724 713
3 711 723 724
3 714 713 725
3 713 726 725
3 713 724 726
3 726 727 725
3 715 716 728
3 728 716 729
3 715 730 718
3 715 728 730
3 718 731 719
3 718 730 731
3 719 732 720
3 719 731 732
3 720 733 721
3 720 732 733
3 733 463 464
3 722 733 464
3 721 733 722
3 722 464 465
3 734 722 465
3 723 722 734
3 723 735 724
3 723 734 735
3 724 736 726
3 724 735 736
3 727 726 737
3 737 726 736
3 740 739 738
3 740 738 729
3 738 728 729
3 738 741 728
3 741 467 468
3 730 741 468
3 728 741 730
3 730 468 469
3 742 730 469
3 731 730 742
3 731 743 732
3 731 742 743
3 732 744 733
3 732 743 744
3 744 471 463
3 744 463 733
3 472 745 734
3 472 734 465
3 734 746 735
3 734 745 746
3 735 747 736
3 735 746 747
3 737 736 748
3 748 736 747
3 738 739 749
3 749 739 750
3 749 474 475
3 741 749 475
3 738 749 741
3 741 475 467
3 477 742 469
3 742 477 479
3 751 742 479
3 743 742 751
3 751 481 482
3 744 751 482
3 743 751 744
3 471 744 482
3 483 484 752
3 745 472 483
3 752 745 483
3 753 745 752
3 745 754 746
3 745 753 754
3 746 755 747
3 746 754 755
3 748 747 756
3 756 747 755
3 759 758 757
3 759 757 750
3 750 757 749
3 757 486 749
3 486 487 749
3 749 487 474
3 491 751 479
3 751 491 481
3 494 752 484
3 752 494 496
3 760 752 496
3 753 752 760
3 753 761 754
3 753 760 761
3 754 762 755
3 754 761 762
3 756 755 763
3 755 764 763
3 755 762 764
3 764 765 763
3 768 767 766
3 768 766 758
3 758 766 757
3 766 498 757
3 498 499 757
3 757 499 486
3 505 760 496
3 760 505 507
3 769 760 507
3 761 760 769
3 761 770 762
3 761 769 770
3 762 771 764
3 762 770 771
3 765 764 772
3 764 773 772
3 764 771 773
3 773 774 772
3 766 767 510
3 767 509 510
3 767 775 509
3 766 510 498
3 516 769 507
3 769 516 518
3 776 769 518
3 770 769 776
3 770 777 771
3 770 776 777
3 771 778 773
3 771 777 778
3 774 773 779
3 779 773 778
3 782 781 780
3 775 782 780
3 520 775 780
3 509 775 520
3 526 776 518
3 776 526 528
3 776 528 777
3 777 528 530
3 783 777 530
3 778 777 783
3 779 778 784
3 784 778 783
3 787 786 785
3 787 785 781
3 781 785 780
3 785 532 780
3 532 533 780
3 780 533 520
3 539 788 783
3 539 783 530
3 784 783 789
3 789 783 788
3 785 786 542
3 786 541 542
3 786 790 541
3 785 542 532
3 547 791 788
3 547 788 539
3 789 788 792
3 792 788 791
3 794 793 550
3 550 793 549
3 550 541 790
3 550 790 794
3 555 795 791
3 555 791 547
3 792 791 796
3 791 797 796
3 791 795 797
3 797 798 796
3 793 556 549
3 799 556 793
3 560 795 555
3 795 560 562
3 800 795 562
3 797 795 800
3 798 797 801
3 801 797 800
3 799 563 556
3 802 563 799
3 568 803 800
3 568 800 562
3 801 800 804
3 800 805 804
3 800 803 805
3 805 806 804
3 808 807 571
3 571 807 570
3 571 563 802
3 571 802 808
3 575 809 803
3 575 803 568
3 803 810 805
3 803 809 810
3 806 805 811
3 811 805 810
3 807 576 570
3 812 576 807
3 580 813 809
3 580 809 575
3 809 814 810
3 809 813 814
3 811 810 815
3 815 810 814
3 812 581 576
3 816 581 812
3 584 817 813
3 584 813 580
3 813 818 814
3 813 817 818
3 815 814 819
3 814 820 819
3 814 818 820
3 820 821 819
3 816 585 581
3 822 585 816
3 588 823 817
3 588 817 584
3 817 824 818
3 817 823 824
3 818 825 820
3 818 824 825
3 821 820 826
3 826 820 825
3 829 828 827
3 822 829 827
3 589 822 827
3 585 822 589
3 591 830 823
3 591 823 588
3 823 831 824
3 823 830 831
3 824 832 825
3 824 831 832
3 826 825 833
3 825 834 833
3 825 832 834
3 834 835 833
3 827 828 836
3 836 828 837
3 836 592 589
3 836 589 827
3 594 830 591
3 830 594 596
3 838 830 596
3 831 830 838
3 831 839 832
3 831 838 839
3 832 840 834
3 832 839 840
3 835 834 841
3 841 834 840
3 837 842 836
3 592 836 842
3 843 592 842
3 597 592 843
3 600 844 838
3 600 838 596
3 838 845 839
3 838 844 845
3 839 846 840
3 839 845 846
3 841 840 847
3 840 848 847
3 840 846 848
3 848 849 847
3 843 602 597
3 850 602 843
3 605 851 844
3 605 844 600
3 844 852 845
3 844 851 852
3 845 853 846
3 845 852 853
3 846 854 848
3 846 853 854
3 849 848 855
3 855 848 854
3 850 607 602
3 856 607 850
3 610 857 851
3 610 851 605
3 851 858 852
3 851 857 858
3 852 859 853
3 852 858 859
3 853 860 854
3 853 859 860
3 855 854 861
3 861 854 860
3 856 862 607
3 607 862 611
3 611 863 612
3 862 863 611
3 612 864 613
3 863 864 612
3 613 865 614
3 864 865 613
3 614 866 615
3 865 866 614
3 615 867 616
3 866 867 615
3 616 868 617
3 867 868 616
3 617 869 618
3 868 869 617
3 618 870 619
3 869 870 618
3 619 871 620
3 870 871 619
3 620 872 621
3 871 872 620
3 621 873 622
3 872 873 621
3 622 874 623
3 873 874 622
3 623 875 624
3 874 875 623
3 624 876 625
3 875 876 624
3 625 877 626
3 876 877 625
3 626 878 627
3 877 878 626
3 629 627 878
3 629 878 879
3 631 880 857
3 631 857 610
3 857 881 858
3 857 880 881
3 858 882 859
3 858 881 882
3 884 860 883
3 860 882 883
3 860 859 882
3 860 884 861
3 879 885 629
3 629 885 632
3 632 886 633
3 885 886 632
3 631 633 880
3 633 887 880
3 633 886 887
3 880 887 881
3 881 887 888
3 881 888 882
3 882 888 889
3 882 889 883
3 891 890 636
3 636 890 635
3 892 636 637
3 892 891 636
3 893 637 639
3 893 892 637
3 894 639 640
3 894 893 639
3 895 640 641
3 895 894 640
3 896 641 642
3 896 895 641
3 897 642 643
3 897 896 642
3 898 643 644
3 898 897 643
3 899 644 645
3 899 898 644
3 890 647 635
3 900 647 890
3 900 649 647
3 901 649 900
3 652 649 902
3 649 903 902
3 649 901 903
3 902 654 652
3 902 903 904
3 904 903 905
3 906 658 654
3 902 906 654
3 904 906 902
3 906 659 658
3 905 907 904
3 909 908 907
3 908 904 907
3 908 906 904
3 908 665 659
3 908 659 906
3 669 910 670
3 911 671 670
3 911 670 910
3 911 673 671
3 914 913 912
3 916 915 912
3 912 915 914
3 915 916 909
3 916 908 909
3 916 917 908
3 908 917 665
3 917 918 665
3 918 674 665
3 917 919 918
3 918 921 920
3 675 918 920
3 674 918 675
3 920 677 675
3 678 922 679
3 910 669 679
3 922 910 679
3 923 910 922
3 910 924 911
3 910 923 924
3 925 680 673
3 911 925 673
3 924 925 911
3 912 913 926
3 926 913 927
3 929 916 928
3 916 926 928
3 916 912 926
3 916 929 917
3 917 929 930
3 917 930 919
3 921 931 920
3 920 931 677
3 931 681 677
3 931 932 681
3 678 681 922
3 681 933 922
3 681 932 933
3 922 933 923
3 923 933 934
3 923 934 924
3 924 934 935
3 937 936 935
3 936 924 935
3 936 925 924
3 927 938 926
3 926 938 928
3 937 939 936
3 942 941 940
3 944 943 940
3 940 943 942
3 944 945 943
3 948 947 946
3 950 949 946
3 946 949 948
3 952 951 950
3 950 951 949
3 951 952 941
3 952 940 941
3 952 953 940
3 940 954 944
3 940 953 954
3 945 944 955
3 944 956 955
3 944 954 956
3 958 957 956
3 956 957 955
3 958 959 957
3 962 961 960
3 962 960 947
3 960 946 947
3 960 963 946
3 946 964 950
3 946 963 964
3 950 965 952
3 950 964 965
3 952 966 953
3 952 965 966
3 953 967 954
3 953 966 967
3 954 968 956
3 954 967 968
3 970 958 969
3 958 968 969
3 958 956 968
3 958 970 959
3 960 961 971
3 971 961 972
3 960 973 963
3 960 971 973
3 963 974 964
3 963 973 974
3 964 975 965
3 964 974 975
3 965 976 966
3 965 975 976
3 966 977 967
3 966 976 977
3 967 978 968
3 967 977 978
3 969 968 979
3 979 968 978
3 971 972 980
3 980 972 981
3 971 982 973
3 971 980 982
3 973 983 974
3 973 982 983
3 974 984 975
3 974 983 984
3 975 985 976
3 975 984 985
3 976 986 977
3 976 985 986
3 977 987 978
3 977 986 987
3 979 978 988
3 988 978 987
3 991 990 989
3 991 989 981
3 989 980 981
3 989 992 980
3 980 993 982
3 980 992 993
3 982 994 983
3 982 993 994
3 983 995 984
3 983 994 995
3 984 996 985
3 984 995 996
3 985 997 986
3 985 996 997
3 986 998 987
3 986 997 998
3 988 987 999
3 999 987 998
3 1002 1001 1000
3 1004 1003 1000
3 1000 1003 1002
3 1003 1004 990
3 1004 989 990
3 1004 1005 989
3 989 1006 992
3 989 1005 1006
3 992 1007 993
3 992 1006 1007
3 993 1008 994
3 993 1007 1008
3 994 1009 995
3 994 1008 1009
3 995 1010 996
3 995 1009 1010
3 996 1011 997
3 996 1010 1011
3 997 1012 998
3 997 1011 1012
3 999 998 1013
3 1013 998 1012
3 1000 1001 684
3 1001 683 684
3 1001 1014 683
3 1000 684 685
3 1000 685 1004
3 1004 685 687
3 1004 687 1005
3 1005 687 689
3 1015 1005 689
3 1006 1005 1015
3 1015 691 692
3 1007 1015 692
3 1006 1015 1007
3 1007 692 693
3 1007 693 1008
3 1008 693 695
3 1016 1008 695
3 1009 1008 1016
3 1009 1017 1010
3 1009 1016 1017
3 1010 1018 1011
3 1010 1017 1018
3 1020 1012 1019
3 1012 1018 1019
3 1012 1011 1018
3 1012 1020 1013
3 1023 1022 1021
3 1014 1023 1021
3 697 1014 1021
3 683 1014 697
3 700 1015 689
3 1015 700 691
3 704 1024 1016
3 704 1016 695
3 1016 1025 1017
3 1016 1024 1025
3 1017 1026 1018
3 1017 1025 1026
3 1019 1018 1027
3 1027 1018 1026
3 1021 1022 1028
3 1028 1022 1029
3 1028 706 697
3 1028 697 1021
3 712 1024 704
3 1024 712 714
3 1030 1024 714
3 1025 1024 1030
3 1025 1031 1026
3 1025 1030 1031
3 1027 1026 1032
3 1032 1026 1031
3 1035 1034 1033
3 1035 1033 1029
3 1029 1033 1028
3 1033 716 1028
3 716 717 1028
3 1028 717 706
3 725 1030 714
3 1030 725 727
3 1036 1030 727
3 1031 1030 1036
3 1032 1031 1037
3 1031 1038 1037
3 1031 1036 1038
3 1038 1039 1037
3 1033 1034 1040
3 1040 1034 1041
3 1040 729 716
3 1040 716 1033
3 737 1042 1036
3 737 1036 727
3 1036 1043 1038
3 1036 1042 1043
3 1039 1038 1044
3 1044 1038 1043
3 1047 1046 1045
3 1047 1045 1041
3 1041 1045 1040
3 1045 739 1040
3 739 740 1040
3 1040 740 729
3 748 1048 1042
3 748 1042 737
3 1042 1049 1043
3 1042 1048 1049
3 1044 1043 1050
3 1050 1043 1049
3 1045 1046 1051
3 1051 1046 1052
3 1051 750 739
3 1051 739 1045
3 756 1053 1048
3 756 1048 748
3 1048 1054 1049
3 1048 1053 1054
3 1050 1049 1055
3 1055 1049 1054
3 1058 1057 1056
3 1058 1056 1052
3 1052 1056 1051
3 1056 758 1051
3 758 759 1051
3 1051 759 750
3 763 1053 756
3 1053 763 765
3 1059 1053 765
3 1054 1053 1059
3 1055 1054 1060
3 1060 1054 1059
3 1056 1057 768
3 1057 767 768
3 1057 1061 767
3 1056 768 758
3 772 1059 765
3 772 774 1059
3 774 1060 1059
3 774 1062 1060
3 1065 1064 1063
3 1061 1065 1063
3 775 1061 1063
3 767 1061 775
3 779 1067 1066
3 1062 779 1066
3 774 779 1062
3 1067 1068 1066
3 1063 1064 782
3 1064 781 782
3 1064 1069 781
3 1063 782 775
3 784 1070 1067
3 784 1067 779
3 1068 1067 1071
3 1071 1067 1070
3 1073 1072 787
3 787 1072 786
3 787 781 1069
3 787 1069 1073
3 789 1074 1070
3 789 1070 784
3 1071 1070 1075
3 1075 1070 1074
3 1072 790 786
3 1076 790 1072
3 792 1077 1074
3 792 1074 789
3 1075 1074 1078
3 1078 1074 1077
3 1080 1079 794
3 794 1079 793
3 794 790 1076
3 794 1076 1080
3 796 1077 792
3 1082 1081 798
3 798 1081 796
3 1081 1078 796
3 1078 1077 796
3 1082 1083 1081
3 1079 799 793
3 1084 799 1079
3 801 1085 1082
3 801 1082 798
3 1083 1082 1086
3 1082 1087 1086
3 1082 1085 1087
3 1087 1088 1086
3 1091 1090 1089
3 1084 1091 1089
3 802 1084 1089
3 799 1084 802
3 804 1085 801
3 1085 804 806
3 1092 1085 806
3 1087 1085 1092
3 1088 1087 1093
3 1093 1087 1092
3 1089 1090 808
3 1090 807 808
3 1090 1094 807
3 1089 808 802
3 811 1095 1092
3 811 1092 806
3 1093 1092 1096
3 1092 1097 1096
3 1092 1095 1097
3 1097 1098 1096
3 1094 812 807
3 1099 812 1094
3 815 1100 1095
3 815 1095 811
3 1095 1101 1097
3 1095 1100 1101
3 1098 1097 1102
3 1097 1103 1102
3 1097 1101 1103
3 1103 1104 1102
3 1099 816 812
3 1105 816 1099
3 819 1100 815
3 1100 819 821
3 1106 1100 821
3 1101 1100 1106
3 1101 1107 1103
3 1101 1106 1107
3 1104 1103 1108
3 1108 1103 1107
3 1105 822 816
3 1109 822 1105
3 826 1110 1106
3 826 1106 821
3 1106 1111 1107
3 1106 1110 1111
3 1108 1107 1112
3 1107 1113 1112
3 1107 1111 1113
3 1113 1114 1112
3 1115 828 829
3 1116 1115 829
3 822 1116 829
3 1109 1116 822
3 833 1110 826
3 1110 833 835
3 1117 1110 835
3 1111 1110 1117
3 1111 1118 1113
3 1111 1117 1118
3 1114 1113 1119
3 1119 1113 1118
3 1121 1120 1115
3 1120 828 1115
3 1120 837 828
3 1121 1115 1116
3 841 1122 1117
3 841 1117 835
3 1117 1123 1118
3 1117 1122 1123
3 1119 1118 1124
3 1124 1118 1123
3 842 837 1125
3 837 1126 1125
3 837 1120 1126
3 1125 843 842
3 847 1122 841
3 1122 847 849
3 1127 1122 849
3 1123 1122 1127
3 1124 1123 1128
3 1123 1129 1128
3 1123 1127 1129
3 1129 1130 1128
3 1125 1126 1131
3 1131 1126 1132
3 1131 850 843
3 1131 843 1125
3 855 1133 1127
3 855 1127 849
3 1127 1134 1129
3 1127 1133 1134
3 1130 1129 1135
3 1135 1129 1134
3 1132 1136 1131
3 856 850 1131
3 1137 856 1131
3 1136 1137 1131
3 856 1137 1138
3 1139 1138 1137
3 861 1140 1133
3 861 1133 855
3 1142 1134 1141
3 1134 1140 1141
3 1134 1133 1140
3 1134 1142 1135
3 1138 862 856
3 1139 1143 1138
3 1143 862 1138
3 1143 863 862
3 863 1144 864
3 1143 1144 863
3 864 1145 865
3 1144 1145 864
3 865 1146 866
3 1145 1146 865
3 866 1147 867
3 1146 1147 866
3 867 1148 868
3 1147 1148 867
3 868 1149 869
3 1148 1149 868
3 869 1150 870
3 1149 1150 869
3 870 1151 871
3 1150 1151 870
3 871 1152 872
3 1151 1152 871
3 872 1153 873
3 1152 1153 872
3 873 1154 874
3 1153 1154 873
3 874 1155 875
3 1154 1155 874
3 875 1156 876
3 1155 1156 875
3 876 1157 877
3 1156 1157 876
3 877 1158 878
3 1157 1158 877
3 879 878 1158
3 879 1158 1159
3 883 1160 884
3 1140 861 884
3 1160 1140 884
3 1161 1140 1160
3 1141 1140 1162
3 1162 1140 1161
3 1159 1163 879
3 879 1163 885
3 885 1164 886
3 1163 1164 885
3 886 1165 887
3 1164 1165 886
3 887 1166 888
3 1165 1166 887
3 1166 1168 1167
3 889 1166 1167
3 888 1166 889
3 1160 883 889
3 1167 1160 889
3 1169 1160 1167
3 1171 1161 1170
3 1161 1169 1170
3 1161 1160 1169
3 1161 1171 1162
3 1168 1172 1167
3 1167 1172 1169
3 1169 1172 1173
3 1169 1173 1170
3 1176 1175 1174
3 890 891 1174
3 891 1176 1174
3 891 1177 1176
3 1178 891 892
3 1178 1177 891
3 1179 892 893
3 1179 1178 892
3 1180 893 894
3 1180 1179 893
3 1181 894 895
3 1181 1180 894
3 1182 895 896
3 1182 1181 895
3 1183 896 897
3 1183 1182 896
3 1184 897 898
3 1184 1183 897
3 1185 898 899
3 1185 1184 898
3 1175 1186 1174
3 890 1174 1186
3 1187 890 1186
3 900 890 1187
3 1190 1189 1188
3 1187 1190 1188
3 901 1187 1188
3 900 1187 901
3 1188 1189 1191
3 1191 1189 1192
3 1191 903 901
3 1191 901 1188
3 1191 1192 1193
3 1193 1192 1194
3 1193 905 903
3 1193 903 1191
3 1197 1196 1195
3 1197 1195 1194
3 1195 1193 1194
3 1195 1198 1193
3 1199 907 905
3 1193 1199 905
3 1198 1199 1193
3 1199 909 907
3 1202 1201 1200
3 1202 1200 1196
3 1200 1195 1196
3 1200 1203 1195
3 1203 913 914
3 1198 1203 914
3 1195 1203 1198
3 1198 914 915
3 1198 915 1199
3 1199 915 909
3 1205 1204 918
3 1205 918 919
3 921 918 1204
3 921 1204 1206
3 1209 1208 1207
3 1207 1210 1209
3 1200 1201 1211
3 1211 1201 1212
3 1200 1213 1203
3 1200 1211 1213
3 1213 927 913
3 1213 913 1203
3 928 1214 929
3 929 1214 1215
3 1216 929 1215
3 930 929 1216
3 919 930 1205
3 1205 930 1216
3 1206 1217 921
3 921 1217 931
3 1217 1219 1218
3 932 1217 1218
3 931 1217 932
3 1220 933 932
3 1220 932 1218
3 1221 934 933
3 1221 933 1220
3 1222 935 934
3 1222 934 1221
3 1222 937 935
3 1225 1224 1223
3 1227 1226 1223
3 1223 1226 1225
3 1227 1228 1226
3 1207 1208 1229
3 1229 1208 1230
3 1210 1207 1231
3 1207 1232 1231
3 1207 1229 1232
3 1234 1233 1232
3 1232 1233 1231
3 1234 1235 1233
3 1212 1236 1211
3 1238 1237 1236
3 1237 1211 1236
3 1237 1213 1211
3 1213 1237 927
3 1237 1239 927
3 1239 938 927
3 1237 1240 1239
3 928 938 1214
3 938 1241 1214
3 938 1239 1241
3 1214 1241 1215
3 1219 1242 1218
3 1218 1242 1220
3 1220 1242 1243
3 1220 1243 1221
3 1221 1243 1244
3 1221 1244 1222
3 1222 1244 1245
3 1245 1247 1246
3 1245 1246 939
3 1222 1245 939
3 937 1222 939
3 1223 1224 1248
3 1248 1224 1249
3 1223 1250 1227
3 1223 1248 1250
3 1228 1227 1251
3 1251 1227 1250
3 1230 1252 1229
3 1229 1252 1232
3 1232 1252 1253
3 1255 1254 1253
3 1254 1232 1253
3 1254 1234 1232
3 1235 1234 1256
3 1256 1234 1254
3 1238 1257 1237
3 1237 1257 1240
3 1247 1258 1246
3 1249 1259 1248
3 1248 1259 1250
3 1250 1259 1260
3 1250 1260 1251
3 1263 1262 1261
3 1265 1264 1261
3 1261 1264 1263
3 1265 1266 1264
3 1254 1255 1267
3 1267 1255 1268
3 1256 1254 1269
3 1254 1270 1269
3 1254 1267 1270
3 1270 1271 1269
3 1274 1273 1272
3 1276 1275 1272
3 1272 1275 1274
3 1276 1277 1275
3 1280 1279 1278
3 1280 1278 1262
3 1278 1261 1262
3 1278 1281 1261
3 1261 1282 1265
3 1261 1281 1282
3 1266 1265 1283
3 1265 1284 1283
3 1265 1282 1284
3 1286 1285 1284
3 1284 1285 1283
3 1285 1286 1268
3 1286 1267 1268
3 1286 1287 1267
3 1267 1288 1270
3 1267 1287 1288
3 1271 1270 1289
3 1270 1290 1289
3 1270 1288 1290
3 1290 1291 1289
3 1272 1273 1292
3 1292 1273 1293
3 1272 1294 1276
3 1272 1292 1294
3 1277 1276 1295
3 1295 1276 1294
3 1298 1297 1296
3 1298 1296 1279
3 1296 1278 1279
3 1296 1299 1278
3 1278 1300 1281
3 1278 1299 1300
3 1281 1301 1282
3 1281 1300 1301
3 1282 1302 1284
3 1282 1301 1302
3 1284 1303 1286
3 1284 1302 1303
3 1286 1304 1287
3 1286 1303 1304
3 1287 1305 1288
3 1287 1304 1305
3 1288 1306 1290
3 1288 1305 1306
3 1291 1290 1307
3 1290 1308 1307
3 1290 1306 1308
3 1308 1309 1307
3 1292 1293 1310
3 1310 1293 1311
3 1292 1312 1294
3 1292 1310 1312
3 1295 1294 1313
3 1313 1294 1312
3 1296 1297 1314
3 1314 1297 1315
3 1296 1316 1299
3 1296 1314 1316
3 1299 1317 1300
3 1299 1316 1317
3 1300 1318 1301
3 1300 1317 1318
3 1301 1319 1302
3 1301 1318 1319
3 1302 1320 1303
3 1302 1319 1320
3 1303 1321 1304
3 1303 1320 1321
3 1304 1322 1305
3 1304 1321 1322
3 1305 1323 1306
3 1305 1322 1323
3 1306 1324 1308
3 1306 1323 1324
3 1309 1308 1325
3 1308 1326 1325
3 1308 1324 1326
3 1326 1327 1325
3 1311 1328 1310
3 1310 1328 1312
3 1312 1328 1329
3 1312 1329 1313
3 1315 1330 1314
3 1332 1331 1330
3 1331 1314 1330
3 1331 1316 1314
3 1316 1333 1317
3 1316 1331 1333
3 1317 1334 1318
3 1317 1333 1334
3 1318 1335 1319
3 1318 1334 1335
3 1319 1336 1320
3 1319 1335 1336
3 1320 1337 1321
3 1320 1336 1337
3 1321 1338 1322
3 1321 1337 1338
3 1322 1339 1323
3 1322 1338 1339
3 1323 1340 1324
3 1323 1339 1340
3 1324 1341 1326
3 1324 1340 1341
3 1327 1326 1342
3 1326 1343 1342
3 1326 1341 1343
3 1345 1344 1343
3 1343 1344 1342
3 1345 1346 1344
3 1332 1347 1331
3 1349 1348 1347
3 1348 1331 1347
3 1348 1333 1331
3 1333 1350 1334
3 1333 1348 1350
3 1334 1351 1335
3 1334 1350 1351
3 1335 1352 1336
3 1335 1351 1352
3 1336 1353 1337
3 1336 1352 1353
3 1337 1354 1338
3 1337 1353 1354
3 1338 1355 1339
3 1338 1354 1355
3 1339 1356 1340
3 1339 1355 1356
3 1340 1357 1341
3 1340 1356 1357
3 1341 1358 1343
3 1341 1357 1358
3 1343 1359 1345
3 1343 1358 1359
3 1346 1345 1360
3 1345 1361 1360
3 1345 1359 1361
3 1361 1362 1360
3 1365 1364 1363
3 1365 1363 1349
3 1363 1348 1349
3 1363 1366 1348
3 1348 1367 1350
3 1348 1366 1367
3 1350 1368 1351
3 1350 1367 1368
3 1351 1369 1352
3 1351 1368 1369
3 1352 1370 1353
3 1352 1369 1370
3 1353 1371 1354
3 1353 1370 1371
3 1354 1372 1355
3 1354 1371 1372
3 1355 1373 1356
3 1355 1372 1373
3 1356 1374 1357
3 1356 1373 1374
3 1357 1375 1358
3 1357 1374 1375
3 1358 1376 1359
3 1358 1375 1376
3 1378 1361 1377
3 1361 1376 1377
3 1361 1359 1376
3 1361 1378 1362
3 1363 1364 1379
3 1379 1364 1380
3 1363 1381 1366
3 1363 1379 1381
3 1366 1382 1367
3 1366 1381 1382
3 1367 1383 1368
3 1367 1382 1383
3 1368 1384 1369
3 1368 1383 1384
3 1369 1385 1370
3 1369 1384 1385
3 1370 1386 1371
3 1370 1385 1386
3 1371 1387 1372
3 1371 1386 1387
3 1372 1388 1373
3 1372 1387 1388
3 1373 1389 1374
3 1373 1388 1389
3 1374 1390 1375
3 1374 1389 1390
3 1375 1391 1376
3 1375 1390 1391
3 1377 1376 1392
3 1392 1376 1391
3 1380 1393 1379
3 1395 1394 1393
3 1394 1379 1393
3 1394 1381 1379
3 1381 1396 1382
3 1381 1394 1396
3 1382 1397 1383
3 1382 1396 1397
3 1383 1398 1384
3 1383 1397 1398
3 1384 1399 1385
3 1384 1398 1399
3 1385 1400 1386
3 1385 1399 1400
3 1386 1401 1387
3 1386 1400 1401
3 1387 1402 1388
3 1387 1401 1402
3 1388 1403 1389
3 1388 1402 1403
3 1389 1404 1390
3 1389 1403 1404
3 1406 1391 1405
3 1391 1404 1405
3 1391 1390 1404
3 1391 1406 1392
3 1395 1407 1394
3 1409 1408 1407
3 1408 1394 1407
3 1408 1396 1394
3 1396 1410 1397
3 1396 1408 1410
3 1397 1411 1398
3 1397 1410 1411
3 1398 1412 1399
3 1398 1411 1412
3 1399 1413 1400
3 1399 1412 1413
3 1400 1414 1401
3 1400 1413 1414
3 1401 1415 1402
3 1401 1414 1415
3 1402 1416 1403
3 1402 1415 1416
3 1403 1417 1404
3 1403 1416 1417
3 1405 1404 1418
3 1418 1404 1417
3 1421 1420 1419
3 1421 1419 1409
3 1419 1408 1409
3 1419 1422 1408
3 1408 1423 1410
3 1408 1422 1423
3 1410 1424 1411
3 1410 1423 1424
3 1411 1425 1412
3 1411 1424 1425
3 1412 1426 1413
3 1412 1425 1426
3 1413 1427 1414
3 1413 1426 1427
3 1414 1428 1415
3 1414 1427 1428
3 1415 1429 1416
3 1415 1428 1429
3 1416 1430 1417
3 1416 1429 1430
3 1418 1417 1431
3 1431 1417 1430
3 1434 1433 1432
3 1434 1432 1420
3 1432 1419 1420
3 1432 1435 1419
3 1419 1436 1422
3 1419 1435 1436
3 1422 1437 1423
3 1422 1436 1437
3 1423 1438 1424
3 1423 1437 1438
3 1424 1439 1425
3 1424 1438 1439
3 1425 1440 1426
3 1425 1439 1440
3 1426 1441 1427
3 1426 1440 1441
3 1427 1442 1428
3 1427 1441 1442
3 1428 1443 1429
3 1428 1442 1443
3 1445 1430 1444
3 1430 1443 1444
3 1430 1429 1443
3 1430 1445 1431
3 1432 1433 1446
3 1446 1433 1447
3 1432 1448 1435
3 1432 1446 1448
3 1435 1449 1436
3 1435 1448 1449
3 1436 1450 1437
3 1436 1449 1450
3 1450 941 942
3 1438 1450 942
3 1437 1450 1438
3 1438 942 943
3 1438 943 1439
3 1439 943 945
3 1451 1439 945
3 1440 1439 1451
3 1440 1452 1441
3 1440 1451 1452
3 1441 1453 1442
3 1441 1452 1453
3 1442 1454 1443
3 1442 1453 1454
3 1444 1443 1455
3 1455 1443 1454
3 1458 1457 1456
3 1458 1456 1447
3 1456 1446 1447
3 1456 1459 1446
3 1459 947 948
3 1448 1459 948
3 1446 1459 1448
3 1448 948 949
3 1448 949 1449
3 1449 949 951
3 1449 951 1450
3 1450 951 941
3 955 1451 945
3 1451 955 957
3 1451 957 1452
3 1452 957 959
3 1460 1452 959
3 1453 1452 1460
3 1453 1461 1454
3 1453 1460 1461
3 1455 1454 1462
3 1462 1454 1461
3 1456 1457 1463
3 1463 1457 1464
3 1463 961 962
3 1459 1463 962
3 1456 1463 1459
3 1459 962 947
3 969 1465 970
3 1460 959 970
3 1465 1460 970
3 1466 1460 1465
3 1460 1467 1461
3 1460 1466 1467
3 1462 1461 1468
3 1468 1461 1467
3 1463 1464 1469
3 1469 1464 1470
3 1469 972 961
3 1469 961 1463
3 979 1471 1465
3 979 1465 969
3 1473 1466 1472
3 1466 1471 1472
3 1466 1465 1471
3 1466 1473 1467
3 1467 1473 1474
3 1467 1474 1468
3 1477 1476 1475
3 1477 1475 1470
3 1475 1469 1470
3 1475 1478 1469
3 1478 981 972
3 1478 972 1469
3 988 1479 1471
3 988 1471 979
3 1472 1471 1480
3 1480 1471 1479
3 1483 1482 1481
3 1483 1481 1476
3 1481 1475 1476
3 1481 1484 1475
3 1484 990 991
3 1478 1484 991
3 1475 1484 1478
3 1478 991 981
3 999 1485 1479
3 999 1479 988
3 1480 1479 1486
3 1486 1479 1485
3 1489 1488 1487
3 1489 1487 1482
3 1482 1487 1481
3 1487 1001 1481
3 1001 1002 1481
3 1481 1002 1003
3 1481 1003 1484
3 1484 1003 990
3 1491 1490 1485
3 999 1491 1485
3 1013 1491 999
3 1485 1490 1486
3 1487 1488 1492
3 1492 1488 1493
3 1492 1014 1001
3 1492 1001 1487
3 1019 1494 1020
3 1494 1495 1020
3 1495 1013 1020
3 1495 1491 1013
3 1498 1497 1496
3 1498 1496 1493
3 1493 1496 1492
3 1496 1022 1492
3 1022 1023 1492
3 1492 1023 1014
3 1027 1499 1494
3 1027 1494 1019
3 1495 1494 1500
3 1500 1494 1499
3 1496 1497 1501
3 1501 1497 1502
3 1501 1029 1022
3 1501 1022 1496
3 1032 1503 1499
3 1032 1499 1027
3 1500 1499 1504
3 1504 1499 1503
3 1501 1502 1035
3 1502 1034 1035
3 1502 1505 1034
3 1501 1035 1029
3 1037 1503 1032
3 1037 1039 1503
3 1039 1504 1503
3 1039 1506 1504
3 1509 1508 1507
3 1505 1509 1507
3 1041 1505 1507
3 1034 1505 1041
3 1044 1506 1039
3 1044 1510 1506
3 1507 1508 1047
3 1508 1046 1047
3 1508 1511 1046
3 1507 1047 1041
3 1050 1510 1044
3 1050 1512 1510
3 1515 1514 1513
3 1511 1515 1513
3 1052 1511 1513
3 1046 1511 1052
3 1055 1517 1516
3 1512 1055 1516
3 1050 1055 1512
3 1517 1518 1516
3 1513 1514 1058
3 1514 1057 1058
3 1514 1519 1057
3 1513 1058 1052
3 1060 1520 1517
3 1060 1517 1055
3 1518 1517 1521
3 1521 1517 1520
3 1524 1523 1522
3 1519 1524 1522
3 1061 1519 1522
3 1057 1519 1061
3 1062 1525 1520
3 1062 1520 1060
3 1521 1520 1526
3 1526 1520 1525
3 1522 1523 1065
3 1523 1064 1065
3 1523 1527 1064
3 1522 1065 1061
3 1066 1525 1062
3 1066 1068 1525
3 1068 1526 1525
3 1068 1528 1526
3 1527 1069 1064
3 1529 1069 1527
3 1071 1528 1068
3 1071 1530 1528
3 1532 1531 1073
3 1073 1531 1072
3 1073 1069 1529
3 1073 1529 1532
3 1075 1534 1533
3 1530 1075 1533
3 1071 1075 1530
3 1534 1535 1533
3 1538 1537 1536
3 1531 1538 1536
3 1076 1531 1536
3 1072 1531 1076
3 1078 1539 1534
3 1078 1534 1075
3 1535 1534 1540
3 1540 1534 1539
3 1536 1537 1080
3 1537 1079 1080
3 1537 1541 1079
3 1536 1080 1076
3 1081 1539 1078
3 1543 1542 1083
3 1083 1542 1081
3 1542 1540 1081
3 1540 1539 1081
3 1543 1544 1542
3 1541 1084 1079
3 1545 1084 1541
3 1086 1543 1083
3 1547 1546 1088
3 1088 1546 1086
3 1546 1544 1086
3 1544 1543 1086
3 1547 1548 1546
3 1550 1549 1091
3 1091 1549 1090
3 1091 1084 1545
3 1091 1545 1550
3 1093 1551 1547
3 1093 1547 1088
3 1548 1547 1552
3 1547 1553 1552
3 1547 1551 1553
3 1553 1554 1552
3 1549 1094 1090
3 1555 1094 1549
3 1096 1551 1093
3 1551 1096 1098
3 1556 1551 1098
3 1553 1551 1556
3 1554 1553 1557
3 1553 1558 1557
3 1553 1556 1558
3 1558 1559 1557
3 1555 1099 1094
3 1560 1099 1555
3 1102 1556 1098
3 1556 1102 1104
3 1561 1556 1104
3 1558 1556 1561
3 1559 1558 1562
3 1562 1558 1561
3 1560 1105 1099
3 1563 1105 1560
3 1108 1564 1561
3 1108 1561 1104
3 1562 1561 1565
3 1561 1566 1565
3 1561 1564 1566
3 1566 1567 1565
3 1563 1109 1105
3 1568 1109 1563
3 1112 1564 1108
3 1564 1112 1114
3 1569 1564 1114
3 1566 1564 1569
3 1567 1566 1570
3 1570 1566 1569
3 1573 1572 1571
3 1568 1573 1571
3 1116 1568 1571
3 1109 1568 1116
3 1119 1574 1569
3 1119 1569 1114
3 1570 1569 1575
3 1575 1569 1574
3 1571 1572 1121
3 1572 1120 1121
3 1572 1576 1120
3 1571 1121 1116
3 1124 1577 1574
3 1124 1574 1119
3 1575 1574 1578
3 1578 1574 1577
3 1576 1126 1120
3 1579 1126 1576
3 1128 1577 1124
3 1581 1580 1130
3 1130 1580 1128
3 1580 1578 1128
3 1578 1577 1128
3 1581 1582 1580
3 1579 1132 1126
3 1583 1132 1579
3 1585 1584 1581
3 1130 1585 1581
3 1135 1585 1130
3 1581 1584 1582
3 1583 1586 1132
3 1132 1586 1136
3 1136 1587 1137
3 1586 1587 1136
3 1139 1137 1587
3 1139 1587 1588
3 1141 1589 1142
3 1589 1590 1142
3 1590 1135 1142
3 1590 1585 1135
3 1588 1591 1139
3 1139 1591 1143
3 1143 1592 1144
3 1591 1592 1143
3 1144 1593 1145
3 1592 1593 1144
3 1145 1594 1146
3 1593 1594 1145
3 1146 1595 1147
3 1594 1595 1146
3 1147 1596 1148
3 1595 1596 1147
3 1148 1597 1149
3 1596 1597 1148
3 1149 1598 1150
3 1597 1598 1149
3 1150 1599 1151
3 1598 1599 1150
3 1151 1600 1152
3 1599 1600 1151
3 1152 1601 1153
3 1600 1601 1152
3 1153 1602 1154
3 1601 1602 1153
3 1154 1603 1155
3 1602 1603 1154
3 1155 1604 1156
3 1603 1604 1155
3 1156 1605 1157
3 1604 1605 1156
3 1157 1606 1158
3 1605 1606 1157
3 1159 1158 1606
3 1159 1606 1607
3 1162 1608 1589
3 1162 1589 1141
3 1590 1589 1609
3 1609 1589 1608
3 1607 1610 1159
3 1159 1610 1163
3 1163 1611 1164
3 1610 1611 1163
3 1164 1612 1165
3 1611 1612 1164
3 1165 1613 1166
3 1612 1613 1165
3 1168 1166 1613
3 1168 1613 1614
3 1170 1615 1171
3 1615 1616 1171
3 1171 1616 1162
3 1616 1617 1162
3 1617 1608 1162
3 1608 1617 1609
3 1614 1618 1168
3 1168 1618 1172
3 1172 1619 1173
3 1618 1619 1172
3 1170 1173 1615
3 1173 1620 1615
3 1173 1619 1620
3 1615 1620 1616
3 1621 1175 1176
3 1621 1176 1622
3 1176 1623 1622
3 1176 1177 1623
3 1624 1177 1178
3 1624 1623 1177
3 1625 1178 1179
3 1625 1624 1178
3 1626 1179 1180
3 1626 1625 1179
3 1627 1180 1181
3 1627 1626 1180
3 1628 1181 1182
3 1628 1627 1181
3 1629 1182 1183
3 1629 1628 1182
3 1630 1183 1184
3 1630 1629 1183
3 1631 1184 1185
3 1631 1630 1184
3 1621 1186 1175
3 1187 1186 1621
3 1622 1187 1621
3 1632 1187 1622
3 1634 1633 1190
3 1190 1633 1189
3 1190 1187 1632
3 1190 1632 1634
3 1637 1636 1635
3 1633 1637 1635
3 1192 1633 1635
3 1189 1633 1192
3 1640 1639 1638
3 1640 1638 1636
3 1638 1635 1636
3 1638 1641 1635
3 1641 1194 1192
3 1641 1192 1635
3 1644 1643 1642
3 1646 1645 1642
3 1642 1645 1644
3 1648 1647 1646
3 1646 1647 1645
3 1648 1649 1647
3 1638 1639 1650
3 1650 1639 1651
3 1650 1196 1197
3 1641 1650 1197
3 1638 1650 1641
3 1641 1197 1194
3 1654 1653 1652
3 1656 1655 1652
3 1652 1655 1654
3 1655 1656 1643
3 1656 1642 1643
3 1656 1657 1642
3 1642 1658 1646
3 1642 1657 1658
3 1646 1659 1648
3 1646 1658 1659
3 1649 1648 1660
3 1648 1661 1660
3 1648 1659 1661
3 1663 1662 1661
3 1661 1662 1660
3 1663 1664 1662
3 1650 1651 1202
3 1651 1201 1202
3 1651 1665 1201
3 1650 1202 1196
3 1667 1666 1204
3 1667 1204 1205
3 1206 1204 1666
3 1206 1666 1668
3 1671 1670 1669
3 1673 1672 1669
3 1669 1672 1671
3 1675 1674 1673
3 1673 1674 1672
3 1677 1676 1675
3 1675 1676 1674
3 1679 1678 1677
3 1677 1678 1676
3 1681 1680 1679
3 1679 1680 1678
3 1681 1682 1680
3 1685 1684 1683
3 1687 1686 1683
3 1683 1686 1685
3 1689 1688 1687
3 1687 1688 1686
3 1691 1690 1689
3 1689 1690 1688
3 1693 1692 1691
3 1691 1692 1690
3 1692 1693 1653
3 1653 1693 1652
3 1693 1208 1652
3 1208 1209 1652
3 1652 1209 1210
3 1694 1652 1210
3 1656 1652 1694
3 1656 1695 1657
3 1656 1694 1695
3 1657 1696 1658
3 1657 1695 1696
3 1658 1697 1659
3 1658 1696 1697
3 1659 1698 1661
3 1659 1697 1698
3 1661 1699 1663
3 1661 1698 1699
3 1664 1663 1700
3 1663 1701 1700
3 1663 1699 1701
3 1703 1702 1701
3 1701 1702 1700
3 1703 1704 1702
3 1707 1706 1705
3 1709 1708 1705
3 1705 1708 1707
3 1711 1710 1709
3 1709 1710 1708
3 1665 1710 1711
3 1212 1665 1711
3 1201 1665 1212
3 1713 1712 1216
3 1713 1216 1215
3 1205 1216 1667
3 1667 1216 1712
3 1668 1714 1206
3 1206 1714 1217
3 1219 1217 1714
3 1219 1714 1715
3 1669 1670 1716
3 1716 1670 1717
3 1716 1224 1225
3 1673 1716 1225
3 1669 1716 1673
3 1673 1225 1226
3 1673 1226 1675
3 1675 1226 1228
3 1718 1675 1228
3 1677 1675 1718
3 1677 1719 1679
3 1677 1718 1719
3 1679 1720 1681
3 1679 1719 1720
3 1682 1681 1721
3 1681 1722 1721
3 1681 1720 1722
3 1724 1723 1722
3 1722 1723 1721
3 1726 1725 1724
3 1724 1725 1723
3 1728 1727 1726
3 1726 1727 1725
3 1727 1728 1684
3 1728 1683 1684
3 1728 1729 1683
3 1683 1730 1687
3 1683 1729 1730
3 1687 1731 1689
3 1687 1730 1731
3 1689 1732 1691
3 1689 1731 1732
3 1691 1733 1693
3 1691 1732 1733
3 1733 1230 1208
3 1733 1208 1693
3 1231 1694 1210
3 1694 1231 1233
3 1694 1233 1695
3 1695 1233 1235
3 1734 1695 1235
3 1696 1695 1734
3 1696 1735 1697
3 1696 1734 1735
3 1697 1736 1698
3 1697 1735 1736
3 1698 1737 1699
3 1698 1736 1737
3 1699 1738 1701
3 1699 1737 1738
3 1701 1739 1703
3 1701 1738 1739
3 1704 1703 1740
3 1703 1741 1740
3 1703 1739 1741
3 1740 1741 1706
3 1741 1705 1706
3 1741 1742 1705
3 1705 1743 1709
3 1705 1742 1743
3 1709 1744 1711
3 1709 1743 1744
3 1745 1236 1212
3 1711 1745 1212
3 1744 1745 1711
3 1745 1238 1236
3 1240 1746 1239
3 1239 1746 1747
3 1748 1239 1747
3 1241 1239 1748
3 1215 1241 1713
3 1713 1241 1748
3 1715 1749 1219
3 1219 1749 1242
3 1749 1751 1750
3 1243 1749 1750
3 1242 1749 1243
3 1752 1244 1243
3 1752 1243 1750
3 1753 1245 1244
3 1753 1244 1752
3 1753 1247 1245
3 1717 1754 1716
3 1224 1716 1754
3 1755 1224 1754
3 1249 1224 1755
3 1251 1756 1718
3 1251 1718 1228
3 1718 1757 1719
3 1718 1756 1757
3 1719 1758 1720
3 1719 1757 1758
3 1720 1759 1722
3 1720 1758 1759
3 1722 1760 1724
3 1722 1759 1760
3 1724 1761 1726
3 1724 1760 1761
3 1726 1762 1728
3 1726 1761 1762
3 1728 1763 1729
3 1728 1762 1763
3 1729 1764 1730
3 1729 1763 1764
3 1730 1765 1731
3 1730 1764 1765
3 1731 1766 1732
3 1731 1765 1766
3 1732 1767 1733
3 1732 1766 1767
3 1768 1252 1230
3 1733 1768 1230
3 1767 1768 1733
3 1769 1253 1252
3 1769 1252 1768
3 1769 1255 1253
3 1256 1770 1734
3 1256 1734 1235
3 1734 1771 1735
3 1734 1770 1771
3 1735 1772 1736
3 1735 1771 1772
3 1736 1773 1737
3 1736 1772 1773
3 1737 1774 1738
3 1737 1773 1774
3 1738 1775 1739
3 1738 1774 1775
3 1739 1776 1741
3 1739 1775 1776
3 1741 1777 1742
3 1741 1776 1777
3 1742 1778 1743
3 1742 1777 1778
3 1743 1779 1744
3 1743 1778 1779
3 1744 1780 1745
3 1744 1779 1780
3 1781 1257 1238
3 1745 1781 1238
3 1780 1781 1745
3 1781 1782 1257
3 1257 1782 1240
3 1782 1783 1240
3 1783 1746 1240
3 1746 1783 1747
3 1751 1784 1750
3 1750 1784 1752
3 1752 1784 1785
3 1752 1785 1753
3 1753 1785 1786
3 1753 1786 1247
3 1786 1258 1247
3 1786 1787 1258
3 1755 1788 1249
3 1249 1788 1259
3 1788 1790 1789
3 1260 1788 1789
3 1259 1788 1260
3 1789 1791 1260
3 1260 1791 1251
3 1791 1792 1251
3 1792 1756 1251
3 1756 1792 1757
3 1757 1792 1793
3 1757 1793 1758
3 1758 1793 1794
3 1796 1795 1794
3 1795 1758 1794
3 1795 1759 1758
3 1759 1797 1760
3 1759 1795 1797
3 1760 1798 1761
3 1760 1797 1798
3 1761 1799 1762
3 1761 1798 1799
3 1762 1800 1763
3 1762 1799 1800
3 1763 1801 1764
3 1763 1800 1801
3 1764 1802 1765
3 1764 1801 1802
3 1802 1262 1263
3 1766 1802 1263
3 1765 1802 1766
3 1766 1263 1264
3 1766 1264 1767
3 1767 1264 1266
3 1803 1767 1266
3 1768 1767 1803
3 1768 1804 1769
3 1768 1803 1804
3 1804 1268 1255
3 1804 1255 1769
3 1269 1770 1256
3 1770 1269 1271
3 1805 1770 1271
3 1771 1770 1805
3 1771 1806 1772
3 1771 1805 1806
3 1772 1807 1773
3 1772 1806 1807
3 1773 1808 1774
3 1773 1807 1808
3 1774 1809 1775
3 1774 1808 1809
3 1775 1810 1776
3 1775 1809 1810
3 1776 1811 1777
3 1776 1810 1811
3 1811 1273 1274
3 1778 1811 1274
3 1777 1811 1778
3 1778 1274 1275
3 1778 1275 1779
3 1779 1275 1277
3 1812 1779 1277
3 1780 1779 1812
3 1814 1781 1813
3 1781 1812 1813
3 1781 1780 1812
3 1781 1814 1782
3 1790 1815 1789
3 1789 1815 1791
3 1796 1816 1795
3 1818 1817 1816
3 1817 1795 1816
3 1817 1797 1795
3 1797 1819 1798
3 1797 1817 1819
3 1798 1820 1799
3 1798 1819 1820
3 1799 1821 1800
3 1799 1820 1821
3 1800 1822 1801
3 1800 1821 1822
3 1822 1279 1280
3 1802 1822 1280
3 1801 1822 1802
3 1802 1280 1262
3 1283 1803 1266
3 1803 1283 1285
3 1803 1285 1804
3 1804 1285 1268
3 1289 1805 1271
3 1805 1289 1291
3 1823 1805 1291
3 1806 1805 1823
3 1806 1824 1807
3 1806 1823 1824
3 1807 1825 1808
3 1807 1824 1825
3 1808 1826 1809
3 1808 1825 1826
3 1809 1827 1810
3 1809 1826 1827
3 1810 1828 1811
3 1810 1827 1828
3 1828 1293 1273
3 1828 1273 1811
3 1295 1829 1812
3 1295 1812 1277
3 1813 1812 1830
3 1830 1812 1829
3 1817 1818 1831
3 1831 1818 1832
3 1817 1833 1819
3 1817 1831 1833
3 1819 1834 1820
3 1819 1833 1834
3 1820 1835 1821
3 1820 1834 1835
3 1835 1297 1298
3 1822 1835 1298
3 1821 1835 1822
3 1822 1298 1279
3 1307 1823 1291
3 1823 1307 1309
3 1836 1823 1309
3 1824 1823 1836
3 1824 1837 1825
3 1824 1836 1837
3 1825 1838 1826
3 1825 1837 1838
3 1826 1839 1827
3 1826 1838 1839
3 1827 1840 1828
3 1827 1839 1840
3 1840 1311 1293
3 1840 1293 1828
3 1313 1841 1829
3 1313 1829 1295
3 1830 1829 1842
3 1842 1829 1841
3 1831 1832 1843
3 1843 1832 1844
3 1831 1845 1833
3 1831 1843 1845
3 1833 1846 1834
3 1833 1845 1846
3 1834 1847 1835
3 1834 1846 1847
3 1847 1315 1297
3 1847 1297 1835
3 1325 1836 1309
3 1836 1325 1327
3 1848 1836 1327
3 1837 1836 1848
3 1837 1849 1838
3 1837 1848 1849
3 1838 1850 1839
3 1838 1849 1850
3 1839 1851 1840
3 1839 1850 1851
3 1852 1328 1311
3 1840 1852 1311
3 1851 1852 1840
3 1853 1329 1328
3 1853 1328 1852
3 1841 1313 1329
3 1853 1841 1329
3 1854 1841 1853
3 1842 1841 1855
3 1855 1841 1854
3 1844 1856 1843
3 1858 1857 1856
3 1857 1843 1856
3 1857 1845 1843
3 1845 1859 1846
3 1845 1857 1859
3 1846 1860 1847
3 1846 1859 1860
3 1861 1330 1315
3 1847 1861 1315
3 1860 1861 1847
3 1861 1332 1330
3 1342 1848 1327
3 1848 1342 1344
3 1848 1344 1849
3 1849 1344 1346
3 1862 1849 1346
3 1850 1849 1862
3 1850 1863 1851
3 1850 1862 1863
3 1851 1864 1852
3 1851 1863 1864
3 1852 1865 1853
3 1852 1864 1865
3 1853 1866 1854
3 1853 1865 1866
3 1855 1854 1867
3 1867 1854 1866
3 1857 1858 1868
3 1868 1858 1869
3 1857 1870 1859
3 1857 1868 1870
3 1859 1871 1860
3 1859 1870 1871
3 1860 1872 1861
3 1860 1871 1872
3 1873 1347 1332
3 1861 1873 1332
3 1872 1873 1861
3 1873 1349 1347
3 1360 1862 1346
3 1862 1360 1362
3 1874 1862 1362
3 1863 1862 1874
3 1863 1875 1864
3 1863 1874 1875
3 1864 1876 1865
3 1864 1875 1876
3 1878 1866 1877
3 1866 1876 1877
3 1866 1865 1876
3 1866 1878 1867
3 1868 1869 1879
3 1879 1869 1880
3 1868 1881 1870
3 1868 1879 1881
3 1870 1882 1871
3 1870 1881 1882
3 1871 1883 1872
3 1871 1882 1883
3 1883 1364 1365
3 1873 1883 1365
3 1872 1883 1873
3 1873 1365 1349
3 1377 1884 1378
3 1874 1362 1378
3 1884 1874 1378
3 1885 1874 1884
3 1874 1886 1875
3 1874 1885 1886
3 1875 1887 1876
3 1875 1886 1887
3 1877 1876 1888
3 1888 1876 1887
3 1880 1889 1879
3 1891 1890 1889
3 1890 1879 1889
3 1890 1881 1879
3 1881 1892 1882
3 1881 1890 1892
3 1882 1893 1883
3 1882 1892 1893
3 1893 1380 1364
3 1893 1364 1883
3 1392 1894 1884
3 1392 1884 1377
3 1884 1895 1885
3 1884 1894 1895
3 1885 1896 1886
3 1885 1895 1896
3 1898 1887 1897
3 1887 1896 1897
3 1887 1886 1896
3 1887 1898 1888
3 1891 1899 1890
3 1890 1899 1892
3 1892 1899 1900
3 1902 1901 1900
3 1901 1892 1900
3 1901 1893 1892
3 1903 1393 1380
3 1893 1903 1380
3 1901 1903 1893
3 1903 1395 1393
3 1405 1904 1406
3 1894 1392 1406
3 1904 1894 1406
3 1905 1894 1904
3 1907 1895 1906
3 1895 1905 1906
3 1895 1894 1905
3 1895 1907 1896
3 1896 1907 1908
3 1896 1908 1897
3 1902 1909 1901
3 1911 1910 1909
3 1910 1901 1909
3 1910 1903 1901
3 1912 1407 1395
3 1903 1912 1395
3 1910 1912 1903
3 1912 1409 1407
3 1418 1913 1904
3 1418 1904 1405
3 1915 1905 1914
3 1905 1913 1914
3 1905 1904 1913
3 1905 1915 1906
3 1910 1911 1916
3 1916 1911 1917
3 1916 1420 1421
3 1912 1916 1421
3 1910 1916 1912
3 1912 1421 1409
3 1431 1918 1913
3 1431 1913 1418
3 1914 1913 1919
3 1919 1913 1918
3 1922 1921 1920
3 1922 1920 1917
3 1917 1920 1916
3 1920 1433 1916
3 1433 1434 1916
3 1916 1434 1420
3 1444 1923 1445
3 1923 1924 1445
3 1445 1924 1431
3 1924 1925 1431
3 1925 1918 1431
3 1918 1925 1919
3 1920 1921 1926
3 1926 1921 1927
3 1926 1447 1433
3 1926 1433 1920
3 1455 1928 1923
3 1455 1923 1444
3 1924 1923 1929
3 1929 1923 1928
3 1926 1927 1458
3 1927 1457 1458
3 1927 1930 1457
3 1926 1458 1447
3 1462 1931 1928
3 1462 1928 1455
3 1929 1928 1932
3 1932 1928 1931
3 1935 1934 1933
3 1930 1935 1933
3 1464 1930 1933
3 1457 1930 1464
3 1468 1936 1931
3 1468 1931 1462
3 1932 1931 1937
3 1937 1931 1936
3 1933 1934 1938
3 1938 1934 1939
3 1938 1470 1464
3 1938 1464 1933
3 1472 1940 1473
3 1473 1940 1941
3 1942 1473 1941
3 1474 1473 1942
3 1468 1474 1936
3 1474 1943 1936
3 1474 1942 1943
3 1936 1943 1937
3 1946 1945 1944
3 1946 1944 1939
3 1939 1944 1938
3 1944 1476 1938
3 1476 1477 1938
3 1938 1477 1470
3 1480 1947 1940
3 1480 1940 1472
3 1941 1940 1948
3 1948 1940 1947
3 1951 1950 1949
3 1951 1949 1945
3 1945 1949 1944
3 1949 1482 1944
3 1482 1483 1944
3 1944 1483 1476
3 1953 1952 1947
3 1480 1953 1947
3 1486 1953 1480
3 1947 1952 1948
3 1949 1950 1489
3 1950 1488 1489
3 1950 1954 1488
3 1949 1489 1482
3 1956 1955 1490
3 1956 1490 1491
3 1486 1490 1953
3 1953 1490 1955
3 1959 1958 1957
3 1954 1959 1957
3 1493 1954 1957
3 1488 1954 1493
3 1495 1956 1491
3 1495 1960 1956
3 1957 1958 1498
3 1958 1497 1498
3 1958 1961 1497
3 1957 1498 1493
3 1500 1960 1495
3 1500 1962 1960
3 1965 1964 1963
3 1961 1965 1963
3 1502 1961 1963
3 1497 1961 1502
3 1504 1962 1500
3 1504 1966 1962
3 1963 1964 1967
3 1967 1964 1968
3 1967 1505 1502
3 1967 1502 1963
3 1506 1966 1504
3 1506 1969 1966
3 1967 1968 1509
3 1968 1508 1509
3 1968 1970 1508
3 1967 1509 1505
3 1510 1972 1971
3 1969 1510 1971
3 1506 1510 1969
3 1972 1973 1971
3 1970 1511 1508
3 1974 1511 1970
3 1512 1975 1972
3 1512 1972 1510
3 1973 1972 1976
3 1976 1972 1975
3 1978 1977 1515
3 1515 1977 1514
3 1515 1511 1974
3 1515 1974 1978
3 1516 1975 1512
3 1516 1518 1975
3 1518 1976 1975
3 1518 1979 1976
3 1977 1519 1514
3 1980 1519 1977
3 1521 1979 1518
3 1521 1981 1979
3 1983 1982 1524
3 1524 1982 1523
3 1524 1519 1980
3 1524 1980 1983
3 1526 1981 1521
3 1526 1984 1981
3 1982 1527 1523
3 1985 1527 1982
3 1528 1984 1526
3 1528 1986 1984
3 1989 1988 1987
3 1985 1989 1987
3 1529 1985 1987
3 1527 1985 1529
3 1530 1991 1990
3 1986 1530 1990
3 1528 1530 1986
3 1991 1992 1990
3 1987 1988 1532
3 1988 1531 1532
3 1988 1993 1531
3 1987 1532 1529
3 1533 1991 1530
3 1533 1535 1991
3 1535 1992 1991
3 1535 1994 1992
3 1996 1995 1538
3 1538 1995 1537
3 1538 1531 1993
3 1538 1993 1996
3 1540 1998 1997
3 1994 1540 1997
3 1535 1540 1994
3 1998 1999 1997
3 1995 1541 1537
3 2000 1541 1995
3 1542 1998 1540
3 2002 2001 1544
3 1544 2001 1542
3 2001 1999 1542
3 1999 1998 1542
3 2002 2003 2001
3 2000 1545 1541
3 2004 1545 2000
3 1546 2002 1544
3 2006 2005 1548
3 1548 2005 1546
3 2005 2003 1546
3 2003 2002 1546
3 2006 2007 2005
3 2009 2008 1550
3 1550 2008 1549
3 1550 1545 2004
3 1550 2004 2009
3 1552 2006 1548
3 2011 2010 1554
3 1554 2010 1552
3 2010 2007 1552
3 2007 2006 1552
3 2011 2012 2010
3 2008 1555 1549
3 2013 1555 2008
3 1557 2011 1554
3 1557 1559 2011
3 1559 2012 2011
3 1559 2014 2012
3 2013 1560 1555
3 2015 1560 2013
3 1562 2017 2016
3 2014 1562 2016
3 1559 1562 2014
3 2017 2018 2016
3 2015 1563 1560
3 2019 1563 2015
3 1565 2017 1562
3 1565 1567 2017
3 1567 2018 2017
3 1567 2020 2018
3 2023 2022 2021
3 2019 2023 2021
3 1568 2019 2021
3 1563 2019 1568
3 1570 2020 1567
3 1570 2024 2020
3 2021 2022 1573
3 2022 1572 1573
3 2022 2025 1572
3 2021 1573 1568
3 1575 2027 2026
3 2024 1575 2026
3 1570 1575 2024
3 2027 2028 2026
3 2025 1576 1572
3 2029 1576 2025
3 1578 2030 2027
3 1578 2027 1575
3 2028 2027 2031
3 2031 2027 2030
3 2029 1579 1576
3 2032 1579 2029
3 1580 2030 1578
3 1580 1582 2030
3 1582 2031 2030
3 1582 2033 2031
3 2032 1583 1579
3 2034 1583 2032
3 1585 2035 1584
3 2035 2036 1584
3 2036 1582 1584
3 2036 2033 1582
3 2034 2037 1583
3 1583 2037 1586
3 1586 2038 1587
3 2037 2038 1586
3 1588 1587 2038
3 1588 2038 2039
3 2041 2040 2035
3 1585 2041 2035
3 1590 2041 1585
3 2035 2040 2036
3 2039 2042 1588
3 1588 2042 1591
3 1591 2043 1592
3 2042 2043 1591
3 1592 2044 1593
3 2043 2044 1592
3 1593 2045 1594
3 2044 2045 1593
3 1594 2046 1595
3 2045 2046 1594
3 1595 2047 1596
3 2046 2047 1595
3 1596 2048 1597
3 2047 2048 1596
3 1597 2049 1598
3 2048 2049 1597
3 1598 2050 1599
3 2049 2050 1598
3 1599 2051 1600
3 2050 2051 1599
3 1600 2052 1601
3 2051 2052 1600
3 1601 2053 1602
3 2052 2053 1601
3 1602 2054 1603
3 2053 2054 1602
3 1603 2055 1604
3 2054 2055 1603
3 1604 2056 1605
3 2055 2056 1604
3 1605 2057 1606
3 2056 2057 1605
3 1607 1606 2057
3 1607 2057 2058
3 1609 2041 1590
3 1609 2059 2041
3 2058 2060 1607
3 1607 2060 1610
3 1610 2061 1611
3 2060 2061 1610
3 1611 2062 1612
3 2061 2062 1611
3 1612 2063 1613
3 2062 2063 1612
3 1614 1613 2063
3 1614 2063 2064
3 1616 2065 1617
3 2065 2066 1617
3 2066 1609 1617
3 2066 2059 1609
3 2064 2067 1614
3 1614 2067 1618
3 1618 2068 1619
3 2067 2068 1618
3 2068 2070 2069
3 1620 2068 2069
3 1619 2068 1620
3 2069 2071 1620
3 1620 2071 1616
3 2071 2072 1616
3 2072 2065 1616
3 2065 2072 2066
3 2074 2073 1623
3 1623 2073 1622
3 2075 1623 1624
3 2075 2074 1623
3 2076 1624 1625
3 2076 2075 1624
3 2077 1625 1626
3 2077 2076 1625
3 2078 1626 1627
3 2078 2077 1626
3 2079 1627 1628
3 2079 2078 1627
3 2080 1628 1629
3 2080 2079 1628
3 2081 1629 1630
3 2081 2080 1629
3 2082 1630 1631
3 2082 2081 1630
3 2073 1632 1622
3 2083 1632 2073
3 2085 2084 1634
3 1634 2084 1633
3 1634 1632 2083
3 1634 2083 2085
3 2087 2086 1637
3 1637 2086 1636
3 1637 1633 2084
3 1637 2084 2087
3 2090 2089 2088
3 2092 2091 2088
3 2088 2091 2090
3 2094 2093 2092
3 2092 2093 2091
3 2096 2095 2094
3 2094 2095 2093
3 2096 2097 2095
3 2099 2098 1640
3 1640 2098 1639
3 1640 1636 2086
3 1640 2086 2099
3 2102 2101 2100
3 2100 2103 2102
3 2106 2105 2104
3 2108 2107 2104
3 2104 2107 2106
3 2107 2108 2089
3 2089 2108 2088
3 2108 1643 2088
3 1643 1644 2088
3 2088 1644 1645
3 2088 1645 2092
3 2092 1645 1647
3 2092 1647 2094
3 2094 1647 1649
3 2109 2094 1649
3 2096 2094 2109
3 2097 2096 2110
3 2096 2111 2110
3 2096 2109 2111
3 2113 2112 2111
3 2111 2112 2110
3 2113 2114 2112
3 2117 2116 2115
3 2098 2117 2115
3 1651 2098 2115
3 1639 2098 1651
3 2120 2119 2118
3 2122 2121 2118
3 2118 2121 2120
3 2121 2122 2101
3 2122 2100 2101
3 2122 2123 2100
3 2103 2100 2124
3 2100 2125 2124
3 2100 2123 2125
3 2127 2126 2125
3 2125 2126 2124
3 2129 2128 2127
3 2127 2128 2126
3 2129 2130 2128
3 2133 2132 2131
3 2135 2134 2131
3 2131 2134 2133
3 2137 2136 2135
3 2135 2136 2134
3 2139 2138 2137
3 2137 2138 2136
3 2141 2140 2139
3 2139 2140 2138
3 2140 2141 2105
3 2105 2141 2104
3 2141 1653 2104
3 1653 1654 2104
3 2104 1654 1655
3 2104 1655 2108
3 2108 1655 1643
3 1660 2109 1649
3 2109 1660 1662
3 2109 1662 2111
3 2111 1662 1664
3 2142 2111 1664
3 2113 2111 2142
3 2114 2113 2143
3 2113 2144 2143
3 2113 2142 2144
3 2144 2145 2143
3 2148 2147 2146
3 2148 2146 2116
3 2146 2115 2116
3 2146 2149 2115
3 2149 1665 1651
3 2149 1651 2115
3 2151 2150 1666
3 2151 1666 1667
3 1668 1666 2150
3 1668 2150 2152
3 2118 2119 1671
3 2119 1670 1671
3 2119 2153 1670
3 2118 1671 1672
3 2118 1672 2122
3 2122 1672 1674
3 2122 1674 2123
3 2123 1674 1676
3 2123 1676 2125
3 2125 1676 1678
3 2125 1678 2127
3 2127 1678 1680
3 2127 1680 2129
3 2155 2154 1682
3 1682 2154 1680
3 2154 2130 1680
3 2130 2129 1680
3 2157 2156 2155
3 2155 2156 2154
3 2159 2158 2157
3 2157 2158 2156
3 2161 2160 2159
3 2159 2160 2158
3 2160 2161 2132
3 2132 2161 2131
3 2161 1684 2131
3 1684 1685 2131
3 2131 1685 1686
3 2131 1686 2135
3 2135 1686 1688
3 2135 1688 2137
3 2137 1688 1690
3 2137 1690 2139
3 2139 1690 1692
3 2139 1692 2141
3 2141 1692 1653
3 1700 2142 1664
3 2142 1700 1702
3 2142 1702 2144
3 2163 2162 1704
3 1704 2162 1702
3 2162 2145 1702
3 2145 2144 1702
3 1706 1707 2163
3 1707 2162 2163
3 1707 2164 2162
3 1708 2146 2147
3 2164 1708 2147
3 1707 1708 2164
3 2146 1708 1710
3 2146 1710 2149
3 2149 1710 1665
3 2166 2165 1712
3 2166 1712 1713
3 1667 1712 2151
3 2151 1712 2165
3 2152 2167 1668
3 1668 2167 1714
3 1715 1714 2167
3 1715 2167 2168
3 2153 1717 1670
3 2169 1717 2153
3 1721 2155 1682
3 2155 1721 1723
3 2155 1723 2157
3 2157 1723 1725
3 2157 1725 2159
3 2159 1725 1727
3 2159 1727 2161
3 2161 1727 1684
3 1740 2163 1704
3 2163 1740 1706
3 2171 2170 1748
3 2171 1748 1747
3 1713 1748 2166
3 2166 1748 2170
3 2168 2172 1715
3 1715 2172 1749
3 1751 1749 2172
3 1751 2172 2173
3 2169 2174 1717
3 1717 2174 1754
3 1755 1754 2174
3 1755 2174 2175
3 1782 2176 1783
3 2176 2177 1783
3 2177 1747 1783
3 2177 2171 1747
3 1784 1751 2178
3 1751 2179 2178
3 1751 2173 2179
3 2180 1785 1784
3 2180 1784 2178
3 2181 1786 1785
3 2181 1785 2180
3 2182 1787 1786
3 2182 1786 2181
3 2175 2183 1755
3 1755 2183 1788
3 2185 2184 1790
3 1788 2185 1790
3 2183 2185 1788
3 2186 1792 1791
3 2187 2184 2185
3 2188 1793 1792
3 2188 1792 2186
3 2189 1794 1793
3 2189 1793 2188
3 2189 1796 1794
3 1813 2190 1814
3 2176 1782 1814
3 2190 2176 1814
3 2191 2176 2190
3 2177 2176 2192
3 2192 2176 2191
3 2179 2193 2178
3 2178 2193 2180
3 2180 2193 2194
3 2180 2194 2181
3 2181 2194 2195
3 2197 2196 2195
3 2196 2181 2195
3 2196 2182 2181
3 2184 1815 1790
3 2184 2187 1815
3 2187 2198 1815
3 2186 1791 1815
3 2186 1815 2198
3 2186 2198 2188
3 2188 2198 2199
3 2201 2200 2199
3 2200 2188 2199
3 2200 2189 2188
3 2202 1816 1796
3 2189 2202 1796
3 2200 2202 2189
3 2202 1818 1816
3 1830 2203 2190
3 1830 2190 1813
3 2205 2191 2204
3 2191 2203 2204
3 2191 2190 2203
3 2191 2205 2192
3 2197 2206 2196
3 2200 2201 2207
3 2207 2201 2208
3 2200 2209 2202
3 2200 2207 2209
3 2209 1832 1818
3 2209 1818 2202
3 1842 2210 2203
3 1842 2203 1830
3 2204 2203 2211
3 2211 2203 2210
3 2208 2212 2207
3 2214 2213 2212
3 2213 2207 2212
3 2213 2209 2207
3 2213 1844 1832
3 2213 1832 2209
3 1855 2215 2210
3 1855 2210 1842
3 2211 2210 2216
3 2216 2210 2215
3 2213 2214 2217
3 2217 2214 2218
3 2219 1856 1844
3 2213 2219 1844
3 2217 2219 2213
3 2219 1858 1856
3 1867 2220 2215
3 1867 2215 1855
3 2216 2215 2221
3 2221 2215 2220
3 2218 2222 2217
3 2224 2223 2222
3 2223 2217 2222
3 2223 2219 2217
3 2223 1869 1858
3 2223 1858 2219
3 1877 2225 1878
3 2220 1867 1878
3 2225 2220 1878
3 2226 2220 2225
3 2221 2220 2227
3 2227 2220 2226
3 2224 2228 2223
3 1869 2223 2228
3 2229 1869 2228
3 1880 1869 2229
3 2231 2230 2225
3 1877 2231 2225
3 1888 2231 1877
3 2225 2230 2226
3 2226 2230 2232
3 2226 2232 2227
3 2229 2233 1880
3 1880 2233 1889
3 1891 1889 2233
3 1891 2233 2234
3 2236 2235 1898
3 2236 1898 1897
3 1888 1898 2231
3 2231 1898 2235
3 2234 2237 1891
3 1891 2237 1899
3 2237 2239 2238
3 1900 2237 2238
3 1899 2237 1900
3 2238 1902 1900
3 2241 2240 1907
3 2241 1907 1906
3 1907 2242 1908
3 2240 2242 1907
3 1897 1908 2236
3 2236 1908 2242
3 2239 2243 2238
3 2243 2245 2244
3 2243 2244 1909
3 2238 2243 1909
3 1902 2238 1909
3 2244 1911 1909
3 1914 2246 1915
3 2246 2247 1915
3 2247 1906 1915
3 2247 2241 1906
3 2244 2245 2248
3 2248 2245 2249
3 2248 1917 1911
3 2248 1911 2244
3 2251 2250 2246
3 1914 2251 2246
3 1919 2251 1914
3 2246 2250 2247
3 2248 2249 1922
3 2249 1921 1922
3 2249 2252 1921
3 2248 1922 1917
3 1924 2253 1925
3 2253 2254 1925
3 2254 1919 1925
3 2254 2251 1919
3 2252 1927 1921
3 2255 1927 2252
3 1929 2256 2253
3 1929 2253 1924
3 2254 2253 2257
3 2257 2253 2256
3 2260 2259 2258
3 2255 2260 2258
3 1930 2255 2258
3 1927 2255 1930
3 1932 2261 2256
3 1932 2256 1929
3 2257 2256 2262
3 2262 2256 2261
3 2258 2259 1935
3 2259 1934 1935
3 2259 2263 1934
3 2258 1935 1930
3 2265 2264 2261
3 1932 2265 2261
3 1937 2265 1932
3 2261 2264 2262
3 2268 2267 2266
3 2263 2268 2266
3 1939 2263 2266
3 1934 2263 1939
3 2270 2269 1942
3 2270 1942 1941
3 1942 2271 1943
3 2269 2271 1942
3 1937 1943 2265
3 2265 1943 2271
3 2274 2273 2272
3 2274 2272 2267
3 2267 2272 2266
3 2272 1945 2266
3 1945 1946 2266
3 2266 1946 1939
3 2277 2276 2275
3 2276 2270 2275
3 2270 1948 2275
3 2270 1941 1948
3 2272 2273 1951
3 2273 1950 1951
3 2273 2278 1950
3 2272 1951 1945
3 2277 2275 1952
3 1953 2277 1952
3 2279 2277 1953
3 1952 2275 1948
3 2282 2281 2280
3 2278 2282 2280
3 1954 2278 2280
3 1950 2278 1954
3 2284 2283 1955
3 2284 1955 1956
3 1953 1955 2279
3 2279 1955 2283
3 2280 2281 1959
3 2281 1958 1959
3 2281 2285 1958
3 2280 1959 1954
3 1960 2284 1956
3 1960 2286 2284
3 2289 2288 2287
3 2285 2289 2287
3 1961 2285 2287
3 1958 2285 1961
3 1962 2286 1960
3 1962 2290 2286
3 2287 2288 1965
3 2288 1964 1965
3 2288 2291 1964
3 2287 1965 1961
3 1966 2290 1962
3 1966 2292 2290
3 2295 2294 2293
3 2291 2295 2293
3 1968 2291 2293
3 1964 2291 1968
3 1969 2297 2296
3 2292 1969 2296
3 1966 1969 2292
3 2297 2298 2296
3 2294 2299 2293
3 1968 2293 2299
3 2300 1968 2299
3 1970 1968 2300
3 1971 2297 1969
3 1971 1973 2297
3 1973 2298 2297
3 1973 2301 2298
3 2304 2303 2302
3 2300 2304 2302
3 1974 2300 2302
3 1970 2300 1974
3 1976 2301 1973
3 1976 2305 2301
3 2302 2303 1978
3 2303 1977 1978
3 2303 2306 1977
3 2302 1978 1974
3 1979 2305 1976
3 1979 2307 2305
3 2306 1980 1977
3 2308 1980 2306
3 1981 2307 1979
3 1981 2309 2307
3 2311 2310 1983
3 1983 2310 1982
3 1983 1980 2308
3 1983 2308 2311
3 1984 2309 1981
3 1984 2312 2309
3 2310 1985 1982
3 2313 1985 2310
3 1986 2312 1984
3 1986 2314 2312
3 2316 2315 1989
3 1989 2315 1988
3 1989 1985 2313
3 1989 2313 2316
3 2317 2314 1986
3 2317 1986 1990
3 1990 1992 2317
3 2317 1992 2318
3 2315 1993 1988
3 2319 1993 2315
3 1994 2321 2320
3 2318 1994 2320
3 1992 1994 2318
3 2321 2322 2320
3 2324 2323 1996
3 1996 2323 1995
3 1996 1993 2319
3 1996 2319 2324
3 1997 2321 1994
3 1997 1999 2321
3 1999 2322 2321
3 1999 2325 2322
3 2323 2000 1995
3 2326 2000 2323
3 2327 2325 1999
3 2327 1999 2001
3 2001 2003 2327
3 2327 2003 2328
3 2326 2004 2000
3 2329 2004 2326
3 2330 2328 2003
3 2330 2003 2005
3 2005 2007 2330
3 2330 2007 2331
3 2333 2332 2009
3 2009 2332 2008
3 2009 2004 2329
3 2009 2329 2333
3 2334 2331 2007
3 2334 2007 2010
3 2010 2012 2334
3 2334 2012 2335
3 2332 2013 2008
3 2336 2013 2332
3 2014 2338 2337
3 2335 2014 2337
3 2012 2014 2335
3 2338 2339 2337
3 2336 2015 2013
3 2340 2015 2336
3 2016 2338 2014
3 2016 2018 2338
3 2018 2339 2338
3 2018 2341 2339
3 2344 2343 2342
3 2340 2344 2342
3 2019 2340 2342
3 2015 2340 2019
3 2020 2341 2018
3 2020 2345 2341
3 2342 2343 2023
3 2343 2022 2023
3 2343 2346 2022
3 2342 2023 2019
3 2024 2345 2020
3 2024 2347 2345
3 2346 2025 2022
3 2348 2025 2346
3 2349 2347 2024
3 2349 2024 2026
3 2026 2028 2349
3 2349 2028 2350
3 2348 2029 2025
3 2351 2029 2348
3 2031 2350 2028
3 2031 2352 2350
3 2351 2032 2029
3 2353 2032 2351
3 2033 2352 2031
3 2033 2354 2352
3 2353 2034 2032
3 2355 2034 2353
3 2358 2357 2356
3 2357 2354 2356
3 2354 2036 2356
3 2354 2033 2036
3 2355 2359 2034
3 2034 2359 2037
3 2037 2360 2038
3 2359 2360 2037
3 2039 2038 2360
3 2039 2360 2361
3 2358 2356 2040
3 2041 2358 2040
3 2362 2358 2041
3 2040 2356 2036
3 2361 2363 2039
3 2039 2363 2042
3 2042 2364 2043
3 2363 2364 2042
3 2043 2365 2044
3 2364 2365 2043
3 2044 2366 2045
3 2365 2366 2044
3 2045 2367 2046
3 2366 2367 2045
3 2046 2368 2047
3 2367 2368 2046
3 2047 2369 2048
3 2368 2369 2047
3 2048 2370 2049
3 2369 2370 2048
3 2049 2371 2050
3 2370 2371 2049
3 2050 2372 2051
3 2371 2372 2050
3 2051 2373 2052
3 2372 2373 2051
3 2052 2374 2053
3 2373 2374 2052
3 2053 2375 2054
3 2374 2375 2053
3 2054 2376 2055
3 2375 2376 2054
3 2055 2377 2056
3 2376 2377 2055
3 2056 2378 2057
3 2377 2378 2056
3 2058 2057 2378
3 2058 2378 2379
3 2059 2362 2041
3 2059 2380 2362
3 2379 2381 2058
3 2058 2381 2060
3 2060 2382 2061
3 2381 2382 2060
3 2061 2383 2062
3 2382 2383 2061
3 2062 2384 2063
3 2383 2384 2062
3 2064 2063 2384
3 2064 2384 2385
3 2066 2380 2059
3 2066 2386 2380
3 2385 2387 2064
3 2064 2387 2067
3 2067 2388 2068
3 2387 2388 2067
3 2070 2068 2388
3 2070 2388 2389
3 2071 2390 2072
3 2390 2391 2072
3 2391 2066 2072
3 2391 2386 2066
3 2393 2392 2074
3 2074 2392 2073
3 2394 2074 2075
3 2394 2393 2074
3 2395 2075 2076
3 2395 2394 2075
3 2396 2076 2077
3 2396 2395 2076
3 2397 2077 2078
3 2397 2396 2077
3 2398 2078 2079
3 2398 2397 2078
3 2399 2079 2080
3 2399 2398 2079
3 2400 2080 2081
3 2400 2399 2080
3 2401 2081 2082
3 2401 2400 2081
3 2392 2083 2073
3 2402 2083 2392
3 2404 2403 2085
3 2085 2403 2084
3 2085 2083 2402
3 2085 2402 2404
3 2407 2406 2405
3 2409 2408 2405
3 2405 2408 2407
3 2409 2410 2408
3 2412 2411 2087
3 2087 2411 2086
3 2087 2084 2403
3 2087 2403 2412
3 2415 2414 2413
3 2089 2090 2413
3 2090 2415 2413
3 2090 2416 2415
3 2417 2090 2091
3 2417 2416 2090
3 2093 2405 2406
3 2417 2093 2406
3 2091 2093 2417
3 2405 2093 2095
3 2405 2095 2409
3 2419 2418 2097
3 2097 2418 2095
3 2418 2410 2095
3 2410 2409 2095
3 2419 2420 2418
3 2422 2421 2099
3 2099 2421 2098
3 2099 2086 2411
3 2099 2411 2422
3 2425 2424 2423
3 2101 2102 2423
3 2102 2425 2423
3 2102 2426 2425
3 2428 2427 2103
3 2427 2102 2103
3 2427 2426 2102
3 2430 2429 2428
3 2428 2429 2427
3 2430 2431 2429
3 2434 2433 2432
3 2436 2435 2432
3 2432 2435 2434
3 2438 2437 2436
3 2436 2437 2435
3 2440 2439 2438
3 2438 2439 2437
3 2442 2441 2440
3 2440 2441 2439
3 2105 2106 2442
3 2106 2441 2442
3 2106 2443 2441
3 2107 2413 2414
3 2443 2107 2414
3 2106 2107 2443
3 2413 2107 2089
3 2110 2419 2097
3 2444 2420 2419
3 2110 2444 2419
3 2112 2444 2110
3 2112 2114 2444
3 2444 2114 2445
3 2447 2446 2117
3 2117 2446 2116
3 2117 2098 2421
3 2117 2421 2447
3 2449 2448 2120
3 2120 2448 2119
3 2121 2423 2424
3 2449 2121 2424
3 2120 2121 2449
3 2423 2121 2101
3 2124 2428 2103
3 2428 2124 2126
3 2428 2126 2430
3 2450 2431 2430
3 2126 2450 2430
3 2128 2450 2126
3 2452 2451 2130
3 2451 2128 2130
3 2451 2450 2128
3 2454 2453 2452
3 2452 2453 2451
3 2456 2455 2454
3 2454 2455 2453
3 2458 2457 2456
3 2456 2457 2455
3 2457 2458 2433
3 2433 2458 2432
3 2458 2132 2432
3 2132 2133 2432
3 2432 2133 2134
3 2432 2134 2436
3 2436 2134 2136
3 2436 2136 2438
3 2438 2136 2138
3 2438 2138 2440
3 2440 2138 2140
3 2440 2140 2442
3 2442 2140 2105
3 2459 2445 2114
3 2459 2114 2143
3 2461 2460 2145
3 2460 2143 2145
3 2460 2459 2143
3 2463 2462 2461
3 2461 2462 2460
3 2147 2148 2463
3 2148 2462 2463
3 2148 2464 2462
3 2148 2116 2446
3 2148 2446 2464
3 2467 2466 2465
3 2150 2151 2465
3 2466 2150 2465
3 2468 2150 2466
3 2470 2469 2152
3 2150 2470 2152
3 2468 2470 2150
3 2472 2471 2469
3 2472 2469 2470
3 2473 2471 2472
3 2448 2153 2119
3 2474 2153 2448
3 2154 2452 2130
3 2452 2154 2156
3 2452 2156 2454
3 2454 2156 2158
3 2454 2158 2456
3 2456 2158 2160
3 2456 2160 2458
3 2458 2160 2132
3 2162 2461 2145
3 2461 2162 2164
3 2461 2164 2463
3 2463 2164 2147
3 2477 2476 2475
3 2475 2476 2467
3 2475 2467 2465
3 2166 2475 2465
3 2165 2166 2465
3 2165 2465 2151
3 2469 2167 2152
3 2167 2469 2168
3 2469 2478 2168
3 2469 2471 2478
3 2471 2473 2479
3 2471 2479 2478
3 2474 2169 2153
3 2480 2169 2474
3 2477 2475 2170
3 2171 2477 2170
3 2481 2477 2171
3 2170 2475 2166
3 2478 2172 2168
3 2173 2172 2478
3 2479 2173 2478
3 2482 2173 2479
3 2485 2484 2483
3 2487 2486 2483
3 2487 2483 2484
3 2480 2488 2169
3 2169 2488 2174
3 2175 2174 2488
3 2175 2488 2489
3 2177 2481 2171
3 2177 2490 2481
3 2492 2179 2491
3 2179 2482 2491
3 2179 2173 2482
3 2494 2493 2492
3 2494 2492 2491
3 2493 2494 2485
3 2483 2493 2485
3 2495 2493 2483
3 2496 2483 2486
3 2495 2483 2496
3 2489 2497 2175
3 2175 2497 2183
3 2183 2498 2185
3 2497 2498 2183
3 2500 2499 2187
3 2185 2500 2187
3 2498 2500 2185
3 2501 2499 2500
3 2192 2490 2177
3 2192 2502 2490
3 2492 2193 2179
3 2193 2492 2194
3 2194 2492 2493
3 2194 2493 2195
3 2195 2493 2495
3 2195 2495 2197
3 2495 2503 2197
3 2495 2496 2503
3 2499 2198 2187
3 2199 2198 2499
3 2504 2199 2499
3 2501 2504 2499
3 2505 2199 2504
3 2505 2201 2199
3 2507 2506 2205
3 2507 2205 2204
3 2192 2205 2502
3 2502 2205 2506
3 2503 2206 2197
3 2504 2508 2505
3 2201 2505 2508
3 2509 2201 2508
3 2208 2201 2509
3 2211 2507 2204
3 2211 2510 2507
3 2212 2208 2511
3 2208 2512 2511
3 2208 2509 2512
3 2511 2214 2212
3 2216 2510 2211
3 2216 2513 2510
3 2512 2514 2511
3 2214 2511 2514
3 2515 2214 2514
3 2218 2214 2515
3 2221 2513 2216
3 2221 2516 2513
3 2515 2517 2218
3 2218 2517 2222
3 2519 2518 2224
3 2222 2519 2224
3 2517 2519 2222
3 2520 2518 2519
3 2523 2522 2521
3 2525 2524 2521
3 2525 2521 2522
3 2525 2516 2524
3 2516 2227 2524
3 2516 2221 2227
3 2518 2228 2224
3 2229 2228 2518
3 2520 2229 2518
3 2526 2229 2520
3 2529 2528 2527
3 2527 2528 2523
3 2527 2523 2521
3 2231 2527 2521
3 2230 2231 2521
3 2230 2521 2232
3 2232 2521 2524
3 2232 2524 2227
3 2526 2530 2229
3 2229 2530 2233
3 2234 2233 2530
3 2234 2530 2531
3 2534 2533 2532
3 2532 2533 2529
3 2532 2529 2527
3 2236 2532 2527
3 2235 2236 2527
3 2235 2527 2231
3 2531 2535 2234
3 2234 2535 2237
3 2537 2536 2239
3 2237 2537 2239
3 2535 2537 2237
3 2538 2536 2537
3 2540 2539 2240
3 2540 2240 2241
3 2532 2242 2534
3 2242 2539 2534
3 2242 2240 2539
3 2242 2532 2236
3 2536 2243 2239
3 2245 2243 2536
3 2538 2245 2536
3 2541 2245 2538
3 2544 2543 2542
3 2543 2540 2542
3 2540 2247 2542
3 2540 2241 2247
3 2541 2249 2245
3 2545 2249 2541
3 2544 2542 2250
3 2251 2544 2250
3 2546 2544 2251
3 2250 2542 2247
3 2545 2252 2249
3 2547 2252 2545
3 2254 2546 2251
3 2254 2548 2546
3 2547 2255 2252
3 2549 2255 2547
3 2257 2548 2254
3 2257 2550 2548
3 2552 2551 2260
3 2260 2551 2259
3 2260 2255 2549
3 2260 2549 2552
3 2555 2554 2553
3 2554 2550 2553
3 2550 2262 2553
3 2550 2257 2262
3 2558 2557 2556
3 2551 2558 2556
3 2263 2551 2556
3 2259 2551 2263
3 2561 2560 2559
3 2559 2560 2555
3 2559 2555 2553
3 2265 2559 2553
3 2264 2265 2553
3 2264 2553 2262
3 2556 2557 2268
3 2557 2267 2268
3 2557 2562 2267
3 2556 2268 2263
3 2565 2564 2563
3 2269 2270 2563
3 2564 2269 2563
3 2566 2269 2564
3 2559 2271 2561
3 2271 2566 2561
3 2271 2269 2566
3 2271 2559 2265
3 2568 2567 2274
3 2274 2567 2273
3 2274 2267 2562
3 2274 2562 2568
3 2565 2563 2276
3 2277 2565 2276
3 2569 2565 2277
3 2276 2563 2270
3 2572 2571 2570
3 2567 2572 2570
3 2278 2567 2570
3 2273 2567 2278
3 2575 2574 2573
3 2574 2569 2573
3 2569 2279 2573
3 2569 2277 2279
3 2570 2571 2282
3 2571 2281 2282
3 2571 2576 2281
3 2570 2282 2278
3 2575 2573 2283
3 2284 2575 2283
3 2577 2575 2284
3 2283 2573 2279
3 2576 2285 2281
3 2578 2285 2576
3 2286 2577 2284
3 2286 2579 2577
3 2581 2580 2289
3 2289 2580 2288
3 2289 2285 2578
3 2289 2578 2581
3 2290 2579 2286
3 2290 2582 2579
3 2585 2584 2583
3 2580 2585 2583
3 2291 2580 2583
3 2288 2580 2291
3 2292 2582 2290
3 2292 2586 2582
3 2583 2584 2295
3 2584 2294 2295
3 2584 2587 2294
3 2583 2295 2291
3 2292 2296 2588
3 2589 2292 2588
3 2586 2292 2589
3 2298 2588 2296
3 2587 2590 2294
3 2294 2590 2299
3 2300 2299 2590
3 2300 2590 2591
3 2592 2589 2588
3 2588 2298 2592
3 2298 2593 2592
3 2298 2301 2593
3 2595 2594 2304
3 2304 2594 2303
3 2304 2300 2591
3 2304 2591 2595
3 2305 2593 2301
3 2305 2596 2593
3 2594 2306 2303
3 2597 2306 2594
3 2307 2596 2305
3 2307 2598 2596
3 2597 2308 2306
3 2599 2308 2597
3 2309 2598 2307
3 2309 2600 2598
3 2602 2601 2311
3 2311 2601 2310
3 2311 2308 2599
3 2311 2599 2602
3 2312 2600 2309
3 2312 2603 2600
3 2601 2313 2310
3 2604 2313 2601
3 2314 2603 2312
3 2314 2605 2603
3 2607 2606 2316
3 2316 2606 2315
3 2316 2313 2604
3 2316 2604 2607
3 2608 2605 2314
3 2608 2314 2317
3 2317 2318 2608
3 2608 2318 2609
3 2606 2319 2315
3 2610 2319 2606
3 2318 2320 2611
3 2612 2318 2611
3 2609 2318 2612
3 2322 2611 2320
3 2613 2323 2324
3 2614 2613 2324
3 2319 2614 2324
3 2610 2614 2319
3 2615 2612 2611
3 2611 2322 2615
3 2322 2616 2615
3 2322 2325 2616
3 2618 2617 2613
3 2617 2323 2613
3 2617 2326 2323
3 2618 2613 2614
3 2619 2616 2325
3 2619 2325 2327
3 2327 2328 2619
3 2619 2328 2620
3 2617 2329 2326
3 2621 2329 2617
3 2622 2620 2328
3 2622 2328 2330
3 2624 2623 2331
3 2623 2330 2331
3 2623 2622 2330
3 2624 2625 2623
3 2627 2626 2333
3 2333 2626 2332
3 2333 2329 2621
3 2333 2621 2627
3 2334 2624 2331
3 2334 2335 2624
3 2335 2625 2624
3 2335 2628 2625
3 2626 2336 2332
3 2629 2336 2626
3 2630 2628 2335
3 2630 2335 2337
3 2337 2339 2630
3 2630 2339 2631
3 2629 2340 2336
3 2632 2340 2629
3 2341 2631 2339
3 2341 2633 2631
3 2635 2634 2344
3 2344 2634 2343
3 2344 2340 2632
3 2344 2632 2635
3 2345 2633 2341
3 2345 2636 2633
3 2634 2346 2343
3 2637 2346 2634
3 2347 2636 2345
3 2347 2638 2636
3 2637 2348 2346
3 2639 2348 2637
3 2347 2349 2640
3 2641 2347 2640
3 2638 2347 2641
3 2350 2640 2349
3 2639 2351 2348
3 2642 2351 2639
3 2641 2640 2643
3 2641 2643 2644
3 2352 2643 2350
3 2350 2643 2640
3 2642 2353 2351
3 2645 2353 2642
3 2644 2643 2646
3 2644 2646 2647
3 2354 2646 2352
3 2352 2646 2643
3 2645 2355 2353
3 2648 2355 2645
3 2647 2646 2357
3 2358 2647 2357
3 2649 2647 2358
3 2357 2646 2354
3 2648 2650 2355
3 2355 2650 2359
3 2359 2651 2360
3 2650 2651 2359
3 2361 2360 2651
3 2361 2651 2652
3 2362 2649 2358
3 2362 2653 2649
3 2652 2654 2361
3 2361 2654 2363
3 2363 2655 2364
3 2654 2655 2363
3 2364 2656 2365
3 2655 2656 2364
3 2365 2657 2366
3 2656 2657 2365
3 2366 2658 2367
3 2657 2658 2366
3 2367 2659 2368
3 2658 2659 2367
3 2368 2660 2369
3 2659 2660 2368
3 2369 2661 2370
3 2660 2661 2369
3 2370 2662 2371
3 2661 2662 2370
3 2371 2663 2372
3 2662 2663 2371
3 2372 2664 2373
3 2663 2664 2372
3 2373 2665 2374
3 2664 2665 2373
3 2374 2666 2375
3 2665 2666 2374
3 2375 2667 2376
3 2666 2667 2375
3 2376 2668 2377
3 2667 2668 2376
3 2377 2669 2378
3 2668 2669 2377
3 2379 2378 2669
3 2379 2669 2670
3 2380 2653 2362
3 2380 2671 2653
3 2670 2672 2379
3 2379 2672 2381
3 2381 2673 2382
3 2672 2673 2381
3 2382 2674 2383
3 2673 2674 2382
3 2383 2675 2384
3 2674 2675 2383
3 2385 2384 2675
3 2385 2675 2676
3 2386 2671 2380
3 2386 2677 2671
3 2676 2678 2385
3 2385 2678 2387
3 2387 2679 2388
3 2678 2679 2387
3 2389 2388 2679
3 2389 2679 2680
3 2683 2682 2681
3 2682 2677 2681
3 2677 2391 2681
3 2677 2386 2391
3 2684 2392 2393
3 2684 2393 2685
3 2393 2686 2685
3 2393 2394 2686
3 2687 2394 2395
3 2687 2686 2394
3 2688 2395 2396
3 2688 2687 2395
3 2689 2396 2397
3 2689 2688 2396
3 2690 2397 2398
3 2690 2689 2397
3 2691 2398 2399
3 2691 2690 2398
3 2692 2399 2400
3 2692 2691 2399
3 2693 2400 2401
3 2693 2692 2400
3 2695 2694 2684
3 2694 2392 2684
3 2694 2402 2392
3 2695 2684 2685
3 2697 2696 2404
3 2404 2696 2403
3 2404 2402 2694
3 2404 2694 2697
3 2699 2698 2407
3 2407 2698 2406
3 2700 2407 2408
3 2700 2699 2407
3 2408 2410 2700
3 2700 2410 2701
3 2703 2702 2412
3 2412 2702 2411
3 2412 2403 2696
3 2412 2696 2703
3 2705 2704 2415
3 2415 2704 2414
3 2706 2415 2416
3 2706 2705 2415
3 2707 2416 2417
3 2707 2706 2416
3 2417 2406 2698
3 2417 2698 2707
3 2708 2701 2410
3 2708 2410 2418
3 2418 2420 2708
3 2708 2420 2709
3 2711 2710 2422
3 2422 2710 2421
3 2422 2411 2702
3 2422 2702 2711
3 2714 2713 2712
3 2424 2425 2712
3 2425 2714 2712
3 2425 2715 2714
3 2716 2425 2426
3 2716 2715 2425
3 2717 2426 2427
3 2717 2716 2426
3 2718 2427 2429
3 2718 2717 2427
3 2720 2719 2431
3 2719 2429 2431
3 2719 2718 2429
3 2720 2721 2719
3 2723 2722 2434
3 2434 2722 2433
3 2724 2434 2435
3 2724 2723 2434
3 2725 2435 2437
3 2725 2724 2435
3 2726 2437 2439
3 2726 2725 2437
3 2727 2439 2441
3 2727 2726 2439
3 2728 2441 2443
3 2728 2727 2441
3 2443 2414 2704
3 2443 2704 2728
3 2729 2709 2420
3 2729 2420 2444
3 2444 2445 2729
3 2729 2445 2730
3 2732 2731 2447
3 2447 2731 2446
3 2447 2421 2710
3 2447 2710 2732
3 2735 2734 2733
3 2737 2736 2733
3 2737 2733 2734
3 2739 2738 2736
3 2739 2736 2737
3 2741 2740 2738
3 2741 2738 2739
3 2742 2740 2741
3 2712 2713 2449
3 2713 2448 2449
3 2713 2743 2448
3 2712 2449 2424
3 2450 2720 2431
3 2744 2721 2720
3 2450 2744 2720
3 2451 2744 2450
3 2745 2451 2453
3 2745 2744 2451
3 2746 2453 2455
3 2746 2745 2453
3 2747 2455 2457
3 2747 2746 2455
3 2457 2433 2722
3 2457 2722 2747
3 2748 2730 2445
3 2748 2445 2459
3 2749 2459 2460
3 2749 2748 2459
3 2750 2460 2462
3 2750 2749 2460
3 2751 2462 2464
3 2751 2750 2462
3 2464 2446 2731
3 2464 2731 2751
3 2754 2753 2752
3 2752 2753 2735
3 2752 2735 2733
3 2467 2752 2733
3 2466 2467 2733
3 2466 2733 2468
3 2468 2733 2736
3 2468 2736 2470
3 2470 2736 2738
3 2470 2738 2472
3 2472 2738 2740
3 2473 2472 2740
3 2742 2473 2740
3 2755 2473 2742
3 2758 2757 2756
3 2759 2756 2757
3 2743 2474 2448
3 2760 2474 2743
3 2763 2762 2761
3 2761 2762 2754
3 2761 2754 2752
3 2477 2761 2752
3 2476 2477 2752
3 2476 2752 2467
3 2765 2479 2764
3 2479 2755 2764
3 2479 2473 2755
3 2767 2766 2765
3 2767 2765 2764
3 2766 2767 2758
3 2756 2766 2758
3 2768 2766 2756
3 2756 2759 2769
3 2770 2756 2769
3 2768 2756 2770
3 2772 2480 2771
3 2480 2760 2771
3 2480 2474 2760
3 2773 2772 2771
3 2763 2761 2774
3 2763 2774 2775
3 2481 2774 2477
3 2477 2774 2761
3 2776 2482 2765
3 2765 2482 2479
3 2777 2765 2766
3 2776 2765 2777
3 2485 2777 2484
3 2777 2768 2484
3 2777 2766 2768
3 2484 2768 2487
3 2487 2768 2770
3 2772 2488 2480
3 2779 2778 2489
3 2779 2489 2488
3 2773 2779 2488
3 2772 2773 2488
3 2781 2780 2778
3 2781 2778 2779
3 2783 2782 2780
3 2783 2780 2781
3 2785 2784 2782
3 2785 2782 2783
3 2786 2784 2785
3 2775 2774 2787
3 2775 2787 2788
3 2490 2787 2481
3 2481 2787 2774
3 2776 2491 2482
3 2491 2776 2494
3 2494 2776 2777
3 2494 2777 2485
3 2778 2497 2489
3 2497 2778 2498
3 2498 2778 2780
3 2498 2780 2500
3 2500 2780 2782
3 2500 2782 2501
3 2782 2789 2501
3 2782 2784 2789
3 2784 2786 2790
3 2784 2790 2789
3 2793 2792 2791
3 2791 2792 2788
3 2787 2791 2788
3 2794 2791 2787
3 2502 2794 2490
3 2490 2794 2787
3 2795 2504 2789
3 2789 2504 2501
3 2789 2790 2796
3 2789 2796 2795
3 2793 2791 2797
3 2793 2797 2798
3 2507 2797 2506
3 2797 2794 2506
3 2797 2791 2794
3 2506 2794 2502
3 2795 2508 2504
3 2509 2508 2795
3 2796 2509 2795
3 2799 2509 2796
3 2798 2797 2800
3 2798 2800 2801
3 2510 2800 2507
3 2507 2800 2797
3 2803 2512 2802
3 2512 2799 2802
3 2512 2509 2799
3 2804 2803 2802
3 2801 2800 2805
3 2801 2805 2806
3 2513 2805 2510
3 2510 2805 2800
3 2803 2514 2512
3 2808 2807 2515
3 2808 2515 2514
3 2804 2808 2514
3 2803 2804 2514
3 2809 2807 2808
3 2806 2805 2810
3 2806 2810 2811
3 2516 2810 2513
3 2513 2810 2805
3 2807 2517 2515
3 2809 2812 2807
3 2812 2517 2807
3 2812 2519 2517
3 2520 2519 2812
3 2520 2812 2813
3 2816 2815 2814
3 2522 2523 2814
3 2815 2522 2814
3 2817 2522 2815
3 2810 2525 2811
3 2525 2817 2811
3 2525 2522 2817
3 2525 2810 2516
3 2819 2526 2818
3 2526 2813 2818
3 2526 2520 2813
3 2820 2819 2818
3 2823 2822 2821
3 2821 2822 2816
3 2821 2816 2814
3 2529 2821 2814
3 2528 2529 2814
3 2528 2814 2523
3 2819 2530 2526
3 2825 2824 2531
3 2825 2531 2530
3 2820 2825 2530
3 2819 2820 2530
3 2826 2824 2825
3 2829 2828 2827
3 2827 2828 2823
3 2827 2823 2821
3 2534 2827 2821
3 2533 2534 2821
3 2533 2821 2529
3 2824 2535 2531
3 2826 2830 2824
3 2830 2535 2824
3 2830 2537 2535
3 2538 2537 2830
3 2538 2830 2831
3 2834 2833 2832
3 2832 2833 2829
3 2832 2829 2827
3 2540 2832 2827
3 2539 2540 2827
3 2539 2827 2534
3 2836 2541 2835
3 2541 2831 2835
3 2541 2538 2831
3 2837 2836 2835
3 2834 2832 2543
3 2544 2834 2543
3 2838 2834 2544
3 2543 2832 2540
3 2840 2839 2836
3 2839 2541 2836
3 2839 2545 2541
3 2840 2836 2837
3 2843 2842 2841
3 2842 2838 2841
3 2838 2546 2841
3 2838 2544 2546
3 2839 2547 2545
3 2844 2547 2839
3 2843 2841 2845
3 2843 2845 2846
3 2548 2845 2546
3 2546 2845 2841
3 2849 2848 2847
3 2844 2849 2847
3 2549 2844 2847
3 2547 2844 2549
3 2846 2845 2850
3 2846 2850 2851
3 2550 2850 2548
3 2548 2850 2845
3 2847 2848 2552
3 2848 2551 2552
3 2848 2852 2551
3 2847 2552 2549
3 2855 2854 2853
3 2853 2854 2851
3 2853 2851 2850
3 2555 2853 2850
3 2554 2555 2850
3 2554 2850 2550
3 2857 2856 2558
3 2558 2856 2557
3 2558 2551 2852
3 2558 2852 2857
3 2860 2859 2858
3 2862 2861 2858
3 2862 2858 2859
3 2861 2862 2855
3 2861 2855 2853
3 2561 2861 2853
3 2560 2561 2853
3 2560 2853 2555
3 2865 2864 2863
3 2856 2865 2863
3 2562 2856 2863
3 2557 2856 2562
3 2860 2858 2564
3 2565 2860 2564
3 2866 2860 2565
3 2564 2858 2566
3 2566 2858 2861
3 2566 2861 2561
3 2863 2864 2568
3 2864 2567 2568
3 2864 2867 2567
3 2863 2568 2562
3 2870 2869 2868
3 2869 2866 2868
3 2866 2569 2868
3 2866 2565 2569
3 2872 2871 2572
3 2572 2871 2571
3 2572 2567 2867
3 2572 2867 2872
3 2870 2868 2574
3 2575 2870 2574
3 2873 2870 2575
3 2574 2868 2569
3 2871 2576 2571
3 2874 2576 2871
3 2577 2873 2575
3 2577 2875 2873
3 2874 2578 2576
3 2876 2578 2874
3 2579 2875 2577
3 2579 2877 2875
3 2879 2878 2581
3 2581 2878 2580
3 2581 2578 2876
3 2581 2876 2879
3 2582 2877 2579
3 2582 2880 2877
3 2882 2881 2585
3 2585 2881 2584
3 2585 2580 2878
3 2585 2878 2882
3 2586 2880 2582
3 2586 2883 2880
3 2885 2587 2884
3 2587 2881 2884
3 2587 2584 2881
3 2886 2885 2884
3 2589 2883 2586
3 2589 2887 2883
3 2885 2590 2587
3 2591 2590 2885
3 2886 2591 2885
3 2888 2591 2886
3 2589 2592 2889
3 2890 2589 2889
3 2887 2589 2890
3 2593 2889 2592
3 2891 2594 2595
3 2892 2891 2595
3 2591 2892 2595
3 2888 2892 2591
3 2890 2889 2893
3 2890 2893 2894
3 2596 2893 2593
3 2593 2893 2889
3 2896 2895 2891
3 2895 2594 2891
3 2895 2597 2594
3 2896 2891 2892
3 2894 2893 2897
3 2894 2897 2898
3 2598 2897 2596
3 2596 2897 2893
3 2895 2599 2597
3 2899 2599 2895
3 2898 2897 2900
3 2898 2900 2901
3 2600 2900 2598
3 2598 2900 2897
3 2902 2601 2602
3 2903 2902 2602
3 2599 2903 2602
3 2899 2903 2599
3 2901 2900 2904
3 2901 2904 2905
3 2603 2904 2600
3 2600 2904 2900
3 2907 2906 2902
3 2906 2601 2902
3 2906 2604 2601
3 2907 2902 2903
3 2908 2905 2904
3 2904 2603 2908
3 2603 2909 2908
3 2603 2605 2909
3 2910 2606 2607
3 2911 2910 2607
3 2604 2911 2607
3 2906 2911 2604
3 2912 2909 2605
3 2912 2605 2608
3 2608 2609 2912
3 2912 2609 2913
3 2915 2914 2910
3 2914 2606 2910
3 2914 2610 2606
3 2915 2910 2911
3 2612 2913 2609
3 2612 2916 2913
3 2914 2614 2610
3 2917 2614 2914
3 2918 2916 2612
3 2918 2612 2615
3 2615 2616 2918
3 2918 2616 2919
3 2921 2920 2618
3 2618 2920 2617
3 2618 2614 2917
3 2618 2917 2921
3 2924 2923 2922
3 2925 2922 2923
3 2926 2919 2616
3 2926 2616 2619
3 2928 2927 2620
3 2927 2619 2620
3 2927 2926 2619
3 2928 2929 2927
3 2920 2621 2617
3 2930 2621 2920
3 2931 2924 2922
3 2931 2922 2925
3 2622 2928 2620
3 2932 2929 2928
3 2622 2932 2928
3 2623 2932 2622
3 2623 2625 2932
3 2932 2625 2933
3 2935 2934 2627
3 2627 2934 2626
3 2627 2621 2930
3 2627 2930 2935
3 2628 2933 2625
3 2628 2936 2933
3 2934 2629 2626
3 2937 2629 2934
3 2938 2936 2628
3 2938 2628 2630
3 2630 2631 2938
3 2938 2631 2939
3 2937 2632 2629
3 2940 2632 2937
3 2633 2939 2631
3 2633 2941 2939
3 2943 2942 2635
3 2635 2942 2634
3 2635 2632 2940
3 2635 2940 2943
3 2636 2941 2633
3 2636 2944 2941
3 2942 2637 2634
3 2945 2637 2942
3 2638 2944 2636
3 2638 2946 2944
3 2945 2639 2637
3 2947 2639 2945
3 2641 2946 2638
3 2641 2948 2946
3 2947 2642 2639
3 2949 2642 2947
3 2952 2951 2950
3 2951 2948 2950
3 2948 2644 2950
3 2948 2641 2644
3 2949 2645 2642
3 2953 2645 2949
3 2952 2950 2954
3 2952 2954 2955
3 2647 2954 2644
3 2644 2954 2950
3 2953 2648 2645
3 2956 2648 2953
3 2955 2954 2957
3 2955 2957 2958
3 2649 2957 2647
3 2647 2957 2954
3 2956 2959 2648
3 2648 2959 2650
3 2650 2960 2651
3 2959 2960 2650
3 2652 2651 2960
3 2652 2960 2961
3 2958 2957 2962
3 2958 2962 2963
3 2653 2962 2649
3 2649 2962 2957
3 2961 2964 2652
3 2652 2964 2654
3 2654 2965 2655
3 2964 2965 2654
3 2655 2966 2656
3 2965 2966 2655
3 2656 2967 2657
3 2966 2967 2656
3 2657 2968 2658
3 2967 2968 2657
3 2658 2969 2659
3 2968 2969 2658
3 2659 2970 2660
3 2969 2970 2659
3 2660 2971 2661
3 2970 2971 2660
3 2661 2972 2662
3 2971 2972 2661
3 2662 2973 2663
3 2972 2973 2662
3 2663 2974 2664
3 2973 2974 2663
3 2664 2975 2665
3 2974 2975 2664
3 2665 2976 2666
3 2975 2976 2665
3 2666 2977 2667
3 2976 2977 2666
3 2667 2978 2668
3 2977 2978 2667
3 2668 2979 2669
3 2978 2979 2668
3 2670 2669 2979
3 2670 2979 2980
3 2981 2963 2962
3 2962 2653 2981
3 2653 2982 2981
3 2653 2671 2982
3 2980 2983 2670
3 2670 2983 2672
3 2672 2984 2673
3 2983 2984 2672
3 2673 2985 2674
3 2984 2985 2673
3 2674 2986 2675
3 2985 2986 2674
3 2676 2675 2986
3 2676 2986 2987
3 2677 2982 2671
3 2677 2988 2982
3 2987 2989 2676
3 2676 2989 2678
3 2678 2990 2679
3 2989 2990 2678
3 2680 2679 2990
3 2680 2990 2991
3 2993 2992 2682
3 2993 2682 2683
3 2677 2682 2988
3 2988 2682 2992
3 2995 2994 2686
3 2686 2994 2685
3 2996 2686 2687
3 2996 2995 2686
3 2997 2687 2688
3 2997 2996 2687
3 2998 2688 2689
3 2998 2997 2688
3 2999 2689 2690
3 2999 2998 2689
3 3000 2690 2691
3 3000 2999 2690
3 3002 3000 3001
3 3000 2692 3001
3 3000 2691 2692
3 3001 2692 3003
3 2692 3004 3003
3 2692 2693 3004
3 3005 2694 2695
3 3006 3005 2695
3 2685 3006 2695
3 2994 3006 2685
3 3002 3001 3007
3 3002 3007 3008
3 3001 3003 3009
3 3001 3009 3007
3 3010 2696 2697
3 2694 3005 2697
3 3005 3010 2697
3 3005 3011 3010
3 3005 3006 3012
3 3005 3012 3011
3 3013 3008 3007
3 3013 3007 3009
3 3015 3014 2699
3 2699 3014 2698
3 3017 3015 3016
3 3015 2700 3016
3 3015 2699 2700
3 2701 3016 2700
3 3019 3018 2703
3 2703 3018 2702
3 2703 2696 3010
3 3020 2703 3010
3 3019 2703 3020
3 3020 3010 3011
3 3020 3011 3021
3 3024 3023 3022
3 3012 3021 3011
3 3025 3023 3024
3 3028 3027 3026
3 3029 3026 3027
3 3030 2704 2705
3 3030 2705 3031
3 2705 3032 3031
3 2705 2706 3032
3 3033 2706 2707
3 3033 3032 2706
3 2707 2698 3014
3 2707 3014 3033
3 3034 3017 3016
3 3034 3016 2701
3 2708 3034 2701
3 3035 3034 2708
3 2708 2709 3035
3 3035 2709 3036
3 3038 3037 2711
3 2711 3037 2710
3 2711 2702 3018
3 2711 3018 3038
3 3022 3023 3039
3 3022 3039 3040
3 3023 3025 3041
3 3042 3023 3041
3 3039 3023 3042
3 3044 3043 3042
3 3044 3042 3041
3 3046 3045 3043
3 3046 3043 3044
3 3048 3047 3045
3 3048 3045 3046
3 3047 3048 3028
3 3026 3047 3028
3 3049 3047 3026
3 3026 3029 3050
3 3051 3026 3050
3 3049 3026 3051
3 3052 3051 3050
3 3053 2713 2714
3 3053 2714 3054
3 2714 3055 3054
3 2714 2715 3055
3 3056 2715 2716
3 3056 3055 2715
3 3057 2716 2717
3 3057 3056 2716
3 3059 3057 3058
3 3057 2718 3058
3 3057 2717 2718
3 2719 3060 2718
3 2718 3060 3058
3 2721 3060 2719
3 3062 3061 2723
3 2723 3061 2722
3 3063 2723 2724
3 3063 3062 2723
3 3064 2724 2725
3 3064 3063 2724
3 3065 2725 2726
3 3065 3064 2725
3 3067 3065 3066
3 3065 2727 3066
3 3065 2726 2727
3 2728 3068 2727
3 2727 3068 3066
3 3069 3068 2728
3 3069 2728 2704
3 3070 3069 2704
3 3030 3070 2704
3 3070 3030 3031
3 3071 3036 2709
3 3071 2709 2729
3 2729 2730 3071
3 3071 2730 3072
3 3073 2731 2732
3 3074 3073 2732
3 2710 3074 2732
3 3037 3074 2710
3 3077 3076 3075
3 3075 3076 3040
3 3075 3040 3039
3 2735 3075 3039
3 2734 2735 3039
3 2734 3039 2737
3 2737 3039 3042
3 2737 3042 2739
3 2739 3042 3043
3 2739 3043 2741
3 2741 3043 3045
3 2741 3045 2742
3 3045 3078 2742
3 3045 3047 3078
3 3079 3047 3049
3 3078 3047 3079
3 3080 3049 3051
3 3079 3049 3080
3 3051 3052 3081
3 3082 3051 3081
3 3080 3051 3082
3 3084 3083 3053
3 3083 2713 3053
3 3083 2743 2713
3 3084 3053 3054
3 3085 3059 3058
3 3085 3058 3060
3 3085 3060 3086
3 3086 3060 2721
3 2744 3086 2721
3 3087 3086 2744
3 3088 2744 2745
3 3088 3087 2744
3 3089 2745 2746
3 3089 3088 2745
3 3090 2746 2747
3 3090 3089 2746
3 2747 2722 3061
3 2747 3061 3090
3 3091 3067 3066
3 3091 3066 3068
3 3091 3068 3092
3 3092 3068 3069
3 3093 3072 2730
3 3093 2730 2748
3 3095 3093 3094
3 3093 2749 3094
3 3093 2748 2749
3 2750 3096 2749
3 2749 3096 3094
3 3096 2750 3097
3 2750 3098 3097
3 2750 2751 3098
3 2751 2731 3073
3 3099 2751 3073
3 3098 2751 3099
3 3099 3073 3074
3 3102 3101 3100
3 3100 3101 3077
3 3100 3077 3075
3 2754 3100 3075
3 2753 2754 3075
3 2753 3075 2735
3 3103 2755 3078
3 3078 2755 2742
3 3104 3078 3079
3 3103 3078 3104
3 2758 3104 2757
3 3104 3080 2757
3 3104 3079 3080
3 2757 3080 2759
3 3080 3105 2759
3 3080 3082 3105
3 3107 2760 3106
3 2760 3083 3106
3 2760 2743 3083
3 3108 3107 3106
3 3109 3095 3094
3 3109 3094 3096
3 3109 3096 3110
3 3110 3096 3097
3 3113 3112 3111
3 3111 3112 3102
3 3111 3102 3100
3 2763 3111 3100
3 2762 2763 3100
3 2762 3100 2754
3 3103 2764 2755
3 2764 3103 2767
3 2767 3103 3104
3 2767 3104 2758
3 3105 2769 2759
3 3107 2771 2760
3 3115 3114 2773
3 3115 2773 2771
3 3108 3115 2771
3 3107 3108 2771
3 3117 3116 3114
3 3117 3114 3115
3 3119 3118 3116
3 3119 3116 3117
3 3121 3120 3118
3 3121 3118 3119
3 3123 3122 3120
3 3123 3120 3121
3 3125 3124 3122
3 3125 3122 3123
3 3126 3124 3125
3 3129 3128 3127
3 3131 3130 3127
3 3131 3127 3128
3 3132 3130 3131
3 3113 3111 3133
3 3113 3133 3134
3 2775 3133 2763
3 2763 3133 3111
3 3114 2779 2773
3 2779 3114 2781
3 2781 3114 3116
3 2781 3116 2783
3 2783 3116 3118
3 2783 3118 2785
3 2785 3118 3120
3 2785 3120 2786
3 3120 3135 2786
3 3120 3122 3135
3 3124 3137 3136
3 3135 3124 3136
3 3122 3124 3135
3 3137 3124 3126
3 3129 3127 3138
3 3129 3138 3139
3 3140 3127 3130
3 3138 3127 3140
3 3130 3132 3141
3 3130 3141 3140
3 3134 3133 3142
3 3134 3142 3143
3 2788 3142 2775
3 2775 3142 3133
3 3144 2790 3135
3 3135 2790 2786
3 3135 3136 3145
3 3135 3145 3144
3 3146 3139 3138
3 3146 3138 3140
3 3146 3140 3147
3 3147 3140 3141
3 3143 3142 2792
3 2793 3143 2792
3 3148 3143 2793
3 2792 3142 2788
3 3149 2796 3144
3 3144 2796 2790
3 3144 3145 3150
3 3144 3150 3149
3 3153 3152 3151
3 3152 3148 3151
3 3148 2798 3151
3 3148 2793 2798
3 3154 2799 3149
3 3149 2799 2796
3 3149 3150 3155
3 3156 3149 3155
3 3154 3149 3156
3 3157 3156 3155
3 3153 3151 3158
3 3153 3158 3159
3 2801 3158 2798
3 2798 3158 3151
3 3154 2802 2799
3 2802 3154 2804
3 3154 3160 2804
3 3154 3156 3160
3 3156 3157 3161
3 3162 3156 3161
3 3160 3156 3162
3 3163 3162 3161
3 3159 3158 3164
3 3159 3164 3165
3 2806 3164 2801
3 2801 3164 3158
3 3160 2808 2804
3 2808 3160 2809
3 3160 3166 2809
3 3160 3162 3166
3 3162 3163 3167
3 3162 3167 3166
3 3170 3169 3168
3 3168 3169 3165
3 3164 3168 3165
3 3171 3168 3164
3 2811 3171 2806
3 2806 3171 3164
3 3166 2812 2809
3 2813 2812 3166
3 3167 2813 3166
3 3172 2813 3167
3 3175 3174 3173
3 3173 3174 3170
3 3173 3170 3168
3 2816 3173 3168
3 2815 2816 3168
3 2815 3168 2817
3 2817 3168 3171
3 2817 3171 2811
3 3172 3176 2813
3 2813 3176 2818
3 2820 2818 3176
3 2820 3176 3177
3 3175 3173 2822
3 2823 3175 2822
3 3178 3175 2823
3 2822 3173 2816
3 3177 3179 2820
3 2820 3179 2825
3 3181 3180 2826
3 2825 3181 2826
3 3179 3181 2825
3 3183 3182 3180
3 3183 3180 3181
3 3184 3182 3183
3 3187 3186 3185
3 2828 2829 3185
3 3186 2828 3185
3 3188 2828 3186
3 2823 2828 3178
3 3178 2828 3188
3 3180 2830 2826
3 2830 3180 2831
3 3180 3189 2831
3 3180 3182 3189
3 3182 3184 3190
3 3182 3190 3189
3 3187 3185 2833
3 2834 3187 2833
3 3191 3187 2834
3 2833 3185 2829
3 3189 2835 2831
3 2837 2835 3189
3 3190 2837 3189
3 3192 2837 3190
3 3195 3194 3193
3 3194 3191 3193
3 3191 2838 3193
3 3191 2834 2838
3 3197 3196 2840
3 2840 3196 2839
3 2840 2837 3192
3 2840 3192 3197
3 3195 3193 2842
3 2843 3195 2842
3 3198 3195 2843
3 2842 3193 2838
3 3196 2844 2839
3 3199 2844 3196
3 2846 3198 2843
3 2846 3200 3198
3 3201 2848 2849
3 3202 3201 2849
3 2844 3202 2849
3 3199 3202 2844
3 3205 3204 3203
3 3204 3200 3203
3 3200 2851 3203
3 3200 2846 2851
3 3207 3206 3201
3 3206 2848 3201
3 3206 2852 2848
3 3207 3201 3202
3 3210 3209 3208
3 3212 3211 3208
3 3212 3208 3209
3 3211 3212 3205
3 3211 3205 3203
3 2855 3211 3203
3 2854 2855 3203
3 2854 3203 2851
3 3214 3213 2857
3 2857 3213 2856
3 2857 2852 3206
3 2857 3206 3214
3 3210 3208 2859
3 2860 3210 2859
3 3215 3210 2860
3 2859 3208 2862
3 2862 3208 3211
3 2862 3211 2855
3 3217 3216 2865
3 2865 3216 2864
3 2865 2856 3213
3 2865 3213 3217
3 3220 3219 3218
3 3219 3215 3218
3 3215 2866 3218
3 3215 2860 2866
3 3216 2867 2864
3 3221 2867 3216
3 3224 3223 3222
3 3226 3225 3222
3 3226 3222 3223
3 3228 3227 3225
3 3228 3225 3226
3 3229 3227 3228
3 3220 3218 2869
3 2870 3220 2869
3 3230 3220 2870
3 2869 3218 2866
3 3232 3231 2872
3 2872 3231 2871
3 2872 2867 3221
3 2872 3221 3232
3 3235 3234 3233
3 3233 3234 3224
3 3222 3233 3224
3 3236 3233 3222
3 3237 3222 3225
3 3236 3222 3237
3 3238 3225 3227
3 3237 3225 3238
3 3227 3229 3239
3 3227 3239 3238
3 3242 3241 3240
3 3241 3230 3240
3 3230 2873 3240
3 3230 2870 2873
3 3231 2874 2871
3 3243 2874 3231
3 3244 3235 3233
3 3244 3233 3236
3 3244 3236 3245
3 3245 3236 3237
3 3245 3237 3246
3 3246 3237 3238
3 3246 3238 3247
3 3250 3249 3248
3 3239 3247 3238
3 3251 3249 3250
3 3242 3240 3252
3 3242 3252 3253
3 2875 3252 2873
3 2873 3252 3240
3 3243 2876 2874
3 3254 2876 3243
3 3255 3248 3249
3 3258 3257 3256
3 3251 3255 3249
3 3257 3258 3253
3 3252 3257 3253
3 3259 3257 3252
3 2877 3259 2875
3 2875 3259 3252
3 3260 2878 2879
3 3261 3260 2879
3 2876 3261 2879
3 3254 3261 2876
3 3256 3257 3262
3 3256 3262 3263
3 3264 3257 3259
3 3262 3257 3264
3 2880 3264 2877
3 2877 3264 3259
3 3265 2881 2882
3 3266 3265 2882
3 3266 2882 2878
3 3267 3266 2878
3 3260 3267 2878
3 3267 3260 3261
3 3263 3262 3268
3 3263 3268 3269
3 3270 3262 3264
3 3268 3262 3270
3 2883 3270 2880
3 2880 3270 3264
3 3265 2884 2881
3 2886 2884 3265
3 3266 2886 3265
3 3271 2886 3266
3 3269 3268 3272
3 3269 3272 3273
3 3274 3268 3270
3 3272 3268 3274
3 2887 3274 2883
3 2883 3274 3270
3 3271 2888 2886
3 3275 2888 3271
3 3278 3277 3276
3 3279 3276 3277
3 3273 3272 3280
3 3273 3280 3281
3 3282 3272 3274
3 3280 3272 3282
3 2890 3282 2887
3 2887 3282 3274
3 3275 2892 2888
3 3283 2892 3275
3 3284 3278 3276
3 3284 3276 3279
3 3285 3281 3280
3 3287 3286 3285
3 3280 3287 3285
3 3282 3287 3280
3 2894 3287 2890
3 2890 3287 3282
3 3288 2895 2896
3 3289 3288 2896
3 2892 3289 2896
3 3283 3289 2892
3 3292 3291 3290
3 3293 3290 3291
3 3286 3287 3294
3 3286 3294 3295
3 2898 3294 2894
3 2894 3294 3287
3 3297 3296 3288
3 3296 2895 3288
3 3296 2899 2895
3 3297 3288 3289
3 3292 3290 3298
3 3292 3298 3299
3 3290 3293 3300
3 3290 3300 3298
3 3303 3302 3301
3 3305 3304 3301
3 3305 3301 3302
3 3307 3306 3304
3 3307 3304 3305
3 3308 3306 3307
3 3295 3294 3309
3 3295 3309 3310
3 2901 3309 2898
3 2898 3309 3294
3 3296 2903 2899
3 3311 2903 3296
3 3314 3313 3312
3 3312 3313 3299
3 3298 3312 3299
3 3315 3312 3298
3 3298 3300 3316
3 3298 3316 3315
3 3303 3301 3317
3 3303 3317 3318
3 3319 3301 3304
3 3317 3301 3319
3 3320 3304 3306
3 3319 3304 3320
3 3306 3308 3321
3 3306 3321 3320
3 3322 3310 3309
3 3309 2901 3322
3 2901 3323 3322
3 2901 2905 3323
3 3325 3324 2907
3 2907 3324 2906
3 2907 2903 3311
3 2907 3311 3325
3 3314 3312 3326
3 3314 3326 3327
3 3328 3312 3315
3 3326 3312 3328
3 3315 3316 3329
3 3315 3329 3328
3 3318 3317 3330
3 3318 3330 3331
3 3332 3317 3319
3 3330 3317 3332
3 3333 3319 3320
3 3332 3319 3333
3 3320 3321 3334
3 3320 3334 3333
3 2905 2908 3335
3 3336 2905 3335
3 3323 2905 3336
3 2909 3335 2908
3 3324 2911 2906
3 3337 2911 3324
3 3327 3326 3338
3 3327 3338 3339
3 3340 3326 3328
3 3338 3326 3340
3 3328 3329 3341
3 3342 3328 3341
3 3340 3328 3342
3 3344 3343 3342
3 3344 3342 3341
3 3343 3344 3331
3 3330 3343 3331
3 3345 3343 3330
3 3346 3330 3332
3 3345 3330 3346
3 3347 3332 3333
3 3346 3332 3347
3 3333 3334 3348
3 3333 3348 3347
3 3349 3336 3335
3 3351 3349 3350
3 3350 3349 2912
3 3349 3335 2912
3 3335 2909 2912
3 2913 3350 2912
3 3353 3352 2915
3 2915 3352 2914
3 2915 2911 3337
3 2915 3337 3353
3 3339 3338 3354
3 3339 3354 3355
3 3356 3338 3340
3 3354 3338 3356
3 3357 3340 3342
3 3356 3340 3357
3 3358 3342 3343
3 3357 3342 3358
3 3345 3360 3359
3 3358 3345 3359
3 3343 3345 3358
3 3360 3345 3346
3 3360 3346 3361
3 3361 3346 3347
3 3361 3347 3362
3 3362 3347 3348
3 3365 3364 3363
3 3366 3363 3364
3 3351 3350 3367
3 3351 3367 3368
3 2916 3367 2913
3 2913 3367 3350
3 3352 2917 2914
3 3369 2917 3352
3 3370 3355 3354
3 3372 3371 3370
3 3354 3372 3370
3 3356 3372 3354
3 3373 3356 3357
3 3372 3356 3373
3 3374 3357 3358
3 3373 3357 3374
3 3358 3359 3375
3 3358 3375 3374
3 3378 3377 3376
3 3376 3377 3365
3 3363 3376 3365
3 3379 3376 3363
3 3363 3366 3380
3 3363 3380 3379
3 3381 3368 3367
3 3383 3381 3382
3 3382 3381 2918
3 3381 3367 2918
3 3367 2916 2918
3 2919 3382 2918
3 3385 3384 2921
3 2921 3384 2920
3 2921 2917 3369
3 2921 3369 3385
3 3371 3372 3386
3 3371 3386 3387
3 2924 3386 2923
3 3386 3373 2923
3 3386 3372 3373
3 2923 3373 2925
3 3373 3388 2925
3 3373 3374 3388
3 3374 3375 3389
3 3390 3374 3389
3 3388 3374 3390
3 3391 3390 3389
3 3394 3393 3392
3 3392 3393 3378
3 3376 3392 3378
3 3395 3392 3376
3 3396 3376 3379
3 3395 3376 3396
3 3379 3380 3397
3 3379 3397 3396
3 3398 3383 3382
3 3398 3382 2919
3 2926 3398 2919
3 3399 3398 2926
3 3401 3399 3400
3 3399 2927 3400
3 3399 2926 2927
3 2929 3400 2927
3 3384 2930 2920
3 3402 2930 3384
3 3387 3386 3403
3 3387 3403 3404
3 2931 3405 2924
3 3405 3386 2924
3 3405 3403 3386
3 2925 3388 2931
3 3388 3405 2931
3 3388 3406 3405
3 3407 3388 3390
3 3406 3388 3407
3 3390 3391 3408
3 3409 3390 3408
3 3407 3390 3409
3 3409 3408 3394
3 3392 3409 3394
3 3410 3409 3392
3 3411 3392 3395
3 3410 3392 3411
3 3412 3395 3396
3 3411 3395 3412
3 3396 3397 3413
3 3396 3413 3412
3 3414 3401 3400
3 3414 3400 2929
3 2932 3414 2929
3 3415 3414 2932
3 2932 2933 3415
3 3415 2933 3416
3 3418 3417 2935
3 2935 3417 2934
3 2935 2930 3402
3 2935 3402 3418
3 3419 3404 3403
3 3421 3420 3419
3 3403 3421 3419
3 3405 3421 3403
3 3422 3405 3406
3 3421 3405 3422
3 3423 3406 3407
3 3422 3406 3423
3 3424 3407 3409
3 3423 3407 3424
3 3425 3409 3410
3 3424 3409 3425
3 3426 3410 3411
3 3425 3410 3426
3 3412 3428 3427
3 3426 3412 3427
3 3411 3412 3426
3 3428 3412 3413
3 2936 3416 2933
3 2936 3429 3416
3 3417 2937 2934
3 3430 2937 3417
3 3431 3420 3421
3 3431 3421 3422
3 3431 3422 3432
3 3432 3422 3423
3 3432 3423 3433
3 3433 3423 3424
3 3433 3424 3434
3 3434 3424 3425
3 3434 3425 3435
3 3435 3425 3426
3 3435 3426 3436
3 3436 3426 3427
3 2936 2938 3437
3 3438 2936 3437
3 3429 2936 3438
3 2939 3437 2938
3 3430 2940 2937
3 3439 2940 3430
3 3438 3437 3440
3 3438 3440 3441
3 2941 3440 2939
3 2939 3440 3437
3 3443 3442 2943
3 2943 3442 2942
3 2943 2940 3439
3 2943 3439 3443
3 3441 3440 3444
3 3441 3444 3445
3 2944 3444 2941
3 2941 3444 3440
3 3447 2945 3446
3 2945 3442 3446
3 2945 2942 3442
3 3448 3447 3446
3 3445 3444 3449
3 3445 3449 3450
3 2946 3449 2944
3 2944 3449 3444
3 3451 2947 3447
3 3447 2947 2945
3 3447 3448 3452
3 3447 3452 3451
3 3450 3449 3453
3 3450 3453 3454
3 2948 3453 2946
3 2946 3453 3449
3 3455 2949 3451
3 3451 2949 2947
3 3451 3452 3456
3 3451 3456 3455
3 3454 3453 2951
3 2952 3454 2951
3 3457 3454 2952
3 2951 3453 2948
3 3459 3458 3455
3 3458 2949 3455
3 3458 2953 2949
3 3459 3455 3456
3 3462 3461 3460
3 3461 3457 3460
3 3457 2955 3460
3 3457 2952 2955
3 3458 2956 2953
3 3463 2956 3458
3 3462 3460 3464
3 3462 3464 3465
3 2958 3464 2955
3 2955 3464 3460
3 3463 3466 2956
3 2956 3466 2959
3 2959 3467 2960
3 3466 3467 2959
3 2961 2960 3467
3 2961 3467 3468
3 3469 3465 3464
3 3464 2958 3469
3 2958 3470 3469
3 2958 2963 3470
3 3468 3471 2961
3 2961 3471 2964
3 2964 3472 2965
3 3471 3472 2964
3 2965 3473 2966
3 3472 3473 2965
3 2966 3474 2967
3 3473 3474 2966
3 2967 3475 2968
3 3474 3475 2967
3 2968 3476 2969
3 3475 3476 2968
3 2969 3477 2970
3 3476 3477 2969
3 2970 3478 2971
3 3477 3478 2970
3 2971 3479 2972
3 3478 3479 2971
3 2972 3480 2973
3 3479 3480 2972
3 2973 3481 2974
3 3480 3481 2973
3 2974 3482 2975
3 3481 3482 2974
3 2975 3483 2976
3 3482 3483 2975
3 2976 3484 2977
3 3483 3484 2976
3 2977 3485 2978
3 3484 3485 2977
3 2978 3486 2979
3 3485 3486 2978
3 2980 2979 3486
3 2980 3486 3487
3 2963 2981 3488
3 3489 2963 3488
3 3470 2963 3489
3 2982 3488 2981
3 3487 3490 2980
3 2980 3490 2983
3 2983 3491 2984
3 3490 3491 2983
3 2984 3492 2985
3 3491 3492 2984
3 2985 3493 2986
3 3492 3493 2985
3 2987 2986 3493
3 2987 3493 3494
3 3489 3488 3495
3 3489 3495 3496
3 2988 3495 2982
3 2982 3495 3488
3 3494 3497 2987
3 2987 3497 2989
3 2989 3498 2990
3 3497 3498 2989
3 3500 3499 2991
3 2990 3500 2991
3 3498 3500 2990
3 3499 3500 3496
3 3499 3496 3495
3 2993 3499 3495
3 2992 2993 3495
3 2992 3495 2988
3 3501 2994 2995
3 3501 2995 3502
3 2995 3503 3502
3 2995 2996 3503
3 3504 2996 2997
3 3504 3503 2996
3 3505 2997 2998
3 3505 3504 2997
3 3507 3505 3506
3 3505 2999 3506
3 3505 2998 2999
3 3000 3508 2999
3 2999 3508 3506
3 3002 3508 3000
3 3509 3003 3004
3 3510 3006 3501
3 3501 3006 2994
3 3501 3502 3511
3 3501 3511 3510
3 3507 3506 3512
3 3507 3512 3513
3 3514 3506 3508
3 3512 3506 3514
3 3008 3514 3002
3 3002 3514 3508
3 3515 3009 3509
3 3509 3009 3003
3 3516 3012 3510
3 3510 3012 3006
3 3510 3511 3517
3 3518 3510 3517
3 3516 3510 3518
3 3519 3518 3517
3 3513 3512 3520
3 3513 3520 3521
3 3522 3512 3514
3 3520 3512 3522
3 3013 3523 3008
3 3523 3514 3008
3 3523 3522 3514
3 3009 3515 3013
3 3515 3523 3013
3 3515 3524 3523
3 3525 3014 3015
3 3017 3525 3015
3 3526 3018 3019
3 3020 3527 3019
3 3019 3527 3526
3 3021 3528 3020
3 3020 3528 3527
3 3021 3012 3528
3 3012 3516 3528
3 3024 3022 3528
3 3024 3528 3516
3 3024 3516 3025
3 3516 3529 3025
3 3516 3518 3529
3 3518 3519 3530
3 3531 3518 3530
3 3529 3518 3531
3 3533 3532 3531
3 3533 3531 3530
3 3532 3533 3521
3 3520 3532 3521
3 3534 3532 3520
3 3028 3534 3027
3 3534 3522 3027
3 3534 3520 3522
3 3027 3522 3029
3 3522 3535 3029
3 3522 3523 3535
3 3536 3523 3524
3 3535 3523 3536
3 3537 3031 3032
3 3033 3538 3032
3 3032 3538 3537
3 3014 3525 3033
3 3525 3538 3033
3 3525 3539 3538
3 3034 3540 3017
3 3540 3525 3017
3 3540 3539 3525
3 3035 3541 3034
3 3034 3541 3540
3 3036 3541 3035
3 3542 3037 3038
3 3543 3542 3038
3 3543 3038 3018
3 3544 3543 3018
3 3526 3544 3018
3 3546 3545 3544
3 3526 3546 3544
3 3527 3546 3526
3 3547 3527 3528
3 3546 3527 3547
3 3040 3547 3022
3 3022 3547 3528
3 3529 3041 3025
3 3041 3529 3044
3 3044 3529 3531
3 3044 3531 3046
3 3046 3531 3532
3 3046 3532 3048
3 3048 3532 3534
3 3048 3534 3028
3 3535 3050 3029
3 3050 3535 3052
3 3535 3548 3052
3 3535 3536 3548
3 3549 3054 3055
3 3056 3550 3055
3 3055 3550 3549
3 3057 3551 3056
3 3056 3551 3550
3 3059 3551 3057
3 3552 3061 3062
3 3063 3553 3062
3 3062 3553 3552
3 3064 3554 3063
3 3063 3554 3553
3 3065 3555 3064
3 3064 3555 3554
3 3067 3555 3065
3 3556 3069 3070
3 3031 3537 3070
3 3537 3556 3070
3 3537 3557 3556
3 3558 3537 3538
3 3557 3537 3558
3 3559 3538 3539
3 3558 3538 3559
3 3560 3539 3540
3 3559 3539 3560
3 3561 3540 3541
3 3560 3540 3561
3 3071 3562 3036
3 3562 3541 3036
3 3562 3561 3541
3 3072 3562 3071
3 3563 3074 3542
3 3542 3074 3037
3 3542 3543 3564
3 3565 3542 3564
3 3563 3542 3565
3 3565 3564 3545
3 3546 3565 3545
3 3566 3565 3546
3 3077 3566 3076
3 3566 3547 3076
3 3566 3546 3547
3 3076 3547 3040
3 3548 3081 3052
3 3567 3083 3084
3 3568 3567 3084
3 3568 3084 3054
3 3569 3568 3054
3 3549 3569 3054
3 3571 3570 3569
3 3549 3571 3569
3 3550 3571 3549
3 3572 3550 3551
3 3571 3550 3572
3 3085 3573 3059
3 3573 3551 3059
3 3573 3572 3551
3 3086 3574 3085
3 3085 3574 3573
3 3087 3575 3086
3 3086 3575 3574
3 3088 3576 3087
3 3087 3576 3575
3 3089 3577 3088
3 3088 3577 3576
3 3090 3578 3089
3 3089 3578 3577
3 3579 3578 3090
3 3579 3090 3061
3 3580 3579 3061
3 3552 3580 3061
3 3580 3552 3553
3 3580 3553 3581
3 3581 3553 3554
3 3581 3554 3582
3 3584 3583 3582
3 3554 3584 3582
3 3555 3584 3554
3 3091 3585 3067
3 3585 3555 3067
3 3585 3584 3555
3 3092 3586 3091
3 3091 3586 3585
3 3069 3556 3092
3 3556 3586 3092
3 3556 3587 3586
3 3588 3556 3557
3 3587 3556 3588
3 3589 3557 3558
3 3588 3557 3589
3 3590 3558 3559
3 3589 3558 3590
3 3591 3559 3560
3 3590 3559 3591
3 3592 3560 3561
3 3591 3560 3592
3 3593 3561 3562
3 3592 3561 3593
3 3093 3594 3072
3 3594 3562 3072
3 3594 3593 3562
3 3095 3594 3093
3 3595 3097 3098
3 3099 3596 3098
3 3098 3596 3595
3 3074 3563 3099
3 3563 3596 3099
3 3563 3597 3596
3 3598 3563 3565
3 3597 3563 3598
3 3102 3598 3101
3 3598 3566 3101
3 3598 3565 3566
3 3101 3566 3077
3 3567 3106 3083
3 3600 3599 3108
3 3600 3108 3106
3 3568 3600 3106
3 3567 3568 3106
3 3599 3600 3570
3 3571 3599 3570
3 3601 3599 3571
3 3602 3571 3572
3 3601 3571 3602
3 3603 3572 3573
3 3602 3572 3603
3 3604 3573 3574
3 3603 3573 3604
3 3605 3574 3575
3 3604 3574 3605
3 3606 3575 3576
3 3605 3575 3606
3 3607 3576 3577
3 3606 3576 3607
3 3608 3577 3578
3 3607 3577 3608
3 3578 3579 3609
3 3610 3578 3609
3 3608 3578 3610
3 3611 3610 3609
3 3612 3583 3584
3 3614 3613 3612
3 3584 3614 3612
3 3585 3614 3584
3 3615 3585 3586
3 3614 3585 3615
3 3616 3586 3587
3 3615 3586 3616
3 3617 3587 3588
3 3616 3587 3617
3 3618 3588 3589
3 3617 3588 3618
3 3619 3589 3590
3 3618 3589 3619
3 3620 3590 3591
3 3619 3590 3620
3 3621 3591 3592
3 3620 3591 3621
3 3622 3592 3593
3 3621 3592 3622
3 3623 3593 3594
3 3622 3593 3623
3 3109 3624 3095
3 3624 3594 3095
3 3624 3623 3594
3 3110 3625 3109
3 3109 3625 3624
3 3626 3625 3110
3 3626 3110 3097
3 3627 3626 3097
3 3595 3627 3097
3 3627 3595 3596
3 3627 3596 3628
3 3630 3629 3628
3 3596 3630 3628
3 3597 3630 3596
3 3113 3630 3112
3 3630 3598 3112
3 3630 3597 3598
3 3112 3598 3102
3 3599 3115 3108
3 3115 3599 3117
3 3117 3599 3601
3 3117 3601 3119
3 3119 3601 3602
3 3119 3602 3121
3 3121 3602 3603
3 3121 3603 3123
3 3123 3603 3604
3 3123 3604 3125
3 3125 3604 3605
3 3125 3605 3126
3 3605 3631 3126
3 3605 3606 3631
3 3607 3633 3632
3 3631 3607 3632
3 3606 3607 3631
3 3635 3634 3633
3 3607 3635 3633
3 3608 3635 3607
3 3636 3608 3610
3 3635 3608 3636
3 3610 3611 3637
3 3610 3637 3636
3 3638 3613 3614
3 3640 3639 3638
3 3614 3640 3638
3 3615 3640 3614
3 3641 3615 3616
3 3640 3615 3641
3 3642 3616 3617
3 3641 3616 3642
3 3618 3644 3643
3 3642 3618 3643
3 3617 3618 3642
3 3644 3618 3619
3 3644 3619 3645
3 3647 3646 3645
3 3619 3647 3645
3 3620 3647 3619
3 3648 3620 3621
3 3647 3620 3648
3 3649 3621 3622
3 3648 3621 3649
3 3129 3649 3128
3 3649 3623 3128
3 3649 3622 3623
3 3128 3623 3131
3 3131 3623 3624
3 3131 3624 3132
3 3624 3650 3132
3 3624 3625 3650
3 3625 3626 3651
3 3625 3651 3650
3 3629 3630 3652
3 3629 3652 3653
3 3134 3652 3113
3 3113 3652 3630
3 3654 3136 3137
3 3126 3631 3137
3 3631 3654 3137
3 3631 3655 3654
3 3631 3632 3656
3 3631 3656 3655
3 3634 3635 3657
3 3634 3657 3658
3 3636 3660 3659
3 3657 3636 3659
3 3635 3636 3657
3 3660 3636 3637
3 3661 3639 3640
3 3661 3640 3641
3 3661 3641 3662
3 3662 3641 3642
3 3662 3642 3663
3 3663 3642 3643
3 3664 3646 3647
3 3666 3665 3664
3 3647 3666 3664
3 3648 3666 3647
3 3667 3648 3649
3 3666 3648 3667
3 3139 3667 3129
3 3129 3667 3649
3 3668 3141 3650
3 3650 3141 3132
3 3650 3651 3669
3 3650 3669 3668
3 3653 3652 3670
3 3653 3670 3671
3 3143 3670 3134
3 3134 3670 3652
3 3672 3145 3654
3 3654 3145 3136
3 3673 3654 3655
3 3672 3654 3673
3 3655 3656 3674
3 3655 3674 3673
3 3658 3657 3675
3 3658 3675 3676
3 3657 3659 3677
3 3657 3677 3675
3 3665 3666 3678
3 3665 3678 3679
3 3680 3666 3667
3 3678 3666 3680
3 3146 3681 3139
3 3681 3667 3139
3 3681 3680 3667
3 3147 3682 3146
3 3146 3682 3681
3 3141 3668 3147
3 3668 3682 3147
3 3668 3683 3682
3 3668 3669 3684
3 3668 3684 3683
3 3671 3670 3685
3 3671 3685 3686
3 3148 3685 3143
3 3143 3685 3670
3 3687 3150 3672
3 3672 3150 3145
3 3688 3672 3673
3 3687 3672 3688
3 3673 3674 3689
3 3673 3689 3688
3 3676 3675 3690
3 3676 3690 3691
3 3675 3677 3692
3 3693 3675 3692
3 3690 3675 3693
3 3694 3693 3692
3 3679 3678 3695
3 3679 3695 3696
3 3697 3678 3680
3 3695 3678 3697
3 3698 3680 3681
3 3697 3680 3698
3 3699 3681 3682
3 3698 3681 3699
3 3700 3682 3683
3 3699 3682 3700
3 3683 3684 3701
3 3702 3683 3701
3 3700 3683 3702
3 3704 3703 3702
3 3704 3702 3701
3 3703 3704 3686
3 3703 3686 3685
3 3153 3703 3685
3 3152 3153 3685
3 3152 3685 3148
3 3687 3155 3150
3 3155 3687 3157
3 3687 3705 3157
3 3687 3688 3705
3 3688 3689 3706
3 3688 3706 3705
3 3691 3690 3707
3 3691 3707 3708
3 3709 3690 3693
3 3707 3690 3709
3 3693 3694 3710
3 3711 3693 3710
3 3709 3693 3711
3 3713 3712 3711
3 3713 3711 3710
3 3714 3712 3713
3 3715 3696 3695
3 3717 3716 3715
3 3695 3717 3715
3 3697 3717 3695
3 3698 3719 3718
3 3717 3698 3718
3 3697 3698 3717
3 3721 3720 3719
3 3698 3721 3719
3 3699 3721 3698
3 3722 3699 3700
3 3721 3699 3722
3 3723 3700 3702
3 3722 3700 3723
3 3724 3702 3703
3 3723 3702 3724
3 3159 3724 3153
3 3153 3724 3703
3 3705 3161 3157
3 3726 3725 3163
3 3726 3163 3161
3 3706 3726 3161
3 3705 3706 3161
3 3708 3707 3727
3 3726 3728 3725
3 3727 3707 3709
3 3727 3709 3729
3 3729 3709 3711
3 3729 3711 3730
3 3730 3711 3712
3 3730 3712 3731
3 3731 3712 3714
3 3732 3716 3717
3 3732 3717 3718
3 3720 3721 3733
3 3720 3733 3734
3 3735 3721 3722
3 3733 3721 3735
3 3736 3722 3723
3 3735 3722 3736
3 3737 3723 3724
3 3736 3723 3737
3 3165 3737 3159
3 3159 3737 3724
3 3738 3167 3725
3 3725 3167 3163
3 3725 3728 3739
3 3725 3739 3738
3 3742 3741 3740
3 3744 3743 3740
3 3744 3740 3741
3 3745 3743 3744
3 3748 3747 3746
3 3746 3747 3734
3 3733 3746 3734
3 3749 3746 3733
3 3750 3733 3735
3 3749 3733 3750
3 3751 3735 3736
3 3750 3735 3751
3 3170 3751 3169
3 3751 3737 3169
3 3751 3736 3737
3 3169 3737 3165
3 3752 3172 3738
3 3738 3172 3167
3 3738 3739 3753
3 3738 3753 3752
3 3756 3755 3754
3 3758 3757 3754
3 3758 3754 3755
3 3759 3757 3758
3 3742 3740 3760
3 3742 3760 3761
3 3762 3740 3743
3 3760 3740 3762
3 3743 3745 3763
3 3743 3763 3762
3 3748 3746 3764
3 3748 3764 3765
3 3766 3746 3749
3 3764 3746 3766
3 3767 3749 3750
3 3766 3749 3767
3 3175 3767 3174
3 3767 3751 3174
3 3767 3750 3751
3 3174 3751 3170
3 3752 3176 3172
3 3769 3768 3177
3 3769 3177 3176
3 3753 3769 3176
3 3752 3753 3176
3 3768 3769 3756
3 3754 3768 3756
3 3770 3768 3754
3 3771 3754 3757
3 3770 3754 3771
3 3757 3759 3772
3 3773 3757 3772
3 3771 3757 3773
3 3775 3774 3773
3 3775 3773 3772
3 3777 3776 3774
3 3777 3774 3775
3 3776 3777 3761
3 3760 3776 3761
3 3778 3776 3760
3 3779 3760 3762
3 3778 3760 3779
3 3762 3763 3780
3 3781 3762 3780
3 3779 3762 3781
3 3782 3781 3780
3 3785 3784 3783
3 3787 3786 3783
3 3787 3783 3784
3 3788 3786 3787
3 3765 3764 3789
3 3765 3789 3790
3 3791 3764 3766
3 3789 3764 3791
3 3792 3766 3767
3 3791 3766 3792
3 3178 3792 3175
3 3175 3792 3767
3 3768 3179 3177
3 3179 3768 3181
3 3181 3768 3770
3 3181 3770 3183
3 3183 3770 3771
3 3183 3771 3184
3 3771 3793 3184
3 3771 3773 3793
3 3794 3773 3774
3 3793 3773 3794
3 3795 3774 3776
3 3794 3774 3795
3 3796 3776 3778
3 3795 3776 3796
3 3797 3778 3779
3 3796 3778 3797
3 3798 3779 3781
3 3797 3779 3798
3 3781 3782 3799
3 3800 3781 3799
3 3798 3781 3800
3 3800 3799 3785
3 3783 3800 3785
3 3801 3800 3783
3 3802 3783 3786
3 3801 3783 3802
3 3786 3788 3803
3 3786 3803 3802
3 3790 3789 3804
3 3790 3804 3805
3 3187 3804 3186
3 3804 3791 3186
3 3804 3789 3791
3 3186 3791 3188
3 3188 3791 3792
3 3188 3792 3178
3 3806 3190 3793
3 3793 3190 3184
3 3807 3793 3794
3 3806 3793 3807
3 3808 3794 3795
3 3807 3794 3808
3 3809 3795 3796
3 3808 3795 3809
3 3810 3796 3797
3 3809 3796 3810
3 3798 3812 3811
3 3810 3798 3811
3 3797 3798 3810
3 3814 3813 3812
3 3798 3814 3812
3 3800 3814 3798
3 3815 3800 3801
3 3814 3800 3815
3 3802 3817 3816
3 3815 3802 3816
3 3801 3802 3815
3 3817 3802 3803
3 3805 3804 3818
3 3805 3818 3819
3 3191 3818 3187
3 3187 3818 3804
3 3820 3192 3806
3 3806 3192 3190
3 3821 3806 3807
3 3820 3806 3821
3 3822 3807 3808
3 3821 3807 3822
3 3823 3808 3809
3 3822 3808 3823
3 3824 3809 3810
3 3823 3809 3824
3 3810 3811 3825
3 3826 3810 3825
3 3824 3810 3826
3 3826 3825 3813
3 3814 3826 3813
3 3827 3826 3814
3 3815 3829 3828
3 3827 3815 3828
3 3814 3815 3827
3 3829 3815 3816
3 3832 3831 3830
3 3830 3831 3819
3 3830 3819 3818
3 3195 3830 3818
3 3194 3195 3818
3 3194 3818 3191
3 3833 3196 3197
3 3834 3833 3197
3 3834 3197 3192
3 3835 3834 3192
3 3820 3835 3192
3 3835 3820 3821
3 3835 3821 3836
3 3838 3837 3836
3 3821 3838 3836
3 3822 3838 3821
3 3839 3822 3823
3 3838 3822 3839
3 3840 3823 3824
3 3839 3823 3840
3 3841 3824 3826
3 3840 3824 3841
3 3842 3826 3827
3 3841 3826 3842
3 3827 3828 3843
3 3827 3843 3842
3 3832 3830 3844
3 3832 3844 3845
3 3198 3844 3195
3 3195 3844 3830
3 3847 3846 3833
3 3846 3196 3833
3 3846 3199 3196
3 3847 3833 3834
3 3837 3838 3848
3 3837 3848 3849
3 3850 3838 3839
3 3848 3838 3850
3 3851 3839 3840
3 3850 3839 3851
3 3852 3840 3841
3 3851 3840 3852
3 3842 3854 3853
3 3852 3842 3853
3 3841 3842 3852
3 3854 3842 3843
3 3845 3844 3855
3 3845 3855 3856
3 3200 3855 3198
3 3198 3855 3844
3 3846 3202 3199
3 3857 3202 3846
3 3849 3848 3858
3 3849 3858 3859
3 3860 3848 3850
3 3858 3848 3860
3 3861 3850 3851
3 3860 3850 3861
3 3862 3851 3852
3 3861 3851 3862
3 3852 3853 3863
3 3864 3852 3863
3 3862 3852 3864
3 3866 3865 3864
3 3866 3864 3863
3 3868 3867 3865
3 3868 3865 3866
3 3870 3869 3867
3 3870 3867 3868
3 3869 3870 3856
3 3869 3856 3855
3 3205 3869 3855
3 3204 3205 3855
3 3204 3855 3200
3 3871 3206 3207
3 3872 3871 3207
3 3202 3872 3207
3 3857 3872 3202
3 3875 3874 3873
3 3873 3874 3859
3 3858 3873 3859
3 3876 3873 3858
3 3877 3858 3860
3 3876 3858 3877
3 3878 3860 3861
3 3877 3860 3878
3 3879 3861 3862
3 3878 3861 3879
3 3864 3881 3880
3 3879 3864 3880
3 3862 3864 3879
3 3883 3882 3881
3 3864 3883 3881
3 3865 3883 3864
3 3210 3883 3209
3 3883 3867 3209
3 3883 3865 3867
3 3209 3867 3212
3 3212 3867 3869
3 3212 3869 3205
3 3884 3213 3214
3 3885 3884 3214
3 3885 3214 3206
3 3886 3885 3206
3 3871 3886 3206
3 3886 3871 3872
3 3889 3888 3887
3 3887 3888 3875
3 3873 3887 3875
3 3890 3887 3873
3 3891 3873 3876
3 3890 3873 3891
3 3892 3876 3877
3 3891 3876 3892
3 3893 3877 3878
3 3892 3877 3893
3 3894 3878 3879
3 3893 3878 3894
3 3879 3880 3895
3 3896 3879 3895
3 3894 3879 3896
3 3896 3895 3882
3 3883 3896 3882
3 3897 3896 3883
3 3215 3897 3210
3 3210 3897 3883
3 3899 3898 3217
3 3217 3898 3216
3 3217 3213 3884
3 3900 3217 3884
3 3899 3217 3900
3 3900 3884 3885
3 3903 3902 3901
3 3901 3902 3889
3 3887 3901 3889
3 3904 3901 3887
3 3905 3887 3890
3 3904 3887 3905
3 3906 3890 3891
3 3905 3890 3906
3 3907 3891 3892
3 3906 3891 3907
3 3908 3892 3893
3 3907 3892 3908
3 3909 3893 3894
3 3908 3893 3909
3 3910 3894 3896
3 3909 3894 3910
3 3220 3910 3219
3 3910 3897 3219
3 3910 3896 3897
3 3219 3897 3215
3 3898 3221 3216
3 3911 3221 3898
3 3903 3901 3912
3 3903 3912 3913
3 3914 3901 3904
3 3912 3901 3914
3 3224 3914 3223
3 3914 3905 3223
3 3914 3904 3905
3 3223 3905 3226
3 3226 3905 3906
3 3226 3906 3228
3 3228 3906 3907
3 3228 3907 3229
3 3907 3915 3229
3 3907 3908 3915
3 3916 3908 3909
3 3915 3908 3916
3 3917 3909 3910
3 3916 3909 3917
3 3230 3917 3220
3 3220 3917 3910
3 3918 3231 3232
3 3919 3918 3232
3 3221 3919 3232
3 3911 3919 3221
3 3913 3912 3920
3 3913 3920 3921
3 3235 3920 3234
3 3920 3914 3234
3 3920 3912 3914
3 3234 3914 3224
3 3922 3239 3915
3 3915 3239 3229
3 3923 3915 3916
3 3922 3915 3923
3 3242 3923 3241
3 3923 3917 3241
3 3923 3916 3917
3 3241 3917 3230
3 3924 3243 3918
3 3918 3243 3231
3 3918 3919 3925
3 3918 3925 3924
3 3921 3920 3926
3 3921 3926 3927
3 3244 3928 3235
3 3928 3920 3235
3 3928 3926 3920
3 3245 3929 3244
3 3244 3929 3928
3 3246 3930 3245
3 3245 3930 3929
3 3247 3931 3246
3 3246 3931 3930
3 3247 3239 3931
3 3239 3922 3931
3 3250 3248 3931
3 3250 3931 3922
3 3250 3922 3251
3 3922 3932 3251
3 3922 3923 3932
3 3253 3932 3242
3 3242 3932 3923
3 3933 3254 3924
3 3924 3254 3243
3 3924 3925 3934
3 3924 3934 3933
3 3937 3936 3935
3 3935 3936 3927
3 3926 3935 3927
3 3938 3935 3926
3 3928 3940 3939
3 3938 3928 3939
3 3926 3928 3938
3 3940 3928 3929
3 3940 3929 3941
3 3941 3929 3930
3 3941 3930 3942
3 3944 3943 3942
3 3930 3944 3942
3 3931 3944 3930
3 3255 3945 3248
3 3945 3931 3248
3 3945 3944 3931
3 3255 3251 3945
3 3251 3932 3945
3 3258 3256 3945
3 3258 3945 3932
3 3258 3932 3253
3 3947 3946 3933
3 3946 3254 3933
3 3946 3261 3254
3 3947 3933 3934
3 3950 3949 3948
3 3948 3949 3937
3 3935 3948 3937
3 3951 3948 3935
3 3952 3935 3938
3 3951 3935 3952
3 3938 3939 3953
3 3938 3953 3952
3 3954 3943 3944
3 3956 3955 3954
3 3944 3956 3954
3 3945 3956 3944
3 3263 3956 3256
3 3256 3956 3945
3 3957 3266 3267
3 3958 3957 3267
3 3261 3958 3267
3 3946 3958 3261
3 3950 3948 3959
3 3950 3959 3960
3 3961 3948 3951
3 3959 3948 3961
3 3962 3951 3952
3 3961 3951 3962
3 3952 3953 3963
3 3952 3963 3962
3 3955 3956 3964
3 3955 3964 3965
3 3269 3964 3263
3 3263 3964 3956
3 3966 3271 3957
3 3957 3271 3266
3 3957 3958 3967
3 3957 3967 3966
3 3970 3969 3968
3 3968 3969 3960
3 3959 3968 3960
3 3971 3968 3959
3 3972 3959 3961
3 3971 3959 3972
3 3962 3974 3973
3 3972 3962 3973
3 3961 3962 3972
3 3974 3962 3963
3 3965 3964 3975
3 3965 3975 3976
3 3273 3975 3269
3 3269 3975 3964
3 3977 3275 3966
3 3966 3275 3271
3 3966 3967 3978
3 3966 3978 3977
3 3970 3968 3979
3 3970 3979 3980
3 3278 3979 3277
3 3979 3971 3277
3 3979 3968 3971
3 3277 3971 3279
3 3971 3981 3279
3 3971 3972 3981
3 3972 3973 3982
3 3983 3972 3982
3 3981 3972 3983
3 3985 3984 3983
3 3985 3983 3982
3 3986 3984 3985
3 3976 3975 3987
3 3976 3987 3988
3 3281 3987 3273
3 3273 3987 3975
3 3990 3989 3977
3 3989 3275 3977
3 3989 3283 3275
3 3993 3992 3991
3 3978 3990 3977
3 3992 3993 3980
3 3979 3992 3980
3 3994 3992 3979
3 3284 3995 3278
3 3995 3979 3278
3 3995 3994 3979
3 3279 3981 3284
3 3981 3995 3284
3 3981 3996 3995
3 3997 3981 3983
3 3996 3981 3997
3 3998 3983 3984
3 3997 3983 3998
3 3984 3986 3999
3 4000 3984 3999
3 3998 3984 4000
3 4001 4000 3999
3 3988 3987 4002
3 3988 4002 4003
3 3285 4004 3281
3 4004 3987 3281
3 4004 4002 3987
3 3286 4004 3285
3 4006 3289 4005
3 3289 3989 4005
3 3289 3283 3989
3 4006 4005 3991
3 3992 4006 3991
3 4007 4006 3992
3 3292 4007 3291
3 4007 3994 3291
3 4007 3992 3994
3 3291 3994 3293
3 3994 4008 3293
3 3994 3995 4008
3 4009 3995 3996
3 4008 3995 4009
3 4010 3996 3997
3 4009 3996 4010
3 4011 3997 3998
3 4010 3997 4011
3 4012 3998 4000
3 4011 3998 4012
3 4000 4001 4013
3 4014 4000 4013
3 4012 4000 4014
3 4015 4014 4013
3 4003 4002 4016
3 4003 4016 4017
3 4018 4002 4004
3 4016 4002 4018
3 3295 4018 3286
3 3286 4018 4004
3 4019 3296 3297
3 3289 4006 3297
3 4006 4019 3297
3 4006 4020 4019
3 4021 4006 4007
3 4020 4006 4021
3 3299 4021 3292
3 3292 4021 4007
3 4022 3300 4008
3 4008 3300 3293
3 4023 4008 4009
3 4022 4008 4023
3 3303 4023 3302
3 4023 4010 3302
3 4023 4009 4010
3 3302 4010 3305
3 3305 4010 4011
3 3305 4011 3307
3 3307 4011 4012
3 3307 4012 3308
3 4012 4024 3308
3 4012 4014 4024
3 4014 4015 4025
3 4014 4025 4024
3 4017 4016 4026
3 4017 4026 4027
3 4028 4016 4018
3 4026 4016 4028
3 3310 4028 3295
3 3295 4028 4018
3 4029 3311 4019
3 4019 3311 3296
3 4030 4019 4020
3 4029 4019 4030
3 3314 4030 3313
3 4030 4021 3313
3 4030 4020 4021
3 3313 4021 3299
3 4031 3316 4022
3 4022 3316 3300
3 4032 4022 4023
3 4031 4022 4032
3 3318 4032 3303
3 3303 4032 4023
3 4033 3321 4024
3 4024 3321 3308
3 4024 4025 4034
3 4024 4034 4033
3 4027 4026 4035
3 4027 4035 4036
3 4037 4026 4028
3 4035 4026 4037
3 3322 4038 3310
3 4038 4028 3310
3 4038 4037 4028
3 3323 4038 3322
3 4039 3324 3325
3 3311 4029 3325
3 4029 4039 3325
3 4029 4040 4039
3 4041 4029 4030
3 4040 4029 4041
3 3327 4041 3314
3 3314 4041 4030
3 4042 3329 4031
3 4031 3329 3316
3 4043 4031 4032
3 4042 4031 4043
3 3331 4043 3318
3 3318 4043 4032
3 4044 3334 4033
3 4033 3334 3321
3 4033 4034 4045
3 4046 4033 4045
3 4044 4033 4046
3 4046 4045 4036
3 4035 4046 4036
3 4047 4046 4035
3 4037 4049 4048
3 4047 4037 4048
3 4035 4037 4047
3 4051 4050 4049
3 4037 4051 4049
3 4038 4051 4037
3 3336 4051 3323
3 3323 4051 4038
3 4052 3337 4039
3 4039 3337 3324
3 4053 4039 4040
3 4052 4039 4053
3 4054 4040 4041
3 4053 4040 4054
3 3339 4054 3327
3 3327 4054 4041
3 4042 3341 3329
3 3341 4042 3344
3 3344 4042 4043
3 3344 4043 3331
3 4055 3348 4044
3 4044 3348 3334
3 4056 4044 4046
3 4055 4044 4056
3 4057 4046 4047
3 4056 4046 4057
3 4047 4048 4058
3 4047 4058 4057
3 4059 4050 4051
3 4061 4059 4060
3 4060 4059 3349
3 4059 4051 3349
3 4051 3336 3349
3 3351 4060 3349
3 4062 3352 3353
3 4063 4062 3353
3 4063 3353 3337
3 4064 4063 3337
3 4052 4064 3337
3 4066 4065 4064
3 4052 4066 4064
3 4053 4066 4052
3 4067 4053 4054
3 4066 4053 4067
3 3355 4067 3339
3 3339 4067 4054
3 4068 3359 3360
3 3361 4069 3360
3 3360 4069 4068
3 3362 4070 3361
3 3361 4070 4069
3 3348 4055 3362
3 4055 4070 3362
3 4055 4071 4070
3 3365 4071 3364
3 4071 4056 3364
3 4071 4055 4056
3 3364 4056 3366
3 4056 4072 3366
3 4056 4057 4072
3 4057 4058 4073
3 4057 4073 4072
3 4061 4060 4074
3 4061 4074 4075
3 3368 4074 3351
3 3351 4074 4060
3 4076 3369 4062
3 4062 3369 3352
3 4062 4063 4077
3 4078 4062 4077
3 4076 4062 4078
3 4078 4077 4065
3 4066 4078 4065
3 4079 4078 4066
3 4080 4066 4067
3 4079 4066 4080
3 3370 4081 3355
3 4081 4067 3355
3 4081 4080 4067
3 3371 4081 3370
3 4082 3375 4068
3 4068 3375 3359
3 4083 4068 4069
3 4082 4068 4083
3 4084 4069 4070
3 4083 4069 4084
3 3378 4084 3377
3 4084 4071 3377
3 4084 4070 4071
3 3377 4071 3365
3 4085 3380 4072
3 4072 3380 3366
3 4072 4073 4086
3 4087 4072 4086
3 4085 4072 4087
3 4088 4087 4086
3 4075 4074 4089
3 4075 4089 4090
3 3381 4091 3368
3 4091 4074 3368
3 4091 4089 4074
3 3383 4091 3381
3 4092 3384 3385
3 4093 4092 3385
3 4093 3385 3369
3 4094 4093 3369
3 4076 4094 3369
3 4096 4095 4094
3 4076 4096 4094
3 4078 4096 4076
3 4097 4078 4079
3 4096 4078 4097
3 4098 4079 4080
3 4097 4079 4098
3 4099 4080 4081
3 4098 4080 4099
3 3387 4099 3371
3 3371 4099 4081
3 4082 3389 3375
3 3389 4082 3391
3 4082 4100 3391
3 4082 4083 4100
3 3394 4100 3393
3 4100 4084 3393
3 4100 4083 4084
3 3393 4084 3378
3 4101 3397 4085
3 4085 3397 3380
3 4102 4085 4087
3 4101 4085 4102
3 4087 4088 4103
3 4104 4087 4103
3 4102 4087 4104
3 4090 4089 4105
3 4103 4106 4104
3 4105 4089 4091
3 4105 4091 4107
3 4107 4091 3383
3 3398 4107 3383
3 4108 4107 3398
3 4110 4108 4109
3 4108 3399 4109
3 4108 3398 3399
3 3401 4109 3399
3 4112 4111 4092
3 4111 3384 4092
3 4111 3402 3384
3 4112 4092 4093
3 4113 4095 4096
3 4115 4114 4113
3 4096 4115 4113
3 4097 4115 4096
3 4116 4097 4098
3 4115 4097 4116
3 4117 4098 4099
3 4116 4098 4117
3 3404 4117 3387
3 3387 4117 4099
3 4100 3408 3391
3 3408 4100 3394
3 4118 3413 4101
3 4101 3413 3397
3 4119 4101 4102
3 4118 4101 4119
3 4120 4102 4104
3 4119 4102 4120
3 4104 4106 4121
3 4104 4121 4120
3 4122 4110 4109
3 4122 4109 3401
3 3414 4122 3401
3 4123 4122 3414
3 4125 4123 4124
3 4123 3415 4124
3 4123 3414 3415
3 3416 4124 3415
3 4126 3417 3418
3 4127 4126 3418
3 3402 4127 3418
3 4111 4127 3402
3 4114 4115 4128
3 4114 4128 4129
3 4130 4115 4116
3 4128 4115 4130
3 4131 4116 4117
3 4130 4116 4131
3 3419 4132 3404
3 4132 4117 3404
3 4132 4131 4117
3 3420 4132 3419
3 4133 3427 3428
3 3413 4118 3428
3 4118 4133 3428
3 4118 4134 4133
3 4135 4118 4119
3 4134 4118 4135
3 4136 4119 4120
3 4135 4119 4136
3 4120 4121 4137
3 4138 4120 4137
3 4136 4120 4138
3 4139 4138 4137
3 4140 4125 4124
3 4124 3416 4140
3 3416 4141 4140
3 3416 3429 4141
3 4143 4142 4126
3 4142 3417 4126
3 4142 3430 3417
3 4143 4126 4127
3 4129 4128 4144
3 4129 4144 4145
3 4146 4128 4130
3 4144 4128 4146
3 4147 4130 4131
3 4146 4130 4147
3 4148 4131 4132
3 4147 4131 4148
3 3431 4149 3420
3 4149 4132 3420
3 4149 4148 4132
3 3432 4150 3431
3 3431 4150 4149
3 3433 4151 3432
3 3432 4151 4150
3 3434 4152 3433
3 3433 4152 4151
3 3435 4153 3434
3 3434 4153 4152
3 3436 4154 3435
3 3435 4154 4153
3 3427 4133 3436
3 4133 4154 3436
3 4133 4155 4154
3 4156 4133 4134
3 4155 4133 4156
3 4157 4134 4135
3 4156 4134 4157
3 4158 4135 4136
3 4157 4135 4158
3 4159 4136 4138
3 4158 4136 4159
3 4138 4139 4160
3 4138 4160 4159
3 3438 4141 3429
3 3438 4161 4141
3 4142 3439 3430
3 4162 3439 4142
3 4145 4144 4163
3 4145 4163 4164
3 4165 4144 4146
3 4163 4144 4165
3 4166 4146 4147
3 4165 4146 4166
3 4167 4147 4148
3 4166 4147 4167
3 4168 4148 4149
3 4167 4148 4168
3 4169 4149 4150
3 4168 4149 4169
3 4170 4150 4151
3 4169 4150 4170
3 4171 4151 4152
3 4170 4151 4171
3 4172 4152 4153
3 4171 4152 4172
3 4173 4153 4154
3 4172 4153 4173
3 4174 4154 4155
3 4173 4154 4174
3 4175 4155 4156
3 4174 4155 4175
3 4157 4177 4176
3 4175 4157 4176
3 4156 4157 4175
3 4179 4178 4177
3 4157 4179 4177
3 4158 4179 4157
3 4180 4158 4159
3 4179 4158 4180
3 4159 4160 4181
3 4159 4181 4180
3 4184 4183 4182
3 4183 4161 4182
3 4161 3441 4182
3 4161 3438 3441
3 4185 3442 3443
3 4186 4185 3443
3 3439 4186 3443
3 4162 4186 3439
3 4164 4163 4187
3 4164 4187 4188
3 4189 4163 4165
3 4187 4163 4189
3 4190 4165 4166
3 4189 4165 4190
3 4191 4166 4167
3 4190 4166 4191
3 4168 4193 4192
3 4191 4168 4192
3 4167 4168 4191
3 4193 4168 4169
3 4193 4169 4194
3 4194 4169 4170
3 4194 4170 4195
3 4195 4170 4171
3 4195 4171 4196
3 4198 4197 4196
3 4171 4198 4196
3 4172 4198 4171
3 4199 4172 4173
3 4198 4172 4199
3 4200 4173 4174
3 4199 4173 4200
3 4201 4174 4175
3 4200 4174 4201
3 4175 4176 4202
3 4175 4202 4201
3 4203 4178 4179
3 4203 4179 4180
3 4203 4180 4204
3 4204 4180 4181
3 4184 4182 4205
3 4184 4205 4206
3 3445 4205 3441
3 3441 4205 4182
3 4185 3446 3442
3 3448 3446 4185
3 4186 3448 4185
3 4207 3448 4186
3 4208 4188 4187
3 4210 4209 4208
3 4187 4210 4208
3 4189 4210 4187
3 4211 4189 4190
3 4210 4189 4211
3 4191 4213 4212
3 4211 4191 4212
3 4190 4191 4211
3 4213 4191 4192
3 4197 4198 4214
3 4197 4214 4215
3 4216 4198 4199
3 4214 4198 4216
3 4217 4199 4200
3 4216 4199 4217
3 4218 4200 4201
3 4217 4200 4218
3 4201 4202 4219
3 4201 4219 4218
3 4206 4205 4220
3 4206 4220 4221
3 3450 4220 3445
3 3445 4220 4205
3 4207 3452 3448
3 4222 3452 4207
3 4209 4210 4223
3 4209 4223 4224
3 4211 4226 4225
3 4223 4211 4225
3 4210 4211 4223
3 4226 4211 4212
3 4215 4214 4227
3 4215 4227 4228
3 4229 4214 4216
3 4227 4214 4229
3 4230 4216 4217
3 4229 4216 4230
3 4231 4217 4218
3 4230 4217 4231
3 4218 4219 4232
3 4218 4232 4231
3 4221 4220 4233
3 4221 4233 4234
3 3454 4233 3450
3 3450 4233 4220
3 4222 3456 3452
3 4235 3456 4222
3 4224 4223 4236
3 4224 4236 4237
3 4223 4225 4238
3 4223 4238 4236
3 4241 4240 4239
3 4239 4240 4228
3 4227 4239 4228
3 4242 4239 4227
3 4243 4227 4229
3 4242 4227 4243
3 4244 4229 4230
3 4243 4229 4244
3 4245 4230 4231
3 4244 4230 4245
3 4231 4232 4246
3 4231 4246 4245
3 4234 4233 4247
3 4234 4247 4248
3 3457 4247 3454
3 3454 4247 4233
3 4249 3458 3459
3 4250 4249 3459
3 3456 4250 3459
3 4235 4250 3456
3 4251 4237 4236
3 4251 4236 4238
3 4254 4253 4252
3 4255 4252 4253
3 4241 4239 4256
3 4241 4256 4257
3 4258 4239 4242
3 4256 4239 4258
3 4259 4242 4243
3 4258 4242 4259
3 4260 4243 4244
3 4259 4243 4260
3 4245 4262 4261
3 4260 4245 4261
3 4244 4245 4260
3 4262 4245 4246
3 4248 4247 3461
3 3462 4248 3461
3 4263 4248 3462
3 3461 4247 3457
3 4265 4264 4249
3 4264 3458 4249
3 4264 3463 3458
3 4265 4249 4250
3 4266 4254 4252
3 4266 4252 4255
3 4257 4256 4267
3 4257 4267 4268
3 4269 4256 4258
3 4267 4256 4269
3 4270 4258 4259
3 4269 4258 4270
3 4271 4259 4260
3 4270 4259 4271
3 4260 4261 4272
3 4260 4272 4271
3 3465 4263 3462
3 3465 4273 4263
3 4264 4274 3463
3 3463 4274 3466
3 3466 4275 3467
3 4274 4275 3466
3 3468 3467 4275
3 3468 4275 4276
3 4268 4267 4277
3 4268 4277 4278
3 4279 4267 4269
3 4277 4267 4279
3 4280 4269 4270
3 4279 4269 4280
3 4281 4270 4271
3 4280 4270 4281
3 4271 4272 4282
3 4283 4271 4282
3 4281 4271 4283
3 4284 4283 4282
3 4287 4286 4285
3 4288 4285 3469
3 4285 4273 3469
3 4273 3465 3469
3 4273 4285 4286
3 3470 4288 3469
3 4276 4289 3468
3 3468 4289 3471
3 3471 4290 3472
3 4289 4290 3471
3 3472 4291 3473
3 4290 4291 3472
3 3473 4292 3474
3 4291 4292 3473
3 3474 4293 3475
3 4292 4293 3474
3 3475 4294 3476
3 4293 4294 3475
3 3476 4295 3477
3 4294 4295 3476
3 3477 4296 3478
3 4295 4296 3477
3 3478 4297 3479
3 4296 4297 3478
3 3479 4298 3480
3 4297 4298 3479
3 4277 3481 4278
3 3481 4298 4278
3 3481 3480 4298
3 3481 4277 3482
3 3482 4277 4279
3 3482 4279 3483
3 3483 4279 4280
3 3483 4280 3484
3 3484 4280 4281
3 3484 4281 3485
3 3485 4281 4283
3 4284 4299 4283
3 4299 3485 4283
3 4299 3486 3485
3 4301 4300 3487
3 3486 4301 3487
3 4299 4301 3486
3 4302 4300 4301
3 4287 4285 4303
3 4287 4303 4304
3 4305 4285 4288
3 4303 4285 4305
3 3489 4305 3470
3 3470 4305 4288
3 4300 3490 3487
3 4302 4306 4300
3 4306 3490 4300
3 4306 3491 3490
3 3491 4307 3492
3 4306 4307 3491
3 3492 4308 3493
3 4307 4308 3492
3 3494 3493 4308
3 3494 4308 4309
3 4304 4303 4310
3 4304 4310 4311
3 4312 4303 4305
3 4310 4303 4312
3 3496 4312 3489
3 3489 4312 4305
3 4309 4313 3494
3 3494 4313 3497
3 4310 3498 4311
3 3498 4313 4311
3 3498 3497 4313
3 3498 4310 3500
3 3500 4310 4312
3 3500 4312 3496
3 4314 3502 3503
3 3504 4315 3503
3 3503 4315 4314
3 3505 4316 3504
3 3504 4316 4315
3 3507 4316 3505
3 4317 3511 4314
3 4314 3511 3502
3 4318 4314 4315
3 4317 4314 4318
3 4319 4315 4316
3 4318 4315 4319
3 3513 4319 3507
3 3507 4319 4316
3 4317 3517 3511
3 3517 4317 3519
3 4317 4320 3519
3 4317 4318 4320
3 4321 4318 4319
3 4320 4318 4321
3 3521 4321 3513
3 3513 4321 4319
3 4320 3530 3519
3 3530 4320 3533
3 3533 4320 4321
3 3533 4321 3521
3 4322 3543 3544
3 3545 4322 3544
3 4322 3564 3543
3 3564 4322 3545
3 4323 3568 3569
3 3570 4323 3569
3 4324 3579 3580
3 3581 4325 3580
3 3580 4325 4324
3 3582 4326 3581
3 3581 4326 4325
3 3583 4326 3582
3 4323 3600 3568
3 3600 4323 3570
3 4324 3609 3579
3 3609 4324 3611
3 4324 4327 3611
3 4324 4325 4327
3 4328 4325 4326
3 4327 4325 4328
3 3612 4329 3583
3 4329 4326 3583
3 4329 4328 4326
3 3613 4329 3612
3 4330 3626 3627
3 3628 4331 3627
3 3627 4331 4330
3 3629 4331 3628
3 4332 3632 3633
3 3634 4332 3633
3 4333 3637 4327
3 4327 3637 3611
3 4334 4327 4328
3 4333 4327 4334
3 4335 4328 4329
3 4334 4328 4335
3 3638 4336 3613
3 4336 4329 3613
3 4336 4335 4329
3 3639 4336 3638
3 4337 3643 3644
3 3645 4338 3644
3 3644 4338 4337
3 3646 4338 3645
3 4339 3651 4330
3 4330 3651 3626
3 4340 4330 4331
3 4339 4330 4340
3 3653 4340 3629
3 3629 4340 4331
3 4341 3656 4332
3 4332 3656 3632
3 3658 4341 3634
3 3634 4341 4332
3 4342 3659 3660
3 3637 4333 3660
3 4333 4342 3660
3 4333 4343 4342
3 4344 4333 4334
3 4343 4333 4344
3 4345 4334 4335
3 4344 4334 4345
3 4346 4335 4336
3 4345 4335 4346
3 3661 4347 3639
3 4347 4336 3639
3 4347 4346 4336
3 3662 4348 3661
3 3661 4348 4347
3 3663 4349 3662
3 3662 4349 4348
3 3643 4337 3663
3 4337 4349 3663
3 4337 4350 4349
3 4351 4337 4338
3 4350 4337 4351
3 3664 4352 3646
3 4352 4338 3646
3 4352 4351 4338
3 3665 4352 3664
3 4353 3669 4339
3 4339 3669 3651
3 4354 4339 4340
3 4353 4339 4354
3 3671 4354 3653
3 3653 4354 4340
3 4355 3674 4341
3 4341 3674 3656
3 3676 4355 3658
3 3658 4355 4341
3 4356 3677 4342
3 4342 3677 3659
3 4357 4342 4343
3 4356 4342 4357
3 4358 4343 4344
3 4357 4343 4358
3 4359 4344 4345
3 4358 4344 4359
3 4360 4345 4346
3 4359 4345 4360
3 4361 4346 4347
3 4360 4346 4361
3 4362 4347 4348
3 4361 4347 4362
3 4363 4348 4349
3 4362 4348 4363
3 4364 4349 4350
3 4363 4349 4364
3 4365 4350 4351
3 4364 4350 4365
3 4366 4351 4352
3 4365 4351 4366
3 3679 4366 3665
3 3665 4366 4352
3 4367 3684 4353
3 4353 3684 3669
3 4368 4353 4354
3 4367 4353 4368
3 3686 4368 3671
3 3671 4368 4354
3 4369 3689 4355
3 4355 3689 3674
3 3691 4369 3676
3 3676 4369 4355
3 4356 3692 3677
3 3692 4356 3694
3 4356 4370 3694
3 4356 4357 4370
3 4371 4357 4358
3 4370 4357 4371
3 4372 4358 4359
3 4371 4358 4372
3 4373 4359 4360
3 4372 4359 4373
3 4374 4360 4361
3 4373 4360 4374
3 4375 4361 4362
3 4374 4361 4375
3 4376 4362 4363
3 4375 4362 4376
3 4377 4363 4364
3 4376 4363 4377
3 4378 4364 4365
3 4377 4364 4378
3 4379 4365 4366
3 4378 4365 4379
3 3696 4379 3679
3 3679 4379 4366
3 4367 3701 3684
3 3701 4367 3704
3 3704 4367 4368
3 3704 4368 3686
3 4380 3706 4369
3 4369 3706 3689
3 3708 4380 3691
3 3691 4380 4369
3 4370 3710 3694
3 3710 4370 3713
3 3713 4370 4371
3 3713 4371 3714
3 4371 4381 3714
3 4371 4372 4381
3 4382 4372 4373
3 4381 4372 4382
3 4383 4373 4374
3 4382 4373 4383
3 4384 4374 4375
3 4383 4374 4384
3 4385 4375 4376
3 4384 4375 4385
3 4386 4376 4377
3 4385 4376 4386
3 4387 4377 4378
3 4386 4377 4387
3 4388 4378 4379
3 4387 4378 4388
3 3715 4389 3696
3 4389 4379 3696
3 4389 4388 4379
3 3716 4389 3715
3 4390 3718 3719
3 3720 4390 3719
3 4380 3726 3706
3 3728 3726 4391
3 3726 4380 4391
3 3708 3727 4391
3 3708 4391 4380
3 3729 4392 3727
3 3727 4392 4391
3 3730 4393 3729
3 3729 4393 4392
3 3731 4394 3730
3 3730 4394 4393
3 3714 4381 3731
3 4381 4394 3731
3 4381 4395 4394
3 4396 4381 4382
3 4395 4381 4396
3 4397 4382 4383
3 4396 4382 4397
3 4398 4383 4384
3 4397 4383 4398
3 4399 4384 4385
3 4398 4384 4399
3 4400 4385 4386
3 4399 4385 4400
3 4401 4386 4387
3 4400 4386 4401
3 4402 4387 4388
3 4401 4387 4402
3 4403 4388 4389
3 4402 4388 4403
3 3732 4404 3716
3 4404 4389 3716
3 4404 4403 4389
3 3718 4390 3732
3 4390 4404 3732
3 4390 4405 4404
3 3734 4405 3720
3 3720 4405 4390
3 4406 3739 4391
3 4391 3739 3728
3 4407 4391 4392
3 4406 4391 4407
3 4408 4392 4393
3 4407 4392 4408
3 4409 4393 4394
3 4408 4393 4409
3 4410 4394 4395
3 4409 4394 4410
3 4411 4395 4396
3 4410 4395 4411
3 3742 4411 3741
3 4411 4397 3741
3 4411 4396 4397
3 3741 4397 3744
3 3744 4397 4398
3 3744 4398 3745
3 4398 4412 3745
3 4398 4399 4412
3 4413 4399 4400
3 4412 4399 4413
3 4414 4400 4401
3 4413 4400 4414
3 4415 4401 4402
3 4414 4401 4415
3 4416 4402 4403
3 4415 4402 4416
3 4417 4403 4404
3 4416 4403 4417
3 3748 4417 3747
3 4417 4405 3747
3 4417 4404 4405
3 3747 4405 3734
3 4418 3753 4406
3 4406 3753 3739
3 3756 4418 3755
3 4418 4407 3755
3 4418 4406 4407
3 3755 4407 3758
3 3758 4407 4408
3 3758 4408 3759
3 4408 4419 3759
3 4408 4409 4419
3 4420 4409 4410
3 4419 4409 4420
3 4421 4410 4411
3 4420 4410 4421
3 3761 4421 3742
3 3742 4421 4411
3 4422 3763 4412
3 4412 3763 3745
3 4423 4412 4413
3 4422 4412 4423
3 4424 4413 4414
3 4423 4413 4424
3 4425 4414 4415
3 4424 4414 4425
3 4426 4415 4416
3 4425 4415 4426
3 4427 4416 4417
3 4426 4416 4427
3 3765 4427 3748
3 3748 4427 4417
3 4418 3769 3753
3 3769 4418 3756
3 4419 3772 3759
3 3772 4419 3775
3 3775 4419 4420
3 3775 4420 3777
3 3777 4420 4421
3 3777 4421 3761
3 4422 3780 3763
3 3780 4422 3782
3 4422 4428 3782
3 4422 4423 4428
3 3785 4428 3784
3 4428 4424 3784
3 4428 4423 4424
3 3784 4424 3787
3 3787 4424 4425
3 3787 4425 3788
3 4425 4429 3788
3 4425 4426 4429
3 4430 4426 4427
3 4429 4426 4430
3 3790 4430 3765
3 3765 4430 4427
3 4428 3799 3782
3 3799 4428 3785
3 4431 3803 4429
3 4429 3803 3788
3 4432 4429 4430
3 4431 4429 4432
3 3805 4432 3790
3 3790 4432 4430
3 4433 3811 3812
3 3813 4433 3812
3 4434 3816 3817
3 3803 4431 3817
3 4431 4434 3817
3 4431 4435 4434
3 4436 4431 4432
3 4435 4431 4436
3 3819 4436 3805
3 3805 4436 4432
3 4433 3825 3811
3 3825 4433 3813
3 4437 3828 3829
3 3816 4434 3829
3 4434 4437 3829
3 4434 4438 4437
3 4439 4434 4435
3 4438 4434 4439
3 3832 4439 3831
3 4439 4436 3831
3 4439 4435 4436
3 3831 4436 3819
3 4440 3834 3835
3 3836 4441 3835
3 3835 4441 4440
3 3837 4441 3836
3 4442 3843 4437
3 4437 3843 3828
3 4443 4437 4438
3 4442 4437 4443
3 4444 4438 4439
3 4443 4438 4444
3 3845 4444 3832
3 3832 4444 4439
3 4445 3846 3847
3 3834 4440 3847
3 4440 4445 3847
3 4440 4446 4445
3 4447 4440 4441
3 4446 4440 4447
3 3849 4447 3837
3 3837 4447 4441
3 4448 3853 3854
3 3843 4442 3854
3 4442 4448 3854
3 4442 4449 4448
3 4450 4442 4443
3 4449 4442 4450
3 4451 4443 4444
3 4450 4443 4451
3 3856 4451 3845
3 3845 4451 4444
3 4452 3857 4445
3 4445 3857 3846
3 4453 4445 4446
3 4452 4445 4453
3 4454 4446 4447
3 4453 4446 4454
3 3859 4454 3849
3 3849 4454 4447
3 4448 3863 3853
3 3863 4448 3866
3 3866 4448 4449
3 3866 4449 3868
3 3868 4449 4450
3 3868 4450 3870
3 3870 4450 4451
3 3870 4451 3856
3 4455 3872 4452
3 4452 3872 3857
3 4456 4452 4453
3 4455 4452 4456
3 3875 4456 3874
3 4456 4454 3874
3 4456 4453 4454
3 3874 4454 3859
3 4457 3880 3881
3 3882 4457 3881
3 4458 3885 3886
3 3872 4455 3886
3 4455 4458 3886
3 4455 4459 4458
3 3889 4459 3888
3 4459 4456 3888
3 4459 4455 4456
3 3888 4456 3875
3 4457 3895 3880
3 3895 4457 3882
3 4460 3898 3899
3 3900 4461 3899
3 3899 4461 4460
3 3885 4458 3900
3 4458 4461 3900
3 4458 4462 4461
3 3903 4462 3902
3 4462 4459 3902
3 4462 4458 4459
3 3902 4459 3889
3 4464 4463 4460
3 4463 3898 4460
3 4463 3911 3898
3 4464 4460 4461
3 4464 4461 4465
3 4467 4466 4465
3 4461 4467 4465
3 4462 4467 4461
3 3913 4467 3903
3 3903 4467 4462
3 4463 3919 3911
3 4468 3919 4463
3 4466 4467 4469
3 4466 4469 4470
3 3921 4469 3913
3 3913 4469 4467
3 4472 3925 4471
3 3925 4468 4471
3 3925 3919 4468
3 4474 4473 4472
3 4474 4472 4471
3 4473 4474 4470
3 4469 4473 4470
3 4475 4473 4469
3 3927 4475 3921
3 3921 4475 4469
3 4476 3934 4472
3 4472 3934 3925
3 4477 4472 4473
3 4476 4472 4477
3 3937 4477 3936
3 4477 4475 3936
3 4477 4473 4475
3 3936 4475 3927
3 4478 3939 3940
3 3941 4479 3940
3 3940 4479 4478
3 3942 4480 3941
3 3941 4480 4479
3 3943 4480 3942
3 4481 3946 3947
3 3934 4476 3947
3 4476 4481 3947
3 4476 4482 4481
3 3950 4482 3949
3 4482 4477 3949
3 4482 4476 4477
3 3949 4477 3937
3 4483 3953 4478
3 4478 3953 3939
3 4484 4478 4479
3 4483 4478 4484
3 4485 4479 4480
3 4484 4479 4485
3 3954 4486 3943
3 4486 4480 3943
3 4486 4485 4480
3 3955 4486 3954
3 4487 3958 4481
3 4481 3958 3946
3 4488 4481 4482
3 4487 4481 4488
3 3960 4488 3950
3 3950 4488 4482
3 4489 3963 4483
3 4483 3963 3953
3 4490 4483 4484
3 4489 4483 4490
3 4491 4484 4485
3 4490 4484 4491
3 4492 4485 4486
3 4491 4485 4492
3 3965 4492 3955
3 3955 4492 4486
3 4493 3967 4487
3 4487 3967 3958
3 3970 4493 3969
3 4493 4488 3969
3 4493 4487 4488
3 3969 4488 3960
3 4494 3973 3974
3 3963 4489 3974
3 4489 4494 3974
3 4489 4495 4494
3 4496 4489 4490
3 4495 4489 4496
3 4497 4490 4491
3 4496 4490 4497
3 4498 4491 4492
3 4497 4491 4498
3 3976 4498 3965
3 3965 4498 4492
3 4499 3978 4493
3 4493 3978 3967
3 3980 4499 3970
3 3970 4499 4493
3 4494 3982 3973
3 3982 4494 3985
3 3985 4494 4495
3 3985 4495 3986
3 4495 4500 3986
3 4495 4496 4500
3 4501 4496 4497
3 4500 4496 4501
3 4502 4497 4498
3 4501 4497 4502
3 3988 4502 3976
3 3976 4502 4498
3 4503 3989 3990
3 3990 3978 4503
3 3978 4499 4503
3 3993 3991 4503
3 3993 4503 4499
3 3993 4499 3980
3 4500 3999 3986
3 3999 4500 4001
3 4500 4504 4001
3 4500 4501 4504
3 4505 4501 4502
3 4504 4501 4505
3 4003 4505 3988
3 3988 4505 4502
3 4503 4005 3989
3 4005 4503 3991
3 4504 4013 4001
3 4013 4504 4015
3 4504 4506 4015
3 4504 4505 4506
3 4017 4506 4003
3 4003 4506 4505
3 4507 4025 4506
3 4506 4025 4015
3 4027 4507 4017
3 4017 4507 4506
3 4508 4034 4507
3 4507 4034 4025
3 4036 4508 4027
3 4027 4508 4507
3 4508 4045 4034
3 4045 4508 4036
3 4509 4048 4049
3 4050 4509 4049
3 4510 4058 4509
3 4509 4058 4048
3 4059 4511 4050
3 4511 4509 4050
3 4511 4510 4509
3 4061 4511 4059
3 4512 4063 4064
3 4065 4512 4064
3 4513 4073 4510
3 4510 4073 4058
3 4514 4510 4511
3 4513 4510 4514
3 4075 4514 4061
3 4061 4514 4511
3 4512 4077 4063
3 4077 4512 4065
3 4513 4086 4073
3 4086 4513 4088
3 4513 4515 4088
3 4513 4514 4515
3 4090 4515 4075
3 4075 4515 4514
3 4516 4093 4094
3 4095 4516 4094
3 4515 4103 4088
3 4106 4103 4517
3 4103 4515 4517
3 4090 4105 4517
3 4090 4517 4515
3 4107 4518 4105
3 4105 4518 4517
3 4108 4519 4107
3 4107 4519 4518
3 4110 4519 4108
3 4520 4111 4112
3 4093 4516 4112
3 4516 4520 4112
3 4516 4521 4520
3 4113 4522 4095
3 4522 4516 4095
3 4522 4521 4516
3 4114 4522 4113
3 4523 4121 4517
3 4517 4121 4106
3 4524 4517 4518
3 4523 4517 4524
3 4519 4526 4525
3 4524 4519 4525
3 4518 4519 4524
3 4526 4519 4110
3 4122 4526 4110
3 4527 4526 4122
3 4529 4527 4528
3 4527 4123 4528
3 4527 4122 4123
3 4125 4528 4123
3 4530 4127 4520
3 4520 4127 4111
3 4531 4520 4521
3 4530 4520 4531
3 4532 4521 4522
3 4531 4521 4532
3 4129 4532 4114
3 4114 4532 4522
3 4523 4137 4121
3 4137 4523 4139
3 4523 4533 4139
3 4523 4524 4533
3 4524 4525 4534
3 4524 4534 4533
3 4535 4529 4528
3 4537 4535 4536
3 4536 4535 4140
3 4535 4528 4140
3 4528 4125 4140
3 4141 4536 4140
3 4538 4142 4143
3 4127 4530 4143
3 4530 4538 4143
3 4530 4539 4538
3 4540 4530 4531
3 4539 4530 4540
3 4541 4531 4532
3 4540 4531 4541
3 4145 4541 4129
3 4129 4541 4532
3 4542 4160 4533
3 4533 4160 4139
3 4533 4534 4543
3 4533 4543 4542
3 4537 4536 4544
3 4537 4544 4545
3 4161 4544 4141
3 4141 4544 4536
3 4546 4162 4538
3 4538 4162 4142
3 4547 4538 4539
3 4546 4538 4547
3 4548 4539 4540
3 4547 4539 4548
3 4549 4540 4541
3 4548 4540 4549
3 4164 4549 4145
3 4145 4549 4541
3 4550 4176 4177
3 4178 4550 4177
3 4551 4181 4542
3 4542 4181 4160
3 4542 4543 4552
3 4542 4552 4551
3 4555 4554 4553
3 4553 4554 4545
3 4553 4545 4544
3 4184 4553 4544
3 4183 4184 4544
3 4183 4544 4161
3 4556 4186 4546
3 4546 4186 4162
3 4557 4546 4547
3 4556 4546 4557
3 4558 4547 4548
3 4557 4547 4558
3 4559 4548 4549
3 4558 4548 4559
3 4188 4559 4164
3 4164 4559 4549
3 4560 4192 4193
3 4194 4561 4193
3 4193 4561 4560
3 4195 4562 4194
3 4194 4562 4561
3 4196 4563 4195
3 4195 4563 4562
3 4197 4563 4196
3 4564 4202 4550
3 4550 4202 4176
3 4203 4565 4178
3 4565 4550 4178
3 4565 4564 4550
3 4204 4566 4203
3 4203 4566 4565
3 4181 4551 4204
3 4551 4566 4204
3 4551 4567 4566
3 4551 4552 4568
3 4569 4551 4568
3 4567 4551 4569
3 4570 4569 4568
3 4555 4553 4571
3 4555 4571 4572
3 4206 4571 4184
3 4184 4571 4553
3 4573 4207 4556
3 4556 4207 4186
3 4557 4575 4574
3 4573 4557 4574
3 4556 4557 4573
3 4575 4557 4558
3 4575 4558 4576
3 4578 4577 4576
3 4558 4578 4576
3 4559 4578 4558
3 4208 4579 4188
3 4579 4559 4188
3 4579 4578 4559
3 4209 4579 4208
3 4580 4212 4213
3 4192 4560 4213
3 4560 4580 4213
3 4560 4581 4580
3 4582 4560 4561
3 4581 4560 4582
3 4583 4561 4562
3 4582 4561 4583
3 4584 4562 4563
3 4583 4562 4584
3 4215 4584 4197
3 4197 4584 4563
3 4585 4219 4564
3 4564 4219 4202
3 4586 4564 4565
3 4585 4564 4586
3 4587 4565 4566
3 4586 4565 4587
3 4588 4566 4567
3 4587 4566 4588
3 4589 4567 4569
3 4588 4567 4589
3 4569 4570 4590
3 4569 4590 4589
3 4572 4571 4591
3 4572 4591 4592
3 4221 4591 4206
3 4206 4591 4571
3 4594 4593 4573
3 4593 4207 4573
3 4593 4222 4207
3 4594 4573 4574
3 4577 4578 4595
3 4577 4595 4596
3 4597 4578 4579
3 4595 4578 4597
3 4224 4597 4209
3 4209 4597 4579
3 4598 4225 4226
3 4212 4580 4226
3 4580 4598 4226
3 4580 4599 4598
3 4600 4580 4581
3 4599 4580 4600
3 4601 4581 4582
3 4600 4581 4601
3 4602 4582 4583
3 4601 4582 4602
3 4603 4583 4584
3 4602 4583 4603
3 4228 4603 4215
3 4215 4603 4584
3 4604 4232 4585
3 4585 4232 4219
3 4605 4585 4586
3 4604 4585 4605
3 4606 4586 4587
3 4605 4586 4606
3 4607 4587 4588
3 4606 4587 4607
3 4608 4588 4589
3 4607 4588 4608
3 4589 4590 4609
3 4610 4589 4609
3 4608 4589 4610
3 4610 4609 4592
3 4591 4610 4592
3 4611 4610 4591
3 4234 4611 4221
3 4221 4611 4591
3 4593 4235 4222
3 4612 4235 4593
3 4596 4595 4613
3 4596 4613 4614
3 4615 4595 4597
3 4613 4595 4615
3 4237 4615 4224
3 4224 4615 4597
3 4616 4238 4598
3 4598 4238 4225
3 4617 4598 4599
3 4616 4598 4617
3 4618 4599 4600
3 4617 4599 4618
3 4619 4600 4601
3 4618 4600 4619
3 4620 4601 4602
3 4619 4601 4620
3 4241 4620 4240
3 4620 4603 4240
3 4620 4602 4603
3 4240 4603 4228
3 4621 4246 4604
3 4604 4246 4232
3 4622 4604 4605
3 4621 4604 4622
3 4623 4605 4606
3 4622 4605 4623
3 4624 4606 4607
3 4623 4606 4624
3 4625 4607 4608
3 4624 4607 4625
3 4626 4608 4610
3 4625 4608 4626
3 4627 4610 4611
3 4626 4610 4627
3 4248 4627 4234
3 4234 4627 4611
3 4612 4250 4235
3 4628 4250 4612
3 4614 4613 4629
3 4614 4629 4630
3 4631 4613 4615
3 4629 4613 4631
3 4251 4632 4237
3 4632 4615 4237
3 4632 4631 4615
3 4238 4616 4251
3 4616 4632 4251
3 4616 4633 4632
3 4634 4616 4617
3 4633 4616 4634
3 4254 4634 4253
3 4634 4618 4253
3 4634 4617 4618
3 4253 4618 4255
3 4618 4635 4255
3 4618 4619 4635
3 4636 4619 4620
3 4635 4619 4636
3 4257 4636 4241
3 4241 4636 4620
3 4637 4261 4262
3 4246 4621 4262
3 4621 4637 4262
3 4621 4638 4637
3 4639 4621 4622
3 4638 4621 4639
3 4640 4622 4623
3 4639 4622 4640
3 4641 4623 4624
3 4640 4623 4641
3 4642 4624 4625
3 4641 4624 4642
3 4643 4625 4626
3 4642 4625 4643
3 4644 4626 4627
3 4643 4626 4644
3 4263 4644 4248
3 4248 4644 4627
3 4645 4264 4265
3 4646 4645 4265
3 4250 4646 4265
3 4628 4646 4250
3 4630 4629 4647
3 4630 4647 4648
3 4649 4629 4631
3 4647 4629 4649
3 4650 4631 4632
3 4649 4631 4650
3 4651 4632 4633
3 4650 4632 4651
3 4652 4633 4634
3 4651 4633 4652
3 4266 4653 4254
3 4653 4634 4254
3 4653 4652 4634
3 4255 4635 4266
3 4635 4653 4266
3 4635 4654 4653
3 4655 4635 4636
3 4654 4635 4655
3 4268 4655 4257
3 4257 4655 4636
3 4656 4272 4637
3 4637 4272 4261
3 4657 4637 4638
3 4656 4637 4657
3 4658 4638 4639
3 4657 4638 4658
3 4659 4639 4640
3 4658 4639 4659
3 4660 4640 4641
3 4659 4640 4660
3 4661 4641 4642
3 4660 4641 4661
3 4662 4642 4643
3 4661 4642 4662
3 4663 4643 4644
3 4662 4643 4663
3 4273 4663 4263
3 4263 4663 4644
3 4645 4274 4264
3 4646 4664 4645
3 4664 4274 4645
3 4664 4275 4274
3 4276 4275 4664
3 4276 4664 4665
3 4668 4667 4666
3 4666 4667 4648
3 4647 4666 4648
3 4669 4666 4647
3 4670 4647 4649
3 4669 4647 4670
3 4650 4672 4671
3 4670 4650 4671
3 4649 4650 4670
3 4672 4650 4651
3 4672 4651 4673
3 4673 4651 4652
3 4673 4652 4674
3 4676 4675 4674
3 4652 4676 4674
3 4653 4676 4652
3 4677 4653 4654
3 4676 4653 4677
3 4678 4654 4655
3 4677 4654 4678
3 4278 4678 4268
3 4268 4678 4655
3 4656 4282 4272
3 4282 4656 4284
3 4656 4679 4284
3 4656 4657 4679
3 4680 4657 4658
3 4679 4657 4680
3 4681 4658 4659
3 4680 4658 4681
3 4682 4659 4660
3 4681 4659 4682
3 4683 4660 4661
3 4682 4660 4683
3 4684 4661 4662
3 4683 4661 4684
3 4287 4684 4286
3 4684 4663 4286
3 4684 4662 4663
3 4286 4663 4273
3 4665 4685 4276
3 4276 4685 4289
3 4666 4290 4668
3 4290 4685 4668
3 4290 4289 4685
3 4290 4666 4291
3 4291 4666 4669
3 4291 4669 4292
3 4292 4669 4670
3 4671 4686 4670
3 4686 4292 4670
3 4686 4293 4292
3 4293 4687 4294
3 4686 4687 4293
3 4294 4688 4295
3 4687 4688 4294
3 4676 4296 4675
3 4296 4688 4675
3 4296 4295 4688
3 4296 4676 4297
3 4297 4676 4677
3 4297 4677 4298
3 4298 4677 4678
3 4298 4678 4278
3 4679 4299 4284
3 4299 4679 4301
3 4301 4679 4680
3 4301 4680 4302
3 4680 4689 4302
3 4680 4681 4689
3 4690 4681 4682
3 4689 4681 4690
3 4691 4682 4683
3 4690 4682 4691
3 4692 4683 4684
3 4691 4683 4692
3 4304 4692 4287
3 4287 4692 4684
3 4689 4306 4302
3 4306 4689 4307
3 4307 4689 4690
3 4307 4690 4308
3 4308 4690 4691
3 4308 4691 4309
3 4691 4693 4309
3 4691 4692 4693
3 4311 4693 4304
3 4304 4693 4692
3 4693 4313 4309
3 4313 4693 4311