OFF
5432 10852 0
1.2982554723 23.8837727808 38.7470887230
1.4531586921 24.0120986848 38.3655180981
1.4538467026 23.5460106435 38.4049068677
1.3446830288 23.5026331086 38.9706901881
1.2221452812 24.1416077476 39.3506228707
1.2771357072 23.7122854403 39.5783482768
1.3375511987 24.3497698887 38.8485696265
1.2666642428 24.5233214499 39.2674079845
1.2903265949 24.7185186244 39.6991822165
1.2160915131 24.4327069691 39.8901690160
1.2247605254 24.0961935456 39.8732414010
1.2826383131 24.3784437883 40.2268691852
1.3264559630 24.7666514210 40.1938601682
1.4054693203 31.3359328164 42.3269547813
1.4449929315 31.3939526312 41.9004034245
1.4640229519 30.9071046600 42.1028446845
1.5040530597 30.9895396192 42.5328853671
1.4322709959 31.6983579510 42.2698370242
1.5341510255 31.9120099332 41.9577490599
1.6062889855 31.6438675803 42.7967112989
1.6060089298 32.0714096282 42.3542311872
1.9610206686 17.0751047719 35.3643976567
2.0805817181 16.8333796676 34.5200805594
2.1879260353 16.3675132297 34.9160650938
2.1843044365 16.3100276264 35.7138004628
1.9899496880 16.9764305351 36.3342706443
2.1731861134 16.3845331323 36.4935257810
2.0128038961 17.8780136472 33.6149753384
2.2080790444 18.0650027405 32.8222294428
2.2419218802 17.3279511397 33.0566897514
2.1470626670 17.0407474797 33.7735194392
1.9038847263 17.6571434579 34.5537164323
1.8073252793 17.8602285171 35.3935483056
1.8432186865 17.7527547615 36.1558052020
2.0623238900 16.8379178626 37.0153082140
1.9124802219 17.6665584920 37.2422440417
2.0822989048 16.9819670463 37.8096151566
1.9193854511 17.8348635908 38.4814714099
2.1214295883 17.0810832614 38.8215387010
1.9371304270 17.9022551891 39.5651818537
2.1804788668 17.1969823668 39.8240701185
2.0170361823 17.9387059553 40.5175258696
2.2422018998 17.3649145739 40.6131941848
1.9877218546 18.7264471318 33.4460213078
2.2095590126 18.9781554500 32.7451995086
1.8489422792 18.5554352016 34.2445242244
1.7919952837 18.5008915836 35.0909974074
1.7913519878 18.4150615083 35.8334909895
1.8622400343 18.6744671575 36.7568609849
1.8603218749 18.7773593500 38.0998998820
1.8029814306 18.7556836938 39.3347472865
1.8220068617 18.7479531864 40.4248277915
2.1884040951 17.8416772491 41.1908158271
1.9916667498 18.6594528931 41.4943177771
2.4187875963 17.9786422415 42.0800520635
2.1430501706 18.8280218420 42.4008731349
2.3903482899 18.6000778195 42.8832568269
2.0461874666 19.5272176607 33.3795482088
2.2394139233 19.7531766156 32.8770845710
1.9024558834 19.3751528755 34.0962412378
1.8291305107 19.1774830768 34.8040158318
1.8857205937 19.3289187397 35.7609253276
1.9734607403 19.5059542709 36.6889075373
1.9652760414 19.4062152153 37.4652203043
1.9248846635 19.5877374939 38.2275983588
1.7968724810 19.7770600244 39.1609898108
1.9434758166 20.2749871207 38.5104030184
1.7119178663 19.6990401820 40.3109119550
1.7543296856 19.6718522520 41.3958985215
1.9116490904 19.6611675281 42.5093450941
2.1851844499 19.2442373297 43.0960114524
2.1685027256 20.1498323985 33.3521709858
2.0511199419 20.1222009733 33.9694980632
2.2543903162 20.6828756716 33.7337180068
1.9763870339 20.0032828954 34.8746093599
2.0474063208 20.2164792749 35.7066898380
2.0507169316 20.0207273314 36.3101154883
1.7759697018 20.9169092535 39.3457383542
1.9346535886 21.1292824395 38.5315096794
1.6719285604 20.7355529923 40.2864256905
1.6441346348 20.6811613672 41.3290533999
1.7036234139 20.6767484949 42.4036470476
2.0281779041 19.8892359755 43.3770777741
1.8438228640 20.7069898684 43.5307542907
2.0884776748 20.2616272971 44.0990462153
1.9553654782 21.0397295855 44.5847532410
2.1629393455 20.5829575502 44.8187119879
2.2037048704 20.8147921476 34.5245464947
2.1525792934 20.7206046232 35.3340853739
1.6919499847 22.0327628073 39.2437199866
1.8884243928 21.8578230142 38.3405405626
1.6276661747 21.8098882552 40.2916643688
1.5989608705 21.7176498147 41.3008152737
1.6091132893 21.6927582416 42.3400296677
1.6679302557 21.7050953890 43.3974697657
1.7712810072 21.7799559424 44.4364145365
2.0879665501 21.1302810736 45.2417933421
1.9363340921 21.8516094797 45.4098644434
2.1397539984 21.4937979703 45.7977094883
1.9239727913 22.8064089815 37.5317571813
2.1028256732 23.1069819525 36.8819888042
2.1228717296 22.3998228856 37.0342600620
1.9969968763 22.1270869409 37.6732331902
1.6688308218 22.8025080946 38.4076949614
1.4523882348 23.0941121515 39.4523780436
1.5261772590 22.8652071412 40.2830119032
1.5669967697 22.7693592013 41.2679137009
1.5846825478 22.7221625096 42.2957538308
1.6073025386 22.7005634924 43.3319260492
1.6635772683 22.6984547791 44.3507244648
1.7740834860 22.7020679501 45.3066368527
2.0831223727 22.0624896261 46.1565885015
1.9595955881 22.7708158435 46.2244445939
2.1630682922 22.4714097635 46.6804232459
1.7644384238 23.6725093420 37.7468274591
2.1184155210 24.0276847887 36.8753788478
1.3677285345 23.8056403995 40.2178118722
1.5302151218 23.8132497943 41.1625256402
1.6088869825 23.7779914927 42.2202533584
1.6265837823 23.7022428685 43.2626736394
1.6543669179 23.6588359138 44.2792288350
1.7270242189 23.5936311429 45.2442858031
1.8371331726 23.4530603606 45.9906555166
2.1396439988 23.0514032700 46.9336878971
2.0385965378 23.7067944135 46.7768050158
2.2738901272 23.5071610554 47.3568842752
2.3917401680 24.7530338696 32.0481218460
2.4251350310 24.8775397943 31.9403918806
2.4609740098 24.5996389496 31.9143522886
2.4680585814 24.6120799186 32.1921744427
1.9380351081 24.4880047354 37.5098145928
2.1603938177 24.8304762268 37.0726256978
1.6825854210 24.7274656560 38.3470058249
1.4460160034 24.9149946664 39.2464353007
1.4809462004 24.7172077869 40.8048767672
1.7152008065 24.9853394801 42.0778039942
1.7226434365 24.6891530787 43.1613516614
1.7316240134 24.6015280255 44.1663168582
1.7814011326 24.5238272726 45.1529556376
1.9127026913 24.3597374835 46.1537793636
2.1373422084 24.4930807984 46.9702493405
2.2796059011 24.1204184793 47.3941115907
2.4322196026 24.8899807634 32.2182140347
2.0323955646 25.2268052218 37.7548492350
1.9374619750 25.5528542727 38.4390794659
1.7778296856 25.7016123390 39.2105846595
2.0239856966 26.1120965211 38.8198860671
1.5713330637 25.4908076938 40.2231441752
1.7372171261 25.7138157600 41.3759553220
1.8891918589 25.8766152492 42.1105787456
1.9289437970 25.7803041401 42.5968599801
1.8913664190 25.5491636663 43.1296960070
2.0486661863 26.1743728755 43.1156153667
1.8872129446 25.4659214160 44.0140962926
1.9125319307 25.4001736954 44.9663738432
1.9925511552 25.2802560221 45.8774576007
2.1703473127 25.1760691742 46.7125471659
2.1215222879 27.2187582346 33.4923484552
2.2552334348 27.3363617810 32.8337296752
2.2594040860 26.7467621258 33.0074466867
2.2074748841 26.6821971490 33.5357061622
2.0645787062 27.3817077067 35.1144979329
2.0968059720 27.0555202895 34.4905447419
2.1817637398 26.7825743412 34.8759847439
2.1988133984 26.9172373256 35.4145100283
1.9922566594 26.4678526190 39.3533768084
1.8782818416 26.6726432886 40.1032692419
2.0621454366 27.0434368486 39.6387598240
1.8459559544 26.6356892935 41.0807070137
1.9635973928 26.5557853931 41.9358881345
2.0782121053 26.2351547250 43.8365839878
2.1077455025 26.2098083576 44.7702321419
2.1578891745 26.0750102827 45.6786064212
2.2264509605 25.8421180603 46.3847252148
2.1119610397 27.8579564554 33.4619690338
2.2751568286 28.0127447442 32.9286765157
2.1101773188 27.0151754096 33.9847960153
2.0291220883 27.6958354125 34.3064431074
2.0070994863 28.0207384186 35.1357445528
2.1457435201 27.3582919905 35.7379966049
2.0828270210 27.8943562806 35.7206509727
2.2088115875 27.6787602800 36.1818181312
2.0208738597 27.4913804036 40.1308421475
1.9425844658 27.8572153576 40.9644796368
2.0434327376 28.1259751001 40.2536738706
2.0217832048 27.4773145734 41.8641614064
2.1995812362 28.4112775768 33.4010986142
2.0966915660 28.4494267074 34.0253728135
2.2720122201 28.9162867702 33.7651425582
2.0595039949 28.5375669947 34.8439009075
2.1009074411 28.5318155514 35.6371559682
2.2341644362 28.3404122358 36.3415457839
1.9449200372 28.9609273121 40.6356913314
2.1262178102 29.3813698216 39.8457698320
2.1475059641 28.5819761367 39.8614727545
1.8588789707 29.0504089467 41.5796208714
2.0001960583 28.4200286167 41.9881383071
2.2413134398 29.1589748118 34.5323078545
2.2363107261 29.2168315634 35.4704617780
2.2842284863 29.0216279292 36.2362635016
1.8697282983 30.0170899162 40.5916848036
2.0874958506 30.3305356913 39.8301418285
1.7635440797 29.7651818145 41.3026675981
1.9166078851 29.1724090389 42.2926844934
1.7025509318 30.1264272346 42.3022424590
1.9732565858 29.4542373489 42.9599361433
1.8839004040 30.2129173275 43.3718654426
2.1024424921 29.6109416318 43.7705061746
2.0490591476 30.2628372023 44.0545237135
2.2191910185 29.9293848681 44.4379999464
1.8529930760 31.0066753117 40.5554708670
2.1158711432 31.2837114179 39.7715843762
1.6287146996 30.7060240883 41.4321041373
1.6916245343 30.9074930349 43.0781326728
1.9478265763 30.9379687944 43.8848359703
2.2012542087 30.6627217716 44.5982000406
1.9627876671 31.9289588562 40.4632507122
2.2262040840 32.1956982828 39.7697042612
1.6990593019 31.7407526313 41.3220754316
1.8127615438 31.4613873006 43.4600051351
2.0408803371 31.6232613095 43.9641959048
2.1887513690 31.3653949986 44.4563466333
2.1488466498 32.6012814096 40.3698280357
2.3930662821 32.9009889726 39.9515491896
2.0368285615 32.5824387785 41.0560777497
1.8937810852 32.4831881549 41.9581641147
1.9345918761 32.3877785409 42.7908350867
1.9959514818 32.0429724381 43.4994348611
2.4093291695 33.1852601638 40.6457700412
2.4659477185 33.2886510101 41.6385594776
2.3980994634 33.0510180575 42.6387392641
2.9032200908 14.9776471484 33.2898128188
3.1134191778 14.8738528215 32.4600739836
3.2140863700 14.3722457912 32.8820256148
3.1617368563 14.1812066350 33.7139433467
2.8351982650 14.8004978477 34.3464905477
3.1310756384 14.0528047649 34.7302788214
2.7944996270 14.7844523984 35.4217307877
3.1241379477 14.0183797201 35.7799655301
2.8127621269 14.7762617273 36.5071174969
3.1447987880 14.0415014254 36.8165182066
2.8679501817 14.7918512813 37.5259206592
3.1869757259 14.1331618235 37.8094820505
2.9479445284 14.8438748932 38.4487472362
3.2146130312 14.3125521981 38.5938107138
2.8579986209 15.7243051210 32.3891474624
3.1279780464 15.7297279238 31.5362349866
3.1990749870 15.1460651265 31.8491158391
2.6258001966 15.7351088729 33.3235347738
2.6247011943 15.4268007373 33.9844600005
2.4762606092 15.6110946406 34.9488382421
2.4547079748 15.6418294808 36.2207456072
2.5547836202 15.5360033985 37.2999992037
2.6412453929 15.5534712617 38.3078185958
3.0817332874 14.8069841887 39.1124989196
2.7954480843 15.5750508267 39.3668331632
3.1486602711 15.0789890965 39.8732841057
2.9196199069 15.8546403696 40.4173010573
3.2249583191 15.4025923144 40.6466484885
2.9071904872 16.5431709850 31.6147421643
3.2209177711 16.9929780250 30.7476197616
3.2643263811 16.1248918809 30.9853079945
2.6681981938 16.4880191008 32.2764564596
2.4679744278 16.5131623471 32.9903159516
2.3546819234 16.1874445248 34.0529631866
2.2664286746 16.2656583902 37.1599192599
2.3364281974 16.2884066205 38.0912762759
2.4173226046 16.3720095620 39.1199556750
2.5275167985 16.5972085847 40.2662164935
3.0981435188 15.9372516872 41.0812047714
2.8202024377 16.5711531578 41.2132449354
3.1329800533 16.2849848671 41.6282882195
2.8318752521 17.6211185499 31.3939837467
3.1597439772 18.0319517228 30.6282738161
2.5211612194 17.2512798498 32.2724049159
2.4602214311 17.2674847926 41.2140728810
2.9790470743 16.7940217694 41.9260553643
2.7059548394 17.2035965714 41.8058693025
2.9091662393 17.3219666898 42.4623979709
2.8125897778 18.6922841185 31.3081982820
3.1357558059 19.0263054219 30.5948102754
2.4895435086 18.3362952382 32.0669288319
2.7669471286 18.0424800591 43.1146749229
2.5593977380 18.9029182109 43.7699427029
3.1283377590 18.1040655633 44.1414268723
2.9189418283 18.9535251965 44.8881396995
3.6220592595 18.1205472105 45.3679670335
3.2277071154 19.0374118854 45.8841878010
3.6554820825 18.5532794803 46.1690844824
2.8631392344 19.7422669098 31.2667799070
3.1635545276 19.9920729778 30.5675030925
2.5117211014 19.5221141056 32.1352072828
2.1026148369 20.1549908940 37.1027110659
2.0335494678 19.9552308328 37.8483489457
2.2389040563 19.6129074000 43.7688841783
2.4201221247 19.8236503820 44.6360843946
2.7556320182 19.8386833806 45.6869770660
3.5767684823 19.0323225194 46.6680701510
3.1383228914 19.8390775065 46.7065946368
3.5039666359 19.5094786577 47.1363448857
2.9562249193 20.6779899767 31.1693697195
3.1701559663 20.7761928806 30.6095261745
2.7103396577 20.6529433375 31.9727712115
2.4308246256 20.5943240937 32.9499769762
2.2008313615 20.8609764900 36.2630216444
2.1831499166 20.9040173328 37.1980950052
2.0884292468 20.5893184960 37.8505989718
2.3513000433 20.7473514615 45.6015598824
2.6913481968 20.7642971697 46.5746811407
3.4655110621 19.9907026386 47.6036809890
3.0560801043 20.8114699748 47.5664400493
3.3984044955 20.5958004148 48.1547842124
3.0498753797 21.2990699245 30.9767683417
2.8761012756 21.6925405739 31.6486516633
3.0401090371 21.9128440249 31.0016008516
2.7292189293 21.7672744427 32.7602276564
2.5313126447 21.6341541472 33.9898345061
2.3439277718 21.5361211847 35.3511745856
2.2991197260 21.6067856340 36.1777334029
2.2070064418 21.6512868113 36.9109338549
2.0866923813 21.3509296249 37.7735995548
2.3420735760 21.7089170260 46.5280155048
2.6957313899 21.7216729503 47.4165902081
3.2379399259 21.1269206856 48.3309342843
3.0152849194 21.7099330168 48.2151749628
3.2868914277 21.6107637244 48.8054797853
2.9180009100 22.8113704673 31.2925199355
3.1242434817 23.1227338682 30.4336172713
3.1480391575 22.3255761091 30.6067480295
2.8261975695 22.8206155943 32.3458474313
2.8775510883 22.6304347014 32.9879083266
2.8391305793 22.4226356889 33.5178273008
2.7872464765 22.5786503520 34.1653770290
2.5779264082 22.6609412503 35.0505145650
2.8401536293 23.2879374721 34.4433134502
2.3134735941 22.3438720706 36.1993819877
2.4158321794 22.7153066147 47.3469333981
2.8151570760 22.6328553386 48.1749705417
3.1726829226 22.3784668115 48.9211627283
2.8578248233 23.8904682376 30.9874779162
3.0766992612 23.9259743722 30.2589183293
2.6681278022 23.9988885432 31.9805122411
2.9117191655 23.1556822911 32.9671654872
2.8162684349 23.7466035263 32.8166248831
2.9448313266 23.5479422999 33.3021970261
2.6392059283 23.8511484547 35.2198848236
2.8371948731 24.1218638283 34.4912429675
2.3740562042 23.4382773035 36.0550789429
2.6346966420 23.8482534013 48.0424527581
3.0739204273 23.3967173002 48.9349542964
2.9025858031 24.8018011746 30.5298921954
3.1879564803 25.1781337267 29.6971711412
3.1959035336 24.3524877458 29.8067570875
2.5996081018 24.7430907105 31.5100386454
2.6028371698 24.7762852011 32.8557938865
2.8708446739 24.1303023396 33.4398512501
2.6025028033 24.9769723947 35.0846730554
2.7793464526 24.7094286830 34.2903569735
2.3917131865 24.6766906268 36.2169827256
2.4580984738 24.9269868355 47.5443912724
2.8178422264 24.9254412287 48.3076434340
3.0765852060 24.4653622148 48.9413042341
2.9188290197 25.8915457298 30.4085433278
3.2150003174 26.1734645197 29.6700799134
2.6503205623 25.6730923850 31.2881314241
2.4800374566 25.3629018701 32.1362384083
2.3933322949 25.9971005095 33.1236178457
2.7780318941 24.6858979957 33.7437511694
2.5601377116 25.4080259469 34.0647102569
2.3700991568 26.1881334664 35.1324756816
2.4171340990 25.8994051666 36.1341233436
2.2971437180 25.7678186525 37.1920939341
2.1612386211 26.0499558939 38.1820587016
2.0557980426 26.4165580177 42.6258692850
2.4753298158 25.8938252885 47.0921824001
2.8379837975 25.8691958629 48.0004353577
3.1340952655 25.4827360877 48.8501077619
2.9970301566 26.8237480424 30.3706496464
3.2471974549 26.9888337890 29.8227452088
2.7160951643 26.7174381384 31.2037847419
2.4462441254 26.5067955087 32.2091552647
2.2648051666 26.4435037312 34.1702657781
2.3048475131 26.9560118150 36.0952897944
2.4016852490 26.8867849129 37.0454644507
2.3552103383 26.8648134421 38.0052636061
2.1891750821 26.8409384423 38.9127882628
2.1451423527 27.2523765661 42.6473290851
2.2125441962 26.9964853943 43.5031597879
2.2958310114 27.0334523129 44.5756366935
2.3750893053 26.9117332643 45.5608862003
2.4493529451 26.5541290887 46.4319021321
2.8033321323 26.8127423636 47.3376023413
3.0592333100 26.6981976426 48.1122203444
3.1756903317 26.2976389322 48.6324080015
3.1304411745 27.4772190147 30.3277052451
2.9034432467 27.7123880964 31.0949745381
3.1680377250 28.0696510669 30.6500412228
2.5327777811 27.6830061835 32.1444734462
2.3676808119 27.8200308715 36.8363367812
2.5050117359 28.0430967553 37.8989176544
2.3671890035 27.6423670831 38.6858351237
2.1933099649 27.7705164732 39.5246817826
2.1446010634 28.1304425911 42.6360982401
2.2689376032 28.0229348722 43.4599735147
2.3901044808 27.9741321999 44.4350002087
2.5300760979 27.8697911325 45.4515195402
2.7130717671 27.5925244726 46.5058917279
2.9949283764 27.6740884916 47.3612562424
3.1083614670 27.3078754632 47.8910471926
3.6335205731 29.2566885203 5.9487642431
3.6578849184 29.3640072344 5.7548378124
3.8201560171 29.0722341552 6.0617692988
3.8962151655 29.0023019507 6.3515363357
3.0724912858 28.4923805371 31.2212232026
2.8464178716 28.7106171216 32.0122126802
3.1320601517 29.0915550095 31.6099723324
2.4759024210 28.7462368820 33.0026251596
2.4912844722 28.9743526743 37.2887367146
2.6647625995 28.7369166492 37.9449576368
2.6531651313 28.6808607109 38.2746951445
2.4180918893 28.7168507404 38.9103457795
2.6538045976 29.0011484183 38.3549378524
2.0624836488 28.8022589963 42.6333525129
2.1723195589 28.8344381445 43.3010926710
2.3255730673 29.0488680525 44.3075994935
2.5555640541 28.9431917915 45.3707340208
2.7833867101 28.7216155927 46.3282253471
3.0302406048 28.4684963487 47.1698465755
3.6074257228 29.6156952518 5.6077597242
3.7082389096 29.8896666905 5.3088205415
3.7479631384 29.6685920809 5.4400836297
3.7131961586 29.4213006453 5.9678016077
3.7278429838 29.6896729552 5.6461335685
3.0595147183 29.4969483371 32.1945812514
2.8622336460 29.6813659430 32.9597888039
3.1514757031 30.0719034439 32.5852232084
2.5607424407 29.6865177233 33.9980901918
2.4922633208 29.9592427850 35.1996665114
2.4784789372 29.8979988656 36.4144149257
2.5342618853 30.0612925688 37.4856015164
2.6654020659 29.0572043566 38.0252003446
2.5178910109 29.6257016804 38.3216772537
2.3084124006 29.7274295697 39.1987972078
2.4614797782 30.1252537372 45.2621659449
2.7965768015 29.9228351541 46.3950958844
3.0495014492 29.4430648811 47.1142167521
3.7573333467 30.1656423005 5.3363330248
3.1134531553 30.4237479811 33.1500668806
2.9527757920 30.4757626039 33.8162884510
3.2498478046 30.9601527063 33.5826243233
2.8305509662 30.6673536378 34.8074130560
2.7642320429 30.9618218261 36.0479084978
2.6257220061 30.9193830748 37.2167351692
2.5082556473 30.7820288480 38.1968986202
2.3244772533 30.5685788328 39.0530409488
2.4730425267 31.3725357002 45.2620087821
2.7333555242 31.0158903708 46.2405252725
3.0673988045 30.2259004403 47.2262682869
3.0012105972 30.8708164487 47.0863605102
3.2425245797 30.7043444850 47.6752879403
3.2087216493 31.2685012472 34.3953508656
3.1103014415 31.5227578356 35.4140458016
3.0293952030 31.7814704010 36.2398913420
2.8689300730 31.8925379264 37.0670513270
3.1233208296 32.2786609518 36.6447681145
2.6340881296 31.8023457928 38.0966198070
2.3851366270 31.5787845722 38.9975033610
2.4023761778 32.1720497652 44.4412365888
2.6892613427 32.2427454533 45.4213536636
2.8215733982 31.9689155173 46.1837385631
3.0374830963 31.7231716954 47.0202317533
3.3072079351 31.4171576466 47.7458561573
3.0876572475 32.6236576138 37.1727981699
2.9211129771 32.7984602613 37.9663601823
3.2668599275 33.2401293197 37.3933993010
2.5961833267 32.6779548343 39.0752348697
2.3852565280 32.7203691245 43.5164421620
2.7469814631 32.9633855863 44.2341598927
2.8777111214 32.8593852998 45.0726205846
3.0517690188 32.7584453762 46.0134667525
3.2278515776 32.5484547374 46.9117336724
3.4315899588 32.2459925307 47.6911967756
3.1956178287 33.5536488458 38.0272241239
3.4964530771 33.8270508037 37.6032370697
3.0389891382 33.5682847573 38.7698953321
2.8489790058 33.6150329707 39.8923857236
2.8953041298 33.8303946834 40.9938698399
2.9886276935 33.8838346925 41.7691236102
2.9245898778 33.6854257322 42.4659243555
2.9520022110 33.4625506384 43.5101280662
3.1974817775 33.4795850071 44.6145928267
3.3679233646 33.4215975992 45.6236522053
3.6295564971 33.3434597553 46.7063682862
3.7500392884 32.9604934491 47.6408232177
3.4800628624 34.1156656328 38.2775381821
3.4819565722 34.3702356755 39.2674262059
3.4748719785 34.4554115088 40.4872655454
3.4154578613 34.3284248616 41.5329436161
3.8513048665 12.8077162227 33.2162837590
4.0722546542 12.6040088576 32.3617541652
4.1883573505 12.1351063413 32.8141857414
4.1576174708 11.9971042899 33.6636704156
3.8085214159 12.6535057666 34.3620269959
4.1462821915 11.9160537465 34.7192742607
3.8014451468 12.6012938383 35.4257765168
4.1623029879 11.9087521679 35.7751780265
3.8213423464 12.6224756333 36.4742787433
4.2175065448 11.9502931051 36.8312904434
3.8767799930 12.7100268628 37.5252317345
4.2988386601 12.0700895231 37.8741427304
4.0115748534 12.7903023651 38.5110631469
4.3657749583 12.2556994695 38.6812037173
3.9012824079 13.7463537158 31.2316544665
4.1351900415 13.7610355909 30.4865028387
4.2239124966 13.2049259385 30.8178425016
4.1454857425 12.8596105854 31.5688914040
3.8134224539 13.3167779951 32.2252736316
3.4879133238 13.7029317236 33.0060112789
3.4746759811 13.4205232322 34.0235571045
3.4590867400 13.3163068269 35.0783178353
3.4632405810 13.3062772453 36.1245421388
3.4922403792 13.3744649446 37.1751549076
3.5594491587 13.5704800922 38.3343009327
4.2704424039 12.7161194729 39.2310709239
3.9132198917 13.5104150420 39.5050600060
4.6410834348 12.8703704380 40.1931506001
4.2069119040 13.8072498231 40.6805095057
4.7109786597 13.3640959159 41.0036304843
3.9126883895 14.4689706969 30.4979568558
4.1633360057 14.8302278406 29.6836324987
4.2264811631 14.1149572481 29.9677540473
3.6845802642 14.4189971848 31.1544629033
3.4759984746 14.3212936645 31.9652480563
3.3944301902 14.2996528226 39.2958009866
3.5954327022 14.6106075402 40.4137446029
4.6575498124 13.8704419900 41.5756785110
4.0432120223 14.6895809685 41.5535596094
4.5320452597 14.4507886523 42.1538703248
3.8535489326 15.2881347266 30.1432505994
4.0797731177 15.7378538949 29.4681759100
3.5057370832 15.2021174344 31.0129610721
3.4562528480 15.5770449637 41.4482188105
4.2574316829 14.9698730920 42.3630424978
3.8798045886 15.6346321438 42.4511907482
4.2816308904 15.3536989590 42.8946917773
3.6421318512 16.2230476471 30.1958419134
4.0092016296 16.7466534355 29.2978475232
3.3428667150 16.5019866793 42.3903209911
4.1258668502 15.8491013923 43.2191743658
3.8048917557 16.5006350353 43.4062314733
4.2133582764 16.1607367153 43.7798081246
3.6057079514 17.5076951191 29.8906596183
3.9921935897 17.6228441413 29.1227046178
3.2762366810 17.3092475072 43.3318355048
4.1428900926 16.6239551504 44.2460188386
3.7599631521 17.2976053058 44.4178921179
4.5149184461 16.8566902979 45.1883610081
4.0225478251 17.4598117805 45.2105267465
4.3531861200 17.5190508980 45.8500780943
3.8084464346 18.5264250712 29.3230405569
4.1893956675 18.9938141775 28.4926988920
4.1744253743 18.1055886819 28.6470619859
3.4281678915 18.4720826453 30.0482857317
4.2441414009 18.0770236990 46.4825554634
3.8554845564 18.5630023236 46.5702502826
4.1110470931 18.6359751027 47.0640232790
3.8154439733 19.6775162444 29.1935745588
4.1719466110 20.0622395253 28.4295911380
3.4628084536 19.3478123448 29.9246689319
3.8521958066 19.1822029356 47.3465408970
3.6623180275 19.5500893073 47.4761463436
3.9138383733 19.5453671225 47.8992025239
3.8203076237 20.7162289474 29.1095330556
4.1300966380 21.0705637695 28.4007888232
3.4607706673 20.4703424070 29.9220533000
3.7802855361 20.1511254085 48.4074187121
3.5852054264 20.9565254603 48.9087896100
4.0800350877 20.3172085219 49.2660910593
3.8996232870 21.0705691742 49.8138176187
4.2492054764 20.5173701099 50.0074688506
3.7980370386 21.7197049757 29.0364627163
4.0988518316 22.0577023407 28.2830256524
3.5548632311 21.3431559431 29.6660507136
3.2617811932 21.4892328706 30.3891137023
3.5458447882 21.9250831261 49.6136901900
4.1377960412 21.0218067130 50.4681068462
3.9069853066 21.7904098033 50.6285718510
4.2569356380 21.2810140870 51.1776190183
4.0992963166 22.0177475055 51.5259374597
4.3578381892 21.6017089761 51.8625599312
3.7509482646 22.8258043437 28.8902738034
4.0636208138 22.8700399193 28.1474568809
3.4300695165 22.3309331906 29.8179654798
2.9585532976 23.0495416647 33.4112857760
2.9326790487 22.9746367977 33.8740341287
3.4073190289 23.0060889904 49.6806473474
3.6995439505 22.7348628902 50.4714689003
3.9168112445 22.5712913076 51.1937373982
4.2744496657 22.1441190803 52.1199724327
4.1283349160 22.7780538642 51.9191714513
4.3876702067 22.5440254755 52.4874651223
3.8741994385 23.6957454862 28.3559690663
4.1802868229 24.1098735205 27.5779898639
4.2050757174 23.2965341715 27.7052240960
3.6223414076 23.6028050741 28.9694529235
3.3799981321 23.5036616804 29.6024064618
2.9551858008 23.6270656592 33.8574267745
3.3928582724 24.0235747022 49.7033561219
3.6260977698 23.5822245616 50.3480450463
3.9290742613 23.5526769565 51.2457594333
4.2002696289 23.4982611689 52.0423530969
4.3632567327 23.1220182125 52.4698758672
3.8374436461 24.7755680545 28.2439195931
4.1719728722 25.1349424078 27.4990173605
3.5045509482 24.3734885361 29.0648276965
2.8975780438 24.2742764293 33.9836340259
3.4378760449 25.0965096593 49.6596391474
3.7589549800 24.5744326552 50.5671909375
4.0742766866 24.5297969085 51.3858625663
4.2096827394 24.0986939261 51.8636772886
3.8580906305 25.8403411995 28.2174112163
4.1989350202 26.1605383445 27.5401176020
3.5109214794 25.5018519259 28.9518554519
3.4862256704 26.2608794974 49.4451341392
3.7940222282 25.7749167196 50.3695911081
4.1043559635 25.4098017298 51.2060599596
3.9550069155 26.8076460761 28.2492011935
4.2256666259 26.9833941292 27.7217771463
3.5648416486 26.6890331551 29.0688501942
3.3735968647 27.2203889270 48.7179766599
3.6542436175 27.1843453126 49.5683362392
3.8571886609 26.8326426585 50.2434997008
4.1444154989 26.4659656716 51.0429839920
4.3412576097 28.5297998150 6.9578113550
4.5726617584 28.2783397766 6.8248355606
4.7719132060 28.0277402122 7.1483225018
4.8173388066 27.9678146445 7.6436321189
4.1019886415 27.4680691729 28.2150882853
3.8491357456 27.7390628688 28.9524613546
4.1297289502 28.0438381406 28.4925046066
3.4306762795 27.8083738769 29.9044966350
3.2841546177 28.1357188108 48.0235067976
3.5448269659 28.1564615692 48.8025074552
3.6601026392 27.8104752467 49.3200396665
3.9205465698 27.8498213477 50.0621754636
4.1871115424 27.4797474138 50.8742571555
3.9579069048 29.2941760220 5.8721066744
4.4191117341 28.6802655042 6.3728085181
4.0181874969 29.3310588978 6.7193230474
4.4702484398 28.7778227346 7.5437559718
4.0321198874 28.5294463734 29.0329314305
3.7717409098 28.8567866118 29.8689468965
4.1176352085 29.3153259330 29.3493085949
3.3649883962 28.8628259123 30.8436660827
2.7267259869 28.8786690135 38.1638476035
3.3036885382 29.1512607028 47.8148762852
3.5618506843 28.9598441041 48.5707673885
3.8206675306 28.6814922356 49.4280311897
4.0970054285 28.6831961135 50.1905177646
4.2231346884 28.2819315888 50.6848587916
4.0777143157 30.1644947619 5.0104633094
4.1907719725 29.6276808498 5.4713485378
3.7512590589 29.4837682058 5.6764462246
3.8491332592 29.9271992168 5.9132588683
4.0688344769 30.1931567447 6.7230997748
4.3466098240 29.6870543397 7.4254108951
3.9693524741 29.9087764745 30.1592571114
4.2065615209 30.0995634039 29.6771680775
3.6756467524 29.8426599919 30.9087750331
3.3501370596 29.8590386805 31.8221935974
3.3026244115 30.0389402123 47.7691758991
3.5313797852 29.7689072634 48.3305187939
3.8371070357 29.8140416878 49.0827743583
4.1311350849 29.4536112204 49.9207580758
4.0525257749 31.1464404569 4.6632122280
4.4846451286 31.3624006227 3.9385056027
4.6365034886 30.7140276872 4.3507531468
3.8597120862 30.7954791394 5.4345408661
3.9952238403 30.9741692520 6.1020327105
4.1948225461 30.8760214816 6.8125420656
4.3369268901 30.4657220442 7.2802816659
4.1356070159 30.5667099368 30.2337630290
3.9610584653 30.7590578091 30.9427932324
4.2018030170 31.1364088802 30.5848255024
3.6930419242 30.7518471071 31.8166094026
3.4191875112 30.7934845983 32.7733792122
3.6207506427 30.7612381711 48.4201570536
4.0125126261 30.6728979699 49.2023947265
4.1618823904 30.2219672769 49.6619116029
4.1871918339 32.1322539039 3.8128866574
4.4525726440 32.5014048571 3.1264734375
4.7459830404 31.8250277407 3.3761310004
3.9806332059 32.1668349891 4.4988734868
3.9784392851 31.7831832292 5.2981035963
4.1224144003 31.8267682679 6.0446640245
4.2208181397 31.4583020360 6.5795479897
4.1538577377 31.4883220435 31.1352576615
3.9979989963 31.5115081166 31.7572078733
4.2539219241 32.0249094684 31.5865820053
3.8227117794 31.6038724128 32.6472466706
3.6106662109 31.7051928204 33.7368159007
3.5513203683 32.1697970809 34.9865374159
3.3130778625 32.2578911612 35.9842961821
3.7198047563 31.8588980268 48.3656694305
4.0780124212 31.4465599901 49.0613171165
4.1031649201 33.2327045487 3.3516330696
4.5025487003 33.1084314288 2.6087769016
3.9910935334 32.8546847152 4.0916837089
4.0204590255 32.9416261245 4.8462072572
4.1699924039 32.6254999726 5.7290616719
4.1884455778 32.2690195061 32.3757817973
4.0679006529 32.4193342938 33.3658472440
3.9569720765 32.5870724021 34.3424582564
3.9139176520 32.8572282126 35.0903170025
3.7130309132 32.9718777850 35.8603767752
4.1029336609 33.3922854651 35.4034633354
3.3599052132 32.8407699744 36.6619457122
3.8545474314 32.5614504879 48.2438979484
4.1951787265 32.3015762328 48.8776933933
4.2917612382 34.4695795771 1.7811600492
4.4754481232 34.7057957409 1.3210606900
4.7000097768 34.1941482698 1.4338442153
4.6908249351 33.6598728615 1.9267909607
4.1396358435 34.1009276045 2.5804425609
3.9700663814 34.2173982133 3.3778842841
4.0009150012 33.8191260829 4.1436032142
4.1262055647 33.8535470075 4.9236705194
4.2081639417 33.4448574554 5.4460307410
4.0237235971 33.6296623896 35.9861377128
4.2458875319 33.8079970885 35.6431476279
3.7267238082 33.6224142178 36.7549187353
3.3411041200 34.1482509635 42.2368737999
3.4711516698 34.1143333933 43.0384924201
3.6031945970 34.0522506447 44.0800719117
3.7630623608 34.0153007324 45.1325716393
3.9312919190 33.9409138580 46.1220109659
4.1379703698 33.8880676354 46.8774423066
4.2775304655 33.6387449707 47.6184104093
4.3638759221 33.0713773747 48.5155358698
4.2034988581 35.2633524710 1.5771928331
4.5650184642 35.2774304703 1.1301032083
4.0235547314 35.1340199099 2.2544707011
3.9556351478 35.0149229368 3.0474464132
4.0083930965 34.8932910360 3.8624049785
4.1675414550 34.6723533173 4.6850479364
4.3585015002 34.2711466143 36.1706393457
3.9936781646 34.4082127021 37.4554104144
3.9233649839 34.7111576699 38.4547440099
3.9732962311 34.9281598155 39.1074144722
4.3033184512 35.1679103371 38.6801052398
3.9229344978 34.9439039647 39.8118159091
4.0182830442 35.0373783819 40.5398538487
3.9617189232 34.8930949470 41.3087709354
3.9176195508 34.6759017537 42.3822539970
4.0732527988 34.6263641687 43.5501637838
4.2017338744 34.5774386448 44.6127478649
4.4130545463 34.5569291729 45.7045444258
4.4682783471 34.3161715517 46.6338705534
4.2822586586 35.9387217983 1.3688182733
4.6649274425 36.0988787774 1.0208259221
4.0731647072 36.2153409038 2.0383936746
3.9712294005 35.7849546349 2.7433361969
4.0533136447 35.8782328347 3.5241908319
4.2132948449 35.6216610926 4.3715465630
4.3650543454 35.3396956656 39.3187885730
4.3871567867 35.4207285103 40.1094676004
4.2938237794 36.8973582049 1.4434061525
4.7331873662 37.0775723476 0.9745342082
4.1489272410 37.1077815255 1.9749322872
4.1165042610 36.9635428294 2.3932410328
4.0864639706 36.5815936686 2.9037027474
4.2113326344 37.2451184295 2.8151584702
4.1999891785 36.6543152193 3.5715810204
4.2638463405 36.3622106953 4.0667070131
4.3908075517 37.9701268455 1.3336424230
4.7724405930 38.1120269957 0.9484391031
4.2523300717 37.8170160616 1.8538310012
4.2643825331 37.1252104982 3.2929140405
4.4113999473 39.0180641341 1.3380265834
4.7773458466 39.1638285055 0.9646484472
4.3191444178 38.7794099926 1.8386654723
4.3755941255 40.1560354941 1.4182452003
4.7887787228 40.1820089052 0.9686458888
4.3159983640 39.7706495587 1.8680804482
4.4231914984 41.0654348219 1.3168944477
4.8590604138 41.1159791092 0.9583878864
4.2772004770 40.5469927117 1.9373560289
4.2756741940 41.1066925086 1.7990683660
4.3403342186 41.0814582218 2.2565297203
4.5457823946 41.7482558582 1.2669154011
5.0354476742 42.0691105934 1.0298250040
4.3644043976 41.7908323641 1.6811811912
4.4049243986 41.7309442639 2.2191076031
4.6352614158 42.3889005466 1.5299161196
4.5292887990 42.3414307707 2.0111183050
5.0760529312 9.9484751631 32.1861651341
5.2199087126 9.8145414524 31.4150918710
5.3654284837 9.3415519301 31.7989279058
5.3424424673 9.2999330950 32.3994470145
4.9553290992 10.6325928694 31.3357529398
5.1723022711 10.6195163306 30.4485642953
5.2658896678 10.0597836678 30.8079202816
4.7882280232 10.6896890589 32.2876982674
5.1603876375 9.6936445584 32.9146120621
4.8454239045 10.4336751358 33.1839863892
5.1655777201 9.7777165240 33.7244775827
4.8395634412 10.4944929336 34.3560758903
5.2190215078 9.8369432380 34.7463483752
4.8772534903 10.5493872103 35.4076481004
5.2651443379 9.9383909465 35.7734179462
4.9476605327 10.6040231060 36.3639577291
5.2655412920 10.1035468523 36.5745013634
4.9292685982 11.4601178761 30.4156620743
5.1633708223 11.7572459229 29.4364122612
5.2535247228 10.9768384832 29.8346449828
4.6777981385 11.5182857624 31.2843240578
4.6494285225 11.2167426032 31.9314031114
4.4931376370 11.3646850105 32.8330522112
4.4894139673 11.2210053495 33.9773691737
4.5017550785 11.2105161059 35.0645108063
4.5545598267 11.2360794054 36.1153835194
5.0861447643 10.5392235611 37.0665687601
4.7032279428 11.2342636823 37.2340077823
5.1523150792 10.6870980213 37.8837593449
4.7949738464 11.5424592193 38.5038996809
5.4686032336 10.7208077231 39.0392094904
5.1483095989 11.5949410243 39.4842937162
5.5765652422 11.2192875848 39.7766542538
4.8314778345 12.4651472267 29.7952649022
5.0823581356 12.5313186550 29.0591973190
4.5162414947 12.3917992301 30.8308815300
4.3866907547 11.9961587846 31.9482478132
4.6595329116 12.1897892424 39.3391088301
5.6188162588 11.6716942213 40.2324272358
5.0369310713 12.1414097716 39.9788771767
5.3870556034 12.3360041248 40.6324267611
4.8559757937 13.3693583366 29.0141548760
5.0985408795 13.5840641428 28.2078489684
5.1706811923 12.9435805105 28.4974300547
4.4635676469 13.3487281040 30.0162800084
5.3924843885 12.9174316353 41.2721959370
4.9650983933 13.3944679650 41.4187620210
5.3336322107 13.4611719684 41.9249192955
4.8487271886 14.5131389164 28.2346111805
5.1294416170 14.6419535496 27.3300222862
5.1879098925 13.9898603897 27.6250269680
4.4963885425 14.2204841421 29.2845252962
5.1944313127 14.0281725531 42.5372629945
4.7343037111 14.7941536737 42.9465823478
5.4472508589 14.3878990481 43.4517774224
5.1345130368 14.9540540940 43.8371135050
5.5945504488 14.6012569192 44.0495107423
4.9417897394 15.5362878926 27.3877206299
5.2135287413 15.8644044916 26.4402518853
5.2405137086 15.0443178925 26.7379471803
4.6467954226 15.5629784444 28.2081100178
4.4353315460 15.1727229771 28.9091828586
4.5596302586 15.5519826662 43.6424728563
5.6002462218 14.9468870018 44.5114472744
5.1115895113 15.5635126603 44.5493487529
5.6145831102 15.3445222079 44.9833537119
4.9274989603 16.6735308998 26.9893604010
5.2183208820 16.6357052033 26.2014187940
4.6407186513 16.4042945331 27.8886815757
4.3643209823 16.1494172011 28.6953661766
4.5532620620 16.1763164979 44.4137977551
5.6395601166 15.7695122066 45.4068212738
4.9920622599 16.1764956018 45.0813185416
5.3556761349 16.4233736718 45.8093597799
5.1495344301 17.4004533520 26.3537522040
5.4363301770 17.4256089852 25.7856896132
5.4057771658 16.9882709088 25.7904851236
4.8265970013 17.5763114234 27.1207366674
4.6441884804 17.2174776781 27.6511623298
4.3403362682 17.2113781829 28.4503071924
5.2229715544 17.0258996431 46.4047426184
4.7035758043 17.5490865124 46.4406022686
5.0883454284 17.5865410982 47.0369557996
5.4834639705 18.0524408616 25.9213229753
4.9847670919 18.3800907377 26.8351770073
5.3207444714 18.8029372574 26.3310424875
4.5362470821 18.1447716502 27.8223172378
4.8092083871 18.1575764256 47.4864629696
4.4697234083 18.8796389782 47.9819236510
5.4088329385 18.2002634146 48.5674405428
4.9247384233 18.9676768208 48.9936435639
5.4514748720 18.5503901830 49.3317613135
5.0712885064 19.1942577871 26.7881952916
4.6517479418 19.4606011132 27.5343793128
5.0364269111 19.8105656948 26.8746078726
4.3097182056 19.5824444263 48.7071575301
5.2556352063 18.9755294143 49.7269741912
4.7135500895 19.7315311421 49.8491048304
5.5256287006 19.1353407337 50.6276465059
4.9905436015 19.9578191543 50.9809610455
5.4271259660 19.5786628619 51.3757233617
4.8300855382 20.6184408722 27.1184029868
5.2112921902 21.1042057272 26.3999635848
5.2323010884 20.2824644926 26.5367740486
4.4450669682 20.5147319386 27.8394170022
4.4923169805 20.5365408855 50.7008655995
5.1814511907 20.0584601068 51.7048135468
4.7391217045 20.8166103024 51.7717336782
5.2523695040 20.3558218895 52.4118708900
4.9978743708 21.0839930304 52.7666466321
5.3440529414 20.6616256267 53.1031903856
4.7996345541 21.8099383341 26.8905962927
5.1497014563 21.8941356944 26.2498811341
4.4499765094 21.4162259243 27.6789827367
4.6089301558 21.8255563594 52.5303995958
5.2199463730 21.1794496181 53.3918218140
4.9900269430 21.8167758327 53.3028288032
5.3056098759 21.6083613439 53.8508557615
4.9383569219 22.6342285788 26.3888319508
5.3669138864 22.8997407739 25.6560981675
5.2496988919 22.2728578256 25.9685451078
4.6603219135 22.5618419759 26.9315645232
4.3989914978 22.4755259309 27.5140713755
4.7488046920 22.8809809550 53.1165182088
5.2143808175 22.4339090299 53.9664702927
4.9067875263 23.6933744082 26.2132268098
5.3043834027 24.0953122063 25.5056074840
4.5342936794 23.3176776149 26.9989776244
4.5067728047 23.9107195310 52.5545123649
4.9170841352 24.0062562212 53.3422000395
5.1847165541 23.4707164076 53.9903052577
4.8843740603 24.7939987976 26.1161195021
5.2781744785 25.1899757201 25.4445412887
4.5186737295 24.4268670882 26.8332298962
4.4159831514 24.9564404998 52.0456404522
4.8008083700 24.8134643731 52.9009486464
5.0840240477 24.7399612067 53.5337899268
5.2166837721 24.3002699144 53.9491772150
5.6179521212 26.2924174285 9.0049987839
5.6393895138 26.4021926370 8.7911898299
5.8534188912 25.9989885203 9.1758096586
5.9514670937 25.8578851707 9.5316106244
4.8914029064 25.8925327704 26.1223718481
5.2855991131 26.2617905054 25.4446400857
4.5193099914 25.5146912339 26.8098014843
4.4583078509 26.1071256777 51.8388389332
4.7861032474 25.7867027675 52.6309212868
5.0970022671 25.5194169896 53.3964692543
5.3796435007 27.0430839050 8.4319555925
5.5756119113 27.0223005830 8.0476277151
5.7008125173 26.7017529853 8.4056752152
5.7071835864 26.4239108347 9.0871401267
5.6504510441 26.7812229973 8.8124592140
4.9508175624 26.9669673326 26.1603623190
5.3139573358 27.3111403513 25.4961947043
4.5425688664 26.7228463648 26.9784052942
4.4921979487 27.1724838357 51.6682216619
4.8076903517 26.8290634572 52.4649508388
5.1111246616 26.5067544957 53.2492246370
5.0411820952 28.1107244394 6.8138918892
5.4437040624 27.5247267398 7.5045910323
4.9535528674 28.1635844994 8.2413569191
5.4180792314 27.5594164142 8.8346463470
5.0539259627 27.9100147007 26.1870952837
5.3144907418 28.1244436623 25.6701119114
4.7312974572 27.8216508902 26.9394035557
4.3712722053 27.7888941704 27.7915457669
4.5306126672 28.2732126546 51.4127006760
4.8439178176 27.8792612020 52.2874108701
5.1387380862 27.5322603983 53.1162442539
4.8393473966 29.0617452166 5.8198260233
5.4059867781 28.4988727307 6.2850361595
4.7774793767 29.1808462254 8.1384671652
5.2496519828 28.6044694837 8.7913895440
5.1699136592 28.5559097367 26.1613290038
4.9396170159 28.7999884633 26.8778849662
5.1754739016 29.1088202217 26.4273004954
4.5974897401 28.8008577918 27.7887941767
4.2856700775 28.7111754571 28.5430449384
4.4170659019 29.1097045356 50.7633718263
4.6708535587 29.0503799719 51.3951449250
4.9169585454 28.9505168344 52.0224580303
5.1896930396 28.5431209183 52.9094013110
4.9108627746 30.0690641149 4.8035286640
5.3487986156 29.5086171298 5.2701673084
4.7363227144 30.3015666705 7.9886004421
5.2036037884 29.6465718411 8.7133256984
5.0708290069 29.5771949813 26.9472461475
4.8248483794 29.8987261636 27.7942865173
5.1185927739 30.3748034352 27.2027718116
4.4426135513 29.8048092234 28.8344901926
4.4519135633 30.1079910928 50.3191799935
4.8328514176 29.8738937391 51.2660347560
5.1296744282 29.7286481864 52.0521621127
5.2474222966 29.3412865363 52.6167999859
5.0991705041 31.1562071182 3.7494160965
5.4702738388 30.5533294027 4.2137889816
4.5293232014 31.3569637975 7.3703690243
4.9302287717 31.1901235932 8.1661105047
5.2651396598 30.6659747774 8.6909307422
4.9518871523 31.0504486327 28.0458611053
5.2016467180 31.3304866364 27.4026624081
4.6838535824 30.9056855352 28.8626562697
4.3892992464 30.9059774378 29.8252432890
4.3538287630 30.9113875123 49.7434140806
4.7894710676 30.9555842795 50.4964062829
5.0849895042 30.7264437593 51.1981693790
5.1916026576 30.3233440888 51.7342416407
5.0655821441 32.3798935868 2.7262883244
5.5187110069 31.6482164944 3.1913380923
4.3916440595 32.3078271083 6.6378034331
4.6835231849 32.3487231948 7.4283632802
4.9374535324 32.0129152125 8.0381280707
5.3218985224 31.6345791227 8.6566640166
5.0808484823 31.9236696134 28.1437851533
5.2688047749 32.1164082482 27.6518262860
4.8849651278 31.8571230250 28.8709598893
4.6808617753 31.8796223884 29.7872802206
4.4278232737 31.8991800666 30.7891688810
4.5943368459 31.8277981945 49.6933564047
5.0027104019 31.7414928498 50.3686411496
5.1455601723 31.3218564754 50.8860135910
4.9791051621 32.9818153432 2.2163948541
5.2939583793 33.2399302818 1.8491070799
5.6071794536 32.7277207902 2.1910203930
4.4418960804 33.4478536022 6.2556805915
4.6854984624 33.1585498533 7.1486489578
4.9767828850 32.9527872079 7.9157599719
5.3540087053 32.5992766694 8.5830824515
5.2165689980 32.5386110542 28.1666381137
5.0894904833 32.5925097483 28.7697798891
5.2953598972 33.0705104940 28.5485001731
4.9629045693 32.7045683572 29.6184464328
4.8315971845 32.9034489709 30.7193302529
4.5651142400 32.8139671783 31.8410055976
4.4644080673 33.0595227478 33.0092544108
4.3333104944 33.1686405566 34.0382636744
4.1786256504 33.1769284064 34.7780351586
4.6499821987 32.6328570116 49.2954332425
5.0599839661 32.4549833985 49.9972537107
4.9714780734 34.5858225598 1.1164324677
5.3744292562 33.8440868303 1.4185008672
4.3742445954 34.3383879428 5.5758559474
4.6162762762 34.3447154395 6.3932709875
4.7166805806 33.9492310726 6.9200167634
5.0047655856 33.9746049019 7.6900810632
5.3724128233 33.5976294213 8.4671840345
5.2473058253 33.3369986143 29.3037143202
5.1702749511 33.5223770550 30.2341283404
5.1290550263 33.7108599120 31.0047233123
4.9834809726 33.6326401864 31.6802999566
5.2908696352 34.1715455373 31.5020316440
4.8714812948 33.7158461028 32.6533856286
4.7492984772 33.8292478752 33.7352927062
4.5016327001 33.8774992599 34.9556108191
4.5158296171 34.1010477471 47.2484216253
4.7879969101 34.1069935233 47.7620936881
4.8990770774 33.7960742469 48.4598343270
5.0442103813 33.2321261768 49.3500366423
5.1852347560 35.3025078210 0.8938698996
4.4486526174 35.4141770819 5.2216391785
4.6869127881 35.1723236002 6.1305008473
4.9073481983 34.8232493576 7.0553296564
5.1965569341 34.8434609848 7.8309373875
5.3722065489 34.4335307451 8.3099116752
5.2798562051 34.3393491875 32.2819822115
5.2151530119 34.4807295457 33.3191799363
5.0749487435 34.5809471131 34.4094682643
4.9058561046 34.7133731284 35.4170963467
4.8632252278 34.9582150469 36.1630776434
5.2097800934 35.2670954420 35.7962213490
4.6523197864 34.9918169138 36.9535717562
4.4598722991 35.1119931511 37.9373844652
4.4351167254 35.4321866753 40.9308029262
4.5577039439 35.4258138500 41.9224508233
4.5702028265 35.2419681904 43.0474593436
4.6451307813 35.1534072628 44.1110865733
4.7429169814 35.0858040221 45.0742847219
4.9125024288 35.0971437353 45.8135294731
4.9315748984 34.8685367459 46.5212467596
4.9276752705 34.5136864923 47.2891156065
5.3116499432 36.1937963374 0.7782274341
4.5004376444 36.3587029884 4.7458999505
4.8208647307 36.2719585736 5.7368695088
5.0149045261 35.8304226141 6.7202945950
5.2485417887 35.5920827953 7.5539060673
5.1847442088 35.4824473013 36.5387130667
5.0618578720 35.6273943197 37.5228232004
4.8485404958 35.6853516780 38.6269846130
4.8248062656 35.8379334239 39.6166063945
4.8249980121 35.8979361691 40.4422519264
5.1847219291 36.3166576944 40.0391978543
4.8896682395 35.9277248164 41.2373522182
5.0334408362 36.0103092131 41.8849541989
5.0508249988 35.8945444119 42.6341896762
5.1067530937 35.8101393875 43.6600059661
5.1332481170 35.6988450814 44.7103694770
5.1323550137 35.5152242441 45.4943350637
5.3776365653 37.1711178043 0.7293456681
4.2394328251 37.5891299821 2.4088310548
4.4689417771 37.1336493192 4.0031317568
4.8523007900 37.2603641660 4.9640398701
5.0925459419 37.1306170649 5.7729653538
5.2024986906 36.7452022867 6.5018431775
5.3172214202 36.3445970334 7.2197383679
5.2403102991 36.4333798844 40.7887995655
5.2377182520 36.3732644334 41.4894823343
5.4099015337 38.1854470161 0.7158876164
4.3879690996 38.4636862233 2.4882522872
4.4411433644 37.8548616325 3.2000334853
4.8222957438 38.1560002924 4.1620332815
5.0847856162 38.0553529836 4.9053801945
5.1747330697 37.7271741446 5.4446269390
5.4268693267 39.2071214923 0.7169096920
4.4495181771 39.5092124931 2.4934294303
4.7282411864 39.1458093888 3.4262816888
5.0127534123 38.9749945905 4.1764954993
5.1322296425 38.6183982310 4.6454610708
5.5571689554 39.1878451929 50.7761763523
5.6577954236 39.3214027140 50.4194074805
5.6268632999 38.9311710926 50.4250658738
5.6638751650 38.8321654618 50.9016810118
5.6448001665 39.2528841902 51.1057341051
5.9530680677 39.0377593663 51.4710697645
5.4600506756 40.2061523393 0.7184101352
4.4101381430 40.4619052881 2.4168838977
4.6868894261 40.3399138874 3.1351426287
5.0539117582 39.5613598601 4.1052085466
5.0017952667 40.2135636980 3.8854883328
5.2381835599 40.0589156760 4.4339069724
5.6958173944 39.5572442035 50.8621749302
5.8535856863 39.5697695829 51.2871278504
5.5465306261 41.1570002313 0.7324600636
4.6349527243 41.3974711139 2.8613945109
5.0409238800 41.2274215969 3.7474721769
5.3562945770 40.8634640505 4.4830885122
5.7253655366 41.9275818483 0.7532624254
4.7422007607 42.3936453338 2.6025571095
5.1588989832 42.3725501963 3.5036234677
5.6218468100 42.0697158854 4.4979153027
5.0281938117 42.8602681594 1.3509590425
5.6530493007 42.8457556496 0.9714471495
4.9476282915 43.0993632385 2.0073085385
5.1921471694 43.1680955307 2.8918906467
5.6525112094 43.3419216364 3.6504168709
5.5982609600 42.8333190982 4.0774727499
5.3770798294 43.5154672566 1.4588670038
6.0409306747 43.8050103424 1.1612410892
5.3581248870 43.8273242645 1.9119892354
5.3908580903 43.7804476781 2.4468895001
5.6461683415 43.7896829105 3.0624943510
5.7771021175 44.1734557277 1.6760173934
6.1141153071 7.7849463734 31.2480142428
6.2433053851 7.7950168557 30.4935135153
6.3747225528 7.2676501386 30.8654851069
6.3313659228 7.2279584342 31.3987143867
6.2243297089 7.6435479780 38.6236462310
6.2521442813 7.6783816894 37.7690452496
6.4514295025 7.0728000191 38.1767124204
6.5467070121 6.9531000240 38.9910805269
6.3383459968 7.6030874729 39.4436889677
6.7953548599 6.9273173925 39.9862360795
6.5386019080 7.6807834597 40.0976072082
6.8336032786 7.4354761973 40.5152560109
5.9261180166 8.4473700612 30.8271425265
6.1193402104 8.3686452159 30.1136725354
6.1383001816 7.6473902177 31.8637066791
5.7477011897 8.5482099647 32.0170828188
6.1288482466 7.7556038285 32.6315978145
5.8264883612 8.4802160526 33.2822209183
6.1827951969 7.8307130181 33.6213967842
5.9168978020 8.5112006390 34.2490354929
6.2034013962 7.9868025709 34.4122945740
5.9980738485 8.4862845892 38.2796513223
6.0735581885 8.3270582171 37.4244950696
6.1069646447 8.2188923535 39.0627455147
6.3093003389 8.3927961131 39.7877187576
6.8653409226 8.1819751454 40.5656309092
5.9465762528 9.6190781518 29.0948357583
6.1885776788 9.6551096853 28.3013102624
6.2795546373 9.0791678631 28.6958209231
6.1872918545 8.7195077779 29.4251579318
5.8644981923 9.0713891448 30.0647288903
5.5430648813 9.3059346094 30.9775859979
5.4530199448 9.1386695794 33.0700243394
5.5385932134 9.1434203021 34.0433821042
6.0385572306 8.4367167856 34.9271217969
5.6685110944 9.1269780071 35.1298126082
6.0218889994 8.5568627938 35.7006895432
5.6413256772 9.3655139064 36.3831559617
6.0405143940 8.5215527265 36.6534941887
5.7798845651 9.1626815430 37.5177257150
5.7889758517 9.3213116537 38.4027733400
5.9922166003 9.0614985994 39.1334273067
6.2556815749 9.1920477223 39.8160157334
6.5719419489 8.9043374245 40.2278061006
5.9182277118 10.5233163128 28.2150032070
6.1669199647 10.6550741222 27.3258663025
6.2642165754 10.0169709918 27.6976282798
5.7191003327 10.3036154923 29.0480886613
5.5246985968 10.1020442732 29.9052299754
5.4075893410 9.9955711280 37.2696094293
5.5437516410 9.9784489667 38.1715936883
5.7431802139 9.8298210297 38.8833105515
6.0375751202 9.9551385113 39.6179043127
5.9255813966 11.5659116301 27.1953407231
6.1693002527 11.6796296651 26.3228236118
6.2505010874 11.0490427338 26.7105217185
5.6716373323 11.4749446820 28.1194769735
5.5155028273 11.0292292845 29.0041843341
5.9547885717 10.7859302312 39.9113238534
5.8740196374 11.2204613203 40.1415022286
6.4769849208 11.1241136801 40.5727785300
5.9392286364 12.5871603421 26.1883068449
6.1829961994 12.6813867698 25.3100599596
6.2575637113 12.0577093600 25.7042833571
5.7073414092 12.5083183453 27.0843657646
5.6214365800 12.1526535867 27.7062712819
5.3804054681 12.1381984294 28.5017028045
6.1313943315 11.9589370477 40.9431727582
5.8013793974 12.4165437925 41.1325629081
6.4609021871 12.4378019896 41.6410066941
5.9689029346 13.5788178232 25.2215956571
6.2294316480 13.6448162677 24.3333537962
6.2844537193 13.0375959533 24.6782411912
5.7263838629 13.5202556910 26.1115912272
5.6434268964 13.1618188608 26.7375196258
5.4107136123 13.0783991316 27.6392114948
6.2324864581 13.0844188119 42.2876821889
5.8271366781 13.5478431409 42.5958007822
6.4104557265 13.4169395892 42.9771664156
6.0635270632 14.4729934904 24.4105585506
6.3701854861 14.7762608964 23.5558971581
6.3542515884 14.0131239250 23.7668790110
5.7871886225 14.5243027634 25.2177647904
5.6767333969 14.1609347676 25.8052035553
5.4394292812 14.0906191692 26.7226594585
6.0933593740 13.8404679047 43.3316589488
6.1131129999 14.2957871480 44.1311614662
5.8370371812 14.5894527106 44.3561734411
6.1397790416 14.6518739878 44.7025607705
6.1368054943 15.4000783439 24.1359585047
6.4525522917 15.5187484474 23.5304958638
5.8136895004 15.3169349560 24.9416395848
5.5161867522 15.0414741442 25.8929212025
6.0293847925 15.0665680208 45.0888692496
5.9156586887 15.3813254647 45.3144707540
6.5382254711 15.3399674553 45.7027063800
6.3576628515 16.0321976797 23.9557643525
6.0103276921 16.1813907522 24.6407340666
6.5711904656 16.8200791508 24.2211123278
5.5476163831 16.1931574039 25.5598790195
6.2392890443 16.0972277999 46.3121648123
5.7270636719 16.5420005050 46.3796110871
6.1761597064 16.6133002370 46.9361525528
5.8649903704 17.2233139409 25.2065124399
6.6445441403 17.7991131620 24.6927342367
6.0300521327 17.1124148737 47.5441655914
5.5862019571 17.6698925785 47.9140381856
6.3117815268 17.3926334541 48.4497163901
5.8785944873 17.7161490675 48.4766864630
6.2155855043 17.7272312751 49.0213828008
6.1003972981 18.2604817043 25.2801829702
5.7360776883 18.8764639175 25.8053970333
6.3137794839 19.1345799019 25.2861683925
5.9915020917 18.1345595666 49.5198806522
5.7699437843 18.5761628182 50.0107253174
6.5479184349 18.1650264219 50.4702855867
6.0076451815 18.6110877130 50.5444580076
6.3049652749 18.6449829277 51.1564598911
5.8624293236 19.5566673040 25.7521794510
6.1780005287 19.9319019338 25.4369815365
5.4141562305 19.5462929728 26.2992317723
5.9369042253 19.1436801600 51.6294901377
5.6126142226 19.6992036233 52.1038437538
6.2213401823 19.2343392712 52.5888995218
5.7871630447 19.9882880088 53.1019611114
6.5744275318 19.2749378834 53.7094360256
6.0912323259 20.0744054589 54.1018280980
6.4917564033 19.6348838224 54.4628345472
5.6807437307 20.4022932334 25.9115525305
6.2735275467 20.8244544986 25.2186541948
5.5963452078 20.8551679017 53.8579649953
6.2925148961 20.0863658759 54.7752382955
5.9949392918 20.8132544998 54.8372127622
6.3758733261 20.3557968798 55.4172239561
6.1970411010 20.9762313051 55.6078721813
6.4515871800 20.7200205171 56.0565660791
5.6096710700 21.6918365437 25.6841586822
6.1357903694 21.7505070436 25.0744649473
5.6284823143 21.8577334944 54.6255107329
6.0142118637 21.6755059253 55.5176779226
6.3153843128 21.4450166909 56.2332367177
5.9020416921 22.4671295413 25.0915497365
6.3545224021 22.8353681891 24.4871848556
6.2567767381 22.1688815301 24.8050343592
5.5388042202 23.0608091708 54.7481800175
5.8877764410 22.6797518122 55.5149305221
6.2031665377 22.3856234163 56.2789923899
6.6623173092 24.2650834741 11.0191488372
6.6854068746 24.3586673678 10.8241270611
6.8922977601 23.9835859051 11.1930173360
6.9828447234 23.8987926392 11.4884448826
5.7900222052 23.4757461614 24.9605388310
6.1992839669 24.0154267324 24.3305302799
5.5239132882 24.2452611201 54.7428739395
5.8490969961 23.7684185358 55.5796405018
6.1470180185 23.3993606194 56.3198953172
6.4602892429 25.0118573221 10.4106907138
6.6192464685 24.9772685133 10.0892171731
6.7475938304 24.6516502724 10.4481672412
6.7631080762 24.3826819419 11.0933075083
6.7420244973 24.7447495253 10.8180831960
5.7175412489 24.5653768842 24.8598374421
6.1170944616 25.0445959396 24.2571201169
5.3700849744 25.1469980449 54.1926756598
5.6390560211 25.2075657088 55.0168812505
5.8748765485 24.9084825062 55.7527915319
6.1245507985 24.3905371142 56.3982019732
5.9834838194 26.2218342231 9.0042887639
6.4751099635 25.4961725048 9.5586276775
6.1070236565 26.2122288486 9.9179713762
6.6624134623 25.6184893026 10.7359452080
5.6900293363 25.6273177078 24.8139021333
6.0982895252 26.0761545847 24.1810352935
5.3792587967 26.1991781169 54.0414308810
5.6061436345 25.9760755315 54.8310967625
5.8230377444 25.8675871101 55.6106096312
6.1287718984 25.1609810422 56.5294649863
6.0532271706 25.8020721995 56.3683649983
6.2513343843 25.6865664789 56.9680441636
6.0076425548 26.9870305747 7.9298741213
6.1976452739 26.5505682891 8.5714722829
5.7520370890 26.4693542594 8.7684989764
5.8158487697 26.8437889578 9.2089632587
6.1076052396 27.1683257636 9.9126183593
6.5502705657 26.7341449544 10.4237306327
5.6872116870 26.7239223061 24.8080377079
6.0839551509 27.1579845188 24.1202725894
5.4051508952 27.2192791114 53.9460898090
5.6287117287 26.9188908900 54.7710909187
5.7896707104 26.6165989364 55.4287348446
6.0238590467 26.7445102700 56.2336419136
6.2594928935 26.4455537806 57.0116789017
5.9348162213 27.9532425764 6.8059632341
6.4381458050 27.4225039121 7.3350486381
5.8093435960 28.0474403602 9.4942237964
6.1964969610 27.7810432763 10.0200107233
6.4625616677 27.4397371862 10.2761828044
5.6820473294 28.0401902969 24.8849886176
6.0821223591 28.0560364154 24.0221885905
5.4534160248 28.2569562482 53.8017271165
5.6833308302 27.9580324455 54.7392781844
5.9064532363 27.5845363709 55.6820992366
6.1445633383 27.6140536388 56.4971724514
6.2630250904 27.2228701241 56.9378297814
5.8991735509 28.9694926021 5.7420555268
6.4420469659 28.4417023192 6.2452721904
5.6072968952 29.0885709619 9.2404672621
6.2618580832 28.2979386361 10.0049200396
6.1683625546 29.0857229898 9.7881685855
6.7968639051 28.5899021820 10.2898573428
5.9373781565 29.0410574562 24.2383437375
6.2480600912 29.3473518197 23.3329932090
6.2602505633 28.4976314102 23.5428009641
5.6554753840 29.1688361407 25.0994332468
5.4025132729 28.9301270277 25.7613962440
5.5501599036 29.3584272741 53.4611559882
5.7613978081 28.9933088465 54.5619459466
5.9809917366 28.7796820724 55.6328400928
6.1667994742 28.3747606594 56.4167913822
5.9055038933 29.9979572259 4.7099337631
6.4076566007 29.4830517229 5.2151320452
5.7882426157 30.0636047507 9.3133024177
6.4595631967 30.0262519190 9.8359814477
6.7430952416 29.4156562174 10.1236368240
5.9478805725 30.2886381893 23.9597270334
6.2190079573 30.2005747112 23.0891980103
5.7276653914 30.0441824404 24.9388739933
5.5132283705 29.8995359692 25.7580369595
5.2846128172 29.7501633044 26.4423319530
5.4651216973 30.1860890224 52.4944599232
5.8414588311 30.3840788755 53.3785472044
5.9232976468 29.9380300495 54.3236942451
6.0538913844 29.7064222168 55.3062758700
6.2147222684 29.0933409338 56.4283908649
6.2124278015 29.6203550756 56.1649765872
6.3901064231 29.5516854882 56.7956883568
5.9560812833 31.0465134097 3.6752059108
6.4035968931 30.5088314673 4.1899181367
5.7861447384 31.1461007367 9.1796699757
6.2582169135 30.7325046371 9.5817534730
6.0523304256 31.1712641089 23.2449624315
6.3216354989 31.4772177061 22.3457231036
6.3750781348 30.6300083279 22.5564160286
5.8472803321 31.3242789032 24.1421907256
5.7420338094 31.0824293936 24.8922627930
5.5812785449 30.9100452100 25.7874778418
5.3680800510 30.6783654512 26.5687675724
5.4268859485 31.1143728400 51.6005337302
5.8554778164 31.1733779276 52.5258273920
6.0917454716 31.0736109125 53.3380994376
6.1577364482 30.7842310826 54.1051213278
6.2373246313 30.5370888503 55.0517777531
6.3433062041 30.3436305738 55.9776714932
6.4539500317 30.0719994026 56.6802074303
5.9816818723 32.1394002794 2.6635239287
6.4170067092 31.5589013820 3.1742736241
5.8483415751 32.1324309794 9.1369831676
6.4176195669 31.5504306451 9.5618207300
6.0366066813 32.3208178220 22.9008138732
6.2683131372 32.2513512236 22.1275789118
5.8705314262 32.1423915753 23.8919127637
5.7672243602 32.0732552159 24.8313236919
5.6572415078 31.9686398031 25.7886237522
5.4547900672 31.8395686828 26.8140518251
5.3628596259 31.9862174880 50.8094547447
5.8143936438 32.1035739195 51.5946633412
6.1001210179 31.9492675171 52.3917924953
6.1808436605 31.6173972849 52.9717703582
6.0129745074 33.2213954958 1.7403245837
6.4727664040 32.6453184794 2.1946695240
5.8887963999 33.1754223261 9.1049322213
6.5335521612 32.5534318556 9.5772997096
6.1903654459 33.0233814915 22.2185859285
6.4975177287 33.2111181919 21.5448702467
6.4403260796 32.5920950567 21.6877241490
6.0027258934 33.2064719344 22.9534675155
5.9126579565 33.0622317551 23.6774958366
5.8525488046 33.0179708292 24.6374898811
5.7850821634 32.9845679111 25.6791542019
5.6600204319 32.9396721627 26.7304939522
5.4483002064 32.9086893144 27.7641357096
5.6446466585 33.0856953545 50.4821646882
6.0436869452 32.9509445109 51.4442847175
6.1648638218 32.5436409404 52.0632738368
5.7821005069 34.5504297798 1.0153503001
6.3693430841 33.8708809558 1.3218010213
5.8753355435 34.3595003781 8.9976642199
6.6065147556 33.6883537421 9.6748545863
6.3414835108 33.6420686300 21.9191014918
6.5380560672 33.7083899413 21.5502057884
6.1879157622 33.8586323656 22.6255483529
6.0081414826 33.7259924888 23.3987201183
6.0281981508 33.9617948979 24.2865726560
5.9743880901 33.9016065609 25.4255967076
5.9172403960 33.9994173308 26.6105398540
5.7476219518 33.8764947018 27.6756038488
5.5648511990 33.8596868257 28.7570315577
5.5029274974 34.1248378593 29.8825412399
5.4229709962 34.2271350139 30.8212729890
5.2726206348 34.4631288147 48.1249188056
5.6075938448 34.1581416152 49.3116635884
5.9643713158 34.0182178423 50.3304971845
6.1382972234 33.7130714694 51.1175293342
5.9988619357 35.3809613924 0.7875420021
5.6001680147 35.3230645695 8.3997429952
6.0986531138 35.3679085646 9.1372374377
6.5196753998 34.8464561323 9.6477281479
6.6377784126 34.2453534840 21.8510007440
6.3845755721 34.5163327789 22.6994963865
6.2214800381 34.4390833100 23.4177343108
6.4330481265 34.8244763539 23.0597855198
6.3046061916 34.7762297341 24.2257603311
6.2416140319 34.7213335432 25.1193762535
6.1758746322 34.7191823987 26.1442297118
6.1405296699 34.8313601461 26.9469007548
6.0260309168 34.7112170807 27.6019308905
6.2447162750 35.3158854199 27.5149602480
5.9269775514 34.7284199703 28.5345277488
5.8539699126 34.8016013848 29.5547117978
5.7968405734 34.8784570032 30.5797392849
5.6797245626 34.8643146707 31.6632754408
5.6752554317 35.0729342457 32.8285480404
5.6360228699 35.2770211112 33.9990875583
5.4027680239 35.2659122344 35.0523096155
5.3010678190 35.5244273677 46.2871188292
5.4947873024 35.2562868459 47.4134773838
5.7644850428 34.9730037803 48.5044911264
5.9869616370 34.9597074843 49.2635820079
6.0969894672 34.7249162341 50.0323880535
6.2338775167 34.4316209481 50.7918285554
6.1043682302 36.2807729610 0.6740382252
5.6056578499 36.3158237132 7.9421114771
6.0630792435 36.2867999104 8.8162812150
6.6807650957 35.9984221729 9.6558560817
6.5951721458 35.1741490719 23.5355600079
6.2190286882 35.4648473964 28.3058541862
6.1835492549 35.5397829996 29.2855289528
6.1593852365 35.5656937851 30.2624992277
6.1572699513 35.6186886893 31.2622648950
6.1416821294 35.6930200366 32.3327305189
6.0917209245 35.7754355912 33.3794468482
6.0724030423 35.9208301544 34.1729571676
5.8843612904 35.8638963382 34.8711872069
6.2818132712 36.3472780582 34.6707700299
5.6678158650 35.8845270990 35.8866606614
5.6150794858 36.1333562540 37.0194283446
5.5508637239 36.3546433468 38.1801410622
5.3319683487 36.3596018691 39.2633740715
5.3904311899 36.4784038330 42.1581002357
5.5557366119 36.5421433676 43.1329529233
5.5890526308 36.5217077308 44.3250251344
5.5173762536 36.2732644274 45.6122335109
5.7119344289 36.2385969946 46.9359950179
5.8602166755 35.9270535899 47.6198892705
5.9351206500 35.6210293591 48.1827181300
6.0542057035 35.4248586163 48.8691633279
6.1887356973 37.2285642333 0.6265957196
5.4170845291 37.7151674671 6.2105758631
5.6079967225 37.2119759512 7.2778734424
5.9572326874 37.1058109847 8.2433621036
6.2669208512 37.0955873740 8.8569780562
6.4940852781 36.7891666203 9.2823891664
6.2224837588 36.5148295253 35.4891527163
6.1112723653 36.6649512773 36.5401397127
6.0344490259 36.8217584636 37.5656361909
6.0093320868 36.9871194655 38.3517153110
5.8319762801 36.9534967847 39.0599311565
6.1882734818 37.4234250665 38.8511656564
5.6843468549 37.0366600371 40.1927107511
5.6199304283 36.9944911039 41.4294097631
5.7756096943 37.0921720031 42.4128812792
5.9109592112 37.1499271149 43.0669675362
5.8952595389 37.0365709310 43.6827313233
5.9188508793 37.1797642722 44.3091044589
5.8667909841 37.3864639587 45.1542879121
6.0348404929 37.6272390346 44.4450400937
5.8279603090 37.2044796300 46.4284896322
5.9383377472 36.4133077406 47.6962540016
5.9186184959 37.1533134846 47.6758753233
6.0363268427 36.6397527666 48.3653525579
5.9684114959 37.3701949308 48.8069555577
6.0981505093 36.7736757183 49.2633646797
5.9682451275 37.4821040753 49.7605280631
6.1570131453 36.9160903029 50.1553870511
6.0148229049 37.6119350753 50.5964662933
6.2279201101 37.1407691591 50.8811464899
6.2365995241 38.2223461887 0.6047128197
5.3972438406 38.5568868799 5.4406648121
5.6149785240 38.4219953329 6.1727754961
5.8212003481 38.3376038221 6.9015288529
6.0334566993 37.9501152946 7.8437257494
6.3186662236 37.7724230859 8.6038778958
6.1382488093 37.6210420552 39.6210712480
6.1056949013 37.8183604488 40.3888503772
5.9931185962 37.7267009719 41.0799465427
6.2853504724 38.2753798712 40.8914901287
6.0023814615 37.7041100176 41.9575355350
6.0712970984 37.6568489669 42.7564699434
6.0863438190 38.1829206211 44.7225096849
6.2734826393 38.6087478763 44.0914628474
6.1598013109 38.0161315469 44.0983576553
6.0001504565 38.1228902906 45.3110761609
6.0103514967 38.1952114209 46.0443848883
5.9903964147 38.0680086379 47.2017643427
5.9555277383 38.2042156807 48.4403417896
5.8783619287 38.0606434621 49.3885369953
5.7955409235 38.3027173058 50.2818976031
6.1550544598 37.6960746191 51.2274731648
5.9214514997 38.2832102284 51.0831890116
6.2577930124 38.2767247979 51.7363650439
6.2708294677 39.2272462381 0.5963145960
5.2857703461 39.3614123013 4.7223800655
5.5891607876 39.5138883630 5.4248174569
5.8004675402 39.1626401457 6.1921422945
6.0783689900 39.1817366724 6.9790412941
6.2141455868 38.8219904826 7.6591464695
6.3762972237 38.4703001775 8.3191639402
6.2820280340 38.3541557866 41.6572600490
6.2430388440 38.2146983652 42.4279662792
6.2427714031 38.8464932432 44.6450025226
6.4231777981 39.2131326836 44.2680295650
6.1596081098 38.7503334489 45.3241836367
6.2167048761 38.9924518977 46.0642826779
6.1865380735 38.8779831258 46.8530265405
6.1319682594 38.8363621277 47.8121865973
6.0657128494 39.0058046688 48.6142437095
5.8693758373 39.0158967167 49.6141798290
6.1826027186 39.6092695352 48.9499644331
6.4779609409 39.1034518749 52.1308978810
6.3114848939 40.2232113565 0.5963885323
5.5302935733 40.2341265847 5.0200648384
5.9081610984 40.2866563172 5.8467561591
6.1629092705 39.9464869386 6.6809021575
6.4243241582 39.4188224681 44.9228252905
6.3791020065 39.4273016622 45.6541252919
6.1188707031 39.8465782406 49.6037242106
6.3776165960 40.2098419576 49.2091404524
5.9653864027 39.8464009071 50.3232405464
6.0628031540 40.0044903035 51.0675997686
6.3436213105 39.8302610892 51.6973657132
6.3750525704 41.1815869386 0.6103095837
5.8486894177 41.2732963627 5.2647627883
6.1931856938 41.1724839149 5.9863716110
6.2639135651 40.7070736263 6.4451983765
6.3889856469 40.4349386404 49.8872670839
6.4192554062 40.5069685537 50.6858474592
6.5234586996 40.4243185400 51.3339252493
6.4335276941 42.1357416908 0.6714800480
6.0212090507 42.0631694135 5.1793394193
6.4567413217 42.1011830726 5.8460724344
6.5840600636 43.1227617944 0.7868740411
5.8061157084 43.2288693683 4.1214874271
5.9792521335 43.0280365173 4.4859529217
6.2642322211 42.7026754508 5.0882351327
6.9643727943 44.1531221643 0.9689402269
5.6747095225 44.2077481502 2.1584047092
5.9137099467 44.2714409210 2.7125357067
6.3526525543 44.1909807415 3.5597048465
6.1558594262 43.5999639784 4.1819556545
6.4256431040 44.5560741345 1.4830013709
6.2489271710 44.6625393316 2.1768745225
6.4764760973 44.6876598262 2.8777019978
7.5415998537 3.6553993375 35.5542229654
7.6556098227 3.5973958275 34.8923520406
7.9399212698 3.0546628046 35.3667773641
7.7727793550 3.3039379521 35.7368266610
7.2994767114 4.3978634666 35.4245130355
7.3255812355 4.5262650589 34.6557268317
7.6317443939 3.6531644281 35.9347447020
7.4691299531 4.2007046364 36.0455760357
7.8860548296 3.8787434625 36.3237303793
7.1181333355 5.6914625881 30.4100706984
7.2852809535 5.7147822736 29.4810385703
7.4656997690 5.1162293988 29.9690446342
7.4518203827 4.9987748636 30.8258052487
7.0590779007 5.6362835032 31.3956857391
7.4297206687 4.9665086524 31.7906487061
7.0908081060 5.5568858128 32.3178361110
7.3855104516 5.0081213619 32.5165057115
7.0258714199 5.4162640713 35.2490448454
7.1398894875 5.2288076530 34.3710265326
7.1919424987 5.1312099207 36.2876332694
7.7516024203 4.6078665705 36.8338761667
6.9293285088 6.4327611943 29.8745257591
7.1441427996 6.3916447396 29.1049760985
6.6773546998 6.5604792211 31.0227432980
6.7491880771 6.3124175813 32.1414973711
7.1801220913 5.3859738976 32.9592695277
6.8540788110 6.1467554511 33.2241296213
7.1485961519 5.4013649405 33.6658699838
6.8551923555 6.1318760712 34.4590443085
6.7644838449 6.3729341897 35.4477489897
6.8312661033 6.1243597844 36.2437442029
7.3722208730 5.2674138362 37.1817157649
6.9919482533 5.8924634446 37.1837506106
7.3468199645 5.6037167425 37.9741206921
6.8603649925 6.3395005662 38.2683712617
7.4024368903 5.7843520064 38.9396288753
7.0067607893 6.3333945101 39.3735900963
7.6371750432 5.8842268769 39.9188882267
7.1433604871 6.3440769955 39.9750918490
7.3648622713 6.4217389736 40.4276379453
6.8528629429 7.2702365472 29.0752524000
7.1385233009 7.2565180217 28.2077329115
7.2129245654 6.7045987818 28.5463254127
6.5728705742 7.1759945463 30.1725665448
6.4104506157 7.0668019464 32.0016774363
6.4735363339 7.0439793102 32.9599005546
6.5023945695 7.1752480441 34.1368674796
6.5673305217 7.0939291900 35.2012288777
6.5706389958 7.0206009162 36.1546555626
6.5904229429 6.8416235400 37.2336262990
7.1978793635 6.9646841994 40.7180591598
7.1953276047 7.5443972528 40.9196512114
7.6943509208 7.0673104012 41.1085300387
7.0642916037 8.4573146167 27.2266780995
7.3628843086 8.7237399695 26.4381978813
7.4414422346 7.9494897512 26.8154888821
7.2747878584 7.5783144953 27.4904862685
6.8994449569 8.0073249160 28.1095061898
6.5311300972 8.3457546639 28.8125244628
6.4136832098 7.9263774961 29.6940472033
6.2987822861 7.8773771125 35.0663301801
6.3246411490 7.8313304331 35.9513145460
6.3152501773 7.7230177771 36.8705858346
7.2917105757 7.9714346286 40.9820958058
7.7197327285 7.6901325667 41.1733728192
6.9348808865 9.3578904677 26.7270972658
7.2377005015 9.4570499461 26.1006081114
6.5751560335 9.1305939835 27.8065322121
6.5775614954 9.6264947549 40.2114934848
7.1102417540 9.1268029029 40.6188705299
7.6647222607 8.4321650531 40.9923385791
6.9634351946 10.1963003868 25.9528825351
7.3679204181 10.2244788494 25.3315719173
7.3024555219 9.7818881514 25.7554022858
6.5138037939 10.2178539281 26.8684544838
6.4354221002 10.3491375081 40.2114177338
7.2040050692 10.1715969352 40.6520297113
7.0162337481 11.1078550363 25.0314331233
7.4771970988 11.1427329718 24.3211649524
7.4159696639 10.7025697003 24.8564040309
6.5164236747 11.2076514616 25.9120055134
7.5181761825 11.0012777665 41.0031277820
7.1225148155 12.6304082629 22.9492495973
7.3360228136 12.7238002358 22.1015991745
7.6567580666 12.1826935116 22.3656219531
7.6353824934 11.7037677131 23.3464553841
7.0323690867 11.9942069672 24.0396325433
6.5366353882 12.1750826119 24.9006206589
7.2442970431 11.7133142841 41.3547904423
7.3985952914 12.2676604353 41.9745025582
7.2620415191 13.6892284411 21.2800341419
7.5788498906 13.8141386718 20.5136745268
7.5439815070 13.2719906938 20.7828029988
7.4072792467 13.0139555204 21.4381611105
7.0414984997 13.3806187863 22.1984417074
6.8206644022 13.2926732354 22.9409951390
6.6020400307 13.1092780808 23.7892430148
7.2150203297 12.7094652722 42.4498777020
7.1602397193 13.1840042960 43.1642996608
6.7933394731 13.5318387247 43.5058042115
7.3322309388 13.4850174251 43.8290031841
7.3847501859 14.3664737687 21.0849606391
7.7689784605 14.3244346286 20.4230714774
7.0196650157 14.3014111119 21.9665910895
6.6712857629 14.0158790765 22.9592713812
6.9559568272 13.8717605604 44.1489053879
6.8021873141 14.3841519682 44.7962562384
6.5454161173 14.8120840118 45.1850257652
7.2539435276 14.7389843974 45.4429500479
7.8018175589 14.8203340989 20.9035707172
7.3550288151 15.1110145642 21.7795798877
7.9947735379 15.3325959468 21.4471862450
6.7998934286 15.1305440465 22.7834075550
7.5961173672 15.1902022066 46.0808766927
7.7253897210 15.6947064941 22.0336213353
7.2983598836 15.8307199612 22.5748969234
7.9149041792 16.1431673717 22.5486833489
6.8412319297 16.1226529559 23.3867938922
7.2609301423 15.7195830156 46.5572384196
7.1343069316 16.2745605657 47.2550379747
6.7594706596 16.6832564811 47.6401918667
7.3700513341 16.5726491314 47.9765461848
7.5371843090 16.4589101444 23.1309064768
7.2071920721 16.8019814157 23.6860759299
7.3193553131 17.4463678256 24.1388264283
7.0755870275 16.9505456327 48.3992700906
7.0748031183 17.3736822379 49.3226624743
6.6609829065 17.7564355375 49.8018328145
7.2308798721 17.5880233441 50.0916944449
6.9816299972 17.7871705537 50.3057283372
7.5557967527 17.8068160097 50.7737183473
6.6778292115 18.5407822556 24.9150874255
7.4578326549 18.5093956315 24.5497453631
7.3022823420 18.2451905849 51.6736716703
6.6661798960 18.7141738530 52.1255149479
7.4786871543 18.4290087823 52.8028021309
6.8927124215 18.7909364307 53.0620319704
7.5180369422 18.5533729908 53.6715678411
7.0476254067 18.8053493297 53.6453485349
7.3075390144 18.8002524901 54.2464388537
6.9063329147 19.0749142914 24.8815907371
6.7445148516 19.8486644263 25.0044939408
6.9704272229 19.2034546671 54.7091018651
6.6766618944 19.7209612850 55.1681146267
7.2491630143 19.2556148962 55.6556953395
6.8485546970 20.0107610932 56.1488485773
7.5823259413 19.2501479273 56.7606806249
7.1174961360 20.0567301537 57.2105151398
7.4928860765 19.5327058528 57.5494414308
7.7449387846 21.0218167088 15.6310390425
7.8567936553 21.0714474874 15.2152659546
8.0514014039 20.6622241668 15.6358782358
7.9353583270 20.9264002673 15.8997309499
6.8823543516 20.6127825400 24.8031783941
7.3953657190 20.7656170012 24.4754101329
7.2935649849 20.0586543442 24.7050131485
6.6759315809 20.9654089846 56.9433677507
7.2807626659 19.9715756204 57.9427297981
6.9646975184 20.7906794983 58.1110665952
7.2755677022 20.1477425138 58.6950774603
7.0292755059 20.9297621806 59.2493395436
7.2931613456 20.2308211607 59.6008643828
7.0875609287 20.9713708882 60.2152223407
7.3444240435 20.2607967832 60.4959048749
7.1841682065 20.9914268242 61.0440562012
7.4187563569 20.3628721453 61.2878968690
7.3248665791 21.0266007721 61.6062977204
7.5060029252 20.6530775429 61.7976903307
7.6756970284 21.3345727034 15.5065654352
7.7741003072 21.6287549055 15.2383577443
7.8135132253 21.3266144724 15.8313417325
6.6956205849 21.6310225278 24.6134902523
7.3791077268 21.6698773089 24.0839632213
6.4796803966 22.0884388994 57.0543483563
6.7015895119 21.8603465546 57.9637156000
6.8330237784 21.7931978026 58.9934301647
6.9155102517 21.7950240770 59.9935520785
7.0344862918 21.7653070924 60.8722517468
7.2339778305 21.6850699853 61.5533256169
7.5678780485 21.5140268451 62.0108195213
7.4520528696 23.3933252448 12.1097482886
7.6791992090 23.1398406582 11.9888056506
7.8718162901 22.8931375298 12.3141754273
7.8769192523 22.8287908563 12.8022707316
7.8024029935 21.7023257191 15.5775747316
6.9756698575 22.4811764370 23.9927548327
7.3835104842 22.9199609064 23.3427134022
7.3822267513 22.2503385616 23.7432975736
6.4051797896 23.1189984446 57.0892843879
6.5983397762 22.9062694980 57.9440543917
6.7243145985 22.7849629884 58.8892638779
6.8204487754 22.7310498066 59.8594822096
6.9554983701 22.6652385567 60.7581494581
7.1842485454 22.5176200122 61.4868282304
7.4786124615 22.2884270890 61.9398512736
7.0367608847 24.1810647306 11.0349498700
7.5247645510 23.5526618585 11.5365805710
7.1519130960 24.1695111745 11.8383770650
7.6654131329 23.6360220268 12.6710329944
6.7753359086 23.6181006576 23.7265848512
7.1876204717 23.8292423176 23.0710233084
6.3677061525 24.1214616069 57.1143170890
6.5600579354 23.9293686406 57.9373050874
6.6864411000 23.7972746701 58.8428748392
6.7845718236 23.7229217972 59.7787147751
6.9233669081 23.6469779586 60.6772736597
7.1755330513 23.4693197872 61.4520566373
7.5799839087 23.1036643761 62.0005228299
7.0458109687 24.9391714236 9.9909371736
7.2579210910 24.5020480934 10.6200224257
6.8030005732 24.4204591162 10.8079498939
6.9389683469 24.7344260055 11.1774863716
7.2996058089 24.8907025264 11.7886006044
7.5454666810 24.4070234172 12.2832387302
6.9252162696 24.6784385043 23.1495031210
7.3343577191 25.1256625430 22.3899375353
7.3449983983 24.3205642299 22.6081514025
6.5006557574 24.5630306740 23.8054934525
6.3264351492 25.0398351966 57.1109026724
6.5304747387 24.9363105770 57.9007555018
6.6811368047 24.8027970485 58.7922711166
6.7881755217 24.7007492592 59.6874510023
6.9264023681 24.6484654212 60.5596839286
7.1542142002 24.5114854064 61.3640745929
7.5580972696 24.1564460541 62.0222877317
6.8898313480 25.9505118888 8.9410382092
7.4573235970 25.3813728643 9.4170256320
7.1662833730 25.5369193460 11.3201230651
7.5836350349 25.4285345129 11.7275088702
7.8212980563 24.9615987727 12.1539041078
6.9000361011 25.8055733041 22.9224698962
7.3125364256 26.1186208589 22.2283138669
6.5058683242 25.4477897334 23.6273094549
6.4754029587 25.9892555594 57.7310947870
6.6859657250 25.7990616424 58.6915147536
6.8416447086 25.6784582570 59.5837732139
6.9534007737 25.4921689786 60.3300087740
7.2130072320 25.6559192308 61.1519389835
7.4125545324 25.2473565169 61.8397403544
6.9063091955 26.9159778810 7.8578699516
7.4013087852 26.3979530698 8.3670727832
7.7203227390 26.0148180650 11.3977860494
7.1497102634 26.4001914617 10.9407904588
6.8821301345 26.9152339560 22.7225605083
7.2845708385 26.8970273053 22.1212267960
6.4880061406 26.5050286900 23.4867149014
6.5074360429 27.2004610990 57.7053443469
6.7301049943 26.8320105127 58.5862027332
6.8886189244 26.5453758815 59.3640717607
7.2075930020 26.6452012671 60.3431439647
7.6592282629 26.7164176769 61.3178543495
7.5114760595 26.0583604769 61.7294960611
6.9647171322 27.9197348291 6.7641791511
7.4727255529 27.4035954633 7.2851827662
6.5320479125 27.9428832864 10.2727172899
7.1148793144 27.5309916038 10.6047002472
7.0804112181 27.7033015639 22.2589809247
7.5947508673 27.9152055961 21.6993802240
7.5302369457 27.2179125319 21.8148399614
6.7441535869 27.6888924973 22.7735876757
6.4483437198 27.6151092414 23.3514285167
6.3967031084 28.0511521418 57.1711168948
6.6511016139 28.1036506992 57.9058318268
6.7789253983 27.7233864948 58.4390892537
7.1053786317 27.7026162780 59.3573669124
7.6525786546 27.8364566180 60.2917119757
7.6691760591 27.3110540995 60.8274751720
6.9598955317 28.9896744063 5.7312056030
7.4948244627 28.4789307862 6.2590365714
7.5484930511 28.3925060995 10.5741274539
7.0774219512 28.7137132147 22.0551527394
7.6495703691 28.8465089453 21.5044169934
6.6202786117 28.4693693992 22.8098033517
6.4172198373 28.9706655170 57.0175048557
6.6306688639 28.7560536725 57.6403120305
6.9484859798 28.7425403643 58.4712977520
7.3013745244 28.7126520317 59.2340910515
7.5358174696 28.4667282519 59.7244900670
6.8750438445 30.0192779678 4.7163237554
7.3862218272 29.5718948323 5.2428984167
7.0413885549 29.9657249697 10.1278840961
7.4771681100 29.2796218626 10.3822549482
7.1129336637 29.5844232303 21.7761930957
7.5883406478 29.9156324525 21.2503881936
6.6113778592 29.6659751695 22.4606942025
6.7563621157 29.8202974169 57.5454648945
7.1467552487 29.7031825786 58.4488877170
7.3115883086 29.3057853241 58.9368520101
6.8552149256 31.0376855765 3.7122079490
7.2809036273 30.5680100078 4.2598430341
7.7375784750 30.1692261230 10.2234660729
6.9967401737 30.7794410400 9.9142979823
6.8431682388 30.6944472201 21.7566307434
7.3513224203 30.7968796951 21.1117204464
6.3776236255 31.6409512699 53.7760564961
6.4670703036 31.3714795529 54.7825898183
6.5541541109 31.1725417249 55.7581810504
6.6960207501 30.8637744817 56.7649999521
7.0096186203 30.9358888143 57.5914355182
7.2518617066 30.5296025572 58.2342482648
6.8729101504 32.0866237844 2.7201664243
7.2651753409 31.5841464363 3.2764588890
7.2597390537 31.8074659835 9.8745086662
7.1028553536 31.5268345768 21.1321606810
7.5786314858 31.9159344945 20.6303937965
7.5861604099 31.1939591629 20.7885228853
6.6034591236 31.8590825221 21.6554546190
6.4063662563 32.4726807841 52.9497196619
6.6133185242 32.4160622156 53.8923845427
6.6387815313 32.0762418625 54.5104142003
6.8265071070 32.2042058302 55.5088167937
6.8344243449 31.7250756012 56.3819077364
7.0794583734 31.8023974932 57.2175410960
7.3722797826 31.5045354469 58.0024445081
7.0076482265 33.2893966983 1.7809619545
7.3104572862 32.6330479357 2.3430765391
7.3868678588 32.8295196390 9.9822663143
6.9114813470 32.5451955591 21.1162996883
7.5682942237 32.9393680507 20.4637434790
6.3702918782 33.3665517853 52.1020259537
6.5976590668 33.3872076639 52.9466049637
6.7162045201 33.1547223208 53.6677136876
6.8622717543 32.9234995339 54.6278814123
7.0513165052 33.0476121977 55.4416282589
7.1068187825 32.8988160680 55.9835801840
7.0985098583 32.5153928790 56.5561526869
7.2693476554 33.2100116833 56.4722105076
7.2934771698 32.5864241553 57.2557600389
7.4130894091 32.2817869926 57.7245826770
6.7974767303 34.6936579479 1.0058317880
7.1515095520 33.9815679093 1.3597982535
7.2717846941 33.6129709929 10.0972021449
7.1016965621 34.3435669079 10.0852794208
7.7278858076 33.8880383491 10.3272025515
6.9384818939 33.5781058265 21.0880329928
7.4186325371 33.6996056320 20.5898923119
6.4654502855 34.4820189008 51.6929106523
6.6567028122 34.1673357083 52.6929106723
6.7813513491 33.8915606972 53.4096092700
6.9809197513 33.9783218176 54.2428353816
7.1445525765 33.7340194992 55.1605064093
7.3510321758 33.0952279436 56.9799261543
6.7513418874 35.5772155959 0.7711838603
7.1038857605 35.2569245312 10.0967773686
7.7226692487 34.6998619156 10.3868456271
7.3862526783 34.4446397652 20.9217556503
7.0545611094 34.9054272165 21.7188961422
7.4398099509 35.2143836701 21.3623305600
6.7366889576 35.0039899579 22.5447743349
6.6325010232 35.5004760174 24.6915877603
6.4811988204 35.4827640597 25.8756143292
6.3603591303 35.4465956704 26.8574138508
6.2175634803 35.5690732202 49.7294609638
6.3917641594 35.2852423139 50.8976656041
6.6038376456 35.3865777052 51.8291557743
6.7402424917 35.1264704964 52.5533655897
6.9316318019 34.8218067335 53.5249476436
7.1541091933 34.8740508521 54.3930821506
7.2265744630 34.4852552686 54.9367036577
6.9621472682 36.3514328687 0.6903881107
7.1854322212 35.8685590651 10.1159769548
7.7907550239 35.6649351796 10.3917530455
7.2629645977 35.4738147527 22.0616210128
7.0840919502 35.6419759482 22.9308251450
7.0198362459 35.8530974108 23.8160252756
7.4166415193 36.1486493305 23.2185140653
7.0582526297 36.1793320389 24.5928588720
6.8846620243 36.3492296031 25.6259886349
6.6381129998 36.2909274938 26.7964656555
6.4744903542 36.1565159823 27.8790919920
6.4582597071 36.3011455334 29.0316979209
6.4737835593 36.3057675123 30.0307528169
6.4650728688 36.2062710881 30.8635458694
6.6755421104 36.5096651376 31.8713095376
6.5525394156 36.3610051136 32.9989576350
6.4512740556 36.3928127255 33.9616490150
6.0233143879 36.1276312756 48.0941279039
6.1283168293 36.0536850961 48.8516774500
6.2248877493 36.3086704311 49.7171505466
6.3476631117 36.3544802444 50.6680940223
6.5817016177 36.1736980083 51.6721570326
6.7570065633 35.9187446760 52.3806023815
6.9811049753 35.9976791048 53.2340700042
7.2015336715 35.6942455919 54.1676299655
7.4470845057 36.5967672891 57.9690849818
7.5063800824 36.6480512677 57.3797276701
7.4975501645 36.0901664707 57.5827092943
7.5330858975 36.0924516300 58.0047017919
7.0681750152 37.2956193115 0.6169278397
6.6453278412 37.5250841715 9.2208639642
6.9841473250 37.0306050450 9.7183824371
7.4021186442 36.4506621493 10.1257899183
7.4526699173 36.4501300838 23.9244807927
7.3739334706 36.8347513213 24.8956898434
7.1542204887 37.0875850637 25.7745528462
6.9232602420 37.2826595403 26.7103908728
7.2251684347 37.7601196246 26.1306073415
6.7222116524 37.1785327663 27.8039728340
6.6695334125 37.1579109528 28.8338625916
6.7236084430 37.1497059968 29.8367029810
6.8405862651 37.0347614396 30.8882779116
7.0902291656 37.1978500220 31.6665137835
7.1351860356 37.0984202707 32.1819566805
7.0282690462 36.9262043399 32.7714063592
7.5112252330 37.3890486456 32.6082175568
6.9400200201 36.9294698874 33.6767219878
6.7900103124 37.0657481278 34.8626588300
6.6145385850 37.2546716855 36.1275777833
6.4833358055 37.3981589819 37.2124064201
6.3483469003 37.4719394368 38.1734048452
6.0855289440 37.5039080117 43.3470908865
6.0916499663 37.5598326372 43.8792694481
6.4552234857 37.2512530389 51.6502078767
6.8331381970 36.9052914769 52.6273587123
7.1218934090 36.9270524704 53.4623446266
7.2420458599 36.5214059136 53.9590415547
7.5013040450 37.1737769681 57.9080582593
7.6950312979 37.3353930282 57.2968205808
7.5475066570 36.5221521264 58.3079006876
7.5348390649 37.0925767747 58.3518650952
7.7847859622 36.7983362597 58.5493766146
7.1532302665 38.2598360236 0.5796379055
6.7651448492 38.4796884895 9.0285832448
7.1859875035 37.9657378288 9.6800948913
7.0741212711 38.3274527533 26.9508697134
7.3532628273 38.5789250226 26.2624855618
6.8943746118 38.1472407740 27.7867665812
6.8248236743 38.0593169329 28.7102826005
6.8911906119 38.0315238004 29.6082490562
7.0819176822 37.9573448981 30.4880811696
7.4293616234 37.8392355793 31.3597376918
7.4159860754 37.2887019300 33.2951092246
7.4833165168 37.5165273116 34.1564438457
7.3300172076 37.7052021091 35.0167296751
7.1268580400 37.7649093242 35.7636954715
7.5805081363 38.0400873065 35.4624001538
7.0363356937 38.0507018284 36.8731875401
6.7794174119 38.1136631802 37.9882055485
6.5538188309 38.1369979261 39.0833762808
6.4371219129 38.3401914342 40.1855896479
6.2667490391 38.2156656871 43.3256901808
6.7781058075 38.2704319516 52.6122111415
7.1190909549 37.7425136294 53.3676854449
7.6889710784 37.6282292608 57.8898833894
7.6180673436 37.6613634059 58.3261833846
7.8616514570 38.0173290545 58.2649377482
7.7785283626 37.6454037411 58.6339464571
7.2068091804 39.2509075925 0.5579474254
6.3922133890 39.7127683476 7.5013154223
6.6341251076 39.3298122097 8.4019928822
7.0101558463 39.3453190018 9.1552125089
7.3292597502 38.9140131540 9.6511663172
7.5286728113 39.5310236665 18.9189715910
7.7181833650 39.6256478170 18.4498634181
7.7119218714 39.1217015526 18.6703938001
7.6845707234 39.0715524210 19.1790128180
7.5603715222 39.5159799896 19.3141762382
7.8271524449 39.2880907294 19.6462784422
7.2499746706 39.1523605059 26.9642644621
7.5461118561 39.3351768992 26.3114634947
7.0807376772 39.0269807969 27.7526440465
7.0042689948 38.9081336864 28.6258998328
7.0014048378 38.7354851300 29.3568097459
7.2677049160 38.8642880009 30.1255242661
7.5319362509 38.5494275597 30.8367269577
7.5871359483 38.2787721599 36.1850883819
7.6035271946 38.6490482330 37.0010062914
7.2775794720 38.6864341899 37.7607349596
7.7382755953 39.0005003139 37.5798355775
7.0975113598 38.8337611618 38.7557647328
6.9393749016 39.0825657812 39.9588211660
6.6466477296 38.9773658504 41.1393410190
6.5502007707 38.9816715875 42.4401588444
6.5231554063 39.1625147482 43.5593636143
6.4684484599 39.6865920678 46.5037722004
6.3705996107 39.5339954640 47.5286683773
6.2525611990 39.4147953114 48.2576149637
6.8783744057 39.2178236462 52.6793590535
7.1567137916 38.4936307703 53.3747174522
7.1302749142 39.0406113651 53.1703956998
7.3706337443 38.9452335018 53.6877351332
7.7767718367 38.0718644062 58.5731797987
7.2496483312 40.2455920666 0.5521207914
6.5340305977 40.6917146683 7.1844283054
6.7610315042 40.3649255254 8.1071428959
7.0400675085 40.1151113087 8.9363882257
7.4167748831 39.8326797394 9.5964869468
7.6089802018 39.9531889301 18.7610173614
7.8386272917 40.1862650628 18.4440998913
7.6031021575 39.9041747977 19.1537236452
7.7325355315 39.7395256756 19.5111958168
7.4993931892 39.7055789963 26.8941534733
7.8095526113 39.8581477668 26.4628847241
7.3905979834 39.7050974553 27.5820593459
7.3088207889 39.6328864249 28.4686138217
7.3140579395 39.4700095003 29.4120096107
7.6025693555 39.5372762879 30.0914491809
7.8403418768 39.1858292407 30.6185516157
7.6710032939 39.2068555348 38.3134624672
7.5639448074 39.5563132692 39.3720887193
7.3315836223 39.7536573546 40.2220210400
7.1286556393 39.7225882521 40.8765672859
7.4253596669 40.0459604336 40.6605163666
7.0171724391 39.7975992585 41.9032112843
6.9055609264 39.8865960871 43.0633513562
6.7629756320 39.9350129119 44.2480447404
6.7526757002 40.2210954608 45.5548692212
6.7735704280 40.4402018954 46.5655560219
6.6677559898 40.2981249068 47.3715903761
6.5057731946 40.1397955678 48.3780210721
7.2265519215 39.6930290833 52.9866631628
6.8599185431 39.8163521974 52.3737411742
7.4441475822 39.4482871133 53.5285244888
7.2900025298 41.2417931536 0.5647397892
6.5440915755 41.4437919980 6.5951804540
6.7268784323 41.3593732807 7.1727303245
6.9305529650 41.3387693490 7.8170788895
7.1394748747 41.0025009988 8.7092755232
7.4648069981 40.7412091526 9.4427179267
7.9651899901 40.4131414942 18.8953477637
7.9383911439 40.1003541224 19.3892723944
7.9196763406 40.1235538958 27.1929226638
7.7983010751 40.1196261798 28.1767274602
7.7487855299 40.0194231204 29.0706331159
7.7609596634 39.8828578605 29.7389708412
7.6088198159 40.3739550724 41.3186274935
7.4052374157 40.5379303043 42.5639953302
7.2693559266 40.6672820157 43.7157014872
7.1590095918 40.8035417773 44.8040036298
7.1372093103 40.9953587649 45.6048149829
7.0348728612 40.9562724267 46.2794863328
7.3175196316 41.4352672926 46.0570354486
6.9913464604 40.9918938293 47.1353772596
6.9211436077 40.9532588300 48.0855886885
6.8028747673 40.8946907743 49.1804727007
6.8937331799 41.0431875809 50.2231526735
6.9889633154 40.9360393431 51.1015707027
7.0367068479 40.5168957549 51.9204732357
7.3582167100 42.2409287323 0.6029839030
6.7555645329 42.0647807903 6.5158016282
6.9334571689 41.9518577584 7.1185539098
7.2058873195 42.1085770223 7.8247310028
7.3338273259 41.8685569308 8.5418892848
7.5036437852 41.5186494330 9.2194937680
7.3130190999 41.5560985206 46.7729510296
7.3149573329 41.6110532292 47.6722244285
7.3229238078 41.6072156177 48.6624230054
7.3721841041 41.5846802401 49.6655964635
7.6006007291 41.5334719053 50.6264128667
7.6582766268 41.1530624335 51.5806932943
7.5163450365 43.2144499919 0.6702858418
6.6202787138 43.5479358898 4.8211910647
7.0126440844 43.2106466865 5.6338031011
7.1206513738 42.6882130998 6.5740338758
7.3201268477 42.5811847405 7.3995548735
7.8013254867 43.9973004772 0.7414900650
6.7128604917 44.0418690331 4.3237093203
7.1001391379 44.0932461451 4.7221835260
7.2207316975 43.8467660698 5.1672840903
7.0731910512 44.9374709147 1.3350968307
7.8892560200 44.9501292276 1.0171218882
6.9242234217 45.1403554500 1.8808089117
6.9617121933 45.1273855869 2.5819066689
7.1149885393 44.8968693433 3.3047729334
7.4381089502 44.5240525651 4.2143913619
7.5575982502 44.2088815761 4.9505657482
7.5651393754 45.4782201425 1.5812994437
7.6601669980 45.6074230433 2.2770523811
7.6088145120 45.3507463669 2.9306478223
7.5108575401 48.5205981569 11.7994948590
7.6381983621 48.4483572139 11.3789692732
7.6337243217 48.1300746510 11.4484373096
7.5809182313 48.0099273334 11.9739664481
7.5012111387 48.4948628099 12.3360533132
7.7134227468 48.0775976712 12.7138396056
7.6794804199 48.7365326942 12.8350133308
8.0881317056 48.3690803059 13.3864426179
7.7430170695 48.8814108014 11.4804807706
7.5815875337 49.0097611782 12.2304238390
7.7163512113 49.3421572507 11.8745404008
7.8942909751 49.2731042410 12.8460131108
7.9590504416 48.9555103652 13.2162366180
7.7645708315 49.4486602035 12.3289087103
8.1825052847 2.7483454887 34.8921549918
8.5194611141 2.4255698923 34.5912256316
8.5441613953 2.2976218797 34.9302627367
8.6729993549 2.4320403290 35.3371809665
8.4010969734 3.8676864831 28.2428819184
8.5092789773 3.8349311862 27.4932855801
8.8791632722 3.5290608035 27.8133593017
8.7662783426 3.5330827332 28.5291106826
8.1021043409 3.1701078283 34.2706364525
8.5036041495 3.1852727163 33.7565901466
8.5905127104 2.6585912675 34.1983335045
8.2309178572 3.0241635925 35.7899688004
7.9217333099 3.4159052050 36.0195047364
8.4287590424 3.4543495463 36.2479192864
8.2032723509 4.3957319930 27.5321498577
8.5023153071 4.5254385534 26.7652464924
8.4680025011 4.0586355735 27.1360521643
8.0118650349 4.4545336068 28.3552682563
8.6435812806 3.7611899188 29.1230178611
8.1635577143 4.1898599480 29.1296156265
8.5562411241 4.0048785202 30.0069677726
7.9315703286 4.4851043865 30.1749587674
8.5046629328 4.1105486455 31.0382417765
7.9158301362 4.4434473263 31.3748913526
8.4962201488 4.0375003136 32.1072111358
7.8491550950 4.3929691612 32.4743349326
8.4751495036 3.7254240503 33.0448535901
7.9047187918 3.9650882179 33.5200648340
7.6464726626 3.9594277978 34.2242107692
8.5061493918 4.1064520991 36.8408767944
8.0465608636 5.3389780439 27.1035548145
8.3771301462 5.2731506868 26.4618409649
7.8242761000 5.1292408573 28.0109032420
7.7030004286 4.9595397800 29.0663871962
7.4704990705 4.8016892113 33.1541497366
7.4230187007 4.6478011889 33.9114692811
8.3962280718 4.6585578131 37.5266944454
7.8284677866 5.0636839699 37.7316717355
8.4579425437 4.9991632539 38.3678913588
7.8734028853 5.3103010512 38.6060037548
8.4413054680 5.1856772285 39.2050766042
7.9358456620 5.4355377177 39.4174637041
8.3472915875 5.3222134563 39.7683760049
8.0688615063 5.4877468972 39.8925085396
8.4285302532 5.6027112459 40.2610987453
8.1508832779 6.0897400546 26.4897876710
8.6028049891 6.2428692721 26.0034124856
8.5637283165 5.5880707452 26.1337793106
7.7951292827 6.2150619548 27.1448728129
7.7022377294 5.8576407859 27.6886427734
7.4654472274 5.9111681319 28.5190749909
8.0141927683 6.1205881699 40.6577912631
7.6761610308 6.5836000397 40.8933019031
8.2513749501 6.5589955626 41.0932625652
8.1635734259 6.8956097849 26.2118505167
8.5870085477 7.1548412671 25.8791517464
7.7185203695 7.0568509207 26.8384588523
7.4643297529 6.6698921239 27.7717669180
8.3495357456 7.1842625286 41.2760820410
7.9063419978 7.8958965297 26.1774811855
8.5228460215 8.2261114768 25.6709149335
8.4010530973 7.9085058289 41.2414998161
7.7461011001 9.2274100582 25.6697207719
8.5494020039 9.2311014359 25.2431811887
8.5637213601 8.6601908913 41.0765686087
7.9973469463 9.3938613846 40.8800325489
7.9475486231 10.2483147861 24.7850839181
8.4837174007 10.4783108216 24.2639902945
8.7619836731 9.9104834396 24.7515643746
8.3888918887 10.4997825951 40.9599502299
8.0425552661 10.9710361844 23.9284780657
8.2053180971 11.2953798911 23.2756740538
8.7075115730 10.8787179207 23.6255044462
8.0687517997 11.1120774023 41.1805944573
7.7388933802 11.3383851461 41.2490102149
8.1116560203 11.5091415824 41.4251559232
8.3062783881 12.7007956131 19.8846885658
8.5542716830 12.7499408683 19.3051398254
8.8553756553 12.3699950113 19.6146051097
8.6807445247 12.0931554118 20.5052232519
7.9085432188 12.6577680464 20.8145740725
8.2345557397 11.9864413607 21.6091875734
7.6668174543 12.4863014599 21.6471319316
8.1615988833 11.6381604529 22.6067818129
8.1934123702 12.0309386375 41.9204749275
7.9327979261 12.4639391996 42.4247290047
8.6938461771 12.4836889411 42.5534255772
8.3271394080 13.2481537405 19.3515552994
8.7844700525 13.3536511531 18.8806806834
8.6897467779 12.9568776009 18.9968962245
7.8873442912 13.2625635974 20.1220014524
8.1706795367 12.8934098433 43.1069182556
7.9642168496 13.3409859910 43.8522578327
7.7134028528 13.6712206153 44.3042247472
8.4252804058 13.7253457487 44.5270342025
8.4935391731 13.7514759776 19.1471115958
8.9623878046 13.8138468538 18.9027230213
8.0826419647 13.9105871731 19.7866724623
7.7570472494 14.1502304028 44.9234586100
8.2485345924 14.7183952850 45.7008763989
8.6478284633 14.1632365749 19.3713365700
8.3811636813 14.5342383313 20.1761733802
8.3739887334 14.9947514587 20.8617739926
8.6941680995 15.3056056635 21.3558008392
8.3178683198 15.2025665410 46.2694110012
7.9897196339 15.5140566404 46.6021443056
8.6581701436 15.5741066550 46.7242565562
8.4132267480 15.7728415987 22.0362523391
8.5308820250 16.1946622273 22.6401744432
8.1430171628 15.9567469672 47.2195378563
8.0081855433 16.3960145256 47.9564058403
7.8360983263 16.6949321532 48.4751403628
8.5612960613 16.6797976584 48.6195794350
8.2787897643 16.5582617631 23.1000651482
7.9137501182 16.9996278424 23.6408253676
8.2078766209 17.6753596688 24.1462301112
8.0921541488 17.0454870058 49.2171772899
7.9215733158 17.4441180901 50.1006288424
8.5986331119 17.7073743817 50.8914080815
8.4962818206 18.4703469889 24.4943584425
8.3923892965 18.0009959888 51.7362832731
8.3030148923 18.2108334089 52.6999552384
8.2907629470 18.3387412990 53.6943555853
8.1870741040 18.4841423840 54.7027027603
7.6520752107 18.7933609575 55.1863207158
8.3710416183 18.5286895501 55.8146357101
7.8800794956 18.8155554116 56.1149952698
8.4473171004 18.5844477846 56.6860803436
8.0324592778 18.8037980412 56.6866829694
8.2561451784 18.7717985310 57.2345477576
8.0329472913 19.0249460652 59.1590237593
8.1194658714 18.9268331458 58.3198379081
8.6039068087 18.5680589627 58.6357603907
8.6803061090 18.3565171616 59.7034187033
8.0919885246 18.9283638354 60.2490671272
8.5861394828 18.3390020103 60.7282798200
8.1314656539 18.9570415622 61.1897700876
8.7246131724 18.3500692154 61.6180772234
8.1902123777 18.9982415195 61.8579120076
8.5239813933 18.6114325703 62.0739585859
8.2833489951 20.4742374442 15.2231391134
8.5808481509 20.3465771864 14.9083295557
8.7300908346 20.1262236992 15.2490845486
8.6965299243 20.2646867673 15.6739419714
7.3095980822 19.4262034682 24.7253762395
8.1032691414 19.7073300939 24.5343101808
7.9134119833 19.0727577872 57.6635594946
7.6546914482 19.4491888128 58.3218762250
7.5601585057 19.6589389751 59.1147703458
7.6400911523 19.5837008646 59.9024762689
7.6905004289 19.6111590870 60.8215651854
7.7561912561 19.7995411435 61.6421321897
8.2791846720 18.9174076862 62.1374732108
7.9463094188 19.5672310725 62.0116123514
8.2642952238 20.9658176611 14.5969706704
8.6369376506 21.0996320352 14.0540357120
8.8408395689 20.5545624745 14.5080072570
8.3818844876 20.6869508160 16.0402365802
8.2270310306 21.2038199142 16.1894285608
8.7341444337 20.9930036235 16.3910935452
8.0413995333 20.9936263870 24.1252281398
7.7089112608 20.6486356856 62.0394015981
8.2536866360 21.9623081767 13.6597592858
8.6880444115 21.8826827932 13.2255614907
8.9098406681 21.4604249551 13.5744688592
7.9719494631 21.7532473615 14.6671106141
8.1899405725 21.8788629458 16.0004492310
8.8231976696 21.6296595464 16.6088887318
7.8822390182 21.9826331368 23.5647806133
8.4580952311 22.0414410923 23.1752655169
8.6298122177 21.4150137225 23.7531516364
7.9808999908 21.7735976808 62.2764923860
8.1663199107 22.9917800540 11.9913370022
8.5620916787 22.4233468444 12.6897721902
7.9293210128 22.9150234238 13.3328315382
8.1249381363 22.7124467688 14.0962178969
8.1165882416 22.3114503576 15.1950626829
8.4377344927 22.5321927894 15.8524121833
8.7284939426 22.3625708002 16.3329968904
8.0436276781 22.7328481155 22.7593960055
8.3782281931 22.8856303680 22.1461091969
8.7498327960 22.4003462090 22.5725687354
8.6986063697 22.4206530558 62.4139192259
8.0866430269 22.5235598972 62.2778914032
7.9626993577 23.9423131212 10.9984506415
8.5635234017 23.4086879405 11.4799285351
8.0844670014 23.4974468274 13.3665797091
8.4092120863 23.4033281604 13.8549962098
8.5678206110 23.1047630658 14.5137671996
8.7406841142 23.0133114060 15.3881610409
8.7833551858 22.8643152091 16.0192092329
8.2716714496 23.8268504299 21.4359016022
8.6716401166 24.0022771142 21.0146606150
8.6486158898 23.4650255862 21.2273400532
8.4676042503 23.2070424032 21.6373521349
8.0526928629 23.4233808344 22.0417181996
7.6037779395 23.5949517886 22.6045982777
8.2321969034 23.4666572452 62.3617316949
7.9625668430 24.8804529357 9.9361928841
8.4945200466 24.3978928409 10.4570636435
8.5444075176 23.9130627182 13.3623319615
8.1152816397 24.2912226966 12.7492469979
8.2587831600 24.6074349173 21.2549535319
8.7906413442 24.7552601891 20.8783448874
7.7841322201 24.3395404039 21.9484987504
7.9385406773 24.0932448667 62.3473269565
7.6177473459 24.9010567191 62.1593659021
7.9635032331 25.8626625142 8.8520430576
8.5158802962 25.3608173872 9.3709172677
8.4884596129 24.9639403968 12.3364917550
8.1635438939 25.5319617268 11.8422409368
8.3844236988 25.2728187369 21.1135133259
7.8595304943 25.4374510083 21.6483868542
8.3895040142 26.0379686158 21.2387802842
7.6538401983 25.9243994582 62.0148994253
7.9780576243 26.8877439597 7.8038034602
8.4953768224 26.3680827934 8.3202503408
8.5161213252 26.1288811645 11.4345505809
7.9361559412 26.8075347580 11.0395136635
7.7250319646 26.4706375570 21.7145793797
8.0865677870 27.0388731132 21.4600095196
7.8195156054 26.5286259508 61.8386988344
8.0583829116 26.6582186098 61.9692942812
8.0138662775 27.9636699596 6.7867165519
8.5260751945 27.4459006543 7.3119880433
8.1673587676 27.7226158409 10.7818201314
8.3194926536 27.8867153308 21.3346974456
7.9059836629 27.7165463752 60.7649315163
8.0851602812 27.4697434618 61.1115634130
8.3501372144 27.0631857811 61.6589473364
8.4721236491 26.9298472933 61.9205822316
8.0501593658 29.1575399172 5.8028592095
8.4692088501 28.5641989947 6.3650121208
8.3008058018 28.6490084021 10.6086167123
8.4339974388 28.9808683421 21.1271641377
7.6979709708 29.2876258095 59.4437565433
8.0218909254 28.7225860102 60.0172996743
8.2933205950 28.1159907599 60.6055206933
7.7269777829 30.1692803667 4.8038709043
8.1417264226 29.8136700337 5.3034544601
8.4091469498 29.5051161231 10.4331889488
8.1823738254 29.8714078169 20.8962539936
8.4007272791 30.2923364452 20.6644370539
8.8429951328 29.6527856973 20.8176470368
7.5237419487 30.0188950410 58.8815919611
8.0034359331 30.1520510493 59.2577684121
8.2589785546 29.5504504382 59.6683983569
7.6581116924 31.1498398766 3.8643852251
7.9588806125 30.7397707649 4.4077619423
8.6540499191 30.2563319277 10.2513370727
8.0146279839 31.0132401576 10.0780567596
7.8515456341 30.5357129758 20.8225958497
8.2477765472 31.0925803057 20.4840787215
7.7961255844 31.0367184694 58.6824386734
8.4340969870 30.7921407428 59.0668113273
8.3579326730 30.1290706693 59.4302514904
7.6509647269 32.1582724544 2.9162217949
7.9157796880 31.7226916959 3.4852263991
8.3364235329 31.9896433615 10.0855294389
8.3002432162 32.0819619673 20.1433480273
7.8130281508 32.2595810285 58.2643952304
8.2795017485 31.8324376281 58.6608554098
7.7187690296 33.1280761713 2.1544030677
7.9178122807 32.7038877583 2.6108195706
8.1306688245 32.8081796969 10.2045677943
7.7452913565 33.2887620219 10.2294369893
8.3317321642 33.3268287685 10.3661872995
8.1815776212 32.8759960786 19.9991133315
8.6497226467 33.1343988448 19.7789643405
8.6169676350 32.4969447496 19.8288797161
7.2608255659 33.5501605182 55.9515731243
7.6187045481 33.1117366980 57.6538647179
8.0900201876 33.2435103842 58.2311639216
8.2504436976 32.6225568695 58.4718512951
7.5643326311 34.4737643722 1.2547249384
7.8191999108 33.8554810660 1.7581223428
8.4233920709 34.0535941359 10.5007012161
7.9732594223 33.7181632528 20.1738887701
8.7672863135 34.1403131144 19.7799954759
7.3890992985 34.4879298461 55.8073975788
7.5104785408 33.9905819195 56.8914481997
7.9484446060 34.2152463791 57.9593034550
8.4222562618 33.9664920956 58.3103538744
8.5514263332 33.1748532009 58.3623776522
7.7017910332 35.4564271192 1.0052422776
8.0962137645 34.6558826452 1.4728950623
8.4949287759 34.9006871920 10.5731868331
8.1178446466 34.7184742567 20.2394572969
7.8310497907 35.2911938177 20.8030351521
8.2763752713 35.5740520599 20.2924563960
7.3763464857 35.3724773226 55.1286290336
7.5038063477 35.3741859613 56.0315397515
7.5373826640 34.9956374467 56.6290225984
7.6612020745 35.3040034279 57.5961692115
8.3118249921 34.6505044643 58.3678060884
8.0561207239 35.2445597820 58.2858572801
8.4208116868 35.2047237521 58.4880224158
7.7324765477 36.5434127241 0.7599321411
8.6296059802 35.6721953364 10.5897501346
8.0900890435 35.8918228042 20.8056338417
8.3570241850 36.2470723819 20.5032137879
7.7891928836 35.8678931644 21.4833142926
7.6024612417 36.0793538720 22.4343689636
7.4542121121 36.5392015788 54.8316930733
7.5512899796 36.1876280077 55.8361666020
7.5520801549 35.9041617568 56.8121407464
7.7720961088 36.0116943160 58.2915214319
8.2562129421 36.1150113068 58.5102839392
7.9606248811 37.3733953745 0.6879375507
7.6831858318 37.3879111163 10.1335859667
8.3483337823 36.6023654561 10.4575248266
8.2243191415 36.4673757054 21.1245083173
8.1189584622 36.5769893476 21.9573065099
7.9603579862 36.6918989012 23.0091576143
7.9215827334 37.0726725033 24.0219574360
7.7729558815 37.5377114502 24.8468534352
8.4050200019 37.7799724398 24.1863073626
7.4101163966 37.4124199835 25.4503778486
7.4116312582 37.4879390515 31.9968217119
7.3881617844 37.4034218049 54.1723962809
7.6126286301 37.4488082515 54.9718574689
7.6882631526 37.1395598543 55.6825377474
7.6524410429 36.8464485446 56.5782788960
8.0827092802 37.2360786248 58.6283813009
8.0717455106 38.3269957096 0.6070713545
7.8389978208 38.3883239847 10.1149584203
8.4939437808 37.7596435023 10.4241675676
8.3354779149 38.2682420237 18.2013845441
8.6597687394 38.3894286271 17.8256019800
8.6984716784 37.8731036680 18.0655127958
8.4978939055 37.7634102548 18.5697545036
8.0294957999 38.4850121024 18.7904072975
8.3381329259 37.7928570383 19.3107893482
8.0435161155 38.5673860076 19.6559934823
8.3511922958 37.8715509088 20.0748797928
8.3034923011 38.4705535630 20.2659354875
8.5756188659 38.0866191877 20.6809041551
7.9970829041 38.2827086893 24.9613277754
8.4532643337 38.5238022224 24.5668962068
7.5620178392 38.0450863977 25.5522995161
7.9584756806 37.8520528314 32.1429219529
8.1995313499 37.6156537625 33.2708705057
8.4917351566 37.7818973651 32.4420589252
8.0406210096 37.8489186747 34.1732968927
8.4281342864 37.8659175318 34.0632634374
7.8077501284 37.9540168748 34.8194759784
7.4115791043 38.3605596016 53.9473242657
7.6771252290 38.2097741722 54.7210454311
7.8132580906 37.9078954367 55.4551436865
8.0333306812 37.8655575683 56.3957960052
8.0973253238 37.7669399093 57.4772815272
8.3310342399 37.9241268926 56.8554384439
8.1460125046 37.8990112891 58.1482158035
8.0159338802 37.9141223342 58.7083447785
8.1590283104 39.2871199236 0.5687306953
7.9178392393 39.3779007195 10.0878726389
8.5634014562 38.8041878342 10.4125703174
8.1058189331 38.9868140799 18.1584632361
8.6798363163 39.1715664348 17.6798977298
8.2280538802 39.0236855257 20.1078389187
8.5498109429 38.6962191089 20.5368041244
8.1864264503 39.0299777254 25.0530806900
8.7290287543 39.1614772860 24.5844178830
7.7366348737 38.8311862497 25.6315762671
8.5402957548 38.0581703011 31.9309038438
8.2343583327 38.5427853452 31.3107876096
8.3344119517 38.0487672360 34.6472242440
8.1902851553 38.2490432868 35.5255349823
8.1744236170 38.6162826737 36.4787886713
8.0577967514 38.9420934354 37.1332374373
8.6217389090 38.9016251250 36.9711268811
7.7700984981 39.2322797041 54.2683283376
8.0927590367 38.7517213670 55.3949977055
8.5682678329 38.6630378013 56.0237373942
8.5520954009 38.1597037491 56.4973060044
7.9084286887 38.3066041013 58.6086841111
8.0395981233 38.2110444403 58.5273481084
7.9180235947 38.2157092102 58.7192958108
8.2132996164 40.2748261099 0.5521665065
7.9584103665 40.3716007535 10.0202188253
8.5903677568 39.8134860453 10.3949293584
8.1862121028 39.9542822058 17.9884374017
8.8313496480 40.0499397034 17.5788632029
8.7534839709 39.1996070454 20.3655629059
8.2618922599 39.7151318335 19.8166752747
8.4021648964 39.5642888101 25.0783658760
8.7047158356 39.7131651959 24.9082415539
8.0367908734 39.5963398356 25.7179501948
8.5214029704 39.3176655089 30.7331829200
8.1206875912 39.7258480264 30.2264307243
8.3004387562 39.2232894549 37.7355571212
8.2806641329 39.6118440016 38.7344769021
8.0823391060 39.9406914101 39.4666261824
8.5073210317 39.9484502147 39.2991707773
7.7865127692 40.1113784054 40.2252366362
7.3195160574 40.2388379867 52.6471043197
7.8010449513 40.1268560747 53.3515038402
8.2055483055 39.9855978126 54.2014947075
8.3199874181 39.6309924889 54.9481366955
8.6236219033 39.3536323918 55.5665638621
7.9948648079 38.3793679755 58.6914003527
8.2574127429 41.2777301544 0.5558178837
7.9920068842 41.4698509046 9.8815463788
8.6184038892 40.8270227744 10.3549806074
8.5139807685 40.6920654831 17.7709956505
8.9563293761 40.8376757305 17.5234783020
8.2714120565 40.8401959968 18.2722390274
8.5827310693 41.1226583100 18.8034571356
8.6089311168 40.4791377799 19.3728561908
8.5497891581 39.9254839109 25.4201923380
8.3985920773 40.1147794643 26.3062814035
8.5615957662 40.3319594028 27.1173816704
8.4436224590 40.3438451540 27.8767471360
8.3857197429 40.2542539675 28.7783761063
8.2954860023 40.0578772464 29.6105798249
8.3883285465 40.1932148348 39.8915581250
8.3266208609 40.5109311325 40.7937817939
8.1131511557 40.8212529177 41.4748350974
8.5089818351 40.8558609438 41.4220016714
7.9279361808 40.9508946337 42.1626271983
7.8590367393 41.2377974694 43.2874591404
7.6288400822 41.3958141304 44.4143219565
7.4734185839 41.4952443352 45.3795915909
7.7245223854 40.7269218606 52.4428076337
8.2205930811 40.7354935340 52.8598351593
8.5981018726 40.4385456909 53.5432230664
8.6642460923 40.1015687536 54.5807836735
8.7492039782 39.8344727286 55.2001489093
8.3181072505 42.2800273721 0.5757702882
7.6068932044 42.7707207427 8.2304784209
7.8115682013 42.4301487252 9.3179839663
8.2472145220 42.3929578116 10.0615908393
8.6897930691 41.8386400639 10.3671184984
8.7456797783 41.6291691722 17.7650318104
8.6735236320 41.6214207516 18.3629273408
8.3238525565 41.0582991052 41.8795427371
8.4234948950 41.2920478366 42.6294663267
8.3733244743 41.6404678823 43.4828635435
8.1282362316 41.8425698534 44.1818622164
8.6178843736 42.0395858053 44.1030680656
7.9800392697 42.1400063502 45.1742090705
7.6978118938 42.0616875784 46.2321220815
7.6295754380 42.0741892120 47.1702128860
7.8268999053 42.2110871315 48.0542600494
7.8229077238 42.0647456668 49.1276739225
7.9317014789 41.9821991699 49.9437936961
8.1683321188 41.9129949976 50.4766295321
8.3161605978 41.5917200393 51.0713610223
8.3444281298 41.1249055465 52.0634228068
8.4232569443 43.2384391534 0.6138711371
7.6019115900 43.4166968637 6.3042529278
7.7985820476 43.3258862884 7.2833268178
7.9044513106 43.4117424599 8.1467092825
8.0731820963 43.6373273776 9.0381831243
8.2681541314 43.2914562951 10.0220455911
8.7613466537 42.8427767650 10.4730533728
8.4816408655 43.8460907422 17.6243159755
8.5826644147 43.8432196351 17.1715738266
8.5879755651 43.3888644249 17.4620396022
8.5639246089 43.3854032424 17.8053562463
8.4009369328 42.3361186787 44.7170786181
8.4546899020 42.7854400369 45.3029281035
8.2134689732 42.7650907499 45.9657338175
8.5803319243 43.2573285488 45.7154217594
8.1113614047 42.6516655631 46.9693074132
8.4083035934 42.6367026178 47.7937397556
8.3166686642 42.3565072760 48.7194795928
8.2522012814 42.2172574513 49.4684857381
8.4258445171 42.1149626813 50.0031131729
8.5530342384 44.1482729489 0.7003791705
8.2300972573 43.7967610720 6.4536515019
7.8164872440 43.8940571343 5.6035669198
8.4267855062 43.9017323587 7.1906110506
8.2560012122 43.8847575447 8.0098212015
8.6134005017 44.1234684720 7.5995456825
8.4793156347 44.3702723083 8.7504495566
8.2949611280 44.4341085812 9.4291903177
8.3153912870 44.5149244961 10.2807578584
8.3768837735 45.0151503022 9.7635921240
8.7628712251 43.8996330808 10.7661542398
8.4979326365 44.3817567631 17.3025272611
8.6114317762 44.3385286395 16.9135668297
8.5827897846 43.7403390193 17.9872997556
8.6036404698 44.3410035315 17.8275637824
8.8806366337 43.8599488117 18.2326662275
8.6140684532 43.3089843483 46.2752419662
8.5706757557 42.9935594271 47.0420073125
8.7852339224 44.8735520336 0.8114151316
8.5248813708 44.7760589354 4.2030686277
8.0212846306 45.1262763910 3.5282332934
8.2104226722 44.3688193838 4.9303826354
8.6606548646 44.2680110545 8.0417837220
8.2391069141 45.6503082819 10.5587297704
8.4976896046 45.8193990219 9.8949326688
8.6216561608 44.7184532591 11.1359319628
8.3933747481 45.5591843737 11.4513969288
9.0038020320 45.1326567752 11.8138595142
8.6920567958 44.8528897400 16.8388233392
9.0950596437 45.1867130660 16.2172713369
8.8550389093 44.5592200145 16.5961204928
8.6503989011 44.9113188877 17.3379156196
8.7831233413 44.8679410919 17.7578198827
9.0027545234 44.5179743417 18.1068931077
8.1476374014 45.7234768279 1.3704564013
8.8178092655 45.6086219935 1.0988104048
8.1185062209 45.9452957056 1.8258571661
8.3325502132 45.9707577362 2.2788974856
8.4207893047 45.6371307526 2.8538829835
8.1890563178 46.5741637579 10.5968714623
8.6755406656 46.7406486369 9.9992455210
8.0563753266 46.5110861636 11.4241725849
8.7676083446 45.8755393071 12.4689800557
8.2622756932 46.5464941592 12.4785692941
8.6486389680 46.3510289124 13.0982178597
9.0228926285 45.4502613071 16.6909504145
8.9163050426 45.2030384799 17.4096508335
8.6765773857 46.0738175372 1.5666464164
8.6363529347 46.1521226450 1.9918838916
8.1971601552 47.3135247456 10.5787726130
8.5583609517 47.6000718074 10.3080443005
7.8559867705 47.4378676659 11.2885646610
7.8566721869 47.3372740963 12.2113037755
8.4367044270 46.7564927952 13.3425424194
8.1918448243 47.4152121392 13.2946701807
8.5841501107 46.9442379429 13.9474584712
8.5235497629 47.3421126121 13.9604726840
8.8752421939 47.0944407670 14.4022139817
8.0293050647 48.1621123200 10.9286919565
8.8796264245 48.3153717576 10.4135290261
8.7166822822 47.8162766807 13.9750720608
8.5194056350 48.4314723765 13.7436567420
8.3230607386 48.9491808589 10.9374030560
8.0332888812 49.4014304778 11.4109947567
8.6884773092 49.5044820897 11.0549962810
8.1491349658 49.2134802563 13.2272950575
8.4622273111 48.9055000174 13.4960205530
8.2716900492 49.6550924405 11.3633672494
8.7153594884 49.7301727476 11.1836227738
7.9122837911 49.5856207115 11.9289705532
8.1628878704 49.5930729771 12.6524784520
8.5988552185 49.4247204162 13.1275337455
8.9741807184 1.9999472783 34.8849825805
9.3866512820 1.8845970718 34.7048279690
9.4526055276 1.6987398211 34.9606637735
9.3572435542 1.8981933634 35.2071352488
8.9596895880 2.2102769666 34.4524379160
8.9919580850 2.6373212897 34.0746415866
9.3399430373 2.2332473274 34.4025921280
9.4130010728 2.3404967478 35.5676664232
8.8463645531 3.8322243990 27.0082302511
9.3785647943 3.8277981259 26.6481433528
9.3281645626 3.5299054658 27.2247618170
9.3986661766 3.4954868905 27.9176401923
9.1267296004 3.4770926151 28.5160644333
8.9877376819 3.5754218558 29.0419750779
9.3081850435 3.6945790653 29.1487712965
9.0450187362 3.2199522238 33.6341551361
8.9456539550 2.9037278751 35.9186236888
9.2721091114 3.6972801154 36.4560564062
9.0379993052 4.2654765783 26.4141427735
9.2852414803 4.7235882003 26.0799187301
9.4631806700 4.2105371386 26.2752873796
9.2085835486 3.9140886287 29.9035360685
9.0247470039 4.0064766015 30.7871388314
9.1946585706 4.0919370367 31.9033848870
9.1005363883 3.7796770382 32.9510458327
9.1093939155 4.2325611855 37.0461448935
8.8753899426 4.4577746344 37.3885681796
9.2976352210 4.6275405755 37.4457476383
8.7821077018 4.9341020467 26.2102703238
9.0200841348 5.4766179401 25.9588715634
9.1063480830 4.8842001389 38.0376221298
9.1667688826 5.1552036950 39.0940116680
8.8869296837 5.3011204482 39.8315663726
9.2076081317 5.6276597086 40.4269335819
9.2397494993 6.2937701506 25.8746515375
8.7659407179 6.0389608414 40.8360490034
8.9733058295 6.6299315298 41.1572152574
9.1896661616 7.4051656554 25.7614097452
9.0611708330 7.3521578198 41.2442427652
9.2661813150 8.4747114993 25.5564091212
9.0974401259 8.1028866792 41.1562386902
9.1609366786 9.3193931394 25.1616359320
9.1188524268 8.6582141397 41.0313938412
9.1235495534 9.4033835408 40.8155425688
9.0759440348 10.3633276839 24.2811092606
9.4291828367 9.8461231879 24.8668166611
9.4217337858 10.4923685009 40.7430157596
9.0088878116 11.6194840264 21.3128441989
9.3113707083 11.6973330095 20.6565364574
9.6610111328 11.4767585810 21.1900586101
9.4802664046 11.3445033223 22.0185358761
8.7823302790 11.4570263746 22.2113128176
9.2705035773 11.0993427502 23.0055915290
8.6118088513 11.2614108720 22.9235143044
9.3480521761 10.7188999540 23.8168611570
8.5303862123 11.1932345896 41.2488161102
9.1448801245 11.1730038167 41.1296546795
8.9154487421 12.6269822550 19.1188092442
9.1702101512 12.8863660365 18.8705395833
9.5358765587 12.3825442835 19.3123257526
9.3988003931 11.9715793476 20.0397267388
8.8163998573 11.6602427865 41.5493573783
9.0987758805 12.1573149192 42.0397879425
9.3770246410 12.5367057397 42.5074631104
9.3956774673 13.3310347338 18.7532044943
9.2974360884 12.9454958257 43.1452177229
8.8497767326 13.3367148142 43.9143637891
9.3231260866 13.9259599952 44.6474815022
9.5446796028 13.7723837067 18.8870446080
8.7065716331 14.2343997112 45.1867875433
8.8811612150 14.6168167750 45.6282770111
9.1563161374 14.1255640047 19.1234372339
9.1118503775 14.3926941600 19.6912448567
9.2458287036 14.7404403639 20.6728739179
9.2736144300 15.1869707555 21.4656479137
9.0689084604 15.1198998499 46.0659438682
9.3789353686 15.7937134363 46.7431780573
9.0373322455 15.5301608641 21.8748781821
8.8839069581 16.4017711042 23.0567133117
9.2684643858 15.8526084567 22.6180301771
9.3160894097 16.3436429955 23.2783500237
8.9844668457 15.9962861052 47.2483831051
8.9221101796 16.3782849331 47.9438899715
9.2417798949 16.7523883885 48.6178893025
8.9827743258 16.8854315209 23.7358836343
9.0226506871 17.7244744849 24.3709223365
9.6770956922 17.6246457205 41.3618115578
9.7620544819 17.4823400641 41.2369682489
9.7641143949 17.7677682526 41.2246850116
9.7440392972 17.5326517687 41.5367988750
9.0972484189 17.0481307048 49.2323627101
8.9410154895 17.4136171099 50.0920457287
9.3354168536 17.7697243551 50.8379001503
9.0862144205 17.9280327789 60.4279185581
9.2680020206 17.9718847199 59.8118217280
9.5982466868 17.7906365405 60.3254209307
9.4608706188 17.7428964945 60.9464746914
9.0303590093 17.9342467183 61.1421983510
9.3616128464 17.8196612973 61.4254919211
9.1253501767 17.9682863014 61.5603843161
9.4658311263 18.0990555813 61.8239131568
9.1359608561 18.2867181386 24.6568458560
8.9967940814 18.9907974096 24.7318959854
9.5691960192 18.4675522986 24.9476143628
9.4240692975 18.9856333393 31.1972632633
9.5857443604 18.4336833280 30.7656937552
9.5657885677 19.0912711365 30.5544942132
9.4499619481 18.9345292647 31.7230878566
9.5516329110 18.3363009617 31.4140939805
9.6177039390 18.5334600648 32.0501798873
9.7460992102 17.8180799572 41.5245156378
9.3896745453 18.0682857846 51.6754986544
9.2134065713 18.2224122724 52.6638154093
9.1461195170 18.3242023590 53.6638574906
9.0865777675 18.3926829582 54.6858095059
9.0405168466 18.4355169366 55.7048090757
8.9600004928 18.4563691658 56.5475848870
9.1485973765 18.4965216020 57.7601375160
8.4133064009 18.7192575775 57.9114240357
9.2260667390 18.2248669613 59.0641764155
8.9824772845 18.3665712623 62.0720190663
8.5747416865 18.6020103523 62.2029481235
9.0783542473 20.1453030309 14.9617819398
9.2218834462 20.0039374626 15.4050162069
9.4301853719 20.1285272672 15.7813346500
9.0160236600 19.7298897066 24.6933393171
9.6186407060 19.3644482742 25.0587287384
9.4075491448 19.6014519082 31.0055277826
9.5701897382 19.9552916171 30.5263823046
9.4063865830 19.6402060645 31.5901561266
9.6005490805 19.2569042478 32.1951388042
9.2359975063 20.8889835993 14.0361743262
9.5191414410 20.4150500366 14.5749383175
9.0778043512 20.5439145624 16.1396275221
9.3838013787 21.1875180562 16.5851029980
8.9017345602 20.5355786794 24.3632894055
9.4367961338 20.0968125946 24.7942829119
9.4358856811 20.3743914396 31.1363543952
9.6108629127 20.8409665436 30.6087174988
9.4731235777 20.3544767447 31.6919603566
9.5721862069 19.9804613337 32.0719787412
9.2751146650 21.8954349970 13.0893015797
9.6878937894 21.3750533767 13.5578805959
9.2147527867 21.5584304632 16.9492106774
9.1846711076 21.7685428484 16.9735131415
9.3025773401 21.6796202049 17.0775812133
9.0647328900 21.8319066802 23.2881689582
9.4459222324 21.2785815736 24.0595979528
9.5202656983 21.1041018670 31.0619016251
9.6645480514 21.5322115340 30.8468944331
9.5600618182 21.0018906020 31.5424516440
9.1361148958 22.9193181215 12.0217627933
9.6848096061 22.4554980206 12.5751313430
9.3921403086 21.8055726925 16.9745682212
9.2491082645 22.1426413388 16.6995075672
8.9321044561 23.0385820834 21.4890829436
9.0667818274 23.4693907138 21.0908914072
9.4595983357 23.0618691023 21.4932069622
9.2951130202 22.6202452542 22.1186611024
8.7431416126 22.7854122508 21.9314954858
9.3526735793 22.1870911045 22.8231443090
9.6532181589 21.5925221752 31.3064387559
9.5280469441 22.4103687298 62.3958204071
9.2582459745 23.0369342430 62.3566406294
9.1037755956 23.9204738903 10.9586127754
9.6659350765 23.4603333024 11.4950235077
9.3756638650 23.3492288169 14.5746256469
8.8754722472 23.6476091697 13.8563440485
9.1843690004 23.3277120894 15.4047559392
9.5118423381 23.3272975429 15.3443483895
9.0711188886 23.2009650456 15.8592075106
9.1990247961 22.8511689327 16.2898671336
9.1716514784 24.0742305778 20.8782565905
8.8663747072 23.5057608468 62.4624053941
8.3596696502 23.7070712124 62.4756569492
9.0937197153 24.9092824905 9.9150763317
9.6571589696 24.4706096453 10.4620551705
8.9456496964 24.0062148031 13.3780393860
8.8843019293 24.4088914001 12.8701906678
9.3443980088 23.3604745158 15.7106068698
9.3682219702 23.2365011548 16.0084926149
9.2821121799 24.6552010791 20.8198587452
9.5576738237 25.2934843115 32.0584912993
9.6844812625 24.7984848521 31.7698741097
9.6342633136 25.4111880100 31.6113622445
9.6959177545 24.8739242372 32.2236781205
9.0228324431 25.8650944506 8.8513092972
9.5900040066 25.4274405060 9.4205228269
9.0038540848 24.8866823885 12.3903557817
8.9812835450 25.3819191291 11.9239480256
8.7263911743 25.4498978960 20.9319349930
9.1325231322 25.2483910458 20.8485489712
9.4869745009 25.9848745445 32.1568904524
9.5900803781 26.3181459953 31.6330046739
9.6299498947 25.5792953288 32.5700461867
9.0297035545 26.9203348644 7.8408465889
9.5158258173 26.3952585151 8.3807120180
9.2774474102 25.9406285586 11.3948149509
9.0098258061 26.8275442194 11.0006583499
8.9449257001 25.8352566246 20.9811352657
9.0374729196 26.6331240249 21.2141502639
9.3948622586 27.0183458475 32.3875230591
9.5487243668 27.2975535644 31.7210338127
9.5122358125 26.4869085637 32.8184518011
9.0862880333 28.1281379681 6.9051741419
9.4893731489 27.5213461187 7.4476307101
9.0909875479 27.9288517355 10.6961083529
9.2176553830 27.8690593711 21.2447113985
9.3465962245 27.9566044059 32.3830981698
9.5069444810 28.0671771027 31.8560480928
9.3979508573 27.2499972705 33.0622715671
9.3001046998 28.0045176049 33.1752128212
9.4187918543 27.7096762068 33.5651844218
9.0171374224 27.2564716671 61.4627120067
8.6993048139 27.6615388579 61.1010192390
9.0073157063 26.9252542668 61.7889512402
8.8404527291 29.1003715633 6.1269785802
9.1788293566 28.7581719868 6.5025244305
9.1378014248 28.8515901254 10.5267463762
9.4538785641 28.8489428299 21.1005742920
9.3869515641 28.5747249588 32.3001592401
9.4236357520 29.2829656088 32.5223191009
9.2773940408 28.9026602310 33.0601197789
9.3655292491 28.2677027522 33.8939500366
9.2770317715 28.9824423430 34.0506726703
9.4141675000 28.6711956067 34.4545794661
8.9365536527 28.2208343033 60.5436981279
8.7141068906 28.9629914241 60.0196560821
8.5002486417 30.5445142791 4.9953785301
8.8692897455 29.8252776118 5.7528878681
9.2145619238 29.6054378441 10.3670852709
9.0497650497 30.3867679390 20.5344846452
9.7078515079 29.6827048954 20.8357463360
9.3236656907 29.6866890753 33.1658933581
9.4713515176 30.0052409460 32.8431265111
9.2725351746 29.8778104620 33.9761775408
9.3662552672 29.2150705314 34.8314627537
9.2988142651 29.8791027729 34.9818405951
9.4216084853 29.5640391825 35.3952777175
8.7486230474 29.9447422933 59.4678598174
9.1754817571 29.4128868037 59.5690756072
9.2261024843 29.9686602978 59.2036630720
8.4171518971 31.4859837836 4.1993320832
8.9286852176 31.2879160195 4.9676413817
9.2104828080 30.7774895610 5.5742982821
9.4026548559 30.1392142476 10.2021916392
9.1836606767 30.9385711445 10.0858511781
9.1733713236 31.2955543064 20.1760974128
9.4054174506 30.3768809581 33.5264426785
9.3680707530 30.6530730324 34.2155139045
9.4773478812 31.2031223880 34.7119301571
9.3328708907 30.6233527599 34.8782755070
9.4016881959 30.0579847004 35.7786491628
9.3846615520 30.6820228252 35.8391723283
9.4805719367 30.9123945553 36.6239833765
9.5202019334 30.3648241423 36.4549222630
9.6254962186 30.7556071331 37.0826371390
9.0320800841 30.6256638789 58.9659736783
9.4645791562 30.2600615195 58.8037335167
9.4323495484 30.9671633807 58.4352005116
8.3554447351 32.4332276565 3.3293339506
8.7106353698 32.2186779597 4.0035732134
9.0269971306 32.1071212631 4.6164707528
9.3927546225 31.6844096016 5.3936777406
9.4905814303 31.8683116768 10.0927118334
8.9484441590 32.0090511062 19.8824974057
9.1471281374 32.4775779954 19.7225682773
9.5599345791 31.8689257770 19.8797410531
9.5021986461 31.3833425746 35.5187123445
9.5319212939 31.4087769052 36.4601334986
9.6053436079 31.2592064001 37.1086558264
8.8832894079 31.6471017199 58.5910952095
9.4099711305 31.8514904228 58.0374336609
8.3148165539 33.3336329314 2.5678825096
8.6550194669 33.1297291764 3.1967279107
8.9480863372 32.9632848117 3.8843660248
9.2849119304 32.8271570125 4.6329592584
9.4523081554 32.4370606111 5.1382551695
8.8841516251 32.6472736294 10.2576782718
9.1277872138 33.3579645650 10.4344747238
9.3859868693 33.1839610281 19.6762050690
9.0500734244 32.7810485024 58.1472698099
9.4631281895 32.5245101394 57.6646812361
9.3644364136 33.1100030357 57.6695671425
8.5919344275 32.4478132064 58.5041439336
8.5714459150 34.4062931477 2.1295693634
8.8913758512 33.8534148336 3.1025924884
9.2242164847 33.8067033053 3.8500143013
9.3447289969 33.4157991065 4.3745456379
9.2492438568 34.1750102577 10.5663953084
9.4608139278 34.0434372354 19.6654566737
9.1917982427 33.4182336709 57.9126999871
8.9223567118 33.8140588791 58.1558413150
8.5817413122 35.3086563531 1.5253070750
8.9846482172 35.1834139481 2.0795466644
9.1054520762 34.8061198418 2.7199772027
9.3265690040 34.5388434326 3.5094266928
9.3206158310 35.0604209216 10.6202461739
8.6220114423 35.1394484221 19.8837749964
9.3110241322 35.1251396338 19.6104185019
8.6716972155 34.6300602443 58.3775997092
8.7295165740 35.3905967798 58.3789906675
8.6918367206 36.4964941988 1.0729002258
9.1872838326 35.9042715495 1.7610687700
9.3865671204 35.5889111364 2.4950407357
9.4550694732 35.2450381361 3.1518597405
9.3222033691 36.0159061332 10.5903774069
8.7007996176 36.1862459400 19.8357316181
9.2350629939 36.1712850126 19.2877635765
8.9199527368 36.4535535730 57.7722184645
9.2601675767 35.8221958325 57.3711037963
9.2370703392 36.3531919653 57.1006330476
8.7142504964 36.0854257894 58.2865480717
9.0538331575 35.5727624665 57.9394731900
8.7301037210 37.5871777719 0.7734549370
9.3016069437 37.0780822432 10.5435603332
9.0410621542 37.3532471968 18.3521503935
9.1800056727 37.7976053081 17.8750475633
9.6994879437 37.2396386379 18.2508857969
9.4854823355 36.7065046668 18.8122136323
8.8159710924 37.0000207560 19.0814569985
8.5267138176 37.1840518466 19.7698433697
8.4975016252 37.1117118526 20.6080489178
8.4619890437 37.0411839832 21.4691628718
8.6065545090 37.2251249135 22.2347522891
8.5401539477 37.2879443607 23.2597642096
8.8703819790 37.4705142484 32.6768425386
9.3023053027 37.0367455560 32.6143698514
9.2455926064 37.3235072453 32.2470871960
9.0407612893 37.2243732207 33.2608390280
9.0170902793 37.0218179029 57.1145476031
9.3622824474 36.6720559795 56.5639136758
9.2870321135 37.4252938442 56.3370586069
8.5201142456 37.3929003285 57.7927615950
8.4694665372 36.8665548368 58.3280552612
8.9547482970 38.4105453713 0.6912595726
9.3278728920 38.1703862448 10.5339915310
9.2637933049 38.4470171444 17.6091720630
8.7897440372 37.6978579448 21.3663725833
9.0861730347 37.6692028282 21.8846828524
9.1509931568 37.4386718435 22.5620818677
9.1115484052 37.5535332333 23.4884222118
9.0509847393 38.3377172716 24.2174362139
8.9421050442 37.7447248814 32.1290946058
9.3876711368 37.5234993918 31.8175868533
9.1184590179 38.1415464573 31.5087167709
8.7093767083 37.9311149216 34.4121683717
8.8184294712 37.6285289543 33.9263295908
9.0376288797 37.7485509861 34.5021779097
9.5663815687 38.5000818417 52.6203167917
9.6714968613 38.0999956855 52.3301259589
9.6291991875 38.6469899639 52.1867579576
9.6636726878 38.1405272789 52.8346613527
8.7090918520 37.7538706637 56.9128492845
9.1590541828 38.3749012036 56.0808950183
8.2097492443 37.7548888491 58.4687419372
9.0657972041 39.3439947253 0.6156221363
9.3174739431 39.1987890896 10.5467536815
9.3888905085 39.2659225746 17.5027812669
9.1575986177 37.9628012081 21.4930382330
9.0739404950 38.4509895236 20.9631591133
9.0750442251 38.9508315593 24.2875981290
9.2136960371 39.0788200164 24.3154328394
9.2916198208 38.8081388338 24.3462870152
9.0448862839 38.8821541215 31.0039342073
8.8051050057 38.0628563144 35.0349583206
9.0848003755 38.2935815776 36.1463400132
9.1750166602 38.8070432989 37.0418209673
9.5383598250 38.8704485952 52.6328597034
9.5726902837 39.1937240143 52.3943356988
9.6070622468 38.7005532535 53.0600351182
9.0077373041 39.1001283872 55.8237587927
8.0574772555 38.2202844654 58.6866099165
9.1523270951 40.3024210640 0.5935856854
9.3097964437 40.1643200445 10.5424606657
9.6593070030 40.2990859994 17.4939048572
9.3809912045 39.1076958458 20.4904688410
9.2225016059 39.8200397386 19.9377394336
9.0840178964 39.2351392275 24.4074222986
9.0198804581 39.5594199894 24.7146343798
9.0198365980 39.3388307953 30.6807194451
8.8879646418 39.7022234463 30.1995332995
8.9096677546 39.1116970032 37.4763108811
8.9290305777 39.3408103500 38.1576265058
8.8041753666 40.0475654814 39.5949808127
9.0068590520 39.6748565590 39.0428553435
9.1872899054 39.9113891285 39.7252297567
9.5549211337 39.2134958125 52.8879914225
9.0978134599 39.5984929864 55.4774523317
9.2038903832 41.3035242427 0.5928747129
9.3615110657 41.1449925183 10.5070396845
9.3483921717 41.4327857307 17.3382891789
9.5055113284 40.6477192432 19.3974829964
9.1306698831 41.1711941459 19.0750040771
8.9157703226 39.8931460012 25.1172648574
8.9977935269 40.0451788031 25.7341164483
9.1618467764 40.2000370843 26.7058102599
9.0072321946 40.3454107374 27.5431729436
9.1729791624 40.2409773336 28.3961433995
9.0250551881 40.0632868192 29.3605607077
8.8868316262 40.2458375876 40.2354116098
8.7446847507 41.0223759766 41.9404802112
9.0968042240 40.5177547506 41.2578166655
8.9294800327 41.1875099427 42.5628668537
9.1947145587 40.8495705573 42.1526599766
9.3584285375 40.9771902315 42.9286715948
8.6295522207 40.8542099700 52.6973218721
9.0335973572 40.5825516721 52.7144995038
8.8783199145 40.9687772669 52.1423194964
9.1414114283 40.2781565062 53.3923678741
9.0933109129 40.1664776894 54.1754073877
9.1164178222 39.9501233612 54.9453845026
9.2485632742 42.3114971084 0.6061791474
9.4050187426 42.2012212870 10.5388561495
9.0924975427 42.2978990025 17.2159343383
9.3623111745 42.7350159794 16.8485247788
9.6635250796 42.1359197402 17.0086777294
8.7374961956 42.7786115250 17.6592500324
8.8545692896 42.4030980635 18.2078683459
9.1670541737 41.9526167363 18.6717780598
8.8846366934 41.5406019698 43.3526500061
9.0395232231 41.9629522866 44.1652579281
9.4165264972 42.3467073497 45.3422300620
9.4463988026 42.1317447949 45.2399845770
9.3823202880 42.4093720120 45.2472732209
9.4338418694 42.2918932226 45.5000724743
8.8549526014 42.3857463258 48.3007763694
9.2708998697 42.0082177306 48.1227155789
9.1394218378 42.3683835317 47.6543267755
9.1754179655 41.9471808903 48.7892595130
8.5499865709 41.9337645771 50.4794504201
8.9051329288 41.6529206454 50.5774021804
8.8103920114 41.9776837549 50.0432055022
8.8957564892 41.2520373554 51.3953456751
9.3073320513 43.2970703706 0.6386498311
9.4844806443 43.3375233568 10.7809162021
8.9035462578 43.1804192562 17.0586906477
9.3689988477 43.4093972351 16.6609482235
8.7642241356 43.2218678003 18.1172543213
9.2544438018 43.1135962033 18.4446824439
8.8726684922 42.6367606661 44.8904211763
9.3825248188 42.5129645603 45.3937597421
8.7699145680 43.2416432882 45.3654614377
9.0136274724 43.3762189645 45.3539260404
8.9543952276 43.2051987522 46.5610507175
9.2198885403 42.9290009096 46.2414570936
9.1591429121 43.4483218371 45.9665892789
8.8521533440 42.7643297238 47.4204078623
9.1902578934 42.6000892021 46.9253272652
8.7487439728 42.1645528740 49.3203745396
9.4010556482 44.2193377691 0.7091997495
8.8607336866 43.9798853214 6.6574994765
8.7983355321 44.0608387131 5.7300964283
8.8107558949 44.1056384620 7.2006177500
9.1566563538 44.0762155594 7.0455559627
8.4423886664 44.7098889754 9.2777051319
9.3012195427 44.0857312523 11.1559478340
8.9845810325 44.4881907103 11.3089784368
9.5091325697 44.6091065890 11.5791438924
8.8903911136 43.9451130062 16.7553185472
9.3511807316 44.3187324964 16.4315365357
9.3887072266 44.0339701908 18.3676971580
8.9359082145 43.8062122634 45.6408663265
9.1518790318 43.8943478110 45.5018052538
9.0399270877 43.8761894084 45.8950512382
9.5151793274 45.0577248172 0.8644641251
9.2925700114 44.7123940245 4.1280951111
9.0637541794 45.1880371377 3.5080112496
9.0576101642 44.4030687930 4.7920551050
8.9600292376 44.2479765821 7.5895057007
9.0661799461 44.5265388190 8.2642939277
8.7466320142 45.0663785055 9.1613047344
9.4905572140 45.0767437116 8.8212336210
9.7185024526 45.1129432236 12.1201237639
9.5230392865 45.0356853866 16.0967748006
9.5036953369 44.6354163900 18.1280940217
9.1632370087 45.0139330008 17.7905394361
9.1444970977 44.3221520522 45.5322106747
9.2058282910 44.3458168818 45.5293099886
9.1205921305 44.3184257609 45.6187782096
9.6787000078 45.7262940040 1.0955458970
9.3399250085 45.6654877807 2.8840280118
8.9585254943 46.0081148652 2.3994047246
9.0360348478 45.8867392494 9.4238059439
9.6535719547 45.9210000277 9.2775820736
9.4080464858 45.5757087423 12.5946009355
9.2153552307 46.0766020580 13.3831817507
8.8191657591 46.4783357934 13.8012318148
9.2462422335 46.2199580479 14.2935723935
9.0264330026 46.4644249581 14.6680514492
9.4121883485 45.8293708668 15.3440924802
9.1713888331 45.9527994100 15.6716607467
9.4389504638 45.6189631797 16.6943549840
9.3748998996 45.9384357817 15.9982313206
9.3130813884 45.3579604301 17.2588242832
9.1920213282 44.4987513181 45.5392134927
9.3510915226 46.0790869304 1.4097642076
9.2130845454 46.1648960882 1.9034536138
9.2802610735 46.5345067677 9.5885323392
9.2777845705 47.3256978548 9.9310769186
9.3170566228 46.5470196170 15.0654847934
9.3600186627 47.2792428509 14.4844160140
9.6644873750 47.9964948541 10.1429044230
9.5353651118 47.8870671894 14.1529301523
9.0599128064 48.4662067215 13.8396934985
8.9718857884 49.0553730323 10.6855620218
9.6633842072 48.7486893004 10.4763794211
9.2958035223 49.0557819393 13.4833019932
9.5388659939 49.3794809057 10.9130655847
9.3320011220 49.7171850150 11.2779815445
9.5807895756 49.5708705514 12.9719374003
8.9661609565 49.7165508175 12.8595538951
9.6866387238 1.7326398012 34.8969095900
9.6883094522 1.7029285090 35.0885155494
9.7702997083 2.0135111047 35.2906406639
9.4868292507 2.7306330060 34.2117509447
9.7358399560 2.1735430671 34.7128895567
9.8547952215 2.4775872738 35.5497206107
9.6783505375 3.6708111922 26.8812767498
9.7244936705 3.6260398807 27.3660751832
9.7728917694 3.8665681684 28.0291876974
9.9959306871 4.1084930670 27.4200508854
9.5310119797 3.7509966911 28.6672633145
9.6459669325 3.5625957972 33.9472309748
9.9214320162 2.9627868140 34.6639888588
9.6288652696 2.9308397672 35.9101950247
9.8752116114 3.5200618516 36.0727792906
9.6698181528 4.5330022504 26.1560924650
9.7933311765 4.1035105638 26.5075068207
10.0071049036 4.5353928907 28.0833689937
10.1595202095 4.8418156668 27.4661305119
9.8526652377 4.3663148706 28.7840374126
9.7004956156 4.2370931298 29.5597435034
9.7823055068 4.3843425505 30.4195325410
9.6340047836 4.2897386106 31.1446659846
9.8296805434 4.5408284678 32.2127011126
10.0559772707 4.7575347169 31.7366321496
9.7041396603 4.3344352226 33.2028643724
9.9726978714 4.3800168949 34.3417694022
10.0680307699 3.7908504366 34.7562072322
9.5765615845 4.5086181269 36.9807276915
9.9202375904 4.2911562794 36.3344523695
9.6229327370 5.2556913421 26.0404694134
9.9235749070 4.7051368530 26.3194938060
10.1406906833 5.3175060010 28.0941599169
10.2588654278 5.6732523655 27.5483208190
10.0516562309 5.1550505506 28.7591414636
10.0335164651 5.0569069998 29.5306276191
10.0789739948 4.9557266954 30.3428762250
10.1507494006 5.0131618058 32.3197228254
10.2898554848 5.4828433113 32.6976834349
10.0813851936 5.1253558080 33.0836493793
10.0399685762 5.1138348378 34.0966568321
10.1535195039 4.4243484662 35.0005414349
10.1274011838 5.0481853481 35.0900863038
10.2061708545 4.6592320655 35.4263727338
9.9576539147 5.1077212639 36.7138231214
10.0981097944 4.9250777573 36.1631405339
9.7838271002 5.2853211879 37.6606451025
9.7195713979 5.3430155768 38.6808189208
9.7869147346 5.4361429521 39.4022854110
9.5513696130 5.4431956250 39.9055577822
9.7586876340 5.7917793467 40.4051818573
9.8029759769 5.9575809689 26.0666078838
9.7330835453 6.7431681705 26.0038219841
10.0661473429 6.2681758665 26.3334410954
10.2446389477 6.0743877247 28.1532741683
10.3363248100 6.3895237961 27.7405014054
10.1611799425 5.8218794487 28.6353897543
10.2132936538 5.9746569831 29.3736778465
10.2879341723 5.8029071438 30.2432653893
10.2948209247 5.7812613386 33.2592320970
10.3842091266 6.3189835607 33.7275635333
10.2149551411 5.8160831396 33.9297876363
10.1947096618 5.9502465745 34.9880103174
10.1695039775 4.9892602158 35.7316594003
10.1343897456 5.5554904431 35.9751478641
10.1467587424 6.0249962959 36.9358248985
10.1896458216 6.1067199811 37.7785249036
10.1413028450 5.8978667459 38.5107479843
10.0869692884 5.7319093132 39.2011427752
9.4764849875 6.1271991042 40.8290111771
9.6411883239 6.8102974000 40.9897270199
9.7520451726 7.6594103982 25.9460711314
10.1186955708 7.0744154988 26.4096563646
10.3502468970 6.6973985845 28.2251358912
10.4340461155 7.1813339855 28.6372533821
10.2985983180 6.5631396658 28.8108088155
10.3781339403 6.7890638369 29.5223260954
10.4024187584 6.5576477048 30.0590473677
10.3594435130 6.5818493424 34.5153833570
10.3395423627 6.7656504240 35.2980264880
10.4299741487 7.2324674426 35.8489493751
10.2761251060 6.5506767571 36.0459688260
10.3471154478 6.8146986607 36.8562048394
10.3432975619 6.6397575217 37.4526869167
9.6695535217 7.6011919526 40.9912097807
9.8614520145 8.4068262514 25.8607780791
10.1757255148 8.0295485288 26.3522247726
10.4555633069 7.2439008632 29.2332065198
10.4403748246 7.2587601181 36.4844904890
9.6191851385 8.4504656137 40.8399272396
10.0555606642 7.8899511716 40.6077891917
10.0989126241 8.4223127531 40.4040265743
9.7810599087 9.2065781721 25.5150461660
10.1804018143 8.8150916412 26.1176006272
9.9017931725 9.0880695456 40.4143632146
10.2788916499 8.7630237933 39.9969333119
10.2545233967 9.5128241108 39.8895974785
9.7105932921 10.4177854010 24.4757278583
9.9724819175 9.9838880698 25.1720052890
9.8486871360 9.9181816622 40.3774561824
10.2330008195 10.2811310944 40.0051272923
9.8644427011 11.6613722733 20.5662958806
10.1439706542 11.5296701529 21.1154548683
10.1088243749 11.4600515494 21.8362197378
10.0080135585 11.3249650110 22.8453900391
9.8966632464 10.9586654488 23.8316730140
9.9833900206 10.6360268879 40.4008168916
9.8539465830 11.2514739609 40.8084652388
9.8738476393 12.7995719320 18.8991278346
10.3488243438 12.4001702892 19.3232548649
10.1993314663 12.0133176854 20.0410361490
9.6347179215 11.9047125836 41.5009222435
9.6949683532 12.3932383833 42.1070898635
10.1983155885 12.6140565903 41.8598867706
10.1119301631 13.2512999731 18.8810516184
9.9306677916 12.8242387562 42.5611103672
10.1077016308 13.3303781807 43.2019226745
9.6845989897 13.4963600783 43.8939801101
9.9601025521 13.9936284635 44.3399922514
10.0132481225 13.7062890222 19.0845064321
9.6243758348 14.0847683093 19.2987952218
9.7126808715 14.2907232864 19.9461194305
10.1477064271 13.8617189628 19.5757452992
9.8306902362 14.3814792672 20.4321009920
10.2108698299 14.0344011430 20.2634367708
10.0583846889 14.3580042276 20.9106282162
9.3300155573 14.5517021655 45.3840681104
9.8913627552 14.5297619139 44.9140298197
9.5604586797 15.3261299492 22.0229694918
9.7983381279 14.8419977014 21.5048212688
9.7648393668 15.4036665381 22.4565227713
10.0731765925 14.9614870365 22.2560913866
10.0149392008 15.3854027657 22.9143582940
10.2105678373 15.9952492938 29.2347932434
10.4227569836 15.2875920613 28.6723010787
10.3729320225 15.8023069606 28.3941128708
10.1579275859 15.9033495593 30.2482439908
10.3803348238 15.1545612576 29.4941490122
10.1891830871 15.8960423959 31.1726912185
10.3700032425 15.1559991657 30.4885469890
10.3784663163 15.3068880667 31.2901764345
9.7729755026 15.1369764860 45.6121584191
9.7011725559 15.6013005979 46.2032480299
10.0984792270 15.8675224726 45.8833653140
9.5152423164 16.4446805081 23.6050786102
9.7547082613 16.0296312800 23.3843650207
9.8010219368 16.4807448043 23.9925147631
10.2630304175 16.5435209656 28.5586718209
10.4459324912 16.0877870682 27.8957481829
10.4237092404 16.6938120018 27.9062769555
10.0707830291 16.7698237294 29.3083265498
9.9829982190 16.6896598849 30.0423333609
9.9666629724 16.7026881357 31.0261078672
10.2849573091 15.8119791122 31.8285388541
10.0910208845 16.6072193405 32.0647176019
10.2120045308 16.7835885715 33.0766181645
10.3310238910 16.0259320608 32.5632577980
10.3882537396 16.2458178593 33.3062594812
10.1916534606 16.8416671623 40.3182212021
10.4059836796 16.2070279031 39.9469587944
10.3559395369 16.6825665631 39.5262746436
9.9923627210 17.0275634000 41.4058822437
10.3337538335 16.1183500989 40.7673048417
10.0846200844 16.9217872234 42.5789487095
10.3021813878 16.0831913316 41.8308125166
10.1751475974 16.8922217355 43.6116381395
10.3341242662 16.0797059464 42.8930124604
10.2590863617 16.8595687009 44.3220051114
10.3581083069 16.1715077369 43.8394916887
10.3589903283 16.4379629488 44.5934332674
9.9744641441 16.2052777335 46.6379629018
10.2712949109 16.5424604648 46.2920533468
9.6983620129 16.4310862696 47.4499070163
10.0982419726 16.5931681539 47.0899435736
9.5894670825 16.6991331239 48.2274191977
10.0038318879 16.9824901090 48.1265507593
9.5013329142 17.8731849734 24.7088257813
9.6373320658 17.2255681025 24.4621806014
9.9522603101 17.7681425600 25.0535055066
10.3181937504 17.1505039183 28.3429503404
10.3065339502 17.6837497207 28.5284470680
10.1195510027 17.3992054304 29.0395414477
9.9323061639 17.3282716962 29.7818482038
9.7738950311 17.6080725420 30.6941075541
9.8119437367 17.6643177365 31.8674341889
10.0263666549 17.4355849111 32.7659105164
10.3382538630 16.7507227019 33.7736820320
10.2348268618 17.6022255277 33.8221369212
10.4105059010 17.5607040987 35.0291358399
10.4277942703 16.8734263173 34.5435745221
10.4806714884 17.5218377406 36.0877294071
10.5361272082 16.8763810059 35.5765924577
10.4811808330 17.4998183009 37.1416335348
10.5786049402 16.8666552285 36.6685396365
10.4208095880 17.4882553627 38.2113361658
10.5297061836 16.8787249572 37.7284577305
10.2715771711 17.4927364811 39.4596675626
10.4398709069 16.8277725655 38.7231547577
9.9776357322 17.5907767368 40.7281273479
9.8786076771 17.8517600033 42.2170978274
9.9927332295 17.7670405556 43.4577842254
10.1370926985 17.7018000377 44.5183106152
10.2970843420 17.1737598773 45.0078881218
10.2574262124 16.7565212226 46.8274904895
9.8028459338 17.1824430775 48.8886034301
9.6807893706 17.4867019647 49.7627916682
9.6395689881 17.7104677211 50.4136484359
10.0433671892 17.9430317955 50.2882194766
9.7349789084 18.0260250452 59.6986488895
10.0074813908 17.9358871418 60.3134924732
9.9115630151 17.8043944477 60.8696063761
9.7492038870 17.8363018051 61.4032841987
9.9935607974 18.1288963401 61.6911604388
10.0564048831 18.6372734237 25.4349130343
10.1756945193 18.1048985679 29.0221590849
10.1629692642 18.8590261615 29.1919199137
9.8726501400 18.2673042325 29.8744567203
9.9588752513 18.5510356541 32.8702363329
10.3045548818 18.5626150755 33.8120814732
10.4534401073 18.2821891785 34.5568102240
10.5645145905 18.1718538578 35.5191495793
10.5936309879 18.0968698074 36.5419915042
10.5667249524 18.0740481384 37.5814509036
10.4821421103 18.1011466907 38.6256386907
10.3790979895 18.2106599302 39.4081379591
10.4090802876 18.5485302610 39.7408627014
10.2192021567 18.2158128470 40.1571769715
10.0021988163 18.4351723249 41.3721434984
9.9387188378 18.8192913297 42.5340768164
9.9100722344 18.7130565999 43.3984641832
9.9830567640 18.6886227127 44.4408971674
10.2504017638 17.9246850641 45.3380317408
10.1403314154 18.7210685822 45.4721389570
10.3012624254 18.3752272904 45.9064389247
9.9550954032 18.1680854744 51.0636190506
10.0825210036 18.4439317985 51.9074217271
9.9817431177 18.4825727189 52.6171491294
9.9463516040 18.5665769650 53.5971872667
9.8790021423 18.6013116385 54.6544020996
9.7771552265 18.6064355569 55.7033237306
9.6548241548 18.5821579252 56.7807625723
9.8822010558 18.6444798076 57.6403546830
10.1775348261 18.8756958120 57.3999009132
9.9523292020 18.6310436547 58.2487722677
9.8340130543 18.3939158346 58.9215975902
9.6673551993 18.3674736558 62.1213168532
10.0403323016 18.4603965781 61.9707476186
9.6745567211 20.1005336023 15.1229542060
9.6931967497 19.9930173307 15.5193143723
9.8342035910 20.1080560102 15.7186913889
10.1378579860 19.4560139422 25.5777709703
9.8515156400 19.4026260217 29.9064623237
10.1812925475 19.8407644029 29.2703739432
9.9494690329 19.9294179127 32.6921764313
10.4189723637 19.4771520862 33.5901574760
10.4630935437 19.0873723917 40.3268490822
10.2800444481 19.3862032575 41.4330850253
10.3413789923 19.9777724718 41.9446789593
10.1175644505 19.5673350575 42.3573884775
9.9732199248 19.6337251685 43.3960134588
9.9280326216 19.6495527657 44.4039331819
9.9931496899 19.6840070278 45.4304629667
10.2728677442 18.9656278378 46.2648584100
10.1577703912 19.7428103698 46.4414506835
10.3310922529 19.3865420447 46.8492278792
10.2505047031 18.8866509063 58.0149841819
10.0829821854 18.6431791907 62.1205764942
9.9914966630 20.8543993752 14.1132093032
10.2491368852 20.4913056893 14.8076671771
9.9137095991 20.5415424776 15.9731173215
10.0540973086 21.1833702619 16.3067938586
9.5859473214 20.6435274087 24.6421556420
9.9874342847 20.2549051622 25.2458406728
9.8712055717 20.4186327309 29.9800997100
10.2149006808 20.8863247544 29.3675495834
9.7203789575 20.6785511832 32.1152202867
10.1204660948 20.9855674935 32.6510161586
10.4634702578 20.5615313433 33.2777372265
10.2871166416 20.3260726653 42.5565573988
10.3495726551 20.9053052603 42.9676378534
10.1497110777 20.5413445361 43.3629523853
9.9915455916 20.5998745804 44.3830199486
9.9415765310 20.6477174447 45.4036252800
10.0124361918 20.6928342491 46.4083955702
10.2970835262 19.9891851648 47.2322924053
10.1836036514 20.7453196837 47.3773895320
10.3581185140 20.4153598894 47.8070771546
10.3169434732 22.0992938336 13.1002673685
10.4427983944 21.4048935257 13.6348794242
9.4222219877 21.5954603073 16.9502657571
9.7623427902 21.7961812404 16.6101217448
9.7036530555 21.9212987486 23.4819934308
10.0205218804 21.7056228901 24.2156838663
10.0286141955 21.1422615540 24.8150668117
9.9227986278 21.5360949509 30.2246770780
10.2829963001 21.9370817239 29.4814116412
9.9142346725 21.7173499379 32.0349251638
10.2784537233 21.6766964983 32.7087177633
10.4812974045 21.3171101955 33.0905951262
10.2995099990 21.3050040806 43.5664731078
10.3587735388 21.8986338308 43.9614727923
10.1588406032 21.5458613995 44.3663483485
10.0000651754 21.6139453865 45.3781907602
9.9650987418 21.6552193217 46.3763162130
10.0590386942 21.6632519949 47.3163778692
10.3282556178 21.0065109392 48.1379522200
10.2298047419 21.6436150998 48.1215526306
10.3995772513 21.4983536933 48.6732762947
10.0268017617 22.0358355174 62.3042718479
10.4086841322 21.5347703118 62.0733998723
10.1286227890 22.2980239267 62.1486198051
10.3023047783 23.0950523874 12.0441944958
10.5467561407 22.5980572640 12.6637353584
9.6883404192 22.5388351479 16.3908257098
9.5675095514 23.5866335029 21.1456526814
9.8830920554 23.2875608659 21.5802563836
9.8902102403 22.9095956364 22.1322800792
9.8490030687 22.4485565878 22.8602245382
10.1049523881 22.5826225854 30.2201358555
10.3413696814 22.7557756205 29.6246046995
9.8723539809 22.4289458764 31.1703636052
10.0683678118 22.8789506380 32.2114959654
10.2921006987 22.3367664375 32.6618260484
10.3035526763 22.3148822500 44.5476075969
10.3570048753 22.8988323959 44.8876069726
10.1550448220 22.5812572680 45.3353622683
10.0155338883 22.6385914264 46.3319581560
10.0288297838 22.6254430994 47.2790419753
10.1704037551 22.5378623029 48.1389972595
10.3698524238 22.3174492089 48.8802414344
10.5339785119 23.0465974661 52.6361846811
10.5948709845 22.6412277461 52.3684647366
10.5616882569 23.1347214130 52.2418412100
10.6133947660 22.7515642420 52.8401295674
10.1391660858 23.0937399665 62.0363964351
10.3010321186 24.1038317946 11.0039241773
10.5388139214 23.5718785484 11.5964857198
9.4095964370 23.9070074766 13.3878255156
9.9376140505 23.3935477228 13.6972058093
10.0628249806 23.7605607175 12.8891264976
10.1233355493 23.0513830180 14.2788885559
9.6501604182 23.2160791912 15.7556511352
9.9974539849 22.9982212600 15.1645595239
9.5984912857 23.0229047622 16.1402664554
9.9783781493 22.7912572805 15.9160408805
9.6472131211 24.2640238305 21.0154936216
10.0175312144 23.8664302197 21.4602715187
10.5918450235 23.7540995277 24.7758671212
10.5941113451 23.6011534755 24.6046993534
10.6278046685 23.8934839028 24.6566955663
10.6167835515 23.6364582508 24.9036668025
10.2405892552 23.2701167376 30.0802632762
10.2557678418 24.0409668713 30.2318281020
10.0296065189 23.4855129683 30.7768294061
9.8995168007 23.9555313328 31.8601285868
10.3517353988 23.0100329400 32.8071187564
10.2355235151 23.7473101423 32.7707013916
10.6224600326 23.3485177273 33.3103180946
10.2954782275 23.3821619896 45.4349038393
10.3798116011 24.2151905600 45.6503776154
10.1409092946 23.6808107966 46.2471977035
10.0665703709 23.6144804968 47.1983600142
10.1644579154 23.5347681246 48.0911474755
10.3498257766 23.3275393512 48.9299352836
10.5288478707 23.4087472199 52.6582941840
10.5792955193 23.7088406695 52.4659257792
10.5869722808 23.3268057909 53.0617057612
9.5417285818 23.8191415595 62.3196485523
10.0227265927 23.9549997306 62.0336419220
10.3072305295 25.1046191035 10.0092953730
10.5452952857 24.5886537683 10.5758893486
9.5810857962 24.5820070454 12.4139530295
10.1264376153 24.1547581295 12.3312448776
10.1510713291 24.5822150338 11.8541865449
9.5982227652 25.0322229569 20.9907591731
10.0475504331 24.6884803649 21.3770732285
10.6504768749 23.9287886782 24.9556630154
9.9252322066 24.6132265408 31.0880228655
10.2867043044 25.0480424011 30.3063267223
10.0026064959 24.8673454485 32.8745320004
10.5830883199 24.3827920059 33.5975895048
10.2224031923 24.8477558589 46.4441818292
10.4508741864 25.2734254927 45.7246539987
10.1226181369 24.4730617584 47.0664616536
10.2025563688 24.6300416802 47.9416468354
10.3629681997 24.3545682855 48.8547031957
10.5899916598 23.8179126361 52.9311076606
9.9289960687 24.8372915289 62.0625466623
10.1619209448 24.8962251875 61.8000452715
9.9754847337 25.9060233259 8.9523439386
10.4991074401 25.5670154076 9.6094937130
9.7309034194 25.2844698819 11.6582443566
10.1508586928 25.1126416710 11.4093854945
10.0145915211 25.8857010173 10.9791725360
9.3561854404 25.7037956311 21.0107812199
9.9007237620 25.7331237548 21.3592009421
9.9079422089 25.6808741487 31.0052440488
10.3033807447 26.1330875781 30.3414791730
9.8690785390 26.1102027023 33.3937958970
10.3396581501 25.4831143763 33.7938501901
10.2712890132 25.9445545302 46.4057007780
10.4309781760 26.3018542713 45.6643388281
10.2166299260 25.5407749955 47.3064506690
10.3230217030 25.5966269366 48.1758070452
10.3912396101 25.2003752903 48.7105189779
9.9654054002 25.8438374425 61.6641808678
10.3029660241 25.3301521046 61.3876897485
10.2447177752 25.9470774890 61.0770398707
9.8488375770 25.6878948926 61.9757151799
10.0486701271 27.0351896018 8.0071472238
10.3466605099 26.3969590902 8.5663650428
9.8933559230 27.1815816276 10.6159559649
9.9486938221 26.9171584414 21.4795904760
9.8851117082 26.7264795320 31.0464751415
10.2630329494 27.2157288272 30.4406179944
9.6016948114 27.0878704438 33.5352643528
10.2096778955 26.2862637076 34.0938663236
9.9744914658 27.0582886607 34.2708439341
10.3219095162 26.7255377853 34.6150535654
10.2834821394 26.9621692425 46.0735970989
10.3765721563 27.0708579998 45.4906716245
10.2830684081 26.8243645069 46.9777409476
10.3752271787 26.4536284767 47.9425973100
9.9725845286 26.7590882193 60.8750644545
10.3336864345 26.3019156774 60.5007998961
10.2488543469 26.9102208143 60.1288438547
9.5165677678 26.8215550563 61.5039540419
9.6026220855 26.3463493040 61.8486625782
9.8657262380 28.0743357557 7.2609539418
10.1801196307 27.6969339136 7.6398165850
9.8656111333 28.2212863577 10.4464838132
10.1040037725 28.0002569008 21.4412539377
9.8412484254 27.8776419629 31.2070028562
10.2491214283 28.2474664857 30.4916808861
9.6080315177 27.9565520002 34.2873367255
10.2515943352 27.2770728103 34.9664942235
10.0014748934 28.0054526067 35.1852090680
10.3434529243 27.6662515219 35.5275926199
10.3124254421 27.8257060242 45.4454071764
10.4376468906 27.4904627909 45.0643656338
10.4111185295 28.0209376754 44.8309919901
10.3007241243 27.8807292190 46.2885767089
10.3743557144 27.7284889029 47.0797970010
10.4220879398 27.3162016011 47.6583853006
9.9683101011 27.6841256243 59.9898235671
10.3309634928 27.2745351181 59.5192554808
10.2516663424 27.8655463411 59.2096557548
9.3934314756 27.6054201531 60.8276564774
9.4520097120 29.3808457466 6.3604303090
9.8559882114 28.7994136279 6.9376632315
9.8196177346 29.0671920575 10.3369749955
10.4773628430 29.0403139840 21.3627068631
9.9485586764 28.9923285221 31.2022861874
10.2882204815 29.2679391338 30.4678010954
9.6088356842 28.7534299208 31.8345061550
9.6098824030 28.8758156053 35.2046710074
10.2513783776 28.2223434935 35.9309816395
9.9785615211 28.9402224574 36.1518658798
10.3196312908 28.5794281121 36.5087321157
10.3550585212 28.6017950917 44.8454655676
10.4753452929 28.4435349849 44.4027373428
10.4493315689 29.1433523888 44.2668112015
10.3281985662 28.7503454469 45.5029472266
10.3796006840 28.7183131784 46.2077449313
10.4160745588 28.3748050307 46.7913251780
9.9910807674 28.5276501514 59.2257983150
10.3227303946 28.2681713185 58.6485667061
10.1646981631 29.0595419027 58.4229340250
9.4334215235 28.5865881175 59.9224268745
9.6370049300 30.2520752127 6.2078489184
10.0779294218 29.7467285244 6.7880197674
9.7861599584 29.6748627851 10.2283947452
10.2324895913 29.3747054663 10.0944692997
10.0930789521 30.1525553580 9.9792787816
10.0103472492 30.5241832199 20.5255088443
10.4320897756 29.8775426289 20.9381768923
10.0472611411 30.0550046135 31.2325272780
10.3333121362 30.2854216334 30.4630866534
9.7038043129 29.8344722028 32.0815040775
9.6093181490 29.6558880049 36.0481918142
10.2100680401 29.1386675835 36.9611362797
9.8859474199 29.9850192176 37.1155438545
10.1396954404 30.2691826892 38.3075407852
10.3305544821 29.4492644373 37.7551024867
10.4361895834 29.6943636745 38.5611673402
10.3324868081 30.5069641079 42.3326216201
10.5181496165 29.8685606711 42.1582484087
10.3940175313 30.2713294583 41.7317161478
10.4939673788 29.9755883220 42.7226798528
10.3785162923 29.3183903498 44.8235807415
10.4467060854 29.8094054662 44.4183104515
10.4022839879 29.5012379286 45.3191481285
10.4221346540 29.2852440171 45.8623571529
10.2646021600 30.5447233880 51.7445736698
10.4331740144 29.8203292652 51.2641839735
10.3417136993 30.3606671637 50.9192787824
10.3294876251 30.3571979473 52.4595336604
10.4420681874 29.7443025961 52.0227927010
10.4585780837 29.9348751241 52.7611521265
9.6491612054 29.4551218117 59.0712038563
9.9111962475 30.1282855261 58.2254139343
9.8034271620 31.2364780196 6.0815552354
10.2248736486 30.6829007558 6.7207139146
10.1826904253 31.1230700499 9.8924048461
10.0923996263 31.3918198141 20.1822079115
10.1585053708 31.0397393725 31.2040202314
10.3823779400 31.2250183295 30.5077607438
9.9096375723 30.9506683475 32.0496646165
9.6541242697 30.8648465095 33.0200069826
9.5557024954 31.1759339582 34.0240321264
9.8534915338 31.1864647065 37.9244992216
10.3264657143 30.1989366600 39.0887350371
10.1257115316 31.0548914793 39.2911341143
10.1886200357 31.1549262380 40.5920688865
10.3934572318 30.3099194391 39.9421231518
10.2001114554 31.0839630015 41.7369352244
10.4127347412 30.3211578996 40.9798913213
10.1979080405 31.2863678333 42.7235281199
10.3550138210 30.6613318854 43.0658787748
10.4425076464 29.9080859466 44.9465103874
10.1654032637 31.3260058529 50.9371092505
10.3652524381 30.6080674667 50.2905290116
10.2836709809 31.2243415577 49.9659282042
10.1238424507 31.4031991379 51.9480712081
10.2189103821 31.0540389895 52.5598921296
10.3689285859 30.6281247240 53.1023963245
10.2460269809 31.4027169252 56.0058315485
10.4169399251 30.8771991806 55.5347693423
10.3021333930 31.4783537384 55.2818295446
10.3905415738 30.8165760675 56.0596168525
9.8338348930 31.1017894730 57.7913817894
9.9220790518 32.3732837737 5.8569737805
10.3758922231 31.7282618940 6.6672933888
10.3676207071 31.9688452955 9.9662801970
9.7654746857 32.3968371348 19.7501727724
10.1232809185 31.9536563066 19.9526676600
10.2586827698 31.7217830008 31.1167333633
10.4005725416 31.9410131846 30.6924930401
10.0962147006 31.9999782046 31.8942005749
9.8970675190 31.9365185852 32.9152844612
9.7656841062 31.7949726847 33.7741180278
9.7901850525 32.1862105548 34.9506233893
9.7318415263 32.1705207907 36.2553948917
9.7639123282 31.9831543527 37.3234439482
9.8927990643 32.0295099461 38.0980987890
10.0417809106 32.1442028415 38.9295796097
10.1246865292 32.1553852319 40.2350756825
10.0845483073 32.0724554921 41.4333094924
10.0691985131 32.0876701841 42.5060227510
10.2664919367 31.3438158131 43.3660511058
10.1432480197 32.0807358411 43.5007543560
10.2839723798 31.6551175246 43.8691823271
10.2089487228 32.4911110567 47.6976052382
10.3841138034 31.8322626398 47.2278077132
10.2940543551 32.2764822482 46.8454134243
10.3686774220 31.7825973326 47.8301172424
10.1065719556 32.2011754267 49.9598355622
10.3093124482 31.4847594920 49.3428652879
10.2248767266 32.0359113235 49.0011321452
10.0224272464 32.3228490793 50.9629856849
10.0450646641 32.1899293337 51.7633555450
10.1190259210 32.0523469031 52.7846766652
10.2674956002 31.4366938833 53.3080118479
10.0506223851 32.2636781749 55.8770670761
10.1914718072 32.1105523820 55.0180279835
10.2462241645 31.1705020196 56.5092456572
10.0270576258 31.8069403760 56.6644276222
9.7678240472 31.9083217556 57.3984088407
10.1061645156 31.1831648608 57.0848142135
9.6783614872 33.2559326131 5.0859612210
10.1843461667 33.4149033738 5.8497832079
10.6197888049 32.9248542743 6.6838579026
9.7834472884 32.6431852425 10.2362074975
9.9718616018 33.4416051462 10.3908149913
9.9839039781 32.8239420274 19.7755711150
9.9602878482 33.4900536550 19.8106701647
10.4370072336 32.8811531689 20.0564131845
10.2912477600 32.3635026302 31.2843546077
10.1885856576 32.8032986355 31.8861637085
10.1821138556 33.4070812582 31.9917969887
10.0548720573 33.1972522071 32.7704196742
9.9768622916 32.8372136354 33.9801055516
10.0709422114 33.0704198414 34.8513510226
10.0813380490 33.0647892366 35.3905926955
10.1937964606 33.5145012891 35.7938598181
10.0118407751 33.0938873770 36.1278413870
9.9441900810 32.9953544906 37.1746028066
10.0125073656 32.8201740072 38.2073844764
10.1777982277 33.0121960094 39.0562145641
10.2189526750 32.8579320272 39.7500301686
10.2260636786 32.9502297992 40.4732518418
10.2809362788 33.4212414572 40.8811638878
10.1398125218 33.0359093997 41.2815254385
10.0317413759 33.0300791862 42.3552433990
10.0189606389 33.0167560115 43.4071896848
10.2287623026 32.1479213482 44.2722383587
10.0965927194 32.9456948728 44.4931809943
10.1350855769 33.1582291214 45.6750866534
10.2592241807 32.3259023484 45.0565807085
10.1359525773 33.1467420899 46.8701694622
10.2869760241 32.3563028807 46.0382865630
10.0518012466 33.3552385373 47.9259105292
10.2531980153 32.1343596821 48.3744427193
10.0668026205 32.9519535136 48.8902939058
9.9784249482 33.2716923026 49.9791134942
9.9825480946 33.0974707683 50.7756494444
9.9964564906 32.9298135040 51.5236000515
10.0675681663 33.2650512855 52.5656913683
10.1942367946 32.0990949405 53.6255224433
10.0855410624 32.9639857483 53.8207058157
10.0230895472 32.9759459430 55.0902360446
10.1980009666 32.2509655912 54.3287301919
9.8542261230 33.2108845062 56.0854515255
9.7006897883 32.8433990662 56.9674597853
9.6146594899 34.2219964803 4.3990330483
10.0358013422 34.1495567037 5.2788235965
10.3642850112 34.1081044858 5.8733088456
10.5570307584 33.7590707119 6.3092533271
10.0731495180 34.3220918649 10.4844912133
9.9264541986 34.3736807360 19.8143811557
10.5162841097 33.7877911106 20.2509596165
10.0776150371 34.3116554144 32.2344647374
10.2597048413 33.7047246137 31.5591377456
10.2499997248 34.2117661377 31.3243275595
10.0174742930 34.3764731981 33.2540464256
10.0787014002 33.9916715362 33.9340154003
10.1712922144 33.7534991549 34.6913844907
10.2002080240 33.8430440516 36.3052991671
10.2796043127 34.5740119813 36.6433693852
10.1369518487 34.0566872588 37.1216837388
10.1280644964 33.8760684628 38.0654433650
10.2393093584 33.7278769592 38.8813094840
10.2480181397 33.7832223853 41.4233740221
10.3134355455 34.5157601504 41.7485790761
10.1264040634 34.0300972637 42.2645451233
10.0149730014 33.9739214023 43.3033686507
10.0174720657 33.9220449903 44.3278334792
10.0568026138 33.8325305293 45.2356910140
10.1021381051 34.2908828811 46.3775718330
10.0392281961 34.1546820078 47.6177415774
9.9769659438 34.0988585443 48.6752039632
9.9425767882 34.0845253375 49.7122621310
9.9530044399 34.0714873117 50.7222261054
10.0298262649 33.8750275712 51.7053438266
10.1367478255 34.0807132106 52.4716347352
10.1591809870 34.0742117963 52.9658137514
10.2031727220 34.4856558230 53.3278447726
10.0944898960 34.0759598363 53.6708835413
9.9681985425 33.9928208530 54.7485956474
9.8316350802 33.9728022686 55.7759005208
9.6533301496 33.9415151773 56.6986247235
9.3561973772 33.8480437503 57.5648984562
9.7056289609 35.2035890224 3.8790300306
10.0626089208 35.1322781975 4.8192982403
10.3924532914 34.8206126914 5.6576150094
10.1204676167 35.2783112805 10.4982454453
9.9482491172 35.1181441400 19.7291720176
10.3499836404 34.7499076151 20.1528343766
10.3118984270 35.2227893882 30.5484730969
10.4946882361 34.7668212418 29.9524907449
10.4940008958 35.3396860920 29.9397482383
10.1181054002 35.0550570862 31.4295583133
10.3651008814 34.4539425919 30.6079806357
9.9090668737 35.3702183257 32.3289621468
9.9004660261 35.2855174356 33.1618850616
10.0368012494 35.1644143739 34.1722830524
10.2094780366 34.6723454576 34.7686990021
10.2525069596 35.0967027577 37.4128871611
10.3343486026 35.3195778862 36.9619721256
10.2267914749 34.9964766547 38.2062470165
10.2977760656 34.6350323049 38.8743895270
10.2347613548 35.0072386968 42.5155555672
10.3832134168 35.2532546580 42.0672811490
10.1094475148 34.8935100114 43.2525007188
10.0686298610 34.8517959127 44.1993871293
10.1060690287 34.7809201507 45.3002537146
10.1982814412 35.1080457502 46.1687543898
10.2077704946 35.1263951259 46.7509653772
10.2855458434 35.5737111570 47.1815875803
10.1459159554 35.0887463795 47.4813906839
10.0340016122 35.0352752607 48.5008043070
9.9542277137 35.0634343814 49.5537224039
9.9309978271 35.0681886673 50.6089714384
10.0189123173 35.0395323780 51.7096668545
10.1520051532 34.6840678330 52.3524382447
10.1587243973 34.7996708459 53.7742387259
10.1405027171 35.4491892423 53.9217435152
9.9969941641 35.0264397723 54.5328986824
9.8060352876 34.8875360222 55.5724887012
9.6649397397 34.7205633672 56.3877946414
9.4042702852 34.9290799016 57.2646411047
9.0632516713 34.7122788222 58.0271487157
9.5168781743 36.6566952729 1.5155740067
9.7660647497 36.4266853184 2.2471057379
9.8009887626 36.0091973466 3.2280906857
10.0544433074 35.9681779289 4.2085894977
10.2932571351 35.9641765475 4.9320365955
10.4270891438 35.5759679850 5.4441620139
10.2104421813 36.3490575066 10.4346861034
9.8601458373 35.9167904027 19.4046291360
10.2514844338 35.4585930308 19.9163359146
10.2488079411 36.5019946683 22.0295617137
10.4888968561 36.0768129054 21.6176660151
10.3824874003 36.6693069304 21.3058765716
10.4638285028 35.9508991631 22.1552825878
10.1322770264 36.6320017590 23.8681473612
10.4379542049 35.9116581099 23.6221147699
10.2383682984 36.2897191207 23.1435668419
10.3032453359 36.5856697854 24.6206355847
10.4763522333 35.9631111299 24.3422466227
10.5139163937 36.2348136038 25.0115272629
10.3641713606 35.7668666271 30.3822019827
10.3252062898 36.2814191122 30.5677106352
10.1105195311 35.9582522934 31.1004517350
9.8848265123 35.9014771175 31.9252482233
9.6167371791 36.3667707119 32.9227573600
9.7909871723 36.2012827727 34.0693682358
10.1962133075 35.4521211233 34.9975767890
10.0472956542 36.1915025469 35.0447222209
10.2536887558 35.9198212083 35.5147286392
10.3208738930 35.7480389009 37.4791476794
10.3489032771 36.2917163770 37.8218337426
10.2899478462 35.9086927624 38.1344059716
10.3277237236 35.3795808043 38.9951785627
10.3172007859 35.9193277527 38.8606063810
10.4094016282 35.9138635443 39.4407278692
10.3484725572 35.6426005191 42.5965715821
10.3993264096 36.1726578696 43.0073829482
10.2533615565 35.6606441163 43.1923602904
10.1996179435 35.6882905114 44.0201001903
10.2129572344 35.6607790925 44.9396539193
10.2830754569 35.6945632994 45.8332094038
10.2832398905 35.7928887680 47.7071685520
10.3499571110 36.3099565575 48.1637225049
10.1893583314 35.7992508067 48.3535539817
10.0854779759 36.0545648128 49.4161601253
9.9540250487 36.0289787141 50.4813525033
9.9293646140 36.0712336845 51.5303137482
10.1488160423 35.3477952460 52.5087579520
10.0381409555 36.0580216299 52.5909410479
10.1857658960 35.6736872073 52.9588764500
9.9567987606 36.1861234474 54.5287223939
10.1087252301 36.0320823641 53.7765662614
9.8021877783 35.7385413222 55.3812167037
9.5424353432 35.7519587561 56.4546541671
9.6280120951 37.6031501475 1.0847300575
10.0428436544 37.1549902283 1.7729383501
10.1702445367 37.0592064515 2.3630334256
10.3636806691 37.4238319062 2.8307335714
10.1153842441 36.8420722657 2.9697492690
10.1846426963 36.7291181225 3.8055004114
10.3619927348 36.6760439522 4.6717407768
10.1071215355 37.5056546402 10.4461540701
9.8352426957 37.8158235402 17.8248504354
10.3520920522 37.3737441562 18.2772407654
10.2346668445 36.7675753641 18.9411394370
10.0751271515 37.0763394162 21.7671607400
10.2514539563 37.4026040805 21.0944680001
10.2639137705 36.2794214338 22.5880127942
9.8332388088 37.0064852327 22.7803615274
9.6498299765 37.5241305571 23.9306926919
10.0697775275 37.3080740583 24.6104742420
10.4074835483 36.9488102935 25.2424226882
10.0979520288 36.7023374821 31.0492044735
9.8680004102 37.5263500240 31.1691610952
9.6987657000 36.7936885320 31.8721030650
9.3613488843 37.1521304410 34.1087873991
9.7202758390 37.0097468403 34.9707428233
10.2004778138 36.4617112666 35.7776182613
9.9892026171 37.0134003369 35.7344471018
10.1921468511 36.9192427454 36.2851251463
10.3487322045 36.5973748667 38.3272991296
10.3841161345 37.0577578428 38.7578856883
10.3522605105 36.5647691368 38.8268410032
10.4265691923 36.5600041692 39.4898903114
10.3638436648 36.3962262469 43.7783805123
10.3526354611 36.4459890677 44.7333165067
10.3716117991 36.3287752877 45.5250363613
10.2966557791 36.5814580536 48.9138207376
10.2238023685 36.8736402126 49.6638430784
10.2500277649 37.3975914788 50.0602294452
10.0591395340 36.9933449622 50.4452778398
9.9121857040 36.8680149084 51.2935387414
9.8425971836 37.2650476201 52.4330419071
10.1296773882 36.0549203338 53.2903717277
9.9812405657 36.7550871125 53.5847936487
9.9034219683 37.4340683317 54.6468297028
9.6685176112 36.7425773050 55.6608268361
9.6678371781 38.6027191175 0.7782718235
10.3946676188 37.4628202910 3.5666634294
10.4393918740 37.3375419921 4.3288434642
10.1584081322 38.6200482524 10.4514193162
9.9455783209 38.5058409639 17.6262947442
9.6310948233 37.7754606083 21.6089226745
10.1343335101 38.0405739065 20.9149666667
9.7037160186 38.3907330087 24.6920193919
10.2455345518 37.8845946259 25.3622296019
9.7120749757 38.4400556108 30.9018183988
9.3134526811 37.6991423792 35.0783647800
9.6433405358 37.5928663222 35.6989094172
9.9020647641 37.6747440666 36.4974837983
10.4204756956 37.1144131303 39.3072800579
10.1451637363 37.7740931002 50.5921861905
10.1222463468 38.5317287548 50.7668794914
9.8819587069 37.9319876007 51.4795530457
9.8363397395 38.0846072257 53.6505535132
10.0013842070 38.2028276400 54.5028816928
9.9883047003 38.1036692881 54.9685373123
9.9637229881 38.4076007105 55.2548914860
9.7136777036 37.8774287030 55.5264377095
9.8904927893 39.3926997656 0.7291445646
9.9206835215 39.5586464622 10.5320133827
10.0881916294 39.2286042178 17.6110124215
9.7850544686 38.5571030831 20.8031976912
10.2966633717 38.4547967985 20.4794588458
10.0521851204 39.1692522855 20.1524232141
9.3547785608 39.1913600891 24.6161010059
9.7217125096 39.2474010478 25.2558270803
10.1103003868 38.7565223470 25.5494236460
9.5298764773 39.1511368868 30.5350450797
10.0074011761 38.6903736536 30.5314574494
10.1254338001 38.9823705277 30.1131528183
9.4031402765 38.9530306336 37.6715959890
9.6526618362 38.4345722578 37.0933819540
9.5391136256 39.1332570580 38.5084975798
9.8954155392 38.5466888819 37.9199207494
9.6610298362 39.4056984420 39.5298863263
10.0364229364 38.6316956529 38.8510031555
9.9521888783 39.4828607512 40.4367494877
10.1633784550 38.8265558030 39.8540974371
10.2586626319 39.0794259767 40.6375896086
10.0899187483 39.7996262443 44.6270516366
10.3346933971 39.0377554501 44.1092186675
10.2178246389 39.5499238721 43.7192719909
10.1181692944 39.6648863850 45.7297114482
10.3167292154 38.9223441993 44.9796064407
10.1674937092 39.6259545176 46.6663774321
10.3290818508 38.9223259009 46.0032472044
10.3505575332 39.0602751662 46.7991531153
9.7865577796 39.2309859589 51.5961007652
10.0893664898 39.3101895682 50.6928939907
9.6815424230 39.2473019685 53.6883222287
9.9720000244 38.7618288480 54.3561190380
9.7263993975 38.5594380176 55.5723668077
9.5162260138 39.1307422526 55.5589604039
10.0021182504 40.3486539769 0.7056974459
10.0350563580 40.3476235734 10.4687225083
10.4055709355 39.6982622442 17.8420510777
10.2524792526 40.4677439520 17.6959554610
10.5339418068 40.1933517025 18.0312270101
10.0460448069 40.0257331575 19.6088753909
9.2976802394 39.7056605007 25.1674730946
10.0153161906 39.3431867960 25.8532807776
9.6207265246 39.8041721411 25.9647769556
9.7781171266 39.9628817187 26.7731519071
10.0985561617 39.5674740258 26.4694060377
10.1159477588 39.7300912562 27.1516039081
9.7186591618 39.9073665090 29.0693735234
10.2005582385 39.6524311094 28.7580147951
9.8568931397 39.9766479495 28.3780229763
9.6204060820 39.6092678774 29.8418743012
10.2085898999 39.3872492211 29.4240613126
9.4577302780 39.9618783706 40.3734639279
10.1431273845 39.4928294076 41.0556564018
9.7892501168 39.9529475743 41.1611947933
10.1128893942 39.7071764521 41.6383011303
9.8649473296 40.4040568463 43.5932987358
10.2126614789 39.6845763628 43.1245111232
10.0663295435 40.0061756764 42.8255557850
9.8252740614 40.6742616345 44.6963916769
9.8779004904 40.5246192177 45.5457655438
9.9343694684 40.3791470572 46.5265471193
10.2582188321 39.5337438940 47.3210645711
10.0145040132 40.2815754394 47.5645936302
10.0473089936 40.3680265751 48.6441958503
10.2737352062 39.6963584933 48.0541878198
10.2883628825 39.8079356525 48.7975546687
9.8272127668 40.1396490003 50.7749226899
10.1849299274 39.6332473263 50.1865458238
10.1009663970 40.0966316085 49.8903337072
9.6354014140 40.0147513657 51.6955120216
9.4771366812 39.8688996870 52.6555436198
9.4135411709 39.9350698434 53.7192844539
9.8733138139 39.2728358775 54.5200570054
9.5390030470 39.7322482884 54.5239161804
9.4661432003 39.6386317795 55.1916426742
9.8062345271 39.3373673306 55.0333193511
10.0562188663 41.3573860714 0.7138390234
10.1391440246 41.3570737194 10.3150226742
10.1659762718 41.4347498143 17.4404328296
10.4482676362 40.7472225868 17.9132940926
10.1089633654 40.6964203150 19.1933853978
9.8415040198 41.4657709731 18.8898928696
9.6672700159 40.0929423667 27.5723828257
9.7542891306 40.2853493026 42.2291025159
9.3795390148 41.3769976632 43.8490924354
9.6267734013 41.2055108950 44.4355165416
9.5985053035 41.5371847082 45.3405141791
9.6853400899 41.2507823403 46.3669344677
9.7523576016 41.0148722386 47.2464739621
9.6193904713 41.2665330119 48.3917198648
10.1496113040 40.1640966065 49.3031011728
9.8027370494 40.7321425101 49.6320287151
9.3798081934 41.0714921817 50.6422217583
9.3403310876 40.6241560325 51.7280647011
10.0910147864 42.3807236370 0.7312847965
10.0762331247 42.5705905813 10.3929304379
9.8333147957 42.8105819594 16.7431756923
10.1644947166 42.2962706666 16.9859761396
9.8837015757 42.5743247084 18.5336643927
9.3471365727 42.0417575931 44.8100599714
9.4266907612 42.2186025206 46.1815948735
9.4592857640 41.8453292938 47.2986870175
9.2450537329 41.6133925666 49.6521108361
10.1299491271 43.3778163507 0.7671346241
9.6205575907 43.7522400680 6.4040742194
10.2234186177 43.0956391231 5.9060623517
10.0581412540 43.4769428384 5.4680707477
9.9288558303 43.7407602121 7.3634306848
10.2280988440 43.0956689621 6.7172689684
10.2877710961 43.2969456555 7.5105756475
10.2687019640 43.6279731393 10.6214308169
9.9203140619 43.5796499449 16.6201793185
9.8806660188 43.5678506677 18.3849444271
9.2584607827 42.9281141258 45.5066985857
10.1908155039 44.3130712573 0.8577603289
9.7556612440 44.2723219683 4.4301301466
10.2712681612 44.0072159311 3.9901034463
9.9218874286 44.7119850848 3.6181290529
9.6114507202 43.9634976242 5.2634886815
10.1732496315 43.6495051893 4.6922089496
9.4273383829 44.1338941333 7.4505595448
10.1208095847 43.8334280156 7.9652586433
9.7069438969 44.3039120190 8.0708600181
10.0847580343 44.3867056672 8.5601609807
9.9242559913 44.1328984564 11.1954465790
10.2651118208 44.7999783635 11.7682502422
9.9267840214 44.4224289844 16.4833915291
9.8231825302 44.2328096045 18.2804156418
9.1982399058 43.9183760529 45.6436103026
10.3046875013 45.1606560545 1.0597527708
9.7577742316 45.3103688557 3.1503047310
10.1000367947 45.2204116723 9.1155558949
10.2440300886 45.2156284935 12.3120558056
9.9548828497 45.4473511402 12.5987896471
10.4354296472 45.5908994590 12.7497032539
9.8223177618 45.2785738849 16.1848234106
9.9218334149 44.5972900725 17.9945104145
9.6630713920 45.0182909975 17.6769637445
9.1819233238 44.3420905905 45.6158775235
10.1890497302 45.7635715737 1.2254575747
9.8602120955 45.5636502701 2.8236309231
9.7639292430 45.8493862222 2.3696760926
10.1386798967 45.9442248819 9.4106969714
9.9227738097 45.8302491796 13.1660134285
9.8114673180 46.2021271970 14.2173940811
9.6393253764 46.0634333784 15.4109569066
9.8620771213 46.7772515924 14.5713749030
9.7120040918 45.6256896317 16.3682535627
9.7560686110 45.3250253779 17.0698445159
9.8919990548 46.0355502530 1.3387935816
9.8574355000 46.0710767632 1.7285077515
9.8335362148 46.5917116627 9.5794199404
10.2026530973 47.2018103832 9.9606946654
9.8960957055 47.3997291265 14.3453860403
10.3590321972 48.1223180911 10.3189750049
10.1601776288 47.7657492626 14.0617921305
9.9810932095 48.4320350204 13.7590185467
10.3991407827 48.7675994393 10.6807684035
9.9576570148 49.1190052162 10.7141081786
10.2415389755 49.2670114396 11.0581025148
10.1371501230 49.1148236984 13.3172556402
9.7653307981 49.8316204356 11.9144742291
10.0414803280 49.6163742536 11.5750026182
9.5983447850 49.8251889600 12.5383399223
10.0293163940 49.7183248616 12.3451962473
10.3649448725 49.4407976869 12.8247686652
9.8602767523 1.8958929633 35.0360673036
10.0001871878 2.4797732224 35.1744234735
9.9237397232 3.8931118790 26.9478700564
10.1566822817 3.3422410934 35.2448190252
10.0393653680 3.0456818932 35.6548535750
10.0886318037 4.5415625279 26.8220204078
10.0942446143 4.8514168838 31.1169549568
10.2187988444 4.1071124584 35.3598223677
10.1484337944 3.7984972541 35.7864491030
10.0774242029 5.4282488622 26.4524223630
10.2364293755 5.3050130349 27.0159814861
10.3594304475 5.6543974066 31.1096086217
10.3289891963 5.4377091111 31.9758226650
10.1796715397 4.4972423347 35.8386242929
10.0742507452 5.8744686047 39.9016693746
10.2947133022 6.3381240267 27.0188834854
10.5383447454 6.6978729730 30.9810402725
10.5508144535 6.4237959992 32.0048602648
10.4668528309 6.2478823081 32.9494547394
10.4298549225 6.7427593750 38.3001994046
10.3656729536 6.3916992542 39.3233817195
10.3103655807 6.4964755717 40.0959574442
10.0079065844 6.3078851684 40.5468898053
10.4019689314 7.6182548471 27.0667032493
10.4579160210 7.2356250283 27.9343207058
10.5788282487 7.5006349575 30.1812221322
10.6910410196 7.6713114412 31.2679231167
10.6962579776 7.4360268784 32.0542455178
10.6610220569 7.2888400238 33.0193621416
10.5584523819 7.1832970685 34.0691174626
10.5017947146 7.3638232931 35.1820199513
10.5339552626 7.4822191174 37.4408423172
10.5956758237 7.5337197997 38.4379411767
10.5370741266 7.2457060495 39.1578113760
10.4413287937 7.0096507096 39.8508654026
10.1648835960 7.1171808769 40.5123268670
10.4871612677 8.8132198721 26.9304852899
10.6017861561 8.4060282852 27.9704436480
10.6098896654 8.0903760345 29.1297146118
10.7147227480 8.5363290479 30.2856991079
10.7449229402 8.4521353864 31.1327668058
10.7763972006 8.3985584685 32.0811747788
10.7733594100 8.3129263693 33.0395984456
10.7360081962 8.2597877373 34.0563054760
10.6796952218 8.2431980771 35.1370396608
10.6103993063 8.0853342761 36.3550433312
10.6694743275 8.4684689164 37.5086517636
10.6409546703 8.2532627037 38.3096677754
10.5953901876 7.9566370445 39.0174789492
10.4016799550 7.9033266469 39.8949080129
10.3862263186 9.8106410356 26.1105014960
10.6471915462 9.7951946459 27.1670434865
10.7047887480 9.4999336060 27.9668174984
10.7364348537 9.3226894179 28.9812819707
10.7626353269 9.3232089286 30.0498514915
10.7936462900 9.3755955868 31.0682266553
10.8134794331 9.3485708793 32.0432985343
10.8251363160 9.3098621392 33.0274711352
10.8229161447 9.2864422048 34.0293636212
10.8036165533 9.2850719610 35.0736180029
10.7675979526 9.2622203002 36.1676986246
10.7362121196 9.2734973249 37.2674404510
10.6752565810 9.2071645035 38.2907975381
10.5270578157 8.8265917888 39.2451584101
10.3464619368 10.8273352697 25.0732463989
10.6159150839 10.8220212615 26.1928314286
10.6950387840 10.5992591422 27.0211064609
10.7659780855 10.4834429710 27.9682841883
10.7926377514 10.3804032750 28.9429056953
10.8062215384 10.3376216514 29.9682587111
10.8195094932 10.3374688567 30.9981716988
10.8350765808 10.3311432727 32.0079362291
10.8525483321 10.3007304350 33.0001169856
10.8688398396 10.2624548734 33.9700131091
10.8848281030 10.3092466200 34.9793903680
10.8720497979 10.3513765702 36.0678504592
10.8213885186 10.3131079117 37.1623946052
10.7365335449 10.2556276957 38.2208021371
10.5321375191 10.0879958089 39.2759758089
10.3613458829 11.7319958046 20.7650609156
10.5529967584 11.7258983459 21.4929298159
10.6162121316 11.8276127245 22.6201518738
10.4897545573 11.6376219921 23.9769882510
10.6496405072 11.7747592509 25.1292388489
10.6881949563 11.6042331070 25.9872586653
10.7545074047 11.5158917757 26.9509016771
10.7881933536 11.4382767407 27.9205839810
10.8078406716 11.3915186947 28.9236386063
10.8190395419 11.3644285750 29.9444823262
10.8301204143 11.3511798226 30.9705606764
10.8462766565 11.3338453601 31.9817689541
10.8737481364 11.3009782065 32.9713661936
10.9133486673 11.2364677911 33.9398796409
10.9381063471 11.1062192100 34.7638016138
11.0139429345 11.5605303822 35.8983004928
10.9256663368 11.3889531950 37.0966897334
10.8273147509 11.3259733687 38.1736555014
10.6807240131 11.2484795000 39.2011509793
10.3612538785 11.1396175213 40.1240383064
10.5243105688 12.7412001820 19.0224620713
10.8041449498 12.5127982635 19.3698809329
10.7866952392 12.3216962779 19.9310718363
10.7950476539 12.1101301127 20.8797103599
10.9457729405 12.1529442882 21.9414301202
10.9908183636 12.3677323890 22.7148088691
11.0706989999 12.9405109322 22.9723008482
10.8534959787 12.6030036661 23.6604636085
10.7654004264 12.5365545567 24.8558912683
10.7705137730 12.4936414060 25.8829671201
10.7781556462 12.4342468092 26.8543585887
10.7832431210 12.4036579002 27.8552849066
10.7861428886 12.3890455687 28.8853720236
10.7959277494 12.3840111600 29.9283075539
10.8147995721 12.3771084259 30.9652342841
10.8434286098 12.3518481671 31.9814441614
10.8849908159 12.2901088467 32.9416894298
10.9546315666 12.2388531027 33.8876021467
11.0472366681 12.1310567545 34.9412492756
11.1712569709 12.4120707131 35.7964091655
11.1813402851 12.4193212993 36.3578696564
11.2489986486 12.8611101254 36.7487697502
11.0863172877 12.4406060892 37.0923699352
10.9282417854 12.3805675057 38.1466505003
10.8044498117 12.3273782551 39.2039621337
10.6416414277 12.2423497510 40.2239507132
10.2871445910 12.0768491637 41.0056773916
10.6539542140 13.0055377453 19.0967984267
10.4659114043 13.3943740359 19.2720525585
10.6159337626 13.5138589060 19.9391598905
10.8549147057 13.0354549683 19.5456664190
10.6560706518 13.7309709108 20.8860558117
10.9576931965 13.0836637077 20.3031924779
10.8803671708 13.7196834458 21.8523617481
11.0462997910 13.1426819903 21.2046297717
11.1251618949 13.2107988987 21.9179018937
10.8875153049 13.7278347459 23.7261388383
11.0183173314 13.5180156654 22.8938473432
10.8421242602 13.5121017101 24.7689886682
10.8032190648 13.4129925433 25.7859577262
10.7792881946 13.3446352506 26.7496807288
10.7473671857 13.3445353324 27.7283363473
10.7185591290 13.3709792343 28.7823506532
10.7159540924 13.3873640271 29.8768013602
10.7452693518 13.4031146135 30.9553722528
10.8005643067 13.3807104931 31.9989069673
10.8780755813 13.3070422881 33.0021618330
10.9573451627 13.0903371685 33.7585967389
11.1037478720 13.2513285268 34.6811735365
11.2379015189 13.0497402194 35.5264119818
11.2096954988 13.1964374186 37.2489615463
11.2226525955 13.9253822077 37.4687374053
11.0369752513 13.4495531961 38.0829957283
10.8672962635 13.3726574941 39.1748808950
10.7726667696 13.3143122838 40.2728380824
10.6876111191 13.2331152738 41.5394855629
10.5771082007 13.2904010410 42.4198053980
10.8369931454 13.3975824448 42.1135272028
10.5512836129 13.9000515461 43.1808988821
10.8021260990 13.6882216495 42.5202109944
10.2025098642 13.7918445906 43.8055014901
10.3999214600 14.3368152477 21.7225682875
11.0312094924 13.5681030848 22.4084064543
10.6425777383 14.3915510574 22.8654340021
10.6928695805 14.7568752905 24.0341840371
10.7883125797 14.5470114694 24.8316823564
10.7894844874 14.3750292422 25.7554641662
10.7470158051 14.2636065304 26.6900936000
10.7087338324 14.1124976994 27.4954270205
10.6006415498 14.3916762085 28.5299846177
10.5702756029 14.3140371517 29.7042850116
10.5745622494 14.4585684941 30.9131386825
10.6751418385 14.3919738609 31.9938889715
10.7897500854 14.3643196897 33.0593385225
10.9907279550 14.2179749419 34.2323453792
11.2010604319 14.1041778132 35.0091466527
11.2827945832 13.7466954370 35.3919640750
11.0159854344 14.5357972033 38.2232860780
11.1849669651 14.7706581912 37.4908006476
10.8561332774 14.3796080877 39.1003823644
10.7462248754 14.3373471436 40.1520774205
10.7085284998 14.2713366500 41.2872199376
10.8675160252 13.6038203522 42.1901120395
10.7211460101 14.2318728635 42.4614033167
10.5763236247 14.6791726906 43.4916852718
10.3334030851 14.5010500654 44.1911382928
10.3086954180 15.6117975636 23.8543474382
10.6031993132 15.5829397386 24.8804762857
10.7096725589 15.4013836678 25.8310923117
10.7065695851 15.1031551413 26.6040440086
10.5839601676 15.1668308373 27.6729530137
10.4771811281 15.2429417334 31.9523451826
10.5717308795 15.4146565486 33.0073120375
10.7630922818 15.3120692144 34.0700209308
11.1746313230 14.6768956575 35.1234625638
10.9860354911 15.3356133404 35.1429117847
11.2236821052 15.0492391211 35.6069287357
10.8900434702 15.5015301217 38.1062273154
11.0926835516 15.4180234677 37.2961981128
10.8015816299 15.1744965892 38.9146863783
10.6173106494 15.3633168298 39.8918343765
10.5562217254 15.2349571851 41.0430904310
10.5502019855 15.2012757677 42.1471979241
10.5306603611 15.3089821268 43.2112858301
10.4346516045 15.5441125517 44.2871259692
10.2096008522 15.3227806544 45.0773481848
10.2447418997 16.7050792496 24.8599857146
10.5725100807 16.5432736262 25.8864437092
10.5889262459 16.2508205649 27.0506739727
10.5226146717 16.1558984642 33.9654390465
10.6723556331 16.1516996464 34.9184074881
11.1250130561 15.4781571413 35.9330263480
10.8333042438 16.1069596687 36.0475750055
10.8119836375 16.1308031270 37.2744392007
11.1121456339 15.5706455673 36.6183654902
10.6414394265 16.3009140979 38.2149703440
10.5880414611 16.0243570115 39.0796041270
10.3512411974 16.4923569209 45.4604450988
10.2526615425 17.0884993752 47.4941776755
10.4006985202 17.8287373307 25.8664272170
10.5794198407 17.5302430380 26.8657096215
10.4781626871 17.4423036212 27.8289658768
10.3689961141 17.6663077961 45.8386870674
10.4251869301 17.4467931244 46.7307612719
10.5027517357 17.8935125164 47.7857533560
10.3464200640 17.7358773405 48.5696717157
10.2108568675 17.9065050986 49.6104356274
10.2669543564 18.4242306848 59.9079405730
10.2694167428 18.1829033039 60.8007459694
10.1155452169 18.0139505116 61.3116770529
10.4175144738 19.0505561431 26.1148755083
10.5818854006 18.6752357371 26.8695886103
10.5568251724 18.4459477653 27.7232491292
10.3824599010 18.3002681793 28.4754312185
10.5580499800 18.9413764092 34.2338542740
10.7857976500 18.9198272133 34.9862599244
10.8365812309 18.7158545886 35.9959827782
10.8282881714 18.6409776883 37.0073118487
10.7667914078 18.6413262286 38.0415484156
10.6261716538 18.7306754640 39.1339070125
10.4192395153 18.5871745362 46.6809953677
10.5587510390 18.6371275073 47.6502961315
10.6071743792 18.6845630795 48.6048828277
10.5565002659 18.6827015552 49.5782640164
10.4277958649 18.6642393263 50.6308120107
10.4496933799 18.8741245834 51.7457504344
10.4314420042 18.8575779377 52.4877128994
10.5964666592 19.0645801406 53.4123114738
10.6072753988 19.1019349307 54.5918637039
10.4202922139 19.0564701291 55.6757479382
10.2743228401 18.9975042116 56.6923849276
10.4275541949 18.9963244860 58.9254776160
10.6353920211 19.1178859519 59.9479347126
10.5732306947 18.9000241906 60.7146633137
10.3573135747 18.5713220355 61.4775713594
10.0602874513 20.2143197789 15.4472682864
10.4170688427 20.0577259334 26.0806683237
10.5973545280 19.7556012946 26.9062770192
10.5948911358 19.4771037694 27.7389753582
10.4304865350 19.2031667740 28.5153436064
10.8330983168 19.5326908701 34.3410641860
11.0763522099 19.5756533251 34.9027318553
11.1105085375 19.3648926383 35.5799659187
11.1089821301 19.2380936131 36.4989645438
11.0641620569 19.1955600308 37.5023585312
10.9734251593 19.2075526687 38.4860574006
10.8592694292 19.4434011821 39.3916402068
10.7905737261 20.1414883214 40.2457946442
11.0054245857 20.0191997753 39.3519309704
10.5245007438 20.0015766050 41.2321231424
10.4668834613 19.6222417641 47.6253484941
10.6259030242 19.6470289451 48.5885403307
10.6942707932 19.6399125597 49.5635611977
10.6908660414 19.6352501994 50.5736740757
10.7076106786 19.6740883479 51.6462448107
10.8228428130 19.6600410983 52.8196838996
11.0118446264 19.6430873063 53.6285179733
11.0224135825 19.5427967935 54.2373281038
11.0674041975 19.6373023038 54.9281607995
11.2140114679 20.0400351192 55.3707741035
10.9463757175 19.7196052331 55.6839281934
10.7383566348 19.6819649356 56.6986080056
10.5902369628 19.4830635636 57.8511855168
10.7707794105 19.7780399404 58.8842494388
10.7836969988 19.6333894213 59.5718985519
10.8946419670 19.9137142225 60.4815259170
10.6804212782 19.5487599682 61.3562803900
10.4131748843 19.1181742714 61.8602067204
10.6527446431 20.9840554550 14.2450790863
10.8063519657 20.8173832427 14.7956854744
10.5694753903 20.6740130083 15.3993747961
10.4543261866 20.9857596293 15.9168479517
10.8440622244 21.2008000943 15.5375509835
10.4500900251 21.1470949931 25.8321513681
10.6225936340 20.8078932980 26.8699188117
10.6213756831 20.5284860073 27.7655687257
10.4624473309 20.2172420035 28.5694178050
10.8665975028 20.3004666613 33.9857485950
11.1210074404 20.0581088594 34.5724563426
11.1617964479 21.2380546614 37.5312602737
11.2985492488 20.5944047082 36.9919549032
11.2954095721 21.0995377652 36.6677176088
11.0777271379 21.0175953519 38.5616307463
11.2186325236 20.4009545300 37.7990363243
10.9709261707 20.8163904910 39.5934037440
11.1270099080 20.2315660051 38.6983976355
10.8492129887 21.0362486346 40.5569012741
10.7138976486 20.8698418424 41.2898149959
10.5006643970 20.7570637660 42.1951851138
10.5057622725 20.6694941781 48.5715621890
10.6692636610 20.6589715238 49.5550897582
10.7390547212 20.5994107594 50.5218143419
10.7691903908 20.6461202408 51.5327210958
10.8698247661 20.6902254507 52.6147549352
11.1224112898 20.0871899044 53.6157982055
11.0753182540 20.6323943926 53.5057227311
11.2436167547 20.5356111272 54.0476340437
11.2034152837 20.3216003759 55.8929102227
11.2553078077 20.7930630339 56.1963942250
11.0769505267 20.5206738972 56.6023420477
10.9331031313 20.4939088761 57.6076221042
10.9009735392 20.3406523519 58.4940425272
11.0335436058 20.5253958473 59.4827677923
11.1437146827 20.6635510254 60.2803113541
11.1048862486 20.6790471449 60.7799651178
11.1141841355 21.2643938324 61.0672264718
10.9052413078 20.5287327641 61.2719618448
10.6646739833 20.4294375898 61.7568282090
10.8211802388 22.0060266279 13.1791543200
10.8921932662 21.4667190469 13.8105669886
10.4574601190 21.6200321467 16.0100580923
10.8679141404 21.7075579545 15.4541065129
10.2519986439 22.4112627788 23.8517784288
10.4282887807 22.0282011031 25.0083873893
10.6520471321 22.1132586621 26.0322121566
10.6957349588 21.8480797470 26.8427645143
10.6649378625 21.6100789319 27.7918190524
10.4995327671 21.2891068223 28.6429833684
10.5941287119 21.9957065608 33.1515990882
10.8772477337 21.3647755530 33.7264106046
11.1988161664 21.9160353207 36.7972800252
11.3483453297 21.4081325062 36.1148635310
11.3320354958 22.1951111561 35.9286920732
11.0536310648 22.0906659137 37.6557923366
11.0062797256 21.9052489127 38.4238498192
10.9567631069 21.7897914355 39.3934839378
10.8986595106 21.7645328666 40.3732933285
10.8253663219 21.7608643220 41.2943056026
10.7070837498 21.7196522665 42.2080309062
10.5098101774 21.6932252979 43.1699284271
10.5633425545 21.7902843579 49.5254462112
10.6910701670 21.6046009676 50.5399641597
10.7354846241 21.4314196801 51.3448998665
10.7453155500 21.8909254522 52.4666787443
10.9887764377 21.6917159111 53.7121748729
11.2218292306 21.1604895238 54.2592025848
11.2072591742 21.1820445904 56.6367420752
11.2043403517 21.7331676839 56.7034354798
11.1165734369 21.5038462490 57.3372496450
11.1219581998 21.4089350549 58.5517118395
11.2381824610 21.4022443159 59.4348527240
11.2444581473 21.1307413014 59.9516617203
10.7468076706 21.5197009078 61.6657472187
11.0920189481 22.0839062996 61.1315126034
10.8005840627 22.9939860854 12.1331480630
10.8440136967 22.4774761521 12.6788485971
10.7507171655 22.3500044522 12.8996446287
10.8276338443 22.3793603592 13.1886801668
10.5183405628 22.8378658825 13.3288903061
10.7648722936 22.7822123553 12.7005421490
10.5724101475 22.5845265030 14.5603800923
10.9296224678 22.2329566349 14.0271396728
10.4999274859 22.3048079411 15.5091058177
10.9458079793 22.0040184966 14.8773029798
10.1419683145 22.2467334992 16.1682068143
10.2430020352 23.5052604266 22.1275073667
10.3287061679 23.0806756878 23.0685080791
10.4892530135 23.0231327775 23.8821310122
10.5783461206 23.1096627937 24.6816712104
10.7020259300 22.8966752522 25.7389521003
10.7953557581 22.8325633320 26.7415540843
10.7618266910 22.7143868394 27.7527939315
10.5607314134 22.4876553348 28.7981374963
10.5730559221 22.6666001960 33.1144259642
10.9257193375 22.5840114349 33.7153415201
11.2064564752 22.8750853091 36.5754985127
11.3415241283 23.1484829893 35.8752120475
11.0690997720 22.7995847304 37.4086183417
10.9859647399 22.7790038853 38.2983207437
10.9508907405 22.7180968620 39.2419992480
10.9281855274 22.6682196795 40.2254557266
10.9017302041 22.6259630322 41.1713113615
10.8636606048 22.6437534631 42.1023848640
10.7574565831 22.6887731901 43.0958083417
10.5315201203 22.6787979343 44.1028383501
10.5346030138 23.0244206281 49.7413080782
10.6428725998 22.7149081998 50.6395482060
10.6595549348 22.4265599042 51.6214309269
10.7673013771 22.8942747856 53.6286548752
11.1690811219 21.8316859545 54.6277207919
11.0003296834 22.7123108787 54.8577759084
11.0812848930 22.8230254614 56.0445283903
11.2104832400 22.0531327966 55.3653934850
11.1188331984 22.5739169269 57.0515920643
11.2272017766 21.9985281087 56.1635712829
11.1536612902 22.4617423426 58.0644985200
11.2509200101 22.3678638607 58.7545006188
11.2951438336 21.9830291700 59.1998018853
10.6856492187 22.7158964501 61.5831476391
11.0872277967 22.8480958244 60.9847585471
10.7982157013 24.0033742188 11.0927909079
10.8304165024 23.4677816568 11.6295377955
10.7318710505 23.3193782411 11.8374770066
10.7741223331 23.2317056560 12.0769004103
10.5087718794 23.6257559606 12.1591595075
10.7503862507 23.7234029450 11.6310741104
10.4043001476 24.3546503605 22.0154685096
10.5805286849 24.0587357897 22.9254671021
10.6187644431 23.7249118401 24.0518165825
10.7590756361 23.8683408590 25.5079933608
10.8574404510 23.6224929072 26.4423657967
10.9517400266 23.9428772292 27.5606217053
10.7381835784 23.6084214197 28.6646106056
10.4694498246 23.4348012797 29.5081147965
10.9835658015 23.6424885334 33.9602385074
11.2668910388 23.6989935768 36.5033324519
11.3711491964 23.9212407079 36.0352235231
11.1430150233 23.6270140443 37.2311279402
11.0563913163 23.6210436001 38.1131990919
11.0164829601 23.6116248019 39.0741622775
11.0036715935 23.5763865849 40.0703569708
10.9973841065 23.5044509080 41.0524281404
10.9741932061 23.3629453854 41.8527895353
11.0080302342 23.6763207587 42.8039917252
10.8484317552 23.7458738732 43.9773512892
10.5298085377 23.5764785975 44.8690738057
10.5412474552 24.1272668023 49.7496128657
10.6497876496 23.8562729921 50.6924154278
10.6456471699 23.5939089091 51.7306885208
10.7048643686 24.0546290894 53.6958024776
10.8343000899 23.8551282746 54.7566609632
10.9324973190 23.7826769291 55.8575260994
10.9942104812 23.7168614992 56.9405374576
11.0848773919 23.5814853013 58.0544422508
11.2396303289 23.0883893185 58.7023680890
10.8799946557 23.7201941383 60.9656027362
11.2055238158 23.2192120405 60.5406780272
11.1466480296 23.7364571996 60.2390893454
10.4734771855 23.5881693503 61.6703525126
10.8085198140 25.0564898803 10.0787733197
10.8365288698 24.4987358214 10.6007416651
10.7373456089 24.3354242291 10.8101031719
10.7752581387 24.2296911262 11.0461976806
10.5154246703 24.6011947351 11.1565277336
10.7736582885 24.7200807894 10.6397981368
10.4019257766 25.1797738029 21.8409586666
10.7930249182 25.2472445468 22.7206714933
10.8199788171 24.8229345697 23.8543743642
10.7861314885 24.5222513388 24.9538001691
10.8902278948 24.6664082520 25.7783100448
11.0165846066 24.6504351386 26.6044816526
11.1595892924 24.7728375741 27.4515167788
11.1508175008 24.7614009290 28.0047338522
11.2046808468 25.1662703426 28.3971793467
10.9572899301 24.6730983281 28.6770748632
10.5923694292 24.3848686021 29.5170869424
11.0043795379 24.3985082960 34.2212905760
10.8477931823 25.1955769076 34.4180368053
11.1661073860 24.7456547846 34.6905554340
11.3473669186 24.3149483097 36.5017076112
11.3883474498 24.8567184825 36.9056036867
11.2706272053 24.3463977745 37.0836177566
11.2021334296 24.4115195422 37.9081441613
11.1643358317 24.4456808837 38.8607665672
11.1516452633 24.4372359719 39.8640899709
11.1515899343 24.3779594014 40.8862333207
11.1486762899 24.2458976021 41.9556989459
11.2295448498 24.5176875439 42.8176693435
11.1634979249 24.4505700049 43.5263621159
11.0580478001 24.6025543655 44.1961823306
11.0887268096 25.2759007910 44.4002311955
10.7467696087 24.6239631341 44.8876451324
10.5741307563 25.2791272739 49.6287433814
10.6871363093 24.9650244356 50.6663303162
10.7194563721 24.7621951498 51.6983783194
10.6921807569 24.5711193590 52.8501351711
10.7579781344 25.0374754967 53.9560740261
10.7942897359 24.8993136784 54.7720973617
10.8452040250 24.8056683042 55.7733200782
10.8843618384 24.7404208854 56.8118483219
10.9271918115 24.6556213903 57.8673799393
11.1792669789 23.7468231276 58.8892652613
10.9948663842 24.5078690512 58.9782130102
10.9241899528 24.4851819946 60.1373597080
11.1794525842 23.8916136185 59.5632099448
10.7388772451 24.5510915367 60.8215343736
10.4769202760 24.4999638347 61.3940466398
10.6449512278 25.9116685909 9.1404980070
10.8105400131 25.5264935654 9.6073427055
10.7521567577 25.3972651655 9.8442516063
10.8176530911 25.2843550299 10.0907184232
10.6047128991 25.4528017147 10.3153467321
10.8611663936 25.9700915859 9.8442718451
10.5877917904 26.1266814920 21.9986130939
11.0129086108 26.0680954773 22.6049111895
11.1172436344 25.9503642348 23.0839639959
11.2520540879 26.3425610452 23.4850205366
11.0705113186 25.8758618470 23.7968955660
10.9777808886 25.7163253559 24.8678959620
11.0231189163 25.6008233477 26.0793254406
11.1756934174 25.4998651296 26.8276768670
11.2258381851 25.2281850022 27.2214191049
11.0992878448 25.4185371394 28.8545691686
11.0785889226 26.0842880506 29.0281597104
10.7459457060 25.4913475393 29.5166517167
10.5560927206 26.1033127772 34.5563911181
11.1552221640 25.2811919794 35.0257726189
10.9694040521 26.0407125859 35.2702767373
11.2539018767 25.6288395801 35.5546264759
11.3715455047 25.1025645013 37.6657977900
11.3553180418 25.2155556268 38.6220270457
11.3462566393 25.2406015793 39.6231985279
11.3433880737 25.1997777293 40.6383699419
11.3426640215 25.0952908693 41.6391399972
11.3397493350 24.9706774894 42.4323964393
10.7783265360 25.8462294349 44.9631388156
11.1198262311 25.9840402793 44.3167230454
10.5224094801 26.1554902381 48.9342758241
10.6738790290 26.2720671195 49.8916529015
10.7281635319 26.0174095768 50.6689362015
10.7673615614 25.8632481692 51.6550241929
10.7734278069 25.7780659277 52.7053431355
10.7819692622 25.8179009030 53.7699476343
10.8020088666 25.8631888146 54.7729761580
10.8156601187 25.8031295781 55.7427859517
10.8211991489 25.7279743045 56.7338990460
10.8201805508 25.6300810472 57.7175144173
10.8069038412 25.5143069398 58.7184661280
10.7843608222 25.2985913132 59.6247849080
10.5651606422 25.3797965020 60.6116911990
10.6860780249 26.8648699417 8.4185349491
10.8312622895 26.3796860884 8.8474216326
10.5434834915 26.5385876300 10.2866598155
10.9439650209 27.1009817117 9.7698681653
10.6424806724 27.2574589019 21.8774111821
11.0526007061 26.7905552776 22.4316079501
11.2572329911 26.5863162794 23.9982215535
11.3186104896 27.1103225313 24.3436396521
11.1539051523 26.7604320688 24.7783683720
11.0559248980 26.7674435996 25.8755370484
11.1946301828 26.0717030140 26.9119017776
11.1129438158 26.7921500998 26.9618152795
11.2562486711 26.4569039499 27.3747346513
10.7221295335 26.7155103656 29.6391693449
11.0627139220 26.7737462224 28.9607701212
10.5876339836 26.9457735516 35.3276302178
11.2114149392 26.2055781293 35.9565610406
10.9958585027 26.9642752731 36.2110084239
11.2797180577 26.5873730440 36.5307999041
10.9567417617 26.7801179252 44.2815672195
11.2532431871 26.3773314854 43.8513427907
11.2134685248 26.9480483035 43.5753600058
10.5913711923 26.8519360014 45.0245765191
10.5743752783 27.3467505461 48.5936619037
10.6800087540 27.0818230728 49.6681320725
10.7422770346 26.9896771608 50.6369410761
10.7737353776 26.9054814028 51.6207160246
10.7934293227 26.8504841938 52.6505289396
10.8025278956 26.8326347136 53.6920417206
10.8058396559 26.8299051553 54.7224876276
10.8008027963 26.7844983538 55.7239028895
10.7835899403 26.6774423543 56.6819282791
10.7432257073 26.5580007392 57.6300808072
10.7079109094 26.3316704458 58.4637351359
10.5558895569 26.3431719929 59.5523742495
10.4949769560 28.3895922642 7.6042722900
10.7310134630 27.6006334116 8.1351250926
10.5086535066 27.6391730470 10.1721878458
10.9168698288 28.1812569454 9.6747522753
10.7786041469 28.1931692338 21.8062590373
11.1295491398 27.7051116430 22.3460966650
11.2775328245 27.5426051358 24.8929404637
11.3251278689 28.3132645035 25.1726404953
11.1359442478 27.8631148167 25.7696679946
11.0261734766 27.8240236489 26.8788272373
11.1985390534 26.9196189924 27.7220446456
11.0167786749 27.6941353648 27.9758495110
10.8628374832 27.6014995822 29.0907599228
11.1594021514 27.0012137316 28.3794492733
10.5509837352 27.6640743445 29.8971521651
10.5840576433 27.8577960998 36.2706687577
11.2133975716 27.1607030189 36.9546740550
10.9579449937 27.8878716234 37.2132554755
11.2610590509 27.5092206090 37.5342101494
10.9749781500 27.7750222857 43.4791942968
11.2821629499 27.2978029710 43.0016037685
11.1748835138 27.9356285515 42.6122096311
10.6330278340 27.7194371721 44.4196724738
10.5513571029 28.3104313460 47.7345706652
10.6655043209 28.2831502280 48.7667756704
10.6960401310 27.9997573944 49.5285689872
10.7145878542 27.9105400168 50.4750492605
10.7231091551 27.9285666521 51.5230735034
10.7521885713 27.9035520346 52.5993057617
10.7811095093 27.8669662879 53.6441820856
10.7869549916 27.8474906963 54.6796345128
10.7707971570 27.7873439420 55.7027670750
10.7305139366 27.6319566006 56.6859893506
10.6903294985 27.3524551616 57.4837706902
10.5390808768 27.3405715846 58.5588646418
10.5203345084 29.3405146061 7.3774540289
10.9645859913 28.3406060107 8.1365074312
10.9315727549 29.0404842513 7.9723954341
11.1477702607 28.7239958639 8.4442853263
10.4218378907 28.6354528914 10.0996270300
10.7569437089 29.3707598520 9.6597927342
10.9329537296 28.7322741286 21.7934489739
11.2036921429 28.5446032469 22.2297191907
11.1884925808 28.9676792388 25.9621015467
11.3599426809 29.0702627178 25.3712646511
11.0186161221 28.9160055068 26.8397760496
10.9078318372 28.8138755397 27.8730614617
10.7870411975 28.6739485153 28.8761957929
10.5650575584 28.5094800011 29.7594141921
10.5422099720 28.6488336308 37.1782079688
11.1552667880 28.0542459017 38.0113659518
10.7956670999 28.8552768522 38.2884512084
10.9982059195 28.9621716245 39.4070092924
11.2164694968 28.3030771906 38.7829712231
11.2823827561 28.4561004534 39.5446109288
11.0047418329 28.9569665265 41.3259775914
11.2885143440 28.4138177122 41.0029821638
11.1535011130 28.8244754304 40.6175849545
10.8060294085 29.0016956303 42.5525615346
11.2316766545 28.2287367819 41.7846620340
10.6384802510 28.6711869675 43.7718199622
10.5337109019 29.2917652995 46.7706006924
10.6408566698 29.2898311786 47.7975701610
10.6741388041 29.0157552683 48.5658487135
10.6832043973 28.8550664230 49.4383984078
10.6767371695 28.6588887567 50.2064657573
10.6070588044 28.9450045087 51.2109592360
10.6176385577 29.0341895432 52.4971478047
10.7008985576 28.8923237771 53.5793337173
10.7248094233 28.8686417042 54.6060844852
10.7044718446 28.8326589070 55.6533471488
10.6459596761 28.6481239831 56.6728338893
10.5302693801 28.2965562676 57.7374345510
10.5418313895 30.1557597669 7.2129493296
10.9377029544 30.0254368390 7.8316754628
11.1562401968 29.4865668207 8.4576404830
10.7763146770 30.5026799143 9.5769849459
10.7292302731 30.3715371308 20.8136812321
11.1042868715 29.9727389433 21.3849702019
11.1607479195 29.2025996688 21.9149598966
11.2671781071 29.6120566254 25.8497306629
11.2633661026 30.2240666655 25.9165283564
11.0679530442 30.1140687422 26.7157750256
10.8872069254 29.9112917174 27.8307359053
10.7474635002 29.7415093163 28.8083617033
10.5584135472 29.5241959900 29.6849943857
10.6233588330 29.6069233995 39.2911058150
11.1520258055 28.8369149642 40.0532281647
10.8021342325 29.4623279630 40.3999388300
10.6475517310 29.6504987673 41.5214792359
10.5090174238 29.8757972390 43.6289830206
10.5146005392 30.0982588114 45.7593045439
10.5906640885 30.2574735914 46.7360956477
10.6268138000 30.0498042748 47.5461306191
10.6496374784 29.8469226900 48.4478089529
10.6437907370 29.5853250185 49.2187478979
10.5467104286 29.6606515493 50.2592450157
10.5454246114 29.9827193832 53.5811485140
10.6360009415 29.6935342593 54.4222302124
10.5661352961 30.0161594225 55.5411436868
10.5288367497 29.6796718546 56.5829834913
10.3797737725 29.4115471625 57.5257138270
10.7727257154 31.0361705787 7.3730522729
11.1150570028 30.8445203186 8.0230068693
11.1918993870 30.3140495940 8.3941545051
10.8586808236 31.4306583551 9.6231869846
10.7177601001 31.0195417841 20.5501888712
11.1193489313 30.6803881923 20.9134852521
11.1569841852 31.1187402369 26.2550671626
11.3737597811 30.6017127155 25.4908093599
11.3692602523 31.4281586882 25.3721813281
10.9751285139 31.2614799161 27.1561290512
10.8767786303 31.0075448322 27.8880517302
10.7417727457 30.8248632120 28.8341469285
10.5659243627 30.5711026396 29.7009217457
10.3881731616 30.9831388083 43.8247564018
10.4736698830 30.6351328126 44.7290041713
10.5232556440 30.9620649894 45.7068599824
10.5628593766 30.7963931781 46.3733850520
10.5313540230 31.0395375159 47.3548863504
10.5804509279 30.5854108466 48.2354201240
10.4963801010 30.5527561722 49.2970836899
10.4064779347 31.0103833460 53.8627117426
10.4868936131 30.6665370827 54.6928652070
10.3791408452 30.5684177812 56.5596944305
10.2317964560 30.3833077946 57.3363556828
10.8658327114 32.1294219524 7.2694825470
11.1432797516 31.6862957437 7.9137708498
10.9204729481 32.1711073328 9.7595379409
10.2513628163 32.3673977710 19.9144792665
10.7176757206 32.0134032366 20.3377132735
11.1360381431 32.2500359595 26.1034880845
11.3330692634 32.4568653270 25.2008815161
10.9777183551 32.1139864681 27.0263912924
10.8613519654 32.0294127041 27.9281478827
10.7486338046 31.8948590113 28.8588011114
10.5747046167 31.7133867614 29.8710737330
10.3633881699 31.5915724296 44.5025053613
10.4216530314 31.6004389730 45.3926570181
10.4567046862 31.5639712032 46.4136714367
10.4133273615 31.3865439171 48.4952971560
10.2995769247 31.6955016217 53.9270130112
10.3377717553 31.5506422127 54.5210637971
10.9689277107 32.7553980987 7.2698542832
11.1882619774 32.6124151582 7.7635998815
10.5581815628 32.7487205771 10.0887573392
10.7032044467 33.5905481447 10.1743839488
10.9540977303 32.9925671737 20.5705548192
11.0825680393 33.4071537189 25.8740513294
11.2643959573 33.2950404191 24.9831774851
10.9645118613 33.1443542030 26.9149134112
10.8591651536 32.9953215172 27.8560278842
10.7515525252 32.9064133604 28.7976833928
10.6147339970 32.7806864800 29.7799799607
10.4577135845 32.5897730810 30.6448217063
10.3161559849 33.0723069039 31.3796633309
10.2272191558 33.6276293795 35.3190427507
10.3414858040 33.6087551773 39.6282602383
10.3482881869 33.4871029006 40.3201054461
10.6947708115 34.4886864146 6.3123601246
10.9232029685 33.9383582004 6.8803660920
11.1119817796 33.3314769478 7.4176864034
10.7741223165 34.5336739792 10.2031649270
10.9992215168 33.6811637798 20.7874034097
10.8079602716 34.4426152668 20.8718198548
11.1679405010 33.9195778779 21.2228270299
11.0325962538 34.3158555363 25.0289247023
11.3185456768 33.6037383321 24.4273754081
11.1935333637 34.1625951769 24.0614164084
10.9669936905 34.3994622885 26.0565156113
10.9534068177 34.1903279060 26.8399454391
10.8675962965 34.0394446300 27.8374334423
10.7649174537 33.7552806912 28.6465304533
10.6017639585 33.8884100364 29.6627015520
10.4262538436 33.5420957343 30.7317963237
10.3096613277 34.4163065235 35.3884737479
10.3011769404 34.1483982280 35.9267546692
10.4181929593 34.4580178786 39.5906586014
10.4622161411 34.2880665816 40.3410472959
10.3838321978 34.0571203505 40.9852488037
10.2222574757 34.5704700895 52.8885685518
10.8045733235 35.5574878558 6.2971393922
11.0789175689 34.8619948583 6.9652799001
10.7970290244 35.4751305636 10.2021360781
10.5528681604 35.3534404641 20.5618580199
11.0965457762 34.3716303870 21.5749730508
10.7570818645 35.2549610059 21.7314266557
10.9256943767 34.9561554487 22.8067301447
11.1794424936 34.4088439181 22.3057372289
10.8247127982 35.0904143144 23.8781538721
11.2127368596 34.3098811577 23.2411293494
10.7336366289 35.5006498027 25.0014110121
10.8880710029 35.2285324607 25.8999180984
10.9428730771 34.9954640335 26.6672256737
10.9713128019 35.2976562359 27.7368938882
10.7261280651 34.9031307990 29.0585905854
10.3194316393 35.2875793954 35.5106707854
10.3635624812 35.1285119334 36.2373804260
10.4393498765 35.3228982897 39.5781844397
10.5315628625 35.2450997268 40.3688872978
10.4864005595 35.0622621318 41.2775035911
10.3261604707 35.7065329761 46.6248840751
10.2354451227 35.1591721473 52.9170101319
10.2378178670 35.0058189016 53.3775880736
10.6080632377 36.4520121447 5.6062284657
10.8940700260 36.5405144648 6.4526628983
11.1621917000 35.5989684125 7.0774697466
11.1086841309 36.2643936013 7.0200892825
11.3108890100 36.0290363502 7.5431617002
10.8724859601 36.1862740247 10.1379224886
11.1770991389 35.7358938131 9.8426046181
11.1845581372 36.4728680466 9.7481838627
10.4360065680 36.1958937498 19.9271851765
10.5593043594 36.0689855636 20.9171478621
10.5604014086 35.6723997030 22.8471614552
10.7232485224 36.3294918272 25.8270259695
10.9744075229 35.9742770324 26.8524242463
11.1299111606 36.1712860072 27.6598877664
11.1421000406 36.1452236490 28.1852971712
11.2094796976 36.5747450388 28.5989234383
10.9796948386 36.0966615099 28.8833650319
10.6059705288 36.0425757412 29.8534280904
10.3321286430 36.1492821694 36.2236739196
10.3715556934 36.1162598050 37.1200505282
10.5348502754 36.2633372092 40.2272825372
10.5916382890 36.1442284019 41.2581358057
10.5015909200 36.0533473584 42.2351036267
10.4632031491 36.5675102482 46.4643409287
10.4220452163 36.3162854128 47.4309181169
10.2132266853 35.5857151206 53.3969605905
10.4164914556 37.9237351198 1.5737225512
10.4412699565 37.6624568296 2.2671509719
10.6407496883 37.5598678130 5.2856112950
10.8524407271 37.3706469362 6.3261428511
11.0853155905 37.1472693707 7.1103911342
11.2984895231 36.7804730069 7.7219871505
10.7518957826 36.9566740582 10.1705361510
11.1418546991 37.3908951891 9.7757134579
10.4470342111 37.9552850904 17.9521840990
10.7898125767 37.6484806126 18.3605723144
10.7799579537 37.2865162060 18.8128948476
10.7276222654 37.0139014318 19.5160017836
10.8654880784 37.6296159422 19.8263449532
10.5864876477 36.9560386388 20.4366555497
10.6180305664 37.4699994682 26.0481033276
10.9333432993 37.0670608411 26.7796598834
11.1613282277 36.8207669694 27.4953602899
11.1486712961 36.8233043579 29.0695327709
11.1528923376 37.3009131565 29.3420738985
10.8606622250 36.9889685162 29.6907936516
10.3986826862 36.9359883978 30.4627627976
10.2742563997 37.1347742739 37.0982730354
10.3702698880 37.0115780427 38.0647038900
10.5139925594 37.3842047142 40.1771865184
10.6192291614 37.1830517242 41.2262032976
10.6148944395 37.0496541802 42.1968808010
10.5150203020 37.0001565502 43.2508869536
10.4664576722 37.2311949153 44.4652534048
10.4830181021 37.2105190082 45.6695741833
10.5592163174 37.5017381741 46.7258796204
10.5596270913 37.2936115214 47.4982482425
10.4791227189 37.1356913354 48.4514478128
10.3794634086 37.3409743213 49.4225814792
10.3603132119 38.5653184671 1.0478764517
10.7766733040 38.5287513248 1.4773337506
11.0078174879 39.1136055342 1.6663941472
10.7851431571 38.5427844492 2.1987885430
10.6231146815 38.2371813094 3.2078680289
10.6321156164 38.2318009824 4.4546084410
10.7480712450 38.5448001932 5.4984959199
10.8424506956 38.3753329631 6.3104410038
11.0492856771 38.2441322784 7.3238648719
11.2601847463 37.7262106182 7.9026504963
10.7328857730 37.8698711316 10.1986451407
11.0984722497 38.1493238874 9.8989124458
10.5072408413 38.6199602866 17.8448509109
10.8779073075 38.1952271618 18.2684152296
10.5350715042 37.8376559933 20.4646187569
10.7202707318 38.5026977984 19.8922938910
10.4625328514 38.4295588711 26.1622767363
10.8256564562 38.1381624283 27.0054067020
11.1385634316 37.6259008548 27.5416103520
10.9760028307 37.6715218041 29.7169677335
10.9179598494 38.1525660720 29.6848029939
10.4431385689 38.0368304320 30.2786420286
10.0693036206 37.9802730716 37.3447257843
10.2371680322 37.8866567698 38.0873430200
10.3624370068 37.8186075757 39.2022921881
10.4223958917 38.4112730026 40.4276109098
10.5620564143 38.1575059375 41.2530914240
10.6087775194 37.9925430737 42.1556470391
10.5789521698 37.8241057398 42.9694743913
10.4788179515 38.1407358127 44.0405501749
10.4562219412 38.1091379502 45.2862387457
10.4883708816 38.2770955860 46.4986193037
10.5629630699 38.2022320645 47.5104883924
10.5665376620 38.0921546271 48.4040802531
10.4874302849 38.0458045475 49.2735199679
10.3288601649 38.0008589665 50.0517013529
10.0620456118 38.5733290728 54.8701739435
10.5693279806 39.5038750854 0.9280761924
11.0167702008 39.5397909052 2.3714950712
11.1476475143 39.9367558481 1.7958408467
10.8496584376 39.3165773826 3.1916312312
10.7617952544 39.2500844957 4.2187095899
10.7690697065 39.3055267281 5.2874540815
10.8275904111 39.3344996765 6.2875082903
10.9344678041 39.2925399820 7.2688938674
11.2298131779 38.5164590797 8.1617288064
11.1068978240 39.2900409451 8.2650641167
11.2712447094 38.9478226150 8.6832417790
10.8122359325 38.5892935916 10.1864022874
10.6013128840 39.4310757871 10.2830651891
10.5042028560 39.1100778399 17.8179118833
10.8177957219 38.9663658468 18.1982751450
10.6104790504 39.4159477630 19.5365655709
10.2804654406 39.0813416583 26.1769057354
10.4634911470 39.0976138245 26.9586499544
11.0709303685 38.2382812191 27.7879882779
10.7893378394 38.8098252650 27.8298860174
10.6619838510 39.0538866974 28.7812013320
11.0730325483 38.4381290023 28.4185136377
10.6242223226 38.7144926481 29.6408438226
11.0226171459 38.3839207320 29.1387743184
10.3775445556 39.0533381573 41.3606901022
10.5077837068 38.7470794998 42.0621839173
10.4454233490 38.8321180099 43.0884659603
10.4315503927 38.9789391623 47.4501145698
10.4685901016 39.0404046638 48.4240425357
10.4981884686 38.7482626366 49.1386588847
10.3428981510 38.8592497710 49.9761886841
10.0202724103 39.0019908897 54.8311313728
9.9392796515 38.8681928174 55.2275994443
10.6755008904 40.4607269426 0.9454491487
11.1320480387 40.4087487176 2.4220281192
11.2335564532 40.6193659411 1.9272554768
10.9675306205 40.3079401550 3.1943166056
10.8406432852 40.2468714627 4.1369245298
10.7884325908 40.2603200111 5.1653033519
10.7966794282 40.2898432293 6.2131567932
10.8471440927 40.2838323148 7.2350181966
10.9291463218 40.2479020284 8.2174416468
11.2086071068 39.4735988092 8.9943961991
11.0215665212 40.1705531716 9.1240872172
11.1642664417 39.7438131415 9.4545645373
10.6486752098 40.3352440400 10.1539627547
10.6313869063 40.3946045911 18.4578869638
10.7737227302 39.6655445083 18.3590132063
10.5086345891 40.2105028008 19.1166952393
10.8444080129 39.6188399092 18.9324808394
10.3045572437 39.5599105878 27.9409714764
10.2620291808 39.5156500906 42.3458649859
10.3371098281 39.5291365449 49.4242041233
10.7309392576 41.4956457656 0.9750108817
11.2177891986 41.0470050776 2.3347258549
11.2196268243 41.8062907940 2.4766431457
11.0470545943 41.3105268383 3.0934186517
10.8652497940 41.1965484760 4.0565186220
10.7627255121 41.2083720684 5.0362969056
10.7220701443 41.2936111993 6.1151928455
10.7522536394 41.3066099380 7.1991797837
10.8015401049 41.2451482158 8.1985149753
10.8074260943 41.1169759093 9.0882439912
10.9801480941 40.1936252888 9.7438844011
10.7285189771 40.8738564913 9.7791014783
10.5098205217 41.2794854423 18.0805274022
10.4001434051 41.0243124254 18.7038879057
10.7603112948 42.5328706744 0.9941731328
11.0122531478 42.3945340426 3.1907267903
11.2075004925 42.7261142642 2.5208391541
10.8123218373 42.1567172909 4.0223274119
10.7138561506 41.9486042106 4.8115717664
10.5544101659 42.2774772176 5.8427461901
10.5534521139 42.4247142783 7.1440153998
10.6764170588 42.3054733562 8.2001894404
10.6932392962 42.1442302304 9.1026646272
10.5265159119 41.8625552913 9.8269256491
10.3574499985 42.9244283454 16.8939082507
10.5736748125 42.3612587642 17.2432537616
10.6388596328 42.0605881782 17.7145789343
10.7941042282 42.6932386425 17.8205181009
10.4351178225 42.0458259933 18.2942401216
10.7829998163 43.5149058520 1.0408047715
10.9731315211 43.2095893146 3.0823606006
11.1217908425 43.6356450170 2.5285049716
10.6565087731 43.2048933971 3.9007057363
10.4842689446 42.8439830629 4.9764457128
10.4410036889 43.4134397777 8.2563390833
10.6361788037 43.2629612619 9.1490158290
10.5292922164 42.9749075229 9.9139837360
10.4514782631 43.6752472855 16.9646299683
10.7691098977 42.9818643537 17.2203126979
10.4523015054 43.1739985275 18.0942701378
10.8170352622 43.2373364684 17.6925885257
10.8114190006 44.3859552371 1.1382599833
10.6601934851 44.0847625653 3.2059434393
10.9645668934 44.5182764383 2.4336855177
10.4759102786 44.3564827241 9.1427909823
10.7541953178 44.3513500664 10.1398270908
10.6656149777 44.5015817273 11.0813947769
11.0030071063 44.7232495077 10.7739428803
10.8799925896 45.0361905975 11.6998472075
10.2267104585 44.5529875226 16.8912496198
10.8127207487 43.3646808747 17.3819387125
10.5402099321 43.8595751438 17.5229274799
10.2020475628 44.0700986414 18.0286524489
10.8535665681 44.9638177815 1.2895519806
10.6318093331 45.4767327252 1.4465863933
11.0119985728 45.0641611577 1.5625598257
10.3439490592 45.1602086393 2.7456712425
10.8375181745 45.1474193767 2.1843553369
10.5804606197 45.4384947517 9.6631340704
10.9950409467 45.3951455711 10.2514068507
11.1226546565 45.0601117671 10.6298672531
10.7204681234 45.3018444514 12.2397839424
10.9090834042 45.7876488734 12.6790865040
10.0015571638 45.1564303779 16.8005850309
10.1247157661 44.7137157982 17.4630499569
10.2547048054 45.9095242297 1.5025542225
10.8937956269 45.2963489868 1.8052139831
10.4402400151 45.6479452240 1.9670735264
10.3670158694 46.3409432295 9.6926382947
10.8679640611 46.3633340001 10.1734461142
10.5735483985 46.1700999035 13.3469452562
10.3713869196 46.6456646798 14.0033001400
10.8731812673 46.9180312003 13.5024357857
10.8652047053 47.4096992522 10.3947694690
10.3874887795 47.2198235755 14.0836467483
10.7509478093 47.8129984694 13.5779237012
10.8676653103 48.0417343271 10.5466395306
10.6814104479 48.3751165254 10.5399729885
10.9300599351 48.4060752113 10.8673233119
10.6909739635 48.6481073260 13.3546627837
10.5868644512 49.3230819201 11.5423980391
10.7878190019 48.9171294049 11.2183145876
10.9597863113 49.0205517303 11.7793960091
10.6718200485 49.1222950344 13.1081277586
10.9917252022 48.8621884409 12.9716946923
10.8371661631 49.1959857313 12.7440528734
10.6302134637 49.3870951021 12.1846671974
10.8719732027 12.7430104173 19.2700932914
10.9928767306 12.6654327377 19.7770018829
11.0465002627 12.6146495767 20.5973651431
11.1238718797 12.6576253137 21.6194043664
11.1377779492 12.5915072909 22.3445238615
11.2932009113 12.9718654057 36.2245452001
11.1601479833 13.0567782751 22.3854726032
11.3706966063 13.7757645425 36.1121684308
11.3289293784 13.4663863828 36.7861074102
10.8640140416 13.4845660797 42.3109384829
11.3276336396 14.4498901236 35.6698529824
11.3956453731 14.5135794593 36.3314650222
11.3571770731 14.2328256981 36.8515881696
11.3016109964 15.0476995992 36.1722323968
11.2968666778 14.9537040181 36.8173449939
11.2995934179 20.1111805523 35.2515007274
11.2954111366 19.8052693117 36.0487390198
11.2739265085 19.8953651860 36.9833653471
11.1775257079 19.7290283382 38.0503536522
11.0822349587 19.6854767914 38.8045896267
11.2255920992 20.0760571755 54.1633977856
11.2609661699 20.0778675899 54.8191502194
11.0537935699 21.2934473075 14.4380197729
10.9884409701 21.0268694788 15.0677749338
11.2417138926 20.8395250708 34.6125037167
11.4023529056 20.7219758503 35.2710052002
11.3811612726 20.5954945256 36.0540322066
11.3302912040 20.7580804320 54.7481816494
11.3235098323 20.6544126153 55.5405876402
11.2589167543 21.2092713677 60.4896180916
11.0413375800 21.9291128984 13.6683589113
11.1235022241 21.7560704531 14.4291933034
11.0862437706 21.4636575553 15.0113408721
11.2477716732 21.9711414844 34.4658343797
11.3938835999 21.4453163595 35.3305208586
11.2974223301 21.4546841335 54.9106215999
11.3286252371 21.3826387885 55.5025377111
11.2933664528 21.3015748459 56.1593376483
11.3544685742 21.9150520716 59.9471107880
11.2879391082 21.7754767283 60.6626723267
10.9350695430 22.6415619757 12.6366426342
11.2598882775 23.0876820980 34.5028974604
11.3814935054 22.5776029996 35.1879850282
11.3563481886 22.6816684459 59.3654303746
11.4038271392 22.5951984508 59.9223530408
11.3152659771 22.5190541244 60.4691969085
10.9094975902 23.5932701690 11.5863913889
11.2482029278 24.0673469466 34.6333807501
11.3879022515 23.7546688175 35.3475024789
11.2967532003 23.3723205774 59.2620909960
11.3283959917 23.1808361990 59.9084620318
10.9224412097 24.6318868748 10.5656794413
11.2927715518 25.3440405554 27.8622696713
11.3402211251 24.8492686572 35.3539006246
11.4199617055 24.7431082025 36.2011901659
11.3703079305 25.1695254585 43.1827289377
11.2540168400 25.0262294631 43.8716207820
10.9668387145 25.8114612851 9.5656285518
11.2487732065 26.5319436904 23.0116224734
11.3050961536 25.8751319450 27.4344525977
11.3558134411 25.9578321928 28.0419111203
11.2780540121 25.7166060969 28.4714439031
11.3851544819 25.7897590733 36.2846654073
11.4667623742 25.7241854942 37.2572437439
11.5050490552 25.9577136244 38.3841174683
11.5168948061 26.0191381266 39.3982892063
11.5124498321 25.9934507388 40.4076069286
11.5004899554 25.8806674020 41.4060215000
11.4718722960 25.7043024675 42.4403735961
11.4595172646 25.7709147710 43.1458543606
11.3360028657 25.7165502793 43.7473827627
11.0490350247 26.9861897453 8.8450294815
11.1023523710 26.6902911969 9.4232962575
11.3532562650 27.3499958605 22.9940422942
11.3814312319 27.0532330892 23.6885481104
11.3095497694 26.4570220493 27.9118547468
11.2677820309 26.3510700464 28.4928615625
11.4050147054 26.7493425500 37.2794109585
11.5212906005 26.7722576827 38.2456854277
11.5812225176 26.8091348662 39.2274084040
11.5897737286 26.7936595204 40.1988042917
11.5618626025 26.6940872010 41.2063893216
11.5326865237 26.4292904843 42.0662443362
11.4252573335 26.4562708670 43.0378195289
11.1308013060 28.0014253141 8.6158929355
11.1567139266 27.6173814527 9.2157452170
11.4431864654 28.2769645725 22.9348049174
11.5054531633 28.0002658064 23.7079440741
11.4187888166 27.7706693184 24.4001789715
11.3850160119 27.5479336612 38.1798868055
11.4706041076 27.6955976998 39.1783120430
11.5594112812 27.4681276557 39.9691573372
11.4864261382 27.6229232813 40.9522238767
11.4331333798 27.2678463307 42.1250682675
11.1520070877 28.7727692321 9.0220829169
11.5228269164 29.2411335911 22.7609684217
11.6005515653 28.9505199075 23.6739507021
11.5045895805 28.7654707268 24.5739828973
11.3860930739 28.2357466607 40.2108429147
11.1491652813 30.0743536639 9.0069769581
11.4743269450 29.7495395477 22.1693788197
11.7024911852 30.1214938951 22.8698976244
11.6852452690 29.8946320978 23.6666075108
11.6084812540 29.5823265691 24.3694113614
11.4454686651 29.7628323283 25.1963160577
11.2705274426 31.1656110330 8.6163464528
11.1512477632 31.0076222402 9.2240832257
11.2407880882 31.4133454668 20.8260049904
11.4066200650 30.7921432763 21.2278714953
11.5726227255 30.2535776369 22.0901792548
11.7966875024 30.6930906699 22.9800802685
11.8630243318 31.5029508366 23.3600118805
11.7679144980 30.9364536336 23.6701317918
11.5820763891 30.5526338492 24.6274794972
11.3540125365 32.3173818140 8.4928769296
11.2474379082 31.9826944274 9.2427907601
11.3845502607 32.4039505934 21.0535060682
11.5340202604 31.7471775094 21.1418237265
11.7685373942 32.1304730322 23.6780635507
11.8605642057 32.2894644480 23.1208876696
11.5879709790 31.7056670386 24.4934019743
11.4160635016 33.4310903955 8.2969741851
11.4010225082 33.0628759359 9.1242469727
11.1086610161 32.8692057039 9.7335019547
11.3162528269 33.2990830835 21.1996862732
11.6825573276 32.4510794818 21.6139039833
11.6176885486 33.0253196288 21.9513500188
11.7341980792 32.8773937179 23.0278157646
11.8048434611 32.6602483952 22.4175389665
11.6752995126 32.8272475443 23.6851985642
11.5203450992 32.7831444410 24.3212425329
11.3325686601 34.3322862665 7.7108342479
11.5336871701 34.3457802804 8.4974455175
11.4871037137 34.0480202959 9.0819040099
11.2219139525 33.8096628380 9.7252762426
11.3685575004 33.7933931894 21.8061723550
11.4869243915 33.6676676248 22.6665984497
11.4876869925 33.4763071651 23.6500843937
11.3573792798 35.3464926450 7.6489609297
11.5084250996 35.1216794279 8.3883482955
11.5306135631 34.8184908220 8.9882655106
11.2832799340 34.8670746230 9.6622951877
11.4412326813 36.1733579195 8.3040861052
11.4296890318 35.7219218222 9.1829693840
11.2538457473 36.7028237126 28.1230082166
11.3956079751 37.3196998148 8.5056783364
11.3849749015 36.8570790105 9.1530235148
11.0477539465 37.8148977571 18.7704444313
11.0058122602 37.5177266117 19.2436611895
11.2869780977 37.3799318048 28.1172227237
11.2797478642 37.2083727375 28.7585824202
10.8501666061 38.9867832590 1.2159452838
11.3426092119 38.2817265796 8.6464181645
11.3218344429 38.0008722643 9.3193746786
11.0859900747 38.4839190895 18.7439763399
11.0711523552 38.1061276285 19.3012530045
11.2340634246 37.9519221408 28.1176580862
11.2549177000 37.8888617617 28.6697469863
11.1756514129 37.7901099879 29.2742460800
10.9948032264 39.6997435824 1.2692850575
11.2751325676 39.0238084446 9.2891575355
11.1082927020 38.8288050058 9.8498791780
11.0074120324 39.1166768503 18.7045949460
11.0010754968 38.8695552441 19.2192897040
11.1185052306 40.6966489683 1.4033794599
11.0404481675 39.6300371236 9.8587731321
11.1532636306 41.7993703063 1.3826060687
11.2759034393 41.3158665387 1.8740826784
11.1710199365 42.8035597494 1.4100581201
11.2984158967 42.2354255436 1.9109360665
10.8516107034 42.6106194811 17.4916797864
11.1636292613 43.7411196969 1.4555606243
11.2856185934 43.1851828625 1.9439007781
10.9276432076 42.9869990206 17.5243001757
11.1239126966 44.5285831094 1.5127275479
11.2225041721 44.0794354693 1.9506441695
11.1764168310 45.1989303449 11.2312064216
11.1055931625 44.8131573878 1.9032655194
11.2965698560 45.8675161423 10.8273456490
11.4598572229 45.9434277650 11.5178725192
11.2223050852 45.7078328365 12.0653689541
11.3151287816 46.8690695185 10.8442337020
11.5449195692 46.5154828878 11.3706001672
11.5904744454 46.6844613731 12.1082885360
11.1938796049 46.4027784219 12.7997292174
11.2175208494 47.7555994473 10.9335765943
11.5941957623 47.3567887225 11.6610224446
11.7673095310 47.1925007162 12.0913378117
11.7264275030 47.1868634209 12.3992808538
11.7149584974 47.5097201663 12.4515528917
11.4223709081 47.3410347117 12.8138984510
11.2549653239 48.3484170248 11.5800491818
11.7558405254 47.5153574616 12.1436098496
11.5397761720 47.9069586787 12.3105851748
11.1847275505 48.2631400734 12.9601102413
11.1472980068 48.7756962596 12.3907557095
3 2 1 0
3 4 3 0
3 0 3 2
3 4 5 3
3 1 6 0
3 0 6 4
3 4 6 7
3 7 8 4
3 8 9 4
3 10 5 4
3 10 4 9
3 9 11 10
3 8 12 9
3 9 12 11
3 15 14 13
3 13 16 15
3 13 14 17
3 17 14 18
3 16 13 19
3 19 13 17
3 18 20 17
3 17 20 19
3 23 22 21
3 25 24 21
3 21 24 23
3 25 26 24
3 29 28 27
3 31 30 27
3 27 30 29
3 30 31 22
3 31 21 22
3 31 32 21
3 21 33 25
3 21 32 33
3 26 25 34
3 25 35 34
3 25 33 35
3 37 36 35
3 35 36 34
3 39 38 37
3 37 38 36
3 41 40 39
3 39 40 38
3 41 42 40
3 27 28 43
3 43 28 44
3 27 45 31
3 27 43 45
3 31 46 32
3 31 45 46
3 32 47 33
3 32 46 47
3 33 48 35
3 33 47 48
3 35 49 37
3 35 48 49
3 37 50 39
3 37 49 50
3 39 51 41
3 39 50 51
3 42 41 52
3 41 53 52
3 41 51 53
3 55 54 53
3 53 54 52
3 55 56 54
3 43 44 57
3 57 44 58
3 43 59 45
3 43 57 59
3 45 60 46
3 45 59 60
3 46 61 47
3 46 60 61
3 63 48 62
3 48 61 62
3 48 47 61
3 48 63 49
3 49 63 64
3 66 65 64
3 65 49 64
3 65 50 49
3 50 67 51
3 50 65 67
3 51 68 53
3 51 67 68
3 53 69 55
3 53 68 69
3 56 55 70
3 70 55 69
3 58 71 57
3 73 72 71
3 72 57 71
3 72 59 57
3 59 74 60
3 59 72 74
3 76 61 75
3 61 74 75
3 61 60 74
3 61 76 62
3 65 66 77
3 77 66 78
3 65 79 67
3 65 77 79
3 67 80 68
3 67 79 80
3 68 81 69
3 68 80 81
3 70 69 82
3 69 83 82
3 69 81 83
3 85 84 83
3 83 84 82
3 85 86 84
3 73 87 72
3 72 87 74
3 74 87 88
3 74 88 75
3 77 78 89
3 89 78 90
3 77 91 79
3 77 89 91
3 79 92 80
3 79 91 92
3 80 93 81
3 80 92 93
3 81 94 83
3 81 93 94
3 83 95 85
3 83 94 95
3 86 85 96
3 85 97 96
3 85 95 97
3 97 98 96
3 101 100 99
3 103 102 99
3 99 102 101
3 102 103 90
3 103 89 90
3 103 104 89
3 89 105 91
3 89 104 105
3 91 106 92
3 91 105 106
3 92 107 93
3 92 106 107
3 93 108 94
3 93 107 108
3 94 109 95
3 94 108 109
3 95 110 97
3 95 109 110
3 98 97 111
3 97 112 111
3 97 110 112
3 112 113 111
3 99 100 114
3 114 100 115
3 114 1 2
3 103 114 2
3 99 114 103
3 103 2 3
3 103 3 104
3 104 3 5
3 116 104 5
3 105 104 116
3 105 117 106
3 105 116 117
3 106 118 107
3 106 117 118
3 107 119 108
3 107 118 119
3 108 120 109
3 108 119 120
3 109 121 110
3 109 120 121
3 110 122 112
3 110 121 122
3 113 112 123
3 112 124 123
3 112 122 124
3 124 125 123
3 128 127 126
3 126 129 128
3 114 115 130
3 130 115 131
3 132 6 1
3 114 132 1
3 130 132 114
3 133 7 6
3 133 6 132
3 10 116 5
3 8 7 133
3 116 10 11
3 134 116 11
3 117 116 134
3 117 135 118
3 117 134 135
3 118 136 119
3 118 135 136
3 119 137 120
3 119 136 137
3 120 138 121
3 120 137 138
3 121 139 122
3 121 138 139
3 141 124 140
3 124 139 140
3 124 122 139
3 124 141 125
3 127 142 126
3 126 142 129
3 131 143 130
3 130 143 132
3 132 143 144
3 146 145 144
3 145 132 144
3 145 133 132
3 147 12 8
3 133 147 8
3 145 147 133
3 134 11 12
3 147 134 12
3 148 134 147
3 150 135 149
3 135 148 149
3 135 134 148
3 152 151 150
3 151 135 150
3 151 136 135
3 136 153 137
3 136 151 153
3 137 154 138
3 137 153 154
3 138 155 139
3 138 154 155
3 140 139 156
3 156 139 155
3 159 158 157
3 157 160 159
3 163 162 161
3 161 164 163
3 146 165 145
3 167 166 165
3 166 145 165
3 166 147 145
3 147 168 148
3 147 166 168
3 149 148 169
3 169 148 168
3 152 170 151
3 151 170 153
3 153 170 171
3 153 171 154
3 154 171 172
3 154 172 155
3 155 172 173
3 155 173 156
3 157 158 174
3 174 158 175
3 160 157 176
3 157 177 176
3 157 174 177
3 176 177 162
3 177 161 162
3 177 178 161
3 164 161 179
3 161 180 179
3 161 178 180
3 180 181 179
3 167 182 166
3 184 183 182
3 183 166 182
3 183 168 166
3 169 168 185
3 185 168 183
3 175 186 174
3 188 187 186
3 187 174 186
3 187 177 174
3 177 189 178
3 177 187 189
3 178 190 180
3 178 189 190
3 181 180 191
3 191 180 190
3 194 193 192
3 194 192 184
3 192 183 184
3 192 195 183
3 185 183 196
3 196 183 195
3 188 197 187
3 187 197 189
3 189 197 198
3 189 198 190
3 190 198 199
3 190 199 191
3 192 193 200
3 200 193 201
3 192 202 195
3 192 200 202
3 196 195 203
3 195 204 203
3 195 202 204
3 206 205 204
3 204 205 203
3 208 207 206
3 206 207 205
3 208 209 207
3 200 201 210
3 210 201 211
3 200 212 202
3 200 210 212
3 212 14 15
3 204 212 15
3 202 212 204
3 204 15 16
3 213 204 16
3 206 204 213
3 206 214 208
3 206 213 214
3 209 208 215
3 215 208 214
3 210 211 216
3 216 211 217
3 210 218 212
3 210 216 218
3 218 18 14
3 218 14 212
3 19 219 213
3 19 213 16
3 221 214 220
3 214 219 220
3 214 213 219
3 214 221 215
3 216 217 222
3 222 217 223
3 216 224 218
3 216 222 224
3 225 20 18
3 218 225 18
3 224 225 218
3 225 226 20
3 20 226 19
3 226 227 19
3 227 219 19
3 219 227 220
3 223 228 222
3 222 228 224
3 224 228 229
3 224 229 225
3 225 229 230
3 225 230 226
3 233 232 231
3 235 234 231
3 231 234 233
3 237 236 235
3 235 236 234
3 239 238 237
3 237 238 236
3 241 240 239
3 239 240 238
3 243 242 241
3 241 242 240
3 243 244 242
3 247 246 245
3 247 245 232
3 245 231 232
3 245 248 231
3 231 249 235
3 231 248 249
3 235 250 237
3 235 249 250
3 237 251 239
3 237 250 251
3 239 252 241
3 239 251 252
3 241 253 243
3 241 252 253
3 244 243 254
3 243 255 254
3 243 253 255
3 257 256 255
3 255 256 254
3 257 258 256
3 261 260 259
3 261 259 246
3 259 245 246
3 259 262 245
3 245 263 248
3 245 262 263
3 248 264 249
3 248 263 264
3 264 22 23
3 250 264 23
3 249 264 250
3 250 23 24
3 250 24 251
3 251 24 26
3 265 251 26
3 252 251 265
3 252 266 253
3 252 265 266
3 253 267 255
3 253 266 267
3 255 268 257
3 255 267 268
3 258 257 269
3 257 270 269
3 257 268 270
3 270 271 269
3 259 260 272
3 272 260 273
3 259 274 262
3 259 272 274
3 274 28 29
3 263 274 29
3 262 274 263
3 263 29 30
3 263 30 264
3 264 30 22
3 34 265 26
3 265 34 36
3 265 36 266
3 266 36 38
3 266 38 267
3 267 38 40
3 267 40 268
3 268 40 42
3 275 268 42
3 270 268 275
3 271 270 276
3 270 277 276
3 270 275 277
3 277 278 276
3 272 273 279
3 279 273 280
3 272 281 274
3 272 279 281
3 281 44 28
3 281 28 274
3 52 275 42
3 275 52 54
3 275 54 277
3 283 282 56
3 56 282 54
3 282 278 54
3 278 277 54
3 285 284 283
3 283 284 282
3 287 286 285
3 285 286 284
3 287 288 286
3 279 280 289
3 289 280 290
3 279 291 281
3 279 289 291
3 291 58 44
3 291 44 281
3 62 292 63
3 293 64 63
3 293 63 292
3 293 66 64
3 70 294 283
3 70 283 56
3 283 295 285
3 283 294 295
3 285 296 287
3 285 295 296
3 288 287 297
3 287 298 297
3 287 296 298
3 298 299 297
3 289 290 300
3 300 290 301
3 289 302 291
3 289 300 302
3 303 71 58
3 291 303 58
3 302 303 291
3 303 73 71
3 75 304 76
3 292 62 76
3 304 292 76
3 305 292 304
3 292 306 293
3 292 305 306
3 306 78 66
3 306 66 293
3 82 294 70
3 294 82 84
3 294 84 295
3 295 84 86
3 307 295 86
3 296 295 307
3 296 308 298
3 296 307 308
3 299 298 309
3 298 310 309
3 298 308 310
3 310 311 309
3 301 312 300
3 314 313 312
3 313 300 312
3 313 302 300
3 302 315 303
3 302 313 315
3 316 87 73
3 303 316 73
3 315 316 303
3 317 88 87
3 317 87 316
3 304 75 88
3 317 304 88
3 318 304 317
3 304 319 305
3 304 318 319
3 305 320 306
3 305 319 320
3 320 90 78
3 320 78 306
3 96 307 86
3 307 96 98
3 321 307 98
3 308 307 321
3 308 322 310
3 308 321 322
3 311 310 323
3 310 324 323
3 310 322 324
3 324 325 323
3 328 327 326
3 328 326 314
3 326 313 314
3 326 329 313
3 331 315 330
3 315 329 330
3 315 313 329
3 315 331 316
3 316 331 332
3 334 333 332
3 333 316 332
3 333 317 316
3 317 335 318
3 317 333 335
3 335 100 101
3 319 335 101
3 318 335 319
3 319 101 102
3 319 102 320
3 320 102 90
3 111 321 98
3 321 111 113
3 336 321 113
3 322 321 336
3 322 337 324
3 322 336 337
3 325 324 338
3 338 324 337
3 326 327 339
3 339 327 340
3 326 341 329
3 326 339 341
3 330 329 342
3 329 343 342
3 329 341 343
3 343 344 342
3 333 334 345
3 345 334 346
3 333 347 335
3 333 345 347
3 347 115 100
3 347 100 335
3 123 336 113
3 336 123 125
3 348 336 125
3 337 336 348
3 338 337 349
3 349 337 348
3 352 351 350
3 352 350 340
3 350 339 340
3 350 353 339
3 353 127 128
3 341 353 128
3 339 353 341
3 341 128 129
3 354 341 129
3 343 341 354
3 344 343 355
3 355 343 354
3 345 346 356
3 356 346 357
3 345 358 347
3 345 356 358
3 358 131 115
3 358 115 347
3 140 359 141
3 348 125 141
3 359 348 141
3 360 348 359
3 349 348 361
3 361 348 360
3 350 351 362
3 362 351 363
3 350 364 353
3 350 362 364
3 365 142 127
3 353 365 127
3 364 365 353
3 354 129 142
3 365 354 142
3 366 354 365
3 355 354 367
3 354 368 367
3 354 366 368
3 367 368 357
3 368 356 357
3 368 369 356
3 356 370 358
3 356 369 370
3 371 143 131
3 358 371 131
3 370 371 358
3 372 144 143
3 372 143 371
3 372 146 144
3 149 373 150
3 373 152 150
3 156 374 359
3 156 359 140
3 359 375 360
3 359 374 375
3 361 360 376
3 376 360 375
3 362 363 377
3 377 363 378
3 362 379 364
3 362 377 379
3 364 380 365
3 364 379 380
3 380 158 159
3 366 380 159
3 365 380 366
3 366 159 160
3 381 366 160
3 368 366 381
3 381 162 163
3 369 381 163
3 368 381 369
3 369 163 164
3 382 369 164
3 370 369 382
3 370 383 371
3 370 382 383
3 371 384 372
3 371 383 384
3 385 165 146
3 372 385 146
3 384 385 372
3 385 167 165
3 169 386 373
3 169 373 149
3 387 170 152
3 373 387 152
3 386 387 373
3 388 171 170
3 388 170 387
3 389 172 171
3 389 171 388
3 390 173 172
3 390 172 389
3 374 156 173
3 390 374 173
3 391 374 390
3 393 375 392
3 375 391 392
3 375 374 391
3 375 393 376
3 378 394 377
3 396 395 394
3 395 377 394
3 395 379 377
3 379 397 380
3 379 395 397
3 397 175 158
3 397 158 380
3 176 381 160
3 381 176 162
3 179 382 164
3 382 179 181
3 398 382 181
3 383 382 398
3 383 399 384
3 383 398 399
3 384 400 385
3 384 399 400
3 401 182 167
3 385 401 167
3 400 401 385
3 401 184 182
3 185 402 386
3 185 386 169
3 386 403 387
3 386 402 403
3 387 404 388
3 387 403 404
3 388 405 389
3 388 404 405
3 389 406 390
3 389 405 406
3 408 391 407
3 391 406 407
3 391 390 406
3 391 408 392
3 411 410 409
3 409 412 411
3 396 413 395
3 415 414 413
3 414 395 413
3 414 397 395
3 416 186 175
3 397 416 175
3 414 416 397
3 416 188 186
3 191 417 398
3 191 398 181
3 419 399 418
3 399 417 418
3 399 398 417
3 421 420 419
3 420 399 419
3 420 400 399
3 420 193 194
3 401 420 194
3 400 420 401
3 401 194 184
3 196 422 402
3 196 402 185
3 402 423 403
3 402 422 423
3 403 424 404
3 403 423 424
3 404 425 405
3 404 424 425
3 405 426 406
3 405 425 426
3 407 406 427
3 427 406 426
3 430 429 428
3 432 431 428
3 431 409 428
3 410 430 428
3 410 428 409
3 409 431 412
3 415 433 414
3 435 434 433
3 434 414 433
3 434 416 414
3 436 197 188
3 416 436 188
3 434 436 416
3 437 198 197
3 437 197 436
3 438 199 198
3 438 198 437
3 417 191 199
3 438 417 199
3 439 417 438
3 418 417 440
3 417 441 440
3 417 439 441
3 440 441 421
3 441 420 421
3 441 442 420
3 442 201 193
3 442 193 420
3 203 422 196
3 422 203 205
3 422 205 423
3 423 205 207
3 423 207 424
3 424 207 209
3 443 424 209
3 425 424 443
3 425 444 426
3 425 443 444
3 427 426 445
3 445 426 444
3 429 446 428
3 428 446 432
3 435 447 434
3 449 448 447
3 448 434 447
3 448 436 434
3 436 450 437
3 436 448 450
3 437 451 438
3 437 450 451
3 438 452 439
3 438 451 452
3 439 453 441
3 439 452 453
3 441 454 442
3 441 453 454
3 454 211 201
3 454 201 442
3 215 455 443
3 215 443 209
3 443 456 444
3 443 455 456
3 445 444 457
3 444 458 457
3 444 456 458
3 458 459 457
3 449 460 448
3 448 460 450
3 450 460 461
3 450 461 451
3 451 461 462
3 464 463 462
3 463 451 462
3 463 452 451
3 452 465 453
3 452 463 465
3 453 466 454
3 453 465 466
3 466 217 211
3 466 211 454
3 220 467 221
3 455 215 221
3 467 455 221
3 468 455 467
3 455 469 456
3 455 468 469
3 456 470 458
3 456 469 470
3 459 458 471
3 471 458 470
3 464 472 463
3 474 473 472
3 473 463 472
3 473 465 463
3 465 475 466
3 465 473 475
3 475 223 217
3 475 217 466
3 226 476 227
3 467 220 227
3 476 467 227
3 477 467 476
3 467 478 468
3 467 477 478
3 468 479 469
3 468 478 479
3 469 480 470
3 469 479 480
3 471 470 481
3 481 470 480
3 473 474 482
3 482 474 483
3 473 484 475
3 473 482 484
3 485 228 223
3 475 485 223
3 484 485 475
3 486 229 228
3 486 228 485
3 229 486 487
3 488 229 487
3 230 229 488
3 226 230 476
3 230 489 476
3 230 488 489
3 476 489 477
3 477 489 490
3 477 490 478
3 478 490 491
3 478 491 479
3 479 491 492
3 479 492 480
3 480 492 493
3 480 493 481
3 483 494 482
3 482 494 484
3 484 494 495
3 484 495 485
3 485 495 496
3 485 496 486
3 486 496 497
3 486 497 487
3 500 499 498
3 502 501 498
3 498 501 500
3 504 503 502
3 502 503 501
3 506 505 504
3 504 505 503
3 508 507 506
3 506 507 505
3 510 509 508
3 508 509 507
3 510 511 509
3 514 513 512
3 516 515 512
3 512 515 514
3 515 516 499
3 516 498 499
3 516 517 498
3 498 518 502
3 498 517 518
3 502 519 504
3 502 518 519
3 504 520 506
3 504 519 520
3 506 521 508
3 506 520 521
3 508 522 510
3 508 521 522
3 511 510 523
3 510 524 523
3 510 522 524
3 526 525 524
3 524 525 523
3 526 527 525
3 530 529 528
3 530 528 513
3 528 512 513
3 528 531 512
3 512 532 516
3 512 531 532
3 532 232 233
3 517 532 233
3 516 532 517
3 517 233 234
3 517 234 518
3 518 234 236
3 518 236 519
3 519 236 238
3 519 238 520
3 520 238 240
3 520 240 521
3 521 240 242
3 521 242 522
3 522 242 244
3 533 522 244
3 524 522 533
3 524 534 526
3 524 533 534
3 527 526 535
3 526 536 535
3 526 534 536
3 536 537 535
3 528 529 538
3 538 529 539
3 528 540 531
3 528 538 540
3 540 246 247
3 532 540 247
3 531 540 532
3 532 247 232
3 254 533 244
3 533 254 256
3 533 256 534
3 534 256 258
3 541 534 258
3 536 534 541
3 537 536 542
3 536 543 542
3 536 541 543
3 543 544 542
3 538 539 545
3 545 539 546
3 545 260 261
3 540 545 261
3 538 545 540
3 540 261 246
3 269 541 258
3 541 269 271
3 547 541 271
3 543 541 547
3 544 543 548
3 543 549 548
3 543 547 549
3 549 550 548
3 545 546 551
3 551 546 552
3 551 273 260
3 551 260 545
3 276 547 271
3 547 276 278
3 553 547 278
3 549 547 553
3 550 549 554
3 549 555 554
3 549 553 555
3 557 556 555
3 555 556 554
3 557 558 556
3 561 560 559
3 561 559 552
3 559 551 552
3 559 562 551
3 562 280 273
3 562 273 551
3 282 553 278
3 553 282 284
3 553 284 555
3 555 284 286
3 555 286 557
3 564 563 288
3 288 563 286
3 563 558 286
3 558 557 286
3 564 565 563
3 559 560 566
3 566 560 567
3 559 568 562
3 559 566 568
3 568 290 280
3 568 280 562
3 297 564 288
3 570 569 299
3 299 569 297
3 569 565 297
3 565 564 297
3 570 571 569
3 566 567 572
3 572 567 573
3 566 574 568
3 566 572 574
3 574 301 290
3 574 290 568
3 309 570 299
3 576 575 311
3 311 575 309
3 575 571 309
3 571 570 309
3 578 577 576
3 576 577 575
3 578 579 577
3 572 573 580
3 580 573 581
3 572 582 574
3 572 580 582
3 583 312 301
3 574 583 301
3 582 583 574
3 583 314 312
3 323 576 311
3 576 323 325
3 584 576 325
3 578 576 584
3 579 578 585
3 578 586 585
3 578 584 586
3 588 587 586
3 586 587 585
3 588 589 587
3 580 581 590
3 590 581 591
3 580 592 582
3 580 590 592
3 592 327 328
3 583 592 328
3 582 592 583
3 583 328 314
3 330 593 331
3 594 332 331
3 594 331 593
3 594 334 332
3 338 595 584
3 338 584 325
3 584 596 586
3 584 595 596
3 586 597 588
3 586 596 597
3 589 588 598
3 588 599 598
3 588 597 599
3 599 600 598
3 603 602 601
3 603 601 591
3 601 590 591
3 601 604 590
3 590 605 592
3 590 604 605
3 605 340 327
3 605 327 592
3 342 593 330
3 593 342 344
3 606 593 344
3 594 593 606
3 606 346 334
3 606 334 594
3 349 607 595
3 349 595 338
3 595 608 596
3 595 607 608
3 596 609 597
3 596 608 609
3 611 599 610
3 599 609 610
3 599 597 609
3 599 611 600
3 601 602 612
3 612 602 613
3 601 614 604
3 601 612 614
3 614 351 352
3 605 614 352
3 604 614 605
3 605 352 340
3 355 615 606
3 355 606 344
3 615 357 346
3 615 346 606
3 361 616 607
3 361 607 349
3 607 617 608
3 607 616 617
3 619 609 618
3 609 617 618
3 609 608 617
3 609 619 610
3 612 613 620
3 620 613 621
3 612 622 614
3 612 620 622
3 622 363 351
3 622 351 614
3 367 615 355
3 615 367 357
3 376 623 616
3 376 616 361
3 616 624 617
3 616 623 624
3 618 617 625
3 625 617 624
3 620 621 626
3 626 621 627
3 620 628 622
3 620 626 628
3 628 378 363
3 628 363 622
3 392 629 393
3 623 376 393
3 629 623 393
3 630 623 629
3 623 631 624
3 623 630 631
3 625 624 632
3 632 624 631
3 635 634 633
3 633 636 635
3 627 637 626
3 639 638 637
3 638 626 637
3 638 628 626
3 640 394 378
3 628 640 378
3 638 640 628
3 640 396 394
3 407 641 408
3 629 392 408
3 641 629 408
3 642 629 641
3 629 643 630
3 629 642 643
3 630 644 631
3 630 643 644
3 632 631 645
3 645 631 644
3 647 646 411
3 411 646 410
3 648 633 412
3 633 647 412
3 647 411 412
3 633 634 647
3 636 633 649
3 649 633 648
3 639 650 638
3 652 651 650
3 651 638 650
3 651 640 638
3 653 413 396
3 640 653 396
3 651 653 640
3 653 415 413
3 418 654 419
3 654 421 419
3 427 655 641
3 427 641 407
3 641 656 642
3 641 655 656
3 642 657 643
3 642 656 657
3 659 644 658
3 644 657 658
3 644 643 657
3 644 659 645
3 661 660 430
3 430 660 429
3 646 662 410
3 646 431 662
3 431 646 663
3 661 663 646
3 663 661 432
3 662 432 661
3 661 430 662
3 662 430 410
3 431 432 662
3 648 412 431
3 663 648 431
3 664 648 663
3 649 648 665
3 665 648 664
3 651 652 666
3 666 652 667
3 651 668 653
3 651 666 668
3 669 433 415
3 653 669 415
3 668 669 653
3 669 435 433
3 440 654 418
3 654 440 421
3 445 670 655
3 445 655 427
3 655 671 656
3 655 670 671
3 656 672 657
3 656 671 672
3 658 657 673
3 673 657 672
3 676 675 674
3 674 677 446
3 660 674 446
3 429 660 446
3 674 660 676
3 663 432 446
3 677 663 446
3 678 663 677
3 680 664 679
3 664 678 679
3 664 663 678
3 664 680 665
3 667 681 666
3 683 682 681
3 682 666 681
3 682 668 666
3 668 684 669
3 668 682 684
3 685 447 435
3 669 685 435
3 684 685 669
3 685 449 447
3 457 670 445
3 670 457 459
3 686 670 459
3 671 670 686
3 688 672 687
3 672 686 687
3 672 671 686
3 672 688 673
3 691 690 689
3 691 689 675
3 689 674 675
3 689 692 674
3 674 693 677
3 674 692 693
3 695 678 694
3 678 693 694
3 678 677 693
3 678 695 679
3 683 696 682
3 698 697 696
3 697 682 696
3 697 684 682
3 684 699 685
3 684 697 699
3 700 460 449
3 685 700 449
3 699 700 685
3 701 461 460
3 701 460 700
3 702 462 461
3 702 461 701
3 702 464 462
3 471 703 686
3 471 686 459
3 687 686 704
3 704 686 703
3 689 690 705
3 705 690 706
3 689 707 692
3 689 705 707
3 692 708 693
3 692 707 708
3 694 693 709
3 709 693 708
3 698 710 697
3 697 710 699
3 699 710 711
3 699 711 700
3 700 711 712
3 700 712 701
3 701 712 713
3 715 714 713
3 714 701 713
3 714 702 701
3 716 472 464
3 702 716 464
3 714 716 702
3 716 474 472
3 481 717 703
3 481 703 471
3 704 703 718
3 718 703 717
3 721 720 719
3 723 722 719
3 719 722 721
3 722 723 706
3 723 705 706
3 723 724 705
3 705 725 707
3 705 724 725
3 727 708 726
3 708 725 726
3 708 707 725
3 708 727 709
3 714 715 728
3 728 715 729
3 714 730 716
3 714 728 730
3 730 483 474
3 730 474 716
3 487 731 488
3 732 489 488
3 732 488 731
3 733 490 489
3 733 489 732
3 734 491 490
3 734 490 733
3 735 492 491
3 735 491 734
3 492 735 736
3 737 492 736
3 493 492 737
3 481 493 717
3 493 738 717
3 493 737 738
3 717 738 718
3 719 720 739
3 739 720 740
3 719 741 723
3 719 739 741
3 723 742 724
3 723 741 742
3 724 743 725
3 724 742 743
3 726 725 744
3 744 725 743
3 729 745 728
3 728 745 730
3 730 745 746
3 730 746 483
3 746 494 483
3 746 747 494
3 747 749 748
3 495 747 748
3 494 747 495
3 750 496 495
3 750 495 748
3 496 750 751
3 752 496 751
3 497 496 752
3 487 497 731
3 497 753 731
3 497 752 753
3 731 753 732
3 732 753 754
3 732 754 733
3 733 754 755
3 733 755 734
3 734 755 756
3 734 756 735
3 735 756 757
3 735 757 736
3 739 740 758
3 758 740 759
3 739 760 741
3 739 758 760
3 741 761 742
3 741 760 761
3 742 762 743
3 742 761 762
3 744 743 763
3 763 743 762
3 749 764 748
3 748 764 750
3 750 764 765
3 750 765 751
3 758 759 766
3 766 759 767
3 769 760 768
3 760 766 768
3 760 758 766
3 771 770 769
3 770 760 769
3 770 761 760
3 773 762 772
3 762 770 772
3 762 761 770
3 762 773 763
3 766 767 774
3 774 767 775
3 768 766 776
3 776 766 774
3 771 777 770
3 770 777 772
3 774 775 778
3 778 775 779
3 776 774 780
3 780 774 778
3 778 779 781
3 781 779 782
3 780 778 783
3 783 778 781
3 781 782 784
3 784 782 785
3 783 781 786
3 781 787 786
3 781 784 787
3 787 788 786
3 784 785 789
3 789 785 790
3 784 791 787
3 784 789 791
3 788 787 792
3 792 787 791
3 790 793 789
3 789 793 791
3 791 793 794
3 791 794 792
3 797 796 795
3 795 798 797
3 801 800 799
3 801 799 796
3 799 795 796
3 799 802 795
3 798 795 803
3 795 804 803
3 795 802 804
3 806 805 804
3 804 805 803
3 808 807 806
3 806 807 805
3 810 809 808
3 808 809 807
3 810 811 809
3 814 813 812
3 814 812 800
3 812 799 800
3 812 815 799
3 799 816 802
3 799 815 816
3 802 817 804
3 802 816 817
3 804 818 806
3 804 817 818
3 806 819 808
3 806 818 819
3 808 820 810
3 808 819 820
3 811 810 821
3 810 822 821
3 810 820 822
3 824 823 822
3 822 823 821
3 826 825 824
3 824 825 823
3 826 827 825
3 812 813 828
3 828 813 829
3 812 830 815
3 812 828 830
3 815 831 816
3 815 830 831
3 831 499 500
3 817 831 500
3 816 831 817
3 817 500 501
3 817 501 818
3 818 501 503
3 818 503 819
3 819 503 505
3 819 505 820
3 820 505 507
3 820 507 822
3 822 507 509
3 822 509 824
3 824 509 511
3 832 824 511
3 826 824 832
3 827 826 833
3 826 834 833
3 826 832 834
3 834 835 833
3 838 837 836
3 838 836 829
3 836 828 829
3 836 839 828
3 839 513 514
3 830 839 514
3 828 839 830
3 830 514 515
3 830 515 831
3 831 515 499
3 523 832 511
3 832 523 525
3 832 525 834
3 841 840 527
3 527 840 525
3 840 835 525
3 835 834 525
3 841 842 840
3 845 844 843
3 845 843 837
3 843 836 837
3 843 846 836
3 846 529 530
3 839 846 530
3 836 846 839
3 839 530 513
3 535 841 527
3 848 847 537
3 537 847 535
3 847 842 535
3 842 841 535
3 850 849 848
3 848 849 847
3 850 851 849
3 854 853 852
3 854 852 844
3 852 843 844
3 852 855 843
3 843 856 846
3 843 855 856
3 856 539 529
3 856 529 846
3 542 848 537
3 848 542 544
3 857 848 544
3 850 848 857
3 851 850 858
3 850 859 858
3 850 857 859
3 859 860 858
3 852 853 861
3 861 853 862
3 852 863 855
3 852 861 863
3 855 864 856
3 855 863 864
3 864 546 539
3 864 539 856
3 548 857 544
3 857 548 550
3 865 857 550
3 859 857 865
3 860 859 866
3 859 867 866
3 859 865 867
3 867 868 866
3 871 870 869
3 871 869 862
3 869 861 862
3 869 872 861
3 861 873 863
3 861 872 873
3 863 874 864
3 863 873 874
3 874 552 546
3 874 546 864
3 554 865 550
3 865 554 556
3 865 556 867
3 876 875 558
3 558 875 556
3 875 868 556
3 868 867 556
3 876 877 875
3 870 878 869
3 880 879 878
3 879 869 878
3 879 872 869
3 872 881 873
3 872 879 881
3 881 560 561
3 874 881 561
3 873 881 874
3 874 561 552
3 563 876 558
3 883 882 565
3 565 882 563
3 882 877 563
3 877 876 563
3 885 884 883
3 883 884 882
3 885 886 884
3 880 887 879
3 889 888 887
3 888 879 887
3 888 881 879
3 888 567 560
3 888 560 881
3 569 883 565
3 883 569 571
3 890 883 571
3 885 883 890
3 886 885 891
3 885 892 891
3 885 890 892
3 894 893 892
3 892 893 891
3 894 895 893
3 898 897 896
3 898 896 889
3 896 888 889
3 896 899 888
3 899 573 567
3 899 567 888
3 575 890 571
3 890 575 577
3 890 577 892
3 892 577 579
3 900 892 579
3 894 892 900
3 895 894 901
3 894 902 901
3 894 900 902
3 904 903 902
3 902 903 901
3 904 905 903
3 896 897 906
3 906 897 907
3 896 908 899
3 896 906 908
3 908 581 573
3 908 573 899
3 585 900 579
3 900 585 587
3 900 587 902
3 902 587 589
3 909 902 589
3 904 902 909
3 905 904 910
3 904 911 910
3 904 909 911
3 911 912 910
3 915 914 913
3 915 913 907
3 913 906 907
3 913 916 906
3 906 917 908
3 906 916 917
3 917 591 581
3 917 581 908
3 598 909 589
3 909 598 600
3 918 909 600
3 911 909 918
3 912 911 919
3 919 911 918
3 913 914 920
3 920 914 921
3 913 922 916
3 913 920 922
3 922 602 603
3 917 922 603
3 916 922 917
3 917 603 591
3 610 923 611
3 918 600 611
3 923 918 611
3 924 918 923
3 919 918 925
3 925 918 924
3 920 921 926
3 926 921 927
3 920 928 922
3 920 926 928
3 928 613 602
3 928 602 922
3 618 929 619
3 923 610 619
3 929 923 619
3 930 923 929
3 932 924 931
3 924 930 931
3 924 923 930
3 924 932 925
3 935 934 933
3 933 936 935
3 926 927 937
3 937 927 938
3 926 939 928
3 926 937 939
3 939 621 613
3 939 613 928
3 625 940 929
3 625 929 618
3 929 941 930
3 929 940 941
3 931 930 942
3 942 930 941
3 945 944 943
3 947 946 943
3 946 933 943
3 934 945 943
3 934 943 933
3 933 946 936
3 937 938 948
3 948 938 949
3 937 950 939
3 937 948 950
3 950 627 621
3 950 621 939
3 632 951 940
3 632 940 625
3 940 952 941
3 940 951 952
3 942 941 953
3 953 941 952
3 955 954 635
3 635 954 634
3 956 943 636
3 943 955 636
3 955 635 636
3 943 944 955
3 947 943 957
3 957 943 956
3 948 949 958
3 958 949 959
3 948 960 950
3 948 958 960
3 961 637 627
3 950 961 627
3 960 961 950
3 961 639 637
3 645 962 951
3 645 951 632
3 951 963 952
3 951 962 963
3 953 952 964
3 964 952 963
3 966 965 647
3 647 965 646
3 647 634 954
3 647 954 966
3 649 967 956
3 649 956 636
3 957 956 968
3 968 956 967
3 959 969 958
3 971 970 969
3 970 958 969
3 970 960 958
3 960 972 961
3 960 970 972
3 973 650 639
3 961 973 639
3 972 973 961
3 973 652 650
3 658 974 659
3 962 645 659
3 974 962 659
3 975 962 974
3 962 976 963
3 962 975 976
3 964 963 977
3 977 963 976
3 979 978 661
3 661 978 660
3 661 646 965
3 661 965 979
3 665 980 967
3 665 967 649
3 968 967 981
3 981 967 980
3 971 982 970
3 984 983 982
3 983 970 982
3 983 972 970
3 972 985 973
3 972 983 985
3 985 667 652
3 985 652 973
3 673 986 974
3 673 974 658
3 974 987 975
3 974 986 987
3 989 976 988
3 976 987 988
3 976 975 987
3 976 989 977
3 991 990 676
3 676 990 675
3 676 660 978
3 676 978 991
3 679 992 680
3 980 665 680
3 992 980 680
3 993 980 992
3 981 980 994
3 994 980 993
3 983 984 995
3 995 984 996
3 983 997 985
3 983 995 997
3 998 681 667
3 985 998 667
3 997 998 985
3 998 683 681
3 687 999 688
3 986 673 688
3 999 986 688
3 1000 986 999
3 1002 987 1001
3 987 1000 1001
3 987 986 1000
3 987 1002 988
3 1004 1003 691
3 691 1003 690
3 691 675 990
3 691 990 1004
3 694 1005 695
3 992 679 695
3 1005 992 695
3 1006 992 1005
3 992 1007 993
3 992 1006 1007
3 994 993 1008
3 1008 993 1007
3 995 996 1009
3 1009 996 1010
3 995 1011 997
3 995 1009 1011
3 997 1012 998
3 997 1011 1012
3 1013 696 683
3 998 1013 683
3 1012 1013 998
3 1013 698 696
3 704 1014 999
3 704 999 687
3 1016 1000 1015
3 1000 1014 1015
3 1000 999 1014
3 1000 1016 1001
3 1019 1018 1017
3 1003 1019 1017
3 706 1003 1017
3 690 1003 706
3 709 1020 1005
3 709 1005 694
3 1005 1021 1006
3 1005 1020 1021
3 1006 1022 1007
3 1006 1021 1022
3 1008 1007 1023
3 1023 1007 1022
3 1010 1024 1009
3 1026 1025 1024
3 1025 1009 1024
3 1025 1011 1009
3 1011 1027 1012
3 1011 1025 1027
3 1012 1028 1013
3 1012 1027 1028
3 1029 710 698
3 1013 1029 698
3 1028 1029 1013
3 1030 711 710
3 1030 710 1029
3 1031 712 711
3 1031 711 1030
3 1032 713 712
3 1032 712 1031
3 1032 715 713
3 718 1033 1014
3 718 1014 704
3 1015 1014 1034
3 1034 1014 1033
3 1036 1035 721
3 721 1035 720
3 722 1017 1018
3 1036 722 1018
3 721 722 1036
3 1017 722 706
3 726 1037 727
3 1020 709 727
3 1037 1020 727
3 1038 1020 1037
3 1020 1039 1021
3 1020 1038 1039
3 1021 1040 1022
3 1021 1039 1040
3 1023 1022 1041
3 1041 1022 1040
3 1026 1042 1025
3 1025 1042 1027
3 1027 1042 1043
3 1027 1043 1028
3 1028 1043 1044
3 1046 1045 1044
3 1045 1028 1044
3 1045 1029 1028
3 1029 1047 1030
3 1029 1045 1047
3 1030 1048 1031
3 1030 1047 1048
3 1031 1049 1032
3 1031 1048 1049
3 1049 729 715
3 1049 715 1032
3 736 1050 737
3 737 1050 1051
3 1052 737 1051
3 738 737 1052
3 718 738 1033
3 738 1053 1033
3 738 1052 1053
3 1033 1053 1034
3 1035 740 720
3 1054 740 1035
3 744 1055 1037
3 744 1037 726
3 1037 1056 1038
3 1037 1055 1056
3 1038 1057 1039
3 1038 1056 1057
3 1059 1040 1058
3 1040 1057 1058
3 1040 1039 1057
3 1040 1059 1041
3 1046 1060 1045
3 1045 1060 1047
3 1047 1060 1061
3 1047 1061 1048
3 1048 1061 1062
3 1048 1062 1049
3 1049 1062 1063
3 1063 1065 1064
3 1063 1064 745
3 1049 1063 745
3 729 1049 745
3 1066 746 745
3 1066 745 1064
3 1067 747 746
3 1067 746 1066
3 1067 749 747
3 751 1068 752
3 1069 753 752
3 1069 752 1068
3 1070 754 753
3 1070 753 1069
3 1071 755 754
3 1071 754 1070
3 1072 756 755
3 1072 755 1071
3 756 1072 1073
3 1074 756 1073
3 757 756 1074
3 736 757 1050
3 757 1075 1050
3 757 1074 1075
3 1050 1075 1051
3 1054 759 740
3 1076 759 1054
3 763 1077 1055
3 763 1055 744
3 1055 1078 1056
3 1055 1077 1078
3 1056 1079 1057
3 1056 1078 1079
3 1058 1057 1080
3 1080 1057 1079
3 1065 1081 1064
3 1064 1081 1066
3 1066 1081 1082
3 1066 1082 1067
3 1067 1082 1083
3 1067 1083 749
3 1083 764 749
3 1083 1084 764
3 1084 1086 1085
3 765 1084 1085
3 764 1084 765
3 1068 751 765
3 1085 1068 765
3 1087 1068 1085
3 1089 1069 1088
3 1069 1087 1088
3 1069 1068 1087
3 1069 1089 1070
3 1070 1089 1090
3 1070 1090 1071
3 1071 1090 1091
3 1071 1091 1072
3 1072 1091 1092
3 1072 1092 1073
3 1076 767 759
3 1093 767 1076
3 768 1094 769
3 1094 771 769
3 772 1095 773
3 1077 763 773
3 1095 1077 773
3 1096 1077 1095
3 1098 1078 1097
3 1078 1096 1097
3 1078 1077 1096
3 1078 1098 1079
3 1079 1098 1099
3 1079 1099 1080
3 1086 1100 1085
3 1085 1100 1087
3 1087 1100 1101
3 1087 1101 1088
3 1093 775 767
3 1102 775 1093
3 776 1103 1094
3 776 1094 768
3 1104 777 771
3 1094 1104 771
3 1103 1104 1094
3 1095 772 777
3 1104 1095 777
3 1105 1095 1104
3 1107 1096 1106
3 1096 1105 1106
3 1096 1095 1105
3 1096 1107 1097
3 1102 779 775
3 1108 779 1102
3 780 1109 1103
3 780 1103 776
3 1103 1110 1104
3 1103 1109 1110
3 1112 1105 1111
3 1105 1110 1111
3 1105 1104 1110
3 1105 1112 1106
3 1115 1114 1113
3 1117 1116 1113
3 1113 1116 1115
3 1117 1118 1116
3 1108 782 779
3 1119 782 1108
3 783 1120 1109
3 783 1109 780
3 1109 1121 1110
3 1109 1120 1121
3 1111 1110 1122
3 1110 1123 1122
3 1110 1121 1123
3 1123 1124 1122
3 1114 1125 1113
3 1113 1125 1117
3 1117 1125 1126
3 1117 1126 1118
3 1119 785 782
3 1127 785 1119
3 786 1120 783
3 1120 786 788
3 1128 1120 788
3 1121 1120 1128
3 1121 1129 1123
3 1121 1128 1129
3 1124 1123 1130
3 1130 1123 1129
3 1127 790 785
3 1131 790 1127
3 792 1132 1128
3 792 1128 788
3 1128 1133 1129
3 1128 1132 1133
3 1130 1129 1134
3 1134 1129 1133
3 793 790 1135
3 790 1136 1135
3 790 1131 1136
3 1137 794 793
3 1137 793 1135
3 1132 792 794
3 1137 1132 794
3 1138 1132 1137
3 1140 1133 1139
3 1133 1138 1139
3 1133 1132 1138
3 1133 1140 1134
3 1135 1136 1141
3 1141 1136 1142
3 1144 1137 1143
3 1137 1141 1143
3 1137 1135 1141
3 1137 1144 1138
3 1138 1144 1145
3 1138 1145 1139
3 1142 1146 1141
3 1141 1146 1143
3 1149 1148 1147
3 1147 1150 1149
3 1153 1152 1151
3 1155 1154 1151
3 1151 1154 1153
3 1157 1156 1155
3 1155 1156 1154
3 1157 1158 1156
3 1147 1148 1159
3 1159 1148 1160
3 1150 1147 1161
3 1147 1162 1161
3 1147 1159 1162
3 1164 1163 1162
3 1162 1163 1161
3 1166 1165 1164
3 1164 1165 1163
3 1166 1167 1165
3 1151 1152 1168
3 1168 1152 1169
3 1151 1170 1155
3 1151 1168 1170
3 1155 1171 1157
3 1155 1170 1171
3 1158 1157 1172
3 1172 1157 1171
3 1175 1174 1173
3 1177 1176 1173
3 1173 1176 1175
3 1176 1177 1160
3 1177 1159 1160
3 1177 1178 1159
3 1178 796 797
3 1162 1178 797
3 1159 1178 1162
3 1162 797 798
3 1179 1162 798
3 1164 1162 1179
3 1164 1180 1166
3 1164 1179 1180
3 1167 1166 1181
3 1166 1182 1181
3 1166 1180 1182
3 1184 1183 1182
3 1182 1183 1181
3 1186 1185 1184
3 1184 1185 1183
3 1185 1186 1169
3 1186 1168 1169
3 1186 1187 1168
3 1168 1188 1170
3 1168 1187 1188
3 1190 1171 1189
3 1171 1188 1189
3 1171 1170 1188
3 1171 1190 1172
3 1193 1192 1191
3 1193 1191 1174
3 1191 1173 1174
3 1191 1194 1173
3 1173 1195 1177
3 1173 1194 1195
3 1195 800 801
3 1178 1195 801
3 1177 1195 1178
3 1178 801 796
3 803 1179 798
3 1179 803 805
3 1179 805 1180
3 1180 805 807
3 1180 807 1182
3 1182 807 809
3 1182 809 1184
3 1184 809 811
3 1196 1184 811
3 1186 1184 1196
3 1186 1197 1187
3 1186 1196 1197
3 1187 1198 1188
3 1187 1197 1198
3 1189 1188 1199
3 1199 1188 1198
3 1202 1201 1200
3 1202 1200 1192
3 1200 1191 1192
3 1200 1203 1191
3 1191 1204 1194
3 1191 1203 1204
3 1204 813 814
3 1195 1204 814
3 1194 1204 1195
3 1195 814 800
3 821 1196 811
3 1196 821 823
3 1196 823 1197
3 1197 823 825
3 1197 825 1198
3 1206 1205 827
3 827 1205 825
3 1205 1199 825
3 1199 1198 825
3 1206 1207 1205
3 1210 1209 1208
3 1210 1208 1201
3 1208 1200 1201
3 1208 1211 1200
3 1200 1212 1203
3 1200 1211 1212
3 1203 1213 1204
3 1203 1212 1213
3 1213 829 813
3 1213 813 1204
3 833 1206 827
3 1215 1214 835
3 835 1214 833
3 1214 1207 833
3 1207 1206 833
3 1215 1216 1214
3 1219 1218 1217
3 1219 1217 1209
3 1217 1208 1209
3 1217 1220 1208
3 1208 1221 1211
3 1208 1220 1221
3 1211 1222 1212
3 1211 1221 1222
3 1222 837 838
3 1213 1222 838
3 1212 1222 1213
3 1213 838 829
3 840 1215 835
3 1224 1223 842
3 842 1223 840
3 1223 1216 840
3 1216 1215 840
3 1224 1225 1223
3 1228 1227 1226
3 1228 1226 1218
3 1226 1217 1218
3 1226 1229 1217
3 1217 1230 1220
3 1217 1229 1230
3 1220 1231 1221
3 1220 1230 1231
3 1231 844 845
3 1222 1231 845
3 1221 1231 1222
3 1222 845 837
3 847 1224 842
3 1232 1225 1224
3 847 1232 1224
3 849 1232 847
3 1234 1233 851
3 1233 849 851
3 1233 1232 849
3 1234 1235 1233
3 1226 1227 1236
3 1236 1227 1237
3 1226 1238 1229
3 1226 1236 1238
3 1229 1239 1230
3 1229 1238 1239
3 1239 853 854
3 1231 1239 854
3 1230 1239 1231
3 1231 854 844
3 858 1234 851
3 1241 1240 860
3 860 1240 858
3 1240 1235 858
3 1235 1234 858
3 1241 1242 1240
3 1237 1243 1236
3 1245 1244 1243
3 1244 1236 1243
3 1244 1238 1236
3 1238 1246 1239
3 1238 1244 1246
3 1246 862 853
3 1246 853 1239
3 866 1241 860
3 1248 1247 868
3 868 1247 866
3 1247 1242 866
3 1242 1241 866
3 1248 1249 1247
3 1244 1245 1250
3 1250 1245 1251
3 1250 870 871
3 1246 1250 871
3 1244 1250 1246
3 1246 871 862
3 875 1248 868
3 1253 1252 877
3 877 1252 875
3 1252 1249 875
3 1249 1248 875
3 1255 1254 1253
3 1253 1254 1252
3 1255 1256 1254
3 1251 1257 1250
3 1257 1259 1258
3 1257 1258 878
3 1250 1257 878
3 870 1250 878
3 1258 880 878
3 882 1253 877
3 1253 882 884
3 1253 884 1255
3 1261 1260 886
3 886 1260 884
3 1260 1256 884
3 1256 1255 884
3 1263 1262 1261
3 1261 1262 1260
3 1263 1264 1262
3 1258 1259 1265
3 1265 1259 1266
3 1267 887 880
3 1258 1267 880
3 1265 1267 1258
3 1267 889 887
3 891 1261 886
3 1261 891 893
3 1261 893 1263
3 1269 1268 895
3 895 1268 893
3 1268 1264 893
3 1264 1263 893
3 1271 1270 1269
3 1269 1270 1268
3 1273 1272 1271
3 1271 1272 1270
3 1273 1274 1272
3 1265 1266 1275
3 1275 1266 1276
3 1275 897 898
3 1267 1275 898
3 1265 1275 1267
3 1267 898 889
3 901 1269 895
3 1269 901 903
3 1269 903 1271
3 1271 903 905
3 1277 1271 905
3 1273 1271 1277
3 1274 1273 1278
3 1273 1279 1278
3 1273 1277 1279
3 1281 1280 1279
3 1279 1280 1278
3 1281 1282 1280
3 1275 1276 1283
3 1283 1276 1284
3 1283 907 897
3 1283 897 1275
3 910 1277 905
3 1277 910 912
3 1285 1277 912
3 1279 1277 1285
3 1279 1286 1281
3 1279 1285 1286
3 1282 1281 1287
3 1287 1281 1286
3 1290 1289 1288
3 1290 1288 1284
3 1284 1288 1283
3 1288 914 1283
3 914 915 1283
3 1283 915 907
3 919 1291 1285
3 919 1285 912
3 1285 1292 1286
3 1285 1291 1292
3 1287 1286 1293
3 1293 1286 1292
3 1296 1295 1294
3 1294 1297 1296
3 1288 1289 1298
3 1298 1289 1299
3 1298 921 914
3 1298 914 1288
3 925 1300 1291
3 925 1291 919
3 1291 1301 1292
3 1291 1300 1301
3 1293 1292 1302
3 1302 1292 1301
3 1305 1304 1303
3 1307 1306 1303
3 1306 1294 1303
3 1295 1305 1303
3 1295 1303 1294
3 1294 1306 1297
3 1298 1299 1308
3 1308 1299 1309
3 1308 927 921
3 1308 921 1298
3 931 1310 932
3 1300 925 932
3 1310 1300 932
3 1311 1300 1310
3 1300 1312 1301
3 1300 1311 1312
3 1302 1301 1313
3 1313 1301 1312
3 1315 1314 935
3 935 1314 934
3 1316 1303 936
3 1303 1315 936
3 1315 935 936
3 1303 1304 1315
3 1307 1303 1317
3 1317 1303 1316
3 1308 1309 1318
3 1318 1309 1319
3 1318 938 927
3 1318 927 1308
3 942 1320 1310
3 942 1310 931
3 1310 1321 1311
3 1310 1320 1321
3 1311 1322 1312
3 1311 1321 1322
3 1313 1312 1323
3 1312 1324 1323
3 1312 1322 1324
3 1324 1325 1323
3 1327 1326 945
3 945 1326 944
3 1314 1328 934
3 1314 946 1328
3 946 1314 1329
3 1327 1329 1314
3 1329 1327 947
3 1328 947 1327
3 1327 945 1328
3 1328 945 934
3 946 947 1328
3 1316 936 946
3 1329 1316 946
3 1330 1316 1329
3 1317 1316 1331
3 1331 1316 1330
3 1318 1319 1332
3 1332 1319 1333
3 1332 949 938
3 1332 938 1318
3 953 1334 1320
3 953 1320 942
3 1320 1335 1321
3 1320 1334 1335
3 1321 1336 1322
3 1321 1335 1336
3 1322 1337 1324
3 1322 1336 1337
3 1325 1324 1338
3 1338 1324 1337
3 1340 1339 955
3 955 1339 954
3 955 944 1326
3 955 1326 1340
3 957 1341 1329
3 957 1329 947
3 1343 1330 1342
3 1330 1341 1342
3 1330 1329 1341
3 1330 1343 1331
3 1332 1333 1344
3 1344 1333 1345
3 1344 959 949
3 1344 949 1332
3 964 1346 1334
3 964 1334 953
3 1334 1347 1335
3 1334 1346 1347
3 1335 1348 1336
3 1335 1347 1348
3 1350 1337 1349
3 1337 1348 1349
3 1337 1336 1348
3 1337 1350 1338
3 1352 1351 966
3 966 1351 965
3 966 954 1339
3 966 1339 1352
3 968 1353 1341
3 968 1341 957
3 1342 1341 1354
3 1341 1355 1354
3 1341 1353 1355
3 1355 1356 1354
3 1359 1358 1357
3 1359 1357 1345
3 1357 1344 1345
3 1357 1360 1344
3 1361 969 959
3 1344 1361 959
3 1360 1361 1344
3 1361 971 969
3 977 1362 1346
3 977 1346 964
3 1346 1363 1347
3 1346 1362 1363
3 1347 1364 1348
3 1347 1363 1364
3 1349 1348 1365
3 1365 1348 1364
3 1367 1366 979
3 979 1366 978
3 979 965 1351
3 979 1351 1367
3 981 1368 1353
3 981 1353 968
3 1370 1355 1369
3 1355 1368 1369
3 1355 1353 1368
3 1355 1370 1356
3 1357 1358 1371
3 1371 1358 1372
3 1357 1373 1360
3 1357 1371 1373
3 1360 1374 1361
3 1360 1373 1374
3 1375 982 971
3 1361 1375 971
3 1374 1375 1361
3 1375 984 982
3 988 1376 989
3 1362 977 989
3 1376 1362 989
3 1377 1362 1376
3 1362 1378 1363
3 1362 1377 1378
3 1363 1379 1364
3 1363 1378 1379
3 1365 1364 1380
3 1364 1381 1380
3 1364 1379 1381
3 1381 1382 1380
3 1384 1383 991
3 991 1383 990
3 991 978 1366
3 991 1366 1384
3 994 1385 1368
3 994 1368 981
3 1369 1368 1386
3 1386 1368 1385
3 1389 1388 1387
3 1389 1387 1372
3 1387 1371 1372
3 1387 1390 1371
3 1371 1391 1373
3 1371 1390 1391
3 1373 1392 1374
3 1373 1391 1392
3 1374 1393 1375
3 1374 1392 1393
3 1393 996 984
3 1393 984 1375
3 1001 1394 1002
3 1376 988 1002
3 1394 1376 1002
3 1395 1376 1394
3 1397 1377 1396
3 1377 1395 1396
3 1377 1376 1395
3 1377 1397 1378
3 1378 1397 1398
3 1378 1398 1379
3 1379 1398 1399
3 1379 1399 1381
3 1381 1399 1400
3 1381 1400 1382
3 1402 1401 1004
3 1004 1401 1003
3 1004 990 1383
3 1004 1383 1402
3 1008 1403 1385
3 1008 1385 994
3 1386 1385 1404
3 1404 1385 1403
3 1387 1388 1405
3 1405 1388 1406
3 1387 1407 1390
3 1387 1405 1407
3 1390 1408 1391
3 1390 1407 1408
3 1391 1409 1392
3 1391 1408 1409
3 1392 1410 1393
3 1392 1409 1410
3 1410 1010 996
3 1410 996 1393
3 1015 1411 1016
3 1394 1001 1016
3 1411 1394 1016
3 1412 1394 1411
3 1414 1395 1413
3 1395 1412 1413
3 1395 1394 1412
3 1395 1414 1396
3 1416 1415 1019
3 1019 1415 1018
3 1019 1003 1401
3 1019 1401 1416
3 1023 1417 1403
3 1023 1403 1008
3 1404 1403 1418
3 1418 1403 1417
3 1421 1420 1419
3 1421 1419 1406
3 1419 1405 1406
3 1419 1422 1405
3 1405 1423 1407
3 1405 1422 1423
3 1407 1424 1408
3 1407 1423 1424
3 1408 1425 1409
3 1408 1424 1425
3 1409 1426 1410
3 1409 1425 1426
3 1427 1024 1010
3 1410 1427 1010
3 1426 1427 1410
3 1427 1026 1024
3 1034 1428 1411
3 1034 1411 1015
3 1430 1412 1429
3 1412 1428 1429
3 1412 1411 1428
3 1412 1430 1413
3 1432 1431 1036
3 1036 1431 1035
3 1036 1018 1415
3 1036 1415 1432
3 1041 1433 1417
3 1041 1417 1023
3 1418 1417 1434
3 1434 1417 1433
3 1419 1420 1435
3 1435 1420 1436
3 1419 1437 1422
3 1419 1435 1437
3 1422 1438 1423
3 1422 1437 1438
3 1423 1439 1424
3 1423 1438 1439
3 1424 1440 1425
3 1424 1439 1440
3 1425 1441 1426
3 1425 1440 1441
3 1426 1442 1427
3 1426 1441 1442
3 1443 1042 1026
3 1427 1443 1026
3 1442 1443 1427
3 1444 1043 1042
3 1444 1042 1443
3 1445 1044 1043
3 1445 1043 1444
3 1445 1046 1044
3 1051 1446 1052
3 1447 1053 1052
3 1447 1052 1446
3 1428 1034 1053
3 1447 1428 1053
3 1448 1428 1447
3 1429 1428 1449
3 1449 1428 1448
3 1431 1054 1035
3 1450 1054 1431
3 1058 1451 1059
3 1433 1041 1059
3 1451 1433 1059
3 1452 1433 1451
3 1434 1433 1453
3 1453 1433 1452
3 1436 1454 1435
3 1435 1454 1437
3 1437 1454 1455
3 1457 1456 1455
3 1456 1437 1455
3 1456 1438 1437
3 1459 1439 1458
3 1439 1456 1458
3 1439 1438 1456
3 1439 1459 1440
3 1440 1459 1460
3 1440 1460 1441
3 1441 1460 1461
3 1463 1462 1461
3 1462 1441 1461
3 1462 1442 1441
3 1442 1464 1443
3 1442 1462 1464
3 1443 1465 1444
3 1443 1464 1465
3 1444 1466 1445
3 1444 1465 1466
3 1467 1060 1046
3 1445 1467 1046
3 1466 1467 1445
3 1468 1061 1060
3 1468 1060 1467
3 1469 1062 1061
3 1469 1061 1468
3 1470 1063 1062
3 1470 1062 1469
3 1470 1065 1063
3 1073 1471 1074
3 1472 1075 1074
3 1472 1074 1471
3 1446 1051 1075
3 1472 1446 1075
3 1473 1446 1472
3 1475 1447 1474
3 1447 1473 1474
3 1447 1446 1473
3 1447 1475 1448
3 1448 1475 1476
3 1448 1476 1449
3 1450 1076 1054
3 1477 1076 1450
3 1080 1478 1451
3 1080 1451 1058
3 1451 1479 1452
3 1451 1478 1479
3 1453 1452 1480
3 1480 1452 1479
3 1457 1481 1456
3 1456 1481 1458
3 1463 1482 1462
3 1462 1482 1464
3 1464 1482 1483
3 1464 1483 1465
3 1465 1483 1484
3 1465 1484 1466
3 1466 1484 1485
3 1466 1485 1467
3 1467 1485 1486
3 1467 1486 1468
3 1468 1486 1487
3 1468 1487 1469
3 1469 1487 1488
3 1490 1489 1488
3 1489 1469 1488
3 1489 1470 1469
3 1491 1081 1065
3 1470 1491 1065
3 1489 1491 1470
3 1492 1082 1081
3 1492 1081 1491
3 1493 1083 1082
3 1493 1082 1492
3 1494 1084 1083
3 1494 1083 1493
3 1494 1086 1084
3 1088 1495 1089
3 1496 1090 1089
3 1496 1089 1495
3 1497 1091 1090
3 1497 1090 1496
3 1498 1092 1091
3 1498 1091 1497
3 1471 1073 1092
3 1498 1471 1092
3 1499 1471 1498
3 1501 1472 1500
3 1472 1499 1500
3 1472 1471 1499
3 1472 1501 1473
3 1473 1501 1502
3 1473 1502 1474
3 1477 1093 1076
3 1503 1093 1477
3 1097 1504 1098
3 1505 1099 1098
3 1505 1098 1504
3 1478 1080 1099
3 1505 1478 1099
3 1506 1478 1505
3 1508 1479 1507
3 1479 1506 1507
3 1479 1478 1506
3 1479 1508 1480
3 1490 1509 1489
3 1489 1509 1491
3 1491 1509 1510
3 1491 1510 1492
3 1492 1510 1511
3 1492 1511 1493
3 1493 1511 1512
3 1514 1513 1512
3 1513 1493 1512
3 1513 1494 1493
3 1515 1100 1086
3 1494 1515 1086
3 1513 1515 1494
3 1516 1101 1100
3 1516 1100 1515
3 1495 1088 1101
3 1516 1495 1101
3 1517 1495 1516
3 1519 1496 1518
3 1496 1517 1518
3 1496 1495 1517
3 1496 1519 1497
3 1497 1519 1520
3 1522 1521 1520
3 1521 1497 1520
3 1521 1498 1497
3 1498 1523 1499
3 1498 1521 1523
3 1500 1499 1524
3 1499 1525 1524
3 1499 1523 1525
3 1527 1526 1525
3 1525 1526 1524
3 1529 1528 1527
3 1527 1528 1526
3 1531 1530 1529
3 1529 1530 1528
3 1531 1532 1530
3 1503 1102 1093
3 1533 1102 1503
3 1106 1534 1107
3 1504 1097 1107
3 1534 1504 1107
3 1535 1504 1534
3 1504 1536 1505
3 1504 1535 1536
3 1505 1537 1506
3 1505 1536 1537
3 1507 1506 1538
3 1538 1506 1537
3 1514 1539 1513
3 1513 1539 1515
3 1515 1539 1540
3 1542 1541 1540
3 1541 1515 1540
3 1541 1516 1515
3 1516 1543 1517
3 1516 1541 1543
3 1518 1517 1544
3 1544 1517 1543
3 1547 1546 1545
3 1547 1545 1522
3 1545 1521 1522
3 1545 1548 1521
3 1521 1549 1523
3 1521 1548 1549
3 1523 1550 1525
3 1523 1549 1550
3 1525 1551 1527
3 1525 1550 1551
3 1527 1552 1529
3 1527 1551 1552
3 1529 1553 1531
3 1529 1552 1553
3 1532 1531 1554
3 1531 1555 1554
3 1531 1553 1555
3 1555 1556 1554
3 1533 1108 1102
3 1557 1108 1533
3 1111 1558 1112
3 1534 1106 1112
3 1558 1534 1112
3 1559 1534 1558
3 1534 1560 1535
3 1534 1559 1560
3 1562 1536 1561
3 1536 1560 1561
3 1536 1535 1560
3 1536 1562 1537
3 1537 1562 1563
3 1537 1563 1538
3 1542 1564 1541
3 1541 1564 1543
3 1543 1564 1565
3 1543 1565 1544
3 1545 1546 1566
3 1566 1546 1567
3 1545 1568 1548
3 1545 1566 1568
3 1570 1549 1569
3 1549 1568 1569
3 1549 1548 1568
3 1549 1570 1550
3 1550 1570 1571
3 1550 1571 1551
3 1551 1571 1572
3 1574 1573 1572
3 1573 1551 1572
3 1573 1552 1551
3 1573 1114 1115
3 1553 1573 1115
3 1552 1573 1553
3 1553 1115 1116
3 1553 1116 1555
3 1116 1118 1555
3 1118 1556 1555
3 1118 1575 1556
3 1557 1119 1108
3 1576 1119 1557
3 1122 1558 1111
3 1558 1122 1124
3 1577 1558 1124
3 1559 1558 1577
3 1559 1578 1560
3 1559 1577 1578
3 1561 1560 1579
3 1579 1560 1578
3 1567 1580 1566
3 1566 1580 1568
3 1568 1580 1581
3 1568 1581 1569
3 1573 1574 1582
3 1582 1574 1583
3 1584 1125 1114
3 1573 1584 1114
3 1582 1584 1573
3 1585 1126 1125
3 1585 1125 1584
3 1585 1586 1126
3 1586 1118 1126
3 1586 1575 1118
3 1576 1127 1119
3 1587 1127 1576
3 1130 1588 1577
3 1130 1577 1124
3 1590 1578 1589
3 1578 1588 1589
3 1578 1577 1588
3 1578 1590 1579
3 1583 1591 1582
3 1582 1591 1584
3 1584 1591 1592
3 1584 1592 1585
3 1585 1592 1593
3 1585 1593 1586
3 1587 1131 1127
3 1594 1131 1587
3 1134 1595 1588
3 1134 1588 1130
3 1589 1588 1596
3 1596 1588 1595
3 1594 1136 1131
3 1597 1136 1594
3 1139 1598 1140
3 1598 1599 1140
3 1140 1599 1134
3 1599 1600 1134
3 1600 1595 1134
3 1595 1600 1596
3 1597 1142 1136
3 1601 1142 1597
3 1143 1602 1144
3 1603 1145 1144
3 1603 1144 1602
3 1603 1604 1145
3 1145 1604 1139
3 1604 1605 1139
3 1605 1598 1139
3 1598 1605 1599
3 1601 1606 1142
3 1142 1606 1146
3 1143 1146 1602
3 1146 1607 1602
3 1146 1606 1607
3 1602 1607 1603
3 1603 1607 1608
3 1603 1608 1604
3 1611 1610 1609
3 1609 1612 1611
3 1609 1610 1613
3 1613 1610 1614
3 1612 1609 1615
3 1609 1616 1615
3 1609 1613 1616
3 1616 1617 1615
3 1620 1619 1618
3 1622 1621 1618
3 1618 1621 1620
3 1624 1623 1622
3 1622 1623 1621
3 1624 1625 1623
3 1613 1614 1626
3 1626 1614 1627
3 1613 1628 1616
3 1613 1626 1628
3 1617 1616 1629
3 1629 1616 1628
3 1618 1619 1630
3 1630 1619 1631
3 1618 1632 1622
3 1618 1630 1632
3 1622 1633 1624
3 1622 1632 1633
3 1625 1624 1634
3 1624 1635 1634
3 1624 1633 1635
3 1637 1636 1635
3 1635 1636 1634
3 1636 1637 1627
3 1637 1626 1627
3 1637 1638 1626
3 1626 1639 1628
3 1626 1638 1639
3 1629 1628 1640
3 1628 1641 1640
3 1628 1639 1641
3 1643 1642 1641
3 1641 1642 1640
3 1645 1644 1643
3 1643 1644 1642
3 1647 1646 1645
3 1645 1646 1644
3 1647 1648 1646
3 1651 1650 1649
3 1651 1649 1631
3 1649 1630 1631
3 1649 1652 1630
3 1652 1148 1149
3 1632 1652 1149
3 1630 1652 1632
3 1632 1149 1150
3 1653 1632 1150
3 1633 1632 1653
3 1633 1654 1635
3 1633 1653 1654
3 1635 1655 1637
3 1635 1654 1655
3 1637 1656 1638
3 1637 1655 1656
3 1638 1657 1639
3 1638 1656 1657
3 1639 1658 1641
3 1639 1657 1658
3 1658 1152 1153
3 1643 1658 1153
3 1641 1658 1643
3 1643 1153 1154
3 1643 1154 1645
3 1645 1154 1156
3 1645 1156 1647
3 1660 1659 1158
3 1158 1659 1156
3 1659 1648 1156
3 1648 1647 1156
3 1660 1661 1659
3 1664 1663 1662
3 1666 1665 1662
3 1662 1665 1664
3 1665 1666 1650
3 1666 1649 1650
3 1666 1667 1649
3 1649 1668 1652
3 1649 1667 1668
3 1668 1160 1148
3 1668 1148 1652
3 1161 1653 1150
3 1653 1161 1163
3 1653 1163 1654
3 1654 1163 1165
3 1654 1165 1655
3 1655 1165 1167
3 1669 1655 1167
3 1656 1655 1669
3 1656 1670 1657
3 1656 1669 1670
3 1657 1671 1658
3 1657 1670 1671
3 1671 1169 1152
3 1671 1152 1658
3 1172 1672 1660
3 1172 1660 1158
3 1661 1660 1673
3 1673 1660 1672
3 1662 1663 1674
3 1674 1663 1675
3 1662 1676 1666
3 1662 1674 1676
3 1676 1174 1175
3 1667 1676 1175
3 1666 1676 1667
3 1667 1175 1176
3 1667 1176 1668
3 1668 1176 1160
3 1181 1669 1167
3 1669 1181 1183
3 1669 1183 1670
3 1670 1183 1185
3 1670 1185 1671
3 1671 1185 1169
3 1189 1677 1190
3 1677 1678 1190
3 1190 1678 1172
3 1678 1679 1172
3 1679 1672 1172
3 1672 1679 1673
3 1682 1681 1680
3 1682 1680 1675
3 1680 1674 1675
3 1680 1683 1674
3 1683 1192 1193
3 1676 1683 1193
3 1674 1683 1676
3 1676 1193 1174
3 1199 1684 1677
3 1199 1677 1189
3 1678 1677 1685
3 1685 1677 1684
3 1688 1687 1686
3 1688 1686 1681
3 1686 1680 1681
3 1686 1689 1680
3 1689 1201 1202
3 1683 1689 1202
3 1680 1689 1683
3 1683 1202 1192
3 1205 1684 1199
3 1205 1207 1684
3 1207 1685 1684
3 1207 1690 1685
3 1693 1692 1691
3 1695 1694 1691
3 1691 1694 1693
3 1694 1695 1687
3 1695 1686 1687
3 1695 1696 1686
3 1696 1209 1210
3 1689 1696 1210
3 1686 1696 1689
3 1689 1210 1201
3 1697 1690 1207
3 1697 1207 1214
3 1214 1216 1697
3 1697 1216 1698
3 1701 1700 1699
3 1703 1702 1699
3 1699 1702 1701
3 1702 1703 1692
3 1703 1691 1692
3 1703 1704 1691
3 1691 1705 1695
3 1691 1704 1705
3 1705 1218 1219
3 1696 1705 1219
3 1695 1705 1696
3 1696 1219 1209
3 1706 1698 1216
3 1706 1216 1223
3 1708 1707 1225
3 1707 1223 1225
3 1707 1706 1223
3 1708 1709 1707
3 1699 1700 1710
3 1710 1700 1711
3 1699 1712 1703
3 1699 1710 1712
3 1703 1713 1704
3 1703 1712 1713
3 1713 1227 1228
3 1705 1713 1228
3 1704 1713 1705
3 1705 1228 1218
3 1232 1708 1225
3 1714 1709 1708
3 1232 1714 1708
3 1233 1714 1232
3 1716 1715 1235
3 1715 1233 1235
3 1715 1714 1233
3 1716 1717 1715
3 1711 1718 1710
3 1720 1719 1718
3 1719 1710 1718
3 1719 1712 1710
3 1712 1721 1713
3 1712 1719 1721
3 1721 1237 1227
3 1721 1227 1713
3 1240 1716 1235
3 1240 1242 1716
3 1242 1717 1716
3 1242 1722 1717
3 1720 1723 1719
3 1725 1724 1723
3 1724 1719 1723
3 1724 1721 1719
3 1726 1243 1237
3 1721 1726 1237
3 1724 1726 1721
3 1726 1245 1243
3 1727 1722 1242
3 1727 1242 1247
3 1729 1728 1249
3 1728 1247 1249
3 1728 1727 1247
3 1729 1730 1728
3 1725 1731 1724
3 1724 1731 1726
3 1726 1731 1732
3 1245 1726 1732
3 1733 1245 1732
3 1251 1245 1733
3 1252 1729 1249
3 1734 1730 1729
3 1252 1734 1729
3 1254 1734 1252
3 1736 1735 1256
3 1735 1254 1256
3 1735 1734 1254
3 1738 1737 1736
3 1736 1737 1735
3 1738 1739 1737
3 1257 1251 1740
3 1251 1741 1740
3 1251 1733 1741
3 1740 1259 1257
3 1260 1736 1256
3 1736 1260 1262
3 1736 1262 1738
3 1743 1742 1264
3 1264 1742 1262
3 1742 1739 1262
3 1739 1738 1262
3 1745 1744 1743
3 1743 1744 1742
3 1747 1746 1745
3 1745 1746 1744
3 1747 1748 1746
3 1741 1749 1740
3 1259 1740 1749
3 1750 1259 1749
3 1266 1259 1750
3 1268 1743 1264
3 1743 1268 1270
3 1743 1270 1745
3 1745 1270 1272
3 1745 1272 1747
3 1752 1751 1274
3 1274 1751 1272
3 1751 1748 1272
3 1748 1747 1272
3 1754 1753 1752
3 1752 1753 1751
3 1756 1755 1754
3 1754 1755 1753
3 1756 1757 1755
3 1760 1759 1758
3 1758 1761 1760
3 1764 1763 1762
3 1750 1764 1762
3 1276 1750 1762
3 1266 1750 1276
3 1278 1752 1274
3 1752 1278 1280
3 1752 1280 1754
3 1754 1280 1282
3 1765 1754 1282
3 1756 1754 1765
3 1757 1756 1766
3 1756 1767 1766
3 1756 1765 1767
3 1769 1768 1767
3 1767 1768 1766
3 1771 1770 1769
3 1769 1770 1768
3 1773 1772 1771
3 1771 1772 1770
3 1775 1774 1773
3 1773 1774 1772
3 1775 1776 1774
3 1758 1759 1777
3 1777 1759 1778
3 1761 1758 1779
3 1779 1758 1777
3 1762 1763 1780
3 1780 1763 1781
3 1780 1284 1276
3 1780 1276 1762
3 1287 1782 1765
3 1287 1765 1282
3 1765 1783 1767
3 1765 1782 1783
3 1767 1784 1769
3 1767 1783 1784
3 1769 1785 1771
3 1769 1784 1785
3 1771 1786 1773
3 1771 1785 1786
3 1773 1787 1775
3 1773 1786 1787
3 1776 1775 1788
3 1788 1775 1787
3 1791 1790 1789
3 1789 1792 1791
3 1778 1793 1777
3 1777 1793 1779
3 1796 1795 1794
3 1796 1794 1781
3 1781 1794 1780
3 1794 1289 1780
3 1289 1290 1780
3 1780 1290 1284
3 1293 1797 1782
3 1293 1782 1287
3 1782 1798 1783
3 1782 1797 1798
3 1783 1799 1784
3 1783 1798 1799
3 1784 1800 1785
3 1784 1799 1800
3 1785 1801 1786
3 1785 1800 1801
3 1786 1802 1787
3 1786 1801 1802
3 1788 1787 1803
3 1803 1787 1802
3 1805 1804 1296
3 1296 1804 1295
3 1806 1789 1297
3 1789 1805 1297
3 1805 1296 1297
3 1789 1790 1805
3 1792 1789 1807
3 1807 1789 1806
3 1794 1795 1808
3 1808 1795 1809
3 1808 1299 1289
3 1808 1289 1794
3 1302 1810 1797
3 1302 1797 1293
3 1797 1811 1798
3 1797 1810 1811
3 1798 1812 1799
3 1798 1811 1812
3 1799 1813 1800
3 1799 1812 1813
3 1800 1814 1801
3 1800 1813 1814
3 1801 1815 1802
3 1801 1814 1815
3 1803 1802 1816
3 1816 1802 1815
3 1818 1817 1305
3 1305 1817 1304
3 1804 1819 1295
3 1804 1306 1819
3 1306 1804 1820
3 1818 1820 1804
3 1820 1818 1307
3 1819 1307 1818
3 1818 1305 1819
3 1819 1305 1295
3 1306 1307 1819
3 1806 1297 1306
3 1820 1806 1306
3 1821 1806 1820
3 1807 1806 1822
3 1822 1806 1821
3 1825 1824 1823
3 1825 1823 1809
3 1823 1808 1809
3 1823 1826 1808
3 1826 1309 1299
3 1826 1299 1808
3 1313 1827 1810
3 1313 1810 1302
3 1810 1828 1811
3 1810 1827 1828
3 1811 1829 1812
3 1811 1828 1829
3 1812 1830 1813
3 1812 1829 1830
3 1813 1831 1814
3 1813 1830 1831
3 1814 1832 1815
3 1814 1831 1832
3 1816 1815 1833
3 1833 1815 1832
3 1835 1834 1315
3 1315 1834 1314
3 1315 1304 1817
3 1315 1817 1835
3 1317 1836 1820
3 1317 1820 1307
3 1838 1821 1837
3 1821 1836 1837
3 1821 1820 1836
3 1821 1838 1822
3 1823 1824 1839
3 1839 1824 1840
3 1823 1841 1826
3 1823 1839 1841
3 1841 1319 1309
3 1841 1309 1826
3 1323 1827 1313
3 1827 1323 1325
3 1842 1827 1325
3 1828 1827 1842
3 1828 1843 1829
3 1828 1842 1843
3 1829 1844 1830
3 1829 1843 1844
3 1830 1845 1831
3 1830 1844 1845
3 1831 1846 1832
3 1831 1845 1846
3 1833 1832 1847
3 1847 1832 1846
3 1849 1848 1327
3 1327 1848 1326
3 1327 1314 1834
3 1327 1834 1849
3 1851 1850 1836
3 1317 1851 1836
3 1331 1851 1317
3 1836 1850 1837
3 1839 1840 1852
3 1852 1840 1853
3 1839 1854 1841
3 1839 1852 1854
3 1854 1333 1319
3 1854 1319 1841
3 1338 1855 1842
3 1338 1842 1325
3 1842 1856 1843
3 1842 1855 1856
3 1843 1857 1844
3 1843 1856 1857
3 1844 1858 1845
3 1844 1857 1858
3 1860 1846 1859
3 1846 1858 1859
3 1846 1845 1858
3 1846 1860 1847
3 1862 1861 1340
3 1340 1861 1339
3 1340 1326 1848
3 1340 1848 1862
3 1342 1863 1343
3 1863 1864 1343
3 1864 1331 1343
3 1864 1851 1331
3 1867 1866 1865
3 1867 1865 1853
3 1865 1852 1853
3 1865 1868 1852
3 1852 1869 1854
3 1852 1868 1869
3 1869 1345 1333
3 1869 1333 1854
3 1349 1870 1350
3 1855 1338 1350
3 1870 1855 1350
3 1871 1855 1870
3 1855 1872 1856
3 1855 1871 1872
3 1856 1873 1857
3 1856 1872 1873
3 1875 1858 1874
3 1858 1873 1874
3 1858 1857 1873
3 1858 1875 1859
3 1877 1876 1352
3 1352 1876 1351
3 1352 1339 1861
3 1352 1861 1877
3 1354 1863 1342
3 1354 1356 1863
3 1356 1864 1863
3 1356 1878 1864
3 1865 1866 1879
3 1879 1866 1880
3 1865 1881 1868
3 1865 1879 1881
3 1881 1358 1359
3 1869 1881 1359
3 1868 1881 1869
3 1869 1359 1345
3 1365 1882 1870
3 1365 1870 1349
3 1870 1883 1871
3 1870 1882 1883
3 1871 1884 1872
3 1871 1883 1884
3 1886 1873 1885
3 1873 1884 1885
3 1873 1872 1884
3 1873 1886 1874
3 1888 1887 1367
3 1367 1887 1366
3 1367 1351 1876
3 1367 1876 1888
3 1369 1889 1370
3 1889 1890 1370
3 1890 1356 1370
3 1890 1878 1356
3 1879 1880 1891
3 1891 1880 1892
3 1879 1893 1881
3 1879 1891 1893
3 1893 1372 1358
3 1893 1358 1881
3 1380 1882 1365
3 1882 1380 1382
3 1894 1882 1382
3 1883 1882 1894
3 1896 1884 1895
3 1884 1894 1895
3 1884 1883 1894
3 1884 1896 1885
3 1898 1897 1384
3 1384 1897 1383
3 1384 1366 1887
3 1384 1887 1898
3 1900 1899 1889
3 1369 1900 1889
3 1386 1900 1369
3 1889 1899 1890
3 1891 1892 1901
3 1901 1892 1902
3 1901 1388 1389
3 1893 1901 1389
3 1891 1901 1893
3 1893 1389 1372
3 1396 1903 1397
3 1904 1398 1397
3 1904 1397 1903
3 1905 1399 1398
3 1905 1398 1904
3 1906 1400 1399
3 1906 1399 1905
3 1894 1382 1400
3 1906 1894 1400
3 1907 1894 1906
3 1895 1894 1908
3 1908 1894 1907
3 1910 1909 1402
3 1402 1909 1401
3 1402 1383 1897
3 1402 1897 1910
3 1404 1900 1386
3 1404 1911 1900
3 1914 1913 1912
3 1914 1912 1902
3 1912 1901 1902
3 1912 1915 1901
3 1915 1406 1388
3 1915 1388 1901
3 1413 1916 1414
3 1903 1396 1414
3 1916 1903 1414
3 1917 1903 1916
3 1903 1918 1904
3 1903 1917 1918
3 1904 1919 1905
3 1904 1918 1919
3 1905 1920 1906
3 1905 1919 1920
3 1906 1921 1907
3 1906 1920 1921
3 1908 1907 1922
3 1922 1907 1921
3 1924 1923 1416
3 1416 1923 1415
3 1416 1401 1909
3 1416 1909 1924
3 1418 1911 1404
3 1418 1925 1911
3 1912 1913 1926
3 1926 1913 1927
3 1926 1420 1421
3 1915 1926 1421
3 1912 1926 1915
3 1915 1421 1406
3 1429 1928 1430
3 1916 1413 1430
3 1928 1916 1430
3 1929 1916 1928
3 1916 1930 1917
3 1916 1929 1930
3 1917 1931 1918
3 1917 1930 1931
3 1933 1919 1932
3 1919 1931 1932
3 1919 1918 1931
3 1935 1934 1933
3 1934 1919 1933
3 1934 1920 1919
3 1937 1921 1936
3 1921 1934 1936
3 1921 1920 1934
3 1921 1937 1922
3 1939 1938 1432
3 1432 1938 1431
3 1432 1415 1923
3 1432 1923 1939
3 1434 1941 1940
3 1925 1434 1940
3 1418 1434 1925
3 1941 1942 1940
3 1926 1927 1943
3 1943 1927 1944
3 1943 1436 1420
3 1943 1420 1926
3 1449 1945 1928
3 1449 1928 1429
3 1928 1946 1929
3 1928 1945 1946
3 1929 1947 1930
3 1929 1946 1947
3 1930 1948 1931
3 1930 1947 1948
3 1932 1931 1949
3 1949 1931 1948
3 1935 1950 1934
3 1934 1950 1936
3 1938 1450 1431
3 1951 1450 1938
3 1453 1952 1941
3 1453 1941 1434
3 1942 1941 1953
3 1953 1941 1952
3 1944 1954 1943
3 1954 1956 1955
3 1954 1955 1454
3 1943 1954 1454
3 1436 1943 1454
3 1957 1455 1454
3 1957 1454 1955
3 1957 1457 1455
3 1458 1958 1459
3 1959 1460 1459
3 1959 1459 1958
3 1960 1461 1460
3 1960 1460 1959
3 1960 1463 1461
3 1474 1961 1475
3 1962 1476 1475
3 1962 1475 1961
3 1945 1449 1476
3 1962 1945 1476
3 1963 1945 1962
3 1945 1964 1946
3 1945 1963 1964
3 1946 1965 1947
3 1946 1964 1965
3 1967 1948 1966
3 1948 1965 1966
3 1948 1947 1965
3 1948 1967 1949
3 1951 1477 1450
3 1968 1477 1951
3 1480 1969 1952
3 1480 1952 1453
3 1953 1952 1970
3 1970 1952 1969
3 1956 1971 1955
3 1955 1971 1957
3 1957 1971 1972
3 1972 1974 1973
3 1972 1973 1481
3 1957 1972 1481
3 1457 1957 1481
3 1958 1458 1481
3 1973 1958 1481
3 1975 1958 1973
3 1958 1976 1959
3 1958 1975 1976
3 1959 1977 1960
3 1959 1976 1977
3 1978 1482 1463
3 1960 1978 1463
3 1977 1978 1960
3 1979 1483 1482
3 1979 1482 1978
3 1980 1484 1483
3 1980 1483 1979
3 1981 1485 1484
3 1981 1484 1980
3 1982 1486 1485
3 1982 1485 1981
3 1983 1487 1486
3 1983 1486 1982
3 1984 1488 1487
3 1984 1487 1983
3 1984 1490 1488
3 1500 1985 1501
3 1986 1502 1501
3 1986 1501 1985
3 1961 1474 1502
3 1986 1961 1502
3 1987 1961 1986
3 1961 1988 1962
3 1961 1987 1988
3 1962 1989 1963
3 1962 1988 1989
3 1963 1990 1964
3 1963 1989 1990
3 1964 1991 1965
3 1964 1990 1991
3 1966 1965 1992
3 1992 1965 1991
3 1995 1994 1993
3 1993 1996 1995
3 1968 1503 1477
3 1997 1503 1968
3 1507 1998 1508
3 1998 1999 1508
3 1508 1999 1480
3 1999 2000 1480
3 2000 1969 1480
3 1969 2000 1970
3 1974 2001 1973
3 1973 2001 1975
3 1975 2001 2002
3 1975 2002 1976
3 1976 2002 2003
3 2005 2004 2003
3 2004 1976 2003
3 2004 1977 1976
3 1977 2006 1978
3 1977 2004 2006
3 1978 2007 1979
3 1978 2006 2007
3 1979 2008 1980
3 1979 2007 2008
3 1980 2009 1981
3 1980 2008 2009
3 2011 1982 2010
3 1982 2009 2010
3 1982 1981 2009
3 2013 2012 2011
3 2012 1982 2011
3 2012 1983 1982
3 1983 2014 1984
3 1983 2012 2014
3 2015 1509 1490
3 1984 2015 1490
3 2014 2015 1984
3 2016 1510 1509
3 2016 1509 2015
3 2017 1511 1510
3 2017 1510 2016
3 2018 1512 1511
3 2018 1511 2017
3 2018 1514 1512
3 1518 2019 1519
3 2020 1520 1519
3 2020 1519 2019
3 2020 1522 1520
3 1524 1985 1500
3 1985 1524 1526
3 1985 1526 1986
3 1986 1526 1528
3 1986 1528 1987
3 1987 1528 1530
3 1987 1530 1988
3 1988 1530 1532
3 2021 1988 1532
3 1989 1988 2021
3 1989 2022 1990
3 1989 2021 2022
3 2024 1991 2023
3 1991 2022 2023
3 1991 1990 2022
3 1991 2024 1992
3 1993 1994 2025
3 2025 1994 2026
3 1996 1993 2027
3 1993 2028 2027
3 1993 2025 2028
3 2028 2029 2027
3 1997 1533 1503
3 2030 1533 1997
3 1538 2031 1998
3 1538 1998 1507
3 1999 1998 2032
3 2032 1998 2031
3 2004 2005 2033
3 2033 2005 2034
3 2004 2035 2006
3 2004 2033 2035
3 2006 2036 2007
3 2006 2035 2036
3 2007 2037 2008
3 2007 2036 2037
3 2008 2038 2009
3 2008 2037 2038
3 2010 2009 2039
3 2039 2009 2038
3 2013 2040 2012
3 2012 2040 2014
3 2014 2040 2041
3 2014 2041 2015
3 2015 2041 2042
3 2044 2043 2042
3 2043 2015 2042
3 2043 2016 2015
3 2016 2045 2017
3 2016 2043 2045
3 2017 2046 2018
3 2017 2045 2046
3 2047 1539 1514
3 2018 2047 1514
3 2046 2047 2018
3 2048 1540 1539
3 2048 1539 2047
3 2048 1542 1540
3 1544 2049 2019
3 1544 2019 1518
3 2049 1546 1547
3 2020 2049 1547
3 2019 2049 2020
3 2020 1547 1522
3 1554 2021 1532
3 2021 1554 1556
3 2050 2021 1556
3 2022 2021 2050
3 2023 2022 2051
3 2051 2022 2050
3 2026 2052 2025
3 2054 2053 2052
3 2053 2025 2052
3 2053 2028 2025
3 2029 2028 2055
3 2055 2028 2053
3 2030 1557 1533
3 2056 1557 2030
3 1561 2057 1562
3 2058 1563 1562
3 2058 1562 2057
3 2031 1538 1563
3 2058 2031 1563
3 2059 2031 2058
3 2032 2031 2060
3 2060 2031 2059
3 2063 2062 2061
3 2065 2064 2061
3 2061 2064 2063
3 2065 2066 2064
3 2033 2034 2067
3 2067 2034 2068
3 2033 2069 2035
3 2033 2067 2069
3 2035 2070 2036
3 2035 2069 2070
3 2036 2071 2037
3 2036 2070 2071
3 2037 2072 2038
3 2037 2071 2072
3 2039 2038 2073
3 2073 2038 2072
3 2044 2074 2043
3 2043 2074 2045
3 2045 2074 2075
3 2077 2076 2075
3 2076 2045 2075
3 2076 2046 2045
3 2046 2078 2047
3 2046 2076 2078
3 2047 2079 2048
3 2047 2078 2079
3 2080 1564 1542
3 2048 2080 1542
3 2079 2080 2048
3 2081 1565 1564
3 2081 1564 2080
3 2049 1544 1565
3 2081 2049 1565
3 2082 2049 2081
3 2082 1567 1546
3 2082 1546 2049
3 1569 2083 1570
3 2084 1571 1570
3 2084 1570 2083
3 2085 1572 1571
3 2085 1571 2084
3 2085 1574 1572
3 1575 2086 2050
3 1575 2050 1556
3 2051 2050 2087
3 2050 2088 2087
3 2050 2086 2088
3 2088 2089 2087
3 2054 2090 2053
3 2053 2090 2055
3 2056 1576 1557
3 2091 1576 2056
3 1579 2092 2057
3 1579 2057 1561
3 2057 2093 2058
3 2057 2092 2093
3 2058 2094 2059
3 2058 2093 2094
3 2060 2059 2095
3 2095 2059 2094
3 2061 2062 2096
3 2096 2062 2097
3 2061 2098 2065
3 2061 2096 2098
3 2066 2065 2099
3 2099 2065 2098
3 2067 2068 2100
3 2100 2068 2101
3 2067 2102 2069
3 2067 2100 2102
3 2069 2103 2070
3 2069 2102 2103
3 2070 2104 2071
3 2070 2103 2104
3 2106 2072 2105
3 2072 2104 2105
3 2072 2071 2104
3 2072 2106 2073
3 2077 2107 2076
3 2076 2107 2078
3 2078 2107 2108
3 2078 2108 2079
3 2079 2108 2109
3 2111 2110 2109
3 2110 2079 2109
3 2110 2080 2079
3 2080 2112 2081
3 2080 2110 2112
3 2081 2113 2082
3 2081 2112 2113
3 2114 1580 1567
3 2082 2114 1567
3 2113 2114 2082
3 2115 1581 1580
3 2115 1580 2114
3 2083 1569 1581
3 2115 2083 1581
3 2116 2083 2115
3 2083 2117 2084
3 2083 2116 2117
3 2084 2118 2085
3 2084 2117 2118
3 2118 1583 1574
3 2118 1574 2085
3 2120 2119 2086
3 1575 2120 2086
3 1586 2120 1575
3 2086 2119 2088
3 2088 2119 2121
3 2088 2121 2089
3 2091 1587 1576
3 2122 1587 2091
3 1589 2123 1590
3 2092 1579 1590
3 2123 2092 1590
3 2124 2092 2123
3 2092 2125 2093
3 2092 2124 2125
3 2093 2126 2094
3 2093 2125 2126
3 2095 2094 2127
3 2127 2094 2126
3 2097 2128 2096
3 2096 2128 2098
3 2098 2128 2129
3 2098 2129 2099
3 2101 2130 2100
3 2100 2130 2102
3 2102 2130 2131
3 2102 2131 2103
3 2103 2131 2132
3 2103 2132 2104
3 2104 2132 2133
3 2104 2133 2105
3 2111 2134 2110
3 2110 2134 2112
3 2112 2134 2135
3 2112 2135 2113
3 2113 2135 2136
3 2113 2136 2114
3 2114 2136 2137
3 2114 2137 2115
3 2115 2137 2138
3 2140 2139 2138
3 2139 2115 2138
3 2139 2116 2115
3 2116 2141 2117
3 2116 2139 2141
3 2117 2142 2118
3 2117 2141 2142
3 2143 1591 1583
3 2118 2143 1583
3 2142 2143 2118
3 2144 1592 1591
3 2144 1591 2143
3 2145 1593 1592
3 2145 1592 2144
3 2145 2146 1593
3 2146 1586 1593
3 2146 2120 1586
3 2122 1594 1587
3 2147 1594 2122
3 1596 2148 2123
3 1596 2123 1589
3 2123 2149 2124
3 2123 2148 2149
3 2151 2125 2150
3 2125 2149 2150
3 2125 2124 2149
3 2125 2151 2126
3 2126 2151 2152
3 2126 2152 2127
3 2140 2153 2139
3 2139 2153 2141
3 2141 2153 2154
3 2141 2154 2142
3 2142 2154 2155
3 2142 2155 2143
3 2143 2155 2156
3 2143 2156 2144
3 2144 2156 2157
3 2144 2157 2145
3 2145 2157 2158
3 2145 2158 2146
3 2147 1597 1594
3 2159 1597 2147
3 1599 2160 1600
3 2160 2161 1600
3 1600 2161 1596
3 2161 2162 1596
3 2162 2148 1596
3 2148 2162 2149
3 2149 2162 2163
3 2149 2163 2150
3 2159 1601 1597
3 2164 1601 2159
3 1604 2165 1605
3 2160 1599 1605
3 2165 2160 1605
3 2166 2160 2165
3 2161 2160 2167
3 2167 2160 2166
3 1606 1601 2168
3 1601 2169 2168
3 1601 2164 2169
3 2170 1607 1606
3 2170 1606 2168
3 2171 1608 1607
3 2171 1607 2170
3 2171 2172 1608
3 1608 2172 1604
3 2172 2173 1604
3 2173 2165 1604
3 2165 2173 2166
3 2166 2173 2174
3 2166 2174 2167
3 2169 2175 2168
3 2168 2175 2170
3 2170 2175 2176
3 2170 2176 2171
3 2171 2176 2177
3 2171 2177 2172
3 2180 2179 2178
3 2182 2181 2178
3 2178 2181 2180
3 2184 2183 2182
3 2182 2183 2181
3 2184 2185 2183
3 2179 2186 2178
3 2188 2187 2186
3 2187 2178 2186
3 2187 2182 2178
3 2190 2184 2189
3 2184 2187 2189
3 2184 2182 2187
3 2184 2190 2185
3 2188 2191 2187
3 2187 2191 2189
3 2194 2193 2192
3 2192 2195 2194
3 2198 2197 2196
3 2196 2199 2198
3 2202 2201 2200
3 2202 2200 2193
3 2193 2200 2192
3 2200 1610 2192
3 1610 1611 2192
3 2204 2203 1612
3 1612 2203 1611
3 2203 2195 1611
3 2195 2192 1611
3 2204 2205 2203
3 2208 2207 2206
3 2208 2206 2197
3 2206 2196 2197
3 2206 2209 2196
3 2199 2196 2210
3 2196 2211 2210
3 2196 2209 2211
3 2213 2212 2211
3 2211 2212 2210
3 2215 2214 2213
3 2213 2214 2212
3 2217 2216 2215
3 2215 2216 2214
3 2219 2218 2217
3 2217 2218 2216
3 2218 2219 2201
3 2219 2200 2201
3 2219 2220 2200
3 2220 1614 1610
3 2220 1610 2200
3 1615 2204 1612
3 1615 1617 2204
3 1617 2205 2204
3 1617 2221 2205
3 2206 2207 2222
3 2222 2207 2223
3 2206 2224 2209
3 2206 2222 2224
3 2209 2225 2211
3 2209 2224 2225
3 2225 1619 1620
3 2213 2225 1620
3 2211 2225 2213
3 2213 1620 1621
3 2213 1621 2215
3 2215 1621 1623
3 2215 1623 2217
3 2217 1623 1625
3 2226 2217 1625
3 2219 2217 2226
3 2219 2227 2220
3 2219 2226 2227
3 2227 1627 1614
3 2227 1614 2220
3 1629 2229 2228
3 2221 1629 2228
3 1617 1629 2221
3 2231 2230 2229
3 2229 2230 2228
3 2233 2232 2231
3 2231 2232 2230
3 2235 2234 2233
3 2233 2234 2232
3 2235 2236 2234
3 2239 2238 2237
3 2239 2237 2223
3 2237 2222 2223
3 2237 2240 2222
3 2222 2241 2224
3 2222 2240 2241
3 2224 2242 2225
3 2224 2241 2242
3 2242 1631 1619
3 2242 1619 2225
3 1634 2226 1625
3 2226 1634 1636
3 2226 1636 2227
3 2227 1636 1627
3 1640 2229 1629
3 2229 1640 1642
3 2229 1642 2231
3 2231 1642 1644
3 2231 1644 2233
3 2233 1644 1646
3 2233 1646 2235
3 2244 2243 1648
3 1648 2243 1646
3 2243 2236 1646
3 2236 2235 1646
3 2244 2245 2243
3 2237 2238 2246
3 2246 2238 2247
3 2237 2248 2240
3 2237 2246 2248
3 2240 2249 2241
3 2240 2248 2249
3 2249 1650 1651
3 2242 2249 1651
3 2241 2249 2242
3 2242 1651 1631
3 1659 2244 1648
3 1659 1661 2244
3 1661 2245 2244
3 1661 2250 2245
3 2246 2247 2251
3 2251 2247 2252
3 2251 1663 1664
3 2248 2251 1664
3 2246 2251 2248
3 2248 1664 1665
3 2248 1665 2249
3 2249 1665 1650
3 1673 2250 1661
3 1673 2253 2250
3 2251 2252 2254
3 2254 2252 2255
3 2254 1675 1663
3 2254 1663 2251
3 2257 2256 1679
3 2257 1679 1678
3 1673 1679 2253
3 2253 1679 2256
3 2260 2259 2258
3 2260 2258 2255
3 2255 2258 2254
3 2258 1681 2254
3 1681 1682 2254
3 2254 1682 1675
3 1685 2257 1678
3 1685 2261 2257
3 2264 2263 2262
3 2264 2262 2259
3 2259 2262 2258
3 2262 1687 2258
3 1687 1688 2258
3 2258 1688 1681
3 1690 2266 2265
3 2261 1690 2265
3 1685 1690 2261
3 2266 2267 2265
3 2270 2269 2268
3 2272 2271 2268
3 2268 2271 2270
3 2274 2273 2272
3 2272 2273 2271
3 1692 1693 2274
3 1693 2273 2274
3 1693 2275 2273
3 1694 2262 2263
3 2275 1694 2263
3 1693 1694 2275
3 2262 1694 1687
3 1697 2266 1690
3 2277 2276 1698
3 1698 2276 1697
3 2276 2267 1697
3 2267 2266 1697
3 2277 2278 2276
3 2281 2280 2279
3 2281 2279 2269
3 2279 2268 2269
3 2279 2282 2268
3 2282 1700 1701
3 2272 2282 1701
3 2268 2282 2272
3 2272 1701 1702
3 2272 1702 2274
3 2274 1702 1692
3 1706 2277 1698
3 2283 2278 2277
3 1706 2283 2277
3 1707 2283 1706
3 2285 2284 1709
3 2284 1707 1709
3 2284 2283 1707
3 2285 2286 2284
3 2279 2280 2287
3 2287 2280 2288
3 2279 2289 2282
3 2279 2287 2289
3 2289 1711 1700
3 2289 1700 2282
3 1714 2285 1709
3 2290 2286 2285
3 1714 2290 2285
3 1715 2290 1714
3 1715 1717 2290
3 2290 1717 2291
3 2288 2292 2287
3 2287 2292 2289
3 2289 2292 2293
3 2289 2293 1711
3 2293 1718 1711
3 2293 2294 1718
3 1720 1718 2294
3 1720 2294 2295
3 1722 2297 2296
3 2291 1722 2296
3 1717 1722 2291
3 2297 2298 2296
3 2295 2299 1720
3 1720 2299 1723
3 1725 1723 2299
3 1725 2299 2300
3 1727 2297 1722
3 2301 2298 2297
3 1727 2301 2297
3 1728 2301 1727
3 2303 2302 1730
3 2302 1728 1730
3 2302 2301 1728
3 2303 2304 2302
3 2300 2305 1725
3 1725 2305 1731
3 1731 2306 1732
3 2305 2306 1731
3 1733 1732 2306
3 1733 2306 2307
3 1734 2303 1730
3 2308 2304 2303
3 1734 2308 2303
3 1735 2308 1734
3 2309 1735 1737
3 2309 2308 1735
3 1737 1739 2309
3 2309 1739 2310
3 2307 1741 1733
3 2311 1741 2307
3 2312 2310 1739
3 2312 1739 1742
3 2313 1742 1744
3 2313 2312 1742
3 2314 1744 1746
3 2314 2313 1744
3 2316 2315 1748
3 2315 1746 1748
3 2315 2314 1746
3 2318 2317 2316
3 2316 2317 2315
3 2320 2319 2318
3 2318 2319 2317
3 2320 2321 2319
3 2324 2323 2322
3 2326 2325 2322
3 2322 2325 2324
3 2328 2327 2326
3 2326 2327 2325
3 2330 2329 2328
3 2328 2329 2327
3 2330 2331 2329
3 2334 2333 2332
3 2332 2335 2334
3 1749 1741 2336
3 1741 2337 2336
3 1741 2311 2337
3 2336 1750 1749
3 1751 2316 1748
3 2316 1751 1753
3 2316 1753 2318
3 2318 1753 1755
3 2318 1755 2320
3 2339 2338 1757
3 1757 2338 1755
3 2338 2321 1755
3 2321 2320 1755
3 2338 2339 2323
3 2339 2322 2323
3 2339 2340 2322
3 2322 2341 2326
3 2322 2340 2341
3 2326 2342 2328
3 2326 2341 2342
3 2328 2343 2330
3 2328 2342 2343
3 2331 2330 2344
3 2330 2345 2344
3 2330 2343 2345
3 2348 2347 2346
3 2348 2346 2333
3 2333 2346 2332
3 2346 1759 2332
3 1759 1760 2332
3 2350 2349 1761
3 1761 2349 1760
3 2349 2335 1760
3 2335 2332 1760
3 2350 2351 2349
3 2336 2337 1764
3 2337 1763 1764
3 2337 2352 1763
3 2336 1764 1750
3 1766 2339 1757
3 2339 1766 1768
3 2339 1768 2340
3 2340 1768 1770
3 2340 1770 2341
3 2341 1770 1772
3 2341 1772 2342
3 2342 1772 1774
3 2342 1774 2343
3 2343 1774 1776
3 2353 2343 1776
3 2345 2343 2353
3 2356 2355 2354
3 2356 2354 2347
3 2354 2346 2347
3 2354 2357 2346
3 2357 1778 1759
3 2357 1759 2346
3 1779 2358 2350
3 1779 2350 1761
3 2351 2350 2359
3 2359 2350 2358
3 2362 2361 2360
3 2352 2362 2360
3 1781 2352 2360
3 1763 2352 1781
3 1788 2363 2353
3 1788 2353 1776
3 2365 2364 1791
3 1791 2364 1790
3 2366 2354 1792
3 2354 2365 1792
3 2365 1791 1792
3 2354 2355 2365
3 2354 2367 2357
3 2354 2366 2367
3 2368 1793 1778
3 2357 2368 1778
3 2367 2368 2357
3 2358 1779 1793
3 2368 2358 1793
3 2369 2358 2368
3 2359 2358 2370
3 2370 2358 2369
3 2373 2372 2371
3 2373 2371 2361
3 2361 2371 2360
3 2371 1795 2360
3 1795 1796 2360
3 2360 1796 1781
3 2375 2374 2363
3 1788 2375 2363
3 1803 2375 1788
3 2377 2376 1805
3 1805 2376 1804
3 1805 1790 2364
3 1805 2364 2377
3 1807 2378 2366
3 1807 2366 1792
3 2380 2367 2379
3 2367 2378 2379
3 2367 2366 2378
3 2367 2380 2368
3 2368 2380 2381
3 2368 2381 2369
3 2369 2381 2382
3 2369 2382 2370
3 2385 2384 2383
3 2387 2386 2383
3 2383 2386 2385
3 2386 2387 2372
3 2387 2371 2372
3 2387 2388 2371
3 2388 1809 1795
3 2388 1795 2371
3 1816 2375 1803
3 1816 2389 2375
3 2391 2390 1818
3 1818 2390 1817
3 1818 1804 2376
3 1818 2376 2391
3 2393 2392 2378
3 1807 2393 2378
3 1822 2393 1807
3 2378 2392 2379
3 2383 2384 2394
3 2394 2384 2395
3 2383 2396 2387
3 2383 2394 2396
3 2396 1824 1825
3 2388 2396 1825
3 2387 2396 2388
3 2388 1825 1809
3 1833 2398 2397
3 2389 1833 2397
3 1816 1833 2389
3 2400 2399 1835
3 1835 2399 1834
3 1835 1817 2390
3 1835 2390 2400
3 2402 2401 1838
3 2402 1838 1837
3 1822 1838 2393
3 2393 1838 2401
3 2395 2403 2394
3 2405 2404 2403
3 2404 2394 2403
3 2404 2396 2394
3 2404 1840 1824
3 2404 1824 2396
3 1847 2406 2398
3 1847 2398 1833
3 2408 2407 1849
3 1849 2407 1848
3 1849 1834 2399
3 1849 2399 2408
3 2410 2409 1850
3 2410 1850 1851
3 1837 1850 2402
3 2402 1850 2409
3 2404 2405 2411
3 2411 2405 2412
3 2411 1853 1840
3 2411 1840 2404
3 1859 2413 1860
3 2406 1847 1860
3 2413 2406 1860
3 2414 2406 2413
3 2416 2415 1862
3 1862 2415 1861
3 1862 1848 2407
3 1862 2407 2416
3 1864 2410 1851
3 1864 2417 2410
3 2411 2412 1867
3 2412 1866 1867
3 2412 2418 1866
3 2411 1867 1853
3 1874 2419 1875
3 2419 2420 1875
3 1875 2420 1859
3 2420 2421 1859
3 2421 2413 1859
3 2413 2421 2414
3 2414 2421 2422
3 2424 2423 1877
3 1877 2423 1876
3 1877 1861 2415
3 1877 2415 2424
3 1878 2417 1864
3 1878 2425 2417
3 2418 1880 1866
3 2426 1880 2418
3 1885 2427 1886
3 2427 2428 1886
3 1886 2428 1874
3 2428 2429 1874
3 2429 2419 1874
3 2419 2429 2420
3 2431 2430 1888
3 1888 2430 1887
3 1888 1876 2423
3 1888 2423 2431
3 1890 2425 1878
3 1890 2432 2425
3 2435 2434 2433
3 2426 2435 2433
3 1892 2426 2433
3 1880 2426 1892
3 1895 2436 1896
3 2427 1885 1896
3 2436 2427 1896
3 2437 2427 2436
3 2428 2427 2438
3 2438 2427 2437
3 2440 2439 1898
3 1898 2439 1897
3 1898 1887 2430
3 1898 2430 2440
3 2442 2441 1899
3 2442 1899 1900
3 1890 1899 2432
3 2432 1899 2441
3 2433 2434 2443
3 2443 2434 2444
3 2443 1902 1892
3 2443 1892 2433
3 1908 2445 2436
3 1908 2436 1895
3 2447 2437 2446
3 2437 2445 2446
3 2437 2436 2445
3 2437 2447 2438
3 2449 2448 1910
3 1910 2448 1909
3 1910 1897 2439
3 1910 2439 2449
3 1911 2442 1900
3 1911 2450 2442
3 2443 2444 1914
3 2444 1913 1914
3 2444 2451 1913
3 2443 1914 1902
3 1922 2452 2445
3 1922 2445 1908
3 2446 2445 2453
3 2453 2445 2452
3 2455 2454 1924
3 1924 2454 1923
3 1924 1909 2448
3 1924 2448 2455
3 1925 2457 2456
3 2450 1925 2456
3 1911 1925 2450
3 2457 2458 2456
3 2461 2460 2459
3 2451 2461 2459
3 1927 2451 2459
3 1913 2451 1927
3 1932 2462 1933
3 2462 1935 1933
3 1936 2463 1937
3 2452 1922 1937
3 2463 2452 1937
3 2464 2452 2463
3 2453 2452 2465
3 2465 2452 2464
3 2466 1938 1939
3 2467 2466 1939
3 1923 2467 1939
3 2454 2467 1923
3 1940 2457 1925
3 1940 1942 2457
3 1942 2458 2457
3 1942 2468 2458
3 2459 2460 2469
3 2469 2460 2470
3 2469 1944 1927
3 2469 1927 2459
3 1949 2471 2462
3 1949 2462 1932
3 2472 1950 1935
3 2462 2472 1935
3 2471 2472 2462
3 2463 1936 1950
3 2472 2463 1950
3 2473 2463 2472
3 2475 2464 2474
3 2464 2473 2474
3 2464 2463 2473
3 2464 2475 2465
3 2477 2476 2466
3 2476 1938 2466
3 2476 1951 1938
3 2477 2466 2467
3 1953 2468 1942
3 1953 2478 2468
3 2470 2479 2469
3 2479 2481 2480
3 2479 2480 1954
3 2469 2479 1954
3 1944 2469 1954
3 2480 1956 1954
3 1966 2482 1967
3 2471 1949 1967
3 2482 2471 1967
3 2483 2471 2482
3 2471 2484 2472
3 2471 2483 2484
3 2472 2485 2473
3 2472 2484 2485
3 2474 2473 2486
3 2473 2487 2486
3 2473 2485 2487
3 2487 2488 2486
3 2476 1968 1951
3 2489 1968 2476
3 1970 2478 1953
3 1970 2490 2478
3 2480 2481 2491
3 2491 2481 2492
3 2493 1971 1956
3 2480 2493 1956
3 2491 2493 2480
3 2494 1972 1971
3 2494 1971 2493
3 2494 1974 1972
3 1992 2495 2482
3 1992 2482 1966
3 2482 2496 2483
3 2482 2495 2496
3 2483 2497 2484
3 2483 2496 2497
3 2497 1994 1995
3 2485 2497 1995
3 2484 2497 2485
3 2485 1995 1996
3 2498 2485 1996
3 2487 2485 2498
3 2488 2487 2499
3 2499 2487 2498
3 2489 1997 1968
3 2500 1997 2489
3 1999 2501 2000
3 2501 2502 2000
3 2502 1970 2000
3 2502 2490 1970
3 2492 2503 2491
3 2491 2503 2493
3 2493 2503 2504
3 2493 2504 2494
3 2494 2504 2505
3 2494 2505 1974
3 2505 2001 1974
3 2505 2506 2001
3 2506 2508 2507
3 2002 2506 2507
3 2001 2506 2002
3 2509 2003 2002
3 2509 2002 2507
3 2509 2005 2003
3 2010 2510 2011
3 2510 2013 2011
3 2023 2511 2024
3 2495 1992 2024
3 2511 2495 2024
3 2512 2495 2511
3 2495 2513 2496
3 2495 2512 2513
3 2496 2514 2497
3 2496 2513 2514
3 2514 2026 1994
3 2514 1994 2497
3 2027 2498 1996
3 2027 2029 2498
3 2029 2499 2498
3 2029 2515 2499
3 2500 2030 1997
3 2516 2030 2500
3 2032 2517 2501
3 2032 2501 1999
3 2502 2501 2518
3 2518 2501 2517
3 2521 2520 2519
3 2523 2522 2519
3 2519 2522 2521
3 2525 2524 2523
3 2523 2524 2522
3 2527 2526 2525
3 2525 2526 2524
3 2527 2528 2526
3 2507 2508 2529
3 2529 2508 2530
3 2507 2531 2509
3 2507 2529 2531
3 2531 2034 2005
3 2531 2005 2509
3 2039 2532 2510
3 2039 2510 2010
3 2510 2532 2013
3 2532 2533 2013
3 2533 2040 2013
3 2532 2534 2533
3 2533 2536 2535
3 2041 2533 2535
3 2040 2533 2041
3 2537 2042 2041
3 2537 2041 2535
3 2537 2044 2042
3 2051 2538 2511
3 2051 2511 2023
3 2511 2539 2512
3 2511 2538 2539
3 2512 2540 2513
3 2512 2539 2540
3 2513 2541 2514
3 2513 2540 2541
3 2514 2541 2026
3 2541 2542 2026
3 2542 2052 2026
3 2541 2543 2542
3 2054 2052 2542
3 2054 2542 2544
3 2055 2515 2029
3 2055 2545 2515
3 2516 2056 2030
3 2546 2056 2516
3 2060 2547 2517
3 2060 2517 2032
3 2518 2517 2548
3 2548 2517 2547
3 2519 2520 2549
3 2549 2520 2550
3 2549 2062 2063
3 2523 2549 2063
3 2519 2549 2523
3 2523 2063 2064
3 2523 2064 2525
3 2525 2064 2066
3 2551 2525 2066
3 2527 2525 2551
3 2528 2527 2552
3 2552 2527 2551
3 2529 2530 2553
3 2553 2530 2554
3 2529 2555 2531
3 2529 2553 2555
3 2555 2068 2034
3 2555 2034 2531
3 2557 2556 2532
3 2039 2557 2532
3 2073 2557 2039
3 2532 2556 2534
3 2536 2558 2535
3 2535 2558 2537
3 2537 2558 2559
3 2537 2559 2044
3 2559 2074 2044
3 2559 2560 2074
3 2560 2562 2561
3 2075 2560 2561
3 2074 2560 2075
3 2561 2077 2075
3 2087 2538 2051
3 2538 2087 2089
3 2563 2538 2089
3 2539 2538 2563
3 2539 2564 2540
3 2539 2563 2564
3 2566 2541 2565
3 2541 2564 2565
3 2541 2540 2564
3 2541 2566 2543
3 2090 2054 2567
3 2054 2568 2567
3 2054 2544 2568
3 2567 2569 2090
3 2569 2055 2090
3 2569 2545 2055
3 2546 2091 2056
3 2570 2091 2546
3 2095 2571 2547
3 2095 2547 2060
3 2548 2547 2572
3 2572 2547 2571
3 2549 2550 2573
3 2573 2550 2574
3 2573 2097 2062
3 2573 2062 2549
3 2576 2575 2551
3 2066 2576 2551
3 2099 2576 2066
3 2551 2575 2552
3 2553 2554 2577
3 2577 2554 2578
3 2553 2579 2555
3 2553 2577 2579
3 2579 2101 2068
3 2579 2068 2555
3 2581 2580 2106
3 2581 2106 2105
3 2073 2106 2557
3 2557 2106 2580
3 2562 2582 2561
3 2561 2582 2077
3 2582 2107 2077
3 2582 2583 2107
3 2583 2585 2584
3 2108 2583 2584
3 2107 2583 2108
3 2586 2109 2108
3 2586 2108 2584
3 2586 2111 2109
3 2120 2587 2119
3 2588 2121 2119
3 2588 2119 2587
3 2563 2089 2121
3 2588 2563 2121
3 2589 2563 2588
3 2563 2590 2564
3 2563 2589 2590
3 2565 2564 2591
3 2591 2564 2590
3 2568 2592 2567
3 2567 2592 2569
3 2570 2122 2091
3 2593 2122 2570
3 2127 2594 2571
3 2127 2571 2095
3 2572 2571 2595
3 2595 2571 2594
3 2573 2574 2596
3 2596 2574 2597
3 2598 2128 2097
3 2573 2598 2097
3 2596 2598 2573
3 2128 2598 2599
3 2600 2128 2599
3 2129 2128 2600
3 2099 2129 2576
3 2576 2129 2600
3 2578 2601 2577
3 2577 2601 2579
3 2579 2601 2602
3 2579 2602 2101
3 2602 2130 2101
3 2602 2603 2130
3 2130 2604 2131
3 2603 2604 2130
3 2131 2605 2132
3 2604 2605 2131
3 2132 2606 2133
3 2605 2606 2132
3 2105 2133 2581
3 2581 2133 2606
3 2585 2607 2584
3 2584 2607 2586
3 2586 2607 2608
3 2608 2610 2609
3 2608 2609 2134
3 2586 2608 2134
3 2111 2586 2134
3 2611 2135 2134
3 2611 2134 2609
3 2612 2136 2135
3 2612 2135 2611
3 2613 2137 2136
3 2613 2136 2612
3 2614 2138 2137
3 2614 2137 2613
3 2614 2140 2138
3 2146 2615 2587
3 2146 2587 2120
3 2617 2588 2616
3 2588 2615 2616
3 2588 2587 2615
3 2588 2617 2589
3 2589 2617 2618
3 2589 2618 2590
3 2590 2618 2619
3 2590 2619 2591
3 2593 2147 2122
3 2620 2147 2593
3 2150 2621 2151
3 2622 2152 2151
3 2622 2151 2621
3 2594 2127 2152
3 2622 2594 2152
3 2623 2594 2622
3 2595 2594 2624
3 2624 2594 2623
3 2597 2625 2596
3 2596 2625 2598
3 2598 2625 2626
3 2598 2626 2599
3 2610 2627 2609
3 2609 2627 2611
3 2611 2627 2628
3 2611 2628 2612
3 2612 2628 2629
3 2631 2630 2629
3 2630 2612 2629
3 2630 2613 2612
3 2613 2632 2614
3 2613 2630 2632
3 2633 2153 2140
3 2614 2633 2140
3 2632 2633 2614
3 2634 2154 2153
3 2634 2153 2633
3 2635 2155 2154
3 2635 2154 2634
3 2636 2156 2155
3 2636 2155 2635
3 2637 2157 2156
3 2637 2156 2636
3 2157 2637 2638
3 2639 2157 2638
3 2158 2157 2639
3 2146 2158 2615
3 2158 2640 2615
3 2158 2639 2640
3 2615 2640 2616
3 2620 2159 2147
3 2641 2159 2620
3 2161 2642 2162
3 2643 2163 2162
3 2643 2162 2642
3 2621 2150 2163
3 2643 2621 2163
3 2644 2621 2643
3 2621 2645 2622
3 2621 2644 2645
3 2622 2646 2623
3 2622 2645 2646
3 2624 2623 2647
3 2647 2623 2646
3 2650 2649 2648
3 2648 2651 2650
3 2631 2652 2630
3 2630 2652 2632
3 2632 2652 2653
3 2655 2654 2653
3 2654 2632 2653
3 2654 2633 2632
3 2633 2656 2634
3 2633 2654 2656
3 2658 2635 2657
3 2635 2656 2657
3 2635 2634 2656
3 2635 2658 2636
3 2636 2658 2659
3 2636 2659 2637
3 2637 2659 2660
3 2637 2660 2638
3 2641 2164 2159
3 2661 2164 2641
3 2663 2662 2642
3 2161 2663 2642
3 2167 2663 2161
3 2642 2662 2643
3 2643 2662 2664
3 2666 2665 2664
3 2665 2643 2664
3 2665 2644 2643
3 2668 2645 2667
3 2645 2665 2667
3 2645 2644 2665
3 2670 2669 2668
3 2669 2645 2668
3 2669 2646 2645
3 2647 2646 2671
3 2671 2646 2669
3 2648 2649 2672
3 2672 2649 2673
3 2651 2648 2674
3 2648 2675 2674
3 2648 2672 2675
3 2675 2676 2674
3 2655 2677 2654
3 2654 2677 2656
3 2656 2677 2678
3 2656 2678 2657
3 2661 2169 2164
3 2679 2169 2661
3 2681 2680 2173
3 2681 2173 2172
3 2173 2682 2174
3 2680 2682 2173
3 2167 2174 2663
3 2663 2174 2682
3 2666 2683 2665
3 2665 2683 2667
3 2669 2670 2684
3 2684 2670 2685
3 2671 2669 2686
3 2669 2687 2686
3 2669 2684 2687
3 2687 2688 2686
3 2691 2690 2689
3 2691 2689 2673
3 2689 2672 2673
3 2689 2692 2672
3 2694 2675 2693
3 2675 2692 2693
3 2675 2672 2692
3 2675 2694 2676
3 2175 2169 2695
3 2169 2696 2695
3 2169 2679 2696
3 2697 2176 2175
3 2697 2175 2695
3 2176 2697 2698
3 2699 2176 2698
3 2177 2176 2699
3 2172 2177 2681
3 2681 2177 2699
3 2684 2685 2700
3 2700 2685 2701
3 2684 2702 2687
3 2684 2700 2702
3 2688 2687 2703
3 2687 2704 2703
3 2687 2702 2704
3 2704 2705 2703
3 2690 2706 2689
3 2689 2706 2692
3 2692 2706 2707
3 2692 2707 2693
3 2696 2708 2695
3 2695 2708 2697
3 2697 2708 2709
3 2697 2709 2698
3 2700 2701 2710
3 2710 2701 2711
3 2700 2712 2702
3 2700 2710 2712
3 2702 2713 2704
3 2702 2712 2713
3 2705 2704 2714
3 2704 2715 2714
3 2704 2713 2715
3 2717 2716 2715
3 2715 2716 2714
3 2717 2718 2716
3 2710 2711 2719
3 2719 2711 2720
3 2719 2179 2180
3 2712 2719 2180
3 2710 2719 2712
3 2712 2180 2181
3 2712 2181 2713
3 2713 2181 2183
3 2713 2183 2715
3 2717 2715 2721
3 2715 2185 2721
3 2185 2722 2721
3 2185 2715 2183
3 2717 2721 2718
3 2720 2723 2719
3 2723 2725 2724
3 2723 2724 2186
3 2719 2723 2186
3 2179 2719 2186
3 2724 2188 2186
3 2189 2726 2190
3 2726 2727 2190
3 2727 2185 2190
3 2727 2722 2185
3 2724 2725 2728
3 2728 2725 2729
3 2730 2191 2188
3 2724 2730 2188
3 2728 2730 2724
3 2730 2731 2191
3 2191 2731 2189
3 2731 2732 2189
3 2732 2726 2189
3 2726 2732 2727
3 2735 2734 2733
3 2733 2736 2735
3 2739 2738 2737
3 2739 2737 2734
3 2734 2737 2733
3 2737 2193 2733
3 2193 2194 2733
3 2194 2195 2733
3 2195 2736 2733
3 2195 2740 2736
3 2743 2742 2741
3 2197 2198 2741
3 2198 2743 2741
3 2198 2744 2743
3 2746 2745 2199
3 2745 2198 2199
3 2745 2744 2198
3 2746 2747 2745
3 2737 2738 2202
3 2738 2201 2202
3 2738 2748 2201
3 2737 2202 2193
3 2749 2740 2195
3 2749 2195 2203
3 2203 2205 2749
3 2749 2205 2750
3 2753 2752 2751
3 2753 2751 2742
3 2742 2751 2741
3 2751 2207 2741
3 2207 2208 2741
3 2741 2208 2197
3 2210 2746 2199
3 2754 2747 2746
3 2210 2754 2746
3 2212 2754 2210
3 2755 2212 2214
3 2755 2754 2212
3 2756 2214 2216
3 2756 2755 2214
3 2757 2216 2218
3 2757 2756 2216
3 2218 2201 2748
3 2218 2748 2757
3 2221 2759 2758
3 2750 2221 2758
3 2205 2221 2750
3 2759 2760 2758
3 2751 2752 2761
3 2761 2752 2762
3 2761 2223 2207
3 2761 2207 2751
3 2228 2759 2221
3 2763 2760 2759
3 2228 2763 2759
3 2230 2763 2228
3 2764 2230 2232
3 2764 2763 2230
3 2765 2232 2234
3 2765 2764 2232
3 2234 2236 2765
3 2765 2236 2766
3 2761 2762 2239
3 2762 2238 2239
3 2762 2767 2238
3 2761 2239 2223
3 2768 2766 2236
3 2768 2236 2243
3 2243 2245 2768
3 2768 2245 2769
3 2767 2247 2238
3 2770 2247 2767
3 2250 2769 2245
3 2250 2771 2769
3 2770 2252 2247
3 2772 2252 2770
3 2253 2771 2250
3 2253 2773 2771
3 2772 2255 2252
3 2774 2255 2772
3 2776 2775 2256
3 2776 2256 2257
3 2253 2256 2773
3 2773 2256 2775
3 2778 2777 2260
3 2260 2777 2259
3 2260 2255 2774
3 2260 2774 2778
3 2261 2776 2257
3 2261 2779 2776
3 2782 2781 2780
3 2784 2783 2780
3 2780 2783 2782
3 2786 2785 2784
3 2784 2785 2783
3 2263 2264 2786
3 2264 2785 2786
3 2264 2787 2785
3 2264 2259 2777
3 2264 2777 2787
3 2261 2265 2788
3 2789 2261 2788
3 2779 2261 2789
3 2267 2788 2265
3 2792 2791 2790
3 2269 2270 2790
3 2270 2792 2790
3 2270 2793 2792
3 2271 2780 2781
3 2793 2271 2781
3 2270 2271 2793
3 2780 2271 2273
3 2780 2273 2784
3 2784 2273 2275
3 2784 2275 2786
3 2786 2275 2263
3 2794 2789 2788
3 2794 2788 2267
3 2276 2794 2267
3 2795 2794 2276
3 2276 2278 2795
3 2795 2278 2796
3 2790 2791 2281
3 2791 2280 2281
3 2791 2797 2280
3 2790 2281 2269
3 2798 2796 2278
3 2798 2278 2283
3 2799 2283 2284
3 2799 2798 2283
3 2284 2286 2799
3 2799 2286 2800
3 2797 2288 2280
3 2801 2288 2797
3 2802 2800 2286
3 2802 2286 2290
3 2290 2291 2802
3 2802 2291 2803
3 2801 2804 2288
3 2288 2804 2292
3 2292 2805 2293
3 2804 2805 2292
3 2293 2806 2294
3 2805 2806 2293
3 2295 2294 2806
3 2295 2806 2807
3 2808 2803 2291
3 2808 2291 2296
3 2296 2298 2808
3 2808 2298 2809
3 2807 2810 2295
3 2295 2810 2299
3 2812 2811 2300
3 2299 2812 2300
3 2810 2812 2299
3 2813 2811 2812
3 2814 2809 2298
3 2814 2298 2301
3 2815 2301 2302
3 2815 2814 2301
3 2302 2304 2815
3 2815 2304 2816
3 2811 2305 2300
3 2813 2817 2811
3 2817 2305 2811
3 2817 2306 2305
3 2307 2306 2817
3 2307 2817 2818
3 2821 2820 2819
3 2822 2819 2820
3 2823 2816 2304
3 2823 2304 2308
3 2824 2308 2309
3 2824 2823 2308
3 2309 2310 2824
3 2824 2310 2825
3 2828 2827 2826
3 2830 2829 2826
3 2826 2829 2828
3 2832 2831 2830
3 2830 2831 2829
3 2832 2833 2831
3 2835 2311 2834
3 2311 2818 2834
3 2311 2307 2818
3 2836 2835 2834
3 2839 2838 2837
3 2841 2840 2837
3 2841 2837 2838
3 2842 2840 2841
3 2843 2821 2819
3 2843 2819 2822
3 2844 2825 2310
3 2844 2310 2312
3 2845 2312 2313
3 2845 2844 2312
3 2846 2313 2314
3 2846 2845 2313
3 2847 2314 2315
3 2847 2846 2314
3 2848 2315 2317
3 2848 2847 2315
3 2849 2317 2319
3 2849 2848 2317
3 2851 2850 2321
3 2850 2319 2321
3 2850 2849 2319
3 2323 2324 2851
3 2324 2850 2851
3 2324 2852 2850
3 2325 2826 2827
3 2852 2325 2827
3 2324 2325 2852
3 2826 2325 2327
3 2826 2327 2830
3 2830 2327 2329
3 2830 2329 2832
3 2854 2853 2331
3 2331 2853 2329
3 2853 2833 2329
3 2833 2832 2329
3 2856 2855 2334
3 2334 2855 2333
3 2334 2335 2856
3 2856 2335 2857
3 2858 2337 2835
3 2835 2337 2311
3 2835 2836 2859
3 2835 2859 2858
3 2839 2837 2860
3 2839 2860 2861
3 2862 2837 2840
3 2860 2837 2862
3 2840 2842 2863
3 2840 2863 2862
3 2338 2851 2321
3 2851 2338 2323
3 2344 2854 2331
3 2865 2864 2348
3 2348 2864 2347
3 2348 2333 2855
3 2348 2855 2865
3 2866 2857 2335
3 2866 2335 2349
3 2349 2351 2866
3 2866 2351 2867
3 2869 2868 2858
3 2868 2337 2858
3 2868 2352 2337
3 2869 2858 2859
3 2861 2860 2870
3 2861 2870 2871
3 2862 2873 2872
3 2870 2862 2872
3 2860 2862 2870
3 2873 2862 2863
3 2875 2874 2356
3 2356 2874 2355
3 2356 2347 2864
3 2356 2864 2875
3 2359 2877 2876
3 2867 2359 2876
3 2351 2359 2867
3 2877 2878 2876
3 2880 2879 2362
3 2362 2879 2361
3 2362 2352 2868
3 2362 2868 2880
3 2871 2870 2881
3 2871 2881 2882
3 2870 2872 2883
3 2870 2883 2881
3 2885 2884 2365
3 2365 2884 2364
3 2365 2355 2874
3 2365 2874 2885
3 2887 2886 2877
3 2359 2887 2877
3 2370 2887 2359
3 2877 2886 2878
3 2890 2889 2888
3 2892 2891 2888
3 2888 2891 2890
3 2372 2373 2892
3 2373 2891 2892
3 2373 2893 2891
3 2373 2361 2879
3 2373 2879 2893
3 2894 2882 2881
3 2894 2881 2883
3 2896 2895 2374
3 2896 2374 2375
3 2898 2897 2377
3 2377 2897 2376
3 2377 2364 2884
3 2377 2884 2898
3 2900 2899 2380
3 2900 2380 2379
3 2899 2902 2901
3 2381 2899 2901
3 2380 2899 2381
3 2903 2382 2381
3 2903 2381 2901
3 2903 2904 2382
3 2904 2370 2382
3 2904 2887 2370
3 2888 2889 2385
3 2889 2384 2385
3 2889 2905 2384
3 2888 2385 2386
3 2888 2386 2892
3 2892 2386 2372
3 2389 2907 2906
3 2896 2389 2906
3 2375 2389 2896
3 2909 2908 2391
3 2391 2908 2390
3 2391 2376 2897
3 2391 2897 2909
3 2911 2910 2392
3 2911 2392 2393
3 2379 2392 2900
3 2900 2392 2910
3 2902 2912 2901
3 2901 2912 2903
3 2903 2912 2913
3 2903 2913 2904
3 2905 2395 2384
3 2914 2395 2905
3 2917 2916 2915
3 2918 2915 2916
3 2397 2907 2389
3 2920 2919 2400
3 2400 2919 2399
3 2400 2390 2908
3 2400 2908 2920
3 2922 2921 2401
3 2922 2401 2402
3 2393 2401 2911
3 2911 2401 2921
3 2403 2395 2923
3 2395 2924 2923
3 2395 2914 2924
3 2923 2405 2403
3 2917 2915 2925
3 2917 2925 2926
3 2915 2918 2927
3 2915 2927 2925
3 2929 2928 2408
3 2408 2928 2407
3 2408 2399 2919
3 2408 2919 2929
3 2931 2930 2409
3 2931 2409 2410
3 2402 2409 2922
3 2922 2409 2930
3 2924 2932 2923
3 2405 2923 2932
3 2933 2405 2932
3 2412 2405 2933
3 2926 2925 2934
3 2926 2934 2935
3 2925 2927 2936
3 2925 2936 2934
3 2938 2937 2416
3 2416 2937 2415
3 2416 2407 2928
3 2416 2928 2938
3 2417 2931 2410
3 2417 2939 2931
3 2933 2418 2412
3 2940 2418 2933
3 2935 2934 2941
3 2935 2941 2942
3 2934 2936 2943
3 2944 2934 2943
3 2941 2934 2944
3 2945 2944 2943
3 2947 2946 2421
3 2947 2421 2420
3 2421 2948 2422
3 2946 2948 2421
3 2950 2949 2424
3 2424 2949 2423
3 2424 2415 2937
3 2424 2937 2950
3 2425 2939 2417
3 2425 2951 2939
3 2940 2426 2418
3 2952 2426 2940
3 2953 2942 2941
3 2955 2954 2953
3 2941 2955 2953
3 2944 2955 2941
3 2944 2945 2956
3 2957 2944 2956
3 2955 2944 2957
3 2958 2957 2956
3 2960 2959 2429
3 2960 2429 2428
3 2420 2429 2947
3 2947 2429 2959
3 2961 2430 2431
3 2962 2961 2431
3 2423 2962 2431
3 2949 2962 2423
3 2432 2951 2425
3 2432 2963 2951
3 2965 2964 2435
3 2435 2964 2434
3 2435 2426 2952
3 2435 2952 2965
3 2954 2955 2966
3 2954 2966 2967
3 2968 2955 2957
3 2966 2955 2968
3 2957 2958 2969
3 2970 2957 2969
3 2968 2957 2970
3 2971 2970 2969
3 2974 2973 2972
3 2973 2960 2972
3 2960 2438 2972
3 2960 2428 2438
3 2975 2439 2440
3 2430 2961 2440
3 2961 2975 2440
3 2961 2976 2975
3 2961 2962 2977
3 2961 2977 2976
3 2979 2978 2441
3 2979 2441 2442
3 2432 2441 2963
3 2963 2441 2978
3 2964 2444 2434
3 2980 2444 2964
3 2981 2967 2966
3 2981 2966 2968
3 2981 2968 2982
3 2984 2983 2982
3 2968 2984 2982
3 2970 2984 2968
3 2970 2971 2985
3 2986 2970 2985
3 2984 2970 2986
3 2988 2987 2986
3 2988 2986 2985
3 2989 2987 2988
3 2992 2991 2990
3 2990 2991 2974
3 2990 2974 2972
3 2446 2990 2972
3 2447 2446 2972
3 2447 2972 2438
3 2993 2448 2449
3 2439 2975 2449
3 2975 2993 2449
3 2975 2994 2993
3 2995 2975 2976
3 2994 2975 2995
3 2976 2977 2996
3 2976 2996 2995
3 2450 2979 2442
3 2450 2997 2979
3 3000 2999 2998
3 2980 3000 2998
3 2451 2980 2998
3 2444 2980 2451
3 3001 2983 2984
3 3001 2984 2986
3 3001 2986 3002
3 3002 2986 2987
3 3002 2987 3003
3 3003 2987 2989
3 2992 2990 3004
3 2992 3004 3005
3 2453 3004 2446
3 2446 3004 2990
3 3006 2454 2455
3 2448 2993 2455
3 2993 3006 2455
3 2993 3007 3006
3 3008 2993 2994
3 3007 2993 3008
3 2995 3010 3009
3 3008 2995 3009
3 2994 2995 3008
3 3010 2995 2996
3 3011 2997 2450
3 3011 2450 2456
3 2456 2458 3011
3 3011 2458 3012
3 2998 2999 2461
3 2999 2460 2461
3 2999 3013 2460
3 2998 2461 2451
3 3016 3015 3014
3 3014 3015 3005
3 3004 3014 3005
3 3017 3014 3004
3 2465 3017 2453
3 2453 3017 3004
3 3018 2467 3006
3 3006 2467 2454
3 3019 3006 3007
3 3018 3006 3019
3 3008 3021 3020
3 3019 3008 3020
3 3007 3008 3019
3 3021 3008 3009
3 2468 3012 2458
3 2468 3022 3012
3 3013 2470 2460
3 3023 2470 3013
3 3024 3016 3014
3 2474 3025 2475
3 3025 3014 2475
3 3014 3017 2475
3 3025 3024 3014
3 2475 3017 2465
3 3026 2476 2477
3 2467 3018 2477
3 3018 3026 2477
3 3018 3027 3026
3 3028 3018 3019
3 3027 3018 3028
3 3019 3020 3029
3 3019 3029 3028
3 2478 3022 2468
3 2478 3030 3022
3 2479 2470 3031
3 2470 3032 3031
3 2470 3023 3032
3 3031 2481 2479
3 3033 3025 2474
3 3033 2474 2486
3 2486 2488 3033
3 3033 2488 3034
3 3036 3035 3026
3 3035 2476 3026
3 3035 2489 2476
3 3036 3026 3027
3 3036 3027 3037
3 3037 3027 3028
3 3037 3028 3038
3 3038 3028 3029
3 2490 3030 2478
3 2490 3039 3030
3 3031 3032 3040
3 3040 3032 3041
3 3040 2492 2481
3 3040 2481 3031
3 3044 3043 3042
3 3046 3045 3042
3 3046 3042 3043
3 3046 3034 3045
3 3034 2499 3045
3 3034 2488 2499
3 3035 2500 2489
3 3047 2500 3035
3 2502 3039 2490
3 2502 3048 3039
3 3051 3050 3049
3 3053 3052 3049
3 3049 3052 3051
3 3052 3053 3041
3 3053 3040 3041
3 3053 3054 3040
3 3055 2503 2492
3 3040 3055 2492
3 3054 3055 3040
3 3056 2504 2503
3 3056 2503 3055
3 3057 2505 2504
3 3057 2504 3056
3 3058 2506 2505
3 3058 2505 3057
3 3058 2508 2506
3 3061 3060 3059
3 3062 3059 3060
3 3065 3064 3063
3 3063 3064 3044
3 3042 3063 3044
3 3066 3063 3042
3 3067 3042 3045
3 3066 3042 3067
3 2515 3067 2499
3 2499 3067 3045
3 3047 2516 2500
3 3068 2516 3047
3 2518 3048 2502
3 2518 3069 3048
3 3049 3050 2521
3 3050 2520 2521
3 3050 3070 2520
3 3049 2521 2522
3 3049 2522 3053
3 3053 2522 2524
3 3053 2524 3054
3 3054 2524 2526
3 3054 2526 3055
3 3055 2526 2528
3 3071 3055 2528
3 3056 3055 3071
3 3073 3057 3072
3 3057 3071 3072
3 3057 3056 3071
3 3057 3073 3058
3 3058 3073 3074
3 2508 3058 3074
3 3075 2508 3074
3 2530 2508 3075
3 3078 3077 3076
3 3076 3077 3061
3 3076 3061 3059
3 2534 3076 3059
3 2533 2534 3059
3 3080 3079 2536
3 3080 2536 2533
3 3062 3080 2533
3 3059 3062 2533
3 3081 3079 3080
3 3084 3083 3082
3 3085 3082 3083
3 3065 3063 3086
3 3065 3086 3087
3 2543 3086 2542
3 3086 3066 2542
3 3086 3063 3066
3 2542 3066 2544
3 3066 3088 2544
3 3066 3067 3088
3 2545 3088 2515
3 2515 3088 3067
3 3068 2546 2516
3 3089 2546 3068
3 2548 3069 2518
3 2548 3090 3069
3 3070 2550 2520
3 3091 2550 3070
3 3093 3092 3071
3 2528 3093 3071
3 2552 3093 2528
3 3071 3092 3072
3 3096 3095 3094
3 3075 3096 3094
3 2554 3075 3094
3 2530 3075 2554
3 3078 3076 2556
3 2557 3078 2556
3 3097 3078 2557
3 2556 3076 2534
3 3079 2558 2536
3 3081 3098 3079
3 3098 2558 3079
3 3098 2559 2558
3 2559 3099 2560
3 3098 3099 2559
3 2562 2560 3099
3 2562 3099 3100
3 3084 3082 3101
3 3084 3101 3102
3 3082 3085 3103
3 3082 3103 3101
3 3087 3086 2566
3 2565 3087 2566
3 3104 3087 2565
3 2566 3086 2543
3 3105 2568 3088
3 3088 2568 2544
3 2569 3105 2545
3 2545 3105 3088
3 3089 2570 2546
3 3106 2570 3089
3 2572 3090 2548
3 2572 3107 3090
3 3091 2574 2550
3 3108 2574 3091
3 3110 3109 2575
3 3110 2575 2576
3 2552 2575 3093
3 3093 2575 3109
3 3095 3111 3094
3 2554 3094 3111
3 3112 2554 3111
3 2578 2554 3112
3 3114 3113 2580
3 3114 2580 2581
3 2557 2580 3097
3 3097 2580 3113
3 3100 3115 2562
3 2562 3115 2582
3 2582 3116 2583
3 3115 3116 2582
3 3118 3117 2585
3 2583 3118 2585
3 3116 3118 2583
3 3119 3117 3118
3 3120 3102 3101
3 3120 3101 3103
3 2591 3104 2565
3 2591 3121 3104
3 3105 2592 2568
3 2592 3105 2569
3 3106 2593 2570
3 3122 2593 3106
3 2595 3107 2572
3 2595 3123 3107
3 3108 2597 2574
3 3124 2597 3108
3 3126 3125 2600
3 3126 2600 2599
3 2576 2600 3110
3 3110 2600 3125
3 3112 3127 2578
3 2578 3127 2601
3 2601 3128 2602
3 3127 3128 2601
3 2602 3129 2603
3 3128 3129 2602
3 2603 3130 2604
3 3129 3130 2603
3 2604 3131 2605
3 3130 3131 2604
3 2605 3132 2606
3 3131 3132 2605
3 2581 2606 3114
3 3114 2606 3132
3 3117 2607 2585
3 3119 3133 3117
3 3133 2607 3117
3 3133 2608 2607
3 3135 3134 2610
3 2608 3135 2610
3 3133 3135 2608
3 3137 3136 3134
3 3137 3134 3135
3 3138 3136 3137
3 3141 3140 3139
3 2617 2616 3139
3 3140 2617 3139
3 3142 2617 3140
3 2617 3143 2618
3 3142 3143 2617
3 2618 3144 2619
3 3143 3144 2618
3 2591 2619 3121
3 3121 2619 3144
3 3122 2620 2593
3 3145 2620 3122
3 2624 3123 2595
3 2624 3146 3123
3 3149 3148 3147
3 3147 3150 2625
3 3124 3147 2625
3 2597 3124 2625
3 3147 3124 3149
3 3151 2626 2625
3 3151 2625 3150
3 3151 3152 2626
3 3152 2599 2626
3 3152 3126 2599
3 3134 2627 2610
3 2627 3134 2628
3 2628 3134 3136
3 3138 3153 3136
3 3153 2628 3136
3 3153 2629 2628
3 2631 2629 3153
3 2631 3153 3154
3 3157 3156 3155
3 3158 3155 3156
3 3161 3160 3159
3 3162 3159 3160
3 3165 3164 3163
3 2639 2638 3163
3 3164 2639 3163
3 3166 2639 3164
3 3139 2640 3141
3 2640 3166 3141
3 2640 2639 3166
3 2640 3139 2616
3 3145 2641 2620
3 3167 2641 3145
3 2647 3146 2624
3 2647 3168 3146
3 3147 3148 3169
3 3169 3148 3170
3 3169 2649 2650
3 3150 3169 2650
3 3147 3169 3150
3 3150 2650 2651
3 3171 3150 2651
3 3151 3150 3171
3 3152 3151 3172
3 3172 3151 3171
3 3154 3173 2631
3 2631 3173 2652
3 3174 3157 3155
3 3176 3175 3173
3 2653 3173 3175
3 3173 2653 2652
3 2655 2653 3175
3 3158 3174 3155
3 3179 3178 3177
3 3181 3180 3177
3 3181 3177 3178
3 3180 3181 3161
3 3180 3161 3159
3 2657 3180 3159
3 2658 2657 3159
3 3162 3182 3159
3 3182 2658 3159
3 3182 2659 2658
3 3163 2660 3165
3 2660 3182 3165
3 2660 2659 3182
3 2660 3163 2638
3 3167 2661 2641
3 3183 2661 3167
3 3185 3184 2662
3 3185 2662 2663
3 3184 3187 3186
3 2664 3184 3186
3 2662 3184 2664
3 3186 2666 2664
3 2667 3188 2668
3 3188 2670 2668
3 2671 3190 3189
3 3168 2671 3189
3 2647 2671 3168
3 3190 3191 3189
3 3169 3170 3192
3 3192 3170 3193
3 3192 2673 2649
3 3192 2649 3169
3 2674 3171 2651
3 2674 2676 3171
3 2676 3172 3171
3 2676 3194 3172
3 3175 3176 3195
3 3195 3176 3196
3 3179 3177 3197
3 2677 3197 3177
3 3197 2677 3195
3 2655 3195 2677
3 3195 2655 3175
3 2677 3177 2678
3 2678 3177 3180
3 2678 3180 2657
3 3183 2679 2661
3 3198 2679 3183
3 3200 3199 2680
3 3200 2680 2681
3 2680 3201 2682
3 3199 3201 2680
3 2663 2682 3185
3 3185 2682 3201
3 3187 3202 3186
3 3186 3202 2666
3 3202 2683 2666
3 3202 3203 2683
3 2683 3203 2667
3 3203 3204 2667
3 3204 3188 2667
3 3204 3203 3205
3 3204 2685 2670
3 3204 2670 3188
3 2686 3190 2671
3 2686 2688 3190
3 2688 3191 3190
3 2688 3206 3191
3 3192 3193 2691
3 3193 2690 2691
3 3193 3207 2690
3 3192 2691 2673
3 3209 3208 2694
3 3209 2694 2693
3 2676 2694 3194
3 3194 2694 3208
3 3195 3196 3210
3 3210 3196 3211
3 3197 3195 3212
3 3212 3195 3210
3 3198 2696 2679
3 3213 2696 3198
3 3215 3214 2699
3 3215 2699 2698
3 2681 2699 3200
3 3200 2699 3214
3 3204 3205 3216
3 3216 3205 3217
3 3216 2701 2685
3 3216 2685 3204
3 3218 3206 2688
3 3218 2688 2703
3 3220 3219 2705
3 3219 2703 2705
3 3219 3218 2703
3 3222 3221 3220
3 3220 3221 3219
3 3224 3223 3222
3 3222 3223 3221
3 2706 3226 3225
3 3226 2706 3224
3 2690 3224 2706
3 3224 2690 3223
3 3207 3223 2690
3 2706 3227 2707
3 3225 3227 2706
3 2693 2707 3209
3 3209 2707 3227
3 3211 3228 3210
3 3210 3228 3212
3 3213 3229 2696
3 2696 3229 2708
3 2708 3230 2709
3 3229 3230 2708
3 2698 2709 3215
3 3215 2709 3230
3 3217 3231 3216
3 2701 3216 3231
3 3232 2701 3231
3 2711 2701 3232
3 2714 3220 2705
3 3220 2714 2716
3 3220 2716 3222
3 3224 3222 3233
3 3222 2718 3233
3 2718 3234 3233
3 2718 3222 2716
3 3224 3233 3226
3 3232 2720 2711
3 3235 2720 3232
3 3237 3236 2721
3 3237 2721 2722
3 2718 2721 3234
3 3234 2721 3236
3 2723 2720 3238
3 2720 3239 3238
3 2720 3235 3239
3 3238 2725 2723
3 2727 3237 2722
3 2727 3240 3237
3 3239 3241 3238
3 2725 3238 3241
3 3242 2725 3241
3 2729 2725 3242
3 3244 3243 2732
3 3244 2732 2731
3 2727 2732 3240
3 3240 2732 3243
3 3246 3245 2735
3 2735 3245 2734
3 2735 2736 3246
3 3246 2736 3247
3 3248 2738 2739
3 3249 3248 2739
3 2734 3249 2739
3 3245 3249 2734
3 2740 3247 2736
3 2740 3250 3247
3 3252 3251 2743
3 2743 3251 2742
3 3254 3252 3253
3 3252 2744 3253
3 3252 2743 2744
3 2745 3255 2744
3 2744 3255 3253
3 2747 3255 2745
3 3256 2748 3248
3 3248 2748 2738
3 3248 3249 3257
3 3248 3257 3256
3 3258 3250 2740
3 3258 2740 2749
3 2749 2750 3258
3 3258 2750 3259
3 3260 2752 2753
3 3261 3260 2753
3 2742 3261 2753
3 3251 3261 2742
3 3254 3253 3262
3 3254 3262 3263
3 3264 3253 3255
3 3262 3253 3264
3 2754 3265 2747
3 3265 3255 2747
3 3265 3264 3255
3 3265 2754 3266
3 2754 3267 3266
3 2754 2755 3267
3 3269 3267 3268
3 3267 2756 3268
3 3267 2755 2756
3 2757 3270 2756
3 2756 3270 3268
3 2748 3256 2757
3 3256 3270 2757
3 3256 3271 3270
3 3256 3257 3272
3 3256 3272 3271
3 2750 2758 3273
3 3274 2750 3273
3 3259 2750 3274
3 2760 3273 2758
3 3276 3275 3260
3 3275 2752 3260
3 3275 2762 2752
3 3276 3260 3261
3 3263 3262 3277
3 3263 3277 3278
3 3279 3262 3264
3 3277 3262 3279
3 3280 3264 3265
3 3279 3264 3280
3 3265 3266 3281
3 3265 3281 3280
3 3282 3269 3268
3 3284 3283 3282
3 3268 3284 3282
3 3270 3284 3268
3 3285 3270 3271
3 3284 3270 3285
3 3271 3272 3286
3 3287 3271 3286
3 3285 3271 3287
3 3288 3287 3286
3 3274 3273 3289
3 3274 3289 3290
3 2763 3291 2760
3 3291 3273 2760
3 3291 3289 3273
3 2764 3292 2763
3 2763 3292 3291
3 3292 2764 3293
3 2764 3294 3293
3 2764 2765 3294
3 2765 2766 3294
3 3294 2766 3295
3 3297 2767 3296
3 2767 3275 3296
3 2767 2762 3275
3 3298 3297 3296
3 3278 3277 3299
3 3278 3299 3300
3 3301 3277 3279
3 3299 3277 3301
3 3302 3279 3280
3 3301 3279 3302
3 3280 3281 3303
3 3280 3303 3302
3 3304 3283 3284
3 3306 3305 3304
3 3284 3306 3304
3 3285 3306 3284
3 3307 3285 3287
3 3306 3285 3307
3 3287 3288 3308
3 3309 3287 3308
3 3307 3287 3309
3 3309 3308 3290
3 3289 3309 3290
3 3310 3309 3289
3 3291 3312 3311
3 3310 3291 3311
3 3289 3291 3310
3 3312 3291 3292
3 3312 3292 3313
3 3313 3292 3293
3 3314 3295 2766
3 3314 2766 2768
3 2768 2769 3314
3 3314 2769 3315
3 3316 2770 3297
3 3297 2770 2767
3 3297 3298 3317
3 3297 3317 3316
3 3318 3300 3299
3 3320 3319 3318
3 3299 3320 3318
3 3301 3320 3299
3 3302 3322 3321
3 3320 3302 3321
3 3301 3302 3320
3 3322 3302 3303
3 3323 3305 3306
3 3323 3306 3307
3 3323 3307 3324
3 3326 3325 3324
3 3307 3326 3324
3 3309 3326 3307
3 3310 3328 3327
3 3326 3310 3327
3 3309 3310 3326
3 3328 3310 3311
3 2771 3315 2769
3 2771 3329 3315
3 3330 2772 3316
3 3316 2772 2770
3 3316 3317 3331
3 3316 3331 3330
3 3332 3319 3320
3 3332 3320 3321
3 3333 3325 3326
3 3333 3326 3327
3 3336 3335 3334
3 3335 3329 3334
3 3329 2773 3334
3 3329 2771 2773
3 3338 3337 3330
3 3337 2772 3330
3 3337 2774 2772
3 3338 3330 3331
3 3341 3340 3339
3 3339 3340 3336
3 3339 3336 3334
3 2776 3339 3334
3 2775 2776 3334
3 2775 3334 2773
3 3343 3342 2778
3 2778 3342 2777
3 2778 2774 3337
3 2778 3337 3343
3 3341 3339 3344
3 3341 3344 3345
3 2779 3344 2776
3 2776 3344 3339
3 3347 3346 2782
3 2782 3346 2781
3 3348 2782 2783
3 3348 3347 2782
3 3349 2783 2785
3 3349 3348 2783
3 3350 2785 2787
3 3350 3349 2785
3 2787 2777 3342
3 2787 3342 3350
3 3351 3345 3344
3 3344 2779 3351
3 2779 3352 3351
3 2779 2789 3352
3 3354 3353 2792
3 2792 3353 2791
3 3355 2792 2793
3 3355 3354 2792
3 2793 2781 3346
3 2793 3346 3355
3 3356 3352 2789
3 3356 2789 2794
3 3358 3356 3357
3 3356 2795 3357
3 3356 2794 2795
3 2796 3357 2795
3 3353 2797 2791
3 3359 2797 3353
3 3360 3358 3357
3 3360 3357 2796
3 2798 3360 2796
3 3361 3360 2798
3 3362 2798 2799
3 3362 3361 2798
3 2799 2800 3362
3 3362 2800 3363
3 3365 2801 3364
3 2801 3359 3364
3 2801 2797 3359
3 3367 3366 3365
3 3367 3365 3364
3 3369 3368 3366
3 3369 3366 3367
3 3370 3368 3369
3 2800 2802 3371
3 3372 2800 3371
3 3363 2800 3372
3 2803 3371 2802
3 3365 2804 2801
3 2804 3365 2805
3 2805 3365 3366
3 2805 3366 2806
3 2806 3366 3368
3 3374 3373 2807
3 3374 2807 2806
3 3370 3374 2806
3 3368 3370 2806
3 3376 3375 3373
3 3376 3373 3374
3 3377 3375 3376
3 3380 3379 3378
3 3382 3381 3378
3 3382 3378 3379
3 3384 3383 3381
3 3384 3381 3382
3 3385 3383 3384
3 3386 3372 3371
3 3388 3386 3387
3 3387 3386 2808
3 3386 3371 2808
3 3371 2803 2808
3 2809 3387 2808
3 3373 2810 2807
3 2810 3373 2812
3 2812 3373 3375
3 3390 3389 2813
3 3390 2813 2812
3 3377 3390 2812
3 3375 3377 2812
3 3391 3389 3390
3 3394 3393 3392
3 3392 3393 3380
3 3378 3392 3380
3 3395 3392 3378
3 3396 3378 3381
3 3395 3378 3396
3 3397 3381 3383
3 3396 3381 3397
3 3383 3385 3398
3 3399 3383 3398
3 3397 3383 3399
3 3401 3400 3399
3 3401 3399 3398
3 3402 3400 3401
3 3405 3404 3403
3 3407 3406 3403
3 3407 3403 3404
3 3409 3408 3406
3 3409 3406 3407
3 3411 3410 3408
3 3411 3408 3409
3 3413 3412 3410
3 3413 3410 3411
3 3414 3412 3413
3 3388 3387 3415
3 3388 3415 3416
3 3415 3387 2809
3 3417 3415 2809
3 2814 3417 2809
3 3418 3415 3417
3 3420 3417 3419
3 3417 2815 3419
3 3417 2814 2815
3 2816 3419 2815
3 3389 2817 2813
3 3422 3421 2818
3 3422 2818 2817
3 3391 3422 2817
3 3389 3391 2817
3 3423 3421 3422
3 3424 3394 3392
3 3426 3425 3424
3 3392 3426 3424
3 3395 3426 3392
3 3427 3395 3396
3 3426 3395 3427
3 3428 3396 3397
3 3427 3396 3428
3 3429 3397 3399
3 3428 3397 3429
3 3430 3399 3400
3 3429 3399 3430
3 3400 3402 3431
3 3432 3400 3431
3 3430 3400 3432
3 3434 3433 3432
3 3434 3432 3431
3 3436 3435 3433
3 3436 3433 3434
3 3438 3437 3435
3 3438 3435 3436
3 3440 3439 3437
3 3440 3437 3438
3 3442 3441 3439
3 3442 3439 3440
3 3441 3442 3405
3 3403 3441 3405
3 3443 3441 3403
3 2821 3443 2820
3 3443 3406 2820
3 3443 3403 3406
3 2820 3406 2822
3 3406 3444 2822
3 3406 3408 3444
3 3445 3408 3410
3 3444 3408 3445
3 3446 3410 3412
3 3445 3410 3446
3 3412 3414 3447
3 3412 3447 3446
3 3448 3416 3415
3 3448 3415 3418
3 3449 3420 3419
3 3449 3419 2816
3 2823 3449 2816
3 3450 3449 2823
3 3452 3450 3451
3 3450 2824 3451
3 3450 2823 2824
3 2825 3451 2824
3 3454 3453 2828
3 2828 3453 2827
3 3455 2828 2829
3 3455 3454 2828
3 3456 2829 2831
3 3456 3455 2829
3 2831 2833 3456
3 3456 2833 3457
3 3421 2834 2818
3 2836 2834 3421
3 3423 2836 3421
3 3458 2836 3423
3 3459 3425 3426
3 3461 3460 3459
3 3426 3461 3459
3 3427 3461 3426
3 2839 3461 2838
3 3461 3428 2838
3 3461 3427 3428
3 2838 3428 2841
3 2841 3428 3429
3 2841 3429 2842
3 3429 3462 2842
3 3429 3430 3462
3 3432 3464 3463
3 3462 3432 3463
3 3430 3432 3462
3 3464 3432 3433
3 3464 3433 3465
3 3465 3433 3435
3 3465 3435 3466
3 3466 3435 3437
3 3466 3437 3467
3 3467 3437 3439
3 3467 3439 3468
3 3468 3439 3441
3 3468 3441 3469
3 3471 3470 3469
3 3441 3471 3469
3 3443 3471 3441
3 2843 3472 2821
3 3472 3443 2821
3 3472 3471 3443
3 2822 3444 2843
3 3444 3472 2843
3 3444 3473 3472
3 3474 3444 3445
3 3473 3444 3474
3 3475 3445 3446
3 3474 3445 3475
3 3446 3447 3476
3 3477 3446 3476
3 3475 3446 3477
3 3478 3477 3476
3 3479 3452 3451
3 3479 3451 2825
3 2844 3479 2825
3 3480 3479 2844
3 3481 2844 2845
3 3481 3480 2844
3 3482 2845 2846
3 3482 3481 2845
3 3483 2846 2847
3 3483 3482 2846
3 3484 2847 2848
3 3484 3483 2847
3 3485 2848 2849
3 3485 3484 2848
3 3487 3485 3486
3 3485 2850 3486
3 3485 2849 2850
3 3486 2850 3488
3 2850 3489 3488
3 2850 2852 3489
3 2852 2827 3453
3 2852 3453 3489
3 2833 2853 3490
3 3491 2833 3490
3 3457 2833 3491
3 3493 3492 2856
3 2856 3492 2855
3 2856 2857 3493
3 3493 2857 3494
3 3458 2859 2836
3 3495 2859 3458
3 3460 3461 3496
3 3460 3496 3497
3 2861 3496 2839
3 2839 3496 3461
3 3498 2863 3462
3 3462 2863 2842
3 3462 3463 3499
3 3462 3499 3498
3 3500 3470 3471
3 3500 3471 3472
3 3500 3472 3501
3 3503 3502 3501
3 3472 3503 3501
3 3473 3503 3472
3 3504 3473 3474
3 3503 3473 3504
3 3505 3474 3475
3 3504 3474 3505
3 3506 3475 3477
3 3505 3475 3506
3 3477 3478 3507
3 3508 3477 3507
3 3506 3477 3508
3 3509 3508 3507
3 3510 3487 3486
3 3510 3486 3488
3 3511 3491 3490
3 3513 3512 2865
3 2865 3512 2864
3 2865 2855 3492
3 2865 3492 3513
3 3514 3494 2857
3 3514 2857 2866
3 2866 2867 3514
3 3514 2867 3515
3 3516 2868 2869
3 3517 3516 2869
3 2859 3517 2869
3 3495 3517 2859
3 3497 3496 3518
3 3497 3518 3519
3 2871 3518 2861
3 2861 3518 3496
3 3520 2872 2873
3 2863 3498 2873
3 3498 3520 2873
3 3498 3521 3520
3 3498 3499 3522
3 3498 3522 3521
3 3523 3502 3503
3 3525 3524 3523
3 3503 3525 3523
3 3504 3525 3503
3 3526 3504 3505
3 3525 3504 3526
3 3527 3505 3506
3 3526 3505 3527
3 3528 3506 3508
3 3527 3506 3528
3 3508 3509 3529
3 3530 3508 3529
3 3528 3508 3530
3 3531 3530 3529
3 3533 3532 2875
3 2875 3532 2874
3 2875 2864 3512
3 2875 3512 3533
3 2867 2876 3534
3 3535 2867 3534
3 3515 2867 3535
3 2878 3534 2876
3 3537 3536 2880
3 2880 3536 2879
3 2880 2868 3516
3 3538 2880 3516
3 3537 2880 3538
3 3538 3516 3517
3 3519 3518 3539
3 3519 3539 3540
3 2882 3539 2871
3 2871 3539 3518
3 3541 2883 3520
3 3520 2883 2872
3 3521 3543 3542
3 3541 3521 3542
3 3520 3521 3541
3 3543 3521 3522
3 3544 3524 3525
3 3546 3545 3544
3 3525 3546 3544
3 3526 3546 3525
3 3547 3526 3527
3 3546 3526 3547
3 3548 3527 3528
3 3547 3527 3548
3 3549 3528 3530
3 3548 3528 3549
3 3530 3531 3550
3 3551 3530 3550
3 3549 3530 3551
3 3552 3551 3550
3 3555 3554 3553
3 3557 3556 2885
3 2885 3556 2884
3 2885 2874 3532
3 2885 3532 3557
3 3535 3534 2886
3 2887 3535 2886
3 3558 3535 2887
3 2886 3534 2878
3 3559 2889 2890
3 3559 2890 3560
3 2890 3561 3560
3 2890 2891 3561
3 3562 2891 2893
3 3562 3561 2891
3 2893 2879 3536
3 2893 3536 3562
3 3540 3539 3563
3 3540 3563 3564
3 2894 3565 2882
3 3565 3539 2882
3 3565 3563 3539
3 2883 3541 2894
3 3541 3565 2894
3 3541 3566 3565
3 3541 3542 3567
3 3541 3567 3566
3 3568 3545 3546
3 3570 3569 3568
3 3546 3570 3568
3 3547 3570 3546
3 3571 3547 3548
3 3570 3547 3571
3 3572 3548 3549
3 3571 3548 3572
3 3573 3549 3551
3 3572 3549 3573
3 3551 3552 3574
3 3551 3574 3573
3 3577 3576 3575
3 3578 3575 3576
3 3555 3553 2895
3 2896 3555 2895
3 3579 3555 2896
3 3581 3580 2898
3 2898 3580 2897
3 2898 2884 3556
3 2898 3556 3581
3 3584 3583 3582
3 2899 2900 3582
3 3583 2899 3582
3 3585 2899 3583
3 3587 3586 2902
3 2899 3587 2902
3 3585 3587 2899
3 3589 3588 3586
3 3589 3586 3587
3 3589 3558 3588
3 3558 2904 3588
3 3558 2887 2904
3 3590 2905 3559
3 3559 2905 2889
3 3559 3560 3591
3 3559 3591 3590
3 3594 3593 3592
3 3595 3592 3593
3 3596 3564 3563
3 3598 3597 3596
3 3563 3598 3596
3 3565 3598 3563
3 3599 3565 3566
3 3598 3565 3599
3 3566 3567 3600
3 3601 3566 3600
3 3599 3566 3601
3 3602 3601 3600
3 3603 3569 3570
3 3605 3604 3603
3 3570 3605 3603
3 3571 3605 3570
3 3606 3571 3572
3 3605 3571 3606
3 3607 3572 3573
3 3606 3572 3607
3 3573 3574 3608
3 3573 3608 3607
3 3577 3575 3609
3 3577 3609 3610
3 3575 3578 3611
3 3575 3611 3609
3 2896 2906 3612
3 3613 2896 3612
3 3579 2896 3613
3 3615 3614 2909
3 2909 3614 2908
3 2909 2897 3580
3 2909 3580 3615
3 3618 3617 3616
3 3616 3617 3584
3 3616 3584 3582
3 2911 3616 3582
3 2910 2911 3582
3 2910 3582 2900
3 3586 2912 2902
3 2912 3586 2913
3 2913 3586 3588
3 2913 3588 2904
3 3619 2914 3590
3 3590 2914 2905
3 3590 3591 3620
3 3590 3620 3619
3 3621 3594 3592
3 3621 3592 3595
3 3597 3598 3622
3 3597 3622 3623
3 2917 3622 2916
3 3622 3599 2916
3 3622 3598 3599
3 2916 3599 2918
3 3599 3624 2918
3 3599 3601 3624
3 3601 3602 3625
3 3601 3625 3624
3 3604 3605 3626
3 3604 3626 3627
3 3628 3605 3606
3 3626 3605 3628
3 3629 3606 3607
3 3628 3606 3629
3 3607 3608 3630
3 3607 3630 3629
3 3631 3610 3609
3 3631 3609 3611
3 3613 3612 3632
3 3613 3632 3633
3 3635 3634 2920
3 2920 3634 2919
3 2920 2908 3614
3 2920 3614 3635
3 3638 3637 3636
3 3636 3637 3618
3 3636 3618 3616
3 2922 3636 3616
3 2921 2922 3616
3 2921 3616 2911
3 3639 2924 3619
3 3619 2924 2914
3 3619 3620 3640
3 3619 3640 3639
3 3623 3622 3641
3 3623 3641 3642
3 2926 3641 2917
3 2917 3641 3622
3 3643 2927 3624
3 3624 2927 2918
3 3624 3625 3644
3 3624 3644 3643
3 3627 3626 3645
3 3627 3645 3646
3 3647 3626 3628
3 3645 3626 3647
3 3629 3649 3648
3 3647 3629 3648
3 3628 3629 3647
3 3649 3629 3630
3 3652 3651 3650
3 3650 3651 3633
3 3632 3650 3633
3 3653 3650 3632
3 3655 3654 2929
3 2929 3654 2928
3 2929 2919 3634
3 2929 3634 3655
3 3638 3636 2930
3 2931 3638 2930
3 3656 3638 2931
3 2930 3636 2922
3 3639 2932 2924
3 2933 2932 3639
3 3640 2933 3639
3 3657 2933 3640
3 3642 3641 3658
3 3642 3658 3659
3 2935 3658 2926
3 2926 3658 3641
3 3660 2936 3643
3 3643 2936 2927
3 3643 3644 3661
3 3662 3643 3661
3 3660 3643 3662
3 3663 3662 3661
3 3646 3645 3664
3 3646 3664 3665
3 3666 3645 3647
3 3664 3645 3666
3 3647 3648 3667
3 3647 3667 3666
3 3670 3669 3668
3 3668 3669 3652
3 3650 3668 3652
3 3671 3668 3650
3 3672 3650 3653
3 3671 3650 3672
3 3674 3673 2938
3 2938 3673 2937
3 2938 2928 3654
3 2938 3654 3674
3 2939 3656 2931
3 2939 3675 3656
3 3657 2940 2933
3 3676 2940 3657
3 3659 3658 3677
3 3659 3677 3678
3 2942 3677 2935
3 2935 3677 3658
3 3660 2943 2936
3 2943 3660 2945
3 3660 3679 2945
3 3660 3662 3679
3 3662 3663 3680
3 3681 3662 3680
3 3679 3662 3681
3 3682 3681 3680
3 3685 3684 3683
3 3683 3684 3665
3 3664 3683 3665
3 3686 3683 3664
3 3666 3688 3687
3 3686 3666 3687
3 3664 3666 3686
3 3688 3666 3667
3 3691 3690 3689
3 3689 3690 3670
3 3668 3689 3670
3 3692 3689 3668
3 2947 3692 2946
3 3692 3671 2946
3 3692 3668 3671
3 2946 3671 2948
3 2948 3671 3672
3 3693 2949 2950
3 3694 3693 2950
3 2937 3694 2950
3 3673 3694 2937
3 2951 3675 2939
3 2951 3695 3675
3 3676 2952 2940
3 3696 2952 3676
3 3678 3677 3697
3 3678 3697 3698
3 2953 3699 2942
3 3699 3677 2942
3 3699 3697 3677
3 2954 3699 2953
3 3679 2956 2945
3 2956 3679 2958
3 3679 3700 2958
3 3679 3681 3700
3 3681 3682 3701
3 3702 3681 3701
3 3700 3681 3702
3 3703 3702 3701
3 3706 3705 3704
3 3704 3705 3685
3 3683 3704 3685
3 3707 3704 3683
3 3686 3709 3708
3 3707 3686 3708
3 3683 3686 3707
3 3709 3686 3687
3 3712 3711 3710
3 3710 3711 3691
3 3689 3710 3691
3 3713 3710 3689
3 2960 3713 2959
3 3713 3692 2959
3 3713 3689 3692
3 2959 3692 2947
3 3714 2962 3693
3 3693 2962 2949
3 3693 3694 3715
3 3693 3715 3714
3 3718 3717 3716
3 3717 3695 3716
3 3695 2963 3716
3 3695 2951 2963
3 3720 3719 2965
3 2965 3719 2964
3 2965 2952 3696
3 2965 3696 3720
3 3698 3697 3721
3 3698 3721 3722
3 3723 3697 3699
3 3721 3697 3723
3 2967 3723 2954
3 2954 3723 3699
3 3700 2969 2958
3 2969 3700 2971
3 3700 3724 2971
3 3700 3702 3724
3 3702 3703 3725
3 3726 3702 3725
3 3724 3702 3726
3 3728 3727 3726
3 3728 3726 3725
3 3729 3727 3728
3 3732 3731 3730
3 3733 3730 3731
3 3706 3704 3734
3 3706 3734 3735
3 3707 3737 3736
3 3734 3707 3736
3 3704 3707 3734
3 3737 3707 3708
3 3740 3739 3738
3 3742 3741 3738
3 3742 3738 3739
3 3743 3741 3742
3 3712 3710 3744
3 3712 3744 3745
3 2974 3744 2973
3 3744 3713 2973
3 3744 3710 3713
3 2973 3713 2960
3 3746 2977 3714
3 3714 2977 2962
3 3714 3715 3747
3 3714 3747 3746
3 3718 3716 2978
3 2979 3718 2978
3 3748 3718 2979
3 2978 3716 2963
3 3719 2980 2964
3 3749 2980 3719
3 3722 3721 3750
3 3722 3750 3751
3 3752 3721 3723
3 3750 3721 3752
3 2981 3753 2967
3 3753 3723 2967
3 3753 3752 3723
3 2982 3754 2981
3 2981 3754 3753
3 2983 3754 2982
3 3724 2985 2971
3 2985 3724 2988
3 2988 3724 3726
3 2988 3726 2989
3 3726 3755 2989
3 3726 3727 3755
3 3727 3729 3756
3 3757 3727 3756
3 3755 3727 3757
3 3759 3758 3757
3 3759 3757 3756
3 3761 3760 3758
3 3761 3758 3759
3 3760 3761 3732
3 3730 3760 3732
3 3762 3760 3730
3 3730 3733 3763
3 3730 3763 3762
3 3764 3735 3734
3 3764 3734 3736
3 3767 3766 3765
3 3765 3766 3740
3 3738 3765 3740
3 3768 3765 3738
3 3769 3738 3741
3 3768 3738 3769
3 3741 3743 3770
3 3741 3770 3769
3 3773 3772 3771
3 3774 3771 3772
3 3745 3744 2991
3 2992 3745 2991
3 3775 3745 2992
3 2991 3744 2974
3 3776 2996 3746
3 3746 2996 2977
3 3746 3747 3777
3 3746 3777 3776
3 2997 3748 2979
3 2997 3778 3748
3 3780 3779 3000
3 3000 3779 2999
3 3000 2980 3749
3 3000 3749 3780
3 3751 3750 3781
3 3751 3781 3782
3 3783 3750 3752
3 3781 3750 3783
3 3784 3752 3753
3 3783 3752 3784
3 3785 3753 3754
3 3784 3753 3785
3 3001 3786 2983
3 3786 3754 2983
3 3786 3785 3754
3 3002 3787 3001
3 3001 3787 3786
3 3003 3788 3002
3 3002 3788 3787
3 2989 3755 3003
3 3755 3788 3003
3 3755 3789 3788
3 3790 3755 3757
3 3789 3755 3790
3 3791 3757 3758
3 3790 3757 3791
3 3792 3758 3760
3 3791 3758 3792
3 3793 3760 3762
3 3792 3760 3793
3 3762 3763 3794
3 3795 3762 3794
3 3793 3762 3795
3 3796 3795 3794
3 3799 3798 3797
3 3800 3797 3798
3 3803 3802 3801
3 3801 3802 3767
3 3765 3801 3767
3 3804 3801 3765
3 3805 3765 3768
3 3804 3765 3805
3 3806 3768 3769
3 3805 3768 3806
3 3769 3770 3807
3 3769 3807 3806
3 3773 3771 3808
3 3773 3808 3809
3 3771 3774 3810
3 3811 3771 3810
3 3808 3771 3811
3 3813 3812 3811
3 3813 3811 3810
3 3813 3775 3812
3 3775 3005 3812
3 3775 2992 3005
3 3814 3009 3010
3 2996 3776 3010
3 3776 3814 3010
3 3776 3815 3814
3 3776 3777 3816
3 3776 3816 3815
3 3817 3778 2997
3 3817 2997 3011
3 3011 3012 3817
3 3817 3012 3818
3 3820 3013 3819
3 3013 3779 3819
3 3013 2999 3779
3 3821 3820 3819
3 3822 3782 3781
3 3822 3781 3783
3 3822 3783 3823
3 3825 3824 3823
3 3783 3825 3823
3 3784 3825 3783
3 3826 3784 3785
3 3825 3784 3826
3 3786 3828 3827
3 3826 3786 3827
3 3785 3786 3826
3 3830 3829 3828
3 3786 3830 3828
3 3787 3830 3786
3 3831 3787 3788
3 3830 3787 3831
3 3832 3788 3789
3 3831 3788 3832
3 3790 3834 3833
3 3832 3790 3833
3 3789 3790 3832
3 3834 3790 3791
3 3834 3791 3835
3 3837 3836 3835
3 3791 3837 3835
3 3792 3837 3791
3 3838 3792 3793
3 3837 3792 3838
3 3839 3793 3795
3 3838 3793 3839
3 3795 3796 3840
3 3841 3795 3840
3 3839 3795 3841
3 3843 3842 3841
3 3843 3841 3840
3 3845 3844 3842
3 3845 3842 3843
3 3844 3845 3799
3 3797 3844 3799
3 3846 3844 3797
3 3797 3800 3847
3 3848 3797 3847
3 3846 3797 3848
3 3848 3847 3803
3 3801 3848 3803
3 3849 3848 3801
3 3850 3801 3804
3 3849 3801 3850
3 3851 3804 3805
3 3850 3804 3851
3 3852 3805 3806
3 3851 3805 3852
3 3806 3807 3853
3 3854 3806 3853
3 3852 3806 3854
3 3856 3855 3854
3 3856 3854 3853
3 3855 3856 3809
3 3808 3855 3809
3 3857 3855 3808
3 3858 3808 3811
3 3857 3808 3858
3 3016 3858 3015
3 3858 3812 3015
3 3858 3811 3812
3 3015 3812 3005
3 3859 3020 3021
3 3009 3814 3021
3 3814 3859 3021
3 3814 3860 3859
3 3815 3862 3861
3 3860 3815 3861
3 3814 3815 3860
3 3862 3815 3816
3 3022 3818 3012
3 3022 3863 3818
3 3864 3023 3820
3 3820 3023 3013
3 3820 3821 3865
3 3820 3865 3864
3 3868 3867 3866
3 3866 3867 3824
3 3825 3866 3824
3 3869 3866 3825
3 3870 3825 3826
3 3869 3825 3870
3 3826 3827 3871
3 3826 3871 3870
3 3872 3829 3830
3 3874 3873 3872
3 3830 3874 3872
3 3831 3874 3830
3 3875 3831 3832
3 3874 3831 3875
3 3832 3833 3876
3 3832 3876 3875
3 3877 3836 3837
3 3879 3878 3877
3 3837 3879 3877
3 3838 3879 3837
3 3880 3838 3839
3 3879 3838 3880
3 3881 3839 3841
3 3880 3839 3881
3 3882 3841 3842
3 3881 3841 3882
3 3883 3842 3844
3 3882 3842 3883
3 3884 3844 3846
3 3883 3844 3884
3 3885 3846 3848
3 3884 3846 3885
3 3886 3848 3849
3 3885 3848 3886
3 3887 3849 3850
3 3886 3849 3887
3 3888 3850 3851
3 3887 3850 3888
3 3852 3890 3889
3 3888 3852 3889
3 3851 3852 3888
3 3892 3891 3890
3 3852 3892 3890
3 3854 3892 3852
3 3893 3854 3855
3 3892 3854 3893
3 3894 3855 3857
3 3893 3855 3894
3 3895 3857 3858
3 3894 3857 3895
3 3024 3896 3016
3 3896 3858 3016
3 3896 3895 3858
3 3025 3896 3024
3 3897 3029 3859
3 3859 3029 3020
3 3898 3859 3860
3 3897 3859 3898
3 3860 3861 3899
3 3860 3899 3898
3 3030 3863 3022
3 3030 3900 3863
3 3901 3032 3864
3 3864 3032 3023
3 3864 3865 3902
3 3864 3902 3901
3 3905 3904 3903
3 3907 3906 3903
3 3907 3903 3904
3 3906 3907 3868
3 3866 3906 3868
3 3908 3906 3866
3 3909 3866 3869
3 3908 3866 3909
3 3910 3869 3870
3 3909 3869 3910
3 3870 3871 3911
3 3870 3911 3910
3 3873 3874 3912
3 3873 3912 3913
3 3914 3874 3875
3 3912 3874 3914
3 3875 3876 3915
3 3875 3915 3914
3 3878 3879 3916
3 3878 3916 3917
3 3918 3879 3880
3 3916 3879 3918
3 3919 3880 3881
3 3918 3880 3919
3 3920 3881 3882
3 3919 3881 3920
3 3883 3922 3921
3 3920 3883 3921
3 3882 3883 3920
3 3924 3923 3922
3 3883 3924 3922
3 3884 3924 3883
3 3925 3884 3885
3 3924 3884 3925
3 3926 3885 3886
3 3925 3885 3926
3 3927 3886 3887
3 3926 3886 3927
3 3928 3887 3888
3 3927 3887 3928
3 3888 3889 3929
3 3888 3929 3928
3 3930 3891 3892
3 3932 3931 3930
3 3892 3932 3930
3 3893 3932 3892
3 3933 3893 3894
3 3932 3893 3933
3 3934 3894 3895
3 3933 3894 3934
3 3935 3895 3896
3 3934 3895 3935
3 3033 3936 3025
3 3936 3896 3025
3 3936 3935 3896
3 3034 3936 3033
3 3937 3035 3036
3 3037 3938 3036
3 3036 3938 3937
3 3038 3939 3037
3 3037 3939 3938
3 3029 3897 3038
3 3897 3939 3038
3 3897 3940 3939
3 3898 3942 3941
3 3940 3898 3941
3 3897 3898 3940
3 3942 3898 3899
3 3039 3900 3030
3 3039 3943 3900
3 3945 3944 3901
3 3944 3032 3901
3 3944 3041 3032
3 3945 3901 3902
3 3948 3947 3946
3 3949 3946 3947
3 3952 3951 3950
3 3954 3953 3950
3 3954 3950 3951
3 3955 3953 3954
3 3956 3905 3903
3 3958 3957 3956
3 3903 3958 3956
3 3906 3958 3903
3 3959 3906 3908
3 3958 3906 3959
3 3960 3908 3909
3 3959 3908 3960
3 3961 3909 3910
3 3960 3909 3961
3 3910 3911 3962
3 3963 3910 3962
3 3961 3910 3963
3 3964 3963 3962
3 3965 3913 3912
3 3967 3966 3965
3 3912 3967 3965
3 3914 3967 3912
3 3914 3915 3968
3 3969 3914 3968
3 3967 3914 3969
3 3970 3969 3968
3 3971 3917 3916
3 3973 3972 3971
3 3916 3973 3971
3 3918 3973 3916
3 3974 3918 3919
3 3973 3918 3974
3 3975 3919 3920
3 3974 3919 3975
3 3920 3921 3976
3 3920 3976 3975
3 3977 3923 3924
3 3979 3978 3977
3 3924 3979 3977
3 3925 3979 3924
3 3980 3925 3926
3 3979 3925 3980
3 3981 3926 3927
3 3980 3926 3981
3 3982 3927 3928
3 3981 3927 3982
3 3928 3929 3983
3 3984 3928 3983
3 3982 3928 3984
3 3985 3984 3983
3 3931 3932 3986
3 3931 3986 3987
3 3988 3932 3933
3 3986 3932 3988
3 3989 3933 3934
3 3988 3933 3989
3 3044 3989 3043
3 3989 3935 3043
3 3989 3934 3935
3 3043 3935 3046
3 3046 3935 3936
3 3046 3936 3034
3 3991 3990 3937
3 3990 3035 3937
3 3990 3047 3035
3 3991 3937 3938
3 3991 3938 3992
3 3994 3993 3992
3 3938 3994 3992
3 3939 3994 3938
3 3995 3939 3940
3 3994 3939 3995
3 3940 3941 3996
3 3940 3996 3995
3 3048 3943 3039
3 3048 3997 3943
3 3999 3998 3051
3 3051 3998 3050
3 4000 3051 3052
3 4000 3999 3051
3 3052 3041 3944
3 3052 3944 4000
3 3948 3946 4001
3 3948 4001 4002
3 3946 3949 4003
3 4004 3946 4003
3 4001 3946 4004
3 4004 4003 3952
3 3950 4004 3952
3 4005 4004 3950
3 4006 3950 3953
3 4005 3950 4006
3 3953 3955 4007
3 3953 4007 4006
3 4008 3957 3958
3 4010 4009 4008
3 3958 4010 4008
3 3959 4010 3958
3 3061 4010 3060
3 4010 3960 3060
3 4010 3959 3960
3 3060 3960 3062
3 3960 4011 3062
3 3960 3961 4011
3 4012 3961 3963
3 4011 3961 4012
3 3963 3964 4013
3 4014 3963 4013
3 4012 3963 4014
3 4015 4014 4013
3 4016 3966 3967
3 4018 4017 4016
3 3967 4018 4016
3 3969 4018 3967
3 3969 3970 4019
3 3969 4019 4018
3 4020 3972 3973
3 4020 3973 3974
3 4020 3974 4021
3 4021 3974 3975
3 4021 3975 4022
3 4022 3975 3976
3 4023 3978 3979
3 4023 3979 3980
3 4023 3980 4024
3 4026 4025 4024
3 3980 4026 4024
3 3981 4026 3980
3 4027 3981 3982
3 4026 3981 4027
3 4028 3982 3984
3 4027 3982 4028
3 3984 3985 4029
3 4030 3984 4029
3 4028 3984 4030
3 4030 4029 3987
3 3986 4030 3987
3 4031 4030 3986
3 4032 3986 3988
3 4031 3986 4032
3 3065 4032 3064
3 4032 3989 3064
3 4032 3988 3989
3 3064 3989 3044
3 3990 3068 3047
3 4033 3068 3990
3 4034 3993 3994
3 4034 3994 3995
3 4034 3995 4035
3 4035 3995 3996
3 3069 3997 3048
3 3069 4036 3997
3 3998 3070 3050
3 4037 3070 3998
3 4002 4001 4038
3 4002 4038 4039
3 3072 4038 3073
3 4038 4004 3073
3 4038 4001 4004
3 3073 4004 3074
3 3074 4004 4005
3 3074 4005 3075
3 4005 4040 3075
3 4005 4006 4040
3 4006 4007 4041
3 4006 4041 4040
3 4009 4010 3077
3 3078 4009 3077
3 4042 4009 3078
3 3077 4010 3061
3 4011 3080 3062
3 3080 4011 3081
3 4011 4043 3081
3 4011 4012 4043
3 4044 4012 4014
3 4043 4012 4044
3 4014 4015 4045
3 4014 4045 4044
3 4046 4017 4018
3 4046 4018 4019
3 4047 4025 4026
3 4049 4048 4047
3 4026 4049 4047
3 4027 4049 4026
3 3084 4049 3083
3 4049 4028 3083
3 4049 4027 4028
3 3083 4028 3085
3 4028 4050 3085
3 4028 4030 4050
3 4031 4052 4051
3 4050 4031 4051
3 4030 4031 4050
3 4054 4053 4052
3 4031 4054 4052
3 4032 4054 4031
3 3087 4054 3065
3 3065 4054 4032
3 4033 3089 3068
3 4055 3089 4033
3 3090 4036 3069
3 3090 4056 4036
3 4037 3091 3070
3 4057 3091 4037
3 4060 4059 4058
3 4058 4059 4039
3 4058 4039 4038
3 3093 4058 4038
3 3092 3093 4038
3 3092 4038 3072
3 4061 3095 3096
3 3075 4040 3096
3 4040 4061 3096
3 4040 4062 4061
3 4040 4041 4063
3 4040 4063 4062
3 4066 4065 4064
3 4065 4042 4064
3 4042 3097 4064
3 4042 3078 3097
3 4043 3098 3081
3 3098 4043 3099
3 3099 4043 4044
3 4068 4067 3100
3 4068 3100 3099
3 4045 4068 3099
3 4044 4045 3099
3 4070 4069 4067
3 4070 4067 4068
3 4072 4071 4069
3 4072 4069 4070
3 4074 4073 4071
3 4074 4071 4072
3 4075 4073 4074
3 4078 4077 4076
3 4080 4079 4076
3 4080 4076 4077
3 4082 4081 4079
3 4082 4079 4080
3 4083 4081 4082
3 4048 4049 4084
3 4048 4084 4085
3 3102 4084 3084
3 3084 4084 4049
3 4086 3103 4050
3 4050 3103 3085
3 4050 4051 4087
3 4050 4087 4086
3 4088 4053 4054
3 4054 3087 4088
3 3087 4089 4088
3 3087 3104 4089
3 4055 3106 3089
3 4090 3106 4055
3 3107 4056 3090
3 3107 4091 4056
3 4093 3108 4092
3 3108 4057 4092
3 3108 3091 4057
3 4094 4093 4092
3 4060 4058 3109
3 3110 4060 3109
3 4095 4060 3110
3 3109 4058 3093
3 4061 3111 3095
3 3111 4061 3112
3 4061 4096 3112
3 4061 4062 4096
3 4062 4063 4097
3 4098 4062 4097
3 4096 4062 4098
3 4100 4099 4098
3 4100 4098 4097
3 4101 4099 4100
3 4104 4103 4102
3 4106 4105 4102
3 4106 4102 4103
3 4105 4106 4066
3 4105 4066 4064
3 3114 4105 4064
3 3113 3114 4064
3 3113 4064 3097
3 4067 3115 3100
3 3115 4067 3116
3 3116 4067 4069
3 3116 4069 3118
3 3118 4069 4071
3 3118 4071 3119
3 4071 4107 3119
3 4071 4073 4107
3 4073 4075 4108
3 4109 4073 4108
3 4107 4073 4109
3 4110 4109 4108
3 4113 4112 4111
3 4111 4112 4078
3 4076 4111 4078
3 4114 4111 4076
3 4115 4076 4079
3 4114 4076 4115
3 4116 4079 4081
3 4115 4079 4116
3 4081 4083 4117
3 4118 4081 4117
3 4116 4081 4118
3 4120 4119 4118
3 4120 4118 4117
3 4121 4119 4120
3 4124 4123 4122
3 4122 4123 4085
3 4084 4122 4085
3 4125 4122 4084
3 3120 4126 3102
3 4126 4084 3102
3 4126 4125 4084
3 3103 4086 3120
3 4086 4126 3120
3 4086 4127 4126
3 4086 4087 4128
3 4129 4086 4128
3 4127 4086 4129
3 4131 4130 4129
3 4131 4129 4128
3 4131 4089 4130
3 4089 3121 4130
3 4089 3104 3121
3 4090 3122 3106
3 4132 3122 4090
3 3123 4091 3107
3 3123 4133 4091
3 4135 4134 4093
3 4134 3108 4093
3 4134 3124 3108
3 4135 4093 4094
3 4137 4136 3125
3 4137 3125 3126
3 3110 3125 4095
3 4095 3125 4136
3 4096 3127 3112
3 3127 4096 3128
3 3128 4096 4098
3 3128 4098 3129
3 3129 4098 4099
3 4101 4138 4099
3 4138 3129 4099
3 4138 3130 3129
3 4102 3131 4104
3 3131 4138 4104
3 3131 3130 4138
3 3131 4102 3132
3 3132 4102 4105
3 3132 4105 3114
3 4107 3133 3119
3 3133 4107 3135
3 3135 4107 4109
3 4110 4139 4109
3 4139 3135 4109
3 4139 3137 3135
3 4111 4140 3138
3 4139 4111 3138
3 3137 4139 3138
3 4113 4111 4139
3 4141 4111 4114
3 4140 4111 4141
3 4142 4114 4115
3 4141 4114 4142
3 4143 4115 4116
3 4142 4115 4143
3 4144 4116 4118
3 4143 4116 4144
3 4145 4118 4119
3 4144 4118 4145
3 4119 4121 4146
3 4147 4119 4146
3 4145 4119 4147
3 4147 4146 4124
3 4122 4147 4124
3 4148 4147 4122
3 4149 4122 4125
3 4148 4122 4149
3 3141 4149 3140
3 4149 4126 3140
3 4149 4125 4126
3 3140 4126 3142
3 3142 4126 4127
3 3142 4127 3143
3 3143 4127 4129
3 3143 4129 3144
3 3144 4129 4130
3 3144 4130 3121
3 4132 3145 3122
3 4150 3145 4132
3 3146 4133 3123
3 3146 4151 4133
3 4153 4152 3149
3 3149 4152 3148
3 3149 3124 4134
3 3149 4134 4153
3 3152 4137 3126
3 3152 4154 4137
3 4140 3153 3138
3 3153 4140 3154
3 4140 4155 3154
3 4140 4141 4155
3 3157 4155 3156
3 4155 4142 3156
3 4155 4141 4142
3 3156 4142 3158
3 4142 4156 3158
3 4142 4143 4156
3 4157 4143 4144
3 4156 4143 4157
3 3161 4157 3160
3 4157 4145 3160
3 4157 4144 4145
3 3160 4145 3162
3 4145 4158 3162
3 4145 4147 4158
3 3165 4158 3164
3 4158 4148 3164
3 4158 4147 4148
3 3164 4148 3166
3 3166 4148 4149
3 3166 4149 3141
3 4150 3167 3145
3 4159 3167 4150
3 4162 4161 4160
3 4164 4163 4160
3 4164 4160 4161
3 4165 4163 4164
3 3168 4151 3146
3 3168 4166 4151
3 4152 3170 3148
3 4167 3170 4152
3 3172 4154 3152
3 3172 4168 4154
3 4155 3173 3154
3 3176 3173 4169
3 3173 4155 4169
3 3157 3174 4169
3 3157 4169 4155
3 3174 3158 4169
3 3158 4156 4169
3 3178 3179 4169
3 3178 4169 4156
3 3178 4156 3181
3 3181 4156 4157
3 3181 4157 3161
3 4158 3182 3162
3 3182 4158 3165
3 4159 3183 3167
3 4170 3183 4159
3 4173 4172 4171
3 4175 4174 4171
3 4175 4171 4172
3 4174 4175 4162
3 4174 4162 4160
3 3185 4174 4160
3 3184 3185 4160
3 3184 4160 3187
3 4160 4176 3187
3 4160 4163 4176
3 4163 4165 4177
3 4178 4163 4177
3 4176 4163 4178
3 4179 4178 4177
3 4180 4166 3168
3 4180 3168 3189
3 3189 3191 4180
3 4180 3191 4181
3 4167 3193 3170
3 4182 3193 4167
3 3194 4168 3172
3 3194 4183 4168
3 4184 3196 4169
3 4169 3196 3176
3 3197 4184 3179
3 3179 4184 4169
3 4170 3198 3183
3 4185 3198 4170
3 4173 4171 3199
3 3200 4173 3199
3 4186 4173 3200
3 3199 4171 3201
3 3201 4171 4174
3 3201 4174 3185
3 4176 3202 3187
3 3202 4176 3203
3 3203 4176 4178
3 3205 3203 4178
3 4179 3205 4178
3 4187 3205 4179
3 3206 4189 4188
3 4181 3206 4188
3 3191 3206 4181
3 4189 4190 4188
3 4182 3207 3193
3 4191 3207 4182
3 4193 4192 3208
3 4193 3208 3209
3 3194 3208 4183
3 4183 3208 4192
3 4194 3211 4184
3 4184 3211 3196
3 3212 4194 3197
3 3197 4194 4184
3 4185 3213 3198
3 4195 3213 4185
3 4197 4196 3214
3 4197 3214 3215
3 3200 3214 4186
3 4186 3214 4196
3 4187 3217 3205
3 4198 3217 4187
3 3218 4189 3206
3 4199 4190 4189
3 3218 4199 4189
3 3219 4199 3218
3 4200 3219 3221
3 4200 4199 3219
3 4202 4200 4201
3 4200 3223 4201
3 4200 3221 3223
3 3225 3226 4203
3 4201 4203 3226
3 4203 4201 4191
3 3223 4191 4201
3 4191 3223 3207
3 3225 4204 3227
3 4203 4204 3225
3 3209 3227 4193
3 4193 3227 4204
3 4194 3228 3211
3 3228 4194 3212
3 4195 4205 3213
3 3213 4205 3229
3 3229 4206 3230
3 4205 4206 3229
3 3215 3230 4197
3 4197 3230 4206
3 4198 4207 3217
3 3217 4207 3231
3 3232 3231 4207
3 3232 4207 4208
3 4202 4201 3233
3 3234 4202 3233
3 4209 4202 3234
3 3233 4201 3226
3 4208 3235 3232
3 4210 3235 4208
3 4212 4211 3236
3 4212 3236 3237
3 3234 3236 4209
3 4209 3236 4211
3 4214 3239 4213
3 3239 4210 4213
3 3239 3235 4210
3 4215 4214 4213
3 3240 4212 3237
3 3240 4216 4212
3 4214 3241 3239
3 4218 4217 3242
3 4218 3242 3241
3 4215 4218 3241
3 4214 4215 3241
3 4220 4219 4217
3 4220 4217 4218
3 3243 3244 4219
3 4220 3243 4219
3 4221 3243 4220
3 3240 3243 4216
3 4216 3243 4221
3 4222 3245 3246
3 3247 4222 3246
3 4223 3249 4222
3 4222 3249 3245
3 3250 4223 3247
3 3247 4223 4222
3 4224 3251 3252
3 3254 4224 3252
3 4225 3257 4223
3 4223 3257 3249
3 3258 4226 3250
3 4226 4223 3250
3 4226 4225 4223
3 3259 4226 3258
3 4227 3261 4224
3 4224 3261 3251
3 3263 4227 3254
3 3254 4227 4224
3 4228 3266 3267
3 3269 4228 3267
3 4229 3272 4225
3 4225 3272 3257
3 4230 4225 4226
3 4229 4225 4230
3 3274 4230 3259
3 3259 4230 4226
3 4231 3275 3276
3 3261 4227 3276
3 4227 4231 3276
3 4227 4232 4231
3 3278 4232 3263
3 3263 4232 4227
3 4233 3281 4228
3 4228 3281 3266
3 3282 4234 3269
3 4234 4228 3269
3 4234 4233 4228
3 3283 4234 3282
3 4229 3286 3272
3 3286 4229 3288
3 4229 4235 3288
3 4229 4230 4235
3 3290 4235 3274
3 3274 4235 4230
3 4236 3293 3294
3 3295 4236 3294
3 4231 3296 3275
3 3296 4231 3298
3 4231 4237 3298
3 4231 4232 4237
3 3300 4237 3278
3 3278 4237 4232
3 4238 3303 4233
3 4233 3303 3281
3 4239 4233 4234
3 4238 4233 4239
3 3304 4240 3283
3 4240 4234 3283
3 4240 4239 4234
3 3305 4240 3304
3 4235 3308 3288
3 3308 4235 3290
3 4241 3311 3312
3 3313 4242 3312
3 3312 4242 4241
3 3293 4236 3313
3 4236 4242 3313
3 4236 4243 4242
3 3314 4244 3295
3 4244 4236 3295
3 4244 4243 4236
3 3315 4244 3314
3 4245 3317 4237
3 4237 3317 3298
3 3318 4246 3300
3 4246 4237 3300
3 4246 4245 4237
3 3319 4246 3318
3 4247 3321 3322
3 3303 4238 3322
3 4238 4247 3322
3 4238 4248 4247
3 4249 4238 4239
3 4248 4238 4249
3 4250 4239 4240
3 4249 4239 4250
3 3323 4251 3305
3 4251 4240 3305
3 4251 4250 4240
3 3324 4252 3323
3 3323 4252 4251
3 3325 4252 3324
3 4253 3327 3328
3 3311 4241 3328
3 4241 4253 3328
3 4241 4254 4253
3 4255 4241 4242
3 4254 4241 4255
3 4256 4242 4243
3 4255 4242 4256
3 4257 4243 4244
3 4256 4243 4257
3 3329 4257 3315
3 3315 4257 4244
3 4258 3331 4245
3 4245 3331 3317
3 4259 4245 4246
3 4258 4245 4259
3 3332 4260 3319
3 4260 4246 3319
3 4260 4259 4246
3 3321 4247 3332
3 4247 4260 3332
3 4247 4261 4260
3 4262 4247 4248
3 4261 4247 4262
3 4263 4248 4249
3 4262 4248 4263
3 4264 4249 4250
3 4263 4249 4264
3 4265 4250 4251
3 4264 4250 4265
3 4266 4251 4252
3 4265 4251 4266
3 3333 4267 3325
3 4267 4252 3325
3 4267 4266 4252
3 3327 4253 3333
3 4253 4267 3333
3 4253 4268 4267
3 4269 4253 4254
3 4268 4253 4269
3 4270 4254 4255
3 4269 4254 4270
3 4271 4255 4256
3 4270 4255 4271
3 3336 4271 3335
3 4271 4257 3335
3 4271 4256 4257
3 3335 4257 3329
3 4272 3337 3338
3 3331 4258 3338
3 4258 4272 3338
3 4258 4273 4272
3 4274 4258 4259
3 4273 4258 4274
3 4275 4259 4260
3 4274 4259 4275
3 4276 4260 4261
3 4275 4260 4276
3 4277 4261 4262
3 4276 4261 4277
3 4278 4262 4263
3 4277 4262 4278
3 4279 4263 4264
3 4278 4263 4279
3 4280 4264 4265
3 4279 4264 4280
3 4281 4265 4266
3 4280 4265 4281
3 4282 4266 4267
3 4281 4266 4282
3 4283 4267 4268
3 4282 4267 4283
3 4284 4268 4269
3 4283 4268 4284
3 4285 4269 4270
3 4284 4269 4285
3 3341 4285 3340
3 4285 4271 3340
3 4285 4270 4271
3 3340 4271 3336
3 4286 3342 3343
3 3337 4272 3343
3 4272 4286 3343
3 4272 4287 4286
3 4288 4272 4273
3 4287 4272 4288
3 4289 4273 4274
3 4288 4273 4289
3 4290 4274 4275
3 4289 4274 4290
3 4291 4275 4276
3 4290 4275 4291
3 4292 4276 4277
3 4291 4276 4292
3 4293 4277 4278
3 4292 4277 4293
3 4294 4278 4279
3 4293 4278 4294
3 4295 4279 4280
3 4294 4279 4295
3 4296 4280 4281
3 4295 4280 4296
3 4297 4281 4282
3 4296 4281 4297
3 4298 4282 4283
3 4297 4282 4298
3 4299 4283 4284
3 4298 4283 4299
3 4300 4284 4285
3 4299 4284 4300
3 3345 4300 3341
3 3341 4300 4285
3 4301 3346 3347
3 3348 4302 3347
3 3347 4302 4301
3 3349 4303 3348
3 3348 4303 4302
3 3350 4304 3349
3 3349 4304 4303
3 3342 4286 3350
3 4286 4304 3350
3 4286 4305 4304
3 4306 4286 4287
3 4305 4286 4306
3 4307 4287 4288
3 4306 4287 4307
3 4308 4288 4289
3 4307 4288 4308
3 4309 4289 4290
3 4308 4289 4309
3 4310 4290 4291
3 4309 4290 4310
3 4311 4291 4292
3 4310 4291 4311
3 4312 4292 4293
3 4311 4292 4312
3 4313 4293 4294
3 4312 4293 4313
3 4314 4294 4295
3 4313 4294 4314
3 4315 4295 4296
3 4314 4295 4315
3 4316 4296 4297
3 4315 4296 4316
3 4317 4297 4298
3 4316 4297 4317
3 4318 4298 4299
3 4317 4298 4318
3 4319 4299 4300
3 4318 4299 4319
3 3351 4320 3345
3 4320 4300 3345
3 4320 4319 4300
3 3352 4320 3351
3 4322 4321 3354
3 3354 4321 3353
3 4323 3354 3355
3 4323 4322 3354
3 3355 3346 4301
3 4324 3355 4301
3 4323 3355 4324
3 4324 4301 4302
3 4324 4302 4325
3 4325 4302 4303
3 4325 4303 4326
3 4328 4327 4326
3 4303 4328 4326
3 4304 4328 4303
3 4329 4304 4305
3 4328 4304 4329
3 4330 4305 4306
3 4329 4305 4330
3 4331 4306 4307
3 4330 4306 4331
3 4332 4307 4308
3 4331 4307 4332
3 4333 4308 4309
3 4332 4308 4333
3 4334 4309 4310
3 4333 4309 4334
3 4335 4310 4311
3 4334 4310 4335
3 4336 4311 4312
3 4335 4311 4336
3 4337 4312 4313
3 4336 4312 4337
3 4338 4313 4314
3 4337 4313 4338
3 4339 4314 4315
3 4338 4314 4339
3 4316 4341 4340
3 4339 4316 4340
3 4315 4316 4339
3 4343 4342 4341
3 4316 4343 4341
3 4317 4343 4316
3 4344 4317 4318
3 4343 4317 4344
3 4345 4318 4319
3 4344 4318 4345
3 4346 4319 4320
3 4345 4319 4346
3 3356 4347 3352
3 4347 4320 3352
3 4347 4346 4320
3 3358 4347 3356
3 4349 3359 4348
3 3359 4321 4348
3 3359 3353 4321
3 4351 4350 4349
3 4351 4349 4348
3 4353 4352 4350
3 4353 4350 4351
3 4355 4354 4352
3 4355 4352 4353
3 4356 4354 4355
3 4327 4328 4357
3 4327 4357 4358
3 4359 4328 4329
3 4357 4328 4359
3 4360 4329 4330
3 4359 4329 4360
3 4361 4330 4331
3 4360 4330 4361
3 4362 4331 4332
3 4361 4331 4362
3 4363 4332 4333
3 4362 4332 4363
3 4364 4333 4334
3 4363 4333 4364
3 4365 4334 4335
3 4364 4334 4365
3 4366 4335 4336
3 4365 4335 4366
3 4367 4336 4337
3 4366 4336 4367
3 4368 4337 4338
3 4367 4337 4368
3 4369 4338 4339
3 4368 4338 4369
3 4339 4340 4370
3 4339 4370 4369
3 4371 4342 4343
3 4373 4372 4371
3 4343 4373 4371
3 4344 4373 4343
3 4374 4344 4345
3 4373 4344 4374
3 4375 4345 4346
3 4374 4345 4375
3 4376 4346 4347
3 4375 4346 4376
3 4376 4347 3358
3 4377 4376 3358
3 3360 4377 3358
3 4378 4376 4377
3 4380 4377 4379
3 4377 3361 4379
3 4377 3360 3361
3 3362 4381 3361
3 3361 4381 4379
3 3363 4381 3362
3 4349 3364 3359
3 3364 4349 3367
3 3367 4349 4350
3 3367 4350 3369
3 3369 4350 4352
3 3369 4352 3370
3 4352 4382 3370
3 4352 4354 4382
3 4354 4356 4383
3 4384 4354 4383
3 4382 4354 4384
3 4384 4383 4358
3 4357 4384 4358
3 4385 4384 4357
3 4386 4357 4359
3 4385 4357 4386
3 4387 4359 4360
3 4386 4359 4387
3 4388 4360 4361
3 4387 4360 4388
3 4389 4361 4362
3 4388 4361 4389
3 4390 4362 4363
3 4389 4362 4390
3 4391 4363 4364
3 4390 4363 4391
3 4392 4364 4365
3 4391 4364 4392
3 4393 4365 4366
3 4392 4365 4393
3 4394 4366 4367
3 4393 4366 4394
3 4395 4367 4368
3 4394 4367 4395
3 4369 4397 4396
3 4395 4369 4396
3 4368 4369 4395
3 4397 4369 4370
3 4372 4373 4398
3 4372 4398 4399
3 4400 4373 4374
3 4398 4373 4400
3 4401 4374 4375
3 4400 4374 4401
3 4402 4375 4376
3 4401 4375 4402
3 4376 4378 4403
3 4404 4376 4403
3 4402 4376 4404
3 4404 4403 4380
3 4379 4404 4380
3 4405 4404 4379
3 4406 4379 4381
3 4405 4379 4406
3 3372 4406 3363
3 3363 4406 4381
3 4382 3374 3370
3 3374 4382 3376
3 3376 4382 4384
3 3376 4384 3377
3 4384 4407 3377
3 4384 4385 4407
3 4408 4385 4386
3 4407 4385 4408
3 4409 4386 4387
3 4408 4386 4409
3 4410 4387 4388
3 4409 4387 4410
3 4411 4388 4389
3 4410 4388 4411
3 3380 4411 3379
3 4411 4390 3379
3 4411 4389 4390
3 3379 4390 3382
3 3382 4390 4391
3 3382 4391 3384
3 3384 4391 4392
3 3384 4392 3385
3 4392 4412 3385
3 4392 4393 4412
3 4413 4393 4394
3 4412 4393 4413
3 4414 4394 4395
3 4413 4394 4414
3 4395 4396 4415
3 4416 4395 4415
3 4414 4395 4416
3 4417 4416 4415
3 4399 4398 4418
3 4399 4418 4419
3 4420 4398 4400
3 4418 4398 4420
3 4421 4400 4401
3 4420 4400 4421
3 4422 4401 4402
3 4421 4401 4422
3 4423 4402 4404
3 4422 4402 4423
3 4424 4404 4405
3 4423 4404 4424
3 4425 4405 4406
3 4424 4405 4425
3 3386 4426 3372
3 4426 4406 3372
3 4426 4425 4406
3 3388 4426 3386
3 4407 3390 3377
3 3390 4407 3391
3 4407 4427 3391
3 4407 4408 4427
3 4428 4408 4409
3 4427 4408 4428
3 4429 4409 4410
3 4428 4409 4429
3 3394 4429 3393
3 4429 4411 3393
3 4429 4410 4411
3 3393 4411 3380
3 4412 3398 3385
3 3398 4412 3401
3 3401 4412 4413
3 3401 4413 3402
3 4413 4430 3402
3 4413 4414 4430
3 4431 4414 4416
3 4430 4414 4431
3 4416 4417 4432
3 4433 4416 4432
3 4431 4416 4433
3 4435 4434 4433
3 4435 4433 4432
3 4434 4435 4419
3 4418 4434 4419
3 4436 4434 4418
3 4437 4418 4420
3 4436 4418 4437
3 3405 4437 3404
3 4437 4421 3404
3 4437 4420 4421
3 3404 4421 3407
3 3407 4421 4422
3 3407 4422 3409
3 3409 4422 4423
3 3409 4423 3411
3 3411 4423 4424
3 3411 4424 3413
3 3413 4424 4425
3 3413 4425 3414
3 4425 4438 3414
3 4425 4426 4438
3 3416 4438 3388
3 3388 4438 4426
3 4439 3418 3417
3 3420 4439 3417
3 4427 3422 3391
3 3422 4427 3423
3 4427 4440 3423
3 4427 4428 4440
3 4441 4428 4429
3 4440 4428 4441
3 3424 4442 3394
3 4442 4429 3394
3 4442 4441 4429
3 3425 4442 3424
3 4430 3431 3402
3 3431 4430 3434
3 3434 4430 4431
3 3434 4431 3436
3 3436 4431 4433
3 3436 4433 3438
3 3438 4433 4434
3 3438 4434 3440
3 3440 4434 4436
3 3440 4436 3442
3 3442 4436 4437
3 3442 4437 3405
3 4443 3447 4438
3 4438 3447 3414
3 3448 4444 3416
3 4444 4438 3416
3 4444 4443 4438
3 3418 4439 3448
3 4439 4444 3448
3 4439 4445 4444
3 3449 4446 3420
3 4446 4439 3420
3 4446 4445 4439
3 3450 4447 3449
3 3449 4447 4446
3 3452 4447 3450
3 4448 3453 3454
3 3455 4449 3454
3 3454 4449 4448
3 3456 4450 3455
3 3455 4450 4449
3 3457 4450 3456
3 4451 3458 4440
3 4440 3458 3423
3 4452 4440 4441
3 4451 4440 4452
3 4453 4441 4442
3 4452 4441 4453
3 3459 4454 3425
3 4454 4442 3425
3 4454 4453 4442
3 3460 4454 3459
3 4455 3463 3464
3 3465 4456 3464
3 3464 4456 4455
3 3466 4457 3465
3 3465 4457 4456
3 3467 4458 3466
3 3466 4458 4457
3 3468 4459 3467
3 3467 4459 4458
3 3469 4460 3468
3 3468 4460 4459
3 3470 4460 3469
3 4443 3476 3447
3 3476 4443 3478
3 4443 4461 3478
3 4443 4444 4461
3 4462 4444 4445
3 4461 4444 4462
3 4463 4445 4446
3 4462 4445 4463
3 4464 4446 4447
3 4463 4446 4464
3 3479 4465 3452
3 4465 4447 3452
3 4465 4464 4447
3 3480 4466 3479
3 3479 4466 4465
3 3481 4467 3480
3 3480 4467 4466
3 3482 4468 3481
3 3481 4468 4467
3 3483 4469 3482
3 3482 4469 4468
3 3484 4470 3483
3 3483 4470 4469
3 3485 4471 3484
3 3484 4471 4470
3 3487 4471 3485
3 4472 3488 3489
3 3453 4448 3489
3 4448 4472 3489
3 4448 4473 4472
3 4474 4448 4449
3 4473 4448 4474
3 4475 4449 4450
3 4474 4449 4475
3 3491 4475 3457
3 3457 4475 4450
3 4476 3492 3493
3 3494 4476 3493
3 4477 3495 4451
3 4451 3495 3458
3 4478 4451 4452
3 4477 4451 4478
3 4479 4452 4453
3 4478 4452 4479
3 4480 4453 4454
3 4479 4453 4480
3 3497 4480 3460
3 3460 4480 4454
3 4481 3499 4455
3 4455 3499 3463
3 4456 4483 4482
3 4481 4456 4482
3 4455 4456 4481
3 4483 4456 4457
3 4483 4457 4484
3 4484 4457 4458
3 4484 4458 4485
3 4485 4458 4459
3 4485 4459 4486
3 4486 4459 4460
3 4486 4460 4487
3 4489 4487 4488
3 4488 4487 3500
3 4487 4460 3500
3 4460 3470 3500
3 3501 4490 3500
3 3500 4490 4488
3 3502 4490 3501
3 4461 3507 3478
3 3507 4461 3509
3 4461 4491 3509
3 4461 4462 4491
3 4492 4462 4463
3 4491 4462 4492
3 4493 4463 4464
3 4492 4463 4493
3 4494 4464 4465
3 4493 4464 4494
3 4495 4465 4466
3 4494 4465 4495
3 4496 4466 4467
3 4495 4466 4496
3 4468 4498 4497
3 4496 4468 4497
3 4467 4468 4496
3 4498 4468 4469
3 4498 4469 4499
3 4501 4500 4499
3 4469 4501 4499
3 4470 4501 4469
3 4502 4470 4471
3 4501 4470 4502
3 3510 4503 3487
3 4503 4471 3487
3 4503 4502 4471
3 3488 4472 3510
3 4472 4503 3510
3 4472 4504 4503
3 4505 4472 4473
3 4504 4472 4505
3 4506 4473 4474
3 4505 4473 4506
3 4507 4474 4475
3 4506 4474 4507
3 3511 4508 3491
3 4508 4475 3491
3 4508 4507 4475
3 4510 4509 3513
3 3513 4509 3512
3 3513 3492 4476
3 4511 3513 4476
3 4510 3513 4511
3 4513 4511 4512
3 4512 4511 3514
3 4511 4476 3514
3 4476 3494 3514
3 3515 4512 3514
3 4514 3517 4477
3 4477 3517 3495
3 4515 4477 4478
3 4514 4477 4515
3 4516 4478 4479
3 4515 4478 4516
3 4517 4479 4480
3 4516 4479 4517
3 3519 4517 3497
3 3497 4517 4480
3 4519 4518 4481
3 4518 3499 4481
3 4518 3522 3499
3 4519 4481 4482
3 4522 4521 4520
3 4524 4523 4520
3 4524 4520 4521
3 4526 4525 4523
3 4526 4523 4524
3 4525 4526 4489
3 4488 4525 4489
3 4527 4525 4488
3 4528 4488 4490
3 4527 4488 4528
3 3523 4529 3502
3 4529 4490 3502
3 4529 4528 4490
3 3524 4529 3523
3 4491 3529 3509
3 3529 4491 3531
3 4491 4530 3531
3 4491 4492 4530
3 4531 4492 4493
3 4530 4492 4531
3 4532 4493 4494
3 4531 4493 4532
3 4533 4494 4495
3 4532 4494 4533
3 4534 4495 4496
3 4533 4495 4534
3 4496 4497 4535
3 4536 4496 4535
3 4534 4496 4536
3 4537 4536 4535
3 4538 4500 4501
3 4540 4539 4538
3 4501 4540 4538
3 4502 4540 4501
3 4541 4502 4503
3 4540 4502 4541
3 4542 4503 4504
3 4541 4503 4542
3 4543 4504 4505
3 4542 4504 4543
3 4506 4545 4544
3 4543 4506 4544
3 4505 4506 4543
3 4547 4546 4545
3 4506 4547 4545
3 4507 4547 4506
3 4548 4507 4508
3 4547 4507 4548
3 4550 4549 3533
3 3533 4549 3532
3 3533 3512 4509
3 3533 4509 4550
3 4513 4512 4551
3 4513 4551 4552
3 3535 4551 3515
3 3515 4551 4512
3 4553 3536 3537
3 3538 4554 3537
3 3537 4554 4553
3 3517 4514 3538
3 4514 4554 3538
3 4514 4555 4554
3 4556 4514 4515
3 4555 4514 4556
3 4557 4515 4516
3 4556 4515 4557
3 4558 4516 4517
3 4557 4516 4558
3 3540 4558 3519
3 3519 4558 4517
3 4559 3542 3543
3 4560 4559 3543
3 3522 4560 3543
3 4518 4560 3522
3 4563 4562 4561
3 4561 4562 4522
3 4520 4561 4522
3 4564 4561 4520
3 4565 4520 4523
3 4564 4520 4565
3 4566 4523 4525
3 4565 4523 4566
3 4567 4525 4527
3 4566 4525 4567
3 4568 4527 4528
3 4567 4527 4568
3 4569 4528 4529
3 4568 4528 4569
3 3544 4570 3524
3 4570 4529 3524
3 4570 4569 4529
3 3545 4570 3544
3 4530 3550 3531
3 3550 4530 3552
3 4530 4571 3552
3 4530 4531 4571
3 4572 4531 4532
3 4571 4531 4572
3 4573 4532 4533
3 4572 4532 4573
3 4574 4533 4534
3 4573 4533 4574
3 4575 4534 4536
3 4574 4534 4575
3 4536 4537 4576
3 4536 4576 4575
3 4577 4539 4540
3 4579 4578 4577
3 4540 4579 4577
3 4541 4579 4540
3 4580 4541 4542
3 4579 4541 4580
3 4543 4582 4581
3 4580 4543 4581
3 4542 4543 4580
3 4582 4543 4544
3 4546 4547 4583
3 4546 4583 4584
3 3555 4583 3554
3 4583 4548 3554
3 4583 4547 4548
3 4586 4585 3557
3 3557 4585 3556
3 4549 4587 3532
3 4587 4588 3532
3 4589 3532 4588
3 3532 4589 3557
3 4590 3557 4589
3 3557 4590 4587
3 4587 4586 3557
3 4549 4586 4587
3 4587 4590 4588
3 4592 4591 4589
3 4592 4589 4588
3 4594 4593 4591
3 4594 4591 4592
3 4593 4594 4552
3 4551 4593 4552
3 4595 4593 4551
3 3558 4595 3535
3 3535 4595 4551
3 4596 3560 3561
3 3562 4597 3561
3 3561 4597 4596
3 3536 4553 3562
3 4553 4597 3562
3 4553 4598 4597
3 4599 4553 4554
3 4598 4553 4599
3 4600 4554 4555
3 4599 4554 4600
3 4601 4555 4556
3 4600 4555 4601
3 4602 4556 4557
3 4601 4556 4602
3 4603 4557 4558
3 4602 4557 4603
3 3564 4603 3540
3 3540 4603 4558
3 4604 3567 4559
3 4559 3567 3542
3 4559 4560 4605
3 4559 4605 4604
3 4563 4561 4606
3 4563 4606 4607
3 4608 4561 4564
3 4606 4561 4608
3 4609 4564 4565
3 4608 4564 4609
3 4610 4565 4566
3 4609 4565 4610
3 4611 4566 4567
3 4610 4566 4611
3 4612 4567 4568
3 4611 4567 4612
3 4613 4568 4569
3 4612 4568 4613
3 4614 4569 4570
3 4613 4569 4614
3 3568 4615 3545
3 4615 4570 3545
3 4615 4614 4570
3 3569 4615 3568
3 4616 3574 4571
3 4571 3574 3552
3 4617 4571 4572
3 4616 4571 4617
3 4618 4572 4573
3 4617 4572 4618
3 3577 4618 3576
3 4618 4574 3576
3 4618 4573 4574
3 3576 4574 3578
3 4574 4619 3578
3 4574 4575 4619
3 4575 4576 4620
3 4621 4575 4620
3 4619 4575 4621
3 4623 4622 4621
3 4623 4621 4620
3 4625 4624 4622
3 4625 4622 4623
3 4624 4625 4578
3 4579 4624 4578
3 4626 4624 4579
3 4580 4628 4627
3 4626 4580 4627
3 4579 4580 4626
3 4628 4580 4581
3 4584 4583 4629
3 4584 4629 4630
3 3579 4629 3555
3 3555 4629 4583
3 4632 4631 3581
3 3581 4631 3580
3 4585 4633 3556
3 4633 4634 3556
3 4635 3556 4634
3 3556 4635 3581
3 4636 3581 4635
3 3581 4636 4633
3 4633 4632 3581
3 4585 4632 4633
3 4633 4636 4634
3 4635 4634 4590
3 4635 4590 4589
3 3584 4635 4589
3 3583 3584 4589
3 3583 4589 3585
3 3585 4589 4591
3 3585 4591 3587
3 3587 4591 4593
3 3587 4593 3589
3 3589 4593 4595
3 3589 4595 3558
3 4637 3591 4596
3 4596 3591 3560
3 4638 4596 4597
3 4637 4596 4638
3 4639 4597 4598
3 4638 4597 4639
3 3594 4639 3593
3 4639 4599 3593
3 4639 4598 4599
3 3593 4599 3595
3 4599 4640 3595
3 4599 4600 4640
3 4641 4600 4601
3 4640 4600 4641
3 4642 4601 4602
3 4641 4601 4642
3 4643 4602 4603
3 4642 4602 4643
3 3596 4644 3564
3 4644 4603 3564
3 4644 4643 4603
3 3597 4644 3596
3 4604 3600 3567
3 3602 3600 4604
3 4605 3602 4604
3 4645 3602 4605
3 4607 4606 4646
3 4607 4646 4647
3 4648 4606 4608
3 4646 4606 4648
3 4649 4608 4609
3 4648 4608 4649
3 4650 4609 4610
3 4649 4609 4650
3 4651 4610 4611
3 4650 4610 4651
3 4652 4611 4612
3 4651 4611 4652
3 4653 4612 4613
3 4652 4612 4653
3 4654 4613 4614
3 4653 4613 4654
3 4655 4614 4615
3 4654 4614 4655
3 3603 4656 3569
3 4656 4615 3569
3 4656 4655 4615
3 3604 4656 3603
3 4657 3608 4616
3 4616 3608 3574
3 4658 4616 4617
3 4657 4616 4658
3 4659 4617 4618
3 4658 4617 4659
3 3610 4659 3577
3 3577 4659 4618
3 4660 3611 4619
3 4619 3611 3578
3 4661 4619 4621
3 4660 4619 4661
3 4662 4621 4622
3 4661 4621 4662
3 4663 4622 4624
3 4662 4622 4663
3 4664 4624 4626
3 4663 4624 4664
3 4626 4627 4665
3 4626 4665 4664
3 4668 4667 4666
3 4666 4667 4630
3 4629 4666 4630
3 4669 4666 4629
3 3613 4669 3579
3 3579 4669 4629
3 4671 4670 3615
3 3615 4670 3614
3 4631 4672 3580
3 4672 4673 3580
3 4674 3580 4673
3 3580 4674 3615
3 4675 3615 4674
3 3615 4675 4672
3 4672 4671 3615
3 4631 4671 4672
3 4672 4675 4673
3 4674 4673 4636
3 4674 4636 4635
3 3618 4674 4635
3 3617 3618 4635
3 3617 4635 3584
3 4676 3620 4637
3 4637 3620 3591
3 4677 4637 4638
3 4676 4637 4677
3 4678 4638 4639
3 4677 4638 4678
3 3621 4679 3594
3 4679 4639 3594
3 4679 4678 4639
3 3595 4640 3621
3 4640 4679 3621
3 4640 4680 4679
3 4681 4640 4641
3 4680 4640 4681
3 4642 4683 4682
3 4681 4642 4682
3 4641 4642 4681
3 4685 4684 4683
3 4642 4685 4683
3 4643 4685 4642
3 4686 4643 4644
3 4685 4643 4686
3 3623 4686 3597
3 3597 4686 4644
3 4688 3625 4687
3 3625 4645 4687
3 3625 3602 4645
3 4689 4688 4687
3 4690 4647 4646
3 4692 4691 4690
3 4646 4692 4690
3 4648 4692 4646
3 4693 4648 4649
3 4692 4648 4693
3 4694 4649 4650
3 4693 4649 4694
3 4695 4650 4651
3 4694 4650 4695
3 4696 4651 4652
3 4695 4651 4696
3 4697 4652 4653
3 4696 4652 4697
3 4654 4699 4698
3 4697 4654 4698
3 4653 4654 4697
3 4699 4654 4655
3 4699 4655 4700
3 4702 4701 4700
3 4655 4702 4700
3 4656 4702 4655
3 3627 4702 3604
3 3604 4702 4656
3 4703 3630 4657
3 4657 3630 3608
3 4704 4657 4658
3 4703 4657 4704
3 4705 4658 4659
3 4704 4658 4705
3 3631 4706 3610
3 4706 4659 3610
3 4706 4705 4659
3 3611 4660 3631
3 4660 4706 3631
3 4660 4707 4706
3 4708 4660 4661
3 4707 4660 4708
3 4709 4661 4662
3 4708 4661 4709
3 4710 4662 4663
3 4709 4662 4710
3 4711 4663 4664
3 4710 4663 4711
3 4664 4665 4712
3 4713 4664 4712
3 4711 4664 4713
3 4715 4714 4713
3 4715 4713 4712
3 4714 4715 4668
3 4666 4714 4668
3 4716 4714 4666
3 4717 4666 4669
3 4716 4666 4717
3 3633 4717 3613
3 3613 4717 4669
3 4719 4718 3635
3 3635 4718 3634
3 4670 4720 3614
3 4720 4721 3614
3 4722 3614 4721
3 3614 4722 3635
3 4723 3635 4722
3 3635 4723 4720
3 4720 4719 3635
3 4670 4719 4720
3 4720 4723 4721
3 4722 4721 4675
3 4722 4675 4674
3 3638 4722 4674
3 3637 3638 4674
3 3637 4674 3618
3 4724 3640 4676
3 4676 3640 3620
3 4677 4726 4725
3 4724 4677 4725
3 4676 4677 4724
3 4728 4727 4726
3 4677 4728 4726
3 4678 4728 4677
3 4729 4678 4679
3 4728 4678 4729
3 4730 4679 4680
3 4729 4679 4730
3 4681 4732 4731
3 4730 4681 4731
3 4680 4681 4730
3 4732 4681 4682
3 4733 4684 4685
3 4735 4734 4733
3 4685 4735 4733
3 4686 4735 4685
3 3642 4735 3623
3 3623 4735 4686
3 4736 3644 4688
3 4688 3644 3625
3 4688 4689 4737
3 4738 4688 4737
3 4736 4688 4738
3 4739 4738 4737
3 4740 4691 4692
3 4740 4692 4693
3 4740 4693 4741
3 4741 4693 4694
3 4741 4694 4742
3 4742 4694 4695
3 4742 4695 4743
3 4743 4695 4696
3 4743 4696 4744
3 4744 4696 4697
3 4744 4697 4745
3 4745 4697 4698
3 4701 4702 4746
3 4701 4746 4747
3 3646 4746 3627
3 3627 4746 4702
3 4748 3648 3649
3 3630 4703 3649
3 4703 4748 3649
3 4703 4749 4748
3 4750 4703 4704
3 4749 4703 4750
3 4751 4704 4705
3 4750 4704 4751
3 4752 4705 4706
3 4751 4705 4752
3 4753 4706 4707
3 4752 4706 4753
3 4754 4707 4708
3 4753 4707 4754
3 4755 4708 4709
3 4754 4708 4755
3 4756 4709 4710
3 4755 4709 4756
3 4757 4710 4711
3 4756 4710 4757
3 4758 4711 4713
3 4757 4711 4758
3 4759 4713 4714
3 4758 4713 4759
3 4760 4714 4716
3 4759 4714 4760
3 3652 4760 3651
3 4760 4717 3651
3 4760 4716 4717
3 3651 4717 3633
3 4762 4761 3655
3 3655 4761 3654
3 3655 3634 4718
3 3655 4718 4762
3 4723 4722 4763
3 4723 4763 4764
3 3656 4763 3638
3 3638 4763 4722
3 4765 3657 4724
3 4724 3657 3640
3 4724 4725 4766
3 4724 4766 4765
3 4767 4727 4728
3 4769 4768 4767
3 4728 4769 4767
3 4729 4769 4728
3 4770 4729 4730
3 4769 4729 4770
3 4730 4731 4771
3 4772 4730 4771
3 4770 4730 4772
3 4773 4772 4771
3 4734 4735 4774
3 4734 4774 4775
3 3659 4774 3642
3 3642 4774 4735
3 4736 3661 3644
3 3661 4736 3663
3 4736 4776 3663
3 4736 4738 4776
3 4738 4739 4777
3 4778 4738 4777
3 4776 4738 4778
3 4779 4778 4777
3 4782 4781 4780
3 4780 4781 4747
3 4746 4780 4747
3 4783 4780 4746
3 3665 4783 3646
3 3646 4783 4746
3 4784 3667 4748
3 4748 3667 3648
3 4785 4748 4749
3 4784 4748 4785
3 4786 4749 4750
3 4785 4749 4786
3 4787 4750 4751
3 4786 4750 4787
3 4788 4751 4752
3 4787 4751 4788
3 4789 4752 4753
3 4788 4752 4789
3 4790 4753 4754
3 4789 4753 4790
3 4791 4754 4755
3 4790 4754 4791
3 4792 4755 4756
3 4791 4755 4792
3 4793 4756 4757
3 4792 4756 4793
3 4794 4757 4758
3 4793 4757 4794
3 4795 4758 4759
3 4794 4758 4795
3 3670 4795 3669
3 4795 4760 3669
3 4795 4759 4760
3 3669 4760 3652
3 4796 3673 3674
3 4797 4796 3674
3 3654 4797 3674
3 4761 4797 3654
3 4764 4763 4798
3 4764 4798 4799
3 3675 4798 3656
3 3656 4798 4763
3 4800 3676 4765
3 4765 3676 3657
3 4765 4766 4801
3 4765 4801 4800
3 4802 4768 4769
3 4804 4803 4802
3 4769 4804 4802
3 4770 4804 4769
3 4805 4770 4772
3 4804 4770 4805
3 4772 4773 4806
3 4807 4772 4806
3 4805 4772 4807
3 4809 4808 4807
3 4809 4807 4806
3 4808 4809 4775
3 4774 4808 4775
3 4810 4808 4774
3 3678 4810 3659
3 3659 4810 4774
3 4776 3680 3663
3 3680 4776 3682
3 4776 4811 3682
3 4776 4778 4811
3 4778 4779 4812
3 4813 4778 4812
3 4811 4778 4813
3 4814 4813 4812
3 4817 4816 4815
3 4815 4816 4782
3 4780 4815 4782
3 4818 4815 4780
3 3685 4818 3684
3 4818 4783 3684
3 4818 4780 4783
3 3684 4783 3665
3 4819 3687 3688
3 3667 4784 3688
3 4784 4819 3688
3 4784 4820 4819
3 4821 4784 4785
3 4820 4784 4821
3 4822 4785 4786
3 4821 4785 4822
3 4823 4786 4787
3 4822 4786 4823
3 4824 4787 4788
3 4823 4787 4824
3 4825 4788 4789
3 4824 4788 4825
3 4826 4789 4790
3 4825 4789 4826
3 4827 4790 4791
3 4826 4790 4827
3 4828 4791 4792
3 4827 4791 4828
3 4829 4792 4793
3 4828 4792 4829
3 4830 4793 4794
3 4829 4793 4830
3 3691 4830 3690
3 4830 4795 3690
3 4830 4794 4795
3 3690 4795 3670
3 4831 3694 4796
3 4796 3694 3673
3 4796 4797 4832
3 4833 4796 4832
3 4831 4796 4833
3 4834 4833 4832
3 4799 4798 4835
3 4799 4835 4836
3 3695 4835 3675
3 3675 4835 4798
3 4837 3696 4800
3 4800 3696 3676
3 4800 4801 4838
3 4800 4838 4837
3 4803 4804 4839
3 4803 4839 4840
3 4841 4804 4805
3 4839 4804 4841
3 4842 4805 4807
3 4841 4805 4842
3 4843 4807 4808
3 4842 4807 4843
3 4844 4808 4810
3 4843 4808 4844
3 3698 4844 3678
3 3678 4844 4810
3 4811 3701 3682
3 3701 4811 3703
3 4811 4845 3703
3 4811 4813 4845
3 4813 4814 4846
3 4847 4813 4846
3 4845 4813 4847
3 4849 4848 4847
3 4849 4847 4846
3 4850 4848 4849
3 4853 4852 4851
3 4855 4854 4851
3 4855 4851 4852
3 4854 4855 4817
3 4815 4854 4817
3 4856 4854 4815
3 3706 4856 3705
3 4856 4818 3705
3 4856 4815 4818
3 3705 4818 3685
3 4857 3708 3709
3 3687 4819 3709
3 4819 4857 3709
3 4819 4858 4857
3 4859 4819 4820
3 4858 4819 4859
3 4860 4820 4821
3 4859 4820 4860
3 4861 4821 4822
3 4860 4821 4861
3 4862 4822 4823
3 4861 4822 4862
3 4863 4823 4824
3 4862 4823 4863
3 4864 4824 4825
3 4863 4824 4864
3 4865 4825 4826
3 4864 4825 4865
3 4866 4826 4827
3 4865 4826 4866
3 4867 4827 4828
3 4866 4827 4867
3 4868 4828 4829
3 4867 4828 4868
3 3712 4868 3711
3 4868 4830 3711
3 4868 4829 4830
3 3711 4830 3691
3 4869 3715 4831
3 4831 3715 3694
3 4870 4831 4833
3 4869 4831 4870
3 4833 4834 4871
3 4833 4871 4870
3 4836 4835 3717
3 3718 4836 3717
3 4872 4836 3718
3 3717 4835 3695
3 4873 3719 3720
3 4874 4873 3720
3 4874 3720 3696
3 4875 4874 3696
3 4837 4875 3696
3 4875 4837 4838
3 4876 4840 4839
3 4878 4877 4876
3 4839 4878 4876
3 4841 4878 4839
3 4879 4841 4842
3 4878 4841 4879
3 4880 4842 4843
3 4879 4842 4880
3 4881 4843 4844
3 4880 4843 4881
3 3722 4881 3698
3 3698 4881 4844
3 4845 3725 3703
3 3725 4845 3728
3 3728 4845 4847
3 3728 4847 3729
3 4847 4882 3729
3 4847 4848 4882
3 4848 4850 4883
3 4884 4848 4883
3 4882 4848 4884
3 4884 4883 4853
3 4851 4884 4853
3 4885 4884 4851
3 3732 4885 3731
3 4885 4854 3731
3 4885 4851 4854
3 3731 4854 3733
3 4854 4886 3733
3 4854 4856 4886
3 3735 4886 3706
3 3706 4886 4856
3 4887 3736 3737
3 3708 4857 3737
3 4857 4887 3737
3 4857 4888 4887
3 4889 4857 4858
3 4888 4857 4889
3 4890 4858 4859
3 4889 4858 4890
3 4891 4859 4860
3 4890 4859 4891
3 4892 4860 4861
3 4891 4860 4892
3 3740 4892 3739
3 4892 4862 3739
3 4892 4861 4862
3 3739 4862 3742
3 3742 4862 4863
3 3742 4863 3743
3 4863 4893 3743
3 4863 4864 4893
3 4894 4864 4865
3 4893 4864 4894
3 4895 4865 4866
3 4894 4865 4895
3 4896 4866 4867
3 4895 4866 4896
3 4897 4867 4868
3 4896 4867 4897
3 3745 4897 3712
3 3712 4897 4868
3 4898 3747 4869
3 4869 3747 3715
3 4870 4900 4899
3 4898 4870 4899
3 4869 4870 4898
3 4900 4870 4871
3 3748 4872 3718
3 3748 4901 4872
3 4903 4902 4873
3 4902 3719 4873
3 4902 3749 3719
3 4903 4873 4874
3 4906 4905 4904
3 4904 4905 4877
3 4878 4904 4877
3 4907 4904 4878
3 4908 4878 4879
3 4907 4878 4908
3 4909 4879 4880
3 4908 4879 4909
3 4910 4880 4881
3 4909 4880 4910
3 3751 4910 3722
3 3722 4910 4881
3 4882 3756 3729
3 3756 4882 3759
3 3759 4882 4884
3 3759 4884 3761
3 3761 4884 4885
3 3761 4885 3732
3 4911 3763 4886
3 4886 3763 3733
3 3764 4912 3735
3 4912 4886 3735
3 4912 4911 4886
3 3736 4887 3764
3 4887 4912 3764
3 4887 4913 4912
3 4914 4887 4888
3 4913 4887 4914
3 4915 4888 4889
3 4914 4888 4915
3 4916 4889 4890
3 4915 4889 4916
3 4917 4890 4891
3 4916 4890 4917
3 3767 4917 3766
3 4917 4892 3766
3 4917 4891 4892
3 3766 4892 3740
3 4918 3770 4893
3 4893 3770 3743
3 4919 4893 4894
3 4918 4893 4919
3 3773 4919 3772
3 4919 4895 3772
3 4919 4894 4895
3 3772 4895 3774
3 4895 4920 3774
3 4895 4896 4920
3 4921 4896 4897
3 4920 4896 4921
3 3775 4921 3745
3 3745 4921 4897
3 4922 3777 4898
3 4898 3777 3747
3 4898 4899 4923
3 4898 4923 4922
3 3778 4901 3748
3 3778 4924 4901
3 4925 3779 3780
3 4926 4925 3780
3 3749 4926 3780
3 4902 4926 3749
3 4906 4904 4927
3 4906 4927 4928
3 4929 4904 4907
3 4927 4904 4929
3 4930 4907 4908
3 4929 4907 4930
3 4931 4908 4909
3 4930 4908 4931
3 4932 4909 4910
3 4931 4909 4932
3 3782 4932 3751
3 3751 4932 4910
3 4911 3794 3763
3 3794 4911 3796
3 4911 4933 3796
3 4911 4912 4933
3 4934 4912 4913
3 4933 4912 4934
3 4935 4913 4914
3 4934 4913 4935
3 3799 4935 3798
3 4935 4915 3798
3 4935 4914 4915
3 3798 4915 3800
3 4915 4936 3800
3 4915 4916 4936
3 3803 4936 3802
3 4936 4917 3802
3 4936 4916 4917
3 3802 4917 3767
3 4937 3807 4918
3 4918 3807 3770
3 4938 4918 4919
3 4937 4918 4938
3 3809 4938 3773
3 3773 4938 4919
3 4920 3810 3774
3 3810 4920 3813
3 3813 4920 4921
3 3813 4921 3775
3 4939 3816 4922
3 4922 3816 3777
3 4922 4923 4940
3 4922 4940 4939
3 4941 4924 3778
3 4941 3778 3817
3 3817 3818 4941
3 4941 3818 4942
3 4925 3819 3779
3 3821 3819 4925
3 4926 3821 4925
3 4943 3821 4926
3 4928 4927 4944
3 4928 4944 4945
3 4946 4927 4929
3 4944 4927 4946
3 4947 4929 4930
3 4946 4929 4947
3 4948 4930 4931
3 4947 4930 4948
3 4949 4931 4932
3 4948 4931 4949
3 3822 4950 3782
3 4950 4932 3782
3 4950 4949 4932
3 3823 4951 3822
3 3822 4951 4950
3 3824 4951 3823
3 4952 3827 3828
3 3829 4952 3828
3 4953 3833 3834
3 3835 4954 3834
3 3834 4954 4953
3 3836 4954 3835
3 4933 3840 3796
3 3840 4933 3843
3 3843 4933 4934
3 3843 4934 3845
3 3845 4934 4935
3 3845 4935 3799
3 4936 3847 3800
3 3847 4936 3803
3 4937 3853 3807
3 3853 4937 3856
3 3856 4937 4938
3 3856 4938 3809
3 4955 3861 3862
3 4956 4955 3862
3 4956 3862 3816
3 4957 4956 3816
3 4939 4957 3816
3 4957 4939 4940
3 3863 4942 3818
3 3863 4958 4942
3 4960 3865 4959
3 3865 4943 4959
3 3865 3821 4943
3 4961 4960 4959
3 4964 4963 4962
3 4962 4963 4945
3 4944 4962 4945
3 4965 4962 4944
3 4966 4944 4946
3 4965 4944 4966
3 4967 4946 4947
3 4966 4946 4967
3 4968 4947 4948
3 4967 4947 4968
3 4969 4948 4949
3 4968 4948 4969
3 4970 4949 4950
3 4969 4949 4970
3 3868 4970 3867
3 4970 4951 3867
3 4970 4950 4951
3 3867 4951 3824
3 4971 3871 4952
3 4952 3871 3827
3 3872 4972 3829
3 4972 4952 3829
3 4972 4971 4952
3 3873 4972 3872
3 4973 3876 4953
3 4953 3876 3833
3 4974 4953 4954
3 4973 4953 4974
3 3877 4975 3836
3 4975 4954 3836
3 4975 4974 4954
3 3878 4975 3877
3 4976 3889 3890
3 3891 4976 3890
3 4977 3899 4955
3 4955 3899 3861
3 4955 4956 4978
3 4955 4978 4977
3 3900 4958 3863
3 3900 4979 4958
3 4980 3902 4960
3 4960 3902 3865
3 4960 4961 4981
3 4982 4960 4981
3 4980 4960 4982
3 4984 4983 4982
3 4984 4982 4981
3 4986 4985 4983
3 4986 4983 4984
3 4985 4986 4964
3 4962 4985 4964
3 4987 4985 4962
3 4988 4962 4965
3 4987 4962 4988
3 4989 4965 4966
3 4988 4965 4989
3 4990 4966 4967
3 4989 4966 4990
3 4991 4967 4968
3 4990 4967 4991
3 3905 4991 3904
3 4991 4969 3904
3 4991 4968 4969
3 3904 4969 3907
3 3907 4969 4970
3 3907 4970 3868
3 4992 3911 4971
3 4971 3911 3871
3 4993 4971 4972
3 4992 4971 4993
3 3913 4993 3873
3 3873 4993 4972
3 4994 3915 4973
3 4973 3915 3876
3 4995 4973 4974
3 4994 4973 4995
3 4996 4974 4975
3 4995 4974 4996
3 3917 4996 3878
3 3878 4996 4975
3 4997 3921 3922
3 3923 4997 3922
3 4998 3929 4976
3 4976 3929 3889
3 3930 4999 3891
3 4999 4976 3891
3 4999 4998 4976
3 3931 4999 3930
3 5000 3941 3942
3 3899 4977 3942
3 4977 5000 3942
3 4977 5001 5000
3 4977 4978 5002
3 5003 4977 5002
3 5001 4977 5003
3 5004 5003 5002
3 5007 5006 5005
3 5006 4979 5005
3 4979 3943 5005
3 4979 3900 3943
3 5008 3944 3945
3 3902 4980 3945
3 4980 5008 3945
3 4980 5009 5008
3 3948 5009 3947
3 5009 4982 3947
3 5009 4980 4982
3 3947 4982 3949
3 4982 5010 3949
3 4982 4983 5010
3 3952 5010 3951
3 5010 4985 3951
3 5010 4983 4985
3 3951 4985 3954
3 3954 4985 4987
3 3954 4987 3955
3 4987 5011 3955
3 4987 4988 5011
3 5012 4988 4989
3 5011 4988 5012
3 4990 5014 5013
3 5012 4990 5013
3 4989 4990 5012
3 5016 5015 5014
3 4990 5016 5014
3 4991 5016 4990
3 3956 5017 3905
3 5017 4991 3905
3 5017 5016 4991
3 3957 5017 3956
3 4992 3962 3911
3 3962 4992 3964
3 4992 5018 3964
3 4992 4993 5018
3 3965 5019 3913
3 5019 4993 3913
3 5019 5018 4993
3 3966 5019 3965
3 4994 3968 3915
3 3968 4994 3970
3 4994 5020 3970
3 4994 4995 5020
3 5021 4995 4996
3 5020 4995 5021
3 3971 5022 3917
3 5022 4996 3917
3 5022 5021 4996
3 3972 5022 3971
3 5023 3976 4997
3 4997 3976 3921
3 3977 5024 3923
3 5024 4997 3923
3 5024 5023 4997
3 3978 5024 3977
3 4998 3983 3929
3 3983 4998 3985
3 4998 5025 3985
3 4998 4999 5025
3 3987 5025 3931
3 3931 5025 4999
3 5026 3990 3991
3 3992 5027 3991
3 3991 5027 5026
3 3993 5027 3992
3 5028 3996 5000
3 5000 3996 3941
3 5029 5000 5001
3 5028 5000 5029
3 5030 5001 5003
3 5029 5001 5030
3 5003 5004 5031
3 5003 5031 5030
3 5007 5005 5032
3 5007 5032 5033
3 3997 5032 3943
3 3943 5032 5005
3 5034 3998 3999
3 5034 3999 5035
3 3999 5036 5035
3 3999 4000 5036
3 4000 3944 5008
3 5037 4000 5008
3 5036 4000 5037
3 5039 5038 5037
3 5008 5039 5037
3 5009 5039 5008
3 4002 5039 3948
3 3948 5039 5009
3 5010 4003 3949
3 4003 5010 3952
3 5040 4007 5011
3 5011 4007 3955
3 5041 5011 5012
3 5040 5011 5041
3 5012 5013 5042
3 5012 5042 5041
3 5043 5015 5016
3 5045 5044 5043
3 5016 5045 5043
3 5017 5045 5016
3 4008 5046 3957
3 5046 5017 3957
3 5046 5045 5017
3 4009 5046 4008
3 5018 4013 3964
3 4013 5018 4015
3 5018 5047 4015
3 5018 5019 5047
3 4016 5048 3966
3 5048 5019 3966
3 5048 5047 5019
3 4017 5048 4016
3 5049 4019 5020
3 5020 4019 3970
3 5050 5020 5021
3 5049 5020 5050
3 5051 5021 5022
3 5050 5021 5051
3 4020 5052 3972
3 5052 5022 3972
3 5052 5051 5022
3 4021 5053 4020
3 4020 5053 5052
3 4022 5054 4021
3 4021 5054 5053
3 3976 5023 4022
3 5023 5054 4022
3 5023 5055 5054
3 5056 5023 5024
3 5055 5023 5056
3 4023 5057 3978
3 5057 5024 3978
3 5057 5056 5024
3 4024 5058 4023
3 4023 5058 5057
3 4025 5058 4024
3 5025 4029 3985
3 4029 5025 3987
3 5060 5059 5026
3 5059 3990 5026
3 5059 4033 3990
3 5062 5061 5060
3 5026 5062 5060
3 5027 5062 5026
3 4034 5063 3993
3 5063 5027 3993
3 5063 5062 5027
3 4035 5064 4034
3 4034 5064 5063
3 3996 5028 4035
3 5028 5064 4035
3 5028 5065 5064
3 5066 5028 5029
3 5065 5028 5066
3 5067 5029 5030
3 5066 5029 5067
3 5030 5031 5068
3 5030 5068 5067
3 5033 5032 5069
3 5033 5069 5070
3 4036 5069 3997
3 3997 5069 5032
3 5071 4037 5034
3 5034 4037 3998
3 5034 5035 5072
3 5034 5072 5071
3 5038 5039 5073
3 5038 5073 5074
3 4039 5073 4002
3 4002 5073 5039
3 5075 4041 5040
3 5040 4041 4007
3 5076 5040 5041
3 5075 5040 5076
3 5041 5042 5077
3 5041 5077 5076
3 5078 5044 5045
3 5080 5079 5078
3 5045 5080 5078
3 5046 5080 5045
3 4042 5080 4009
3 4009 5080 5046
3 5081 4045 5047
3 5047 4045 4015
3 5082 5047 5048
3 5081 5047 5082
3 4046 5083 4017
3 5083 5048 4017
3 5083 5082 5048
3 4019 5049 4046
3 5049 5083 4046
3 5049 5084 5083
3 5085 5049 5050
3 5084 5049 5085
3 5086 5050 5051
3 5085 5050 5086
3 5087 5051 5052
3 5086 5051 5087
3 5088 5052 5053
3 5087 5052 5088
3 5089 5053 5054
3 5088 5053 5089
3 5090 5054 5055
3 5089 5054 5090
3 5091 5055 5056
3 5090 5055 5091
3 5092 5056 5057
3 5091 5056 5092
3 5093 5057 5058
3 5092 5057 5093
3 4047 5094 4025
3 5094 5058 4025
3 5094 5093 5058
3 4048 5094 4047
3 5095 4051 4052
3 4053 5095 4052
3 5059 4055 4033
3 5096 4055 5059
3 5061 5062 5097
3 5061 5097 5098
3 5099 5062 5063
3 5097 5062 5099
3 5100 5063 5064
3 5099 5063 5100
3 5101 5064 5065
3 5100 5064 5101
3 5102 5065 5066
3 5101 5065 5102
3 5103 5066 5067
3 5102 5066 5103
3 5067 5068 5104
3 5105 5067 5104
3 5103 5067 5105
3 5106 5105 5104
3 5107 5070 5069
3 5069 4036 5107
3 4036 5108 5107
3 4036 4056 5108
3 5109 4057 5071
3 5071 4057 4037
3 5071 5072 5110
3 5071 5110 5109
3 5074 5073 4059
3 4060 5074 4059
3 5111 5074 4060
3 4059 5073 4039
3 5112 4063 5075
3 5075 4063 4041
3 5113 5075 5076
3 5112 5075 5113
3 5076 5077 5114
3 5115 5076 5114
3 5113 5076 5115
3 5117 5116 5115
3 5117 5115 5114
3 5119 5118 5116
3 5119 5116 5117
3 5118 5119 5079
3 5118 5079 5080
3 4066 5118 5080
3 4065 4066 5080
3 4065 5080 4042
3 5081 4068 4045
3 4068 5081 4070
3 4070 5081 5082
3 4070 5082 4072
3 4072 5082 5083
3 4072 5083 4074
3 4074 5083 5084
3 4074 5084 4075
3 5084 5120 4075
3 5084 5085 5120
3 5121 5085 5086
3 5120 5085 5121
3 5122 5086 5087
3 5121 5086 5122
3 4078 5122 4077
3 5122 5088 4077
3 5122 5087 5088
3 4077 5088 4080
3 4080 5088 5089
3 4080 5089 4082
3 4082 5089 5090
3 4082 5090 4083
3 5090 5123 4083
3 5090 5091 5123
3 5124 5091 5092
3 5123 5091 5124
3 5125 5092 5093
3 5124 5092 5125
3 5126 5093 5094
3 5125 5093 5126
3 4085 5126 4048
3 4048 5126 5094
3 5127 4087 5095
3 5095 4087 4051
3 4088 5128 4053
3 5128 5095 4053
3 5128 5127 5095
3 4089 5128 4088
3 5096 4090 4055
3 5129 4090 5096
3 5098 5097 5130
3 5098 5130 5131
3 5132 5097 5099
3 5130 5097 5132
3 5133 5099 5100
3 5132 5099 5133
3 5134 5100 5101
3 5133 5100 5134
3 5135 5101 5102
3 5134 5101 5135
3 5136 5102 5103
3 5135 5102 5136
3 5137 5103 5105
3 5136 5103 5137
3 5105 5106 5138
3 5139 5105 5138
3 5137 5105 5139
3 5140 5139 5138
3 4091 5108 4056
3 4091 5141 5108
3 5109 4092 4057
3 5143 5142 4094
3 5143 4094 4092
3 5110 5143 4092
3 5109 5110 4092
3 5145 5144 5142
3 5145 5142 5143
3 5145 5111 5144
3 5111 4095 5144
3 5111 4060 4095
3 5112 4097 4063
3 4097 5112 4100
3 4100 5112 5113
3 4100 5113 4101
3 5113 5146 4101
3 5113 5115 5146
3 4104 5146 4103
3 5146 5116 4103
3 5146 5115 5116
3 4103 5116 4106
3 4106 5116 5118
3 4106 5118 4066
3 5120 4108 4075
3 4108 5120 4110
3 5120 5147 4110
3 5120 5121 5147
3 4113 5147 4112
3 5147 5122 4112
3 5147 5121 5122
3 4112 5122 4078
3 5123 4117 4083
3 4117 5123 4120
3 4120 5123 5124
3 4120 5124 4121
3 5124 5148 4121
3 5124 5125 5148
3 4124 5148 4123
3 5148 5126 4123
3 5148 5125 5126
3 4123 5126 4085
3 5127 4128 4087
3 4128 5127 4131
3 4131 5127 5128
3 4131 5128 4089
3 5129 4132 4090
3 5149 4132 5129
3 5150 5131 5130
3 5152 5151 5150
3 5130 5152 5150
3 5132 5152 5130
3 5153 5132 5133
3 5152 5132 5153
3 5154 5133 5134
3 5153 5133 5154
3 5155 5134 5135
3 5154 5134 5155
3 5156 5135 5136
3 5155 5135 5156
3 5157 5136 5137
3 5156 5136 5157
3 5158 5137 5139
3 5157 5137 5158
3 5139 5140 5159
3 5160 5139 5159
3 5158 5139 5160
3 5159 5141 5160
3 5141 4133 5160
3 5141 4091 4133
3 5161 4134 4135
3 4094 5142 4135
3 5142 5161 4135
3 5142 5162 5161
3 4137 5162 4136
3 5162 5144 4136
3 5162 5142 5144
3 4136 5144 4095
3 5146 4138 4101
3 4138 5146 4104
3 5147 4139 4110
3 4139 5147 4113
3 5148 4146 4121
3 4146 5148 4124
3 5149 4150 4132
3 5163 4150 5149
3 5151 5152 5164
3 5151 5164 5165
3 5166 5152 5153
3 5164 5152 5166
3 5167 5153 5154
3 5166 5153 5167
3 5168 5154 5155
3 5167 5154 5168
3 5169 5155 5156
3 5168 5155 5169
3 5170 5156 5157
3 5169 5156 5170
3 5171 5157 5158
3 5170 5157 5171
3 5172 5158 5160
3 5171 5158 5172
3 4151 5172 4133
3 4133 5172 5160
3 5173 4152 4153
3 5174 5173 4153
3 5174 4153 4134
3 5175 5174 4134
3 5161 5175 4134
3 5177 5176 5175
3 5161 5177 5175
3 5162 5177 5161
3 4154 5177 4137
3 4137 5177 5162
3 5163 4159 4150
3 5178 4159 5163
3 5165 5164 5179
3 5165 5179 5180
3 5181 5164 5166
3 5179 5164 5181
3 5182 5166 5167
3 5181 5166 5182
3 4162 5182 4161
3 5182 5168 4161
3 5182 5167 5168
3 4161 5168 4164
3 4164 5168 5169
3 4164 5169 4165
3 5169 5183 4165
3 5169 5170 5183
3 5184 5170 5171
3 5183 5170 5184
3 5185 5171 5172
3 5184 5171 5185
3 4166 5185 4151
3 4151 5185 5172
3 5186 4167 5173
3 5173 4167 4152
3 5173 5174 5187
3 5173 5187 5186
3 5176 5177 5188
3 5176 5188 5189
3 4168 5188 4154
3 4154 5188 5177
3 5178 4170 4159
3 5190 4170 5178
3 5180 5179 5191
3 5180 5191 5192
3 4173 5191 4172
3 5191 5181 4172
3 5191 5179 5181
3 4172 5181 4175
3 4175 5181 5182
3 4175 5182 4162
3 5183 4177 4165
3 4177 5183 4179
3 5183 5193 4179
3 5183 5184 5193
3 5194 5184 5185
3 5193 5184 5194
3 5194 5185 4166
3 5195 5194 4166
3 4180 5195 4166
3 5196 5194 5195
3 4180 4181 5195
3 5195 4181 5197
3 5198 4182 5186
3 5186 4182 4167
3 5186 5187 5199
3 5200 5186 5199
3 5198 5186 5200
3 5200 5199 5189
3 5188 5200 5189
3 5201 5200 5188
3 4183 5201 4168
3 4168 5201 5188
3 5203 4185 5202
3 4185 5190 5202
3 4185 4170 5190
3 5204 5203 5202
3 5192 5191 5205
3 5192 5205 5206
3 4186 5205 4173
3 4173 5205 5191
3 5207 4187 5193
3 5193 4187 4179
3 5194 5209 5208
3 5207 5194 5208
3 5193 5194 5207
3 5209 5194 5196
3 5210 5197 4181
3 5210 4181 4188
3 4188 4190 5210
3 5210 4190 5211
3 5212 4191 5198
3 5198 4191 4182
3 5213 5198 5200
3 5212 5198 5213
3 4193 5213 4192
3 5213 5201 4192
3 5213 5200 5201
3 4192 5201 4183
3 5214 4195 5203
3 5203 4195 4185
3 5203 5204 5215
3 5216 5203 5215
3 5214 5203 5216
3 5216 5215 5206
3 5216 5206 5205
3 4197 5216 5205
3 4196 4197 5205
3 4196 5205 4186
3 5217 4198 5207
3 5207 4198 4187
3 5207 5208 5218
3 5207 5218 5217
3 5219 5211 4190
3 5219 4190 4199
3 5221 5219 5220
3 5219 4200 5220
3 5219 4199 4200
3 4202 5220 4200
3 5212 4203 4191
3 4203 5212 4204
3 4204 5212 5213
3 4204 5213 4193
3 5214 4205 4195
3 4205 5214 4206
3 4206 5214 5216
3 4206 5216 4197
3 5217 4207 4198
3 4208 4207 5217
3 5218 4208 5217
3 5222 4208 5218
3 5221 5220 5223
3 5221 5223 5224
3 4209 5223 4202
3 4202 5223 5220
3 5226 4210 5225
3 4210 5222 5225
3 4210 4208 5222
3 5227 5226 5225
3 5224 5223 4211
3 4212 5224 4211
3 5228 5224 4212
3 4211 5223 4209
3 5226 4213 4210
3 5230 5229 4215
3 5230 4215 4213
3 5227 5230 4213
3 5226 5227 4213
3 5231 5229 5230
3 5234 5233 5232
3 5233 5228 5232
3 5228 4216 5232
3 5228 4212 4216
3 5229 4218 4215
3 5231 5235 5229
3 5235 4218 5229
3 5235 4220 4218
3 5232 4221 5234
3 4221 5235 5234
3 4221 4220 5235
3 4221 5232 4216
3 5236 4321 4322
3 4323 5237 4322
3 4322 5237 5236
3 4324 5238 4323
3 4323 5238 5237
3 4325 5239 4324
3 4324 5239 5238
3 4326 5240 4325
3 4325 5240 5239
3 4327 5240 4326
3 5241 4340 4341
3 4342 5241 4341
3 5236 4348 4321
3 4348 5236 4351
3 4351 5236 5237
3 4351 5237 4353
3 4353 5237 5238
3 4353 5238 4355
3 4355 5238 5239
3 4355 5239 4356
3 5239 5242 4356
3 5239 5240 5242
3 4358 5242 4327
3 4327 5242 5240
3 5243 4370 5241
3 5241 4370 4340
3 4371 5244 4342
3 5244 5241 4342
3 5244 5243 5241
3 4372 5244 4371
3 5245 4378 4377
3 4380 5245 4377
3 5242 4383 4356
3 4383 5242 4358
3 5246 4396 4397
3 4370 5243 4397
3 5243 5246 4397
3 5243 5247 5246
3 5248 5243 5244
3 5247 5243 5248
3 4399 5248 4372
3 4372 5248 5244
3 5245 4403 4378
3 4403 5245 4380
3 5246 4415 4396
3 4415 5246 4417
3 5246 5249 4417
3 5246 5247 5249
3 5250 5247 5248
3 5249 5247 5250
3 4419 5250 4399
3 4399 5250 5248
3 5249 4432 4417
3 4432 5249 4435
3 4435 5249 5250
3 4435 5250 4419
3 5251 4482 4483
3 4484 5252 4483
3 4483 5252 5251
3 4485 5253 4484
3 4484 5253 5252
3 4486 5254 4485
3 4485 5254 5253
3 4487 5255 4486
3 4486 5255 5254
3 4489 5255 4487
3 5256 4497 4498
3 4499 5257 4498
3 4498 5257 5256
3 4500 5257 4499
3 5258 4509 4510
3 4511 5259 4510
3 4510 5259 5258
3 4513 5259 4511
3 5260 4518 4519
3 4482 5251 4519
3 5251 5260 4519
3 5251 5261 5260
3 5262 5251 5252
3 5261 5251 5262
3 4522 5262 4521
3 5262 5253 4521
3 5262 5252 5253
3 4521 5253 4524
3 4524 5253 5254
3 4524 5254 4526
3 4526 5254 5255
3 4526 5255 4489
3 5256 4535 4497
3 4535 5256 4537
3 5256 5263 4537
3 5256 5257 5263
3 4538 5264 4500
3 5264 5257 4500
3 5264 5263 5257
3 4539 5264 4538
3 5265 4544 4545
3 4546 5265 4545
3 5266 4549 4550
3 4509 5258 4550
3 5258 5266 4550
3 5258 5267 5266
3 5268 5258 5259
3 5267 5258 5268
3 4552 5268 4513
3 4513 5268 5259
3 5269 4560 5260
3 5260 4560 4518
3 5270 5260 5261
3 5269 5260 5270
3 4563 5270 4562
3 5270 5262 4562
3 5270 5261 5262
3 4562 5262 4522
3 5271 4576 5263
3 5263 4576 4537
3 5272 5263 5264
3 5271 5263 5272
3 4577 5273 4539
3 5273 5264 4539
3 5273 5272 5264
3 4578 5273 4577
3 5274 4581 4582
3 4544 5265 4582
3 5265 5274 4582
3 5265 5275 5274
3 4584 5275 4546
3 4546 5275 5265
3 5276 4585 4586
3 4586 4549 5276
3 4549 5266 5276
3 4588 4590 5276
3 4588 5276 5266
3 4588 5266 4592
3 4592 5266 5267
3 4592 5267 4594
3 4594 5267 5268
3 4594 5268 4552
3 5277 4605 5269
3 5269 4605 4560
3 5278 5269 5270
3 5277 5269 5278
3 4607 5278 4563
3 4563 5278 5270
3 5271 4620 4576
3 4620 5271 4623
3 4623 5271 5272
3 4623 5272 4625
3 4625 5272 5273
3 4625 5273 4578
3 5279 4627 4628
3 4581 5274 4628
3 5274 5279 4628
3 5274 5280 5279
3 5281 5274 5275
3 5280 5274 5281
3 4630 5281 4584
3 4584 5281 5275
3 5282 4631 4632
3 4632 4585 5282
3 4585 5276 5282
3 4634 4636 5282
3 4634 5282 5276
3 4634 5276 4590
3 5283 4645 5277
3 5277 4645 4605
3 5284 5277 5278
3 5283 5277 5284
3 4647 5284 4607
3 4607 5284 5278
3 5285 4665 5279
3 5279 4665 4627
3 5286 5279 5280
3 5285 5279 5286
3 4668 5286 4667
3 5286 5281 4667
3 5286 5280 5281
3 4667 5281 4630
3 5287 4670 4671
3 4671 4631 5287
3 4631 5282 5287
3 4673 4675 5287
3 4673 5287 5282
3 4673 5282 4636
3 5288 4682 4683
3 4684 5288 4683
3 5283 4687 4645
3 4687 5283 4689
3 5283 5289 4689
3 5283 5284 5289
3 4690 5290 4647
3 5290 5284 4647
3 5290 5289 5284
3 4691 5290 4690
3 5291 4698 4699
3 4700 5292 4699
3 4699 5292 5291
3 4701 5292 4700
3 5285 4712 4665
3 4712 5285 4715
3 4715 5285 5286
3 4715 5286 4668
3 5293 4718 4719
3 4719 4670 5293
3 4670 5287 5293
3 4721 4723 5293
3 4721 5293 5287
3 4721 5287 4675
3 5294 4725 4726
3 4727 5294 4726
3 5295 4731 4732
3 4682 5288 4732
3 5288 5295 4732
3 5288 5296 5295
3 4733 5297 4684
3 5297 5288 4684
3 5297 5296 5288
3 4734 5297 4733
3 5289 4737 4689
3 4737 5289 4739
3 5289 5298 4739
3 5289 5290 5298
3 4740 5299 4691
3 5299 5290 4691
3 5299 5298 5290
3 4741 5300 4740
3 4740 5300 5299
3 4742 5301 4741
3 4741 5301 5300
3 4743 5302 4742
3 4742 5302 5301
3 4744 5303 4743
3 4743 5303 5302
3 4745 5304 4744
3 4744 5304 5303
3 4698 5291 4745
3 5291 5304 4745
3 5291 5305 5304
3 5306 5291 5292
3 5305 5291 5306
3 4747 5306 4701
3 4701 5306 5292
3 5307 4761 4762
3 4718 5293 4762
3 5293 5307 4762
3 5293 5308 5307
3 4764 5308 4723
3 4723 5308 5293
3 5309 4766 5294
3 5294 4766 4725
3 4767 5310 4727
3 5310 5294 4727
3 5310 5309 5294
3 4768 5310 4767
3 5295 4771 4731
3 4771 5295 4773
3 5295 5311 4773
3 5295 5296 5311
3 5312 5296 5297
3 5311 5296 5312
3 4775 5312 4734
3 4734 5312 5297
3 5298 4777 4739
3 4777 5298 4779
3 5298 5313 4779
3 5298 5299 5313
3 5314 5299 5300
3 5313 5299 5314
3 5315 5300 5301
3 5314 5300 5315
3 5316 5301 5302
3 5315 5301 5316
3 5317 5302 5303
3 5316 5302 5317
3 5318 5303 5304
3 5317 5303 5318
3 5319 5304 5305
3 5318 5304 5319
3 4782 5319 4781
3 5319 5306 4781
3 5319 5305 5306
3 4781 5306 4747
3 5320 4797 5307
3 5307 4797 4761
3 5321 5307 5308
3 5320 5307 5321
3 4799 5321 4764
3 4764 5321 5308
3 5322 4801 5309
3 5309 4801 4766
3 5323 5309 5310
3 5322 5309 5323
3 4802 5324 4768
3 5324 5310 4768
3 5324 5323 5310
3 4803 5324 4802
3 5311 4806 4773
3 4806 5311 4809
3 4809 5311 5312
3 4809 5312 4775
3 5313 4812 4779
3 4812 5313 4814
3 5313 5325 4814
3 5313 5314 5325
3 5326 5314 5315
3 5325 5314 5326
3 5327 5315 5316
3 5326 5315 5327
3 5328 5316 5317
3 5327 5316 5328
3 5329 5317 5318
3 5328 5317 5329
3 4817 5329 4816
3 5329 5319 4816
3 5329 5318 5319
3 4816 5319 4782
3 5320 4832 4797
3 4832 5320 4834
3 5320 5330 4834
3 5320 5321 5330
3 4836 5330 4799
3 4799 5330 5321
3 5331 4838 5322
3 5322 4838 4801
3 5332 5322 5323
3 5331 5322 5332
3 5333 5323 5324
3 5332 5323 5333
3 4840 5333 4803
3 4803 5333 5324
3 5325 4846 4814
3 4846 5325 4849
3 4849 5325 5326
3 4849 5326 4850
3 5326 5334 4850
3 5326 5327 5334
3 4853 5334 4852
3 5334 5328 4852
3 5334 5327 5328
3 4852 5328 4855
3 4855 5328 5329
3 4855 5329 4817
3 5335 4871 5330
3 5330 4871 4834
3 4872 5335 4836
3 4836 5335 5330
3 5336 4874 4875
3 4838 5331 4875
3 5331 5336 4875
3 5331 5337 5336
3 5338 5331 5332
3 5337 5331 5338
3 5339 5332 5333
3 5338 5332 5339
3 4876 5340 4840
3 5340 5333 4840
3 5340 5339 5333
3 4877 5340 4876
3 5334 4883 4850
3 4883 5334 4853
3 5341 4899 4900
3 4871 5335 4900
3 5335 5341 4900
3 5335 5342 5341
3 4901 5342 4872
3 4872 5342 5335
3 5343 4902 4903
3 5344 5343 4903
3 5344 4903 4874
3 5345 5344 4874
3 5336 5345 4874
3 5345 5336 5337
3 5345 5337 5346
3 5348 5347 5346
3 5337 5348 5346
3 5338 5348 5337
3 5349 5338 5339
3 5348 5338 5349
3 4906 5349 4905
3 5349 5340 4905
3 5349 5339 5340
3 4905 5340 4877
3 5350 4923 5341
3 5341 4923 4899
3 5351 5341 5342
3 5350 5341 5351
3 4924 5351 4901
3 4901 5351 5342
3 5352 4926 5343
3 5343 4926 4902
3 5343 5344 5353
3 5343 5353 5352
3 5347 5348 5354
3 5347 5354 5355
3 5356 5348 5349
3 5354 5348 5356
3 4928 5356 4906
3 4906 5356 5349
3 5357 4940 5350
3 5350 4940 4923
3 5358 5350 5351
3 5357 5350 5358
3 4941 5359 4924
3 5359 5351 4924
3 5359 5358 5351
3 4942 5359 4941
3 5360 4943 5352
3 5352 4943 4926
3 5352 5353 5361
3 5362 5352 5361
3 5360 5352 5362
3 5364 5363 5362
3 5364 5362 5361
3 5363 5364 5355
3 5354 5363 5355
3 5365 5363 5354
3 5366 5354 5356
3 5365 5354 5366
3 4945 5366 4928
3 4928 5366 5356
3 5367 4956 4957
3 4940 5357 4957
3 5357 5367 4957
3 5357 5368 5367
3 5369 5357 5358
3 5368 5357 5369
3 5370 5358 5359
3 5369 5358 5370
3 4958 5370 4942
3 4942 5370 5359
3 5360 4959 4943
3 4959 5360 4961
3 5360 5371 4961
3 5360 5362 5371
3 5372 5362 5363
3 5371 5362 5372
3 5373 5363 5365
3 5372 5363 5373
3 4964 5373 4963
3 5373 5366 4963
3 5373 5365 5366
3 4963 5366 4945
3 5374 4978 5367
3 5367 4978 4956
3 5375 5367 5368
3 5374 5367 5375
3 5376 5368 5369
3 5375 5368 5376
3 5377 5369 5370
3 5376 5369 5377
3 4979 5377 4958
3 4958 5377 5370
3 5371 4981 4961
3 4981 5371 4984
3 4984 5371 5372
3 4984 5372 4986
3 4986 5372 5373
3 4986 5373 4964
3 5374 5002 4978
3 5002 5374 5004
3 5374 5378 5004
3 5374 5375 5378
3 5379 5375 5376
3 5378 5375 5379
3 5007 5379 5006
3 5379 5377 5006
3 5379 5376 5377
3 5006 5377 4979
3 5380 5013 5014
3 5015 5380 5014
3 5381 5031 5378
3 5378 5031 5004
3 5382 5378 5379
3 5381 5378 5382
3 5033 5382 5007
3 5007 5382 5379
3 5383 5035 5036
3 5037 5384 5036
3 5036 5384 5383
3 5038 5384 5037
3 5385 5042 5380
3 5380 5042 5013
3 5043 5386 5015
3 5386 5380 5015
3 5386 5385 5380
3 5044 5386 5043
3 5387 5059 5060
3 5061 5387 5060
3 5388 5068 5381
3 5381 5068 5031
3 5389 5381 5382
3 5388 5381 5389
3 5070 5389 5033
3 5033 5389 5382
3 5390 5072 5383
3 5383 5072 5035
3 5391 5383 5384
3 5390 5383 5391
3 5074 5391 5038
3 5038 5391 5384
3 5392 5077 5385
3 5385 5077 5042
3 5393 5385 5386
3 5392 5385 5393
3 5078 5394 5044
3 5394 5386 5044
3 5394 5393 5386
3 5079 5394 5078
3 5395 5096 5387
3 5387 5096 5059
3 5098 5395 5061
3 5061 5395 5387
3 5388 5104 5068
3 5104 5388 5106
3 5388 5396 5106
3 5388 5389 5396
3 5107 5397 5070
3 5397 5389 5070
3 5397 5396 5389
3 5108 5397 5107
3 5398 5110 5390
3 5390 5110 5072
3 5399 5390 5391
3 5398 5390 5399
3 5111 5399 5074
3 5074 5399 5391
3 5392 5114 5077
3 5114 5392 5117
3 5117 5392 5393
3 5117 5393 5119
3 5119 5393 5394
3 5119 5394 5079
3 5400 5129 5395
3 5395 5129 5096
3 5131 5400 5098
3 5098 5400 5395
3 5396 5138 5106
3 5138 5396 5140
3 5396 5401 5140
3 5396 5397 5401
3 5141 5401 5108
3 5108 5401 5397
3 5398 5143 5110
3 5143 5398 5145
3 5145 5398 5399
3 5145 5399 5111
3 5402 5149 5400
3 5400 5149 5129
3 5150 5403 5131
3 5403 5400 5131
3 5403 5402 5400
3 5151 5403 5150
3 5401 5159 5140
3 5159 5401 5141
3 5404 5163 5402
3 5402 5163 5149
3 5405 5402 5403
3 5404 5402 5405
3 5165 5405 5151
3 5151 5405 5403
3 5406 5174 5175
3 5176 5406 5175
3 5407 5178 5404
3 5404 5178 5163
3 5408 5404 5405
3 5407 5404 5408
3 5180 5408 5165
3 5165 5408 5405
3 5409 5187 5406
3 5406 5187 5174
3 5189 5409 5176
3 5176 5409 5406
3 5410 5190 5407
3 5407 5190 5178
3 5411 5407 5408
3 5410 5407 5411
3 5192 5411 5180
3 5180 5411 5408
3 5412 5196 5195
3 5197 5412 5195
3 5409 5199 5187
3 5199 5409 5189
3 5410 5202 5190
3 5202 5410 5204
3 5410 5413 5204
3 5410 5411 5413
3 5206 5413 5192
3 5192 5413 5411
3 5414 5208 5209
3 5196 5412 5209
3 5412 5414 5209
3 5412 5415 5414
3 5210 5416 5197
3 5416 5412 5197
3 5416 5415 5412
3 5211 5416 5210
3 5413 5215 5204
3 5215 5413 5206
3 5417 5218 5414
3 5414 5218 5208
3 5418 5414 5415
3 5417 5414 5418
3 5419 5415 5416
3 5418 5415 5419
3 5219 5420 5211
3 5420 5416 5211
3 5420 5419 5416
3 5221 5420 5219
3 5421 5222 5417
3 5417 5222 5218
3 5422 5417 5418
3 5421 5417 5422
3 5419 5424 5423
3 5422 5419 5423
3 5418 5419 5422
3 5426 5425 5424
3 5419 5426 5424
3 5420 5426 5419
3 5224 5426 5221
3 5221 5426 5420
3 5421 5225 5222
3 5225 5421 5227
3 5421 5427 5227
3 5421 5422 5427
3 5422 5423 5428
3 5429 5422 5428
3 5427 5422 5429
3 5429 5428 5425
3 5426 5429 5425
3 5430 5429 5426
3 5228 5430 5224
3 5224 5430 5426
3 5427 5230 5227
3 5230 5427 5231
3 5427 5431 5231
3 5427 5429 5431
3 5234 5431 5233
3 5431 5430 5233
3 5431 5429 5430
3 5233 5430 5228
3 5431 5235 5231
3 5235 5431 5234