OFF
3553 6956 0
1.7955938949 4.7064046841 68.3628444217
1.8234056617 4.8169305389 68.1328324348
2.0207621603 4.4041222098 68.2601613739
1.9545189073 4.6970848303 68.5659796419
1.2678466755 6.4518294375 63.0063799613
1.5592980301 6.2841870304 62.2768129577
1.4978421855 5.8477862332 62.7905665392
1.4690442136 5.7942694742 63.3101764400
1.2575641989 6.4073099911 63.6111339671
1.4312490851 6.0294005756 63.9739918432
1.8544169815 4.9482904331 68.4264742752
1.1425027167 7.4261944911 62.6503416712
1.4230777357 7.2021406814 61.8698858984
1.1214476809 7.2671741360 63.6451833830
1.3010252288 6.7522464659 64.2518006612
1.2228803438 8.2192713528 61.9119776300
1.6491866710 8.4366984820 61.0811480500
1.6508231269 7.5502869071 61.3403438336
0.9836442317 8.4385898560 62.6896768059
0.9969984832 8.2706421850 63.3925986581
1.2156263856 7.5182096192 64.4223262468
1.1256310130 8.2152242013 64.2255171085
1.3042392636 8.0758240639 64.8792572741
1.2642959485 9.2920406232 61.6203517967
1.6551228204 9.6038691055 60.8606445634
1.0343426624 9.1939601546 62.4376517634
0.9656271897 9.0353428242 63.1398335292
1.1045738582 9.2015396154 63.9566857595
1.3231263696 8.9130500638 64.8620735658
1.3389850808 10.1112639530 61.4985807066
1.5631689510 10.5812289541 61.1657481851
1.1734642708 10.0787248413 62.2127184576
1.1093182107 9.9142725447 63.1831804847
1.2567290701 10.0756151081 64.0180685182
1.3545473863 9.7485740620 64.6221227707
1.4034016497 10.8676233191 61.9066029431
1.3298993682 10.8244777461 62.8395648198
1.3418894377 10.6268668137 63.6457548654
1.4615541499 23.9215120983 39.4214932262
1.5709635302 23.9295592730 38.8935465532
1.6784746001 23.4391406545 38.9841927877
1.7180821690 23.2826376880 39.5130009646
1.5730382683 23.8560184293 39.9696426591
1.9841096608 23.2311670949 40.1680646982
1.4279542797 24.4409650434 39.2498274985
1.4034115995 24.7665259097 40.0437625348
1.4755344525 25.1845964311 39.3286590190
1.8024387606 24.1514483081 40.7127957822
1.3828397998 25.8078155525 40.0398282629
1.6005724079 26.0648397046 39.4142316056
1.5335110829 25.0398662546 40.8931986631
1.4086470567 25.6878305936 40.7466635744
1.6081257080 25.5745175478 41.3418206430
1.5432061245 26.4824492239 40.0142480807
1.8087814454 26.7359546234 39.6095411542
1.5264872754 26.4340236420 40.6523386355
1.6447734629 26.2322669603 41.3624867364
1.9196093466 27.0843464090 40.3465271045
1.8958943444 26.9201389183 41.2838875813
2.2700377030 4.3221261780 63.8478139139
2.4566852479 4.2360483899 62.9703491679
2.9114659643 3.6112437002 63.4537819635
2.6674821074 3.6539438582 64.2470296443
2.3022246100 4.0483498580 66.2206082536
2.3914259475 3.9052425562 65.2581905585
2.7825970729 3.3797159842 65.5466823124
2.9179277124 3.1618968930 66.6618238802
2.4285834031 3.7490206178 67.2205306164
2.9717696689 3.2173292911 67.8631781491
2.3177701801 3.9234413080 67.8768742124
2.5791078010 3.8383985064 68.4802890830
1.9652237090 5.1170974874 62.7834367020
2.5284045801 4.7380741333 62.0646664126
2.4232912179 4.4643389298 62.5192598396
1.7517059275 5.3077985313 63.9515381660
2.3713591521 3.9909141864 64.6415982042
2.0208496298 4.7931664311 65.1301565872
1.9602408027 5.0188988718 66.3851898051
2.0106944452 4.6262219382 67.4275045735
2.3672706312 4.3994244684 68.7856525912
2.2835763452 5.0900281532 68.8124773291
2.9585044366 4.5562235879 69.2148553238
2.1840131694 5.6050397166 61.7922619594
2.6557250035 5.9376067057 61.0771537574
2.7726549518 5.0974652880 61.4743246943
1.6041259318 6.1567486131 64.8849704766
1.8158867451 5.9678945285 66.0677918503
1.9165554041 5.7941642900 67.1840243503
1.9788328519 5.4421906566 68.1461865245
2.4254077342 6.0533813642 68.8057804875
3.1088525830 5.5373820501 69.3605953682
1.9174919616 6.6306739229 61.4449803185
2.3739267047 7.3205163999 60.6505254782
1.4252709771 7.3295502931 65.0196873866
1.6852795962 7.1641910387 65.9121867141
1.9185887116 6.9935598047 66.9881382047
2.1805102230 6.7396335754 68.0994653608
2.5883737034 6.9099113933 68.8697858607
2.9314347029 6.4894167708 69.2509434078
2.1244456060 8.6675333192 60.3835206984
1.5801797355 8.3806088132 65.6706446188
1.9088337160 8.2005081698 66.7522163506
2.2677736110 8.0595272088 67.7973184398
2.6684271383 7.7937522537 68.6813520573
2.1063245194 9.5429600000 60.2026043313
2.5121132554 9.8928092767 59.6969808714
2.4854049048 9.0286462802 59.8538124034
1.6793193040 9.7409446630 65.5043313645
1.9012076509 9.1987130013 66.4402656136
2.3230466837 9.3469458843 67.4184200940
2.9644248328 9.1464378480 68.5481331265
1.9792290757 10.6020764634 60.4349634718
2.5100036548 11.0739836279 59.6364100033
1.5846663234 10.6443528857 64.5257399827
2.0150178014 10.9196399322 65.4907115760
2.1906416362 10.2753227927 66.5439166720
2.5673259379 10.3475401938 67.3924411331
2.8408590981 10.0794903254 67.9852129509
2.1075203655 11.9412957387 60.4280497201
2.5305780329 12.3387240846 59.6084241188
1.7383996075 11.6521329624 61.4172961212
1.6179527653 11.7280604360 62.5941048447
1.6157569573 11.4030349823 63.6218329170
2.0030577175 11.7596049058 64.5912383931
2.2946659456 11.7102131657 65.4101752049
2.4754932528 11.3511021323 66.1840032528
2.6586700652 10.9926364400 66.9748278510
2.2024133419 13.1401726526 60.4263001583
2.5230199614 13.5154892453 59.7058811690
1.9560457538 12.9328199740 61.3326630229
1.8671620620 12.8027712326 62.3835792477
1.9657306451 12.5602843318 63.5767601901
2.2685073838 12.6521290465 64.4732150674
2.3714423437 12.2847576304 65.0334373514
2.2895367277 14.1632272818 60.4588771771
2.5115540143 14.3971136978 59.9315904386
2.0946945996 14.0539897121 61.2806310828
2.0255451043 13.9478067769 62.2425058997
2.1381025187 13.7767556676 63.2482827521
2.4067617670 13.5126689490 64.2011591854
2.4099009601 14.8787657785 60.4425615352
2.2699919432 15.0688751251 61.2004398990
2.4779935254 15.5084352136 60.7756271001
2.1708698391 14.9909896416 62.1314204610
2.2608758027 14.8824386848 63.0640405037
2.5467883661 14.6433114075 63.9733999558
2.4505013150 15.8893914004 61.3587294814
2.3663725794 15.8687525605 62.0284782967
2.6159013643 16.4846861857 61.8288109879
2.4040483873 15.8364754753 62.8785434718
2.6413116582 15.7186387544 63.7268845915
2.6642125594 16.6424063322 62.6490865164
2.7390149045 16.5000034919 63.4301614848
2.3153723458 22.5933678738 38.2591461000
2.6551161166 22.7260638864 37.6370774937
2.6045663653 22.1676059870 38.0658541081
2.5262493321 22.0466863180 38.5567559509
2.0532918360 22.7596378685 38.9252691931
2.4920756475 22.0711993088 39.3154698309
2.1092050239 22.6937871552 39.6322877382
2.6411374184 22.2885310767 40.1836273685
2.0139461545 23.5219244196 38.3145431449
2.5195027947 23.9260563225 37.4561766584
2.5047890489 23.1910460248 40.9693184633
2.1063047517 24.5886030939 38.0366196542
2.4916293662 24.8165985887 37.4822936717
1.6807255130 24.5074822128 38.7017168351
2.2440131163 24.0392733889 41.4112044593
1.9122118758 24.8867409769 41.5394882620
2.4240907485 24.3811145081 42.0864416167
2.2215330745 25.0909845114 42.2476561276
2.5636155277 24.7920553718 42.7218549344
2.2783658892 25.3285119121 37.9088069174
1.8812771999 25.4805644501 38.6143882711
2.3584490579 26.1064775749 38.1390261125
1.9664281410 25.8095311344 42.0131955807
2.4220963774 25.5688606983 42.8174162769
2.0320244685 26.4739738462 38.9287830922
2.5231989309 26.8961511939 38.4818613660
1.9863521955 26.5857987898 41.9167089860
2.3513215500 26.4668958925 42.6343238698
2.3613164043 27.2931506187 39.3854626103
2.4852170050 27.6974024170 40.2827397820
2.3866836524 27.5700024698 41.1730373444
2.3640715347 27.1874240668 42.0884455063
3.4278597351 2.6827034268 67.3322987344
3.5290814130 2.6182628506 66.6033661754
4.1708870105 2.3080180595 67.0534691689
3.8672972433 2.4786331214 67.7722265752
3.4684423943 2.7112848134 67.8786138196
3.8351234953 2.7637196699 68.3600356890
2.9027436359 4.0078059122 62.4690314375
3.6323448652 3.6364900527 62.1111052884
3.4384799503 3.3777336585 62.8173106954
3.5960954694 3.0492314341 63.5028138613
3.2626097345 3.0860130906 64.5664713444
2.6656481525 3.5528589902 64.8372767466
3.3913839504 2.8060221127 65.7887194424
3.3110753177 3.4011398103 68.7469084230
2.9141097497 3.9669625318 68.9867821473
3.6222710492 3.8415277698 69.2661062992
3.1618624079 4.3779505173 61.7101166676
3.5094652967 4.9342608630 61.0291251683
3.8050831450 4.0472489490 61.4767838518
3.8415785571 4.5924063818 69.5573771011
3.3938571617 6.1341586023 60.3674356676
4.0501773521 5.3988676658 69.7274258912
3.1875490559 7.1491986020 59.9296899034
3.7627554458 6.9383566724 59.5357473735
3.5966464379 6.5689889119 59.8938973057
3.1382714498 7.3339485591 69.2742457628
3.8064440339 6.4730174230 69.6664525924
3.4297049796 7.8009787002 59.3926312344
3.9593462702 8.1954633440 58.8397682494
4.0241682815 7.3712717132 59.1050180852
2.7510553971 8.1488864159 59.8834696159
3.3151491570 8.3789189624 69.2031243628
3.9822257905 7.7507674577 69.6760082834
3.1192247759 8.9524868552 59.2846845997
3.8492070845 9.3563406823 58.5737799747
3.4768565744 9.0809206027 69.1650511102
4.0939202556 8.9093612578 69.5524619101
3.1078386526 10.2438102837 59.0246029294
3.8126722986 10.6886681631 58.2750123135
3.1069571506 10.9912508117 67.6997222773
3.5526402448 10.4403692820 68.5094888745
3.8038550871 9.6839285811 69.1159735065
3.0608693727 11.5538346579 58.8932538386
3.5915825076 12.1193801989 58.1755103708
2.6876997833 12.2572026791 65.7139488964
3.2013981126 12.0028688945 66.7968474183
3.6098592263 11.7008891785 67.6639085882
3.7277596836 11.2567237183 68.1507385570
3.0095936264 12.9819903743 58.8312376766
3.4830741188 13.1500455419 58.0888247925
2.6520748784 13.0291241935 65.0196527177
3.2642181476 13.2316045519 65.8269425121
4.0292670711 13.1483712222 66.6740571570
4.1594544214 12.3848890412 67.4253850255
4.1546240142 11.7652411034 68.0154967959
3.2664788833 14.1373953709 58.3421718812
3.7509824439 14.4015856971 57.4808430412
3.6129566106 13.6476246683 57.8024250780
2.8099692238 14.2451665492 59.2679677644
3.0094127723 14.1976386823 64.9231637394
3.5831538392 14.2082827738 65.5923555442
3.9041829792 13.8554366080 66.0728334997
3.3747849927 15.3646990485 58.1617469450
3.7315898878 15.6631893300 57.4101636288
3.0275396207 15.2776519598 59.0507465933
2.6845430522 15.2843344230 60.0084509615
3.0785151004 15.4548089705 64.5303634358
3.7253462310 15.1794972802 65.2724835672
3.4995015644 16.3747591157 58.0640731866
3.7864525669 16.5381657809 57.4904642159
3.2337221626 16.3017558922 58.8749318179
2.9999981263 16.3202580908 59.8355475636
2.7591236253 16.3648586696 60.9335164506
3.1786141602 16.5812915051 64.2034253263
3.6161673821 16.1271714379 64.8653600764
3.6787106781 17.0175522816 57.9549155494
3.5272069587 17.2103613435 58.6798748802
3.7643091164 17.4303160119 58.1551594314
3.2836347043 17.0937610277 59.5408861424
3.2582176841 17.4295747618 60.6045310502
3.1069755553 17.4255105356 62.0599836703
3.1578579263 17.3421902171 63.4244806736
3.5536584855 17.4461396913 64.2535461321
3.8854848537 16.9748626319 64.7744079530
3.9842719508 17.9587082481 58.5209802889
3.6886250792 17.9585243493 59.6386051765
4.2092429786 18.5339418835 59.2290370979
3.7241013665 18.2771538720 60.6034606417
3.6071445970 18.2102524122 61.4434105644
3.6494209695 18.3141184883 62.2643522508
3.6129505701 18.1673565262 63.0358660046
4.0795477196 18.6996585999 62.6968613651
3.7820767926 18.0702573746 63.9184703491
4.1410748110 17.7960788945 64.5716443371
3.4489670932 20.7522160868 39.0640028679
3.8128290685 20.3764353895 38.2549485609
4.1135431165 19.8834654210 39.1324159024
3.8929305683 20.2340005834 39.7142785262
4.2739413480 18.7799720113 60.1459983488
4.3722903111 18.6883925717 63.5148084321
4.3842909769 18.3617797011 64.2561653805
3.1170523239 21.5219947303 37.9745174094
3.5302503763 21.4838512535 37.0757625833
3.7148366969 20.8545715546 37.4724770530
2.8825558427 21.5029339139 38.9075792323
3.5446832212 20.7816187877 39.8790091017
3.0375180561 21.4126068909 39.6402770681
3.4078686941 21.3643327735 40.4752655713
3.2492743876 22.2717305814 36.9721389525
3.6143702869 22.8190118401 36.1587925382
3.6959572500 21.9073010949 36.4695334820
3.2074077768 22.2038922207 41.0658768470
3.0643505775 23.3724017877 36.7907787308
3.5148928327 23.9794595481 36.0317005432
3.0906557712 22.8473006641 41.5477726875
2.7642139589 23.5617001942 41.8272070117
3.3693184005 22.9743622335 42.2995311032
2.9963113336 23.9598069727 42.8424823324
3.7259123382 23.0597152689 43.4341839223
3.3355705891 24.0616799733 44.0479543423
3.8405758843 23.4031479902 44.6175465574
3.5319809947 24.1748929006 45.0718959123
3.8848370151 23.7002183593 45.4511028719
2.9791448519 24.6572714291 36.8014756031
3.5222430897 25.1089044266 36.0009823372
2.8723104785 25.0381616440 43.6113883428
3.2079986380 24.9410084907 44.7412821187
3.7039635762 24.2314834011 45.7953738238
3.4662792135 24.9449874098 45.7517563631
3.7441272025 24.6119590993 46.3291389221
3.1862081027 25.8422031575 36.7101734475
3.6672749694 26.1341133114 35.9584120080
2.6854660450 25.5883018302 37.4125327603
2.7335133425 26.1781959326 43.5329099119
3.0396483224 25.8981790768 44.5016004996
3.2653102690 25.6894761456 45.3544990719
3.6527255943 25.2059282165 46.5284722315
3.5068862963 25.9275327430 46.2328348336
3.7665650508 25.7152817132 46.9831858594
3.4721387784 26.7654036563 36.6168473319
3.7880816511 26.7790086889 36.0076843970
2.9487031103 26.6718501250 37.5684541711
2.8393672209 27.2371987651 43.2040613561
3.0288962702 26.7785325447 44.2207887719
3.3447200260 26.7637302456 45.3375123663
3.6157681944 26.7818881197 46.3607910014
3.7580130763 26.3906477874 46.9378922291
3.9602672752 27.3870386718 36.2325916210
3.5403044135 27.5191014467 37.2213413686
4.0831702643 27.9982351233 36.7910694035
3.1262241886 27.6805234220 38.4149516286
3.0325804651 28.0870167108 39.6764757559
2.9836791657 28.1839985411 40.8337326449
2.9789902070 28.0039000046 42.1225906234
3.2705712504 28.0870960207 43.2618827562
3.3315870058 27.6896190747 44.3221752496
3.5953451160 27.7484942892 45.3237437271
3.6806823398 27.4192778318 46.0325470748
3.9484770703 28.2707261729 37.6474686433
3.8456195151 28.6384848404 38.9020565245
3.6432469690 28.7466298834 40.2369178474
3.5836859907 28.7572815894 41.4768661852
3.6260683007 28.7213622913 42.6977478430
3.7037691913 28.5928041667 43.8686422614
3.7484444371 28.3450675978 44.8460378203
4.3043431231 2.8899003647 62.7890401395
4.9441424758 2.8691810637 62.0575052238
5.3781430294 2.4339323292 62.7012564254
5.1508622213 2.2556501672 63.6991923555
4.2105870360 2.5894037297 64.0767853456
5.0362908828 2.1208908762 64.8622320712
4.0993500757 2.4675753149 65.2451583816
4.8922841313 2.0768125889 66.1378275372
3.9803614565 2.4064318572 66.1581682134
5.1193027800 2.0267531921 67.2320234504
4.6635953270 2.3045164532 68.0307139670
4.6027647454 2.6242670968 68.7367208213
4.3605942576 3.4092868654 61.7603992796
4.4790222208 4.0655229685 61.0724168901
5.1618480013 3.2756444426 61.4155848694
4.1676130119 3.1273177069 69.0420577572
4.7105921359 3.6338915459 69.4801818161
4.4525310283 5.0631662182 60.3594030213
4.8593536612 4.6244208415 69.7882812928
4.1388979566 6.0826974146 59.8062043258
4.8347970389 5.8633087246 59.4896782552
4.6838026617 5.4837797565 59.8653407567
4.9174678385 5.6786733402 69.9442439184
4.3930530545 6.6379270051 59.2502935750
4.7716031688 7.2384937631 58.7250254568
5.0173343832 6.3553037583 59.0501766726
5.0003146570 6.9166722179 70.0693052579
4.7940606837 8.4118137963 58.2255070724
4.9360918489 8.2585771833 70.0060280066
4.5161360575 9.6376947613 57.9913649740
4.7948815575 9.0679242648 69.8093051580
4.5007752574 10.4774747853 57.7478000727
5.0192477438 10.7153337831 57.3002113799
5.0227411977 9.8930555759 57.5567146383
4.3141484158 10.4107037411 69.0311497938
4.7510263295 9.7623805189 69.5099641694
4.2877414769 11.4761425861 57.6432250379
4.9124278903 11.9392632413 56.9544539105
5.1615843039 10.6355365584 69.1485285230
4.4963154712 11.1902900255 68.5675842355
4.0577263807 12.9617569862 57.4310607883
4.6599703846 13.0311782017 56.7452391649
4.4622509676 12.9801697213 67.1471021580
4.9958693398 12.8696473495 67.4565306291
5.0541412401 12.0882423561 68.0444180347
4.3777044424 13.9896384567 56.6969688378
4.9346515595 13.9101098686 56.0889100895
4.7868804832 13.4453917098 56.4302256808
4.1530498864 14.6080550376 65.8541032007
4.6595499436 14.1394767623 66.4050519303
4.8759015525 13.4575988133 66.9743377703
4.6220001909 15.0369284517 56.1110203059
5.1931287246 15.3355211689 55.3367791754
5.1905163677 14.4634814298 55.5956709560
4.0874595685 15.0637588067 56.8331280895
4.4198157954 15.3281523521 65.6798147309
4.7798587531 14.9290343139 66.0361864984
4.7270706858 16.1840011471 55.8592650577
5.2226561237 16.3736102015 55.1680491946
4.1802686849 16.1562061958 56.7462913818
5.1304288168 15.6315073515 65.8136405345
4.3996292851 16.1907889595 65.3135188893
4.9042525737 16.9650439358 55.7112369913
4.5539311260 17.0697670727 56.4106733581
4.9384846155 17.5976201228 56.0496603303
4.1045535358 17.3397193552 57.4746079943
4.7216182865 17.2411759530 65.0464081974
4.4617822864 19.5448180906 38.4217799749
4.7432368475 19.3515423780 37.8114494605
5.2158664916 18.8232430257 38.4102640622
4.8374426287 19.1522662528 39.3475588120
4.7425304186 17.9374559326 56.8487698396
4.5276655747 18.2729581792 57.8190562219
4.4672261174 18.5888156987 58.5934627865
4.9152392464 18.8419636257 58.1842890145
4.0684900251 18.7159915889 61.0558150998
4.1476894834 18.7869563274 61.8820034758
4.9370242205 18.0462720480 64.6992227245
4.5312589827 20.2058043095 36.6072794589
4.9060941669 20.0730520073 36.0177204744
4.8558321886 19.7415797482 36.5793611529
4.7811745354 19.5663004197 37.1084694521
4.2625369353 20.0835663405 37.4819089149
4.4455371744 19.6587684335 40.0133411280
4.0577806799 20.4124854751 40.5566199680
4.7319368214 19.6452799842 40.9622652624
4.4607541240 20.2672854262 41.3877627839
4.9370811354 19.7716974611 41.8749243607
4.6202510867 20.4467426438 42.0496672375
5.0050766562 20.0654201186 42.5712265758
4.9119151345 19.0991441067 59.1763234943
4.8366962612 19.2215098037 60.1197347767
4.8368310537 19.2575768835 61.0769762638
4.9602289599 19.1997246862 62.5409063487
5.2525771351 19.0149441427 63.5132250494
5.0991530175 18.6237341079 64.1647541502
4.5290570392 20.9028607811 35.8353762233
4.7329632416 21.5007219432 34.9241541162
4.9459638873 20.6187509930 35.2615546986
4.0336759072 21.0411217679 36.6415519224
4.0330518079 21.2659662049 41.6074379675
4.5308136642 20.9429174864 42.3359041002
4.8207984519 20.5508202940 42.6778529855
4.1682012467 22.0315134688 35.6760605019
4.5706484947 22.6456352752 34.6245412965
3.5602117124 22.2908836786 41.7803060647
4.3861833018 21.4374536950 42.5154045517
3.9979479968 22.1591121765 42.5880160952
4.5020794189 21.7444508565 43.2142936045
4.2392152478 22.3313833051 43.4767238785
4.5685050250 22.0347328194 43.9219822806
5.1307608633 23.4100555585 31.5439100425
5.1950608076 23.3981743932 31.3630878980
5.1930065210 23.2024161188 31.4477291935
5.1581986729 23.2882383726 31.7370803842
4.0878249808 23.4595959455 35.2519210981
4.5273861383 23.6361221902 34.3964853832
4.2726527933 22.6331341584 44.2755517753
4.3821208899 22.9601010273 45.4428751119
4.0979766120 23.9001304529 46.3217940773
4.6787919868 23.0762249880 46.6807754161
4.4402293121 23.9792787978 47.3632147411
4.8158608483 23.2948254826 47.5870332987
5.2553346900 23.6801170975 31.5604693643
4.3400230763 24.6055848566 34.6157884932
4.7467328563 25.0937594609 33.7608524390
4.7062279872 24.2002385392 33.8944887681
3.8858597478 24.5276301199 35.4065578930
4.0039079591 24.9063506496 47.1229034035
4.7015997720 23.9011778305 48.1136359586
4.4491772650 24.8638110747 48.2790933201
4.8456651844 24.1497612852 48.8984050665
4.7114295500 24.9991714880 49.2373640567
4.9997519533 24.5507296428 49.6910363580
4.4537303946 25.7648142406 34.4465305955
4.8815977972 26.0471967184 33.6818280165
3.9973862632 25.4840341144 35.2566401854
4.1161199697 26.1840906722 47.8208553220
4.5627070008 25.9673696178 49.1821267037
4.9002177275 25.4436756980 49.9604321024
4.6813721794 26.5178767309 34.2708912377
4.9794947270 26.6459894990 33.8047692343
4.2325824546 26.6591429410 35.2380065498
3.9812657792 27.3290146798 47.0127265685
4.2245471449 27.1814837390 47.9015861399
4.4913173196 27.1444923924 48.7479054363
4.8324656770 26.2338673384 50.0713278200
4.7618425232 26.8729403045 49.7848997507
5.0147526832 26.7501389261 50.4533504210
5.0702571943 27.2391525751 34.3505891581
4.5609932848 27.6365042745 35.5245055575
4.3864749244 27.9888730776 36.2095402865
4.7187136418 28.1213457296 35.8990625015
4.0416051977 28.3324720781 45.9606482824
4.2356725725 28.1810187711 46.9466578562
4.4575493389 28.0413139603 47.8458436120
4.7214273692 28.0000111007 48.7846054150
4.8921341047 27.6997325796 49.5613917835
5.0738545787 27.3573620680 50.3005409765
4.8317314061 28.5358780912 36.6124062200
4.5518630270 28.9104574926 37.9222678569
4.5456520049 29.1892195265 38.7534500114
5.0557829022 29.3374252509 38.2628867104
4.3726423079 29.2615066349 39.6694553966
4.2485867389 29.3474213837 40.8608125037
4.1796210303 29.3742183119 42.0936194872
4.1821186556 29.3417776107 43.3455586972
4.2269193223 29.1673838270 44.7201751099
4.5318753437 29.3060536666 45.8400967980
4.6037447419 28.9218742935 46.9158357514
4.8496561545 28.8684001418 47.8487472881
4.8463766734 28.5315367043 48.4385254534
5.1192655574 29.5758501935 39.0872194173
5.0792843098 29.8495200492 40.2521286020
4.8291282316 29.9350268215 41.4976675298
4.7566725717 30.0281970759 42.7384777488
4.7435104536 30.0590580720 44.0255831189
4.8426741969 30.0367243978 45.2478393547
5.1131272674 29.9755385154 46.4524478981
5.2520293834 29.5715826893 47.5876503531
5.1453692111 52.2376971714 71.5073210233
5.1806385158 52.1839923017 71.2299292526
5.2370937976 52.1045465602 71.3919946283
5.3025088287 52.0653824682 71.7579443614
5.6850108074 2.6898386764 61.9195431689
6.4174567802 2.2903958497 62.6195390154
5.9932994952 2.0665125995 63.4490906820
6.1998109857 1.8128144712 64.5483558205
5.8500673011 1.8221265714 65.6037758962
6.2054944457 1.7273873242 66.8468162544
5.7752674809 2.0244980456 67.9824634153
5.3670542167 2.4333475371 68.7311015157
4.9340662738 2.8783742738 69.1407066527
5.6991688367 2.9273435144 69.2793315304
5.6828134740 3.9537407910 60.6852290019
5.9482984459 3.0812733500 61.3364798771
5.8341123176 3.7502075054 69.6782688437
5.3701996861 5.0550626987 59.8603683891
6.1166852262 5.1366547372 59.5136648452
6.3966602900 4.5112042498 60.0168089139
5.9410089370 4.7442140433 69.9523327808
5.5465233526 5.7111938029 59.2494838434
5.6891967794 6.4257526146 58.7400645058
6.4087702037 5.6791285786 59.0492398200
6.0919657719 5.8407800387 70.2003455683
5.7560930425 7.3374849908 58.1936338175
5.9308429470 6.7516684379 70.3619359885
5.6900842676 7.5138069920 70.3439361002
6.3520330154 7.0692511947 70.5138882930
5.6142495315 8.1609764779 57.8308142727
6.1454164878 8.4572182464 57.4727559434
6.1849880419 7.7299877566 57.7600980232
5.7788017094 8.2615491570 70.2811482990
6.4240516011 7.7165707135 70.4964569633
5.3078246554 9.0200257493 57.6762174282
5.9137508963 9.6657061696 57.1107004488
6.4868256778 8.5498301761 70.2871010569
5.5660823550 9.1110402098 69.9566802902
5.6366722796 10.9068681867 56.7927370006
5.7566783311 10.0449173830 69.5673691367
5.5894790990 11.7258711504 56.4973790863
6.0951301628 11.8793636136 56.0628861301
6.0841366124 11.1528049895 56.3830124658
5.9776103216 10.6596901512 69.2196761231
5.7833638879 11.3110472859 68.7109429702
5.3020769332 12.7924376668 56.2560062601
6.0719468438 12.7337739296 55.6535294995
6.2573085812 12.0619645520 68.1709560139
5.7939996683 12.6768714529 67.7511070236
5.5548669636 13.6154227509 55.6265678481
5.8450972632 14.3314440074 55.0121146165
6.1380014071 13.3836877220 55.2293923884
5.4557181041 14.0552041867 66.7880199998
5.8896737200 13.4158172532 67.2683724234
5.8051802801 15.5525059051 54.5487069948
6.3400765913 14.2323303738 66.8297533483
5.6247588438 14.8480311652 66.3312549200
5.6492131251 16.6978691654 54.5302435724
5.9703550111 17.0604112367 53.8833360607
6.0159134359 16.2142489723 53.9825479680
6.1550169315 15.7641266672 65.8979909031
5.4414719900 16.5289385487 65.4682858019
5.7277969166 17.6159781684 54.5079385864
5.9742907581 17.8818119096 53.9663360471
5.3201898979 17.4414537200 55.2845445786
5.7082138600 17.4269837833 65.0842106433
5.3173133604 19.2519837752 36.5706524840
5.9445810329 18.9021780337 35.8895220314
5.8825872449 18.6509867271 36.6282834516
5.7855386588 18.5022120868 37.4640587352
5.1447609317 19.0441933778 37.4988795625
5.9571935877 18.1962090240 38.5353511547
5.7719942376 18.3890066718 39.6326893431
5.2016557794 18.9959661868 40.4417952790
6.1596125363 18.3737608989 41.1326557366
5.4362046906 19.0908108961 41.5960046503
6.2531081874 18.6744136403 42.4409718794
5.5381695670 19.4168074812 42.7878813685
6.3374347370 18.9016584468 43.5987978055
5.8366037554 19.4508896693 43.9864293617
6.3549820858 19.0312855140 44.4423194509
5.8510615337 19.4041757554 50.9526252390
6.1423131400 18.9322071980 50.2171261545
6.1020657764 18.6716206470 50.8703563508
6.0677458602 18.6633256242 51.4689389230
5.8652500686 19.3696759504 51.8142542559
6.0226759638 18.8514867810 52.1624932120
5.8938130663 18.3155764509 54.4452307174
5.6929913752 18.3253763668 55.1139990537
6.0128952498 18.9348625713 54.7812257467
5.3583867267 18.3818296881 56.1291280155
5.1539640334 18.7107327113 57.2932991261
5.8685536569 18.1925497914 64.6119674885
5.7727504100 20.4467205251 33.2375028816
5.9773024184 20.4991783363 32.2457792732
6.3632146633 19.8576422910 32.5808978820
6.3525847455 19.4216447838 33.7381440886
5.7449061397 19.9363360885 34.2829879765
6.0832960932 19.2145779758 34.8555214653
5.4282180858 19.8199924222 35.3065000302
5.2254386037 20.3434135593 43.5816474052
6.1017455109 19.3453233137 44.8351373659
5.7244402750 19.9711557784 44.8505253437
6.2185538682 19.4841985095 45.7818700339
5.7919977562 20.3324117857 46.0031432901
6.1287993451 19.7575835389 46.7266436077
5.8498119465 20.4200642823 47.2267521107
6.2945420831 19.5147172390 47.8131072700
5.8480295049 20.3425543605 48.5433619412
6.2059531251 19.3286373342 49.1048779313
5.7938274337 20.1259666203 49.9259486230
5.6852285585 20.3205423391 50.9057952195
5.7365445382 20.0047116499 51.5197845203
5.9451737881 19.3835437807 52.4253492615
5.8534469614 20.1007735664 52.2449733958
6.0120979320 19.7674284562 52.8240411703
5.9659903507 19.1634306042 55.6237621044
5.8420741417 19.2639036448 56.7604099721
5.6280101680 19.3458215339 58.0262509541
5.7397647526 19.5728468481 59.0239003628
5.4679133363 19.5535334498 60.0286055175
5.6500063884 19.7023709868 60.8964549657
6.1272347524 19.8427523322 60.3455559078
5.6079244097 19.6502876574 61.7231265521
5.8315297342 19.5991962281 62.4218543375
5.9626907564 19.3044325440 63.0718149333
6.1599003498 18.7849314399 63.9277125337
5.7310692337 21.6914939276 31.0581704848
6.1009422076 21.3850744723 30.2701178096
6.0449005857 21.0461580841 30.8594916094
5.9950340365 20.8309478386 31.4675493301
5.5925004427 21.3722513995 32.2532495668
5.3463758379 21.3797362703 33.3119115596
5.2583169986 20.8095944835 34.3110576745
4.7430291351 21.0639864499 43.0062821124
4.8858053772 21.3822511613 43.9107462563
5.3412335380 21.0530160962 45.1024894215
5.6268671311 20.9538204117 45.9610751266
5.7330246703 20.8379911061 46.5411479277
5.6961545376 21.0294771462 47.1058520470
5.5942243883 21.3239313890 47.9168751191
5.5630065452 21.4793622485 47.1414802428
5.6021664610 21.4976354822 49.3109976234
5.6394031414 21.2392866348 50.5183702015
5.7456497967 20.9377045503 51.6051010476
5.9302840743 20.8819306344 52.4199380533
6.0224266393 20.3983490487 52.8401388644
6.3324075462 19.8859994484 61.1515496159
6.2125843615 19.8058305921 61.9687164766
5.8026429064 22.3542029810 30.1998502691
6.0936221751 22.7347454598 29.2517245245
6.1726165156 21.8982324541 29.5006867418
5.5369809826 22.4619806917 30.9178084205
5.3372231080 22.6250510703 31.6830862390
5.2048868675 22.3402821298 32.8617520916
4.9964576283 21.9878429568 33.9358028167
4.7830171380 22.0272798570 44.7655979365
5.4806624586 21.3783804737 45.9701577168
5.0842411205 22.0612370652 45.9806987392
5.4897445973 21.6040693073 46.5809369812
5.2266259789 22.2989680921 47.3751042435
5.4105634852 22.3433449894 48.7318357426
5.5513788686 22.1860552188 49.2593404009
5.5762076474 22.1871434493 49.5342467561
5.5577600072 22.3524088750 50.0849484036
5.5226474194 22.5608745672 49.5900727106
5.7462621893 22.2532776070 51.2680950431
5.9928400459 21.7541271426 52.2428826159
5.8355558012 23.1682347923 29.8923090588
6.1031060630 23.5723284935 29.3236895189
5.4722773821 23.2341885572 30.8779113262
5.1521354656 23.4611145069 32.3743916367
4.8853513046 23.2415291756 33.6046463147
5.0475502946 23.2244899208 48.3845741601
5.4978186407 22.5597863367 49.3151663555
5.3122098751 23.3314267104 49.5769783628
5.5972684005 23.3873422126 50.7776129498
5.8709147132 23.2849552977 51.5776220269
6.0418248257 22.7199267723 52.0770653036
5.8983746893 23.9301317805 30.0754009371
5.6380518735 24.2370458221 30.9812341281
5.3793461478 24.6123320706 32.0109835336
5.9143218963 25.1798256873 31.1336904035
5.0014979581 24.3607571359 33.0951452685
5.3763034680 24.7774772902 50.6620870231
5.8234190403 24.2301313947 51.5151871916
5.6836336565 25.7753148597 32.0554694199
6.3438932431 26.1292821517 31.2457105587
5.1690544254 25.4425444482 32.9251114554
5.1634180276 26.0635067187 50.6605715643
5.7785129873 25.1471501340 51.5808318930
5.6049975272 25.9432075795 51.3987689166
5.9885589243 25.7673622033 52.0717678299
6.0325788197 26.5073541627 32.0972307684
6.5681385687 26.7570285334 31.7520326424
5.4716686340 26.5711406166 33.0815155213
5.4747380439 27.1284269463 51.1122935522
5.9775003391 26.6837620127 52.1094529888
6.3448219054 27.0578198580 32.5588565802
5.9851602151 27.4465974586 33.5393410439
5.7640511429 27.8843241592 34.3661459505
6.5117458217 27.9892961858 34.0286702541
5.2506481861 28.1193463350 35.3148993278
5.1058118713 28.4770329678 49.1836831751
5.4502862753 28.2362125767 50.2945947089
5.7795933702 28.0963703704 51.2689345940
6.0215430720 27.7350735952 52.0030600072
6.2050847643 28.3406967121 34.8904533870
5.8662777070 28.6946568689 35.8393241479
5.7008578779 29.0312206838 36.6295708394
6.4343446354 29.0803265573 36.3384799236
5.3393405223 29.1809699308 37.4374559187
5.2696640628 29.1247091326 48.5062820885
5.6570594815 29.1194937979 49.4540426001
5.9085221937 29.0561954946 50.2747848100
5.9885686137 28.7721281468 51.0144414028
6.1379225373 28.4921125868 51.7517215052
6.1826623571 29.3378764764 37.1565595566
5.9126690086 29.5747813774 38.2534569037
5.9803278378 29.9705018291 39.5154523251
5.7717669696 30.2525853268 40.3135080876
6.2994278031 30.3269346954 40.1896141813
5.5067619567 30.3436259081 41.0577186616
5.3915550346 30.5312109558 42.1223551578
5.3638941069 30.8740526055 43.4478263149
5.2492720410 30.8836121300 44.7530112291
5.3732009471 30.7985666245 45.8176076751
5.6249393095 30.7429051809 46.5914269457
5.7698435732 30.4106028696 47.3306897186
6.0927150268 30.0279119870 48.6242163533
6.2741333951 29.6752260317 49.9297133091
6.1874093881 30.5522352211 40.8354593596
6.0033073761 30.7312946969 41.5914724028
6.0658724269 31.1759990880 42.5594961225
5.8684156890 31.6015006099 43.5178791275
5.7011200235 31.8398416215 44.4765238827
6.1532375869 32.2768186954 43.9179712293
5.6879827701 31.6958600940 45.5193158398
5.8980605499 31.4563721227 46.3780743865
6.0606084321 32.8199408693 44.7028575048
6.6065614394 33.0618065849 44.2442203984
5.9472849102 32.6151227254 45.3659043149
6.2415784649 32.4490342790 46.1910068827
6.2958365229 32.8666936701 59.3236130669
6.4805065279 32.9436185469 59.0289554655
6.3826397190 32.6002610557 59.1463441884
6.4646997058 32.5146296279 59.4396339212
6.3615600237 32.9521195992 59.6280838664
6.8095195080 32.7579996703 60.0557867969
6.3362220792 33.4154320454 44.8344496097
6.7485419796 33.6191820532 44.7372715055
6.1920194456 33.3293505575 45.2889975208
6.2752286397 33.1535536925 45.7919600913
6.3951620082 33.3175711280 59.5023850054
6.4582127310 33.2539999711 59.8409987593
6.6007011486 33.7167764538 45.2130532481
6.5272359932 33.5717885752 45.6687034000
6.1584445535 41.7241916303 69.5118482615
6.1707463602 41.8312596385 68.9430903209
6.3217356741 41.1616245352 69.2585845657
6.3759644628 41.2364509139 69.7620104635
6.0673063991 42.5418214006 69.5553878889
6.0868088361 42.7533154434 68.8078453119
6.2743499282 41.9476411945 69.9924675262
6.0068682629 43.3236377483 69.3679773642
6.0863519772 43.7131446684 68.8799993633
6.2447418277 42.7244642527 70.1690958661
6.1204556138 43.4785260750 69.9999161202
6.6428161773 43.3130529859 70.7053032673
6.0498088825 44.0260131224 69.5735394623
6.1482760679 44.5134216711 69.2450924501
6.1595104330 44.2283814146 70.1191527393
6.2833193666 43.9868791215 70.4063156182
6.1920115017 44.6643619300 69.8612250983
5.8102896644 50.9269364026 69.9118326266
5.9604595267 50.9437387399 68.9793589142
6.0325731555 50.3293106406 69.2645789237
5.9865202073 50.2457188647 70.1024143471
5.7576239239 50.9489255374 70.7829614428
5.9592000981 50.3923863313 70.9391496330
5.6998437228 51.4851078464 69.7374186034
5.9176598102 51.5168557939 68.7813239262
5.6002584692 51.4254958392 70.5513175179
5.8259744897 50.9174226048 71.4788213640
5.5490571903 51.6243903131 71.5733463866
5.8888310118 51.1224217279 72.2391374063
5.7652484015 51.6220609865 72.5449180050
5.9974263670 51.3484423230 73.0181843216
5.7065951224 51.7667229202 69.4844423395
5.9111258552 51.7339138648 68.6954328448
5.4310916520 51.8613452160 70.6818748535
5.5910616117 51.8560837635 72.3419808911
5.9352687575 51.6843436121 73.2393030978
6.8668245520 1.5723999826 64.8723379883
6.8546300253 1.6266285352 64.5096134118
7.0409242481 1.5398699066 64.7235523200
7.2168086856 1.5924362243 64.9526096836
7.0650810609 1.4829064696 67.3260110126
7.1519956440 1.4576122330 66.7326418290
7.6744366157 1.3611278644 67.2435988060
7.4926773156 1.4606080128 67.7409073023
6.4258560559 2.6879301998 61.7607441996
6.8544045065 3.2184595892 61.1966971600
7.2938530068 2.6285457458 62.0687726990
7.3215874004 2.2380463518 62.9706011886
6.9714390551 1.9076912209 63.8877199283
7.0335163886 1.6079713297 65.6650356957
6.8943443415 1.7710527393 67.9969914171
6.3792640086 2.3174539451 68.7679689865
6.7671820628 2.9814090617 69.3682101591
6.8724226130 3.9003214172 60.5462229841
6.9193006168 3.8817258078 69.7784925613
6.9771534216 5.0144018127 59.5462172191
7.4298907260 4.3963357194 60.1363837415
7.0346583064 4.8224398682 70.0658428327
6.7892438617 6.4731451613 58.4554674229
7.4649271335 5.6654859370 59.0473034231
7.2304151072 5.6210663671 70.3251762268
6.6048257150 7.2015131819 57.9397455999
6.8933568663 7.7507126586 57.5773782047
7.4643296177 7.0490740086 57.9663069262
6.6938732129 6.3929965296 70.4650740410
7.1724944452 6.9490738288 70.5862839214
7.0727214546 8.6783848008 57.0801366593
7.2520966969 7.8548448500 70.4996631979
6.8591553184 9.5508934987 56.6311005768
7.2854375531 10.0477542275 56.1399608316
7.6607510505 9.2811019991 56.4833324194
7.3668267054 8.6836175755 70.1920819182
6.6470317944 9.4767928730 69.8499834621
6.4099788938 10.3518089543 56.5036570545
6.7348069200 11.0048224062 56.0361082159
6.4711333192 10.2465419545 69.4521073021
7.2007941705 10.0551074562 69.4105170202
6.7007985048 10.7375276124 69.0562923897
6.8341008275 11.9275630684 55.4827802525
6.9030145437 11.3601765515 68.5615176227
6.5646967414 12.7936915221 55.1887593620
6.6917931187 13.4275127337 54.6173700897
7.0694118904 12.5168187194 54.8261924645
7.1705568622 11.9090593302 68.1386527347
6.8942947396 12.6893281139 67.6908086130
6.4616605337 14.5316723535 54.2063206174
7.0159440289 13.6057632941 67.1859028030
6.7534241600 15.6385048273 52.9314503714
7.0455842839 15.6900208952 52.2512802868
7.1747723266 14.9569046265 52.6735407585
6.9248094364 14.6776758882 53.3982893408
6.3834462608 15.4795892584 53.7349551358
7.1762852420 14.2385058813 66.8279361526
6.9082863624 14.9485392040 66.3664395733
6.6534571070 16.7537576933 52.1814638152
7.0015764688 16.7903586970 51.2190077546
7.1620736235 16.1010455739 51.6336424307
6.3274756181 16.4353533880 53.3032755231
7.2203333438 15.7955098973 65.8146270509
6.5320677703 16.6174152538 65.4385608627
6.5619154089 18.1035222553 36.5457680028
7.0170324991 18.0022779346 35.6390911811
7.4945330364 17.5357490868 36.0621308511
7.4415997360 17.2504243901 37.2823022961
6.5710406953 17.7847000022 37.9374461518
7.2817303789 17.2048048675 38.5932643188
6.5742639028 17.7249361468 39.1565443101
7.4014426480 17.2353881130 39.8428723235
6.6708785840 17.8072444623 40.3409919462
7.4212060188 17.5055384059 40.9275057787
6.9251612030 17.8684941277 41.2707843216
7.4593960899 17.7308349497 41.6692753282
6.5460864267 17.8448166524 50.9293395677
7.2102900137 17.4533462261 50.1228279731
7.0785892650 17.0787274702 50.7271426898
6.2523583582 18.0852216720 52.1288251387
6.1987411370 17.6800424287 53.1724886500
6.7991711490 17.4977268318 64.9238695127
6.6762084133 18.7399885032 34.5224364407
7.0590706196 18.7002365103 33.8508788360
7.1035473772 18.4181706782 34.3984058863
7.0706822361 18.2325909315 34.9213185547
6.5366001680 18.5127810121 35.4002066662
7.1070048436 18.1166544047 42.1719872697
7.1788124196 18.4690985679 43.3678210842
7.1352147050 18.7220747764 44.6431945922
6.6083183472 19.0174310359 45.2612521766
7.3083802874 18.7727369416 45.8870000183
6.7711596650 19.0236548611 46.0752717361
7.2079975412 18.8437852351 46.6313376806
6.7948216425 18.7813154696 48.5524220111
6.8617812549 18.9478220392 47.7003578358
7.4539848111 18.5336399278 48.0068747920
7.5034440256 18.0078238627 49.0699548243
6.6885423546 18.3855784263 49.6471470302
6.1036089543 18.9280738779 52.8973223608
6.1181672088 18.8196972955 53.9367492429
6.6724155826 18.2269393629 64.4676891328
7.3225764642 17.8715844333 64.5395205193
7.2772063973 18.4024802600 64.0493402218
6.4954226743 20.4677467333 30.7752214413
7.1250232940 20.1095638111 30.0564011087
7.0649451034 19.8378708652 30.8235545972
6.9419955035 19.6331735792 31.6847704742
6.3257988809 20.2082100607 31.7393045335
6.9953333722 19.1436315312 32.8858770511
6.6497256923 19.1719691355 46.8537400715
6.2106140294 20.0466795421 53.4885422882
6.4266397245 20.0037326959 54.7909032763
6.5144300579 19.9384338714 56.1472280873
6.4668570433 19.8579194154 57.3188744649
6.4110344377 19.8291880265 58.3994137872
6.3144922206 19.8372138589 59.4508244587
7.2093086041 19.0924007883 63.1344110789
6.5374518343 19.6232210033 62.4997521397
6.8952660294 21.5865013109 27.5541311562
7.2546187423 21.3104134552 26.6814456288
7.2648236518 21.0053110801 27.3278545775
7.2636860402 20.7686197522 27.9766427276
6.8478353336 21.1630830978 28.4817699749
7.1991720688 20.4599954146 28.9787196226
6.5960071101 21.0509804728 29.4851444994
5.6461359121 21.1938405715 46.3358241905
5.6665997948 21.2143452003 46.7317948047
6.1922280878 21.1478231935 53.0111844510
6.5942949196 21.2455634385 53.9175290835
6.9050715025 21.0745899874 54.7510218162
7.0718334805 20.7575787059 55.5683886979
7.3209617956 20.4591062243 56.7398852509
7.0774441552 20.1145308355 57.7850885976
7.2248471377 20.0029160415 58.7550496352
6.9417799879 19.9175068465 60.0926427816
7.0687036458 19.8822980239 61.0202469662
6.8187750798 19.8302284132 61.7764073242
7.0731310127 22.8715005673 23.1265635071
7.2570425441 23.0160338029 22.2690482452
7.3627239556 22.3149064792 22.5708134396
7.3187126567 22.0679406123 23.4105159211
6.9688851459 22.7543921042 24.1255464105
7.2702119681 21.8953700498 24.5017866699
6.9079278596 22.6180070204 25.2454233886
7.2425812642 21.6818787364 25.6283098543
6.8427729403 22.3806302482 26.5129237898
6.6069505353 22.5696994130 27.5856482642
6.4778647546 22.0451736286 28.5596546662
5.5698954942 22.3705580112 49.4238345313
6.4546219674 22.4686450315 53.0344053033
6.8966738190 22.2155935329 53.8969066826
7.0298016437 21.7290681051 54.4023492095
7.0243989835 23.6705348601 22.8885309506
7.2193497285 23.7355505216 22.2111114583
6.8592341316 23.6605405603 23.8261739768
6.7555268447 23.5957203344 24.8969560385
6.6969059714 23.4928537387 26.0018297965
6.6113896702 23.4800777191 27.1223771045
6.3989049615 23.3861207285 28.3719800194
6.2277656755 23.7343955316 52.3408734928
6.6821958298 23.6760881196 53.1424681327
7.0326240085 23.1360199935 53.7668699355
7.1139881050 24.2735699068 22.6652864956
6.9603801322 24.5959103592 23.5124433837
7.2276324955 24.9594434511 22.8159152055
6.7848792223 24.5585121249 24.6174172852
6.7100721719 24.4918238004 25.6879700739
6.6717545158 24.3445839847 26.6277251634
6.6783499753 24.6621480728 27.7379767377
6.4162861099 24.6156455450 29.2528049781
6.0619327728 24.7038765112 30.3259196506
6.1480167718 24.9504078181 52.2330116654
6.6055303653 24.6982720862 52.9974973465
7.0937881828 24.2782912327 53.7269334646
7.1529033036 25.3804647657 23.4730867515
7.3517509481 25.5055882447 23.0286470657
7.0226668264 25.5416266296 24.4011333015
6.8337725114 25.3010835862 25.3718885241
6.8826744319 25.4641067434 26.5356560133
6.9971551668 25.6904971133 27.6277772704
6.9279611060 25.5359848076 28.5609428132
6.8261742882 25.5836968351 29.4405551558
6.4871951708 25.5105847213 30.2581213925
6.9951812662 26.0496231409 29.8870462528
6.4869411935 26.0549492699 52.9561929294
7.0086881906 25.4280353913 53.7039918470
7.5364926286 26.0544480896 23.6050369825
7.2943327155 26.3207645333 24.6496354331
7.1114398808 26.1658641580 25.4764983244
7.3792958637 26.6396283882 25.1134649466
7.2362808866 26.4251909176 26.3729611209
7.1974169876 26.2430823089 27.1239295316
6.8690595606 26.2359784063 30.4927292561
7.0613019844 26.7031082278 31.0436341618
6.4307501334 27.3816221229 52.8784805593
6.9823054048 26.3326835323 53.8203113299
6.8590454400 27.1005983077 53.6892482921
7.2389682278 26.8913763274 54.2499989792
7.6104298506 26.9203981770 25.6856666152
7.2880512402 27.1365032754 31.9846041285
7.0181126634 27.5947972353 33.1972159547
7.2183431506 28.0214439363 33.9428425369
6.5420126534 28.4998678541 52.6307679034
6.8981761984 28.0948063593 53.6080889210
7.2990459534 27.7189799413 54.3203038045
7.0572830684 28.3155136214 34.5870061481
6.9448901090 28.6922276819 35.5512872793
7.1695207502 29.0238658094 36.3321194007
6.2975600642 29.3751130974 50.7515515892
6.5368472457 29.2411008411 51.7137235870
6.9475006569 29.3544389015 52.7035671173
7.1322171733 29.0200668712 53.5109407251
7.4169873327 28.6514040347 54.2822862079
6.8503298947 29.2802074118 36.8566815236
6.9741987749 29.4580769550 37.7185792258
6.8893896283 29.7537524100 38.8642384446
6.7269708394 30.5081629655 40.6130708450
6.9770328159 30.1320909193 39.9550371096
7.2571893931 30.4336242181 40.7328128293
6.0698099117 31.1059292737 47.0305318205
6.5790067615 31.0674182388 47.8127708712
7.1723612887 30.8554512566 48.8365298064
6.9043773034 30.3631398334 49.7207249374
6.8903196764 30.0477800814 50.9223198496
7.1831457761 30.0103837648 52.2113810614
7.5782546711 29.8703295199 53.3803681531
7.7460771691 29.4278548173 54.2356599397
7.1096690963 31.1729333826 59.1489006229
7.2554319666 31.2691680826 58.4644492489
7.4742997109 30.6033033808 58.7826269878
7.5480826324 30.4559962808 59.3605366699
7.2965757679 31.0648626144 59.6832365015
7.8670737229 30.4949841103 59.9029959516
7.0159689983 30.9041706518 41.5879804785
6.7495835004 31.6685299715 42.6125645727
7.3113412182 31.5735055808 42.3441556618
6.2837165902 31.8296117700 43.1852292104
6.5444770925 31.8733685921 47.0278051901
7.1676203634 31.8116703712 47.6446215272
7.2771870605 31.3866507369 48.1668928069
6.7434250614 32.1234138532 58.9076651447
7.1450359534 31.9833170449 58.2267158014
6.8925895333 31.8425706278 59.5931353132
7.5618280517 31.5844103000 60.1712265613
7.2243321586 32.0053214529 42.8076641159
6.8108110632 32.3503295547 43.3784036520
7.7361292534 32.3748737999 43.2494102811
6.8114872695 32.6414352147 46.7429591797
7.1426699646 32.3557567859 47.1943918470
6.9784525309 32.8769651077 58.3939991762
7.6455208001 33.0426788670 57.7289737512
7.4532747403 32.2864683936 57.8080684336
7.6211115159 32.5536914936 60.6607182227
7.3129953900 32.9261745653 43.8275788868
7.4023498331 33.4863902741 44.4541203633
7.3792375976 32.8742178726 46.8620566290
6.8355185539 33.2262368475 46.2213519516
7.2446567081 33.8876399008 58.3246386678
7.8880172238 33.8883056589 57.7981722184
6.7409387521 33.8812793900 59.1719113696
6.7449270142 33.9074581641 60.1813557038
7.2368577332 33.4109875124 60.7505021127
7.2186683213 34.2251192036 61.0405228490
7.7668783644 33.7995822472 61.3486963550
7.2044200320 33.8063966741 45.0687404814
7.0889774190 33.7057544185 45.6820993942
7.5799853896 34.5265784039 58.2809778481
7.1924816715 34.9776179253 59.0471115027
7.8231740343 35.1687633630 58.5983372991
6.8925525509 35.1128572634 60.0917592477
7.0667280839 35.0882754210 61.0483586969
7.7355831322 34.7967425885 61.8278510795
7.5699339184 35.7978750738 59.2164636907
7.1985879158 36.2705964522 60.0661039483
7.8568737712 36.6088644524 59.6387889981
7.0257812199 36.3751757024 61.2241990341
7.3374070015 35.9407985460 61.9856050229
7.4251234327 37.2368920101 60.3015105520
7.0894001600 37.6407555571 61.1929061122
7.5297962020 38.1901717519 60.6885222251
7.1553173175 36.8308503479 62.1833209204
7.0240405465 37.5669215854 62.1456707415
7.2001551068 37.4283923869 62.7790617700
7.0577741367 38.9944924382 61.5986561657
7.4048248992 39.2365775713 61.0962505441
6.9228890057 38.7860672096 62.5351266478
7.0934195736 38.2013846402 63.0746334372
7.1832089075 39.2974436988 70.5020939091
7.3030166398 39.0198748411 69.9509459876
7.4098319906 38.7496898651 70.5089816540
7.5789001700 38.6618052152 70.9211142164
7.4673153023 39.2734465529 71.0710897201
7.9765144627 38.5982462946 71.3886129281
7.0442630184 40.1074316387 61.7427319540
7.5827730308 40.0723793573 61.1336230092
6.8070699954 40.0393569918 62.6171415287
6.9769620269 38.9930718744 63.5196345964
6.7915831337 39.9773891918 63.8023122914
7.0258937161 39.3072529175 64.4206583260
6.8064317710 40.2411986033 65.1631588163
7.1273365793 39.3995298105 65.5550607273
6.8236652945 40.2714591214 66.3703042216
7.1947729116 39.4262549562 66.7631910725
6.8210879294 40.1858612548 67.5258274099
7.2137070978 39.3918770683 67.9143676421
6.8584509671 39.9946403627 68.4961046287
7.2168035654 39.2997637545 68.9873312254
6.7760548191 40.2262122795 69.6170776933
7.1111187446 40.0894450557 70.6475788918
7.5549637151 39.8794894653 71.1365328196
8.0053334171 39.2712434770 71.4275551600
7.1213770954 41.1620096643 61.7739347563
7.7498564059 41.1058103360 61.2056770313
6.7719715844 41.1907335990 62.6192635564
6.6417867729 41.1896266497 63.6844065457
6.6147715817 41.2227901263 64.8823459450
6.5932956615 41.2338876048 66.0871041589
6.5436486229 41.1304219219 67.2425903416
6.4909032897 40.9165571921 68.4442772934
6.7616613144 41.2108139157 70.3670530763
7.4675470545 40.7215597969 70.9770832961
7.2705315331 42.1863672663 61.7796137920
7.9405826652 42.1078686744 61.2860620008
6.8336808676 42.3117677453 62.5986810256
6.6113375490 42.3481887411 63.6339010611
6.5307656057 42.3532145169 64.7742671655
6.4844668276 42.3204909376 65.9401863145
6.4055889770 42.1978356935 67.0548936295
6.2875922485 41.9852854079 68.0773824713
6.5672243969 42.2546754562 70.4646014836
7.3186331514 41.9881191188 70.9589427928
7.5017255820 42.9348538175 61.7334792174
7.0249444376 43.4629128321 62.5186428009
7.5786281434 43.8437025865 61.9765090465
6.6619122112 43.5137239386 63.6038939984
6.5224977550 43.5212229318 64.7385171953
6.4578374797 43.4891893259 65.9006384202
6.3722880383 43.3711060577 67.0413599261
6.2306131964 43.0883109311 68.0211573663
7.5202116160 43.0403618835 71.3352452818
7.1202182920 44.7401074632 62.6932210007
7.7170284972 44.9128174860 62.1322685395
6.7431637242 44.7295618066 63.5975206347
6.5509282322 44.7099536782 64.7250548502
6.4708861876 44.6852171583 65.8930151526
6.4015985956 44.6114969013 67.0781136664
6.2689655615 44.4032679431 68.3091603552
6.5365888823 44.7809027428 70.7511275481
7.1645808617 44.0180617879 71.3904480272
7.1406946548 44.9062181336 71.7324697228
7.7683818112 44.3212633536 72.0353352933
7.2046256881 45.5044110822 62.6595101953
6.8340298436 46.0694653407 63.4995979882
7.1410700225 46.1472056817 62.7748699641
6.5851755198 45.9274789703 64.7129534013
6.4895269100 45.8796557687 65.8821047630
6.4392624796 45.8427024216 67.0667835837
6.3812723793 45.7589412952 68.2983464778
6.3448308823 45.5631159600 69.6871236788
6.5491951729 46.1114672432 70.9707544290
6.9143394298 45.9554748058 71.9166216778
7.6614532645 45.3493863549 72.5942269845
7.0151073839 47.1092236132 63.0739545058
7.6117038804 47.2435437116 62.3502582306
7.4391240400 46.4025075126 62.4708707159
6.6945785869 47.3739306926 63.9709585903
6.5782436982 47.1487839252 64.7790381091
6.4929879205 47.0568192811 65.8768194204
6.4471952357 47.0225016065 67.0291586611
6.4112854887 47.0106048080 68.2246522164
6.3946080061 46.9887512299 69.4758032262
6.4633157536 47.0548753132 70.7252900867
6.6618627666 47.1094419439 71.8653888888
7.2731370557 46.2859009961 72.8454848960
6.9574101704 47.0249467616 72.7820152694
7.2889656606 46.8728732028 73.4374616223
7.0775633239 48.3309898677 62.9513055029
7.7311111774 48.4788050265 62.1313420549
6.7189669660 48.3105497639 63.8546201876
6.5526319213 48.2911619225 64.8382358055
6.4771815187 48.2022937251 65.8865157985
6.4297225919 48.1237061565 66.9731273238
6.3817210140 48.1410609003 68.1063075895
6.3461823753 48.2124307558 69.3476667544
6.3792758073 48.2334891785 70.6122298638
6.5049933016 48.2391951204 71.8326235366
6.7461503224 48.1859488545 73.0722572550
7.0821222498 47.6355549217 73.6866374074
7.0558533546 49.4686050081 62.8967251424
7.4619932182 49.6201207342 62.3399199484
6.7242421051 49.4000742999 63.7717267392
6.5471692212 49.3662700069 64.7910995741
6.4556072123 49.3071193616 65.8786860366
6.3874283016 49.1917649360 66.9748924489
6.3424265190 49.0037347238 67.8836637409
6.2241233652 49.3656637337 69.0784457293
6.1923500964 49.4604527170 70.5215656174
6.3156377575 49.3820017545 71.7619340320
6.4854533554 49.3855027992 73.0001322074
6.9325039502 48.4063998947 74.0982668057
6.7014216110 49.3486204587 74.3330839091
6.9971467927 48.7202487080 74.9965356367
6.7896090180 49.6123627447 75.7094490752
7.0824344164 48.8240280458 76.1052866672
6.8440645309 49.6737011293 76.9008725884
7.1469972509 48.8594173740 77.2702625041
6.9024475795 49.6757723896 78.0388122000
7.2282657338 48.8782988875 78.4376079873
7.0080896739 49.6632029822 79.1164180491
7.4032789351 48.9127154013 79.6059601368
7.2095284623 49.7095164164 80.1068311086
7.7622197833 49.0086280074 80.8283844483
7.4416026605 49.8265077238 80.8170540723
7.8724662071 49.6664459495 81.3778746344
7.0452276708 50.4325935831 62.8580519575
7.6087046201 50.3838869985 62.2650564962
6.7224672310 50.3967469844 63.6814234269
6.5457385583 50.3647669305 64.6943291235
6.4426096784 50.3212275272 65.8042074312
6.3426759927 50.2286159981 66.9503759474
6.2158588571 50.0538305773 68.1741997389
6.0680751608 50.3271478187 71.6661592759
6.2065837760 50.5313997498 72.8528861623
6.4359717905 50.4408104874 74.1156352303
6.5753135287 50.4436433833 75.3620060778
6.6481017172 50.4777049533 76.5748777087
6.7127240319 50.4584027590 77.6984111512
6.8300580523 50.4302300564 78.7450259213
6.9863589741 50.3256891623 79.6026136749
7.2918237823 50.5046288883 80.3703182789
7.6448913189 50.2339270920 81.0536725421
7.1466461613 51.1379108444 62.7255778739
7.7896744023 51.1415844715 62.1857270938
6.7588397156 51.1358604445 63.5104820377
6.5598938707 51.1202022605 64.4949597968
6.4469841128 51.0962409870 65.6051950645
6.3260792287 51.0562183403 66.7831225213
6.1583496673 50.9837208351 67.9327912109
6.2179067986 51.3220271199 73.9268965293
6.4231383116 51.1948112786 75.0884496862
6.5320674368 51.1541756706 76.2597067675
6.6306074231 51.1143323673 77.4284067597
6.7519238729 51.0134100756 78.3815138189
7.0967449633 51.1300993339 79.4463335596
7.5667150805 51.1967666494 80.2822636422
7.8659967708 50.8196397027 80.8547060288
7.3657309072 51.4791764532 62.5141657017
8.0758958389 51.5308213900 62.0506991404
6.8852049928 51.4677899598 63.2133934794
6.6195276774 51.4604829336 64.1317777943
6.4796863370 51.4478631929 65.2069034586
6.3552035215 51.4372394683 66.3935994558
6.1405151815 51.4920048040 67.7559652468
6.1650296551 51.6709910822 74.0424244748
6.3233809633 51.5725507988 74.7802132661
6.4576235376 51.4983983155 75.8428749857
6.5806708486 51.4505241830 77.0327453560
6.8323079471 51.4202362769 78.3952310557
7.4163484653 51.6893397172 79.4608149542
7.7995854289 51.6729980326 79.9903305636
7.2046141589 1.6466647769 64.5898851072
7.8420430782 1.4334585629 66.5753905680
8.3949479497 1.4065745148 67.2298813610
8.1376357893 1.4706140050 67.8040063985
7.7428807472 1.6827127866 68.2028235188
8.5546464276 1.9582408946 68.4205300296
7.7565206018 3.1030362952 61.4872720974
8.2555190953 2.9937467461 62.0999341003
8.0055259897 2.5513051840 62.8242777141
7.9149431103 2.2567250236 63.7411777153
7.8813353421 1.9078884314 64.9447278989
8.0688069549 1.6443471061 65.9553651279
7.5780313806 2.2644045734 68.8098562531
7.9316710683 3.2200077223 69.4384431815
7.9736549623 3.7884434524 60.9072886103
8.2911765105 3.3376330613 61.4808516858
7.7878465271 4.1281821408 69.8434566035
8.1084968623 5.0714380084 59.7465530875
8.1862123902 4.4651317261 60.2997085365
8.0712206183 4.9496575648 70.0998015354
8.2179449467 6.4088919287 58.6205700760
8.2981192917 5.7289402886 59.1711801391
7.9097934616 5.7059524883 70.3960764926
7.4298408538 6.1756942812 70.5155370879
8.0109605950 6.3167356163 70.5135665771
7.9393301351 7.7999154665 57.5355766295
8.3296099517 7.1273094782 58.0175592261
8.0166500024 7.1397804559 70.5153657937
8.1416504360 8.6827689794 57.0438455490
8.0381630258 7.9951757316 70.3216237520
8.4370461579 10.1625534117 52.3440769213
8.5466871758 10.1475681403 51.6046185626
8.7623414738 9.4761281026 51.9432555705
8.6816839858 9.7015430129 52.4805611150
8.5482815387 10.2319195937 52.8181686688
8.8625935554 9.9034684886 52.7989566951
7.7927399957 9.6645183648 56.0562618349
8.0030580076 9.7656711078 55.9470670780
8.1155483853 9.5792043267 56.1909129738
8.3136897644 9.2572887568 56.6324350863
8.0695419506 8.7118469925 69.9645614794
7.6317709402 9.3556577620 69.7251510112
8.2761311855 10.9564362308 52.1850562365
8.4760750956 11.0487861703 51.3789130669
8.3162351529 10.9815716365 53.0806798998
8.8258757083 10.8625146987 53.2412526360
7.8129636660 10.0206015848 55.8908267666
7.6823223848 10.8613603365 55.6464629723
7.8153176088 9.8101215401 69.3472265061
7.7666847913 10.4897440247 68.8604422370
8.2246941667 11.7471789135 51.9702215920
8.4438648372 12.0844747518 51.3454454692
8.0995615726 11.9438494563 52.9314369261
8.4669130563 11.4324039943 54.0155855963
8.0236468682 11.6802443488 53.9583648569
8.2174408834 11.3992638064 54.9164134752
7.5794525771 11.8201834086 54.8107907096
7.6700629156 11.3512453627 68.3472809977
8.3138688036 10.9663214186 68.2776586193
8.0745323649 11.8587961226 67.8421300501
8.1066326670 12.7682955995 52.2199507953
8.3754339827 13.1680249985 51.3040120687
8.2096305809 12.5042174469 52.9151947978
8.3428333000 12.3391254397 53.3486163038
7.6381942222 12.6589012219 53.8624189870
8.2501500883 12.6641016676 53.3833167131
8.0448459223 12.9838713991 67.2738318291
7.9809429464 13.9634159501 51.7187838753
8.3174889465 14.0204075928 51.1156452272
8.1255274627 12.8622023332 52.9167056836
7.6395894876 13.7301679042 52.8777101783
7.0822368254 13.8031764874 53.8214907666
7.7213398347 13.8114484178 66.9765128727
8.4176408100 13.6920128146 66.7729775909
7.8345236924 14.3898114569 66.5677052245
8.0716365614 14.8560753211 51.1062517186
8.5529620134 15.2754597575 50.6128913165
8.5436235238 14.4122766951 50.8243274664
7.5181910465 15.0846591220 51.8483387158
7.8893755075 15.1273849836 66.0588248223
8.0139533972 16.7579983055 38.1542129887
8.2126841603 16.7475359855 37.2862395326
8.8554959001 16.4631330972 37.8011837150
8.6007505212 16.5007853345 38.8402593999
7.9325791504 16.7895787527 39.1679082980
8.4645793926 16.6057107219 39.5755791392
8.0939281310 16.8417328333 39.9259473110
8.7375073957 16.7774231169 40.2327771527
7.6632801017 16.2389837996 50.7628305440
8.6135278822 16.2994403574 50.1395127246
7.8929160290 15.7149981532 65.7027565557
7.7553821900 16.4393425995 65.2615801647
7.6793981880 18.0661137278 34.3479586373
8.2407705129 18.0585003201 33.6975488410
8.4845420143 17.7149000292 34.2821665325
8.3692215459 17.3608294021 35.2555190009
7.5125163568 17.7991248420 35.2386018364
8.1864154005 16.9857544386 36.4443358449
8.1247003827 17.1267940673 40.6501453400
8.1673464754 17.5053738272 41.5939324193
7.8435031160 17.8272478528 42.1868707180
8.4398738535 17.7826173391 42.3080312710
7.9907677779 17.1267689293 49.7628969837
8.3197761753 17.6031452607 49.1160013043
8.8300582902 17.0629192883 49.5414018355
7.6918819569 17.3006753930 64.7737734374
8.3327432360 16.8530643544 64.7314914421
8.1571614772 17.6385960229 64.2786165718
7.7977611628 19.3186093598 30.8492212290
8.3652309033 19.2260468138 29.9468659534
8.9573870890 18.8456008440 30.7326364737
8.6601376726 18.6344744335 31.9332438449
7.7307937758 18.8910027007 32.2471842078
8.4481249695 18.3203608557 32.9704528867
7.6769583946 18.5036012729 33.3073038377
8.1648528433 18.1329271562 42.9658716746
8.2842960346 18.5263448665 44.3095469082
8.1314736048 18.6618032481 45.6286824450
8.1403731739 18.5799791769 47.0686941767
7.2482913144 18.7999634582 47.2583443482
8.3036421559 18.1056649026 48.3762785978
8.1674098188 18.3793900831 63.6287625122
7.8083189051 20.4744698467 27.1951370937
8.2173910783 20.3306750694 26.3149297596
8.7874149656 19.8662686251 26.9373593740
8.4233244497 19.8165909280 27.9303994519
7.7994285513 20.0840770841 28.4269472826
8.5292475803 19.4470701333 28.9699135119
7.7707634363 19.7371084158 29.5290224521
7.8458582533 19.8021090622 59.3877741336
8.5572373641 19.6457993670 58.7604688835
8.0280443442 19.9580683922 58.5069047290
7.7335076679 19.6971804522 60.4915009670
8.6108352417 19.3052230367 59.8205002122
7.5424398704 19.6591008552 61.5074422872
8.4306451974 19.2200780394 61.1536572716
7.2215765267 19.5789041468 62.2715753382
7.9604083775 19.2559773468 62.2257554673
8.3886620069 18.7642298789 62.9526850191
8.0259796141 21.5361725341 21.3769851747
8.2281612404 21.4401929097 20.4979701332
8.4132127215 20.9143784599 21.0226297880
8.3810669979 20.8069262699 22.0106294076
7.7886226903 21.5410194579 22.5672081291
8.3259902079 20.7332045073 23.2371772211
7.7480660777 21.2987144826 23.8282433558
8.2767430912 20.6329653437 24.4215411822
7.7149177297 21.1259955143 24.9626774461
8.2185013616 20.5053262619 25.4621887140
7.7131873756 20.8806028647 26.0283921269
7.3749036469 21.6470423968 55.0191258944
7.8896638733 21.3789965350 55.8427925627
8.2701603770 20.7508107204 56.7091547711
7.9349966581 20.2254529186 57.6801405036
8.9698639757 22.2776895350 2.4075775474
9.1049184502 22.2405632263 2.2764112731
9.0599058827 22.0978603976 2.4808904512
9.0671042938 22.2809886530 2.6546490936
8.6730131153 22.4774051075 8.2488995937
8.8018011232 22.6487177771 8.0530314482
8.7757617578 22.3226055990 8.0946843587
8.7272357598 22.3635467658 8.4577209631
8.0739268971 22.7778780580 19.1808903382
8.2636630254 22.5555119663 18.1172850114
8.3397008193 21.9755766891 18.6209945019
8.2823065753 21.7189003295 19.5796164540
7.9064652264 22.3775193779 20.5454714016
7.6084775302 22.3270031774 21.7460852883
7.3450954096 22.4757984459 54.4322662454
8.0166102007 22.4736419765 55.0429859370
8.6514726154 22.1561977514 55.4641283265
8.5434732084 21.3081231193 56.1256677619
9.1606574240 22.6010163036 2.3578463805
8.7532751252 22.6896589439 8.4160680525
8.4651511882 23.4859014719 15.8115185029
8.6437481653 23.6840932602 15.2001078333
8.5704772593 23.1234197174 15.2919517226
8.4667837858 22.8946229640 16.0746886790
8.3698179781 23.6035437388 16.7051341854
8.3618772110 22.7388480226 17.1500470172
8.1933613271 23.4690960834 18.0746674435
8.0110966607 23.7757987855 19.2214862226
7.8231896614 23.5567040908 20.2141274863
7.5229244552 23.3990564779 21.4092194213
7.7319374122 23.6423455967 54.4985367924
8.5141699866 23.1182380210 54.8678696871
8.6907734339 22.8639606422 55.0489482902
8.6090519298 24.0346827702 15.8474324674
8.5647480467 24.2335794038 16.5756878498
8.4489190089 24.2264633539 17.4712471071
8.8277073808 24.5699577599 16.8895778870
8.3114312666 24.4745975073 18.7581968633
8.0010574971 24.4903171653 19.9769765542
7.7184688959 24.4516704681 21.1052313763
7.3816925299 24.3891330408 22.0476379729
7.5348501144 25.0174148879 54.3480073385
8.3221725716 23.8454222365 54.8909268003
8.1008651427 24.6999595372 54.8467708925
8.6108380896 24.2946308344 55.0628956731
8.9500310036 24.7951727639 17.8915599516
8.7565050229 25.0854216839 18.9913521963
8.4243859357 25.1523912243 19.8010625662
9.0224944623 25.4830103269 19.7159984486
8.1426150035 25.2540386958 20.8853160082
7.7288266768 25.4072044318 22.2365702463
7.3953371360 26.4280318505 28.0201695020
7.2562038178 26.2048596366 29.1455374658
7.4005358808 26.1163300407 54.3356803004
7.9555267493 25.8492568425 54.8351400603
8.5360228797 25.4217160069 55.1019327950
8.7773157407 25.6846712394 20.6128344855
8.5625933377 25.9097207623 21.7084753497
8.3060235200 26.2642788847 22.8287962395
8.1571749358 26.6608401531 23.6943959018
8.8173203314 26.7541840054 23.3910114327
7.7858519137 26.7941637357 24.5823666037
7.6460289213 26.9815695853 26.8873610251
7.9846916691 27.2470434599 27.7628820240
7.8572370075 26.9188469974 28.7954845372
7.5005746833 26.6642856744 29.9735496341
8.9513987849 26.8889810624 31.5371986316
8.4571066928 27.0703476638 31.1736397043
8.2122133753 27.1180826615 31.7999358784
8.6993028946 27.0543717850 32.3900150176
7.7809791742 27.0810255868 54.7981765463
8.4606805167 26.6354008313 55.1526306076
8.5959020183 27.0544756537 24.2355355632
8.3658555480 27.3109245212 25.1792125046
8.1776780435 27.5080887021 26.1359489510
8.8468100850 27.7217292004 25.7295706309
8.2198907552 27.6312288584 26.9686630398
8.4334879197 27.7044278314 27.5144393837
8.5084426074 27.4874307560 28.2297655381
8.5407213714 27.2777136653 29.4385729919
7.9597947910 27.0520792486 30.8470839996
8.0992888378 27.3618449772 32.8583045058
7.6783885435 28.1499526421 34.3401851416
7.8688533845 27.8086726138 33.7627059225
8.3535805041 27.9872053733 34.4845424927
7.8399312794 28.2957931754 54.8762856218
8.4183461671 27.8916573965 55.2732080686
8.6582492612 27.8935539410 26.4502460702
8.6440356496 27.9118285813 27.0378965833
7.8275143247 28.3621442423 35.0422215913
7.5260864411 29.1351598616 36.9829333989
8.1064591469 28.5933082430 36.1664521501
7.7517218728 29.2397026103 37.6951262725
8.2691675187 28.8457545127 37.3215965154
8.2308446153 29.0692213578 38.0860377629
7.9056809555 29.0878997365 54.7755967299
8.4202982475 29.1377045629 55.3569137332
8.2786976568 29.8320138782 58.0852387048
8.3935748729 30.1167255209 57.2987528189
8.8482380960 29.5186684483 57.6889171146
8.5460971393 29.4537634735 58.5573419082
7.9966846505 29.9190534919 58.8456725498
8.6720894103 29.2138520617 59.3990425141
8.0810409898 29.8658077158 59.5533548509
8.6878419173 29.5669637760 60.0085875774
7.6938360037 29.4284861704 38.4415230855
7.7855568691 29.6501093456 39.4393375539
7.6526806527 30.4563680303 41.0960181186
7.9388511451 30.0140610792 40.5234784098
8.3910799388 30.3708036898 41.5848329275
7.4427029595 30.7585018327 49.6253090331
7.5972300918 30.8201519786 50.5090404981
7.5795495994 30.7694032783 51.7384301223
7.7883841945 30.6406746938 52.8165408212
8.1460284619 30.4385248978 53.6905291773
8.4193402914 29.9758681368 54.4037163540
8.3137553555 29.7222862852 54.8421378752
7.8407395788 30.5414802340 58.0468674136
8.2111546477 30.9746384588 57.1582953710
8.5240354739 30.7181156667 60.2783023658
7.7075786067 31.8443873993 42.6646528136
7.9871862534 31.2645755313 42.2593668563
8.4004587587 31.7865611438 42.8962473467
7.6227605721 31.7524516708 47.9916973614
7.7982287361 31.3886510938 48.4526158319
8.0900393720 31.0010825044 49.4655694047
8.2538307495 31.1996072067 50.6145559438
8.1151602194 31.4819754745 51.5019553746
8.6487073612 31.5918787097 51.2031082581
8.1111726234 31.4054150347 52.4397951094
8.3736853358 31.0905623656 53.3723104284
7.6309844905 31.4929660585 57.7805262506
8.1605161024 32.0743776857 57.2030177288
8.5238737317 31.8231457419 60.6791737385
8.6514665925 32.3327188321 43.4788403971
7.9694482163 31.7526083961 48.0392505109
7.8058564201 32.2412745369 47.4976162686
8.5021462503 32.0327460487 51.7281137771
8.9200120784 32.0911557825 51.6961181382
8.4184243708 32.0564335433 52.1875133410
8.6747145858 31.9249315173 52.8628640133
8.5483559531 33.1551679933 57.2934042672
8.2388344148 32.6374380254 61.0154485826
7.7967021770 33.1246146828 61.0628012448
8.4345928577 33.2113603974 61.3758513437
8.2612136676 32.9668012517 44.0239977794
8.1492957819 33.4866794756 44.6344706838
7.8954128310 32.8433390949 46.9415973166
7.7409108085 33.2896474267 46.3318279023
8.6805647506 32.3478975435 52.0286982804
8.7739677076 32.4067114838 52.4071477938
8.5341638865 33.9830249019 57.6257885803
8.5954658728 33.9767516874 61.9070988176
7.7987725849 33.7354084896 44.9428088704
7.8072640180 33.6918366275 45.5272028944
8.1890149690 34.5554655692 58.0312721293
8.6538057123 35.1288863884 58.4135183304
8.6829845991 34.7607079083 62.6144259506
7.9859286546 35.7156646175 62.8631622737
8.6437745924 35.3490285643 63.2994269764
8.2204934678 35.8350836577 58.9690168158
8.6154946337 36.3904292249 59.3043981225
7.4747129083 36.7231870712 62.8783003478
8.4218053550 35.8494580544 63.6917149994
7.9999943531 36.6521265159 63.8967148376
8.7838406659 36.1727474593 64.5485721112
8.3133966637 36.8668169078 64.8281149357
8.7167789294 36.7278051921 65.3030163071
7.8581039495 37.4352838117 60.0902515573
8.6014751285 37.1619256517 59.7738423104
7.4341711220 37.6977762775 63.7133151452
7.8706489403 37.6319764880 64.9210587598
8.3911755206 37.2654451129 65.5541902637
7.9016141937 38.2408434635 70.4307709140
8.2095658618 38.0279301825 69.7230790441
8.6808405870 37.6815566268 70.2075221351
8.6636653216 37.6086368015 71.0607175590
8.0846014417 38.1334453745 71.1594708811
8.6424175490 37.9091886368 71.5300701070
8.1781708914 37.9311621626 60.2231132183
8.1669873474 38.8697930173 60.6018663951
7.1701909316 38.5759177290 63.8726675268
7.3689537062 38.5446220969 64.7267612409
8.0975135653 37.8229660324 65.8931584679
7.6322106502 38.5340741824 65.9778125488
8.1619163817 38.0740328446 66.7709754970
7.6744940532 38.7265679480 67.2898473244
8.2339458015 38.1588633587 67.8877832393
7.6904597416 38.7067511340 68.4213356708
8.2101206440 38.1358219443 68.9328501825
7.7198304560 38.5432085071 69.4380294755
8.5833016782 38.5967874790 71.6419960176
8.4528943059 39.9756649579 60.7888581508
8.7593609780 39.2872536622 71.5668849246
8.1698691019 40.0501677714 71.3339857856
8.6246123717 41.0877971970 60.9327041014
8.3164124184 41.0584086151 71.2771466227
8.8577059240 42.1986015049 61.0828154971
8.3765943569 42.1950996464 71.4598025003
8.1146880070 43.0499284657 61.4393800378
8.3939454382 43.9863032120 61.6324214133
8.1621287406 43.0192790136 71.6821471926
7.7831399200 43.5963585125 71.7143190060
8.5738543424 43.5148974723 72.0619386694
8.3727783777 44.8055181890 61.8248865243
8.6637109181 44.4655065441 72.7161276994
7.4909862207 45.7463513523 62.3726095864
8.2085888162 45.8540243487 62.0062091847
8.4977890730 45.2825239734 73.4297441303
7.8071930116 46.1674257117 73.6395612896
8.6127944299 45.7770553623 74.3201486210
8.1278056447 46.4339680378 74.7342047468
8.6865123467 46.0331030374 75.0548447085
8.5379066533 47.3710810731 61.8022083294
7.5060499026 47.1856097611 74.3898327083
8.4673307466 46.4015052804 75.6048261317
7.8710785294 47.1428958044 75.6592513354
8.3520716009 46.7175587136 76.3679629356
7.9739440333 47.3102408594 76.9301930776
8.6431251064 46.6362399596 77.3759612308
8.1360224056 47.3664842776 78.1359982648
8.9407978128 46.7340287877 78.7220409478
8.3190381568 47.4806591853 79.2925194793
8.8820939560 47.1166797371 79.6783354281
8.1934223936 48.1307023149 61.6906473515
8.2732399804 48.2789879755 61.5767972390
8.4605931119 48.0767163049 61.6052976457
7.1673408910 48.0091548275 74.4788814485
7.3418695741 47.9938036016 75.3304987970
7.4756891747 48.0307049228 76.4800480051
7.5679073248 48.0817628087 77.6795732006
7.7097835195 48.1292218962 78.8782446001
8.6718998423 47.5441196166 80.2400738034
8.0099031369 48.1794736972 80.1222382271
8.6065729147 47.9820418639 80.9702519983
8.1349772462 48.3812409957 80.8990399770
8.4567672076 48.4817801358 81.4822897731
8.1314671818 48.4989069176 61.7014414886
8.2229108089 49.1772046188 61.8677183430
8.3134135260 49.0910467756 81.7518917751
8.3821894615 49.6238705955 81.8608612730
8.8804122954 49.2912475543 82.2208355569
8.4592466382 50.3414397795 61.9206012649
8.9481937042 49.8639456129 82.0258043818
8.2990125192 50.2559537766 81.4808260881
8.6662662680 51.2152025251 61.8758990326
8.7011222674 50.9861207796 81.0762189995
8.2361583351 51.4396749540 80.5291668956
8.9051076204 51.6874523083 61.7743351607
8.6813964873 51.8977110736 80.2101242853
8.2211611978 51.9762099055 79.9170610611
8.6174845438 1.5939767840 66.6394194223
9.0151227186 1.6148728410 67.2432186723
8.8979411517 1.6384643604 67.7930545533
9.4266042049 2.1113933808 68.2068071466
8.5773716704 2.9428103822 62.8402564481
8.5623730632 2.7603455125 63.5520219666
8.6248703964 2.5788799061 64.4871488073
8.8438519502 2.4349142312 65.3640725355
8.7546807905 1.9990255039 65.9929143172
8.5019545685 2.5787081678 68.9909986588
9.2917958823 2.7117753830 68.7221072003
8.5150066886 3.6332434262 61.3547827535
8.7348600004 3.5625832727 61.8293487203
8.9016457790 3.4401144675 62.5703889421
9.2850959802 3.9259621302 63.1658088888
9.0027376051 3.3309272726 63.3717330282
9.0800314571 3.2309820041 64.2358692372
9.2359176718 3.1081300459 65.1913325023
8.8427583328 3.1869564513 69.2159640047
8.6893855380 4.0719657548 69.6067408313
8.5268193429 4.7775815069 60.2227147429
8.6952673742 4.5433340748 60.7200388962
8.8273820082 4.1106714280 61.3937626837
9.3968093710 3.9588262716 64.0370668261
9.4599056133 3.7943393158 64.8849877189
8.8510666262 4.9716420677 69.9001262851
8.7219880111 6.0484584904 59.1080462520
8.8683081112 5.7374946042 59.6197337100
8.9106718236 5.1996131079 60.3193590282
8.5292838524 5.6382853926 70.2528858065
8.6834918935 6.4254018096 70.2929967040
9.6136919000 8.1330529334 51.5885190338
9.7661128672 8.0728213346 51.3113154054
9.8619525116 7.7794598648 51.5942119512
9.8688724118 7.8984395596 51.7923439397
8.7488002889 7.5792061642 57.8658747357
9.1494460848 7.1711780509 58.4249015458
9.3566248533 6.5423154144 59.2627936336
8.6905486050 7.3104468707 70.1899391965
9.3903462563 8.6495069767 51.0781171626
9.5229505708 8.9360454795 50.6310977716
9.7097433027 8.5093004870 50.9430237979
9.2183792600 8.7831919093 51.7006657413
9.6983425344 8.4665184747 52.0283506292
8.8160241046 8.2537378107 57.6014560217
9.2952464352 7.8660787371 58.0821098676
9.0522263557 8.2857980996 69.3835282301
9.4190025366 7.8151990637 69.0022849842
9.3113656651 8.6054614261 68.7214238348
8.6340058845 8.1891288617 69.8923105695
9.1633235506 7.5136397258 69.6198973911
9.2205107988 9.4879913476 50.5509426871
9.4061842579 9.8779646521 50.2047525220
9.5367215075 9.4034022468 50.3650443833
8.9365321843 9.3862204216 51.2264461289
9.1644414987 9.2537490144 52.3628351029
9.3496624192 9.9420307599 52.8162277391
8.1801122932 10.1011133240 55.9705821144
8.5995863967 9.8490205728 56.4717116525
8.9285752097 9.2345994829 57.2460794444
9.7702760724 9.3785895085 63.4759713434
9.8202556451 9.1797048099 63.2579214147
9.8440571303 9.5467695079 63.3312099402
9.8181112835 9.1889411631 63.5827590484
8.5096978049 9.2392662786 69.2617902452
9.1835504556 9.4025304519 68.4960711216
9.1570886204 10.3473139190 50.3263239016
9.4402204766 10.3890067266 50.1721243067
8.8234063793 10.2444946196 50.8664617947
9.5350259786 10.8356349505 52.9504625122
8.6858378811 10.9111387318 55.9774455652
9.1760580256 10.3539451070 57.0535815260
9.8419127687 9.5560058611 63.6560475739
8.7577696622 10.1592135497 68.4761227484
9.3902336151 9.9224333630 68.0124052980
9.1093381896 10.8900280218 67.7800417559
9.2789423824 10.9314887436 50.3033738951
8.8776334202 11.2665963782 50.7053314731
9.2915450410 11.7379137571 50.5740696918
8.7155964403 12.0014370399 53.7808979562
9.0888850315 12.0111184089 53.3159617751
8.8974787043 11.8601688697 54.9447036512
9.2101199751 11.7465091769 55.9891752812
9.3834428795 11.3985101933 56.8252719345
9.1000119819 12.0763223065 67.1929332505
8.8204741153 12.4691393091 50.8517472176
9.2619332016 12.8964980990 50.7745414026
8.4723519522 12.4915554996 53.2457170410
9.3985548353 12.7109015794 53.7737319081
8.8388911595 12.4076230277 53.6266624653
9.1168475920 12.4321034801 54.2351153221
9.3561914309 12.5714945931 54.8605942128
9.4824201758 12.4455968914 55.6313452984
9.6039305363 12.1954807837 56.4838772947
8.8754657694 13.0069289883 66.8985607071
8.7316660256 13.5563364930 50.8662212357
9.1292324940 14.2384439384 50.7211396819
9.5342320929 12.9127883472 54.3877419064
9.0725955311 13.5017528840 66.4350478600
8.7023980870 14.3724541268 66.1157830883
9.8657098538 15.9483626879 10.8507351021
10.0006306801 15.8915576756 10.4402209701
10.0760680944 15.4902308009 10.7760172694
9.9924426319 15.8035133179 11.0756821864
9.4029778055 15.5249677464 50.4650751430
8.5349582177 15.4224790937 65.5596047421
9.2093714754 14.7306682284 65.4737546791
9.1872569294 15.3644916561 65.1154610427
9.7712909604 16.6413671883 10.8302565478
9.9259012178 16.9701570648 10.3275004260
9.8752654897 16.3659212056 11.1821407840
9.0075243877 16.7740338186 36.0814544805
9.4425463948 17.0014575833 35.3036372690
9.8165327912 16.6613395348 35.9815765274
9.5312886915 16.4773996530 36.9399343527
8.7357930094 16.6133645578 36.8712009108
9.6592920078 16.3600183914 37.9202735097
9.3951832654 16.3814513471 38.7134901910
9.1209065548 16.5148037873 39.5586612012
9.6265587386 16.7874831485 40.2844186732
9.3717024921 16.5108041360 49.9673922457
8.7709323319 16.0944214025 64.9553533025
9.4180822918 15.7229432347 64.6447092083
9.1236466172 16.6637272937 64.2846073433
9.6471567068 17.8265017883 11.0197857375
9.7281704237 18.0863661779 10.3795333482
9.8030914328 17.1709825468 11.3607705626
8.9316816279 17.8658168930 33.7376616250
9.1832118576 17.4444989135 34.5406177561
9.1029540402 17.1950888619 41.1254835751
8.9295195557 17.5918364536 41.9510328071
9.7971981121 17.6294814046 41.9047398412
9.0939045092 17.6516226765 48.9214985160
9.6937963952 17.1408184977 49.5303533418
9.0367144651 17.7028242661 63.6964483380
9.4112558382 19.1469194049 10.8401456208
9.7425937827 18.8566784758 9.9542705115
9.8715727787 18.0607539394 11.8948446111
9.5301095664 18.8928016852 11.7927642552
9.8066295782 18.8539436209 12.5311928321
9.3104882530 19.3764841629 19.1638084898
9.5823522456 19.0287712617 18.4998548882
9.6034416593 18.7925747293 19.0782346792
9.5899175910 18.7938589770 19.4884154867
8.9342880098 19.0476066213 29.7366424987
9.2734479995 19.1375382707 29.1461589898
9.6698125900 18.9156320934 29.9881946637
9.8191711789 18.7087231066 30.9759718711
9.6562539829 18.5328505115 31.8796659772
9.5065411710 18.1701820304 33.0821327770
9.1565385081 17.9457681188 42.6202280221
9.2782279231 18.3928682064 43.5888555982
9.2407893906 18.6620957080 44.4957308052
9.7690147660 18.6811268639 44.1845107665
9.0473964599 18.7395242451 45.3462309663
9.0155729103 18.7300017593 46.3982753001
9.2883786948 18.6120651308 47.2240666073
9.3847172375 18.2368544393 48.0965536933
9.1331806613 18.7482443521 60.5395789111
9.5544682918 18.3309279283 60.2744228895
9.3949750564 18.6334599209 59.7002503841
9.1402481398 18.6877353545 61.3346490587
9.7225216312 18.0745344600 60.9938108587
9.4896668755 18.3569239600 61.8027404029
8.8243627500 18.3136796931 63.3614679580
9.2096138550 18.0764665226 63.3333715311
9.1346818269 18.3619778776 62.9443521770
9.4109702438 20.6653078320 8.6275002960
9.6515656571 20.6971852956 7.7365305388
10.0622650628 20.1542834501 8.1792741753
9.9337349999 19.5182352843 9.1871137217
9.3196350937 20.1449771958 9.9616512747
9.1377612289 20.3494066108 11.0711619160
9.2441458033 20.0371980204 12.0284936541
9.5394879625 19.4896420820 12.6739084001
9.1880332022 20.5243782833 15.7052867050
9.3576809555 20.2947436292 14.7349098387
9.5556139758 19.8694199068 15.3097151438
9.5676975516 19.6999943886 16.2861093190
9.1728039619 20.2502962978 16.9374539188
9.5587259024 19.4169383535 17.4421262595
9.1315776393 20.0027662304 18.1816508287
8.9405965431 20.1878303997 19.1972884052
9.4050493663 19.1723844255 19.8941736140
9.0841337718 19.8142958017 20.0321922884
9.4278612188 19.3022014522 20.7358567014
8.9191714277 20.1519399839 21.2254763683
9.6751437202 19.4366633038 22.0344839250
8.9753294960 20.1505519396 22.6778174787
9.7352428954 19.7665686051 23.5485557548
8.9464936969 20.1732818014 23.9817624101
9.6295695383 19.8301686951 24.9160218083
8.8355045403 20.1327954519 25.1192542897
9.3450946189 19.7834284599 26.0183548661
8.6671093384 20.0868678912 25.9661388500
9.8369288639 19.4668104644 27.0272923857
9.3116484272 19.4257371560 28.1128393157
9.9530354294 18.8576272105 45.0293991634
9.8148865678 18.8867259346 46.0998560846
9.7500741494 18.7931627370 46.8673155873
8.5328789079 19.9323019970 58.0394125356
9.0483787345 19.5914832222 58.1122696012
8.9894736029 20.1075203089 57.2086007893
9.2271117578 19.1238095885 58.8343778399
8.8987191022 18.7555094272 62.1512456675
9.3383181698 21.9770790079 2.8578733039
9.3787062524 21.9989825429 2.3863153824
9.7364795762 21.7347886373 2.7665827724
9.6794327534 21.7160658760 3.1760209775
9.5877927904 22.0092613786 3.3957626250
9.8714232150 21.8312122002 3.5946518112
9.3468747525 21.3211197686 7.6554763760
9.6650439091 21.6652980097 6.7197979017
9.6330330511 21.0280593652 7.2805499376
8.9705344620 21.8442691746 8.3990287961
9.0252434069 21.4670692802 9.5569143887
9.0053568617 21.3017058411 10.7829891342
9.0079555437 21.2076648955 11.9427998688
9.3320937298 20.1473028010 12.9932013721
9.0832374242 21.0217474648 13.1733247889
9.3379433383 20.3471675947 13.8514408065
9.0466647032 21.1283621981 14.5921800514
8.8663801056 21.4263191171 15.6734445480
8.8552198351 21.1432782355 16.6235584822
8.8538821543 20.8399442840 17.5805442326
8.6561074478 21.0352063166 18.6705442029
8.6267528110 20.7439312686 20.0267566929
9.1656380179 21.7677367778 55.2449219136
9.5829480721 21.1454775228 55.0231110383
9.4649836301 21.6806072772 54.7006671423
9.4220196734 21.0065107330 55.5723378537
8.8599000900 20.8343779455 56.4717946785
9.4669213771 22.4197919295 2.0009954963
9.4060520218 22.6233118214 3.2848506293
9.9291151182 22.3331500646 4.0637653353
9.1415870642 22.4460273232 7.3705168448
9.5585785473 22.5181087307 6.1647354665
8.8867045210 22.6461654958 9.1573002945
8.9350619217 22.4311647063 10.5327122696
8.9323099451 22.3223383301 11.7719265406
8.9123783863 22.1961193582 12.9886861995
8.8879080837 21.9819987460 14.0206038988
8.7213541369 22.2718589694 15.1707047183
8.6099312705 22.0526007553 16.3713665391
8.5418059046 21.7721500270 17.5848481916
9.0972076906 22.5131015149 54.7953095342
9.6049775342 22.0146766697 54.2759918601
9.5048040253 22.6400718973 54.2786415360
8.9779009623 22.6511142943 55.1066346304
9.0121303692 21.2888085091 55.8943648248
9.4437965103 23.0446293541 1.8519670650
9.7512430733 23.2714261771 1.5722655368
9.7047280354 22.8038820555 1.6581850436
9.3955006330 23.2971652018 2.3349235058
9.5117532821 23.2718633571 3.1725410385
9.8181200240 22.7434290304 4.4292299772
9.5957546991 23.1126168890 4.3824911124
9.7915350767 22.8697193294 5.2173006676
9.4769472030 23.1829098001 6.0476728339
9.2293446703 23.2451896635 7.1519073668
9.0922526525 23.3825143042 8.1734707082
9.0833215022 23.6053849454 9.3543068208
9.0487188093 23.4632964461 10.3288184940
9.0373939287 23.4081278936 11.5641490244
8.9667483594 23.3190857163 12.8221069513
8.8121699266 23.1819440932 14.2512201557
9.1031598907 23.0682365410 54.7246179400
9.0634112799 23.1125835204 54.9484493316
8.9421813055 22.9292993260 54.9494825239
8.7282729699 23.3787600494 54.9789338978
8.9502363620 23.4503589355 55.0656390114
9.5380402754 23.6052227627 1.7218645274
9.7650776178 23.7011216182 1.6070232403
9.5403299123 23.7814541633 1.9033146029
9.6856355168 23.6198885775 2.4102417628
9.7939527814 23.3533084296 3.5608862129
9.7699008287 23.3571536396 4.9937292807
9.7073213371 23.6873306112 6.1049377895
9.4743355429 23.7934472704 7.0591265243
9.9023655173 24.0490994151 6.7052268074
9.4444565700 24.0981597031 7.8310862188
9.3958114333 24.1712759263 8.3483612542
9.3354588175 24.1367078037 8.9927278879
9.6191792799 24.4503139659 8.6187741031
9.3470066950 24.2255574964 9.9935383181
9.3475634372 24.2999338994 11.1841409587
9.3068509446 24.4199021265 12.5741238901
9.0792651166 24.1518679553 13.6721437107
9.0622893413 24.4531831266 14.8302982870
8.9766402202 24.5691007237 16.0012139231
9.0325838834 24.8265838024 55.0386341368
9.6043153058 23.8771137237 1.6543864673
9.7712946030 24.3013639806 7.5169016198
9.7289238306 24.5914706382 9.3484409784
9.8286746704 24.8772283480 10.5399896043
9.8224405706 25.0358265822 11.8493762111
9.7485090247 25.1778824026 12.8996851219
9.5003798590 25.0897844102 13.7538116914
10.0226647072 25.6295727647 13.5433076181
9.6811623144 25.4061405821 14.5005432419
9.5726009528 25.0329668713 15.3216059987
9.5687502515 24.7974096461 16.5452535590
9.7707474229 24.8454112616 17.7962379730
9.4651795573 25.1815329347 18.8942016195
9.6004330752 25.5319359077 19.7504656930
9.0362632299 26.0704200567 55.0849708066
9.3797259695 26.8557202901 60.9378132335
9.3787113262 26.9312866865 60.8802602364
9.3964475955 26.7496055633 60.9730273642
9.4003423989 26.8501041110 60.9425421150
9.8698337094 25.7460589786 14.0380639290
9.4386881804 25.7742966149 20.4002179156
9.3615285469 26.0045375422 21.3266159940
9.2815170736 26.3595035003 22.5213069966
9.5007155810 26.7415044362 23.3926578502
8.8265598252 27.1171401734 30.4703598933
9.4856909225 26.6950435729 30.5994179685
9.3786428693 27.1140744474 29.9386137158
9.7241977513 26.3482574387 31.5844203202
8.8940637412 27.1357397043 33.0709957070
9.4349417832 26.7089191102 32.6259869546
9.4273291127 26.9955848400 33.5601601491
9.0172395418 27.3790261844 55.2208653980
9.3346927558 27.2941489342 60.7277367048
9.3588518894 27.4618891939 60.6080927511
9.3773781904 27.0933960808 60.8461248878
9.2289594333 27.0225444898 23.9394559938
9.4441153151 27.3153566954 24.8760209350
9.4338424088 27.7376846095 25.7686754790
9.3615640366 27.5411732697 28.2283957809
8.9204644584 27.8307083878 27.4978720538
9.2130199963 27.5258810090 29.1423887898
9.6165789188 27.3711526444 28.9924504556
9.1381907140 27.4025847042 29.6494458168
8.7948295725 27.4863417727 33.8536487025
9.0367255154 27.7283386111 34.6727748522
9.0028977743 28.2703864677 36.9857128330
9.5512424298 27.8518262165 36.7791250720
9.2871211383 27.9161057360 36.0638973868
8.9433716485 28.5448166882 38.1150558121
9.8100822449 27.7503588028 37.5867294251
9.1372768133 28.6495301133 39.2252524036
9.7065167241 28.0449854350 38.7873679049
9.6862512580 28.2648543366 39.6214784655
9.7874498049 28.2943727727 51.8380789174
9.8602649575 28.1012769262 51.7256483007
9.8265527653 28.4936346756 51.6762311950
9.8538162274 28.1338253382 52.0418845639
9.0116820177 28.7329758991 55.7198571128
9.1673770174 28.2829043760 60.2156062261
9.3488473536 28.7022867869 59.6805188451
9.3361851974 28.0715571664 60.2246702585
9.3426775966 27.7248289821 60.5568018297
9.3113526242 28.7540351668 60.2079465642
9.1280565127 27.9383209618 26.1931472991
9.0803589632 27.9726445644 26.7772258766
9.3742484956 27.5184580612 29.3289957072
8.7077677416 28.0954579469 35.2658154567
8.4280029575 29.1202817672 38.8813780692
9.3552982354 28.6914033658 39.9981486669
8.6891501272 29.2601489807 39.9643713007
8.7429645890 29.6444512952 40.8802117666
9.3398166269 29.0145203736 40.7351153551
9.2823964717 29.5367885901 41.5424868629
9.3969187336 29.8806250974 48.6437288912
9.7513667461 29.3570735129 48.2542641385
9.5902498267 30.0560800138 47.8169234364
9.3894139666 29.7642947080 49.3216216805
9.7099792105 29.1629714313 49.0276624678
9.6391703543 29.2932687563 49.7483643302
9.8201040353 28.5261830876 51.9924674582
9.0620190463 29.8061418554 54.9057047649
9.4202162275 29.3759214459 54.9818454136
9.1917349683 29.8850528243 54.7616136426
9.3268001649 29.6387872595 55.2121922336
9.3114305371 29.4096792025 56.7963910616
8.7606479072 29.6639275331 56.3881905905
9.6230365957 29.4744701672 57.9494805356
9.1464137759 29.2038639750 58.7200217244
9.4793311994 30.0110479365 60.1271369134
9.2941912193 30.0793814899 42.1747855558
9.1622179194 30.5707560581 48.2542894149
9.3476611457 30.9866443256 47.4847249002
8.9702136969 30.5171968818 49.1730424376
9.3608222876 30.0133780815 50.0133529458
8.7241137594 30.4260135283 54.4209644020
8.7478301769 30.0696389180 54.8334517271
9.1980692895 29.9548504658 55.0447371523
8.7975733853 30.4490538247 55.2377939835
8.5840851738 30.4832821226 56.4716731597
9.3057704019 31.0595714320 60.4535901171
9.1221725159 30.9104355719 42.7066708876
9.1987562622 31.7375528176 43.2969395592
8.5505396579 31.4530233322 48.0840278483
9.0894702129 31.8028204396 47.2155895150
8.8924849929 30.8912615597 50.3839295673
9.3476159985 31.3652164639 51.3557826293
8.9755413865 31.3033131412 53.8601859755
9.3230601239 31.1138854356 54.4528375435
9.3497075192 30.9922912936 55.2612182747
8.8151312515 31.2659754632 56.2937464776
9.5798688982 31.4863905048 56.1493917457
9.6384236030 31.8543770709 60.7696300710
9.3780472272 32.1759814643 43.8370274278
8.8848788771 32.6070247993 43.8654225187
9.1560622803 32.6806245581 44.3078309541
8.5344720802 32.5347792570 46.9290206388
9.1631291306 32.1937886860 46.7998595342
9.1632148823 32.5589138806 46.2999787321
9.4209643611 32.0507326262 51.9072870940
8.9532309360 32.3485658100 52.6768003681
9.3210945737 32.0505925383 52.8819076149
9.0901698693 32.4527161804 52.4755271031
9.6068102927 31.4949927575 53.6205817247
9.0604135295 32.2374270022 56.7088705806
9.7421068757 32.2911161573 56.6135797486
9.0220809961 32.5407329948 61.1373707845
9.3891758097 33.2633534415 61.6308566916
8.4011377405 33.5050593705 45.2069998922
8.8060325718 33.1407247534 44.7598024627
8.5063085002 33.2150819061 45.9812565235
9.0769428169 32.9882118403 45.5176129388
9.0332083770 32.4222124449 52.1153666163
9.5428194857 32.9191523019 57.0030562063
9.2279002501 33.7021925918 57.4633305635
9.3774374576 33.8756347350 62.1145001316
9.0509933752 34.2187156971 62.3298526770
9.6569060187 34.3614251677 62.6181387773
8.9997336004 34.4219658795 57.9018028587
9.7508408980 34.8309568165 58.3883606037
9.4160098821 35.0678724870 63.4345818209
8.9475483809 35.5447267952 63.9352288371
9.4646922523 35.4781920091 64.1802869151
9.1985589730 35.7177195863 64.4053620223
9.7319615425 35.9675609129 64.8586871510
9.1554714553 35.7439202651 58.8991128724
9.4218507315 36.4729845393 59.4068129860
9.2718866544 36.4690500567 65.4563119676
9.0147372012 37.0486799677 66.1573810136
9.6539470587 36.7567205627 66.1330740175
9.0005514266 37.3749808330 71.4823246883
9.1453925509 37.2328325912 71.3052615021
9.2377412970 37.2074917843 71.5047581799
9.3040183367 37.5171669936 71.5512618467
9.5374307326 37.2064346215 59.8304609091
8.4952552435 37.5570839925 66.3213922391
9.8493420279 37.1811857685 67.0707317072
8.8825023653 37.5851379978 67.2989352199
9.6442150860 37.4583351069 68.3332183105
8.8329928377 37.7384660698 68.5835503572
9.3825250358 37.5160755061 69.5691390856
8.6563894260 37.7714980380 69.4275053073
9.3459970865 37.3757066182 70.7608808868
9.1161382202 38.0773818684 71.6829370846
8.9285470048 37.9551946387 60.1416342821
9.3844670007 38.7289315808 60.4674074554
9.2664755581 38.6157021370 71.6612869943
9.4886088053 39.9676730840 60.7505251548
9.4693039784 39.1681376895 71.5502163409
9.2550441260 40.0498146253 71.4139905061
9.5815565285 41.0911612066 60.9095821029
9.5170848091 41.3170411079 71.4539034015
9.7148334393 41.9265853294 61.0202464546
9.2399699657 42.2214948820 71.6800192685
8.7453318575 42.7411607393 71.7795619581
9.4664834161 42.8442462494 71.9756363177
8.7794992480 43.1539126372 61.2923269083
9.5257367780 42.8072491442 61.1835619845
9.6740121271 43.6675681606 72.4894503796
9.1420803291 43.6062023265 61.3887781773
9.2907617037 44.4944511232 61.6391977319
9.6442622356 44.3623191601 73.1071898848
9.1469554062 44.7955912282 73.3829803181
9.7269815431 44.7450592137 73.6359487008
9.4988843154 45.9570692245 61.7297503064
9.3826319394 45.1998100358 74.1101162622
9.3779023615 45.6910154306 75.1781484326
8.9660399884 46.0146832580 75.6288686411
9.4208629241 45.8974195030 76.0419950818
9.2243979000 46.2405614284 77.9453485339
9.2064641391 46.1483544651 77.1876950238
9.7855615703 45.9682125578 77.4967486929
9.6464571974 46.0967420770 78.2716654413
9.3586754278 46.2779186579 78.5015364104
9.8204242097 46.3557165158 78.9379150935
9.8339788685 47.1087063147 61.6344288512
8.9294447680 46.2171461966 76.3986896704
9.6071002580 46.8295673895 79.8286417766
9.2030294779 47.1844656732 80.2912034754
9.7092141757 47.1102267123 80.6053114023
8.3986379001 48.4449209075 61.6160917828
8.9999589388 48.2031914155 61.6654494065
9.3923136868 47.4951522242 81.0039194457
9.2931046998 48.0075736000 81.7717059608
8.9863306217 48.6475262343 82.1868533788
9.3866712189 48.2385527905 82.2670870581
9.2849991671 48.6172748247 82.4595084365
9.3076414759 49.2723889902 61.7637052017
9.5361208055 49.1245902615 82.4894731347
9.4351923747 49.5500222867 82.3563964186
9.4953701678 50.4229409001 61.8049744088
9.7630045176 49.9951486498 82.0911797817
9.2355469185 50.4726246172 81.6230685356
9.7313141188 51.4660980591 61.7331922066
9.6843522424 51.0719830631 81.1107241634
9.1751179104 51.5640940227 80.6250675154
9.4826002343 51.9870976901 61.6001690206
9.7139793505 52.2016481076 61.5208806907
9.8418783960 52.0497262903 61.5849886083
9.6776728051 51.9600137946 80.2260740064
9.1788775814 52.1075993288 80.0485710184
9.2789538825 2.0082268339 66.8424194973
9.5609840188 2.0006305828 67.6247543997
9.4322919802 2.7651665225 66.2647368464
9.8077807305 2.5628727018 67.2652022306
10.0044442020 2.4307720658 67.7754599337
9.9015618402 2.2926939274 68.0380403137
9.8893470869 2.6258582544 68.3219830790
9.2629770584 4.2795805208 62.3560369963
9.6922165624 3.9583318379 65.9951067774
9.9100674925 3.5302246473 67.2641679421
10.1090497867 2.9164349610 67.7719287032
9.4003746807 3.6908965828 69.0064999737
9.8632774711 3.2878650785 68.4710221930
9.3746342150 5.2028664988 61.4576609948
9.6393860874 5.2571866444 62.6838460133
9.6201520314 4.8446488514 63.6423374660
9.7200907183 4.7676123789 65.0564274518
9.8602940380 5.0481633192 66.2370374354
9.8913914444 4.7474350445 67.1701522025
10.0637219595 3.4254250177 68.0232009045
9.8202235028 4.3524239938 68.3481029499
9.3444844319 4.7165467435 69.3666406449
9.5323822633 6.1285340662 60.4382950095
9.7795191365 6.3427280321 61.5469542454
9.7965570275 6.1597705107 62.4970655404
9.8410829424 6.0352095865 63.5964157381
9.8681792563 5.9262498789 64.7591452535
9.9063435738 5.9245734365 65.9598325758
9.9141099062 5.8443610875 67.0499311996
9.8335900007 5.6976670460 68.1029417944
9.5800528041 5.6485436524 69.1207810525
9.1361121168 5.6503068687 69.8676424158
10.0016847010 7.8470006787 51.5105728755
10.0286408214 7.7709180069 51.7090484038
10.0699014293 8.1238504106 51.8796227165
9.8159803958 7.2023581813 58.9336327080
10.0290462105 7.0920004965 59.3863230729
9.9860226902 6.9718809696 60.0117103985
10.2448420912 7.7130337772 60.3169233244
9.9926687180 7.2454867268 61.1195419016
9.9289786795 7.2143206633 62.3282473198
9.9275252028 7.1636208319 63.4564894965
9.9633268921 7.0452326926 64.5798260790
9.9799396252 7.0251521510 65.7310153451
9.9311694656 6.9340364941 66.9042081152
9.8444383802 6.6356141987 67.8333129685
9.6026867866 6.8275628203 68.8583055571
9.2263153980 6.5701528653 69.7638605298
9.8516637358 9.0826036044 50.7208098589
10.0371989541 8.3725304167 51.2787315320
10.0806470985 8.7040751110 52.1148690569
9.5745132778 8.6990760968 58.1864712579
9.8599205723 7.8488763600 58.6525969911
10.1421905335 8.5225348791 61.1630672228
10.2952161282 8.4113589037 60.2218321332
10.0027464147 8.1249158642 62.0918783906
9.9189933242 8.4566336662 63.2509626808
10.0051448529 8.1983077256 64.4171055559
10.0473078274 7.9698234419 65.4033672204
10.0300980600 8.3379279462 66.6343811269
9.7343457749 7.7613620368 68.0223143635
9.7215974552 9.9628077479 50.3720337177
10.0668273032 9.7439570608 50.8062773267
10.2170747222 9.1919762828 51.2244957926
9.7844283749 9.2300288901 52.4363584405
9.9202615119 10.0355613384 52.6538995534
9.5895789441 9.8902171710 58.0347356452
10.0744324564 8.5347729171 58.9059264901
10.0069354099 9.4589352164 59.1130060532
10.1849126542 9.3535770914 60.3509623646
10.2658720092 8.6238477575 59.5666595389
10.1355930325 9.6613813071 61.4476068165
9.9932527951 9.3123392116 62.5560726257
9.9807848756 9.3228031247 64.1552512435
10.1774498420 9.2034218869 65.4810208514
10.2537391561 9.3438215295 66.4022379936
10.1064658112 9.3573650009 67.0025405901
9.8946192368 10.1336303073 67.3291401759
9.7173293424 9.0696369859 67.7936865657
9.6170248875 10.9120909013 50.4163711262
10.0081808145 10.5882381195 50.7974758964
10.2906649289 10.0606405501 51.2698506721
10.0238783954 10.7377879306 52.6524457579
10.2448014829 10.2989575775 52.3969790097
10.2464857714 10.9860133742 52.2931955009
9.6794833438 11.0525587883 57.8535237206
9.9360086497 10.6845646031 58.9022772620
10.1238270481 10.4782653182 59.9823369240
10.1817635436 10.3684803656 60.9699200266
10.2144313187 10.7945342473 62.1860735421
10.0513889619 10.2564865026 63.6456496506
10.2002613693 10.2551898450 64.8955826725
10.3483788778 10.1768499118 65.6445802308
10.3618826841 9.8511265439 66.0829233510
9.8246928356 11.1565397876 67.0837771077
9.8269021633 11.8779848474 51.0110893073
10.2381857444 10.9832335035 51.3831793872
9.8781676525 11.6643293032 52.6471292693
10.1891256539 11.6591269067 52.0888423288
9.8847593694 12.2769971561 57.5459777754
10.0122625287 11.8336003269 58.7813368014
10.1230022369 11.4332395737 59.6969251445
10.2888325693 11.5606285873 60.8894533949
10.4195351728 11.7787798695 61.9000720105
10.4214103932 11.7821933971 62.5881613700
10.5011537639 12.2750854137 63.0365870304
10.2989879472 11.6871850464 63.5004961165
10.2227124649 11.4142419608 64.8184988007
10.3573517054 10.8878045547 65.5745262291
9.8832426305 11.8844793853 66.6069860818
10.2024478126 11.3205519838 66.5995048682
10.2282444987 11.6659334848 66.2098802864
9.6969735833 13.4147505342 51.0974266863
10.1792096942 11.7013651544 51.6400259330
10.0143915937 12.6587195057 51.9597667388
9.7789059989 12.7579789502 53.0684654975
9.7999252684 13.1193403373 55.0779878937
10.0859161969 13.1962247252 56.3760245854
10.2715926286 13.4102771246 57.7338931904
10.1991974764 13.0066272939 58.7469743639
10.2838358715 12.5842155816 59.9351036370
10.4708233980 12.6878566885 60.9511894553
10.5112336745 12.3524878928 61.5436405170
10.4362694872 12.5870261108 63.6293189804
10.4284698047 13.3773622710 63.8646434598
10.1923834691 12.6991373575 64.5585812427
10.2955410474 11.5311470671 65.7254100775
10.0357240821 12.2633802662 65.7496020803
9.4866937969 12.7427807680 66.4743500754
10.2423306979 15.2418418405 10.4516210857
10.4107414260 15.1574815853 10.3032985000
10.4059403933 15.0751525196 10.4796001909
10.3533700645 15.2347309835 10.7242747435
9.7037681668 14.5387076192 50.9011509631
10.1132095971 14.2585761470 51.6019874128
10.1777164621 13.8128346042 52.7163152301
10.0297675034 13.5845625982 54.0100265243
10.3611212274 13.9297739635 55.2339846253
10.7624876662 14.3666041816 56.2142373517
10.5665467060 13.9962368541 57.1430791954
10.5334713168 14.0823815176 57.9102245250
10.6314175352 14.5495190069 58.2988631126
10.4354991934 14.1215492310 58.7182360747
10.4147252341 13.8822152965 59.7527135292
10.5383386183 13.6241893546 60.7461885427
10.1044049012 13.7917232675 64.5854967553
10.3079937502 14.3972079114 63.9527639805
9.6164071924 13.6319250537 65.5735554743
10.2910005766 15.4820152582 10.1584297012
10.4294217648 15.7499785662 10.0206166207
10.4871645945 15.4109143450 10.1695700203
10.2528880871 15.5853609482 11.0797832784
10.1542781747 16.1378150926 11.3412804485
10.4309976444 15.9762043206 11.2850634338
10.4854070756 16.3476149054 20.5904083971
10.4999935542 16.4748139395 20.3031363187
10.5774632179 16.1153754391 20.5008948451
10.5780385900 16.0555727121 20.6907412534
10.5492050251 16.3233837596 20.8157251883
10.6334024350 16.2375968031 20.7841646854
10.1081608249 15.3063333276 50.9552789289
10.4388944162 15.2289296733 51.5707459814
10.5076556017 14.9074589413 52.3805796509
10.5304310361 14.6547479794 53.4464368283
10.6398287164 14.6170548116 54.4902218854
10.8370206756 14.7022191300 55.3328949886
10.6004799150 14.9500887811 58.8391341628
10.6423574525 15.8332587189 59.0682590169
10.5134200429 15.1418794092 59.7028408876
10.5878080933 14.7690583362 60.6550812413
9.7456279174 14.7721192045 64.7920008588
9.9841551827 15.6485238029 63.9341483917
10.2129505163 16.1141200853 10.0588117925
10.4413064664 16.2241912459 9.9984781323
10.0639993639 16.8780676029 11.5542462931
10.4188533859 16.7044118144 11.5247118352
10.3088897872 17.1600873124 20.3391782708
10.4653753076 17.0908173547 19.9069177066
10.4638766481 16.9201374103 20.8692466393
10.6414968354 16.8009161179 20.9153427710
10.0837674361 16.8719332908 35.4417995952
10.3737051802 16.7537662246 35.8788216670
10.3466008697 16.6186352437 36.5920448505
10.2980159471 16.4958188256 37.5848522793
10.1909403810 16.4630708319 38.5719007843
9.9429056994 16.5458487304 39.4643823211
10.4128705807 16.8485314038 40.0728838309
10.3253567946 16.5454086101 50.3883634517
10.5366691525 15.8641714691 51.1816742394
10.4058131832 16.5233033041 60.0365103065
10.5170541151 16.9025242091 59.1356924783
10.5485402857 15.8821824604 60.7232234857
9.8020787586 16.8512472182 63.5325768320
10.2686414999 16.7496367456 10.0230715150
10.1982986480 17.7892225443 10.0339548385
9.9800692608 17.4325010160 11.7144793729
10.3265331775 17.7023637364 11.9888294167
10.0101406690 18.1502530039 19.3486307080
10.3644840640 18.2361820353 18.6792236515
10.4999565102 17.7278008641 19.3532934868
10.0246101533 18.0431422098 20.3860813631
10.2815164128 17.8769220637 21.0997516732
10.6145455946 17.6682079387 21.2468525361
9.6741249966 17.7055946847 34.0524151564
10.0821962421 17.2945293067 34.8569987880
10.3419104994 17.2329111516 40.9399705780
10.8085746789 17.7220282238 41.7862005756
10.0231714348 17.7504700094 48.9640694639
10.4172046633 17.3765752785 49.5851973109
9.9984942175 17.7526641865 59.8555650532
10.3138435190 17.6881589390 58.9509629627
10.4088047588 16.7232150353 60.8895512540
10.1690326087 17.3032241648 60.6625869605
10.2390575070 17.2661408791 61.4024973765
9.6325014181 17.7345404902 63.1250748237
10.1407177738 17.0905666101 62.9381403666
10.0179681118 17.5986217047 62.5950135877
10.1422962150 18.6740500173 9.6277443041
10.4220702962 18.9663257952 9.4085447050
10.4942922616 18.4222076054 9.8123903897
10.3030371034 18.6729027423 12.9325346953
9.9305767790 19.2344037847 13.5056876662
10.4802703980 19.1247411615 14.2043035964
10.1389120430 19.2568911702 14.5939623291
10.5356560141 19.2259856823 15.4155833240
10.0013730828 19.3455235343 15.6190302216
10.4861643649 19.0782398729 16.6549927617
10.0066660009 19.0849217732 16.9412712416
10.4408184891 18.6867049239 17.8302114501
9.9919366633 18.7003388715 18.0725542872
9.7090112758 18.6550910248 20.1363831333
9.8800702851 18.6506652736 21.0629727973
10.5282711024 18.3378254370 21.6871429157
10.2550347434 18.7332102781 21.8772768917
10.5873362034 18.7948717085 22.1294869099
10.3099877937 19.2592413775 27.2358926547
10.3127018179 19.3077585828 26.9228199641
10.4312027138 19.2118749936 27.1291734286
10.4450845259 19.2453838244 27.3056621891
9.9663572516 19.1994934568 28.9914992855
10.3731019147 19.1342445333 29.8151327646
10.4157035146 18.9285710477 30.6849448469
10.4726175812 18.7121482956 31.7111422020
10.6060325426 18.4463746255 32.9612086935
10.5298750446 17.8967638660 34.1927040772
10.3198871438 18.1808347044 42.8747712958
10.0762353571 18.5469462289 43.6734426677
10.6203609831 18.5706300547 43.6439686469
10.1155448854 18.6339919468 47.5927221972
10.5882385293 18.3026226961 48.5228222125
9.8098198807 19.0479431616 57.7695928781
10.5086804368 18.3376009076 57.3773831890
10.3216127587 18.9090383900 56.8253989337
9.8738946202 18.3989409035 58.9028243883
10.3947772373 18.0420975572 58.1985084721
9.5785518412 18.1614597633 62.4681598655
9.9586821290 17.7938041538 61.9526085527
10.0856634920 20.7856186908 7.1767751975
10.7383704759 20.8635486310 6.8272941513
10.8055694955 20.2409896340 7.7827099245
10.6900087133 19.5625539050 8.9091061895
9.5609564286 19.7799976255 13.4420189995
9.6985331750 19.6980789488 14.3964553984
10.6372665720 19.4240105495 22.9377983365
10.5854852018 19.7800418185 24.6640625868
10.3156275771 19.6185622171 26.1766800238
10.3778645468 19.4718955617 27.7955710620
10.3815777281 18.7655215356 44.2391480531
10.8437785258 18.9365195283 44.9426283984
10.6854767982 19.0132872711 45.9514240593
10.4850789746 18.9172228075 46.9213012243
10.4677047318 20.3503761565 53.4869499878
10.8347389847 19.8080326165 52.9067504501
10.7961227318 20.5757368955 52.6404615451
10.3048485426 20.1029537852 54.2949173840
10.6748318663 19.5226546787 53.6945060565
9.9395215925 20.2653335092 55.3278516070
10.5291873879 19.3469132099 54.7145418082
9.8427104684 19.6963268532 56.5590116498
10.4172321720 19.1529340286 55.8537140295
9.9058124949 22.0394126953 2.2598058896
10.1332436600 21.7970330999 2.8423581879
10.0223029573 21.6984674274 3.3026114878
10.2129338711 21.9648489652 4.0292235264
10.2484913105 21.5336421993 6.0786896830
10.4908218761 21.7749110851 5.5409031244
10.7449875191 21.3752817325 6.1797712304
10.3779599458 21.1552804369 53.2613047125
10.7104667830 21.6282839363 52.5847420662
9.9602621128 21.0977654471 54.2218515333
9.3705069503 20.5549800995 56.2080595830
9.8819364485 22.4447599930 1.7957684453
10.0318306978 22.8199537744 1.6657136124
10.1764450619 22.3879246462 1.9748459856
10.3844112069 22.0634299875 4.8619485856
10.1114933179 22.3313731612 4.8610435735
9.9549155367 22.4089654581 5.4910844623
10.8606312389 22.9279344760 29.4609443052
10.9837968300 22.3861195652 29.1491830177
10.9347337604 23.0343973944 28.9062345314
11.0069868234 22.4850350804 29.6754724656
10.0749413188 22.2784576762 53.5498969693
10.6639143161 22.8239513657 52.5597549546
10.0625527255 23.2919989374 1.6977176258
9.9501562397 22.9877145616 4.2081571407
10.1752796348 22.7321964651 3.9749561690
10.1030303904 23.1423654447 3.3843780553
10.0467041719 22.7920628439 4.5003092503
10.1944942893 22.7090469420 4.6859221390
9.9980318252 23.0477953546 4.9489281852
9.9704595156 22.7098460588 4.9380355903
10.1832034541 22.9441311490 5.3165757849
10.7648452006 23.6785373409 29.5402334974
10.8699382717 24.0470809796 28.8544797711
10.9288747003 23.2295554663 30.0541234884
10.1952451702 23.6607923814 53.3097119162
10.6548938697 24.0824243233 52.4293301037
9.6492792294 23.4058393172 54.1893613151
9.2653694907 23.4547423817 54.7537350673
9.9495708992 23.6213007557 1.9316411339
9.6961728389 23.8553107055 1.8015096919
10.0628824768 23.4007468787 2.6246791287
10.0687668777 23.5708248553 5.8238886216
10.2747265022 23.9606481147 6.6392107379
9.6486460443 24.4033902600 8.1082513972
10.2539636766 24.5336565301 17.0579177204
10.6991327962 24.1442523554 16.4970512964
10.2991587139 24.5838083058 16.1261006474
10.3625836806 24.5699523137 17.8774594182
10.8972616346 23.9338750618 17.6057084238
10.7087468733 24.4315776310 18.4003722122
10.5705169477 24.7878773867 29.7225517130
10.7468414884 25.1417250307 28.8267303310
10.7588524802 24.1626780009 30.3007092817
10.2287821768 24.9221364804 53.1697913242
10.5579944582 25.2719344524 52.2843493489
9.8404770512 24.5620283825 54.0243758841
9.4101278375 24.1952907490 54.6800038768
10.1313005294 24.2884081397 7.2635290184
10.0678436836 24.4952669550 8.2686875878
10.2952551444 24.8157111052 9.5877874550
10.2585356838 25.2031912244 10.4751006700
10.5327282994 25.0942031126 10.2672833622
10.1829180254 25.2918042637 11.1341896027
10.2883393943 25.2863047015 11.7306938392
10.2543436194 25.2669646235 12.5923206062
10.4019057572 25.4282432727 13.4314718572
10.1550125608 24.9654814697 15.3467366263
10.0732783282 25.5204164797 14.6577978805
10.2198204672 24.8606023402 18.6217482824
9.9473199059 25.6305540843 20.2185233728
10.2141202654 25.2247635679 19.6339459628
10.3982908463 25.4696679926 20.4662060743
10.3818156645 25.7272980392 29.4635481190
10.5333852951 26.0876756905 28.7869345731
10.5501730423 24.9352637134 30.5715741780
10.1665636384 25.8061386918 30.5447973825
10.2312549711 25.8217082647 31.6135068236
10.5590958995 25.2555818087 31.3084523310
10.5639869561 25.5160747743 32.0742999993
10.1537536243 26.2727843522 52.9413924803
10.4256700295 26.1951886826 52.0284461280
9.8752628575 25.8061459950 53.9508532153
9.4920021069 25.3714500953 54.6598649900
9.3993277556 26.9256705074 60.8849891179
10.4456394075 25.3202586442 10.7852466174
10.4780262746 25.3092255091 11.2368388910
10.1156158702 26.0055011977 13.9968149750
10.2960308167 25.8488257574 13.9309354486
10.0671694002 25.9265415975 14.2751119265
10.0166826241 25.8019099363 20.9198561868
10.1386192273 25.9976474861 21.9306406502
9.8463811128 26.9214505484 24.0133200293
10.3286088589 26.3556505187 23.2529740257
10.0780326021 27.0329162386 24.5118070539
10.4012206765 26.7485588894 24.2066701905
10.4980415738 26.9384521137 24.9688605275
9.9632657638 26.6993470474 29.4282031879
10.3621042161 26.6206138112 28.6955631432
10.1609186796 26.0780357252 32.4377294868
9.6938060834 27.1706972213 34.5270491786
10.2098700210 26.3908645649 33.6306871375
9.9880127432 27.2797862581 35.5863830414
10.7134722426 26.4329489252 35.1030767435
10.5412329739 26.9066844350 36.0750504463
10.4679261626 27.2213293440 37.8073539835
10.9301785896 26.7605953487 37.4375319365
10.3938112668 27.2198882870 37.2196058305
10.8334471738 26.9595815128 38.2501112648
10.3229125063 27.3582458403 50.8487677282
10.6507337826 26.6946612068 50.7157025239
10.6577306243 27.0553105109 50.0925853174
10.0971240716 27.3929641205 51.9867890908
10.5532834016 26.5149087527 51.2993436044
9.9716553539 27.4333723272 53.0938941494
9.8362898542 27.0709136704 53.9302771767
9.5031137834 26.6628769698 54.6955874508
9.3991361471 27.2630011677 60.7431428099
10.2307044032 26.0835251300 14.1208691301
9.6084843619 27.7968551296 26.4255542863
10.0651621604 27.4184385912 25.8080494514
9.4777368760 27.7901644198 27.1743240742
10.2571049965 27.2992065122 26.9894672560
10.1991833542 27.0076228162 28.2974423728
9.5003277523 27.3188688064 29.4788401705
9.3911321431 27.6791015689 35.2188892640
10.0538196865 27.4210163288 36.5634488030
10.3506614442 27.4352859930 38.5376527337
9.9015803075 28.3298863550 40.4405521895
10.3394026792 27.6853774949 39.6825117462
10.0082863838 28.6802361499 41.5474463015
10.6572216569 27.7379851379 41.0639108665
10.3662532563 28.7123538298 42.6308144106
10.6299270652 28.0875617563 42.0967186175
10.8411251425 28.0448252170 42.9762409333
10.5222604983 28.4732051668 47.1880610777
10.8623949244 27.9055155823 47.0657636304
10.8678588696 28.1281299017 46.2721500630
10.2093250890 28.5253499780 48.3717647265
10.8677027109 27.6717862161 47.8388701051
10.0955440459 28.2971034066 49.8492597344
10.6907828075 27.5132399772 49.0318277652
9.9566753647 28.3021807240 51.1824605754
9.9024983956 28.4631050539 52.7289517859
9.8154154000 28.0839445801 53.7846242047
9.5171732154 28.2496692133 54.8398286932
9.4243974163 28.0984942166 60.2920956287
9.8378284777 29.4264418176 42.3430879142
10.5992878873 28.6181650468 43.4068862845
10.2683150313 29.4603682703 43.4625568475
10.4947550989 29.4017670660 44.7495991846
10.6565908661 28.7124991279 44.2001759164
10.4244290451 29.3287500015 46.1138270060
10.7365716049 28.5846380835 45.2282092733
10.0490627201 29.3272892624 47.4251703110
9.7461587165 29.2548422097 50.5643560542
9.8936801835 29.3241665521 51.7716754299
10.0274480357 29.6632560544 52.9843133422
9.7257399126 29.2877463704 54.1671025988
9.5287455591 29.5165574448 55.7418139393
10.0128804049 29.8843723990 57.1406990862
10.4060735194 29.9511289991 58.3182624981
9.8783199303 29.3339147806 58.9958696530
9.7435754100 29.1573992133 59.7857951666
10.1605660512 29.5276797555 59.3889858085
9.7278123752 30.0865371940 42.7945415471
9.9638847601 30.4986150955 43.4383340777
10.3600144141 30.2113816601 44.2864249287
10.4575384434 30.1157064187 45.2433153461
10.3329671055 30.2938034499 45.9579512795
10.1947312123 31.0010913102 46.0519194893
9.9555800661 30.3675996846 46.7953678454
9.5497148928 30.2792484166 50.9388040311
9.9111383960 30.6599674856 51.7310324556
10.1724509322 30.3039808058 52.3965569361
10.2130222482 30.3749070658 53.0494755592
10.1793938142 30.8553334502 53.3329727072
9.9908967575 30.2698740704 53.8312786284
9.6870381344 30.3851491637 55.2194447292
9.9971480541 30.2660794024 56.3565539789
10.3605591167 30.5415869921 57.0496122437
10.5699514897 30.4162147520 57.6666358726
10.3491687150 30.0555027591 59.6410732970
10.3717600347 31.0999980456 60.2164881789
9.6378260327 31.7395291432 43.6257967912
9.7516864171 31.2749795685 43.4946606266
9.9288647152 31.6632822732 44.0207661382
9.6383036395 31.6432184944 46.5791231318
10.0645217687 31.6734352292 45.8565043281
9.8801696814 31.4961822407 51.9429565348
9.7865001807 30.9731229767 54.1725567122
10.0299841562 31.3154363177 53.3718460753
10.1836579817 31.1139714695 56.5521920898
10.0659829487 31.8806321713 56.5885119375
10.5463857195 32.2171245930 60.7789292675
9.5039398281 32.6115889802 45.0249832218
9.7974962004 32.1467353441 44.5136806514
9.6644868486 32.3030889477 45.7878461518
10.0365190914 31.9651340983 45.2391256785
9.7487552551 31.9517906142 52.3442631140
9.3576711693 32.3145458037 52.3112272721
9.9304990427 31.6817281065 52.8915416180
10.1242579924 32.3430572549 56.7750767889
9.9295970405 32.6142447894 56.8043033115
10.1700249782 32.7238524953 57.0748042661
9.9192905963 32.6293981272 61.2135032080
10.0759618123 33.1156387288 61.5531057527
9.7268057117 34.0806711514 57.8270513323
10.0114846465 33.3906414153 57.4738230115
10.5270709170 33.8506571760 58.1310926948
10.2120062644 33.7015618400 61.9813793475
10.3459488449 34.2711736314 62.5439053381
10.7248484964 34.7202337211 58.7056801831
10.5172726497 34.8985104281 63.1377050501
10.1415993978 35.4663132463 64.0963535155
10.6792952748 36.0524862827 64.7358283396
10.3409023349 35.6222228314 59.1286767568
10.2358355006 36.5848447193 59.6755233625
9.8910196331 36.4512942834 65.6675117519
10.5158637052 36.4786885311 65.5088360458
9.3998009153 37.2416101044 71.3340427038
10.1796293219 37.2227522036 59.9906240549
9.7289651744 37.7673218455 60.1367372639
10.4570561208 37.7121368343 60.3628916118
10.3122963050 36.8470166225 66.2749249770
10.8019793421 37.3095073187 67.0463547471
10.6597468574 37.5241011028 68.2342944385
10.2107583459 37.4975768876 69.2093120407
10.1943440048 37.5780108812 70.2828074127
9.7762687355 37.5038238585 71.1457691614
9.7716528263 38.0409648979 71.4785399855
10.4199439496 38.8671044591 60.7374442770
9.8590787226 38.6817613035 71.5071047953
10.4318883511 38.4736981254 71.1545178866
10.1436830116 39.2725804562 71.3173885778
10.5210508639 40.0615949880 60.9905318778
10.4305408835 40.2518538786 71.2340078564
10.3687068447 41.2494809048 61.0781959300
10.8452382590 41.4259296353 71.3973320582
10.2578166488 42.1834978030 61.1807825752
10.0947480106 42.1481946758 71.7197502597
10.4615888250 42.9483778276 72.1021600812
10.1696288887 42.9039661537 61.3110185580
9.7410198342 43.4754315799 61.3879612424
10.4770784886 43.4591950012 61.5845458349
10.5934863013 43.6290719502 72.5502350780
10.4834463223 44.7924818431 61.7392439416
10.3309207858 44.0615521582 72.9214052601
10.4180577134 44.5582568684 73.5213902251
10.1140650863 44.9359648775 74.0655256422
10.6745201193 44.9827360200 74.1551587272
10.6412702894 46.1787477769 61.6955499725
10.3378923518 45.3689261554 74.8552897265
10.2722550644 45.8210651323 76.3595853046
9.5288412622 45.9567280419 76.6992463067
10.4516285902 45.9736516370 77.5576538470
10.1930846884 46.0751223201 78.2763949281
10.5733584883 46.3395497701 78.9040490611
10.4465312758 46.8806119419 61.5510544323
10.5709466707 47.0434217923 61.5116931124
10.7184593877 46.8448828193 61.5758867582
10.6038528369 46.6895722585 79.7690103976
10.3327359372 46.9855164749 80.5894481639
10.1198702245 47.2576699732 81.0899520772
10.8070628266 47.2863275548 81.2119370980
10.3780127734 47.2410134899 61.5478503639
10.2852414618 47.9608571779 61.6840210465
10.3061180358 47.6177213018 81.6470958600
9.9994237870 47.8949752976 82.0663444717
10.4082249678 49.3689198979 61.8283198411
10.5371730914 49.2970635576 82.5096388379
10.1697223625 49.5586338047 82.4084481865
10.5225043378 50.5021613162 61.8654930262
10.6221784265 49.9803746209 82.0145792066
10.1854859264 50.5213863091 81.5967308933
10.7169248956 51.2307602019 61.8698086449
10.6221667842 51.0271290287 80.9854209410
10.1680118477 51.5679437558 80.5635049953
9.9876627743 52.1473725385 61.5690515483
10.5231591774 51.7844897230 61.7771362064
10.6249359513 51.8868430753 80.0604237109
10.1671488998 52.0966772037 79.9636302641
10.1178873159 2.6218089420 68.0470243544
10.1197863270 2.9748864023 68.1583919818
10.1437215257 8.0212734125 51.6418478996
10.2085718024 7.5666647954 59.2233496718
10.2680296979 7.4143079726 59.7068828675
10.2533501925 8.6891198347 51.7417078255
10.2544602095 8.0899682729 59.1806898618
10.3523110003 7.9446930397 59.6935684090
10.3726093482 9.5294833707 51.6784689474
10.2385166209 9.4982445387 52.1886994163
10.2992266695 9.9706064417 66.6414111603
10.3719973298 10.3619866620 51.8892764006
10.4122837066 10.4798946168 66.1507395763
10.2622246816 10.6987858971 66.6984785760
10.3235739847 11.1670945068 51.8640106720
10.5896433898 12.5078975863 62.3413245617
10.3727545562 11.1354262854 66.1815632474
10.6601094664 13.2944844242 61.7118451835
10.7143656419 13.3317804795 62.5529223550
10.6039819950 12.9601484263 63.1125581502
10.5421264997 15.3300751652 10.4968616114
10.9217880173 14.6332974693 57.0312056658
10.7818623008 14.5842769550 57.6937338017
10.7111230026 14.4453815308 61.5386169501
10.7436680801 14.1714843218 62.4075249184
10.6325382197 13.8462786163 63.1917085678
10.6069597186 15.9331948883 10.2562199878
10.6827391114 15.8760414117 10.7153711337
10.5317790715 15.5997274031 10.9552337785
10.6333010389 16.4729005710 20.3169115736
10.6462967709 16.1337097881 20.6097815645
10.8029877931 15.9272384257 52.0312633599
10.8566004716 15.6356420820 53.1935355027
10.8873595436 15.3446721724 54.0759487689
11.1182407810 15.4447799918 54.9828215403
11.1942929646 15.1884481216 55.8508167174
11.2117588972 15.1329479445 56.6625455233
11.4181629590 15.6738467114 57.0280089976
11.1159018758 15.3304695380 57.4997338831
10.8084022779 15.2259230094 58.2884937404
10.6836750603 15.5072753615 61.4731699013
10.7112917576 15.2272335942 62.2808851464
10.5535607198 14.9099763543 63.1436132298
10.5482955529 16.8477831154 10.1728136290
10.7376457667 16.6901534893 10.6900780165
10.6520088467 16.3225908889 11.1534648935
10.7411359712 17.3340560972 20.0056365620
10.7173571421 16.6440826804 20.6115104399
10.5118991575 17.0127479750 35.4770130274
10.9006272203 17.0173532769 36.1325652007
10.9699919699 16.8434423285 37.2012342759
10.9194630136 16.7546282608 38.2738317785
10.7385166836 16.7635329927 39.2931386660
10.8380144713 16.4616543849 51.2627447825
11.1213416718 16.9077669005 51.9330999819
11.0791508454 16.6846031188 53.0333237129
11.1726277469 16.3532694997 54.4150506984
11.3976691089 16.1092455198 55.2421567306
11.4214521365 15.7685402668 55.6450155026
11.3412870378 16.0024153206 57.4811715790
11.3170679758 16.5520151372 57.4654999023
10.9658863936 16.3071385436 58.1637986777
10.5407872979 16.4481591962 61.4957365398
10.6320196945 16.0905934362 62.1086264384
10.4101740104 16.1347069944 62.9241167247
10.7871079751 17.9738280987 10.4592792690
10.7577717796 17.5524650543 11.4513189203
10.8001657897 18.3350359326 19.0248401762
10.9829787116 18.1618065252 20.0381150703
10.8583935237 17.6850720110 20.7893648446
10.8513473944 17.4203046131 35.2595711621
11.3535482602 17.5138902647 35.8619036009
11.5000527769 17.3566346284 36.7272255328
11.5401122766 17.2094946198 37.8315551090
11.4401183864 17.1321477159 38.9694719157
11.1671825248 17.1940668581 40.1223517113
11.1717975723 17.4855404421 41.0250433095
11.4623324758 17.7534418811 41.4857929809
10.7182542218 17.8523368553 49.2289951717
11.0619838709 17.6905783673 49.9523688087
11.1612749068 17.2378473140 51.0093721013
11.3392181288 17.5083168337 51.7383617545
11.4382008783 17.9713853971 51.7907623239
11.2095994860 17.8334040574 52.6615889246
11.1041045054 17.5461574959 54.0930450852
11.4208696790 16.6163552059 55.4087325684
11.2033274836 17.3563969219 55.4474019195
11.2389433364 17.3500125627 56.5070309073
11.4752889828 16.8378444378 56.1162373754
10.9715342420 17.3805263985 57.4872301395
11.4274728700 16.8152456251 56.8882780356
10.6691061675 17.2762078062 58.4451221899
10.3633989464 16.9625004563 62.2433706766
10.8515651185 18.8754430573 9.7637655026
11.1827572989 18.9659325108 10.4566423806
11.1839924033 18.9484470512 11.4807999687
10.8838330361 18.8277595313 12.6403295532
10.8186108894 19.1731233093 13.7801178789
11.0649538720 19.6069622363 15.0941769139
10.9514246839 19.4706653884 16.4610699696
10.9125099795 19.1598538172 17.8260100050
11.1173117121 19.1574517526 18.9204134126
11.1323141214 18.8480383772 19.6539267658
11.2240002962 18.9618732662 20.6141390646
10.9253435027 18.7626961476 21.7472569436
10.5135328925 19.3802239901 27.0538806040
10.7071872887 19.6033679765 29.1593071878
11.0149943776 19.4765552166 30.3423521699
11.0936818332 19.1188279109 31.3868410841
11.2068841857 18.8718803632 32.4347818986
11.3794040632 18.6904641825 33.3295636352
11.3149759135 18.3708220616 34.1018812690
11.3615959004 17.9355122824 35.0897524729
11.3850931717 18.0994410499 42.4340266353
11.1739988518 18.4817846757 43.4525478458
11.0299051942 18.7564244579 44.1715986220
11.5677357620 18.7282954798 44.1756796133
11.3896906624 18.9021047816 44.7370848364
11.7352385824 18.8990357859 44.7942521550
10.9859114586 18.7995301104 47.8875829842
11.2878972886 18.6280827974 48.7564704169
11.1440253157 18.2277443848 49.2222934644
11.7241536667 19.0894033283 50.5724784746
11.5689978208 18.9555331128 51.2127682100
11.6554164451 18.5999417465 50.6720243532
11.3725715939 18.6045072829 51.9496003231
11.5532950743 18.2938812535 51.2591723773
11.0492335527 18.9978920000 52.8398635128
10.9179725081 18.6071265614 53.8695134479
10.8614691442 18.3875738563 55.0918192252
10.8309342326 18.1616351096 56.4073281034
11.2055637820 20.6182676273 7.3230547683
11.3972928294 20.3873499289 7.9171914714
11.3385309158 20.0567938692 8.6710504145
11.3443377686 19.6216555579 9.7732803402
11.4964841448 19.6125050523 10.8633302535
11.5109784663 19.8772688915 11.6793678394
11.6079238560 20.6806964791 11.9545322089
11.3653816521 20.0894169494 12.6775735089
11.2556465007 19.9200621680 13.9954882259
11.4368693607 20.1806740150 14.9892649669
11.4613806052 20.1710871986 15.5818188806
11.5932800559 20.5433493164 15.9943904293
11.3655761307 20.1735459874 16.3331288224
11.2495896734 20.0409373703 17.4665992828
11.2452038935 19.8041308978 18.4659241574
11.4154328743 19.8769274071 19.5967024286
11.5721648024 19.9603411657 20.6876421231
11.4848995024 19.7506371376 21.5781187516
11.3343270624 19.7679537814 22.5677056045
11.3303621124 19.9891249510 23.3863555184
11.6521943180 20.3693777207 23.2024569838
11.2135268912 20.0114699261 24.1417558920
11.2694137213 20.1074458426 24.9943349386
11.0919919726 20.0069079185 25.8092893672
10.9429356957 19.9186345350 26.9776585642
11.0819509135 20.4475323948 28.2829682933
11.3522930593 20.5553230049 27.2331071243
11.2562240331 20.3714529636 29.7775369581
11.4899943901 20.0168356648 30.5382543884
11.5507696022 19.6519776009 31.1269232401
11.6972677057 19.3617546032 32.0521444280
11.7382033000 18.9842357594 33.1261296276
11.5119828318 19.0563608151 45.6263332578
11.3623728618 19.1104776069 47.0957428523
11.6497053527 19.5418638609 51.0030753976
11.6689829632 20.3255296092 51.0838639957
11.2746960533 19.7061520734 51.9203719932
10.3579222285 22.2020842334 2.6239900763
10.3577720756 21.9906029326 3.5071084233
10.8821611029 21.8731543526 5.8870197866
11.2337135601 21.2423348839 6.8268907770
11.4778718490 21.5412595993 12.8805160526
11.6267311318 21.5160320327 11.9042087058
11.4663135686 21.0413510995 13.9106313668
11.5570975656 20.7910218407 14.7855557524
11.5826654784 20.8332085183 16.4670946957
11.6068663420 21.5394651871 16.6592235685
11.4775082939 20.9381644385 17.1722396110
11.4933857597 20.9389444748 18.4634639179
11.6753612627 20.9407255390 19.5930118360
11.7175118716 20.6193615279 20.3053313096
11.6463239573 20.5066596947 24.0081792190
11.5752717320 20.4309557652 24.7354426313
11.3966571815 21.2950994794 27.6235442598
11.5922871632 20.9760961782 26.8300872712
11.6925299885 21.6935753331 26.7885818182
11.2123326470 21.3099373434 28.3979480691
11.1829078653 21.5711838104 29.3047367871
11.6229934099 20.5567945924 30.5132330132
11.5299028525 21.3095705475 30.3512703450
11.8522669343 20.9932019698 30.9410291151
11.2336151144 20.9671671743 51.8466292271
11.7280787556 21.5317974174 51.1167012019
10.3391981023 22.7615583049 2.1105655349
10.4856012687 22.5574913528 2.6909284396
10.4394584935 22.4741458968 3.5505428267
10.5351344690 22.4119128732 4.9095068904
11.0446160237 22.6026907832 6.3698911095
11.3859231979 22.0053601210 6.8324539537
11.4439216143 22.6023896875 12.0961978153
11.6957648818 21.8558585780 11.3235244275
11.6224392539 22.4720307940 11.0110997114
11.3398513973 22.6800592795 13.2780456345
11.4259595283 22.2644313536 14.2036935543
11.5949341435 21.6580255720 14.8398951372
11.4694881047 22.1854469455 17.4897285812
11.5300313539 22.2948962730 16.5389456139
11.6008997282 22.1067262470 18.5999430411
11.7190083610 21.6525279672 19.2798153402
11.4884208301 22.2838092810 27.4803364211
11.7418756983 22.4635115246 26.8162713868
11.1862235615 22.1229928496 28.4083756523
11.3150870392 22.4799973931 30.4185257810
11.8352492859 22.0539557161 31.1659088899
11.1919179815 22.1347768000 51.8506000072
11.5798848308 22.6658219775 51.2959578734
10.2327407155 23.2529109588 2.1218726335
10.3508154123 22.9260552561 2.8368386305
10.5802445532 23.3260941771 6.2302268142
11.4046402479 22.6207375457 7.1845794165
11.0651382574 23.3691363935 7.4391626004
11.2327985426 23.6131551272 8.7389379896
11.5209256569 22.8298387575 7.9930251652
11.3228148372 23.6227182370 9.9048470673
11.6111321243 22.8439415190 9.0258067709
11.3472296475 23.4322350098 11.1020987907
11.6394880635 22.7025328179 10.1095657426
11.1750043197 23.7420362742 12.1505896313
11.1570827943 23.5771649547 13.0605264387
11.1730786889 23.3664923036 14.1420921807
11.5344655772 22.3404484261 15.1282960560
11.3000401537 23.0315152892 15.1871370825
11.2049590184 23.2274014162 16.4986346811
11.5228156926 22.5039442559 15.8401701721
11.2645212411 23.1493183277 17.4922129247
11.4226408702 23.0852514937 18.3662706779
11.5972636330 23.0057078084 27.2636959201
11.5651458136 23.8540462153 27.3381286238
11.2477579667 23.2464170421 28.0498081550
11.1368896787 23.7425381616 30.9912921064
11.6404550688 23.1026841958 31.4343838448
11.1570012794 23.3233781702 51.7657730284
11.6623178167 23.7264783686 50.9342157031
10.5200034309 24.0373422300 7.3517755692
10.7153235633 24.2203455734 8.4931948204
10.8643519522 24.4854443818 9.7685568345
11.0218186131 24.3823043582 10.8022156206
11.0317848845 24.2959511049 11.7034850935
10.7952141509 24.6607925023 12.8381472431
10.9183379236 24.2508400271 13.8918005694
10.8054459158 24.1609558314 15.2355216614
10.8081229593 24.6217117025 19.2331500478
11.1691918103 23.9720730787 18.7480931578
10.9509440324 24.9151509817 20.3471572466
11.3625543914 24.1336475525 19.7292161875
11.2855242444 24.9741430539 21.4099472805
11.5558704079 24.2753377162 20.7434433829
11.6822588670 24.4666088771 21.5873249154
11.1671624868 24.4846442857 28.0848051450
11.5073375392 24.9217821117 27.3167065253
10.8037330891 24.5835948728 31.0206336145
11.4852756701 23.8829219566 31.8332213963
11.0528029491 24.7363265096 31.9908865632
11.3458942620 24.9659790218 33.1674589976
11.6283893619 24.2513269949 32.6227398446
11.7568978531 24.5264916363 33.4154388675
11.0734288177 24.6615745784 51.4864888933
11.5135131970 24.7929294683 50.6715459719
10.6993905617 25.0428655570 10.7524790320
10.6790400705 24.9859304499 11.6739189304
10.5078395836 25.1932899240 14.1991760239
10.6770334897 25.5045069416 21.2402022333
11.5254909800 24.9553530342 22.1390625324
10.9996481256 25.5856519140 22.3406883585
11.1489741252 25.8337736126 23.3400910919
11.5526674711 25.2019758300 22.9328065823
11.5360615235 25.5564369124 23.7783978882
11.0231922940 25.6610723579 28.0159509411
11.3925175874 25.7787184776 27.2367092077
10.7616412785 25.5754123962 32.9173469804
11.5885110966 25.0090595513 33.9229508490
11.1028022353 25.6503693178 34.0698704415
11.2629237261 25.7927065904 34.8779536187
11.6113189879 25.2917396648 34.6965118326
11.4670308835 25.7544676000 35.5346566251
11.0696065118 25.8994922346 50.5926108543
11.6279353465 25.2640084091 50.0923201079
11.5013073111 25.8589609913 49.6925016665
10.7478642816 25.6837573401 51.5594908217
10.2826582996 25.8685032798 14.2439330493
11.0379845214 26.2632671949 24.2334648737
11.2027588131 26.4422393890 25.1739391375
10.9261998740 26.5091849412 27.4681939612
11.4187029429 26.1695736745 26.7659918167
11.0822133971 26.6921042892 26.6239083119
10.6476284738 26.4376749782 28.2592835127
10.6381338116 26.9450729701 36.7355908392
11.1182632943 26.3858234119 36.3992766689
11.4692906762 26.1853090128 37.2864946943
10.9478450337 26.9926552084 39.1000561179
11.4067854998 26.4006473525 38.3111698505
11.0988090443 27.0673301323 40.2121897383
11.5566957583 26.4327006054 39.5253713866
11.2950258636 27.0625555727 41.1725199843
11.6682801105 26.5143501342 40.6518350572
11.6744699410 26.6794478990 41.6104930640
11.3105967476 27.4032313133 43.6711551679
11.7527896636 26.7151457565 43.4826133410
11.5707042298 26.9814269204 43.0011880917
11.3608509400 27.3386867429 44.8965076586
11.7397829912 26.7034872587 44.3707956474
11.3191077521 27.3601850664 45.8824429126
11.7096043097 26.7064244211 45.4135943457
11.6392562862 26.7686087782 46.2942266806
11.2297498302 26.9207168163 48.5211840520
11.6223568278 26.4642031090 48.0877798396
11.3663506323 26.9850418527 47.7179468654
11.1389544466 26.5859942821 49.4871043593
11.5985157148 26.1608628054 48.8761677862
10.8531256755 26.9052068060 25.9213629493
11.2498397874 27.3118595923 42.2741611644
10.8770014640 28.1613274171 43.7696592412
10.9933233829 28.0184003481 44.5454980253
11.0482187498 27.8896335029 45.3903261242
11.2487214586 27.3312942052 46.9071661553
10.4156242597 29.8001416014 59.0884799737
10.2054559020 30.9988576726 44.1065415591
10.4283928050 30.8032748804 44.8686231742
10.4268780942 30.6980270363 45.5180593006
10.2136936053 31.0287181415 52.2923021484
10.3069343007 30.7723183423 52.7533895478
10.7593152302 31.2112848660 57.5188200396
10.9673587013 30.7792410164 58.3039927957
10.9052118362 30.4561607976 59.0683799151
10.8977868265 30.7276576122 59.6656890692
11.2645357944 31.0410632488 59.4446763414
10.2327036060 31.4992875269 44.6924770923
10.3332371330 31.2894433408 45.3982374077
10.1147164971 31.5401092850 52.4091840651
10.2395112256 31.2423696794 52.8189474108
10.4798876692 32.0384133061 57.0871014240
10.9535993178 32.1201343800 57.7583231617
11.2365703280 31.7206125410 58.3196424696
11.1325865538 31.2716151963 59.8526936696
11.1513259226 31.9967554792 60.2320202952
10.6307852794 32.8453295421 57.6154446736
11.2002771530 32.8913510145 58.3940923523
10.5754706029 33.0178051708 61.3333327695
11.1905482138 32.9588816679 60.8436763392
11.2213532364 34.0389725779 58.7887019038
11.0587193609 33.7089846965 61.5881353766
10.8594745011 34.2849311237 62.3170319258
11.3831177989 34.3986564855 61.9261890575
11.2035751227 34.7447627895 59.0276029490
10.9334466276 35.1060020095 59.0242914646
11.1749052260 35.2798558010 59.4023716952
11.2748417880 34.9393276412 62.5973104405
11.2281307509 35.4228935673 63.2462218190
11.6231081803 35.6768376400 62.8373808686
11.0126123798 35.7330071545 63.9548784792
10.6763552075 36.8658989892 60.0316091106
10.9468104615 36.1057564224 59.7895807178
11.1870037504 36.7915944817 60.4142295231
11.5277587221 35.9930717119 63.5436273762
11.8129401742 36.3469714806 63.2093748264
11.5055620598 36.2811457437 64.0875674509
11.2790632788 36.3020438441 64.5297644099
11.2395763272 36.7117807147 65.1999891924
11.2040192528 37.8677470971 60.9073900252
11.7644678628 36.5474556583 63.7786772985
11.1283862781 37.1348637827 66.1459217302
11.3886754924 37.5788086229 66.8382135617
11.5974293042 37.6035615724 66.3913975066
11.3894638495 37.7844434547 67.6224681323
11.5407021623 38.0324322126 68.7163257356
10.9902617204 37.7674602096 69.5258627149
10.9377301926 38.1193852145 70.4528313619
11.3487758015 38.0311715956 69.9654257723
10.2987286345 37.8662672223 70.9780497583
11.2117485339 38.9907787942 61.1750523233
11.8923180530 38.1603174745 66.8572454253
11.8662712904 38.2822654803 67.8518795981
11.5404354073 38.4339224886 70.1452882189
11.1521641508 39.1757243167 70.7970704137
11.2790348597 39.7886335050 61.3219241154
11.0832473638 40.6162413049 61.3225628056
11.5737198011 40.1335479181 61.6299281293
11.4107144629 40.4107433908 70.9834731663
10.9252425802 41.6346576557 61.3920483491
11.5399589848 40.9988389052 61.7690747268
11.7040485980 41.3287137742 71.1452097627
10.6808203343 42.5033651109 61.4214173514
11.3347313665 42.3279264235 61.8038506616
10.8731971919 42.3168590722 71.7424561145
11.4935330609 42.3130226070 71.6223137693
11.3338638181 43.7065718688 61.9087328588
11.1667858823 42.8420790603 71.9666217680
11.0689877438 43.3728891679 72.3275396379
11.4213636689 45.0177301391 61.9180917016
11.2189090727 44.2205792127 72.9438417633
11.0787139838 44.8186557188 73.7647169357
11.5601225122 45.0923981777 73.6775346327
11.2991459124 45.9752090308 61.8235085717
11.2688352797 45.4367652955 74.4870067196
11.1218862213 45.8326416313 75.5929842500
11.1769921299 46.0850106732 76.4706495380
11.6112178684 46.3337764402 76.1270929215
11.0223399542 46.1592355089 77.2836876255
10.8716651659 46.2462475426 78.2210590397
10.6499408854 47.2052843673 61.5726826897
11.1023259230 46.9439292357 61.7522801278
11.6162995758 46.5719912870 76.9993695886
11.4921605345 46.6577471737 78.0226098558
11.2903994127 46.7335783271 79.0847851797
11.3765414454 46.9997403929 80.0374240571
11.0764265623 47.0562745394 80.6539347005
11.3151813817 47.3262436470 81.1374960593
11.3015902240 48.3534225648 61.9222644951
11.3864923455 47.7686600268 81.5584997586
10.8798134119 47.9011164845 81.9743516264
11.3015097935 49.6448611498 62.0077913993
11.2642827635 49.1053566928 82.2991144385
10.9942887124 49.4939426127 82.2659174296
11.3431245313 50.6405172003 62.0353976368
11.2974263406 49.8381686403 81.7654341884
11.0377172645 50.4051182822 81.3862455578
11.3673781988 51.3870194777 62.0302982966
11.3267401791 50.8248402140 80.6925981723
11.0415267999 51.4118856719 80.3086774733
11.4912432944 51.7335353343 62.0660190271
11.3391710670 51.6552067438 79.6962398177
11.0541930387 51.9201636455 79.6117933637
11.4983487914 15.8015388100 56.3670208774
11.5470791371 16.2759404434 55.8699694102
11.5832818331 16.4052358946 56.4717111157
11.5197155022 16.2098885477 56.9946362743
11.7990473140 17.9046570922 36.0287265594
12.0098677413 17.7783661466 37.1762571458
11.9504671049 17.5319892040 38.4608930436
11.8265340628 17.4762731767 39.6139003841
11.6729311704 17.5827269708 40.6752354871
11.4987427137 18.0265060517 50.6452932050
11.4675761302 17.7719632518 51.2912298860
11.7445194151 18.7040954884 33.9482117939
11.8890299069 18.4238859890 34.9960907786
12.1800911975 18.2730198860 36.1443277669
12.2761620135 18.1416715085 36.8909823338
12.1891157569 17.8250102844 37.9286743127
12.1009149468 17.6625889628 39.0775573135
11.9694617960 17.6738940797 40.2231938337
11.7724030340 17.8676869381 41.4640928289
11.7539320175 18.1624801774 42.4765476588
11.7310035561 18.5013499402 43.5388464016
11.8864170468 18.7717079214 44.3779863596
11.9594069109 18.7467575205 44.3186900647
11.6357692697 19.0772296891 48.4922100912
11.6303461023 18.7340235182 49.7619475695
11.5927726301 20.8969275430 7.6832462805
11.7199284764 20.6380029427 8.5320689931
11.7323939056 20.3859238592 9.4744278845
11.7250368785 20.2575162809 10.4537225372
11.6818358830 20.2497638665 11.2468581645
11.6289063437 20.6588842959 15.4813103425
11.8463100081 20.7855072113 21.3323811200
11.7712130011 20.5220643444 22.4507192847
11.5792894542 20.5072192901 25.5139494953
11.4629368221 20.4567726191 26.4211865971
11.7926240606 20.2427783755 30.9873761232
11.8789877869 19.8896442376 31.4907026925
11.9673225764 19.7564191651 31.9337501096
11.9423514812 19.2683844285 32.8135820074
11.9979494812 18.8462584494 34.0776861049
12.1992512619 18.5693443721 35.3824512484
12.3220462560 18.4153130948 36.1765542507
11.8935292667 18.9409214370 44.9967790751
11.8293357792 19.1110626984 45.7785102898
11.7587350067 19.2155485897 46.6668653055
11.9075611131 19.4128058093 48.1428020966
12.1768235737 19.8137274549 49.0936285995
12.0328332507 19.6666520956 49.4078685997
11.8588612585 19.6580518502 50.3439966812
11.6623818459 21.6121787825 7.5321732833
11.8388151112 21.3700158857 8.3990691667
11.8941049220 21.1417370708 9.3567418930
11.8732997229 20.8825211138 10.1673109768
11.7772996005 21.0026675863 11.0973078684
11.6937504878 21.3505040027 15.4599823496
11.6867830531 21.1128069762 16.0401568789
11.9030276896 21.6954607740 20.3988730032
12.0676993858 21.7836181670 21.5842970860
12.0504926977 21.4995329082 22.4798654518
11.9455703006 21.2225649728 23.6168596898
11.8533744614 21.1589341113 24.9515509133
11.7549432859 21.1267727918 26.0803637033
11.9831653580 20.4587528979 31.3339741250
12.0167524989 21.4272064666 31.2835747758
12.2303730120 20.2387835991 49.7684663470
12.2179983098 20.7654491978 50.2502957384
12.0550420784 20.5387017803 50.3637246980
11.6306661409 22.2404273628 7.5162746984
11.7658306663 22.1477225317 8.2575810380
11.8378006617 21.9919692969 9.2475527024
11.8256704410 21.7222352046 10.3541119245
11.6571746130 21.9813977154 15.4836586156
11.6717886008 21.8260721036 16.0363906906
11.7568117815 22.6066942997 19.4725590871
11.9496486736 22.7903611188 20.5045045791
12.0761463636 22.6375721452 21.4123897519
12.1576595562 22.5392727299 22.4782843409
12.1512208877 22.4029129042 23.5734776350
12.0755795098 22.2821411237 24.7427686382
11.9163410213 22.1707176842 25.9590973446
12.1096686092 22.2660775577 31.6730266687
12.0603798444 22.9490044650 32.0754332706
12.2241825779 22.7765966177 32.1689331107
12.0714598949 21.4031223157 50.6253428547
11.9610782255 22.7173845374 50.7364738894
11.5561787397 23.4649125551 19.2639458608
11.7545402214 23.4803573600 20.1393590725
11.9143288775 23.6526289073 21.2882653171
12.0723607457 23.5664276259 22.4159013348
12.1478058679 23.5267680570 23.5404251811
12.1514006019 23.4279710064 24.6466734677
12.0426647676 23.3028340614 25.7096734956
11.8341452437 23.1823913018 26.6210786822
11.8251654647 23.5876142710 32.2103220256
12.2487212883 23.2774120528 32.7665520408
12.0672550068 23.8566689318 33.1579853388
12.2521536692 24.2179463547 34.3352821106
12.3173149589 23.7783083762 33.6673363455
12.3796960879 24.0605289326 34.3829429644
12.3962554011 24.3294954410 48.6593430324
12.4835471373 24.1074127731 48.5667961081
12.4680121071 24.4534040705 47.9050576251
12.2778078078 23.9950271017 49.5922224121
12.4155249897 23.8841688116 49.2024580773
12.0844342512 23.6341764219 50.2967388234
12.2537421786 23.4922978350 49.9844733858
11.8373051590 24.4295245262 22.3220609077
11.9087859900 24.6592602490 23.4951945129
12.0461940363 24.5244074097 24.6117151154
12.0315332933 24.3930664953 25.6148529099
11.8502681676 24.2027827195 26.5473025763
11.9400104489 24.6146566755 34.1764054198
12.3224500484 24.4366860445 35.1122056323
12.0429206810 24.9559823861 35.4564119099
12.1690648519 25.1844249094 36.9133250279
12.2986272495 24.8186475927 36.2359687245
12.2453249833 25.2911999396 38.1061470735
12.3522511697 25.0081490967 37.4551772268
12.2995661200 25.3788509349 39.2179631902
12.4012193446 25.1141726324 38.5871027904
12.3485316572 25.4806565610 40.2348523206
12.4393650462 25.2121030913 39.5830165164
12.4527944117 25.3195366275 40.2742684062
12.3019945154 25.5604843540 45.1684026623
12.4280514334 25.3031958501 45.0565831764
12.3565679635 25.5831171502 44.2715594654
12.3327953090 25.2816630789 46.4064902786
12.4356523503 25.1309646236 45.8419558582
12.3330780124 24.9599415812 47.6282621743
12.4462066475 24.8493982492 46.9035526004
12.2141755333 24.9325665340 48.5709874399
12.2014744394 24.5605937478 49.2388489822
11.9484345875 24.4467862224 50.0489630680
11.6766066921 25.6098968591 24.7060179285
11.8909075148 25.2673246513 25.4980898384
11.7399273113 25.3321407883 26.4542712972
11.7540876401 25.6790496279 36.5539335533
11.8934644201 25.7252922778 37.6697375422
11.9597479646 25.8101477908 38.8084516509
12.0420185991 25.8930467254 39.9727796830
12.3754273185 25.5741552484 40.9744436764
12.1171384543 26.0150987293 41.3345192187
12.2086354145 25.9899864626 42.5760000295
12.3224163785 25.7845823838 42.0137096348
12.1210512147 26.0713581798 43.8070910757
12.3189702122 25.7887263938 43.1571919762
12.0208754555 26.1636524592 44.9509429455
12.0282953796 26.0397494195 46.0525083410
12.1352289313 25.6486588804 47.0521974826
11.9842442394 25.6961042942 48.0922717249
11.9125350253 25.2798685853 49.2543927755
11.5066503012 26.1404067618 25.9076027983
11.8566581019 26.5192172859 42.5817744805
11.7555841663 26.4258383985 47.1742927056
11.3484468782 31.2852807090 58.9678373670
11.5302775822 32.3039499200 59.0845126982
11.4603626549 31.7568351987 59.6065541743
11.5882585398 33.4787865487 59.2888374601
11.5904877517 32.9451244169 60.0362426521
11.5243927912 34.5528126370 59.4448565673
11.7352924332 34.2996714389 60.1845087636
11.6038785492 34.0812534238 61.0989874111
11.5537467772 35.5707982908 60.2172203032
11.8071290405 35.3378381777 61.1748696099
11.6832288797 35.1060382611 61.9985293122
11.7273489778 36.8016306149 61.2907130968
11.8908291835 36.2997678508 62.3502864356
11.7361978456 36.9111300009 64.4798061566
11.7421288734 38.2466586246 61.6402778392
12.0336896337 37.6884216403 62.4822444862
12.0138944605 37.1884927565 63.5051151396
12.1348659482 37.8187940651 64.5085038166
11.8210223986 37.5955929771 65.6278243425
11.5474974906 38.0950542793 69.6146387377
11.7084646627 39.3395071246 61.7037572661
12.0727316903 39.0004039638 62.4743341398
12.2927994290 38.6767522303 63.7458997610
12.3392768106 38.4465424060 64.5039159392
12.1915444826 38.0748634530 65.1916687489
12.1843463450 38.4393370238 66.1076930171
12.3216556613 39.1270896198 66.6427636588
12.4191802831 39.2910819756 66.0907130603
12.2320017458 38.9706139324 67.4741132850
12.0257650388 38.5609387974 68.3416048836
11.8480151717 38.5322553844 69.5857931677
11.7951150878 39.0067719436 70.2908380102
12.0264015472 39.3258095501 70.2581864703
11.9348480126 40.1162373913 62.1831770476
12.2873814926 40.0728142025 63.2245608735
12.4604443249 39.1907756770 64.5976426395
12.4907392342 40.0170722601 64.7620270242
12.4994439405 40.0252131795 66.1036627298
12.5065965070 39.6223120950 65.3992487327
12.4572924986 39.9103054232 66.9713940079
12.4210778010 39.6610690493 67.4149652458
12.2876131316 39.0736878516 67.8129574966
11.8585532780 39.7543391586 70.6056425665
12.1315165930 40.0909635558 70.5658272480
12.0066649397 41.3192343777 62.3971783522
12.3087773047 40.9792779748 63.0450344028
12.4588216768 40.4793173370 64.0224653374
12.5447966916 40.8958172647 65.1033080783
12.5661712854 41.9384927935 65.7705072170
12.5536403167 41.2557487956 65.9445960943
12.5453294116 40.9949491014 66.7346883078
12.5249727334 40.6006465249 67.1224679841
11.9941437026 40.5872526534 70.7944704004
12.1741227604 40.6498371767 70.7253023947
11.9155772945 42.7618302590 62.2045131481
12.1887305924 42.0724031374 62.5155557973
12.5591119645 42.6796583043 66.2503545237
12.5642974684 43.1186076886 65.9246569161
12.5680063889 42.3831712716 66.8724595006
12.5694485166 41.7259093671 67.1016387586
12.0467331678 41.1695750846 70.9536644423
11.8719804784 41.9694768005 71.3451167172
11.9297845067 43.9526009608 62.1426715594
12.1552884299 43.2516470668 62.3105088076
12.5470786354 43.9896225793 66.1862905912
12.5706333444 44.1278055612 65.7266477170
12.5519822109 43.6315661530 66.8709907580
12.5872911669 42.8296425601 67.3684006692
12.5797103121 43.5460553745 67.4172892332
12.5955353674 43.5655984281 67.6287937162
11.5330919857 43.3136969713 72.1713501068
11.8006653623 42.9601795079 71.8656430942
11.9722874045 44.7896095965 62.1001135610
12.1542568657 44.2347602461 62.2124707049
12.5649595056 44.9487682919 65.7073473852
12.5865800549 44.7339405579 65.4716158650
12.5941594338 45.3289703926 65.3657747067
12.5291050546 45.0046650493 66.2630060622
12.5330298780 44.7242546087 66.8056541832
12.5631350496 44.5028240235 67.3767251461
12.5874217180 44.2202174320 67.6555296814
11.8393973598 44.2119737510 72.5373514866
11.9271554274 45.1869526634 73.1592799866
12.2006063060 45.5075405936 72.7815725017
11.6921301412 45.8209231631 61.9507888806
12.0687164697 44.9469687659 62.1214059093
12.5831251738 45.9298391910 65.5153476006
12.6016125764 45.9126365958 65.3037369917
12.5463405740 45.8604666904 66.0717060907
12.5292247316 45.5796929300 66.6385272449
12.5563421054 45.5894841159 67.2061649333
12.5780548603 45.0896505036 67.5771989615
12.2955615706 46.3565226852 73.1513538706
12.4226845256 46.5170666076 72.5117276245
11.9698858602 46.0138387136 74.0773002971
11.7738623500 46.2696132791 75.2598765756
11.6066804364 47.3346364439 61.9315442269
12.5970938176 46.5898915418 65.4169538623
12.6050106155 47.4787335066 65.4106243285
12.5799419568 47.0905463437 65.8217548110
12.5573446883 46.5915548485 66.6441975593
12.5715121955 46.4254343596 67.1468328970
12.5770041167 45.7857722032 67.4580025499
12.5521426533 47.7607948228 71.6990999695
12.5764305189 47.5620381100 71.4944580074
12.5856032978 48.0620850048 71.3105183340
12.4733343491 47.3454406079 72.5149052290
12.5324215087 47.1933694344 71.9327371603
12.4120810294 47.3746654792 73.4163229061
12.3063156951 46.9566228741 73.9772795188
12.2353791315 47.0933775038 74.9710714009
12.0839177008 47.1538447986 76.3576011030
11.9858979441 47.3398236180 77.7696060213
11.8424329011 47.2243392529 78.7287597696
11.8930209618 47.4067654152 79.7052222584
11.6719595352 47.4027965178 80.7363582550
11.8508752191 48.3621822825 62.0803803771
11.8782269155 49.0846401208 62.1482725829
12.0868526057 48.9257467855 62.2116797567
12.6116271365 48.1299836987 65.4573961281
12.6218476757 48.0536583340 65.2658957687
12.6331824689 48.4652574664 65.2200977011
12.5930808056 48.1229808963 65.9144784855
12.5819413862 47.7616656446 66.3749225035
12.5789189706 47.3670334072 66.7770785618
12.5647746383 48.5328556783 71.5156104013
12.5980395262 48.7241784799 71.1935364708
12.5069303421 48.3939865562 72.2604960728
12.4561392242 48.2980146991 73.2697126064
12.4196336893 48.0959565162 74.4408127552
12.4067194310 47.8128240289 75.0831283058
12.3256381789 47.4833211147 75.7337548671
12.3440268392 47.9264795811 76.5807036573
12.4289702658 48.6951106954 76.7556013958
12.3131857763 48.4461678503 77.5110039320
12.2108411881 48.1681246814 79.0334936690
12.2114193663 47.9296631966 79.7647540310
12.0389733180 47.6409020519 80.3885238303
11.9496684739 47.9514036573 81.1840304371
11.9099712318 48.4994790663 81.5929822823
12.1792423607 48.5943002194 81.2058347021
11.5212784416 48.4758200259 81.9990892610
11.8788192064 50.0169388086 62.1952459178
12.1175309170 49.5554142987 62.2643595880
12.6314286187 48.6653225431 65.3368782165
12.6405963399 48.7603948807 65.2468288269
12.6153521887 48.6416836471 65.6984729316
12.6039588662 48.5267879461 66.1778053072
12.5979654588 48.2356350987 66.5051658083
12.5896057803 49.2200932480 71.4196396962
12.6112438995 49.2045852093 71.1978531308
12.5354864383 49.2866836568 72.0886497924
12.4763317310 49.3439201564 73.0937541482
12.4423494833 49.3264448600 74.2604366151
12.4666437306 48.5757422010 75.2675672575
12.4456081745 49.3355647083 75.5254662131
12.4147178183 49.4220292607 76.8608990464
12.4705059049 49.0148704012 76.0930915574
12.3464531142 49.5938782660 77.9310455371
12.2953308327 49.3067389534 78.8305363172
12.3285759970 48.5470942324 79.8796132575
12.2435067772 49.1676139468 80.0296388196
12.1112262364 49.0719831419 81.0975581596
12.3092632644 48.8644545748 80.6070327244
11.6523215215 49.2150952945 81.8171766635
11.8813931189 50.9009945442 62.2100079897
12.1129054961 50.4126147051 62.2930991272
12.6323672259 48.8539661301 65.4963739210
12.6202800505 48.8362882852 65.9366688006
12.6130558190 48.6998449667 66.2864676116
12.6078306311 49.6294333604 71.4588474057
12.5996830906 50.0301007580 71.8283685313
12.5781285303 49.8612052432 71.9221387873
12.5214694616 50.2652235523 72.9336164696
12.4548577843 50.3442059051 74.0982053942
12.4147828490 50.3466911759 75.2971715113
12.3778482744 50.3517342935 76.5330492852
12.3159159259 50.3499912965 77.6892740749
12.2136295300 50.2600591253 78.7358766205
12.1287308919 49.9948383590 79.6591132422
11.7809468680 49.9820469357 80.8364349929
11.9010157791 51.5287542716 62.2147324172
12.1049730926 51.1792986862 62.2982897967
12.5707995001 50.3646612671 72.4156956835
12.5420170739 50.9445743800 73.2665997680
12.5410388979 51.5192719218 73.8406499281
12.4966544198 51.1778591244 74.0170754210
12.4204199390 51.1231341566 75.0747412071
12.3489767585 51.1017583835 76.2605257481
12.2365823922 51.0725632666 77.4974459736
12.1275488316 50.9327791111 78.4921040985
11.7922992328 50.9219745590 79.6810416128
11.9180063262 51.7509747870 62.2184095365
12.0812011889 51.6010122676 62.2863029300
12.7661449848 52.7706801940 67.0664099715
12.7661549478 52.7706702310 67.0664099715
12.7661499712 52.7706752173 67.0658354580
12.7661499712 52.7706752173 67.0669844850
12.5208968932 51.6415961759 74.1570258388
12.5481462906 51.7376709192 73.9857470540
12.4533111535 51.5084668501 74.7964367187
12.3671312201 51.4578730073 75.8527241900
12.2250267578 51.4392734028 77.1215864966
11.8497277422 51.4715340341 78.7136737748
3 2 1 0
3 0 3 2
3 6 5 4
3 8 7 4
3 4 7 6
3 8 9 7
3 1 10 0
3 0 10 3
3 4 5 11
3 11 5 12
3 4 13 8
3 4 11 13
3 9 8 14
3 14 8 13
3 17 16 15
3 17 15 12
3 15 11 12
3 15 18 11
3 11 19 13
3 11 18 19
3 14 13 20
3 13 21 20
3 13 19 21
3 21 22 20
3 15 16 23
3 23 16 24
3 15 25 18
3 15 23 25
3 18 26 19
3 18 25 26
3 19 27 21
3 19 26 27
3 22 21 28
3 28 21 27
3 23 24 29
3 29 24 30
3 23 31 25
3 23 29 31
3 25 32 26
3 25 31 32
3 34 27 33
3 27 32 33
3 27 26 32
3 27 34 28
3 30 35 29
3 29 35 31
3 31 35 36
3 31 36 32
3 32 36 37
3 32 37 33
3 40 39 38
3 42 41 38
3 38 41 40
3 42 43 41
3 39 44 38
3 46 45 44
3 45 38 44
3 45 42 38
3 43 42 47
3 47 42 45
3 45 46 48
3 48 46 49
3 47 45 50
3 45 51 50
3 45 48 51
3 51 52 50
3 48 49 53
3 53 49 54
3 48 55 51
3 48 53 55
3 52 51 56
3 56 51 55
3 54 57 53
3 53 57 55
3 55 57 58
3 55 58 56
3 61 60 59
3 59 62 61
3 65 64 63
3 67 66 63
3 63 66 65
3 69 68 67
3 67 68 66
3 69 70 68
3 73 72 71
3 73 71 60
3 71 59 60
3 71 74 59
3 62 59 75
3 59 76 75
3 59 74 76
3 75 76 64
3 76 63 64
3 76 77 63
3 63 78 67
3 63 77 78
3 78 1 2
3 69 78 2
3 67 78 69
3 80 79 3
3 3 79 2
3 79 70 2
3 70 69 2
3 80 81 79
3 84 83 82
3 84 82 72
3 72 82 71
3 82 5 71
3 5 6 71
3 71 6 7
3 71 7 74
3 74 7 9
3 85 74 9
3 76 74 85
3 76 86 77
3 76 85 86
3 77 87 78
3 77 86 87
3 88 10 1
3 78 88 1
3 87 88 78
3 80 3 10
3 88 80 10
3 89 80 88
3 81 80 90
3 90 80 89
3 82 83 91
3 91 83 92
3 91 12 5
3 91 5 82
3 14 93 85
3 14 85 9
3 85 94 86
3 85 93 94
3 86 95 87
3 86 94 95
3 87 96 88
3 87 95 96
3 98 89 97
3 89 96 97
3 89 88 96
3 89 98 90
3 91 92 17
3 92 16 17
3 92 99 16
3 91 17 12
3 20 93 14
3 93 20 22
3 100 93 22
3 94 93 100
3 94 101 95
3 94 100 101
3 95 102 96
3 95 101 102
3 97 96 103
3 103 96 102
3 106 105 104
3 99 106 104
3 24 99 104
3 16 99 24
3 28 107 100
3 28 100 22
3 100 108 101
3 100 107 108
3 101 109 102
3 101 108 109
3 103 102 110
3 110 102 109
3 104 105 111
3 111 105 112
3 111 30 24
3 111 24 104
3 33 113 34
3 107 28 34
3 113 107 34
3 114 107 113
3 107 115 108
3 107 114 115
3 117 109 116
3 109 115 116
3 109 108 115
3 109 117 110
3 111 112 118
3 118 112 119
3 120 35 30
3 111 120 30
3 118 120 111
3 121 36 35
3 121 35 120
3 122 37 36
3 122 36 121
3 113 33 37
3 122 113 37
3 123 113 122
3 125 114 124
3 114 123 124
3 114 113 123
3 114 125 115
3 115 125 126
3 115 126 116
3 118 119 127
3 127 119 128
3 118 129 120
3 118 127 129
3 120 130 121
3 120 129 130
3 121 131 122
3 121 130 131
3 133 123 132
3 123 131 132
3 123 122 131
3 123 133 124
3 127 128 134
3 134 128 135
3 127 136 129
3 127 134 136
3 129 137 130
3 129 136 137
3 130 138 131
3 130 137 138
3 132 131 139
3 139 131 138
3 135 140 134
3 142 141 140
3 141 134 140
3 141 136 134
3 136 143 137
3 136 141 143
3 137 144 138
3 137 143 144
3 139 138 145
3 145 138 144
3 142 146 141
3 148 147 146
3 147 141 146
3 147 143 141
3 143 149 144
3 143 147 149
3 145 144 150
3 150 144 149
3 148 151 147
3 147 151 149
3 149 151 152
3 149 152 150
3 155 154 153
3 157 156 153
3 153 156 155
3 159 158 157
3 157 158 156
3 159 160 158
3 153 154 161
3 161 154 162
3 161 39 40
3 157 161 40
3 153 161 157
3 157 40 41
3 157 41 159
3 41 43 159
3 43 160 159
3 43 163 160
3 161 162 164
3 164 162 165
3 166 44 39
3 161 166 39
3 164 166 161
3 166 46 44
3 47 168 167
3 163 47 167
3 43 47 163
3 170 169 168
3 168 169 167
3 170 171 169
3 165 172 164
3 174 173 172
3 173 164 172
3 173 166 164
3 173 49 46
3 173 46 166
3 50 168 47
3 168 50 52
3 175 168 52
3 170 168 175
3 171 170 176
3 176 170 175
3 173 174 177
3 177 174 178
3 177 54 49
3 177 49 173
3 56 179 175
3 56 175 52
3 176 175 180
3 180 175 179
3 178 181 177
3 177 181 54
3 181 57 54
3 181 182 57
3 57 183 58
3 182 183 57
3 56 58 179
3 58 184 179
3 58 183 184
3 179 184 180
3 187 186 185
3 189 188 185
3 185 188 187
3 189 190 188
3 193 192 191
3 60 61 191
3 61 193 191
3 61 194 193
3 196 195 62
3 195 61 62
3 195 194 61
3 64 65 196
3 65 195 196
3 65 197 195
3 66 185 186
3 197 66 186
3 65 66 197
3 185 66 68
3 185 68 189
3 199 198 70
3 70 198 68
3 198 190 68
3 190 189 68
3 199 200 198
3 203 202 201
3 203 201 192
3 192 201 191
3 201 72 191
3 72 73 191
3 191 73 60
3 75 196 62
3 196 75 64
3 79 199 70
3 79 81 199
3 81 200 199
3 81 204 200
3 201 202 84
3 202 83 84
3 202 205 83
3 201 84 72
3 90 204 81
3 90 206 204
3 209 208 207
3 205 209 207
3 92 205 207
3 83 205 92
3 97 210 98
3 210 211 98
3 211 90 98
3 211 206 90
3 214 213 212
3 214 212 208
3 212 207 208
3 212 215 207
3 215 99 92
3 215 92 207
3 103 216 210
3 103 210 97
3 211 210 217
3 217 210 216
3 212 213 218
3 218 213 219
3 218 105 106
3 215 218 106
3 212 218 215
3 215 106 99
3 110 220 216
3 110 216 103
3 217 216 221
3 221 216 220
3 218 219 222
3 222 219 223
3 222 112 105
3 222 105 218
3 116 224 117
3 224 225 117
3 117 225 110
3 225 226 110
3 226 220 110
3 220 226 221
3 222 223 227
3 227 223 228
3 227 119 112
3 227 112 222
3 124 229 125
3 230 126 125
3 230 125 229
3 224 116 126
3 230 224 126
3 231 224 230
3 225 224 232
3 232 224 231
3 227 228 233
3 233 228 234
3 233 128 119
3 233 119 227
3 132 235 133
3 229 124 133
3 235 229 133
3 236 229 235
3 238 230 237
3 230 236 237
3 230 229 236
3 230 238 231
3 231 238 239
3 231 239 232
3 242 241 240
3 242 240 234
3 240 233 234
3 240 243 233
3 243 135 128
3 243 128 233
3 139 244 235
3 139 235 132
3 246 236 245
3 236 244 245
3 236 235 244
3 236 246 237
3 240 241 247
3 247 241 248
3 240 249 243
3 240 247 249
3 250 140 135
3 243 250 135
3 249 250 243
3 250 142 140
3 145 251 244
3 145 244 139
3 245 244 252
3 252 244 251
3 247 248 253
3 253 248 254
3 247 255 249
3 247 253 255
3 249 256 250
3 249 255 256
3 257 146 142
3 250 257 142
3 256 257 250
3 257 148 146
3 150 258 251
3 150 251 145
3 252 251 259
3 259 251 258
3 254 260 253
3 262 261 260
3 261 253 260
3 261 255 253
3 255 263 256
3 255 261 263
3 256 264 257
3 256 263 264
3 265 151 148
3 257 265 148
3 264 265 257
3 266 152 151
3 266 151 265
3 258 150 152
3 266 258 152
3 267 258 266
3 259 258 268
3 268 258 267
3 262 269 261
3 271 270 269
3 270 261 269
3 270 263 261
3 273 264 272
3 264 270 272
3 264 263 270
3 264 273 265
3 265 273 274
3 276 275 274
3 275 265 274
3 275 266 265
3 266 277 267
3 266 275 277
3 268 267 278
3 278 267 277
3 281 280 279
3 279 282 281
3 271 283 270
3 270 283 272
3 276 284 275
3 275 284 277
3 277 284 285
3 277 285 278
3 288 287 286
3 288 286 280
3 286 279 280
3 286 289 279
3 282 279 290
3 279 291 290
3 279 289 291
3 291 292 290
3 295 294 293
3 295 293 287
3 287 293 286
3 293 154 286
3 154 155 286
3 286 155 156
3 286 156 289
3 289 156 158
3 289 158 291
3 158 160 291
3 160 292 291
3 160 296 292
3 293 294 297
3 297 294 298
3 297 162 154
3 297 154 293
3 163 300 299
3 296 163 299
3 160 163 296
3 302 301 300
3 300 301 299
3 304 303 302
3 302 303 301
3 306 305 304
3 304 305 303
3 306 307 305
3 297 298 308
3 308 298 309
3 308 165 162
3 308 162 297
3 167 300 163
3 300 167 169
3 300 169 302
3 302 169 171
3 310 302 171
3 304 302 310
3 304 311 306
3 304 310 311
3 307 306 312
3 306 313 312
3 306 311 313
3 313 314 312
3 308 309 315
3 315 309 316
3 317 172 165
3 308 317 165
3 315 317 308
3 317 174 172
3 176 318 310
3 176 310 171
3 310 319 311
3 310 318 319
3 311 320 313
3 311 319 320
3 314 313 321
3 313 322 321
3 313 320 322
3 322 323 321
3 315 316 324
3 324 316 325
3 315 326 317
3 315 324 326
3 326 178 174
3 326 174 317
3 180 327 318
3 180 318 176
3 318 328 319
3 318 327 328
3 319 329 320
3 319 328 329
3 331 322 330
3 322 329 330
3 322 320 329
3 322 331 323
3 325 332 324
3 334 333 332
3 333 324 332
3 333 326 324
3 335 181 178
3 326 335 178
3 333 335 326
3 336 182 181
3 336 181 335
3 337 183 182
3 337 182 336
3 338 184 183
3 338 183 337
3 327 180 184
3 338 327 184
3 339 327 338
3 327 340 328
3 327 339 340
3 342 329 341
3 329 340 341
3 329 328 340
3 329 342 330
3 334 343 333
3 333 343 335
3 335 343 344
3 335 344 336
3 336 344 345
3 336 345 337
3 337 345 346
3 337 346 338
3 338 346 347
3 338 347 339
3 339 347 348
3 339 348 340
3 340 348 349
3 340 349 341
3 352 351 350
3 354 353 350
3 350 353 352
3 356 355 354
3 354 355 353
3 358 357 356
3 356 357 355
3 186 187 358
3 187 357 358
3 187 359 357
3 360 187 188
3 360 359 187
3 188 190 360
3 360 190 361
3 364 363 362
3 364 362 351
3 351 362 350
3 362 192 350
3 192 193 350
3 350 193 194
3 350 194 354
3 354 194 195
3 354 195 356
3 356 195 197
3 356 197 358
3 358 197 186
3 365 361 190
3 365 190 198
3 198 200 365
3 365 200 366
3 362 363 203
3 363 202 203
3 363 367 202
3 362 203 192
3 204 366 200
3 204 368 366
3 371 370 369
3 367 371 369
3 205 367 369
3 202 367 205
3 206 368 204
3 206 372 368
3 375 374 373
3 375 373 370
3 370 373 369
3 373 208 369
3 208 209 369
3 369 209 205
3 211 372 206
3 211 376 372
3 373 374 214
3 374 213 214
3 374 377 213
3 373 214 208
3 217 376 211
3 217 378 376
3 377 219 213
3 379 219 377
3 221 378 217
3 221 380 378
3 383 382 381
3 379 383 381
3 223 379 381
3 219 379 223
3 225 384 226
3 384 385 226
3 385 221 226
3 385 380 221
3 381 382 386
3 386 382 387
3 386 228 223
3 386 223 381
3 389 388 384
3 225 389 384
3 232 389 225
3 384 388 385
3 386 387 390
3 390 387 391
3 390 234 228
3 390 228 386
3 237 392 238
3 238 392 393
3 394 238 393
3 239 238 394
3 232 239 389
3 389 239 394
3 397 396 395
3 397 395 391
3 391 395 390
3 395 241 390
3 241 242 390
3 390 242 234
3 245 398 246
3 398 399 246
3 246 399 237
3 399 400 237
3 400 392 237
3 392 400 393
3 403 402 401
3 403 401 396
3 401 395 396
3 401 404 395
3 404 248 241
3 404 241 395
3 252 405 398
3 252 398 245
3 399 398 406
3 406 398 405
3 401 402 407
3 407 402 408
3 401 409 404
3 401 407 409
3 409 254 248
3 409 248 404
3 411 410 405
3 252 411 405
3 259 411 252
3 405 410 406
3 408 412 407
3 414 413 412
3 413 407 412
3 413 409 407
3 415 260 254
3 409 415 254
3 413 415 409
3 415 262 260
3 268 411 259
3 268 416 411
3 419 418 417
3 417 420 419
3 414 421 413
3 413 421 415
3 415 421 422
3 422 424 423
3 422 423 269
3 415 422 269
3 262 415 269
3 423 271 269
3 272 425 273
3 426 274 273
3 426 273 425
3 426 276 274
3 278 416 268
3 278 427 416
3 430 429 428
3 432 431 428
3 428 431 430
3 431 432 418
3 418 432 417
3 432 280 417
3 280 281 417
3 434 433 282
3 282 433 281
3 433 420 281
3 420 417 281
3 436 435 434
3 434 435 433
3 438 437 436
3 436 437 435
3 438 439 437
3 424 440 423
3 423 440 271
3 440 283 271
3 440 441 283
3 272 283 425
3 283 442 425
3 283 441 442
3 425 442 426
3 426 442 443
3 426 443 276
3 443 284 276
3 443 444 284
3 284 445 285
3 444 445 284
3 278 285 427
3 427 285 445
3 448 447 446
3 448 446 429
3 446 428 429
3 446 449 428
3 449 287 288
3 432 449 288
3 428 449 432
3 432 288 280
3 290 434 282
3 434 290 292
3 450 434 292
3 436 434 450
3 452 438 451
3 438 450 451
3 438 436 450
3 438 452 439
3 446 447 453
3 453 447 454
3 453 294 295
3 449 453 295
3 446 453 449
3 449 295 287
3 296 455 450
3 296 450 292
3 451 450 456
3 450 457 456
3 450 455 457
3 459 458 457
3 457 458 456
3 459 460 458
3 463 462 461
3 461 464 463
3 453 454 465
3 465 454 466
3 465 298 294
3 465 294 453
3 299 455 296
3 455 299 301
3 455 301 457
3 457 301 303
3 457 303 459
3 467 460 459
3 303 467 459
3 305 467 303
3 469 468 307
3 468 305 307
3 468 467 305
3 471 470 469
3 469 470 468
3 471 472 470
3 462 473 461
3 461 473 464
3 476 475 474
3 476 474 466
3 474 465 466
3 474 477 465
3 477 309 298
3 477 298 465
3 312 469 307
3 469 312 314
3 478 469 314
3 471 469 478
3 472 471 479
3 471 480 479
3 471 478 480
3 482 481 480
3 480 481 479
3 482 483 481
3 474 475 484
3 484 475 485
3 474 486 477
3 474 484 486
3 486 316 309
3 486 309 477
3 321 478 314
3 478 321 323
3 487 478 323
3 480 478 487
3 480 488 482
3 480 487 488
3 483 482 489
3 489 482 488
3 484 485 490
3 490 485 491
3 484 492 486
3 484 490 492
3 492 325 316
3 492 316 486
3 330 493 331
3 487 323 331
3 493 487 331
3 494 487 493
3 487 495 488
3 487 494 495
3 489 488 496
3 488 497 496
3 488 495 497
3 497 498 496
3 491 499 490
3 490 499 492
3 492 499 500
3 500 502 501
3 500 501 332
3 492 500 332
3 325 492 332
3 501 334 332
3 341 503 342
3 493 330 342
3 503 493 342
3 504 493 503
3 493 505 494
3 493 504 505
3 507 495 506
3 495 505 506
3 495 494 505
3 495 507 497
3 497 507 508
3 497 508 498
3 502 509 501
3 501 509 334
3 509 343 334
3 509 510 343
3 510 512 511
3 344 510 511
3 343 510 344
3 513 345 344
3 513 344 511
3 514 346 345
3 514 345 513
3 515 347 346
3 515 346 514
3 516 348 347
3 516 347 515
3 517 349 348
3 517 348 516
3 503 341 349
3 517 503 349
3 518 503 517
3 503 519 504
3 503 518 519
3 521 505 520
3 505 519 520
3 505 504 519
3 505 521 506
3 512 522 511
3 511 522 513
3 513 522 523
3 513 523 514
3 514 523 524
3 514 524 515
3 515 524 525
3 515 525 516
3 516 525 526
3 516 526 517
3 517 526 527
3 517 527 518
3 518 527 528
3 518 528 519
3 519 528 529
3 519 529 520
3 532 531 530
3 530 533 532
3 535 534 352
3 352 534 351
3 536 352 353
3 536 535 352
3 537 353 355
3 537 536 353
3 538 355 357
3 538 537 355
3 539 357 359
3 539 538 357
3 540 359 360
3 540 539 359
3 542 541 361
3 541 360 361
3 541 540 360
3 542 543 541
3 545 544 364
3 364 544 363
3 364 351 534
3 364 534 545
3 365 542 361
3 365 366 542
3 366 543 542
3 366 546 543
3 549 548 547
3 544 549 547
3 367 544 547
3 363 544 367
3 368 546 366
3 368 550 546
3 553 552 551
3 553 551 548
3 548 551 547
3 551 370 547
3 370 371 547
3 547 371 367
3 372 550 368
3 372 554 550
3 551 552 375
3 552 374 375
3 552 555 374
3 551 375 370
3 376 557 556
3 554 376 556
3 372 376 554
3 557 558 556
3 561 560 559
3 555 561 559
3 377 555 559
3 374 555 377
3 378 562 557
3 378 557 376
3 558 557 563
3 563 557 562
3 559 560 564
3 564 560 565
3 564 379 377
3 564 377 559
3 567 566 562
3 378 567 562
3 380 567 378
3 562 566 563
3 564 565 383
3 565 382 383
3 565 568 382
3 564 383 379
3 385 567 380
3 385 569 567
3 572 571 570
3 568 572 570
3 387 568 570
3 382 568 387
3 574 573 388
3 574 388 389
3 385 388 569
3 569 388 573
3 570 571 575
3 575 571 576
3 575 391 387
3 575 387 570
3 578 577 394
3 578 394 393
3 389 394 574
3 574 394 577
3 581 580 579
3 581 579 576
3 576 579 575
3 579 396 575
3 396 397 575
3 575 397 391
3 399 582 400
3 582 583 400
3 583 393 400
3 583 578 393
3 579 580 403
3 580 402 403
3 580 584 402
3 579 403 396
3 586 585 582
3 399 586 582
3 406 586 399
3 582 585 583
3 589 588 587
3 584 589 587
3 408 584 587
3 402 584 408
3 591 590 410
3 591 410 411
3 406 410 586
3 586 410 590
3 587 588 592
3 592 588 593
3 594 412 408
3 587 594 408
3 592 594 587
3 594 414 412
3 416 591 411
3 416 595 591
3 598 597 596
3 600 599 596
3 596 599 598
3 418 419 600
3 419 599 600
3 419 601 599
3 603 602 420
3 602 419 420
3 602 601 419
3 605 604 603
3 603 604 602
3 607 606 605
3 605 606 604
3 609 608 607
3 607 608 606
3 609 610 608
3 613 612 611
3 615 614 611
3 611 614 613
3 615 616 614
3 593 617 592
3 619 618 617
3 618 592 617
3 618 594 592
3 620 421 414
3 594 620 414
3 618 620 594
3 621 422 421
3 621 421 620
3 621 424 422
3 427 595 416
3 427 622 595
3 625 624 623
3 627 626 623
3 623 626 625
3 629 628 627
3 627 628 626
3 628 629 597
3 597 629 596
3 629 429 596
3 429 430 596
3 596 430 431
3 596 431 600
3 600 431 418
3 433 603 420
3 603 433 435
3 603 435 605
3 605 435 437
3 605 437 607
3 607 437 439
3 630 607 439
3 609 607 630
3 610 609 631
3 609 632 631
3 609 630 632
3 634 633 632
3 632 633 631
3 636 635 634
3 634 635 633
3 638 637 636
3 636 637 635
3 640 639 638
3 638 639 637
3 639 640 612
3 640 611 612
3 640 641 611
3 611 642 615
3 611 641 642
3 616 615 643
3 615 644 643
3 615 642 644
3 644 645 643
3 619 646 618
3 618 646 620
3 620 646 647
3 620 647 621
3 621 647 648
3 621 648 424
3 648 440 424
3 648 649 440
3 440 650 441
3 649 650 440
3 650 652 651
3 442 650 651
3 441 650 442
3 653 443 442
3 653 442 651
3 443 653 654
3 655 443 654
3 444 443 655
3 444 656 445
3 655 656 444
3 427 445 622
3 622 445 656
3 659 658 657
3 661 660 657
3 657 660 659
3 660 661 624
3 661 623 624
3 661 662 623
3 623 663 627
3 623 662 663
3 663 447 448
3 629 663 448
3 627 663 629
3 629 448 429
3 451 664 452
3 630 439 452
3 664 630 452
3 665 630 664
3 630 666 632
3 630 665 666
3 668 634 667
3 634 666 667
3 634 632 666
3 634 668 636
3 636 668 669
3 671 670 669
3 670 636 669
3 670 638 636
3 638 672 640
3 638 670 672
3 640 673 641
3 640 672 673
3 641 674 642
3 641 673 674
3 676 644 675
3 644 674 675
3 644 642 674
3 644 676 645
3 652 677 651
3 651 677 653
3 653 677 678
3 653 678 654
3 681 680 679
3 681 679 658
3 679 657 658
3 679 682 657
3 657 683 661
3 657 682 683
3 661 684 662
3 661 683 684
3 662 685 663
3 662 684 685
3 685 454 447
3 685 447 663
3 456 664 451
3 664 456 458
3 664 458 665
3 665 458 460
3 686 665 460
3 666 665 686
3 667 666 687
3 666 688 687
3 666 686 688
3 690 689 688
3 688 689 687
3 689 690 671
3 690 670 671
3 690 691 670
3 693 672 692
3 672 691 692
3 672 670 691
3 695 694 693
3 694 672 693
3 694 673 672
3 673 696 674
3 673 694 696
3 675 674 697
3 697 674 696
3 679 680 698
3 698 680 699
3 679 700 682
3 679 698 700
3 700 462 463
3 683 700 463
3 682 700 683
3 683 463 464
3 701 683 464
3 684 683 701
3 684 702 685
3 684 701 702
3 702 466 454
3 702 454 685
3 467 686 460
3 686 467 468
3 686 468 688
3 688 468 470
3 688 470 690
3 690 470 472
3 703 690 472
3 691 690 703
3 692 691 704
3 691 705 704
3 691 703 705
3 704 705 695
3 705 694 695
3 705 706 694
3 708 696 707
3 696 706 707
3 696 694 706
3 696 708 697
3 699 709 698
3 698 709 700
3 700 709 710
3 710 712 711
3 710 711 473
3 700 710 473
3 462 700 473
3 701 464 473
3 711 701 473
3 713 701 711
3 713 475 476
3 702 713 476
3 701 713 702
3 702 476 466
3 479 703 472
3 703 479 481
3 703 481 705
3 705 481 483
3 714 705 483
3 706 705 714
3 707 706 715
3 715 706 714
3 711 712 716
3 716 712 717
3 711 718 713
3 711 716 718
3 718 485 475
3 718 475 713
3 489 719 714
3 489 714 483
3 715 714 720
3 714 721 720
3 714 719 721
3 721 722 720
3 716 717 723
3 723 717 724
3 716 725 718
3 716 723 725
3 725 491 485
3 725 485 718
3 496 719 489
3 719 496 498
3 726 719 498
3 721 719 726
3 722 721 727
3 727 721 726
3 724 728 723
3 723 728 725
3 725 728 729
3 729 731 730
3 729 730 499
3 725 729 499
3 491 725 499
3 732 500 499
3 732 499 730
3 732 502 500
3 506 733 507
3 734 508 507
3 734 507 733
3 726 498 508
3 734 726 508
3 735 726 734
3 727 726 736
3 736 726 735
3 731 737 730
3 730 737 732
3 732 737 738
3 738 740 739
3 738 739 509
3 732 738 509
3 502 732 509
3 741 510 509
3 741 509 739
3 741 512 510
3 520 742 521
3 733 506 521
3 742 733 521
3 743 733 742
3 745 734 744
3 734 743 744
3 734 733 743
3 734 745 735
3 735 745 746
3 735 746 736
3 740 747 739
3 739 747 741
3 741 747 748
3 741 748 512
3 748 522 512
3 748 749 522
3 749 751 750
3 523 749 750
3 522 749 523
3 752 524 523
3 752 523 750
3 753 525 524
3 753 524 752
3 754 526 525
3 754 525 753
3 755 527 526
3 755 526 754
3 756 528 527
3 756 527 755
3 528 756 757
3 758 528 757
3 529 528 758
3 520 529 742
3 529 759 742
3 529 758 759
3 742 759 743
3 743 759 760
3 743 760 744
3 751 761 750
3 750 761 752
3 752 761 762
3 752 762 753
3 753 762 763
3 753 763 754
3 754 763 764
3 766 765 764
3 765 754 764
3 765 755 754
3 755 767 756
3 755 765 767
3 757 756 768
3 768 756 767
3 765 766 769
3 769 766 770
3 765 771 767
3 765 769 771
3 768 767 772
3 772 767 771
3 775 774 773
3 777 776 773
3 773 776 775
3 777 778 776
3 769 770 779
3 779 770 780
3 769 781 771
3 769 779 781
3 772 771 782
3 782 771 781
3 774 783 773
3 773 783 777
3 777 783 784
3 777 784 778
3 780 785 779
3 779 785 781
3 781 785 786
3 781 786 782
3 789 788 787
3 787 790 789
3 787 788 791
3 791 788 792
3 790 787 793
3 793 787 791
3 791 792 794
3 794 792 795
3 793 791 796
3 791 797 796
3 791 794 797
3 797 798 796
3 794 795 799
3 799 795 800
3 802 797 801
3 797 799 801
3 797 794 799
3 797 802 798
3 800 803 799
3 799 803 801
3 806 805 804
3 808 807 804
3 804 807 806
3 808 809 807
3 804 805 810
3 810 805 811
3 804 812 808
3 804 810 812
3 809 808 813
3 808 814 813
3 808 812 814
3 816 815 814
3 814 815 813
3 816 817 815
3 810 811 818
3 818 811 819
3 810 820 812
3 810 818 820
3 820 531 532
3 814 820 532
3 812 820 814
3 814 532 533
3 821 814 533
3 816 814 821
3 817 816 822
3 822 816 821
3 825 824 823
3 823 826 825
3 829 828 827
3 827 830 829
3 833 832 831
3 534 535 831
3 535 833 831
3 535 834 833
3 835 535 536
3 835 834 535
3 537 823 824
3 835 537 824
3 536 537 835
3 836 826 823
3 537 836 823
3 538 836 537
3 539 827 828
3 836 539 828
3 538 539 836
3 837 830 827
3 539 837 827
3 540 837 539
3 838 540 541
3 838 837 540
3 541 543 838
3 838 543 839
3 831 832 545
3 832 544 545
3 832 840 544
3 831 545 534
3 546 839 543
3 546 841 839
3 843 842 549
3 549 842 548
3 549 544 840
3 549 840 843
3 550 841 546
3 550 844 841
3 846 845 553
3 553 845 552
3 553 548 842
3 553 842 846
3 554 844 550
3 554 847 844
3 850 849 848
3 845 850 848
3 555 845 848
3 552 845 555
3 851 847 554
3 851 554 556
3 556 558 851
3 851 558 852
3 848 849 561
3 849 560 561
3 849 853 560
3 848 561 555
3 563 852 558
3 563 854 852
3 857 856 855
3 853 857 855
3 565 853 855
3 560 853 565
3 859 858 566
3 859 566 567
3 563 566 854
3 854 566 858
3 855 856 860
3 860 856 861
3 860 568 565
3 860 565 855
3 864 863 862
3 863 859 862
3 859 569 862
3 859 567 569
3 860 861 572
3 861 571 572
3 861 865 571
3 860 572 568
3 864 862 573
3 574 864 573
3 866 864 574
3 573 862 569
3 869 868 867
3 865 869 867
3 576 865 867
3 571 865 576
3 871 870 577
3 871 577 578
3 574 577 866
3 866 577 870
3 867 868 581
3 868 580 581
3 868 872 580
3 867 581 576
3 583 871 578
3 583 873 871
3 876 875 874
3 878 877 874
3 874 877 876
3 872 877 878
3 584 872 878
3 580 872 584
3 880 879 585
3 880 585 586
3 583 585 873
3 873 585 879
3 883 882 881
3 883 881 875
3 881 874 875
3 881 884 874
3 884 588 589
3 878 884 589
3 874 884 878
3 878 589 584
3 886 885 590
3 886 590 591
3 586 590 880
3 880 590 885
3 889 888 887
3 891 890 887
3 887 890 889
3 893 892 891
3 891 892 890
3 895 894 893
3 893 894 892
3 897 896 895
3 895 896 894
3 897 898 896
3 901 900 899
3 901 899 882
3 899 881 882
3 899 902 881
3 881 903 884
3 881 902 903
3 903 593 588
3 903 588 884
3 595 886 591
3 595 904 886
3 907 906 905
3 909 908 905
3 905 908 907
3 908 909 888
3 888 909 887
3 909 597 887
3 597 598 887
3 887 598 599
3 887 599 891
3 891 599 601
3 891 601 893
3 893 601 602
3 893 602 895
3 895 602 604
3 895 604 897
3 910 898 897
3 604 910 897
3 606 910 604
3 911 606 608
3 911 910 606
3 913 912 610
3 912 608 610
3 912 911 608
3 915 914 913
3 913 914 912
3 915 916 914
3 919 918 917
3 921 920 917
3 917 920 919
3 920 921 900
3 900 921 899
3 921 612 899
3 612 613 899
3 899 613 614
3 899 614 902
3 902 614 616
3 922 902 616
3 903 902 922
3 923 617 593
3 903 923 593
3 922 923 903
3 923 619 617
3 926 925 924
3 925 904 924
3 904 622 924
3 904 595 622
3 929 928 927
3 931 930 927
3 927 930 929
3 624 625 931
3 625 930 931
3 625 932 930
3 626 905 906
3 932 626 906
3 625 626 932
3 905 626 628
3 905 628 909
3 909 628 597
3 631 913 610
3 913 631 633
3 913 633 915
3 933 916 915
3 633 933 915
3 635 933 633
3 637 917 918
3 933 637 918
3 635 637 933
3 917 637 639
3 917 639 921
3 921 639 612
3 643 922 616
3 922 643 645
3 934 922 645
3 923 922 934
3 935 646 619
3 923 935 619
3 934 935 923
3 936 647 646
3 936 646 935
3 937 648 647
3 937 647 936
3 938 649 648
3 938 648 937
3 939 650 649
3 939 649 938
3 939 652 650
3 941 940 655
3 941 655 654
3 924 656 926
3 656 940 926
3 656 655 940
3 656 924 622
3 944 943 942
3 946 945 942
3 942 945 944
3 948 947 946
3 946 947 945
3 947 948 928
3 928 948 927
3 948 658 927
3 658 659 927
3 927 659 660
3 927 660 931
3 931 660 624
3 667 949 668
3 950 669 668
3 950 668 949
3 950 671 669
3 675 951 676
3 934 645 676
3 951 934 676
3 952 934 951
3 954 935 953
3 935 952 953
3 935 934 952
3 935 954 936
3 936 954 955
3 936 955 937
3 937 955 956
3 937 956 938
3 938 956 957
3 938 957 939
3 939 957 958
3 939 958 652
3 958 677 652
3 958 959 677
3 677 960 678
3 959 960 677
3 654 678 941
3 941 678 960
3 963 962 961
3 965 964 961
3 961 964 963
3 967 966 965
3 965 966 964
3 969 968 967
3 967 968 966
3 968 969 943
3 969 942 943
3 969 970 942
3 942 971 946
3 942 970 971
3 971 680 681
3 948 971 681
3 946 971 948
3 948 681 658
3 687 949 667
3 949 687 689
3 949 689 950
3 950 689 671
3 692 972 693
3 972 695 693
3 697 973 951
3 697 951 675
3 975 952 974
3 952 973 974
3 952 951 973
3 952 975 953
3 961 962 976
3 976 962 977
3 961 978 965
3 961 976 978
3 965 979 967
3 965 978 979
3 967 980 969
3 967 979 980
3 969 981 970
3 969 980 981
3 970 982 971
3 970 981 982
3 982 699 680
3 982 680 971
3 704 972 692
3 972 704 695
3 707 983 708
3 973 697 708
3 983 973 708
3 984 973 983
3 974 973 985
3 985 973 984
3 977 986 976
3 988 987 986
3 987 976 986
3 987 978 976
3 978 989 979
3 978 987 989
3 979 990 980
3 979 989 990
3 980 991 981
3 980 990 991
3 981 992 982
3 981 991 992
3 993 709 699
3 982 993 699
3 992 993 982
3 994 710 709
3 994 709 993
3 994 712 710
3 715 995 983
3 715 983 707
3 983 996 984
3 983 995 996
3 985 984 997
3 997 984 996
3 987 988 998
3 998 988 999
3 987 1000 989
3 987 998 1000
3 989 1001 990
3 989 1000 1001
3 990 1002 991
3 990 1001 1002
3 1004 992 1003
3 992 1002 1003
3 992 991 1002
3 992 1004 993
3 993 1004 1005
3 1007 1006 1005
3 1006 993 1005
3 1006 994 993
3 1006 717 712
3 1006 712 994
3 720 995 715
3 995 720 722
3 1008 995 722
3 996 995 1008
3 997 996 1009
3 1009 996 1008
3 999 1010 998
3 998 1010 1000
3 1000 1010 1011
3 1013 1012 1011
3 1012 1000 1011
3 1012 1001 1000
3 1015 1002 1014
3 1002 1012 1014
3 1002 1001 1012
3 1002 1015 1003
3 1007 1016 1006
3 717 1006 1016
3 1017 717 1016
3 724 717 1017
3 727 1018 1008
3 727 1008 722
3 1009 1008 1019
3 1008 1020 1019
3 1008 1018 1020
3 1020 1021 1019
3 1013 1022 1012
3 1012 1022 1014
3 1017 1023 724
3 724 1023 728
3 728 1024 729
3 1023 1024 728
3 731 729 1024
3 731 1024 1025
3 736 1026 1018
3 736 1018 727
3 1018 1027 1020
3 1018 1026 1027
3 1021 1020 1028
3 1028 1020 1027
3 1025 1029 731
3 731 1029 737
3 737 1030 738
3 1029 1030 737
3 740 738 1030
3 740 1030 1031
3 744 1032 745
3 1033 746 745
3 1033 745 1032
3 1026 736 746
3 1033 1026 746
3 1034 1026 1033
3 1026 1035 1027
3 1026 1034 1035
3 1028 1027 1036
3 1036 1027 1035
3 1031 1037 740
3 740 1037 747
3 747 1038 748
3 1037 1038 747
3 748 1039 749
3 1038 1039 748
3 1041 1040 751
3 749 1041 751
3 1039 1041 749
3 1042 1040 1041
3 757 1043 758
3 1044 759 758
3 1044 758 1043
3 759 1044 1045
3 1046 759 1045
3 760 759 1046
3 744 760 1032
3 760 1047 1032
3 760 1046 1047
3 1032 1047 1033
3 1033 1047 1048
3 1033 1048 1034
3 1034 1048 1049
3 1034 1049 1035
3 1035 1049 1050
3 1035 1050 1036
3 1053 1052 1051
3 1055 1054 1051
3 1051 1054 1053
3 1055 1056 1054
3 1040 761 751
3 1042 1057 1040
3 1057 761 1040
3 1057 762 761
3 1057 1059 1058
3 763 1057 1058
3 762 1057 763
3 1060 764 763
3 1060 763 1058
3 1060 766 764
3 768 1061 1043
3 768 1043 757
3 1063 1044 1062
3 1044 1061 1062
3 1044 1043 1061
3 1044 1063 1045
3 1051 1052 1064
3 1064 1052 1065
3 1051 1066 1055
3 1051 1064 1066
3 1056 1055 1067
3 1067 1055 1066
3 1059 1068 1058
3 1070 1069 1068
3 1069 1058 1068
3 1069 1060 1058
3 1069 770 766
3 1069 766 1060
3 772 1071 1061
3 772 1061 768
3 1062 1061 1072
3 1072 1061 1071
3 1075 1074 1073
3 1075 1073 1065
3 1065 1073 1064
3 1073 774 1064
3 774 775 1064
3 1064 775 776
3 1064 776 1066
3 776 778 1066
3 778 1067 1066
3 778 1076 1067
3 1070 1077 1069
3 770 1069 1077
3 1078 770 1077
3 780 770 1078
3 1080 1079 1071
3 772 1080 1071
3 782 1080 772
3 1071 1079 1072
3 1073 1074 1081
3 1081 1074 1082
3 1083 783 774
3 1073 1083 774
3 1081 1083 1073
3 1084 784 783
3 1084 783 1083
3 1076 778 1085
3 778 1084 1085
3 1084 1086 1085
3 778 784 1084
3 1086 1087 1085
3 1078 1088 780
3 780 1088 785
3 785 1089 786
3 1088 1089 785
3 782 786 1080
3 1080 786 1089
3 1082 1090 1081
3 1092 1091 1090
3 1091 1081 1090
3 1091 1083 1081
3 1083 1093 1084
3 1083 1091 1093
3 1084 1094 1086
3 1084 1093 1094
3 1087 1086 1095
3 1095 1086 1094
3 1092 1096 1091
3 1098 1097 1096
3 1097 1091 1096
3 1097 1093 1091
3 1093 1099 1094
3 1093 1097 1099
3 1095 1094 1100
3 1100 1094 1099
3 1098 1101 1097
3 1103 1102 1101
3 1102 1097 1101
3 1102 1099 1097
3 1100 1099 1104
3 1099 1105 1104
3 1099 1102 1105
3 1105 1106 1104
3 1102 1103 1107
3 1107 1103 1108
3 1102 1109 1105
3 1102 1107 1109
3 1106 1105 1110
3 1110 1105 1109
3 1113 1112 1111
3 1115 1114 1111
3 1111 1114 1113
3 1115 1116 1114
3 1107 1108 1117
3 1117 1108 1118
3 1107 1119 1109
3 1107 1117 1119
3 1110 1109 1120
3 1109 1121 1120
3 1109 1119 1121
3 1123 1122 1121
3 1121 1122 1120
3 1125 1124 1123
3 1123 1124 1122
3 1127 1126 1125
3 1125 1126 1124
3 1129 1128 1127
3 1127 1128 1126
3 1131 1130 1129
3 1129 1130 1128
3 1130 1131 1112
3 1131 1111 1112
3 1131 1132 1111
3 1134 1115 1133
3 1115 1132 1133
3 1115 1111 1132
3 1115 1134 1116
3 1117 1118 1135
3 1135 1118 1136
3 1117 1137 1119
3 1117 1135 1137
3 1119 1138 1121
3 1119 1137 1138
3 1121 1139 1123
3 1121 1138 1139
3 1123 1140 1125
3 1123 1139 1140
3 1125 1141 1127
3 1125 1140 1141
3 1127 1142 1129
3 1127 1141 1142
3 1142 788 789
3 1131 1142 789
3 1129 1142 1131
3 1131 789 790
3 1143 1131 790
3 1132 1131 1143
3 1133 1132 1144
3 1144 1132 1143
3 1135 1136 1145
3 1145 1136 1146
3 1135 1147 1137
3 1135 1145 1147
3 1137 1148 1138
3 1137 1147 1148
3 1138 1149 1139
3 1138 1148 1149
3 1139 1150 1140
3 1139 1149 1150
3 1140 1151 1141
3 1140 1150 1151
3 1141 1152 1142
3 1141 1151 1152
3 1152 792 788
3 1152 788 1142
3 793 1153 1143
3 793 1143 790
3 1144 1143 1154
3 1154 1143 1153
3 1146 1155 1145
3 1157 1156 1155
3 1156 1145 1155
3 1156 1147 1145
3 1147 1158 1148
3 1147 1156 1158
3 1148 1159 1149
3 1148 1158 1159
3 1149 1160 1150
3 1149 1159 1160
3 1150 1161 1151
3 1150 1160 1161
3 1151 1162 1152
3 1151 1161 1162
3 1162 795 792
3 1162 792 1152
3 796 1153 793
3 796 798 1153
3 798 1154 1153
3 798 1163 1154
3 1156 1157 1164
3 1164 1157 1165
3 1156 1166 1158
3 1156 1164 1166
3 1158 1167 1159
3 1158 1166 1167
3 1159 1168 1160
3 1159 1167 1168
3 1160 1169 1161
3 1160 1168 1169
3 1161 1170 1162
3 1161 1169 1170
3 1170 800 795
3 1170 795 1162
3 801 1171 802
3 1163 798 1172
3 798 1171 1172
3 1171 1173 1172
3 798 802 1171
3 1173 1174 1172
3 1165 1175 1164
3 1177 1176 1175
3 1176 1164 1175
3 1176 1166 1164
3 1166 1178 1167
3 1166 1176 1178
3 1167 1179 1168
3 1167 1178 1179
3 1168 1180 1169
3 1168 1179 1180
3 1169 1181 1170
3 1169 1180 1181
3 1182 803 800
3 1170 1182 800
3 1181 1182 1170
3 1171 801 803
3 1182 1171 803
3 1183 1171 1182
3 1171 1184 1173
3 1171 1183 1184
3 1174 1173 1185
3 1185 1173 1184
3 1188 1187 1186
3 1188 1186 1177
3 1186 1176 1177
3 1186 1189 1176
3 1176 1190 1178
3 1176 1189 1190
3 1178 1191 1179
3 1178 1190 1191
3 1179 1192 1180
3 1179 1191 1192
3 1180 1193 1181
3 1180 1192 1193
3 1181 1194 1182
3 1181 1193 1194
3 1182 1195 1183
3 1182 1194 1195
3 1183 1196 1184
3 1183 1195 1196
3 1185 1184 1197
3 1184 1198 1197
3 1184 1196 1198
3 1198 1199 1197
3 1186 1187 1200
3 1200 1187 1201
3 1186 1202 1189
3 1186 1200 1202
3 1189 1203 1190
3 1189 1202 1203
3 1190 1204 1191
3 1190 1203 1204
3 1191 1205 1192
3 1191 1204 1205
3 1192 1206 1193
3 1192 1205 1206
3 1193 1207 1194
3 1193 1206 1207
3 1194 1208 1195
3 1194 1207 1208
3 1195 1209 1196
3 1195 1208 1209
3 1196 1210 1198
3 1196 1209 1210
3 1199 1198 1211
3 1211 1198 1210
3 1200 1201 1212
3 1212 1201 1213
3 1200 1214 1202
3 1200 1212 1214
3 1202 1215 1203
3 1202 1214 1215
3 1203 1216 1204
3 1203 1215 1216
3 1204 1217 1205
3 1204 1216 1217
3 1205 1218 1206
3 1205 1217 1218
3 1206 1219 1207
3 1206 1218 1219
3 1207 1220 1208
3 1207 1219 1220
3 1208 1221 1209
3 1208 1220 1221
3 1209 1222 1210
3 1209 1221 1222
3 1211 1210 1223
3 1210 1224 1223
3 1210 1222 1224
3 1226 1225 1224
3 1224 1225 1223
3 1228 1227 1226
3 1226 1227 1225
3 1230 1229 1228
3 1228 1229 1227
3 1232 1231 1230
3 1230 1231 1229
3 1234 1233 1232
3 1232 1233 1231
3 1236 1235 1234
3 1234 1235 1233
3 1236 1237 1235
3 1212 1213 1238
3 1238 1213 1239
3 1212 1240 1214
3 1212 1238 1240
3 1214 1241 1215
3 1214 1240 1241
3 1215 1242 1216
3 1215 1241 1242
3 1216 1243 1217
3 1216 1242 1243
3 1217 1244 1218
3 1217 1243 1244
3 1244 805 806
3 1219 1244 806
3 1218 1244 1219
3 1219 806 807
3 1219 807 1220
3 1220 807 809
3 1245 1220 809
3 1221 1220 1245
3 1221 1246 1222
3 1221 1245 1246
3 1222 1247 1224
3 1222 1246 1247
3 1224 1248 1226
3 1224 1247 1248
3 1226 1249 1228
3 1226 1248 1249
3 1228 1250 1230
3 1228 1249 1250
3 1230 1251 1232
3 1230 1250 1251
3 1232 1252 1234
3 1232 1251 1252
3 1234 1253 1236
3 1234 1252 1253
3 1237 1236 1254
3 1254 1236 1253
3 1238 1239 1255
3 1255 1239 1256
3 1238 1257 1240
3 1238 1255 1257
3 1240 1258 1241
3 1240 1257 1258
3 1241 1259 1242
3 1241 1258 1259
3 1242 1260 1243
3 1242 1259 1260
3 1243 1261 1244
3 1243 1260 1261
3 1261 811 805
3 1261 805 1244
3 813 1245 809
3 1245 813 815
3 1245 815 1246
3 1246 815 817
3 1262 1246 817
3 1247 1246 1262
3 1247 1263 1248
3 1247 1262 1263
3 1248 1264 1249
3 1248 1263 1264
3 1249 1265 1250
3 1249 1264 1265
3 1250 1266 1251
3 1250 1265 1266
3 1251 1267 1252
3 1251 1266 1267
3 1269 1253 1268
3 1253 1267 1268
3 1253 1252 1267
3 1253 1269 1254
3 1255 1256 1270
3 1270 1256 1271
3 1255 1272 1257
3 1255 1270 1272
3 1257 1273 1258
3 1257 1272 1273
3 1258 1274 1259
3 1258 1273 1274
3 1259 1275 1260
3 1259 1274 1275
3 1260 1276 1261
3 1260 1275 1276
3 1276 819 811
3 1276 811 1261
3 822 1277 1262
3 822 1262 817
3 1262 1278 1263
3 1262 1277 1278
3 1263 1279 1264
3 1263 1278 1279
3 1264 1280 1265
3 1264 1279 1280
3 1265 1281 1266
3 1265 1280 1281
3 1283 1267 1282
3 1267 1281 1282
3 1267 1266 1281
3 1267 1283 1268
3 1284 824 825
3 826 1284 825
3 1286 1285 829
3 829 1285 828
3 1288 1287 830
3 1287 829 830
3 1287 1286 829
3 1288 1289 1287
3 1290 832 833
3 1290 833 1291
3 833 1292 1291
3 833 834 1292
3 1293 834 835
3 1293 1292 834
3 835 824 1284
3 1294 835 1284
3 1293 835 1294
3 1294 1284 826
3 836 1294 826
3 1295 1294 836
3 836 828 1285
3 836 1285 1295
3 837 1288 830
3 1296 1289 1288
3 837 1296 1288
3 838 1296 837
3 838 839 1296
3 1296 839 1297
3 1299 1298 1290
3 1298 832 1290
3 1298 840 832
3 1299 1290 1291
3 841 1297 839
3 841 1300 1297
3 1302 1301 843
3 843 1301 842
3 843 840 1298
3 843 1298 1302
3 844 1300 841
3 844 1303 1300
3 1305 1304 846
3 846 1304 845
3 846 842 1301
3 846 1301 1305
3 847 1307 1306
3 1303 847 1306
3 844 847 1303
3 1307 1308 1306
3 1310 1309 850
3 850 1309 849
3 850 845 1304
3 850 1304 1310
3 851 1307 847
3 851 852 1307
3 852 1308 1307
3 852 1311 1308
3 1309 853 849
3 1312 853 1309
3 854 1311 852
3 854 1313 1311
3 1316 1315 1314
3 1318 1317 1314
3 1314 1317 1316
3 1318 1319 1317
3 1322 1321 1320
3 856 857 1320
3 857 1322 1320
3 857 1323 1322
3 857 853 1312
3 857 1312 1323
3 1325 1324 858
3 1325 858 859
3 854 858 1313
3 1313 858 1324
3 1314 1315 1326
3 1326 1315 1327
3 1314 1328 1318
3 1314 1326 1328
3 1319 1318 1329
3 1329 1318 1328
3 1321 1330 1320
3 856 1320 1330
3 1331 856 1330
3 861 856 1331
3 1333 1332 863
3 1333 863 864
3 859 863 1325
3 1325 863 1332
3 1326 1327 1334
3 1334 1327 1335
3 1326 1336 1328
3 1326 1334 1336
3 1329 1328 1337
3 1328 1338 1337
3 1328 1336 1338
3 1340 1339 1338
3 1338 1339 1337
3 1331 1339 1340
3 865 1331 1340
3 861 1331 865
3 1343 1342 1341
3 1342 1333 1341
3 1333 866 1341
3 1333 864 866
3 1334 1335 1344
3 1344 1335 1345
3 1347 1336 1346
3 1336 1344 1346
3 1336 1334 1344
3 1349 1348 1347
3 1348 1336 1347
3 1348 1338 1336
3 1348 868 869
3 1340 1348 869
3 1338 1348 1340
3 1340 869 865
3 1343 1341 870
3 871 1343 870
3 1350 1343 871
3 870 1341 866
3 1344 1345 1351
3 1351 1345 1352
3 1346 1344 1353
3 1344 1354 1353
3 1344 1351 1354
3 1353 1354 1349
3 1354 1348 1349
3 1354 1355 1348
3 1355 872 868
3 1355 868 1348
3 1358 1357 1356
3 1357 1350 1356
3 1350 873 1356
3 1350 871 873
3 1361 1360 1359
3 1361 1359 1352
3 1359 1351 1352
3 1359 1362 1351
3 1362 875 876
3 1354 1362 876
3 1351 1362 1354
3 1354 876 877
3 1354 877 1355
3 1355 877 872
3 1358 1356 879
3 880 1358 879
3 1363 1358 880
3 879 1356 873
3 1366 1365 1364
3 1368 1367 1364
3 1364 1367 1366
3 1370 1369 1368
3 1368 1369 1367
3 1370 1371 1369
3 1359 1360 1372
3 1372 1360 1373
3 1372 882 883
3 1362 1372 883
3 1359 1372 1362
3 1362 883 875
3 1375 1374 885
3 1375 885 886
3 880 885 1363
3 1363 885 1374
3 1378 1377 1376
3 1380 1379 1376
3 1376 1379 1378
3 888 889 1380
3 889 1379 1380
3 889 1381 1379
3 890 1364 1365
3 1381 890 1365
3 889 890 1381
3 1364 890 892
3 1364 892 1368
3 1368 892 894
3 1368 894 1370
3 1382 1371 1370
3 894 1382 1370
3 896 1382 894
3 1384 1383 898
3 1383 896 898
3 1383 1382 896
3 1384 1385 1383
3 1388 1387 1386
3 1388 1386 1373
3 1373 1386 1372
3 1386 900 1372
3 900 901 1372
3 1372 901 882
3 1391 1390 1389
3 1390 1375 1389
3 1375 904 1389
3 1375 886 904
3 1394 1393 1392
3 1396 1395 1392
3 1392 1395 1394
3 1398 1397 1396
3 1396 1397 1395
3 1397 1398 1377
3 1377 1398 1376
3 1398 906 1376
3 906 907 1376
3 1376 907 908
3 1376 908 1380
3 1380 908 888
3 910 1384 898
3 1399 1385 1384
3 910 1399 1384
3 911 1399 910
3 1400 911 912
3 1400 1399 911
3 1401 912 914
3 1401 1400 912
3 1403 1402 916
3 1402 914 916
3 1402 1401 914
3 918 919 1403
3 919 1402 1403
3 919 1404 1402
3 920 1386 1387
3 1404 920 1387
3 919 920 1404
3 1386 920 900
3 1391 1389 925
3 926 1391 925
3 1405 1391 926
3 925 1389 904
3 1408 1407 1406
3 1410 1409 1406
3 1406 1409 1408
3 1412 1411 1410
3 1410 1411 1409
3 1411 1412 1393
3 1393 1412 1392
3 1412 928 1392
3 928 929 1392
3 1392 929 930
3 1392 930 1396
3 1396 930 932
3 1396 932 1398
3 1398 932 906
3 933 1403 916
3 1403 933 918
3 1415 1414 1413
3 1417 1416 1413
3 1417 1413 1414
3 1419 1418 1416
3 1419 1416 1417
3 1421 1420 1418
3 1421 1418 1419
3 940 941 1420
3 1421 940 1420
3 1422 940 1421
3 926 940 1405
3 1405 940 1422
3 1425 1424 1423
3 1427 1426 1423
3 1423 1426 1425
3 1429 1428 1427
3 1427 1428 1426
3 1431 1430 1429
3 1429 1430 1428
3 1433 1432 1431
3 1431 1432 1430
3 1432 1433 1407
3 1407 1433 1406
3 1433 943 1406
3 943 944 1406
3 1406 944 945
3 1406 945 1410
3 1410 945 947
3 1410 947 1412
3 1412 947 928
3 953 1434 954
3 1435 955 954
3 1435 954 1434
3 955 1435 1436
3 1437 955 1436
3 956 955 1437
3 1413 957 1415
3 957 1437 1415
3 957 956 1437
3 957 1413 958
3 958 1413 1416
3 958 1416 959
3 959 1416 1418
3 959 1418 960
3 960 1418 1420
3 960 1420 941
3 1440 1439 1438
3 1438 1441 1440
3 1444 1443 1442
3 1442 1445 1444
3 1448 1447 1446
3 1450 1449 1446
3 1446 1449 1448
3 1449 1450 1424
3 1450 1423 1424
3 1450 1451 1423
3 1451 962 963
3 1427 1451 963
3 1423 1451 1427
3 1427 963 964
3 1427 964 1429
3 1429 964 966
3 1429 966 1431
3 1431 966 968
3 1431 968 1433
3 1433 968 943
3 974 1452 975
3 1434 953 975
3 1452 1434 975
3 1453 1434 1452
3 1455 1435 1454
3 1435 1453 1454
3 1435 1434 1453
3 1435 1455 1436
3 1439 1456 1438
3 1438 1456 1441
3 1443 1457 1442
3 1442 1457 1445
3 1460 1459 1458
3 1462 1461 1458
3 1458 1461 1460
3 1464 1463 1462
3 1462 1463 1461
3 1463 1464 1447
3 1464 1446 1447
3 1464 1465 1446
3 1446 1466 1450
3 1446 1465 1466
3 1450 1467 1451
3 1450 1466 1467
3 1467 977 962
3 1467 962 1451
3 985 1468 1452
3 985 1452 974
3 1470 1453 1469
3 1453 1468 1469
3 1453 1452 1468
3 1453 1470 1454
3 1459 1471 1458
3 1458 1471 1462
3 1462 1471 1472
3 1474 1473 1472
3 1473 1462 1472
3 1473 1464 1462
3 1464 1475 1465
3 1464 1473 1475
3 1465 1476 1466
3 1465 1475 1476
3 1466 1477 1467
3 1466 1476 1477
3 1478 986 977
3 1467 1478 977
3 1477 1478 1467
3 1478 988 986
3 997 1479 1468
3 997 1468 985
3 1469 1468 1480
3 1468 1481 1480
3 1468 1479 1481
3 1481 1482 1480
3 1474 1483 1473
3 1473 1483 1475
3 1475 1483 1484
3 1486 1485 1484
3 1485 1475 1484
3 1485 1476 1475
3 1476 1487 1477
3 1476 1485 1487
3 1477 1488 1478
3 1477 1487 1488
3 1488 999 988
3 1488 988 1478
3 1003 1489 1004
3 1490 1005 1004
3 1490 1004 1489
3 1490 1007 1005
3 1009 1491 1479
3 1009 1479 997
3 1479 1492 1481
3 1479 1491 1492
3 1482 1481 1493
3 1493 1481 1492
3 1486 1494 1485
3 1485 1494 1487
3 1487 1494 1495
3 1487 1495 1488
3 1488 1495 1496
3 1496 1498 1497
3 1496 1497 1010
3 1488 1496 1010
3 999 1488 1010
3 1499 1011 1010
3 1499 1010 1497
3 1499 1013 1011
3 1014 1500 1015
3 1489 1003 1015
3 1500 1489 1015
3 1501 1489 1500
3 1489 1502 1490
3 1489 1501 1502
3 1503 1016 1007
3 1490 1503 1007
3 1502 1503 1490
3 1017 1016 1503
3 1506 1505 1504
3 1507 1506 1504
3 1019 1491 1009
3 1491 1019 1021
3 1508 1491 1021
3 1492 1491 1508
3 1493 1492 1509
3 1509 1492 1508
3 1498 1510 1497
3 1497 1510 1499
3 1499 1510 1511
3 1511 1513 1512
3 1511 1512 1022
3 1499 1511 1022
3 1013 1499 1022
3 1500 1014 1022
3 1512 1500 1022
3 1514 1500 1512
3 1516 1501 1515
3 1501 1514 1515
3 1501 1500 1514
3 1501 1516 1502
3 1502 1516 1517
3 1502 1517 1503
3 1503 1517 1518
3 1505 1506 1518
3 1506 1023 1518
3 1017 1503 1518
3 1017 1518 1023
3 1507 1519 1506
3 1519 1023 1506
3 1519 1024 1023
3 1521 1520 1025
3 1024 1521 1025
3 1519 1521 1024
3 1522 1520 1521
3 1028 1523 1508
3 1028 1508 1021
3 1509 1508 1524
3 1524 1508 1523
3 1513 1525 1512
3 1512 1525 1514
3 1514 1525 1526
3 1514 1526 1515
3 1520 1029 1025
3 1522 1527 1520
3 1527 1029 1520
3 1527 1030 1029
3 1529 1528 1031
3 1030 1529 1031
3 1527 1529 1030
3 1531 1530 1528
3 1531 1528 1529
3 1532 1530 1531
3 1036 1533 1523
3 1036 1523 1028
3 1524 1523 1534
3 1534 1523 1533
3 1537 1536 1535
3 1539 1538 1535
3 1535 1538 1537
3 1541 1540 1539
3 1539 1540 1538
3 1541 1542 1540
3 1528 1037 1031
3 1037 1528 1038
3 1038 1528 1530
3 1532 1543 1530
3 1543 1038 1530
3 1543 1039 1038
3 1039 1544 1041
3 1543 1544 1039
3 1546 1545 1042
3 1041 1546 1042
3 1544 1546 1041
3 1547 1545 1546
3 1045 1548 1046
3 1549 1047 1046
3 1549 1046 1548
3 1550 1048 1047
3 1550 1047 1549
3 1551 1049 1048
3 1551 1048 1550
3 1049 1551 1552
3 1553 1049 1552
3 1050 1049 1553
3 1036 1050 1533
3 1050 1554 1533
3 1050 1553 1554
3 1533 1554 1534
3 1535 1536 1555
3 1555 1536 1556
3 1555 1052 1053
3 1539 1555 1053
3 1535 1555 1539
3 1539 1053 1054
3 1539 1054 1541
3 1054 1056 1541
3 1056 1542 1541
3 1056 1557 1542
3 1545 1057 1042
3 1559 1558 1059
3 1559 1059 1057
3 1547 1559 1057
3 1545 1547 1057
3 1560 1558 1559
3 1062 1561 1063
3 1561 1562 1063
3 1063 1562 1045
3 1562 1563 1045
3 1563 1548 1045
3 1548 1563 1549
3 1549 1563 1564
3 1566 1565 1564
3 1565 1549 1564
3 1565 1550 1549
3 1550 1567 1551
3 1550 1565 1567
3 1552 1551 1568
3 1568 1551 1567
3 1555 1556 1569
3 1569 1556 1570
3 1569 1065 1052
3 1569 1052 1555
3 1067 1557 1056
3 1067 1571 1557
3 1558 1068 1059
3 1070 1068 1558
3 1560 1070 1558
3 1572 1070 1560
3 1574 1573 1561
3 1062 1574 1561
3 1072 1574 1062
3 1561 1573 1562
3 1565 1566 1575
3 1575 1566 1576
3 1565 1577 1567
3 1565 1575 1577
3 1568 1567 1578
3 1578 1567 1577
3 1569 1570 1075
3 1570 1074 1075
3 1570 1579 1074
3 1569 1075 1065
3 1076 1581 1580
3 1571 1076 1580
3 1067 1076 1571
3 1581 1582 1580
3 1572 1583 1070
3 1070 1583 1077
3 1078 1077 1583
3 1078 1583 1584
3 1586 1585 1079
3 1586 1079 1080
3 1072 1079 1574
3 1574 1079 1585
3 1576 1587 1575
3 1575 1587 1577
3 1577 1587 1588
3 1577 1588 1578
3 1579 1082 1074
3 1589 1082 1579
3 1085 1581 1076
3 1085 1087 1581
3 1087 1582 1581
3 1087 1590 1582
3 1584 1591 1078
3 1078 1591 1088
3 1088 1592 1089
3 1591 1592 1088
3 1080 1089 1586
3 1586 1089 1592
3 1589 1593 1082
3 1082 1593 1090
3 1092 1090 1593
3 1092 1593 1594
3 1095 1596 1595
3 1590 1095 1595
3 1087 1095 1590
3 1596 1597 1595
3 1594 1598 1092
3 1092 1598 1096
3 1098 1096 1598
3 1098 1598 1599
3 1100 1600 1596
3 1100 1596 1095
3 1597 1596 1601
3 1596 1602 1601
3 1596 1600 1602
3 1604 1603 1602
3 1602 1603 1601
3 1604 1605 1603
3 1101 1098 1606
3 1098 1607 1606
3 1098 1599 1607
3 1606 1103 1101
3 1104 1600 1100
3 1600 1104 1106
3 1608 1600 1106
3 1602 1600 1608
3 1602 1609 1604
3 1602 1608 1609
3 1605 1604 1610
3 1610 1604 1609
3 1613 1612 1611
3 1615 1614 1611
3 1611 1614 1613
3 1615 1616 1614
3 1607 1617 1606
3 1103 1606 1617
3 1618 1103 1617
3 1108 1103 1618
3 1110 1619 1608
3 1110 1608 1106
3 1608 1620 1609
3 1608 1619 1620
3 1610 1609 1621
3 1609 1622 1621
3 1609 1620 1622
3 1624 1623 1622
3 1622 1623 1621
3 1626 1625 1624
3 1624 1625 1623
3 1628 1627 1626
3 1626 1627 1625
3 1627 1628 1612
3 1612 1628 1611
3 1628 1112 1611
3 1112 1113 1611
3 1611 1113 1114
3 1611 1114 1615
3 1114 1116 1615
3 1116 1616 1615
3 1116 1629 1616
3 1618 1118 1108
3 1630 1118 1618
3 1120 1619 1110
3 1619 1120 1122
3 1619 1122 1620
3 1620 1122 1124
3 1620 1124 1622
3 1622 1124 1126
3 1622 1126 1624
3 1624 1126 1128
3 1624 1128 1626
3 1626 1128 1130
3 1626 1130 1628
3 1628 1130 1112
3 1632 1631 1134
3 1632 1134 1133
3 1116 1134 1629
3 1629 1134 1631
3 1630 1136 1118
3 1633 1136 1630
3 1144 1632 1133
3 1144 1634 1632
3 1633 1146 1136
3 1635 1146 1633
3 1154 1634 1144
3 1154 1636 1634
3 1635 1637 1146
3 1146 1637 1155
3 1157 1155 1637
3 1157 1637 1638
3 1163 1640 1639
3 1636 1163 1639
3 1154 1163 1636
3 1640 1641 1639
3 1638 1165 1157
3 1642 1165 1638
3 1172 1640 1163
3 1172 1174 1640
3 1174 1641 1640
3 1174 1643 1641
3 1175 1165 1644
3 1165 1645 1644
3 1165 1642 1645
3 1644 1177 1175
3 1185 1647 1646
3 1643 1185 1646
3 1174 1185 1643
3 1649 1648 1647
3 1647 1648 1646
3 1649 1650 1648
3 1644 1645 1188
3 1645 1187 1188
3 1645 1651 1187
3 1644 1188 1177
3 1197 1647 1185
3 1647 1197 1199
3 1652 1647 1199
3 1649 1647 1652
3 1650 1649 1653
3 1649 1654 1653
3 1649 1652 1654
3 1656 1655 1654
3 1654 1655 1653
3 1658 1657 1656
3 1656 1657 1655
3 1660 1659 1658
3 1658 1659 1657
3 1660 1661 1659
3 1664 1663 1662
3 1651 1664 1662
3 1201 1651 1662
3 1187 1651 1201
3 1211 1665 1652
3 1211 1652 1199
3 1652 1666 1654
3 1652 1665 1666
3 1654 1667 1656
3 1654 1666 1667
3 1656 1668 1658
3 1656 1667 1668
3 1658 1669 1660
3 1658 1668 1669
3 1661 1660 1670
3 1660 1671 1670
3 1660 1669 1671
3 1673 1672 1671
3 1671 1672 1670
3 1673 1674 1672
3 1663 1675 1662
3 1201 1662 1675
3 1676 1201 1675
3 1213 1201 1676
3 1223 1665 1211
3 1665 1223 1225
3 1665 1225 1666
3 1666 1225 1227
3 1666 1227 1667
3 1667 1227 1229
3 1667 1229 1668
3 1668 1229 1231
3 1668 1231 1669
3 1669 1231 1233
3 1669 1233 1671
3 1671 1233 1235
3 1671 1235 1673
3 1678 1677 1237
3 1237 1677 1235
3 1677 1674 1235
3 1674 1673 1235
3 1678 1679 1677
3 1676 1239 1213
3 1680 1239 1676
3 1682 1681 1678
3 1237 1682 1678
3 1254 1682 1237
3 1678 1681 1679
3 1680 1256 1239
3 1683 1256 1680
3 1685 1684 1269
3 1685 1269 1268
3 1254 1269 1682
3 1682 1269 1684
3 1683 1271 1256
3 1686 1271 1683
3 1688 1687 1283
3 1688 1283 1282
3 1268 1283 1685
3 1685 1283 1687
3 1690 1689 1286
3 1286 1689 1285
3 1691 1286 1287
3 1691 1690 1286
3 1287 1289 1691
3 1691 1289 1692
3 1693 1291 1292
3 1293 1694 1292
3 1292 1694 1693
3 1294 1695 1293
3 1293 1695 1694
3 1695 1294 1696
3 1294 1697 1696
3 1294 1295 1697
3 1295 1285 1689
3 1295 1689 1697
3 1289 1296 1698
3 1699 1289 1698
3 1692 1289 1699
3 1297 1698 1296
3 1700 1298 1299
3 1701 1700 1299
3 1701 1299 1291
3 1702 1701 1291
3 1693 1702 1291
3 1704 1703 1702
3 1693 1704 1702
3 1694 1704 1693
3 1705 1694 1695
3 1704 1694 1705
3 1695 1696 1706
3 1695 1706 1705
3 1707 1699 1698
3 1698 1297 1707
3 1297 1708 1707
3 1297 1300 1708
3 1709 1301 1302
3 1710 1709 1302
3 1710 1302 1298
3 1711 1710 1298
3 1700 1711 1298
3 1711 1700 1701
3 1712 1703 1704
3 1712 1704 1705
3 1712 1705 1713
3 1713 1705 1706
3 1303 1708 1300
3 1303 1714 1708
3 1715 1304 1305
3 1716 1715 1305
3 1716 1305 1301
3 1717 1716 1301
3 1709 1717 1301
3 1717 1709 1710
3 1718 1714 1303
3 1718 1303 1306
3 1306 1308 1718
3 1718 1308 1719
3 1722 1721 1720
3 1720 1723 1722
3 1724 1309 1310
3 1725 1724 1310
3 1725 1310 1304
3 1726 1725 1304
3 1715 1726 1304
3 1726 1715 1716
3 1311 1719 1308
3 1311 1727 1719
3 1730 1729 1728
3 1730 1728 1721
3 1728 1720 1721
3 1728 1731 1720
3 1723 1720 1732
3 1732 1720 1731
3 1734 1733 1724
3 1733 1309 1724
3 1733 1312 1309
3 1734 1724 1725
3 1737 1736 1735
3 1739 1738 1735
3 1739 1735 1736
3 1739 1727 1738
3 1727 1313 1738
3 1727 1311 1313
3 1742 1741 1740
3 1742 1740 1729
3 1740 1728 1729
3 1740 1743 1728
3 1743 1315 1316
3 1731 1743 1316
3 1728 1743 1731
3 1744 1732 1731
3 1316 1744 1731
3 1317 1744 1316
3 1317 1319 1744
3 1744 1319 1745
3 1746 1321 1322
3 1323 1747 1322
3 1322 1747 1746
3 1748 1747 1323
3 1312 1748 1323
3 1733 1748 1312
3 1751 1750 1749
3 1752 1749 1750
3 1737 1735 1753
3 1737 1753 1754
3 1325 1753 1324
3 1753 1738 1324
3 1753 1735 1738
3 1324 1738 1313
3 1740 1741 1755
3 1755 1741 1756
3 1740 1757 1743
3 1740 1755 1757
3 1757 1327 1315
3 1757 1315 1743
3 1329 1745 1319
3 1329 1758 1745
3 1746 1330 1321
3 1330 1746 1331
3 1746 1759 1331
3 1746 1747 1759
3 1747 1748 1760
3 1747 1760 1759
3 1761 1751 1749
3 1761 1749 1752
3 1764 1763 1762
3 1762 1763 1754
3 1762 1754 1753
3 1333 1762 1753
3 1332 1333 1753
3 1332 1753 1325
3 1756 1765 1755
3 1767 1766 1765
3 1766 1755 1765
3 1766 1757 1755
3 1766 1335 1327
3 1766 1327 1757
3 1329 1337 1768
3 1769 1329 1768
3 1758 1329 1769
3 1339 1770 1337
3 1337 1770 1768
3 1331 1759 1339
3 1759 1770 1339
3 1759 1771 1770
3 1759 1760 1772
3 1759 1772 1771
3 1764 1762 1342
3 1343 1764 1342
3 1773 1764 1343
3 1342 1762 1333
3 1766 1767 1774
3 1774 1767 1775
3 1774 1345 1335
3 1774 1335 1766
3 1346 1776 1347
3 1769 1778 1777
3 1769 1776 1778
3 1776 1769 1347
3 1768 1347 1769
3 1347 1768 1349
3 1778 1349 1768
3 1768 1779 1778
3 1778 1779 1777
3 1776 1349 1778
3 1770 1781 1780
3 1779 1770 1780
3 1768 1770 1779
3 1781 1770 1771
3 1781 1771 1782
3 1782 1771 1772
3 1350 1773 1343
3 1350 1783 1773
3 1774 1775 1784
3 1784 1775 1785
3 1784 1352 1345
3 1784 1345 1774
3 1353 1776 1346
3 1779 1786 1777
3 1349 1776 1353
3 1786 1779 1780
3 1788 1787 1357
3 1788 1357 1358
3 1350 1357 1783
3 1783 1357 1787
3 1791 1790 1789
3 1789 1792 1791
3 1784 1785 1361
3 1785 1360 1361
3 1785 1793 1360
3 1784 1361 1352
3 1796 1795 1794
3 1795 1788 1794
3 1788 1363 1794
3 1788 1358 1363
3 1789 1790 1797
3 1797 1790 1798
3 1792 1789 1799
3 1799 1789 1797
3 1802 1801 1800
3 1804 1803 1800
3 1800 1803 1802
3 1365 1366 1804
3 1366 1803 1804
3 1366 1805 1803
3 1806 1366 1367
3 1806 1805 1366
3 1807 1367 1369
3 1807 1806 1367
3 1369 1371 1807
3 1807 1371 1808
3 1793 1373 1360
3 1809 1373 1793
3 1812 1811 1810
3 1810 1811 1796
3 1810 1796 1794
3 1375 1810 1794
3 1374 1375 1794
3 1374 1794 1363
3 1797 1798 1813
3 1813 1798 1814
3 1799 1797 1815
3 1815 1797 1813
3 1817 1816 1378
3 1378 1816 1377
3 1379 1800 1801
3 1817 1379 1801
3 1378 1379 1817
3 1800 1379 1381
3 1800 1381 1804
3 1804 1381 1365
3 1818 1808 1371
3 1818 1371 1382
3 1820 1818 1819
3 1818 1383 1819
3 1818 1382 1383
3 1385 1819 1383
3 1822 1821 1388
3 1388 1821 1387
3 1388 1373 1809
3 1388 1809 1822
3 1812 1810 1390
3 1391 1812 1390
3 1823 1812 1391
3 1390 1810 1375
3 1813 1814 1824
3 1824 1814 1825
3 1815 1813 1826
3 1813 1827 1826
3 1813 1824 1827
3 1827 1828 1826
3 1831 1830 1829
3 1829 1832 1831
3 1835 1834 1833
3 1393 1394 1833
3 1394 1835 1833
3 1394 1836 1835
3 1837 1394 1395
3 1837 1836 1394
3 1838 1395 1397
3 1838 1837 1395
3 1397 1377 1816
3 1397 1816 1838
3 1839 1820 1819
3 1839 1819 1385
3 1399 1839 1385
3 1840 1839 1399
3 1842 1840 1841
3 1840 1400 1841
3 1840 1399 1400
3 1401 1843 1400
3 1400 1843 1841
3 1402 1844 1401
3 1401 1844 1843
3 1844 1402 1845
3 1402 1846 1845
3 1402 1404 1846
3 1404 1387 1821
3 1404 1821 1846
3 1849 1848 1847
3 1851 1850 1847
3 1851 1847 1848
3 1852 1850 1851
3 1855 1854 1853
3 1854 1823 1853
3 1823 1405 1853
3 1823 1391 1405
3 1858 1857 1856
3 1860 1859 1856
3 1856 1859 1858
3 1859 1860 1825
3 1860 1824 1825
3 1860 1861 1824
3 1824 1862 1827
3 1824 1861 1862
3 1828 1827 1863
3 1863 1827 1862
3 1866 1865 1864
3 1868 1867 1864
3 1864 1867 1866
3 1870 1869 1868
3 1868 1869 1867
3 1869 1870 1830
3 1870 1829 1830
3 1870 1871 1829
3 1832 1829 1872
3 1829 1873 1872
3 1829 1871 1873
3 1875 1874 1873
3 1873 1874 1872
3 1877 1876 1875
3 1875 1876 1874
3 1879 1878 1877
3 1877 1878 1876
3 1881 1880 1879
3 1879 1880 1878
3 1883 1882 1881
3 1881 1882 1880
3 1407 1408 1883
3 1408 1882 1883
3 1408 1884 1882
3 1885 1408 1409
3 1885 1884 1408
3 1411 1833 1834
3 1885 1411 1834
3 1409 1411 1885
3 1833 1411 1393
3 1886 1842 1841
3 1886 1841 1843
3 1886 1843 1887
3 1887 1843 1844
3 1887 1844 1888
3 1888 1844 1845
3 1891 1890 1889
3 1414 1415 1889
3 1890 1414 1889
3 1892 1414 1890
3 1847 1417 1849
3 1417 1892 1849
3 1417 1414 1892
3 1417 1847 1419
3 1419 1847 1850
3 1852 1893 1850
3 1893 1419 1850
3 1893 1421 1419
3 1853 1422 1855
3 1422 1893 1855
3 1422 1421 1893
3 1422 1853 1405
3 1896 1895 1894
3 1898 1897 1894
3 1894 1897 1896
3 1898 1899 1897
3 1902 1901 1900
3 1902 1900 1857
3 1900 1856 1857
3 1900 1903 1856
3 1856 1904 1860
3 1856 1903 1904
3 1860 1905 1861
3 1860 1904 1905
3 1861 1906 1862
3 1861 1905 1906
3 1863 1862 1907
3 1862 1908 1907
3 1862 1906 1908
3 1910 1909 1908
3 1908 1909 1907
3 1909 1910 1865
3 1910 1864 1865
3 1910 1911 1864
3 1864 1912 1868
3 1864 1911 1912
3 1868 1913 1870
3 1868 1912 1913
3 1870 1914 1871
3 1870 1913 1914
3 1871 1915 1873
3 1871 1914 1915
3 1915 1424 1425
3 1875 1915 1425
3 1873 1915 1875
3 1875 1425 1426
3 1875 1426 1877
3 1877 1426 1428
3 1877 1428 1879
3 1879 1428 1430
3 1879 1430 1881
3 1881 1430 1432
3 1881 1432 1883
3 1883 1432 1407
3 1918 1917 1916
3 1919 1916 1917
3 1891 1889 1437
3 1436 1891 1437
3 1920 1891 1436
3 1437 1889 1415
3 1894 1895 1440
3 1895 1439 1440
3 1895 1921 1439
3 1894 1440 1441
3 1922 1894 1441
3 1898 1894 1922
3 1899 1898 1923
3 1923 1898 1922
3 1900 1901 1924
3 1924 1901 1925
3 1924 1443 1444
3 1903 1924 1444
3 1900 1924 1903
3 1903 1444 1445
3 1926 1903 1445
3 1904 1903 1926
3 1904 1927 1905
3 1904 1926 1927
3 1905 1928 1906
3 1905 1927 1928
3 1906 1929 1908
3 1906 1928 1929
3 1908 1930 1910
3 1908 1929 1930
3 1910 1931 1911
3 1910 1930 1931
3 1911 1932 1912
3 1911 1931 1932
3 1912 1933 1913
3 1912 1932 1933
3 1933 1447 1448
3 1914 1933 1448
3 1913 1933 1914
3 1914 1448 1449
3 1914 1449 1915
3 1915 1449 1424
3 1936 1935 1934
3 1934 1935 1918
3 1916 1934 1918
3 1937 1934 1916
3 1938 1455 1454
3 1916 1938 1454
3 1937 1916 1454
3 1938 1916 1919
3 1436 1455 1920
3 1920 1455 1938
3 1941 1940 1939
3 1939 1942 1456
3 1921 1939 1456
3 1439 1921 1456
3 1939 1921 1941
3 1922 1441 1456
3 1942 1922 1456
3 1943 1922 1942
3 1923 1922 1944
3 1922 1945 1944
3 1922 1943 1945
3 1947 1946 1945
3 1945 1946 1944
3 1946 1947 1925
3 1947 1924 1925
3 1947 1948 1924
3 1949 1457 1443
3 1924 1949 1443
3 1948 1949 1924
3 1926 1445 1457
3 1949 1926 1457
3 1950 1926 1949
3 1926 1951 1927
3 1926 1950 1951
3 1927 1952 1928
3 1927 1951 1952
3 1928 1953 1929
3 1928 1952 1953
3 1929 1954 1930
3 1929 1953 1954
3 1954 1459 1460
3 1931 1954 1460
3 1930 1954 1931
3 1931 1460 1461
3 1931 1461 1932
3 1932 1461 1463
3 1932 1463 1933
3 1933 1463 1447
3 1955 1936 1934
3 1955 1957 1956
3 1955 1958 1957
3 1958 1955 1469
3 1934 1469 1955
3 1469 1934 1470
3 1957 1470 1934
3 1934 1937 1957
3 1957 1937 1956
3 1958 1470 1957
3 1956 1937 1959
3 1937 1454 1959
3 1470 1958 1959
3 1470 1959 1454
3 1939 1940 1960
3 1960 1940 1961
3 1963 1942 1962
3 1942 1960 1962
3 1942 1939 1960
3 1942 1963 1943
3 1943 1963 1964
3 1943 1964 1945
3 1945 1964 1965
3 1945 1965 1947
3 1947 1965 1966
3 1968 1967 1966
3 1967 1947 1966
3 1967 1948 1947
3 1970 1949 1969
3 1949 1967 1969
3 1949 1948 1967
3 1972 1971 1970
3 1971 1949 1970
3 1971 1950 1949
3 1950 1973 1951
3 1950 1971 1973
3 1951 1974 1952
3 1951 1973 1974
3 1952 1975 1953
3 1952 1974 1975
3 1953 1976 1954
3 1953 1975 1976
3 1977 1471 1459
3 1954 1977 1459
3 1976 1977 1954
3 1978 1472 1471
3 1978 1471 1977
3 1978 1474 1472
3 1480 1958 1469
3 1480 1482 1958
3 1482 1959 1958
3 1482 1979 1959
3 1961 1980 1960
3 1960 1980 1962
3 1968 1981 1967
3 1967 1981 1969
3 1972 1982 1971
3 1971 1982 1973
3 1973 1982 1983
3 1973 1983 1974
3 1974 1983 1984
3 1974 1984 1975
3 1975 1984 1985
3 1987 1986 1985
3 1986 1975 1985
3 1986 1976 1975
3 1989 1977 1988
3 1977 1986 1988
3 1977 1976 1986
3 1977 1989 1978
3 1978 1989 1990
3 1978 1990 1474
3 1990 1483 1474
3 1990 1991 1483
3 1483 1992 1484
3 1991 1992 1483
3 1486 1484 1992
3 1486 1992 1993
3 1493 1979 1482
3 1493 1994 1979
3 1997 1996 1995
3 1995 1998 1997
3 1987 1999 1986
3 1986 1999 1988
3 1993 2000 1486
3 1486 2000 1494
3 1494 2001 1495
3 2000 2001 1494
3 1495 2002 1496
3 2001 2002 1495
3 1498 1496 2002
3 1498 2002 2003
3 2006 2005 2004
3 1504 1505 2004
3 2005 1504 2004
3 2007 1504 2005
3 2009 2008 1507
3 1504 2009 1507
3 2007 2009 1504
3 2010 2008 2009
3 1509 1994 1493
3 1509 2011 1994
3 1995 1996 2012
3 2012 1996 2013
3 1998 1995 2014
3 2014 1995 2012
3 2003 2015 1498
3 1498 2015 1510
3 1510 2016 1511
3 2015 2016 1510
3 1513 1511 2016
3 1513 2016 2017
3 2019 2018 1516
3 2019 1516 1515
3 2018 2021 2020
3 1517 2018 2020
3 1516 2018 1517
3 2022 2006 2004
3 1517 2022 2004
3 1518 1517 2004
3 2022 1517 2020
3 1518 2004 1505
3 2008 1519 1507
3 2010 2023 2008
3 2023 1519 2008
3 2023 1521 1519
3 1522 1521 2023
3 1522 2023 2024
3 2027 2026 2025
3 2029 2028 2025
3 2029 2025 2026
3 2031 2030 2028
3 2031 2028 2029
3 2032 2030 2031
3 2035 2034 2033
3 2036 2033 2034
3 1524 2011 1509
3 1524 2037 2011
3 2040 2039 2038
3 2042 2041 2038
3 2041 2012 2038
3 2013 2040 2038
3 2013 2038 2012
3 2012 2041 2014
3 2017 2043 1513
3 1513 2043 1525
3 1525 2044 1526
3 2043 2044 1525
3 1515 1526 2019
3 2019 1526 2044
3 2021 2045 2020
3 2020 2045 2022
3 2024 2046 1522
3 1522 2046 1527
3 2025 1529 2027
3 1529 2046 2027
3 1529 1527 2046
3 1529 2025 1531
3 1531 2025 2028
3 1531 2028 1532
3 2028 2047 1532
3 2028 2030 2047
3 2030 2032 2048
3 2049 2030 2048
3 2047 2030 2049
3 2051 2050 2049
3 2051 2049 2048
3 2052 2050 2051
3 2055 2054 2053
3 2057 2056 2053
3 2057 2053 2054
3 2058 2056 2057
3 2059 2035 2033
3 2059 2033 2036
3 2062 2061 2060
3 2060 2061 2063
3 2037 2065 2064
3 2065 2037 1534
3 1524 1534 2037
3 1536 1537 2065
3 1537 2064 2065
3 1537 2066 2064
3 2067 1537 1538
3 2067 2066 1537
3 1540 2038 2039
3 2067 1540 2039
3 1538 1540 2067
3 1540 1542 2038
3 1542 2042 2038
3 1542 2068 2042
3 2047 1543 1532
3 1543 2047 1544
3 1544 2047 2049
3 1544 2049 1546
3 1546 2049 2050
3 1547 1546 2050
3 2052 1547 2050
3 2069 1547 2052
3 2055 2053 2070
3 2055 2070 2071
3 2072 2053 2056
3 2070 2053 2072
3 2056 2058 2073
3 2056 2073 2072
3 1552 2074 1553
3 1553 2075 1554
3 1553 2060 2075
3 2060 1553 2062
3 2074 2062 1553
3 2062 2074 2076
3 2075 2076 2074
3 2074 2077 2075
3 2075 2077 1554
3 2060 2076 2075
3 2063 2076 2060
3 2077 1534 1554
3 1534 2077 2065
3 2078 2065 2077
3 2078 1556 1536
3 2078 1536 2065
3 1557 2068 1542
3 1557 2079 2068
3 2069 2080 1547
3 1547 2080 1559
3 1560 1559 2080
3 1560 2080 2081
3 2071 2070 2082
3 2071 2082 2083
3 1562 2082 1563
3 2082 2072 1563
3 2082 2070 2072
3 2073 2084 2072
3 2084 1563 2072
3 2084 1564 1563
3 1566 1564 2084
3 1566 2084 2085
3 1568 2086 2074
3 1568 2074 1552
3 2088 2077 2087
3 2077 2086 2087
3 2077 2074 2086
3 2090 2089 2088
3 2089 2077 2088
3 2089 2078 2077
3 2089 1570 1556
3 2089 1556 2078
3 1571 2079 1557
3 1571 2091 2079
3 2093 1572 2092
3 1572 2081 2092
3 1572 1560 2081
3 2094 2093 2092
3 2097 2096 2095
3 2095 2096 2083
3 2095 2083 2082
3 1574 2095 2082
3 1573 1574 2082
3 1573 2082 1562
3 2085 1576 1566
3 2098 1576 2085
3 2101 2100 2099
3 2100 2102 2086
3 1578 2100 2086
3 1568 1578 2086
3 2099 2100 1578
3 2086 2102 2087
3 2089 2090 2103
3 2103 2090 2104
3 2103 1579 1570
3 2103 1570 2089
3 2105 2091 1571
3 2105 1571 1580
3 1580 1582 2105
3 2105 1582 2106
3 2093 1583 1572
3 2108 2107 1584
3 2108 1584 1583
3 2094 2108 1583
3 2093 2094 1583
3 2110 2109 2107
3 2110 2107 2108
3 2109 2110 2097
3 2109 2097 2095
3 1586 2109 2095
3 1585 1586 2095
3 1585 2095 1574
3 2098 2111 1576
3 1576 2111 1587
3 2099 1588 2101
3 1588 2111 2101
3 1588 1587 2111
3 1588 2099 1578
3 2104 2112 2103
3 1579 2103 2112
3 2113 1579 2112
3 1589 1579 2113
3 1590 2115 2114
3 2106 1590 2114
3 1582 1590 2106
3 2115 2116 2114
3 2107 1591 1584
3 1591 2107 1592
3 1592 2107 2109
3 1592 2109 1586
3 2113 2117 1589
3 1589 2117 1593
3 1594 1593 2117
3 1594 2117 2118
3 1595 2115 1590
3 2120 2119 1597
3 1597 2119 1595
3 2119 2116 1595
3 2116 2115 1595
3 2122 2121 2120
3 2120 2121 2119
3 2122 2123 2121
3 2118 2124 1594
3 1594 2124 1598
3 1599 1598 2124
3 1599 2124 2125
3 1601 2120 1597
3 2120 1601 1603
3 2120 1603 2122
3 2127 2126 1605
3 1605 2126 1603
3 2126 2123 1603
3 2123 2122 1603
3 2127 2128 2126
3 2131 2130 2129
3 2129 2132 2131
3 2125 1607 1599
3 2133 1607 2125
3 1610 2134 2127
3 1610 2127 1605
3 2128 2127 2135
3 2127 2136 2135
3 2127 2134 2136
3 2138 2137 2136
3 2136 2137 2135
3 2140 2139 2138
3 2138 2139 2137
3 1612 1613 2140
3 1613 2139 2140
3 1613 2141 2139
3 1614 2129 2130
3 2141 1614 2130
3 1613 1614 2141
3 1614 1616 2129
3 1616 2132 2129
3 1616 2142 2132
3 2133 2143 1607
3 1607 2143 1617
3 1618 1617 2143
3 1618 2143 2144
3 1621 2134 1610
3 2134 1621 1623
3 2134 1623 2136
3 2136 1623 1625
3 2136 1625 2138
3 2138 1625 1627
3 2138 1627 2140
3 2140 1627 1612
3 1629 2142 1616
3 1629 2145 2142
3 2144 1630 1618
3 2146 1630 2144
3 2148 2147 1631
3 2148 1631 1632
3 1629 1631 2145
3 2145 1631 2147
3 2146 1633 1630
3 2149 1633 2146
3 1634 2148 1632
3 1634 2150 2148
3 2149 1635 1633
3 2151 1635 2149
3 1636 2153 2152
3 2150 1636 2152
3 1634 1636 2150
3 2153 2154 2152
3 1637 1635 2155
3 1635 2156 2155
3 1635 2151 2156
3 2155 1638 1637
3 1639 2153 1636
3 1639 1641 2153
3 1641 2154 2153
3 1641 2157 2154
3 2156 2158 2155
3 1638 2155 2158
3 2159 1638 2158
3 1642 1638 2159
3 1643 2161 2160
3 2157 1643 2160
3 1641 1643 2157
3 2161 2162 2160
3 2159 1645 1642
3 2163 1645 2159
3 1646 2161 1643
3 2164 2162 2161
3 1646 2164 2161
3 1648 2164 1646
3 2166 2165 1650
3 2165 1648 1650
3 2165 2164 1648
3 2166 2167 2165
3 2170 2169 2168
3 2172 2171 2168
3 2168 2171 2170
3 2172 2173 2171
3 2163 1651 1645
3 2174 1651 2163
3 1653 2166 1650
3 2175 2167 2166
3 1653 2175 2166
3 1655 2175 1653
3 1657 2168 2169
3 2175 1657 2169
3 1655 1657 2175
3 2168 1657 1659
3 2168 1659 2172
3 2177 2176 1661
3 1661 2176 1659
3 2176 2173 1659
3 2173 2172 1659
3 2177 2178 2176
3 2179 1663 1664
3 2180 2179 1664
3 1651 2180 1664
3 2174 2180 1651
3 1670 2177 1661
3 2181 2178 2177
3 1670 2181 2177
3 1672 2181 1670
3 2183 2182 1674
3 2182 1672 1674
3 2182 2181 1672
3 2185 2184 2183
3 2183 2184 2182
3 2179 1675 1663
3 1676 1675 2179
3 2180 1676 2179
3 2186 1676 2180
3 1677 2183 1674
3 2185 2183 2187
3 2183 1679 2187
3 1679 2188 2187
3 1679 2183 1677
3 2186 1680 1676
3 2189 1680 2186
3 2191 2190 1681
3 2191 1681 1682
3 1679 1681 2188
3 2188 1681 2190
3 2189 1683 1680
3 2192 1683 2189
3 2194 2193 1684
3 2194 1684 1685
3 1682 1684 2191
3 2191 1684 2193
3 2197 2196 2195
3 2192 2197 2195
3 1686 2192 2195
3 1683 2192 1686
3 2199 2198 1687
3 2199 1687 1688
3 1685 1687 2194
3 2194 1687 2198
3 2200 1689 1690
3 1691 2201 1690
3 1690 2201 2200
3 1692 2201 1691
3 2202 1696 1697
3 1689 2200 1697
3 2200 2202 1697
3 2200 2203 2202
3 2201 2205 2204
3 2203 2201 2204
3 2200 2201 2203
3 2201 1692 2205
3 1692 2206 2205
3 1692 1699 2206
3 2207 1701 1702
3 1703 2207 1702
3 2208 1706 2202
3 2202 1706 1696
3 2209 2202 2203
3 2208 2202 2209
3 2203 2204 2210
3 2203 2210 2209
3 1699 1707 2211
3 2212 1699 2211
3 2206 1699 2212
3 1708 2211 1707
3 2213 1710 1711
3 1701 2207 1711
3 2207 2213 1711
3 2207 2214 2213
3 1712 2215 1703
3 2215 2207 1703
3 2215 2214 2207
3 1713 2216 1712
3 1712 2216 2215
3 1706 2208 1713
3 2208 2216 1713
3 2208 2217 2216
3 2218 2208 2209
3 2217 2208 2218
3 2209 2210 2219
3 2220 2209 2219
3 2218 2209 2220
3 2220 2219 2212
3 2211 2220 2212
3 2221 2220 2211
3 1714 2221 1708
3 1708 2221 2211
3 2222 1716 1717
3 1710 2213 1717
3 2213 2222 1717
3 2213 2223 2222
3 2224 2213 2214
3 2223 2213 2224
3 2225 2214 2215
3 2224 2214 2225
3 2226 2215 2216
3 2225 2215 2226
3 2227 2216 2217
3 2226 2216 2227
3 2228 2217 2218
3 2227 2217 2228
3 2229 2218 2220
3 2228 2218 2229
3 2230 2220 2221
3 2229 2220 2230
3 1718 2231 1714
3 2231 2221 1714
3 2231 2230 2221
3 1719 2231 1718
3 2233 2232 1722
3 1722 2232 1721
3 1722 1723 2233
3 2233 1723 2234
3 2236 2235 1726
3 1726 2235 1725
3 1726 1716 2222
3 2237 1726 2222
3 2236 1726 2237
3 2239 2238 2237
3 2222 2239 2237
3 2223 2239 2222
3 2240 2223 2224
3 2239 2223 2240
3 2241 2224 2225
3 2240 2224 2241
3 2242 2225 2226
3 2241 2225 2242
3 2243 2226 2227
3 2242 2226 2243
3 2244 2227 2228
3 2243 2227 2244
3 2245 2228 2229
3 2244 2228 2245
3 2246 2229 2230
3 2245 2229 2246
3 2247 2230 2231
3 2246 2230 2247
3 1727 2247 1719
3 1719 2247 2231
3 2248 1729 1730
3 2249 2248 1730
3 1721 2249 1730
3 2232 2249 1721
3 1732 2234 1723
3 1732 2250 2234
3 2251 1733 1734
3 2252 2251 1734
3 1725 2252 1734
3 2235 2252 1725
3 2238 2239 2253
3 2238 2253 2254
3 2255 2239 2240
3 2253 2239 2255
3 2256 2240 2241
3 2255 2240 2256
3 2257 2241 2242
3 2256 2241 2257
3 2258 2242 2243
3 2257 2242 2258
3 2259 2243 2244
3 2258 2243 2259
3 2260 2244 2245
3 2259 2244 2260
3 1737 2260 1736
3 2260 2246 1736
3 2260 2245 2246
3 1736 2246 1739
3 1739 2246 2247
3 1739 2247 1727
3 2261 1741 1742
3 1729 2248 1742
3 2248 2261 1742
3 2248 2262 2261
3 2248 2249 2263
3 2248 2263 2262
3 2264 2250 1732
3 2264 1732 1744
3 1744 1745 2264
3 2264 1745 2265
3 2266 1748 2251
3 2251 1748 1733
3 2251 2252 2267
3 2268 2251 2267
3 2266 2251 2268
3 2270 2269 2268
3 2270 2268 2267
3 2269 2270 2254
3 2253 2269 2254
3 2271 2269 2253
3 2272 2253 2255
3 2271 2253 2272
3 1751 2272 1750
3 2272 2256 1750
3 2272 2255 2256
3 1750 2256 1752
3 2256 2273 1752
3 2256 2257 2273
3 2274 2257 2258
3 2273 2257 2274
3 2259 2276 2275
3 2274 2259 2275
3 2258 2259 2274
3 2278 2277 2276
3 2259 2278 2276
3 2260 2278 2259
3 1754 2278 1737
3 1737 2278 2260
3 2279 1756 2261
3 2261 1756 1741
3 2280 2261 2262
3 2279 2261 2280
3 2262 2263 2281
3 2262 2281 2280
3 2284 2283 2282
3 2283 2265 2282
3 2265 1758 2282
3 2265 1745 1758
3 2285 1760 2266
3 2266 1760 1748
3 2286 2266 2268
3 2285 2266 2286
3 2287 2268 2269
3 2286 2268 2287
3 2288 2269 2271
3 2287 2269 2288
3 2289 2271 2272
3 2288 2271 2289
3 1761 2290 1751
3 2290 2272 1751
3 2290 2289 2272
3 1752 2273 1761
3 2273 2290 1761
3 2273 2291 2290
3 2274 2293 2292
3 2291 2274 2292
3 2273 2274 2291
3 2293 2274 2275
3 2277 2278 1763
3 1764 2277 1763
3 2294 2277 1764
3 1763 2278 1754
3 2279 1765 1756
3 1765 2279 1767
3 2279 2295 1767
3 2279 2280 2295
3 2280 2281 2296
3 2280 2296 2295
3 2284 2282 2297
3 2284 2297 2298
3 1769 2297 1758
3 1758 2297 2282
3 2299 1772 2285
3 2285 1772 1760
3 2300 2285 2286
3 2299 2285 2300
3 2301 2286 2287
3 2300 2286 2301
3 2302 2287 2288
3 2301 2287 2302
3 2289 2304 2303
3 2302 2289 2303
3 2288 2289 2302
3 2306 2305 2304
3 2289 2306 2304
3 2290 2306 2289
3 2307 2290 2291
3 2306 2290 2307
3 2291 2292 2308
3 2291 2308 2307
3 2311 2310 2309
3 2310 2294 2309
3 2294 1773 2309
3 2294 1764 1773
3 2312 1775 2295
3 2295 1775 1767
3 2295 2296 2313
3 2314 2295 2313
3 2312 2295 2314
3 2314 2313 2298
3 2297 2314 2298
3 2315 2314 2297
3 1777 2315 1769
3 1769 2315 2297
3 2316 1780 1781
3 1782 2317 1781
3 1781 2317 2316
3 1772 2299 1782
3 2299 2317 1782
3 2299 2318 2317
3 2319 2299 2300
3 2318 2299 2319
3 2320 2300 2301
3 2319 2300 2320
3 2302 2322 2321
3 2320 2302 2321
3 2301 2302 2320
3 2322 2302 2303
3 2323 2305 2306
3 2325 2324 2323
3 2306 2325 2323
3 2307 2325 2306
3 2307 2308 2326
3 2327 2307 2326
3 2325 2307 2327
3 2327 2326 2311
3 2309 2327 2311
3 2328 2327 2309
3 1783 2328 1773
3 1773 2328 2309
3 2331 2330 2329
3 2329 2332 2331
3 2333 1785 2312
3 2312 1785 1775
3 2334 2312 2314
3 2333 2312 2334
3 2335 2314 2315
3 2334 2314 2335
3 1786 2336 1777
3 2336 2315 1777
3 2336 2335 2315
3 1780 2316 1786
3 2316 2336 1786
3 2316 2337 2336
3 2317 2339 2338
3 2337 2317 2338
3 2316 2317 2337
3 2339 2317 2318
3 2339 2318 2340
3 2342 2341 2340
3 2318 2342 2340
3 2319 2342 2318
3 2343 2319 2320
3 2342 2319 2343
3 2320 2321 2344
3 2320 2344 2343
3 2324 2325 2345
3 2324 2345 2346
3 2347 2325 2327
3 2345 2325 2347
3 1788 2347 1787
3 2347 2328 1787
3 2347 2327 2328
3 1787 2328 1783
3 2350 2349 2348
3 2350 2348 2330
3 2330 2348 2329
3 2348 1790 2329
3 1790 1791 2329
3 2352 2351 1792
3 1792 2351 1791
3 2351 2332 1791
3 2332 2329 1791
3 2352 2353 2351
3 2356 2355 2354
3 2358 2357 2354
3 2354 2357 2356
3 2358 2359 2357
3 2360 1793 2333
3 2333 1793 1785
3 2334 2362 2361
3 2360 2334 2361
3 2333 2334 2360
3 2362 2334 2335
3 2362 2335 2363
3 2363 2335 2336
3 2363 2336 2364
3 2364 2336 2337
3 2364 2337 2365
3 2365 2337 2338
3 2366 2341 2342
3 2368 2367 2366
3 2342 2368 2366
3 2343 2368 2342
3 2343 2344 2369
3 2343 2369 2368
3 2346 2345 2370
3 2346 2370 2371
3 1796 2370 1795
3 2370 2347 1795
3 2370 2345 2347
3 1795 2347 1788
3 2348 2349 2372
3 2372 2349 2373
3 2372 1798 1790
3 2372 1790 2348
3 1799 2374 2352
3 1799 2352 1792
3 2353 2352 2375
3 2375 2352 2374
3 2354 2355 2376
3 2376 2355 2377
3 2354 2378 2358
3 2354 2376 2378
3 2359 2358 2379
3 2379 2358 2378
3 2381 2380 1802
3 1802 2380 1801
3 2382 1802 1803
3 2382 2381 1802
3 2383 1803 1805
3 2383 2382 1803
3 2384 1805 1806
3 2384 2383 1805
3 2385 1806 1807
3 2385 2384 1806
3 1807 1808 2385
3 2385 1808 2386
3 2388 2387 2360
3 2387 1793 2360
3 2387 1809 1793
3 2388 2360 2361
3 2367 2368 2389
3 2367 2389 2390
3 2368 2369 2391
3 2368 2391 2389
3 2371 2370 1811
3 1812 2371 1811
3 2392 2371 1812
3 1811 2370 1796
3 2373 2393 2372
3 1798 2372 2393
3 2394 1798 2393
3 1814 1798 2394
3 1815 2395 2374
3 1815 2374 1799
3 2375 2374 2396
3 2396 2374 2395
3 2399 2398 2397
3 2399 2397 2377
3 2397 2376 2377
3 2397 2400 2376
3 2376 2401 2378
3 2376 2400 2401
3 2379 2378 2402
3 2402 2378 2401
3 2403 1816 1817
3 2404 2403 1817
3 1801 2404 1817
3 2380 2404 1801
3 2405 2386 1808
3 2405 1808 1818
3 1818 1820 2405
3 2405 1820 2406
3 2408 2407 1822
3 1822 2407 1821
3 1822 1809 2387
3 1822 2387 2408
3 2390 2389 2409
3 2390 2409 2410
3 2389 2391 2411
3 2412 2389 2411
3 2409 2389 2412
3 2413 2412 2411
3 2416 2415 2414
3 2415 2392 2414
3 2392 1823 2414
3 2392 1812 1823
3 2419 2418 2417
3 2394 2419 2417
3 1825 2394 2417
3 1814 2394 1825
3 1826 2395 1815
3 2421 2420 1828
3 1828 2420 1826
3 2420 2396 1826
3 2396 2395 1826
3 2423 2422 2421
3 2421 2422 2420
3 2425 2424 2423
3 2423 2424 2422
3 2427 2426 2425
3 2425 2426 2424
3 2429 2428 2427
3 2427 2428 2426
3 2428 2429 2398
3 2398 2429 2397
3 2429 1830 2397
3 1830 1831 2397
3 2397 1831 1832
3 2430 2397 1832
3 2400 2397 2430
3 2400 2431 2401
3 2400 2430 2431
3 2402 2401 2432
3 2401 2433 2432
3 2401 2431 2433
3 2433 2434 2432
3 2437 2436 2435
3 2435 2438 2437
3 2440 2439 1835
3 1835 2439 1834
3 2441 1835 1836
3 2441 2440 1835
3 2442 1836 1837
3 2442 2441 1836
3 2443 1837 1838
3 2443 2442 1837
3 1838 1816 2403
3 2444 1838 2403
3 2443 1838 2444
3 2444 2403 2404
3 2445 2406 1820
3 2445 1820 1839
3 2447 2445 2446
3 2445 1840 2446
3 2445 1839 1840
3 1842 2446 1840
3 2449 2448 1846
3 1846 2448 1845
3 1846 1821 2407
3 1846 2407 2449
3 2452 2451 2450
3 2454 2453 2450
3 2454 2450 2451
3 2453 2454 2410
3 2453 2410 2409
3 1849 2453 2409
3 1848 1849 2409
3 1848 2409 1851
3 1851 2409 2412
3 2456 2455 1852
3 2456 1852 1851
3 2413 2456 1851
3 2412 2413 1851
3 2455 2456 2416
3 2455 2416 2414
3 1855 2455 2414
3 1854 1855 2414
3 1854 2414 1823
3 2459 2458 2457
3 1857 1858 2457
3 1858 2459 2457
3 1858 2460 2459
3 1859 2417 2418
3 2460 1859 2418
3 1858 1859 2460
3 2417 1859 1825
3 1863 2461 2421
3 1863 2421 1828
3 2421 2462 2423
3 2421 2461 2462
3 2462 1865 1866
3 2425 2462 1866
3 2423 2462 2425
3 2425 1866 1867
3 2425 1867 2427
3 2427 1867 1869
3 2427 1869 2429
3 2429 1869 1830
3 1872 2430 1832
3 2430 1872 1874
3 2430 1874 2431
3 2431 1874 1876
3 2431 1876 2433
3 2463 2434 2433
3 1876 2463 2433
3 1878 2463 1876
3 2464 1878 1880
3 2464 2463 1878
3 2465 1880 1882
3 2465 2464 1880
3 1884 2435 2436
3 2465 1884 2436
3 1882 1884 2465
3 2466 2438 2435
3 1884 2466 2435
3 1885 2466 1884
3 1885 1834 2439
3 1885 2439 2466
3 2467 2447 2446
3 2467 2446 1842
3 1886 2467 1842
3 2468 2467 1886
3 2469 1886 1887
3 2469 2468 1886
3 2470 1887 1888
3 2470 2469 1887
3 1888 1845 2448
3 1888 2448 2470
3 2473 2472 2471
3 2475 2474 2471
3 2475 2471 2472
3 2477 2476 2474
3 2477 2474 2475
3 2479 2478 2476
3 2479 2476 2477
3 2478 2479 2452
3 2478 2452 2450
3 1891 2478 2450
3 1890 1891 2450
3 1890 2450 1892
3 1892 2450 2453
3 1892 2453 1849
3 2455 1893 1852
3 1893 2455 1855
3 2481 2480 1896
3 1896 2480 1895
3 2482 1896 1897
3 2482 2481 1896
3 1897 1899 2482
3 2482 1899 2483
3 2486 2485 2484
3 2486 2484 2458
3 2458 2484 2457
3 2484 1901 2457
3 1901 1902 2457
3 2457 1902 1857
3 1907 2461 1863
3 2461 1907 1909
3 2461 1909 2462
3 2462 1909 1865
3 2473 2471 2487
3 2473 2487 2488
3 2489 2471 2474
3 2487 2471 2489
3 1918 2489 1917
3 2489 2476 1917
3 2489 2474 2476
3 1917 2476 1919
3 2476 2490 1919
3 2476 2478 2490
3 1920 2490 1891
3 1891 2490 2478
3 2493 2492 2491
3 2480 2493 2491
3 1921 2480 2491
3 1895 2480 1921
3 1923 2495 2494
3 2483 1923 2494
3 1899 1923 2483
3 2494 2495 2485
3 2495 2484 2485
3 2495 2496 2484
3 2496 1925 1901
3 2496 1901 2484
3 2499 2498 2497
3 2500 2497 2498
3 2488 2487 2501
3 2488 2501 2502
3 1936 2501 1935
3 2501 2489 1935
3 2501 2487 2489
3 1935 2489 1918
3 2490 1938 1919
3 1938 2490 1920
3 2491 2492 1941
3 2492 1940 1941
3 2492 2503 1940
3 2491 1941 1921
3 2506 2505 2504
3 2508 2507 2505
3 2507 2495 2505
3 1923 2505 2495
3 2505 1923 2504
3 1944 2504 1923
3 2504 1944 2507
3 2507 2509 2504
3 2508 2509 2507
3 2507 1944 2495
3 1946 2510 1944
3 1946 2509 2510
3 2509 1946 2511
3 2496 2511 1946
3 2511 2496 2508
3 2510 2508 2496
3 2496 2495 2510
3 2510 2495 1944
3 2509 2508 2510
3 2496 1946 1925
3 2499 2497 2512
3 2499 2512 2513
3 2497 2500 2514
3 2497 2514 2512
3 2502 2501 2515
3 2502 2515 2516
3 1955 2517 1936
3 2517 2501 1936
3 2517 2515 2501
3 1956 2518 1955
3 1955 2518 2517
3 1959 2518 1956
3 2520 1961 2519
3 1961 2503 2519
3 1961 1940 2503
3 1963 1962 2520
3 2519 1963 2520
3 2521 1963 2519
3 2504 1964 2506
3 1964 2521 2506
3 1964 1963 2521
3 1964 2504 1965
3 1965 2504 2509
3 2511 2522 2509
3 2522 1965 2509
3 2522 1966 1965
3 1968 1966 2522
3 1968 2522 2523
3 1969 2524 1970
3 2524 1972 1970
3 2527 2526 2525
3 2529 2528 2525
3 2529 2525 2526
3 2530 2528 2529
3 2513 2512 2531
3 2513 2531 2532
3 2512 2514 2533
3 2512 2533 2531
3 2516 2515 2534
3 2516 2534 2535
3 2536 2515 2517
3 2534 2515 2536
3 2537 2517 2518
3 2536 2517 2537
3 1979 2537 1959
3 1959 2537 2518
3 2520 1980 1961
3 1980 2520 1962
3 2523 2538 1968
3 1968 2538 1981
3 1969 1981 2524
3 1981 2539 2524
3 1981 2538 2539
3 2524 2539 1972
3 2539 1982 1972
3 2539 2540 1982
3 2540 2542 2541
3 1983 2540 2541
3 1982 2540 1983
3 2543 1984 1983
3 2543 1983 2541
3 1984 2543 2544
3 2545 1984 2544
3 1985 1984 2545
3 1987 1985 2545
3 1987 2545 2546
3 2548 2547 1989
3 2548 1989 1988
3 2525 1990 2527
3 1990 2547 2527
3 1990 1989 2547
3 1990 2525 1991
3 1991 2525 2528
3 2530 2549 2528
3 2549 1991 2528
3 2549 1992 1991
3 2551 2550 1993
3 1992 2551 1993
3 2549 2551 1992
3 2552 2550 2551
3 2532 2531 2553
3 2532 2553 2554
3 2531 2533 2555
3 2556 2531 2555
3 2553 2531 2556
3 2558 2557 2556
3 2558 2556 2555
3 2559 2557 2558
3 2535 2534 2560
3 2535 2560 2561
3 2562 2534 2536
3 2560 2534 2562
3 2563 2536 2537
3 2562 2536 2563
3 1994 2563 1979
3 1979 2563 2537
3 2564 1996 1997
3 1998 2564 1997
3 2542 2565 2541
3 2541 2565 2543
3 2543 2565 2566
3 2543 2566 2544
3 1999 1987 2567
3 1987 2568 2567
3 1987 2546 2568
3 2567 2569 1999
3 2569 1988 1999
3 2569 2548 1988
3 2550 2000 1993
3 2552 2570 2550
3 2570 2000 2550
3 2570 2001 2000
3 2001 2571 2002
3 2570 2571 2001
3 2573 2572 2003
3 2002 2573 2003
3 2571 2573 2002
3 2575 2574 2572
3 2575 2572 2573
3 2576 2574 2575
3 2554 2553 2577
3 2554 2577 2578
3 2006 2577 2005
3 2577 2556 2005
3 2577 2553 2556
3 2005 2556 2007
3 2007 2556 2557
3 2559 2579 2557
3 2579 2007 2557
3 2579 2009 2007
3 2581 2580 2010
3 2009 2581 2010
3 2579 2581 2009
3 2583 2582 2580
3 2583 2580 2581
3 2584 2582 2583
3 2587 2586 2585
3 2588 2585 2586
3 2591 2590 2589
3 2593 2592 2589
3 2593 2589 2590
3 2592 2593 2561
3 2560 2592 2561
3 2594 2592 2560
3 2595 2560 2562
3 2594 2560 2595
3 2596 2562 2563
3 2595 2562 2596
3 2011 2596 1994
3 1994 2596 2563
3 2597 2013 2564
3 2564 2013 1996
3 2014 2597 1998
3 1998 2597 2564
3 2568 2598 2567
3 2567 2598 2569
3 2572 2015 2003
3 2015 2572 2016
3 2016 2572 2574
3 2600 2599 2017
3 2600 2017 2016
3 2576 2600 2016
3 2574 2576 2016
3 2602 2601 2599
3 2602 2599 2600
3 2018 2019 2601
3 2602 2018 2601
3 2603 2018 2602
3 2577 2604 2021
3 2603 2577 2021
3 2018 2603 2021
3 2578 2577 2603
3 2022 2604 2006
3 2006 2604 2577
3 2580 2023 2010
3 2023 2580 2024
3 2580 2605 2024
3 2580 2582 2605
3 2606 2026 2027
3 2582 2606 2027
3 2605 2582 2027
3 2606 2582 2584
3 2585 2029 2587
3 2029 2606 2587
3 2029 2026 2606
3 2588 2607 2585
3 2607 2029 2585
3 2607 2031 2029
3 2609 2608 2032
3 2031 2609 2032
3 2607 2609 2031
3 2611 2610 2608
3 2611 2608 2609
3 2613 2612 2610
3 2613 2610 2611
3 2614 2612 2613
3 2617 2616 2615
3 2619 2618 2615
3 2619 2615 2616
3 2621 2620 2618
3 2621 2618 2619
3 2620 2621 2591
3 2589 2620 2591
3 2622 2620 2589
3 2035 2622 2034
3 2622 2592 2034
3 2622 2589 2592
3 2034 2592 2036
3 2592 2623 2036
3 2592 2594 2623
3 2624 2594 2595
3 2623 2594 2624
3 2625 2595 2596
3 2624 2595 2625
3 2037 2625 2011
3 2011 2625 2596
3 2626 2039 2040
3 2040 2013 2626
3 2013 2597 2626
3 2041 2042 2626
3 2041 2626 2597
3 2041 2597 2014
3 2599 2043 2017
3 2043 2599 2044
3 2044 2599 2601
3 2044 2601 2019
3 2604 2045 2021
3 2045 2604 2022
3 2605 2046 2024
3 2046 2605 2027
3 2608 2048 2032
3 2048 2608 2051
3 2051 2608 2610
3 2051 2610 2052
3 2610 2627 2052
3 2610 2612 2627
3 2612 2614 2628
3 2629 2612 2628
3 2627 2612 2629
3 2631 2630 2629
3 2631 2629 2628
3 2633 2632 2630
3 2633 2630 2631
3 2632 2633 2617
3 2615 2632 2617
3 2634 2632 2615
3 2055 2634 2054
3 2634 2618 2054
3 2634 2615 2618
3 2054 2618 2057
3 2057 2618 2620
3 2057 2620 2058
3 2620 2635 2058
3 2620 2622 2635
3 2059 2636 2035
3 2636 2622 2035
3 2636 2635 2622
3 2036 2623 2059
3 2623 2636 2059
3 2623 2637 2636
3 2638 2623 2624
3 2637 2623 2638
3 2062 2638 2061
3 2638 2625 2061
3 2638 2624 2625
3 2063 2061 2639
3 2061 2625 2639
3 2037 2064 2639
3 2037 2639 2625
3 2066 2640 2064
3 2064 2640 2639
3 2640 2066 2641
3 2066 2642 2641
3 2066 2067 2642
3 2642 2067 2039
3 2643 2642 2039
3 2626 2643 2039
3 2642 2643 2644
3 2068 2643 2042
3 2042 2643 2626
3 2645 2069 2627
3 2627 2069 2052
3 2629 2647 2646
3 2645 2629 2646
3 2627 2629 2645
3 2647 2629 2630
3 2647 2630 2648
3 2648 2630 2632
3 2648 2632 2649
3 2651 2650 2649
3 2632 2651 2649
3 2634 2651 2632
3 2071 2651 2055
3 2055 2651 2634
3 2652 2073 2635
3 2635 2073 2058
3 2636 2654 2653
3 2652 2636 2653
3 2635 2636 2652
3 2654 2636 2637
3 2654 2637 2655
3 2657 2656 2655
3 2637 2657 2655
3 2638 2657 2637
3 2076 2658 2062
3 2658 2638 2062
3 2658 2657 2638
3 2063 2639 2076
3 2639 2658 2076
3 2639 2659 2658
3 2640 2661 2660
3 2659 2640 2660
3 2639 2640 2659
3 2661 2640 2641
3 2662 2644 2643
3 2643 2068 2662
3 2068 2663 2662
3 2068 2079 2663
3 2645 2080 2069
3 2665 2664 2081
3 2665 2081 2080
3 2646 2665 2080
3 2645 2646 2080
3 2666 2664 2665
3 2650 2651 2667
3 2650 2667 2668
3 2083 2667 2071
3 2071 2667 2651
3 2652 2084 2073
3 2085 2084 2652
3 2653 2085 2652
3 2669 2085 2653
3 2656 2657 2670
3 2656 2670 2671
3 2087 2670 2088
3 2670 2658 2088
3 2670 2657 2658
3 2658 2659 2672
3 2090 2658 2672
3 2673 2090 2672
3 2658 2090 2088
3 2672 2659 2660
3 2091 2663 2079
3 2091 2674 2663
3 2664 2092 2081
3 2676 2675 2094
3 2676 2094 2092
3 2666 2676 2092
3 2664 2666 2092
3 2678 2677 2675
3 2678 2675 2676
3 2677 2678 2668
3 2677 2668 2667
3 2097 2677 2667
3 2096 2097 2667
3 2096 2667 2083
3 2680 2098 2679
3 2098 2669 2679
3 2098 2085 2669
3 2100 2101 2680
3 2679 2100 2680
3 2681 2100 2679
3 2670 2102 2671
3 2102 2681 2671
3 2102 2100 2681
3 2102 2670 2087
3 2683 2104 2682
3 2104 2673 2682
3 2104 2090 2673
3 2684 2683 2682
3 2685 2674 2091
3 2685 2091 2105
3 2105 2106 2685
3 2685 2106 2686
3 2675 2108 2094
3 2108 2675 2110
3 2110 2675 2677
3 2110 2677 2097
3 2680 2111 2098
3 2111 2680 2101
3 2683 2112 2104
3 2688 2687 2113
3 2688 2113 2112
3 2684 2688 2112
3 2683 2684 2112
3 2689 2687 2688
3 2690 2686 2106
3 2690 2106 2114
3 2114 2116 2690
3 2690 2116 2691
3 2687 2117 2113
3 2118 2117 2687
3 2689 2118 2687
3 2692 2118 2689
3 2693 2691 2116
3 2693 2116 2119
3 2694 2119 2121
3 2694 2693 2119
3 2121 2123 2694
3 2694 2123 2695
3 2692 2696 2118
3 2118 2696 2124
3 2125 2124 2696
3 2125 2696 2697
3 2123 2126 2698
3 2699 2123 2698
3 2695 2123 2699
3 2128 2698 2126
3 2700 2130 2131
3 2132 2700 2131
3 2702 2133 2701
3 2133 2697 2701
3 2133 2125 2697
3 2703 2702 2701
3 2704 2699 2698
3 2704 2698 2128
3 2135 2704 2128
3 2705 2704 2135
3 2706 2135 2137
3 2706 2705 2135
3 2707 2137 2139
3 2707 2706 2137
3 2708 2139 2141
3 2708 2707 2139
3 2141 2130 2700
3 2709 2141 2700
3 2708 2141 2709
3 2700 2132 2709
3 2132 2710 2709
3 2132 2142 2710
3 2702 2143 2133
3 2144 2143 2702
3 2703 2144 2702
3 2711 2144 2703
3 2714 2713 2712
3 2713 2710 2712
3 2710 2145 2712
3 2710 2142 2145
3 2711 2146 2144
3 2715 2146 2711
3 2714 2712 2147
3 2148 2714 2147
3 2716 2714 2148
3 2147 2712 2145
3 2715 2149 2146
3 2717 2149 2715
3 2150 2716 2148
3 2150 2718 2716
3 2717 2151 2149
3 2719 2151 2717
3 2720 2718 2150
3 2720 2150 2152
3 2152 2154 2720
3 2720 2154 2721
3 2723 2156 2722
3 2156 2719 2722
3 2156 2151 2719
3 2724 2723 2722
3 2157 2721 2154
3 2157 2725 2721
3 2723 2158 2156
3 2159 2158 2723
3 2724 2159 2723
3 2726 2159 2724
3 2727 2725 2157
3 2727 2157 2160
3 2729 2728 2162
3 2728 2160 2162
3 2728 2727 2160
3 2729 2730 2728
3 2726 2163 2159
3 2731 2163 2726
3 2164 2729 2162
3 2732 2730 2729
3 2164 2732 2729
3 2165 2732 2164
3 2734 2733 2167
3 2733 2165 2167
3 2733 2732 2165
3 2169 2170 2734
3 2170 2733 2734
3 2170 2735 2733
3 2736 2170 2171
3 2736 2735 2170
3 2171 2173 2736
3 2736 2173 2737
3 2740 2739 2738
3 2731 2740 2738
3 2174 2731 2738
3 2163 2731 2174
3 2175 2734 2167
3 2734 2175 2169
3 2741 2737 2173
3 2741 2173 2176
3 2743 2742 2178
3 2742 2176 2178
3 2742 2741 2176
3 2743 2744 2742
3 2739 2745 2738
3 2174 2738 2745
3 2746 2174 2745
3 2180 2174 2746
3 2181 2743 2178
3 2747 2744 2743
3 2181 2747 2743
3 2182 2747 2181
3 2748 2182 2184
3 2748 2747 2182
3 2746 2186 2180
3 2749 2186 2746
3 2751 2750 2187
3 2751 2187 2188
3 2749 2189 2186
3 2752 2189 2749
3 2754 2753 2190
3 2754 2190 2191
3 2188 2190 2751
3 2751 2190 2753
3 2752 2192 2189
3 2755 2192 2752
3 2757 2756 2193
3 2757 2193 2194
3 2191 2193 2754
3 2754 2193 2756
3 2758 2196 2197
3 2759 2758 2197
3 2192 2759 2197
3 2755 2759 2192
3 2761 2760 2198
3 2761 2198 2199
3 2194 2198 2757
3 2757 2198 2760
3 2762 2204 2205
3 2206 2762 2205
3 2763 2210 2762
3 2762 2210 2204
3 2212 2763 2206
3 2206 2763 2762
3 2763 2219 2210
3 2219 2763 2212
3 2764 2232 2233
3 2234 2764 2233
3 2765 2235 2236
3 2237 2766 2236
3 2236 2766 2765
3 2238 2766 2237
3 2767 2249 2764
3 2764 2249 2232
3 2250 2767 2234
3 2234 2767 2764
3 2768 2252 2765
3 2765 2252 2235
3 2769 2765 2766
3 2768 2765 2769
3 2254 2769 2238
3 2238 2769 2766
3 2770 2263 2767
3 2767 2263 2249
3 2264 2771 2250
3 2771 2767 2250
3 2771 2770 2767
3 2265 2771 2264
3 2768 2267 2252
3 2267 2768 2270
3 2270 2768 2769
3 2270 2769 2254
3 2772 2275 2276
3 2277 2772 2276
3 2773 2281 2770
3 2770 2281 2263
3 2284 2773 2283
3 2773 2771 2283
3 2773 2770 2771
3 2283 2771 2265
3 2774 2292 2293
3 2275 2772 2293
3 2772 2774 2293
3 2772 2775 2774
3 2294 2775 2277
3 2277 2775 2772
3 2776 2296 2773
3 2773 2296 2281
3 2298 2776 2284
3 2284 2776 2773
3 2777 2303 2304
3 2305 2777 2304
3 2778 2308 2774
3 2774 2308 2292
3 2311 2778 2310
3 2778 2775 2310
3 2778 2774 2775
3 2310 2775 2294
3 2776 2313 2296
3 2313 2776 2298
3 2779 2321 2322
3 2303 2777 2322
3 2777 2779 2322
3 2777 2780 2779
3 2323 2781 2305
3 2781 2777 2305
3 2781 2780 2777
3 2324 2781 2323
3 2778 2326 2308
3 2326 2778 2311
3 2782 2330 2331
3 2332 2782 2331
3 2783 2338 2339
3 2340 2784 2339
3 2339 2784 2783
3 2341 2784 2340
3 2785 2344 2779
3 2779 2344 2321
3 2786 2779 2780
3 2785 2779 2786
3 2787 2780 2781
3 2786 2780 2787
3 2346 2787 2324
3 2324 2787 2781
3 2788 2349 2350
3 2330 2782 2350
3 2782 2788 2350
3 2782 2789 2788
3 2351 2790 2332
3 2790 2782 2332
3 2790 2789 2782
3 2353 2790 2351
3 2791 2355 2356
3 2357 2792 2356
3 2356 2792 2791
3 2359 2792 2357
3 2793 2361 2362
3 2363 2794 2362
3 2362 2794 2793
3 2364 2795 2363
3 2363 2795 2794
3 2365 2796 2364
3 2364 2796 2795
3 2797 2796 2365
3 2797 2365 2338
3 2798 2797 2338
3 2783 2798 2338
3 2800 2799 2798
3 2783 2800 2798
3 2784 2800 2783
3 2366 2801 2341
3 2801 2784 2341
3 2801 2800 2784
3 2367 2801 2366
3 2802 2369 2785
3 2785 2369 2344
3 2803 2785 2786
3 2802 2785 2803
3 2804 2786 2787
3 2803 2786 2804
3 2371 2804 2346
3 2346 2804 2787
3 2805 2373 2788
3 2788 2373 2349
3 2806 2788 2789
3 2805 2788 2806
3 2807 2789 2790
3 2806 2789 2807
3 2375 2807 2353
3 2353 2807 2790
3 2808 2377 2791
3 2791 2377 2355
3 2809 2791 2792
3 2808 2791 2809
3 2379 2809 2359
3 2359 2809 2792
3 2810 2380 2381
3 2382 2811 2381
3 2381 2811 2810
3 2383 2812 2382
3 2382 2812 2811
3 2384 2813 2383
3 2383 2813 2812
3 2385 2814 2384
3 2384 2814 2813
3 2386 2814 2385
3 2815 2387 2388
3 2361 2793 2388
3 2793 2815 2388
3 2793 2816 2815
3 2817 2793 2794
3 2816 2793 2817
3 2818 2794 2795
3 2817 2794 2818
3 2796 2820 2819
3 2818 2796 2819
3 2795 2796 2818
3 2820 2796 2797
3 2821 2799 2800
3 2823 2822 2821
3 2800 2823 2821
3 2801 2823 2800
3 2390 2823 2367
3 2367 2823 2801
3 2824 2391 2802
3 2802 2391 2369
3 2825 2802 2803
3 2824 2802 2825
3 2826 2803 2804
3 2825 2803 2826
3 2392 2826 2371
3 2371 2826 2804
3 2805 2393 2373
3 2393 2805 2394
3 2805 2827 2394
3 2805 2806 2827
3 2828 2806 2807
3 2827 2806 2828
3 2396 2828 2375
3 2375 2828 2807
3 2829 2398 2399
3 2377 2808 2399
3 2808 2829 2399
3 2808 2830 2829
3 2831 2808 2809
3 2830 2808 2831
3 2402 2831 2379
3 2379 2831 2809
3 2832 2404 2810
3 2810 2404 2380
3 2811 2834 2833
3 2832 2811 2833
3 2810 2811 2832
3 2834 2811 2812
3 2834 2812 2835
3 2835 2812 2813
3 2835 2813 2836
3 2836 2813 2814
3 2836 2814 2837
3 2837 2814 2386
3 2405 2837 2386
3 2838 2837 2405
3 2405 2406 2838
3 2838 2406 2839
3 2840 2407 2408
3 2841 2840 2408
3 2841 2408 2387
3 2842 2841 2387
3 2815 2842 2387
3 2842 2815 2816
3 2842 2816 2843
3 2845 2844 2843
3 2816 2845 2843
3 2817 2845 2816
3 2846 2817 2818
3 2845 2817 2846
3 2818 2819 2847
3 2848 2818 2847
3 2846 2818 2848
3 2850 2849 2848
3 2850 2848 2847
3 2852 2851 2849
3 2852 2849 2850
3 2851 2852 2822
3 2823 2851 2822
3 2853 2851 2823
3 2410 2853 2390
3 2390 2853 2823
3 2824 2411 2391
3 2411 2824 2413
3 2824 2854 2413
3 2824 2825 2854
3 2416 2854 2415
3 2854 2826 2415
3 2854 2825 2826
3 2415 2826 2392
3 2855 2418 2419
3 2394 2827 2419
3 2827 2855 2419
3 2827 2856 2855
3 2857 2827 2828
3 2856 2827 2857
3 2420 2858 2396
3 2858 2828 2396
3 2858 2857 2828
3 2422 2859 2420
3 2420 2859 2858
3 2424 2860 2422
3 2422 2860 2859
3 2426 2861 2424
3 2424 2861 2860
3 2428 2862 2426
3 2426 2862 2861
3 2398 2829 2428
3 2829 2862 2428
3 2829 2863 2862
3 2864 2829 2830
3 2863 2829 2864
3 2865 2830 2831
3 2864 2830 2865
3 2432 2866 2402
3 2866 2831 2402
3 2866 2865 2831
3 2434 2866 2432
3 2867 2436 2437
3 2438 2867 2437
3 2868 2439 2440
3 2441 2869 2440
3 2440 2869 2868
3 2442 2870 2441
3 2441 2870 2869
3 2443 2871 2442
3 2442 2871 2870
3 2871 2443 2872
3 2443 2873 2872
3 2443 2444 2873
3 2444 2404 2832
3 2874 2444 2832
3 2873 2444 2874
3 2874 2832 2833
3 2875 2839 2406
3 2875 2406 2445
3 2877 2876 2447
3 2876 2445 2447
3 2876 2875 2445
3 2879 2878 2877
3 2877 2878 2876
3 2879 2880 2878
3 2882 2881 2449
3 2449 2881 2448
3 2449 2407 2840
3 2883 2449 2840
3 2882 2449 2883
3 2886 2885 2884
3 2841 2883 2840
3 2888 2887 2885
3 2888 2885 2886
3 2887 2888 2844
3 2845 2887 2844
3 2889 2887 2845
3 2890 2845 2846
3 2889 2845 2890
3 2891 2846 2848
3 2890 2846 2891
3 2892 2848 2849
3 2891 2848 2892
3 2452 2892 2451
3 2892 2851 2451
3 2892 2849 2851
3 2451 2851 2454
3 2454 2851 2853
3 2454 2853 2410
3 2854 2456 2413
3 2456 2854 2416
3 2894 2893 2459
3 2459 2893 2458
3 2895 2459 2460
3 2895 2894 2459
3 2460 2418 2855
3 2896 2460 2855
3 2895 2460 2896
3 2896 2855 2856
3 2896 2856 2897
3 2897 2856 2857
3 2897 2857 2898
3 2900 2899 2898
3 2857 2900 2898
3 2858 2900 2857
3 2901 2858 2859
3 2900 2858 2901
3 2860 2903 2902
3 2901 2860 2902
3 2859 2860 2901
3 2905 2904 2903
3 2860 2905 2903
3 2861 2905 2860
3 2906 2861 2862
3 2905 2861 2906
3 2907 2862 2863
3 2906 2862 2907
3 2908 2863 2864
3 2907 2863 2908
3 2865 2910 2909
3 2908 2865 2909
3 2864 2865 2908
3 2910 2865 2866
3 2910 2866 2911
3 2913 2911 2912
3 2912 2911 2463
3 2911 2866 2463
3 2866 2434 2463
3 2464 2914 2463
3 2463 2914 2912
3 2914 2464 2915
3 2464 2916 2915
3 2464 2465 2916
3 2465 2436 2867
3 2917 2465 2867
3 2916 2465 2917
3 2919 2917 2918
3 2918 2917 2466
3 2917 2867 2466
3 2867 2438 2466
3 2439 2868 2466
3 2868 2918 2466
3 2868 2920 2918
3 2869 2922 2921
3 2920 2869 2921
3 2868 2869 2920
3 2922 2869 2870
3 2922 2870 2923
3 2923 2870 2871
3 2923 2871 2924
3 2924 2871 2872
3 2467 2877 2447
3 2877 2467 2468
3 2877 2468 2879
3 2925 2880 2879
3 2468 2925 2879
3 2469 2925 2468
3 2926 2469 2470
3 2926 2925 2469
3 2470 2448 2881
3 2470 2881 2926
3 2927 2884 2885
3 2929 2928 2927
3 2885 2929 2927
3 2887 2929 2885
3 2473 2929 2472
3 2929 2889 2472
3 2929 2887 2889
3 2472 2889 2475
3 2475 2889 2890
3 2475 2890 2477
3 2477 2890 2891
3 2477 2891 2479
3 2479 2891 2892
3 2479 2892 2452
3 2930 2480 2481
3 2482 2931 2481
3 2481 2931 2930
3 2483 2931 2482
3 2932 2485 2486
3 2933 2932 2486
3 2458 2933 2486
3 2893 2933 2458
3 2899 2900 2934
3 2899 2934 2935
3 2936 2900 2901
3 2934 2900 2936
3 2901 2902 2937
3 2901 2937 2936
3 2938 2904 2905
3 2940 2939 2938
3 2905 2940 2938
3 2906 2940 2905
3 2941 2906 2907
3 2940 2906 2941
3 2908 2943 2942
3 2941 2908 2942
3 2907 2908 2941
3 2943 2908 2909
3 2944 2913 2912
3 2944 2912 2914
3 2944 2914 2945
3 2945 2914 2915
3 2948 2947 2946
3 2946 2947 2919
3 2918 2946 2919
3 2949 2946 2918
3 2950 2918 2920
3 2949 2918 2950
3 2920 2921 2951
3 2952 2920 2951
3 2950 2920 2952
3 2953 2952 2951
3 2928 2929 2954
3 2928 2954 2955
3 2488 2954 2473
3 2473 2954 2929
3 2956 2492 2493
3 2480 2930 2493
3 2930 2956 2493
3 2930 2957 2956
3 2958 2930 2931
3 2957 2930 2958
3 2494 2959 2483
3 2959 2931 2483
3 2959 2958 2931
3 2485 2932 2494
3 2932 2959 2494
3 2932 2960 2959
3 2932 2933 2961
3 2932 2961 2960
3 2964 2963 2962
3 2962 2963 2935
3 2934 2962 2935
3 2965 2962 2934
3 2966 2934 2936
3 2965 2934 2966
3 2936 2937 2967
3 2936 2967 2966
3 2939 2940 2968
3 2939 2968 2969
3 2941 2971 2970
3 2968 2941 2970
3 2940 2941 2968
3 2971 2941 2942
3 2948 2946 2972
3 2948 2972 2973
3 2974 2946 2949
3 2972 2946 2974
3 2499 2974 2498
3 2974 2950 2498
3 2974 2949 2950
3 2498 2950 2500
3 2950 2975 2500
3 2950 2952 2975
3 2952 2953 2976
3 2952 2976 2975
3 2955 2954 2977
3 2955 2977 2978
3 2502 2977 2488
3 2488 2977 2954
3 2979 2503 2956
3 2956 2503 2492
3 2980 2956 2957
3 2979 2956 2980
3 2506 2980 2505
3 2980 2958 2505
3 2980 2957 2958
3 2505 2958 2508
3 2508 2958 2959
3 2508 2959 2511
3 2959 2981 2511
3 2959 2960 2981
3 2960 2961 2982
3 2983 2960 2982
3 2981 2960 2983
3 2985 2984 2983
3 2985 2983 2982
3 2987 2986 2984
3 2987 2984 2985
3 2989 2988 2986
3 2989 2986 2987
3 2988 2989 2964
3 2962 2988 2964
3 2990 2988 2962
3 2991 2962 2965
3 2990 2962 2991
3 2992 2965 2966
3 2991 2965 2992
3 2966 2967 2993
3 2994 2966 2993
3 2992 2966 2994
3 2996 2995 2994
3 2996 2994 2993
3 2995 2996 2969
3 2968 2995 2969
3 2997 2995 2968
3 2968 2970 2998
3 2968 2998 2997
3 2999 2973 2972
3 3001 3000 2999
3 2972 3001 2999
3 2974 3001 2972
3 2513 3001 2499
3 2499 3001 2974
3 3002 2514 2975
3 2975 2514 2500
3 2975 2976 3003
3 2975 3003 3002
3 2978 2977 3004
3 2978 3004 3005
3 2516 3004 2502
3 2502 3004 2977
3 2979 2519 2503
3 2519 2979 2521
3 2521 2979 2980
3 2521 2980 2506
3 2981 2522 2511
3 2522 2981 2523
3 2981 3006 2523
3 2981 2983 3006
3 3007 2983 2984
3 3006 2983 3007
3 3008 2984 2986
3 3007 2984 3008
3 3009 2986 2988
3 3008 2986 3009
3 3010 2988 2990
3 3009 2988 3010
3 3011 2990 2991
3 3010 2990 3011
3 3012 2991 2992
3 3011 2991 3012
3 3013 2992 2994
3 3012 2992 3013
3 2527 3013 2526
3 3013 2995 2526
3 3013 2994 2995
3 2526 2995 2529
3 2529 2995 2997
3 3015 3014 2530
3 3015 2530 2529
3 2998 3015 2529
3 2997 2998 2529
3 3017 3016 3014
3 3017 3014 3015
3 3019 3018 3016
3 3019 3016 3017
3 3020 3018 3019
3 3000 3001 3021
3 3000 3021 3022
3 2532 3021 2513
3 2513 3021 3001
3 3023 2533 3002
3 3002 2533 2514
3 3002 3003 3024
3 3025 3002 3024
3 3023 3002 3025
3 3027 3026 3025
3 3027 3025 3024
3 3028 3026 3027
3 3005 3004 3029
3 3005 3029 3030
3 2535 3029 2516
3 2516 3029 3004
3 3006 2538 2523
3 2538 3006 2539
3 2539 3006 3007
3 2539 3007 2540
3 2540 3007 3008
3 2540 3008 2542
3 3008 3031 2542
3 3008 3009 3031
3 3032 3009 3010
3 3031 3009 3032
3 2544 3032 2545
3 3032 3011 2545
3 3032 3010 3011
3 2545 3011 2546
3 3011 3033 2546
3 3011 3012 3033
3 2548 3033 2547
3 3033 3013 2547
3 3033 3012 3013
3 2547 3013 2527
3 3014 2549 2530
3 2549 3014 2551
3 2551 3014 3016
3 2551 3016 2552
3 3016 3034 2552
3 3016 3018 3034
3 3018 3020 3035
3 3036 3018 3035
3 3034 3018 3036
3 3038 3037 3036
3 3038 3036 3035
3 3039 3037 3038
3 3022 3021 3040
3 3022 3040 3041
3 2554 3040 2532
3 2532 3040 3021
3 3023 2555 2533
3 2555 3023 2558
3 2558 3023 3025
3 2558 3025 2559
3 3025 3042 2559
3 3025 3026 3042
3 3026 3028 3043
3 3044 3026 3043
3 3042 3026 3044
3 3046 3045 3044
3 3046 3044 3043
3 3047 3045 3046
3 3050 3049 3048
3 3048 3049 3030
3 3029 3048 3030
3 3051 3048 3029
3 2561 3051 2535
3 2535 3051 3029
3 3031 2565 2542
3 2565 3031 2566
3 2566 3031 3032
3 2566 3032 2544
3 3052 2568 3033
3 3033 2568 2546
3 2569 3052 2548
3 2548 3052 3033
3 3034 2570 2552
3 2570 3034 2571
3 2571 3034 3036
3 2571 3036 2573
3 2573 3036 3037
3 3039 3053 3037
3 3053 2573 3037
3 3053 2575 2573
3 2576 2575 3053
3 2576 3053 3054
3 3057 3056 3055
3 3055 3056 3041
3 3040 3055 3041
3 3058 3055 3040
3 2578 3058 2554
3 2554 3058 3040
3 3042 2579 2559
3 2579 3042 2581
3 2581 3042 3044
3 2581 3044 2583
3 2583 3044 3045
3 3060 3059 2584
3 3060 2584 2583
3 3047 3060 2583
3 3045 3047 2583
3 2586 2587 3059
3 3060 2586 3059
3 3061 2586 3060
3 3063 3062 2588
3 2586 3063 2588
3 3061 3063 2586
3 3065 3064 3062
3 3065 3062 3063
3 3067 3066 3064
3 3067 3064 3065
3 3068 3066 3067
3 3071 3070 3069
3 3073 3072 3069
3 3073 3069 3070
3 3075 3074 3072
3 3075 3072 3073
3 3076 3074 3075
3 3079 3078 3077
3 3081 3080 3077
3 3081 3077 3078
3 3080 3081 3050
3 3080 3050 3048
3 2591 3080 3048
3 2590 2591 3048
3 2590 3048 2593
3 2593 3048 3051
3 2593 3051 2561
3 3052 2598 2568
3 2598 3052 2569
3 3054 3082 2576
3 2576 3082 2600
3 3055 2602 3057
3 2602 3082 3057
3 2602 2600 3082
3 2602 3055 2603
3 2603 3055 3058
3 2603 3058 2578
3 3059 2606 2584
3 2606 3059 2587
3 3062 2607 2588
3 2607 3062 2609
3 2609 3062 3064
3 2609 3064 2611
3 2611 3064 3066
3 3068 3083 3066
3 3083 2611 3066
3 3083 2613 2611
3 3069 3084 2614
3 3083 3069 2614
3 2613 3083 2614
3 3071 3069 3083
3 3085 3069 3072
3 3084 3069 3085
3 3086 3072 3074
3 3085 3072 3086
3 3087 2616 2617
3 3074 3087 2617
3 3086 3074 2617
3 3087 3074 3076
3 3077 2619 3079
3 2619 3087 3079
3 2619 2616 3087
3 2619 3077 2621
3 2621 3077 3080
3 2621 3080 2591
3 3084 2628 2614
3 2628 3084 2631
3 2631 3084 3085
3 2631 3085 2633
3 2633 3085 3086
3 2633 3086 2617
3 3088 2641 2642
3 2644 3088 2642
3 3089 2646 2647
3 2648 3090 2647
3 2647 3090 3089
3 2649 3091 2648
3 2648 3091 3090
3 2650 3091 2649
3 3092 2653 2654
3 2655 3093 2654
3 2654 3093 3092
3 2656 3093 2655
3 3094 2660 2661
3 3095 3094 2661
3 3095 2661 2641
3 3096 3095 2641
3 3088 3096 2641
3 3098 3096 3097
3 3097 3096 2662
3 3096 3088 2662
3 3088 2644 2662
3 2663 3097 2662
3 3089 2665 2646
3 2665 3089 2666
3 3089 3099 2666
3 3089 3090 3099
3 3100 3090 3091
3 3099 3090 3100
3 2668 3100 2650
3 2650 3100 3091
3 3101 2669 3092
3 3092 2669 2653
3 3102 3092 3093
3 3101 3092 3102
3 2671 3102 2656
3 2656 3102 3093
3 3103 2673 2672
3 2660 3094 2672
3 3094 3103 2672
3 3094 3104 3103
3 3094 3095 3105
3 3094 3105 3104
3 3106 3098 3097
3 3097 2663 3106
3 2663 3107 3106
3 2663 2674 3107
3 3099 2676 2666
3 2676 3099 2678
3 2678 3099 3100
3 2678 3100 2668
3 3101 2679 2669
3 2679 3101 2681
3 2681 3101 3102
3 2681 3102 2671
3 3103 2682 2673
3 2682 3103 2684
3 3103 3108 2684
3 3103 3104 3108
3 3104 3105 3109
3 3104 3109 3108
3 2674 2685 3110
3 3111 2674 3110
3 3107 2674 3111
3 2686 3110 2685
3 3108 2688 2684
3 2689 2688 3108
3 3109 2689 3108
3 3112 2689 3109
3 3113 3111 3110
3 3115 3113 3114
3 3114 3113 2690
3 3113 3110 2690
3 3110 2686 2690
3 2691 3114 2690
3 3117 2692 3116
3 2692 3112 3116
3 2692 2689 3112
3 3118 3117 3116
3 3119 3115 3114
3 3121 3119 3120
3 3120 3119 2693
3 3119 3114 2693
3 3114 2691 2693
3 2694 3122 2693
3 2693 3122 3120
3 2695 3122 2694
3 3117 2696 2692
3 3124 3123 2697
3 3124 2697 2696
3 3118 3124 2696
3 3117 3118 2696
3 3125 3123 3124
3 3121 3120 3126
3 3121 3126 3127
3 3122 3129 3128
3 3126 3122 3128
3 3120 3122 3126
3 3122 2695 3129
3 2695 3130 3129
3 2695 2699 3130
3 3123 2701 2697
3 2703 2701 3123
3 3125 2703 3123
3 3131 2703 3125
3 3132 3127 3126
3 3132 3126 3128
3 3133 3130 2699
3 3133 2699 2704
3 3135 3133 3134
3 3133 2705 3134
3 3133 2704 2705
3 2706 3136 2705
3 2705 3136 3134
3 3136 2706 3137
3 2706 3138 3137
3 2706 2707 3138
3 3140 3138 3139
3 3138 2708 3139
3 3138 2707 2708
3 2709 3141 2708
3 2708 3141 3139
3 2710 3141 2709
3 3131 2711 2703
3 3142 2711 3131
3 3143 3135 3134
3 3143 3134 3136
3 3143 3136 3144
3 3144 3136 3137
3 3145 3140 3139
3 2714 3146 2713
3 3146 3139 2713
3 3139 3141 2713
3 3146 3145 3139
3 2713 3141 2710
3 3148 2715 3147
3 2715 3142 3147
3 2715 2711 3142
3 3149 3148 3147
3 2716 3146 2714
3 2716 3150 3146
3 3151 2717 3148
3 3148 2717 2715
3 3148 3149 3152
3 3148 3152 3151
3 2718 3150 2716
3 2718 3153 3150
3 3154 2719 3151
3 3151 2719 2717
3 3151 3152 3155
3 3151 3155 3154
3 2718 2720 3156
3 3157 2718 3156
3 3153 2718 3157
3 2721 3156 2720
3 3154 2722 2719
3 2724 2722 3154
3 3155 2724 3154
3 3158 2724 3155
3 3159 3157 3156
3 3156 2721 3159
3 2721 3160 3159
3 2721 2725 3160
3 3158 2726 2724
3 3161 2726 3158
3 3162 3160 2725
3 3162 2725 2727
3 3164 3162 3163
3 3162 2728 3163
3 3162 2727 2728
3 2730 3163 2728
3 3161 2731 2726
3 3165 2731 3161
3 3166 3164 3163
3 3166 3163 2730
3 2732 3166 2730
3 3167 3166 2732
3 3169 3167 3168
3 3167 2733 3168
3 3167 2732 2733
3 2735 3170 2733
3 2733 3170 3168
3 2736 3171 2735
3 2735 3171 3170
3 2737 3171 2736
3 3172 2739 2740
3 3173 3172 2740
3 2731 3173 2740
3 3165 3173 2731
3 3174 3169 3168
3 3174 3168 3170
3 3174 3170 3175
3 3175 3170 3171
3 3175 3171 3176
3 3176 3171 2737
3 2741 3176 2737
3 3177 3176 2741
3 3178 2741 2742
3 3178 3177 2741
3 2742 2744 3178
3 3178 2744 3179
3 3172 2745 2739
3 2746 2745 3172
3 3173 2746 3172
3 3180 2746 3173
3 3181 3179 2744
3 3181 2744 2747
3 3182 2747 2748
3 3182 3181 2747
3 3180 2749 2746
3 3183 2749 3180
3 3185 3184 2750
3 3185 2750 2751
3 3183 2752 2749
3 3186 2752 3183
3 3188 3187 2753
3 3188 2753 2754
3 2751 2753 3185
3 3185 2753 3187
3 3186 2755 2752
3 3189 2755 3186
3 3191 3190 2756
3 3191 2756 2757
3 2754 2756 3188
3 3188 2756 3190
3 3189 2759 2755
3 3192 2759 3189
3 3194 3193 2760
3 3194 2760 2761
3 2757 2760 3191
3 3191 2760 3193
3 3195 2797 2798
3 2799 3195 2798
3 3196 2819 2820
3 2797 3195 2820
3 3195 3196 2820
3 3195 3197 3196
3 2821 3198 2799
3 3198 3195 2799
3 3198 3197 3195
3 2822 3198 2821
3 3199 2833 2834
3 2835 3200 2834
3 2834 3200 3199
3 2836 3201 2835
3 2835 3201 3200
3 2837 3202 2836
3 2836 3202 3201
3 2838 3203 2837
3 2837 3203 3202
3 2839 3203 2838
3 3204 2841 2842
3 2843 3205 2842
3 2842 3205 3204
3 2844 3205 2843
3 3196 2847 2819
3 2847 3196 2850
3 2850 3196 3197
3 2850 3197 2852
3 2852 3197 3198
3 2852 3198 2822
3 3206 2872 2873
3 2874 3207 2873
3 2873 3207 3206
3 2833 3199 2874
3 3199 3207 2874
3 3199 3208 3207
3 3200 3210 3209
3 3208 3200 3209
3 3199 3200 3208
3 3210 3200 3201
3 3210 3201 3211
3 3211 3201 3202
3 3211 3202 3212
3 3212 3202 3203
3 3212 3203 3213
3 3213 3203 2839
3 2875 3213 2839
3 3214 3213 2875
3 3215 2875 2876
3 3215 3214 2875
3 3217 3215 3216
3 3215 2878 3216
3 3215 2876 2878
3 2880 3216 2878
3 3218 2881 2882
3 2883 3219 2882
3 2882 3219 3218
3 2883 2841 3219
3 2841 3204 3219
3 2886 2884 3219
3 2886 3219 3204
3 2886 3204 2888
3 2888 3204 3205
3 2888 3205 2844
3 3220 2893 2894
3 2895 3221 2894
3 2894 3221 3220
3 2896 3222 2895
3 2895 3222 3221
3 2897 3223 2896
3 2896 3223 3222
3 2898 3224 2897
3 2897 3224 3223
3 2899 3224 2898
3 3225 2902 2903
3 2904 3225 2903
3 3226 2909 2910
3 2911 3227 2910
3 2910 3227 3226
3 2913 3227 2911
3 3228 2915 2916
3 2917 3229 2916
3 2916 3229 3228
3 2919 3229 2917
3 3230 2921 2922
3 2923 3231 2922
3 2922 3231 3230
3 3231 2923 3232
3 2923 3233 3232
3 2923 2924 3233
3 2924 2872 3206
3 3234 2924 3206
3 3233 2924 3234
3 3234 3206 3207
3 3234 3207 3235
3 3235 3207 3208
3 3235 3208 3236
3 3236 3208 3209
3 3237 3217 3216
3 3237 3216 2880
3 2925 3237 2880
3 3238 3237 2925
3 3239 2925 2926
3 3239 3238 2925
3 2926 2881 3218
3 3240 2926 3218
3 3239 2926 3240
3 3242 3241 3240
3 3218 3242 3240
3 3219 3242 3218
3 2927 3243 2884
3 3243 3219 2884
3 3243 3242 3219
3 2928 3243 2927
3 3244 2933 3220
3 3220 2933 2893
3 3245 3220 3221
3 3244 3220 3245
3 3246 3221 3222
3 3245 3221 3246
3 3247 3222 3223
3 3246 3222 3247
3 3248 3223 3224
3 3247 3223 3248
3 2935 3248 2899
3 2899 3248 3224
3 3249 2937 3225
3 3225 2937 2902
3 2938 3250 2904
3 3250 3225 2904
3 3250 3249 3225
3 2939 3250 2938
3 3251 2942 2943
3 2909 3226 2943
3 3226 3251 2943
3 3226 3252 3251
3 3253 3226 3227
3 3252 3226 3253
3 2944 3254 2913
3 3254 3227 2913
3 3254 3253 3227
3 2945 3255 2944
3 2944 3255 3254
3 2915 3228 2945
3 3228 3255 2945
3 3228 3256 3255
3 2948 3256 2947
3 3256 3229 2947
3 3256 3228 3229
3 2947 3229 2919
3 3230 2951 2921
3 3230 3231 3257
3 2953 3230 3257
3 3258 2953 3257
3 3230 2953 2951
3 3257 3231 3232
3 3259 3241 3242
3 3261 3260 3259
3 3242 3261 3259
3 3243 3261 3242
3 2955 3261 2928
3 2928 3261 3243
3 3262 2961 3244
3 3244 2961 2933
3 3263 3244 3245
3 3262 3244 3263
3 3264 3245 3246
3 3263 3245 3264
3 3265 3246 3247
3 3264 3246 3265
3 2964 3265 2963
3 3265 3248 2963
3 3265 3247 3248
3 2963 3248 2935
3 3266 2967 3249
3 3249 2967 2937
3 3267 3249 3250
3 3266 3249 3267
3 2969 3267 2939
3 2939 3267 3250
3 3268 2970 2971
3 2942 3251 2971
3 3251 3268 2971
3 3251 3269 3268
3 3270 3251 3252
3 3269 3251 3270
3 3271 3252 3253
3 3270 3252 3271
3 3272 3253 3254
3 3271 3253 3272
3 3273 3254 3255
3 3272 3254 3273
3 3274 3255 3256
3 3273 3255 3274
3 2973 3274 2948
3 2948 3274 3256
3 3276 2976 3275
3 2976 3258 3275
3 2976 2953 3258
3 3277 3276 3275
3 3278 3260 3261
3 3261 2955 3278
3 2955 3279 3278
3 2955 2978 3279
3 3262 2982 2961
3 2982 3262 2985
3 2985 3262 3263
3 2985 3263 2987
3 2987 3263 3264
3 2987 3264 2989
3 2989 3264 3265
3 2989 3265 2964
3 3266 2993 2967
3 2993 3266 2996
3 2996 3266 3267
3 2996 3267 2969
3 3280 2998 3268
3 3268 2998 2970
3 3281 3268 3269
3 3280 3268 3281
3 3282 3269 3270
3 3281 3269 3282
3 3283 3270 3271
3 3282 3270 3283
3 3284 3271 3272
3 3283 3271 3284
3 3285 3272 3273
3 3284 3272 3285
3 3286 3273 3274
3 3285 3273 3286
3 2999 3287 2973
3 3287 3274 2973
3 3287 3286 3274
3 3000 3287 2999
3 3288 3003 3276
3 3276 3003 2976
3 3276 3277 3289
3 3290 3276 3289
3 3288 3276 3290
3 3292 3291 3290
3 3292 3290 3289
3 3293 3291 3292
3 3296 3295 3294
3 3298 3297 3294
3 3298 3294 3295
3 3300 3299 3297
3 3300 3297 3298
3 3300 3279 3299
3 3279 3005 3299
3 3279 2978 3005
3 3280 3015 2998
3 3015 3280 3017
3 3017 3280 3281
3 3017 3281 3019
3 3019 3281 3282
3 3019 3282 3020
3 3282 3301 3020
3 3282 3283 3301
3 3302 3283 3284
3 3301 3283 3302
3 3303 3284 3285
3 3302 3284 3303
3 3304 3285 3286
3 3303 3285 3304
3 3305 3286 3287
3 3304 3286 3305
3 3022 3305 3000
3 3000 3305 3287
3 3288 3024 3003
3 3024 3288 3027
3 3027 3288 3290
3 3027 3290 3028
3 3290 3306 3028
3 3290 3291 3306
3 3291 3293 3307
3 3308 3291 3307
3 3306 3291 3308
3 3310 3309 3308
3 3310 3308 3307
3 3312 3311 3309
3 3312 3309 3310
3 3314 3313 3311
3 3314 3311 3312
3 3316 3315 3313
3 3316 3313 3314
3 3317 3315 3316
3 3320 3319 3318
3 3322 3321 3318
3 3322 3318 3319
3 3324 3323 3321
3 3324 3321 3322
3 3323 3324 3296
3 3294 3323 3296
3 3325 3323 3294
3 3326 3294 3297
3 3325 3294 3326
3 3327 3297 3299
3 3326 3297 3327
3 3030 3327 3005
3 3005 3327 3299
3 3301 3035 3020
3 3035 3301 3038
3 3038 3301 3302
3 3038 3302 3039
3 3302 3328 3039
3 3302 3303 3328
3 3329 3303 3304
3 3328 3303 3329
3 3330 3304 3305
3 3329 3304 3330
3 3041 3330 3022
3 3022 3330 3305
3 3306 3043 3028
3 3043 3306 3046
3 3046 3306 3308
3 3046 3308 3047
3 3308 3331 3047
3 3308 3309 3331
3 3332 3309 3311
3 3331 3309 3332
3 3333 3311 3313
3 3332 3311 3333
3 3334 3313 3315
3 3333 3313 3334
3 3315 3317 3335
3 3336 3315 3335
3 3334 3315 3336
3 3338 3337 3336
3 3338 3336 3335
3 3340 3339 3337
3 3340 3337 3338
3 3339 3340 3320
3 3318 3339 3320
3 3341 3339 3318
3 3342 3318 3321
3 3341 3318 3342
3 3343 3321 3323
3 3342 3321 3343
3 3344 3323 3325
3 3343 3323 3344
3 3345 3325 3326
3 3344 3325 3345
3 3050 3345 3049
3 3345 3327 3049
3 3345 3326 3327
3 3049 3327 3030
3 3328 3053 3039
3 3053 3328 3054
3 3328 3346 3054
3 3328 3329 3346
3 3057 3346 3056
3 3346 3330 3056
3 3346 3329 3330
3 3056 3330 3041
3 3331 3060 3047
3 3060 3331 3061
3 3061 3331 3332
3 3061 3332 3063
3 3063 3332 3333
3 3063 3333 3065
3 3065 3333 3334
3 3065 3334 3067
3 3067 3334 3336
3 3067 3336 3068
3 3336 3347 3068
3 3336 3337 3347
3 3071 3347 3070
3 3347 3339 3070
3 3347 3337 3339
3 3070 3339 3073
3 3073 3339 3341
3 3073 3341 3075
3 3075 3341 3342
3 3075 3342 3076
3 3342 3348 3076
3 3342 3343 3348
3 3079 3348 3078
3 3348 3344 3078
3 3348 3343 3344
3 3078 3344 3081
3 3081 3344 3345
3 3081 3345 3050
3 3346 3082 3054
3 3082 3346 3057
3 3347 3083 3068
3 3083 3347 3071
3 3348 3087 3076
3 3087 3348 3079
3 3349 3095 3096
3 3098 3349 3096
3 3350 3105 3349
3 3349 3105 3095
3 3106 3351 3098
3 3351 3349 3098
3 3351 3350 3349
3 3107 3351 3106
3 3352 3109 3350
3 3350 3109 3105
3 3353 3350 3351
3 3352 3350 3353
3 3111 3353 3107
3 3107 3353 3351
3 3354 3112 3352
3 3352 3112 3109
3 3355 3352 3353
3 3354 3352 3355
3 3113 3356 3111
3 3356 3353 3111
3 3356 3355 3353
3 3115 3356 3113
3 3354 3116 3112
3 3116 3354 3118
3 3354 3357 3118
3 3354 3355 3357
3 3358 3355 3356
3 3357 3355 3358
3 3119 3359 3115
3 3359 3356 3115
3 3359 3358 3356
3 3121 3359 3119
3 3357 3124 3118
3 3124 3357 3125
3 3357 3360 3125
3 3357 3358 3360
3 3361 3358 3359
3 3360 3358 3361
3 3127 3361 3121
3 3121 3361 3359
3 3362 3128 3129
3 3130 3362 3129
3 3363 3131 3360
3 3360 3131 3125
3 3364 3360 3361
3 3363 3360 3364
3 3132 3365 3127
3 3365 3361 3127
3 3365 3364 3361
3 3128 3362 3132
3 3362 3365 3132
3 3362 3366 3365
3 3133 3367 3130
3 3367 3362 3130
3 3367 3366 3362
3 3135 3367 3133
3 3368 3137 3138
3 3140 3368 3138
3 3369 3142 3363
3 3363 3142 3131
3 3370 3363 3364
3 3369 3363 3370
3 3371 3364 3365
3 3370 3364 3371
3 3366 3373 3372
3 3371 3366 3372
3 3365 3366 3371
3 3373 3366 3367
3 3373 3367 3374
3 3376 3374 3375
3 3375 3374 3143
3 3374 3367 3143
3 3367 3135 3143
3 3144 3377 3143
3 3143 3377 3375
3 3378 3377 3144
3 3378 3144 3137
3 3379 3378 3137
3 3368 3379 3137
3 3381 3379 3380
3 3380 3379 3145
3 3379 3368 3145
3 3368 3140 3145
3 3146 3380 3145
3 3369 3147 3142
3 3147 3369 3149
3 3369 3382 3149
3 3369 3370 3382
3 3383 3370 3371
3 3382 3370 3383
3 3371 3372 3384
3 3385 3371 3384
3 3383 3371 3385
3 3387 3386 3385
3 3387 3385 3384
3 3386 3387 3376
3 3375 3386 3376
3 3388 3386 3375
3 3377 3390 3389
3 3388 3377 3389
3 3375 3377 3388
3 3390 3377 3378
3 3381 3380 3391
3 3381 3391 3392
3 3150 3391 3146
3 3146 3391 3380
3 3393 3152 3382
3 3382 3152 3149
3 3383 3395 3394
3 3393 3383 3394
3 3382 3383 3393
3 3395 3383 3385
3 3395 3385 3396
3 3398 3397 3396
3 3385 3398 3396
3 3386 3398 3385
3 3399 3386 3388
3 3398 3386 3399
3 3388 3389 3400
3 3388 3400 3399
3 3392 3391 3401
3 3392 3401 3402
3 3153 3401 3150
3 3150 3401 3391
3 3403 3155 3393
3 3393 3155 3152
3 3393 3394 3404
3 3393 3404 3403
3 3397 3398 3405
3 3397 3405 3406
3 3407 3398 3399
3 3405 3398 3407
3 3399 3400 3408
3 3399 3408 3407
3 3409 3402 3401
3 3401 3153 3409
3 3153 3410 3409
3 3153 3157 3410
3 3411 3158 3403
3 3403 3158 3155
3 3403 3404 3412
3 3403 3412 3411
3 3406 3405 3413
3 3406 3413 3414
3 3415 3405 3407
3 3413 3405 3415
3 3407 3408 3416
3 3417 3407 3416
3 3415 3407 3417
3 3418 3417 3416
3 3157 3159 3419
3 3420 3157 3419
3 3410 3157 3420
3 3160 3419 3159
3 3421 3161 3411
3 3411 3161 3158
3 3411 3412 3422
3 3411 3422 3421
3 3425 3424 3423
3 3423 3424 3414
3 3413 3423 3414
3 3426 3423 3413
3 3427 3413 3415
3 3426 3413 3427
3 3428 3415 3417
3 3427 3415 3428
3 3417 3418 3429
3 3417 3429 3428
3 3430 3420 3419
3 3432 3430 3431
3 3431 3430 3162
3 3430 3419 3162
3 3419 3160 3162
3 3164 3431 3162
3 3434 3433 3421
3 3433 3161 3421
3 3433 3165 3161
3 3434 3421 3422
3 3425 3423 3435
3 3425 3435 3436
3 3437 3423 3426
3 3435 3423 3437
3 3438 3426 3427
3 3437 3426 3438
3 3439 3427 3428
3 3438 3427 3439
3 3428 3429 3440
3 3428 3440 3439
3 3432 3431 3441
3 3432 3441 3442
3 3166 3443 3164
3 3443 3431 3164
3 3443 3441 3431
3 3167 3444 3166
3 3166 3444 3443
3 3169 3444 3167
3 3433 3173 3165
3 3445 3173 3433
3 3446 3436 3435
3 3448 3447 3446
3 3435 3448 3446
3 3437 3448 3435
3 3449 3437 3438
3 3448 3437 3449
3 3439 3451 3450
3 3449 3439 3450
3 3438 3439 3449
3 3451 3439 3440
3 3454 3453 3452
3 3456 3455 3452
3 3456 3452 3453
3 3455 3456 3442
3 3441 3455 3442
3 3457 3455 3441
3 3458 3441 3443
3 3457 3441 3458
3 3459 3443 3444
3 3458 3443 3459
3 3174 3460 3169
3 3460 3444 3169
3 3460 3459 3444
3 3175 3461 3174
3 3174 3461 3460
3 3176 3462 3175
3 3175 3462 3461
3 3177 3463 3176
3 3176 3463 3462
3 3178 3464 3177
3 3177 3464 3463
3 3179 3464 3178
3 3466 3180 3465
3 3180 3445 3465
3 3180 3173 3445
3 3467 3466 3465
3 3470 3469 3468
3 3468 3469 3447
3 3448 3468 3447
3 3471 3468 3448
3 3472 3448 3449
3 3471 3448 3472
3 3449 3450 3473
3 3449 3473 3472
3 3454 3452 3474
3 3454 3474 3475
3 3476 3452 3455
3 3474 3452 3476
3 3477 3455 3457
3 3476 3455 3477
3 3478 3457 3458
3 3477 3457 3478
3 3459 3480 3479
3 3478 3459 3479
3 3458 3459 3478
3 3480 3459 3460
3 3480 3460 3481
3 3483 3482 3481
3 3460 3483 3481
3 3461 3483 3460
3 3484 3461 3462
3 3483 3461 3484
3 3463 3486 3485
3 3484 3463 3485
3 3462 3463 3484
3 3486 3463 3464
3 3486 3464 3487
3 3489 3487 3488
3 3488 3487 3181
3 3487 3464 3181
3 3464 3179 3181
3 3182 3490 3181
3 3181 3490 3488
3 3491 3183 3466
3 3466 3183 3180
3 3466 3467 3492
3 3466 3492 3491
3 3470 3468 3493
3 3470 3493 3494
3 3495 3468 3471
3 3493 3468 3495
3 3496 3471 3472
3 3495 3471 3496
3 3472 3473 3497
3 3472 3497 3496
3 3475 3474 3498
3 3475 3498 3499
3 3500 3474 3476
3 3498 3474 3500
3 3501 3476 3477
3 3500 3476 3501
3 3502 3477 3478
3 3501 3477 3502
3 3478 3479 3503
3 3504 3478 3503
3 3502 3478 3504
3 3506 3505 3504
3 3506 3504 3503
3 3505 3506 3482
3 3483 3505 3482
3 3507 3505 3483
3 3508 3483 3484
3 3507 3483 3508
3 3484 3485 3509
3 3510 3484 3509
3 3508 3484 3510
3 3512 3511 3510
3 3512 3510 3509
3 3511 3512 3489
3 3488 3511 3489
3 3513 3511 3488
3 3185 3513 3184
3 3513 3490 3184
3 3513 3488 3490
3 3514 3186 3491
3 3491 3186 3183
3 3491 3492 3515
3 3491 3515 3514
3 3516 3494 3493
3 3516 3493 3495
3 3516 3495 3517
3 3517 3495 3496
3 3517 3496 3518
3 3518 3496 3497
3 3519 3499 3498
3 3521 3520 3519
3 3498 3521 3519
3 3500 3521 3498
3 3522 3500 3501
3 3521 3500 3522
3 3523 3501 3502
3 3522 3501 3523
3 3524 3502 3504
3 3523 3502 3524
3 3525 3504 3505
3 3524 3504 3525
3 3526 3505 3507
3 3525 3505 3526
3 3527 3507 3508
3 3526 3507 3527
3 3528 3508 3510
3 3527 3508 3528
3 3529 3510 3511
3 3528 3510 3529
3 3188 3529 3187
3 3529 3513 3187
3 3529 3511 3513
3 3187 3513 3185
3 3530 3189 3514
3 3514 3189 3186
3 3514 3515 3531
3 3514 3531 3530
3 3532 3520 3521
3 3532 3521 3522
3 3532 3522 3533
3 3535 3534 3533
3 3522 3535 3533
3 3523 3535 3522
3 3536 3523 3524
3 3535 3523 3536
3 3537 3524 3525
3 3536 3524 3537
3 3538 3525 3526
3 3537 3525 3538
3 3539 3526 3527
3 3538 3526 3539
3 3540 3527 3528
3 3539 3527 3540
3 3191 3540 3190
3 3540 3529 3190
3 3540 3528 3529
3 3190 3529 3188
3 3541 3192 3530
3 3530 3192 3189
3 3530 3531 3542
3 3530 3542 3541
3 3545 3544 3543
3 3546 3543 3544
3 3534 3535 3547
3 3534 3547 3548
3 3549 3535 3536
3 3547 3535 3549
3 3550 3536 3537
3 3549 3536 3550
3 3551 3537 3538
3 3550 3537 3551
3 3552 3538 3539
3 3551 3538 3552
3 3194 3552 3193
3 3552 3540 3193
3 3552 3539 3540
3 3193 3540 3191