OFF
2705 5372 0
1.3420218681 15.4552003488 18.9073475566
1.4680888371 15.6532970173 18.2878103818
1.5298678131 15.0155587060 18.5496590862
1.6120153983 14.7374095920 19.3537598973
1.3559002040 15.4443622537 19.4596198292
1.5273275458 15.2568074964 19.9488320530
1.3064341481 15.9816418101 18.7159255084
1.4658023122 16.3237775995 18.3571720307
1.2758676368 15.9454165666 19.2405702181
1.3854539356 15.8345644546 19.8911692345
1.3682312247 16.5192226366 18.9677404560
1.3394993711 16.3850703059 19.6201404534
1.0238875968 17.8991488111 22.2566226583
1.1446472514 17.9791435109 21.3245836764
1.2530290428 17.2371671326 21.7183887530
1.2481520776 17.0936504340 22.5338863728
1.0058216341 17.8362645048 23.1900390680
1.2786150980 17.1454490107 23.4778568311
1.0782749642 17.8573630282 24.0312498567
1.3338595945 17.3480673222 24.2318466177
0.9051098534 18.8781008501 21.9422604823
1.1054021964 18.7207400101 21.0304807953
0.8309132627 18.7096639364 22.9943779037
0.8866418130 18.6448631797 23.9410285827
1.2271076086 17.8838181666 24.6382547270
1.0618200503 18.5321490285 24.6991731879
1.3236562902 18.2962823263 25.1703187604
1.0120273619 19.6043044331 21.2202201384
1.2999613362 19.8333640648 20.4232999746
1.2525577752 19.0931114090 20.5107743450
0.8078334464 19.8447003285 22.1075293919
0.7400166193 19.6804257547 22.8981243930
0.7627047091 19.5996677240 23.8731399738
0.9394030057 19.5389171033 24.8749696799
1.2406079085 19.0746522113 25.4541219808
1.1353346515 20.4310249109 20.9637803016
1.3383301013 20.3937757349 20.4422344382
0.9106271558 20.5464057901 21.8284803631
0.7626204222 20.6244789508 22.8008137298
0.7217780497 20.5847957597 23.7789359886
0.8193608275 20.5471641003 24.7376835406
1.1600490088 19.8572373243 25.6805383233
1.0383144364 20.5204204778 25.5758097497
1.3160011326 20.3939607604 26.1388792736
1.4145471122 20.9709865892 20.6401947059
1.1429136667 21.2050228901 21.4629719428
1.3582130221 21.5093935636 21.1395581658
0.9642772946 21.5803477896 22.5736205591
0.7955829321 21.5290887445 23.6659556262
0.8142547926 21.5052249260 24.6153598697
0.9988263676 21.4456008398 25.5064734032
1.3178527946 21.1972211096 26.2473972684
1.3786656364 22.1386830745 21.7739347210
1.1485588177 22.4693755931 22.8266026565
0.9827217147 22.4887445265 23.6719836615
1.1933803203 23.0364312048 23.3931670166
0.8821950586 22.2607682389 24.4298475149
1.0315355653 22.4693863932 25.3347704443
1.3121563121 22.2211121461 26.2312437713
1.1543976359 23.2708049090 24.0111610316
1.0709754609 23.1058209706 24.6897265746
1.2727128850 23.7702748064 24.5318942248
1.2013395948 23.3505881134 25.5121290690
1.3178469423 23.0767469045 26.0796087961
1.2915570532 23.8268770441 25.1906907799
2.5303809629 11.8928287872 29.2122996612
2.6132504915 12.0113656505 29.0722301471
2.5992392099 11.7253598591 29.0607439819
2.6065069175 11.7614416666 29.3237623962
2.0971453601 13.4827842306 18.6609084460
2.3755659617 13.2038551048 18.0470440707
2.3692835776 12.9394048082 18.5738945903
2.3938685744 12.8546351618 19.1237690990
2.1352051755 13.3932668595 19.3538832125
2.3996205623 13.0191192548 19.8303542020
2.6205181991 12.0474474580 29.3352485613
2.0687745815 13.9943904998 17.8965007656
2.2261057427 14.4406162615 17.1182838279
2.3872553849 13.6636414004 17.3926472007
1.7763492902 14.3323236613 18.5500420588
1.8927363663 13.9300258696 19.1736620363
2.0957730705 13.8426257888 19.9820071453
1.8049573343 14.9978031506 17.8085486465
2.1200325843 15.4507805086 16.8884901652
1.8467880303 14.7424490340 20.3379380118
1.6625262592 15.5370491378 20.6960768380
2.0069850962 14.9179651794 21.0673412169
1.9209630905 15.7813931443 22.8916450195
1.9992748431 15.4320274614 22.1063345244
2.2365764238 15.1035573271 22.5902842209
2.2837562316 15.2055124979 23.2040111184
1.7731159245 16.2047950880 17.6274633719
2.1190075199 16.4822501929 16.6578732863
1.4447120956 16.3939107265 20.4018540586
1.9188607464 15.3708041243 21.4871800874
1.5871490352 16.2556229252 21.7279862802
1.5294872393 16.5149271385 22.9195148171
2.1160613250 15.6795534531 23.7053146941
1.7201348944 16.5343686278 23.9800187006
2.2130438508 15.9060773743 24.5076566313
1.9865098632 16.7026216182 25.0504782675
2.3342313726 16.2016416480 25.2784247519
1.9743541533 17.2850056488 17.2110456367
2.1627179149 17.3138777097 16.4176598533
1.6884522407 17.2541711833 18.3665805604
1.4453097772 17.1581404579 19.6604028824
1.3626865185 17.1838562923 20.8441173014
1.5798516743 17.5114702856 24.9879805421
2.2280426207 16.7675828259 25.6774100536
1.9875757264 17.4281501300 25.7423596083
2.3310874083 17.1697053642 26.1646015287
2.2764579773 18.5012786336 15.6849890710
2.4260730888 18.5961687907 15.0701890805
2.4154814890 18.0338060348 15.1246779759
2.2915684504 17.6923965452 15.7601489770
2.1561914052 18.2586358523 16.6108905284
2.0316922839 18.1810505959 17.6319688076
2.1586798157 18.6342349277 17.1768981194
1.9038783961 18.2260593097 18.4163086591
1.6652141103 18.1465971554 19.2010521083
1.9389866908 18.9097205383 18.7869529360
1.3598604980 18.1943786673 20.3095787305
1.7271999805 18.5139322484 25.9613620624
2.2254775992 17.9112188334 26.4304856907
2.3536930797 19.0548139857 15.4512275624
2.2864079063 19.2391023610 16.1165941754
2.4645327822 19.6265271480 15.5240495842
2.2498005202 19.1499630759 16.9280551038
1.5980574303 19.1808845778 19.7222077625
1.9953502693 19.8383385158 19.0534853431
1.5030062288 19.6698992667 26.1701394830
2.1896947911 18.6591366512 26.7161923905
2.0186467166 19.4546682535 26.7672159888
2.5463902033 19.0126378101 27.2561785395
2.4381089171 19.9202128704 15.9968427669
2.5769243174 20.0693257451 15.6503538008
2.4269755703 19.9277691299 16.6262464353
1.6472796340 20.3031294348 19.9153279733
2.0644508871 20.6933871429 19.3375431695
1.7837708287 20.5894469841 26.7951828627
2.5255242016 20.1000755273 27.4925607014
2.7585913027 20.4535953123 16.0196345449
1.8594280552 21.1921948742 20.0248341607
1.6379600747 21.6907405241 20.7771177596
2.0187530660 21.8886804535 20.2545517207
1.7445110804 21.8163491931 26.9445322993
2.3162727662 21.2844881114 27.5291012256
1.8707877197 22.4416768933 20.9647432102
1.7387047591 23.1506583179 21.8211585931
2.1483098991 23.3098475240 21.0130053827
1.4106880287 23.0926148080 22.7044784128
1.7553921097 23.1011016535 27.0103572365
2.2248755491 22.3280682105 27.6208052833
2.0173733587 24.0481296614 21.7846904603
2.3510398558 24.2178340568 21.0697675939
1.7379177409 23.9937929355 22.6913941771
1.4340861800 23.8321715982 23.7196273687
1.5178183262 24.0512592677 26.1504107798
1.8301887568 24.1716602016 27.1655548153
2.2642639654 23.0894706529 27.8179491602
2.1863495232 23.8481938011 27.8164907679
2.7217249714 23.3817534246 28.3568747202
2.2257096594 24.7412154875 21.6477629529
2.4913279293 25.0418235219 21.1859402878
2.1413687495 24.9542548884 22.4382180622
1.9042472517 24.9607421057 23.6693705393
1.5905086565 24.6579248264 25.0108572418
1.6854159949 25.0385432043 26.1375838105
1.8076761350 24.9470148530 26.9261184973
2.1366805088 24.8075234380 27.7686207375
2.7337376673 24.4064882850 28.5943526571
2.4346650297 25.3981030056 21.7407306353
2.6072844355 25.5516893134 21.3052944808
2.7041208771 25.8712672893 22.3755182703
2.3763168311 25.6281250349 23.1433235061
2.3058241360 25.7942499758 23.8891567673
2.0786654522 25.8322756399 24.7804974600
2.6817436172 26.3817825120 24.3605201381
1.8737921243 25.7350043713 25.8396646851
1.8705190797 25.6381329309 26.6480959681
2.1161520237 25.8094963804 27.4944368755
2.5006423366 25.5240334314 28.4112025682
2.8791677547 26.0151634240 21.4820520267
2.4075431841 26.5610580291 25.0332255758
2.8319076173 26.8627414433 24.9813806213
2.2158003206 26.5225788714 25.6792360753
2.1506273677 26.4564805663 26.6964399856
2.3212654324 26.6763485406 27.5977180991
2.4445540581 26.3706226405 28.1883302176
2.6004703202 26.9651666827 25.4829421086
2.6220683368 27.2429129544 26.3024098329
2.4887782574 27.1974536113 27.2295091817
3.6237230679 7.5979067829 21.7211807062
3.6631443375 7.7427504909 21.6049059715
3.6924779362 7.4014555788 21.5453784884
3.7337086470 7.4601919912 21.8751998360
3.7043750484 7.8014869033 21.9347273191
3.1372137550 10.3302419049 28.5856456134
3.4672217795 9.9314136596 27.8534963648
3.4707273458 9.7081613007 28.4434343785
3.4890063404 9.6282421809 29.0719436910
3.1510172899 10.3193490470 29.5682363790
3.5148600485 9.6365622465 30.0101093364
3.2873010965 10.3345260016 30.4260489790
3.5635451776 9.8209437511 30.7420672425
3.1180571417 11.4051491052 20.6464350037
3.1907972844 11.2011671354 19.8837209140
3.3619060654 10.6769088196 20.2998105798
3.3766500770 10.6164717329 21.0334737818
3.2387021574 11.2713398387 21.3746764610
3.3933243025 10.8348448097 21.7676079376
3.2698486121 11.2064970035 25.5802868692
3.3726390802 11.3742197991 24.7465415152
3.5136659541 10.6394937734 24.9847840520
3.5172602492 10.4205587585 25.8439316297
3.1804542084 11.0627351324 26.5464006281
3.4770530543 10.2331549139 26.8933622482
3.0770663503 10.8581975192 27.6959818495
2.8972656717 11.0114617170 28.4630581906
2.8183485956 11.2177955261 29.1732703419
3.0551702439 11.1126425011 30.1131848713
3.5016402723 10.3580838720 31.0401837854
3.3716741841 11.0407677495 30.8955151769
3.7783300461 10.8245177411 31.4784701302
2.7614172986 12.3960676360 18.5016866837
3.1097917281 12.1994109448 17.7410986742
3.2353203525 11.7055362271 18.2732937876
3.1839481391 11.4533438310 19.0788539625
2.8117162553 12.1468404411 19.8286896556
2.9072779918 12.1204417614 20.6649445102
3.0686212455 12.0330743321 21.3104798161
3.2982179589 11.5881261556 22.0008078428
3.2182766441 11.9488310337 25.4024743005
3.3186637605 12.1310119905 24.8325615789
3.1035208588 11.8918142021 26.2383930877
2.9905295709 11.8515173074 27.2923987144
2.8003820246 11.7588827094 28.4944068016
2.8506740424 11.9294048106 29.7416982325
3.3026960104 11.9921465369 30.6458449153
3.7667679335 11.6886817928 31.3198404505
3.0576269297 13.1169600753 16.4839060554
3.4298128364 12.9775236676 15.8552091332
3.4068711239 12.6068148134 16.4272956412
3.2899564474 12.4015510539 16.9970941537
2.7797981609 12.9529104678 17.3859688231
2.6910852363 12.9976474602 20.8589941177
3.0395294478 12.6698884757 21.6233715658
3.2082382457 12.2745721556 21.9899261410
3.2561391327 12.5481454495 25.3332204057
3.1727715060 12.6047622532 25.9838101008
3.2679627323 13.1219200818 25.7333744356
3.0933257526 12.7019440720 26.9104117149
3.0292242727 12.8378847813 28.0857638467
2.8942590772 12.5732450975 29.2151493852
3.1925642071 12.7477866887 30.1247477197
3.6277239386 12.8863052382 30.7380766464
3.7872478502 12.4054125407 31.1377490872
3.0964310421 14.4548519319 14.5550098702
3.4389494691 14.1741367078 13.7096160946
3.4419865518 13.8566136304 14.3099210863
3.4352486915 13.5382027171 14.9437458941
2.9571955422 13.9666488596 15.7011369031
2.6302547392 13.8144695441 16.6891296279
2.2733348236 14.1843155073 20.9762307058
2.9471975799 13.1853835268 21.7888357629
2.6655210456 13.8543253372 21.8013107167
3.0007959947 13.5327611445 22.5080809344
2.6380246266 14.4677719293 22.9120510899
3.0808341097 13.7595313910 23.4148628467
2.8795940467 14.5018215319 24.0466819909
3.1567682615 13.9266822176 24.2022388049
3.2432622660 13.4068747089 26.5432317434
3.2375796312 13.5705586385 27.5184711097
3.2711010505 13.7286908597 28.2932016403
3.2525466603 13.5530925647 28.9509150992
3.5048758507 14.2179458325 28.7695239683
3.3539305486 13.4587238754 29.7473266764
3.5731005357 13.3729708633 30.3371869501
3.5118347155 15.2147107350 10.3500507934
3.6947424417 15.3586487746 9.8075990047
3.7002529804 14.9266152634 9.9035274292
3.6123311246 14.7669097919 10.6505093052
3.3711548453 15.4003691376 11.1768484913
3.5214285322 14.6897973528 11.6638162557
3.2151004097 15.3563702898 12.3413043959
3.4517263564 14.5245182970 12.7327901161
3.0718945798 15.1827912901 13.5662003733
2.8285647799 15.4064544607 14.5229910280
2.7164105544 15.0889526871 15.3356837207
2.4967597960 14.7662056819 16.2602458469
2.2713346084 14.7545046035 21.8439262157
2.4794402616 15.1562204231 23.9097380775
3.0528880004 14.4608205687 24.7554705069
2.7129511410 15.3457871598 25.0351788397
3.1120756869 14.7238894127 25.5369145547
2.9809196248 15.5795161922 26.0912162469
3.2189128185 15.0597956363 26.3193003158
3.7744313514 14.2673981952 29.4845536445
3.8305692386 13.8769437099 30.1187385103
3.5686561572 15.6981957795 10.4207903488
3.4187467442 15.9813638403 11.0970808060
3.2416496015 16.1901583039 11.9372626139
3.4473511210 16.3383218209 11.3516582124
2.9843610863 16.1923865296 13.1118101771
2.7738569769 16.1817743301 14.1612333358
2.5920214525 16.0852169267 15.1125683381
2.3961832532 15.7917714711 16.0034496269
2.6029924101 16.3855841525 26.0020251732
3.1899987760 15.6733478835 26.7287369398
2.9954447936 16.3489190319 26.7469289187
3.2894824659 16.1375986609 27.2185623569
3.5751039650 16.8838171833 11.7056455882
3.1098126780 17.2236683981 12.9080654010
3.6002482965 17.7601833994 12.3522219651
2.7891347145 16.9907248941 13.8532872201
2.5401840189 17.1487739340 14.8701576264
2.3437821274 16.7749281600 15.8132907320
2.6958066302 17.3296900274 26.7933314281
3.1961836705 16.9916178563 27.4094795433
3.2398732863 18.3564484183 13.2269926196
3.8604884993 18.6149614241 12.6798464606
2.7282363739 18.1153707012 14.2394500322
2.2000818963 18.9764450279 17.5895485144
2.0879401565 18.7242218818 18.1271044928
2.5281808861 18.2443585554 26.9848918281
3.0310472996 18.1545003132 27.5418413365
3.4499089721 19.0388340560 13.2874308249
3.8670998833 19.2772716572 13.1297269423
3.0749682671 19.2092720107 14.0350786928
2.6043467101 19.1441864199 14.8835115314
2.3627407538 19.8094397653 17.4933176019
2.1945359170 19.4505539425 18.2381847650
3.0642248695 19.2611621048 27.8356788193
3.5439377702 19.5157275613 13.5909213720
3.4524681361 19.9566522081 14.1789720347
2.9171365827 20.0187321483 15.0256835611
3.3927594720 20.3766258761 14.6938439720
2.6991546875 20.7784249502 17.1848140474
2.3762686087 20.5508635123 18.4122987472
3.1301939674 20.0407176024 28.0281291858
2.9799165197 20.8511219592 28.0339279607
3.6275342908 20.3367806775 28.4082580747
3.7490774664 20.4368920691 37.9884665291
3.8783436218 20.3134284908 37.9078613378
3.7736577299 20.2729509694 38.0164351636
3.8044699097 20.4205369516 38.1708335505
3.4732579363 20.8523894692 15.3180415195
3.1683902798 21.2155643979 16.3348713432
3.5403722671 21.4144935229 15.9015193935
3.1225774806 21.6042209226 17.1768205987
2.8369160111 21.7095186632 18.2318708674
2.3459313004 21.5961238503 19.3853217213
2.8368052192 21.8609502515 28.1069854115
3.5960221245 21.3537843490 28.5090003602
3.9568094034 20.6971940394 38.0277682827
3.7009020831 21.9287614906 16.5215731236
3.3599415959 22.2751573129 17.6622907509
3.1468408989 22.5247971393 18.4908683583
2.8100605972 22.6162536734 19.2884904832
3.2029272339 23.0348144544 18.9284763483
2.3211960343 22.5550632386 20.1902051357
2.6584818970 22.6661132842 28.1400181960
3.4416963422 22.5515867155 28.6787029702
3.0607331620 23.3977228345 19.4647515568
2.6581931223 23.5482457298 20.2062143090
3.1423890656 24.1552837258 19.7556560800
3.3366370783 23.5904600767 28.9584332386
2.7782729651 24.6209872368 20.5198116980
3.2849617954 25.1075641667 20.0085557653
3.5867102562 24.3078208467 29.4724104889
3.0593562713 25.2651259324 29.2362105930
3.6134469410 25.0829992916 29.9569076224
2.9138481655 25.5500427835 20.8077851443
3.4286425651 25.8836628570 20.2700380040
2.7686265696 26.0193205888 22.9805045070
2.7609614962 26.1265218172 23.5114166445
2.8529612843 26.3739973591 29.0426570244
3.3467804103 25.9090035236 29.9272536541
3.3040827730 26.2776793571 20.8456874680
3.3473231253 26.5403116147 21.3251540933
3.6892991143 26.6991527283 20.9075895634
3.3244203986 26.4573332129 21.9260772918
3.4322002991 26.3837071898 22.8968776350
3.2851745000 26.4835964765 23.8342467803
3.4979189093 26.8383428079 24.6270605037
2.7005325722 27.3458900710 28.2938376201
2.9690724231 27.3237988218 29.3070101417
3.2135962232 26.8677651100 29.9270802162
3.8401193149 26.7932310087 21.3778782391
3.2899569219 27.3382864829 25.6052912857
3.1164480983 27.7848763245 26.3523492731
3.5914307348 27.8851667310 26.1965650226
2.9534684895 28.0295545004 27.2862502374
2.9500122733 28.3704846320 28.3938362398
3.0098872761 28.2344145583 29.2958107139
3.1878013516 27.7814892472 29.9988084773
3.4816127834 28.5694499407 32.4819659366
3.4712685124 28.6960188572 32.0579601716
3.5353997685 28.1841219941 32.2496854260
3.6011931554 28.2752050415 32.7069528723
3.3920461348 28.1946616496 26.6723273304
3.5723609025 28.7828881950 27.2364091380
3.2418436815 29.0253484295 28.0630522064
3.5190319660 29.2460309948 27.6937243428
3.1231010505 29.0817871661 29.0321328918
3.1957439129 28.5060154261 30.0970845391
3.1883105292 29.0873944818 29.8781049683
3.3080129095 28.9920769082 30.5326967520
3.4842204349 28.9474295178 32.4600896915
3.5385741922 29.2908320516 32.1853585105
3.5881966494 28.8426421330 32.8673910987
3.6251753944 29.7270443502 28.0853744161
3.3690941830 29.7569042954 28.7957235044
3.5894452856 30.1311761829 28.6213018331
3.3281980166 29.8030071024 29.6400851834
3.3876852827 29.6800768897 30.4820657708
3.6073943575 29.3670401650 32.6525490216
3.6802209396 30.5554527192 29.2538929719
3.5443273261 30.3703460069 30.1908804019
3.3290476533 43.8236562317 39.3837610179
3.4143017445 43.9229151732 38.6563226623
3.4852789540 43.2404230225 38.9279501615
3.4961033650 43.1508415577 39.5870427578
3.3783818085 43.7509936828 39.9373320596
3.5754163374 43.3733493880 40.2318845855
3.8475122229 44.4392353664 35.7025262283
3.9703123121 44.3506743455 35.5066188116
3.8942324644 44.2132425833 35.6892478550
3.9037768289 44.5477141618 36.0791086649
3.2734830237 44.6192608241 39.2409840191
3.4023997638 44.8359764544 38.5135346837
3.3096735549 44.4204215415 39.9058025370
3.5214884858 44.0917133698 40.4548295043
3.9966290905 44.5939884773 35.6750683622
3.2976599815 45.4725870806 39.1471716792
3.4795402541 45.7661283179 38.5276126759
3.3045259497 45.2687574834 39.8148034546
3.4992358022 44.9814900768 40.4714736524
3.3839250900 46.1462659902 39.1106216728
3.5746374065 46.5081162844 38.7841664453
3.3680790804 46.0645298398 39.6655920371
3.5413874760 45.9020742806 40.3502165270
3.5388310053 46.7153808399 39.4326652039
3.5841994691 46.5963259328 40.0629974187
4.5734236049 2.6194675562 21.8395980854
4.6269698653 2.8383682229 21.3016393729
4.7977287305 2.2228477020 21.5689808647
4.8416999849 2.1291206802 22.0782795042
4.6402481035 2.7165145916 22.2757361948
5.1291571606 2.2690356253 22.5554114481
4.4136434309 3.5243559419 21.8863563210
4.4748888352 3.5705605655 21.0912070499
4.5639809417 3.1939999277 22.4216578595
4.8372666937 2.8776357978 22.6141732045
4.2983544077 4.5042329281 21.1785239953
4.5292047694 4.7474929245 20.3787602432
4.5722783831 3.9625419280 20.6130339248
4.2701355668 4.6182777006 21.9224026544
4.5504731069 3.6422633918 22.4643026245
4.4942098650 4.2985854057 22.4031281004
4.8926052157 3.8873949921 22.7503580867
4.1745024215 5.7219749228 20.8395178321
4.4796751282 5.5251821623 20.1491304780
4.1567928319 5.5400643773 21.7209061128
4.4272670883 5.2696146393 22.3935052842
4.9208736939 4.8102556664 22.8042245328
4.2730552938 6.4586040605 20.2775095453
4.7960628452 6.5814389018 19.6304253927
4.7425388246 5.7857424556 19.7873588670
4.0001583906 6.5927840587 20.8926514743
3.9330516055 6.7804736277 21.6031811364
4.3210662265 6.3866659650 22.4335052662
4.9148534944 5.8863995328 22.9160862227
4.2332045877 7.6036605331 20.0615895378
4.7835941331 7.6715932547 19.3517698703
3.8669673944 7.4573536472 21.0406778281
4.0832446751 7.7378199956 22.6405936743
4.8694045406 7.0554902112 23.2395443227
4.1253824131 8.8422867513 19.6435714180
4.6753725697 8.6991865227 18.8814213591
3.8364344700 8.6659294206 20.7463030785
3.7502540382 8.4722692315 21.9080944431
3.8938872225 8.8447196712 22.9983154899
4.8229856734 8.0313152141 23.8301060262
4.2604340670 8.7938935200 23.9513201317
4.7970691075 8.6258834322 24.4853454036
4.0023028417 9.1961218900 28.3776165000
4.4600696815 9.0735051254 27.6800982103
4.7743312183 8.7388404413 28.2161104654
4.7787081581 8.4399209336 29.0784009597
3.9976387380 8.9947157373 29.5472443375
4.5488308285 8.3614104791 30.1559660118
3.9776825216 9.1084833276 30.6795497198
4.5359085964 8.3442424250 31.1698527778
4.2384638763 9.0495091073 31.6598052610
4.6431163741 8.3570632960 32.0848573847
4.4910272028 9.0158244954 32.3082995365
4.7922007436 8.5676330013 32.7080047673
4.1133099545 9.7937587811 18.7565653808
4.6174613880 9.7315228652 18.0355056817
4.5875941587 9.2687971722 18.4748600096
3.8368565002 9.7250984864 19.5514182028
3.6499314141 9.8210530435 20.3444745266
3.5861258344 9.8510474713 21.6208409420
3.6857766009 9.6905412020 22.8115154273
3.8601953095 9.5201083349 23.7252343451
4.6940467902 9.0657576424 25.0303081188
3.9771696248 9.7459537635 24.9575428345
4.6657461477 9.3283762736 25.9717088726
3.9859668771 9.7352194737 26.3041436537
4.5756083552 9.2500579712 26.9435105695
3.9521033851 9.5351028043 27.3205561292
3.8775734830 9.8970446053 31.4307965126
4.3249315664 9.6918581351 32.1487810065
4.8361090416 9.3815742045 32.7636992603
4.1655161355 10.7253371167 17.6388893917
4.7587433329 10.8706039460 16.8460166476
4.7799990181 10.2007837878 17.4520067807
3.6176557842 10.9541960763 18.4661140142
3.5506011142 10.4962610565 19.4886966792
3.4865177395 10.9378490682 22.7040189516
3.6068183417 10.5327317635 23.9642236086
4.2515180451 10.5141767916 31.9960094560
4.6935771640 10.1781510986 32.4574641477
3.9662307984 11.9402346353 16.4424529679
4.4689331511 12.0955821756 15.5055269092
4.9738280723 11.4859852782 15.9631532785
3.5471366801 11.6430387274 17.5856459192
3.3411104659 12.2415936164 22.8108115064
3.4159198485 11.8859510304 23.9578325164
4.8975463833 10.8996662938 32.2923561776
4.3276261610 11.3783499387 31.8255788698
4.9273610464 12.7222753549 1.9079500077
5.2930607845 12.6975655361 1.5862367281
5.1125549588 12.4622763297 1.6872893420
4.9454457832 12.4542493755 2.2084852178
4.8080425360 12.8627711490 2.5445420191
4.8934574156 12.5236723310 3.0996309165
4.7366651061 13.1010528377 3.5929859131
5.0130338854 12.6046447062 4.2999651892
4.6666730083 13.2374890124 4.6973751843
4.8915655920 12.9639338164 5.1617199753
3.9400496282 13.3118067502 14.1119637995
4.2798695663 13.2640046847 13.2897487114
4.6987835806 12.8296137338 13.6727857300
4.6532066695 12.4550757092 14.6425565954
3.9483160041 12.7109382702 15.2468865077
3.1717667255 12.8382524173 22.2601912823
3.2332243905 13.0915451291 22.9612807173
3.3059711888 13.0973101499 23.8732527674
3.3294828503 12.9573814736 24.9278937346
4.1204085530 12.9194250393 31.1145838653
4.4404453083 12.3154532913 31.5127021162
5.1151920278 12.9951908373 2.0913870726
5.0097579157 13.2455573994 2.8952291206
4.9100838807 13.5092977501 3.6456089667
4.7045604223 13.6265425451 4.3833568253
5.0964568034 13.8513968608 4.2036592262
4.7062728521 13.3154875048 5.5142238794
4.6034793394 13.7912290439 5.4805260654
4.7712520343 13.5240841923 6.4501507783
4.5045771087 14.2720686385 6.7483887072
4.6708686519 13.7833539518 7.5634106948
4.3255749990 14.3850444391 8.0241160509
4.5444362172 13.8754631089 8.4505466955
4.2569667033 14.2397080278 8.9324049320
4.6448303345 13.6731040249 9.3628845414
4.0385252618 14.3277481193 9.9033165237
4.5008259540 13.6375256309 10.5321279677
3.9437539103 14.1479952607 11.0717055931
4.4007742069 13.5461453861 11.6117835041
3.8778007127 14.0116672951 12.1190137306
4.3112212512 13.4352271190 12.5554564030
3.8543036192 13.7774275057 13.0876711734
3.2507569914 13.8687567880 24.8906648640
3.3035330415 14.0891170461 26.0320099918
3.3983737254 14.3287790820 27.2253652545
3.4851524228 14.3672420016 28.1304355572
4.8054661147 13.1339541966 31.1833575574
4.1883574682 13.5532183208 30.6720252570
4.8567752663 14.1091252328 5.0174061506
4.6731080236 14.3582254840 5.8441282260
4.6628259136 14.8843103531 6.4943590572
4.3639599445 15.1711409967 7.5644522456
4.7223888549 15.5587261266 6.9587478104
4.0241913695 15.0431084147 8.9821555160
3.3996257806 15.2755134464 27.0916976306
3.6532828881 15.2691416295 28.0207358923
3.9026279470 15.0401988476 28.8860726966
4.3479238227 14.9962117996 29.5445628708
4.5270725525 14.3874156398 30.1053222991
4.5214475302 15.9445390211 7.5560869351
4.9391344666 16.2417748640 7.2751110834
4.3607828431 16.0075202483 8.3391155310
4.0489343885 15.9456878669 9.5804874345
3.7825243690 16.3338872819 10.7324152881
3.6114638702 16.4088781144 27.9053868378
4.0949282785 16.1908260547 28.6889198148
4.5882762047 15.8362141984 29.2791189541
4.6310599359 16.4813319500 7.7690399010
4.8989587056 16.7178497129 7.5957744085
4.6656015932 16.6170108580 8.1772098475
4.7793316215 16.5061795289 8.8925828539
4.5483570272 16.5581418012 10.0649465244
4.2225984453 16.9394764548 11.0309173200
3.9900209245 17.4129206042 11.6875174898
4.5934171603 17.4634819019 11.3881796605
3.5209140631 17.5257325424 27.9880357961
4.0750530886 17.4742127096 28.5860230437
4.7830111240 17.0800540917 29.1051149519
4.8084263194 16.8142365075 7.8561520863
4.1902667121 17.9829903187 12.0008535446
4.8955870006 17.9974930099 11.7923244159
3.6630457542 18.5706264792 28.2718168911
4.2512114682 18.4968293987 28.7542803439
4.6180002003 18.0481080933 28.9818776263
4.3547608421 19.0384789533 38.6513098029
4.5687002300 19.0716211120 38.0379994805
4.8312053707 18.4986578618 38.3759107296
4.6365421957 18.4400525739 39.0032858125
4.3220281040 18.9121686419 39.4717013690
4.7494052672 18.1338661729 39.8056444579
4.3640518712 18.8248077966 40.3286388721
4.6398197596 18.2133997073 40.7775798538
4.4215998179 18.8222438982 41.0039861003
4.5995520637 18.5144939851 41.4170328150
4.5040411251 18.4964126472 12.2559321091
4.6070648951 19.1282293939 12.8067669588
3.5249337936 19.5511397602 28.2667169118
4.1603858732 19.4869420663 28.6780739248
4.0717399512 19.9074993326 38.1663777659
4.6366100435 19.4701438928 37.5949064079
4.0751773519 19.7441390314 39.1288051778
4.1504865024 19.6222116089 40.0306861938
4.2947506799 19.5040130155 40.8559937332
4.5081959936 19.2204592351 41.5460718443
4.1604797599 19.8379239977 13.5891860600
3.9126461198 20.4523577908 14.3956206759
4.7415240008 20.3895224629 14.0613793581
4.4594602018 20.6560556375 28.8195532765
4.3267607522 20.2116443596 37.6047096816
4.9328207638 20.2944987529 37.2116876743
4.8470653182 19.7721347717 37.2481004603
3.9491620249 20.7717071102 38.8509324907
4.0334149312 20.4063263964 39.7407151168
4.2096750224 20.5005015552 40.6434202058
4.4564293805 20.1366085233 41.4618362579
4.4493874706 20.9857365215 14.8654624241
4.0167769142 21.4770493285 15.5950133536
4.6119407486 21.4856355008 15.3677257532
4.3758571454 21.7701031393 28.9160521044
4.4687204901 20.9555173516 37.6383395155
4.1336638091 21.6835354988 38.4138460604
4.6849849844 21.8040676404 37.7745911850
4.0100664700 21.8952047405 39.3279575179
4.0898751390 21.4389555059 40.0754324821
4.3122657094 21.4219436656 40.9273676886
4.4452662884 20.9628843227 41.3561372280
4.5361718649 21.9504600038 15.9451369198
4.2229372347 22.4241123382 16.5475084419
4.6339616639 22.4731295458 16.4050282994
3.9577073936 22.8174234138 17.3188219097
3.5121981300 23.0157304916 18.2795350677
4.2877514872 22.5242505275 29.1104307168
3.9819712110 23.1447266531 29.2271083363
4.6609637729 22.8953181886 29.4297789276
4.2858777040 22.8051621848 38.4273361838
4.8253884482 22.8007034530 37.8608246647
4.0523252542 22.8065139045 39.2409113494
4.1110930952 22.7463043387 40.2062273725
4.3165710511 22.2746486925 40.9094246708
4.4548506570 22.8024015304 16.8240360792
4.6407407977 23.3629347867 17.3577419536
4.0163211784 23.7895387212 18.2340440829
4.7903876701 24.2034837014 17.9022000069
3.4338242213 23.6580426604 18.9981214047
3.8191737895 23.6697171013 29.3637822100
4.5160699551 23.6300851728 29.7867918625
4.3351790021 23.8832408611 38.4284250219
4.8375749373 23.9420199187 37.8383859518
4.0731920874 23.8601081719 39.2093387088
4.0578636495 23.8223618422 40.0871046244
4.3131138647 23.1121235220 41.0172294505
4.2227660801 23.7924993052 40.8995054499
4.4516376795 23.6948663928 41.4909024975
4.2612698566 24.8446555847 18.6256858092
4.8861668654 25.1331212448 18.3032931684
3.6635863377 24.5566114248 19.1891032374
4.3205832434 24.5425327360 30.4027249389
3.9362330142 25.5224905594 30.8039080999
4.6134159227 24.9911807773 31.3214707346
4.3802528183 25.6106076216 31.8272584928
4.8058919857 25.1981437064 31.9775233194
4.3291672617 25.0077196989 38.3804559661
4.7845432299 25.2088299069 37.6208666393
4.0703688096 24.9422079226 39.1992002993
4.0263966862 24.8993241352 40.1047733540
4.1673448554 24.7688204341 40.9544605711
4.4359512930 24.5163672146 41.6578735115
4.4641444300 25.5782021166 18.7563604480
3.9516109880 25.6928849910 19.4424559775
4.5656286192 26.2126663984 18.9819273110
3.5679077112 26.4975349063 30.6980487337
3.9198397857 26.3810690177 31.6193882573
4.8863583136 25.5885445618 32.5780123534
4.3726232543 26.3707006839 32.7214749460
4.8938290136 26.0217341631 33.2265040498
4.2895912602 26.1346282757 38.3294751752
4.5463809817 26.4635455358 37.6443112138
4.0644700952 26.0267847892 39.1680274795
3.9992180343 25.9879705288 40.1054153179
4.1276253125 25.9554602151 41.1370181014
4.3751798269 25.5267202063 41.8200240760
4.3519830857 26.5092780643 19.5171286676
4.8912267552 26.8388967599 19.1377652169
3.9109682474 26.4947826111 20.2221603543
4.6043922995 26.5419282473 22.6744376574
4.0596176121 26.7039114292 22.0193801842
4.2346053525 26.5820913330 23.8482209491
4.3605075738 26.8449577429 24.7540237396
3.4169187776 27.4198265842 30.6917617424
3.6365063698 27.1248837083 31.3751916498
3.8022433623 27.4839627068 32.4173370606
4.7858239242 26.4828141583 33.7767658320
4.2599832294 27.3669464279 33.6971872640
4.6434359457 27.0380927123 34.3718495158
4.2795042842 27.1234779544 38.3033705304
4.4557415841 27.2902705505 37.7697314421
4.0960295223 27.0644164643 39.1025475978
4.0051229957 27.0260903590 40.0346430867
4.0610912344 26.9995216249 40.9918795367
4.3328562276 26.3541467900 42.0062202486
4.2375057091 27.0042078282 41.8603964041
4.4567146315 26.9359383228 42.4858116234
4.6689928648 26.9146353872 19.8560267072
4.3001620367 26.8884892066 20.6829667192
4.5714781613 26.8786371799 21.2929631622
4.0438169388 27.1587452916 25.2531734183
3.9584474866 28.3350859145 26.6130000644
4.3950162553 27.6121996076 26.0812729255
4.5629071104 28.3223356909 26.7234777361
3.3533046943 28.3305875287 30.7098641316
3.5180214088 28.0434677974 31.5499953502
3.8586888384 28.4290495883 33.4441690589
4.4417751965 27.5909986466 34.5934072493
4.2106070863 28.3386906703 34.5721780932
4.4656374224 27.9902885348 35.1395305206
4.3530703364 27.7932266023 38.2009475437
4.2192985603 28.0448012620 38.9496466273
4.4276880566 28.5222061625 38.3878468548
4.0946862815 27.9936061544 39.9087827388
4.0974298788 27.9557033837 40.8618359337
4.2253449139 27.8822304880 41.7559851450
4.4561413315 27.7162136928 42.5344917976
4.4144240987 29.1448316862 27.1550104558
3.8409865969 29.3943364513 27.5241193008
3.4902598188 29.2137692534 31.3782423521
3.8343392677 29.5270434932 33.3507015265
4.0576300118 29.2714023374 34.3580195321
4.3841551956 28.5546748680 35.3712401851
4.2786314540 29.1697020834 35.2301277379
4.4669282008 29.0183912418 35.8392765864
4.3641255623 28.8640502371 39.0395138021
4.5717626155 29.2505423883 38.6821915483
4.2786401306 28.8480760233 39.7367544788
4.2512170368 28.8306011922 40.6609735873
4.3096278772 28.7400427213 41.5665503672
4.4829779378 28.6093916038 42.3750058038
4.2554105469 30.0484738809 27.7058543261
3.8979428580 30.3737729728 28.3606003794
4.3010480891 30.6787348001 28.0539675368
3.6602753984 30.3561159751 31.0648477073
3.8221767714 30.2125609524 32.3423190603
4.0544186017 30.3985975361 33.4263244596
4.1366735606 30.1609524835 34.2332443814
4.2839367884 29.9607632677 35.0971955442
4.4732482717 29.7609423399 35.8568829117
4.5496836910 29.5138141348 39.4177602065
4.5322051770 29.6003470367 40.3484455554
4.5489739105 29.5271877078 41.3162391767
4.5680102305 29.2875204702 42.0748230179
4.1374231256 31.0205455247 28.6249550762
4.0862007121 31.4772498000 29.3756977196
4.4317936824 31.6915793234 28.7598039236
3.8820358263 31.2084200711 30.3594105972
3.9948799308 31.2311080448 31.5155188327
4.1670521357 31.3265953032 32.3500723406
4.2327184014 31.1164513977 33.1328222903
4.3334596756 30.9870021705 34.0649034956
4.4314242944 30.7836546471 34.9702335017
4.5236191559 30.4908829507 35.6678435105
4.3807492433 32.0652931846 29.2981552720
4.5981561444 32.1564153395 28.9500812799
4.2633723825 32.1013728420 30.0318926015
4.2189470374 32.0616144925 31.0164107736
4.3287939482 32.0598985658 31.9559352735
4.7460721477 32.6994043582 29.5110424003
4.5302832999 32.8397751238 30.7092398619
4.4893524393 32.7196154116 31.5613571905
4.6217567036 39.5256413114 40.8020717824
4.5288406475 39.3625511661 40.3098517183
4.7468421151 38.8797509547 40.5896133404
5.0475093314 38.8553969055 41.0067296254
4.2218234089 40.6398269242 39.3200039496
4.3879882455 40.5255316047 38.5214439837
4.5249934501 39.9476555740 38.8875774415
4.4946388518 39.6257385993 39.6443106769
4.3473378200 40.2353487376 40.3331379996
4.5819567937 40.2320565453 40.9806198404
4.9981729540 39.7042918501 41.2350472863
4.1040471803 41.4144296504 38.3917986891
4.4599456119 41.1262826391 37.5625276009
4.4187693955 40.7511693389 38.0965193771
3.9462024109 41.6298489156 39.3598023290
4.0984873979 41.3490592194 40.1592951259
4.4343173857 41.0666135207 40.9171963736
4.9662708233 40.6480286409 41.3700426236
4.2238692802 42.6464057833 36.1781974633
4.5424500129 42.4564747579 35.3553278269
4.6195039445 41.9785242897 35.7714386616
4.5316664365 41.6653401887 36.6149767575
4.0692719411 42.1993082250 37.4021193454
3.8669590531 42.2480333642 38.1784169420
3.7313676752 42.4272913206 38.9299139043
3.8094036176 42.4873658180 40.0394664251
4.2247476409 42.1670475856 40.9062933187
4.8728983040 41.7768866616 41.5400427265
4.3485153741 43.1453560340 35.3654830200
4.6838748118 43.3661983365 34.9087944799
4.8386159212 42.6437752375 34.7988517680
3.9688116430 43.7468259022 36.0393557887
3.8497729579 43.3454575647 37.0413318107
3.6836994799 43.0477243466 38.1119475607
3.9749518169 43.4770348065 40.9846835637
4.5494734965 42.8539739110 41.5817336941
4.2212863925 43.9219591823 35.3365798816
4.8408072095 43.9880687871 34.9644631718
3.7865930298 44.3728789744 36.9034749966
3.5977476551 44.1018645646 37.8109212848
3.7879246495 44.5463005193 40.9717795280
4.4967228908 43.6988539443 41.7222715019
4.2969180960 44.5816960273 41.5884700589
5.0098309427 44.1937248400 42.1086624004
4.3363292937 44.4893985635 35.3840271870
4.3099221630 45.0641270224 35.9099870023
3.9888732960 45.3544706161 36.8384223203
4.3728952342 45.7644469266 36.4327209874
3.6543534537 45.1387346903 37.7400386740
3.9369853829 45.5282352163 41.1196700081
4.4306897448 45.4845996338 41.7448379727
4.7920102134 45.0674228750 42.0367468564
4.2207035612 46.1881681215 37.0092848771
3.8763989997 46.3694339399 37.9062625958
4.3294942603 46.9716473265 37.3377854467
3.9500515131 46.7187597695 40.7901434803
4.4160115962 46.3216009531 41.6105339635
4.1466217917 47.5222515124 38.0986808769
4.4336440419 47.7446651401 37.5927497039
3.8620827643 47.3473250993 38.9610198997
3.8340052210 47.3083589276 39.9710318626
4.1909387944 47.7803154762 40.6963612531
4.4847350618 47.3547423748 41.5057042769
4.3516641288 48.2158618892 38.0719577808
4.1949867611 48.2957952212 38.7277867067
4.4765984239 48.8941077636 38.3375035244
4.1829010939 48.3908448482 39.7831169478
4.3981016047 48.5395840314 40.6932464683
4.5403152345 48.1992934569 41.3132525608
4.3831050245 49.0898251109 39.0892137674
4.6294687669 49.5534390593 38.6652855873
4.4539428693 49.2819582588 39.7242876171
4.4858981548 49.0766304484 40.3286633071
4.6149534680 49.6867931512 39.2744259480
5.5400974075 1.5647696150 21.1839592402
5.7399693280 1.7416227399 20.7090336864
6.0829161454 1.3717003462 21.0839888349
5.7797036093 1.3099387061 21.6694005963
5.2011442167 1.7019148898 21.7029164324
5.5399867087 1.4349418105 22.1247303156
5.2085203485 1.7435129804 22.2619984712
5.6331419945 1.6762973289 22.5045872004
5.1596948251 2.2282019339 20.8972262810
5.7336507144 2.2123966905 20.2524852714
5.7384547612 2.1584044060 22.7621006497
5.3331989436 2.8981715239 20.1536542227
5.6924816369 3.3564764569 19.7043367969
5.8262503826 2.6859237267 19.8528896916
4.8086041788 3.1992496438 20.6318783853
4.7852824191 3.3217454115 22.6731032972
5.4164311431 3.0386332187 22.8392332297
5.0271844457 3.8994255381 20.0466651972
5.5762745774 4.2784816984 19.5670306440
5.5680941386 4.1489036285 22.9702089328
4.9323776377 4.9420892544 19.8172765033
5.4404494583 5.4377248459 19.4697716746
5.6321573873 5.2369413868 23.0740839897
5.7181694860 6.1552666688 34.6108844197
5.8503296253 5.8787798220 34.1575346507
6.1096545878 5.6177826920 34.7547942785
5.9729040026 5.9455742223 35.1389991493
5.5510211282 6.5884055351 19.2859846163
5.7099793365 6.4435690736 23.2993698407
5.4677947880 6.7347209035 33.8446306974
5.6376668219 6.5395309735 33.1863072151
5.7089953403 6.1704451758 33.7034246097
5.5780219686 6.7545953248 34.5209818312
5.8105676382 6.4447386897 35.1237438101
5.5727420040 7.8188062621 18.9257792451
5.4649102903 7.2802261569 23.6329212695
5.1584255146 7.5838885007 23.7267714838
5.6422525780 7.9946380963 24.0889966754
5.2348328431 7.8686060665 29.8459811292
5.5667399895 7.9749748649 29.1849022934
6.0138687937 7.5877601304 29.7544679081
5.6901376812 7.4554211093 30.4119786168
5.0917556750 7.7616249390 30.7388235285
5.7689889986 7.1606454720 31.2966109769
5.0759371879 7.6643201580 31.7274715081
5.6087787080 6.9417880892 32.3043681768
5.1430148678 7.5915856113 32.8552707764
5.2531697006 7.5667372211 33.5613740702
5.4913938282 7.4880296445 34.0908606379
5.8052826497 7.0779024159 34.8254648282
5.9602422099 7.0399322736 36.4712688714
6.0339641106 6.9868273893 36.2866373709
5.9991335678 6.9142296820 36.3149024571
6.1283051802 6.9099403929 36.4816719745
5.1366234891 8.9173453682 18.3199471597
5.6576447755 9.0512361854 17.9686123449
5.9462287343 8.4948717063 18.4332078336
5.2714629537 8.4686762481 24.5574904284
5.1467442166 8.8118659144 25.0048259427
5.5810887624 8.8269217990 25.0944287194
5.1580080241 8.8696479630 27.6203770654
5.6301190147 8.3991732260 28.4398771311
5.2223542326 8.4216354236 33.3704445561
5.7577502195 8.1633769087 33.9359272729
5.8434380288 7.5851923870 34.3863641943
5.9988892477 7.0554809788 36.4865641233
5.2020159809 9.5737960646 17.7147685138
5.3759198664 10.1803894453 17.1512917481
5.8829016864 9.5403963657 17.5380013216
5.5319277318 9.1325148853 25.7949180583
5.3940898564 9.1114774149 26.8168277885
5.3439270606 9.3539148591 33.2014985908
5.6928584750 8.9480124091 33.5377546069
5.5113851820 10.7744209822 16.5364165575
5.7590897510 9.5373939103 33.2577164072
5.4619539562 10.1368940234 32.8014774101
5.3795583115 12.0984523914 1.8884525964
5.5803239813 12.2842692763 1.4586006995
5.8880123479 11.8650903978 1.6207773242
5.9958441203 11.5858218279 2.2923052279
5.2904847631 12.0579031225 2.6780147758
5.8095555822 11.7500103705 3.3149456517
5.2642227868 12.1337015622 3.6043401307
5.7225330051 11.9523946578 4.1405578813
5.3320575217 12.1806816222 4.1987080458
5.5859723435 12.2517031232 4.7385845221
4.9666400816 11.9437272559 15.2199422057
5.2650073944 12.0690902580 14.7291786635
5.5789609178 11.7099489239 15.2772809802
5.7503037931 11.1920635176 15.9921666120
5.7451155101 11.0816138830 32.3505232889
5.1472492007 11.7359320044 31.9650512583
5.9072723674 12.5554515715 1.3954013808
5.4439975198 12.6818662448 5.4767449653
5.0428291656 13.0760647545 5.9471175230
5.5867505763 12.9542381779 6.5151378037
5.1837964881 13.1678640557 6.6855634293
5.5336449826 13.1023589409 7.2166217704
5.1452877800 13.1865413360 10.0952057988
5.2210735022 13.2376621181 9.2544044603
5.7360313901 12.9903908254 9.6097678899
5.8465297046 12.7398067356 10.6936221257
5.0560577007 13.0934446159 11.1738702285
5.7097306137 12.6101474340 11.9545633035
4.8894535514 13.0445084528 12.2093731080
5.2786354944 12.6848201733 12.9967395199
4.6808372869 13.0340905770 12.9565885895
5.4294819935 12.3492539048 13.9907546219
5.4087705583 12.5546354509 31.5750154131
5.6791787949 12.9358707236 1.7664239440
5.6019038669 13.2150625501 2.4924281623
5.5062188950 13.5475738132 3.4705375815
5.6187509939 13.8865115897 4.2203998540
5.1192625050 13.3306757256 7.3797304713
5.0439230366 13.4213948825 8.4045922831
5.6613156836 13.2563639006 31.1521273364
5.1295682293 13.8273591506 30.7008702330
5.3939095995 14.1966904049 4.8249783420
5.1123983762 14.6438391750 5.6820564586
5.0136001731 15.2093399436 6.3510805530
5.5542199463 15.1157586274 6.1103650840
5.5198198774 14.5436946731 30.1457003806
5.0579913216 15.2710186897 29.7167007729
5.2548464082 15.6910693994 6.6891562372
5.8786154143 15.5656665596 6.5916052300
5.4256872947 16.3240499579 29.3639263082
5.3501275110 16.9238759458 41.6611904464
5.6155542519 16.8413637645 40.9097667532
5.7982099951 16.4398202385 41.4473449374
5.8264877369 16.0753447306 42.2161655787
5.3891200354 16.7210526125 42.7456115434
5.7982580436 15.9917467624 43.1933309499
5.4036312898 16.6772530689 43.6394018656
5.6814699024 16.2611482452 43.9891344114
5.4119148545 16.7553821435 44.2447128750
5.5732406120 16.4376523815 44.3459126510
5.4218246590 16.8174996733 44.4587059049
5.6469987918 16.1236622518 7.1139177636
5.2755444244 16.6277486220 7.5327486970
5.4594808487 16.6352831750 8.4826119613
5.0022288447 16.8075504085 8.1508079645
5.5712830512 16.5457423750 9.5719674163
5.0390256740 16.9521944995 10.6374287869
5.3863271509 17.3897884624 11.2455612128
5.4905840261 17.3560039552 29.2073764977
5.1548579081 17.4551538180 40.6083107810
5.2993920382 17.5770539669 39.6921878666
5.8108187936 17.1511393113 40.1070696054
4.8863348562 17.8439944444 41.5050310435
5.0665845442 17.6214051270 42.4271941706
5.2059630367 17.4360011741 43.3487919213
5.3019179634 17.2525190268 43.9966952276
5.4763573470 17.4342982900 44.3993855810
5.0495879218 16.8677146945 7.7658135204
5.6691991581 17.8859804315 11.8165768922
4.7486958320 18.9200038898 28.9975038932
5.2684129313 18.2645557399 29.1288850903
5.2112829840 18.6861569714 37.7414856253
5.2623624413 18.2018596443 38.2684644584
5.1764383063 17.9727548277 38.9058176347
4.8013935804 18.6578097144 42.1736351325
5.0948486376 18.4219362401 43.0992649933
5.3848325605 18.1328546536 43.9440984033
5.8176724716 18.0983119653 44.4182611581
5.9175336640 17.7027152294 44.6103187525
5.1875951146 18.5296058823 12.2386543461
5.6574360798 18.9932849357 12.7883494638
4.8719454890 19.8395999336 28.9955442123
5.3451459756 19.3439102799 29.1016919636
5.1131529733 19.2783424689 37.2766020803
5.4499157353 19.5831633939 37.0564817353
5.5616020887 18.9701459685 37.2369512144
4.7563553421 19.7923515231 42.1995259278
5.0175510455 19.3641022685 42.8436721708
5.4235942698 19.3992150146 43.5652184514
5.8063979723 18.9097110169 44.1363267746
5.2300872207 19.7640287963 13.4181362944
5.4354953409 20.2812077426 13.9806639248
5.1680412579 20.4714377901 29.0321945024
5.3806574538 20.0306853352 29.0885332660
5.5926737419 20.2133896123 37.0337647953
4.7404044534 20.8389560623 42.0434502295
5.2121734643 20.5625165931 42.9376893375
5.7686758057 20.5224270230 43.5472138870
5.9575832735 19.7736014913 43.8880725401
5.2740719020 20.7084468094 14.5135725386
4.9029209305 21.6212050880 15.5314450272
5.2078138472 21.2320799385 15.2354925083
5.2407428683 21.7166973339 15.8219924853
5.6655115945 20.4462651122 29.0552365313
5.4960736886 21.2128397616 29.0633051757
5.1440364479 20.9391279399 37.2922771351
5.5573658252 21.5994253375 37.4722920845
4.6281154243 21.8671103787 41.6869414310
5.0681086402 21.6812151222 42.5455317829
5.4367034757 21.5898055474 43.0861757351
5.6736744121 21.2575911332 43.3548536152
4.9613277458 22.7964194762 16.7486899676
5.0964226014 22.2453635770 16.2644089486
5.5504885288 22.4733670795 16.7004481419
5.0700365045 22.2506319054 29.2717888912
5.5149351807 22.9705160728 29.7236008816
5.5622164262 22.8183527340 37.6362701022
4.5782804794 22.9774714438 41.6281432064
5.0347716272 22.8398101435 42.4601458660
5.4388874387 22.3558945095 43.0238605586
5.4312375298 23.2641501590 17.2375211652
5.0265052708 23.7131763198 17.4853637767
5.3914497343 23.6185300370 30.1897305148
5.0127357867 24.0351691783 30.4380967073
5.7277602483 24.0876259698 30.6961674474
5.5161435569 24.0656253215 37.4745868321
4.8124629883 24.0031069847 42.2607843076
5.4770966686 23.0977117082 43.0759264441
5.3389793008 23.8258605583 42.9700821748
5.8122223171 23.5787401874 43.3488618555
5.3096999224 23.9252934275 17.5900225678
5.5677714561 24.5249551933 17.9234604577
5.1442767497 24.5062252184 31.0441968002
5.2579610734 24.9548283553 31.8514377142
5.0700207497 25.1997094138 32.2597323224
5.4375068495 25.3378390971 32.5622300897
5.2973659426 25.0403494169 37.1190523766
5.4913450798 25.3966545726 36.7454189614
5.7964248016 24.7335629229 37.0765821533
4.7452301728 25.2178595213 42.4836037401
5.2458671635 24.8609834421 43.0699844753
5.7752106149 24.4730877012 43.3910303330
4.8797512531 25.8487869137 18.5521757296
5.5504399776 25.6513494124 18.2822904721
5.5031892209 25.8188150366 33.4713861842
5.1121731574 26.0790058622 33.6552925199
5.3608673149 26.1532985023 34.2193631613
5.0047423042 26.0109943844 36.9311849131
5.4086322989 26.0087243224 36.2706573491
4.6135738942 26.2425158284 42.5959448073
5.1340639445 26.0788089037 43.3734939214
5.8273588314 25.4772584609 43.6981319640
5.1431055418 26.4533758309 18.6474857542
5.7753941003 26.5598581756 18.4770225818
4.7331099322 26.7308937417 21.8812346948
5.1781164830 26.5170987666 22.0405572767
5.2685841786 26.6801850005 21.3647373029
5.3866101715 26.2863111511 22.5617501112
5.2564075618 26.3017822124 23.4714016283
4.7661292696 27.0301437134 25.4174620979
5.3036878399 26.5037637901 24.7609745046
5.0060456753 27.1798007061 25.9458533596
5.4877590437 26.8186170203 25.8621313002
5.3597696653 27.2684336934 26.5031288440
5.0785384964 26.5682114918 34.6775240616
4.7735197347 27.2604543933 35.1966323074
5.2751034523 26.4671193449 35.5291933690
4.9273614874 27.0195918115 36.2497159809
4.6845057695 27.1390286761 37.1676972052
4.7817974803 27.2516572162 43.2136724910
5.7132665665 26.3127226649 44.0961147269
5.2156591091 27.1065065315 44.0341033304
5.6251414815 26.7739349568 44.3430035786
5.2973063955 27.2546406953 44.3435533444
5.4218845024 27.1430680566 18.7574097290
5.8076224153 27.1717957992 18.6474649147
5.4368101796 27.2145224756 19.2474291754
5.5054765580 27.4510072989 18.8286149483
5.3103092245 26.9187014216 20.3810654579
5.0132539695 28.6441183839 27.1487965968
5.1019838510 27.9217141234 26.8698543456
5.4643072361 28.2690563196 27.4488258188
4.6198241510 28.1919504349 35.9132660118
4.6897013761 28.1311600398 36.9002775436
4.5391477561 27.9962226680 37.6879539154
4.7632256632 28.4117893218 43.1301568182
5.0497631591 28.1399271790 43.8297455626
5.1915178233 27.8545536823 44.2240429243
5.5800847498 27.4436728295 18.7015449836
5.1056604250 29.3465626521 27.3360338697
5.4784350418 28.9718389062 27.6204117115
4.6682651399 29.3050990941 36.6113817571
4.6902951703 29.1083802786 37.7813533736
4.8248698843 29.3127695924 42.7437628278
5.1942469606 29.2172254278 43.5371096858
5.3980017445 28.8405074625 44.1100532133
5.1407815560 30.3179744287 27.4897205183
4.6744879200 30.7037947836 27.7414283813
5.4950868429 29.7036303134 27.6103360139
4.7544850108 30.4498000935 36.3824969972
5.0296631817 30.3179803425 37.3637041336
4.9770423355 30.1019081921 38.7431846445
4.8293761748 30.1554536043 39.8767139819
5.0248573978 30.3751797938 40.9243206107
4.8917105048 29.9292312251 42.0388086693
5.2657098726 30.0619378671 42.8087689079
5.5691550859 29.8801693989 43.4164314483
5.7229106940 29.4939136690 43.9254303180
6.0356421972 29.2869884529 44.3106979302
5.0630785451 31.2257154253 27.7559338688
5.4919398765 31.2402787993 27.5678430306
4.5909192120 31.2363051691 28.1527340120
4.4623564664 31.9982249562 32.8717943201
4.5498795956 31.8345428582 33.8255799906
4.6399746005 31.6596512646 34.7957449160
4.7885547904 31.3555553145 35.7911443687
5.1251675147 31.2714804630 36.6824877053
5.4646921821 31.1246935280 37.1816615624
5.5793056962 30.6297694799 37.8726192866
5.4991871272 30.6166046960 38.9639731763
5.2348508866 30.8642613217 39.8558868898
5.5237687556 31.0284273669 39.7112567263
5.4017182243 31.0500752407 40.4397503293
5.6581772005 30.6570309301 41.2597610736
5.3312851365 30.5500643835 42.0230490787
5.6185846219 30.7389374859 42.0584668785
5.4862950248 30.6000430640 42.5235772386
5.7306068924 30.3410542596 42.8650538676
5.4240246626 31.7298862154 27.8118176191
4.9753451859 32.0147973309 28.4119552590
5.6274147081 32.2680071682 28.1483550171
4.6836342220 32.9503479529 32.4867373970
4.7736649871 32.7630663047 33.5588635723
4.8270313766 32.5568669396 34.5360958123
4.9494856158 32.3950519278 35.4341178506
5.2004896729 32.2096932976 36.2154442024
5.5613370811 31.8947238395 36.7323815269
5.4011486243 31.4000655660 39.9662112308
5.4985924697 31.4055419006 40.0322411796
5.3789163690 31.4068201792 40.1167660073
5.5116915808 30.7704270144 42.2842587326
5.3717699290 32.8455780853 28.8294436958
5.2368190943 33.5909801813 29.6501918582
5.7147561740 33.4764821041 29.1495793386
4.8952470304 33.6707247106 30.5590773807
4.7873100054 33.5800969031 31.6962350283
4.9104901554 33.7101581123 32.5200311556
5.0903540197 33.7989910890 33.2619883040
5.0392129397 33.4565430583 34.2735546587
5.0540122955 33.1554236475 35.0711685265
5.2788027870 33.1825465706 35.7475906035
5.5723923883 32.7726226983 36.3136732169
5.4313106988 31.5706414188 40.0814219611
5.5701419082 34.1060033879 29.7207998078
5.2705717326 34.5713828485 30.4932962673
5.7116766204 34.7608916671 30.1032537133
5.0443358821 34.5625302318 31.5057013910
5.1605533579 34.4615588266 32.6105483374
5.4481002432 34.3418730452 33.0855243799
5.5290479859 34.2147591105 33.4134231065
5.3231517207 34.3429974630 33.9117502274
5.5821821987 34.5949788883 33.6326400415
5.2806769141 33.9185205845 34.9109965187
5.4560978707 33.7920095861 35.5071917203
5.5726579483 33.4133969201 35.9237490972
5.4928341311 35.5512473371 30.7634312854
5.8790189694 35.4852590415 30.4414121933
5.2431674446 35.5669875399 31.4843152110
5.2008847688 35.3382366361 32.2791256957
5.6065277989 34.7914193166 33.1491692054
5.4445295736 35.3176514551 33.2604585160
5.4816373157 34.7216210242 34.1552254753
5.5671084442 35.3024987205 33.6273375690
5.5091500233 34.1861755648 34.9555945869
5.5836765210 36.8266364630 40.3757877195
5.6437605477 36.8705241044 40.1006472973
5.6725612751 36.5945388484 40.2582957433
5.7685393052 36.6356370556 40.3828159800
5.6885295060 36.1597159688 30.8764995660
5.4485109897 36.5857564691 31.5056180760
5.7718470570 36.8684054473 31.2112554432
5.3861142111 36.5674044128 32.4535017726
5.7410833348 36.7292308445 32.9617147944
5.7004210498 35.7503976437 33.3005718784
5.3467886641 37.4355028720 40.1487012838
5.6439085206 37.4326715136 39.7055508751
5.8050336273 36.9143432645 40.6285997668
5.5115924229 37.3483291890 40.6661569921
5.8692020577 37.3548215360 40.9101598122
5.5941012577 37.6198521500 31.7605592522
5.9047061443 37.6195177590 31.5150510281
5.4350197172 37.4877658727 32.1922078619
5.5409387594 37.3278854883 32.9149964411
5.5141630648 37.8057002014 32.7447554154
5.5699197125 37.7203423892 33.0000358085
5.3396950417 38.4943511958 38.7384741375
5.5617590725 38.7979606794 38.2602822568
5.6923789102 38.3392260773 38.5932113272
5.6645437869 37.9741871762 39.1040544212
5.2090886115 38.0949280435 39.5119936651
5.0613738306 38.0256974179 40.0652248764
5.1041198921 38.1267831268 40.5552968552
5.6271703857 38.0714657606 41.0573769822
5.7593096458 38.2883430967 31.9177430521
5.6190026042 38.6326472748 32.4545222643
5.8518931219 39.0905873606 32.2891137869
5.7505563621 38.6099366492 32.8280960514
5.6803948602 37.9812415329 32.9539600601
5.1804773219 39.1074863744 38.3398911909
5.3857833545 39.3964209361 37.9679197242
4.8756836587 39.0955187856 38.9944578764
4.8029099397 38.6991170768 39.9755069083
5.5893488903 39.0324598679 41.3374324788
5.7190588465 40.1074606691 33.0086152147
5.9998698215 39.9862010528 32.6405005195
5.7924260726 39.7577018152 32.9831343851
4.8318600403 40.0486350977 38.0591641417
5.4615901504 40.0124163141 37.5058110972
5.6267439905 39.9950260007 41.5095781405
5.8647290832 40.4886803143 33.0247155944
5.7235190382 40.9639088243 33.4171045547
5.4883735227 41.1317500756 34.0721776166
5.7404116558 40.6045395053 33.5599935108
5.8356335765 41.1467154420 34.6806463513
5.3760101133 41.2769617797 35.0704783687
5.6970802805 41.0427644110 35.8380611552
5.0736815824 41.3056366031 35.9718985827
5.5754674022 40.6514550975 36.7442701243
4.9706202102 40.7845035097 37.0400963821
5.7027040102 41.0931475196 41.7285343275
5.3681577466 41.9324044136 34.1340782073
5.7825069896 41.5584570666 33.6236660606
4.9878542219 41.8266628295 34.9700113710
5.4847424074 41.9540735864 41.9439822572
5.1487549335 42.6109374334 41.9769598486
5.7145689698 42.4547592366 42.1445950246
5.6137618815 42.1631919764 34.0222632649
5.4297456928 42.9805527676 34.5254888091
4.9141330318 43.3348955065 42.0006023378
5.5907605185 43.2797691641 42.2240983623
5.5420427232 44.1152286005 34.8801641478
5.7527454273 44.1861913191 42.3194257444
5.0061824036 44.8813809382 35.3236037089
4.8024980663 45.7519432067 35.9405509336
5.4265238410 45.7499777236 35.5808276940
4.9238414956 45.8820639986 42.1027201960
5.4977631294 45.1741367617 42.3070809889
5.1081599405 46.5853643805 36.1243656776
5.6810179482 46.6082824780 35.8212780841
4.5985511181 46.4577110352 36.5944796651
4.9971904214 46.9055613851 42.1600533688
5.5935661382 46.3462331567 42.4407770797
5.3518637213 47.4617621290 36.2757801301
5.8563584351 47.4192325249 36.0069554665
4.7881631642 47.4676137046 36.8894012545
5.0317518558 48.1694192675 42.2963607818
5.6968997368 47.4175733718 42.7819336568
5.5896419667 48.1034064663 36.3164895863
5.1444396435 48.5089069060 36.9062519699
5.6405200759 48.8712796527 36.5626160154
4.6510303812 48.4166526161 37.5999546294
4.7761528499 49.1234732176 41.2767749268
5.0665014836 49.2116673274 42.4166585971
5.6755264628 48.2621375272 43.3025260908
5.3157880592 49.0076258940 43.3600305121
5.7348716708 48.7658449408 43.8837314856
5.5367037668 49.2254827779 44.1558144724
6.0252800690 49.0037867449 44.3284175216
5.2951738274 49.5513674665 37.1375495676
5.7381206809 49.6790362319 36.7552475289
4.8694100340 49.4089434059 37.8655466961
4.8032876178 49.8249742507 40.1184989460
4.9689956210 49.8535256327 41.0191548251
5.2165816614 49.9649307817 41.8570354237
5.2575365248 49.7890727241 43.0879478825
5.3421115411 49.7383633231 43.9120882152
5.7683607105 49.2749797126 44.4697253266
5.4549256397 49.6486833485 44.3169115064
5.4491356964 50.2560655987 37.2662607688
5.8327998190 50.2542529406 37.0034413507
5.1448593500 50.1295899364 37.7511454492
5.0027053539 50.2417160122 38.7592068113
5.1716316416 50.4526126564 39.7447625591
5.2201026874 50.3194894057 40.7051541956
5.4840041886 50.4081534678 41.2782058362
5.7651791566 50.3524618520 41.8513802281
5.5392216781 50.3219873765 42.8586173472
5.9839955083 50.4790914646 42.7581102682
5.4794128724 50.3051085796 43.7101288470
5.5055021276 50.2713556123 44.2059041769
5.5937751409 50.6374279732 37.4280889503
5.3203734525 50.6129179400 37.8709067877
5.6088290247 50.8071160734 37.7521913533
5.3415118282 50.7398469462 38.4995507099
5.4273346581 50.7112325163 39.0825109561
5.5189255455 50.6354891358 39.9677077031
5.5638604405 50.5621346583 40.6933324846
5.8393615147 50.5929158834 43.5067445964
5.8110011636 50.6155206157 44.1015751932
5.8107303621 50.6146074354 44.3369042451
6.3952006327 1.7897576832 20.4352246262
6.7250310671 1.3374505181 21.0855307060
6.4201025469 1.2091640870 21.6523761886
6.0636148068 1.3317115213 22.1843935710
6.2550938764 1.7180164011 22.5890403211
6.1636659283 2.3031744365 19.9418860694
6.3153902691 2.8705389915 19.6803527538
6.5862865319 2.2902568129 19.9513581252
6.3061786622 2.4337772181 22.8104626995
6.1503738768 3.6584206634 19.5069244372
6.3225824207 3.4067862486 22.9137847388
6.2459084473 4.4610526195 19.4423184832
6.3892199981 4.4845484523 22.9936612824
6.3496850807 5.3572351473 34.3321515054
6.6693650050 5.2591423297 34.0531773527
6.7614694240 5.0558751573 34.4427023537
6.6995538850 5.3273136733 34.7959516700
6.3218655335 5.5136205608 19.3960074774
6.4717350162 5.5779694086 23.0877665092
6.1465646996 5.7723024348 33.6396346908
6.4713751299 5.8259002877 33.2248456333
6.6435623257 5.5329351406 33.6277244341
6.3600894451 5.7480261950 35.3070641278
6.1615779649 6.2267315048 35.7125515133
6.5609756614 6.1056126295 35.8520384830
6.4920903755 6.6497763779 19.3823640343
6.6899498650 6.6876837447 23.1758303759
6.2039344573 6.6031086600 32.0643294905
6.4198211396 6.8114967297 31.4380371748
6.7590602143 6.5354258854 31.9815545460
6.6631237256 6.1429977159 32.7267839605
6.0964520705 6.2596862377 32.8367116951
6.0331866214 6.7759579124 35.7350180032
6.4339282845 6.3579379337 36.1944940186
6.1718148194 6.6316063506 36.2279994767
6.4654529578 6.6156477631 36.4474664728
6.6127587445 7.9576461258 19.1311502375
6.0978163607 7.3595668637 23.6267418603
6.3397652798 8.0721160555 23.9126046936
6.3448768217 7.9103895616 29.0529756793
6.8730485219 7.5363332195 29.7138085063
6.5320928245 7.1741891254 30.6463330119
6.0275477936 7.3751868998 34.6630772542
6.2291738481 7.0694096073 35.0734801358
6.3363790715 7.6639604333 34.2859137801
6.4170744172 6.7994799884 35.9244979481
6.1680525984 6.9700955289 36.3940425487
6.4643008830 6.7800925374 36.4233361555
6.2486598816 8.9632852942 17.9880018223
6.5442061205 8.5751606646 18.4500958344
5.7995467031 8.6132294638 24.7241724104
6.3180781786 8.6833668822 24.4610396979
6.1986456863 8.8869886464 27.7250565197
6.6870411318 8.3732675389 28.4793688390
6.1915699850 8.5950384658 33.7268011788
6.2782147188 10.2956142112 16.9989544580
6.5707352462 9.4604454627 17.6268019947
6.2157717008 9.1882344726 25.3127819021
6.3638746068 9.5006871218 26.2068644570
6.2601416943 9.3291362673 26.8813689829
6.0912962359 9.2122655513 33.4340185661
6.5118210784 8.9926234214 33.3691848235
6.3263414729 9.6659695646 33.0319890425
6.5403235868 11.2106524790 2.4837425079
6.5221146984 11.2488367000 2.0362602680
6.9271571850 11.1079861759 2.3106100903
6.8352676504 11.1350741893 2.8177146242
6.0251242768 10.7883085148 16.4168016768
6.2202231970 11.0666760461 16.2148297186
6.3289992640 10.8027974243 16.5213860945
6.3295026476 10.4716389985 32.5957592714
6.3102722182 12.0038824649 1.3779659014
6.3946881531 11.5185403544 1.6739921307
6.4994047990 11.3956123058 3.1728807555
6.3506912305 11.7253917900 4.0602656532
6.2008147148 12.0659164758 4.8085244534
6.0225844699 12.4041243768 5.3919233640
6.6337392419 12.5037055270 5.4697871906
6.3413748145 12.3457287245 11.4083773291
6.6197232773 12.5171212095 10.8013858723
6.8657155496 12.2452696777 11.3387569557
6.7050417660 12.1884475167 11.7855943784
6.3706000573 12.2963943368 12.1221748364
6.8318849629 12.3016817393 12.3873127219
5.7174503160 12.0184047996 14.5871963524
6.0633535841 12.1826860902 14.1920430193
6.1655587512 11.9580588221 14.9220864311
6.2047645958 11.5188699827 15.7265495160
6.4682350443 11.0745083970 32.2333998738
6.1610087179 11.8276791017 31.8649170019
6.5537144972 12.4077533132 1.4098396884
6.2257261651 12.8637268138 6.2771766181
6.1478623703 13.1263827632 7.5236542633
5.6179661797 13.1559443254 8.0293942103
6.2046444408 13.1160317617 8.8745423952
5.5754921515 13.1330477667 8.8263314070
6.4153516707 12.8803725300 10.0133498209
6.2842677401 12.4210600388 13.2120517940
6.2150243843 12.7172636561 31.3820528002
6.2223040183 12.7739432692 1.5849638304
6.2453771769 13.0003089911 2.1195026998
6.3655098301 13.2108561520 3.0575546818
5.9288394491 14.0363037280 4.6810770702
6.2630249893 13.5938600023 4.1201364613
6.3826431994 13.8818673254 4.9430222274
6.7872383978 14.5898381369 16.2371155532
6.8728843700 14.1277287984 15.9873830416
6.8581604891 14.7249198045 15.7959557951
6.8907221147 14.1856159914 16.4272729457
6.2134766770 13.2295769677 31.0721438388
6.0905179611 13.7432451937 30.5969542903
6.3416611656 15.0654385873 42.7853734648
6.3400772266 15.1013846859 42.5478790069
6.4261574577 14.9638350909 42.6344134160
6.4688103045 15.0688367327 42.7927552811
5.9114088985 14.4242850062 5.4256792852
6.2329932050 14.8877829664 6.1773893851
6.7705479069 15.1869849562 16.2390325246
6.8619996634 15.5555462925 15.7915749918
6.8870102612 14.8427201500 16.6548044371
6.2825682099 14.4264184253 29.8949555887
5.9711664850 15.3522013788 29.5301340712
6.1250089008 15.4189083688 42.6741698987
6.2688208207 15.5406931078 42.3072675439
6.4173205309 15.2221574790 43.0407445605
6.2088573230 15.4324348279 43.1620527999
6.3991917553 15.5647476141 43.3785673920
6.4872975039 15.3529377996 6.8615255372
6.0903484150 15.8206909449 6.9180216455
6.2860721582 15.9264415479 7.3426642689
6.1982702353 16.3308593829 9.9047111227
6.5129093826 16.0486905964 9.8072817184
6.3775080592 16.1120923811 9.4164150125
6.4761912455 16.1904660372 10.1700647544
6.7899034996 15.7910498292 16.2426840061
6.8847847971 16.2372503116 16.0343830593
6.8897330372 15.6491648410 16.6751480400
6.1049980041 16.2281609613 29.2014542386
6.5235618952 15.7723928609 29.0222989736
6.5861730901 16.5977775578 28.8073581143
6.0762676441 16.6614223651 40.9643040956
6.2046279976 16.1580480324 41.7475915568
6.1448774629 15.9319877174 43.7545238593
5.9432112775 16.2035717349 44.1781046155
5.3365719650 16.7762603420 7.9123981316
5.8427820880 16.4160978044 7.8332256159
6.1348190235 16.2920421816 8.6805386874
5.9515173626 16.7108751053 10.5378279133
6.1785708416 17.1547691732 11.3688553676
6.9013209644 16.2675001082 16.5025174250
6.0284178553 17.0284892072 29.0947796291
6.6193166797 17.5781324281 28.7177336764
5.8938959564 17.9504314166 38.3024409793
6.5795067560 18.1453790394 37.7469071355
6.6791026909 17.7702529320 38.3183252840
6.4720003200 17.4923697332 39.2848886805
5.7261202271 17.5453528273 39.2100119253
6.3855229786 17.0710301425 40.4075862687
6.2050471216 17.5412414317 44.6312590655
6.4023475003 17.1895560893 44.4075848894
6.2941366776 17.7723534263 44.4131186431
6.4602123199 17.6139942399 12.1433373598
5.8837744980 18.3385876599 12.3006058200
6.3694969842 18.3807664663 12.7715731451
6.0047208635 18.0050473133 29.0220620133
6.7351071237 18.6989773189 28.6891520959
5.9850009979 18.4876421948 37.4888267909
6.0618363250 19.0113133350 37.1174670784
6.4973961723 18.5925299858 37.3237104959
6.2463880923 18.5997845884 44.2217984983
6.2668545466 18.9611196141 13.1543547966
6.7174551427 19.9316727421 17.2940510006
6.8011739434 19.4626625112 17.0582024556
6.6793459470 19.9491861806 16.8817434437
6.8775410678 19.6226492899 17.5403378152
5.9471432506 18.9873248500 29.0199985030
6.4764840560 19.5800070228 28.8598591166
6.0999824724 19.6103974761 37.0039499196
6.1882494308 19.2879083282 44.0847914252
5.9424874433 19.4343512056 13.3003252199
5.7969058062 20.3981752339 14.3201617505
5.9793181507 19.8823648314 13.8742637450
6.1748778755 20.1796989662 14.5058087508
6.6520758234 20.2933988827 17.2572257947
6.6088598733 20.5329838063 17.0477267371
6.7711425187 20.3813688431 17.6831395857
5.8728225724 19.8486592133 29.0448335480
6.4202077545 20.4482369071 28.9228720066
6.1334843663 20.1432922373 37.0543510010
5.7890088857 20.6850785343 37.1590160348
6.4748102551 20.5056075474 37.3433802477
6.3555821409 19.7820689776 43.8055600853
6.2755362731 20.5034422343 43.5821840165
5.8539488473 20.6962645558 14.9282306082
5.6064540811 21.9294049971 16.2598462949
5.9679071245 21.2014002738 15.9665189523
6.6282845002 20.6655531028 17.3596488260
5.9883898884 21.9315614830 16.6966502239
6.7460331404 21.7528133886 18.2440215003
6.7727780461 21.6655969164 18.4281194563
6.7508879556 21.4900653567 18.2348226616
6.8673531998 21.5767180048 18.6172327843
6.7058374918 21.3439974282 29.0648047631
6.5130647640 21.6430903059 37.7413393769
5.8376139044 22.0604140404 43.4348413128
6.1384642846 21.4851883987 43.5075559528
6.0562509020 22.5555003149 17.2146580604
6.8624983846 21.8394660367 18.6264316230
6.1124836475 22.1233810058 29.3649797866
6.6523577757 22.8585848213 29.7216399625
6.2606671538 22.9759303655 37.8072126458
5.8193839721 22.8091013393 43.3977764337
6.1924308129 22.2394828227 43.6225860920
6.0956858847 22.5772439732 43.6173835585
6.2778642149 22.5895340087 43.6477323038
6.0645982144 23.2919171155 17.5331079302
5.7639901413 23.8025311994 17.6037989395
6.3484278042 23.9119272164 17.9663148727
6.1781490280 23.5460405205 30.2117110540
6.5972090398 24.3507767972 30.6843816089
6.2256746686 24.0262407755 37.6187479910
6.2231619761 23.0664384414 43.4890413035
6.2732827181 24.0518060802 43.3566023428
6.3111431243 24.9166709862 18.1531120788
6.3982931868 25.4028010361 22.0456061151
6.7636314197 24.9100531492 21.5558284916
6.5231268099 25.5355287976 21.2259445138
6.7456015979 24.8461685654 22.1567243103
5.9533044643 24.7782489174 31.4498260746
5.8286048091 25.1642700387 32.2012295277
6.2721916263 25.3938630992 32.1219689735
5.9430787652 25.4180058343 36.5547445948
6.2753146328 24.7982313163 37.2447076165
6.2586086953 24.9081155504 43.5117602847
6.3609928177 25.8263657869 18.3474676330
5.8770689542 26.1286468397 21.7402779679
6.2943341921 26.0984048275 20.9587155550
6.5377361032 25.2184748635 22.7155135060
6.0123237429 25.8135866355 22.8974969303
6.0093648603 25.9570959370 24.0907604650
6.6666587746 25.3141873005 23.6620436212
6.1546136231 26.0744764861 24.9675898242
6.6640364152 25.6416729549 24.7481759045
6.6217910757 25.8947030496 25.4762221169
6.0953818787 25.7061019379 32.9432222312
6.1951771699 26.0423186607 33.9262487164
6.0360974523 26.0675277409 34.7517597154
5.6308979026 26.1369583304 35.1181927690
6.1294495009 25.8603418742 35.8697680639
5.7141429609 25.9370825723 35.8344704153
6.5779201452 25.6153718224 43.7987111745
6.2320768470 25.9910151272 44.1359313169
6.6785883644 26.1197012652 44.2268354300
6.3978949281 26.5830261398 18.6212808131
5.9029991164 26.5071206604 20.8737848397
6.3198193239 26.3087764481 20.6044029292
6.2141718082 26.5628878397 20.2332325945
6.1307665086 26.3181733403 25.7079828345
5.8381108544 27.5306116197 27.4697279332
6.2927799441 26.6206803688 26.8652298520
6.2725926203 27.4635618197 28.4856595825
6.4404536841 26.9090593355 27.9251222048
6.6921550742 26.7821877077 28.7476813807
6.4657336947 27.7322926150 30.4616834609
6.6419870471 27.0239216104 30.2373104785
6.5070162327 27.3355353376 29.7688458891
6.6484005516 27.1448124557 30.8160251455
6.4000861055 26.3923089590 44.3821049005
6.0228367829 27.1150507628 18.9364913430
5.6629664963 27.4220232467 18.8146167033
6.0857455521 26.9175581532 19.5609861844
5.9147421264 28.3979775885 28.2453991331
6.4887263948 27.2584256156 29.1911141665
6.2944657599 27.9869991406 29.3862299099
6.3449282033 28.7490948800 30.3821087749
6.5500548399 27.6627398969 31.2318853387
6.4346286577 28.4421292518 31.4475633788
6.5612326687 27.9304071542 31.8184422503
5.9095308034 29.5654998229 28.1916565549
6.2130536758 29.1390596677 29.2519194957
6.3743887037 29.3903831723 30.0832873857
6.4047134141 29.4018707726 30.6690699396
6.4546667289 29.8044727683 31.0286712359
6.3870814463 29.4252043890 31.4332125794
6.5077581424 28.4736272388 32.2698601285
6.4213444067 29.3137541682 32.4989362475
6.4945917171 29.4981664784 33.3713970441
6.5613556299 28.7746186033 33.0100646740
6.6173460146 29.1638338571 33.7513578758
6.2640942687 29.7787477430 38.2475580310
6.5660228693 29.0987440449 37.6789849993
6.4709739035 29.6112723861 37.3545361835
6.2951313461 29.6575555733 39.2005889254
6.5448413930 29.0005439389 38.5155593205
6.5447196797 29.0873493066 39.3260869631
6.4454101219 29.1574319749 44.4808415817
6.8747815048 28.8323206934 44.3342505677
6.4774924907 29.2039508456 44.3293482464
5.8133649557 30.3451176337 27.7926713749
6.1510435134 30.3787043715 28.2780133487
6.2864322449 30.0836331115 28.8986047680
6.4287696752 29.9559945462 29.7127586855
6.4365946768 30.1517190512 31.5545149754
6.4587629674 30.9335540426 31.8066637261
6.3689461928 30.4245675192 32.4480014951
6.4157971247 30.2588542977 33.4076532124
6.5600413370 29.9564935787 34.0852283388
6.2061195201 30.3609048971 37.3998869460
6.5328311077 29.8902344175 36.8047221717
6.4707603833 30.4316998923 36.6974017357
5.8805968018 30.3729598151 38.3417627708
5.8884988028 30.3910314533 39.2341963142
6.4056610063 29.5394366613 39.8329667717
6.1183099112 30.1355181007 39.9665222733
6.0242181043 30.3680068289 40.6895544683
6.3702191636 29.7523439466 40.5318336702
6.2147958224 30.0962045170 41.3654337485
6.2634753027 29.4663333107 43.9569663727
6.0046351863 29.8841394477 43.4501846540
5.8271625165 31.0798887806 27.6680282394
6.1999775854 31.0262333675 28.1074123567
6.4209778977 30.8857533159 28.7727479019
6.5110888242 30.6228976427 29.4204835126
6.3183986902 31.6422141986 32.7114573674
6.4660016113 31.9185855563 31.9243496469
6.3215788927 31.4278863643 33.6821037943
6.4805355866 30.9082287495 34.2988594786
6.3207581515 30.7894520798 36.8889271843
6.0113243619 31.2798931980 36.9571756683
5.6963117661 30.8985541011 40.1998583203
5.6582147390 30.6998673243 42.4159273493
5.9456929666 30.4453026127 42.1779089849
6.1597331938 30.0910503439 42.8282523161
5.8234442031 31.7441500014 27.7674146181
6.0457730274 32.2561028176 28.1374531470
6.2394790244 32.6973240315 32.7326387515
6.4482453109 32.8935471132 31.9593995001
6.1464941908 32.5592975135 33.6496839592
6.4075039656 31.6945776044 34.5652963992
6.2361357467 32.4215493299 34.6480521291
6.4164956869 32.0650690685 35.0880572923
5.9535346527 32.3040067388 36.4758416160
5.4763602144 31.4122965137 40.1827959561
5.9167554572 32.8201096407 28.5755803400
6.1236350073 33.3308462451 29.0418051022
6.1875927831 33.4953241963 32.6279973533
6.3793485976 33.8479915102 32.0636376983
5.8974023727 33.7157346801 33.4987218204
5.9550423363 33.3437497073 34.5294754228
6.3066006752 32.4786219552 35.3991892219
6.0649247110 33.0092466383 35.3970871198
5.8643157764 33.0588909261 36.0216674652
6.2021921413 32.5251855704 35.9511149578
5.9740089524 34.0229203576 29.5452663735
6.1501452018 34.7089609231 30.0642245371
5.9318599003 34.2934524462 32.8789459252
6.3040770564 34.6451078119 32.2759647392
5.6847099579 34.2763972952 34.3082159394
5.7266092204 33.6900650390 35.3441265130
6.2236112190 35.4443514138 30.4980448861
6.0299523993 35.0813679873 32.8274725981
5.7130747563 35.1265793365 33.5329871853
6.0553189355 35.9733138008 32.8375842799
5.8135590492 36.6722020915 40.2164496768
6.0250737197 36.1597887054 30.7907275436
6.1422962486 36.8761878524 31.2069878261
6.1537627230 36.9682355796 32.6416266261
5.9541229424 37.0616169982 39.9950616880
6.0719406350 36.9377171303 40.4039361835
6.1431847839 37.1969079330 40.7766131028
6.3149582535 37.8124871639 41.0425237019
6.1962941388 37.5761111751 31.5602081191
5.6889700044 37.5889701324 33.0100408185
5.9801365260 37.9791119183 32.7874082117
5.9042892674 38.6176736163 38.3883735481
6.0335654807 38.2359172645 38.8475406027
6.1419552180 37.7384623377 39.5345668213
6.1360063798 38.5005533635 41.2953000791
6.0332255165 38.3052422095 31.8415509369
6.1356370992 39.0290687223 32.2223890052
6.0287925341 39.2969496728 32.8218616183
5.8982451892 39.2848107824 38.0086257261
6.2864135038 38.8245656411 38.5995901256
6.4378654099 38.3793195062 39.1970450331
6.2697718279 39.3073004191 41.4326793417
6.2080953391 39.7067445133 32.5218834659
6.0006623280 40.3590141799 33.0640685349
6.0706708893 40.1246160233 37.4924356364
6.3939960420 40.2907837400 41.5750123912
5.9914133897 40.7944911724 33.1047848425
6.1896075982 40.4103280169 32.7769371051
5.8320701988 40.5333134761 33.2349033524
5.9493834534 40.9141450264 33.5682160425
6.0966338258 41.5769436740 34.4046101899
6.0838549897 41.3218309611 33.6978490492
6.2226043693 41.5523009935 35.2090520935
6.2086911555 41.2665068345 35.9078159817
6.1740137064 40.8122105915 36.7888434207
6.5778962615 41.1948486560 41.7641836612
6.1806010091 40.8488382685 32.9917207324
6.0944988109 41.2022022945 33.3402214230
5.9443497626 41.9877450542 34.0871609593
6.1625950119 42.1001519115 34.5909359714
6.3372264476 42.0961610789 35.1306751891
6.1085853952 41.8646765034 42.0138141930
6.2869152488 42.6362166468 42.1747244413
6.1673555924 42.7705689482 34.8645455135
5.9728787534 43.5866113904 34.8492870474
6.4312833366 43.5946877013 42.2323398099
6.0770793397 44.2513796730 35.0575748867
6.3007345784 44.7155460425 42.2850675019
5.7858571195 44.9313277039 35.2115281350
6.0490222169 45.7740452992 35.5864916077
6.2483673906 45.8440116276 42.3536277092
6.2004042016 46.6988417774 35.8973300012
6.2677832306 46.9220449859 42.6357254129
6.2442923752 47.4858190707 36.0839950134
6.2927795902 47.5863314037 43.0378897186
6.1056687812 47.9216227249 43.3215351890
6.5236008962 48.0283651170 43.3868521921
6.0001854682 48.1695517036 36.2212320517
6.1480202158 49.0241656019 36.4777666614
6.3346195250 48.5162415563 43.8609659615
6.6589377725 49.1380656463 44.3721412290
6.1622695462 49.7580899012 36.5610292641
6.3613006834 49.7069600060 36.4476253629
6.3696472235 49.4553010178 36.5108230825
6.2833573026 49.2751773872 44.5434552960
6.3306747743 49.8363229135 36.5359201423
6.2290429929 50.0636972377 36.9339783596
5.9014461512 50.5873840104 37.5672593610
6.0435931800 50.5731499883 38.2376367184
6.2907610781 50.1891866233 37.6699095816
5.8979128997 50.6127943860 39.1600867696
6.3235212862 50.1701302294 38.5519310042
5.8825258139 50.5214693681 40.2573430056
6.2907919165 50.1421055370 39.6185340729
5.7731758437 50.4806147636 41.0354200169
6.1997256623 50.1570653896 40.8596361813
6.2949948711 50.1491413744 41.9799371335
6.3720345127 50.3124760442 42.7767154778
5.7011457103 50.8061588313 38.3556124943
6.2008918191 50.5609145984 43.2984177504
6.2369724010 50.5788560219 43.8569152403
6.2416596489 50.5644060612 44.2850717423
7.0177799447 1.6359730653 20.7418759412
7.1960846539 1.4687598983 21.1859463763
7.0168340470 1.3218819933 21.6449687069
6.7029832313 1.3903398067 22.1737731171
6.8890185241 1.9129944387 22.5001019767
6.8595607950 2.6827588144 19.8432347463
7.0784314351 2.2099036910 20.3179800039
7.0053276960 2.7402686228 22.6313845244
6.8152313142 3.5021652958 19.6749288462
7.2498392191 2.9229887601 20.0730301021
7.0970582291 3.7703240994 22.6824937347
6.9798657807 4.5672863885 19.6712021216
7.1384575599 4.8312957966 22.7623644764
6.9771735140 5.0616197428 34.2888897565
6.9925012292 5.0219879755 34.5455423011
7.0916807633 5.2448536114 34.5898918373
7.0522740206 5.5731978159 19.6856303697
7.1783179220 5.8039392071 22.8233132501
6.8079119134 5.7308293122 33.3276986864
7.0437328788 5.4993734260 33.8416111117
6.7428220447 5.9058616249 35.2891046930
7.0294648275 5.7268169310 34.7254017237
7.1450671576 6.2764130759 19.8030691589
7.0782785143 7.0943968118 19.9112291592
7.3886231385 6.4533392951 20.1868147632
7.2774019721 6.5450882194 22.7649895040
6.8638787636 6.8214048133 31.3936745947
7.1587904135 6.7146105940 31.8562247100
7.1263131861 6.4014317542 32.5609935288
7.0513092394 5.9775343780 33.1840308376
7.2221896743 6.7254272562 33.9972527889
6.8204212139 6.6289554758 34.8509962651
7.2063658303 6.1661383274 34.2823989120
6.7663309205 6.3902739753 35.8966908299
6.7443727025 6.4092312946 36.3150488777
6.8849237102 6.4662228416 36.3162496526
6.7354037269 6.5873804120 36.4784980224
7.0812854572 7.9493514066 19.9155793348
7.4059944164 6.9059823355 20.5281514891
7.3082495664 7.6858921944 20.6998935756
7.4169885093 7.7646045731 21.7055220873
7.5206370639 7.0290615146 21.2027127166
7.5391108321 7.1248756145 21.8757830908
6.7565680193 7.7517357791 23.3846441785
7.1828222101 7.3190094236 22.8333659100
7.3182016608 7.9845645455 29.1146419663
7.6421739413 7.6306274062 29.7614626483
7.2989274360 7.3521859074 30.3152522075
7.3422430848 7.1395869919 31.1908716678
7.0229132614 7.4002144583 33.8979936062
7.3652285949 7.1563188936 33.4428640643
7.3038727541 7.9383995084 33.1469021840
6.7658326175 6.5971041858 36.3192457082
6.8229188432 9.0229539775 18.1266963844
6.9940202064 8.7579805614 18.7359025563
7.1779537459 8.6987199868 19.5656871622
7.3591871991 9.3020132399 18.9824992622
7.2688866031 8.4379091566 20.3619812915
7.4075670791 8.6397074705 21.2888923513
7.4079858923 7.5307869588 22.3323284540
7.2890204697 8.4350534612 22.6663369579
6.8563044967 8.6572093521 23.8180112780
7.0607435056 8.8529859139 28.2307235402
7.4077890537 8.5145588188 28.6744618414
6.7740674566 8.2863402798 33.5750158264
7.0657353182 8.9843893725 32.8827350130
6.8961364208 9.8480727780 17.5218294478
7.0323447742 9.4466865866 17.8634852896
7.4619942991 9.4251956568 19.5864339709
7.5828413540 9.8907078476 19.1983569169
7.4675397736 9.2447601738 20.3530612058
7.6154759130 9.4717807355 21.1456184519
7.6185507981 9.3670686411 21.9933377587
7.5764909103 9.4147080873 22.8091925959
7.6694972642 9.7888900064 23.2081018902
7.3645492216 9.3713707035 23.5419376314
7.0352665784 9.6823413399 24.7684975423
6.8579190842 9.9863362573 26.0675384122
6.8876150644 9.9321381062 26.9880314655
7.0654856794 9.5128455166 27.8296715516
6.9637932439 9.9619435419 32.5244061666
6.8022187905 11.2457648282 1.8172526857
6.8695273474 11.5441313352 1.5706142624
7.1687664772 11.2801150182 1.9917299144
7.2952069346 11.2012821338 2.5037496058
7.1721206627 11.1631783578 2.9038038122
6.9898520618 11.2590491271 3.2810130438
7.2661713529 11.4060080015 3.4572976764
6.7133352304 11.2343227233 16.6220921127
7.0156098858 10.4331344261 17.4152273249
7.2084780522 11.0335488042 17.4936480669
7.4705155407 11.2391206103 17.9904358816
7.4436774079 10.5852384548 18.1111222017
7.7116534167 10.0458399249 19.8682088609
7.6043994566 10.9808512090 18.3963723635
7.7729256257 9.9619721266 20.6427588733
7.7858414152 10.2855048162 23.8867033753
7.5483790788 10.5941695522 25.0120187027
7.6665362222 11.1747463602 25.5698692745
7.3379258754 10.8028897996 25.9765012052
7.2634158086 10.8787030356 27.1646445972
7.3675687989 10.4419049499 27.8702584941
6.8738691043 10.6321037351 32.2901689639
7.2979610801 10.3440707724 32.0347794089
7.0447900849 11.1590405909 31.7681894453
6.9529047530 11.9715104751 1.4652243132
6.9903421374 11.6119015071 3.9399461521
6.8057754731 11.9906797682 4.7315495235
7.0648779717 12.3625520100 5.0615428856
7.0886969096 12.4705418553 11.0506199930
7.2350863910 12.3633910816 11.4559847393
7.0960702914 12.2618997894 11.8533263409
7.2630203206 12.5019034949 12.4007912846
6.5663876833 12.3777027497 14.4346260853
6.6825068274 12.1979142935 15.5868663205
6.9917588000 12.2822771094 16.5589781292
7.2680612931 11.8459305009 17.3982774712
7.5713309061 11.7722672450 18.0759402707
7.6601071378 11.3417720841 18.4244066701
7.6010973056 11.5543717410 26.1990556463
7.6809808746 12.1261897718 26.5731476304
7.4563021171 11.8362921604 27.0453452384
7.4717925001 11.1987727232 28.0904025214
7.4287733941 11.9497798997 28.1612655798
7.5676449749 11.6384076483 28.6541926890
6.8781868408 12.1457534405 31.3311498719
7.0118424928 12.3096442613 1.5912508093
6.7249638744 12.6638126924 1.7845299877
6.8591428794 12.8140752167 2.4476412433
7.1830039690 12.3957654344 2.0441012426
7.0172521335 12.8767442225 3.1002065732
7.2988027458 12.4728947185 2.7356543658
7.2987779865 12.6294895650 3.3900521250
6.7661609204 13.2736555344 6.1730301504
6.9654409791 12.9570977745 5.3801853421
6.8114100771 13.5284892846 7.2392096463
6.8644718754 13.6012941192 8.5341788856
6.8925846887 13.3883751274 9.6876164197
7.0931687196 12.9748175535 10.6223046509
7.1055326724 12.6480032247 13.0543070104
6.9849066812 12.7966717707 13.9271708124
7.2757678818 13.4853352432 14.3259944439
6.9613236022 12.9873821556 14.9425675515
6.9806591965 13.3285948944 16.1242278267
7.2706820708 12.9545379768 17.1533388734
7.6142011827 12.5340617687 17.9513262886
7.5984495469 12.6169984300 27.1497772984
7.6638218083 13.4271623137 27.4010703306
7.4059948422 12.9266249475 28.0197219252
7.5184008712 12.1598917619 28.9855983158
7.3293645665 12.8385985426 29.0924616152
7.5074643916 12.4201093532 29.5424155703
6.7288110181 13.0030880279 30.8583831204
7.2360287506 12.4040904555 30.8024893227
7.1985958424 12.8703628701 30.3948822566
6.9311489988 13.0598910456 3.7681809990
6.6638809606 13.9373701295 5.7652069949
6.9051632131 13.2400719164 4.7143689871
6.9275598737 14.0409956391 6.7176214868
7.1399348310 14.1461245107 7.4041481503
7.2017491959 14.0086798179 8.0232952913
7.2472067372 14.1633886119 8.7260399879
7.2675843213 14.7406637682 8.9635898351
7.1932672959 14.3505222643 9.7028180097
7.3436757567 13.8093573164 10.5221118259
7.0629792064 13.9857347734 15.2743810320
7.3779604576 14.4157925035 14.4515163605
7.1811871441 14.1485838521 17.0457738323
7.6440708609 13.6357805809 17.8491829352
7.3334874770 14.0296999344 28.2105520169
7.7141106250 14.4200103209 27.5540425296
7.1555201018 13.6541546717 28.8908146680
7.3297328114 12.8495952272 29.8792390751
6.8962154256 13.5655583015 29.8909728369
6.4687063574 15.2321229790 42.5763363312
6.7286726430 14.6310484880 6.5253579632
7.0349295933 14.7584852194 7.2309710663
6.8938499330 15.5642581568 9.7127652593
7.1407624002 15.2779353995 8.8286877340
7.4203122171 14.5473444913 10.7073959728
7.2280177314 15.3432265955 10.7757907439
7.5128473272 14.9879067273 11.2665644902
7.0979286710 15.0704268722 15.1820741687
7.3848579740 15.4933045985 14.4364134100
7.1927654776 15.3014091971 17.2139607915
7.6297885678 14.7866278966 17.8172984939
7.3309824529 14.9125774156 28.1923891056
7.7193329071 15.4358596584 27.6724209164
6.8298517602 14.7269321715 29.0392174774
6.5645627725 15.9817937626 42.3651022541
6.5530676504 15.5588787064 43.0093782175
6.5546934028 15.9404468224 8.0556855168
6.8530384001 15.4527936979 7.5663616981
6.7570176631 15.7925244021 8.8203756574
7.0656544027 15.4210629895 8.2399091023
6.6978954887 16.2911625258 10.8389598670
7.4453209038 15.5337036944 11.5453503946
7.1677114471 16.1426224207 11.5531702958
7.4494758859 15.9428265837 12.0410210884
7.0904436629 16.3721578065 15.2706376363
7.3441412608 16.4347876414 14.3316068220
7.1996773511 16.3968221981 17.1812217104
7.6268164693 15.8664940055 17.8585896828
7.1275954548 15.8778610028 28.3999618810
7.7972602663 16.5737190608 27.6932379601
6.6278657583 16.8415075603 41.4817686642
6.8121840258 16.7782568371 42.4489394284
6.7291168620 16.4484661995 43.1156090407
6.5182354896 16.1119956387 43.6325544294
6.3660456751 16.4559685161 44.1047468531
6.7715921779 16.8280779420 11.6545828657
7.1578374010 16.7440194936 12.3198262299
7.1152129686 17.5303583155 14.4976627827
7.3699178937 16.8450559581 13.8363058589
7.1728739763 17.4717483151 13.5923151706
7.0397967563 17.5339752897 15.5225029607
7.0346906051 17.1600211873 16.4238050284
7.3603353693 17.5445156896 17.6017638078
7.6694837211 16.8211613831 18.0191118656
7.1700737267 17.0376668809 28.3005663506
7.6953058394 17.5196813921 27.8875803282
7.1563233221 18.0656097214 38.0120737936
7.1128794697 17.7471174035 38.6200724854
7.1583644454 17.8353819753 39.3289695336
7.4008035917 17.8906272079 38.7888432528
6.8759008718 17.6309245532 40.4524934024
6.9477882101 17.6699997568 41.5581909849
6.9268028498 17.3740161659 42.2011185995
6.9618665619 17.5370408719 43.0784904149
6.6273829791 17.0791222897 43.8930575140
6.7621635046 18.4550275762 13.6394456602
6.9401247485 17.6176060286 12.9168882310
6.8715250936 18.6682537630 14.6009593085
6.9542722895 18.4211200519 15.3774678939
6.9782267023 18.1952180630 16.1561437333
7.0523110473 18.6733093372 17.2209039099
7.8617874152 17.6267695802 18.5209861280
7.5056982333 18.5117358448 18.2781305234
7.9000685642 18.3966221910 18.9097288541
7.2671299581 18.0195722414 28.2864880237
7.9621388027 18.3753396500 27.8259792283
6.6196530236 19.1117946928 37.1804420308
7.0093394599 18.5907751174 37.5300010418
7.5982237228 18.3084869817 39.0405498549
7.6338140601 18.8541542698 39.5347848130
7.3159311261 18.5137918781 40.0902192458
7.0975783219 18.4730614685 41.2970378900
7.0767685313 18.2223648261 42.4798043376
7.1735827084 18.1445560692 43.0831770261
7.1179378584 18.1434130179 43.3549305044
7.1177010313 18.4170999099 43.3792222964
6.7835588438 18.2115190069 43.7496669665
6.3585314398 19.2874002563 13.6045726073
6.5311736037 19.4753513037 14.3542721815
6.7337032172 19.3944210881 15.3345634452
6.8280298275 19.1965333342 16.3226866363
7.2437418690 19.7280142745 18.3897631729
7.7616990515 19.0769209230 19.0189963217
7.4678602488 18.8210004619 28.2746150939
7.3854610899 19.7504116743 28.5013498975
6.5506558586 19.7372664682 37.1359476934
7.1459439333 19.4427910401 37.4768184777
7.4908536821 19.2462075557 40.0839658940
7.4806094943 19.8661800339 40.2145669725
7.2381320332 19.6593582250 41.0257888748
7.0344527061 19.2822717929 42.2538369262
7.1733458814 18.4182429612 43.1074688180
6.9698602203 18.8426031801 43.1857693129
6.5705726261 19.1545730214 43.7997072946
6.3680094014 20.2340942087 15.2099579767
6.5620948009 20.2883487529 16.3049495885
6.9444457090 21.0268190052 18.4406918764
7.8379845607 19.8355531843 19.5485585075
7.4326674438 20.7401387662 19.3302026873
7.8564479053 20.6358831174 20.0671324398
7.2777484401 20.7223072205 28.7859736174
7.3433627235 20.3433320904 37.8270378399
7.3305682144 20.7477994573 40.5476881436
7.5690575347 20.2772660263 39.8485934795
7.4882000850 21.0118120808 39.7121752631
7.1278346773 20.8300584276 41.4703277803
6.9688383617 20.4425797272 42.2276247383
6.7156198173 19.9400898535 43.1922165745
6.5475963357 21.4250616048 17.4532596708
7.1704472704 21.8750139085 19.3490961190
7.6493297685 21.3842511435 20.1714157917
7.6593615082 21.3736021829 28.9181475252
7.2480656676 21.1808298088 38.1436831514
6.9744538967 22.1358130118 38.3583845027
7.4151470181 21.3385709849 38.5452593081
7.2438172682 21.9588947058 40.2675762186
7.3705890961 21.7166806727 39.4265971002
7.1205626533 21.7458401385 41.3136820344
6.9479920841 21.5408757627 42.2019286960
6.6390219644 21.2559996180 43.0556361787
6.5294513849 22.8533928228 17.8611703283
6.8772023405 22.3318243911 18.5141465487
7.1731569657 23.0227321667 19.4754582287
7.5123415655 22.1139757984 20.4214666186
7.3371888440 22.9100921710 20.5336760352
7.6023067421 22.5161360720 21.0371401167
7.1648894016 22.0979371975 29.3026222848
7.7380435570 22.9139800660 29.4774275039
6.7291419694 23.3667352397 38.3404431130
7.3215519234 21.8047819755 38.9063998076
7.1231070563 22.7233282553 39.3380948301
7.1356392588 23.0331144057 40.4029368129
7.0910169129 22.8076800087 41.2265068748
6.9465153621 22.5739988050 42.1374594994
6.7647541154 22.2412638189 42.8179396238
6.4522733515 22.3477856297 43.3986417283
7.0169435288 23.5994126263 18.6775534827
6.8477380404 24.4009806690 18.3472512117
7.2690047808 23.7629875966 19.4920067777
7.3105007266 24.4039128617 19.8104738472
7.2360044230 23.7979494185 20.2863536187
7.5114245628 23.0781294635 21.4593193676
7.1746718724 24.0438381901 21.6443461401
7.4463599287 24.0625117115 22.9162095349
7.6478755059 23.3462196931 22.2839978343
7.8362483251 23.5202067219 23.0900105156
7.0524033641 23.6211873174 30.0669232381
7.2359497177 24.2922393459 30.2395434891
6.6928723230 24.5636912330 38.0728724160
6.9759915624 24.0255119297 39.1078369602
7.1144783200 23.8827486541 40.1192730662
7.1069194932 23.8357738807 41.1155690473
6.9746383423 23.6717112232 42.0791736052
6.6689728183 23.2880617658 42.9651380864
6.9228094640 25.1376196677 18.4389474326
7.0191499773 24.8109885670 20.6890287393
7.2236602269 25.2255729735 19.8563360020
6.9591087104 24.6994039029 22.8114010997
7.8492894976 23.9885997817 23.8463743915
7.3005645437 24.6502931194 23.7256988089
7.6780312311 24.5648763456 24.4522441286
6.6452890625 25.4392106764 31.3869726491
7.0942473756 25.0295597802 30.4671125524
6.5697021899 25.5908500809 37.1307983192
6.8720816188 25.4743577240 38.2712790016
7.0008475308 25.0798214726 39.0752814334
7.1098620868 24.7393260729 39.8672068380
7.2203334277 25.0063711800 40.9598241257
7.1003653687 24.5792409396 41.8640988144
6.8589231025 24.8201704453 42.9515232773
6.9498171016 25.8652571731 18.5856267448
6.7227571062 25.8808686127 20.3654742491
7.0999180581 25.8818899503 19.6704172239
7.2363018291 25.0872085585 24.5888694737
6.8269737659 25.9678788751 26.2581722969
7.2440659577 25.4132457429 25.6214429366
7.0540016802 25.9947397852 27.0928110987
7.4573830814 25.5010855292 26.6966893779
7.4843140301 25.6320333611 27.5219514318
7.1220711778 26.1046313916 29.2235430391
7.5296170114 25.4924378751 29.0601910941
7.3817731519 25.8153047522 28.6830752875
6.8876609438 26.2549599068 30.5492543241
7.3816231486 25.3682385990 29.7685598519
6.7628839772 26.4182665805 31.7460201320
6.6047923515 26.2048373706 32.5920734273
6.5586920669 26.4296662307 33.7512032315
6.5532503410 26.4964683125 34.7985597453
6.5874898311 26.3539720710 36.0242246783
6.8001129254 26.4818966965 37.1897262576
6.8929626909 26.2954888904 38.1042651124
7.0415758821 26.1080248516 39.1371461115
7.1995831864 25.7734690460 40.1565597490
7.3617985833 25.9144477753 40.9960899970
7.3967924465 25.7960394457 41.5042831805
7.4762763762 26.1416764161 42.0047421357
7.2862633115 25.4788881237 42.1082795666
7.2823181907 25.7635270719 42.9012078673
7.1222575775 25.8566471670 43.5236233875
6.9937252153 26.0903453096 44.0268671467
7.2924860923 26.3796313686 43.8990802448
6.9450383551 26.2888914157 18.8143857098
6.6065050393 26.6672797879 19.0831275940
6.7041052313 26.4135419219 19.6684845159
7.0845090985 26.1649709717 19.2027685477
7.0473580160 26.1720483634 28.0576083310
6.7274707548 26.7826405206 29.6156705403
6.7039973097 27.1978081898 31.6090058374
6.7443369894 27.1814665852 32.6015604181
6.7627675878 27.2129820790 33.6302034306
6.7834188845 27.2245544416 34.6907646337
6.7964052749 27.1731822715 35.7429226774
6.8262258667 27.1938361472 36.8323930029
6.8763704217 27.2352169114 37.9564325478
6.9737723172 27.1569961140 39.0860453692
7.1658884304 27.0178030886 40.2745902559
7.3735225053 26.5609747080 40.9356891508
7.4585411775 26.1497373017 42.5394438606
7.0855180272 26.5042851895 44.3100615440
7.0032245833 26.6153011886 44.4869250990
6.6464388740 27.9580029234 32.4883975066
6.7269401938 28.2460103092 33.5464166228
6.8226475298 28.1549525741 34.6143746419
6.8439266112 28.0501584677 35.6240073560
6.8359743059 27.9059130951 36.4971935770
6.7649571516 28.2178988908 37.5945132417
6.7761706266 28.2516442043 38.9601463678
6.9217984807 28.1259606365 40.1468858643
7.3447746678 27.2523392900 41.2140437082
7.1175370032 28.0904679630 41.3702258567
7.2029564615 28.3176140907 42.5294565723
7.3970453225 27.5518568062 41.9994768397
7.2200338786 28.4192490334 43.3988402261
7.4407603368 27.7496887015 42.9228101228
7.4440687054 27.9480739100 43.6292481540
6.4851814586 29.9054824444 30.4587804116
6.7197607167 29.2991831623 34.6412499864
6.7984057487 28.9137079416 35.5023121488
6.7180068240 28.9653013242 36.6346895608
6.6410369315 29.0009865605 40.0142417670
6.6866909098 29.1651941802 41.1513205899
6.8600481389 29.0150449249 42.2786498828
6.9574031034 28.9035947837 43.0935941579
7.2385045029 28.3921569899 44.0285553454
6.8136004501 29.0135770660 43.8552943276
7.3324992982 28.1574366104 44.3042359736
6.5999072216 30.7329737072 30.2586615920
6.5308904852 30.4207498787 31.0407336731
6.6209173902 30.5036848351 34.9680035785
6.6554845870 30.0426709447 35.9370545222
6.4387583531 29.7959828212 42.1987267386
6.5297189225 29.5232290924 43.1613482043
6.1913326334 31.7460313658 28.0622852419
6.4740132445 31.7209885089 28.7115657950
6.6399580367 31.5067052128 29.6149107472
6.6990469101 31.6204451385 30.5065502473
6.6037771415 31.2772251242 31.1247403325
6.5282232681 31.4385402732 35.0617359269
6.5630396236 31.1703009728 35.7403096607
6.4449361253 30.9595081901 36.4388683250
6.3316977048 32.5963234026 28.7178144332
6.6168389056 32.5772562569 29.5246516284
6.7152770878 32.4448184390 30.3935921749
6.6405679609 32.2176453945 31.1884758770
6.4445302436 31.9812636804 35.6293883748
6.3264804851 31.7746379569 36.2604512691
6.4035394575 33.6610116631 29.6348045426
6.6452852081 33.5357591251 30.4336221547
6.6227316073 33.2355977036 31.2347117612
6.4828268565 34.7972220098 30.5923856291
6.5494355837 34.4663239003 31.4446623140
6.3636739323 35.9942715631 30.9678832332
6.5148500620 35.6877276886 31.4683978099
6.3785138132 35.4114271638 32.1740638972
6.3962245196 36.9043403727 31.6169306645
6.3870888916 36.4430410028 32.1732924430
6.3406346709 37.4146710545 40.1049875293
6.5538840656 37.5831819202 40.5944253903
6.2852572166 38.0588776976 31.9484679207
6.3197638042 37.5568054661 32.2707452188
6.7544509822 38.2324888077 39.9655284714
6.9760395514 38.1489637947 40.6161700802
6.8313622461 38.0439503520 40.9275284084
6.7619985111 38.6445027060 41.1763062330
6.2341424183 38.8420398117 32.4590490269
6.4763372546 39.6352526217 38.2706325722
6.7895800965 39.1585531452 39.1622550824
7.1185877332 39.1464875804 39.9155129964
7.1715938092 38.7662614957 40.4728362550
6.9230672492 39.6894635353 41.2712303932
6.2153029107 40.0618643001 32.7972769815
6.6755932833 40.6004942639 37.8258179818
6.9122156865 40.0816452219 38.6962899282
7.2284352537 40.0623043576 39.5223294317
7.3371850055 39.6424504671 40.3252957530
7.0555978901 40.6745752232 41.4068593199
6.2347004927 40.7250687660 32.9760954245
6.1516828521 40.8024165918 33.2113102293
6.5357248814 41.9010415852 35.9898280313
6.6916185630 41.4412605180 37.0232395302
6.9626447493 41.2680176341 37.8724170436
7.2016914739 41.0708894413 38.7094823833
7.4518622241 40.9332192627 39.6058180976
7.4653511723 40.4757640756 40.1263743197
7.1316887149 41.4456670221 41.6037181607
6.6473204100 42.8813034572 35.8717436891
6.9134320137 42.4661902755 36.8976796971
7.1615941312 42.0447998890 37.9545234251
7.4409036518 42.0300472228 38.8389197369
7.5191404720 41.6015457067 39.3861702114
6.7941668719 41.9898203786 41.9192229948
6.9391810340 42.7859348100 42.0062759413
6.4536057773 43.8222003756 35.4117963246
6.8246380139 43.8670905767 36.2008862348
7.0176931690 43.5176170638 36.8892549197
7.2479256162 43.1923092405 37.7770953589
7.4855260638 42.9035224966 38.6653299647
7.0627811749 43.4493439060 41.9884290665
7.3524914698 43.0079355161 41.7058421335
7.3961979636 43.7227078846 41.5982200243
6.3455205075 44.8747318609 35.4871747585
6.7507514391 44.7460124466 36.1304817552
7.0364372481 44.5686265963 36.9753950452
7.2700883935 44.2764439425 37.8030363396
7.5013997180 43.9484979705 38.5900294758
6.9408262617 44.2350504463 42.0137709800
7.3495203479 44.6807093321 41.5382615500
6.5823229661 45.9187471809 36.1309840239
6.9536744493 45.6668614710 37.0126242363
7.2294138777 45.4835635727 38.0702755645
7.4699256539 44.9274963526 38.6750699311
6.8739159200 45.3033545244 42.0195687012
7.3025449009 45.7008771789 41.5017254589
6.5572399953 47.1226312479 36.3566272774
6.8480087840 46.8026726039 37.0421070951
7.0669035805 46.6438710072 38.0344752535
7.4264267228 45.7037328365 38.9889344142
7.2610418363 46.5762206052 39.1894256691
7.3451508518 46.7651235548 40.3007886578
7.4884615210 46.0335439242 39.7227574341
7.5121549194 46.1847634577 40.3941782987
6.9006576099 46.6370897620 42.0791965918
7.2925347967 46.4800122037 41.3728380487
6.4185564716 48.1078386356 36.4363522540
6.7314718638 47.9038350464 37.0567376816
6.9250003822 47.7244297412 37.9899399575
7.0457037095 47.6500444296 39.0734050963
7.1303765610 47.6250195717 40.2161838280
7.3967112317 46.5889383386 40.8836526352
7.1626830533 47.3868916896 41.3696607955
7.0116643183 47.6092399583 42.2226633884
6.8027672613 47.7947990971 42.8658528101
6.5409920932 49.0352985595 36.9341448236
6.7605749514 48.7412997449 37.9100973805
6.8543536995 48.6382157789 38.9700538952
6.9065410321 48.6124490932 40.0990413845
6.9668639886 48.5943048813 41.2782208080
7.0505755915 48.5643681563 42.5057755997
7.1232926414 48.5851951944 43.2120927820
6.9425270177 48.5013325764 43.6266944093
6.9103795235 48.8231949931 44.0951474209
7.0876235455 49.1494756379 44.2456233975
6.4302300557 49.6670622452 36.6526891782
6.4626790562 49.7445934236 37.1416848240
6.5563816379 49.5964653132 37.8155960360
6.6185696723 49.4997795007 38.8091796472
6.6244485866 49.4715466250 39.9294249809
6.6502549746 49.4927091615 41.1003155724
6.7379738792 49.6350959406 42.3521394495
7.2194150389 49.0523598759 43.3071436941
7.0220435835 49.5891709699 43.3589456903
7.2663753678 49.3609867648 43.7063619321
6.6986924753 49.7096899547 44.4691839140
7.0021350689 49.5499246693 44.2963802833
6.5807951143 50.2396004258 43.3369247260
7.1369228490 49.6477522112 43.9656009017
6.7369061276 50.1124524724 44.0925887319
6.5967692809 50.2329296071 44.4113291634
7.4171313314 1.9561143460 20.9847339975
7.4128901419 1.7204294163 21.6128722938
7.1831225945 1.5893684266 22.0767792124
7.6157053070 2.8493202072 20.7255025718
7.6587639552 2.4831073660 21.5296681094
7.3909869195 2.1722066088 22.1524866296
7.5108945533 3.7491969573 20.2312225247
7.8427090614 3.5764074258 20.8111195185
7.9378500661 3.5706553364 21.4490286070
7.5706293463 3.1104746468 22.1589566924
7.5394430815 4.8748111980 20.2003198211
7.9508596253 4.3362486875 21.0064457503
8.1920148500 4.1478946394 21.4668323171
8.1574264274 4.1300000798 21.7127360670
8.1528020612 4.4377881395 21.7716551385
7.7787473767 4.2448449706 22.1352790940
7.1465080759 5.1625213845 34.3536087744
7.4841903416 5.7953161593 20.1853959198
7.7745039782 5.4360440049 20.8799088972
8.1873904838 4.4556826991 21.5257513887
7.9215340066 5.0509532883 21.7291480270
7.5932694827 5.1837058680 22.4150758637
7.2284219562 5.6103733678 34.2476635104
7.5987193550 6.3144765755 20.7407805173
7.6931973158 6.2770687265 21.6061409121
7.5923662931 5.9725731913 22.3329121680
7.4635859268 6.9251952729 32.2163788605
7.3332466983 6.3859251563 33.4076207419
6.8814407862 6.5107114134 36.4397344086
7.4965269724 6.8329324782 22.3436532050
7.9582761440 7.9310520102 29.4479746142
8.1182108934 7.7924124236 29.8490149131
7.9012907166 7.6284535234 30.4734749348
7.8158696494 7.7525094826 31.5582767729
8.2181587042 8.1955998897 30.6843441357
7.5670134106 7.4042284644 32.6919453245
7.2296699872 9.3322096387 18.3375254790
7.6958615012 9.1453696779 28.7268260973
7.9715889964 8.4271965337 29.1680058025
8.0176644690 8.8204874766 31.3146530012
8.3004839712 8.7922147378 30.5412732494
7.6335878364 8.3956440517 32.2887391061
7.2586268369 9.8777669500 17.9379493162
7.4945282691 9.9328066162 18.5804973928
7.9305589066 10.0951851544 21.4081471765
7.9844502629 10.1240545900 22.5677114147
7.6658353079 10.1126159779 28.6431023457
8.1615149677 8.9707916600 29.3620484911
8.0285872067 9.7521331926 29.5592687667
8.0995454513 9.5693050003 30.6361606611
8.3143429121 9.0089699783 29.9520216409
7.9195910276 9.5750661494 31.3486946758
7.5821989008 9.5038831768 31.9989302894
7.2824229672 11.6616145295 1.8215176729
7.4435944076 11.5282934738 2.4268129998
7.4284008382 11.4649015429 3.0669666049
7.7836669374 10.8404509324 19.0040135196
8.2411937544 10.9114535566 20.4256500641
8.4425546718 10.7328258345 21.6715848998
8.5217875145 10.7126783315 22.4397670264
8.3807230200 10.6864736419 23.1537960831
8.3906217202 11.0569990829 23.9938067961
8.7688622780 11.0931779625 23.3491344496
7.9657308397 11.1168692143 24.8532556109
7.6394124431 11.0052095853 28.6587805454
7.8377007818 10.7951677864 29.4275811720
7.8914240408 10.5976735195 30.3290227023
7.6918603727 10.3491347643 31.3244996607
7.2694094718 12.0444043513 1.7518479613
7.4296050601 11.9931841761 2.2778860942
7.4755927484 12.0554616245 3.1363718155
7.3783131293 11.9127779241 3.9007686458
7.1985293554 12.0369934692 4.5582883291
7.4154790571 12.7886198653 11.3484060674
7.4407399863 12.6282503682 11.9538628102
7.8487182309 11.9329618165 18.5892412760
8.3489802541 12.0743085914 19.4155708476
8.9594374398 12.0932363596 20.2932901284
9.0126435639 11.4891081503 21.1556199733
8.9504200442 11.1309002078 22.1279233470
8.9252941444 11.4862025479 23.9176977900
9.1361235007 12.0065128203 24.5090962220
8.5273826064 11.8142170139 24.8639984910
7.9527164134 11.8938812719 25.7947066894
7.6668644403 11.7138566211 29.3729735381
7.7518583363 11.4171341321 30.0624785446
7.5040357179 11.5146312225 30.8803319275
7.3103902761 12.5769050349 3.9973508004
7.2460584464 12.5050492916 4.6898551618
7.5467069804 13.5245023949 11.2747353149
7.6546565150 13.3215099134 12.0278693919
7.5311659944 13.0953231510 12.7966559908
7.3691488814 13.1251371256 13.5732490609
8.1147464020 13.0523200676 18.6537763615
8.6085180272 13.0321944326 19.2816280211
8.8729695861 12.7259431816 19.7257615128
8.9183071598 12.4741041409 25.1435313128
9.0788920415 13.2530321710 25.5488025783
8.4480088205 12.7953416562 25.8375503261
7.8983793112 12.7675060189 26.6003143922
7.5180028288 12.2298714784 30.1851678939
7.3122708375 14.5208669766 7.8668294446
7.3613850761 14.4188535711 8.3913378125
7.5948321275 14.3551941431 11.2866543778
7.7300804355 14.2152878160 12.0380623364
7.7267867819 14.0183910611 12.8519450958
7.5628256015 13.7965707496 13.6437449918
8.1255826264 14.2794174560 18.4700087931
8.6215379667 13.8625884654 19.0801553270
8.6683255856 13.6594284715 26.1039248139
8.6392564787 14.4537928266 26.4057285705
8.1603312543 13.7735097719 26.7216561150
7.2195698629 15.0238694393 7.8411129435
7.3263467196 14.8876708210 8.3595331418
7.6377643339 15.1590381684 11.9711741340
7.7182977121 15.0193722514 12.8241357556
7.6255976633 14.7760950499 13.6664808756
8.1124744094 15.3757517777 18.4459772528
8.6339688840 14.8944813203 19.0205255877
8.1826348700 14.9030459459 27.0185726792
8.6725884477 15.4391971666 26.5596524179
7.5513471011 15.9628127936 12.6772544530
7.5480038018 15.9200231766 13.5870096885
8.0652570640 16.3619999473 18.4878619833
8.5871614448 15.9543644963 19.0778438197
8.2324413187 15.8845511693 27.1333597642
8.6520425616 16.2556561452 26.7106507969
7.3608723104 16.7932999298 13.1633916489
7.9957255379 16.9835812802 18.5157175408
8.3879616947 17.0374282003 19.0926276883
8.3606068129 16.6657168842 27.1165182535
8.2984242942 17.5334506745 27.3283576958
7.5375648537 18.1114207359 38.4054030294
8.1406751451 18.7423340172 19.4483627365
8.2697903246 17.9978049912 19.2924407285
8.4964727976 18.4733482809 19.8956736593
8.5456811256 18.4380737779 27.3059266409
7.6178880323 18.6711848046 37.9143883908
7.8958944752 18.6189351229 38.4361223384
7.8863518220 18.9600746706 38.9537623121
8.1072050667 19.1598947539 38.4441106139
7.2175315735 18.3101480224 43.2642817638
8.0231815483 19.2334826013 19.5223335059
8.3400544938 19.2752670486 20.0793343816
7.9682319014 19.1663670782 28.0288422915
8.4310420660 19.0030622917 27.6138868607
7.8182896995 19.4109757717 37.8748404580
7.9506964023 19.6516307691 38.8213228580
8.0778078546 19.6690862541 38.3669078246
7.7131003890 19.5565175795 39.5310506750
8.1230053485 21.0746168576 20.8718137166
8.2353279018 20.1876870627 20.4392274360
8.4770912074 20.5499286256 21.1334564740
8.4990555572 19.7871413671 27.8685470560
8.0975259415 20.6236317929 28.4736990969
7.9299779994 19.8353272958 38.0955094288
7.7299063153 20.4303798090 38.4761646106
7.7159952251 20.3253119969 39.2279182336
7.8290566676 21.9111782102 21.0049621208
8.4607975468 21.0884016051 21.5485325594
8.2251990748 21.8171086976 21.7983929625
8.5665961636 21.3836445061 22.1047209408
8.5597252506 21.4594784791 28.6183825318
7.9556076763 22.0145882258 29.1176988132
8.4635213714 22.3113425644 29.0203191715
7.5521794665 21.1079956670 39.0255837177
7.8295017250 22.5724475426 21.7333078334
8.4809215308 21.9304530689 22.5481891156
8.1483078457 22.7260909311 22.7536188336
8.3994699015 22.8890257150 23.5968671582
8.5866032906 22.2352368780 23.2663996864
8.6633277786 22.6202118450 24.0004117100
8.4272878719 22.9370673924 29.1313065017
7.2379180014 24.5457322618 18.7602816337
7.3332302281 24.1885797940 19.1970844867
8.1298358649 23.3350865206 23.5395309720
8.3935557715 23.3781398214 24.2832432695
7.6531442297 23.9543370838 29.7490123174
8.1886023114 23.6286923756 29.2079798033
7.2927541374 25.2983835075 18.8293527601
7.3922129714 24.8445343005 19.2797515085
7.7891317120 24.7580450006 25.2413276316
8.1288654295 24.1392204073 24.7890036085
7.9188073769 24.8882254346 26.2281283279
8.3147517055 24.2434201450 25.6819802959
7.9932915782 24.9681739469 27.3601436280
8.4480062164 24.2571502815 26.6648503861
8.1439022227 24.6808303276 28.2538087760
8.5101365535 24.1781805226 27.6676227151
7.8666217925 24.6675600526 29.1597845908
8.4302379745 24.0008236021 28.5559416199
7.5045040790 24.6535638050 29.9352150411
7.2329295484 25.8654088805 18.8937084500
7.3306048926 25.5591679657 19.2735887339
7.6781951637 25.3813929906 28.3244353096
7.4807012895 26.3794535610 41.5469240336
7.4538500844 26.4738358670 43.2784855232
7.4741915343 26.9359916840 41.5961322695
7.5254011842 26.8472551110 42.4097160251
7.5439745201 27.3070444929 43.4326684496
7.4713879994 26.9881595961 44.0383878556
7.3479518068 26.9173297716 44.4029332544
7.4939725529 27.7451606759 44.0512138013
7.4965556557 27.4858282790 44.3137995760
7.0949192776 38.4914239729 40.8747339309
7.2083780365 39.2092176413 40.8769822587
7.3805589746 40.3253153060 40.8085180464
7.6141944153 41.4572367786 40.2522425967
7.4578230789 41.3372079622 41.1232571020
7.6646476861 42.4980695431 39.5822481302
7.7463677894 42.4670411466 40.4150830659
7.6540679271 42.0750765282 40.9051934483
7.3660140992 42.2056811559 41.5330725011
7.6881631066 43.6347978208 39.4110199855
7.7612836887 43.3383798580 40.2570354613
7.6423260696 42.9724230886 41.0802427639
7.6506345042 44.6379627464 39.3665040410
7.7321835228 44.3711623000 40.1570193843
7.6518305138 44.0319450798 40.9403817137
7.5734231126 45.3732313228 39.3615724000
7.6343062892 45.4033233771 40.1134956231
7.5945648401 45.0459186105 40.8793243192
7.5062575155 45.9371196405 40.8831924833
7.2572914937 48.9710487939 43.6786567502
7.1855387531 48.9409276062 43.9951892071
7.2533010245 49.2981798606 44.0433616897
8.2660034082 4.2945112046 21.6325989773
8.2920346932 8.1377753765 29.6707982899
8.2957993390 7.9791371708 30.1283961658
8.3354229100 8.5707482281 29.6119331459
8.4012134938 8.4184442409 30.0843448917
8.7994855840 10.9791495598 22.7872754566
9.2879930366 12.0202255463 20.7582727514
9.5382532078 12.0363185764 21.0811806868
9.4831214212 11.5948897916 21.8761101580
9.2464396682 11.3885001974 22.9943279514
9.3519741088 11.7168193286 23.8652814117
9.5522971242 12.1141206112 24.3356469988
9.0503387223 13.4986019904 19.6124050636
9.3330742112 13.0109128602 20.1002686941
9.5053461935 12.5152484422 20.5684449163
9.3623841458 12.5959946378 24.9380678871
9.5188413848 13.2182329863 25.2400259122
9.1264744762 14.4270651992 19.5355898906
9.5854910446 13.9879043269 20.0343779149
9.0116018368 14.0629638339 25.9409118557
9.4467341918 14.1065115174 25.5773069296
9.1346884344 15.4202440621 19.6160146516
9.5285505209 14.8829508975 19.9477355451
9.1119681320 14.9127164295 26.0205206533
9.5576742954 15.2601415687 25.5565819369
9.0779389726 16.5649794046 19.9371078129
9.6324153796 15.7508083563 20.3311785830
9.1510192294 16.2215655390 26.0217961187
9.6659725340 16.1979716927 25.1841518327
8.7513409525 17.7032498592 19.9656243944
9.5528789187 16.5830726627 20.7513253772
9.2550682802 17.5056355591 20.9693989606
9.4782302139 17.6649448564 22.1662675220
9.6915880374 16.8876399061 21.5750002634
9.5558993264 17.6576151222 23.2272822485
9.7795976539 16.9907370346 22.5812025403
9.5585762460 17.5233483442 24.2200512001
9.8003365038 16.9422391812 23.5753345111
9.4384287511 17.2579871908 25.2512165447
9.7625094798 16.7321616448 24.4792826437
9.1261027776 17.4227929885 26.1163406151
8.7646009845 17.0329002548 26.6813904734
8.8408668408 18.6936627842 20.7796235703
9.1961382926 18.5756078404 21.8961468051
9.3538006986 18.5380186960 22.9732943591
9.4251690581 18.4269870670 23.9949353052
9.4234760752 18.1948834222 24.8435521739
9.3093107366 18.5236103097 25.8564712704
8.8723342192 18.0320394068 26.7220706759
8.0394235939 18.9907907035 38.1150413116
8.6399847533 19.8151984186 21.0060187422
8.9671706446 19.6285580059 21.8483444303
9.1877198026 19.5468081117 22.8574805841
9.3355766480 19.4438961242 23.8887841957
9.4399886183 19.2243219241 24.9507411145
9.5288822982 19.4397464285 25.7506625597
9.4697451746 19.3946831787 26.2729213280
9.5827328050 19.9449487076 26.7057696639
9.0442949863 19.1600103556 26.9706369134
8.1234006457 19.3802687335 38.1396509353
8.7366000704 20.6345674856 21.8760359229
8.9963015832 20.5823527884 22.8250587113
9.2110536046 20.5446454152 23.8640207276
9.4318078280 20.3401072246 24.8292975853
9.6186457531 20.1117834915 25.6251766195
9.3058973348 20.1091524331 27.3681624600
8.9657664406 20.6530891119 28.0001264555
9.5359048782 20.6869769909 27.5576770432
8.7521900887 21.4213992922 22.7463872644
8.9379907888 21.6962285132 23.8172621727
9.2858768978 21.5609101325 25.0408710556
9.6110077552 21.0011513832 25.7214411621
9.4043578052 21.3328308928 27.9210744971
9.0171751370 22.0282268301 28.5117763082
9.3991305460 21.9372086933 28.0556193223
8.8653354785 22.7552828884 24.9228922012
9.5219631980 21.7540832163 26.0202769525
9.2054759068 22.5906814950 26.1540808984
9.2448387025 22.7288074033 27.3153292480
9.5524402093 22.0196494755 26.7924999304
9.1317854630 22.5863633961 28.2046890898
9.5121963173 22.0713550682 27.5892890456
8.7990169435 22.6151783634 28.8038328524
8.5394879343 23.6510094919 25.1381381086
8.7610359381 23.5382232483 25.9391587982
8.8882479418 23.4921677515 26.9787124100
8.8669087312 23.4055800535 27.9611567337
8.6938299255 23.2172996206 28.7224604804
9.7374461836 11.9881237075 21.4100275532
9.7240049465 11.6970963423 21.9365160642
9.6155748720 11.5783360403 22.5843262084
9.5937567274 11.7514643735 23.6028153649
9.7121132581 12.1444450195 24.2590165924
9.7819752803 13.2952606978 20.4053300580
9.8051229377 12.6787106841 20.8005581473
9.6607884006 12.6963573008 24.8182263983
9.6821715082 13.6189178376 25.2682184573
9.9602785385 13.9724915511 20.3496274964
10.0082325636 13.5452397957 20.5129739942
9.7267725966 14.6195968175 25.3815186522
9.8717004942 14.7657220678 20.3091284102
10.0563313927 14.1299380314 20.4086851016
9.8695524004 15.6368598478 25.0408764801
9.9459685460 15.7359823805 20.8235975451
9.8797081622 16.2542712238 21.1556970441
9.9904495406 16.4863363924 22.0579268040
10.0685785505 16.1707442392 21.6164071606
10.0299445730 16.5260227517 23.0256596646
10.1335120029 16.3182637672 22.5359257654
10.0125251343 16.4181240495 23.9347870180
10.1369419478 16.2853718163 23.4688653983
9.9386800454 16.1825532629 24.6210160052
10.0681446079 16.0873442253 24.3019261970
9.6600621835 19.9096136493 26.1473006292
9.8166898056 20.6523040322 26.4972725246
9.7628784705 20.4884300494 27.0455984884
9.9511053746 20.6764783748 26.8181886519
9.7822455301 20.9471598867 27.3462783119
9.7175990758 21.3920048890 26.4322170296
9.9357794178 20.9110326765 26.9551873450
9.7516290503 21.3829256908 27.1747537689
9.5942334357 21.6805128914 27.7333462689
3 2 1 0
3 4 3 0
3 0 3 2
3 4 5 3
3 0 1 6
3 6 1 7
3 0 8 4
3 0 6 8
3 5 4 9
3 9 4 8
3 7 10 6
3 6 10 8
3 8 10 11
3 8 11 9
3 14 13 12
3 16 15 12
3 12 15 14
3 18 17 16
3 16 17 15
3 18 19 17
3 12 13 20
3 20 13 21
3 12 22 16
3 12 20 22
3 16 23 18
3 16 22 23
3 19 18 24
3 18 25 24
3 18 23 25
3 25 26 24
3 29 28 27
3 29 27 21
3 27 20 21
3 27 30 20
3 20 31 22
3 20 30 31
3 22 32 23
3 22 31 32
3 23 33 25
3 23 32 33
3 26 25 34
3 34 25 33
3 27 28 35
3 35 28 36
3 27 37 30
3 27 35 37
3 30 38 31
3 30 37 38
3 31 39 32
3 31 38 39
3 32 40 33
3 32 39 40
3 34 33 41
3 33 42 41
3 33 40 42
3 42 43 41
3 36 44 35
3 46 45 44
3 45 35 44
3 45 37 35
3 37 47 38
3 37 45 47
3 38 48 39
3 38 47 48
3 39 49 40
3 39 48 49
3 40 50 42
3 40 49 50
3 43 42 51
3 51 42 50
3 46 52 45
3 45 52 47
3 47 52 53
3 55 54 53
3 54 47 53
3 54 48 47
3 48 56 49
3 48 54 56
3 49 57 50
3 49 56 57
3 51 50 58
3 58 50 57
3 55 59 54
3 61 60 59
3 60 54 59
3 60 56 54
3 63 57 62
3 57 60 62
3 57 56 60
3 57 63 58
3 61 64 60
3 60 64 62
3 67 66 65
3 65 68 67
3 71 70 69
3 73 72 69
3 69 72 71
3 73 74 72
3 66 75 65
3 65 75 68
3 78 77 76
3 78 76 70
3 76 69 70
3 76 79 69
3 69 80 73
3 69 79 80
3 74 73 81
3 81 73 80
3 76 77 82
3 82 77 83
3 82 1 2
3 79 82 2
3 76 82 79
3 79 2 3
3 79 3 80
3 85 84 5
3 5 84 3
3 84 81 3
3 81 80 3
3 85 86 84
3 89 88 87
3 87 90 89
3 82 83 91
3 91 83 92
3 91 7 1
3 91 1 82
3 9 93 85
3 9 85 5
3 86 85 94
3 85 95 94
3 85 93 95
3 94 95 88
3 95 87 88
3 95 96 87
3 90 87 97
3 87 98 97
3 87 96 98
3 100 99 98
3 98 99 97
3 100 101 99
3 91 92 102
3 102 92 103
3 104 10 7
3 91 104 7
3 102 104 91
3 105 11 10
3 105 10 104
3 93 9 11
3 105 93 11
3 106 93 105
3 106 13 14
3 95 106 14
3 93 106 95
3 95 14 15
3 95 15 96
3 96 15 17
3 96 17 98
3 98 17 19
3 107 98 19
3 100 98 107
3 101 100 108
3 100 109 108
3 100 107 109
3 109 110 108
3 113 112 111
3 115 114 111
3 111 114 113
3 117 116 115
3 116 102 115
3 103 114 115
3 103 115 102
3 102 116 104
3 104 116 118
3 120 119 118
3 119 104 118
3 119 105 104
3 105 121 106
3 105 119 121
3 121 21 13
3 121 13 106
3 24 107 19
3 107 24 26
3 122 107 26
3 109 107 122
3 110 109 123
3 123 109 122
3 112 124 111
3 126 125 124
3 125 111 124
3 125 115 111
3 117 115 127
3 127 115 125
3 119 120 128
3 128 120 129
3 128 28 29
3 121 128 29
3 119 128 121
3 121 29 21
3 34 130 122
3 34 122 26
3 123 122 131
3 122 132 131
3 122 130 132
3 132 133 131
3 125 126 134
3 134 126 135
3 127 125 136
3 136 125 134
3 128 129 137
3 137 129 138
3 137 36 28
3 137 28 128
3 41 130 34
3 130 41 43
3 139 130 43
3 132 130 139
3 133 132 140
3 140 132 139
3 135 141 134
3 134 141 136
3 138 142 137
3 142 144 143
3 142 143 44
3 137 142 44
3 36 137 44
3 143 46 44
3 51 145 139
3 51 139 43
3 140 139 146
3 146 139 145
3 144 147 143
3 147 149 148
3 147 148 52
3 143 147 52
3 46 143 52
3 150 53 52
3 150 52 148
3 150 55 53
3 58 151 145
3 58 145 51
3 146 145 152
3 152 145 151
3 148 149 153
3 153 149 154
3 148 155 150
3 148 153 155
3 156 59 55
3 150 156 55
3 155 156 150
3 156 61 59
3 62 157 63
3 151 58 63
3 157 151 63
3 158 151 157
3 152 151 159
3 151 160 159
3 151 158 160
3 160 161 159
3 153 154 162
3 162 154 163
3 153 164 155
3 153 162 164
3 155 165 156
3 155 164 165
3 166 64 61
3 156 166 61
3 165 166 156
3 157 62 64
3 166 157 64
3 167 157 166
3 157 168 158
3 157 167 168
3 158 169 160
3 158 168 169
3 161 160 170
3 170 160 169
3 162 163 171
3 171 163 172
3 174 164 173
3 164 171 173
3 164 162 171
3 164 174 165
3 165 174 175
3 177 176 175
3 176 165 175
3 176 166 165
3 166 178 167
3 166 176 178
3 167 179 168
3 167 178 179
3 168 180 169
3 168 179 180
3 170 169 181
3 181 169 180
3 172 182 171
3 171 182 173
3 176 177 183
3 183 177 184
3 176 185 178
3 176 183 185
3 178 186 179
3 178 185 186
3 188 180 187
3 180 186 187
3 180 179 186
3 180 188 181
3 184 189 183
3 183 189 185
3 185 189 190
3 185 190 186
3 186 190 191
3 186 191 187
3 194 193 192
3 192 195 194
3 193 196 192
3 192 196 195
3 199 198 197
3 201 200 197
3 197 200 199
3 203 202 201
3 201 202 200
3 203 204 202
3 207 206 205
3 209 208 205
3 205 208 207
3 209 210 208
3 213 212 211
3 215 214 211
3 211 214 213
3 217 216 215
3 215 216 214
3 216 217 198
3 217 197 198
3 217 218 197
3 197 219 201
3 197 218 219
3 201 220 203
3 201 219 220
3 204 203 221
3 203 222 221
3 203 220 222
3 222 223 221
3 226 225 224
3 228 227 224
3 224 227 226
3 227 228 206
3 228 205 206
3 228 229 205
3 205 230 209
3 205 229 230
3 210 209 231
3 231 209 230
3 211 212 232
3 232 212 233
3 211 234 215
3 211 232 234
3 215 235 217
3 215 234 235
3 217 236 218
3 217 235 236
3 236 66 67
3 219 236 67
3 218 236 219
3 219 67 68
3 237 219 68
3 220 219 237
3 220 238 222
3 220 237 238
3 223 222 239
3 239 222 238
3 242 241 240
3 244 243 240
3 240 243 242
3 243 244 225
3 225 244 224
3 244 70 224
3 70 71 224
3 224 71 72
3 224 72 228
3 228 72 74
3 245 228 74
3 229 228 245
3 247 230 246
3 230 245 246
3 230 229 245
3 230 247 231
3 233 248 232
3 250 249 248
3 249 232 248
3 249 234 232
3 234 251 235
3 234 249 251
3 235 252 236
3 235 251 252
3 253 75 66
3 236 253 66
3 252 253 236
3 237 68 75
3 253 237 75
3 254 237 253
3 256 238 255
3 238 254 255
3 238 237 254
3 238 256 239
3 259 258 257
3 261 260 257
3 257 260 259
3 260 261 241
3 261 240 241
3 261 262 240
3 262 77 78
3 244 262 78
3 240 262 244
3 244 78 70
3 81 263 245
3 81 245 74
3 246 245 264
3 245 265 264
3 245 263 265
3 267 266 265
3 265 266 264
3 269 268 267
3 267 268 266
3 269 270 268
3 250 271 249
3 249 271 251
3 251 271 272
3 251 272 252
3 252 272 273
3 275 274 273
3 274 252 273
3 274 253 252
3 253 276 254
3 253 274 276
3 255 254 277
3 277 254 276
3 280 279 278
3 282 281 278
3 278 281 280
3 284 283 282
3 282 283 281
3 286 285 284
3 284 285 283
3 285 286 258
3 286 257 258
3 286 287 257
3 257 288 261
3 257 287 288
3 261 289 262
3 261 288 289
3 289 83 77
3 289 77 262
3 84 263 81
3 263 84 86
3 290 263 86
3 265 263 290
3 290 88 89
3 267 290 89
3 265 290 267
3 267 89 90
3 291 267 90
3 269 267 291
3 270 269 292
3 269 293 292
3 269 291 293
3 295 294 293
3 293 294 292
3 295 296 294
3 275 297 274
3 274 297 276
3 276 297 298
3 276 298 277
3 279 299 278
3 278 299 282
3 282 299 300
3 302 301 300
3 301 282 300
3 301 284 282
3 284 303 286
3 284 301 303
3 286 304 287
3 286 303 304
3 287 305 288
3 287 304 305
3 288 306 289
3 288 305 306
3 306 92 83
3 306 83 289
3 94 290 86
3 290 94 88
3 97 291 90
3 291 97 99
3 291 99 293
3 293 99 101
3 307 293 101
3 295 293 307
3 296 295 308
3 295 309 308
3 295 307 309
3 309 310 308
3 302 311 301
3 313 312 311
3 312 301 311
3 312 303 301
3 303 314 304
3 303 312 314
3 304 315 305
3 304 314 315
3 305 316 306
3 305 315 316
3 316 103 92
3 316 92 306
3 108 307 101
3 307 108 110
3 317 307 110
3 309 307 317
3 310 309 318
3 318 309 317
3 312 313 319
3 319 313 320
3 312 321 314
3 312 319 321
3 321 112 113
3 315 321 113
3 314 321 315
3 315 113 114
3 315 114 316
3 103 316 114
3 116 117 322
3 323 118 116
3 323 116 322
3 323 120 118
3 123 324 317
3 123 317 110
3 318 317 325
3 325 317 324
3 319 320 326
3 326 320 327
3 319 328 321
3 319 326 328
3 329 124 112
3 321 329 112
3 328 329 321
3 329 126 124
3 127 330 322
3 127 322 117
3 322 331 323
3 322 330 331
3 331 129 120
3 331 120 323
3 131 324 123
3 131 133 324
3 133 325 324
3 133 332 325
3 327 333 326
3 326 333 328
3 328 333 334
3 336 335 334
3 335 328 334
3 335 329 328
3 335 135 126
3 335 126 329
3 136 337 330
3 136 330 127
3 330 338 331
3 330 337 338
3 338 138 129
3 338 129 331
3 140 340 339
3 332 140 339
3 133 140 332
3 340 341 339
3 344 343 342
3 342 345 344
3 336 346 335
3 346 348 347
3 346 347 141
3 335 346 141
3 135 335 141
3 337 136 141
3 347 337 141
3 349 337 347
3 337 350 338
3 337 349 350
3 351 142 138
3 338 351 138
3 350 351 338
3 351 144 142
3 146 352 340
3 146 340 140
3 341 340 353
3 353 340 352
3 343 354 342
3 342 354 345
3 348 355 347
3 347 355 349
3 349 355 356
3 349 356 350
3 350 356 357
3 359 358 357
3 358 350 357
3 358 351 350
3 360 147 144
3 351 360 144
3 358 360 351
3 360 149 147
3 152 361 352
3 152 352 146
3 353 352 362
3 362 352 361
3 359 363 358
3 365 364 363
3 364 358 363
3 364 360 358
3 364 154 149
3 364 149 360
3 159 361 152
3 159 161 361
3 161 362 361
3 161 366 362
3 364 365 367
3 367 365 368
3 367 163 154
3 367 154 364
3 170 370 369
3 366 170 369
3 161 170 366
3 370 371 369
3 367 368 372
3 372 368 373
3 372 172 163
3 372 163 367
3 173 374 174
3 375 175 174
3 375 174 374
3 375 177 175
3 181 376 370
3 181 370 170
3 371 370 377
3 377 370 376
3 373 378 372
3 378 380 379
3 378 379 182
3 372 378 182
3 172 372 182
3 379 381 182
3 182 381 173
3 381 382 173
3 382 374 173
3 374 382 375
3 375 382 383
3 177 375 383
3 384 177 383
3 184 177 384
3 187 385 188
3 376 181 188
3 385 376 188
3 386 376 385
3 377 376 387
3 387 376 386
3 380 388 379
3 379 388 381
3 384 389 184
3 184 389 189
3 389 391 390
3 190 389 390
3 189 389 190
3 392 191 190
3 392 190 390
3 385 187 191
3 392 385 191
3 393 385 392
3 385 394 386
3 385 393 394
3 387 386 395
3 395 386 394
3 398 397 396
3 396 399 398
3 391 400 390
3 390 400 392
3 392 400 401
3 403 402 401
3 402 392 401
3 402 393 392
3 393 404 394
3 393 402 404
3 395 394 405
3 394 406 405
3 394 404 406
3 406 407 405
3 396 397 408
3 408 397 409
3 399 396 410
3 410 396 408
3 403 411 402
3 413 412 411
3 412 402 411
3 412 404 402
3 404 414 406
3 404 412 414
3 407 406 415
3 415 406 414
3 409 416 408
3 408 416 410
3 413 417 412
3 412 417 414
3 414 417 418
3 414 418 415
3 421 420 419
3 423 422 419
3 419 422 421
3 423 424 422
3 427 426 425
3 425 428 427
3 419 420 429
3 429 420 430
3 419 431 423
3 419 429 431
3 424 423 432
3 432 423 431
3 426 433 425
3 425 433 428
3 429 430 434
3 434 430 435
3 429 436 431
3 429 434 436
3 432 431 437
3 437 431 436
3 434 435 438
3 438 435 439
3 434 440 436
3 434 438 440
3 437 436 441
3 441 436 440
3 439 442 438
3 438 442 440
3 440 442 443
3 440 443 441
3 446 445 444
3 448 447 444
3 444 447 446
3 448 449 447
3 444 445 450
3 450 445 451
3 453 448 452
3 448 450 452
3 448 444 450
3 448 453 449
3 456 455 454
3 456 454 451
3 454 450 451
3 454 457 450
3 452 450 458
3 450 459 458
3 450 457 459
3 459 460 458
3 454 455 461
3 461 455 462
3 454 463 457
3 454 461 463
3 457 464 459
3 457 463 464
3 460 459 465
3 465 459 464
3 468 467 466
3 468 466 462
3 466 461 462
3 466 469 461
3 461 470 463
3 461 469 470
3 463 471 464
3 463 470 471
3 465 464 472
3 472 464 471
3 466 467 473
3 473 467 474
3 466 475 469
3 466 473 475
3 475 193 194
3 470 475 194
3 469 475 470
3 470 194 195
3 476 470 195
3 471 470 476
3 472 471 477
3 477 471 476
3 473 474 478
3 478 474 479
3 473 480 475
3 473 478 480
3 481 196 193
3 475 481 193
3 480 481 475
3 476 195 196
3 481 476 196
3 482 476 481
3 477 476 483
3 476 484 483
3 476 482 484
3 484 485 483
3 488 487 486
3 490 489 486
3 486 489 488
3 492 491 490
3 490 491 489
3 494 493 492
3 492 493 491
3 496 495 494
3 494 495 493
3 496 497 495
3 500 499 498
3 500 498 479
3 498 478 479
3 498 501 478
3 478 502 480
3 478 501 502
3 480 503 481
3 480 502 503
3 481 504 482
3 481 503 504
3 482 505 484
3 482 504 505
3 485 484 506
3 484 507 506
3 484 505 507
3 509 508 507
3 507 508 506
3 511 510 509
3 509 510 508
3 510 511 487
3 487 511 486
3 511 198 486
3 198 199 486
3 486 199 200
3 486 200 490
3 490 200 202
3 490 202 492
3 492 202 204
3 512 492 204
3 494 492 512
3 494 513 496
3 494 512 513
3 497 496 514
3 514 496 513
3 517 516 515
3 517 515 499
3 515 498 499
3 515 518 498
3 498 519 501
3 498 518 519
3 519 206 207
3 502 519 207
3 501 519 502
3 502 207 208
3 502 208 503
3 503 208 210
3 520 503 210
3 504 503 520
3 504 521 505
3 504 520 521
3 521 212 213
3 507 521 213
3 505 521 507
3 507 213 214
3 507 214 509
3 509 214 216
3 509 216 511
3 511 216 198
3 221 512 204
3 512 221 223
3 522 512 223
3 513 512 522
3 514 513 523
3 523 513 522
3 526 525 524
3 526 524 516
3 524 515 516
3 524 527 515
3 527 225 226
3 518 527 226
3 515 527 518
3 518 226 227
3 518 227 519
3 519 227 206
3 231 528 520
3 231 520 210
3 520 529 521
3 520 528 529
3 529 233 212
3 529 212 521
3 531 530 522
3 223 531 522
3 239 531 223
3 522 530 523
3 534 533 532
3 536 535 532
3 532 535 534
3 538 537 536
3 536 537 535
3 540 539 538
3 538 539 537
3 540 541 539
3 544 543 542
3 546 545 542
3 542 545 544
3 545 546 525
3 525 546 524
3 546 241 524
3 241 242 524
3 524 242 243
3 524 243 527
3 527 243 225
3 246 547 247
3 528 231 247
3 547 528 247
3 548 528 547
3 528 549 529
3 528 548 549
3 550 248 233
3 529 550 233
3 549 550 529
3 550 250 248
3 255 551 256
3 551 552 256
3 552 239 256
3 552 531 239
3 533 553 532
3 532 553 536
3 536 553 554
3 536 554 538
3 538 554 555
3 557 556 555
3 556 538 555
3 556 540 538
3 541 540 558
3 540 559 558
3 540 556 559
3 561 560 559
3 559 560 558
3 563 562 561
3 561 562 560
3 565 564 563
3 563 564 562
3 567 566 565
3 565 566 564
3 569 568 567
3 567 568 566
3 571 570 569
3 569 570 568
3 573 572 571
3 571 572 570
3 572 573 543
3 543 573 542
3 573 258 542
3 258 259 542
3 542 259 260
3 542 260 546
3 546 260 241
3 264 547 246
3 547 264 266
3 547 266 548
3 548 266 268
3 548 268 549
3 549 268 270
3 574 549 270
3 550 549 574
3 575 271 250
3 550 575 250
3 574 575 550
3 576 272 271
3 576 271 575
3 577 273 272
3 577 272 576
3 577 275 273
3 579 578 551
3 255 579 551
3 277 579 255
3 551 578 552
3 557 580 556
3 556 580 559
3 559 580 581
3 559 581 561
3 561 581 582
3 584 583 582
3 583 561 582
3 583 563 561
3 563 585 565
3 563 583 585
3 585 279 280
3 567 585 280
3 565 585 567
3 567 280 281
3 567 281 569
3 569 281 283
3 569 283 571
3 571 283 285
3 571 285 573
3 573 285 258
3 292 574 270
3 574 292 294
3 574 294 575
3 575 294 296
3 586 575 296
3 576 575 586
3 576 587 577
3 576 586 587
3 588 297 275
3 577 588 275
3 587 588 577
3 297 588 589
3 590 297 589
3 298 297 590
3 277 298 579
3 579 298 590
3 583 584 591
3 591 584 592
3 583 593 585
3 583 591 593
3 594 299 279
3 585 594 279
3 593 594 585
3 595 300 299
3 595 299 594
3 595 302 300
3 308 586 296
3 586 308 310
3 596 586 310
3 587 586 596
3 587 597 588
3 587 596 597
3 589 588 598
3 598 588 597
3 591 592 599
3 599 592 600
3 602 593 601
3 593 599 601
3 593 591 599
3 593 602 594
3 594 602 603
3 594 603 595
3 595 603 604
3 604 606 605
3 604 605 311
3 595 604 311
3 302 595 311
3 605 313 311
3 318 607 596
3 318 596 310
3 596 608 597
3 596 607 608
3 598 597 609
3 609 597 608
3 600 610 599
3 599 610 601
3 605 606 611
3 611 606 612
3 611 320 313
3 611 313 605
3 325 613 607
3 325 607 318
3 615 608 614
3 608 613 614
3 608 607 613
3 608 615 609
3 618 617 616
3 620 619 616
3 616 619 618
3 622 621 620
3 620 621 619
3 624 623 622
3 622 623 621
3 624 625 623
3 612 626 611
3 320 611 626
3 627 320 626
3 327 320 627
3 332 628 613
3 332 613 325
3 614 613 629
3 629 613 628
3 616 617 630
3 630 617 631
3 616 632 620
3 616 630 632
3 620 633 622
3 620 632 633
3 622 634 624
3 622 633 634
3 625 624 635
3 635 624 634
3 627 636 327
3 327 636 333
3 636 638 637
3 334 636 637
3 333 636 334
3 637 336 334
3 339 628 332
3 339 341 628
3 341 629 628
3 341 639 629
3 642 641 640
3 642 640 631
3 631 640 630
3 640 343 630
3 343 344 630
3 630 344 345
3 643 630 345
3 632 630 643
3 632 644 633
3 632 643 644
3 633 645 634
3 633 644 645
3 635 634 646
3 646 634 645
3 638 647 637
3 647 649 648
3 647 648 346
3 637 647 346
3 336 637 346
3 648 348 346
3 353 639 341
3 353 650 639
3 641 651 640
3 651 653 652
3 651 652 354
3 640 651 354
3 343 640 354
3 643 345 354
3 652 643 354
3 654 643 652
3 643 655 644
3 643 654 655
3 657 645 656
3 645 655 656
3 645 644 655
3 645 657 646
3 649 658 648
3 658 660 659
3 658 659 355
3 648 658 355
3 348 648 355
3 661 356 355
3 661 355 659
3 662 357 356
3 662 356 661
3 662 359 357
3 362 664 663
3 650 362 663
3 353 362 650
3 664 665 663
3 652 653 666
3 666 653 667
3 652 668 654
3 652 666 668
3 654 669 655
3 654 668 669
3 656 655 670
3 670 655 669
3 660 671 659
3 659 671 661
3 661 671 672
3 674 673 672
3 673 661 672
3 673 662 661
3 675 363 359
3 662 675 359
3 673 675 662
3 675 365 363
3 366 676 664
3 366 664 362
3 665 664 677
3 677 664 676
3 666 667 678
3 678 667 679
3 666 680 668
3 666 678 680
3 668 681 669
3 668 680 681
3 670 669 682
3 669 683 682
3 669 681 683
3 683 684 682
3 673 674 685
3 685 674 686
3 673 687 675
3 673 685 687
3 687 368 365
3 687 365 675
3 369 676 366
3 689 688 371
3 371 688 369
3 688 677 369
3 677 676 369
3 691 690 689
3 689 690 688
3 691 692 690
3 678 679 693
3 693 679 694
3 678 695 680
3 678 693 695
3 680 696 681
3 680 695 696
3 681 697 683
3 681 696 697
3 684 683 698
3 698 683 697
3 686 699 685
3 701 700 699
3 700 685 699
3 700 687 685
3 700 373 368
3 700 368 687
3 377 702 689
3 377 689 371
3 689 703 691
3 689 702 703
3 692 691 704
3 691 705 704
3 691 703 705
3 705 706 704
3 693 694 707
3 707 694 708
3 693 709 695
3 693 707 709
3 695 710 696
3 695 709 710
3 696 711 697
3 696 710 711
3 698 697 712
3 712 697 711
3 700 701 713
3 713 701 714
3 715 378 373
3 700 715 373
3 713 715 700
3 715 380 378
3 717 716 382
3 717 382 381
3 382 718 383
3 716 718 382
3 384 383 718
3 384 718 719
3 387 720 702
3 387 702 377
3 702 721 703
3 702 720 721
3 703 722 705
3 703 721 722
3 706 705 723
3 705 724 723
3 705 722 724
3 724 725 723
3 707 708 726
3 726 708 727
3 707 728 709
3 707 726 728
3 709 729 710
3 709 728 729
3 710 730 711
3 710 729 730
3 712 711 731
3 711 732 731
3 711 730 732
3 732 733 731
3 714 734 713
3 713 734 715
3 715 734 735
3 715 735 380
3 735 388 380
3 735 736 388
3 381 388 717
3 717 388 736
3 719 737 384
3 384 737 389
3 739 738 391
3 389 739 391
3 737 739 389
3 740 738 739
3 395 741 720
3 395 720 387
3 720 742 721
3 720 741 742
3 742 397 398
3 722 742 398
3 721 742 722
3 722 398 399
3 743 722 399
3 724 722 743
3 725 724 744
3 724 745 744
3 724 743 745
3 745 746 744
3 727 747 726
3 749 748 747
3 748 726 747
3 748 728 726
3 728 750 729
3 728 748 750
3 729 751 730
3 729 750 751
3 730 752 732
3 730 751 752
3 733 732 753
3 753 732 752
3 738 400 391
3 401 400 738
3 754 401 738
3 740 754 738
3 755 401 754
3 755 403 401
3 405 741 395
3 741 405 407
3 756 741 407
3 742 741 756
3 756 409 397
3 756 397 742
3 410 757 743
3 410 743 399
3 743 758 745
3 743 757 758
3 746 745 759
3 745 760 759
3 745 758 760
3 760 761 759
3 748 749 762
3 762 749 763
3 748 764 750
3 748 762 764
3 750 765 751
3 750 764 765
3 751 766 752
3 751 765 766
3 753 752 767
3 767 752 766
3 754 768 755
3 768 770 769
3 768 769 411
3 755 768 411
3 403 755 411
3 769 413 411
3 415 771 756
3 415 756 407
3 772 416 409
3 756 772 409
3 771 772 756
3 757 410 416
3 772 757 416
3 773 757 772
3 757 774 758
3 757 773 774
3 758 775 760
3 758 774 775
3 761 760 776
3 776 760 775
3 763 777 762
3 762 777 764
3 764 777 778
3 764 778 765
3 765 778 779
3 765 779 766
3 766 779 780
3 766 780 767
3 770 781 769
3 781 783 782
3 781 782 417
3 769 781 417
3 413 769 417
3 784 418 417
3 784 417 782
3 771 415 418
3 784 771 418
3 785 771 784
3 787 772 786
3 772 785 786
3 772 771 785
3 772 787 773
3 773 787 788
3 773 788 774
3 774 788 789
3 774 789 775
3 775 789 790
3 775 790 776
3 782 783 791
3 791 783 792
3 782 793 784
3 782 791 793
3 784 794 785
3 784 793 794
3 786 785 795
3 795 785 794
3 792 796 791
3 791 796 793
3 793 796 797
3 793 797 794
3 794 797 798
3 794 798 795
3 801 800 799
3 799 802 801
3 805 804 803
3 807 806 803
3 803 806 805
3 806 807 800
3 807 799 800
3 807 808 799
3 802 799 809
3 809 799 808
3 812 811 810
3 812 810 804
3 810 803 804
3 810 813 803
3 803 814 807
3 803 813 814
3 807 815 808
3 807 814 815
3 809 808 816
3 816 808 815
3 819 818 817
3 821 820 817
3 817 820 819
3 820 821 811
3 821 810 811
3 821 822 810
3 810 823 813
3 810 822 823
3 813 824 814
3 813 823 824
3 814 825 815
3 814 824 825
3 816 815 826
3 826 815 825
3 829 828 827
3 829 827 818
3 827 817 818
3 827 830 817
3 817 831 821
3 817 830 831
3 821 832 822
3 821 831 832
3 832 420 421
3 823 832 421
3 822 832 823
3 823 421 422
3 823 422 824
3 824 422 424
3 833 824 424
3 825 824 833
3 826 825 834
3 834 825 833
3 827 828 835
3 835 828 836
3 835 426 427
3 830 835 427
3 827 835 830
3 830 427 428
3 837 830 428
3 831 830 837
3 831 838 832
3 831 837 838
3 838 430 420
3 838 420 832
3 432 839 833
3 432 833 424
3 834 833 840
3 833 841 840
3 833 839 841
3 841 842 840
3 836 843 835
3 835 843 426
3 843 433 426
3 843 844 433
3 433 844 428
3 844 845 428
3 845 837 428
3 845 844 846
3 837 847 838
3 837 845 847
3 847 435 430
3 847 430 838
3 437 848 839
3 437 839 432
3 850 841 849
3 841 848 849
3 841 839 848
3 841 850 842
3 846 851 845
3 853 852 851
3 852 845 851
3 852 847 845
3 852 439 435
3 852 435 847
3 441 854 848
3 441 848 437
3 849 848 855
3 855 848 854
3 852 853 856
3 856 853 857
3 858 442 439
3 852 858 439
3 856 858 852
3 859 443 442
3 859 442 858
3 854 441 443
3 859 854 443
3 860 854 859
3 855 854 861
3 861 854 860
3 857 862 856
3 864 863 862
3 863 856 862
3 863 858 856
3 858 865 859
3 858 863 865
3 867 860 866
3 860 865 866
3 860 859 865
3 860 867 861
3 863 864 868
3 868 864 869
3 871 865 870
3 865 868 870
3 865 863 868
3 865 871 866
3 869 872 868
3 868 872 870
3 875 874 873
3 877 876 873
3 873 876 875
3 879 878 877
3 877 878 876
3 879 880 878
3 873 874 881
3 881 874 882
3 881 445 446
3 877 881 446
3 873 881 877
3 877 446 447
3 877 447 879
3 447 449 879
3 449 880 879
3 449 883 880
3 886 885 884
3 886 884 882
3 884 881 882
3 884 887 881
3 887 451 445
3 887 445 881
3 452 888 453
3 888 889 453
3 889 449 453
3 889 883 449
3 884 885 890
3 890 885 891
3 890 455 456
3 887 890 456
3 884 890 887
3 887 456 451
3 458 888 452
3 458 460 888
3 460 889 888
3 460 892 889
3 890 891 893
3 893 891 894
3 893 462 455
3 893 455 890
3 465 892 460
3 465 895 892
3 898 897 896
3 896 899 898
3 893 894 468
3 894 467 468
3 894 900 467
3 893 468 462
3 472 895 465
3 472 901 895
3 904 903 902
3 904 902 897
3 902 896 897
3 902 905 896
3 899 896 906
3 906 896 905
3 900 474 467
3 907 474 900
3 477 909 908
3 901 477 908
3 472 477 901
3 909 910 908
3 913 912 911
3 915 914 911
3 911 914 913
3 917 916 915
3 915 916 914
3 919 918 917
3 917 918 916
3 918 919 903
3 919 902 903
3 919 920 902
3 902 921 905
3 902 920 921
3 906 905 922
3 922 905 921
3 925 924 923
3 923 926 925
3 929 928 927
3 907 929 927
3 479 907 927
3 474 907 479
3 483 909 477
3 931 930 485
3 485 930 483
3 930 910 483
3 910 909 483
3 931 932 930
3 934 933 488
3 488 933 487
3 489 911 912
3 934 489 912
3 488 489 934
3 911 489 491
3 911 491 915
3 915 491 493
3 915 493 917
3 917 493 495
3 917 495 919
3 919 495 497
3 935 919 497
3 920 919 935
3 937 921 936
3 921 935 936
3 921 920 935
3 921 937 922
3 924 938 923
3 923 938 926
3 941 940 939
3 941 939 928
3 928 939 927
3 939 499 927
3 499 500 927
3 927 500 479
3 506 931 485
3 942 932 931
3 506 942 931
3 508 942 506
3 943 508 510
3 943 942 508
3 510 487 933
3 510 933 943
3 514 944 935
3 514 935 497
3 936 935 945
3 945 935 944
3 939 940 517
3 940 516 517
3 940 946 516
3 939 517 499
3 948 947 944
3 514 948 944
3 523 948 514
3 944 947 945
3 951 950 949
3 953 952 949
3 949 952 951
3 955 954 953
3 953 954 952
3 957 956 955
3 955 956 954
3 957 958 956
3 961 960 959
3 525 526 959
3 526 961 959
3 526 962 961
3 526 516 946
3 526 946 962
3 964 963 530
3 964 530 531
3 523 530 948
3 948 530 963
3 949 950 534
3 950 533 534
3 950 965 533
3 949 534 535
3 949 535 953
3 953 535 537
3 953 537 955
3 955 537 539
3 955 539 957
3 967 966 541
3 541 966 539
3 966 958 539
3 958 957 539
3 969 968 967
3 967 968 966
3 969 970 968
3 973 972 971
3 975 974 971
3 971 974 973
3 977 976 975
3 975 976 974
3 979 978 977
3 977 978 976
3 543 544 979
3 544 978 979
3 544 980 978
3 545 959 960
3 980 545 960
3 544 545 980
3 959 545 525
3 552 964 531
3 552 981 964
3 965 982 533
3 533 982 553
3 553 983 554
3 982 983 553
3 554 984 555
3 983 984 554
3 557 555 984
3 557 984 985
3 558 967 541
3 967 558 560
3 967 560 969
3 986 970 969
3 560 986 969
3 562 986 560
3 987 562 564
3 987 986 562
3 566 971 972
3 987 566 972
3 564 566 987
3 971 566 568
3 971 568 975
3 975 568 570
3 975 570 977
3 977 570 572
3 977 572 979
3 979 572 543
3 989 988 578
3 989 578 579
3 552 578 981
3 981 578 988
3 985 990 557
3 557 990 580
3 580 991 581
3 990 991 580
3 991 993 992
3 582 991 992
3 581 991 582
3 992 584 582
3 995 994 590
3 995 590 589
3 579 590 989
3 989 590 994
3 992 993 996
3 996 993 997
3 996 592 584
3 996 584 992
3 598 995 589
3 598 998 995
3 1001 1000 999
3 1003 1002 999
3 999 1002 1001
3 1005 1004 1003
3 1003 1004 1002
3 1007 1006 1005
3 1005 1006 1004
3 1009 1008 1007
3 1007 1008 1006
3 997 1010 996
3 592 996 1010
3 1011 592 1010
3 600 592 1011
3 1013 1012 602
3 1013 602 601
3 602 1014 603
3 1012 1014 602
3 603 1015 604
3 1014 1015 603
3 606 604 1015
3 606 1015 1016
3 609 998 598
3 609 1017 998
3 1020 1019 1018
3 1020 1018 1000
3 1018 999 1000
3 1018 1021 999
3 999 1022 1003
3 999 1021 1022
3 1003 1023 1005
3 1003 1022 1023
3 1005 1024 1007
3 1005 1023 1024
3 1007 1025 1009
3 1007 1024 1025
3 1011 1026 600
3 600 1026 610
3 601 610 1013
3 1013 610 1026
3 1016 612 606
3 1027 612 1016
3 614 1028 615
3 1028 1029 615
3 1029 609 615
3 1029 1017 609
3 1031 1030 618
3 618 1030 617
3 1032 618 619
3 1032 1031 618
3 621 1018 1019
3 1032 621 1019
3 619 621 1032
3 1018 621 623
3 1018 623 1021
3 1021 623 625
3 1033 1021 625
3 1022 1021 1033
3 1022 1034 1023
3 1022 1033 1034
3 1023 1035 1024
3 1023 1034 1035
3 1037 1025 1036
3 1025 1035 1036
3 1025 1024 1035
3 1027 1038 612
3 612 1038 626
3 627 626 1038
3 627 1038 1039
3 629 1040 1028
3 629 1028 614
3 1029 1028 1041
3 1041 1028 1040
3 1044 1043 1042
3 1030 1044 1042
3 631 1030 1042
3 617 1030 631
3 635 1045 1033
3 635 1033 625
3 1033 1046 1034
3 1033 1045 1046
3 1034 1047 1035
3 1034 1046 1047
3 1036 1035 1048
3 1048 1035 1047
3 1039 1049 627
3 627 1049 636
3 638 636 1049
3 638 1049 1050
3 639 1051 1040
3 639 1040 629
3 1041 1040 1052
3 1052 1040 1051
3 1042 1043 642
3 1043 641 642
3 1043 1053 641
3 1042 642 631
3 646 1054 1045
3 646 1045 635
3 1045 1055 1046
3 1045 1054 1055
3 1057 1047 1056
3 1047 1055 1056
3 1047 1046 1055
3 1047 1057 1048
3 1050 1058 638
3 638 1058 647
3 1060 1059 649
3 647 1060 649
3 1058 1060 647
3 1061 1059 1060
3 1063 1062 1051
3 639 1063 1051
3 650 1063 639
3 1051 1062 1052
3 1053 1064 641
3 641 1064 651
3 653 651 1064
3 653 1064 1065
3 656 1066 657
3 1054 646 657
3 1066 1054 657
3 1067 1054 1066
3 1069 1055 1068
3 1055 1067 1068
3 1055 1054 1067
3 1055 1069 1056
3 1059 658 649
3 1071 1070 660
3 1071 660 658
3 1061 1071 658
3 1059 1061 658
3 1072 1070 1071
3 1073 1063 650
3 1073 650 663
3 663 665 1073
3 1073 665 1074
3 1065 667 653
3 1075 667 1065
3 670 1076 1066
3 670 1066 656
3 1066 1077 1067
3 1066 1076 1077
3 1068 1067 1078
3 1078 1067 1077
3 1070 671 660
3 672 671 1070
3 1079 672 1070
3 1072 1079 1070
3 1080 672 1079
3 1080 674 672
3 677 1082 1081
3 1074 677 1081
3 665 677 1074
3 1082 1083 1081
3 1075 679 667
3 1084 679 1075
3 682 1076 670
3 1076 682 684
3 1085 1076 684
3 1077 1076 1085
3 1078 1077 1086
3 1077 1087 1086
3 1077 1085 1087
3 1087 1088 1086
3 1079 1089 1080
3 674 1080 1089
3 1090 674 1089
3 686 674 1090
3 688 1082 677
3 1091 1083 1082
3 688 1091 1082
3 690 1091 688
3 1093 1092 692
3 1092 690 692
3 1092 1091 690
3 1093 1094 1092
3 1097 1096 1095
3 1084 1097 1095
3 694 1084 1095
3 679 1084 694
3 698 1098 1085
3 698 1085 684
3 1085 1099 1087
3 1085 1098 1099
3 1088 1087 1100
3 1100 1087 1099
3 699 686 1101
3 686 1102 1101
3 686 1090 1102
3 1101 701 699
3 704 1093 692
3 1104 1103 706
3 706 1103 704
3 1103 1094 704
3 1094 1093 704
3 1104 1105 1103
3 1095 1096 1106
3 1106 1096 1107
3 1106 708 694
3 1106 694 1095
3 712 1108 1098
3 712 1098 698
3 1098 1109 1099
3 1098 1108 1109
3 1100 1099 1110
3 1110 1099 1109
3 1101 1102 1111
3 1111 1102 1112
3 1111 714 701
3 1111 701 1101
3 1115 1114 1113
3 716 717 1113
3 1114 716 1113
3 1116 716 1114
3 716 1117 718
3 1116 1117 716
3 1119 1118 719
3 718 1119 719
3 1117 1119 718
3 1121 1120 1118
3 1121 1118 1119
3 1122 1120 1121
3 723 1104 706
3 1124 1123 725
3 725 1123 723
3 1123 1105 723
3 1105 1104 723
3 1126 1125 1124
3 1124 1125 1123
3 1125 1126 1107
3 1126 1106 1107
3 1126 1127 1106
3 1127 727 708
3 1127 708 1106
3 731 1108 712
3 1108 731 733
3 1128 1108 733
3 1109 1108 1128
3 1110 1109 1129
3 1109 1130 1129
3 1109 1128 1130
3 1132 1131 1130
3 1130 1131 1129
3 1111 1112 1133
3 1133 1112 1134
3 1111 1133 714
3 1133 1135 714
3 1135 734 714
3 1133 1136 1135
3 734 1137 735
3 1135 1137 734
3 1113 736 1115
3 736 1137 1115
3 736 735 1137
3 736 1113 717
3 1118 737 719
3 737 1118 739
3 739 1118 1120
3 1139 1138 740
3 1139 740 739
3 1122 1139 739
3 1120 1122 739
3 1140 1138 1139
3 744 1124 725
3 1124 744 746
3 1141 1124 746
3 1126 1124 1141
3 1126 1142 1127
3 1126 1141 1142
3 1143 747 727
3 1127 1143 727
3 1142 1143 1127
3 1143 749 747
3 753 1144 1128
3 753 1128 733
3 1128 1145 1130
3 1128 1144 1145
3 1130 1146 1132
3 1130 1145 1146
3 1134 1147 1133
3 1133 1147 1136
3 1148 754 1138
3 1138 754 740
3 1138 1140 1149
3 1138 1149 1148
3 759 1141 746
3 1141 759 761
3 1150 1141 761
3 1142 1141 1150
3 1142 1151 1143
3 1142 1150 1151
3 1151 763 749
3 1151 749 1143
3 767 1152 1144
3 767 1144 753
3 1144 1153 1145
3 1144 1152 1153
3 1145 1154 1146
3 1145 1153 1154
3 1156 768 1155
3 768 754 1155
3 1155 754 1148
3 1157 1155 1148
3 1148 1149 1157
3 768 1156 770
3 776 1158 1150
3 776 1150 761
3 1150 1159 1151
3 1150 1158 1159
3 1160 777 763
3 1151 1160 763
3 1159 1160 1151
3 1161 778 777
3 1161 777 1160
3 1162 779 778
3 1162 778 1161
3 1163 780 779
3 1163 779 1162
3 1152 767 780
3 1163 1152 780
3 1164 1152 1163
3 1166 1153 1165
3 1153 1164 1165
3 1153 1152 1164
3 1153 1166 1154
3 1154 1166 1167
3 1156 1155 1168
3 1168 1155 1169
3 1170 781 770
3 1156 1170 770
3 1168 1170 1156
3 1170 783 781
3 786 1171 787
3 1172 788 787
3 1172 787 1171
3 1173 789 788
3 1173 788 1172
3 1174 790 789
3 1174 789 1173
3 1158 776 790
3 1174 1158 790
3 1175 1158 1174
3 1177 1159 1176
3 1159 1175 1176
3 1159 1158 1175
3 1159 1177 1160
3 1160 1177 1178
3 1180 1179 1178
3 1179 1160 1178
3 1179 1161 1160
3 1182 1162 1181
3 1162 1179 1181
3 1162 1161 1179
3 1184 1183 1182
3 1183 1162 1182
3 1183 1163 1162
3 1186 1164 1185
3 1164 1183 1185
3 1164 1163 1183
3 1164 1186 1165
3 1169 1187 1168
3 1189 1188 1187
3 1188 1168 1187
3 1188 1170 1168
3 1188 792 783
3 1188 783 1170
3 795 1190 1171
3 795 1171 786
3 1171 1191 1172
3 1171 1190 1191
3 1172 1192 1173
3 1172 1191 1192
3 1173 1193 1174
3 1173 1192 1193
3 1174 1194 1175
3 1174 1193 1194
3 1176 1175 1195
3 1195 1175 1194
3 1179 1180 1196
3 1196 1180 1197
3 1181 1179 1198
3 1198 1179 1196
3 1184 1199 1183
3 1183 1199 1185
3 1189 1200 1188
3 1200 1202 1201
3 1200 1201 796
3 1188 1200 796
3 792 1188 796
3 1203 797 796
3 1203 796 1201
3 1204 798 797
3 1204 797 1203
3 1190 795 798
3 1204 1190 798
3 1205 1190 1204
3 1190 1206 1191
3 1190 1205 1206
3 1191 1207 1192
3 1191 1206 1207
3 1192 1208 1193
3 1192 1207 1208
3 1193 1209 1194
3 1193 1208 1209
3 1195 1194 1210
3 1210 1194 1209
3 1197 1211 1196
3 1196 1211 1198
3 1202 1212 1201
3 1214 1213 1212
3 1213 1201 1212
3 1213 1203 1201
3 1203 1215 1204
3 1203 1213 1215
3 1204 1216 1205
3 1204 1215 1216
3 1218 1206 1217
3 1206 1216 1217
3 1206 1205 1216
3 1220 1219 1218
3 1219 1206 1218
3 1219 1207 1206
3 1207 1221 1208
3 1207 1219 1221
3 1223 1209 1222
3 1209 1221 1222
3 1209 1208 1221
3 1209 1223 1210
3 1213 1214 1224
3 1224 1214 1225
3 1213 1226 1215
3 1213 1224 1226
3 1215 1227 1216
3 1215 1226 1227
3 1217 1216 1228
3 1216 1229 1228
3 1216 1227 1229
3 1231 1230 1229
3 1230 1219 1229
3 1220 1228 1229
3 1220 1229 1219
3 1219 1230 1221
3 1221 1230 1232
3 1221 1232 1222
3 1235 1234 1233
3 1233 1236 1235
3 1225 1237 1224
3 1239 1238 1237
3 1238 1224 1237
3 1238 1226 1224
3 1226 1240 1227
3 1226 1238 1240
3 1242 1229 1241
3 1229 1240 1241
3 1229 1227 1240
3 1229 1242 1231
3 1233 1234 1243
3 1243 1234 1244
3 1236 1233 1245
3 1233 1246 1245
3 1233 1243 1246
3 1246 1247 1245
3 1238 1239 1248
3 1248 1239 1249
3 1238 1250 1240
3 1238 1248 1250
3 1241 1240 1251
3 1240 1252 1251
3 1240 1250 1252
3 1252 1253 1251
3 1256 1255 1254
3 1258 1257 1254
3 1254 1257 1256
3 1257 1258 1244
3 1258 1243 1244
3 1258 1259 1243
3 1243 1260 1246
3 1243 1259 1260
3 1247 1246 1261
3 1261 1246 1260
3 1249 1262 1248
3 1264 1263 1262
3 1263 1248 1262
3 1263 1250 1248
3 1266 1252 1265
3 1252 1263 1265
3 1252 1250 1263
3 1252 1266 1253
3 1254 1255 1267
3 1267 1255 1268
3 1254 1269 1258
3 1254 1267 1269
3 1258 1270 1259
3 1258 1269 1270
3 1270 800 801
3 1260 1270 801
3 1259 1270 1260
3 801 802 1260
3 802 1261 1260
3 802 1271 1261
3 1263 1264 1272
3 1272 1264 1273
3 1265 1263 1274
3 1274 1263 1272
3 1267 1268 1275
3 1275 1268 1276
3 1275 804 805
3 1269 1275 805
3 1267 1275 1269
3 1269 805 806
3 1269 806 1270
3 1270 806 800
3 809 1271 802
3 809 1277 1271
3 1273 1278 1272
3 1278 1279 1272
3 1279 1280 1272
3 1281 1274 1272
3 1281 1272 1280
3 1283 1282 1280
3 1280 1282 1281
3 1285 1284 1283
3 1283 1284 1282
3 1287 1286 1285
3 1285 1286 1284
3 1286 1287 1276
3 1276 1287 1275
3 1287 811 1275
3 811 812 1275
3 1275 812 804
3 816 1277 809
3 816 1288 1277
3 1280 1279 1289
3 1289 1279 1290
3 1280 1291 1283
3 1280 1289 1291
3 1291 818 819
3 1285 1291 819
3 1283 1291 1285
3 1285 819 820
3 1285 820 1287
3 1287 820 811
3 826 1293 1292
3 1288 826 1292
3 816 826 1288
3 1293 1294 1292
3 1290 1295 1289
3 1296 828 829
3 1289 1296 829
3 1291 1289 829
3 1295 1296 1289
3 1291 829 818
3 834 1297 1293
3 834 1293 826
3 1294 1293 1298
3 1298 1293 1297
3 1296 836 828
3 1299 836 1296
3 840 1297 834
3 840 842 1297
3 842 1298 1297
3 842 1300 1298
3 1299 1301 836
3 836 1301 843
3 1301 1303 1302
3 844 1301 1302
3 843 1301 844
3 1302 846 844
3 849 1304 850
3 1304 1305 850
3 1305 842 850
3 1305 1300 842
3 1302 1303 1306
3 1306 1303 1307
3 1308 851 846
3 1302 1308 846
3 1306 1308 1302
3 1308 853 851
3 855 1309 1304
3 855 1304 849
3 1305 1304 1310
3 1310 1304 1309
3 1306 1307 1311
3 1311 1307 1312
3 1306 1313 1308
3 1306 1311 1313
3 1313 857 853
3 1313 853 1308
3 861 1314 1309
3 861 1309 855
3 1310 1309 1315
3 1315 1309 1314
3 1312 1316 1311
3 1318 1317 1316
3 1317 1311 1316
3 1317 1313 1311
3 1319 862 857
3 1313 1319 857
3 1317 1319 1313
3 1319 864 862
3 866 1320 867
3 1314 861 867
3 1320 1314 867
3 1321 1314 1320
3 1315 1314 1322
3 1314 1323 1322
3 1314 1321 1323
3 1325 1324 1323
3 1323 1324 1322
3 1325 1326 1324
3 1317 1318 1327
3 1327 1318 1328
3 1317 1329 1319
3 1317 1327 1329
3 1329 869 864
3 1329 864 1319
3 870 1330 871
3 1320 866 871
3 1330 1320 871
3 1331 1320 1330
3 1320 1332 1321
3 1320 1331 1332
3 1321 1333 1323
3 1321 1332 1333
3 1323 1334 1325
3 1323 1333 1334
3 1326 1325 1335
3 1325 1336 1335
3 1325 1334 1336
3 1327 1328 1337
3 1337 1328 1338
3 1327 1339 1329
3 1327 1337 1339
3 1340 872 869
3 1329 1340 869
3 1339 1340 1329
3 1330 870 872
3 1340 1330 872
3 1341 1330 1340
3 1330 1342 1331
3 1330 1341 1342
3 1344 1332 1343
3 1332 1342 1343
3 1332 1331 1342
3 1346 1345 1344
3 1345 1332 1344
3 1345 1333 1332
3 1333 1347 1334
3 1333 1345 1347
3 1334 1348 1336
3 1334 1347 1348
3 1338 1349 1337
3 1351 1350 1349
3 1350 1337 1349
3 1350 1339 1337
3 1353 1340 1352
3 1340 1350 1352
3 1340 1339 1350
3 1340 1353 1341
3 1341 1353 1354
3 1341 1354 1342
3 1342 1354 1355
3 1342 1355 1343
3 1346 1356 1345
3 1345 1356 1347
3 1347 1356 1357
3 1347 1357 1348
3 1348 1357 1358
3 1360 1359 875
3 875 1359 874
3 1361 875 876
3 1361 1360 875
3 1362 876 878
3 1362 1361 876
3 878 880 1362
3 1362 880 1363
3 1366 1365 1364
3 1359 1366 1364
3 882 1359 1364
3 874 1359 882
3 883 1363 880
3 883 1367 1363
3 1364 1365 886
3 1365 885 886
3 1365 1368 885
3 1364 886 882
3 889 1367 883
3 889 1369 1367
3 1368 891 885
3 1370 891 1368
3 892 1369 889
3 892 1371 1369
3 1374 1373 1372
3 1372 1375 1374
3 1370 894 891
3 1376 894 1370
3 895 1371 892
3 895 1377 1371
3 1380 1379 1378
3 1380 1378 1373
3 1373 1378 1372
3 1378 897 1372
3 897 898 1372
3 1382 1381 899
3 899 1381 898
3 1381 1375 898
3 1375 1372 898
3 1382 1383 1381
3 1376 900 894
3 1384 900 1376
3 901 1377 895
3 901 1385 1377
3 1388 1387 1386
3 1390 1389 1386
3 1386 1389 1388
3 1389 1390 1379
3 1379 1390 1378
3 1390 903 1378
3 903 904 1378
3 1378 904 897
3 906 1391 1382
3 906 1382 899
3 1383 1382 1392
3 1382 1393 1392
3 1382 1391 1393
3 1393 1394 1392
3 1384 907 900
3 1395 907 1384
3 1396 1385 901
3 1396 901 908
3 908 910 1396
3 1396 910 1397
3 1399 1398 913
3 913 1398 912
3 1400 913 914
3 1400 1399 913
3 916 1386 1387
3 1400 916 1387
3 914 916 1400
3 1386 916 918
3 1386 918 1390
3 1390 918 903
3 1403 1402 1401
3 1402 1404 1391
3 922 1402 1391
3 906 922 1391
3 1401 1402 922
3 1406 1405 1404
3 924 1404 1405
3 1404 924 1391
3 925 1391 924
3 1391 925 1393
3 1405 1406 926
3 1406 1394 926
3 1393 925 926
3 1393 926 1394
3 1408 1407 929
3 929 1407 928
3 929 907 1395
3 929 1395 1408
3 910 930 1409
3 1410 910 1409
3 1397 910 1410
3 932 1409 930
3 1412 1411 934
3 934 1411 933
3 934 912 1398
3 934 1398 1412
3 1403 1401 937
3 936 1403 937
3 1413 1403 936
3 937 1401 922
3 1405 938 924
3 938 1405 926
3 1415 1414 941
3 941 1414 940
3 941 928 1407
3 941 1407 1415
3 1416 1410 1409
3 1416 1409 932
3 942 1416 932
3 1417 1416 942
3 1418 942 943
3 1418 1417 942
3 943 933 1411
3 943 1411 1418
3 1421 1420 1419
3 1420 1413 1419
3 1413 945 1419
3 1413 936 945
3 1424 1423 1422
3 1422 1425 1424
3 1428 1427 1426
3 1414 1428 1426
3 946 1414 1426
3 940 1414 946
3 1421 1419 947
3 948 1421 947
3 1429 1421 948
3 947 1419 945
3 1431 1430 951
3 951 1430 950
3 952 1422 1423
3 1431 952 1423
3 951 952 1431
3 1432 1425 1422
3 952 1432 1422
3 954 1432 952
3 1433 954 956
3 1433 1432 954
3 1435 1434 958
3 1434 956 958
3 1434 1433 956
3 1435 1436 1434
3 1439 1438 1437
3 1441 1440 1437
3 1437 1440 1439
3 1441 1442 1440
3 1445 1444 1443
3 960 961 1443
3 961 1445 1443
3 961 1446 1445
3 962 1426 1427
3 1446 962 1427
3 961 962 1446
3 1426 962 946
3 1448 1447 963
3 1448 963 964
3 948 963 1429
3 1429 963 1447
3 1430 965 950
3 1449 965 1430
3 966 1435 958
3 1450 1436 1435
3 966 1450 1435
3 968 1450 966
3 1452 1451 970
3 1451 968 970
3 1451 1450 968
3 1454 1453 1452
3 1452 1453 1451
3 972 973 1454
3 973 1453 1454
3 973 1455 1453
3 974 1437 1438
3 1455 974 1438
3 973 974 1455
3 1437 974 976
3 1437 976 1441
3 1456 1442 1441
3 976 1456 1441
3 978 1456 976
3 980 1443 1444
3 1456 980 1444
3 978 980 1456
3 1443 980 960
3 981 1448 964
3 981 1457 1448
3 1449 1458 965
3 965 1458 982
3 982 1459 983
3 1458 1459 982
3 983 1460 984
3 1459 1460 983
3 1462 1461 985
3 984 1462 985
3 1460 1462 984
3 1463 1461 1462
3 986 1452 970
3 1452 986 987
3 1452 987 1454
3 1454 987 972
3 1466 1465 1464
3 1467 1464 1465
3 1469 1468 988
3 1469 988 989
3 981 988 1457
3 1457 988 1468
3 1472 1471 1470
3 1470 1473 1472
3 1461 990 985
3 1463 1474 1461
3 1474 990 1461
3 1474 991 990
3 993 991 1474
3 993 1474 1475
3 1466 1464 1476
3 1466 1476 1477
3 1464 1467 1478
3 1464 1478 1476
3 1480 1479 994
3 1480 994 995
3 989 994 1469
3 1469 994 1479
3 1470 1471 1481
3 1481 1471 1482
3 1473 1470 1483
3 1470 1484 1483
3 1470 1481 1484
3 1484 1485 1483
3 1487 997 1486
3 997 1475 1486
3 997 993 1475
3 1488 1487 1486
3 1491 1490 1489
3 1492 1489 1490
3 1477 1476 1493
3 1477 1493 1494
3 1476 1478 1495
3 1476 1495 1493
3 1498 1497 1496
3 1497 1480 1496
3 1480 998 1496
3 1480 995 998
3 1500 1499 1001
3 1001 1499 1000
3 1002 1481 1482
3 1500 1002 1482
3 1001 1002 1500
3 1481 1002 1004
3 1481 1004 1484
3 1501 1485 1484
3 1004 1501 1484
3 1006 1501 1004
3 1502 1006 1008
3 1502 1501 1006
3 1487 1010 997
3 1504 1503 1011
3 1504 1011 1010
3 1488 1504 1010
3 1487 1488 1010
3 1012 1013 1503
3 1504 1012 1503
3 1505 1012 1504
3 1489 1014 1491
3 1014 1505 1491
3 1014 1012 1505
3 1492 1506 1489
3 1506 1014 1489
3 1506 1015 1014
3 1016 1015 1506
3 1016 1506 1507
3 1508 1494 1493
3 1508 1493 1495
3 1498 1496 1509
3 1498 1509 1510
3 1017 1509 998
3 998 1509 1496
3 1513 1512 1511
3 1515 1514 1511
3 1511 1514 1513
3 1019 1020 1515
3 1020 1514 1515
3 1020 1516 1514
3 1020 1000 1499
3 1020 1499 1516
3 1519 1518 1517
3 1503 1026 1011
3 1026 1503 1013
3 1521 1027 1520
3 1027 1507 1520
3 1027 1016 1507
3 1522 1521 1520
3 1510 1509 1523
3 1510 1523 1524
3 1029 1523 1017
3 1017 1523 1509
3 1527 1526 1525
3 1527 1525 1512
3 1512 1525 1511
3 1525 1030 1511
3 1030 1031 1511
3 1511 1031 1032
3 1511 1032 1515
3 1515 1032 1019
3 1519 1517 1037
3 1036 1519 1037
3 1528 1519 1036
3 1521 1038 1027
3 1039 1038 1521
3 1522 1039 1521
3 1529 1039 1522
3 1532 1531 1530
3 1533 1530 1531
3 1524 1523 1534
3 1524 1534 1535
3 1041 1534 1029
3 1029 1534 1523
3 1525 1526 1044
3 1526 1043 1044
3 1526 1536 1043
3 1525 1044 1030
3 1048 1528 1036
3 1048 1537 1528
3 1529 1538 1039
3 1039 1538 1049
3 1540 1539 1050
3 1049 1540 1050
3 1538 1540 1049
3 1541 1539 1540
3 1532 1530 1542
3 1532 1542 1543
3 1530 1533 1544
3 1530 1544 1542
3 1535 1534 1545
3 1535 1545 1546
3 1052 1545 1041
3 1041 1545 1534
3 1548 1053 1547
3 1053 1536 1547
3 1053 1043 1536
3 1549 1548 1547
3 1551 1550 1057
3 1551 1057 1056
3 1048 1057 1537
3 1537 1057 1550
3 1539 1058 1050
3 1541 1552 1539
3 1552 1058 1539
3 1552 1060 1058
3 1554 1553 1061
3 1060 1554 1061
3 1552 1554 1060
3 1543 1542 1555
3 1554 1556 1553
3 1559 1558 1557
3 1544 1555 1542
3 1560 1558 1559
3 1546 1545 1062
3 1063 1546 1062
3 1561 1546 1063
3 1062 1545 1052
3 1548 1064 1053
3 1065 1064 1548
3 1549 1065 1548
3 1562 1065 1549
3 1068 1563 1069
3 1563 1564 1069
3 1564 1056 1069
3 1564 1551 1056
3 1553 1071 1061
3 1072 1071 1553
3 1556 1072 1553
3 1565 1072 1556
3 1566 1557 1558
3 1566 1558 1560
3 1567 1561 1063
3 1567 1063 1073
3 1073 1074 1567
3 1567 1074 1568
3 1562 1075 1065
3 1569 1075 1562
3 1078 1570 1563
3 1078 1563 1068
3 1564 1563 1571
3 1563 1572 1571
3 1563 1570 1572
3 1572 1573 1571
3 1575 1079 1574
3 1079 1565 1574
3 1079 1072 1565
3 1576 1575 1574
3 1577 1568 1074
3 1577 1074 1081
3 1081 1083 1577
3 1577 1083 1578
3 1569 1084 1075
3 1579 1084 1569
3 1086 1570 1078
3 1572 1570 1580
3 1570 1088 1580
3 1088 1581 1580
3 1088 1570 1086
3 1572 1580 1573
3 1575 1089 1079
3 1090 1089 1575
3 1576 1090 1575
3 1582 1090 1576
3 1585 1584 1583
3 1586 1583 1584
3 1587 1578 1083
3 1587 1083 1091
3 1589 1587 1588
3 1587 1092 1588
3 1587 1091 1092
3 1094 1588 1092
3 1591 1590 1097
3 1097 1590 1096
3 1097 1084 1579
3 1097 1579 1591
3 1100 1581 1088
3 1100 1592 1581
3 1582 1102 1090
3 1593 1102 1582
3 1585 1583 1594
3 1585 1594 1595
3 1583 1586 1596
3 1597 1583 1596
3 1594 1583 1597
3 1599 1598 1597
3 1599 1597 1596
3 1601 1600 1598
3 1601 1598 1599
3 1602 1600 1601
3 1603 1589 1588
3 1603 1588 1094
3 1103 1603 1094
3 1604 1603 1103
3 1606 1605 1105
3 1605 1103 1105
3 1605 1604 1103
3 1608 1607 1606
3 1606 1607 1605
3 1590 1607 1608
3 1107 1590 1608
3 1096 1590 1107
3 1110 1610 1609
3 1592 1110 1609
3 1100 1110 1592
3 1610 1611 1609
3 1593 1112 1102
3 1612 1112 1593
3 1615 1614 1613
3 1613 1614 1595
3 1613 1595 1594
3 1115 1613 1594
3 1114 1115 1594
3 1114 1594 1116
3 1116 1594 1597
3 1116 1597 1117
3 1117 1597 1598
3 1117 1598 1119
3 1119 1598 1600
3 1602 1616 1600
3 1616 1119 1600
3 1616 1121 1119
3 1618 1617 1122
3 1121 1618 1122
3 1616 1618 1121
3 1620 1619 1617
3 1620 1617 1618
3 1621 1619 1620
3 1624 1623 1622
3 1625 1622 1623
3 1123 1606 1105
3 1606 1123 1125
3 1606 1125 1608
3 1608 1125 1107
3 1129 1610 1110
3 1626 1611 1610
3 1129 1626 1610
3 1131 1626 1129
3 1628 1134 1627
3 1134 1612 1627
3 1134 1112 1612
3 1135 1136 1628
3 1627 1135 1628
3 1629 1135 1627
3 1613 1137 1615
3 1137 1629 1615
3 1137 1135 1629
3 1137 1613 1115
3 1617 1139 1122
3 1139 1617 1140
3 1617 1630 1140
3 1617 1619 1630
3 1619 1621 1631
3 1632 1619 1631
3 1630 1619 1632
3 1632 1631 1624
3 1622 1632 1624
3 1633 1632 1622
3 1622 1625 1634
3 1635 1622 1634
3 1633 1622 1635
3 1636 1635 1634
3 1628 1147 1134
3 1147 1628 1136
3 1637 1149 1630
3 1630 1149 1140
3 1638 1630 1632
3 1637 1630 1638
3 1633 1640 1639
3 1638 1633 1639
3 1632 1633 1638
3 1642 1641 1640
3 1633 1642 1640
3 1635 1642 1633
3 1635 1636 1643
3 1644 1635 1643
3 1642 1635 1644
3 1646 1645 1644
3 1646 1644 1643
3 1647 1645 1646
3 1650 1649 1648
3 1652 1651 1648
3 1652 1648 1649
3 1653 1651 1652
3 1656 1655 1654
3 1657 1155 1157
3 1149 1637 1157
3 1637 1657 1157
3 1637 1658 1657
3 1659 1637 1638
3 1658 1637 1659
3 1638 1639 1660
3 1638 1660 1659
3 1661 1641 1642
3 1663 1662 1661
3 1642 1663 1661
3 1644 1663 1642
3 1664 1644 1645
3 1663 1644 1664
3 1645 1647 1665
3 1645 1665 1664
3 1668 1667 1666
3 1666 1667 1650
3 1648 1666 1650
3 1669 1666 1648
3 1670 1648 1651
3 1669 1648 1670
3 1651 1653 1671
3 1672 1651 1671
3 1670 1651 1672
3 1674 1673 1672
3 1674 1672 1671
3 1675 1673 1674
3 1677 1676 1166
3 1677 1166 1165
3 1654 1167 1656
3 1167 1676 1656
3 1167 1166 1676
3 1679 1678 1657
3 1678 1155 1657
3 1678 1169 1155
3 1679 1657 1658
3 1679 1658 1680
3 1680 1658 1659
3 1680 1659 1681
3 1681 1659 1660
3 1662 1663 1682
3 1662 1682 1683
3 1684 1663 1664
3 1682 1663 1684
3 1664 1665 1685
3 1664 1685 1684
3 1686 1668 1666
3 1176 1687 1177
3 1687 1666 1177
3 1666 1669 1177
3 1687 1686 1666
3 1177 1669 1178
3 1178 1669 1670
3 1178 1670 1180
3 1670 1688 1180
3 1670 1672 1688
3 1181 1688 1182
3 1688 1673 1182
3 1688 1672 1673
3 1690 1689 1184
3 1690 1184 1182
3 1675 1690 1182
3 1673 1675 1182
3 1186 1185 1689
3 1690 1186 1689
3 1691 1186 1690
3 1165 1186 1677
3 1677 1186 1691
3 1678 1692 1169
3 1169 1692 1187
3 1189 1187 1692
3 1189 1692 1693
3 1683 1682 1694
3 1683 1694 1695
3 1696 1682 1684
3 1694 1682 1696
3 1684 1685 1697
3 1698 1684 1697
3 1696 1684 1698
3 1699 1698 1697
3 1195 1687 1176
3 1195 1700 1687
3 1701 1197 1688
3 1688 1197 1180
3 1198 1701 1181
3 1181 1701 1688
3 1689 1199 1184
3 1199 1689 1185
3 1693 1702 1189
3 1189 1702 1200
3 1202 1200 1702
3 1202 1702 1703
3 1695 1694 1704
3 1695 1704 1705
3 1706 1694 1696
3 1704 1694 1706
3 1707 1696 1698
3 1706 1696 1707
3 1698 1699 1708
3 1709 1698 1708
3 1707 1698 1709
3 1711 1710 1709
3 1711 1709 1708
3 1711 1700 1710
3 1700 1210 1710
3 1700 1195 1210
3 1701 1211 1197
3 1211 1701 1198
3 1703 1712 1202
3 1202 1712 1212
3 1214 1212 1712
3 1214 1712 1713
3 1705 1704 1714
3 1705 1714 1715
3 1217 1714 1218
3 1714 1706 1218
3 1714 1704 1706
3 1218 1706 1220
3 1706 1716 1220
3 1706 1707 1716
3 1717 1707 1709
3 1716 1707 1717
3 1222 1717 1223
3 1717 1710 1223
3 1717 1709 1710
3 1223 1710 1210
3 1713 1225 1214
3 1718 1225 1713
3 1719 1715 1714
3 1721 1719 1720
3 1720 1719 1228
3 1719 1714 1228
3 1714 1217 1228
3 1228 1220 1720
3 1220 1716 1720
3 1230 1231 1720
3 1230 1720 1716
3 1230 1716 1232
3 1232 1716 1717
3 1232 1717 1222
3 1722 1234 1235
3 1236 1722 1235
3 1718 1723 1225
3 1225 1723 1237
3 1239 1237 1723
3 1239 1723 1724
3 1721 1720 1242
3 1241 1721 1242
3 1725 1721 1241
3 1242 1720 1231
3 1727 1726 1722
3 1726 1234 1722
3 1726 1244 1234
3 1727 1722 1236
3 1245 1727 1236
3 1728 1727 1245
3 1245 1247 1728
3 1728 1247 1729
3 1724 1249 1239
3 1730 1249 1724
3 1241 1251 1731
3 1732 1241 1731
3 1725 1241 1732
3 1253 1731 1251
3 1733 1255 1256
3 1257 1734 1256
3 1256 1734 1733
3 1735 1734 1257
3 1244 1735 1257
3 1726 1735 1244
3 1261 1729 1247
3 1261 1736 1729
3 1730 1737 1249
3 1249 1737 1262
3 1264 1262 1737
3 1264 1737 1738
3 1732 1731 1266
3 1265 1732 1266
3 1739 1732 1265
3 1266 1731 1253
3 1741 1740 1733
3 1740 1255 1733
3 1740 1268 1255
3 1741 1733 1734
3 1741 1734 1742
3 1742 1734 1735
3 1271 1736 1261
3 1271 1743 1736
3 1738 1273 1264
3 1744 1273 1738
3 1274 1739 1265
3 1274 1745 1739
3 1740 1276 1268
3 1746 1276 1740
3 1277 1743 1271
3 1277 1747 1743
3 1278 1273 1748
3 1273 1749 1748
3 1273 1744 1749
3 1751 1750 1281
3 1751 1279 1750
3 1279 1751 1748
3 1745 1748 1751
3 1748 1745 1278
3 1750 1278 1745
3 1745 1274 1750
3 1750 1274 1281
3 1279 1278 1750
3 1753 1751 1752
3 1751 1282 1752
3 1751 1281 1282
3 1752 1282 1754
3 1282 1755 1754
3 1282 1284 1755
3 1756 1284 1286
3 1756 1755 1284
3 1286 1276 1746
3 1286 1746 1756
3 1288 1747 1277
3 1288 1757 1747
3 1749 1758 1748
3 1290 1279 1748
3 1759 1290 1748
3 1758 1759 1748
3 1290 1759 1760
3 1760 1759 1753
3 1752 1760 1753
3 1761 1760 1752
3 1752 1754 1762
3 1752 1762 1761
3 1763 1757 1288
3 1763 1288 1292
3 1292 1294 1763
3 1763 1294 1764
3 1760 1295 1290
3 1760 1761 1765
3 1296 1760 1765
3 1766 1296 1765
3 1760 1296 1295
3 1765 1761 1762
3 1298 1764 1294
3 1298 1767 1764
3 1766 1299 1296
3 1768 1299 1766
3 1300 1767 1298
3 1300 1769 1767
3 1768 1770 1299
3 1299 1770 1301
3 1303 1301 1770
3 1303 1770 1771
3 1305 1769 1300
3 1305 1772 1769
3 1771 1307 1303
3 1773 1307 1771
3 1310 1772 1305
3 1310 1774 1772
3 1773 1312 1307
3 1775 1312 1773
3 1315 1777 1776
3 1774 1315 1776
3 1310 1315 1774
3 1777 1778 1776
3 1775 1779 1312
3 1312 1779 1316
3 1318 1316 1779
3 1318 1779 1780
3 1322 1777 1315
3 1781 1778 1777
3 1322 1781 1777
3 1324 1781 1322
3 1324 1326 1781
3 1781 1326 1782
3 1785 1784 1783
3 1780 1785 1783
3 1328 1780 1783
3 1318 1780 1328
3 1786 1782 1326
3 1786 1326 1335
3 1784 1787 1783
3 1338 1328 1783
3 1788 1338 1783
3 1787 1788 1783
3 1338 1788 1789
3 1791 1790 1789
3 1791 1789 1788
3 1793 1792 1790
3 1793 1790 1791
3 1795 1794 1792
3 1795 1792 1793
3 1797 1796 1794
3 1797 1794 1795
3 1344 1343 1796
3 1797 1344 1796
3 1798 1344 1797
3 1346 1344 1798
3 1346 1798 1799
3 1789 1349 1338
3 1349 1789 1351
3 1789 1800 1351
3 1789 1790 1800
3 1352 1800 1353
3 1800 1792 1353
3 1800 1790 1792
3 1353 1792 1354
3 1354 1792 1794
3 1354 1794 1355
3 1355 1794 1796
3 1355 1796 1343
3 1799 1801 1346
3 1346 1801 1356
3 1356 1802 1357
3 1801 1802 1356
3 1357 1803 1358
3 1802 1803 1357
3 1805 1804 1360
3 1360 1804 1359
3 1806 1360 1361
3 1806 1805 1360
3 1807 1361 1362
3 1807 1806 1361
3 1362 1363 1807
3 1807 1363 1808
3 1809 1365 1366
3 1810 1809 1366
3 1359 1810 1366
3 1804 1810 1359
3 1367 1808 1363
3 1367 1811 1808
3 1813 1812 1809
3 1812 1365 1809
3 1812 1368 1365
3 1813 1809 1810
3 1369 1811 1367
3 1369 1814 1811
3 1812 1370 1368
3 1815 1370 1812
3 1371 1814 1369
3 1371 1816 1814
3 1818 1817 1374
3 1374 1817 1373
3 1374 1375 1818
3 1818 1375 1819
3 1815 1376 1370
3 1820 1376 1815
3 1377 1816 1371
3 1377 1821 1816
3 1822 1379 1380
3 1823 1822 1380
3 1373 1823 1380
3 1817 1823 1373
3 1375 1381 1824
3 1825 1375 1824
3 1819 1375 1825
3 1383 1824 1381
3 1827 1384 1826
3 1384 1820 1826
3 1384 1376 1820
3 1828 1827 1826
3 1385 1821 1377
3 1385 1829 1821
3 1830 1387 1388
3 1830 1388 1831
3 1388 1832 1831
3 1388 1389 1832
3 1389 1379 1822
3 1833 1389 1822
3 1832 1389 1833
3 1836 1835 1834
3 1823 1833 1822
3 1835 1836 1825
3 1824 1835 1825
3 1837 1835 1824
3 1837 1824 1383
3 1838 1837 1383
3 1392 1838 1383
3 1839 1837 1838
3 1392 1394 1838
3 1838 1394 1840
3 1841 1395 1827
3 1827 1395 1384
3 1827 1828 1842
3 1843 1827 1842
3 1841 1827 1843
3 1845 1844 1843
3 1845 1843 1842
3 1846 1844 1845
3 1385 1396 1847
3 1848 1385 1847
3 1829 1385 1848
3 1397 1847 1396
3 1850 1849 1399
3 1399 1849 1398
3 1851 1399 1400
3 1851 1850 1399
3 1400 1387 1830
3 1852 1400 1830
3 1851 1400 1852
3 1852 1830 1831
3 1855 1854 1853
3 1853 1854 1834
3 1853 1834 1835
3 1403 1853 1835
3 1402 1403 1835
3 1402 1835 1404
3 1404 1835 1837
3 1839 1856 1837
3 1856 1404 1837
3 1856 1406 1404
3 1394 1406 1840
3 1840 1406 1856
3 1858 1857 1408
3 1408 1857 1407
3 1858 1408 1395
3 1859 1858 1395
3 1841 1859 1395
3 1858 1859 1860
3 1861 1841 1843
3 1859 1841 1861
3 1862 1843 1844
3 1861 1843 1862
3 1844 1846 1863
3 1864 1844 1863
3 1862 1844 1864
3 1864 1863 1848
3 1847 1864 1848
3 1865 1864 1847
3 1410 1865 1397
3 1397 1865 1847
3 1867 1866 1412
3 1412 1866 1411
3 1412 1398 1849
3 1412 1849 1867
3 1855 1853 1868
3 1855 1868 1869
3 1413 1868 1403
3 1403 1868 1853
3 1871 1870 1415
3 1415 1870 1414
3 1415 1407 1857
3 1415 1857 1871
3 1860 1859 1872
3 1860 1872 1873
3 1874 1859 1861
3 1872 1859 1874
3 1862 1876 1875
3 1874 1862 1875
3 1861 1862 1874
3 1876 1862 1864
3 1876 1864 1877
3 1879 1878 1877
3 1864 1879 1877
3 1865 1879 1864
3 1416 1880 1410
3 1880 1865 1410
3 1880 1879 1865
3 1417 1881 1416
3 1416 1881 1880
3 1418 1882 1417
3 1417 1882 1881
3 1883 1882 1418
3 1411 1883 1418
3 1866 1883 1411
3 1869 1868 1420
3 1421 1869 1420
3 1884 1869 1421
3 1420 1868 1413
3 1887 1886 1885
3 1423 1424 1885
3 1424 1887 1885
3 1424 1888 1887
3 1890 1889 1425
3 1889 1424 1425
3 1889 1888 1424
3 1890 1891 1889
3 1892 1427 1428
3 1414 1870 1893
3 1892 1414 1893
3 1894 1892 1893
3 1428 1414 1892
3 1896 1895 1894
3 1896 1894 1893
3 1873 1872 1897
3 1896 1898 1895
3 1897 1872 1874
3 1897 1874 1899
3 1899 1874 1875
3 1900 1878 1879
3 1900 1879 1880
3 1900 1880 1901
3 1903 1902 1901
3 1880 1903 1901
3 1881 1903 1880
3 1904 1881 1882
3 1903 1881 1904
3 1882 1883 1905
3 1882 1905 1904
3 1908 1907 1906
3 1907 1884 1906
3 1884 1429 1906
3 1884 1421 1429
3 1885 1886 1431
3 1886 1430 1431
3 1886 1909 1430
3 1885 1431 1423
3 1432 1890 1425
3 1910 1891 1890
3 1432 1910 1890
3 1433 1910 1432
3 1911 1433 1434
3 1911 1910 1433
3 1434 1436 1911
3 1911 1436 1912
3 1914 1913 1439
3 1439 1913 1438
3 1915 1439 1440
3 1915 1914 1439
3 1440 1442 1915
3 1915 1442 1916
3 1917 1444 1445
3 1446 1918 1445
3 1445 1918 1917
3 1427 1892 1446
3 1892 1918 1446
3 1892 1919 1918
3 1920 1892 1894
3 1919 1892 1920
3 1895 1922 1921
3 1920 1895 1921
3 1894 1895 1920
3 1922 1895 1898
3 1923 1902 1903
3 1925 1924 1923
3 1903 1925 1923
3 1904 1925 1903
3 1904 1905 1926
3 1927 1904 1926
3 1925 1904 1927
3 1928 1927 1926
3 1908 1906 1447
3 1448 1908 1447
3 1929 1908 1448
3 1447 1906 1429
3 1931 1449 1930
3 1449 1909 1930
3 1449 1430 1909
3 1933 1932 1931
3 1933 1931 1930
3 1935 1934 1932
3 1935 1932 1933
3 1936 1934 1935
3 1436 1450 1937
3 1938 1436 1937
3 1912 1436 1938
3 1451 1939 1450
3 1450 1939 1937
3 1453 1940 1451
3 1451 1940 1939
3 1455 1941 1453
3 1453 1941 1940
3 1942 1941 1455
3 1438 1942 1455
3 1913 1942 1438
3 1943 1916 1442
3 1943 1442 1456
3 1456 1444 1917
3 1944 1456 1917
3 1943 1456 1944
3 1946 1945 1944
3 1917 1946 1944
3 1918 1946 1917
3 1947 1918 1919
3 1946 1918 1947
3 1948 1919 1920
3 1947 1919 1948
3 1920 1921 1949
3 1920 1949 1948
3 1950 1924 1925
3 1952 1951 1950
3 1925 1952 1950
3 1927 1952 1925
3 1927 1928 1953
3 1954 1927 1953
3 1952 1927 1954
3 1955 1954 1953
3 1958 1957 1956
3 1957 1929 1956
3 1929 1457 1956
3 1929 1448 1457
3 1931 1458 1449
3 1458 1931 1459
3 1459 1931 1932
3 1459 1932 1460
3 1460 1932 1934
3 1936 1959 1934
3 1959 1460 1934
3 1959 1462 1460
3 1961 1960 1463
3 1462 1961 1463
3 1959 1961 1462
3 1960 1961 1938
3 1937 1960 1938
3 1962 1960 1937
3 1939 1964 1963
3 1962 1939 1963
3 1937 1939 1962
3 1964 1939 1940
3 1964 1940 1965
3 1967 1966 1965
3 1940 1967 1965
3 1941 1967 1940
3 1941 1942 1968
3 1941 1968 1967
3 1945 1946 1969
3 1945 1969 1970
3 1466 1969 1465
3 1969 1947 1465
3 1969 1946 1947
3 1465 1947 1467
3 1947 1971 1467
3 1947 1948 1971
3 1948 1949 1972
3 1948 1972 1971
3 1951 1952 1973
3 1951 1973 1974
3 1975 1952 1954
3 1973 1952 1975
3 1954 1955 1976
3 1977 1954 1976
3 1975 1954 1977
3 1977 1976 1958
3 1977 1958 1956
3 1469 1977 1956
3 1468 1469 1956
3 1468 1956 1457
3 1978 1471 1472
3 1473 1978 1472
3 1960 1474 1463
3 1474 1960 1475
3 1960 1979 1475
3 1960 1962 1979
3 1962 1963 1980
3 1962 1980 1979
3 1966 1967 1981
3 1966 1981 1982
3 1967 1968 1983
3 1984 1967 1983
3 1981 1967 1984
3 1985 1984 1983
3 1970 1969 1986
3 1970 1986 1987
3 1477 1986 1466
3 1466 1986 1969
3 1988 1478 1971
3 1971 1478 1467
3 1971 1972 1989
3 1971 1989 1988
3 1974 1973 1990
3 1974 1990 1991
3 1992 1973 1975
3 1990 1973 1992
3 1480 1992 1479
3 1992 1977 1479
3 1992 1975 1977
3 1479 1977 1469
3 1993 1482 1978
3 1978 1482 1471
3 1483 1994 1473
3 1994 1978 1473
3 1994 1993 1978
3 1485 1994 1483
3 1979 1486 1475
3 1996 1995 1488
3 1996 1488 1486
3 1980 1996 1486
3 1979 1980 1486
3 1998 1997 1995
3 1998 1995 1996
3 1997 1998 1982
3 1997 1982 1981
3 1491 1997 1981
3 1490 1491 1981
3 1490 1981 1492
3 1981 1999 1492
3 1981 1984 1999
3 1984 1985 2000
3 2001 1984 2000
3 1999 1984 2001
3 2002 2001 2000
3 1987 1986 2003
3 1987 2003 2004
3 1494 2003 1477
3 1477 2003 1986
3 2005 1495 1988
3 1988 1495 1478
3 1988 1989 2006
3 1988 2006 2005
3 1991 1990 2007
3 1991 2007 2008
3 1498 2007 1497
3 2007 1992 1497
3 2007 1990 1992
3 1497 1992 1480
3 2009 1499 1500
3 1482 1993 1500
3 1993 2009 1500
3 1993 2010 2009
3 2011 1993 1994
3 2010 1993 2011
3 1501 2012 1485
3 2012 1994 1485
3 2012 2011 1994
3 1502 2013 1501
3 1501 2013 2012
3 1995 1504 1488
3 1504 1995 1505
3 1505 1995 1997
3 1505 1997 1491
3 1999 1506 1492
3 1506 1999 1507
3 1999 2014 1507
3 1999 2001 2014
3 2001 2002 2015
3 2001 2015 2014
3 2018 2017 2016
3 2016 2017 2004
3 2003 2016 2004
3 2019 2016 2003
3 1508 2020 1494
3 2020 2003 1494
3 2020 2019 2003
3 1495 2005 1508
3 2005 2020 1508
3 2005 2021 2020
3 2005 2006 2022
3 2005 2022 2021
3 2008 2007 2023
3 2008 2023 2024
3 1510 2023 1498
3 1498 2023 2007
3 2026 2025 1513
3 1513 2025 1512
3 2028 2026 2027
3 2026 1514 2027
3 2026 1513 1514
3 1516 2029 1514
3 1514 2029 2027
3 1499 2009 1516
3 2009 2029 1516
3 2009 2030 2029
3 2031 2009 2010
3 2030 2009 2031
3 2032 2010 2011
3 2031 2010 2032
3 2033 2011 2012
3 2032 2011 2033
3 1519 2033 1518
3 2033 2013 1518
3 2033 2012 2013
3 2014 1520 1507
3 2035 2034 1522
3 2035 1522 1520
3 2015 2035 1520
3 2014 2015 1520
3 2034 2035 2018
3 2016 2034 2018
3 2036 2034 2016
3 2037 2016 2019
3 2036 2016 2037
3 2038 2019 2020
3 2037 2019 2038
3 2039 2020 2021
3 2038 2020 2039
3 2021 2022 2040
3 2041 2021 2040
3 2039 2021 2041
3 2042 2041 2040
3 2024 2023 2043
3 2024 2043 2044
3 1524 2043 1510
3 1510 2043 2023
3 2045 1526 1527
3 2046 2045 1527
3 1512 2046 1527
3 2025 2046 1512
3 2047 2028 2027
3 2049 2048 2047
3 2027 2049 2047
3 2029 2049 2027
3 2050 2029 2030
3 2049 2029 2050
3 2051 2030 2031
3 2050 2030 2051
3 2032 2053 2052
3 2051 2032 2052
3 2031 2032 2051
3 2055 2054 2053
3 2032 2055 2053
3 2033 2055 2032
3 1528 2055 1519
3 1519 2055 2033
3 2056 1529 2034
3 2034 1529 1522
3 2057 2034 2036
3 2056 2034 2057
3 2058 2036 2037
3 2057 2036 2058
3 2059 2037 2038
3 2058 2037 2059
3 1532 2059 1531
3 2059 2039 1531
3 2059 2038 2039
3 1531 2039 1533
3 2039 2060 1533
3 2039 2041 2060
3 2041 2042 2061
3 2041 2061 2060
3 2062 2044 2043
3 2043 1524 2062
3 1524 2063 2062
3 1524 1535 2063
3 2064 1536 2045
3 2045 1536 1526
3 2045 2046 2065
3 2045 2065 2064
3 2066 2048 2049
3 2068 2067 2066
3 2049 2068 2066
3 2050 2068 2049
3 2069 2050 2051
3 2068 2050 2069
3 2051 2052 2070
3 2071 2051 2070
3 2069 2051 2071
3 2071 2070 2054
3 2055 2071 2054
3 2072 2071 2055
3 1537 2072 1528
3 1528 2072 2055
3 2056 1538 1529
3 1538 2056 1540
3 1540 2056 2057
3 1540 2057 1541
3 2057 2073 1541
3 2057 2058 2073
3 2074 2058 2059
3 2073 2058 2074
3 1543 2074 1532
3 1532 2074 2059
3 2075 1544 2060
3 2060 1544 1533
3 2060 2061 2076
3 2077 2060 2076
3 2075 2060 2077
3 2078 2077 2076
3 1546 2063 1535
3 1546 2079 2063
3 2064 1547 1536
3 1549 1547 2064
3 2065 1549 2064
3 2080 1549 2065
3 2083 2082 2081
3 2081 2082 2067
3 2068 2081 2067
3 2084 2081 2068
3 2085 2068 2069
3 2084 2068 2085
3 2086 2069 2071
3 2085 2069 2086
3 1551 2086 1550
3 2086 2072 1550
3 2086 2071 2072
3 1550 2072 1537
3 2073 1552 1541
3 1552 2073 1554
3 1554 2073 2074
3 1556 1554 2087
3 1554 2074 2087
3 1543 1555 2087
3 1543 2087 2074
3 1555 1544 2087
3 1544 2075 2087
3 1559 1557 2087
3 1559 2087 2075
3 1559 2075 1560
3 2075 2088 1560
3 2075 2077 2088
3 2077 2078 2089
3 2077 2089 2088
3 1561 2079 1546
3 1561 2090 2079
3 2092 1562 2091
3 1562 2080 2091
3 1562 1549 2080
3 2093 2092 2091
3 2083 2081 2094
3 2083 2094 2095
3 2096 2081 2084
3 2094 2081 2096
3 2097 2084 2085
3 2096 2084 2097
3 2098 2085 2086
3 2097 2085 2098
3 1564 2098 1551
3 1551 2098 2086
3 2099 1565 2087
3 2087 1565 1556
3 1566 2100 1557
3 2100 2087 1557
3 2100 2099 2087
3 1560 2088 1566
3 2088 2100 1566
3 2088 2101 2100
3 2088 2089 2102
3 2103 2088 2102
3 2101 2088 2103
3 2104 2103 2102
3 2105 2090 1561
3 2105 1561 1567
3 1567 1568 2105
3 2105 1568 2106
3 2107 1569 2092
3 2092 1569 1562
3 2092 2093 2108
3 2109 2092 2108
3 2107 2092 2109
3 2109 2108 2095
3 2094 2109 2095
3 2110 2109 2094
3 2111 2094 2096
3 2110 2094 2111
3 2112 2096 2097
3 2111 2096 2112
3 2113 2097 2098
3 2112 2097 2113
3 1571 2114 1564
3 2114 2098 1564
3 2114 2113 2098
3 1573 2114 1571
3 2099 1574 1565
3 2099 2100 2115
3 1576 2099 2115
3 2116 1576 2115
3 2099 1576 1574
3 2115 2100 2101
3 2115 2101 2117
3 2119 2118 2117
3 2101 2119 2117
3 2103 2119 2101
3 2103 2104 2120
3 2121 2103 2120
3 2119 2103 2121
3 2123 2122 2121
3 2123 2121 2120
3 2124 2122 2123
3 2125 2106 1568
3 2125 1568 1577
3 1577 1578 2125
3 2125 1578 2126
3 2127 1579 2107
3 2107 1579 1569
3 2128 2107 2109
3 2127 2107 2128
3 2129 2109 2110
3 2128 2109 2129
3 2130 2110 2111
3 2129 2110 2130
3 2131 2111 2112
3 2130 2111 2131
3 2132 2112 2113
3 2131 2112 2132
3 1581 2132 1580
3 2132 2114 1580
3 2132 2113 2114
3 1580 2114 1573
3 2116 1582 1576
3 2133 1582 2116
3 2118 2119 2134
3 2118 2134 2135
3 1585 2134 1584
3 2134 2121 1584
3 2134 2119 2121
3 1584 2121 1586
3 2121 2136 1586
3 2121 2122 2136
3 2122 2124 2137
3 2138 2122 2137
3 2136 2122 2138
3 2139 2138 2137
3 1578 1587 2140
3 2141 1578 2140
3 2126 1578 2141
3 1589 2140 1587
3 2142 1590 1591
3 1579 2127 1591
3 2127 2142 1591
3 2127 2143 2142
3 2144 2127 2128
3 2143 2127 2144
3 2145 2128 2129
3 2144 2128 2145
3 2146 2129 2130
3 2145 2129 2146
3 2147 2130 2131
3 2146 2130 2147
3 2148 2131 2132
3 2147 2131 2148
3 1592 2148 1581
3 1581 2148 2132
3 2133 1593 1582
3 2149 1593 2133
3 2135 2134 2150
3 2135 2150 2151
3 1595 2150 1585
3 1585 2150 2134
3 2136 1596 1586
3 1596 2136 1599
3 1599 2136 2138
3 2139 2152 2138
3 2152 1599 2138
3 2152 1601 1599
3 2154 2153 1602
3 1601 2154 1602
3 2152 2154 1601
3 2156 2155 2153
3 2156 2153 2154
3 2157 2155 2156
3 2160 2159 2158
3 2162 2161 2158
3 2162 2158 2159
3 2161 2162 2141
3 2140 2161 2141
3 2163 2161 2140
3 1603 2164 1589
3 2164 2140 1589
3 2164 2163 2140
3 1604 2165 1603
3 1603 2165 2164
3 1605 2166 1604
3 1604 2166 2165
3 1607 2167 1605
3 1605 2167 2166
3 1590 2142 1607
3 2142 2167 1607
3 2142 2168 2167
3 2169 2142 2143
3 2168 2142 2169
3 2170 2143 2144
3 2169 2143 2170
3 2171 2144 2145
3 2170 2144 2171
3 2146 2173 2172
3 2171 2146 2172
3 2145 2146 2171
3 2175 2174 2173
3 2146 2175 2173
3 2147 2175 2146
3 2148 2177 2176
3 2175 2148 2176
3 2147 2148 2175
3 2179 2177 2178
3 2178 2177 1609
3 2177 2148 1609
3 2148 1592 1609
3 1611 2178 1609
3 2181 1612 2180
3 1612 2149 2180
3 1612 1593 2149
3 2183 2182 2181
3 2183 2181 2180
3 2182 2183 2151
3 2182 2151 2150
3 1615 2182 2150
3 1614 1615 2150
3 1614 2150 1595
3 2153 1616 1602
3 1616 2153 1618
3 1618 2153 2155
3 2157 2184 2155
3 2184 1618 2155
3 2184 1620 1618
3 2158 2185 1621
3 2184 2158 1621
3 1620 2184 1621
3 2160 2158 2184
3 1624 2185 1623
3 2185 2161 1623
3 2185 2158 2161
3 1623 2161 1625
3 2161 2186 1625
3 2161 2163 2186
3 2187 2163 2164
3 2186 2163 2187
3 2188 2164 2165
3 2187 2164 2188
3 2189 2165 2166
3 2188 2165 2189
3 2190 2166 2167
3 2189 2166 2190
3 2191 2167 2168
3 2190 2167 2191
3 2192 2168 2169
3 2191 2168 2192
3 2193 2169 2170
3 2192 2169 2193
3 2194 2170 2171
3 2193 2170 2194
3 2171 2172 2195
3 2171 2195 2194
3 2196 2174 2175
3 2196 2175 2176
3 2197 2179 2178
3 2197 2178 1611
3 1626 2197 1611
3 2198 2197 1626
3 2181 1627 1612
3 1627 2181 1629
3 1629 2181 2182
3 1629 2182 1615
3 2185 1631 1621
3 1631 2185 1624
3 2186 1634 1625
3 1634 2186 1636
3 2186 2199 1636
3 2186 2187 2199
3 2200 2187 2188
3 2199 2187 2200
3 2201 2188 2189
3 2200 2188 2201
3 2202 2189 2190
3 2201 2189 2202
3 2203 2190 2191
3 2202 2190 2203
3 2204 2191 2192
3 2203 2191 2204
3 2205 2192 2193
3 2204 2192 2205
3 2206 2193 2194
3 2205 2193 2206
3 2194 2195 2207
3 2208 2194 2207
3 2206 2194 2208
3 2210 2209 2208
3 2210 2208 2207
3 2212 2211 2209
3 2212 2209 2210
3 2213 2211 2212
3 2214 1639 1640
3 1641 2214 1640
3 2199 1643 1636
3 1643 2199 1646
3 1646 2199 2200
3 1646 2200 1647
3 2200 2215 1647
3 2200 2201 2215
3 2216 2201 2202
3 2215 2201 2216
3 2217 2202 2203
3 2216 2202 2217
3 1650 2217 1649
3 2217 2204 1649
3 2217 2203 2204
3 1649 2204 1652
3 1652 2204 2205
3 1652 2205 1653
3 2205 2218 1653
3 2205 2206 2218
3 2219 2206 2208
3 2218 2206 2219
3 2220 2208 2209
3 2219 2208 2220
3 2221 2209 2211
3 2220 2209 2221
3 2211 2213 2222
3 2223 2211 2222
3 2221 2211 2223
3 1655 1656 2223
3 2222 1655 2223
3 2224 1655 2222
3 2225 1660 2214
3 2214 1660 1639
3 1661 2226 1641
3 2226 2214 1641
3 2226 2225 2214
3 1662 2226 1661
3 2227 1665 2215
3 2215 1665 1647
3 2228 2215 2216
3 2227 2215 2228
3 1668 2228 1667
3 2228 2217 1667
3 2228 2216 2217
3 1667 2217 1650
3 2218 1671 1653
3 1671 2218 1674
3 1674 2218 2219
3 1674 2219 1675
3 2219 2229 1675
3 2219 2220 2229
3 2230 2220 2221
3 2229 2220 2230
3 1677 2230 1676
3 2230 2223 1676
3 2230 2221 2223
3 1676 2223 1656
3 2231 1678 1679
3 1680 2232 1679
3 1679 2232 2231
3 1681 2233 1680
3 1680 2233 2232
3 1660 2225 1681
3 2225 2233 1681
3 2225 2234 2233
3 2235 2225 2226
3 2234 2225 2235
3 1683 2235 1662
3 1662 2235 2226
3 2236 1685 2227
3 2227 1685 1665
3 2237 2227 2228
3 2236 2227 2237
3 1686 2238 1668
3 2238 2228 1668
3 2238 2237 2228
3 1687 2238 1686
3 2229 1690 1675
3 1690 2229 1691
3 1691 2229 2230
3 1691 2230 1677
3 2231 1692 1678
3 1692 2231 1693
3 2231 2239 1693
3 2231 2232 2239
3 2240 2232 2233
3 2239 2232 2240
3 2241 2233 2234
3 2240 2233 2241
3 2242 2234 2235
3 2241 2234 2242
3 1695 2242 1683
3 1683 2242 2235
3 2236 1697 1685
3 1697 2236 1699
3 2236 2243 1699
3 2236 2237 2243
3 2244 2237 2238
3 2243 2237 2244
3 1700 2244 1687
3 1687 2244 2238
3 2239 1702 1693
3 1702 2239 1703
3 2239 2245 1703
3 2239 2240 2245
3 2246 2240 2241
3 2245 2240 2246
3 2247 2241 2242
3 2246 2241 2247
3 1705 2247 1695
3 1695 2247 2242
3 2243 1708 1699
3 1708 2243 1711
3 1711 2243 2244
3 1711 2244 1700
3 2245 1712 1703
3 1712 2245 1713
3 2245 2248 1713
3 2245 2246 2248
3 2249 2246 2247
3 2248 2246 2249
3 1715 2249 1705
3 1705 2249 2247
3 2250 1718 2248
3 2248 1718 1713
3 2251 2248 2249
3 2250 2248 2251
3 1719 2252 1715
3 2252 2249 1715
3 2252 2251 2249
3 1721 2252 1719
3 2250 1723 1718
3 1723 2250 1724
3 2250 2253 1724
3 2250 2251 2253
3 2254 2251 2252
3 2253 2251 2254
3 1725 2254 1721
3 1721 2254 2252
3 2255 1726 1727
3 1728 2256 1727
3 1727 2256 2255
3 1729 2256 1728
3 2257 1730 2253
3 2253 1730 1724
3 2258 2253 2254
3 2257 2253 2258
3 1732 2258 1725
3 1725 2258 2254
3 2259 1735 2255
3 2255 1735 1726
3 2256 2261 2260
3 2259 2256 2260
3 2255 2256 2259
3 2256 1729 2261
3 1729 2262 2261
3 1729 1736 2262
3 2257 1737 1730
3 1737 2257 1738
3 2257 2263 1738
3 2257 2258 2263
3 1739 2263 1732
3 1732 2263 2258
3 2264 1740 1741
3 1742 2265 1741
3 1741 2265 2264
3 1735 2259 1742
3 2259 2265 1742
3 2259 2266 2265
3 2259 2260 2267
3 2259 2267 2266
3 1743 2262 1736
3 1743 2268 2262
3 2269 1744 2263
3 2263 1744 1738
3 1745 2269 1739
3 1739 2269 2263
3 2270 1746 2264
3 2264 1746 1740
3 2271 2264 2265
3 2270 2264 2271
3 2272 2265 2266
3 2271 2265 2272
3 2266 2267 2273
3 2266 2273 2272
3 1747 2268 1743
3 1747 2274 2268
3 2275 1749 2269
3 2269 1749 1744
3 1751 2276 1745
3 2276 2269 1745
3 2276 2275 2269
3 1753 2276 1751
3 2277 1754 1755
3 1756 2278 1755
3 1755 2278 2277
3 1746 2270 1756
3 2270 2278 1756
3 2270 2279 2278
3 2280 2270 2271
3 2279 2270 2280
3 2272 2282 2281
3 2280 2272 2281
3 2271 2272 2280
3 2282 2272 2273
3 1757 2274 1747
3 1757 2283 2274
3 2275 1758 1749
3 1758 2275 1759
3 1759 2275 2276
3 1759 2276 1753
3 2284 1762 2277
3 2277 1762 1754
3 2285 2277 2278
3 2284 2277 2285
3 2286 2278 2279
3 2285 2278 2286
3 2280 2288 2287
3 2286 2280 2287
3 2279 2280 2286
3 2288 2280 2281
3 2289 2283 1757
3 2289 1757 1763
3 1763 1764 2289
3 2289 1764 2290
3 2291 1766 1765
3 1762 2284 1765
3 2284 2291 1765
3 2284 2292 2291
3 2293 2284 2285
3 2292 2284 2293
3 2294 2285 2286
3 2293 2285 2294
3 2286 2287 2295
3 2286 2295 2294
3 2298 2297 2296
3 2297 2290 2296
3 2290 1767 2296
3 2290 1764 1767
3 2299 1768 2291
3 2291 1768 1766
3 2300 2291 2292
3 2299 2291 2300
3 2301 2292 2293
3 2300 2292 2301
3 2302 2293 2294
3 2301 2293 2302
3 2294 2295 2303
3 2294 2303 2302
3 2298 2296 2304
3 2298 2304 2305
3 1769 2304 1767
3 1767 2304 2296
3 2299 1770 1768
3 1770 2299 1771
3 2299 2306 1771
3 2299 2300 2306
3 2307 2300 2301
3 2306 2300 2307
3 2308 2301 2302
3 2307 2301 2308
3 2302 2303 2309
3 2302 2309 2308
3 2305 2304 2310
3 2305 2310 2311
3 1772 2310 1769
3 1769 2310 2304
3 2312 1773 2306
3 2306 1773 1771
3 2313 2306 2307
3 2312 2306 2313
3 2314 2307 2308
3 2313 2307 2314
3 2308 2309 2315
3 2316 2308 2315
3 2314 2308 2316
3 2318 2317 2316
3 2318 2316 2315
3 2319 2317 2318
3 2311 2310 2320
3 2311 2320 2321
3 1774 2320 1772
3 1772 2320 2310
3 2322 1775 2312
3 2312 1775 1773
3 2323 2312 2313
3 2322 2312 2323
3 2324 2313 2314
3 2323 2313 2324
3 2325 2314 2316
3 2324 2314 2325
3 2326 2316 2317
3 2325 2316 2326
3 2317 2319 2327
3 2328 2317 2327
3 2326 2317 2328
3 2328 2327 2321
3 2320 2328 2321
3 2329 2328 2320
3 1776 2330 1774
3 2330 2320 1774
3 2330 2329 2320
3 1778 2330 1776
3 2322 1779 1775
3 1779 2322 1780
3 2322 2331 1780
3 2322 2323 2331
3 2332 2323 2324
3 2331 2323 2332
3 2333 2324 2325
3 2332 2324 2333
3 2334 2325 2326
3 2333 2325 2334
3 2335 2326 2328
3 2334 2326 2335
3 2336 2328 2329
3 2335 2328 2336
3 2330 2338 2337
3 2336 2330 2337
3 2329 2330 2336
3 2338 2330 1778
3 1781 2338 1778
3 2339 2338 1781
3 1781 1782 2339
3 2339 1782 2340
3 2341 1784 1785
3 1780 2331 1785
3 2331 2341 1785
3 2331 2342 2341
3 2343 2331 2332
3 2342 2331 2343
3 2344 2332 2333
3 2343 2332 2344
3 2345 2333 2334
3 2344 2333 2345
3 2346 2334 2335
3 2345 2334 2346
3 2347 2335 2336
3 2346 2335 2347
3 2336 2337 2348
3 2349 2336 2348
3 2347 2336 2349
3 2350 2349 2348
3 1782 1786 2351
3 2352 1782 2351
3 2340 1782 2352
3 2341 1787 1784
3 1787 2341 1788
3 1788 2341 2342
3 1788 2342 1791
3 1791 2342 2343
3 1791 2343 1793
3 1793 2343 2344
3 1793 2344 1795
3 1795 2344 2345
3 1795 2345 1797
3 1797 2345 2346
3 1797 2346 1798
3 1798 2346 2347
3 1798 2347 1799
3 2347 2353 1799
3 2347 2349 2353
3 2349 2350 2354
3 2355 2349 2354
3 2353 2349 2355
3 2355 2354 2352
3 2351 2355 2352
3 2356 2355 2351
3 2353 1801 1799
3 1801 2353 1802
3 1802 2353 2355
3 1802 2355 1803
3 1803 2355 2356
3 2357 1804 1805
3 1806 2358 1805
3 1805 2358 2357
3 1807 2359 1806
3 1806 2359 2358
3 1808 2359 1807
3 2360 1810 2357
3 2357 1810 1804
3 2361 2357 2358
3 2360 2357 2361
3 2362 2358 2359
3 2361 2358 2362
3 1811 2362 1808
3 1808 2362 2359
3 2363 1812 1813
3 1810 2360 1813
3 2360 2363 1813
3 2360 2364 2363
3 2365 2360 2361
3 2364 2360 2365
3 2366 2361 2362
3 2365 2361 2366
3 1814 2366 1811
3 1811 2366 2362
3 2367 1815 2363
3 2363 1815 1812
3 2368 2363 2364
3 2367 2363 2368
3 2365 2370 2369
3 2368 2365 2369
3 2364 2365 2368
3 2372 2371 2370
3 2365 2372 2370
3 2366 2372 2365
3 1816 2372 1814
3 1814 2372 2366
3 2373 1817 1818
3 1819 2373 1818
3 2374 1820 2367
3 2367 1820 1815
3 2375 2367 2368
3 2374 2367 2375
3 2368 2369 2376
3 2377 2368 2376
3 2375 2368 2377
3 2377 2376 2371
3 2372 2377 2371
3 2378 2377 2372
3 1821 2378 1816
3 1816 2378 2372
3 2379 1823 2373
3 2373 1823 1817
3 1825 2379 1819
3 1819 2379 2373
3 2374 1826 1820
3 1826 2374 1828
3 2374 2380 1828
3 2374 2375 2380
3 2381 2375 2377
3 2380 2375 2381
3 2382 2377 2378
3 2381 2377 2382
3 1829 2382 1821
3 1821 2382 2378
3 2383 1831 1832
3 1833 2384 1832
3 1832 2384 2383
3 1833 1823 2384
3 1823 2379 2384
3 1836 1834 2384
3 1836 2384 2379
3 1836 2379 1825
3 2385 1839 1838
3 1840 2385 1838
3 2380 1842 1828
3 1842 2380 1845
3 1845 2380 2381
3 1845 2381 1846
3 2381 2386 1846
3 2381 2382 2386
3 1848 2386 1829
3 1829 2386 2382
3 2388 2387 1850
3 1850 2387 1849
3 2389 1850 1851
3 2389 2388 1850
3 2391 2389 2390
3 2389 1852 2390
3 2389 1851 1852
3 1831 2383 1852
3 2383 2390 1852
3 2383 2392 2390
3 1855 2392 1854
3 2392 2384 1854
3 2392 2383 2384
3 1854 2384 1834
3 2385 1856 1839
3 1856 2385 1840
3 2393 1857 1858
3 1860 2393 1858
3 2386 1863 1846
3 1863 2386 1848
3 2394 1866 1867
3 2395 2394 1867
3 1849 2395 1867
3 2387 2395 1849
3 2391 2390 2396
3 2391 2396 2397
3 2398 2390 2392
3 2396 2390 2398
3 1869 2398 1855
3 1855 2398 2392
3 2399 1870 1871
3 1857 2393 1871
3 2393 2399 1871
3 2393 2400 2399
3 1873 2400 1860
3 1860 2400 2393
3 2401 1875 1876
3 1877 2402 1876
3 1876 2402 2401
3 1878 2402 1877
3 2403 1883 2394
3 2394 1883 1866
3 2394 2395 2404
3 2405 2394 2404
3 2403 2394 2405
3 2407 2406 2405
3 2407 2405 2404
3 2406 2407 2397
3 2396 2406 2397
3 2408 2406 2396
3 2409 2396 2398
3 2408 2396 2409
3 1884 2409 1869
3 1869 2409 2398
3 2410 1886 1887
3 1888 2411 1887
3 1887 2411 2410
3 1889 2412 1888
3 1888 2412 2411
3 1891 2412 1889
3 2399 1893 1870
3 1893 2399 1896
3 1896 2399 2400
3 1898 1896 2413
3 1896 2400 2413
3 1873 1897 2413
3 1873 2413 2400
3 1899 2414 1897
3 1897 2414 2413
3 1875 2401 1899
3 2401 2414 1899
3 2401 2415 2414
3 2402 2417 2416
3 2415 2402 2416
3 2401 2402 2415
3 2419 2417 2418
3 2418 2417 1900
3 2417 2402 1900
3 2402 1878 1900
3 1901 2420 1900
3 1900 2420 2418
3 1902 2420 1901
3 2421 1905 2403
3 2403 1905 1883
3 2422 2403 2405
3 2421 2403 2422
3 2423 2405 2406
3 2422 2405 2423
3 2424 2406 2408
3 2423 2406 2424
3 1908 2424 1907
3 2424 2409 1907
3 2424 2408 2409
3 1907 2409 1884
3 2425 1909 2410
3 2410 1909 1886
3 2426 2410 2411
3 2425 2410 2426
3 2427 2411 2412
3 2426 2411 2427
3 1910 2428 1891
3 2428 2412 1891
3 2428 2427 2412
3 1911 2429 1910
3 1910 2429 2428
3 1912 2429 1911
3 2430 1913 1914
3 1915 2431 1914
3 1914 2431 2430
3 1916 2431 1915
3 2432 1921 1922
3 1898 2413 1922
3 2413 2432 1922
3 2413 2433 2432
3 2414 2435 2434
3 2433 2414 2434
3 2413 2414 2433
3 2435 2414 2415
3 2435 2415 2436
3 2436 2415 2416
3 2437 2419 2418
3 2439 2438 2437
3 2418 2439 2437
3 2420 2439 2418
3 1923 2440 1902
3 2440 2420 1902
3 2440 2439 2420
3 1924 2440 1923
3 2421 1926 1905
3 1926 2421 1928
3 2421 2441 1928
3 2421 2422 2441
3 2442 2422 2423
3 2441 2422 2442
3 2443 2423 2424
3 2442 2423 2443
3 1929 2443 1908
3 1908 2443 2424
3 2425 1930 1909
3 1930 2425 1933
3 1933 2425 2426
3 1933 2426 1935
3 1935 2426 2427
3 1935 2427 1936
3 2427 2444 1936
3 2427 2428 2444
3 2445 2428 2429
3 2444 2428 2445
3 1938 2445 1912
3 1912 2445 2429
3 2446 1942 2430
3 2430 1942 1913
3 2447 2430 2431
3 2446 2430 2447
3 1943 2448 1916
3 2448 2431 1916
3 2448 2447 2431
3 1944 2449 1943
3 1943 2449 2448
3 1945 2449 1944
3 2450 1949 2432
3 2432 1949 1921
3 2433 2452 2451
3 2450 2433 2451
3 2432 2433 2450
3 2452 2433 2434
3 2453 2438 2439
3 2455 2454 2453
3 2439 2455 2453
3 2440 2455 2439
3 1950 2456 1924
3 2456 2440 1924
3 2456 2455 2440
3 1951 2456 1950
3 2441 1953 1928
3 1953 2441 1955
3 2441 2457 1955
3 2441 2442 2457
3 1958 2457 1957
3 2457 2443 1957
3 2457 2442 2443
3 1957 2443 1929
3 2444 1959 1936
3 1959 2444 1961
3 1961 2444 2445
3 1961 2445 1938
3 2458 1963 1964
3 1965 2459 1964
3 1964 2459 2458
3 1966 2459 1965
3 2460 1968 2446
3 2446 1968 1942
3 2461 2446 2447
3 2460 2446 2461
3 2462 2447 2448
3 2461 2447 2462
3 2463 2448 2449
3 2462 2448 2463
3 1970 2463 1945
3 1945 2463 2449
3 2464 1972 2450
3 2450 1972 1949
3 2450 2451 2465
3 2450 2465 2464
3 2466 2454 2455
3 2468 2467 2466
3 2455 2468 2466
3 2456 2468 2455
3 1974 2468 1951
3 1951 2468 2456
3 2457 1976 1955
3 1976 2457 1958
3 2469 1980 2458
3 2458 1980 1963
3 2470 2458 2459
3 2469 2458 2470
3 1982 2470 1966
3 1966 2470 2459
3 2460 1983 1968
3 1983 2460 1985
3 2460 2471 1985
3 2460 2461 2471
3 2472 2461 2462
3 2471 2461 2472
3 2473 2462 2463
3 2472 2462 2473
3 1987 2473 1970
3 1970 2473 2463
3 2474 1989 2464
3 2464 1989 1972
3 2464 2465 2475
3 2464 2475 2474
3 2467 2468 2476
3 2467 2476 2477
3 1991 2476 1974
3 1974 2476 2468
3 2469 1996 1980
3 1996 2469 1998
3 1998 2469 2470
3 1998 2470 1982
3 2471 2000 1985
3 2000 2471 2002
3 2471 2478 2002
3 2471 2472 2478
3 2479 2472 2473
3 2478 2472 2479
3 2004 2479 1987
3 1987 2479 2473
3 2480 2006 2474
3 2474 2006 1989
3 2474 2475 2481
3 2474 2481 2480
3 2477 2476 2482
3 2477 2482 2483
3 2008 2482 1991
3 1991 2482 2476
3 2484 2015 2478
3 2478 2015 2002
3 2018 2484 2017
3 2484 2479 2017
3 2484 2478 2479
3 2017 2479 2004
3 2485 2022 2480
3 2480 2022 2006
3 2480 2481 2486
3 2480 2486 2485
3 2487 2483 2482
3 2482 2008 2487
3 2008 2488 2487
3 2008 2024 2488
3 2489 2025 2026
3 2028 2489 2026
3 2484 2035 2015
3 2035 2484 2018
3 2485 2040 2022
3 2491 2490 2042
3 2491 2042 2040
3 2486 2491 2040
3 2485 2486 2040
3 2492 2490 2491
3 2044 2488 2024
3 2044 2493 2488
3 2495 2494 2489
3 2494 2025 2489
3 2494 2046 2025
3 2497 2495 2496
3 2496 2495 2047
3 2495 2489 2047
3 2489 2028 2047
3 2048 2496 2047
3 2498 2052 2053
3 2054 2498 2053
3 2499 2061 2490
3 2490 2061 2042
3 2490 2492 2500
3 2490 2500 2499
3 2044 2062 2501
3 2502 2044 2501
3 2493 2044 2502
3 2063 2501 2062
3 2494 2065 2046
3 2503 2065 2494
3 2497 2496 2504
3 2497 2504 2505
3 2066 2506 2048
3 2506 2496 2048
3 2506 2504 2496
3 2067 2506 2066
3 2498 2070 2052
3 2070 2498 2054
3 2499 2076 2061
3 2508 2507 2078
3 2508 2078 2076
3 2500 2508 2076
3 2499 2500 2076
3 2509 2507 2508
3 2510 2502 2501
3 2501 2063 2510
3 2063 2511 2510
3 2063 2079 2511
3 2513 2080 2512
3 2080 2503 2512
3 2080 2065 2503
3 2513 2512 2505
3 2504 2513 2505
3 2514 2513 2504
3 2083 2514 2082
3 2514 2506 2082
3 2514 2504 2506
3 2082 2506 2067
3 2515 2089 2507
3 2507 2089 2078
3 2507 2509 2516
3 2517 2507 2516
3 2515 2507 2517
3 2518 2517 2516
3 2090 2520 2519
3 2511 2090 2519
3 2079 2090 2511
3 2520 2521 2519
3 2513 2091 2080
3 2091 2513 2093
3 2513 2522 2093
3 2513 2514 2522
3 2095 2522 2083
3 2083 2522 2514
3 2515 2102 2089
3 2102 2515 2104
3 2515 2523 2104
3 2515 2517 2523
3 2517 2518 2524
3 2525 2517 2524
3 2523 2517 2525
3 2527 2526 2525
3 2527 2525 2524
3 2528 2526 2527
3 2105 2520 2090
3 2105 2106 2520
3 2106 2521 2520
3 2106 2529 2521
3 2522 2108 2093
3 2108 2522 2095
3 2530 2116 2115
3 2117 2531 2115
3 2115 2531 2530
3 2118 2531 2117
3 2523 2120 2104
3 2120 2523 2123
3 2123 2523 2525
3 2123 2525 2124
3 2525 2532 2124
3 2525 2526 2532
3 2526 2528 2533
3 2526 2533 2532
3 2106 2125 2534
3 2535 2106 2534
3 2529 2106 2535
3 2126 2534 2125
3 2536 2133 2530
3 2530 2133 2116
3 2537 2530 2531
3 2536 2530 2537
3 2135 2537 2118
3 2118 2537 2531
3 2532 2137 2124
3 2539 2538 2139
3 2539 2139 2137
3 2533 2539 2137
3 2532 2533 2137
3 2541 2540 2538
3 2541 2538 2539
3 2543 2542 2540
3 2543 2540 2541
3 2545 2544 2542
3 2545 2542 2543
3 2547 2546 2544
3 2547 2544 2545
3 2546 2547 2535
3 2534 2546 2535
3 2548 2546 2534
3 2141 2548 2126
3 2126 2548 2534
3 2549 2149 2536
3 2536 2149 2133
3 2550 2536 2537
3 2549 2536 2550
3 2151 2550 2135
3 2135 2550 2537
3 2538 2152 2139
3 2152 2538 2154
3 2154 2538 2540
3 2154 2540 2156
3 2156 2540 2542
3 2156 2542 2157
3 2542 2551 2157
3 2542 2544 2551
3 2160 2551 2159
3 2551 2546 2159
3 2551 2544 2546
3 2159 2546 2162
3 2162 2546 2548
3 2162 2548 2141
3 2552 2172 2173
3 2174 2552 2173
3 2553 2176 2177
3 2179 2553 2177
3 2549 2180 2149
3 2180 2549 2183
3 2183 2549 2550
3 2183 2550 2151
3 2551 2184 2157
3 2184 2551 2160
3 2554 2195 2552
3 2552 2195 2172
3 2196 2555 2174
3 2555 2552 2174
3 2555 2554 2552
3 2176 2553 2196
3 2553 2555 2196
3 2553 2556 2555
3 2197 2557 2179
3 2557 2553 2179
3 2557 2556 2553
3 2198 2558 2197
3 2197 2558 2557
3 2554 2207 2195
3 2207 2554 2210
3 2210 2554 2555
3 2210 2555 2212
3 2212 2555 2556
3 2212 2556 2213
3 2556 2559 2213
3 2556 2557 2559
3 2560 2557 2558
3 2559 2557 2560
3 2559 2222 2213
3 2222 2559 2224
3 2224 2559 2560
3 2561 2260 2261
3 2262 2561 2261
3 2562 2267 2561
3 2561 2267 2260
3 2268 2562 2262
3 2262 2562 2561
3 2563 2273 2562
3 2562 2273 2267
3 2274 2563 2268
3 2268 2563 2562
3 2564 2281 2282
3 2273 2563 2282
3 2563 2564 2282
3 2563 2565 2564
3 2283 2565 2274
3 2274 2565 2563
3 2566 2287 2288
3 2281 2564 2288
3 2564 2566 2288
3 2564 2567 2566
3 2568 2564 2565
3 2567 2564 2568
3 2289 2569 2283
3 2569 2565 2283
3 2569 2568 2565
3 2290 2569 2289
3 2570 2295 2566
3 2566 2295 2287
3 2571 2566 2567
3 2570 2566 2571
3 2572 2567 2568
3 2571 2567 2572
3 2298 2572 2297
3 2572 2569 2297
3 2572 2568 2569
3 2297 2569 2290
3 2573 2303 2570
3 2570 2303 2295
3 2574 2570 2571
3 2573 2570 2574
3 2575 2571 2572
3 2574 2571 2575
3 2305 2575 2298
3 2298 2575 2572
3 2576 2309 2573
3 2573 2309 2303
3 2577 2573 2574
3 2576 2573 2577
3 2578 2574 2575
3 2577 2574 2578
3 2311 2578 2305
3 2305 2578 2575
3 2576 2315 2309
3 2315 2576 2318
3 2318 2576 2577
3 2318 2577 2319
3 2577 2579 2319
3 2577 2578 2579
3 2321 2579 2311
3 2311 2579 2578
3 2579 2327 2319
3 2327 2579 2321
3 2580 2337 2338
3 2339 2581 2338
3 2338 2581 2580
3 2340 2581 2339
3 2580 2348 2337
3 2348 2580 2350
3 2580 2582 2350
3 2580 2581 2582
3 2352 2582 2340
3 2340 2582 2581
3 2582 2354 2350
3 2354 2582 2352
3 2583 2369 2370
3 2371 2583 2370
3 2583 2376 2369
3 2376 2583 2371
3 2584 2387 2388
3 2389 2585 2388
3 2388 2585 2584
3 2391 2585 2389
3 2586 2395 2584
3 2584 2395 2387
3 2587 2584 2585
3 2586 2584 2587
3 2397 2587 2391
3 2391 2587 2585
3 2586 2404 2395
3 2404 2586 2407
3 2407 2586 2587
3 2407 2587 2397
3 2588 2416 2417
3 2419 2588 2417
3 2589 2434 2435
3 2589 2435 2590
3 2435 2591 2590
3 2435 2436 2591
3 2436 2416 2588
3 2592 2436 2588
3 2591 2436 2592
3 2592 2588 2419
3 2437 2592 2419
3 2593 2592 2437
3 2437 2438 2593
3 2593 2438 2594
3 2595 2451 2452
3 2596 2595 2452
3 2596 2452 2434
3 2597 2596 2434
3 2589 2597 2434
3 2597 2589 2590
3 2598 2594 2438
3 2598 2438 2453
3 2453 2454 2598
3 2598 2454 2599
3 2600 2465 2595
3 2595 2465 2451
3 2595 2596 2601
3 2595 2601 2600
3 2454 2466 2602
3 2603 2454 2602
3 2599 2454 2603
3 2467 2602 2466
3 2604 2475 2600
3 2600 2475 2465
3 2600 2601 2605
3 2600 2605 2604
3 2603 2602 2606
3 2603 2606 2607
3 2477 2606 2467
3 2467 2606 2602
3 2608 2481 2604
3 2604 2481 2475
3 2604 2605 2609
3 2604 2609 2608
3 2607 2606 2610
3 2607 2610 2611
3 2483 2610 2477
3 2477 2610 2606
3 2612 2486 2608
3 2608 2486 2481
3 2608 2609 2613
3 2614 2608 2613
3 2612 2608 2614
3 2616 2615 2614
3 2616 2614 2613
3 2618 2617 2615
3 2618 2615 2616
3 2620 2619 2617
3 2620 2617 2618
3 2622 2621 2619
3 2622 2619 2620
3 2621 2622 2611
3 2610 2621 2611
3 2623 2621 2610
3 2487 2624 2483
3 2624 2610 2483
3 2624 2623 2610
3 2488 2624 2487
3 2612 2491 2486
3 2491 2612 2492
3 2612 2625 2492
3 2612 2614 2625
3 2626 2614 2615
3 2625 2614 2626
3 2627 2615 2617
3 2626 2615 2627
3 2628 2617 2619
3 2627 2617 2628
3 2629 2619 2621
3 2628 2619 2629
3 2630 2621 2623
3 2629 2621 2630
3 2631 2623 2624
3 2630 2623 2631
3 2493 2631 2488
3 2488 2631 2624
3 2632 2494 2495
3 2497 2632 2495
3 2633 2500 2625
3 2625 2500 2492
3 2634 2625 2626
3 2633 2625 2634
3 2635 2626 2627
3 2634 2626 2635
3 2636 2627 2628
3 2635 2627 2636
3 2637 2628 2629
3 2636 2628 2637
3 2630 2639 2638
3 2637 2630 2638
3 2629 2630 2637
3 2641 2640 2639
3 2630 2641 2639
3 2631 2641 2630
3 2502 2641 2493
3 2493 2641 2631
3 2642 2503 2632
3 2632 2503 2494
3 2505 2642 2497
3 2497 2642 2632
3 2633 2508 2500
3 2508 2633 2509
3 2633 2643 2509
3 2633 2634 2643
3 2644 2634 2635
3 2643 2634 2644
3 2645 2635 2636
3 2644 2635 2645
3 2646 2636 2637
3 2645 2636 2646
3 2637 2638 2647
3 2637 2647 2646
3 2648 2640 2641
3 2650 2648 2649
3 2649 2648 2510
3 2648 2641 2510
3 2641 2502 2510
3 2511 2649 2510
3 2642 2512 2503
3 2512 2642 2505
3 2643 2516 2509
3 2516 2643 2518
3 2643 2651 2518
3 2643 2644 2651
3 2652 2644 2645
3 2651 2644 2652
3 2653 2645 2646
3 2652 2645 2653
3 2646 2647 2654
3 2646 2654 2653
3 2655 2650 2649
3 2657 2655 2656
3 2656 2655 2519
3 2655 2649 2519
3 2649 2511 2519
3 2521 2656 2519
3 2651 2524 2518
3 2524 2651 2527
3 2527 2651 2652
3 2527 2652 2528
3 2652 2658 2528
3 2652 2653 2658
3 2653 2654 2659
3 2660 2653 2659
3 2658 2653 2660
3 2662 2661 2660
3 2662 2660 2659
3 2664 2663 2661
3 2664 2661 2662
3 2663 2664 2657
3 2656 2663 2657
3 2665 2663 2656
3 2529 2665 2521
3 2521 2665 2656
3 2666 2533 2658
3 2658 2533 2528
3 2667 2658 2660
3 2666 2658 2667
3 2668 2660 2661
3 2667 2660 2668
3 2669 2661 2663
3 2668 2661 2669
3 2670 2663 2665
3 2669 2663 2670
3 2535 2670 2529
3 2529 2670 2665
3 2666 2539 2533
3 2539 2666 2541
3 2541 2666 2667
3 2541 2667 2543
3 2543 2667 2668
3 2543 2668 2545
3 2545 2668 2669
3 2545 2669 2547
3 2547 2669 2670
3 2547 2670 2535
3 2672 2671 2591
3 2591 2671 2590
3 2673 2591 2592
3 2673 2672 2591
3 2674 2592 2593
3 2674 2673 2592
3 2593 2594 2674
3 2674 2594 2675
3 2676 2596 2597
3 2677 2676 2597
3 2590 2677 2597
3 2671 2677 2590
3 2678 2675 2594
3 2678 2594 2598
3 2598 2599 2678
3 2678 2599 2679
3 2680 2601 2676
3 2676 2601 2596
3 2676 2677 2681
3 2676 2681 2680
3 2603 2679 2599
3 2603 2682 2679
3 2684 2683 2680
3 2683 2601 2680
3 2683 2605 2601
3 2684 2680 2681
3 2607 2682 2603
3 2607 2685 2682
3 2687 2609 2686
3 2609 2683 2686
3 2609 2605 2683
3 2689 2688 2687
3 2689 2687 2686
3 2691 2690 2688
3 2691 2688 2689
3 2693 2692 2690
3 2693 2690 2691
3 2695 2694 2692
3 2695 2692 2693
3 2695 2685 2694
3 2685 2611 2694
3 2685 2607 2611
3 2687 2613 2609
3 2613 2687 2616
3 2616 2687 2688
3 2616 2688 2618
3 2618 2688 2690
3 2618 2690 2620
3 2620 2690 2692
3 2620 2692 2622
3 2622 2692 2694
3 2622 2694 2611
3 2696 2638 2639
3 2640 2696 2639
3 2697 2647 2696
3 2696 2647 2638
3 2697 2696 2640
3 2698 2697 2640
3 2648 2698 2640
3 2699 2697 2698
3 2648 2650 2698
3 2698 2650 2700
3 2701 2654 2697
3 2697 2654 2647
3 2697 2699 2702
3 2703 2697 2702
3 2701 2697 2703
3 2704 2703 2655
3 2703 2700 2655
3 2700 2650 2655
3 2700 2703 2702
3 2657 2704 2655
3 2701 2659 2654
3 2659 2701 2662
3 2662 2701 2703
3 2662 2703 2664
3 2664 2703 2704
3 2664 2704 2657