OFF
3362 6704 0
1.5614831896 33.7764772873 16.6384515485
1.6976952431 33.4601160099 16.3812271589
1.8257159929 33.2642846014 16.8506448389
1.8231311220 33.6452518807 17.0241931657
1.6157684044 33.9650715101 16.2564440131
2.0080191973 34.1295669200 15.8851433400
1.8186117947 33.6718027511 15.9999422824
1.5605493011 34.1323525772 16.5211451139
1.6543557725 34.0155093344 16.7940048252
1.8657965785 34.3405572148 16.3023707729
1.8052462497 34.2609983265 16.6627352034
2.0549148412 32.8813002407 16.5806593515
2.4173157261 32.5470936936 16.2664335712
2.5802358560 32.3146725947 16.7946856199
2.2861934758 32.7272811025 17.0839121241
2.0358672409 33.1480770481 16.0822612938
2.3069103916 33.5216267755 15.6100081456
2.4528705672 32.8403384602 15.8255252842
2.1617969321 33.1562516351 17.2718403590
2.2301564776 33.5330773056 17.3299621468
2.6662352063 33.1203548729 17.5596483548
2.5388253980 34.3011831122 15.3940056498
2.7414824516 33.6476463141 17.4654337095
2.1593659680 34.0136483112 17.0473662104
2.5413557454 34.6842830791 15.9893053254
2.3851459766 34.4643558471 16.6340057400
2.2574765481 40.0454944275 7.6352625993
2.4242181442 40.2289525237 7.0728119947
2.4265754966 39.6094308226 7.2558103865
2.3533540442 39.4892502089 7.8405381982
2.2463041144 40.0068019932 8.1153912078
2.3568956378 39.7061050376 8.4263520837
2.2807348852 40.5218823936 7.5079706792
2.4409779224 40.8203784400 7.1608760349
2.2540538754 40.4846804485 7.9892550337
2.3563965054 40.3373201823 8.5480502221
2.4018641983 41.0096787089 7.7155306190
2.4251185418 40.9306676475 8.3178131764
3.9824688742 20.6166703041 30.3330635876
4.1822216738 20.6423518906 30.2359018486
4.0591480306 20.5164832466 30.3061545987
4.1158558947 20.5255010351 30.4285662404
4.1261760778 20.6766697570 30.3673187187
2.9244606360 32.0088396943 16.4014792113
3.1598739519 31.9311415716 16.0006640830
3.5549972086 31.5215976082 16.3303923351
3.2105092489 31.7988257488 16.9490107190
2.8054382362 32.3298950497 15.9260772079
2.9631857061 32.7566197254 15.3500945000
3.0936320426 32.1850572187 15.7114295787
2.8790970904 32.2654073111 17.2974020060
2.6091256024 32.7216575334 17.4483341148
3.2857633014 32.4992363410 17.6960232847
3.3647666852 33.9174053580 8.8164481118
3.4845850247 33.8799271038 8.4243628460
3.5633984401 33.4808832712 8.5400354612
3.4905612947 33.5078796812 8.9542327259
2.8261493545 33.7134259776 14.9822625882
3.2788187011 33.1902474252 17.7467861728
3.3725862388 34.1649643398 8.6292984717
3.3368608844 34.4556121224 8.9939264547
3.3148712096 34.2041534423 9.2008991999
3.3705910118 33.8771095014 9.2019685351
3.3813995177 34.1905520607 9.5492463984
3.1895825652 34.6147891131 14.1296016463
3.3764854962 34.7490225403 13.6120295670
3.3726236573 34.1936739113 13.7116302984
3.1764196464 33.9350155376 14.3053933537
2.9436604529 34.4821479239 14.7582578234
3.3266286494 33.6825013528 17.6101482662
3.1174898609 34.2191272994 17.2118411393
3.3495450243 34.5877773955 9.5032990998
3.3158396953 35.1254028313 13.9816395919
3.2050280403 35.1364730717 14.5487490595
3.4728559640 35.5957426958 14.2303865040
3.0185404158 35.0612553838 15.3089250593
3.1909184881 35.1933072204 15.9400026952
3.3258585672 34.9178943557 16.5866267170
3.0959071074 37.0363030782 7.0058960358
3.4274467211 36.9610977299 6.2582876457
3.3465055924 36.4734320499 6.7251947886
3.2696547425 36.3201262588 7.2517784401
2.9787007175 37.0136335005 7.8362091097
3.1856590993 36.2474603747 8.0884855326
2.9705787398 37.0157432411 8.7544559536
3.1758851062 36.2524056361 9.0068899355
3.0411230222 37.0672120290 9.6239910554
3.2035524742 36.4754096106 9.7988221851
3.6031584339 35.7971721447 14.9763297580
3.4980101595 35.5579751553 15.6328138759
2.9968226273 37.8566041870 6.6932675345
3.3176267836 38.0430420729 5.9436081075
2.7962535162 37.8703103010 7.5722156783
2.7686284304 37.8726616381 8.5437094270
2.8621546891 37.8700890300 9.4999568795
3.1536530803 37.0821346818 10.2534527738
3.0425725806 37.8472054587 10.3988340993
3.2251443359 37.4410841440 10.7904470713
2.9502305248 38.6452555322 6.4117160914
3.2313207489 39.0644594063 5.8043646196
2.6427338746 38.8164122557 7.2173180297
2.5503441056 38.8903260144 8.3093780405
2.6991421838 38.8145186256 9.3408137498
2.9028398080 38.7718877278 10.2722734091
3.2216125318 38.0339063996 11.1018224152
3.1547586353 38.7237115745 11.0625453602
3.3898884614 38.5031065840 11.5797499286
2.7556794038 39.5961829789 6.5426182499
3.1565059368 40.1148820725 5.7411767441
2.5611175925 39.8631714647 9.1419835799
2.8329027404 39.7457332094 10.1127611368
3.1420164784 39.6759723535 10.9761087917
3.5216737850 39.4447991140 11.7705289664
2.7741761305 40.8460975767 6.4229761304
3.1646227739 40.9593542229 5.6165341239
2.6685370348 40.9887435251 9.0629105529
2.8256962530 40.5871400867 9.8695566989
3.2088901279 40.7564352092 10.7460001072
3.5846907809 40.5234366010 11.5676875609
3.1418891166 41.7726563509 5.7491330350
3.6444759379 42.2157432352 5.0004482399
3.4379821238 41.4050011882 5.1838596067
2.8810385137 41.8088822739 6.5085389978
2.6504794972 41.4507227685 7.1676373941
2.7590331756 41.7279523264 8.1460998399
2.9937538206 41.8378229983 9.1166175569
3.1477289118 41.5358980663 9.9883175702
3.6799854468 41.8116406250 10.9306026093
3.6820403669 41.2858528632 11.3901329228
3.3623626483 42.5786851421 5.5434260870
3.7327564872 43.0972418022 5.1618325745
3.1422420663 42.5052651216 6.1976191461
2.9848936901 42.3522109003 7.1226338331
3.1228373847 42.5719687096 7.8874698873
3.2316087388 42.4880493382 8.6603871130
3.4182475333 42.3831242648 9.5518163093
3.6461801589 42.2916298959 10.3034720110
3.4886635998 43.1884769964 5.8161513684
3.3736548727 43.1492243164 6.6326847272
3.3154398225 43.0176960389 7.3904805075
4.2734081175 20.3565619135 30.3751586941
4.3818415462 20.4187655498 30.1692087159
4.7188807842 20.1200222045 30.3147443535
4.6070615135 20.3023102453 30.6075806219
4.6544126645 20.6834326325 29.9942361329
4.3756461532 20.6116588426 30.5139499924
4.5757782129 20.8101595636 30.3202797347
4.1037520551 32.1228811242 9.6512891712
4.2342046386 31.8676294535 8.9367001082
4.4089195206 31.4735684204 9.3591985361
4.4038269178 31.5204139232 9.9224277688
3.4906560529 31.9354678857 15.5505067153
3.9578459289 31.7604144523 15.0318740906
4.0477608648 31.2690055948 15.6697553016
4.1397507406 30.9517722940 16.3885990480
3.9507369965 31.2408980386 17.1214279531
3.4872659004 31.8550247815 17.4532397320
4.1575626893 31.7506479142 17.8920738058
4.2087906862 32.5400242123 7.9726220298
4.5494455417 32.6729307234 7.3902837429
4.6079152521 32.0203066694 7.7402859130
4.3733899033 31.9260719882 8.3150244049
3.8680057315 32.7891857576 8.8083745895
3.8150833209 32.9285770454 9.8153413698
4.2396852499 31.9483182656 10.3400405761
3.9982298403 32.6580958534 10.6077343520
4.2567928224 32.1254567100 10.9187532598
3.6355017167 32.4811443207 14.6757324709
3.9860610714 32.4741932532 13.9818617583
4.0964471097 31.9796991498 14.4576915965
4.0632259634 32.8029455096 18.0305173436
3.8806962277 33.5015271355 7.9390892791
4.4463765384 33.7215859034 6.9173157329
3.5542341476 33.6309088398 9.5786287382
3.7119741965 33.6152862255 10.5744994011
4.1360056804 32.5788794241 11.3998326726
3.8698760769 33.3824841228 11.6961405123
4.1726436094 32.6394569572 12.2255898334
3.8783531636 33.2795217807 12.7395946278
4.1160812455 32.6030004935 13.2065903347
3.6274211781 33.3257613702 13.7520881028
3.2402036842 33.2379501680 14.6030780430
3.7510322192 33.4008797504 17.8251745330
4.2554136031 33.4605674026 17.9691983831
3.8867705639 33.9113872930 17.6566569429
3.7699549066 34.7293833210 7.4447309193
4.1456152945 34.7399036632 6.6370665715
3.4846283890 34.4908052914 8.4312694144
3.4965601826 34.6569465255 10.2934255416
3.6473085358 34.5014179231 11.5486097396
3.6093869539 34.3067103081 12.8623801076
4.3097437010 34.7212668617 17.3649378791
3.7328488208 35.7431864995 6.5958584929
4.2622872715 35.5469483204 5.8711597331
4.1880097524 35.1158675182 6.2731810855
3.4531498713 35.6637516920 7.5092157808
3.3917606526 35.4421790439 8.3118491445
3.3530665470 35.4111988695 9.5045722715
3.4745520575 35.7642124668 10.6689843193
3.5883534351 35.5503677498 11.4486022204
3.6460155201 35.4582720107 12.4502093195
3.5636404413 35.4616729408 13.4881090968
4.2178455557 35.3957384524 16.7603354193
3.7944798793 35.5451347146 16.1896280080
3.9557606475 36.3931007836 5.7365745862
4.3691640389 36.7271243875 5.0467550260
4.3246619236 36.0491068034 5.4447251950
3.3450186898 36.6219005622 10.5831396955
3.5601560952 36.5490901821 11.4866870485
3.6818191585 36.3084087645 12.2041275485
3.8227942516 36.5404773510 13.1326543716
3.8901192322 36.3616233601 14.2009154417
4.3400920356 36.6629393644 15.1808480448
4.0588158984 36.0373311887 15.7317280535
3.7965718037 37.3999415932 5.4647666003
4.1827609794 37.8543336904 4.7986152100
3.4571533447 37.6036983900 11.4906749612
3.7800172358 37.3558629710 12.4290076169
4.0543104232 37.4840055134 13.2311390369
4.1888693280 37.2417928841 13.8437615743
4.3781208844 37.1456170439 14.5174602237
3.7011912319 38.4693905261 5.2552540638
4.1335608222 38.8534542920 4.6114745367
3.7597035149 38.5933506677 12.2670865437
4.1286742182 38.2540212255 13.0480980032
3.6838900043 39.6090804553 5.0581048039
4.1730990329 39.6538525690 4.4414116448
3.9278616899 39.5536788976 12.4168712169
4.2249052363 39.2209982424 12.9418714885
4.0249577883 40.4039233930 4.5409666724
4.4394834478 40.9034320009 4.1255979264
4.5618093497 40.0960835592 4.0227010120
3.5341055728 40.6529301670 5.1038544043
4.2562258814 39.9925608031 12.7586426501
3.9830641208 40.3228334166 12.2395438230
3.9448241825 41.3881307061 4.5981452781
4.6671378598 41.8001315890 3.9931918056
3.9243623349 41.7190770017 11.4822535236
4.2708545893 41.4663610648 12.0363701834
4.1453494054 42.2221732334 4.4371654217
4.1297192826 42.9330126096 4.5967430630
3.5189261514 43.1469669291 8.0859899797
3.8274448017 43.1879103703 9.0619298244
3.9573936862 42.9180707295 9.9985650328
4.2709091799 42.7387261118 10.8777485611
4.2241196378 42.1788569893 11.4642529993
3.8595466593 43.6933228770 5.4395879721
4.2790745092 43.7868702531 4.8287261621
3.8480244013 43.8941988886 6.1538517070
3.7738073385 43.7123130809 7.2469513112
4.0507375157 43.8059608318 8.2339394446
4.5121281795 44.0093693177 9.0833721384
4.3589883648 43.5412639467 9.7337350869
4.4473254650 43.3162989457 10.3459149687
4.2480439589 44.2730844229 5.4379197858
4.6843542615 44.4891309984 4.8993831494
4.3124471286 44.5211501555 6.0000681370
4.2365143670 44.4126828410 6.7107472229
4.3328272549 44.3592941849 7.5829605214
4.5250764193 44.3553895768 8.3225425243
4.8219558515 44.8989853527 5.5247182226
4.9554717930 20.2881906793 29.8508116857
5.2263490321 19.8154044769 30.1155062507
5.2492452823 19.7955561955 30.6867024930
5.1171801250 20.1975373070 30.9543521734
5.7012692286 19.9549528487 31.3628405605
5.0751927546 20.7397281603 29.6551069137
5.4330987230 21.0370077064 29.3598694612
5.3559098551 20.5368271566 29.3783090579
5.3056227004 20.4151803532 31.1101599088
4.9126968785 20.6257757982 30.7684298574
5.1576321258 21.1463363257 29.9056333488
5.1407732404 21.0476008190 30.5109251164
5.8013220301 26.2406970636 33.4907446126
5.8832869827 26.2963316349 33.2923810784
5.8591268819 26.0592777995 33.3824260927
5.9666846126 26.1312169137 33.7738622820
5.3431207988 27.5890070463 13.0529403358
5.5994781127 27.5487969434 12.3930851841
5.5358186687 27.1448776479 12.9009983101
5.5282323330 27.0103796031 13.4177031465
5.3086904746 27.5532186706 13.7549589951
5.5403534415 27.0162467970 14.1840043002
5.3664068073 27.5174466608 14.3748000241
5.5712033570 27.2408048944 14.8057376304
5.9313282502 26.4103864355 33.5362596368
5.2993122492 28.1762470295 12.6380861134
5.4279090733 28.4732502270 12.0244008276
5.2181106706 28.3179798025 13.3038420591
5.2711446538 28.0728266740 14.1460334013
5.4379097853 27.8361104984 14.8502767930
5.2189763536 29.0144996492 12.4966475518
5.2974370983 29.2113156988 11.7915984262
5.2091501990 29.0941007182 13.1671671012
5.2449138130 28.8074780873 13.8826916780
5.3294444953 28.4803008169 14.5847011007
4.9430774389 29.8852878203 16.9142532075
5.0729319877 29.6520273837 16.0819117256
5.2823069821 29.1894120235 16.5678281872
5.3660112312 29.1682846454 17.3734156630
5.1171433714 29.8426357351 17.8676523074
5.4348447777 29.3547681176 18.1395529755
5.1513137541 30.7034540533 8.6620845343
5.4660689155 30.6978142446 8.1020100649
5.6244059619 30.3007703319 8.4695599563
5.5806258084 30.0436630663 9.1630265677
4.8610920037 30.8195804926 9.6835285921
5.4225606167 29.8511109182 10.1963305420
5.0028934364 30.4818212319 10.8927979932
5.3493976224 29.5729602449 11.1408549399
5.1347870711 30.0265720558 11.9395110803
5.2013399879 29.7136190109 12.7196338476
5.1748685025 30.1911809862 12.4625817337
4.8896253435 30.5642838961 14.6894713794
5.0612406766 30.5849457001 14.0214676753
5.1411416214 30.0953059324 14.4466182438
5.0865622502 29.8378139424 15.2432284800
4.6487886530 30.4604293638 15.8389490086
4.4692559615 30.5823006647 16.8214504167
4.6525481107 30.6655817392 17.6816839727
5.3208646622 29.8261887750 18.4702690112
5.1031773998 30.4200998900 18.4326432266
5.4157254961 30.1801673210 18.8771815550
4.9690632259 31.3202706905 8.0184512690
5.1625616019 31.8412676386 7.3501920401
5.6706242061 31.0464654485 7.5905535574
4.6260371891 31.3020623018 8.7818726646
4.5562090000 31.4285174162 10.7177810124
4.8262377633 31.1129273762 11.8170495746
5.0927501079 30.6309472870 12.4176472644
4.7969054470 31.1860466090 13.7998871414
4.9456242945 31.1908817151 13.1066491649
5.0712414387 30.8193800051 13.5077347499
4.4233799901 31.2903270038 14.7634455923
4.8823513820 31.2502466952 18.4431337498
5.3651513268 30.8995475924 18.9952484193
5.2331247780 32.6310252663 6.7816275616
4.4230384135 31.9792306999 11.6206080361
4.9472574220 31.1551320693 12.5870827109
4.5940214363 31.7729460843 12.7554341825
4.3598917001 31.9085887641 13.8233953676
5.2704976099 31.6760753488 18.9335825363
4.7970372288 32.1917015188 18.4739608624
5.0529162735 33.4685820736 6.3910807291
5.4812493462 33.6386376241 5.9703667444
5.5436937078 32.9713220346 6.3095505490
4.6439374766 34.0214017712 17.9166471775
4.9422002147 33.2514845586 18.3824449416
4.6986345298 34.5142292929 6.0862797921
5.3860507737 34.4890677038 5.5003567552
4.9510507663 34.5301422132 17.8334106232
5.5540080134 34.3396460031 18.3180290189
4.8310280647 35.5351229456 5.2673275653
5.4423708133 35.4728598430 4.7630124548
5.3580603806 35.0298895024 5.1340208876
4.6040976232 36.0706201566 16.4314220495
5.1167694202 35.7344572932 17.1813233151
5.3362869636 35.0859437565 17.7571849072
5.0722387315 36.4501639763 4.4680874087
5.6921861319 36.5600301959 3.8954556933
5.6599814943 35.9187052223 4.2936097063
4.6187066036 36.5314826844 15.9132343723
5.0426534571 36.7056061050 16.3097120183
5.4207834271 36.6058397404 16.8066704143
5.1785445606 37.4841337924 3.8667025719
5.5892172383 37.9356196630 3.3923965275
5.8961307776 37.1919973101 3.4544134633
4.6450888536 37.3679574652 4.4287195763
4.3336802106 37.9489057660 13.6313395101
4.6419748466 37.9345665327 14.2884886672
4.8214412626 37.5387202425 15.0312516205
5.0715841076 37.2244766207 15.8214126089
5.4999911651 37.1775505218 16.4502807182
5.0945574367 38.5334986607 3.6514329197
5.7150125212 38.6723679643 3.2367440714
4.6037756718 38.2362771555 4.1921325106
4.5992215481 38.7940660422 13.7071839701
4.9842905699 38.6871653165 14.4200247744
5.0662700513 38.2400866699 14.8536773349
5.1736767959 39.5571012681 3.5306676305
5.8777875302 39.5036534624 3.1574056353
4.5902842127 39.1835062812 4.0442493930
4.7000969625 39.9652230905 13.3926441155
5.0835645207 39.5034357133 14.2284044426
5.4957407516 40.0330433957 3.3296647396
5.1684963191 40.7066161348 3.5933588484
4.5025236543 40.7223420134 12.7670071625
5.0065589714 40.9434944389 13.3603491584
5.2087766215 40.4530271496 14.0163267521
5.4561283629 41.7490297975 3.4967027529
4.8556409733 41.4515924650 12.8186636712
5.4061631902 41.7903768448 13.3890547427
5.3664070990 41.1659451043 13.8563616429
5.9077145506 41.7121400892 15.5033174716
5.9883571487 41.8356171628 15.2712329083
5.8541058525 41.5452906228 15.3658777729
6.0203758495 41.5032167660 15.6915894414
4.5366630056 42.6644003544 4.1623156735
5.1928832690 42.7721496102 3.7327194580
4.5470124233 42.6492320983 11.4467827359
4.7643209546 42.4752095276 11.8870095949
5.1007603377 42.1915989926 12.5764512235
6.1791985687 41.8622767138 15.5592339023
4.7041276632 43.4173785124 4.2074514181
5.3450747126 43.7926532632 3.8102507117
4.7260203909 43.9672312837 9.6911369579
4.8460908084 43.8286879805 10.1953207775
4.9035444567 43.4810310126 10.8751853333
4.9200582256 43.0529101756 11.4891956205
4.9440913545 44.2199227502 4.3347287557
5.5151306084 44.4644191861 3.9655971483
4.6314579186 44.8652223678 6.3133391541
4.7333182264 44.8993284101 7.0590627412
4.8452659009 44.8374438566 7.9255408323
5.0051971486 44.7069913995 8.7582146632
5.2567701419 44.4839126568 9.7632405808
5.4437619970 44.1248324205 10.7610654454
5.3674044566 44.9041617524 4.5770485638
5.5839737908 45.4431266211 5.3017578799
5.2331614587 45.3667609013 6.3572563094
5.2821530790 45.3666052612 7.4732760818
5.3144282516 45.2171938598 8.2993032565
6.0528584533 19.1216476238 29.2939750215
6.2711190748 19.0359369986 28.6109023570
6.3641841976 18.5420133424 28.9464711451
6.3101299813 18.4315361848 29.7638287365
5.7791291655 19.2264029817 30.1851773462
6.2951279655 18.5419801442 30.7624321376
5.8444332914 19.2710595660 30.9672681510
6.2839455884 19.0460748008 31.5902924721
6.0550978583 19.7181680143 28.6781360081
6.2676687882 20.1545142171 27.9035526225
6.3455512839 19.3529370080 28.0770727723
5.5913183744 19.8977600202 29.4593288620
6.2732017561 19.7365853187 32.0669784978
5.8481821223 20.7808700833 28.7530230592
6.2599371325 21.1663228308 27.7675352221
5.5977293569 20.9127961331 31.1781755033
6.0877743341 20.4890929767 31.9760660486
6.1153339202 21.2608123983 31.8990214850
6.3573747154 20.9482122756 32.4803414330
6.0848140332 21.7775979602 28.3762690226
6.3336495863 22.1756732407 27.6969981551
5.8452026263 21.9339644079 29.3366886441
5.6247042845 21.5892673973 30.3958103736
6.0279139468 21.8804050591 31.2124959525
6.2667918405 21.8797554401 31.9631524935
6.3844141833 21.5380259306 32.4511748223
6.2078940097 22.7304888809 28.4599658616
6.4212818426 23.1245292246 27.7412961657
6.1693863934 22.9018651992 29.1324929546
6.1420970271 22.7918702066 29.6546309937
6.0691916945 22.4521075977 30.3259895733
6.2807971050 23.1375915563 30.1168439667
6.2397968510 22.6055165586 31.0752006828
6.3020459888 22.3856529332 31.6672939116
6.3735036961 23.4786290852 28.2766028439
6.5065946116 23.8320247834 27.9498306717
6.3470273713 23.5032564722 28.8360825656
6.3161231917 23.0614774438 30.6953214880
6.2380131161 24.7183146624 33.4933817853
6.3119575689 24.4885921658 32.8287676482
6.3883337464 24.1051606833 33.1616270396
6.4108572161 24.1680876151 33.7356873633
6.4848459946 23.9869082674 28.4785188712
6.1907729308 25.1388932869 32.8466626025
6.3466811193 25.4355448579 32.0876511985
6.3538066296 24.7143974647 32.2987068725
6.0321754404 25.5648946446 33.5228596313
6.3507652497 24.6064975490 34.0974735906
6.2204232757 25.1730339733 34.1051167461
6.4313566954 24.8983236907 34.5204229241
5.9462630069 26.6216300069 12.8444737830
6.4919157179 26.2464547546 12.2979754769
6.4084474427 26.0332109493 12.7839958323
6.3846544449 25.9138252520 13.3804366085
5.9009819073 26.4477765619 13.8305180165
6.3793830344 25.8574836404 14.3450076519
5.9341283057 26.5920628186 14.8351831379
6.4439514421 25.9264594745 15.2995760399
6.1734056883 26.5441054453 15.6413676386
6.5112965258 26.1424821901 16.0527547762
6.1071169524 26.0299865032 32.8571717009
6.4830442369 26.3212319392 31.9705141360
6.1348512702 25.7331371365 34.1204160021
6.4187688746 25.5247446299 34.6346011418
6.1576307621 27.0053893515 11.9792685780
6.6008211357 27.1937526971 11.3180749007
6.6800769976 26.5364754384 11.7357952009
5.8103526549 27.3840931486 15.6524894783
6.2879922109 26.7839453618 16.3357267930
6.4302571731 26.6949203671 32.5959418244
6.8604996692 27.1201669915 32.0378824228
6.2392351240 26.6443956237 33.2602475770
6.2750486112 26.5686779483 33.8955816927
6.3575501334 26.1615090333 34.4071062104
5.9178238311 27.9976697870 11.4950573923
6.5274118782 27.9773116873 10.7654393780
5.4766766275 28.3987864512 15.3615482636
6.0706631415 27.4538762159 16.6293797019
5.6668064761 28.3601878862 16.6168705504
6.1662077240 27.7409398405 17.4518690225
5.8079487377 28.6552959106 18.0022896118
6.3288947073 27.9696606463 18.4581858803
6.0946568051 28.7417830759 18.9984502664
6.4364879301 28.2474918539 19.2336237546
6.8494464728 27.1649813383 32.9312753529
6.8200269388 27.0197315581 33.8092864946
6.0560385617 29.3274752370 9.6933361285
6.1815330102 29.5922910938 8.9891607585
6.7573258007 29.1177127028 9.1526088938
6.7174328255 28.5309542606 10.0000250561
5.8937724255 28.8871622555 10.6719274280
5.5364165957 28.8492406594 11.4181091479
5.2434308026 29.5732444750 13.4817542638
5.2789167060 29.3077749059 14.5670665003
5.3287586297 29.0976842655 15.7580286852
5.6786277667 29.4876911367 18.8366055993
6.3303780681 28.7628185543 19.6124698185
6.1182211451 29.4924047784 19.6837332018
6.4439082913 29.0622232473 20.0634247627
6.0717895724 30.3300399086 8.0074323098
5.9990076725 29.9481963617 8.5841252204
5.2061456560 30.2175045053 12.9311403926
5.2036407130 30.2119147014 13.6956522357
5.7621205432 30.3448148980 19.4143969779
6.4618484022 29.6357700709 20.3287086776
6.3015550753 30.4917744488 20.1994759360
6.8565459234 30.0270901558 20.8730050924
6.1512793809 31.5748282256 6.9298507127
6.3562550822 30.7405420461 7.4397607808
5.1217319427 30.7546308952 13.0088328177
5.8910577554 31.5579242482 19.5969921280
6.5327377531 31.4693072731 20.3887926287
6.7439076024 30.8801584504 20.7573905516
5.9286207169 32.3949846529 6.4549535970
6.1481299766 32.8740953885 6.0532828277
6.6680370832 32.0919462737 6.3312037749
5.4643438637 32.4904913737 18.9879897575
6.1011254154 32.7467543786 19.4959110713
6.5073386036 32.3199102845 20.0726780981
6.2059094704 33.6586240597 5.5383519967
5.8249055248 33.5175217305 18.9308825513
6.4148958369 33.5209491588 19.4454689565
6.5767849075 33.0299665997 19.8465777451
5.9129690611 34.6266994087 5.0326562895
6.6107766608 34.5345367377 4.7170697258
6.5474055859 34.0119035819 5.1099615835
6.0354637061 34.1649026538 18.7800592528
6.3185207822 34.0366091987 19.0822766430
6.0735600359 35.2447485651 4.4944048594
6.2659894234 35.8229921843 4.0120555424
6.7999105202 35.0908222003 4.2553347874
5.8535243510 35.7961385502 17.6745973773
6.2721751637 35.4425013288 18.1826263130
6.4747445398 34.6850807117 18.8101923191
6.3867610275 36.4435025631 3.5758128597
6.4349497197 36.1885869651 17.8463210596
6.0948194443 36.5562065193 17.3997417506
6.3264291769 37.7496427275 3.1284375672
6.5003150922 36.9661348661 3.2667084954
5.3496364724 38.1118894695 15.4874782297
5.7891695858 37.9550317992 16.2573630747
6.1500258233 37.4772700269 16.9315246603
6.5127651611 38.6868421521 2.9924795654
5.4093136239 39.0254669887 15.0559845532
5.8291501014 38.8098125062 15.8783658685
6.1825354059 38.6823469658 16.3980759691
6.3563577195 38.3055468171 16.7299911624
6.6848179032 39.7045387206 2.9961920333
5.5110610661 40.1157052788 14.8239869032
5.9192073408 39.8125579915 15.7171904231
6.2608863906 39.3416352614 16.3056122442
5.8991729063 40.2783419924 3.2024936647
5.8831163669 41.0379712692 3.2664624071
5.5706621305 40.9914949696 14.5000318561
5.8866632160 40.9204628726 15.4182616512
6.3546290515 39.9708048216 16.3099982439
6.2425370564 40.4754387524 16.0817485635
6.7721950034 40.4018825772 16.5873519318
6.0290867963 41.6365333927 3.2342618462
6.5439231691 41.7575039848 3.1169948541
6.4113203288 41.1524085996 3.1207586013
5.6490038228 41.6015190831 14.1007421873
5.8909925243 41.6606095710 14.8167928257
6.4328966365 41.1335879136 16.1223838327
6.3736900297 41.6573864506 15.9123826962
5.9222644913 42.3534859786 3.3132999945
6.5397245514 42.6797185176 3.1540893875
5.4715855528 43.0834948262 12.2311802006
5.7739971839 42.6994452271 13.0898110004
6.0648873007 42.3538158403 14.0137049641
6.5425320597 42.2952137878 15.0156957413
6.7702787111 41.9730118590 15.7528836143
5.9006721990 43.2854903311 3.4014121396
6.5658549341 43.6032693726 3.2345169854
5.4886536018 43.6785291282 11.5274678600
5.9514765223 43.7770690728 12.1435634773
6.1564264295 43.4952415686 12.8068226601
5.9871908026 44.1424522150 3.5416573111
6.6533707349 44.4060936612 3.4285251712
5.6637481226 45.2807362363 9.0970307378
5.9043349647 45.1298061358 9.9037429186
5.9827093519 44.8119700469 10.5926468877
6.1474304372 44.3926055227 11.5862480162
6.4218751681 44.1152394755 12.4601838554
6.0817626871 44.8250511243 3.8888818361
6.1952354618 45.4448677261 4.4844880133
6.1457775369 45.8163975388 5.1344631622
6.5690607030 45.8945371518 4.7626871639
5.9585687345 45.8962997095 5.9043917366
5.8521311066 45.9143855378 6.9723889392
5.8486795028 45.8036111266 8.1587138979
6.1260747132 45.8836602572 9.0015557567
6.2368411345 45.6815027651 9.6732703169
6.5766146695 46.1693144804 5.3700925209
6.5618465656 46.4437772918 6.3523832992
6.4024805204 46.4342090255 7.5469258793
6.4433179338 46.3722888794 8.5927387623
6.5204677330 46.1984809319 9.3688246287
7.5709235863 4.5604174152 30.7090745728
7.7538712630 4.5759948531 30.1964540669
7.7017337360 4.1788407718 30.5600005728
7.7862838050 4.0427535930 30.8612826153
7.6973985699 4.4558677780 31.0579892147
8.0874897492 4.0016768832 31.2084616727
7.5534281547 5.1828678644 30.4947893836
7.7582662248 5.4440968469 29.9830303609
7.6160601724 5.0136877403 30.9460225799
8.0041212868 4.6740894565 31.2684901516
7.6576974018 6.7500595711 26.2939812639
7.8471433800 6.6968025072 25.9782787584
7.7717537075 6.4224684553 26.2721062539
7.7865271737 6.4851246459 26.5023326303
7.6608595763 5.7386360868 30.3385525695
7.9951239395 6.1204050250 30.0032001435
7.6716999378 5.6210367635 30.7297474512
7.9506961540 5.3793699020 31.1110989184
7.6384813671 7.2603294275 26.2084813118
7.7999844630 7.5130983468 25.8212682623
7.7208561584 7.0181974483 26.5956692299
7.9050533953 6.0565812331 30.4548993641
8.0905596729 5.9473991529 30.8128431258
7.6629168988 7.8110145463 26.1411901031
7.8268148699 8.1287432753 25.9348503381
7.7235475464 7.7187353023 26.5248744493
7.7947203025 8.2199156552 26.3016357657
7.3668146725 14.1927523569 29.1182899250
7.3977102505 13.9577738168 28.5681442743
7.5247311378 13.5954440919 28.9451485889
7.5473205482 13.7612728447 29.4864046008
7.2592197544 15.1073994850 26.7098396133
7.4284314311 15.2154103763 25.7775127561
7.5401672865 14.4546450247 26.1904429134
7.4585230510 14.2524756439 27.0121073079
7.1948232236 14.9412817285 27.6483966930
7.3982371124 14.1006788272 27.9053353510
7.2216260637 14.7391472124 28.5902618902
7.2731442820 14.8311526145 29.3207415255
7.4422054769 14.4415380404 29.7789919860
7.1188658914 16.0999520884 26.3836191450
7.3356206798 15.9927170226 25.5047008934
7.0266813261 15.8716726187 27.4087883026
7.0374998890 15.7271352706 28.3886171604
7.1503709564 15.5521710106 29.2399763246
7.3276513836 15.2683621611 29.8992922551
7.4138629376 16.2475913002 32.3785864059
7.3693817173 16.2499104750 31.8351367292
7.5127444035 15.7111104592 32.1390000894
7.5521605462 15.8433319470 32.6587898908
7.1548988019 16.9035027298 25.6900825371
7.3960585560 17.2219687644 24.8225828817
7.4332553954 16.3952957961 25.0016132431
6.9507463519 17.0308019878 26.5376498131
6.8923573769 16.7925518457 27.2537942767
6.8644062505 16.6918377690 28.2016711080
6.9560373853 16.5999883405 29.3179692455
7.2030547864 16.0884448932 29.9702693825
7.2400313847 17.0269103840 32.2785746343
7.1846001991 16.8787982305 31.5677894659
7.4683130869 16.5886170829 32.9271223641
7.1034757962 17.9816306520 25.4610452682
7.3695059615 18.2234598409 24.6068496072
6.9139204032 17.7812633830 26.3192803852
6.7869353520 17.6586261707 27.1587169541
6.7403705733 17.4635660689 27.9150572124
6.6459168348 17.6854734081 28.9337883275
7.0707088586 16.7597758841 30.2126266383
6.7508831297 17.5605543642 30.2383444012
7.0930260536 16.9799414385 30.9058479568
6.8432708620 17.8737896810 31.5787642059
7.0936522619 17.9849720825 32.5417090827
7.3640356842 17.5421650182 33.0748697810
7.0564204296 19.1202086026 25.2712981799
7.3428530482 19.0673927858 24.4317164279
6.8499806134 18.7397071142 26.2204889800
6.7329783257 18.4093285875 26.9714409803
6.5571764549 18.4502140062 27.9888906943
6.7998372846 19.0816880938 32.5832401659
7.2393606616 18.5061993347 33.2191005793
7.1766197247 20.0171743600 24.6593633331
7.5146721236 20.3519459832 23.8497785162
7.5182049768 19.4912663184 23.9744241185
6.9158583617 20.1284392782 25.5024128914
6.7713937549 19.7760613890 26.2132890104
6.5797180345 19.3543956788 27.1949128237
6.5284136095 20.2600972007 32.6706174098
7.1589081647 19.2941725873 33.4347868117
6.9792514949 20.1451001234 33.5238489550
7.2908249557 19.7442269173 33.9734893247
7.1626931995 21.1318380059 24.4979239851
7.4860157173 21.3929049664 23.7302234369
6.9206180419 20.9702942004 25.3377053936
6.7282601436 20.7894032411 26.1739314255
6.5249995506 20.4790009472 27.0233054877
6.6839068149 21.3453743067 33.2786070920
7.2684256290 20.3251724396 34.2987485072
7.1123701912 21.1271439297 34.4090488797
7.3998434858 20.7288097802 34.8585124095
7.1463397262 22.1961950596 24.3909581791
7.4451840557 22.4009774167 23.6246979693
6.9178484274 21.9995425813 25.2525815817
6.7286009815 21.7988888789 26.1203183320
6.5238131134 21.5189674559 26.9493036455
6.4908908400 22.3983948287 32.5489104632
6.6945904061 22.4616239817 33.6202403670
6.9278512026 22.1487048549 34.3955744714
7.3801035881 21.3183657340 35.1888207157
7.2330338820 21.9876434354 35.1962353177
7.5409474112 21.7962602366 35.7501686453
7.1430135501 23.3164815260 24.2470460000
7.4292320235 23.1747023384 23.4842892359
6.9234745701 23.0725497723 25.1999652922
6.7519956214 22.8693819086 26.1272197380
6.5614707723 22.5653035754 26.9614122413
6.3372366388 23.4337946886 29.5561608890
6.4339096455 23.1672930815 31.5762413879
6.5068684283 23.2047968415 32.4477458588
6.5508934755 23.4181312763 33.3533116291
6.8040735009 23.1779717833 34.4413243992
7.1108470199 22.9326433899 35.2873607489
7.4806786073 22.6255297656 35.9945936508
7.5115919808 24.3557859632 17.5658145765
7.6221797340 24.1212477524 17.2670152331
7.6734676117 23.9673748014 17.6694673455
7.7003729699 24.1160983166 17.9191327335
7.3294070598 24.0433342399 23.6275810692
7.6815775175 24.2002878886 22.8951628586
7.6324547330 23.4909453414 23.0660626258
7.0773451811 24.3284674509 24.4356150369
6.9376477324 24.1249148405 25.1790135460
6.8076718448 23.9557427042 26.1205403801
6.6407736485 23.7244964395 27.1530178929
6.5613783673 24.3001607735 29.2611256355
6.4716071132 23.8522992176 30.5255071979
6.4941967362 23.9051386473 31.4512842007
6.4581731556 23.9364508413 32.3178985811
6.5946984807 24.1747775120 34.4182555842
6.9865264600 24.0695898404 35.4021549840
7.3573391366 23.6200783994 36.1270575400
6.9893751987 25.5534515390 12.7435943657
7.4197149294 25.4937026669 12.1102319211
7.8225377316 25.1085180309 12.4728444037
7.7147363684 24.7913680678 13.3849940427
6.9398848703 25.2954968027 13.8446661876
7.4891979802 24.6841509358 14.4137751466
6.9048151254 25.2556163611 14.8879450164
7.4330638414 24.6141180040 15.4307744746
6.9531133498 25.3504322443 16.0271112377
7.4977225069 24.4429869852 16.4368190634
7.2869186643 24.9896149756 17.1670063950
7.5305187955 24.6933621118 17.8530673409
7.3852887980 25.1633569241 17.7069701410
7.4480412495 24.7922724549 23.3573899600
7.7314332786 25.1120276285 22.7921969005
7.2196838055 25.1039572371 24.1389363088
7.0075689733 25.0921471615 25.1083598838
6.8928320290 24.9698077812 26.0302129431
6.8189935960 24.8507183058 27.0204430479
6.6946401654 24.6195073323 28.1227608324
6.8752211823 25.5081909570 29.1016228693
6.6689747775 25.0526253189 30.2699302181
6.4990667501 24.6633980338 31.4383015648
6.7214697074 24.9902999198 35.0859740046
7.2921364417 24.4310229037 36.2315765191
7.1380505351 25.1464461959 35.9555151298
7.4504709710 24.9643464269 36.6470671299
7.0347839235 25.9543582424 11.9452159091
7.3034043576 26.3913775245 11.3400938996
7.5227978288 25.7451565748 11.7040497137
6.7977890079 26.1694094903 16.9890478777
7.2327293141 25.6645080382 17.6673322370
7.4984418943 25.5625807219 23.4892621792
7.3515198550 25.8939747067 24.1417108042
7.1875484619 26.0417535152 24.9584128571
7.4778059888 26.5417844869 24.4159692297
7.0239900207 25.9110366877 25.9227083198
6.9578361859 25.7179237349 26.7470014931
7.0099589230 25.9047114159 27.8339746065
7.1098217235 26.1906249776 28.6957889818
7.0864338216 26.2771043917 29.2792045940
6.9177613526 26.2152671829 30.1099819598
7.1820027533 26.8727191459 29.4970115751
6.6152776448 25.7499523662 31.1687966363
6.9001259281 26.0081845395 35.2881627636
7.3001692708 25.8894795326 36.1410068761
7.4584835114 25.5140838341 36.6086010943
7.2279412922 27.2687114804 10.7252186132
6.4075157277 27.0402927780 17.0579882489
7.0487967204 26.3117775341 17.8456191012
6.6812980086 27.0514588626 17.9138097750
7.1312230609 26.6279811991 18.5697829583
6.8121633880 27.5179837323 19.0894553957
7.3049671838 26.8382979596 19.4896143940
7.1063149457 27.6234035024 20.0075997311
7.4404505773 27.0936192098 20.2507319807
7.4090321199 26.9538334322 25.1634842910
7.6883622777 27.1758057643 24.6116951605
7.1970545927 26.6720282869 25.7827962432
7.1806294911 26.7437457851 26.7905897953
7.2370773712 26.8175864817 27.7052999144
7.2199630415 26.5937309380 28.2713816365
7.1615308339 27.3417895586 30.1847330938
7.2804433972 27.4709820024 29.4689434234
6.8564496613 26.7748594116 31.1255787234
6.8099246515 26.6898981450 34.5696339266
7.2709407840 26.7466628592 35.2605410381
7.4591362107 26.4716401786 35.9684357271
7.0159693812 27.8896156286 10.3771588407
7.4008216950 27.9485886782 9.9919314341
7.3471124128 27.6207423738 10.3395110444
6.6940365599 28.3625906051 19.9087769778
7.3403616101 27.6664687204 20.6091468812
7.0903939482 28.3171776692 20.5918490649
7.4317113518 28.1061629193 21.0679146392
7.7452153771 27.6608792427 25.1695535403
7.4641546928 27.4919916058 25.9954877710
7.9405476385 28.3158266063 25.7434262758
7.4430728714 27.6432732371 26.8042396608
7.3762916525 27.3837471969 27.3738994094
7.3656982756 28.0016996487 29.5586655030
7.5921205478 28.3912992049 28.9252407792
7.4125081077 27.8476146271 29.0716692488
7.4387050006 28.2272183344 30.1738398837
7.3553148497 27.8016389775 31.2244293729
7.5938130630 27.7248355228 32.3782732593
7.6516507644 28.0312481287 31.7695748501
7.5969554898 27.4389998569 33.5395439364
7.5506384673 27.1667124046 34.6677567568
7.8190052598 26.9844067369 35.7027956121
6.6580112332 29.6835630553 8.4089622399
7.3679817199 29.6929440946 8.0070637923
7.4970330294 29.1845468753 8.5564549779
7.6160684668 28.4765396776 9.2999844795
6.7780512154 29.0828959047 20.5443079424
7.2917696008 29.0563701498 21.2141162202
7.6832778295 28.1273857207 26.4803942605
7.6056317065 28.6138086705 29.4851475410
7.8877236600 28.8823820073 28.9050267004
7.7212479533 28.7640873995 29.9444819978
7.8534097019 28.5871305573 30.5757467516
7.9482620837 28.2988318259 31.3780227957
6.8670585806 30.1794792384 7.7199782903
7.0856420077 30.7583945550 7.1550163245
7.7241095352 30.1158217327 7.5052884812
7.3835164749 30.0239768292 21.4719107966
8.0508016802 29.0677202781 29.4187449876
7.2405543022 31.3802563254 6.6396274099
6.9357042710 31.4280926400 20.8606812257
7.2385701581 30.9143174543 21.2681436232
7.1707015332 32.6822382687 5.7949859483
7.4335412748 31.8682718523 6.2367124475
7.2768698769 31.7224317770 21.1171998668
6.9603743811 32.0776055608 20.6518422434
6.9445263896 33.4606359124 5.3277305991
7.1830045631 33.8862724316 4.9437890113
7.6902274973 33.2232699511 5.2720556207
6.8320289314 33.5181343823 19.8325003101
7.0534539080 32.9833177656 20.3381360421
7.3258339526 34.4254238980 4.5146470198
7.2268035387 33.7884534148 20.0639503677
6.8635177602 34.1747482289 19.4670581301
7.2390493591 35.6816000564 3.7590451081
7.4652881176 34.8962972112 4.1535166112
7.1535987437 34.9203317035 19.2159120292
7.0975953323 35.5534883064 18.7322500665
6.9643679003 36.4701624091 3.3617212927
7.0986887071 37.0322665297 3.1250763309
7.7034432755 36.3255271681 3.3347896581
6.7743374960 36.7414887465 17.7802395256
7.1081413988 36.3866322300 18.2252508910
7.2309074842 37.8100279522 2.9623098139
7.2768111899 37.1537732045 17.9419853701
6.8298697427 37.3849850580 17.5220847080
7.4078377470 38.6875848483 2.9126748697
6.6246890507 39.0290208738 16.7535393918
6.9622831728 38.4025314314 17.2289396392
7.5607450916 39.4860656326 2.9502573196
6.6533646938 39.7082698724 16.6460431734
7.2813593550 39.6749986145 17.0763652532
6.4125985091 40.5805404989 3.0927172973
7.2279187660 40.6616207272 3.0465159667
7.3287483764 40.4679777425 16.8837766040
7.2215104124 41.9218255537 3.1003615710
6.8323692833 41.5850978506 16.1594184942
7.2569347796 41.0840987486 16.5692932052
7.2085329547 42.9370153216 3.1472716482
6.3607792434 43.1618223061 13.4946715270
6.9069786903 43.1826534932 14.1940897035
7.4620200936 42.9425881844 14.8890030669
7.4636647587 42.3752798659 15.4895211969
7.5714082861 41.7966392759 16.1333961358
7.2194553551 43.8435203130 3.2461223550
6.8970550602 44.0023405523 13.2849221761
7.5357975003 43.9204837471 14.0157215740
7.6181461007 43.4811919220 14.4813359924
7.2404185235 44.5210605425 3.4232526953
6.3540303652 45.4182643580 10.3254060678
6.7507016918 45.3464879837 11.1651001669
6.9691076670 44.8078987644 12.3442462468
7.3974513155 44.7144309855 13.1056744057
7.5780047869 44.4190815469 13.5884813880
6.8984389323 45.1068006367 3.8147161725
6.8841314824 45.6830808814 4.3169276072
7.6644978903 45.5833000747 4.1238238136
6.8914262506 46.1585389190 10.2081780330
7.4868781432 46.1866260517 11.1075667349
7.5098418145 45.6548386942 11.8880767849
7.8353446077 45.2992785890 12.7435705475
7.9160252386 44.8491000145 13.3774497377
7.1494486766 46.1176056828 4.7451345457
7.2319550776 46.6264320000 5.4942569948
7.1444838257 46.9084271156 6.2043303262
7.4426400960 47.0100343761 5.8525745830
6.9783682691 46.9579950564 7.0306866592
6.9132893420 46.9507247059 8.1182336907
7.0202285842 46.8129645969 9.2506398103
7.3849699521 46.8784678033 10.0342397715
7.5610430541 46.6843050937 10.5777349827
7.6494992149 47.3672840695 6.3829173160
7.3950185928 47.4608237238 7.5917235781
7.4441999583 47.4728803090 8.6367374775
7.7872146651 47.4649234002 9.6712262072
7.8613825248 47.1458695735 10.3675429201
8.0755674767 3.7218980470 30.4359856469
8.5179663943 3.4367848817 29.9429964391
8.4952575472 3.2000809159 30.3722538226
8.5406048952 3.1585628467 30.7435647141
8.1712555860 3.5881164416 30.9512470339
8.7365399135 3.3198656996 31.2077273131
8.1851607499 4.1191890703 29.7508446032
8.5032655488 4.4508208282 29.0458957161
8.5267903369 3.7952600084 29.4980314558
8.6732341600 4.0662085915 31.4314822222
8.1561784701 5.9303933115 26.4049456433
8.6859397373 5.4037172191 25.9097043400
8.6945184796 5.1380946463 26.4988343609
8.5368892952 5.2646060858 26.9320109967
8.3011982550 5.7226548394 27.1049550278
8.6288556121 5.1439134748 27.5503281112
8.0433333235 5.0044355577 29.5225566458
8.2928734879 5.5798106059 28.8915633673
8.6302411390 4.9544989699 31.3716355831
8.3473442388 6.1440266822 25.6562476930
8.7861111171 6.3372285141 25.1267935684
8.8378387762 5.6614485780 25.4017953221
8.0245323293 6.4803639060 26.9998280507
8.3332707731 5.9574987313 27.6493080184
8.0913265367 5.9324877885 29.4513338089
8.3502978019 6.5668491576 28.9211761724
8.3625211015 5.6425135659 31.1345129702
8.9629761473 5.5384583574 31.1816267994
8.6212245574 5.9927288575 30.8860309694
8.2033593050 7.0072338502 25.4378126366
8.7229708413 7.3153938621 24.9222500795
7.9562082784 7.4315530073 27.0549075908
8.2254373100 6.9313586247 27.6768299826
8.4317426308 6.7691311857 29.5464618231
8.5684662557 7.3128573630 29.0532937521
8.6495773552 6.4829525715 30.3003872384
8.8962539656 7.1919279423 29.7856067843
8.1848280689 8.0451854786 25.4377846202
8.7432151657 8.4386805708 24.7735542819
8.0222651489 8.3491435752 26.8471301520
8.2569666818 7.9584964718 27.6184446142
8.8129274541 7.4961752345 29.4135103949
8.6527328482 8.9045761612 39.3278089615
8.9277679243 8.8588712564 38.8606905278
8.9296519973 8.4194049359 39.1231726091
8.8116200910 8.4882169262 39.4592823869
8.3762344382 8.8911846747 25.3723417822
8.6376419941 9.3619265473 25.0318278560
8.1086624584 8.8008896591 26.1034714940
8.2351083773 9.0839911724 26.8262931689
8.3414749561 8.8645738335 27.4352879862
8.5824090014 9.5497113623 39.2151058108
8.8863511995 9.5836190723 38.6038672544
8.6590856154 8.8824554153 39.7400907527
8.5478792274 9.5778835178 39.9793725759
8.7510475742 9.1053259978 40.1997075341
8.4363385329 9.5976363641 25.7232743842
8.3689109048 9.6233896323 26.5350756678
8.4102110742 9.4807700498 27.1722943665
8.4334574945 11.1828046215 29.5194780158
8.4682009545 10.9290383976 28.7069943782
8.8402726033 10.2153371559 29.3151583166
8.7976323310 10.6675697033 30.0423673491
8.5785366725 10.1508679221 39.0303021192
8.4267375315 10.4980345738 39.8335842645
8.5673503317 10.8784971591 39.1950324299
8.9061015987 9.6648362825 40.8810198546
8.5060525903 10.5790520615 40.9121822399
8.8283100568 10.3804898546 41.5300801150
8.1574674790 11.8840654086 28.5662735590
8.2767780364 11.7609632540 27.6076119171
8.3982911029 11.1881643783 28.0082721138
8.1254152707 12.0382289683 29.5927559338
8.5735465263 11.1356610616 30.2555354004
8.3223329091 11.7209169261 30.2418160440
8.5649845626 11.4361245596 30.7530962362
8.5022620992 11.9846699501 34.2379373114
8.5214774904 11.9546590088 33.8434470863
8.6790269821 11.5849374326 34.1722070355
8.6842117630 11.6843524716 34.6158494571
8.4541884452 11.3952836278 39.9295374810
8.6539400745 11.5259376667 39.3915297612
8.3937568708 11.4164704884 40.7488056963
8.6095161447 10.9326006843 41.7350041987
8.4570306294 11.5659987959 41.7123708669
8.6361283092 11.3522535927 42.1952075236
8.4229170639 13.0577294138 23.5096054059
8.6027660967 13.2061497118 22.8972115681
8.6760275424 12.6116719967 23.0801303557
8.5612843805 12.5275945853 23.5675430870
7.9971655362 12.6479175526 27.4980039398
8.1943824379 12.5764479136 26.4902877375
8.3047200075 12.0089686350 26.9342820364
7.8877638905 12.6645445774 28.3922466775
7.8110486466 12.9317056613 29.2499316696
8.0597077986 12.6662714760 30.4527043465
8.3778059922 12.0393564180 30.9895286111
8.3177349033 12.7466967614 33.9633596362
8.3332771919 12.6607608635 32.9573938872
8.4891632389 12.1554715184 33.3494387452
8.5101951180 12.2013219295 34.6193007207
8.3969678866 12.5924957177 34.5428869337
8.6406029587 11.8925976473 39.8892369544
8.5623616864 12.0251688378 40.5570126564
8.8759651256 12.2661901347 40.1951664616
8.5491967966 12.2883780325 41.5186234002
8.5825145291 11.8687738597 42.3816391384
8.5423904604 12.3428467435 42.2696339760
8.7542222376 12.3450569879 42.7089935403
8.3245830794 13.7351201417 23.4400613146
8.5016040785 13.8457817134 22.8970086221
8.3956357193 12.8530363306 24.0145248164
8.1852989026 13.5382056599 24.2865555285
8.3363343521 12.8479057752 24.7030863608
8.0846008246 13.4032902987 25.2318642580
8.2591827390 12.7495017421 25.6304188586
7.8679396860 13.4947921190 26.3290743140
7.6573499103 13.5472086746 27.3962255673
7.6470568058 13.3201239336 28.2768893155
7.7135898215 13.8043233339 30.3182817603
8.2195784285 12.6707458724 31.3435639552
7.9642713040 13.5640942723 31.5244056653
8.2675736667 12.8008756719 32.1408738696
8.0706633587 13.6129422446 32.9097497946
8.0802771409 13.8993901932 33.9481218829
8.3496857962 12.9542949696 34.6773860221
8.2301754871 13.7167618167 34.7561903118
8.4297638557 13.2443666275 35.2207534070
8.3746683356 13.8737596817 35.4489743687
8.5728599554 13.5559651893 35.7382584922
8.9964697845 12.5841415171 41.0272679317
8.8629980437 12.8314028603 41.8317294628
8.6829114506 12.8242867314 42.2592375867
9.0149146250 13.0918558823 42.3316697424
8.7207384894 12.7818155546 42.6227248284
8.3372941519 14.3096627175 23.2405333158
8.0752104730 14.5738867535 23.9977630247
8.3093002499 15.0210214849 23.2473835099
7.8158699516 14.3049677733 25.2182404440
7.5238127558 14.8729104595 30.5340591142
7.6990872747 14.5123436985 31.2264568130
7.7355716131 14.9079019876 32.3633036159
7.9018756867 14.7826475839 33.6093109791
8.0511856933 14.7300902034 34.5941803913
8.2939858828 14.6709060380 35.4880014192
8.5587743274 14.1935022860 35.9437747408
8.8733932857 13.0550253297 42.6155512355
8.0179659603 15.6640828955 23.8231577470
8.3002700978 15.7870216532 23.1670907487
7.6690210253 15.5009821273 24.7919359171
7.3833827224 15.7530419428 30.5897362344
7.5216212877 15.4635048403 31.4103677455
7.7057135210 15.9372780830 33.4540530567
7.9188683733 15.7141010147 34.4369228693
8.1509485607 15.6513719900 35.2949074221
8.5763405503 14.8721403576 36.1123088322
8.5081340518 15.6104419234 36.0117086395
8.9479628839 15.2702393663 36.4353393625
8.1208934446 16.6341791393 23.4206210477
8.5824139988 17.0300846816 22.6535441171
8.4893731040 16.2104080938 22.7646832712
7.7107394332 16.4722756658 24.3019511007
7.2474847068 16.4084696576 30.5733679329
7.3260976606 16.2981311976 31.1576563400
7.6222478414 17.1220133049 33.7160477791
7.8592537683 16.7604451886 34.4609850266
8.0556298932 16.4665923236 35.1250335309
8.4159855198 16.6699070194 35.8695518593
9.0412211167 16.4063987665 36.4409853050
8.7568171928 18.3075530457 5.9713183268
9.1662337026 18.3801071893 5.1243831842
9.3275197450 17.8702014098 5.4193234901
9.0224569527 17.8839187401 6.4744522543
8.5684112680 18.3329458924 6.8213233379
8.8599356911 17.9733394787 7.2628687413
8.5623233905 18.3747638354 7.5222088734
8.7948586271 18.0989809418 7.7527650504
8.1587001170 17.7465137928 23.2446906629
8.7666464765 18.1235263263 22.5792524899
7.7258592253 17.4729195562 24.0147698544
7.5481481326 18.1584756033 33.8494344589
7.8353442310 17.8502302051 34.5812793148
8.1545359360 17.4982334375 35.3880953126
8.5337564393 17.6177450306 36.0544664151
8.8697072615 17.3140481373 36.3400407250
8.7153519963 18.8168848939 5.7816944857
9.1155916339 18.8608789818 5.4111319328
8.4721208998 18.8758261811 6.4984312092
8.4369687808 18.9179212785 7.2779335281
8.7085317062 18.3778741520 7.9444348429
8.6199467389 18.8381146893 7.8895902197
8.9999456668 18.5971094790 8.1983686431
8.2080896132 18.6087170892 23.1130432276
8.5683022451 19.0705291251 22.7728828992
7.7295100606 18.5816021017 23.7891707263
7.4386549373 19.0833301096 33.9560026782
7.7653265811 18.9201759228 34.6824164114
8.1254201473 18.6432500189 35.4157589982
8.5085434779 18.3797869970 36.0093838507
8.8914804033 19.1988834128 5.7954600226
8.6128137366 19.3519965824 6.2752947349
9.0043994290 19.6398923790 6.1560412600
8.5233885212 19.6061026219 7.0469729113
8.6286817511 19.5211740494 7.7732000656
9.0197128576 19.2676114527 8.2342541984
7.9853883740 19.5308227084 23.2991697525
8.6217659254 20.0167406876 22.6468856915
7.5671384016 19.9399023679 34.7157055853
8.0883304118 19.8389951365 35.6609290526
8.5279325339 19.2773492284 36.1308860628
8.7459552108 19.8563765757 6.6358064410
8.8280584464 20.2684874732 7.1442474701
8.7813776869 20.2105783367 7.6621877251
9.0245562269 20.6981953215 7.5668388914
9.1031497918 20.0562365695 8.1520164969
7.9583843244 20.6815364712 23.1652609922
8.4243425945 21.1532628947 22.6031152686
7.7341283671 20.9507017438 35.6224406545
8.7384119441 20.1331248142 36.5730219022
8.2982075931 20.9133638254 36.4571619722
8.7702485301 20.8949775052 36.9936011012
9.2398179464 20.7503522212 7.9707205184
8.5469596146 22.7175926017 18.7700449290
8.6974234586 22.4230464133 18.2876229455
9.0206695516 22.1336904809 18.9032698489
8.8731044493 22.4342647276 19.2663230534
7.8790397647 21.7465540442 23.0759571071
8.3047638031 22.2275157921 22.4980371487
8.0367048623 22.0624581926 36.6475143621
8.6240652557 21.5154612524 37.1581217454
8.0940215639 23.3986764155 17.9303265291
8.4810430632 22.9653019698 17.2770463603
8.5333047427 22.6990109903 17.8176771509
8.2860859449 23.3900734598 18.8175779331
8.6470192211 22.9700935669 19.3598233709
7.7772754742 22.7229633706 23.0093598622
8.0886923627 23.3880068445 22.4440700735
7.7939268114 23.3184347190 36.8422429911
8.7950929765 22.2238057486 37.6826093896
8.3309561668 23.0653124895 37.5762904279
8.8353078973 22.9500745318 38.1733848428
9.1731181300 23.9547738145 7.4340604950
9.3956433547 23.9494397283 7.4005689533
9.2965424411 23.7123744754 7.3878679406
9.3304807390 23.9484021660 7.6033740551
8.1414208503 24.2469707861 14.0726032185
8.3732491401 24.3464315194 13.4746531294
8.6813698830 24.0464893366 13.8461975568
8.7522942350 23.7469454270 14.5460916373
8.0183638970 24.1046864119 14.9582372498
8.5575466043 23.5252913630 15.4863681526
7.9540590775 23.9372883708 15.9198072636
8.4756723168 23.2825618485 16.4029873367
7.9763978609 23.6812345896 16.8678360446
7.9355584783 24.3049652758 18.6123890035
8.4110775976 23.7538036868 19.4345537732
8.0276415379 24.4531885629 22.2348878970
7.6215314466 24.3175000327 36.8619167772
8.1462773530 24.1764573985 37.7877165157
8.6337267702 23.6010226780 38.3043013341
9.1979128389 24.1165476896 7.5112049076
7.8760579539 25.3855316628 11.9092841038
8.0841699657 25.7590904317 11.4387652881
8.6153411844 25.1394309521 12.0541723420
8.4650778459 24.6523579347 12.8899528971
7.5418938210 25.3087834119 18.2858771483
7.8601196324 25.2872860690 19.2160499960
8.2121052218 24.5996730377 19.5833091650
7.9986044484 25.4409407498 22.0202868884
8.1808799233 25.2424315494 21.3005897364
8.2337298392 24.7196540645 21.6346131327
7.8567935988 25.3612459758 37.4146941977
8.7164821785 24.3047018087 38.8072366737
8.3703903440 25.1986151075 38.6397180867
8.7526141358 24.9561845003 39.2765527433
8.1133885317 26.4810237062 10.7283132855
7.3136255885 25.9992113559 18.2307087755
7.5077407063 26.0403414222 18.9553202131
8.0941069440 25.2652923223 19.9282390568
7.7689627487 26.1563706590 20.0868709978
8.1571647576 25.3705439700 20.6215250490
7.9668850455 26.0956546972 21.3005155890
7.9477418515 26.2093163327 22.0519504044
7.8609239844 26.3074504613 22.8828765610
7.5862543688 26.2382326831 23.7496473403
7.2505675299 26.7419401686 28.8335821794
7.6723422517 26.0987530273 36.7161826682
8.1783160246 26.4102542767 37.4479750656
8.2914386594 26.0582312988 38.3760078710
8.6834271084 25.4314066441 39.3865790457
8.5694405915 25.9271446805 39.1752164290
8.9567958105 25.7286494004 39.7218630024
7.8250339668 27.3052102121 10.2072365548
8.3341788362 27.2127908916 9.8250042261
8.3969962006 26.8000161578 10.1234953041
7.6738167758 27.2028558842 21.0257192789
7.9426837100 27.0296898453 22.0478290150
8.0992010341 27.2290459011 22.7836434513
8.0919453493 27.1539848050 23.2813846680
7.8566058393 26.9532532861 23.8660326195
8.2096762989 27.6209097231 23.7363437950
7.3958856695 27.3071657135 28.1468604653
7.3569994831 27.3574866813 28.9290966122
7.9710813072 26.7083561302 36.5408036138
8.4395191865 26.8544273338 36.9679990278
8.7743025265 26.8224317358 37.5796390670
8.5774858082 26.6590716651 38.2938702677
9.0811519586 26.8945351676 38.2499741570
8.6324055523 26.5034623551 38.9870223606
8.9321458622 26.2908325825 39.5177126016
8.0349694204 27.7423122809 9.6644068337
8.5408339561 27.9802474452 9.1775816378
8.6004395447 27.4001660802 9.4949910271
7.7968794642 28.2585180672 21.7825098216
8.1623089417 27.9524324666 22.5746171993
8.0805989228 27.7856457954 24.4360388983
8.0820294966 28.1799615254 25.0541533293
8.3078114601 28.6910156383 25.2146277298
7.6932919960 28.1674564983 27.3819609878
7.5617166114 27.9958371357 28.4320176182
7.9645248726 28.1182441503 31.9539922952
8.2947131832 28.0210276854 32.3174778711
8.6555654563 27.7194435359 33.0570870842
8.4212408935 27.4433203330 34.3177777235
8.3905848585 27.2597146003 35.3654738432
8.4292870250 27.0628015563 36.2672849079
8.9185656777 26.8544727022 38.8445557724
8.9801734881 26.7012894042 39.2934885887
8.1583188849 29.5012871360 7.9859819956
8.5500666141 28.7810301845 8.5969236190
7.7924102822 29.4853227833 21.9388251206
8.2065902201 28.9373469737 22.5684412047
8.0808600626 28.7485342148 26.5277615114
8.4391605192 29.1384721961 25.7788763974
8.2021391212 28.9616436828 27.2366797221
7.9820721412 28.7672491757 28.1402791652
8.0353213617 28.9837740542 30.0155307436
8.3193620753 28.9530279326 30.2943292964
8.5996318218 28.6811415690 30.7924169821
8.5963774728 28.2934939810 31.6957547292
8.2111099512 30.7977250973 6.8940659284
8.6929167265 30.0221779314 7.4563998691
7.7802195900 30.5450642709 21.9251529460
8.2258906523 30.0115492286 22.6101420088
8.7164953873 29.4961696545 26.6285726803
8.6828664379 29.3366307776 27.6054014370
8.4813202737 29.2243667992 28.6140485612
8.4986425435 29.2695319466 29.2103707167
8.5194433773 29.1754824733 29.7223372647
7.9189488944 31.4313130988 6.4355080651
8.1827443765 31.9602541666 6.0603232756
8.5201550781 31.3636669794 6.4328542427
7.7594054914 31.6565558471 21.6922498180
8.2072236416 31.1018595791 22.5063336978
8.7085834110 31.8827806070 24.8432253709
8.6911311861 32.0254995822 24.4729507415
8.7249896707 31.4494027626 24.7392309369
8.9083418272 31.5024344675 25.1096133453
8.1561681310 32.6206417323 5.6177467510
7.4769161465 32.4621962511 21.0434245793
7.9745137553 32.6767238934 21.6037673207
8.2389182472 32.1124604142 22.3165172797
8.7204794475 32.4360999384 24.6281181244
8.8218320453 32.7163141517 24.3555157793
8.8676646183 32.0814770782 24.9717147993
8.0797951847 33.8290938100 4.7641752504
8.6461004505 33.0849767416 5.2412808876
7.7473523309 33.5850109736 20.8152746491
8.1707026693 33.3504158483 21.6176737539
8.2945912454 32.8648119579 22.1049145922
8.7586473164 33.2560284210 24.1354181194
8.6587299532 33.6072020188 23.5271313944
8.7818396465 33.0996115093 23.9863838091
8.9547710079 32.6843320012 24.6819885044
8.9882499700 33.3367870693 24.3048406560
7.9227714547 34.4494342669 4.3383186517
8.1127186712 34.9464044903 4.0118177298
8.6566021804 34.3123525757 4.3575239976
7.5657166232 34.5796656212 19.8959397597
8.0880368042 34.6334786978 20.5880864042
8.2719050663 34.0936489695 21.3806975986
8.7760136473 34.1172262256 23.4289584554
8.7990930644 34.5513498988 22.7922497680
8.6569587427 34.0716392240 22.9716574348
8.9901057958 33.9297421323 23.9140116524
9.1389544750 34.4873282722 23.4981507689
8.3608887605 35.6207458357 3.6483124592
7.6758476579 35.4748557518 19.3107650163
8.0827104255 35.3198012146 19.9446439549
8.3706045986 35.2557964484 20.4840610309
8.4341265458 34.8463380107 21.0572732905
8.9934256078 34.7032911617 23.0572689013
7.9418013630 37.0239104188 3.0836029245
8.6101223547 36.3362815307 3.3338888550
8.2428162970 36.0506593543 19.4588101612
7.7708389702 36.2703092646 18.8286763012
8.4856943644 35.7757736886 20.0700698816
8.1292951883 37.8136474904 2.9735576955
7.5648859990 37.9376949302 17.8258178564
7.9409931087 37.2373170435 18.4034604519
8.3311974092 38.6923859232 3.0070397904
7.7962237050 38.9229021616 17.6334779888
8.4099731236 38.3893596972 18.1849803522
8.1461772641 39.6967206237 3.0631710128
8.0471468431 39.6832316152 17.4801049173
8.4140774646 39.2406333993 17.8309276871
8.1476363991 40.3900504808 3.1539437631
7.9781015751 41.2010217126 3.1976588215
8.7198336382 40.5309323106 3.3580268439
8.6580601892 39.8345541853 17.5931895308
8.0468244147 40.4929879293 17.0602940767
7.9201448741 42.2156235463 3.2510119127
8.6877619163 41.4721715032 3.4564612282
7.9857912752 41.2880080012 16.5981732009
8.7115990645 41.0942924402 16.7008018316
8.3961406054 41.6508426615 16.3034339461
7.8805741311 43.2164416491 3.3188076304
8.6270670700 42.5081070116 3.5333525279
8.4746731441 42.2300350726 15.7502075640
8.1238746891 42.8000257339 15.2316937172
7.8270946229 44.1473075133 3.4503733722
8.5447811380 43.5553027853 3.6305462632
8.0342722953 43.8488944435 14.3687824470
8.2389601070 43.3792031407 14.7764003597
7.6211897681 44.8577355181 3.6528746892
8.4850494549 44.7148875243 3.8729662256
8.5323807070 43.8783243264 14.4474571326
8.3254639771 44.3874760514 13.9422343552
8.5995558521 45.7910075664 4.2501255116
8.0278849342 46.2717063232 11.6485192977
8.2020534160 45.9495054975 12.2404392390
8.5057869771 45.6924963743 12.7503565528
8.6554222966 45.1689231030 13.3044924720
8.0422272070 46.4985699446 4.7543039058
7.8352732891 47.0277281727 5.4584375016
8.2445489494 47.0246731898 5.0814357153
8.7609362334 46.5300967131 11.8826419365
8.3562301109 46.9628466278 11.0833207505
8.8229843939 46.0842528618 12.4440612125
8.4797090478 47.4455565004 5.5130145893
8.2974579925 47.9175734783 6.3422972006
8.8115324448 47.9544250914 5.8622499123
7.8702248489 47.8902357816 7.2369719457
7.7202944667 47.8581883276 8.1187662088
8.0315324266 48.0147961528 8.9987377527
8.6019128802 48.0376592623 9.9219799109
8.4028022338 47.5816061362 10.3911932047
8.8733514158 48.2430952696 6.2840550839
8.3797034773 48.2053210647 6.8903204860
9.1076517399 48.4140844502 6.4986335058
8.0242449368 48.1376549370 8.0665095798
8.2882442477 48.3157006149 9.0155641863
8.5215128355 48.3177746622 9.4768166312
9.0390721787 2.8359414832 30.2852535162
9.5163885926 2.6750607508 29.7708883737
9.9276060359 2.3321160771 30.2494311035
9.5124309722 2.4866175154 30.7496334670
9.0345516341 2.8055543899 30.9008739452
9.5190201941 2.7257579238 31.1591359247
9.0502671197 3.3816003955 29.3466780181
9.7528452923 3.3076036710 28.7822569305
9.7018035189 2.8314140871 29.3373012959
9.4904929884 3.3325743791 31.4433109845
9.2324580157 4.7389730830 26.2256412394
9.5661675180 4.6505854743 25.7278757360
9.9688742112 4.3646881568 26.1936186462
9.6786871914 4.3416189857 26.8104683388
9.0982138962 4.2295165597 28.2178738266
9.4441350681 4.1648084204 27.6787547001
9.9447239168 3.7968804725 28.0009626257
9.4779601631 4.1428042644 31.5177301814
9.1923590179 5.0865840363 25.5575633453
9.4447268908 5.5183554824 25.0831731145
9.6294368598 4.8722393462 25.3650730164
9.1003229897 4.6057975629 27.1488066531
8.5272396627 5.2590991165 28.2639982742
9.4918712928 4.9048964512 31.3971222808
9.4783148315 6.5031245879 24.6439811842
8.3649811972 6.2877778860 28.2928544964
9.6017825134 5.4007293660 31.1768093592
9.4039826273 5.9712927937 30.8017016345
9.2583217201 7.5585419235 24.4402166257
8.4609017432 7.4186715546 28.4007497962
9.7197382320 6.6082412673 30.3156778694
9.3595487883 7.1270205983 30.0084901114
9.2491571885 8.0545613965 39.4538358803
9.3793082452 8.2454211818 38.9235547967
9.8381333726 7.7590918372 39.2735682198
9.7781751949 7.6690345670 39.7796721470
9.4246784004 7.9898965999 40.0529267027
9.8007677348 7.7383833324 40.2050540232
9.2591730961 8.3394945336 24.2578463127
9.7091642256 8.5029169389 23.9053793284
9.6597026826 7.7743421463 24.1131068716
8.5636743753 8.5620807554 28.1917945566
8.8790583680 8.1747530276 29.0314488435
9.4313520980 7.8538183520 29.6846590603
9.5555625607 8.9472233823 38.4508079399
8.9794333284 8.5153600058 39.9672949113
9.6710828975 8.0083500061 40.4406725391
9.4033718401 8.4479213335 40.5109448450
9.9377732679 8.3503193258 40.7927887411
9.0790056755 9.4505349288 24.2841229028
9.6739614611 9.4462080127 23.5160031812
8.5560306260 9.4740444673 27.8234768605
8.8290301181 9.3195688447 28.7173458295
9.5136274966 9.1215087152 29.7076540681
9.2384280882 9.9594583944 37.9060566594
9.6803637523 10.1581426196 37.2296082687
9.7217625609 9.5963384733 37.9136130801
9.0751187405 8.9562120807 40.5466975388
9.6692577696 9.1194920602 41.1806132388
9.2262101725 10.5741670498 23.4893804465
9.7063026920 10.4420088661 22.7765007234
9.6482681008 10.0106495118 23.1417376064
8.8926747463 10.6252204335 24.4308372186
8.6974149646 10.2709089416 25.2231192018
8.5325705061 10.3310864501 26.2532093995
8.5094577856 10.0973069086 27.1632353076
8.5917258222 10.3341644228 28.1208727155
9.3680040102 10.1590780668 30.3609957936
8.9473942801 10.8696335067 30.8182314373
9.4906593974 10.5246897274 31.1472397911
9.2842960186 10.8842155068 31.7179397990
9.8448658026 10.6168367768 31.7894400442
9.3171806240 10.8461560633 33.6244648192
9.5521565990 10.7486775309 33.0779542348
9.7379172118 10.5361804050 33.6202787873
9.7292095545 10.3812843697 34.3899237386
9.0851047931 11.0736220693 34.6309040162
9.6591309734 10.3486434117 35.4493301262
9.2132386574 10.9107365595 35.8860481686
9.5409877843 10.4067901401 36.3728362247
9.2534126016 10.7013228723 37.0104409478
9.0416639715 10.7683634546 37.8718335294
8.8124929755 10.4095759120 38.5039899041
9.4536723928 9.9738371280 41.8401048940
8.9889008446 10.7777539820 42.2449874516
9.5946706768 10.3980792830 42.6006001319
9.2363818542 10.9052993203 42.8477827423
9.5807565878 10.5655384930 42.9978633700
9.3824617452 11.3075209677 22.6453357558
9.7880078554 11.6340445404 22.0140330770
9.8565685425 10.9082313996 22.3086499926
8.8755081263 11.8893429082 23.3069576568
8.7973290800 11.4762751134 24.2097659322
8.6851459654 11.2643908295 25.1159040876
8.6013290004 11.0104119592 25.9200931130
8.4843760115 11.0998327858 27.0114591761
8.7458114325 11.5123693869 31.5684943342
9.6593358384 10.7715106156 32.4675685980
9.1187876535 11.1599034593 32.6242144914
8.8010520326 11.5039519736 33.5294437311
8.8348765985 11.8600190039 35.4189838888
9.0915102062 11.4653967182 36.4391952180
9.2237103413 11.6048447897 37.4142659030
8.9083086408 11.3100131091 38.5880197488
8.8683178650 11.5727285739 42.6875385145
9.3919423936 10.8273436352 43.0839903170
9.1159303862 11.3945049479 42.9802898775
9.1098686741 12.5082937708 22.3847570343
9.7567028690 12.4712585066 21.6131963589
8.5760044417 12.2952944736 24.1084431814
8.5357528336 12.1170552811 24.9634434423
8.4662904088 11.8702000887 26.0180645050
8.4385303986 12.2225773231 31.6950341074
8.5892395162 12.0035486302 32.5328974578
8.5151638267 12.5910348521 35.0155837569
8.7105685561 12.8660332576 35.6942372726
9.1016926638 12.4191622930 36.4329591630
9.5328896518 12.3552002791 36.9794955653
9.7645489665 11.9256244541 37.5176526380
9.3871187398 11.8812623036 38.4021830938
9.9444291519 11.8928087908 38.3992834940
9.0354851383 12.0033316850 39.3838993672
9.0612903876 12.2580169359 42.9132965026
9.3291827806 13.4729170324 21.6819197770
9.8178213066 13.7444522601 21.1354674284
9.8515205470 13.0330958207 21.2553111418
8.8058169893 13.6414096276 22.3866610985
8.9437035306 13.6092852481 36.2444880847
9.5397193566 13.2117618096 36.6374373810
9.6590259124 12.2278669645 39.1398738698
9.4775248282 12.4757504654 40.1290248020
9.6611874967 12.7260353579 41.0361998252
9.4275874288 12.9378686841 41.8521700898
9.3849174598 13.1331983893 42.4642467388
9.6245336303 12.8391875637 42.8517787926
9.0618674469 12.8804455871 42.8246677676
9.3402371910 14.5046275056 21.4590842793
9.8650480080 14.6273499148 21.0381076666
8.9147424217 14.4482551337 22.0643688101
8.5655854808 14.4341859860 22.7081099166
8.8534380910 14.5018622064 36.3342817101
9.4329689628 14.4513659818 36.5585558422
9.1332800791 13.1557148745 42.6637557801
9.3845469251 15.4190465288 21.4098698646
9.9633948653 15.5167678769 21.0354419189
9.0013160506 15.2053666245 21.8645642213
8.6254149114 15.3430272365 22.5434923503
9.5481162709 15.6366107683 36.6126130568
9.5216503879 16.2954723750 21.4377887171
10.1494018599 16.3027994366 21.1299274397
8.9349348499 16.1385936105 22.0576449517
9.6834403522 16.5562168852 36.6214754700
9.7712471520 18.0628561018 2.3860070002
9.8480827046 18.0672800314 1.8630251368
10.0904129989 17.8763801522 2.2809806064
9.9993986234 17.8302743512 3.2289640753
9.7089110851 18.0757361147 3.2319392330
9.8636835414 17.7566510361 4.4506421325
9.5134385064 18.0664847669 4.3088519484
9.9275937260 17.5854909349 5.5541379383
9.6962448822 17.6072462984 6.3304429099
9.4575821629 17.7153212560 7.1447726569
9.2107149649 17.9270039106 7.7472544460
8.9833550673 18.1874631996 8.0362384443
9.4675825328 18.2237126348 8.1534957418
9.8003415493 16.9070975161 21.4691822872
9.2324293257 17.1899897091 21.9671585037
9.8828523473 17.5226714725 21.7682833257
8.9596440118 18.1291768075 36.4044250402
9.6410493424 17.6633349226 36.5729333464
9.7824689714 18.2861842641 1.8141757066
10.0011122694 18.3898832344 1.5239322229
9.9191420123 18.1926444429 1.5790703814
9.7312049486 18.3318297080 2.3056699202
9.8127247631 18.3348287601 2.7454343122
9.8766461397 18.2356115445 3.5147374667
9.6771399176 18.3019208881 4.3886629136
9.7713447232 18.6656158086 5.0214939952
9.5988296805 18.8215293711 8.3870050427
9.4461581684 18.0481566769 22.1238273814
9.4072133254 19.1061031536 22.3773591895
8.9526458364 18.9839103336 36.4712627357
9.4537416776 18.7219373152 36.6463538000
9.9092857047 18.4927241463 1.8151841288
9.9108450223 18.4755863369 2.2371713745
9.4893186594 19.2653190372 5.6914026262
9.5034188710 19.7912827654 6.1767896047
9.6845226013 19.6345570887 8.4311681165
9.1838436980 19.9972848855 22.3001453233
9.3915964069 20.3951720576 22.1807605922
9.5834949328 19.9180364356 22.2597069226
8.9075372519 19.5518195808 36.5400968086
9.4861973447 19.7406844443 36.8680430947
9.2290401701 20.2282751469 6.6712977361
9.2209598322 20.7245376617 7.2229710653
9.8529912134 20.9911291676 7.0622348104
9.8227601155 20.6210394191 8.3053936832
9.2494702161 21.8651678250 18.4745844948
9.5030243995 21.7103995146 18.1878294391
9.6759766116 21.5780662456 18.5443060087
9.7303707958 21.8265163476 19.0149873934
8.9761877924 20.6866760951 22.2825958280
9.4120166311 21.0480394298 22.0942656482
9.2467889237 20.6176327612 37.1921519531
9.0921668532 21.2491802274 37.4514702102
9.5480993940 21.0707326127 37.6101207820
9.4879560823 21.2647488568 7.6565569741
9.7069218027 21.2905062677 8.0758904178
9.0463537983 22.2317020619 17.7588724011
9.4522602867 22.2234727810 17.2765703044
9.6709311092 21.8652603258 17.7904133005
9.3111789600 22.1772425518 19.4644377925
9.0856769422 22.5840719132 19.7412841360
9.4358478461 22.3614547274 19.8579999934
8.8901307845 21.6266133010 22.1584419849
9.4370133214 21.9125494916 21.8451341226
8.9756906964 21.6804668609 37.5893515525
9.5052282148 21.7095127779 37.9523111968
9.4613369548 23.4014745566 7.4316993890
9.6960891876 23.2592412164 7.2769682207
9.7144005793 22.8517877097 7.3981146460
9.6956695617 23.2550413892 7.6300206519
9.2559679041 23.2124481191 15.1950611912
9.5258757933 23.4701862101 14.5614867607
9.8216892507 23.0855977893 15.0373308483
9.9348271477 22.7141709507 15.7501789494
9.1089074124 22.9593024994 16.0367108896
9.6204390449 22.4785997634 16.6332601061
9.0024129361 22.6656721011 16.8910466346
8.9042463006 23.2119987894 20.0980990378
9.5118320127 22.6581735854 20.2904791547
8.7970853321 22.7532232674 21.8218832938
9.4981043962 22.6639627432 21.2511266014
9.4914156529 22.5353527360 38.5566220803
9.1070962111 23.2902177742 38.7084679619
9.6102054640 23.0964847763 39.1437401712
9.9267881650 23.6547114650 7.2680046448
9.6440356969 23.8969878203 7.7736144874
8.9544071870 24.2384412873 13.3799572260
9.2527319869 23.8763382164 13.9649410415
8.5438358399 24.0863434223 20.1978522432
9.2948382545 22.9672901077 20.6849816243
8.8609182730 23.4708514433 20.9528989340
8.4260986508 23.8988865566 21.6717708245
8.9115133925 23.7551202138 38.7685748490
9.3188775919 23.7883612414 39.2338629968
9.3878371056 24.4881759828 7.7805236340
9.8171129160 24.2312861817 7.5490590710
9.5659469012 24.6236862412 8.0672765748
9.4194583117 25.3967395018 8.6033522681
9.5166330966 25.4671026851 8.6983458419
9.0966957175 25.7494736134 11.1191105086
9.5770822278 25.1586986757 12.0331471049
9.3646762153 24.6292218556 12.8327557333
8.3212577684 24.8018992283 20.2382041455
8.4225524991 24.5371878522 20.9418443499
9.1532757890 24.5829049952 39.5315517682
9.0665698332 25.1839306025 39.8107546321
9.4415316350 24.9512317196 40.0213139444
9.3150945721 25.1677415993 40.1285109553
9.4156838085 25.1591096981 40.2057425029
9.5458197288 24.8834152342 8.0334140832
9.5204559649 25.4384740318 8.5065698372
9.3066148451 26.1733350838 9.0774456260
9.2290816297 26.0784687034 9.5003463706
9.5164251597 25.8977857609 9.3352480821
9.4525724944 26.0367171804 10.1750811692
8.8624686513 26.2878258569 10.2098383595
9.3578829481 25.3611571925 40.0740359123
9.4069657235 25.8807713752 39.8311223248
8.8555117289 26.7426628491 9.6315070741
9.2891478643 27.2213673734 9.2293916534
8.3007427730 27.8111011941 23.2224379449
9.6160892245 26.8041753427 37.4741924710
8.9742532575 26.9968220686 36.8336031997
9.5678838811 26.8492339188 38.3563535567
9.3834011881 26.4673073598 39.5466633058
9.2454419190 28.1709495232 8.8867123537
8.4204834244 28.5161489424 23.1298908308
8.5490413929 28.5631252937 23.9371043586
8.3676873876 28.4924751939 24.6885925790
8.8610493014 28.0477832270 32.2616719240
9.6147279431 27.8546022371 32.2158943313
9.2569215126 28.1816313251 31.7795414396
9.7718481311 27.4833567134 33.1084471412
9.3278635917 27.4063132454 34.0509790262
9.1422681126 27.2876294899 35.0634175486
9.0509208000 27.1579021341 35.9919669777
9.2901354504 26.9316333424 38.7410978830
9.3146475880 26.8224108074 39.1711672935
9.1869580844 29.4243187814 7.9649777728
9.7075724434 28.8082212513 8.4831410605
8.6238692446 29.3960025271 23.4292201181
8.8713021054 29.1576433357 23.9014988977
8.8820122184 29.1470220384 24.1776516406
8.7052968135 29.3538144365 24.7690889532
8.9276480151 29.4426478260 24.2150812639
8.7781116459 29.0167091108 30.1652037185
9.4299214043 28.8497970545 30.0954627057
9.0722200528 29.1419750689 29.7104714422
9.4537154270 28.4315751239 31.0221157728
9.2059361807 30.5054240921 7.0818626859
9.6807833095 30.0429420249 7.4787448015
8.5466399448 30.5753071596 23.3207536762
8.9169379021 29.4532691233 23.9389285210
8.7940612641 30.0140164116 24.1082782380
8.8461630108 30.6720137948 24.9160171482
8.9671040365 30.0935039660 25.7610541572
9.3633778142 30.1006450014 26.4284462206
9.4200509291 29.7629330593 27.0808918502
9.4156459598 29.4469084785 28.0233859018
9.0573621087 29.2850261859 29.0515334654
8.9728227739 31.6881951474 6.2148619318
9.2883420688 31.1430710205 6.6341843078
8.5186863705 31.7021620506 23.1662739627
8.6988396097 31.2644468564 24.1125042683
9.2053798891 31.0374676591 25.5409638838
9.5699606694 30.6583842235 26.0589390580
9.0909351357 32.3475723080 5.7759889535
9.7415861575 31.7992359837 6.2339644431
8.5020692945 32.6859475838 22.7944550458
8.7863510672 32.5270907856 23.9054824280
9.6849420848 31.2379206737 25.7860846736
9.4168694097 31.8797831535 25.2738918057
9.1603604757 33.6791579049 4.8053539691
9.6816955196 33.0446142513 5.3184885275
8.4395946973 33.5030495292 22.1686241532
8.6251832637 33.4390599045 23.0625282608
8.9733407248 32.9655289240 24.4266698109
9.1697948569 33.1455986968 24.3045309672
9.4218499197 32.7083358712 24.6573175010
9.0299433642 34.9365746988 4.0018217460
9.5855928790 34.3037220565 4.4131192117
8.6870406217 34.5603829523 22.0273045476
9.2857597988 34.2739494647 23.8082290732
9.4675238187 33.8561304177 24.1012140473
9.4054023483 35.7524333607 3.7002734149
8.7689239550 35.5768210875 20.7966111877
9.1888812590 35.6114788520 21.5062275864
9.1877680968 35.1378006774 22.4124336183
9.4320681652 34.9807352285 23.0316119761
9.8094504613 34.5952777988 23.5511701078
8.7812801538 37.0652842447 3.1536333925
9.3066427103 36.5186188592 3.3979393752
8.3782339550 36.7620391659 19.0366589169
8.9592583799 36.5311357338 19.7290164201
9.3473853439 36.2225193431 20.6312126035
9.6000224227 36.1047983735 21.1783033339
9.6991203710 35.7602282743 21.7837390271
9.8187392371 35.4236713839 22.4635746309
8.9396329008 37.7963478135 3.1179595499
8.8625945906 37.5601192747 18.8481631864
9.7089123446 37.2345786570 19.2040580449
9.8687405267 36.7794812341 19.7504675832
9.8025861838 36.4255769610 20.6293338965
9.0942061216 38.3760007570 3.1866742472
8.8941841548 39.1157936720 3.2139072024
9.5979106762 38.5358506330 3.4525513113
9.0557119462 38.4051241822 18.5094711261
9.4709188239 38.0682468615 18.7570163631
8.6695798893 39.8635912762 3.2394294863
9.4004526280 39.6107442234 3.5166224709
9.3593422746 38.6120990880 18.4742160774
9.0882682109 39.1127772983 18.0704859524
9.4362260951 40.6562251890 3.6768508915
9.1684336589 39.7710019915 17.6590701046
9.1064566863 40.3345403914 17.2083361446
9.4888957965 41.7088295449 3.8312328844
9.4410112101 40.8776271861 16.6776782838
9.2540637699 41.5624260195 16.1788721682
9.2924008303 42.8442801665 3.8767983258
9.4972792865 42.2163520638 15.6029912315
9.0075027541 42.9133842614 15.1394840784
9.1957715658 43.8160519795 3.9719352421
8.9252597170 43.5510271215 14.6914098727
9.6324983818 43.3873317294 14.6761578245
9.1587994865 44.0008583821 14.3098651264
9.2785378023 44.5047226043 4.1179446770
9.2076626963 45.2361865480 4.2222442425
9.8393020345 44.6583247096 4.3998364647
9.3521310806 44.6201466214 13.8124034066
9.2418785349 45.9407037909 4.3744627294
9.8952486782 45.6077909357 4.5758823513
9.6247746580 45.2333088794 13.3517771434
9.2041843389 45.7396252204 12.8874617518
8.9991454902 46.5317616275 4.5777319319
8.6305707719 46.9785593348 4.9119191550
9.5636782239 46.3075715703 4.5705199965
8.9742997290 46.9796903588 11.5306506154
9.5237805138 46.9324995864 11.7705895096
9.5915397046 46.3081841296 12.3515238221
9.3815597136 47.1664526123 5.0718328544
9.1436332747 47.7353128252 5.4978730343
9.6956172132 47.7006746949 5.4981839640
8.8971505362 47.9187605412 10.4173357819
9.0408566927 47.6755228249 10.8065331379
9.3047033116 47.3419633242 11.3031800713
9.4788845353 48.0897062853 5.9064689623
9.5128044348 48.3715008560 6.3069631843
9.9137890714 48.4536793290 6.5175064769
8.6312858223 48.4254019423 9.4809104143
9.0860690375 48.3434774095 9.9411038428
9.5598656655 48.1222599898 10.4991447030
10.0169607353 2.4646761089 29.6676294341
10.3142832215 2.7175138868 29.2326351207
10.7398680184 2.2514020465 29.8468185205
10.6454245302 2.0991629705 30.4559791809
10.1475533818 2.3048361952 30.8536264288
10.2961325762 2.6794264465 31.2619083878
10.5349648187 3.2190335018 28.6710288336
10.3595309444 3.3697259962 31.4731661811
9.9420876242 4.5616657003 25.5852211410
10.0918492526 4.9067938816 25.2202517479
10.4730197382 4.4742255879 25.7442223918
10.4744371753 4.2557111444 26.3418728814
10.4783327082 4.1332606981 27.2219241667
9.7128844155 4.1637457042 27.3647431322
10.6729174438 3.6614867068 28.1330666417
10.3803324981 4.2417298622 31.4353533004
10.2470429501 5.6215040032 24.7638559226
10.0746250946 4.9692055043 31.2911201716
10.7179129901 4.7832409856 31.1769902231
10.1946141862 5.4228472747 30.9871211870
10.1475993409 6.3479524590 24.3812047058
10.3919058453 6.7085576252 24.1826621775
10.6735439403 6.1161987714 24.4342693390
10.2946719843 6.0048785954 30.5693451588
9.8672431764 7.0394411375 24.2307989351
10.2804455053 7.5310715024 23.9806720216
10.4515155620 6.5456556365 30.2071217144
10.2194833562 7.2928760410 29.9472297567
10.0235252172 8.1163217755 38.8821716185
10.4310581438 7.7232344379 39.3231059489
10.2319914337 7.5563239890 39.6537924610
10.2806719275 7.6544381473 40.1615423566
10.0228699513 7.8824232576 40.4960063214
10.5283630363 8.1082945355 40.6683377359
10.4043088234 8.5987388351 23.5740642849
10.4018763372 8.4156307572 29.8711062294
10.2622523404 8.5994875664 38.6928659527
10.4816105215 8.8728644842 41.2101810317
10.1494819998 9.6633051153 22.9953353551
10.7002279651 9.8469569267 22.7089557393
10.8730760356 9.2280910321 23.1854782015
10.3464292572 9.2382071013 30.1631636338
10.0164010551 9.7073988549 30.4036014860
10.7568088706 9.9211075979 30.6084597233
10.0459943903 10.0045139710 35.0265049728
10.1601697201 10.1055107701 34.5638767639
10.3111476929 9.9759102181 34.9496936683
10.2600623510 9.9192042349 35.3103116452
10.0653452964 10.0189568774 35.5625637854
10.2732950855 10.0825044126 35.6888610778
10.0185113282 9.9415706291 37.8070629198
10.2136719776 9.3480164101 38.3671656691
10.2942432047 9.2906247747 41.6163282139
10.0521781816 9.5797859502 41.8389246617
10.5068957452 9.6181643429 41.9710217861
10.2476065367 10.3272584956 22.4546605122
10.3866177111 10.9753128005 22.0233502026
10.8983145657 10.3770638415 22.3190728150
10.0925779100 10.2854581386 31.0840251756
10.3662521684 10.6674466252 31.8331157467
9.9858024590 10.6367359965 33.1889651525
10.1284262574 10.3992153672 33.9705258412
10.0096376254 10.3021427917 36.2854060178
10.1229383622 10.6723952423 37.3913210055
10.2580023005 10.7992892772 36.5776495721
10.3912751933 10.2084537188 38.2532922898
10.3269457350 10.0155541644 42.3868299634
10.0041422119 10.3209579100 42.8659087856
9.6678105652 10.5373120481 43.0938014999
10.4799584524 11.8109024975 21.5736067374
10.2187278490 10.7583871414 32.5330144921
10.2097890577 11.5193226750 36.9094325777
10.4441069552 11.1461885435 36.2848860202
10.4913914317 11.6309562392 36.3247845349
10.0705046973 11.4674248751 37.7118723982
10.3638622063 11.2016026994 38.3676638036
10.2166371673 12.5250363443 21.2517143274
10.3261880391 13.0723726373 21.0342821669
10.7855301791 12.4359985844 21.1971612377
10.3737132043 11.9760403304 36.5581687116
10.1241238840 12.5396265525 36.7157628664
10.3379419061 11.8689065129 38.8122098003
10.4188892409 13.8302705055 20.9052189100
10.1411392449 13.8138018173 36.5280116036
10.1061810232 12.1935459858 39.0147502089
10.1099711523 12.3743446667 39.6501147130
10.1943585654 12.5315324073 40.5478792016
10.2880623077 12.6815316945 41.5887788459
9.4359417272 13.0801500344 42.7334448556
9.9563793715 12.9119641932 42.4554744631
10.5546998106 12.6645803310 42.8160800944
10.5125999337 14.7021628349 20.8687550248
10.1409564442 14.9914177065 36.5117458230
10.6227962419 15.5657038286 20.9267317576
10.1443075210 16.0545334675 36.5063454171
10.7756235628 16.2783533098 21.0815907166
10.1223646327 16.9679952445 36.4997218574
10.0554868903 18.0172224248 1.7320567085
10.1932945108 18.1822559598 1.5477430845
10.4088186915 17.9387472324 1.9061672515
10.4083511429 17.8073491289 2.3238035130
10.4004396809 17.8130878886 2.9955248231
10.4969035451 17.7365728555 4.2699394118
10.5263683166 17.5845699559 5.3724684648
10.4551334283 17.5200062438 6.2992361852
10.2396599270 17.6093750180 7.1083074932
9.9029614947 17.8555218769 7.7658204069
10.2151166225 18.3025295204 8.2176801363
10.4316876216 16.9633832981 21.4118770487
10.4539008334 17.5963133891 21.8423294713
10.2134078518 17.5886880201 36.4560632143
10.4649067189 17.2932125981 36.2319799819
10.5289487165 17.8143062688 36.2016366428
10.2652472477 18.3812629793 1.5045773209
10.2314719212 18.2368785434 3.3076095791
10.1479793098 18.3449647465 2.6542398271
10.3699714122 18.2472548676 4.2107815482
10.5426906224 18.6103968402 5.1158570796
10.3789678428 19.0144194526 8.4316398709
10.0706700911 18.2097710176 22.1189746166
10.4090358628 18.8993078760 22.4775724990
10.2960962823 18.1425294546 36.4425456669
10.2745077362 19.0548888992 36.6392274587
10.1426167206 18.5141447950 1.5939788946
10.1745808673 18.4955058035 1.9516301620
10.3471437168 19.0272146379 5.5962365367
9.8314738557 20.1542297133 6.4993622281
10.1377990742 19.6008906404 6.1104749223
10.5078998982 20.1372126277 6.6655917581
10.4523614283 19.8969700480 8.4292165083
9.8296143989 20.4811038354 22.2412493378
10.1113779340 19.7600880065 22.4412083204
10.3993560297 20.2169969761 37.1225343354
10.7485701769 20.9888799800 7.1747388849
10.5951180023 20.7909653873 8.2720421752
9.8992667773 21.6005511255 18.2505933908
9.9992247407 21.5838626725 18.6169696420
10.2844554566 21.8114188104 18.7700103938
9.9541435843 21.2877885694 22.1330897377
10.4801517269 20.6227499151 22.6194083740
9.8826533604 20.6311379087 37.4196107279
9.9702774651 21.2121877105 37.8091767419
9.8130276877 22.1902264130 7.5442715552
10.1597060956 22.2047958945 7.2376775643
9.9226266062 21.9514296718 7.9419851483
10.2835667230 21.6122662068 8.1582130827
10.5105496493 22.4463782249 15.9692460057
10.5889028899 22.5795908167 15.6072893262
10.8063169724 22.4041735369 15.8263828714
10.8862872019 22.5053717206 16.2116075401
9.9683012197 22.1107713665 17.3068147533
10.1084671006 21.8245981060 17.8753750836
9.9135536424 22.2601426170 19.8344345581
10.4644384599 22.1571219123 19.2364986761
10.0426881290 22.0762288797 21.7546203187
10.4744215872 21.6416983417 22.4409827219
10.2861717099 21.7273995530 38.1954083032
9.8853989793 22.0530572382 38.4188042725
10.1996243310 22.3166141679 38.8032073451
10.3513366754 22.6556981934 40.0913451454
10.3385890767 22.6669158306 39.8918485235
10.4057635947 22.5085575270 40.1665630113
10.4214822338 22.5288397576 40.1828310297
10.3910494315 23.0147869216 7.1957712873
10.0576275164 22.7544428832 7.8548361956
10.3038351350 22.3622068254 8.0423341280
10.0885695687 23.3366915317 14.7323907335
10.3504795910 22.9726467990 15.2074753932
10.3481891551 22.3960431513 16.6211349068
10.6574240031 22.4883990253 19.9062577320
10.3248231014 22.6119428188 20.9194407457
9.6625215818 22.7363349009 20.7941626780
10.5343370543 22.3411647473 22.0222008392
10.0620359516 22.7279711837 39.3202928676
10.1006140962 23.2246866028 39.7185285527
10.4182965371 22.7617648462 39.9659592097
10.5164499729 23.2521806243 39.7170370519
10.5637443784 23.6225011498 7.2810753492
10.4656775760 22.8891987046 7.9413618911
10.1734083732 23.6698853508 7.7982670736
9.5618716510 24.1686016976 13.5314388606
10.0072913848 23.8512012951 14.1750990722
10.6211760273 24.3723114572 24.4497737618
10.7588161315 23.9085667604 24.0037338814
10.7474609903 24.3795171695 23.9308206733
10.6130677381 24.3925360315 24.9438849695
10.7069288575 23.8110525494 24.6137223474
10.7343065638 24.0436559885 25.2370949871
9.7295111511 24.2913031820 39.7558194278
10.4346503499 24.1129317869 39.7011007788
10.4024172497 23.9673404614 7.5503848517
9.7850024821 24.6338592920 7.9597318478
9.5802762724 25.2758549893 8.4454481151
9.8982656091 25.5540202431 11.5786508717
10.1697669841 25.3360317638 12.1372815916
10.1189261889 24.9673665367 12.7469235096
10.0997617315 24.4623166903 13.4857629267
10.6565818879 24.8359839527 24.2847691433
10.7244533584 25.5270884677 24.3656619279
10.6059547214 25.0650443860 24.8698775561
10.7039688933 24.7473178193 25.4451649277
9.8496397786 25.1150061026 39.9247953541
9.5293484062 25.1517949693 40.1643687320
9.5841871658 26.1145424079 9.0882450114
9.9290769062 26.3657440265 9.9680792903
10.0181827937 26.0514448165 10.9448327608
10.6682473912 25.9835005165 24.9636916149
10.8188478547 26.4131739459 24.4727932043
10.7329001375 25.6172601107 25.5081186802
10.0164885385 25.9442541950 39.5817540328
10.0380571093 27.0602472518 9.5466668094
10.4097557189 26.9521185083 10.1245731053
10.3991350045 26.5893376858 10.6166766010
10.7480319331 26.6501973096 24.9813229061
10.9041834904 27.0716900002 24.7185530010
10.8135131299 26.4893596383 25.4617672645
10.1428650578 27.1576848357 33.8312965519
10.8519204040 26.8183332853 33.4404851961
10.4315320270 27.1995020618 33.0887300364
9.8934621825 27.1072024002 34.7583512547
10.5908199467 26.7718276884 34.4364692981
9.7491644416 27.0233411400 35.6954418036
10.3450616838 26.7852316290 35.3080643493
9.5676798647 26.9593834450 36.5035982951
10.3682247389 26.5860048347 36.3463069593
10.4195051144 26.4338059126 37.3918585990
9.7236614680 26.7505238162 38.8743978623
10.1869130070 26.4987559178 38.2708654868
9.7441280506 26.5549803816 39.3267570588
10.2118959723 26.3111105564 39.0585223409
10.1704037940 28.0619660525 9.0978413627
10.8003990943 27.6854273573 9.9074517926
10.8996208854 27.0997597000 25.1946569558
9.8005317434 28.1291101041 31.4824817416
10.4682091810 27.8263496679 31.3324001026
10.1608565676 28.2102950317 30.9219961191
10.5267185034 27.3919099546 32.2865247105
10.3477449385 29.5869001103 7.9777607562
10.7366019825 28.9444938608 8.5928002124
8.9858319421 29.2907208068 24.0569970128
9.8642630166 29.1970127283 28.6448776185
10.6395515212 28.9525792205 28.2391962671
10.1852355303 29.3369441791 27.9296611545
9.5414628927 29.1068666315 29.3688775269
10.1602560292 28.8476579113 29.2592152720
10.2916696954 28.4379121630 30.1272805293
10.1126961602 30.7273965092 7.0635788452
10.4754743452 30.2349398939 7.5005033858
10.1606807699 29.6575964802 27.2887658046
10.1696751630 30.2776604250 26.5041604674
10.1668637425 31.3654839763 6.6344793330
10.0746987775 30.9410142400 26.0605179426
10.6803356104 30.8814857167 26.0053213186
10.2267078306 31.4504535719 25.7011608026
10.1994110026 32.4746770170 5.8597340892
10.6342249268 31.9448940982 6.3875720655
10.3303387500 32.1170372615 25.2320163952
10.2410854270 33.7720033007 4.9289177075
10.6553014017 33.1424474723 5.4895951522
10.5395614616 32.7977596190 24.8206738955
9.9895407709 33.3562360755 24.4396351031
9.9380173559 34.9842177333 4.1316337754
10.3366037997 34.4558091816 4.5239964976
10.3208453277 34.0053114623 24.0471423594
10.3462353662 35.7106057932 4.0343456369
9.9481933415 35.1502411818 22.9709399314
10.4566379777 35.0005781139 23.0373944242
10.3094763115 35.3818975882 22.5646724339
10.6728731426 34.4752557079 23.5597135204
9.5174236595 37.1799673587 3.3640738876
9.9904461082 36.5025295496 3.6952249615
10.1905916998 36.8786030753 19.1458621596
10.5469031019 36.5651245608 18.8810310212
10.4318134069 36.8660669500 18.7858970455
10.3590795200 36.7430835201 19.1893057256
10.4377422872 35.6928227958 21.7799238912
10.0527843155 36.1665852954 21.1027774214
9.5265761955 37.8624872514 3.3388538810
10.2403702803 37.5840467740 3.7714198872
10.6482079902 37.6409194543 17.1830988566
10.8041928854 37.3953302772 16.9583073822
10.7395473265 37.8047721233 16.8187716035
10.5792074361 37.7301696535 17.4476156352
10.6752872962 37.2852019891 17.6057086562
10.2037319535 37.0291167083 19.0452614056
10.5347623182 37.7368522460 17.7579759670
10.0651245151 37.1046279535 19.2810858318
9.9906578946 37.6774151768 18.8918667259
10.1958627607 37.0044953246 19.4452236519
10.1849849244 36.5325545168 20.2589999711
10.2123901140 38.7982853209 3.8532730510
10.6090425217 37.9873979692 17.1857168154
10.5425427232 37.9687065451 17.4998210013
10.1237077111 38.8302422688 17.8767685901
9.7380989376 38.6240724091 18.3381602152
10.1832497075 38.1853682709 18.3012970145
10.1437399533 39.8503824044 3.9416319857
9.7312015204 39.5512872223 17.6011437110
10.2864507753 39.2542731585 17.3393842349
10.2065601949 39.8013196311 17.0334320842
10.1219134180 40.7886740044 4.0366234362
9.8537683455 40.3038785358 16.9376138319
10.2679468396 40.1611236014 16.6906890962
10.1607493076 40.8449464916 16.2550438957
10.1979535001 41.4566087844 4.1608826347
10.0250541140 42.2380942685 4.1757445146
10.6454843743 41.6382290951 4.4817639639
9.9561334757 41.7111170824 15.8113983854
9.8778247641 43.2057441834 4.2233405192
10.5718615520 42.5893756078 4.5499659474
10.0678010797 42.0813235266 15.5046500540
10.0383642627 42.5899174177 15.1101014807
9.7205394276 43.9946002471 4.2471749836
10.4284106743 43.7207857539 4.5904700964
10.3654864960 43.1491039230 14.5624593735
10.1163223872 43.9319577926 14.1184663510
10.5675332222 44.7363727108 4.7785510842
10.1780398381 44.7382153169 13.6054731154
10.7514203256 45.5807131477 5.0292285138
10.1882949655 45.2034337846 13.3121548996
10.1071000784 45.6595237924 12.9151041597
9.5313385581 46.6852736169 4.7136481541
10.1676166569 46.5001551524 4.9735231736
10.4150390085 46.1636320570 12.4028081240
10.3106867007 46.7430675823 11.9469274460
10.1277255513 47.8857826450 5.8290607285
10.4258497273 47.2946769265 5.5600460023
10.6583565285 47.7962689079 6.0544308419
9.7274049074 47.7755625045 11.0233971879
10.1825165339 47.4162730050 11.4263275989
10.4491997888 48.2044077427 6.4088174801
10.7648781059 48.4431052204 6.8804148510
10.4688248036 48.2408623912 10.5411637292
10.0759078483 48.3312318303 10.3197881246
10.4483544242 47.9582336443 10.9184980384
11.2159971188 2.6876121135 29.2773552375
11.6576207887 2.1672309863 29.8379730418
11.3964352200 1.9987928437 30.3387630351
10.9816261355 2.1992131434 30.8655889118
11.1881452262 2.6873201202 31.2156894092
11.3031139626 3.4558772720 28.7443070075
11.2133688139 3.4354987794 31.3609322657
10.7240612333 4.9302711860 25.2205904624
10.9835070212 4.6221619785 25.6920205408
10.9145636971 4.4583685193 26.3591322432
11.1647730311 4.6983474815 27.2420582804
11.3091852762 4.9758633047 26.5058675316
11.1462340254 4.3176862028 27.8190979438
11.0537663259 3.9363366688 28.0919693946
11.2310474410 4.1559321902 31.2486512452
10.9735494100 5.5347709079 24.8757273150
11.3797437058 5.3468336941 27.0664005372
11.4774758680 5.7337694090 26.5187239597
11.3853156700 4.7208551976 27.9527051321
11.4381253174 5.3709479842 27.7459336632
11.5480444319 5.0489387078 28.3296990528
11.2219216253 4.6354018584 31.0526862531
11.0490547495 5.2614566395 30.6727868214
10.8563303339 6.7582545616 24.2433737576
11.1320731990 6.1413057340 24.6096276495
11.4796179212 6.2136638824 27.2490740533
11.5387918383 6.6783563423 26.4656824425
11.5269887599 6.1083248156 27.9636746032
11.5750080056 5.6311783943 28.3346208391
10.8661937902 6.0675087782 30.2974048475
11.3012671242 5.8022370256 30.0875294317
11.0246295944 6.6623116321 29.8483497381
10.9672709477 7.6127584163 24.0455551048
11.5056204870 7.4492619109 27.0388904025
11.5412801263 7.5096728770 26.3249575538
11.5445614944 6.9627149270 27.8489761962
11.0111165089 7.7323286945 29.6413689536
10.6275847860 8.1573294136 39.0852026620
10.8807948155 7.8843932297 39.4904982178
10.7509809090 7.6741567204 39.8613019195
10.7825749837 7.7819146453 40.3221062806
11.0724380791 7.9135937127 40.2160542509
11.1527465609 8.4930511488 23.7756805890
11.5107070564 8.3596953787 26.4509971484
11.5801819341 7.9641490193 25.8774462280
11.5953197997 8.7348104750 25.7330270599
11.5130836504 8.4196699136 27.1191649186
11.5716588311 8.0261293065 27.7261111802
11.1381860456 8.5741778142 29.7236250485
10.7915048465 8.8981024832 38.9964835957
11.0746739430 8.3647336753 39.4615302383
11.0022503284 8.1011745033 40.5236585294
11.0206372074 8.6946719309 40.8328528836
11.4059582682 9.9122082840 22.8950117089
11.3924095208 9.1789704302 23.5052408595
11.5399785684 9.1660985672 26.2010820350
11.6605899213 9.5959799918 25.7230823777
11.5423662011 9.2215407615 26.8086594719
11.6201325950 8.9757600582 27.5236500802
10.9610124449 9.1799293494 30.0889478979
11.3797322805 9.8420813224 30.2346281002
10.4642705162 10.3355732981 34.6067178864
10.4375490256 10.1361983570 35.2896210357
10.7071146996 9.6920329226 38.7613171911
11.2068618356 8.9384880169 39.5124435554
11.1348712897 9.6320576179 39.3577516199
11.3645939925 9.3127122218 39.8660018116
10.7097405131 9.4027094151 41.6960611695
11.0728663671 9.4429786724 41.3927459733
11.1923403076 11.0671324005 21.9167061969
11.4735252489 10.4954086176 22.3199552604
11.6041354458 9.8000877244 26.3149371681
11.7537091195 10.2713751669 25.9565622196
11.6505064175 9.9400388455 26.7915135320
11.6782074683 9.6795837531 27.2372466774
10.8302262280 10.6764314860 31.3800335284
11.5603323170 10.7881650873 30.6881470939
10.5854750321 10.8996753000 33.6251800246
10.7196668728 10.9139731922 34.6976375017
10.6028944116 10.5850802477 35.2244125306
10.4277512446 10.5612262914 35.8771145272
10.8650234127 10.5284950157 38.9951793315
11.2641473538 10.3324977211 39.6028692753
11.3908279709 9.8716961573 39.9219193560
10.9905658007 9.9378601201 42.0837955800
11.0145136879 10.2584891882 42.5757172465
10.7168253905 10.2664492255 42.7481469180
11.3061763521 11.8891158640 21.5292313779
11.7457238855 10.3594649914 26.4672797361
11.3333531418 11.4259433086 31.6097475989
11.7971385043 11.8883860029 31.0735890538
10.8364146146 11.1427032980 32.3771618277
11.1095261995 11.7134541377 33.3038031203
11.0073675016 11.6878562351 34.4485840409
10.7071686726 11.3562117529 35.5721465516
10.7552072144 11.5506759912 39.2323865581
11.1935226917 11.0155534260 39.6480089267
10.9543270963 13.1047515207 21.0087252136
11.3608590957 12.5338580619 21.2572816516
11.5975406636 12.1455498920 31.7202057869
11.6244635300 12.5892388714 32.1192282195
11.3559135776 11.9973519660 32.4079332844
11.4043585406 12.3354417500 33.1390138445
11.3422784099 12.3359535674 33.8995262554
11.2844392190 12.4261623654 34.6465526680
11.3367725143 12.8764443659 35.0286049267
11.0319525969 12.4014647491 35.3754749173
10.6104418208 12.1864875765 36.1431504828
10.4338172872 12.1115639503 39.2881220080
11.1031450428 11.6116440712 39.8724937871
10.7036864166 12.1177862246 39.9764633047
10.8162546710 12.3030005682 40.9450451355
11.1890203937 11.8120635942 40.5078809522
10.9503187908 12.3497661261 41.6818166883
11.2697795416 11.9153014655 41.3036388219
11.2583443646 12.0477677371 41.9764015294
11.0474967736 12.4028957642 42.9904421074
11.3189305270 12.0168910851 42.8904310469
11.0886959596 12.3440719963 42.8389151755
11.0921025610 13.9021845950 20.9516736344
11.5484795496 12.6489825706 32.6927560013
11.2005009241 13.1780657989 35.4944326319
11.1701319607 13.9281127607 35.6902325232
10.7573869162 13.2115268576 36.0795989075
10.8355609134 12.4750243933 42.3532476838
11.1807685355 14.7979653534 21.0014000658
11.4021303380 15.2209245114 33.7367519352
11.5664117805 14.5889540439 33.2546878128
11.5246062955 15.0650311594 32.9381400406
11.4165709858 14.9867156550 34.3940858875
11.5240127691 14.4849532235 33.9511526465
11.4869325232 14.5448408241 34.5896927294
10.7281641395 14.3950877714 36.1945947617
11.1407026550 14.8254196106 35.7721513128
11.2149772412 15.6568611045 21.1077772523
11.3827738847 15.9096673088 33.0633255865
11.5948911153 15.3437421728 32.3714901466
11.5621963884 16.1464165631 32.1314780522
11.2378187880 16.0368856714 33.9374210004
11.2532930219 15.6678434523 34.6368857386
11.3840330517 15.0569946972 34.9462820266
10.7333117438 15.5170692022 36.1097678671
11.1348546245 15.4603049365 35.6604830630
11.2092200778 16.2558957426 21.2178401476
11.3424872504 16.9323102293 32.7972687260
11.5351019085 17.1371983933 31.9442137511
11.1949554608 16.8185520993 33.7006313063
11.0899687069 16.6379124891 34.6269640882
11.2490825769 15.5229004746 35.2625628831
11.0013443460 16.1461993735 35.4674454205
10.5700187665 16.5866643115 36.1303847150
10.5309855871 18.1747638605 1.7350633091
10.7354752813 17.9636564443 1.9549174802
10.6513796080 17.8867409023 2.3182391504
10.5042352803 18.0768481056 2.9409806617
10.7617122193 18.0245037284 2.2685165734
10.5645834058 17.9211149899 3.8115607471
10.9006672777 17.9534886310 4.7153991744
11.1877947532 17.7631583290 5.4454774006
11.1935889441 17.6156443232 6.2840859235
11.0522104453 17.6453678723 7.0809072687
10.7251584632 17.8781929978 7.7579408690
11.0267878528 18.4105086798 8.1665634748
10.9815091596 16.6778626303 21.3222913708
10.8310705221 18.0064871100 22.3333438851
11.0204781920 17.1364502158 21.8137686446
11.2768286508 18.0426234059 22.8379678582
11.3617800033 17.3915969202 22.5308241909
11.5396330767 17.7016067333 23.1321972587
11.3482078281 17.9021334521 32.5989240290
11.5220209028 18.1213932241 31.8092993205
11.2180682257 17.7843403910 33.4500878385
11.0992892267 17.6774305120 34.4284502391
10.8380360879 17.4257783876 35.5695324409
10.3691177091 18.4218749254 1.6945160486
10.7854396831 18.0583862861 1.9925129595
10.5324436179 18.2543628229 2.1292968224
10.9690573667 18.7782537070 5.6130366274
11.1741378384 18.3311727467 5.3240918388
11.4054808577 18.7031683493 5.8804499959
11.1757525853 19.1957315020 8.2787025079
11.0538127894 18.6867243577 22.8518734475
11.4399601578 18.3894091831 23.3215925968
11.4009372520 19.4331884404 26.4171993155
11.5848515083 18.7195885524 25.8962231894
11.4907180151 19.2562179904 25.5844498276
11.4369718645 19.2974191903 27.3699974750
11.5978441596 18.6036159869 26.7101264037
11.6035407965 18.6841365515 27.5158554090
11.3829148128 18.8589469675 32.4231132622
11.5096204917 19.0334171785 31.6368832688
11.2825755094 18.6055737331 33.1422152571
11.2585579725 18.7993860633 34.0463213150
11.1081419762 18.5591749867 35.1370774310
10.7741971428 18.5410157652 36.0445530864
11.1470010211 19.1995731670 6.2860881827
11.2183281067 19.9082724132 7.0365050819
11.0305315597 20.0932437670 8.2410849854
10.8553090366 19.6186945616 22.8937054680
11.2924222770 19.1008823126 23.2985543089
11.3354987569 20.0951076849 25.6632556031
11.4918180667 19.5565886689 25.0509130559
11.3871964112 20.2811895993 24.7856227195
11.2546391413 20.2396688695 26.4769601249
11.2978468043 20.0877034781 27.2163271165
11.5154711292 19.1694680806 28.0437103816
11.3970383869 19.9551351575 28.2418898521
11.4681698124 20.0533382185 29.3146681421
11.5512448714 19.3502099241 28.7895254035
11.5767382171 19.5231419977 29.5330775580
11.4304770028 19.7493464033 32.0820263785
11.4980944931 19.7313744644 31.3744039611
11.3945513445 19.6690105433 33.1389961925
11.4428171423 19.7635062813 34.0861768464
11.3860246898 19.5184620726 34.8775208695
11.2212981784 19.3499234086 35.7162700156
10.9630356975 19.3801054811 36.2974254717
10.9685592910 20.0381812488 36.6922684166
11.2370546288 20.3843055069 7.4701001466
11.0993087891 21.1668034422 7.6394103909
11.0174887017 20.7906645968 8.0508552565
11.2852023138 20.2754458177 7.8833121863
10.3083923826 21.7781044271 18.3039203114
11.0135524881 20.3848570491 23.1569915981
10.9288313233 21.2141910376 23.2541208087
11.2243381299 20.5819052690 23.5719264534
11.2085803157 21.1472834098 25.2301129674
11.2703869044 20.9442339071 24.4329635573
11.2143740329 20.9565402746 26.2015035679
11.2329813988 20.7905791789 26.9369925221
11.3359730730 20.9801541651 27.8544577796
11.4319975509 20.7975244916 29.0158519022
11.5249057383 19.9440448337 30.0035863120
11.4923960876 20.6209085075 30.1655792177
11.4959284337 20.5052203683 31.3772967321
11.5295936120 19.9434793246 30.6940617031
11.4894255887 20.5256134787 32.4078500966
11.5434053165 20.6117066652 33.1520827913
11.5473166995 20.3629526534 33.7432622265
10.4702682841 21.0332968074 37.6442523551
11.0130705376 20.8995241548 37.2145962280
10.9900552166 22.2058720412 7.3092899456
11.2034066126 21.9706002658 7.6044374504
11.2647441801 22.4837868853 7.6910465896
10.9228035018 21.6090365322 7.9581238952
10.9322202467 22.5055278812 15.6681333558
11.0226254183 22.4506298496 15.8621208934
11.1597991478 22.6641144775 16.0038266716
10.5464095504 22.1988470683 17.6262834040
10.8047753891 22.2693811633 18.4982080197
10.8280880279 22.3357112599 22.9790076332
11.2083730601 21.0132844853 23.9006386980
11.0457940389 21.8839227706 24.2578876882
11.0865045266 22.1668028576 25.3756764070
11.1687400286 21.7865814626 26.0090333070
11.2792392268 21.7992767206 26.9843509125
11.4396093902 21.8759066698 27.9101769487
11.5141078202 21.6699191532 28.7348427088
11.5750899789 21.5207395747 29.7924851986
11.6047612437 21.4187568857 30.8989760374
11.6162505396 21.3265470499 31.9688226568
11.6255049657 21.1711776212 32.7976299972
10.9332526660 21.6621101273 37.8719284059
10.7682430993 22.2761780896 38.5831322779
11.2647169894 22.4190612297 38.1125142261
10.4480213329 22.5603314743 40.0399337360
11.0006329104 23.0436591906 7.2104909432
10.7338024051 22.3709063306 7.9841010770
10.9120326788 23.0519053577 7.7755855584
10.6690477476 23.5790568975 14.9065517036
10.9230274648 22.9291027094 15.4819805531
10.9582484064 22.6542929283 16.9527930732
11.2539725139 22.9940952010 16.3951539183
11.1435713323 22.7370852330 17.7562161894
11.3676823190 22.8744014175 18.4040676032
11.3012717833 22.7867394308 19.2587578775
11.2054773229 22.9007692918 20.2538500696
11.1828303085 23.0921337405 21.0364029939
11.7751413222 23.4630597883 20.6067245425
10.9801240021 23.0912945277 22.0693631961
10.9259317824 23.1182183388 23.0090598843
10.8723529975 23.1482475430 23.8721379780
10.9154435386 23.1498195364 25.0997138831
11.1691898368 22.9032025730 26.3164231778
11.3781353767 22.7461619209 27.1479060389
11.4685281377 22.4361045412 27.6325944195
11.0845169796 22.9270364096 38.8270048443
11.4093925042 23.1098064032 38.3816038413
10.5584061330 22.7433100444 39.4588306991
11.2584979939 23.3601101331 7.2718707504
10.9585108442 23.5461001944 7.5600635649
10.6647749171 24.3607203583 14.2565426305
11.2185414777 23.6267499519 15.5381184990
11.1836014706 24.2923280200 15.0750258244
11.4451461351 23.2852184526 17.1318231614
11.4078817904 24.0852995658 15.6213821652
11.5848860886 23.2818677212 17.8917924966
11.5505852770 23.5669240184 21.4167131600
11.4297751072 23.8605229816 22.1227862158
11.6760793823 24.6270106198 22.3536667705
11.0491647173 23.9936068528 23.1399829669
10.9627984201 24.1722299998 25.9689505792
11.3921173690 23.3715273077 27.1135885621
11.2939290129 24.0422865374 26.8579384426
11.5207755269 23.9256057931 27.5015832599
11.2893846164 23.4933868617 38.8498345984
11.2481656888 23.9693821900 39.0637174468
10.9205369861 23.5462468333 39.3503410876
10.9812635271 23.6634607455 7.3737634182
10.4277129338 25.8257589626 11.8455932345
10.6039697508 25.5074872924 12.6816090560
10.6598125675 25.0229580462 13.5073362102
11.1629334293 25.1059996186 14.3989394508
11.4400287836 24.9067314708 15.1164191210
11.4989316579 24.4882795797 15.5475900687
11.3100851614 25.1271701389 23.1288502236
11.7585865518 25.5081963194 22.5722819724
10.8876342176 24.9446074741 23.7722428375
10.8988327357 25.1710469025 25.9859446280
11.2227569668 25.1269343851 26.7065106185
11.5255559554 24.7297460114 27.5048943620
10.9666366313 24.2764131779 39.3970185481
10.6627040230 25.0465570775 39.4783564081
10.7244157475 26.5657893488 11.4270113657
10.9236888757 26.2505581079 12.4552854087
11.1111403261 25.8711857191 13.5188107654
11.4244009107 25.8372324109 14.3644792655
11.5143576325 25.4431896863 14.8824387021
11.4654097884 25.8871481418 23.0948373635
11.4266591655 26.6273915073 23.2481933314
11.0808871436 25.9495263003 23.7390985502
11.0526763576 26.1065562209 26.1839534972
11.3664212654 26.0325030490 26.9475763671
11.5190178108 25.5591161468 27.4184155614
10.9425553307 26.0722404485 36.9016393727
11.3579934350 25.6330203170 36.4066125239
11.0806089802 26.0449363897 36.0831665022
10.8551763863 26.0146815247 37.7891961804
11.3301701098 25.4981144657 37.1745607620
10.7518153894 25.9301058534 38.6197758680
11.2425168544 25.3994034893 38.0758904646
10.6071583360 25.7593158328 39.2147663080
11.0693488305 25.2742512161 38.8626646188
10.8136506122 27.1300809211 10.6834952711
11.1284779179 27.2571084611 11.3624068482
11.2132357566 27.0439373458 12.1694941948
11.3498807845 26.7962110802 13.1406527631
11.5531974957 26.5627853076 14.1048148909
11.1700753234 27.1984402664 23.9566339242
11.4488326306 27.3399232840 23.2135196083
11.1308879769 27.2341129768 25.8249237401
11.3709722519 26.8828126511 26.7595023665
10.8751059660 27.0257876467 32.7442215109
11.2492085582 26.6916838282 32.7605953310
11.2595071681 26.8987925450 32.1416458126
11.3787086219 26.3913293577 33.1609167574
11.2064285521 26.3149274654 33.9824957222
10.9912964926 26.2681573636 35.1582836319
11.3154986889 28.6393323085 9.3040724397
11.4209338427 28.2570008160 10.0574258595
11.3314072125 27.8429923419 10.7938584999
11.5130127284 27.7910898543 11.8121067940
11.6157346305 27.6529053528 12.8534580316
11.6899716316 27.3359622663 13.7724410611
11.4305432723 27.9759173426 23.3046993831
11.6037915326 27.7563031697 22.7875365562
11.6377065383 28.4587074293 22.6531515615
11.3621163401 28.2792331043 23.9353216271
11.1898332104 27.8322646147 24.9065003493
11.3266580852 28.0422026062 25.7181363886
11.4103520246 27.9239324116 26.4693400602
10.6495662967 28.0721716538 30.5567054738
11.1388894584 27.6454052469 30.4659724739
10.9564105213 28.0574752791 29.9078627484
11.1968602934 27.2481173659 31.3296321578
11.2854149211 29.5901858572 8.2795317851
11.4540143994 29.1794527451 8.6903341357
11.5181303095 28.7221033752 23.2640159217
11.6654791532 29.1744206710 22.7411212791
11.5305572099 28.9689607248 23.7397612089
11.5034881379 28.8419781809 24.4505163245
11.4596815638 28.6453289636 25.3733150228
11.4339508812 28.4178985900 25.9596493570
10.9199748077 29.6616612616 26.7004316849
10.6558217492 29.3231561567 27.4932586887
11.1059442689 28.9627234522 27.3297157290
11.1789387702 28.5173770531 28.0233267222
10.9393870825 28.3589285675 29.0241052726
10.8711590133 30.6983207492 7.3256400663
11.2276300240 30.3117743634 7.8061175580
11.7023992853 30.6987552601 21.9813373546
11.7800459350 30.2618346964 21.8386467471
11.7698983062 30.8702808117 21.5102557766
11.6291143831 29.3247002677 23.2593892651
11.7193356269 30.4752200822 22.2388938650
10.9775439508 30.3290974034 26.1897828308
10.9347692527 31.3566069069 6.9495356946
11.4086885471 31.0368347972 7.4496377537
11.7074941162 31.0480818187 21.9258951035
11.7527605469 31.4163889722 21.6553031659
11.7491447877 30.8524846574 22.3206028733
11.2942299781 30.7340967379 25.7932375481
11.0997582517 31.4644575597 25.4981461276
11.2525093644 32.7563399097 6.1299845138
11.3221098482 32.0855250812 6.6798538573
11.5737628192 33.0836105049 20.8194048821
11.7121517891 32.4610076488 20.8459040454
11.6400258468 32.9426974778 20.3342686500
11.7760860377 31.3908297534 22.1112023008
11.6588902552 32.7153578091 21.2112079097
11.1519274358 32.2803971960 25.0615999113
11.0180863112 33.6900327824 5.3025629714
11.3161452396 33.3549335356 5.6780718511
11.4907704100 33.7016334671 20.2378996161
11.6914762651 33.2450331781 19.7778952454
11.5707817275 33.9792902043 19.4226164469
11.5048593630 33.6812539287 20.8914276926
11.6494978498 33.1779609762 21.3832574074
11.1457747263 32.7943512477 24.7844081050
10.9992598328 33.3870321450 24.3729457436
10.6911490352 35.0579059046 4.4286366441
11.0207237611 34.4214335047 4.9920360227
11.2908095668 34.6824144616 19.7857141518
11.3872876856 34.7408087632 19.0876421995
11.3677453281 34.4848423253 20.6690663339
11.5783867671 33.9906787635 21.3770396612
10.9498931436 34.0128679626 23.9516563491
11.2945106423 33.7812698195 23.9884722792
11.2894235903 34.1244247167 23.5733258038
10.9331130912 35.7036828172 4.3817196375
11.2541119898 35.3419300916 4.8588951596
11.2316457051 35.7946542666 17.9987558220
11.5473502809 35.2231890998 17.8941453638
11.5622150385 35.5677513876 17.3206106364
10.9616371838 35.7808734140 19.0613553742
11.4575610820 35.0482892469 18.4347776214
11.0168786744 35.4671761846 20.2852074136
11.2634549024 35.0929401997 20.9609461131
11.4542461293 34.6562722127 21.2643651144
11.0915979373 34.6967593855 22.9721320613
10.8222463635 35.2495361515 22.4165405831
10.7993269416 36.5159554539 4.1978209211
11.2657206366 36.0734948027 4.6872760287
11.3738447608 36.8401051413 15.9334440589
11.6448765435 36.3303657359 15.7930189021
11.6624178435 36.6717737091 15.1907890944
11.1092762022 36.6357553421 17.0751245329
11.6008868772 36.0547457583 16.4126870568
10.7662983149 36.5914367696 18.2754268985
10.5486365899 36.4375941463 19.6713167390
10.9875694950 35.5231836101 21.1762482167
10.5655978434 36.0344557131 20.7307560125
11.0398408360 35.3629815338 21.8245692265
10.9804687453 37.3572830844 4.3167096992
10.8579128645 38.1791219611 4.2638988801
11.2896126199 37.7606789315 4.7070911018
11.7397452657 37.7093765902 7.2680607429
11.7856576364 37.5139431755 7.1257558191
11.7536163465 37.8049174224 7.1639230743
11.7896764520 37.6583541394 7.4471389969
11.3621504421 37.7402712655 14.9506228194
11.6621858705 37.0832766417 14.4090873467
11.5389668023 37.6469529306 13.9609828814
11.0129274417 37.6407126150 16.2599408935
10.4126771318 37.2796655777 18.6106588188
10.7928932687 39.1783281399 4.3228742626
11.2937245858 38.6026885331 4.8237200767
11.7437900229 37.8828829305 7.3504247544
11.7223038956 38.8413324775 8.4294416161
11.6490973995 38.6850412093 8.9105271279
11.7241765532 38.3428701960 8.4203765053
11.5930704674 38.8458338493 9.6896189379
11.7280701192 38.1715344171 9.1113978468
11.5331544791 38.8118487718 10.7286040301
11.7185702777 38.1253280429 10.1257456673
11.4886694495 38.7911625842 11.7479104044
11.6577609995 38.1392028534 11.1809548405
11.4569823017 38.6736890903 12.7736078532
11.6045631320 38.0887862364 12.1583846257
11.4166608724 38.3742271384 13.7943170354
11.5792203598 37.8865800734 13.1165466222
11.3361724980 38.8640598194 14.4883818523
11.1013131581 38.7409232930 15.6093683757
10.7690922141 38.3595975564 16.6381740660
10.4806076159 38.3709186998 17.5447651043
10.7156441661 40.1778352880 4.3644404100
11.2480843063 39.6517876035 4.8592604669
11.6841022573 39.2152310027 9.0463369612
11.6333287333 39.4503646107 9.6833649474
11.7194224557 39.8721148785 10.0643306457
11.5653414704 39.4240061587 10.3647980627
11.5244183897 39.4594131082 11.2995618621
11.4898253600 39.4352498487 12.3361239289
11.4439204442 39.2976516347 13.4614460814
11.4405361498 39.5324856248 14.2019308615
11.3466262596 39.4560651577 14.9101655641
11.1710854288 39.5595538608 15.5707010678
11.1442214736 40.0492804470 15.6597091770
10.6869062491 39.5863610551 16.4327729700
10.5987593974 40.9536458822 4.3529532485
11.1333157826 40.7987613813 4.8195698944
11.7210257320 40.0404314399 10.8253991024
11.6911727500 40.1373912504 11.8416733207
11.6235609495 40.1025892392 12.9074694539
11.5491165000 39.9573331138 13.7285856994
10.9083971589 40.6400270105 15.7146289431
11.2966294972 40.4976251929 15.2767495017
11.2314613096 41.1638030353 15.0412834086
11.1633262836 41.8735002422 4.9239643050
10.5941338713 41.6937185911 15.3984650316
11.1554691388 41.8773682450 14.7729094058
11.1613813898 42.8833738256 4.9912795174
10.7980436340 42.5017084902 14.7311966188
11.2887800103 42.3758077093 14.3090350156
11.0000606124 43.2294850198 14.0460191929
11.1951454090 43.9047077387 5.0730973353
10.8568598939 44.2190265400 13.5729304977
11.2784231169 44.7896888219 5.1953526025
10.7149645124 45.0413913449 13.1709755491
11.2669334295 44.5606427563 13.0552181659
11.2325458066 45.0979617377 12.7554365769
11.5290876680 45.4341844606 5.5301091404
11.0245042481 46.2128845920 5.3798240358
11.5797066753 46.1024355845 5.7846798270
10.8581413402 45.6480918289 12.6321461292
11.3637275843 45.4918380371 12.3257380187
11.0694499967 46.2583380783 11.9890933771
10.7359924124 46.7310569153 5.3847240101
11.2639137352 46.7404166792 5.8149995438
10.9248931918 47.0924292143 11.5115655160
10.9502643464 47.8935101194 6.3603833722
11.3125559961 47.4040247956 6.3086420160
11.3201301882 47.9410402233 6.7541016318
10.8337018855 47.6239207159 11.2087948268
11.2786088866 47.4522964666 11.0732169607
11.0969617765 47.8346586437 10.8811187657
11.3159038233 48.4707007672 7.3373126726
11.4412503811 48.2657848235 7.2667391711
11.7267751811 48.3997699673 7.8442506592
10.9986655461 48.0726884025 10.6264965547
11.0679507438 48.1828885802 10.2985041652
12.1477430317 1.8543209768 30.2615082248
12.4710612033 1.8172814282 30.2373823203
12.4287319849 1.6806848222 30.3460743829
12.3397389986 1.7355166481 30.4508320451
11.9110038750 2.4879262666 29.5544024854
12.3236013049 2.2482504172 29.9456032085
12.0213620978 2.0928791578 30.7045299723
11.9380004439 2.8540030997 31.0796530025
11.8896220942 2.9603092265 29.3452432432
12.1993345625 2.6447819926 29.6260444269
11.8496282777 3.5931235965 31.1147110493
11.2147666453 5.0733021710 25.4271856727
11.2442331084 4.7834286760 25.9514976618
11.5468448050 4.3262188314 28.5814617923
11.9601289613 3.6462110730 29.2788303321
11.9678972801 4.3682512181 29.4604666187
12.2628191116 3.7754768581 29.7995708528
11.6989582436 4.3594038685 30.8377026345
12.1760310534 3.7704306392 30.7888075216
12.1264606122 4.1809974195 30.4624856467
11.4104447535 5.8748576680 25.1867259750
11.4396826157 5.3484718732 25.8965863785
11.6895585825 5.2523585378 28.9843240980
12.1844631345 4.1908273407 30.0464973099
11.7584113057 4.9435734704 30.0342265044
11.3646905918 6.8037618354 24.6351811950
11.5867866164 6.6010273784 25.2616830216
11.5667068914 6.1769432469 25.8437712147
11.5887896652 6.3893549587 28.6152471625
11.5245942231 6.0345558607 29.4738535208
11.4498796265 7.8066963334 24.4308443192
11.5988793752 7.2546413540 25.0120958485
11.6152922344 7.1556948576 25.7089281119
11.5939437751 7.5979054876 28.4812401604
11.4358448181 7.1275811602 29.2097554165
11.1509383321 8.0730852942 39.8879204640
11.6074881258 8.8415565947 24.2465297512
11.6321141700 8.1123392163 25.1350367406
11.7026747930 8.7252959518 28.2981047059
11.5313789472 8.3761761462 29.1608352184
11.3293689250 8.7227170987 39.9496991717
11.2531715404 8.4383659534 40.3598622965
11.7651187907 9.7028655046 23.7000814684
11.8435372071 9.6804266177 24.4265977911
11.7201691914 9.1981526945 25.0496020340
11.8354802412 9.6906199958 27.8847585251
11.9429076375 9.7106199979 28.9221319224
11.5272936857 9.2858216387 29.7053448822
11.4021022947 9.5423638031 40.6022960258
11.7734743143 10.8791334340 22.1735072540
11.9169448584 10.5840629560 22.6070865611
12.0214495030 10.3989039196 23.2652719309
12.3017531762 10.9277918312 23.5466017802
12.0811956700 10.5140181348 24.1247861389
11.8932391636 10.2865659461 25.1716373917
11.8843153911 10.4222852738 27.1402817568
12.1668028503 10.5903483241 28.1033968796
12.2990848373 10.5465484176 28.8287229660
12.2415060659 10.4328593194 29.3243106171
12.2976626299 10.7794535974 29.6870541207
11.9150965435 10.2194309409 29.8561110030
11.4516796305 10.5859509899 40.2427876463
11.5432568814 10.6461609951 41.0307969421
11.4374380206 10.3779740909 41.6990629850
11.3785323077 10.5900798582 42.4393220320
11.2417415116 10.5855002646 42.7304737952
11.8453851587 11.4603138065 21.9514245956
12.1206571714 11.1064842064 22.3608266713
12.3188941024 11.2643166188 24.0162037631
12.3726448744 11.8699485751 24.0658097312
12.1796856925 11.5883926199 24.8552041086
12.0084716515 11.1397426933 26.1718639395
12.2162419956 11.3555840666 27.3111522795
12.4072855374 11.3830834121 28.0422778439
12.4325446513 11.0603773559 28.5455220278
12.1209477594 10.9331209862 30.1171239532
12.1428507101 11.6290032813 30.3583966712
11.3568487433 11.3021692996 40.1916582770
11.4688013689 11.3036438407 40.8319952993
11.5002464050 11.3586831878 41.7111388641
11.5287828545 11.1145889387 42.2941098385
11.4648725149 11.2588965980 42.6889780458
11.5873506130 13.1555622811 21.2316263488
11.9183327190 12.3492383126 21.6821363904
12.3126151889 12.7709282321 24.3008731305
12.4542255102 12.2758434427 23.6447003834
12.4371455692 12.8752842232 23.4828871712
12.2360654887 12.6839243757 25.1857812505
12.1984542539 12.2473114696 25.7775022422
12.3219198362 12.3706876556 26.7212778328
12.4832581489 12.1213754439 27.6972041306
11.8678863944 12.8486008753 31.4436691384
12.1820497294 12.5833297081 30.5536214834
11.5581938747 13.0291174610 33.4545651092
11.4669119987 12.9732745810 34.4177269067
11.3677583482 11.8530725024 42.4973864895
11.7092570186 14.0159044269 21.2721294460
12.1020913541 13.2613248712 21.6760008595
12.3223138185 13.7618334167 23.6352105759
12.4494740310 13.2831982019 22.9918349616
12.3640148758 14.0383519331 22.7707170725
12.2537519450 13.8314458397 24.5256431897
12.2574873408 13.4315499281 25.0622404615
12.3262416968 13.3605824897 25.9558333169
12.4804462220 13.2885190225 26.8098882177
12.5434982169 12.9019947331 27.3703535055
12.1579983951 13.7448348514 30.6531059649
12.4224218390 13.1517665428 29.9611876098
12.4359788611 13.8315890229 29.7394922190
11.8996530531 13.7348188234 31.6262078821
11.7146620860 13.3045612872 32.4148423897
11.6324240398 13.9167804395 33.2962226879
11.5453570754 13.8187842616 34.3068107172
11.4169266264 13.5166756299 35.0598592108
11.7566055682 14.9774127363 21.4977992660
12.1493390480 14.0991416256 21.7656548549
12.1807737575 14.9287773371 23.2594785608
12.2417219206 14.6928645801 22.4699991762
12.1955384655 14.7425681682 24.3404872395
12.2713875492 14.5031293881 25.4457255890
12.4202815915 14.2859963334 26.1858790777
12.5023399177 13.8958890505 26.6220601877
12.2849603046 14.7277140026 29.8678375327
12.5271931022 14.2329017110 29.1733770415
12.4639769542 15.0162154838 28.9016755302
12.0568271770 14.7495797959 30.7542913486
11.9450514499 14.3836520763 31.3549764461
11.7234051481 14.4331331859 32.3341328117
11.4072344547 14.4072046144 35.1626999204
11.5497250752 15.9504699479 21.5505282930
12.1472619088 14.7165961741 22.0009294721
11.9412970265 15.5824210840 22.3570507512
11.9934618622 15.9737838213 23.3497288284
12.0688130319 15.7967497562 24.1811604535
12.1307989472 15.6972746758 25.2159006784
12.4083862426 14.9053307190 26.2611509947
12.2724688606 15.6741617582 26.2953542736
12.4606062984 15.2895791328 26.7330737406
12.2048622125 15.9155131459 29.4783480273
12.3843595576 15.7507756188 28.5699796172
12.0245727429 15.6179828982 30.5127573498
11.8168398299 15.2849125745 31.5058687222
11.3145559662 15.0914503063 35.4125059364
11.3121875870 16.5494244549 21.5223328197
11.5386229638 16.5852898417 22.0907461673
11.7483561623 16.8334822450 23.0428817693
11.9078937904 16.7785498794 24.0351989109
11.9706908655 16.7238243295 25.0220737200
12.0328925615 16.7335850947 26.1412442712
12.3918102258 15.7906424651 27.0890244476
12.1616710885 16.6357666449 27.3505425862
12.1708127946 16.6705515769 28.6444515597
12.3968844387 15.9087554462 27.8298422198
12.0465517725 16.9307202754 29.6248607912
11.9563978483 16.6502276770 30.3668320364
11.7751992829 16.3704838035 31.2472062940
10.8445999819 17.9466415592 2.0990791651
11.3076460900 17.9831743071 5.3173149804
11.6326344566 18.0610450946 5.8335190321
11.7558316893 17.8593738993 6.3653888345
11.7198631419 17.8108857837 7.0335459223
11.4866114488 17.9866477913 7.6768784889
11.6950423357 18.5087204655 7.9793453561
11.6997484286 17.8309070640 23.8785495262
11.8284128384 17.5524438837 24.7445150901
11.7952038926 17.8162776761 25.8117553613
11.8355865016 17.8237724982 27.1642258390
11.9374946913 17.7101675534 28.3395719692
11.9433200880 17.7225527197 29.3949337396
11.8759709776 17.6196923637 30.2929627952
11.7338215548 17.3864936344 31.1182680267
11.6231663471 18.7632830031 6.1918199157
11.7196210455 18.4507785676 6.0499362994
11.8342365460 18.7089062407 6.5586068516
11.7513631836 19.0546150660 7.9430608039
12.0310327392 18.6024565749 7.7100943129
11.9592043867 18.9674768069 7.5535139182
11.5345835375 18.9083729771 23.8918251050
11.6443724866 18.6436747121 24.9092582433
11.6963594264 18.5848065141 28.2023287667
11.7403817334 18.7160795941 29.2502089693
11.7687945368 18.5359893062 30.1912922617
11.6830608410 18.3477251369 31.0185878126
11.5972303204 19.6152541994 7.6069570127
11.7409360618 19.1471238598 7.0573383251
11.4363578281 19.6310703977 8.0593196144
11.3176785153 19.8163475269 23.5880262469
11.5053448209 19.6023892615 24.3709306359
11.6315992165 19.3614279710 30.1339695033
11.6096373904 19.2065298825 30.8862783246
11.6256607094 20.5033252686 34.6358197977
11.5113874478 20.1903618004 35.5911506525
11.2957865403 19.9417177885 36.1821945134
11.3703108938 20.3862969682 24.0858070676
11.7306107687 21.3112413292 33.7896274633
11.8097352160 21.4118492175 34.8472805505
11.7246602379 21.1284533572 35.6110785523
11.4540496623 20.8192735907 36.4658129858
11.4066099968 22.4508452939 7.4499839578
11.1190939419 22.6428156698 15.7539449053
11.6407658453 22.5895617018 28.4706381374
11.7243433519 22.3888833155 29.5045193671
11.7618128520 22.2990418701 30.5648353212
11.7749671525 22.2206562641 31.6677832653
11.7912238849 22.0661660923 32.8513665361
11.8798404673 22.3258486918 33.8728099568
11.8920727225 22.1839343331 34.6911210995
11.8672639284 22.0837618128 35.6247301925
11.7181274068 21.9169077255 36.5300663722
11.4074708147 21.7473312945 37.3117405448
11.4764237999 22.8748410397 7.3068712983
11.5889162418 22.7840407557 7.4532048838
11.4592851974 23.1028978882 7.5112907539
11.2656002834 23.0887124611 15.8891891663
11.8508518245 23.4496692861 18.5822816550
11.9449705223 23.3441910538 19.2967255619
11.8220725201 23.2499782512 19.8534135181
12.1662887375 23.7156321056 20.0929121074
11.5802444507 23.2421645884 27.7955462968
11.7856030040 23.4636107104 28.5948736593
11.8670634651 23.2485983828 29.3292742778
11.9238655123 23.1986464396 30.2992922052
11.9313508076 23.1866306048 31.3994455937
11.9127004858 23.1014938243 32.5326696349
11.9229545148 23.0818622715 33.6063633363
11.9370563626 23.0788848410 34.5937216928
11.9169367306 23.0253504561 35.5632117941
11.8319966306 22.9467685402 36.5523706367
11.6142062100 22.8383655519 37.5630585774
11.5830245031 23.1930210893 7.3464762631
11.3615155550 23.4354127171 7.3908196012
11.5845184365 23.9899270770 16.2150853603
11.9821987964 24.1187564790 17.5692382646
12.2372330104 24.0943170823 18.4904349737
12.2523164468 23.8502284196 19.1280409817
11.9694364606 23.9222369977 21.0957714011
12.2409896322 24.1109681262 20.5973017383
11.8537298514 24.1613633027 21.6652577085
11.7530693505 24.2571788260 28.2676416475
11.9535514339 24.1108672669 29.2125787982
12.0282092733 23.9381249776 29.9967558955
12.1067491585 24.3219342873 31.0801323243
11.9934346688 24.1153088903 32.3437867241
11.9380595073 24.0089937106 33.4510172166
11.9213363456 23.9453161477 34.4586101948
11.8888521015 23.9374950455 35.4422303642
11.8224762920 23.9227867111 36.4661629527
11.7045036839 23.8505183107 37.4745991038
11.4935101539 23.8133332437 38.4179944719
11.7392494357 25.1864911313 15.5792114754
12.1192659391 25.1531335147 16.5782107351
12.3504598096 25.0390822341 17.4479626565
12.4170691722 24.7359994248 18.2202773539
12.4533187079 24.4269704999 18.9340349756
12.2194802415 24.4488895455 21.2374429515
12.0875233837 24.6739643679 21.7627888033
12.1073203053 25.2132095171 21.9741186276
11.7771654652 25.4609769858 28.2787370626
11.9625599519 24.9369660468 29.0597369271
12.1580460678 24.9258152762 30.0701774230
12.2911676473 25.0544069324 30.8575184722
12.2475067467 25.1338876519 31.3951542178
12.1976643734 25.6840661147 31.6377797782
12.0219552566 25.1706206151 32.2134209726
11.8726222949 24.9444588040 33.3472686365
11.8128729064 24.8097907095 34.3929768767
11.8084956158 24.6447507186 35.2229200367
11.6701167098 24.8752736614 36.2499073075
11.6013795185 24.7420389546 37.3369289571
11.4654484461 24.6514557642 38.2624787582
11.2299802894 24.5501823901 38.9933984832
11.7368912843 26.1031900483 14.9311087781
12.1225302246 26.1667619131 15.7701826471
12.3730725524 25.9598882681 16.5073995267
12.4436825415 25.6196466508 17.0668498476
11.7601487340 26.3141122106 22.6446861770
12.1022258904 25.9639579569 22.0379617479
11.6210914326 26.4197619927 27.6812300638
11.8298933807 26.3621764795 28.5993870047
12.0162458123 25.9231806586 29.5057492149
12.2619737485 25.6879301984 30.2460562838
12.3398110669 25.4199049217 30.6019051286
11.7543549792 26.2012242428 32.2811786350
12.1063299452 26.1716811196 31.5141573181
11.6734826482 25.8021490070 33.2422772732
11.5572933065 25.6399837311 34.2930668123
11.5181696983 25.4621397352 35.4356688129
12.0023830963 27.2938340608 14.9790646322
12.2892095033 26.8914643109 15.8063949363
12.4051555670 26.4853930219 16.2555335793
12.3634430881 27.6947980974 19.1093265300
12.5396727121 26.9907956012 18.6549691420
12.4654511800 27.4652244546 18.2442237456
12.2995112792 27.4854077312 20.1960078601
12.5123058522 26.8186725538 19.4715466131
12.1876039549 27.2246412396 21.1883553811
12.4526198634 26.6129033214 20.4537556916
12.0135971092 26.8107704635 22.0192421042
12.3282864155 26.3432460143 21.3347033176
11.6907104893 27.1170974203 22.6820944630
11.5438213758 27.4459478816 27.4666057537
11.6798179424 27.1104756012 28.4121036159
11.8117135418 26.7960881631 29.2229187218
12.1736653770 26.1640069851 30.3428760598
11.7752372358 26.8331885559 30.3186879596
11.7649683549 26.6464948803 31.4276483869
12.1515835180 26.3031557993 30.9306038555
11.7634889183 28.7317852792 9.9184891606
11.7868596740 28.5667082763 10.5799402104
11.7740746755 28.3856354905 11.3531556346
12.0001842592 28.6591994840 12.4130074921
11.9687163197 28.2887859995 13.8608700386
12.1054149079 28.4638526610 14.9929692144
12.2968901008 27.4275344322 15.9021639582
12.2226634355 28.2363543447 15.9636539725
12.3139947093 28.3497235588 17.0984967294
12.4015867956 27.6304310283 16.6089263859
12.3239098940 28.2632513838 18.1904984176
12.4551328264 27.6072949695 17.4809739957
12.2470521366 28.5689368573 19.0811260884
12.1931142579 28.4084959666 19.9230116113
12.0687487518 28.2045107226 20.9637213334
11.8646482906 27.8326863472 22.0269155088
11.4171207297 28.3050954198 27.2930542668
11.4412028216 27.9118553723 28.2539452433
11.4594343185 27.5712148475 29.3629093574
11.7960497685 29.5897136239 8.5567918253
11.9005933437 29.3501687308 8.9768717418
12.0158464251 29.2196863916 9.5754308842
12.3916740303 29.8004380751 9.9471279739
12.1255742069 29.1878941365 10.2866059105
12.1941083891 29.1900764373 11.2627907193
12.3250566551 29.3594187564 12.0638471165
12.3338257214 29.4134901976 12.6656248232
12.4970008198 29.9566804269 13.0624235109
12.2578248254 29.3662291118 13.5160656963
12.1954245907 29.2364409113 14.6152678989
12.2252034498 29.2047993857 15.6552176355
12.2668937752 29.1647244324 16.6994810589
12.2825650779 29.1263998452 17.7444134697
12.2555741179 29.0655469201 18.6120463121
12.2119811127 29.4828733596 19.5459432465
12.0569852813 29.1052211514 20.5920470735
11.8472667932 29.1811873795 21.7891138877
11.7177036127 29.5660601321 23.8280259147
11.7752156952 29.6626531926 24.9085650154
11.4350683483 28.9654455527 26.2355278040
11.8755474915 30.1578711936 8.3403203998
12.1335532126 29.8846500839 8.7586633949
12.4321166883 29.7992790666 10.6346303739
12.6052310260 30.3411057970 10.3691088082
12.5079697629 29.9465140585 11.2273158040
12.4757977959 29.7825197059 11.7082984829
12.4720963213 30.1047902282 13.7008208545
12.6253836880 30.5327200965 13.4691582688
12.3944709810 30.0401689213 14.3926924212
12.3591629433 30.0226849154 15.3586871460
12.3555907261 29.9925693203 16.3738963638
12.3537688064 29.9355009562 17.3954711437
12.3348658090 29.8765131613 18.4479049770
12.3790162727 30.3227395402 19.1074822230
12.2754612595 30.2857673116 19.7614610401
12.2726928003 30.7228650814 19.8789334469
12.0208829233 30.2999942491 20.6623668967
11.7830381413 30.0827372796 22.7528239723
12.0347812531 30.4583278497 23.8447625827
12.1404226966 30.4314950085 24.5699794488
11.9887733068 30.3786790060 25.0738634401
11.8258889354 30.9684248955 25.2654440986
11.5340017097 30.0835921152 25.7694258837
11.7580816561 31.8543128194 7.2945258135
11.9993607238 31.1213303525 8.0365796158
12.6341457460 30.3826333973 10.9157313004
12.6069892165 30.7245960536 14.1783286713
12.5651891521 30.7856456062 15.0980743035
12.5324203462 30.7691044566 16.0879262759
12.5019719713 30.6826801365 17.0634485989
12.4664908513 30.5763552910 17.9907931302
12.4383001712 30.4905569861 18.5842535341
12.3784316430 31.5299522000 19.1905867906
12.1606900527 31.3826376706 19.9155955901
12.3767941485 31.0712180200 19.4488090230
11.8572223840 31.5626622754 20.9179841715
11.9928272303 31.3657802406 22.8397303350
12.2559010374 31.2523813574 23.7105882336
12.2843363490 30.8865056791 24.2150290061
11.7674697860 31.8352420067 25.0121841582
11.8182785648 32.6702535364 6.8032020683
12.1590305996 32.6845763920 7.3915463761
12.3241664335 32.2306835515 7.9877450123
12.2305194070 32.2064322458 19.1697390481
12.4628680668 31.9086593451 18.6325413529
12.3987989354 32.6839254784 18.3001640684
11.8854630757 32.4217062633 19.9875944794
11.8112373990 32.2199890483 21.7716033271
12.1146618000 32.4809584495 22.7044818371
12.2990010210 32.0701651498 23.4307652467
11.6530414795 32.6567042336 24.6230855672
12.1114831083 32.1886908008 24.5779745465
12.0966558020 32.6947561265 24.2409339021
11.6022088571 33.9769181556 5.7023181024
11.7583929599 33.4033095750 6.0192478992
11.9266449645 33.2390603194 6.4290628649
12.1044999087 33.6911316247 6.4606202774
12.2104200265 33.5752652082 7.0846824961
12.4727463015 33.2140601323 7.9419117478
11.9664489749 33.3498543615 18.9074694274
12.2903285517 33.5225702404 17.9547714817
11.8731858131 33.3727625197 22.2275934272
12.1913521383 32.9962771389 22.8661329148
12.2878362913 32.6445459524 23.0930009478
12.0815253912 33.3642116901 23.4001188640
11.7353652057 33.4052090239 23.8980140841
12.1943873321 32.9410315539 23.8210087169
11.6299072913 34.9666695102 5.5931686426
11.9816981615 33.7822098847 6.1559858363
12.0414365199 34.4707865901 6.4972878807
12.3140999834 34.5892735406 7.3906954399
12.5089105384 34.1878627587 7.9619940556
11.9217783935 34.5194980119 17.8222629856
12.3863213638 33.9184245160 17.3251460285
12.2880743364 34.4896534390 16.9254216228
11.6652054652 34.3112305719 18.7413271855
11.5897112361 34.3897219451 21.9090527815
12.0939961485 33.3746424938 22.9524790024
11.6975068014 34.0116665025 22.9014591470
11.6238447929 36.0578928046 5.4178841388
11.9100301945 35.7406940462 6.3664475931
12.1999990051 35.6100321956 7.4403848821
12.4749502808 35.1223665174 8.0805429809
12.3784160493 35.9254853082 11.9462579556
12.6153272866 35.3243767409 11.3669421598
12.4779553915 35.9712851048 11.0458929668
12.3423061919 35.7944156891 12.8345435412
12.5916834704 35.1520356440 12.1448581893
12.3322947518 35.7116709464 13.6763702597
12.5707077341 35.1010530596 13.0800186500
12.5470607017 35.1585212721 13.8509968561
12.0080385938 35.7585948939 15.6296497727
12.4274203525 35.0827602728 15.3325281498
12.3078685862 35.5395267788 14.8789634087
11.9718615118 35.2116669206 16.7264159821
12.3687475584 34.8037009801 16.1025181507
11.3317282507 35.0577837556 21.5394044852
11.3253857967 34.8732740388 22.2515331512
11.3894135631 36.9194033448 4.8728244498
11.6988582756 36.9886826312 5.6697038283
11.8254808521 36.6190699077 6.2165993502
11.9255923274 36.8632814397 7.2073184983
12.4020842755 35.8610936575 8.2869152750
12.1820268434 36.6182228363 8.3615069864
12.4391484607 36.2161599164 8.8086230425
12.1336356134 36.7649482611 11.5889626026
12.3190548747 36.5891179730 10.6960735525
12.0938457967 36.5352100135 12.6342482243
12.1145943763 36.2810459002 13.4257224036
12.3782224687 35.5460260036 14.3048207348
12.0320767930 36.2291297250 14.3997458741
11.6093696912 37.9294981910 5.4745910857
11.7927066545 37.5846314111 6.5793324686
11.8674255291 37.6315661229 8.2069654098
12.3262065756 36.6494898050 9.1902213406
12.0175839421 37.3480649283 9.3794524956
11.9957624196 37.3439103796 10.6596195699
12.3189620063 36.7201404931 9.9347663708
11.8282649296 37.5550631012 11.6193752885
11.8275620584 37.3328616185 12.4480630264
11.8188071075 37.0259555143 13.4986637688
11.6257641114 39.1386668623 5.5210380578
11.8084800822 38.7413991200 6.4130063733
11.7967791289 38.3708033019 7.5466432437
11.6179906743 40.2216146491 5.4652392151
11.8821789709 39.8782560780 6.2459587993
11.9689460499 39.6607560661 7.2355156189
11.8960660603 39.5851062709 8.3681969422
11.8288502400 39.8708378096 9.3776957083
11.5195488895 40.0602110035 14.3932327068
11.3821254314 40.0319137529 15.1098621622
11.6279210574 41.2619732692 5.4365271616
11.9085798069 40.7914901447 6.0205859576
12.1513152750 40.8551761418 6.9002206852
12.1930292524 40.5811857277 8.0087125976
12.1413219821 40.5379945490 9.0672846185
12.0224210715 40.5283219841 10.1596418176
12.0071095058 40.7355724973 11.2835392471
11.9469092853 40.9476526191 12.4115048461
11.6974700682 40.7397480303 13.6447735846
11.5035022432 40.6743282993 14.6461049035
11.6082985207 42.1744387151 5.3847824781
12.0688510975 41.8798418605 6.1268492474
12.3903262225 41.8083616024 6.9839543814
12.4535958618 41.5286464137 7.7764908661
12.4549845435 41.3548041155 8.7748127712
12.4026437441 41.2857027642 9.7878143330
12.3400023151 41.2979417900 10.7706515406
12.2858177261 41.4197865428 11.6701183027
12.2274178834 41.6716338928 12.3290189437
12.2760619275 42.1983583648 12.4296606289
11.9627013410 41.8150403663 13.0723403218
11.5533215619 41.6096410107 14.1952193742
11.8063666598 43.0746374773 5.5887163289
12.2845568827 42.8592245360 6.2331758070
12.4456861153 42.4355612597 6.7131046980
12.0933364235 42.9628548213 12.6120047514
12.4120918640 42.5757956907 12.0300949046
12.4105728056 43.1022666861 11.8342844254
11.6297732130 42.6216304736 13.6068577289
11.7673438400 44.1812265738 5.5224317644
12.2442620059 43.7441300931 6.1034294423
12.2225917591 43.8871427042 11.8903344627
12.5262807409 43.4706056138 11.2723784630
12.4923364862 44.2441161911 10.9628372207
11.9355712289 43.8134916906 12.5447950138
11.5510008389 43.7288798097 13.1588416877
11.7102550924 44.8026282267 5.5071424580
12.0971247438 44.7879759879 5.9826060425
12.1573167558 44.9152697635 11.4302455449
12.4414162162 45.0443072306 10.6989576777
11.7214425910 44.6594206553 12.3888210143
11.8637611789 46.3869897346 6.2160713399
12.0199307115 45.6857990985 6.1125359099
12.2558173512 46.0840074132 6.6254393192
12.1778109288 45.8712906879 10.8188450130
12.5384625273 45.4792857596 10.1816191066
12.4565730463 46.2537072515 9.9688264180
11.7203705526 45.6804067271 11.7085845233
11.6743474269 46.8573818909 6.2666237613
12.0459976286 46.8271434136 6.7714582680
12.0883368830 46.7754815120 10.4481857379
12.3026353628 47.1219386355 9.7805978424
11.6065858288 46.7295143396 11.1639407626
11.7132450055 47.9676287225 7.1703999799
11.8554271729 47.5723112606 7.0332337489
12.0193591626 47.8640821154 7.5850524828
11.6661887685 47.6381066998 10.4009800169
12.1717940618 47.7341888189 9.5559027198
12.0143258537 48.2695262946 8.6184265783
12.0179868284 48.1666992382 8.0975397260
11.8869651886 48.0724626772 9.5698358041
12.2178486681 47.9810348497 8.8800582002
12.4874577506 1.7974559051 30.4357158593
12.5923375849 2.0106146340 30.2638896196
12.5640274647 2.0954170577 30.5559369796
12.4764196193 2.5283671777 30.7377861061
12.6948768658 2.4458322746 30.5067911397
12.3761960938 3.0128546776 29.8533807863
12.6294874277 2.4796016692 30.1936398559
12.6050786872 2.8495970051 30.4371119399
12.3471678439 3.1688947525 30.8209627521
12.3961413126 3.5731426695 30.3495385886
12.3168812057 11.1036763692 22.9091506646
12.4756467699 11.0838942780 29.1640456277
12.3135285715 11.7829764539 22.3767666717
12.4875245113 11.6876174250 22.8993837343
12.4584760387 11.6076852702 23.4353175982
12.5876619276 11.8008820854 28.5640848751
12.6021272503 11.7805224975 29.2695686038
12.4237043759 11.3945451999 29.7628742956
12.3382694902 12.6258127002 22.1505623891
12.4917194169 12.4173308717 22.8995580464
12.6580452304 12.8488963839 28.2001064403
12.6621127262 12.4060002787 28.9831247231
12.4989988808 12.3116387272 29.7368986486
12.3944159565 13.4122564604 22.3111651001
12.6342189029 13.7759278616 27.4833757477
12.6982217856 13.5635692849 28.2641375667
12.6237204887 13.3256925683 29.0576585473
12.3266598193 14.1974943599 22.2126328076
12.5506048414 14.6168183487 26.8485997750
12.6375600969 14.6478375987 27.5915071754
12.6432569352 14.2605734264 28.3496876391
12.5410372191 15.2732104297 27.3354986511
12.5550516949 15.1665201503 28.0776934810
11.9874268934 18.2386552936 6.5115803610
12.0596745154 18.0625331987 6.9640893162
11.9921215430 18.1824085577 7.5014042471
12.0850375214 18.5244802957 7.1717169380
11.6746976060 23.0041809245 7.3833593013
12.2004209881 23.6498494212 19.6355977655
12.4521297601 24.3636568194 19.7825192011
12.5805406616 25.6213186548 17.8806889104
12.6058141263 25.2140528597 19.0293907163
12.6179135203 25.2511356505 20.0105813224
12.4764791008 24.9251996857 20.7629500064
12.3258170994 24.9659061118 21.4657561853
12.3554346451 25.5121096496 31.0852152616
12.5596336902 26.3573055251 17.0627965386
12.6524049150 26.2510176732 17.8311964556
12.6388755923 26.2303582727 18.6296951715
12.6211747323 25.9823698775 19.7258607130
12.5480248419 25.7898747669 20.6519864864
12.3834720202 25.5483657911 21.4160295983
12.3379542665 25.8612814903 30.7372630715
12.3083671879 25.9209467406 31.1974284841
12.4582923018 26.9941518473 16.3935071574
12.5366829858 27.0917263779 17.0390946031
12.5927515435 26.8459583970 17.8310509439
12.3085823698 29.8702015295 9.2762003604
12.5302776063 29.9200145524 12.3275091227
12.3930978184 30.6668211128 8.9003804666
12.5982533689 30.5455329898 9.7797560143
12.7044526981 30.6111612229 11.7623699716
12.6960308736 30.6212002168 12.8157869464
12.3961008402 30.6875819060 19.4156009869
12.2332189817 30.9185767111 24.6930914182
12.5606981872 31.8036371238 8.7726409103
12.7423349012 31.5200609155 9.6842438727
12.7932671085 31.2256632155 10.7799712258
12.8864464002 31.6356566935 11.8695081247
12.8614702430 31.5053479128 12.7112572974
12.7939969708 31.3784833144 13.7294858014
12.7620942555 31.5372181242 14.8391065939
12.7174826516 31.5435093052 15.8475869553
12.6545756118 31.4311358332 16.8405127666
12.5827676750 31.1829741517 17.6721255955
12.4934409553 31.0955877150 18.6701214697
12.3594001055 31.4812779027 24.1567048627
12.2093017089 31.5805488092 24.6752160680
12.6780295521 32.8560642927 8.7112307549
12.8302739052 32.5848996741 9.5738938056
12.9010228036 32.4252889978 10.5583467364
12.9318949002 32.4244049729 11.6136750960
12.9448378357 32.4566694302 12.6294776286
12.9228330510 32.4055233458 13.6171360831
12.8843789729 32.3840696734 14.6404660766
12.8392941866 32.3489253780 15.6403821767
12.7552505891 32.2556434452 16.6269167957
12.6135230908 31.9719716894 17.7354272324
12.3203311107 32.2606113923 24.0700573364
12.0244473651 33.5025890158 6.2418961087
12.7101211984 33.8475859668 8.6973042809
12.8506079768 33.5670400709 9.4960929439
12.9061934677 33.4363702264 10.4046553662
12.9106320294 33.4101169028 11.4384677518
12.9116215497 33.4004944604 12.5107297056
12.9165788602 33.3557894955 13.5217148761
12.8927445634 33.3077413856 14.5025724251
12.8387172314 33.2220755312 15.5051206138
12.7873032181 32.9876671128 16.3305997152
12.6020039377 33.0607812868 17.2785152257
12.2897181046 32.8489972126 23.3807966420
12.6730345321 34.7916045606 8.7343742048
12.8047412957 34.5002775328 9.4992410921
12.8650658794 34.2180062330 10.2057871895
12.8032036501 34.4320380979 11.2012267683
12.7837450332 34.3206970537 12.3300948116
12.7655603039 34.3587729886 13.4777906056
12.8166491158 34.0681537492 14.3011650314
12.6971493281 34.2208192826 15.2906335082
12.6172572153 33.8557845467 16.4407091618
12.5788771671 35.6188502686 8.7923010253
12.6967775045 35.3952636102 9.5029743381
12.7293507534 35.1358607230 10.4345659672
12.5961084249 34.8971772677 14.5342355922
12.5313469251 36.1448426969 9.4073777862
12.5544656284 36.0224079697 10.1804946051
12.6520450331 42.5001103486 7.5545286925
12.6901668637 42.2069033491 8.5639090140
12.6633100014 42.0353861805 9.5252903884
12.5946341101 41.9498692162 10.4580895470
12.5066544254 41.8625420452 11.2147550315
12.4384375459 42.0454508951 11.8541880698
12.6023920438 43.3122934000 6.8974311386
12.8164268474 43.3670805340 7.7415205361
12.8385448149 43.0862852696 8.4725424302
12.8038311451 42.8520946272 9.3991214589
12.7328029126 42.5880175049 10.1963285840
12.5960950626 42.6297263202 11.1838488682
12.5576899422 44.3863852462 6.7422714001
12.8094795344 44.1433135147 7.5706930547
12.8966382799 43.9506811625 8.4056530822
12.8546734753 43.7549812697 9.2918512915
12.7199787334 43.4586673942 10.3504442493
12.4420472852 45.3610598459 6.6959960904
12.7352691711 45.1239753154 7.4943053851
12.8614779768 44.8562001447 8.3614040750
12.8617072554 44.5442400138 9.0843800194
12.7032372488 44.5954526990 10.0039035439
12.5341755537 46.1924242739 7.3961050120
12.7541763240 45.8609775934 8.3401317316
12.7370895653 45.4778461828 9.3140383876
12.3200958837 47.1939343016 7.5721194292
12.5915632649 46.8464999576 8.3058771412
12.6172879951 46.5398399786 9.1425218682
12.3520265477 47.6445685439 8.2668612554
12.4525850677 47.3863935245 9.0161986458
3 2 1 0
3 0 3 2
3 6 5 4
3 6 4 1
3 4 0 1
3 4 7 0
3 3 0 8
3 8 0 7
3 5 9 4
3 4 9 7
3 7 9 10
3 7 10 8
3 13 12 11
3 11 14 13
3 17 16 15
3 17 15 12
3 12 15 11
3 15 1 11
3 1 2 11
3 19 18 3
3 3 18 2
3 18 14 2
3 14 11 2
3 19 20 18
3 15 16 6
3 16 5 6
3 16 21 5
3 15 6 1
3 23 22 19
3 3 23 19
3 8 23 3
3 19 22 20
3 21 24 5
3 5 24 9
3 9 25 10
3 24 25 9
3 8 10 23
3 23 10 25
3 28 27 26
3 30 29 26
3 26 29 28
3 30 31 29
3 26 27 32
3 32 27 33
3 26 34 30
3 26 32 34
3 31 30 35
3 35 30 34
3 33 36 32
3 32 36 34
3 34 36 37
3 34 37 35
3 40 39 38
3 38 41 40
3 39 42 38
3 38 42 41
3 45 44 43
3 43 46 45
3 49 48 47
3 49 47 44
3 44 47 43
3 47 12 43
3 12 13 43
3 51 50 14
3 14 50 13
3 50 46 13
3 46 43 13
3 51 52 50
3 55 54 53
3 53 56 55
3 47 48 17
3 48 16 17
3 48 57 16
3 47 17 12
3 18 51 14
3 18 20 51
3 20 52 51
3 20 58 52
3 54 59 53
3 59 60 53
3 60 61 53
3 62 56 53
3 62 53 61
3 61 63 62
3 66 65 64
3 68 67 64
3 64 67 66
3 57 67 68
3 21 57 68
3 16 57 21
3 70 69 22
3 70 22 23
3 20 22 58
3 58 22 69
3 60 71 61
3 61 71 63
3 65 72 64
3 74 73 72
3 73 64 72
3 73 68 64
3 75 24 21
3 68 75 21
3 73 75 68
3 24 75 76
3 77 24 76
3 25 24 77
3 23 25 70
3 70 25 77
3 80 79 78
3 82 81 78
3 78 81 80
3 84 83 82
3 82 83 81
3 86 85 84
3 84 85 83
3 86 87 85
3 74 88 73
3 73 88 75
3 75 88 89
3 75 89 76
3 78 79 90
3 90 79 91
3 78 92 82
3 78 90 92
3 82 93 84
3 82 92 93
3 84 94 86
3 84 93 94
3 87 86 95
3 86 96 95
3 86 94 96
3 96 97 95
3 90 91 98
3 98 91 99
3 90 100 92
3 90 98 100
3 92 101 93
3 92 100 101
3 93 102 94
3 93 101 102
3 94 103 96
3 94 102 103
3 97 96 104
3 96 105 104
3 96 103 105
3 105 106 104
3 98 99 107
3 107 99 108
3 107 27 28
3 100 107 28
3 98 107 100
3 100 28 29
3 100 29 101
3 101 29 31
3 109 101 31
3 102 101 109
3 102 110 103
3 102 109 110
3 103 111 105
3 103 110 111
3 106 105 112
3 112 105 111
3 107 108 113
3 113 108 114
3 113 33 27
3 113 27 107
3 35 115 109
3 35 109 31
3 109 116 110
3 109 115 116
3 110 117 111
3 110 116 117
3 112 111 118
3 118 111 117
3 121 120 119
3 121 119 114
3 119 113 114
3 119 122 113
3 123 36 33
3 113 123 33
3 122 123 113
3 124 37 36
3 124 36 123
3 115 35 37
3 124 115 37
3 125 115 124
3 115 126 116
3 115 125 126
3 128 117 127
3 117 126 127
3 117 116 126
3 117 128 118
3 119 120 129
3 129 120 130
3 119 131 122
3 119 129 131
3 122 132 123
3 122 131 132
3 134 124 133
3 124 132 133
3 124 123 132
3 124 134 125
3 125 134 135
3 125 135 126
3 126 135 136
3 126 136 127
3 130 137 129
3 129 137 131
3 131 137 138
3 131 138 132
3 132 138 139
3 132 139 133
3 142 141 140
3 140 143 142
3 140 141 40
3 141 39 40
3 141 144 39
3 40 41 140
3 41 143 140
3 41 145 143
3 144 146 39
3 39 146 42
3 41 42 145
3 145 42 146
3 149 148 147
3 147 150 149
3 153 152 151
3 44 45 151
3 45 153 151
3 45 154 153
3 156 155 46
3 155 45 46
3 155 154 45
3 156 157 155
3 160 159 158
3 162 161 158
3 158 161 160
3 161 162 148
3 162 147 148
3 162 163 147
3 150 147 164
3 147 165 164
3 147 163 165
3 165 166 164
3 169 168 167
3 169 167 152
3 152 167 151
3 167 48 151
3 48 49 151
3 151 49 44
3 50 156 46
3 50 52 156
3 52 157 156
3 52 170 157
3 158 159 171
3 171 159 172
3 171 54 55
3 162 171 55
3 158 171 162
3 162 55 56
3 173 162 56
3 163 162 173
3 163 174 165
3 163 173 174
3 166 165 175
3 165 176 175
3 165 174 176
3 178 177 176
3 176 177 175
3 180 179 178
3 178 179 177
3 179 180 168
3 180 167 168
3 180 181 167
3 181 57 48
3 181 48 167
3 184 183 182
3 183 170 182
3 170 58 182
3 170 52 58
3 171 172 185
3 185 172 186
3 187 59 54
3 171 187 54
3 185 187 171
3 62 173 56
3 60 59 187
3 173 62 63
3 188 173 63
3 174 173 188
3 174 189 176
3 174 188 189
3 176 190 178
3 176 189 190
3 190 65 66
3 180 190 66
3 178 190 180
3 180 66 67
3 180 67 181
3 181 67 57
3 184 182 69
3 70 184 69
3 191 184 70
3 69 182 58
3 194 193 192
3 194 192 186
3 192 185 186
3 192 195 185
3 185 196 187
3 185 195 196
3 197 71 60
3 187 197 60
3 196 197 187
3 188 63 71
3 197 188 71
3 198 188 197
3 188 199 189
3 188 198 199
3 189 200 190
3 189 199 200
3 201 72 65
3 190 201 65
3 200 201 190
3 201 74 72
3 203 202 77
3 203 77 76
3 70 77 191
3 191 77 202
3 206 205 204
3 206 204 193
3 193 204 192
3 204 79 192
3 79 80 192
3 192 80 81
3 192 81 195
3 195 81 83
3 195 83 196
3 196 83 85
3 196 85 197
3 197 85 87
3 207 197 87
3 198 197 207
3 198 208 199
3 198 207 208
3 199 209 200
3 199 208 209
3 200 210 201
3 200 209 210
3 211 88 74
3 201 211 74
3 210 211 201
3 88 211 212
3 213 88 212
3 89 88 213
3 76 89 203
3 203 89 213
3 204 205 214
3 214 205 215
3 214 91 79
3 214 79 204
3 95 207 87
3 207 95 97
3 216 207 97
3 208 207 216
3 208 217 209
3 208 216 217
3 219 210 218
3 210 217 218
3 210 209 217
3 210 219 211
3 211 219 220
3 211 220 212
3 214 215 221
3 221 215 222
3 221 99 91
3 221 91 214
3 104 216 97
3 216 104 106
3 223 216 106
3 217 216 223
3 218 217 224
3 224 217 223
3 221 222 225
3 225 222 226
3 225 108 99
3 225 99 221
3 112 227 223
3 112 223 106
3 224 223 228
3 228 223 227
3 231 230 229
3 231 229 226
3 229 225 226
3 229 232 225
3 232 114 108
3 232 108 225
3 234 233 227
3 112 234 227
3 118 234 112
3 227 233 228
3 229 230 235
3 235 230 236
3 235 120 121
3 232 235 121
3 229 235 232
3 232 121 114
3 127 237 128
3 237 238 128
3 238 118 128
3 238 234 118
3 236 239 235
3 120 235 239
3 240 120 239
3 130 120 240
3 133 241 134
3 242 135 134
3 242 134 241
3 243 136 135
3 243 135 242
3 243 244 136
3 136 244 127
3 244 245 127
3 245 237 127
3 237 245 238
3 137 130 246
3 130 247 246
3 130 240 247
3 248 138 137
3 248 137 246
3 249 139 138
3 249 138 248
3 241 133 139
3 249 241 139
3 250 241 249
3 252 242 251
3 242 250 251
3 242 241 250
3 242 252 243
3 243 252 253
3 243 253 244
3 246 247 254
3 254 247 255
3 257 248 256
3 248 254 256
3 248 246 254
3 248 257 249
3 249 257 258
3 249 258 250
3 250 258 259
3 250 259 251
3 255 260 254
3 254 260 256
3 262 261 142
3 142 261 141
3 264 263 143
3 263 142 143
3 263 262 142
3 264 265 263
3 268 267 266
3 261 268 266
3 144 261 266
3 141 261 144
3 270 269 264
3 143 270 264
3 145 270 143
3 264 269 265
3 267 271 266
3 266 271 144
3 271 146 144
3 271 272 146
3 145 146 270
3 270 146 272
3 275 274 273
3 273 276 275
3 279 278 277
3 281 280 277
3 277 280 279
3 283 282 281
3 281 282 280
3 283 284 282
3 274 285 273
3 273 285 276
3 277 278 286
3 286 278 287
3 277 288 281
3 277 286 288
3 281 289 283
3 281 288 289
3 284 283 290
3 290 283 289
3 286 287 291
3 291 287 292
3 294 288 293
3 288 291 293
3 288 286 291
3 288 294 289
3 289 294 295
3 289 295 290
3 298 297 296
3 300 299 296
3 296 299 298
3 300 301 299
3 304 303 302
3 306 305 302
3 302 305 304
3 308 307 306
3 306 307 305
3 310 309 308
3 308 309 307
3 312 311 310
3 311 291 310
3 292 309 310
3 292 310 291
3 291 311 293
3 315 314 313
3 317 316 313
3 313 316 315
3 316 317 297
3 317 296 297
3 317 318 296
3 296 319 300
3 296 318 319
3 301 300 320
3 300 321 320
3 300 319 321
3 321 322 320
3 325 324 323
3 325 323 303
3 323 302 303
3 323 326 302
3 326 148 149
3 306 326 149
3 302 326 306
3 306 149 150
3 327 306 150
3 308 306 327
3 308 328 310
3 308 327 328
3 312 310 329
3 329 310 328
3 332 331 330
3 332 330 314
3 330 313 314
3 330 333 313
3 333 152 153
3 317 333 153
3 313 333 317
3 317 153 154
3 317 154 318
3 318 154 155
3 318 155 319
3 319 155 157
3 334 319 157
3 321 319 334
3 322 321 335
3 335 321 334
3 323 324 160
3 324 159 160
3 324 336 159
3 323 160 161
3 323 161 326
3 326 161 148
3 164 327 150
3 327 164 166
3 337 327 166
3 328 327 337
3 329 328 338
3 328 339 338
3 328 337 339
3 338 339 331
3 339 330 331
3 339 340 330
3 340 168 169
3 333 340 169
3 330 340 333
3 333 169 152
3 342 341 334
3 157 342 334
3 170 342 157
3 334 341 335
3 345 344 343
3 336 345 343
3 172 336 343
3 159 336 172
3 175 337 166
3 337 175 177
3 337 177 339
3 339 177 179
3 339 179 340
3 340 179 168
3 184 346 183
3 346 347 183
3 347 170 183
3 347 342 170
3 343 344 348
3 348 344 349
3 348 186 172
3 348 172 343
3 191 350 346
3 191 346 184
3 347 346 351
3 351 346 350
3 354 353 352
3 354 352 349
3 349 352 348
3 352 193 348
3 193 194 348
3 348 194 186
3 203 355 202
3 355 356 202
3 202 356 191
3 356 357 191
3 357 350 191
3 350 357 351
3 360 359 358
3 360 358 353
3 353 358 352
3 358 205 352
3 205 206 352
3 352 206 193
3 212 361 213
3 355 203 213
3 361 355 213
3 362 355 361
3 356 355 363
3 363 355 362
3 366 365 364
3 366 364 359
3 364 358 359
3 364 367 358
3 367 215 205
3 367 205 358
3 218 368 219
3 369 220 219
3 369 219 368
3 369 370 220
3 220 370 212
3 370 371 212
3 371 361 212
3 361 371 362
3 362 371 372
3 362 372 363
3 364 365 373
3 373 365 374
3 364 375 367
3 364 373 375
3 375 222 215
3 375 215 367
3 224 376 368
3 224 368 218
3 378 369 377
3 369 376 377
3 369 368 376
3 369 378 370
3 373 374 379
3 379 374 380
3 373 381 375
3 373 379 381
3 381 226 222
3 381 222 375
3 228 382 376
3 228 376 224
3 377 376 383
3 383 376 382
3 380 384 379
3 385 230 231
3 379 385 231
3 381 379 231
3 384 385 379
3 381 231 226
3 234 386 233
3 382 228 233
3 386 382 233
3 387 382 386
3 383 382 388
3 388 382 387
3 385 236 230
3 389 236 385
3 238 390 386
3 238 386 234
3 392 387 391
3 387 390 391
3 387 386 390
3 387 392 388
3 395 394 393
3 393 396 395
3 239 236 397
3 236 398 397
3 236 389 398
3 397 240 239
3 244 399 245
3 399 400 245
3 245 400 238
3 400 401 238
3 401 390 238
3 390 401 391
3 394 402 393
3 393 402 396
3 397 398 403
3 403 398 404
3 403 247 240
3 403 240 397
3 251 405 252
3 406 253 252
3 406 252 405
3 406 407 253
3 253 407 244
3 407 408 244
3 408 399 244
3 399 408 400
3 403 404 409
3 409 404 410
3 409 255 247
3 409 247 403
3 256 411 257
3 412 258 257
3 412 257 411
3 413 259 258
3 413 258 412
3 413 414 259
3 259 414 251
3 414 415 251
3 415 405 251
3 405 415 406
3 406 415 416
3 406 416 407
3 410 417 409
3 409 417 255
3 417 260 255
3 417 418 260
3 256 260 411
3 260 419 411
3 260 418 419
3 411 419 412
3 412 419 420
3 412 420 413
3 413 420 421
3 413 421 414
3 424 423 422
3 426 425 422
3 422 425 424
3 428 427 426
3 426 427 425
3 428 429 427
3 432 431 430
3 432 430 423
3 430 422 423
3 430 433 422
3 433 261 262
3 426 433 262
3 422 433 426
3 426 262 263
3 426 263 428
3 263 265 428
3 265 429 428
3 265 434 429
3 430 431 435
3 435 431 436
3 435 267 268
3 433 435 268
3 430 435 433
3 433 268 261
3 270 437 269
3 434 265 438
3 265 437 438
3 437 439 438
3 265 269 437
3 439 440 438
3 435 436 441
3 441 436 442
3 443 271 267
3 435 443 267
3 441 443 435
3 444 272 271
3 444 271 443
3 437 270 272
3 444 437 272
3 445 437 444
3 447 439 446
3 439 445 446
3 439 437 445
3 439 447 440
3 441 442 448
3 448 442 449
3 451 443 450
3 443 448 450
3 443 441 448
3 453 452 451
3 452 443 451
3 452 444 443
3 455 445 454
3 445 452 454
3 445 444 452
3 445 455 446
3 448 449 456
3 456 449 457
3 450 448 458
3 458 448 456
3 453 459 452
3 452 459 454
3 462 461 460
3 460 463 462
3 457 464 456
3 456 464 458
3 467 466 465
3 467 465 461
3 465 460 461
3 465 468 460
3 463 460 469
3 460 470 469
3 460 468 470
3 470 471 469
3 474 473 472
3 476 475 472
3 472 475 474
3 478 477 476
3 476 477 475
3 480 479 478
3 478 479 477
3 480 481 479
3 465 466 482
3 482 466 483
3 482 274 275
3 468 482 275
3 465 482 468
3 468 275 276
3 484 468 276
3 470 468 484
3 471 470 485
3 485 470 484
3 488 487 486
3 488 486 473
3 473 486 472
3 486 278 472
3 278 279 472
3 472 279 280
3 472 280 476
3 476 280 282
3 476 282 478
3 478 282 284
3 489 478 284
3 480 478 489
3 481 480 490
3 490 480 489
3 482 483 491
3 491 483 492
3 493 285 274
3 482 493 274
3 491 493 482
3 493 494 285
3 285 494 276
3 494 495 276
3 495 484 276
3 484 495 485
3 486 487 496
3 496 487 497
3 496 287 278
3 496 278 486
3 290 498 489
3 290 489 284
3 490 489 499
3 489 500 499
3 489 498 500
3 502 501 500
3 500 501 499
3 504 503 502
3 502 503 501
3 504 505 503
3 492 506 491
3 491 506 493
3 493 506 507
3 493 507 494
3 510 509 508
3 512 511 508
3 508 511 510
3 511 512 497
3 512 496 497
3 512 513 496
3 513 292 287
3 513 287 496
3 293 514 294
3 515 295 294
3 515 294 514
3 498 290 295
3 515 498 295
3 516 498 515
3 516 297 298
3 500 516 298
3 498 516 500
3 500 298 299
3 500 299 502
3 502 299 301
3 517 502 301
3 504 502 517
3 505 504 518
3 504 519 518
3 504 517 519
3 519 520 518
3 522 521 304
3 304 521 303
3 305 508 509
3 522 305 509
3 304 305 522
3 508 305 307
3 508 307 512
3 512 307 309
3 512 309 513
3 292 513 309
3 311 312 523
3 514 293 311
3 523 514 311
3 524 514 523
3 524 314 315
3 515 524 315
3 514 524 515
3 515 315 316
3 515 316 516
3 516 316 297
3 320 517 301
3 517 320 322
3 525 517 322
3 519 517 525
3 520 519 526
3 519 527 526
3 519 525 527
3 527 528 526
3 530 529 325
3 325 529 324
3 325 303 521
3 325 521 530
3 329 531 523
3 329 523 312
3 531 331 332
3 524 531 332
3 523 531 524
3 524 332 314
3 335 532 525
3 335 525 322
3 534 527 533
3 527 532 533
3 527 525 532
3 527 534 528
3 537 536 535
3 529 537 535
3 336 529 535
3 324 529 336
3 338 531 329
3 531 338 331
3 342 538 341
3 532 335 341
3 538 532 341
3 539 532 538
3 533 532 540
3 540 532 539
3 535 536 345
3 536 344 345
3 536 541 344
3 535 345 336
3 347 542 538
3 347 538 342
3 544 539 543
3 539 542 543
3 539 538 542
3 539 544 540
3 547 546 545
3 541 547 545
3 349 541 545
3 344 541 349
3 351 548 542
3 351 542 347
3 543 542 549
3 549 542 548
3 552 551 550
3 552 550 546
3 546 550 545
3 550 353 545
3 353 354 545
3 545 354 349
3 356 553 357
3 553 554 357
3 357 554 351
3 554 555 351
3 555 548 351
3 548 555 549
3 550 551 360
3 551 359 360
3 551 556 359
3 550 360 353
3 558 557 553
3 356 558 553
3 363 558 356
3 553 557 554
3 560 559 366
3 366 559 365
3 366 359 556
3 366 556 560
3 370 561 371
3 562 372 371
3 562 371 561
3 562 563 372
3 563 363 372
3 563 558 363
3 559 374 365
3 564 374 559
3 377 565 378
3 561 370 378
3 565 561 378
3 566 561 565
3 568 562 567
3 562 566 567
3 562 561 566
3 562 568 563
3 564 380 374
3 569 380 564
3 383 570 565
3 383 565 377
3 565 571 566
3 565 570 571
3 567 566 572
3 572 566 571
3 569 573 380
3 380 573 384
3 385 384 573
3 385 573 574
3 388 575 570
3 388 570 383
3 570 576 571
3 570 575 576
3 572 571 577
3 571 578 577
3 571 576 578
3 578 579 577
3 582 581 580
3 574 582 580
3 389 574 580
3 385 574 389
3 391 583 392
3 575 388 392
3 583 575 392
3 584 575 583
3 584 394 395
3 576 584 395
3 575 584 576
3 578 576 585
3 576 396 585
3 396 586 585
3 396 576 395
3 578 585 579
3 580 581 587
3 587 581 588
3 587 398 389
3 587 389 580
3 400 589 401
3 589 590 401
3 401 590 391
3 590 591 391
3 591 583 391
3 583 591 584
3 584 591 592
3 584 592 394
3 592 402 394
3 592 593 402
3 396 402 586
3 586 402 593
3 587 588 594
3 594 588 595
3 594 404 398
3 594 398 587
3 407 596 408
3 589 400 408
3 596 589 408
3 597 589 596
3 590 589 598
3 598 589 597
3 594 595 599
3 599 595 600
3 599 410 404
3 599 404 594
3 414 601 415
3 415 601 602
3 603 415 602
3 416 415 603
3 407 416 596
3 416 604 596
3 416 603 604
3 596 604 597
3 597 604 605
3 597 605 598
3 600 606 599
3 599 606 410
3 606 417 410
3 606 607 417
3 607 609 608
3 418 607 608
3 417 607 418
3 610 419 418
3 610 418 608
3 611 420 419
3 611 419 610
3 612 421 420
3 612 420 611
3 601 414 421
3 612 601 421
3 613 601 612
3 602 601 614
3 614 601 613
3 609 615 608
3 608 615 610
3 610 615 616
3 610 616 611
3 611 616 617
3 611 617 612
3 612 617 618
3 612 618 613
3 613 618 619
3 613 619 614
3 622 621 620
3 624 623 620
3 620 623 622
3 624 625 623
3 620 621 626
3 626 621 627
3 620 628 624
3 620 626 628
3 625 624 629
3 629 624 628
3 632 631 630
3 630 633 632
3 626 627 634
3 634 627 635
3 626 636 628
3 626 634 636
3 629 628 637
3 637 628 636
3 630 631 638
3 638 631 639
3 633 630 640
3 640 630 638
3 635 641 634
3 634 641 636
3 636 641 642
3 636 642 637
3 638 639 643
3 643 639 644
3 640 638 645
3 645 638 643
3 644 646 643
3 643 646 645
3 649 648 647
3 647 650 649
3 653 652 651
3 655 654 651
3 651 654 653
3 657 656 655
3 655 656 654
3 656 657 648
3 657 647 648
3 657 658 647
3 650 647 659
3 659 647 658
3 651 652 660
3 660 652 661
3 651 662 655
3 651 660 662
3 655 663 657
3 655 662 663
3 657 664 658
3 657 663 664
3 659 658 665
3 665 658 664
3 668 667 666
3 666 669 668
3 672 671 670
3 672 670 661
3 670 660 661
3 670 673 660
3 660 674 662
3 660 673 674
3 662 675 663
3 662 674 675
3 663 676 664
3 663 675 676
3 665 664 677
3 677 664 676
3 666 667 678
3 678 667 679
3 669 666 680
3 680 666 678
3 670 671 681
3 681 671 682
3 670 683 673
3 670 681 683
3 673 684 674
3 673 683 684
3 674 685 675
3 674 684 685
3 675 686 676
3 675 685 686
3 677 676 687
3 676 688 687
3 676 686 688
3 690 689 688
3 688 689 687
3 689 690 679
3 690 678 679
3 690 691 678
3 680 678 692
3 692 678 691
3 681 682 693
3 693 682 694
3 681 695 683
3 681 693 695
3 683 696 684
3 683 695 696
3 684 697 685
3 684 696 697
3 697 423 424
3 686 697 424
3 685 697 686
3 686 424 425
3 686 425 688
3 688 425 427
3 688 427 690
3 690 427 429
3 698 690 429
3 691 690 698
3 692 691 699
3 699 691 698
3 702 701 700
3 702 700 694
3 700 693 694
3 700 703 693
3 693 704 695
3 693 703 704
3 695 705 696
3 695 704 705
3 705 431 432
3 697 705 432
3 696 705 697
3 697 432 423
3 434 706 698
3 434 698 429
3 699 698 707
3 698 708 707
3 698 706 708
3 708 709 707
3 700 701 710
3 710 701 711
3 700 712 703
3 700 710 712
3 703 713 704
3 703 712 713
3 704 714 705
3 704 713 714
3 714 436 431
3 714 431 705
3 438 706 434
3 706 438 440
3 715 706 440
3 708 706 715
3 709 708 716
3 708 717 716
3 708 715 717
3 717 718 716
3 710 711 719
3 719 711 720
3 710 721 712
3 710 719 721
3 712 722 713
3 712 721 722
3 713 723 714
3 713 722 723
3 723 442 436
3 723 436 714
3 446 724 447
3 715 440 447
3 724 715 447
3 725 715 724
3 715 726 717
3 715 725 726
3 718 717 727
3 717 728 727
3 717 726 728
3 728 729 727
3 719 720 730
3 730 720 731
3 719 732 721
3 719 730 732
3 721 733 722
3 721 732 733
3 722 734 723
3 722 733 734
3 734 449 442
3 734 442 723
3 450 735 451
3 735 453 451
3 454 736 455
3 724 446 455
3 736 724 455
3 737 724 736
3 724 738 725
3 724 737 738
3 725 739 726
3 725 738 739
3 726 740 728
3 726 739 740
3 729 728 741
3 741 728 740
3 744 743 742
3 742 745 744
3 748 747 746
3 748 746 731
3 746 730 731
3 746 749 730
3 730 750 732
3 730 749 750
3 732 751 733
3 732 750 751
3 733 752 734
3 733 751 752
3 752 457 449
3 752 449 734
3 458 753 735
3 458 735 450
3 754 459 453
3 735 754 453
3 753 754 735
3 736 454 459
3 754 736 459
3 755 736 754
3 736 756 737
3 736 755 756
3 756 461 462
3 738 756 462
3 737 756 738
3 738 462 463
3 757 738 463
3 739 738 757
3 739 758 740
3 739 757 758
3 741 740 759
3 759 740 758
3 762 761 760
3 764 763 760
3 760 763 762
3 766 765 764
3 764 765 763
3 768 767 766
3 766 767 765
3 770 769 768
3 768 769 767
3 772 771 770
3 771 742 770
3 743 769 770
3 743 770 742
3 742 771 745
3 746 747 773
3 773 747 774
3 746 775 749
3 746 773 775
3 749 776 750
3 749 775 776
3 750 777 751
3 750 776 777
3 751 778 752
3 751 777 778
3 779 464 457
3 752 779 457
3 778 779 752
3 753 458 464
3 779 753 464
3 780 753 779
3 753 781 754
3 753 780 781
3 754 782 755
3 754 781 782
3 782 466 467
3 756 782 467
3 755 782 756
3 756 467 461
3 469 757 463
3 757 469 471
3 783 757 471
3 758 757 783
3 759 758 784
3 758 785 784
3 758 783 785
3 785 786 784
3 789 788 787
3 789 787 761
3 761 787 760
3 787 473 760
3 473 474 760
3 760 474 475
3 760 475 764
3 764 475 477
3 764 477 766
3 766 477 479
3 766 479 768
3 768 479 481
3 790 768 481
3 770 768 790
3 772 770 791
3 791 770 790
3 774 792 773
3 773 792 775
3 775 792 793
3 795 794 793
3 794 775 793
3 794 776 775
3 776 796 777
3 776 794 796
3 777 797 778
3 777 796 797
3 778 798 779
3 778 797 798
3 800 780 799
3 780 798 799
3 780 779 798
3 802 801 800
3 801 780 800
3 801 781 780
3 781 803 782
3 781 801 803
3 803 483 466
3 803 466 782
3 485 804 783
3 485 783 471
3 806 785 805
3 785 804 805
3 785 783 804
3 785 806 786
3 787 788 488
3 788 487 488
3 788 807 487
3 787 488 473
3 490 808 790
3 490 790 481
3 791 790 809
3 790 810 809
3 790 808 810
3 812 811 810
3 810 811 809
3 814 813 812
3 812 813 811
3 814 815 813
3 794 795 816
3 816 795 817
3 794 818 796
3 794 816 818
3 796 819 797
3 796 818 819
3 821 798 820
3 798 819 820
3 798 797 819
3 798 821 799
3 801 802 822
3 822 802 823
3 801 824 803
3 801 822 824
3 824 492 483
3 824 483 803
3 494 825 495
3 804 485 495
3 825 804 495
3 826 804 825
3 805 804 827
3 827 804 826
3 830 829 828
3 807 830 828
3 497 807 828
3 487 807 497
3 499 808 490
3 808 499 501
3 808 501 810
3 810 501 503
3 810 503 812
3 812 503 505
3 831 812 505
3 814 812 831
3 815 814 832
3 814 833 832
3 814 831 833
3 833 834 832
3 817 835 816
3 837 836 835
3 836 816 835
3 836 818 816
3 839 819 838
3 819 836 838
3 819 818 836
3 819 839 820
3 842 841 840
3 842 840 823
3 840 822 823
3 840 843 822
3 822 844 824
3 822 843 844
3 824 844 492
3 844 845 492
3 845 506 492
3 844 846 845
3 506 847 507
3 845 847 506
3 494 507 825
3 507 848 825
3 507 847 848
3 825 848 826
3 826 848 849
3 826 849 827
3 852 851 850
3 509 510 850
3 510 852 850
3 510 853 852
3 511 828 829
3 853 511 829
3 510 511 853
3 828 511 497
3 518 831 505
3 831 518 520
3 854 831 520
3 833 831 854
3 834 833 855
3 855 833 854
3 837 856 836
3 836 856 838
3 840 841 857
3 857 841 858
3 860 843 859
3 843 857 859
3 843 840 857
3 843 860 844
3 844 860 861
3 844 861 846
3 864 863 862
3 864 862 851
3 851 862 850
3 862 521 850
3 521 522 850
3 850 522 509
3 526 854 520
3 526 528 854
3 528 855 854
3 528 865 855
3 858 866 857
3 857 866 859
3 862 863 530
3 863 529 530
3 863 867 529
3 862 530 521
3 533 868 534
3 868 869 534
3 869 528 534
3 869 865 528
3 871 870 537
3 537 870 536
3 537 529 867
3 537 867 871
3 873 872 868
3 533 873 868
3 540 873 533
3 868 872 869
3 876 875 874
3 870 876 874
3 541 870 874
3 536 870 541
3 543 877 544
3 877 878 544
3 878 540 544
3 878 873 540
3 874 875 547
3 875 546 547
3 875 879 546
3 874 547 541
3 881 880 877
3 543 881 877
3 549 881 543
3 877 880 878
3 883 882 552
3 552 882 551
3 552 546 879
3 552 879 883
3 885 884 555
3 885 555 554
3 549 555 881
3 881 555 884
3 888 887 886
3 882 888 886
3 556 882 886
3 551 882 556
3 558 889 557
3 889 890 557
3 890 554 557
3 890 885 554
3 886 887 560
3 887 559 560
3 887 891 559
3 886 560 556
3 893 892 889
3 558 893 889
3 563 893 558
3 889 892 890
3 891 564 559
3 894 564 891
3 567 895 568
3 895 896 568
3 896 563 568
3 896 893 563
3 894 569 564
3 897 569 894
3 572 898 895
3 572 895 567
3 896 895 899
3 899 895 898
3 573 569 900
3 569 901 900
3 569 897 901
3 900 574 573
3 577 898 572
3 577 579 898
3 579 899 898
3 579 902 899
3 900 901 582
3 901 581 582
3 901 903 581
3 900 582 574
3 586 904 585
3 904 905 585
3 905 579 585
3 905 902 579
3 903 588 581
3 906 588 903
3 590 907 591
3 908 592 591
3 908 591 907
3 592 908 909
3 910 592 909
3 593 592 910
3 586 593 904
3 593 911 904
3 593 910 911
3 904 911 905
3 906 595 588
3 912 595 906
3 598 913 907
3 598 907 590
3 915 908 914
3 908 913 914
3 908 907 913
3 908 915 909
3 912 600 595
3 916 600 912
3 602 917 603
3 918 604 603
3 918 603 917
3 919 605 604
3 919 604 918
3 913 598 605
3 919 913 605
3 920 913 919
3 914 913 921
3 921 913 920
3 916 922 600
3 600 922 606
3 922 924 923
3 607 922 923
3 606 922 607
3 923 609 607
3 614 925 917
3 614 917 602
3 927 918 926
3 918 925 926
3 918 917 925
3 918 927 919
3 919 927 928
3 919 928 920
3 920 928 929
3 920 929 921
3 924 930 923
3 923 930 609
3 930 615 609
3 930 931 615
3 931 933 932
3 616 931 932
3 615 931 616
3 934 617 616
3 934 616 932
3 935 618 617
3 935 617 934
3 936 619 618
3 936 618 935
3 925 614 619
3 936 925 619
3 937 925 936
3 926 925 938
3 938 925 937
3 933 939 932
3 932 939 934
3 934 939 940
3 934 940 935
3 935 940 941
3 935 941 936
3 936 941 942
3 936 942 937
3 937 942 943
3 937 943 938
3 946 945 944
3 948 947 944
3 944 947 946
3 948 949 947
3 952 951 950
3 952 950 945
3 945 950 944
3 950 621 944
3 621 622 944
3 944 622 623
3 944 623 948
3 623 625 948
3 625 949 948
3 625 953 949
3 956 955 954
3 958 957 954
3 954 957 956
3 958 959 957
3 950 951 960
3 960 951 961
3 960 627 621
3 960 621 950
3 629 953 625
3 629 962 953
3 965 964 963
3 965 963 955
3 955 963 954
3 963 631 954
3 631 632 954
3 954 632 633
3 966 954 633
3 958 954 966
3 959 958 967
3 967 958 966
3 960 961 968
3 968 961 969
3 968 635 627
3 968 627 960
3 972 971 970
3 971 962 970
3 962 637 970
3 962 629 637
3 963 964 973
3 973 964 974
3 973 639 631
3 973 631 963
3 640 975 966
3 640 966 633
3 967 966 976
3 976 966 975
3 968 969 977
3 977 969 978
3 968 977 635
3 977 979 635
3 979 641 635
3 977 980 979
3 970 642 972
3 642 979 972
3 642 641 979
3 642 970 637
3 973 974 981
3 981 974 982
3 981 644 639
3 981 639 973
3 645 983 975
3 645 975 640
3 976 975 984
3 984 975 983
3 978 985 977
3 977 985 980
3 988 987 986
3 986 989 988
3 981 982 990
3 990 982 991
3 992 646 644
3 981 992 644
3 990 992 981
3 983 645 646
3 992 983 646
3 993 983 992
3 984 983 994
3 994 983 993
3 986 987 995
3 995 987 996
3 989 986 997
3 986 998 997
3 986 995 998
3 998 999 997
3 991 1000 990
3 990 1000 992
3 992 1000 1001
3 992 1001 993
3 993 1001 1002
3 993 1002 994
3 1005 1004 1003
3 1003 1006 1005
3 996 1007 995
3 1009 1008 1007
3 1008 995 1007
3 1008 998 995
3 999 998 1010
3 998 1011 1010
3 998 1008 1011
3 1011 1012 1010
3 1015 1014 1013
3 1015 1013 1004
3 1013 1003 1004
3 1013 1016 1003
3 1006 1003 1017
3 1003 1018 1017
3 1003 1016 1018
3 1018 1019 1017
3 1022 1021 1020
3 1020 1023 1022
3 1008 1009 1024
3 1024 1009 1025
3 1008 1026 1011
3 1008 1024 1026
3 1012 1011 1027
3 1011 1028 1027
3 1011 1026 1028
3 1028 1029 1027
3 1032 1031 1030
3 1030 1033 1032
3 1036 1035 1034
3 1036 1034 1014
3 1034 1013 1014
3 1034 1037 1013
3 1013 1038 1016
3 1013 1037 1038
3 1016 1039 1018
3 1016 1038 1039
3 1019 1018 1040
3 1040 1018 1039
3 1043 1042 1041
3 1045 1044 1041
3 1044 1020 1041
3 1021 1043 1041
3 1021 1041 1020
3 1020 1044 1023
3 1025 1046 1024
3 1048 1047 1046
3 1047 1024 1046
3 1047 1026 1024
3 1026 1049 1028
3 1026 1047 1049
3 1029 1028 1050
3 1028 1051 1050
3 1028 1049 1051
3 1051 1052 1050
3 1030 1031 1053
3 1053 1031 1054
3 1033 1030 1055
3 1030 1056 1055
3 1030 1053 1056
3 1058 1057 1056
3 1056 1057 1055
3 1060 1059 1058
3 1058 1059 1057
3 1059 1060 1035
3 1060 1034 1035
3 1060 1061 1034
3 1034 1062 1037
3 1034 1061 1062
3 1062 648 649
3 1038 1062 649
3 1037 1062 1038
3 1038 649 650
3 1063 1038 650
3 1039 1038 1063
3 1040 1039 1064
3 1039 1065 1064
3 1039 1063 1065
3 1067 1066 1065
3 1065 1066 1064
3 1066 1067 1042
3 1067 1041 1042
3 1067 1068 1041
3 1045 1041 1069
3 1041 1070 1069
3 1041 1068 1070
3 1072 1071 1070
3 1070 1071 1069
3 1072 1073 1071
3 1048 1074 1047
3 1047 1074 1049
3 1049 1074 1075
3 1077 1076 1075
3 1076 1049 1075
3 1076 1051 1049
3 1052 1051 1078
3 1078 1051 1076
3 1054 1079 1053
3 1081 1080 1079
3 1080 1053 1079
3 1080 1056 1053
3 1056 1082 1058
3 1056 1080 1082
3 1082 652 653
3 1060 1082 653
3 1058 1082 1060
3 1060 653 654
3 1060 654 1061
3 1061 654 656
3 1061 656 1062
3 1062 656 648
3 659 1083 1063
3 659 1063 650
3 1063 1084 1065
3 1063 1083 1084
3 1065 1085 1067
3 1065 1084 1085
3 1067 1086 1068
3 1067 1085 1086
3 1068 1087 1070
3 1068 1086 1087
3 1070 1088 1072
3 1070 1087 1088
3 1073 1072 1089
3 1089 1072 1088
3 1077 1090 1076
3 1076 1090 1078
3 1080 1081 1091
3 1091 1081 1092
3 1080 1093 1082
3 1080 1091 1093
3 1093 661 652
3 1093 652 1082
3 665 1094 1083
3 665 1083 659
3 1083 1095 1084
3 1083 1094 1095
3 1095 667 668
3 1085 1095 668
3 1084 1095 1085
3 1085 668 669
3 1096 1085 669
3 1086 1085 1096
3 1086 1097 1087
3 1086 1096 1097
3 1087 1098 1088
3 1087 1097 1098
3 1089 1088 1099
3 1088 1100 1099
3 1088 1098 1100
3 1100 1101 1099
3 1104 1103 1102
3 1104 1102 1092
3 1102 1091 1092
3 1102 1105 1091
3 1105 671 672
3 1093 1105 672
3 1091 1105 1093
3 1093 672 661
3 677 1106 1094
3 677 1094 665
3 1094 1107 1095
3 1094 1106 1107
3 1107 679 667
3 1107 667 1095
3 680 1108 1096
3 680 1096 669
3 1096 1109 1097
3 1096 1108 1109
3 1097 1110 1098
3 1097 1109 1110
3 1098 1111 1100
3 1098 1110 1111
3 1101 1100 1112
3 1112 1100 1111
3 1115 1114 1113
3 1117 1116 1113
3 1113 1116 1115
3 1119 1118 1117
3 1117 1118 1116
3 1119 1120 1118
3 1102 1103 1121
3 1121 1103 1122
3 1102 1123 1105
3 1102 1121 1123
3 1123 682 671
3 1123 671 1105
3 687 1106 677
3 1106 687 689
3 1106 689 1107
3 1107 689 679
3 692 1124 1108
3 692 1108 680
3 1108 1125 1109
3 1108 1124 1125
3 1109 1126 1110
3 1109 1125 1126
3 1128 1111 1127
3 1111 1126 1127
3 1111 1110 1126
3 1111 1128 1112
3 1113 1114 1129
3 1129 1114 1130
3 1113 1131 1117
3 1113 1129 1131
3 1117 1132 1119
3 1117 1131 1132
3 1120 1119 1133
3 1119 1134 1133
3 1119 1132 1134
3 1134 1135 1133
3 1121 1122 1136
3 1136 1122 1137
3 1121 1138 1123
3 1121 1136 1138
3 1138 694 682
3 1138 682 1123
3 699 1139 1124
3 699 1124 692
3 1124 1140 1125
3 1124 1139 1140
3 1125 1141 1126
3 1125 1140 1141
3 1127 1126 1142
3 1142 1126 1141
3 1130 1143 1129
3 1145 1144 1143
3 1144 1129 1143
3 1144 1131 1129
3 1131 1146 1132
3 1131 1144 1146
3 1132 1147 1134
3 1132 1146 1147
3 1135 1134 1148
3 1148 1134 1147
3 1136 1137 1149
3 1149 1137 1150
3 1149 701 702
3 1138 1149 702
3 1136 1149 1138
3 1138 702 694
3 707 1139 699
3 1139 707 709
3 1151 1139 709
3 1140 1139 1151
3 1140 1152 1141
3 1140 1151 1152
3 1142 1141 1153
3 1153 1141 1152
3 1145 1154 1144
3 1144 1154 1146
3 1146 1154 1155
3 1157 1156 1155
3 1156 1146 1155
3 1156 1147 1146
3 1148 1147 1158
3 1158 1147 1156
3 1149 1150 1159
3 1159 1150 1160
3 1159 711 701
3 1159 701 1149
3 716 1151 709
3 1151 716 718
3 1161 1151 718
3 1152 1151 1161
3 1153 1152 1162
3 1152 1163 1162
3 1152 1161 1163
3 1163 1164 1162
3 1157 1165 1156
3 1156 1165 1158
3 1168 1167 1166
3 1166 1169 1168
3 1159 1160 1170
3 1170 1160 1171
3 1170 720 711
3 1170 711 1159
3 727 1161 718
3 1161 727 729
3 1172 1161 729
3 1163 1161 1172
3 1164 1163 1173
3 1173 1163 1172
3 1176 1175 1174
3 1176 1174 1167
3 1174 1166 1167
3 1174 1177 1166
3 1169 1166 1178
3 1178 1166 1177
3 1170 1171 1179
3 1179 1171 1180
3 1179 731 720
3 1179 720 1170
3 741 1181 1172
3 741 1172 729
3 1173 1172 1182
3 1172 1183 1182
3 1172 1181 1183
3 1183 1184 1182
3 1187 1186 1185
3 1185 1188 1187
3 1191 1190 1189
3 1193 1192 1189
3 1189 1192 1191
3 1195 1194 1193
3 1193 1194 1192
3 1197 1196 1195
3 1195 1196 1194
3 1196 1197 1175
3 1175 1197 1174
3 1197 743 1174
3 743 744 1174
3 1174 744 745
3 1198 1174 745
3 1177 1174 1198
3 1178 1177 1199
3 1199 1177 1198
3 1179 1180 748
3 1180 747 748
3 1180 1200 747
3 1179 748 731
3 759 1201 1181
3 759 1181 741
3 1181 1202 1183
3 1181 1201 1202
3 1184 1183 1203
3 1203 1183 1202
3 1186 1204 1185
3 1185 1204 1188
3 1207 1206 1205
3 761 762 1205
3 762 1207 1205
3 762 1208 1207
3 763 1189 1190
3 1208 763 1190
3 762 763 1208
3 1189 763 765
3 1189 765 1193
3 1193 765 767
3 1193 767 1195
3 1195 767 769
3 1195 769 1197
3 743 1197 769
3 771 772 1209
3 1198 745 771
3 1209 1198 771
3 1210 1198 1209
3 1199 1198 1211
3 1211 1198 1210
3 1214 1213 1212
3 1200 1214 1212
3 774 1200 1212
3 747 1200 774
3 784 1201 759
3 1201 784 786
3 1215 1201 786
3 1202 1201 1215
3 1203 1202 1216
3 1202 1217 1216
3 1202 1215 1217
3 1217 1218 1216
3 1205 1206 789
3 1206 788 789
3 1206 1219 788
3 1205 789 761
3 791 1220 1209
3 791 1209 772
3 1209 1221 1210
3 1209 1220 1221
3 1211 1210 1222
3 1210 1223 1222
3 1210 1221 1223
3 1225 1224 1223
3 1223 1224 1222
3 1224 1225 1213
3 1225 1212 1213
3 1225 1226 1212
3 1227 792 774
3 1212 1227 774
3 1226 1227 1212
3 1228 793 792
3 1228 792 1227
3 1228 795 793
3 799 1229 800
3 1229 802 800
3 805 1230 806
3 1215 786 806
3 1230 1215 806
3 1231 1215 1230
3 1215 1232 1217
3 1215 1231 1232
3 1218 1217 1233
3 1217 1234 1233
3 1217 1232 1234
3 1234 1235 1233
3 1238 1237 1236
3 1219 1238 1236
3 807 1219 1236
3 788 1219 807
3 809 1220 791
3 1220 809 811
3 1220 811 1221
3 1221 811 813
3 1221 813 1223
3 1223 813 815
3 1239 1223 815
3 1225 1223 1239
3 1225 1240 1226
3 1225 1239 1240
3 1242 1227 1241
3 1227 1240 1241
3 1227 1226 1240
3 1244 1243 1242
3 1243 1227 1242
3 1243 1228 1227
3 1243 817 795
3 1243 795 1228
3 820 1245 821
3 1229 799 821
3 1245 1229 821
3 1246 1229 1245
3 1246 823 802
3 1246 802 1229
3 827 1247 1230
3 827 1230 805
3 1249 1231 1248
3 1231 1247 1248
3 1231 1230 1247
3 1251 1250 1249
3 1250 1231 1249
3 1250 1232 1231
3 1232 1252 1234
3 1232 1250 1252
3 1235 1234 1253
3 1253 1234 1252
3 1256 1255 1254
3 1256 1254 1237
3 1237 1254 1236
3 1254 829 1236
3 829 830 1236
3 1236 830 807
3 832 1239 815
3 1239 832 834
3 1257 1239 834
3 1240 1239 1257
3 1241 1240 1258
3 1258 1240 1257
3 1244 1259 1243
3 1243 1259 817
3 1259 835 817
3 1259 1260 835
3 837 835 1260
3 837 1260 1261
3 838 1262 839
3 1245 820 839
3 1262 1245 839
3 1263 1245 1262
3 1263 841 842
3 1246 1263 842
3 1245 1263 1246
3 1246 842 823
3 846 1264 845
3 845 1264 1265
3 1266 845 1265
3 847 845 1266
3 847 1267 848
3 1266 1267 847
3 848 1268 849
3 1267 1268 848
3 827 849 1247
3 849 1269 1247
3 849 1268 1269
3 1247 1269 1248
3 1251 1270 1250
3 1250 1270 1252
3 1252 1270 1271
3 1252 1271 1253
3 1273 1272 852
3 852 1272 851
3 853 1254 1255
3 1273 853 1255
3 852 853 1273
3 1254 853 829
3 855 1274 1257
3 855 1257 834
3 1258 1257 1275
3 1275 1257 1274
3 856 837 1276
3 837 1277 1276
3 837 1261 1277
3 1262 838 856
3 1276 1262 856
3 1278 1262 1276
3 1262 1279 1263
3 1262 1278 1279
3 1279 858 841
3 1279 841 1263
3 859 1280 860
3 860 1280 1281
3 1282 860 1281
3 861 860 1282
3 846 861 1264
3 861 1283 1264
3 861 1282 1283
3 1264 1283 1265
3 1285 1284 864
3 864 1284 863
3 864 851 1272
3 864 1272 1285
3 865 1286 1274
3 865 1274 855
3 1275 1274 1287
3 1287 1274 1286
3 1277 1288 1276
3 1276 1288 1278
3 1278 1288 1289
3 1278 1289 1279
3 1279 1289 1290
3 1279 1290 858
3 1290 866 858
3 1290 1291 866
3 859 866 1280
3 866 1292 1280
3 866 1291 1292
3 1280 1292 1281
3 1295 1294 1293
3 1284 1295 1293
3 867 1284 1293
3 863 1284 867
3 869 1296 1286
3 869 1286 865
3 1287 1286 1297
3 1297 1286 1296
3 1300 1299 1298
3 1298 1301 1300
3 1293 1294 871
3 1294 870 871
3 1294 1302 870
3 1293 871 867
3 873 1303 872
3 1296 869 872
3 1303 1296 872
3 1304 1296 1303
3 1297 1296 1305
3 1305 1296 1304
3 1298 1299 1306
3 1306 1299 1307
3 1301 1298 1308
3 1308 1298 1306
3 1310 1309 876
3 876 1309 875
3 876 870 1302
3 876 1302 1310
3 878 1311 1303
3 878 1303 873
3 1313 1304 1312
3 1304 1311 1312
3 1304 1303 1311
3 1304 1313 1305
3 1316 1315 1314
3 1318 1317 1314
3 1317 1306 1314
3 1307 1316 1314
3 1307 1314 1306
3 1306 1317 1308
3 1321 1320 1319
3 1309 1321 1319
3 879 1309 1319
3 875 1309 879
3 881 1322 880
3 1311 878 880
3 1322 1311 880
3 1323 1311 1322
3 1312 1311 1324
3 1324 1311 1323
3 1327 1326 1325
3 1329 1328 1325
3 1328 1314 1325
3 1315 1327 1325
3 1315 1325 1314
3 1314 1328 1318
3 1319 1320 883
3 1320 882 883
3 1320 1330 882
3 1319 883 879
3 885 1331 884
3 1322 881 884
3 1331 1322 884
3 1332 1322 1331
3 1334 1323 1333
3 1323 1332 1333
3 1323 1322 1332
3 1323 1334 1324
3 1326 1335 1325
3 1325 1335 1329
3 1337 1336 888
3 888 1336 887
3 888 882 1330
3 888 1330 1337
3 1339 1338 1331
3 885 1339 1331
3 890 1339 885
3 1331 1338 1332
3 1332 1338 1340
3 1332 1340 1333
3 1336 891 887
3 1341 891 1336
3 893 1342 892
3 1342 1343 892
3 1343 890 892
3 1343 1339 890
3 1341 894 891
3 1344 894 1341
3 896 1345 1342
3 896 1342 893
3 1343 1342 1346
3 1346 1342 1345
3 1344 897 894
3 1347 897 1344
3 899 1348 1345
3 899 1345 896
3 1346 1345 1349
3 1349 1345 1348
3 1351 901 1350
3 901 1347 1350
3 901 897 1347
3 1352 1351 1350
3 1354 1353 1348
3 899 1354 1348
3 902 1354 899
3 1348 1353 1349
3 1355 903 1351
3 1351 903 901
3 1351 1352 1356
3 1351 1356 1355
3 1359 1358 1357
3 1358 1354 1357
3 1354 905 1357
3 1354 902 905
3 1360 906 1355
3 1355 906 903
3 1355 1356 1361
3 1355 1361 1360
3 1363 1362 910
3 1363 910 909
3 1357 911 1359
3 911 1362 1359
3 911 910 1362
3 911 1357 905
3 1364 912 1360
3 1360 912 906
3 1360 1361 1365
3 1360 1365 1364
3 914 1366 915
3 1366 1367 915
3 1367 909 915
3 1367 1363 909
3 1368 916 1364
3 1364 916 912
3 1364 1365 1369
3 1364 1369 1368
3 1371 1370 1366
3 914 1371 1366
3 921 1371 914
3 1366 1370 1367
3 1368 922 916
3 924 922 1368
3 1369 924 1368
3 1372 924 1369
3 926 1373 927
3 1374 928 927
3 1374 927 1373
3 928 1374 1375
3 1376 928 1375
3 929 928 1376
3 921 929 1371
3 1371 929 1376
3 1372 1377 924
3 924 1377 930
3 1377 1379 1378
3 931 1377 1378
3 930 1377 931
3 1378 933 931
3 1381 1380 1373
3 926 1381 1373
3 938 1381 926
3 1373 1380 1374
3 1374 1380 1382
3 1374 1382 1375
3 1379 1383 1378
3 1383 1385 1384
3 1383 1384 939
3 1378 1383 939
3 933 1378 939
3 1386 940 939
3 1386 939 1384
3 1387 941 940
3 1387 940 1386
3 1388 942 941
3 1388 941 1387
3 942 1388 1389
3 1390 942 1389
3 943 942 1390
3 938 943 1381
3 1381 943 1390
3 1385 1391 1384
3 1393 1392 1391
3 1392 1384 1391
3 1392 1386 1384
3 1386 1394 1387
3 1386 1392 1394
3 1396 1388 1395
3 1388 1394 1395
3 1388 1387 1394
3 1388 1396 1389
3 1399 1398 1397
3 1401 1400 1397
3 1397 1400 1399
3 1401 1402 1400
3 1405 1404 1403
3 1405 1403 1398
3 1398 1403 1397
3 1403 945 1397
3 945 946 1397
3 1397 946 947
3 1397 947 1401
3 947 949 1401
3 949 1402 1401
3 949 1406 1402
3 1409 1408 1407
3 1407 1410 1409
3 1413 1412 1411
3 1413 1411 1404
3 1404 1411 1403
3 1411 951 1403
3 951 952 1403
3 1403 952 945
3 953 1406 949
3 953 1414 1406
3 1417 1416 1415
3 1417 1415 1408
3 1408 1415 1407
3 1415 955 1407
3 955 956 1407
3 1418 1410 1407
3 956 1418 1407
3 957 1418 956
3 1419 1411 959
3 1411 1418 959
3 1418 957 959
3 1411 1412 1418
3 1419 961 951
3 1419 951 1411
3 962 1414 953
3 962 1420 1414
3 1415 1416 965
3 1416 964 965
3 1416 1421 964
3 1415 965 955
3 967 1422 1419
3 967 1419 959
3 1422 969 961
3 1422 961 1419
3 1424 1423 971
3 1424 971 972
3 962 971 1420
3 1420 971 1423
3 1421 974 964
3 1425 974 1421
3 976 1426 1422
3 976 1422 967
3 1426 978 969
3 1426 969 1422
3 1428 1427 979
3 1428 979 980
3 972 979 1424
3 1424 979 1427
3 1431 1430 1429
3 1433 1432 1429
3 1429 1432 1431
3 1433 1434 1432
3 1437 1436 1435
3 1425 1437 1435
3 982 1425 1435
3 974 1425 982
3 984 1438 1426
3 984 1426 976
3 1439 985 978
3 1426 1439 978
3 1438 1439 1426
3 1439 1440 985
3 1440 980 985
3 1440 1428 980
3 1429 1430 988
3 1430 987 988
3 1430 1441 987
3 1429 988 989
3 1442 1429 989
3 1433 1429 1442
3 1434 1433 1443
3 1433 1444 1443
3 1433 1442 1444
3 1444 1445 1443
3 1435 1436 1446
3 1446 1436 1447
3 1446 991 982
3 1446 982 1435
3 994 1448 1438
3 994 1438 984
3 1438 1449 1439
3 1438 1448 1449
3 1440 1439 1450
3 1450 1439 1449
3 1453 1452 1451
3 1441 1453 1451
3 996 1441 1451
3 987 1441 996
3 997 1442 989
3 1442 997 999
3 1454 1442 999
3 1444 1442 1454
3 1445 1444 1455
3 1455 1444 1454
3 1458 1457 1456
3 1458 1456 1447
3 1456 1446 1447
3 1456 1459 1446
3 1460 1000 991
3 1446 1460 991
3 1459 1460 1446
3 1461 1001 1000
3 1461 1000 1460
3 1462 1002 1001
3 1462 1001 1461
3 1448 994 1002
3 1462 1448 1002
3 1463 1448 1462
3 1463 1004 1005
3 1449 1463 1005
3 1448 1463 1449
3 1465 1464 1006
3 1006 1464 1005
3 1464 1450 1005
3 1450 1449 1005
3 1467 1466 1465
3 1465 1466 1464
3 1467 1468 1466
3 1471 1470 1469
3 1473 1472 1469
3 1469 1472 1471
3 1475 1474 1473
3 1473 1474 1472
3 1477 1476 1475
3 1475 1476 1474
3 1476 1477 1452
3 1477 1451 1452
3 1477 1478 1451
3 1479 1007 996
3 1451 1479 996
3 1478 1479 1451
3 1479 1009 1007
3 1010 1454 999
3 1481 1480 1012
3 1012 1480 1010
3 1480 1455 1010
3 1455 1454 1010
3 1483 1482 1481
3 1481 1482 1480
3 1483 1484 1482
3 1487 1486 1485
3 1487 1485 1457
3 1485 1456 1457
3 1485 1488 1456
3 1456 1489 1459
3 1456 1488 1489
3 1459 1490 1460
3 1459 1489 1490
3 1460 1491 1461
3 1460 1490 1491
3 1461 1492 1462
3 1461 1491 1492
3 1492 1014 1015
3 1463 1492 1015
3 1462 1492 1463
3 1463 1015 1004
3 1017 1465 1006
3 1465 1017 1019
3 1493 1465 1019
3 1467 1465 1493
3 1468 1467 1494
3 1467 1495 1494
3 1467 1493 1495
3 1494 1495 1470
3 1495 1469 1470
3 1495 1496 1469
3 1496 1021 1022
3 1473 1496 1022
3 1469 1496 1473
3 1473 1022 1023
3 1497 1473 1023
3 1475 1473 1497
3 1475 1498 1477
3 1475 1497 1498
3 1477 1499 1478
3 1477 1498 1499
3 1478 1500 1479
3 1478 1499 1500
3 1500 1025 1009
3 1500 1009 1479
3 1027 1481 1012
3 1481 1027 1029
3 1501 1481 1029
3 1483 1481 1501
3 1484 1483 1502
3 1483 1503 1502
3 1483 1501 1503
3 1485 1486 1504
3 1504 1486 1505
3 1504 1031 1032
3 1488 1504 1032
3 1485 1504 1488
3 1488 1032 1033
3 1506 1488 1033
3 1489 1488 1506
3 1489 1507 1490
3 1489 1506 1507
3 1490 1508 1491
3 1490 1507 1508
3 1508 1035 1036
3 1492 1508 1036
3 1491 1508 1492
3 1492 1036 1014
3 1040 1509 1493
3 1040 1493 1019
3 1493 1510 1495
3 1493 1509 1510
3 1510 1042 1043
3 1496 1510 1043
3 1495 1510 1496
3 1021 1496 1043
3 1044 1045 1511
3 1497 1023 1044
3 1511 1497 1044
3 1512 1497 1511
3 1497 1513 1498
3 1497 1512 1513
3 1515 1499 1514
3 1499 1513 1514
3 1499 1498 1513
3 1517 1516 1515
3 1516 1499 1515
3 1516 1500 1499
3 1518 1046 1025
3 1500 1518 1025
3 1516 1518 1500
3 1518 1048 1046
3 1050 1501 1029
3 1501 1050 1052
3 1519 1501 1052
3 1503 1501 1519
3 1522 1521 1520
3 1522 1520 1505
3 1520 1504 1505
3 1520 1523 1504
3 1523 1054 1031
3 1523 1031 1504
3 1055 1506 1033
3 1506 1055 1057
3 1506 1057 1507
3 1507 1057 1059
3 1507 1059 1508
3 1508 1059 1035
3 1064 1509 1040
3 1509 1064 1066
3 1509 1066 1510
3 1510 1066 1042
3 1069 1511 1045
3 1511 1069 1071
3 1511 1071 1512
3 1512 1071 1073
3 1524 1512 1073
3 1513 1512 1524
3 1514 1513 1525
3 1525 1513 1524
3 1517 1526 1516
3 1516 1526 1518
3 1518 1526 1527
3 1518 1527 1048
3 1527 1074 1048
3 1527 1528 1074
3 1074 1529 1075
3 1528 1529 1074
3 1077 1075 1529
3 1077 1529 1530
3 1532 1531 1519
3 1052 1532 1519
3 1078 1532 1052
3 1520 1521 1533
3 1533 1521 1534
3 1520 1535 1523
3 1520 1533 1535
3 1536 1079 1054
3 1523 1536 1054
3 1535 1536 1523
3 1536 1081 1079
3 1089 1537 1524
3 1089 1524 1073
3 1525 1524 1538
3 1538 1524 1537
3 1530 1539 1077
3 1077 1539 1090
3 1078 1090 1532
3 1532 1090 1539
3 1533 1534 1540
3 1540 1534 1541
3 1533 1542 1535
3 1533 1540 1542
3 1535 1543 1536
3 1535 1542 1543
3 1543 1092 1081
3 1543 1081 1536
3 1099 1537 1089
3 1099 1101 1537
3 1101 1538 1537
3 1101 1544 1538
3 1540 1541 1545
3 1545 1541 1546
3 1540 1547 1542
3 1540 1545 1547
3 1547 1103 1104
3 1543 1547 1104
3 1542 1547 1543
3 1543 1104 1092
3 1112 1544 1101
3 1112 1548 1544
3 1551 1550 1549
3 1553 1552 1549
3 1549 1552 1551
3 1555 1554 1553
3 1553 1554 1552
3 1114 1115 1555
3 1115 1554 1555
3 1115 1556 1554
3 1557 1115 1116
3 1557 1556 1115
3 1558 1116 1118
3 1558 1557 1116
3 1560 1559 1120
3 1559 1118 1120
3 1559 1558 1118
3 1560 1561 1559
3 1546 1562 1545
3 1564 1563 1562
3 1563 1545 1562
3 1563 1547 1545
3 1563 1122 1103
3 1563 1103 1547
3 1127 1565 1128
3 1565 1566 1128
3 1566 1112 1128
3 1566 1548 1112
3 1569 1568 1567
3 1569 1567 1550
3 1567 1549 1550
3 1567 1570 1549
3 1572 1553 1571
3 1553 1570 1571
3 1553 1549 1570
3 1553 1572 1555
3 1555 1572 1573
3 1114 1555 1573
3 1574 1114 1573
3 1130 1114 1574
3 1133 1560 1120
3 1133 1135 1560
3 1135 1561 1560
3 1135 1575 1561
3 1564 1576 1563
3 1122 1563 1576
3 1577 1122 1576
3 1137 1122 1577
3 1142 1578 1565
3 1142 1565 1127
3 1566 1565 1579
3 1579 1565 1578
3 1568 1580 1567
3 1567 1580 1570
3 1570 1580 1581
3 1570 1581 1571
3 1574 1582 1130
3 1130 1582 1143
3 1145 1143 1582
3 1145 1582 1583
3 1148 1575 1135
3 1148 1584 1575
3 1587 1586 1585
3 1577 1587 1585
3 1150 1577 1585
3 1137 1577 1150
3 1153 1588 1578
3 1153 1578 1142
3 1579 1578 1589
3 1589 1578 1588
3 1583 1590 1145
3 1145 1590 1154
3 1590 1592 1591
3 1155 1590 1591
3 1154 1590 1155
3 1591 1157 1155
3 1158 1584 1148
3 1158 1593 1584
3 1596 1595 1594
3 1594 1597 1596
3 1585 1586 1598
3 1598 1586 1599
3 1598 1160 1150
3 1598 1150 1585
3 1162 1588 1153
3 1601 1600 1164
3 1164 1600 1162
3 1600 1589 1162
3 1589 1588 1162
3 1601 1602 1600
3 1592 1603 1591
3 1591 1603 1157
3 1603 1165 1157
3 1603 1604 1165
3 1158 1165 1593
3 1593 1165 1604
3 1607 1606 1605
3 1607 1605 1595
3 1595 1605 1594
3 1605 1167 1594
3 1167 1168 1594
3 1609 1608 1169
3 1169 1608 1168
3 1608 1597 1168
3 1597 1594 1168
3 1609 1610 1608
3 1598 1599 1611
3 1611 1599 1612
3 1611 1171 1160
3 1611 1160 1598
3 1173 1613 1601
3 1173 1601 1164
3 1602 1601 1614
3 1614 1601 1613
3 1617 1616 1615
3 1615 1618 1617
3 1621 1620 1619
3 1623 1622 1619
3 1619 1622 1621
3 1625 1624 1623
3 1623 1624 1622
3 1624 1625 1606
3 1606 1625 1605
3 1625 1175 1605
3 1175 1176 1605
3 1605 1176 1167
3 1178 1626 1609
3 1178 1609 1169
3 1610 1609 1627
3 1627 1609 1626
3 1611 1612 1628
3 1628 1612 1629
3 1628 1180 1171
3 1628 1171 1611
3 1182 1613 1173
3 1631 1630 1184
3 1184 1630 1182
3 1630 1614 1182
3 1614 1613 1182
3 1631 1632 1630
3 1615 1616 1187
3 1616 1186 1187
3 1616 1633 1186
3 1187 1188 1615
3 1188 1618 1615
3 1188 1634 1618
3 1636 1635 1191
3 1191 1635 1190
3 1192 1619 1620
3 1636 1192 1620
3 1191 1192 1636
3 1619 1192 1194
3 1619 1194 1623
3 1623 1194 1196
3 1623 1196 1625
3 1625 1196 1175
3 1199 1637 1626
3 1199 1626 1178
3 1627 1626 1638
3 1626 1639 1638
3 1626 1637 1639
3 1638 1639 1629
3 1639 1628 1629
3 1639 1640 1628
3 1640 1200 1180
3 1640 1180 1628
3 1203 1641 1631
3 1203 1631 1184
3 1632 1631 1642
3 1642 1631 1641
3 1204 1186 1643
3 1186 1644 1643
3 1186 1633 1644
3 1634 1188 1645
3 1188 1643 1645
3 1643 1646 1645
3 1188 1204 1643
3 1646 1647 1645
3 1649 1648 1207
3 1207 1648 1206
3 1650 1207 1208
3 1650 1649 1207
3 1208 1190 1635
3 1208 1635 1650
3 1211 1651 1637
3 1211 1637 1199
3 1637 1652 1639
3 1637 1651 1652
3 1652 1213 1214
3 1640 1652 1214
3 1639 1652 1640
3 1640 1214 1200
3 1216 1641 1203
3 1654 1653 1218
3 1218 1653 1216
3 1653 1642 1216
3 1642 1641 1216
3 1656 1655 1654
3 1654 1655 1653
3 1656 1657 1655
3 1644 1658 1643
3 1643 1658 1646
3 1646 1658 1659
3 1659 1660 1646
3 1660 1661 1646
3 1662 1647 1646
3 1662 1646 1661
3 1664 1663 1661
3 1661 1663 1662
3 1648 1663 1664
3 1219 1648 1664
3 1206 1648 1219
3 1222 1651 1211
3 1651 1222 1224
3 1651 1224 1652
3 1652 1224 1213
3 1233 1654 1218
3 1656 1654 1665
3 1654 1235 1665
3 1235 1666 1665
3 1235 1654 1233
3 1656 1665 1657
3 1661 1660 1667
3 1667 1660 1668
3 1667 1237 1238
3 1664 1667 1238
3 1661 1667 1664
3 1664 1238 1219
3 1241 1669 1242
3 1669 1244 1242
3 1671 1670 1249
3 1671 1249 1248
3 1251 1249 1670
3 1251 1670 1672
3 1253 1666 1235
3 1253 1673 1666
3 1667 1668 1256
3 1668 1255 1256
3 1668 1674 1255
3 1667 1256 1237
3 1258 1675 1669
3 1258 1669 1241
3 1676 1259 1244
3 1669 1676 1244
3 1675 1676 1669
3 1677 1260 1259
3 1677 1259 1676
3 1677 1261 1260
3 1680 1679 1678
3 1266 1265 1678
3 1679 1266 1678
3 1681 1266 1679
3 1266 1682 1267
3 1681 1682 1266
3 1267 1683 1268
3 1682 1683 1267
3 1268 1684 1269
3 1683 1684 1268
3 1248 1269 1671
3 1671 1269 1684
3 1672 1685 1251
3 1251 1685 1270
3 1270 1686 1271
3 1685 1686 1270
3 1253 1271 1673
3 1673 1271 1686
3 1688 1687 1273
3 1273 1687 1272
3 1273 1255 1674
3 1273 1674 1688
3 1275 1689 1675
3 1275 1675 1258
3 1691 1676 1690
3 1676 1689 1690
3 1676 1675 1689
3 1693 1692 1691
3 1692 1676 1691
3 1692 1677 1676
3 1692 1277 1261
3 1692 1261 1677
3 1696 1695 1694
3 1282 1281 1694
3 1695 1282 1694
3 1697 1282 1695
3 1678 1283 1680
3 1283 1697 1680
3 1283 1282 1697
3 1283 1678 1265
3 1699 1698 1285
3 1285 1698 1284
3 1285 1272 1687
3 1285 1687 1699
3 1287 1700 1689
3 1287 1689 1275
3 1690 1689 1701
3 1689 1702 1701
3 1689 1700 1702
3 1701 1702 1693
3 1702 1692 1693
3 1702 1703 1692
3 1704 1288 1277
3 1692 1704 1277
3 1703 1704 1692
3 1288 1704 1705
3 1706 1288 1705
3 1289 1288 1706
3 1289 1707 1290
3 1706 1707 1289
3 1290 1708 1291
3 1707 1708 1290
3 1694 1292 1696
3 1292 1708 1696
3 1292 1291 1708
3 1292 1694 1281
3 1709 1294 1295
3 1710 1709 1295
3 1284 1710 1295
3 1698 1710 1284
3 1297 1711 1700
3 1297 1700 1287
3 1700 1712 1702
3 1700 1711 1712
3 1712 1299 1300
3 1703 1712 1300
3 1702 1712 1703
3 1703 1300 1301
3 1713 1703 1301
3 1704 1703 1713
3 1705 1704 1714
3 1714 1704 1713
3 1716 1715 1709
3 1715 1294 1709
3 1715 1302 1294
3 1716 1709 1710
3 1305 1717 1711
3 1305 1711 1297
3 1711 1718 1712
3 1711 1717 1718
3 1718 1307 1299
3 1718 1299 1712
3 1720 1719 1713
3 1301 1720 1713
3 1308 1720 1301
3 1713 1719 1714
3 1722 1721 1310
3 1310 1721 1309
3 1310 1302 1715
3 1310 1715 1722
3 1312 1723 1313
3 1717 1305 1313
3 1723 1717 1313
3 1724 1717 1723
3 1724 1315 1316
3 1718 1724 1316
3 1717 1724 1718
3 1726 1725 1318
3 1726 1316 1725
3 1316 1726 1718
3 1727 1718 1726
3 1718 1727 1307
3 1725 1307 1727
3 1727 1317 1725
3 1725 1317 1318
3 1316 1307 1725
3 1308 1317 1720
3 1720 1317 1727
3 1729 1728 1321
3 1321 1728 1320
3 1321 1309 1721
3 1321 1721 1729
3 1324 1730 1723
3 1324 1723 1312
3 1730 1326 1327
3 1724 1730 1327
3 1723 1730 1724
3 1315 1724 1327
3 1328 1329 1731
3 1731 1732 1328
3 1732 1318 1328
3 1732 1726 1318
3 1728 1330 1320
3 1733 1330 1728
3 1333 1734 1334
3 1730 1324 1334
3 1734 1730 1334
3 1735 1730 1734
3 1736 1335 1326
3 1730 1736 1326
3 1735 1736 1730
3 1736 1737 1335
3 1335 1737 1329
3 1737 1738 1329
3 1738 1731 1329
3 1731 1738 1732
3 1740 1739 1337
3 1337 1739 1336
3 1337 1330 1733
3 1337 1733 1740
3 1339 1741 1338
3 1742 1340 1338
3 1742 1338 1741
3 1734 1333 1340
3 1742 1734 1340
3 1743 1734 1742
3 1745 1735 1744
3 1735 1743 1744
3 1735 1734 1743
3 1735 1745 1736
3 1736 1745 1746
3 1736 1746 1737
3 1739 1341 1336
3 1747 1341 1739
3 1343 1748 1741
3 1343 1741 1339
3 1750 1742 1749
3 1742 1748 1749
3 1742 1741 1748
3 1742 1750 1743
3 1743 1750 1751
3 1743 1751 1744
3 1753 1344 1752
3 1344 1747 1752
3 1344 1341 1747
3 1754 1753 1752
3 1346 1755 1748
3 1346 1748 1343
3 1749 1748 1756
3 1756 1748 1755
3 1757 1347 1753
3 1753 1347 1344
3 1753 1754 1758
3 1753 1758 1757
3 1760 1759 1755
3 1346 1760 1755
3 1349 1760 1346
3 1755 1759 1756
3 1757 1350 1347
3 1352 1350 1757
3 1758 1352 1757
3 1761 1352 1758
3 1763 1762 1353
3 1763 1353 1354
3 1349 1353 1760
3 1760 1353 1762
3 1761 1356 1352
3 1764 1356 1761
3 1766 1765 1358
3 1766 1358 1359
3 1354 1358 1763
3 1763 1358 1765
3 1764 1361 1356
3 1767 1361 1764
3 1769 1768 1362
3 1769 1362 1363
3 1359 1362 1766
3 1766 1362 1768
3 1767 1365 1361
3 1770 1365 1767
3 1773 1772 1771
3 1772 1769 1771
3 1769 1367 1771
3 1769 1363 1367
3 1775 1369 1774
3 1369 1770 1774
3 1369 1365 1770
3 1776 1775 1774
3 1773 1771 1370
3 1371 1773 1370
3 1777 1773 1371
3 1370 1771 1367
3 1778 1372 1775
3 1775 1372 1369
3 1775 1776 1779
3 1775 1779 1778
3 1781 1780 1376
3 1781 1376 1375
3 1371 1376 1777
3 1777 1376 1780
3 1783 1377 1782
3 1377 1372 1782
3 1782 1372 1778
3 1784 1782 1778
3 1778 1779 1784
3 1377 1783 1379
3 1381 1785 1380
3 1380 1785 1786
3 1787 1380 1786
3 1382 1380 1787
3 1375 1382 1781
3 1781 1382 1787
3 1782 1788 1783
3 1788 1790 1789
3 1788 1789 1383
3 1783 1788 1383
3 1379 1783 1383
3 1789 1385 1383
3 1389 1791 1390
3 1791 1792 1390
3 1390 1792 1381
3 1792 1793 1381
3 1793 1785 1381
3 1785 1793 1786
3 1790 1794 1789
3 1789 1794 1385
3 1794 1391 1385
3 1794 1795 1391
3 1393 1391 1795
3 1393 1795 1796
3 1395 1797 1396
3 1797 1798 1396
3 1396 1798 1389
3 1798 1799 1389
3 1799 1791 1389
3 1791 1799 1792
3 1802 1801 1800
3 1398 1399 1800
3 1399 1802 1800
3 1399 1803 1802
3 1804 1399 1400
3 1804 1803 1399
3 1400 1402 1804
3 1804 1402 1805
3 1800 1801 1405
3 1801 1404 1405
3 1801 1806 1404
3 1800 1405 1398
3 1406 1805 1402
3 1406 1807 1805
3 1810 1809 1808
3 1408 1409 1808
3 1409 1810 1808
3 1409 1811 1810
3 1813 1812 1410
3 1812 1409 1410
3 1812 1811 1409
3 1412 1413 1813
3 1413 1812 1813
3 1413 1814 1812
3 1413 1404 1806
3 1413 1806 1814
3 1414 1807 1406
3 1414 1815 1807
3 1808 1809 1417
3 1809 1416 1417
3 1809 1816 1416
3 1808 1417 1408
3 1418 1813 1410
3 1813 1418 1412
3 1819 1818 1817
3 1818 1815 1817
3 1815 1420 1817
3 1815 1414 1420
3 1822 1821 1820
3 1816 1822 1820
3 1421 1816 1820
3 1416 1816 1421
3 1819 1817 1423
3 1424 1819 1423
3 1823 1819 1424
3 1423 1817 1420
3 1820 1821 1824
3 1824 1821 1825
3 1824 1425 1421
3 1824 1421 1820
3 1827 1826 1427
3 1827 1427 1428
3 1424 1427 1823
3 1823 1427 1826
3 1829 1828 1431
3 1431 1828 1430
3 1830 1431 1432
3 1830 1829 1431
3 1832 1831 1434
3 1831 1432 1434
3 1831 1830 1432
3 1832 1833 1831
3 1824 1825 1437
3 1825 1436 1437
3 1825 1834 1436
3 1824 1437 1425
3 1440 1827 1428
3 1440 1835 1827
3 1828 1441 1430
3 1836 1441 1828
3 1443 1832 1434
3 1443 1445 1832
3 1445 1833 1832
3 1445 1837 1833
3 1840 1839 1838
3 1834 1840 1838
3 1447 1834 1838
3 1436 1834 1447
3 1450 1842 1841
3 1835 1450 1841
3 1440 1450 1835
3 1842 1843 1841
3 1846 1845 1844
3 1848 1847 1844
3 1844 1847 1846
3 1848 1849 1847
3 1850 1452 1453
3 1851 1850 1453
3 1441 1851 1453
3 1836 1851 1441
3 1455 1853 1852
3 1837 1455 1852
3 1445 1455 1837
3 1853 1854 1852
3 1857 1856 1855
3 1857 1855 1839
3 1839 1855 1838
3 1855 1457 1838
3 1457 1458 1838
3 1838 1458 1447
3 1464 1842 1450
3 1858 1843 1842
3 1464 1858 1842
3 1466 1858 1464
3 1466 1468 1858
3 1858 1468 1859
3 1861 1860 1471
3 1471 1860 1470
3 1472 1844 1845
3 1861 1472 1845
3 1471 1472 1861
3 1844 1472 1474
3 1844 1474 1848
3 1862 1849 1848
3 1474 1862 1848
3 1476 1862 1474
3 1862 1476 1452
3 1863 1862 1452
3 1850 1863 1452
3 1862 1863 1864
3 1850 1851 1865
3 1850 1865 1863
3 1480 1853 1455
3 1866 1854 1853
3 1480 1866 1853
3 1482 1866 1480
3 1868 1867 1484
3 1867 1482 1484
3 1867 1866 1482
3 1855 1856 1487
3 1856 1486 1487
3 1856 1869 1486
3 1855 1487 1457
3 1870 1859 1468
3 1870 1468 1494
3 1494 1470 1860
3 1494 1860 1870
3 1873 1872 1871
3 1871 1872 1864
3 1863 1871 1864
3 1874 1871 1863
3 1863 1865 1875
3 1863 1875 1874
3 1502 1868 1484
3 1878 1877 1876
3 1869 1878 1876
3 1505 1869 1876
3 1486 1869 1505
3 1879 1873 1871
3 1514 1880 1515
3 1880 1871 1515
3 1871 1874 1515
3 1880 1879 1871
3 1517 1515 1874
3 1875 1517 1874
3 1881 1517 1875
3 1876 1877 1522
3 1877 1521 1522
3 1877 1882 1521
3 1876 1522 1505
3 1525 1880 1514
3 1525 1883 1880
3 1881 1884 1517
3 1517 1884 1526
3 1526 1885 1527
3 1884 1885 1526
3 1527 1886 1528
3 1885 1886 1527
3 1528 1887 1529
3 1886 1887 1528
3 1889 1888 1530
3 1529 1889 1530
3 1887 1889 1529
3 1531 1532 1888
3 1889 1531 1888
3 1890 1531 1889
3 1882 1534 1521
3 1891 1534 1882
3 1538 1883 1525
3 1538 1892 1883
3 1888 1539 1530
3 1539 1888 1532
3 1891 1541 1534
3 1893 1541 1891
3 1544 1892 1538
3 1544 1894 1892
3 1893 1546 1541
3 1895 1546 1893
3 1548 1894 1544
3 1548 1896 1894
3 1899 1898 1897
3 1550 1551 1897
3 1551 1899 1897
3 1551 1900 1899
3 1901 1551 1552
3 1901 1900 1551
3 1902 1552 1554
3 1902 1901 1552
3 1903 1554 1556
3 1903 1902 1554
3 1904 1556 1557
3 1904 1903 1556
3 1905 1557 1558
3 1905 1904 1557
3 1906 1558 1559
3 1906 1905 1558
3 1559 1561 1906
3 1906 1561 1907
3 1895 1908 1546
3 1546 1908 1562
3 1564 1562 1908
3 1564 1908 1909
3 1912 1911 1910
3 1911 1896 1910
3 1896 1566 1910
3 1896 1548 1566
3 1897 1898 1569
3 1898 1568 1569
3 1898 1913 1568
3 1897 1569 1550
3 1915 1914 1572
3 1915 1572 1571
3 1572 1916 1573
3 1914 1916 1572
3 1574 1573 1916
3 1574 1916 1917
3 1575 1907 1561
3 1575 1918 1907
3 1909 1919 1564
3 1564 1919 1576
3 1577 1576 1919
3 1577 1919 1920
3 1921 1912 1910
3 1910 1566 1921
3 1566 1922 1921
3 1566 1579 1922
3 1913 1923 1568
3 1568 1923 1580
3 1580 1924 1581
3 1923 1924 1580
3 1571 1581 1915
3 1915 1581 1924
3 1917 1925 1574
3 1574 1925 1582
3 1927 1926 1583
3 1582 1927 1583
3 1925 1927 1582
3 1928 1926 1927
3 1584 1918 1575
3 1584 1929 1918
3 1930 1586 1587
3 1931 1930 1587
3 1577 1931 1587
3 1920 1931 1577
3 1589 1922 1579
3 1589 1932 1922
3 1926 1590 1583
3 1592 1590 1926
3 1928 1592 1926
3 1933 1592 1928
3 1593 1929 1584
3 1593 1934 1929
3 1936 1935 1596
3 1596 1935 1595
3 1596 1597 1936
3 1936 1597 1937
3 1938 1599 1930
3 1930 1599 1586
3 1930 1931 1939
3 1930 1939 1938
3 1940 1932 1589
3 1940 1589 1600
3 1600 1602 1940
3 1940 1602 1941
3 1603 1592 1942
3 1592 1943 1942
3 1592 1933 1943
3 1944 1604 1603
3 1944 1603 1942
3 1944 1945 1604
3 1945 1593 1604
3 1945 1934 1593
3 1948 1947 1946
3 1946 1949 1948
3 1951 1950 1607
3 1607 1950 1606
3 1607 1595 1935
3 1607 1935 1951
3 1597 1608 1952
3 1953 1597 1952
3 1937 1597 1953
3 1610 1952 1608
3 1954 1612 1938
3 1938 1612 1599
3 1938 1939 1955
3 1938 1955 1954
3 1614 1957 1956
3 1941 1614 1956
3 1602 1614 1941
3 1957 1958 1956
3 1961 1960 1959
3 1959 1962 1961
3 1942 1943 1617
3 1943 1616 1617
3 1943 1963 1616
3 1942 1617 1618
3 1964 1942 1618
3 1944 1942 1964
3 1945 1944 1965
3 1965 1944 1964
3 1967 1966 1621
3 1621 1966 1620
3 1622 1946 1947
3 1967 1622 1947
3 1621 1622 1967
3 1968 1949 1946
3 1622 1968 1946
3 1624 1968 1622
3 1624 1606 1950
3 1624 1950 1968
3 1969 1953 1952
3 1610 1627 1952
3 1627 1970 1952
3 1970 1969 1952
3 1970 1627 1971
3 1972 1970 1954
3 1970 1629 1954
3 1629 1612 1954
3 1970 1971 1629
3 1972 1954 1955
3 1630 1957 1614
3 1974 1973 1632
3 1632 1973 1630
3 1973 1958 1630
3 1958 1957 1630
3 1976 1975 1974
3 1975 1959 1974
3 1960 1973 1974
3 1960 1974 1959
3 1959 1975 1962
3 1963 1633 1616
3 1977 1633 1963
3 1979 1978 1964
3 1618 1979 1964
3 1634 1979 1618
3 1964 1978 1965
3 1980 1635 1636
3 1981 1980 1636
3 1620 1981 1636
3 1966 1981 1620
3 1638 1971 1627
3 1971 1638 1629
3 1984 1983 1982
3 1986 1985 1982
3 1986 1982 1983
3 1987 1985 1986
3 1642 1988 1974
3 1642 1974 1632
3 1976 1974 1989
3 1989 1974 1988
3 1991 1644 1990
3 1644 1977 1990
3 1644 1633 1977
3 1992 1991 1645
3 1991 1979 1645
3 1979 1634 1645
3 1979 1991 1990
3 1647 1992 1645
3 1994 1993 1649
3 1649 1993 1648
3 1995 1649 1650
3 1995 1994 1649
3 1650 1635 1980
3 1996 1650 1980
3 1995 1650 1996
3 1996 1980 1981
3 1997 1984 1982
3 1999 1998 1997
3 1982 1999 1997
3 1985 1999 1982
3 1985 1987 2000
3 1985 2000 1999
3 1653 1988 1642
3 1653 1655 1988
3 1655 2001 1988
3 2001 1989 1988
3 1655 2002 2001
3 1657 2002 1655
3 1991 1658 1644
3 1658 1991 1659
3 1659 1991 1992
3 1660 1659 2003
3 1659 1992 2003
3 1647 1662 2003
3 1647 2003 1992
3 1663 2004 1662
3 1662 2004 2003
3 2005 2004 1663
3 1648 2005 1663
3 1993 2005 1648
3 1998 1999 2006
3 1998 2006 2007
3 1999 2000 2008
3 1999 2008 2006
3 2001 2002 1665
3 1666 2001 1665
3 2009 2001 1666
3 1665 2002 1657
3 2010 1668 2003
3 2003 1668 1660
3 2004 2012 2011
3 2010 2004 2011
3 2003 2004 2010
3 2012 2004 2005
3 2007 2006 2013
3 2007 2013 2014
3 2006 2008 2015
3 2006 2015 2013
3 2018 2017 2016
3 2020 2019 2016
3 2020 2016 2017
3 2022 2021 2019
3 2022 2019 2020
3 2024 2023 2021
3 2024 2021 2022
3 1670 1671 2023
3 2024 1670 2023
3 2025 1670 2024
3 2027 2026 1672
3 1670 2027 1672
3 2025 2027 1670
3 2029 2028 2026
3 2029 2026 2027
3 2029 2009 2028
3 2009 1673 2028
3 2009 1666 1673
3 2031 2030 2010
3 2030 1668 2010
3 2030 1674 1668
3 2031 2010 2011
3 2032 2014 2013
3 2032 2013 2015
3 2035 2034 2033
3 1679 1680 2033
3 2034 1679 2033
3 2036 1679 2034
3 2016 1681 2018
3 1681 2036 2018
3 1681 1679 2036
3 1681 2016 1682
3 1682 2016 2019
3 1682 2019 1683
3 1683 2019 2021
3 1683 2021 1684
3 1684 2021 2023
3 1684 2023 1671
3 2026 1685 1672
3 1685 2026 1686
3 1686 2026 2028
3 1686 2028 1673
3 2038 2037 1688
3 1688 2037 1687
3 1688 1674 2030
3 1688 2030 2038
3 1690 2039 1691
3 2039 1693 1691
3 2042 2041 2040
3 2044 2043 2040
3 2044 2040 2041
3 1695 1696 2043
3 2044 1695 2043
3 2045 1695 2044
3 2033 1697 2035
3 1697 2045 2035
3 1697 1695 2045
3 1697 2033 1680
3 2047 2046 1699
3 1699 2046 1698
3 1699 1687 2037
3 1699 2037 2047
3 1701 2039 1690
3 2039 1701 1693
3 2049 2048 1706
3 2049 1706 1705
3 2040 1707 2042
3 1707 2048 2042
3 1707 1706 2048
3 1707 2040 1708
3 1708 2040 2043
3 1708 2043 1696
3 2046 1710 1698
3 2050 1710 2046
3 2053 2052 2051
3 2052 2049 2051
3 2049 1714 2051
3 2049 1705 1714
3 2055 2054 1716
3 1716 2054 1715
3 1716 1710 2050
3 1716 2050 2055
3 2053 2051 1719
3 1720 2053 1719
3 2056 2053 1720
3 1719 2051 1714
3 2058 2057 1722
3 1722 2057 1721
3 1722 1715 2054
3 1722 2054 2058
3 2060 2059 1727
3 2060 1727 1726
3 1720 1727 2056
3 2056 1727 2059
3 2062 2061 1729
3 1729 2061 1728
3 1729 1721 2057
3 1729 2057 2062
3 1732 2060 1726
3 1732 2063 2060
3 2061 1733 1728
3 2064 1733 2061
3 2067 2066 2065
3 1738 1737 2065
3 2066 1738 2065
3 2068 1738 2066
3 1732 1738 2063
3 2063 1738 2068
3 2069 1739 1740
3 2070 2069 1740
3 1733 2070 1740
3 2064 2070 1733
3 2073 2072 2071
3 2074 2071 2072
3 2076 2075 1745
3 2076 1745 1744
3 2065 1746 2067
3 1746 2075 2067
3 1746 1745 2075
3 1746 2065 1737
3 2077 1747 2069
3 2069 1747 1739
3 2069 2070 2078
3 2069 2078 2077
3 2081 2080 2079
3 2083 2082 2079
3 2083 2079 2080
3 2073 2071 2084
3 2083 2085 2082
3 2087 2086 1749
3 2086 2084 1749
3 2071 1749 2084
3 1749 2071 1750
3 2074 1750 2071
3 1750 2074 2086
3 2086 2088 1750
3 2087 2088 2086
3 2086 2074 2084
3 1750 2089 1751
3 2088 2089 1750
3 1744 1751 2076
3 2076 1751 2089
3 2077 1752 1747
3 1754 1752 2077
3 2078 1754 2077
3 2090 1754 2078
3 2091 2081 2079
3 2091 2079 2082
3 2091 2082 2092
3 2095 2094 2093
3 2085 2092 2082
3 2095 2087 2094
3 2087 1756 2094
3 2087 1749 1756
3 2090 1758 1754
3 2096 1758 2090
3 2099 2098 2097
3 2097 2098 2093
3 2097 2093 2094
3 1760 2097 2094
3 1759 1760 2094
3 1759 2094 1756
3 2096 1761 1758
3 2100 1761 2096
3 2103 2102 2101
3 2101 2102 2099
3 2101 2099 2097
3 1763 2101 2097
3 1762 1763 2097
3 1762 2097 1760
3 2105 1764 2104
3 1764 2100 2104
3 1764 1761 2100
3 2106 2105 2104
3 2103 2101 1765
3 1766 2103 1765
3 2107 2103 1766
3 1765 2101 1763
3 2108 1767 2105
3 2105 1767 1764
3 2105 2106 2109
3 2105 2109 2108
3 2111 2110 1768
3 2111 1768 1769
3 1766 1768 2107
3 2107 1768 2110
3 2112 1770 2108
3 2108 1770 1767
3 2108 2109 2113
3 2108 2113 2112
3 2115 2114 1772
3 2115 1772 1773
3 1769 1772 2111
3 2111 1772 2114
3 2112 1774 1770
3 1776 1774 2112
3 2113 1776 2112
3 2116 1776 2113
3 1777 2115 1773
3 1777 2117 2115
3 2116 1779 1776
3 2118 1779 2116
3 2120 2119 1780
3 2120 1780 1781
3 1777 1780 2117
3 2117 1780 2119
3 2121 1782 1784
3 2122 2121 1784
3 1779 2122 1784
3 2118 2122 1779
3 2124 2123 1787
3 2124 1787 1786
3 1781 1787 2120
3 2120 1787 2123
3 2121 1788 1782
3 2126 2125 1790
3 2126 1790 1788
3 2122 2126 1788
3 2121 2122 1788
3 2127 2125 2126
3 1792 2128 1793
3 2128 2129 1793
3 2129 1786 1793
3 2129 2124 1786
3 2125 1794 1790
3 2127 2130 2125
3 2130 1794 2125
3 2130 1795 1794
3 1796 1795 2130
3 1796 2130 2131
3 2133 2132 1799
3 2133 1799 1798
3 1792 1799 2128
3 1799 2134 2128
3 1799 2132 2134
3 2128 2134 2129
3 2136 2135 1802
3 1802 2135 1801
3 2137 1802 1803
3 2137 2136 1802
3 2138 1803 1804
3 2138 2137 1803
3 1804 1805 2138
3 2138 1805 2139
3 2135 1806 1801
3 2140 1806 2135
3 1807 2139 1805
3 1807 2141 2139
3 2143 2142 1810
3 1810 2142 1809
3 2144 1810 1811
3 2144 2143 1810
3 2146 2144 2145
3 2144 1812 2145
3 2144 1811 1812
3 2145 1812 2147
3 1812 2148 2147
3 1812 1814 2148
3 1814 1806 2140
3 1814 2140 2148
3 1815 2141 1807
3 1815 2149 2141
3 2142 1816 1809
3 2150 1816 2142
3 2146 2145 2151
3 2146 2151 2152
3 2145 2147 2153
3 2154 2145 2153
3 2151 2145 2154
3 2155 2154 2153
3 2157 2156 1818
3 2157 1818 1819
3 1815 1818 2149
3 2149 1818 2156
3 2159 2158 1822
3 1822 2158 1821
3 1822 1816 2150
3 1822 2150 2159
3 2152 2151 2160
3 2152 2160 2161
3 2154 2163 2162
3 2160 2154 2162
3 2151 2154 2160
3 2163 2154 2155
3 2166 2165 2164
3 2165 2157 2164
3 2157 1823 2164
3 2157 1819 1823
3 2158 1825 1821
3 2167 1825 2158
3 2161 2160 2168
3 2161 2168 2169
3 2160 2162 2170
3 2160 2170 2168
3 2166 2164 1826
3 1827 2166 1826
3 2171 2166 1827
3 1826 2164 1823
3 2172 1828 1829
3 2172 1829 2173
3 1829 2174 2173
3 1829 1830 2174
3 2176 2174 2175
3 2174 1831 2175
3 2174 1830 1831
3 1833 2175 1831
3 2167 1834 1825
3 2177 1834 2167
3 2180 2179 2178
3 2178 2179 2169
3 2168 2178 2169
3 2181 2178 2168
3 2168 2170 2182
3 2168 2182 2181
3 1835 2171 1827
3 1835 2183 2171
3 2184 1836 2172
3 2172 1836 1828
3 2172 2173 2185
3 2172 2185 2184
3 2186 2176 2175
3 2175 1833 2186
3 1833 2187 2186
3 1833 1837 2187
3 2189 2188 1840
3 1840 2188 1839
3 1840 1834 2177
3 1840 2177 2189
3 2180 2178 2190
3 2180 2190 2191
3 2192 2178 2181
3 2190 2178 2192
3 2181 2182 2193
3 2181 2193 2192
3 2194 2183 1835
3 2194 1835 1841
3 1841 1843 2194
3 2194 1843 2195
3 2196 1845 1846
3 1847 2197 1846
3 1846 2197 2196
3 1849 2197 1847
3 2198 1851 2184
3 2184 1851 1836
3 2184 2185 2199
3 2200 2184 2199
3 2198 2184 2200
3 2201 2200 2199
3 1837 1852 2202
3 2203 1837 2202
3 2187 1837 2203
3 1854 2202 1852
3 2205 2204 1857
3 1857 2204 1856
3 1857 1839 2188
3 1857 2188 2205
3 2191 2190 2206
3 2191 2206 2207
3 2192 2209 2208
3 2206 2192 2208
3 2190 2192 2206
3 2209 2192 2193
3 1843 1858 2210
3 2211 1843 2210
3 2195 1843 2211
3 1859 2210 1858
3 2212 1860 1861
3 1845 2196 1861
3 2196 2212 1861
3 2196 2213 2212
3 2214 2196 2197
3 2213 2196 2214
3 1862 2215 1849
3 2215 2197 1849
3 2215 2214 2197
3 1864 2215 1862
3 2216 1865 2198
3 2198 1865 1851
3 2200 2218 2217
3 2216 2200 2217
3 2198 2200 2216
3 2218 2200 2201
3 2219 2203 2202
3 2219 2202 1854
3 1866 2219 1854
3 2220 2219 1866
3 2221 1866 1867
3 2221 2220 1866
3 2204 1869 1856
3 2222 1869 2204
3 2223 2207 2206
3 2223 2206 2208
3 2211 2210 2224
3 2211 2224 2225
3 1870 2226 1859
3 2226 2210 1859
3 2226 2224 2210
3 1860 2212 1870
3 2212 2226 1870
3 2212 2227 2226
3 2228 2212 2213
3 2227 2212 2228
3 2229 2213 2214
3 2228 2213 2229
3 1873 2229 1872
3 2229 2215 1872
3 2229 2214 2215
3 1872 2215 1864
3 2230 1875 2216
3 2216 1875 1865
3 2216 2217 2231
3 2216 2231 2230
3 2233 2232 1878
3 1878 2232 1877
3 1878 1869 2222
3 1878 2222 2233
3 2234 2225 2224
3 2236 2235 2234
3 2224 2236 2234
3 2226 2236 2224
3 2227 2238 2237
3 2236 2227 2237
3 2226 2227 2236
3 2238 2227 2228
3 2238 2228 2239
3 2241 2240 2239
3 2228 2241 2239
3 2229 2241 2228
3 1879 2242 1873
3 2242 2229 1873
3 2242 2241 2229
3 1880 2242 1879
3 2243 1881 2230
3 2230 1881 1875
3 2230 2231 2244
3 2245 2230 2244
3 2243 2230 2245
3 2247 2246 2245
3 2247 2245 2244
3 2249 2248 2246
3 2249 2246 2247
3 2250 2248 2249
3 2253 2252 2251
3 2232 1882 1877
3 2254 1882 2232
3 2255 2235 2236
3 2255 2236 2237
3 2256 2240 2241
3 2258 2257 2256
3 2241 2258 2256
3 2242 2258 2241
3 1883 2258 1880
3 1880 2258 2242
3 2243 1884 1881
3 1884 2243 1885
3 1885 2243 2245
3 1885 2245 1886
3 1886 2245 2246
3 1886 2246 1887
3 1887 2246 2248
3 2250 2259 2248
3 2259 1887 2248
3 2259 1889 1887
3 2251 1890 2253
3 1890 2259 2253
3 1890 1889 2259
3 2254 1891 1882
3 2260 1891 2254
3 2263 2262 2261
3 2265 2264 2261
3 2265 2261 2262
3 2266 2264 2265
3 2257 2258 2267
3 2257 2267 2268
3 1892 2267 1883
3 1883 2267 2258
3 2260 1893 1891
3 2269 1893 2260
3 2272 2271 2270
3 2270 2271 2263
3 2261 2270 2263
3 2273 2270 2261
3 2274 2261 2264
3 2273 2261 2274
3 2264 2266 2275
3 2264 2275 2274
3 2268 2267 2276
3 2268 2276 2277
3 1894 2276 1892
3 1892 2276 2267
3 2269 1895 1893
3 2278 1895 2269
3 2272 2270 2279
3 2272 2279 2280
3 2281 2270 2273
3 2279 2270 2281
3 2282 2273 2274
3 2281 2273 2282
3 2274 2275 2283
3 2284 2274 2283
3 2282 2274 2284
3 2284 2283 2277
3 2276 2284 2277
3 2285 2284 2276
3 1896 2285 1894
3 1894 2285 2276
3 2286 1898 1899
3 2286 1899 2287
3 1899 2288 2287
3 1899 1900 2288
3 2290 2288 2289
3 2288 1901 2289
3 2288 1900 1901
3 1902 2291 1901
3 1901 2291 2289
3 2291 1902 2292
3 1902 2293 2292
3 1902 1903 2293
3 2294 1903 1904
3 2294 2293 1903
3 2295 1904 1905
3 2295 2294 1904
3 2296 1905 1906
3 2296 2295 1905
3 1906 1907 2296
3 2296 1907 2297
3 2278 2298 1895
3 1895 2298 1908
3 2300 2299 1909
3 1908 2300 1909
3 2298 2300 1908
3 2302 2301 2299
3 2302 2299 2300
3 2303 2301 2302
3 2280 2279 2304
3 2280 2304 2305
3 2306 2279 2281
3 2304 2279 2306
3 2307 2281 2282
3 2306 2281 2307
3 2308 2282 2284
3 2307 2282 2308
3 1912 2308 1911
3 2308 2285 1911
3 2308 2284 2285
3 1911 2285 1896
3 2309 1913 2286
3 2286 1913 1898
3 2286 2287 2310
3 2311 2286 2310
3 2309 2286 2311
3 2311 2310 2290
3 2311 2290 2289
3 1915 2311 2289
3 1914 1915 2289
3 1914 2289 1916
3 1916 2289 2291
3 2313 2312 1917
3 2313 1917 1916
3 2292 2313 1916
3 2291 2292 1916
3 2314 2312 2313
3 1918 2297 1907
3 1918 2315 2297
3 2299 1919 1909
3 1919 2299 1920
3 2299 2316 1920
3 2299 2301 2316
3 2301 2303 2317
3 2301 2317 2316
3 2320 2319 2318
3 2322 2321 2318
3 2322 2318 2319
3 2323 2321 2322
3 2305 2304 2324
3 2305 2324 2325
3 2326 2304 2306
3 2324 2304 2326
3 2327 2306 2307
3 2326 2306 2327
3 2328 2307 2308
3 2327 2307 2328
3 1921 2329 1912
3 2329 2308 1912
3 2329 2328 2308
3 1922 2329 1921
3 2309 1923 1913
3 1923 2309 1924
3 1924 2309 2311
3 1924 2311 1915
3 2312 1925 1917
3 2314 2330 2312
3 2330 1925 2312
3 2330 1927 1925
3 1928 1927 2330
3 1928 2330 2331
3 1929 2315 1918
3 1929 2332 2315
3 2334 2333 2316
3 2333 1920 2316
3 2333 1931 1920
3 2334 2316 2317
3 2337 2336 2335
3 2335 2336 2320
3 2318 2335 2320
3 2338 2335 2318
3 2339 2318 2321
3 2338 2318 2339
3 2321 2323 2340
3 2341 2321 2340
3 2339 2321 2341
3 2343 2342 2341
3 2343 2341 2340
3 2344 2342 2343
3 2325 2324 2345
3 2325 2345 2346
3 2347 2324 2326
3 2345 2324 2347
3 2327 2349 2348
3 2347 2327 2348
3 2326 2327 2347
3 2349 2327 2328
3 2349 2328 2350
3 2350 2328 2329
3 2350 2329 2351
3 2329 1922 2351
3 1922 2352 2351
3 1922 1932 2352
3 2354 1933 2353
3 1933 2331 2353
3 1933 1928 2331
3 2356 2355 2354
3 2356 2354 2353
3 2356 2332 2355
3 2332 1934 2355
3 2332 1929 1934
3 2357 1935 1936
3 1937 2357 1936
3 2359 1939 2358
3 1939 2333 2358
3 1939 1931 2333
3 2360 2359 2358
3 2337 2335 2361
3 2337 2361 2362
3 2363 2335 2338
3 2361 2335 2363
3 2364 2338 2339
3 2363 2338 2364
3 2365 2339 2341
3 2364 2339 2365
3 2366 2341 2342
3 2365 2341 2366
3 2342 2344 2367
3 2368 2342 2367
3 2366 2342 2368
3 2370 2369 2368
3 2370 2368 2367
3 2369 2370 2346
3 2345 2369 2346
3 2371 2369 2345
3 2347 2373 2372
3 2371 2347 2372
3 2345 2347 2371
3 2373 2347 2348
3 1932 1940 2374
3 2375 1932 2374
3 2352 1932 2375
3 1941 2374 1940
3 2377 2376 2354
3 2376 1933 2354
3 2376 1943 1933
3 2379 2378 2377
3 2354 2379 2377
3 2355 2379 2354
3 1945 2379 1934
3 1934 2379 2355
3 2381 2380 1948
3 1948 2380 1947
3 1948 1949 2381
3 2381 1949 2382
3 2383 1950 1951
3 1935 2357 1951
3 2357 2383 1951
3 2357 2384 2383
3 1953 2384 1937
3 1937 2384 2357
3 2385 1955 2359
3 2359 1955 1939
3 2359 2360 2386
3 2387 2359 2386
3 2385 2359 2387
3 2387 2386 2362
3 2361 2387 2362
3 2388 2387 2361
3 2389 2361 2363
3 2388 2361 2389
3 2390 2363 2364
3 2389 2363 2390
3 2365 2392 2391
3 2390 2365 2391
3 2364 2365 2390
3 2392 2365 2366
3 2392 2366 2393
3 2393 2366 2368
3 2393 2368 2394
3 2394 2368 2369
3 2394 2369 2395
3 2395 2369 2371
3 2395 2371 2396
3 2396 2371 2372
3 2397 2375 2374
3 2399 2397 2398
3 2398 2397 1956
3 2397 2374 1956
3 2374 1941 1956
3 1958 2398 1956
3 2400 1960 1961
3 1962 2400 1961
3 2376 1963 1943
3 2401 1963 2376
3 2378 2379 2402
3 2378 2402 2403
3 1965 2402 1945
3 1945 2402 2379
3 2404 1966 1967
3 2405 2404 1967
3 1947 2405 1967
3 2380 2405 1947
3 1949 1968 2406
3 2407 1949 2406
3 2382 1949 2407
3 1950 2383 1968
3 2383 2406 1968
3 2383 2408 2406
3 2384 2410 2409
3 2408 2384 2409
3 2383 2384 2408
3 2410 2384 1953
3 1969 2410 1953
3 2411 2410 1969
3 2413 2411 2412
3 2411 1970 2412
3 2411 1969 1970
3 1972 2414 1970
3 1970 2414 2412
3 1955 2385 1972
3 2385 2414 1972
3 2385 2415 2414
3 2416 2385 2387
3 2415 2385 2416
3 2417 2387 2388
3 2416 2387 2417
3 2418 2388 2389
3 2417 2388 2418
3 2390 2420 2419
3 2418 2390 2419
3 2389 2390 2418
3 2420 2390 2391
3 2399 2398 2421
3 2399 2421 2422
3 1973 2423 1958
3 2423 2398 1958
3 2423 2421 2398
3 1973 1960 2423
3 1960 2400 2423
3 1975 1976 2423
3 1975 2423 2400
3 1975 2400 1962
3 2401 1977 1963
3 2424 1977 2401
3 2403 2402 1978
3 1979 2403 1978
3 2425 2403 1979
3 1978 2402 1965
3 2426 1981 2404
3 2404 1981 1966
3 2404 2405 2427
3 2428 2404 2427
3 2426 2404 2428
3 2407 2406 2429
3 2427 2430 2428
3 2429 2406 2408
3 2429 2408 2431
3 2431 2408 2409
3 2432 2413 2412
3 2432 2412 2414
3 2432 2414 2433
3 2435 2434 2433
3 2414 2435 2433
3 2415 2435 2414
3 1984 2435 1983
3 2435 2416 1983
3 2435 2415 2416
3 1983 2416 1986
3 1986 2416 2417
3 1986 2417 1987
3 2417 2436 1987
3 2417 2418 2436
3 2418 2419 2437
3 2438 2418 2437
3 2436 2418 2438
3 2439 2438 2437
3 2440 2422 2421
3 2442 2441 2440
3 2421 2442 2440
3 2423 2442 2421
3 1989 2442 1976
3 1976 2442 2423
3 2424 2443 1977
3 1977 2443 1990
3 1979 1990 2425
3 2425 1990 2443
3 2444 1993 1994
3 1995 2445 1994
3 1994 2445 2444
3 1996 2446 1995
3 1995 2446 2445
3 1981 2426 1996
3 2426 2446 1996
3 2426 2447 2446
3 2428 2449 2448
3 2447 2428 2448
3 2426 2428 2447
3 2449 2428 2430
3 2434 2435 2450
3 2434 2450 2451
3 1997 2452 1984
3 2452 2435 1984
3 2452 2450 2435
3 1998 2452 1997
3 2453 2000 2436
3 2436 2000 1987
3 2454 2436 2438
3 2453 2436 2454
3 2438 2439 2455
3 2438 2455 2454
3 2456 2441 2442
3 2442 1989 2456
3 1989 2457 2456
3 1989 2001 2457
3 2458 2005 2444
3 2444 2005 1993
3 2459 2444 2445
3 2458 2444 2459
3 2460 2445 2446
3 2459 2445 2460
3 2447 2462 2461
3 2460 2447 2461
3 2446 2447 2460
3 2462 2447 2448
3 2463 2451 2450
3 2465 2464 2463
3 2450 2465 2463
3 2452 2465 2450
3 2007 2465 1998
3 1998 2465 2452
3 2466 2008 2453
3 2453 2008 2000
3 2454 2468 2467
3 2466 2454 2467
3 2453 2454 2466
3 2468 2454 2455
3 2471 2470 2469
3 2473 2472 2469
3 2473 2469 2470
3 2475 2474 2472
3 2475 2472 2473
3 2477 2476 2474
3 2477 2474 2475
3 2477 2457 2476
3 2457 2009 2476
3 2457 2001 2009
3 2478 2011 2012
3 2005 2458 2012
3 2458 2478 2012
3 2458 2479 2478
3 2480 2458 2459
3 2479 2458 2480
3 2481 2459 2460
3 2480 2459 2481
3 2460 2461 2482
3 2460 2482 2481
3 2464 2465 2483
3 2464 2483 2484
3 2014 2483 2007
3 2007 2483 2465
3 2485 2015 2466
3 2466 2015 2008
3 2466 2467 2486
3 2466 2486 2485
3 2489 2488 2487
3 2017 2018 2487
3 2488 2017 2487
3 2490 2017 2488
3 2017 2491 2020
3 2490 2491 2017
3 2020 2492 2022
3 2491 2492 2020
3 2469 2024 2471
3 2024 2492 2471
3 2024 2022 2492
3 2024 2469 2025
3 2025 2469 2472
3 2025 2472 2027
3 2027 2472 2474
3 2027 2474 2029
3 2029 2474 2476
3 2029 2476 2009
3 2494 2493 2031
3 2031 2493 2030
3 2031 2011 2478
3 2495 2031 2478
3 2494 2031 2495
3 2495 2478 2479
3 2495 2479 2496
3 2496 2479 2480
3 2496 2480 2497
3 2497 2480 2481
3 2497 2481 2498
3 2498 2481 2482
3 2501 2500 2499
3 2499 2500 2484
3 2483 2499 2484
3 2502 2499 2483
3 2032 2503 2014
3 2503 2483 2014
3 2503 2502 2483
3 2015 2485 2032
3 2485 2503 2032
3 2485 2504 2503
3 2485 2486 2505
3 2485 2505 2504
3 2508 2507 2506
3 2034 2035 2506
3 2507 2034 2506
3 2509 2034 2507
3 2487 2036 2489
3 2036 2509 2489
3 2036 2034 2509
3 2036 2487 2018
3 2511 2510 2038
3 2038 2510 2037
3 2038 2030 2493
3 2038 2493 2511
3 2501 2499 2512
3 2501 2512 2513
3 2502 2515 2514
3 2512 2502 2514
3 2499 2502 2512
3 2515 2502 2503
3 2515 2503 2516
3 2516 2503 2504
3 2516 2504 2517
3 2520 2519 2518
3 2505 2517 2504
3 2041 2042 2519
3 2520 2041 2519
3 2521 2041 2520
3 2041 2522 2044
3 2521 2522 2041
3 2506 2045 2508
3 2045 2522 2508
3 2045 2044 2522
3 2045 2506 2035
3 2523 2046 2047
3 2524 2523 2047
3 2037 2524 2047
3 2510 2524 2037
3 2527 2526 2525
3 2513 2512 2528
3 2526 2529 2525
3 2528 2512 2514
3 2518 2519 2048
3 2049 2518 2048
3 2530 2518 2049
3 2048 2519 2042
3 2532 2531 2523
3 2531 2046 2523
3 2531 2050 2046
3 2532 2523 2524
3 2527 2525 2533
3 2527 2533 2534
3 2525 2529 2535
3 2525 2535 2533
3 2537 2536 2052
3 2537 2052 2053
3 2049 2052 2530
3 2530 2052 2536
3 2539 2538 2055
3 2055 2538 2054
3 2055 2050 2531
3 2055 2531 2539
3 2542 2541 2540
3 2534 2533 2543
3 2541 2544 2540
3 2543 2533 2535
3 2056 2537 2053
3 2056 2545 2537
3 2547 2546 2058
3 2058 2546 2057
3 2058 2054 2538
3 2058 2538 2547
3 2550 2549 2548
3 2548 2549 2542
3 2540 2548 2542
3 2551 2548 2540
3 2540 2544 2552
3 2540 2552 2551
3 2554 2553 2059
3 2554 2059 2060
3 2056 2059 2545
3 2545 2059 2553
3 2555 2061 2062
3 2556 2555 2062
3 2057 2556 2062
3 2546 2556 2057
3 2550 2548 2557
3 2550 2557 2558
3 2559 2548 2551
3 2557 2548 2559
3 2551 2552 2560
3 2551 2560 2559
3 2563 2562 2561
3 2562 2554 2561
3 2554 2063 2561
3 2554 2060 2063
3 2564 2064 2555
3 2555 2064 2061
3 2555 2556 2565
3 2555 2565 2564
3 2568 2567 2566
3 2570 2569 2566
3 2570 2566 2567
3 2569 2570 2558
3 2557 2569 2558
3 2571 2569 2557
3 2559 2573 2572
3 2571 2559 2572
3 2557 2559 2571
3 2573 2559 2560
3 2575 2574 2066
3 2575 2066 2067
3 2561 2068 2563
3 2068 2574 2563
3 2068 2066 2574
3 2068 2561 2063
3 2577 2576 2564
3 2576 2064 2564
3 2576 2070 2064
3 2577 2564 2565
3 2580 2579 2578
3 2582 2581 2578
3 2582 2578 2579
3 2581 2582 2568
3 2566 2581 2568
3 2583 2581 2566
3 2073 2583 2072
3 2583 2569 2072
3 2583 2566 2569
3 2072 2569 2074
3 2569 2584 2074
3 2569 2571 2584
3 2571 2572 2585
3 2586 2571 2585
3 2584 2571 2586
3 2075 2076 2586
3 2585 2075 2586
3 2587 2075 2585
3 2067 2075 2575
3 2575 2075 2587
3 2589 2078 2588
3 2078 2576 2588
3 2078 2070 2576
3 2590 2589 2588
3 2593 2592 2591
3 2594 2591 2592
3 2597 2596 2595
3 2595 2596 2580
3 2578 2595 2580
3 2598 2595 2578
3 2081 2598 2080
3 2598 2581 2080
3 2598 2578 2581
3 2080 2581 2083
3 2083 2581 2583
3 2085 2083 2599
3 2083 2583 2599
3 2073 2084 2599
3 2073 2599 2583
3 2084 2074 2599
3 2074 2584 2599
3 2088 2087 2599
3 2088 2599 2584
3 2088 2584 2089
3 2089 2584 2586
3 2089 2586 2076
3 2600 2090 2589
3 2589 2090 2078
3 2589 2590 2601
3 2589 2601 2600
3 2602 2593 2591
3 2605 2604 2603
3 2594 2602 2591
3 2607 2606 2604
3 2607 2604 2605
3 2609 2608 2606
3 2609 2606 2607
3 2611 2610 2608
3 2611 2608 2609
3 2613 2612 2610
3 2613 2610 2611
3 2615 2614 2612
3 2615 2612 2613
3 2614 2615 2597
3 2595 2614 2597
3 2616 2614 2595
3 2617 2595 2598
3 2616 2595 2617
3 2091 2618 2081
3 2618 2598 2081
3 2618 2617 2598
3 2092 2619 2091
3 2091 2619 2618
3 2092 2085 2619
3 2085 2599 2619
3 2095 2093 2619
3 2095 2619 2599
3 2095 2599 2087
3 2620 2096 2600
3 2600 2096 2090
3 2600 2601 2621
3 2600 2621 2620
3 2622 2603 2604
3 2622 2604 2606
3 2622 2606 2623
3 2625 2624 2623
3 2606 2625 2623
3 2608 2625 2606
3 2626 2608 2610
3 2625 2608 2626
3 2627 2610 2612
3 2626 2610 2627
3 2628 2612 2614
3 2627 2612 2628
3 2616 2630 2629
3 2628 2616 2629
3 2614 2616 2628
3 2630 2616 2617
3 2630 2617 2631
3 2633 2632 2631
3 2617 2633 2631
3 2618 2633 2617
3 2099 2633 2098
3 2633 2619 2098
3 2633 2618 2619
3 2098 2619 2093
3 2634 2100 2620
3 2620 2100 2096
3 2620 2621 2635
3 2620 2635 2634
3 2636 2624 2625
3 2636 2625 2626
3 2636 2626 2637
3 2637 2626 2627
3 2637 2627 2638
3 2638 2627 2628
3 2638 2628 2639
3 2639 2628 2629
3 2642 2641 2640
3 2640 2641 2632
3 2640 2632 2633
3 2103 2640 2633
3 2102 2103 2633
3 2102 2633 2099
3 2634 2104 2100
3 2106 2104 2634
3 2635 2106 2634
3 2643 2106 2635
3 2642 2640 2644
3 2642 2644 2645
3 2107 2644 2103
3 2103 2644 2640
3 2643 2109 2106
3 2646 2109 2643
3 2649 2648 2647
3 2647 2648 2645
3 2647 2645 2644
3 2111 2647 2644
3 2110 2111 2644
3 2110 2644 2107
3 2646 2113 2109
3 2650 2113 2646
3 2649 2647 2114
3 2115 2649 2114
3 2651 2649 2115
3 2114 2647 2111
3 2650 2116 2113
3 2652 2116 2650
3 2655 2654 2653
3 2654 2651 2653
3 2651 2117 2653
3 2651 2115 2117
3 2657 2118 2656
3 2118 2652 2656
3 2118 2116 2652
3 2658 2657 2656
3 2661 2660 2659
3 2659 2660 2655
3 2659 2655 2653
3 2120 2659 2653
3 2119 2120 2653
3 2119 2653 2117
3 2662 2122 2657
3 2657 2122 2118
3 2657 2658 2663
3 2657 2663 2662
3 2661 2659 2123
3 2124 2661 2123
3 2664 2661 2124
3 2123 2659 2120
3 2662 2126 2122
3 2666 2665 2127
3 2666 2127 2126
3 2663 2666 2126
3 2662 2663 2126
3 2667 2665 2666
3 2670 2669 2668
3 2669 2664 2668
3 2664 2129 2668
3 2664 2124 2129
3 2665 2130 2127
3 2672 2671 2131
3 2672 2131 2130
3 2667 2672 2130
3 2665 2667 2130
3 2673 2671 2672
3 2675 2674 2132
3 2675 2132 2133
3 2668 2134 2670
3 2134 2674 2670
3 2134 2132 2674
3 2134 2668 2129
3 2678 2677 2676
3 2676 2679 2678
3 2680 2135 2136
3 2677 2681 2676
3 2681 2136 2676
3 2136 2137 2676
3 2136 2681 2680
3 2682 2679 2676
3 2137 2682 2676
3 2138 2682 2137
3 2138 2139 2682
3 2682 2139 2683
3 2685 2684 2680
3 2684 2135 2680
3 2684 2140 2135
3 2685 2680 2681
3 2141 2683 2139
3 2141 2686 2683
3 2687 2142 2143
3 2144 2688 2143
3 2143 2688 2687
3 2146 2688 2144
3 2689 2147 2148
3 2140 2684 2690
3 2689 2140 2690
3 2691 2689 2690
3 2148 2140 2689
3 2692 2691 2690
3 2695 2694 2693
3 2694 2686 2693
3 2686 2149 2693
3 2686 2141 2149
3 2696 2150 2687
3 2687 2150 2142
3 2697 2687 2688
3 2696 2687 2697
3 2152 2697 2146
3 2146 2697 2688
3 2689 2153 2147
3 2153 2689 2155
3 2689 2698 2155
3 2689 2691 2698
3 2691 2692 2699
3 2700 2691 2699
3 2698 2691 2700
3 2700 2699 2695
3 2700 2695 2693
3 2157 2700 2693
3 2156 2157 2693
3 2156 2693 2149
3 2701 2158 2159
3 2150 2696 2159
3 2696 2701 2159
3 2696 2702 2701
3 2703 2696 2697
3 2702 2696 2703
3 2161 2703 2152
3 2152 2703 2697
3 2704 2162 2163
3 2155 2698 2163
3 2698 2704 2163
3 2698 2705 2704
3 2166 2705 2165
3 2705 2700 2165
3 2705 2698 2700
3 2165 2700 2157
3 2706 2167 2701
3 2701 2167 2158
3 2707 2701 2702
3 2706 2701 2707
3 2708 2702 2703
3 2707 2702 2708
3 2169 2708 2161
3 2161 2708 2703
3 2709 2170 2704
3 2704 2170 2162
3 2710 2704 2705
3 2709 2704 2710
3 2171 2710 2166
3 2166 2710 2705
3 2711 2173 2174
3 2176 2711 2174
3 2712 2177 2706
3 2706 2177 2167
3 2713 2706 2707
3 2712 2706 2713
3 2180 2713 2179
3 2713 2708 2179
3 2713 2707 2708
3 2179 2708 2169
3 2714 2182 2709
3 2709 2182 2170
3 2715 2709 2710
3 2714 2709 2715
3 2183 2715 2171
3 2171 2715 2710
3 2716 2185 2711
3 2711 2185 2173
3 2186 2717 2176
3 2717 2711 2176
3 2717 2716 2711
3 2187 2717 2186
3 2718 2188 2189
3 2177 2712 2189
3 2712 2718 2189
3 2712 2719 2718
3 2720 2712 2713
3 2719 2712 2720
3 2191 2720 2180
3 2180 2720 2713
3 2721 2193 2714
3 2714 2193 2182
3 2722 2714 2715
3 2721 2714 2722
3 2194 2723 2183
3 2723 2715 2183
3 2723 2722 2715
3 2195 2723 2194
3 2716 2199 2185
3 2199 2716 2201
3 2716 2724 2201
3 2716 2717 2724
3 2203 2724 2187
3 2187 2724 2717
3 2725 2204 2205
3 2726 2725 2205
3 2726 2205 2188
3 2727 2726 2188
3 2718 2727 2188
3 2729 2728 2727
3 2718 2729 2727
3 2719 2729 2718
3 2730 2719 2720
3 2729 2719 2730
3 2207 2730 2191
3 2191 2730 2720
3 2731 2208 2209
3 2193 2721 2209
3 2721 2731 2209
3 2721 2732 2731
3 2722 2734 2733
3 2732 2722 2733
3 2721 2722 2732
3 2736 2735 2734
3 2722 2736 2734
3 2723 2736 2722
3 2211 2736 2195
3 2195 2736 2723
3 2737 2217 2218
3 2201 2724 2218
3 2724 2737 2218
3 2724 2738 2737
3 2219 2739 2203
3 2739 2724 2203
3 2739 2738 2724
3 2220 2740 2219
3 2219 2740 2739
3 2221 2741 2220
3 2220 2741 2740
3 2743 2742 2725
3 2742 2204 2725
3 2742 2222 2204
3 2743 2725 2726
3 2744 2728 2729
3 2746 2745 2744
3 2729 2746 2744
3 2730 2746 2729
3 2223 2747 2207
3 2747 2730 2207
3 2747 2746 2730
3 2208 2731 2223
3 2731 2747 2223
3 2731 2748 2747
3 2732 2750 2749
3 2748 2732 2749
3 2731 2732 2748
3 2750 2732 2733
3 2751 2735 2736
3 2736 2211 2751
3 2211 2752 2751
3 2211 2225 2752
3 2753 2231 2737
3 2737 2231 2217
3 2754 2737 2738
3 2753 2737 2754
3 2755 2738 2739
3 2754 2738 2755
3 2756 2739 2740
3 2755 2739 2756
3 2757 2740 2741
3 2756 2740 2757
3 2758 2232 2233
3 2759 2758 2233
3 2222 2759 2233
3 2742 2759 2222
3 2762 2761 2760
3 2760 2761 2745
3 2746 2760 2745
3 2763 2760 2746
3 2764 2746 2747
3 2763 2746 2764
3 2765 2747 2748
3 2764 2747 2765
3 2748 2749 2766
3 2748 2766 2765
3 2225 2234 2767
3 2768 2225 2767
3 2752 2225 2768
3 2235 2767 2234
3 2769 2237 2238
3 2239 2770 2238
3 2238 2770 2769
3 2240 2770 2239
3 2753 2244 2231
3 2244 2753 2247
3 2247 2753 2754
3 2247 2754 2249
3 2249 2754 2755
3 2249 2755 2250
3 2755 2771 2250
3 2755 2756 2771
3 2253 2771 2252
3 2771 2757 2252
3 2771 2756 2757
3 2772 2254 2758
3 2758 2254 2232
3 2758 2759 2773
3 2758 2773 2772
3 2776 2775 2774
3 2774 2775 2762
3 2760 2774 2762
3 2777 2774 2760
3 2778 2760 2763
3 2777 2760 2778
3 2779 2763 2764
3 2778 2763 2779
3 2765 2781 2780
3 2779 2765 2780
3 2764 2765 2779
3 2781 2765 2766
3 2784 2783 2782
3 2782 2783 2768
3 2767 2782 2768
3 2785 2782 2767
3 2255 2786 2235
3 2786 2767 2235
3 2786 2785 2767
3 2237 2769 2255
3 2769 2786 2255
3 2769 2787 2786
3 2788 2769 2770
3 2787 2769 2788
3 2256 2789 2240
3 2789 2770 2240
3 2789 2788 2770
3 2257 2789 2256
3 2771 2259 2250
3 2259 2771 2253
3 2790 2260 2772
3 2772 2260 2254
3 2772 2773 2791
3 2772 2791 2790
3 2776 2774 2792
3 2776 2792 2793
3 2794 2774 2777
3 2792 2774 2794
3 2795 2777 2778
3 2794 2777 2795
3 2779 2797 2796
3 2795 2779 2796
3 2778 2779 2795
3 2797 2779 2780
3 2800 2799 2798
3 2798 2799 2784
3 2782 2798 2784
3 2801 2798 2782
3 2802 2782 2785
3 2801 2782 2802
3 2803 2785 2786
3 2802 2785 2803
3 2263 2803 2262
3 2803 2787 2262
3 2803 2786 2787
3 2262 2787 2265
3 2265 2787 2788
3 2265 2788 2266
3 2788 2804 2266
3 2788 2789 2804
3 2268 2804 2257
3 2257 2804 2789
3 2805 2269 2790
3 2790 2269 2260
3 2790 2791 2806
3 2807 2790 2806
3 2805 2790 2807
3 2807 2806 2793
3 2792 2807 2793
3 2808 2807 2792
3 2809 2792 2794
3 2808 2792 2809
3 2810 2794 2795
3 2809 2794 2810
3 2795 2796 2811
3 2812 2795 2811
3 2810 2795 2812
3 2813 2812 2811
3 2800 2798 2814
3 2800 2814 2815
3 2816 2798 2801
3 2814 2798 2816
3 2817 2801 2802
3 2816 2801 2817
3 2272 2817 2271
3 2817 2803 2271
3 2817 2802 2803
3 2271 2803 2263
3 2818 2275 2804
3 2804 2275 2266
3 2277 2818 2268
3 2268 2818 2804
3 2819 2278 2805
3 2805 2278 2269
3 2820 2805 2807
3 2819 2805 2820
3 2821 2807 2808
3 2820 2807 2821
3 2822 2808 2809
3 2821 2808 2822
3 2823 2809 2810
3 2822 2809 2823
3 2824 2810 2812
3 2823 2810 2824
3 2812 2813 2825
3 2826 2812 2825
3 2824 2812 2826
3 2828 2827 2826
3 2828 2826 2825
3 2827 2828 2815
3 2814 2827 2815
3 2829 2827 2814
3 2830 2814 2816
3 2829 2814 2830
3 2831 2816 2817
3 2830 2816 2831
3 2280 2831 2272
3 2272 2831 2817
3 2818 2283 2275
3 2283 2818 2277
3 2832 2287 2288
3 2290 2832 2288
3 2833 2292 2293
3 2833 2293 2834
3 2293 2835 2834
3 2293 2294 2835
3 2836 2294 2295
3 2836 2835 2294
3 2837 2295 2296
3 2837 2836 2295
3 2296 2297 2837
3 2837 2297 2838
3 2819 2298 2278
3 2298 2819 2300
3 2300 2819 2820
3 2300 2820 2302
3 2302 2820 2821
3 2302 2821 2303
3 2821 2839 2303
3 2821 2822 2839
3 2840 2822 2823
3 2839 2822 2840
3 2841 2823 2824
3 2840 2823 2841
3 2842 2824 2826
3 2841 2824 2842
3 2843 2826 2827
3 2842 2826 2843
3 2844 2827 2829
3 2843 2827 2844
3 2845 2829 2830
3 2844 2829 2845
3 2846 2830 2831
3 2845 2830 2846
3 2305 2846 2280
3 2280 2846 2831
3 2832 2310 2287
3 2310 2832 2290
3 2833 2313 2292
3 2848 2847 2314
3 2848 2314 2313
3 2834 2848 2313
3 2833 2834 2313
3 2849 2847 2848
3 2852 2851 2850
3 2851 2838 2850
3 2838 2315 2850
3 2838 2297 2315
3 2853 2317 2839
3 2839 2317 2303
3 2854 2839 2840
3 2853 2839 2854
3 2320 2854 2319
3 2854 2841 2319
3 2854 2840 2841
3 2319 2841 2322
3 2322 2841 2842
3 2322 2842 2323
3 2842 2855 2323
3 2842 2843 2855
3 2856 2843 2844
3 2855 2843 2856
3 2857 2844 2845
3 2856 2844 2857
3 2858 2845 2846
3 2857 2845 2858
3 2325 2858 2305
3 2305 2858 2846
3 2847 2330 2314
3 2860 2859 2331
3 2860 2331 2330
3 2849 2860 2330
3 2847 2849 2330
3 2859 2860 2852
3 2850 2859 2852
3 2861 2859 2850
3 2332 2861 2315
3 2315 2861 2850
3 2862 2333 2334
3 2317 2853 2334
3 2853 2862 2334
3 2853 2863 2862
3 2337 2863 2336
3 2863 2854 2336
3 2863 2853 2854
3 2336 2854 2320
3 2855 2340 2323
3 2340 2855 2343
3 2343 2855 2856
3 2343 2856 2344
3 2856 2864 2344
3 2856 2857 2864
3 2865 2857 2858
3 2864 2857 2865
3 2346 2865 2325
3 2325 2865 2858
3 2866 2348 2349
3 2350 2867 2349
3 2349 2867 2866
3 2351 2868 2350
3 2350 2868 2867
3 2352 2868 2351
3 2859 2353 2331
3 2353 2859 2356
3 2356 2859 2861
3 2356 2861 2332
3 2862 2358 2333
3 2358 2862 2360
3 2862 2869 2360
3 2862 2863 2869
3 2362 2869 2337
3 2337 2869 2863
3 2864 2367 2344
3 2367 2864 2370
3 2370 2864 2865
3 2370 2865 2346
3 2870 2372 2373
3 2348 2866 2373
3 2866 2870 2373
3 2866 2871 2870
3 2872 2866 2867
3 2871 2866 2872
3 2873 2867 2868
3 2872 2867 2873
3 2375 2873 2352
3 2352 2873 2868
3 2874 2376 2377
3 2378 2874 2377
3 2875 2380 2381
3 2382 2875 2381
3 2869 2386 2360
3 2386 2869 2362
3 2876 2391 2392
3 2393 2877 2392
3 2392 2877 2876
3 2394 2878 2393
3 2393 2878 2877
3 2395 2879 2394
3 2394 2879 2878
3 2396 2880 2395
3 2395 2880 2879
3 2372 2870 2396
3 2870 2880 2396
3 2870 2881 2880
3 2882 2870 2871
3 2881 2870 2882
3 2883 2871 2872
3 2882 2871 2883
3 2884 2872 2873
3 2883 2872 2884
3 2397 2885 2375
3 2885 2873 2375
3 2885 2884 2873
3 2399 2885 2397
3 2887 2886 2874
3 2886 2376 2874
3 2886 2401 2376
3 2874 2378 2887
3 2378 2888 2887
3 2378 2403 2888
3 2889 2405 2875
3 2875 2405 2380
3 2407 2889 2382
3 2382 2889 2875
3 2890 2409 2410
3 2890 2410 2891
3 2410 2892 2891
3 2410 2411 2892
3 2411 2413 2892
3 2892 2413 2893
3 2894 2419 2420
3 2391 2876 2420
3 2876 2894 2420
3 2876 2895 2894
3 2896 2876 2877
3 2895 2876 2896
3 2897 2877 2878
3 2896 2877 2897
3 2898 2878 2879
3 2897 2878 2898
3 2899 2879 2880
3 2898 2879 2899
3 2900 2880 2881
3 2899 2880 2900
3 2901 2881 2882
3 2900 2881 2901
3 2902 2882 2883
3 2901 2882 2902
3 2903 2883 2884
3 2902 2883 2903
3 2904 2884 2885
3 2903 2884 2904
3 2422 2904 2399
3 2399 2904 2885
3 2906 2424 2905
3 2424 2886 2905
3 2424 2401 2886
3 2905 2888 2906
3 2888 2425 2906
3 2888 2403 2425
3 2889 2427 2405
3 2430 2427 2907
3 2427 2889 2907
3 2407 2429 2907
3 2407 2907 2889
3 2431 2908 2429
3 2429 2908 2907
3 2409 2890 2431
3 2890 2908 2431
3 2890 2909 2908
3 2890 2891 2910
3 2890 2910 2909
3 2413 2432 2911
3 2912 2413 2911
3 2893 2413 2912
3 2433 2913 2432
3 2432 2913 2911
3 2434 2913 2433
3 2894 2437 2419
3 2437 2894 2439
3 2894 2914 2439
3 2894 2895 2914
3 2915 2895 2896
3 2914 2895 2915
3 2916 2896 2897
3 2915 2896 2916
3 2917 2897 2898
3 2916 2897 2917
3 2918 2898 2899
3 2917 2898 2918
3 2919 2899 2900
3 2918 2899 2919
3 2920 2900 2901
3 2919 2900 2920
3 2921 2901 2902
3 2920 2901 2921
3 2922 2902 2903
3 2921 2902 2922
3 2923 2903 2904
3 2922 2903 2923
3 2440 2924 2422
3 2924 2904 2422
3 2924 2923 2904
3 2441 2924 2440
3 2906 2443 2424
3 2443 2906 2425
3 2925 2448 2449
3 2430 2907 2449
3 2907 2925 2449
3 2907 2926 2925
3 2908 2928 2927
3 2926 2908 2927
3 2907 2908 2926
3 2928 2908 2909
3 2928 2909 2929
3 2929 2909 2910
3 2930 2912 2911
3 2930 2911 2913
3 2930 2913 2931
3 2913 2434 2931
3 2434 2932 2931
3 2434 2451 2932
3 2933 2455 2914
3 2914 2455 2439
3 2934 2914 2915
3 2933 2914 2934
3 2935 2915 2916
3 2934 2915 2935
3 2917 2937 2936
3 2935 2917 2936
3 2916 2917 2935
3 2939 2938 2937
3 2917 2939 2937
3 2918 2939 2917
3 2940 2918 2919
3 2939 2918 2940
3 2941 2919 2920
3 2940 2919 2941
3 2942 2920 2921
3 2941 2920 2942
3 2943 2921 2922
3 2942 2921 2943
3 2944 2922 2923
3 2943 2922 2944
3 2945 2923 2924
3 2944 2923 2945
3 2456 2946 2441
3 2946 2924 2441
3 2946 2945 2924
3 2457 2946 2456
3 2947 2461 2462
3 2448 2925 2462
3 2925 2947 2462
3 2925 2948 2947
3 2926 2950 2949
3 2948 2926 2949
3 2925 2926 2948
3 2950 2926 2927
3 2451 2463 2951
3 2952 2451 2951
3 2932 2451 2952
3 2464 2951 2463
3 2953 2467 2468
3 2455 2933 2468
3 2933 2953 2468
3 2933 2954 2953
3 2955 2933 2934
3 2954 2933 2955
3 2935 2957 2956
3 2955 2935 2956
3 2934 2935 2955
3 2957 2935 2936
3 2938 2939 2958
3 2938 2958 2959
3 2960 2939 2940
3 2958 2939 2960
3 2961 2940 2941
3 2960 2940 2961
3 2962 2941 2942
3 2961 2941 2962
3 2471 2962 2470
3 2962 2943 2470
3 2962 2942 2943
3 2470 2943 2473
3 2473 2943 2944
3 2473 2944 2475
3 2475 2944 2945
3 2475 2945 2477
3 2477 2945 2946
3 2477 2946 2457
3 2963 2482 2947
3 2947 2482 2461
3 2948 2965 2964
3 2963 2948 2964
3 2947 2948 2963
3 2965 2948 2949
3 2968 2967 2966
3 2970 2969 2966
3 2970 2966 2967
3 2972 2971 2969
3 2972 2969 2970
3 2974 2973 2971
3 2974 2971 2972
3 2973 2974 2952
3 2951 2973 2952
3 2975 2973 2951
3 2484 2975 2464
3 2464 2975 2951
3 2976 2486 2953
3 2953 2486 2467
3 2977 2953 2954
3 2976 2953 2977
3 2978 2954 2955
3 2977 2954 2978
3 2955 2956 2979
3 2980 2955 2979
3 2978 2955 2980
3 2982 2981 2980
3 2982 2980 2979
3 2981 2982 2959
3 2981 2959 2958
3 2489 2981 2958
3 2488 2489 2958
3 2488 2958 2490
3 2490 2958 2960
3 2490 2960 2491
3 2491 2960 2961
3 2491 2961 2492
3 2492 2961 2962
3 2492 2962 2471
3 2983 2493 2494
3 2495 2984 2494
3 2494 2984 2983
3 2496 2985 2495
3 2495 2985 2984
3 2497 2986 2496
3 2496 2986 2985
3 2498 2987 2497
3 2497 2987 2986
3 2482 2963 2498
3 2963 2987 2498
3 2963 2988 2987
3 2963 2964 2989
3 2990 2963 2989
3 2988 2963 2990
3 2992 2991 2990
3 2992 2990 2989
3 2994 2993 2991
3 2994 2991 2992
3 2993 2994 2968
3 2966 2993 2968
3 2995 2993 2966
3 2996 2966 2969
3 2995 2966 2996
3 2997 2969 2971
3 2996 2969 2997
3 2998 2971 2973
3 2997 2971 2998
3 2501 2998 2500
3 2998 2975 2500
3 2998 2973 2975
3 2500 2975 2484
3 2999 2505 2976
3 2976 2505 2486
3 3000 2976 2977
3 2999 2976 3000
3 3001 2977 2978
3 3000 2977 3001
3 2508 3001 2507
3 3001 2980 2507
3 3001 2978 2980
3 2507 2980 2509
3 2509 2980 2981
3 2509 2981 2489
3 3002 2510 2511
3 3003 3002 2511
3 3003 2511 2493
3 3004 3003 2493
3 2983 3004 2493
3 3006 3005 3004
3 2983 3006 3004
3 2984 3006 2983
3 3007 2984 2985
3 3006 2984 3007
3 2986 3009 3008
3 3007 2986 3008
3 2985 2986 3007
3 3011 3010 3009
3 2986 3011 3009
3 2987 3011 2986
3 3012 2987 2988
3 3011 2987 3012
3 3013 2988 2990
3 3012 2988 3013
3 3014 2990 2991
3 3013 2990 3014
3 3015 2991 2993
3 3014 2991 3015
3 3016 2993 2995
3 3015 2993 3016
3 3017 2995 2996
3 3016 2995 3017
3 3018 2996 2997
3 3017 2996 3018
3 3019 2997 2998
3 3018 2997 3019
3 2513 3019 2501
3 2501 3019 2998
3 3020 2514 2515
3 2516 3021 2515
3 2515 3021 3020
3 2517 3022 2516
3 2516 3022 3021
3 2517 2505 3022
3 2505 2999 3022
3 2520 2518 3022
3 2520 3022 2999
3 2520 2999 2521
3 2521 2999 3000
3 2521 3000 2522
3 2522 3000 3001
3 2522 3001 2508
3 3024 3023 3002
3 3023 2510 3002
3 3023 2524 2510
3 3024 3002 3003
3 3005 3006 3025
3 3005 3025 3026
3 3007 3028 3027
3 3025 3007 3027
3 3006 3007 3025
3 3028 3007 3008
3 3010 3011 3029
3 3010 3029 3030
3 3031 3011 3012
3 3029 3011 3031
3 3032 3012 3013
3 3031 3012 3032
3 3033 3013 3014
3 3032 3013 3033
3 3034 3014 3015
3 3033 3014 3034
3 3035 3015 3016
3 3034 3015 3035
3 3017 3037 3036
3 3035 3017 3036
3 3016 3017 3035
3 3039 3038 3037
3 3017 3039 3037
3 3018 3039 3017
3 2527 3039 2526
3 3039 3019 2526
3 3039 3018 3019
3 2529 2526 3040
3 2526 3019 3040
3 2513 2528 3040
3 2513 3040 3019
3 2514 3020 2528
3 3020 3040 2528
3 3020 3041 3040
3 3021 3043 3042
3 3041 3021 3042
3 3020 3021 3041
3 3045 3044 3043
3 3021 3045 3043
3 3022 3045 3021
3 2530 3045 2518
3 2518 3045 3022
3 3046 2531 2532
3 3047 3046 2532
3 2524 3047 2532
3 3023 3047 2524
3 3048 3026 3025
3 3048 3025 3027
3 3049 3030 3029
3 3049 3029 3031
3 3049 3031 3050
3 3050 3031 3032
3 3050 3032 3051
3 3051 3032 3033
3 3051 3033 3052
3 3052 3033 3034
3 3052 3034 3053
3 3053 3034 3035
3 3053 3035 3054
3 3057 3056 3055
3 3036 3054 3035
3 3056 3057 3038
3 3039 3056 3038
3 3058 3056 3039
3 2534 3058 2527
3 2527 3058 3039
3 3059 2535 3040
3 3040 2535 2529
3 3041 3061 3060
3 3059 3041 3060
3 3040 3041 3059
3 3061 3041 3042
3 3044 3045 2536
3 2537 3044 2536
3 3062 3044 2537
3 2536 3045 2530
3 3063 2538 2539
3 2531 3046 2539
3 3046 3063 2539
3 3046 3064 3063
3 3046 3047 3065
3 3046 3065 3064
3 3068 3067 3066
3 3066 3067 3055
3 3056 3066 3055
3 3069 3066 3056
3 2542 3069 2541
3 3069 3058 2541
3 3069 3056 3058
3 2544 2541 3070
3 2541 3058 3070
3 2534 2543 3070
3 2534 3070 3058
3 2535 3059 2543
3 3059 3070 2543
3 3059 3071 3070
3 3059 3060 3072
3 3059 3072 3071
3 3075 3074 3073
3 3074 3062 3073
3 3062 2545 3073
3 3062 2537 2545
3 3076 2546 2547
3 3077 3076 2547
3 3077 2547 2538
3 3078 3077 2538
3 3063 3078 2538
3 3080 3079 3078
3 3063 3080 3078
3 3064 3080 3063
3 3064 3065 3081
3 3064 3081 3080
3 3068 3066 3082
3 3068 3082 3083
3 2550 3082 2549
3 3082 3069 2549
3 3082 3066 3069
3 2549 3069 2542
3 3084 2552 3070
3 3070 2552 2544
3 3071 3086 3085
3 3084 3071 3085
3 3070 3071 3084
3 3089 3088 3087
3 3072 3086 3071
3 3088 3089 3075
3 3088 3075 3073
3 2554 3088 3073
3 2553 2554 3073
3 2553 3073 2545
3 3090 2556 3076
3 3076 2556 2546
3 3076 3077 3091
3 3092 3076 3091
3 3090 3076 3092
3 3092 3091 3079
3 3080 3092 3079
3 3093 3092 3080
3 3080 3081 3094
3 3080 3094 3093
3 3097 3096 3095
3 3095 3096 3083
3 3082 3095 3083
3 3098 3095 3082
3 2558 3098 2550
3 2550 3098 3082
3 3099 2560 3084
3 3084 2560 2552
3 3084 3085 3100
3 3101 3084 3100
3 3099 3084 3101
3 3101 3100 3087
3 3101 3087 3088
3 2563 3101 3088
3 2562 2563 3088
3 2562 3088 2554
3 3102 2565 3090
3 3090 2565 2556
3 3103 3090 3092
3 3102 3090 3103
3 3104 3092 3093
3 3103 3092 3104
3 3093 3094 3105
3 3093 3105 3104
3 3108 3107 3106
3 3110 3109 3106
3 3110 3106 3107
3 3112 3111 3109
3 3112 3109 3110
3 3113 3111 3112
3 3116 3115 3114
3 3118 3117 3114
3 3118 3114 3115
3 3117 3118 3097
3 3117 3097 3095
3 2568 3117 3095
3 2567 2568 3095
3 2567 3095 2570
3 2570 3095 3098
3 2570 3098 2558
3 3119 2572 2573
3 2560 3099 2573
3 3099 3119 2573
3 3099 3120 3119
3 2575 3120 2574
3 3120 3101 2574
3 3120 3099 3101
3 2574 3101 2563
3 3121 2576 2577
3 2565 3102 2577
3 3102 3121 2577
3 3102 3122 3121
3 3123 3102 3103
3 3122 3102 3123
3 3124 3103 3104
3 3123 3103 3124
3 3104 3105 3125
3 3126 3104 3125
3 3124 3104 3126
3 3127 3126 3125
3 3108 3106 3128
3 3108 3128 3129
3 3130 3106 3109
3 3128 3106 3130
3 3131 3109 3111
3 3130 3109 3131
3 3111 3113 3132
3 3133 3111 3132
3 3131 3111 3133
3 3133 3132 3116
3 3133 3116 3114
3 2580 3133 3114
3 2579 2580 3114
3 2579 3114 2582
3 2582 3114 3117
3 2582 3117 2568
3 3119 2585 2572
3 2585 3119 2587
3 2587 3119 3120
3 2587 3120 2575
3 3121 2588 2576
3 2588 3121 2590
3 3121 3134 2590
3 3121 3122 3134
3 3135 3122 3123
3 3134 3122 3135
3 2593 3135 2592
3 3135 3124 2592
3 3135 3123 3124
3 2592 3124 2594
3 3124 3136 2594
3 3124 3126 3136
3 3126 3127 3137
3 3138 3126 3137
3 3136 3126 3138
3 3140 3139 3138
3 3140 3138 3137
3 3139 3140 3129
3 3128 3139 3129
3 3141 3139 3128
3 3142 3128 3130
3 3141 3128 3142
3 3143 3130 3131
3 3142 3130 3143
3 2597 3143 2596
3 3143 3133 2596
3 3143 3131 3133
3 2596 3133 2580
3 3144 2601 3134
3 3134 2601 2590
3 3145 3134 3135
3 3144 3134 3145
3 2602 3146 2593
3 3146 3135 2593
3 3146 3145 3135
3 2602 2594 3146
3 2594 3136 3146
3 2605 2603 3146
3 2605 3146 3136
3 2605 3136 2607
3 2607 3136 3138
3 2607 3138 2609
3 2609 3138 3139
3 2609 3139 2611
3 2611 3139 3141
3 2611 3141 2613
3 2613 3141 3142
3 2613 3142 2615
3 2615 3142 3143
3 2615 3143 2597
3 3147 2621 3144
3 3144 2621 2601
3 3148 3144 3145
3 3147 3144 3148
3 3149 3145 3146
3 3148 3145 3149
3 2622 3150 2603
3 3150 3146 2603
3 3150 3149 3146
3 2623 3151 2622
3 2622 3151 3150
3 2624 3151 2623
3 3152 2629 2630
3 2631 3153 2630
3 2630 3153 3152
3 2632 3153 2631
3 3154 2635 3147
3 3147 2635 2621
3 3155 3147 3148
3 3154 3147 3155
3 3156 3148 3149
3 3155 3148 3156
3 3157 3149 3150
3 3156 3149 3157
3 3158 3150 3151
3 3157 3150 3158
3 2636 3159 2624
3 3159 3151 2624
3 3159 3158 3151
3 2637 3160 2636
3 2636 3160 3159
3 2638 3161 2637
3 2637 3161 3160
3 2639 3162 2638
3 2638 3162 3161
3 2629 3152 2639
3 3152 3162 2639
3 3152 3163 3162
3 2642 3163 2641
3 3163 3153 2641
3 3163 3152 3153
3 2641 3153 2632
3 3164 2643 3154
3 3154 2643 2635
3 3165 3154 3155
3 3164 3154 3165
3 3156 3167 3166
3 3165 3156 3166
3 3155 3156 3165
3 3167 3156 3157
3 3167 3157 3168
3 3168 3157 3158
3 3168 3158 3169
3 3169 3158 3159
3 3169 3159 3170
3 3170 3159 3160
3 3170 3160 3171
3 3171 3160 3161
3 3171 3161 3172
3 3174 3173 3172
3 3161 3174 3172
3 3162 3174 3161
3 3175 3162 3163
3 3174 3162 3175
3 2645 3175 2642
3 2642 3175 3163
3 3176 2646 3164
3 3164 2646 2643
3 3165 3178 3177
3 3176 3165 3177
3 3164 3165 3176
3 3178 3165 3166
3 3181 3180 3179
3 3179 3180 3173
3 3174 3179 3173
3 3182 3179 3174
3 2649 3182 2648
3 3182 3175 2648
3 3182 3174 3175
3 2648 3175 2645
3 3183 2650 3176
3 3176 2650 2646
3 3176 3177 3184
3 3176 3184 3183
3 3187 3186 3185
3 3185 3186 3181
3 3179 3185 3181
3 3188 3185 3179
3 3189 3179 3182
3 3188 3179 3189
3 2651 3189 2649
3 2649 3189 3182
3 3190 2652 3183
3 3183 2652 2650
3 3183 3184 3191
3 3183 3191 3190
3 3187 3185 3192
3 3187 3192 3193
3 3194 3185 3188
3 3192 3185 3194
3 2655 3194 2654
3 3194 3189 2654
3 3194 3188 3189
3 2654 3189 2651
3 3190 2656 2652
3 3196 3195 2658
3 3196 2658 2656
3 3191 3196 2656
3 3190 3191 2656
3 3197 3195 3196
3 3200 3199 3198
3 3198 3199 3193
3 3192 3198 3193
3 3201 3198 3192
3 2661 3201 2660
3 3201 3194 2660
3 3201 3192 3194
3 2660 3194 2655
3 3202 2663 3195
3 3195 2663 2658
3 3195 3197 3203
3 3195 3203 3202
3 3200 3198 3204
3 3200 3204 3205
3 3206 3198 3201
3 3204 3198 3206
3 2664 3206 2661
3 2661 3206 3201
3 3202 2666 2663
3 3208 3207 2667
3 3208 2667 2666
3 3203 3208 2666
3 3202 3203 2666
3 3209 3207 3208
3 3205 3204 3210
3 3205 3210 3211
3 2670 3210 2669
3 3210 3206 2669
3 3210 3204 3206
3 2669 3206 2664
3 3207 2672 2667
3 3213 3212 2673
3 3213 2673 2672
3 3209 3213 2672
3 3207 3209 2672
3 3215 3214 3212
3 3215 3212 3213
3 3214 3215 3211
3 3214 3211 3210
3 2675 3214 3210
3 2674 2675 3210
3 2674 3210 2670
3 3216 2677 2678
3 2679 3216 2678
3 3218 3217 3216
3 3217 2677 3216
3 3217 2681 2677
3 3220 3218 3219
3 3219 3218 2682
3 3218 3216 2682
3 3216 2679 2682
3 2683 3219 2682
3 3221 2684 2685
3 2681 3217 3222
3 3221 2681 3222
3 3223 3221 3222
3 2685 2681 3221
3 3223 3222 3220
3 3219 3223 3220
3 3224 3223 3219
3 2686 3224 2683
3 2683 3224 3219
3 3221 2690 2684
3 2690 3221 2692
3 3221 3225 2692
3 3221 3223 3225
3 2695 3225 2694
3 3225 3224 2694
3 3225 3223 3224
3 2694 3224 2686
3 3225 2699 2692
3 2699 3225 2695
3 3226 2726 2727
3 2728 3226 2727
3 3227 2733 2734
3 2735 3227 2734
3 3228 2742 2743
3 2726 3226 2743
3 3226 3228 2743
3 3226 3229 3228
3 2744 3230 2728
3 3230 3226 2728
3 3230 3229 3226
3 2745 3230 2744
3 3231 2749 2750
3 2733 3227 2750
3 3227 3231 2750
3 3227 3232 3231
3 2751 3233 2735
3 3233 3227 2735
3 3233 3232 3227
3 2752 3233 2751
3 3234 2759 3228
3 3228 2759 2742
3 3235 3228 3229
3 3234 3228 3235
3 2762 3235 2761
3 3235 3230 2761
3 3235 3229 3230
3 2761 3230 2745
3 3236 2766 3231
3 3231 2766 2749
3 3237 3231 3232
3 3236 3231 3237
3 3238 3232 3233
3 3237 3232 3238
3 2768 3238 2752
3 2752 3238 3233
3 3239 2773 3234
3 3234 2773 2759
3 2776 3239 2775
3 3239 3235 2775
3 3239 3234 3235
3 2775 3235 2762
3 3240 2780 2781
3 2766 3236 2781
3 3236 3240 2781
3 3236 3241 3240
3 3242 3236 3237
3 3241 3236 3242
3 2784 3242 2783
3 3242 3238 2783
3 3242 3237 3238
3 2783 3238 2768
3 3243 2791 3239
3 3239 2791 2773
3 2793 3243 2776
3 2776 3243 3239
3 3244 2796 2797
3 2780 3240 2797
3 3240 3244 2797
3 3240 3245 3244
3 3246 3240 3241
3 3245 3240 3246
3 2800 3246 2799
3 3246 3242 2799
3 3246 3241 3242
3 2799 3242 2784
3 3243 2806 2791
3 2806 3243 2793
3 3244 2811 2796
3 2811 3244 2813
3 3244 3247 2813
3 3244 3245 3247
3 3248 3245 3246
3 3247 3245 3248
3 2815 3248 2800
3 2800 3248 3246
3 3247 2825 2813
3 2825 3247 2828
3 2828 3247 3248
3 2828 3248 2815
3 3249 2834 2835
3 2836 3250 2835
3 2835 3250 3249
3 2837 3251 2836
3 2836 3251 3250
3 2838 3251 2837
3 3249 2848 2834
3 2848 3249 2849
3 3249 3252 2849
3 3249 3250 3252
3 2852 3252 2851
3 3252 3251 2851
3 3252 3250 3251
3 2851 3251 2838
3 3252 2860 2849
3 2860 3252 2852
3 3253 2886 2887
3 2888 3253 2887
3 3254 2891 2892
3 2893 3254 2892
3 3253 2905 2886
3 2905 3253 2888
3 3255 2910 3254
3 3254 2910 2891
3 2912 3255 2893
3 2893 3255 3254
3 3256 2927 2928
3 2929 3257 2928
3 2928 3257 3256
3 2910 3255 2929
3 3255 3257 2929
3 3255 3258 3257
3 2930 3259 2912
3 3259 3255 2912
3 3259 3258 3255
3 2931 3260 2930
3 2930 3260 3259
3 2932 3260 2931
3 3261 2936 2937
3 2938 3261 2937
3 3262 2949 2950
3 2927 3256 2950
3 3256 3262 2950
3 3256 3263 3262
3 3264 3256 3257
3 3263 3256 3264
3 3265 3257 3258
3 3264 3257 3265
3 3266 3258 3259
3 3265 3258 3266
3 3267 3259 3260
3 3266 3259 3267
3 2952 3267 2932
3 2932 3267 3260
3 3268 2956 2957
3 2936 3261 2957
3 3261 3268 2957
3 3261 3269 3268
3 2959 3269 2938
3 2938 3269 3261
3 3270 2964 2965
3 2949 3262 2965
3 3262 3270 2965
3 3262 3271 3270
3 3272 3262 3263
3 3271 3262 3272
3 2968 3272 2967
3 3272 3264 2967
3 3272 3263 3264
3 2967 3264 2970
3 2970 3264 3265
3 2970 3265 2972
3 2972 3265 3266
3 2972 3266 2974
3 2974 3266 3267
3 2974 3267 2952
3 3268 2979 2956
3 2979 3268 2982
3 2982 3268 3269
3 2982 3269 2959
3 3270 2989 2964
3 2989 3270 2992
3 2992 3270 3271
3 2992 3271 2994
3 2994 3271 3272
3 2994 3272 2968
3 3273 3003 3004
3 3005 3273 3004
3 3274 3008 3009
3 3010 3274 3009
3 3275 3023 3024
3 3003 3273 3024
3 3273 3275 3024
3 3273 3276 3275
3 3026 3276 3005
3 3005 3276 3273
3 3277 3027 3028
3 3008 3274 3028
3 3274 3277 3028
3 3274 3278 3277
3 3030 3278 3010
3 3010 3278 3274
3 3279 3036 3037
3 3038 3279 3037
3 3280 3042 3043
3 3044 3280 3043
3 3281 3047 3275
3 3275 3047 3023
3 3282 3275 3276
3 3281 3275 3282
3 3048 3283 3026
3 3283 3276 3026
3 3283 3282 3276
3 3027 3277 3048
3 3277 3283 3048
3 3277 3284 3283
3 3285 3277 3278
3 3284 3277 3285
3 3049 3286 3030
3 3286 3278 3030
3 3286 3285 3278
3 3050 3287 3049
3 3049 3287 3286
3 3051 3288 3050
3 3050 3288 3287
3 3052 3289 3051
3 3051 3289 3288
3 3053 3290 3052
3 3052 3290 3289
3 3054 3291 3053
3 3053 3291 3290
3 3054 3036 3291
3 3036 3279 3291
3 3057 3055 3291
3 3057 3291 3279
3 3057 3279 3038
3 3292 3060 3061
3 3042 3280 3061
3 3280 3292 3061
3 3280 3293 3292
3 3062 3293 3044
3 3044 3293 3280
3 3294 3065 3281
3 3281 3065 3047
3 3295 3281 3282
3 3294 3281 3295
3 3296 3282 3283
3 3295 3282 3296
3 3297 3283 3284
3 3296 3283 3297
3 3298 3284 3285
3 3297 3284 3298
3 3299 3285 3286
3 3298 3285 3299
3 3300 3286 3287
3 3299 3286 3300
3 3301 3287 3288
3 3300 3287 3301
3 3302 3288 3289
3 3301 3288 3302
3 3303 3289 3290
3 3302 3289 3303
3 3068 3303 3067
3 3303 3291 3067
3 3303 3290 3291
3 3067 3291 3055
3 3304 3072 3292
3 3292 3072 3060
3 3075 3304 3074
3 3304 3293 3074
3 3304 3292 3293
3 3074 3293 3062
3 3305 3077 3078
3 3079 3305 3078
3 3306 3081 3294
3 3294 3081 3065
3 3307 3294 3295
3 3306 3294 3307
3 3308 3295 3296
3 3307 3295 3308
3 3309 3296 3297
3 3308 3296 3309
3 3310 3297 3298
3 3309 3297 3310
3 3311 3298 3299
3 3310 3298 3311
3 3312 3299 3300
3 3311 3299 3312
3 3313 3300 3301
3 3312 3300 3313
3 3314 3301 3302
3 3313 3301 3314
3 3315 3302 3303
3 3314 3302 3315
3 3083 3315 3068
3 3068 3315 3303
3 3316 3085 3086
3 3086 3072 3316
3 3072 3304 3316
3 3089 3087 3316
3 3089 3316 3304
3 3089 3304 3075
3 3305 3091 3077
3 3091 3305 3079
3 3317 3094 3306
3 3306 3094 3081
3 3318 3306 3307
3 3317 3306 3318
3 3319 3307 3308
3 3318 3307 3319
3 3320 3308 3309
3 3319 3308 3320
3 3321 3309 3310
3 3320 3309 3321
3 3322 3310 3311
3 3321 3310 3322
3 3323 3311 3312
3 3322 3311 3323
3 3324 3312 3313
3 3323 3312 3324
3 3325 3313 3314
3 3324 3313 3325
3 3097 3325 3096
3 3325 3315 3096
3 3325 3314 3315
3 3096 3315 3083
3 3316 3100 3085
3 3100 3316 3087
3 3326 3105 3317
3 3317 3105 3094
3 3327 3317 3318
3 3326 3317 3327
3 3328 3318 3319
3 3327 3318 3328
3 3108 3328 3107
3 3328 3320 3107
3 3328 3319 3320
3 3107 3320 3110
3 3110 3320 3321
3 3110 3321 3112
3 3112 3321 3322
3 3112 3322 3113
3 3322 3329 3113
3 3322 3323 3329
3 3116 3329 3115
3 3329 3324 3115
3 3329 3323 3324
3 3115 3324 3118
3 3118 3324 3325
3 3118 3325 3097
3 3326 3125 3105
3 3125 3326 3127
3 3326 3330 3127
3 3326 3327 3330
3 3331 3327 3328
3 3330 3327 3331
3 3129 3331 3108
3 3108 3331 3328
3 3329 3132 3113
3 3132 3329 3116
3 3330 3137 3127
3 3137 3330 3140
3 3140 3330 3331
3 3140 3331 3129
3 3332 3166 3167
3 3168 3333 3167
3 3167 3333 3332
3 3169 3334 3168
3 3168 3334 3333
3 3170 3335 3169
3 3169 3335 3334
3 3171 3336 3170
3 3170 3336 3335
3 3172 3337 3171
3 3171 3337 3336
3 3173 3337 3172
3 3338 3177 3178
3 3166 3332 3178
3 3332 3338 3178
3 3332 3339 3338
3 3340 3332 3333
3 3339 3332 3340
3 3341 3333 3334
3 3340 3333 3341
3 3342 3334 3335
3 3341 3334 3342
3 3343 3335 3336
3 3342 3335 3343
3 3181 3343 3180
3 3343 3337 3180
3 3343 3336 3337
3 3180 3337 3173
3 3344 3184 3338
3 3338 3184 3177
3 3345 3338 3339
3 3344 3338 3345
3 3346 3339 3340
3 3345 3339 3346
3 3347 3340 3341
3 3346 3340 3347
3 3348 3341 3342
3 3347 3341 3348
3 3187 3348 3186
3 3348 3343 3186
3 3348 3342 3343
3 3186 3343 3181
3 3349 3191 3344
3 3344 3191 3184
3 3350 3344 3345
3 3349 3344 3350
3 3351 3345 3346
3 3350 3345 3351
3 3352 3346 3347
3 3351 3346 3352
3 3353 3347 3348
3 3352 3347 3353
3 3193 3353 3187
3 3187 3353 3348
3 3349 3196 3191
3 3196 3349 3197
3 3349 3354 3197
3 3349 3350 3354
3 3355 3350 3351
3 3354 3350 3355
3 3356 3351 3352
3 3355 3351 3356
3 3200 3356 3199
3 3356 3353 3199
3 3356 3352 3353
3 3199 3353 3193
3 3357 3203 3354
3 3354 3203 3197
3 3358 3354 3355
3 3357 3354 3358
3 3359 3355 3356
3 3358 3355 3359
3 3205 3359 3200
3 3200 3359 3356
3 3357 3208 3203
3 3208 3357 3209
3 3357 3360 3209
3 3357 3358 3360
3 3361 3358 3359
3 3360 3358 3361
3 3211 3361 3205
3 3205 3361 3359
3 3360 3213 3209
3 3213 3360 3215
3 3215 3360 3361
3 3215 3361 3211