OFF
3420 6746 0
1.0691251272 47.5954894954 30.9755370962
1.2458598105 47.4628028671 30.1585284966
1.3412068468 46.9561627811 30.5650231364
1.3107908166 46.7691341658 31.4309799116
1.0279100908 47.4242904515 32.0856977749
1.2971220909 46.6894075712 32.5087169886
1.0397525080 47.3872381831 33.1394122741
1.3099117920 46.7442030510 33.5427082749
1.0975356233 47.4080040515 34.0919374576
1.3178222411 46.9069417408 34.3288955599
1.1376448405 48.2321248139 30.1181235793
1.4434695266 48.4708238572 29.3097959152
1.3829046599 47.7553261086 29.5887025732
0.9743794061 48.4096132940 30.9073878638
0.9292318949 48.2201033206 31.7400764815
0.9307448282 48.1353323209 32.7698310188
0.9863551947 48.1084701772 33.8167786490
1.2135030067 47.3615688882 34.7714877834
1.1180391324 48.0446870994 34.8564103402
1.3314914185 47.5890621010 35.4358799161
1.2742706092 48.1863789219 35.6544088126
1.4846838199 47.8989821205 36.0539210089
1.2617262454 48.9664251818 29.7407069345
1.6288685258 49.3652521629 29.2082182625
1.1163446409 49.1025466625 30.4567693767
1.0239327259 48.9878811080 31.3972835997
1.0177515942 48.9016698238 32.3836053649
1.0589777007 48.8611635307 33.4354205830
1.1649424167 48.8301690781 34.4980094236
1.3162250132 48.7495701999 35.4610639302
1.5134100037 48.5059566795 36.1751325705
1.3787866544 49.5977226791 29.8705415414
1.7304187425 49.9950285909 29.5659106957
1.3269171113 49.7696480645 30.4088108030
1.2657247204 49.6590421355 31.0468356385
1.2776316514 49.6044216734 31.9603810166
1.3154863836 49.5668728510 32.9903197181
1.3980485248 49.5413513028 34.0526032010
1.5966176673 49.5282720639 35.1724501753
1.7123348764 49.1819667650 36.1108101837
1.6526451045 50.1600269528 30.1525766829
2.9855107842 35.7816264831 6.4679227942
3.1271392058 35.7215351933 6.3477834090
3.0073241408 35.6898394301 6.4655943968
3.1749530105 35.6857549214 6.5948393721
3.2261064262 35.8389461737 6.4800268909
1.9845802997 46.1803214503 29.5661370687
2.2079199690 46.1178593721 28.8516678507
2.3018241880 45.6387762687 29.2351561830
2.2097290789 45.4808490045 30.0915506350
1.7251856317 46.2162242405 30.6343291225
2.1318665385 45.3780418485 31.2003477925
1.6870026433 46.0336531090 31.8585302783
2.1129403739 45.3359998730 32.3395219819
1.6825951051 46.0402985283 32.9870491477
2.1232924039 45.4016368301 33.4604495305
1.6932544012 46.2333078508 34.1586246112
2.1756402654 45.5354774436 34.5344764500
1.8927683269 46.2785113080 35.1698890814
2.2224812930 45.7325535884 35.3542267784
1.9886076227 46.7771161268 28.8736653372
2.2117485876 47.2278746527 28.0747564405
2.2914423390 46.4403510619 28.2883715441
1.5964844933 46.9830810747 29.7238234748
1.4990328805 46.8989801971 35.0040288854
2.0814865413 46.2613560693 35.8464320451
1.7648419878 47.0908744172 35.9925901429
2.1785256208 46.5251404561 36.5322919887
2.0538569468 47.2369054019 36.8198092981
2.3138559245 46.8698333440 37.1833671883
1.7734623029 47.7442990219 28.8519791193
2.1927658464 48.2427027731 28.0014074090
1.8472492519 47.9917852486 36.7009136301
2.2818907554 47.6387254602 37.4024253547
1.8477839733 48.7539384192 28.6462316755
2.2353090472 49.0906662985 28.1199388002
1.8647881449 48.7746306936 36.6913194120
2.2767789623 48.5793423789 37.3270336003
2.0417356780 49.4795421778 28.6069788110
2.1159336066 50.0733891664 29.0332793804
1.5503365999 50.1262003916 30.7442682777
1.6475734151 50.1907543903 31.4851557669
1.7095871526 50.1897473054 32.4995936448
1.7643584318 50.1613567534 33.5506060096
1.8547279490 50.1228887215 34.5336038344
2.0376466169 50.1429628402 35.2870047250
2.1151240512 49.8774570037 36.0175850453
2.2395284713 49.3888453421 36.8404751875
2.1652360096 50.5341716036 29.7800295365
2.0916157475 50.6373353476 30.8047988595
2.2044091177 50.7329149225 31.9617416749
2.2536264951 50.7192497215 33.0587576914
2.2886659764 50.6522952077 34.1084509754
2.2870115544 50.5214258582 34.9106496331
3.3321012139 35.4348727193 6.4739909304
3.7337759469 35.0914238521 6.2507652324
3.9275578649 34.9069405968 6.7318727916
3.7483474302 35.3950050118 6.9146871059
3.4429530807 35.5092981458 6.1375815406
3.7373913928 35.5568334793 5.9503159995
3.7703595078 35.2885735894 5.9646590233
3.5364576754 35.7813474405 6.7418375962
3.5668924800 35.7990854645 6.2220105262
3.6986548887 35.9102151326 6.5799290530
3.0487755774 44.1951131430 28.6968169434
3.2634195265 44.0054065803 27.8852970400
3.4246124366 43.5602400682 28.3714995471
3.4152078892 43.4176467089 29.2362411985
2.9921448984 44.0599253648 29.8558595393
3.4148018992 43.3198504080 30.3591770435
2.9787897674 43.9733635861 31.0100774331
3.4489480626 43.2877199933 31.5186269042
2.9937854420 43.9542701340 32.1577061219
3.5306930947 43.2748105198 32.7490006646
2.9941915394 44.0082871587 33.2680812453
3.3951921815 43.4923050235 33.7424945295
3.0160273344 44.0709231956 34.3509816694
3.5837460471 43.3234523448 34.7196707976
3.0751973490 44.0908816784 35.4672441491
3.5535114556 43.3731037346 35.9205649141
3.1363278781 44.1054022849 36.5885750110
3.6046068748 43.3680981984 37.0308699245
3.2361056358 44.1171070625 37.6915332779
3.8035011467 43.3064376406 38.2420771248
3.3249599505 44.1788803613 38.7014312286
3.6389465451 43.7106912152 39.0704629989
3.2356797138 45.2702142720 25.6237958893
3.5174699410 45.1195724334 24.8392917975
3.5750757316 44.6172201322 25.2121517743
3.4736254889 44.3797581166 26.0401217838
3.0842025825 44.9872568044 26.6707980893
3.3521147519 44.1641821412 27.0644085316
2.9607966579 44.7486611584 27.7585572099
2.7806663497 44.8442439871 28.5154582137
2.6233112933 44.9101299987 29.3222091386
2.5699627487 44.7168438114 30.5311049018
2.5481093722 44.6485441679 31.6747066004
2.5495528005 44.6611886134 32.7982532464
2.5668776407 44.7464463021 33.9135626009
2.5889142021 44.9507692562 35.1226450261
2.7455587325 44.9427654461 36.2596581574
2.8733945241 44.9863611304 37.3470800647
3.0151651127 44.9925236158 38.4214576401
3.4262068974 44.1958882573 39.4284364734
3.1826196394 44.9535389161 39.5169530257
3.4673812560 44.4823366723 40.1500116865
3.2939734875 45.1851604228 40.5093641732
3.5233364985 44.7853854750 40.8505325821
3.3887470038 45.8961547439 24.8648846802
3.8512159147 46.1181342967 24.1147372473
3.7354480040 45.3617343155 24.3348674088
3.0659157052 46.1340743939 25.6598150662
2.8960590276 45.8697666933 26.4541136607
2.7890163037 45.5335281160 27.2941830246
2.5512956946 45.5840946932 28.3229343725
2.3874066106 45.7175140650 36.0432009081
2.5393018597 45.9804436755 37.0699286839
2.7962300868 45.9667260804 38.1446232221
3.0067291370 45.9257200826 39.2120553962
3.1837865169 45.8669854583 40.2267339986
3.4388227681 45.2693040987 41.1425301880
3.3569716734 45.8010210319 41.0493512925
3.5563577651 45.6093853805 41.5625966920
3.4811190743 46.5452710896 24.6386658829
3.2070397209 46.8383422613 25.3022483119
3.4438110890 46.9734763360 24.7990229473
2.8528911417 46.8190355583 26.3197852075
2.5732096119 46.4565877476 27.3960712038
2.5885180577 46.9393561485 37.8532617627
2.9622679160 47.0683270633 38.9101969863
3.2411474654 46.7704822905 39.9946822498
3.4559952681 46.5388484989 40.9357972306
3.6500590448 46.2114257912 41.6709625617
3.5090469409 47.5864927718 25.0345005185
3.0254744626 47.9304657481 26.1264854836
3.4768444411 48.5554837858 25.5400797784
2.5636899296 47.6161879028 27.1806096714
2.7564224355 48.0989473435 38.1965519542
3.1791364434 48.0772027411 39.0546867670
3.4118927634 47.7149223486 39.7770037054
3.7801082162 47.4687694122 40.7910852819
3.9497801295 46.9461943288 41.6862828435
3.1569694825 49.1238788246 26.3489621481
3.5660908658 49.4100954465 25.7862961882
2.6625450002 48.8804564920 27.2811460978
2.8847040342 49.3830325311 37.7997362333
3.2927533322 48.9139236158 38.7704607387
3.3810527671 49.8204309378 26.3046449959
3.6310772791 49.9327170486 25.9760506103
3.1122926409 50.0085536645 27.0908786465
2.5594660895 49.9240686140 28.1538475508
2.5213381294 50.5084536386 35.6707331598
2.8453046383 50.3013594072 36.8103037292
3.2923460122 50.2410990982 37.7626836042
3.7297645520 49.9614045028 38.6181337021
3.7350502129 50.4765492510 26.3834188693
3.4620485235 50.7867563386 27.2177975883
3.1512525295 50.7598995649 27.9420009434
3.6210596745 51.2411925850 27.6642584673
2.8209793963 50.8549203475 29.0244456242
2.8230811241 51.1776379330 30.2477092994
2.8240650078 51.2496261942 31.4247242093
2.8422323659 51.2351766191 32.5658623081
2.8664337570 51.1772486842 33.6859702107
2.8820899253 51.0271351462 34.8803952998
3.1589046861 50.9894770748 36.0081350248
3.3883114244 50.9714871879 36.7675999201
3.4810296774 50.7743244417 37.3957476673
3.7305335349 50.6106619502 38.0222938088
3.5616169263 51.4412323402 28.4420541856
3.6094190643 51.7227110495 29.5844670356
3.6079807825 51.8166436620 30.9271040172
3.5092184507 51.7212771613 32.1135065113
3.5169863341 51.6643784284 33.2174105990
3.5647237535 51.5943064278 34.3310679582
3.7057788904 51.5096450524 35.4418845711
3.8487690157 51.3835357537 36.4445659308
4.3107546066 34.6115159885 6.4619979548
4.7591778912 34.6150646749 6.2311347971
5.0481042195 34.1737587213 6.6774753194
4.6508295206 34.3544012443 7.0552412173
4.1570169960 34.9485678847 6.0504583768
4.1530644692 35.3282699590 5.8730771784
4.5737468999 35.0039131629 5.9702300961
4.3001865388 34.8366488569 7.2885594877
4.2560476037 35.2859816738 7.3720511273
4.5936272098 34.9877224160 7.7222378566
4.1080087723 35.6823163277 6.0082231343
4.4005535420 35.5174271485 5.9036366022
4.8183132353 35.7066739433 6.1613113210
4.5767821496 35.4250029106 7.6932869719
4.3206848935 35.8645931010 7.1195439111
4.2490075880 35.9530706207 6.4369577300
4.0474608630 42.8169808408 27.3805089539
4.2471795216 42.7519239476 26.6478453555
4.3989460741 42.2772222877 27.0779447548
4.3271476305 42.1150448851 27.8716533514
3.8465279812 42.8519044617 28.4558184278
4.2670276681 42.0084161281 28.9548462208
3.8523205709 42.6846052279 29.6801758887
4.3033237901 41.9364059031 30.1228879770
3.9032041298 42.6327984388 30.8645956974
4.4753564317 41.9043579809 31.4354305643
3.9790307805 42.6740177257 32.0218699856
4.4981059025 42.2287345107 32.6595504084
4.0680270944 42.7099173043 32.9074425093
4.4092834826 42.4623285979 33.4081865216
4.1121567849 42.7884421249 35.4228091505
4.1645959565 42.7452011623 34.5575771503
4.7737543614 42.2990921718 34.9141242605
4.7038168115 42.3456292799 36.0499821056
4.0778634368 42.7990850219 36.4570260974
4.6288676219 42.3705864016 36.9572453176
4.1719626283 42.7515516271 37.4535218741
4.9709516804 42.1728196402 38.0079121278
4.3028497439 42.6963659714 38.1072209042
4.4872690841 42.6797723915 38.7727952262
4.2566623921 43.8581923202 24.4716113793
4.4300275730 44.2314722048 23.8063764117
4.6199325257 43.5289137876 24.0643192453
4.4933829718 43.1992161014 24.8444945100
3.9573995265 43.8532853055 25.3218146383
4.3306361756 42.9640048296 25.8368137186
3.8472245292 43.4773095417 26.5492210125
3.6187426307 43.4629965614 27.6120851023
3.9389382375 42.9138445959 33.7234942897
4.0967820032 43.2244646735 39.3088068190
3.7718850173 43.8120915052 39.8207635559
4.3076706864 43.3327493342 40.2963533406
3.8969009832 44.1293603635 40.8141863814
4.4765772537 43.5310002973 41.2921990502
4.1887520013 44.2441323886 41.7756627545
4.5692305986 43.7836584002 42.0676078197
3.9188731240 44.5818802103 24.4768316090
4.2271681550 45.2064096072 23.7068111482
3.7651459118 44.9524879805 41.5648504291
4.4248685006 44.2847481467 42.4318058314
4.1888933342 44.9714021867 42.4656103920
4.5136871985 44.6213870461 42.9474252368
4.3794519973 46.0828302837 23.4584356259
3.8822745458 45.6968221678 42.1486576836
4.4751024257 45.1660402418 43.1807758199
4.3550363205 45.8355231364 42.9751434776
4.6897843353 45.5528597198 43.6215585449
3.7341757617 46.9483390516 24.4129309880
4.2433231252 46.8688570432 23.7974547276
4.0995943083 46.4295309445 42.3630805568
4.5442606576 46.5555449561 42.9827700072
4.9110052843 46.2850381565 43.7134678676
4.0437232840 47.6359141031 24.3547993610
3.8540744487 48.2466946413 24.8817673733
4.3832932651 48.4666603596 24.3988782175
3.6034633361 48.5862227190 39.5370462404
3.9355324541 48.3179487479 40.3118550829
4.2868065801 48.1601762093 41.0037503847
4.5121883623 47.7332998062 41.7288992361
4.5124465615 47.0759091758 42.4571220571
3.9891789368 49.0169124548 25.1169256849
4.7963430382 49.5000590582 24.6327303248
3.7700001500 49.2999397127 39.2781471821
4.2153213524 49.1760951563 39.9720563198
4.5287783519 48.7780883198 40.7455450248
4.0902656465 49.9243732458 25.5208891882
4.8203221854 50.3226164266 25.1716145966
4.1821794990 49.7749753854 39.4119448815
4.7031643799 49.8666296878 39.8706547155
5.0335609913 49.4936460932 40.5798599116
4.4554543618 50.7237483638 25.7736613258
4.2647933376 51.1273989744 26.3586715942
4.9103298430 51.4043500036 26.0548630346
3.9249170730 51.2152184758 27.0012217369
3.8332059418 51.1905106092 37.1290265245
4.0669705186 51.0696160347 37.7423550475
4.2961396074 50.7777397105 38.4371768055
4.6862256574 50.4127076800 39.2389343269
4.5285067633 51.6344020493 26.7871730153
4.2008694741 51.7584744695 27.7091315827
4.1751375130 52.0201917788 28.7238824633
4.3011261122 52.2302468652 29.4806953738
4.7335030496 52.4056747050 29.0192738263
4.2251421817 52.2268245217 30.2900925648
4.2731474560 52.2635894983 31.0814016515
4.1691941599 52.1524560293 31.8039383656
4.1932381475 52.0927230233 32.7991839951
4.2391479481 52.0368243217 33.8655296246
4.3474823391 51.9654605995 34.9287265231
4.6665891822 51.8522417311 36.0621021381
4.6102955350 51.4940940065 37.2357430195
4.6962911153 51.2319237538 38.0895167261
4.9592324875 52.5764301876 29.8792428133
4.8052386475 52.5388194054 30.8661866355
5.4541847025 33.5293047804 28.7259193307
5.5718795920 33.3713029074 27.9052242376
5.7376915053 32.8631328095 28.3207317017
5.7884477546 32.7661374986 29.0947509162
5.5665505659 33.3323339052 29.4938661326
5.8501235473 32.9281725709 29.8329551775
5.3907373294 34.3542283321 6.4020528663
5.7786632478 33.9637960546 6.7242330781
5.6939161144 33.6650677593 7.3811532574
4.9927426281 34.3794621087 7.8176105546
5.6280869614 33.6607361007 8.3332547527
5.3399618044 34.3498428143 8.5263547852
5.6543890898 33.9712829596 8.9734990746
5.3391301064 34.3093096841 27.8735465802
5.5831006813 34.2453669432 26.9689435280
5.6413454719 33.6437803580 27.3074478410
5.2340675293 34.4118141595 28.8898563316
5.3879521271 34.1498148899 29.7007554406
5.6897134648 33.5772470388 30.1673195999
4.6334684590 35.3033733348 5.9307217712
5.3355776964 35.0309456483 6.1635213935
5.0493691748 35.1743119322 8.2882023856
5.5333804244 34.7510391242 9.0964200032
5.4074193526 35.1845697741 27.0349924667
5.8402349623 35.5660963499 26.1111754907
5.7841659683 34.6196058110 26.4133234245
5.1562857718 35.3700129512 27.9137931448
5.1160330563 35.2114961942 28.7003025470
5.1901323007 35.1435926818 29.6430285681
5.5806741512 34.2610009341 30.4737617771
5.4724078144 35.0607441252 30.6289837435
5.7611494405 34.5861146252 31.0143193242
5.8873895784 35.9111465489 6.3310819696
4.8409236603 35.8251586317 7.8419844200
5.2332028121 36.0799666366 8.3518701732
5.4904519171 35.7130636978 9.0365934000
5.3726362473 36.3072778684 26.8156286481
5.6612167445 36.5730919405 26.1906488980
5.1377454154 36.2076157748 27.6793796600
5.0394484323 36.1811742618 28.6021218659
5.0713643046 36.1270550129 29.5527412975
5.2469343454 36.0759505427 30.5097945092
6.0254878044 35.1647497348 31.6354437714
5.6004416640 36.0359817365 31.4034436784
6.0647310801 36.0229622223 32.1093347174
5.2604158980 36.4414225948 6.8090089743
5.1446597706 36.4883820580 7.6965164175
5.5074838876 37.1134497925 7.4875742060
5.4137056154 36.7076628192 8.3408679621
5.5209134543 36.4594928324 8.8498585134
5.3493385181 37.3306248050 26.7356630478
5.7352056012 37.4211312025 26.0200632663
5.1198587461 37.2356030445 27.5710304557
5.0126885224 37.1916305484 28.5179603405
5.0178896158 37.1569508999 29.5003335397
5.1414884082 37.0955604837 30.4560540123
5.4096701317 36.9881193174 31.3280532864
5.8303357580 36.8207005796 32.0668727421
5.5066471756 37.1349560753 8.0385763713
5.7132621320 38.6492861863 10.1545551918
5.6934079122 38.7668058044 9.5872234825
5.7179922117 38.2565268010 9.7771481579
5.8017918304 38.1635483620 10.2327019795
5.3552039873 38.3732357523 26.6410858993
5.7928385086 38.5196223965 25.7979218445
5.1032570404 38.2893954424 27.5162795838
4.9920358640 38.2446328073 28.4753752036
4.9907304305 38.2106166945 29.4740374881
5.0972730789 38.1457172636 30.4408595338
5.3322250268 38.0089894260 31.3127280011
5.7074596147 37.7775495945 32.0491270570
5.6837036864 39.1013172574 10.0220663274
5.7432799428 39.3309427939 9.6607657189
5.9655993219 38.4985121425 10.7812108390
5.7910900656 39.1141155679 10.5261173051
6.0412614431 39.1361813359 11.0491393932
5.3007893721 39.4802663790 26.5387902935
5.6225466795 39.7563922059 25.7147916440
5.0593102194 39.3518508405 27.4535139605
4.9456643256 39.2925307890 28.4386031103
4.9436047039 39.2555729553 29.4570880687
5.0506207477 39.1918006136 30.4443213948
5.2852080904 39.0518286460 31.3364469504
5.6584112002 38.7940538557 32.0857549075
5.8243733694 39.6063431124 10.2325181792
5.9829844036 39.5955428184 10.8214650818
5.1698157390 40.5579444052 26.3726354323
5.4415418007 40.7664018290 25.5448392698
4.9469995888 40.4055422732 27.3274695190
4.8344589253 40.3031963208 28.3542999050
4.8273361281 40.2521973145 29.4094133132
4.9360782524 40.1898409170 30.4415863583
5.1830340995 40.0575968143 31.3804892178
5.5872207873 39.8195999220 32.1944135381
5.0196301919 41.4735666173 26.0045688983
5.2698886354 41.4940372199 25.2882961389
4.7327553529 41.4759522700 27.0441375890
4.6267399300 41.2572389882 28.1620358396
4.6020807789 41.1699779551 29.2610004517
4.6892347922 41.1131984472 30.3787032932
4.9434513281 40.9844191988 31.4221313030
5.3670665476 40.7555430821 32.3026540417
5.5691703825 41.7580938780 38.1892662373
5.6028291969 41.7608986175 37.7389175648
6.1915254959 41.5230138650 38.2358024856
5.7407611285 41.7476048447 38.8022071856
5.3238636322 42.7813288460 23.2674322705
5.4942829379 43.0957046157 22.5587364158
5.6355573940 42.3810833096 22.8822621029
5.5402475275 42.0522120797 23.6224585463
5.0212402745 42.7560933525 24.1217242235
5.3771674306 41.7935660065 24.5611866232
4.8738273148 42.2799109831 25.3018703192
4.6055925896 42.2118972134 26.3381347301
4.9800518691 41.5582400672 32.4542447746
5.0383092207 41.9469766438 33.7029233608
4.4689060349 42.4749972569 34.0575823691
5.6241702594 41.7979197322 34.8917216469
5.3568592106 42.0027855095 35.7257340432
5.4638268108 41.9205934792 36.8395569524
5.2309286326 42.1636270695 39.2605015122
4.7583237285 42.6987984496 39.8061259340
5.5866010444 42.1641512479 40.4529006387
4.9613049577 42.8332541515 40.8852589699
5.6650364788 42.3943191707 41.5928046081
5.0688373849 43.1377612557 42.0355457391
5.7937261426 42.5920602205 42.6515911591
5.3629814130 43.2314717534 43.0736045047
5.8435718569 42.8121711069 43.4385355366
5.0010128102 43.6873919643 23.1907812806
5.3877418420 43.8600371785 22.3060049079
4.8275889826 43.9361216511 42.8642116338
5.5909633813 43.2557182202 43.7560044678
5.2514821462 43.9141461801 43.8489654608
5.6143464544 43.5325862766 44.2790678234
6.1711402802 44.6715755715 13.0522245939
6.2893733472 44.7429012570 12.8511514313
6.1931706863 44.5076447631 12.9394986488
6.2462398572 44.5120296982 13.1857069050
5.1495267978 44.7147539237 22.4468644340
5.5245635362 45.1814729496 21.6942415091
5.5395239091 44.3549463862 21.8183421743
4.6976269328 44.6588505635 23.1768899669
4.8359288922 44.7934000292 43.6694195464
5.4958096414 44.0243737231 44.6310069857
5.3015619899 44.7678253633 44.6876328173
5.6647945952 44.3442837004 45.3441483827
5.6155745016 45.0458262448 45.5519317088
5.8746169954 44.7657645981 46.0458082899
6.4886956099 44.8112405212 13.1902289817
5.1967017252 45.7756855521 22.2751956511
5.5300505122 45.9821557306 21.7072929933
4.7492341442 45.5228315640 22.9571406308
5.0848325004 45.5927978847 44.3130521653
5.5172945494 45.6457537546 45.2230820711
6.0307737206 45.6708181300 46.2482774169
5.3503786128 46.5035563942 22.1412731851
4.8934178825 46.7118102187 22.9382932263
5.4394349828 47.2831645426 22.3183494398
5.3893100671 46.9088941596 43.9057473564
5.0010088546 47.0002081647 43.2123243103
5.5248271252 46.4381661199 44.6679512214
5.8799759601 46.2905598996 45.5652113055
5.1872584121 47.8516169031 23.0421424711
5.6020359791 48.0588668326 22.5244990734
4.6338900443 47.7132113389 23.7020386045
4.8163601689 48.4673674460 41.3952758161
5.2515890770 48.2877636690 42.0579425712
5.1114574893 47.6285857921 42.6292036435
5.5039450436 48.5113235705 23.0232675677
5.1040550903 48.6860544071 23.7175265550
5.6977763933 49.0610307610 23.2652348407
5.0398559259 48.9859359943 41.1440557401
5.3205810751 48.8026359570 41.6162955022
5.6418792651 49.5963918513 23.8921600166
5.7665185709 50.4823344971 24.6808291129
5.7868976369 49.8649548637 40.8617126607
5.5681738674 50.3026054209 40.1025953011
5.5467669509 49.3004652622 41.3139052710
5.1938025765 50.9645264379 25.4277346964
5.4117504496 51.4157724854 25.7138324464
5.4506949974 50.8249358850 39.3622644832
5.0643173188 51.0419975281 38.7400187630
5.1126332745 51.8997492979 26.5744429654
5.6592584663 51.8278995863 26.1318721089
4.9693910780 52.1166763381 27.2807967955
4.8507267094 52.3004651947 28.2097687337
4.6648250946 52.4485371268 31.5583113285
4.8357435600 52.4598538096 32.3683006000
4.9471209058 52.4207484260 33.4355748551
4.9754815801 52.3345637183 34.4625949777
5.1190733533 52.2443189653 35.3523363436
5.4678085427 52.1641276217 36.0259170244
5.8400194593 51.8790415113 36.9054248179
5.5829640104 51.4531218290 38.1571464546
5.6397088544 52.2487031653 26.8833114689
5.6299640625 52.5139444924 27.7758859276
5.5378657232 52.6881253869 28.9379872351
5.7523823413 52.8584878710 29.9482741277
5.5332113041 52.8156862535 30.7662807112
5.2853869905 52.7061689812 31.6854148694
5.7652912467 52.8014839175 32.9031239905
5.7140612590 52.6305822621 34.1523665764
5.5988036191 52.4875955608 34.9291883236
5.8312814811 52.3954347377 35.5546208891
6.8687747676 11.4791830065 18.5966828361
6.9528297894 11.2569709456 18.0853364378
7.2454026749 10.7783982610 18.5223590653
7.0489436528 11.1444854939 18.9698631554
6.8401801930 11.7855008259 17.9847436631
7.1418101101 11.8969875690 17.4082638175
6.9667596759 11.4510784009 17.7432136847
6.8661115203 12.1012788711 18.3948789721
6.9428316229 11.4595135839 19.0815933268
6.9412655920 11.8399664795 18.9404292137
7.1328354704 11.5963454194 19.2792915476
6.9912671242 12.3821231929 17.8198880552
7.3132034702 12.6429949246 17.3094575075
7.0782093497 12.5635405400 18.2212193305
7.2105989821 12.2976532470 18.7471798582
7.2149317150 11.9315623477 19.1674205897
7.4676927192 12.9271985972 17.7798370672
6.8171710991 26.1838427323 12.3595548253
6.9043396307 26.3787741618 12.0757296375
6.9083646894 25.9267519266 12.0194694538
6.8931679875 25.8001646295 12.4699340820
6.8364402418 26.2127749128 12.6837952340
6.9714668310 26.0091748991 12.9412637841
6.8918419489 26.5763560637 12.5474715661
6.9739325465 26.4434449088 12.9745989116
6.5898758914 30.0235718837 10.3662474840
6.8642958401 29.8605982863 9.6464206105
6.7957626532 29.4462799280 10.1008338868
6.7692522907 29.3402469575 10.6046730942
6.5781878077 30.0191285242 11.0608053851
6.7570981853 29.4720558527 11.2626357556
6.4680753589 30.9382552178 10.0007416629
6.7409832556 30.7340504614 9.2860893313
6.4435910093 30.7836664278 10.8569922125
6.6853585604 30.0087718967 11.6126885252
6.5783339445 30.6748216097 11.5628296479
6.8015791249 30.4129822636 12.0438288355
6.4489643647 31.8519593228 9.1998948639
7.0396008965 31.6084120942 8.3610777636
6.9848680988 30.9687203477 8.8055247006
6.3007762554 31.9382767944 10.1245857012
6.3499779519 31.5539505226 10.6593341875
6.5041700719 31.6377671543 11.4341040208
6.8057350758 31.2471591449 12.1492927126
6.4670263969 32.0207531634 27.5132585938
6.8781749386 31.7634361593 26.9989760493
6.8068823445 31.5261644212 27.5044893676
6.7706253710 31.4453278488 28.1272850508
6.2022180622 32.1613162404 28.4883023307
6.7953184887 31.4207542917 29.1799209026
6.3076411158 32.2115316527 29.7480211230
7.1003787655 31.4252391284 30.3181424703
6.6310218421 32.1743508912 30.5906607311
7.0392760388 31.9267993630 30.9712113032
6.3452389814 32.7053488484 8.2063583747
6.7308078048 32.9599724876 7.4693734599
7.2426682377 32.2126477494 7.7760704725
5.9895706748 33.1660652543 9.0664448709
6.1760678052 32.8763356487 9.9507104755
6.3564991302 32.5378220535 10.8745438783
6.6049804205 32.5664678774 11.6718297286
6.7845683885 32.1119499260 12.1027034948
6.5377507788 32.6388244180 26.6407968710
7.1510524058 32.6815384580 25.9800379603
7.0776800884 32.0623368737 26.4313198075
5.9676419850 32.8618005183 27.4967847821
6.2223155586 33.0035753177 30.6511413131
6.7806651365 32.5077316255 31.1390373559
6.1774094570 34.3897240803 6.4477983485
6.7382304457 33.6330835647 6.8943989078
5.9344208401 34.0899387377 9.7646532812
6.2859751665 33.7369605109 10.7082066926
6.6042479135 33.4541381207 11.5423930684
6.6581402390 33.5230829604 25.8941616855
6.9473559621 34.1618916612 25.3814321778
7.3576452568 33.4356815024 25.4763241138
6.0145914461 33.7006613761 26.5734108391
5.9086422698 33.9390620584 30.8628410752
6.6574784198 33.0931679320 31.3549547490
6.4062552949 33.7315480554 31.3937855721
7.0187625194 33.4158738389 31.8441742851
6.5697244062 35.2950145485 6.2880060889
5.8521243796 35.3235016978 9.8244282570
6.2210882626 34.8958243819 10.6330881717
6.5884701307 34.5521865225 11.4271702738
6.3350583479 34.5759817586 25.7724945266
7.0314076378 35.0930519047 25.0938445740
6.1245367212 34.3974129185 31.4194986680
6.7852114484 34.4061885435 32.0948400316
6.4310627280 35.8478133776 6.3187925086
6.3983526359 36.1741901672 6.3479045029
6.5616156627 36.0187673788 6.3339265441
5.8055385426 36.4926258175 9.6641700280
6.1784028786 36.0219058707 10.5892806648
6.5596747834 35.6259301779 11.3448545856
6.4090686614 35.5110022569 25.4760711089
6.1872580919 36.4555345244 25.5807465183
6.8150775542 35.4871640293 32.6147073902
6.4037153912 36.5504639741 32.6636993853
6.9824962068 36.3135175214 33.1137857358
6.4272172468 36.8834014170 6.4334233550
5.8341789055 37.3571631547 7.1013781459
6.6812544223 36.1821013717 6.3242233809
5.6596824597 37.2310515374 8.8220313019
5.8211241975 37.5986154386 9.8284919223
6.1155347446 37.0735996669 10.5683195480
6.5308526707 36.6732140898 11.3139084714
6.2327984740 37.4952619562 25.4217309726
6.2101016233 37.4739229134 32.6501028009
6.8828968584 37.1969048126 33.2043794901
6.1920438612 38.2589801906 7.0031821941
6.8077832980 38.4146569274 6.1257301027
5.7873743904 37.9744012594 7.9994613971
5.7385254955 38.1569365154 9.1302995814
5.9950416695 37.8287132717 10.5633495934
6.3962525241 37.7680721800 11.2657141496
6.3003147880 38.2079351359 25.2195312124
6.6818844041 38.3733912950 24.7482821866
6.6495952726 37.6695432952 24.9819399150
6.1345963390 38.4196530899 32.6671751304
6.6079153478 38.0272312072 33.0717253891
6.3237341026 39.5964223930 6.7956323374
6.6664620667 39.5488973399 5.9928176813
6.0310642117 39.2857678794 7.8264451326
5.8291111167 39.1200875166 8.9106971957
6.4000040158 38.7305394499 11.4589226918
6.4172453168 39.6273441490 11.4569001224
6.9980483622 39.0075461339 12.0382937521
6.1519589159 39.0611925057 25.1380912720
6.5742542503 39.3391659911 24.4148665047
6.1311857631 39.4170624406 32.8195988785
6.7033000168 38.8560134662 33.2238353823
6.4514383748 40.5246227626 6.1748618933
6.8783285190 40.6331463576 5.3576323969
6.7511089721 39.9856455497 5.6843229144
6.2122495674 40.7272526254 7.0043972843
6.1181434541 40.4598044407 7.7446571701
6.0222342001 40.2503961117 8.7227808405
5.9347052690 39.9966062740 9.6485145409
6.2023065903 40.3767482571 10.7091877955
6.5968529302 40.3949102974 11.6057717505
7.1029322114 40.0085294679 12.2306577764
6.4449392051 40.8898360245 22.2563824762
6.6474218574 40.9987224761 21.3641831293
6.7937869399 40.3276201970 21.7905164328
6.7289073161 40.1590803237 22.5821306381
6.3495591828 40.6984334261 23.1304540151
6.6403757059 40.1164136946 23.2816183296
5.9559095346 40.1861700669 24.8668606616
6.3216726544 40.1771795295 24.1887898068
6.0094575935 40.4932389775 33.1651990733
6.8162429526 39.8469545227 33.5708231675
6.4428054519 41.6867985013 5.9307950827
6.7914800853 41.8489093618 5.1465808510
6.2264685066 41.5964261355 6.8142735069
6.1398152711 41.4922746923 7.6747748398
6.1408481780 41.3595504284 8.5866274110
6.1982864980 41.1558848039 9.7071851051
6.4135928711 41.3699932635 10.6702867662
6.5944485861 41.1084068832 11.4265640628
6.8993376907 40.8115138453 12.0791025165
6.2777367504 41.6883346796 21.8006543732
6.5268344510 41.7319922358 21.0547268384
5.9980340464 41.5883545268 22.8398461881
6.3931142154 40.3898702332 23.7081714122
5.9439823734 41.0142029611 24.0016666028
5.6044139195 41.0717355874 24.8838332145
5.4861791336 41.2588895780 33.1417768999
6.7248997798 40.6997794196 34.0863365626
5.9855868604 41.3000964192 34.0892604330
6.6954259556 41.1697970172 34.6856116591
6.3033128558 41.4780439974 34.9898079210
6.9239067490 41.3355501832 35.3674995010
6.0678052683 41.6089632818 37.4496129474
6.3421008665 41.5926180379 36.8805902096
6.9095705246 41.4038778835 37.6082005483
7.0564568849 41.3097997818 38.5872889219
6.7305988573 41.4081788272 39.3811681049
6.0415376154 41.7312761087 39.8150607574
6.8524668043 41.4510090125 40.4844872402
6.2940335624 41.7156336868 40.6328959949
6.8065509840 41.5541668162 41.1860861843
6.4222798251 42.9123555171 5.7053658914
6.7729469770 42.7034101056 4.9500761608
6.2262611972 42.6815508642 6.6883537207
6.1712703552 42.5044683022 7.6162723843
6.1844077006 42.2433241118 8.3648531846
6.3176169173 42.4019545271 9.3097018170
6.4680993211 42.1483060369 10.2914671620
6.2625537733 42.5928491954 21.1602527046
6.5733973146 42.9897752240 20.2530164797
6.6341997463 42.1563629907 20.5268883150
5.8968919884 42.4586060203 22.1430736128
6.2749078847 41.6395814405 35.9145666911
6.2815662246 41.8722970629 41.3471123798
6.4028321750 42.0246745911 42.3481144173
6.5689011978 42.2378141328 43.5964824531
6.0497750479 42.9676723101 44.2717456440
6.7296367556 42.4690363333 44.7970026414
6.3335269617 43.0838630156 45.2529374662
6.7927080236 42.6558885417 45.5761119277
6.6374824207 43.7057664946 5.0377760440
7.2535457656 43.8151232618 4.2992975259
7.0898260970 42.9762452218 4.5573703522
6.3040045920 44.0520381040 5.8565558584
6.2065582595 43.8060359446 6.6356300764
6.1983512366 43.6106642656 7.5862677384
6.2901520187 43.3157790325 8.6113640241
6.4640346813 43.3993345060 9.5278198691
6.5270350316 42.9647693726 10.0453130902
6.5082237927 43.9039179724 12.4050642107
6.6154577267 44.1867931164 11.8486337340
6.6366350953 43.5507301587 11.9992271142
6.6531012389 43.3448425437 12.6275070045
6.4333948624 44.0479207325 13.0700174151
6.8332626879 43.3231825395 13.4160741476
6.7410234296 43.8922758183 13.7053959448
7.2114291585 43.4592791888 14.1064253709
6.2089190701 43.7028924719 20.7330722764
6.5154835442 43.8533232729 20.0209749283
5.7992503038 43.5047386150 21.6731547285
5.8507802995 43.6184830959 44.9648997903
6.5651389014 43.0832179652 45.9732635592
6.1548367157 43.8721722062 46.0526311044
6.6486679456 43.2837182341 46.7410541079
6.4357063890 44.0300648099 47.1803258306
6.7801263217 43.4544770860 47.6503054132
6.6210397292 44.0608094941 47.9042248491
6.8641638697 43.7431595883 48.3402612228
6.7031571564 44.5466092647 4.7155936262
6.3490177063 45.0490225397 5.4925251658
6.5664638118 45.2320863045 4.7315680510
6.1944893426 44.8836243607 6.5602686188
6.2095169220 44.7279988431 7.5044698998
6.3311616705 44.5296270735 8.4510700997
6.5084425213 44.2894677310 9.3725471976
6.4254354567 44.4855382775 12.5049435103
6.7286533008 44.8742311453 11.9263691138
6.5678429358 44.3943706865 13.5435939213
7.0784068730 44.1656311158 14.0700537095
6.2916836204 44.7623345778 20.2607652304
6.6668909750 45.2198526029 19.4462851511
6.6587746068 44.3578763935 19.5747379950
5.8682334752 44.5354260232 21.1624693092
6.2159582310 44.8823793933 46.8757049705
6.5195675417 44.6886131177 47.7712461081
6.7947157344 44.4140643381 48.4836280738
6.4006544640 46.0689012616 4.9513044240
6.7664459849 46.2341828646 4.1115338270
6.6341041081 45.6132545138 4.4641489160
6.2194078294 46.1904128701 5.7993500626
6.1834540713 45.9126441599 6.4979223479
6.2181858419 45.7895481261 7.3919276612
6.3617801688 45.6519306913 8.3171264389
6.5660987307 45.3919260328 9.2202909759
6.7469444690 45.1200718225 12.5804800400
7.1448660565 45.2194712877 13.2269475997
7.0369947310 44.7467231098 13.7280043416
6.3397266148 45.9453484524 20.1198500926
6.7609232890 46.2213812748 19.3720989672
5.8965610832 45.7090646006 21.0152519463
6.3596332834 45.6110210663 47.0234927110
6.5966641891 45.4642412500 47.6278251712
6.8489238268 45.1822477454 48.4135290884
6.3778458406 47.2992996924 4.6648310477
6.6730324310 47.2276971546 3.8763932501
6.2177586463 47.0793110606 5.6236736905
6.1854909147 46.9225421055 6.5011001562
6.2202790428 46.6483614153 7.2112210794
6.3941223646 46.8081460808 8.1177352122
6.6243663015 46.4882526004 9.0533996351
6.4903173617 46.8926778934 20.0391867025
6.8504321488 47.0250892379 19.4883344296
6.1093664568 46.8056127667 20.8320201158
5.7020696937 46.6893153977 21.5976136936
5.5768437400 47.4969807014 43.4370133823
5.9678338236 47.3419504454 44.3363413104
6.1461904471 46.9684480736 45.2829479160
6.4193473375 46.6737884897 46.1419871374
6.8677296702 46.3235215011 47.2188167620
7.1718333663 45.8910637728 48.3108406634
6.5072579595 48.1564685234 4.0310510559
7.0119758985 48.2351631902 3.2352479984
6.7857463413 47.6241097757 3.5476535826
6.2605036954 48.3622265841 4.8330279219
6.1990293443 48.1024432417 5.5192936232
6.2123892856 47.9500336589 6.4040061130
6.3292883453 47.7080295645 7.4230931153
6.5497341267 47.7985260216 8.3406995685
6.6656791850 47.3767149756 8.8786880778
6.6990708212 47.4910503969 19.9560013798
6.4436718994 47.7310908434 20.6608647448
6.7696754109 47.8976518804 20.1596716230
5.9425997799 47.7328133128 21.6997382624
5.7567018607 48.1616763922 42.8189421307
6.1457379730 48.0017692044 43.6194240338
6.4479858631 47.9599451616 44.2489271609
6.5646530184 47.6850154332 44.9620875639
6.6893772143 47.3627649806 45.7299501301
6.6252834975 49.2213904247 3.8333309314
7.2204082156 49.4153512020 3.1347882154
6.3168556344 49.1838704360 4.6523316847
6.2157592643 49.0847059548 5.4946719752
6.2241096514 48.8168554573 6.1968649756
6.3823136268 48.9643798176 7.1244676918
6.6014765669 48.6723111845 8.1171520247
6.9492478006 48.4668853229 20.5243202454
6.4483972721 48.5752615088 21.4703710376
6.9207212754 49.1371065395 21.2911313706
6.0038916258 48.7452169938 22.4768471980
6.3945019930 48.6747661371 43.0137446924
5.8952091447 48.9032144869 42.1056223620
6.6252275120 48.4291236682 43.7580978032
6.7891170326 50.1341070624 3.7981383830
7.2386055670 50.2231280309 3.3880764780
6.4537487674 50.1279739148 4.5439020837
6.3113643868 50.0656945446 5.4325178233
6.3503600053 49.8420117171 6.4270112666
6.5454688327 49.9633257320 7.3376890215
6.6485344936 49.5560384771 7.8934282018
6.6593871968 49.3697439140 22.1030678290
6.3171505739 49.6482291617 23.1123491433
6.2808918570 50.1683730611 23.8784769859
6.8016427818 50.7419798449 24.1848349388
6.0900983252 50.2191774544 40.6387145634
6.3166737437 50.0717518813 41.0280244350
6.1795831262 49.6149133041 41.5314532853
7.0455152153 50.6834050710 3.8069599405
6.7624345486 50.9653495340 4.4683375649
7.3031156944 51.2073446951 4.1259791114
6.5124372083 50.9729561379 5.3273095211
6.4968071955 50.8952741925 6.2329410825
6.6374421369 50.7602833216 7.1433010435
6.0023874188 51.3708687440 25.4520627335
6.7811367635 51.2115209029 24.9029677159
5.7609911264 51.1728818009 38.9950219803
6.1975025484 50.9099635482 39.6432667269
6.6828060162 50.4864320522 40.5946636451
7.1210310463 51.5923309011 4.6938268338
6.8795009910 51.6635711299 5.2797292443
7.4676963353 52.0562752966 5.2330215856
6.7859019834 51.6815113804 6.1055518926
6.8374507262 51.5832334880 6.9566452834
6.8606975839 51.6501514760 25.5102137882
6.5053959154 51.9331412168 26.0238891766
6.2127616518 52.2289222625 26.5545751230
6.9751281516 52.3295186667 26.6478070740
6.0400255858 52.2254312463 36.1324000274
6.7305156495 52.1141513227 36.3504927464
6.4467534825 52.3764358921 35.7492811454
7.1292440965 51.7840998708 37.1326973440
6.7100870857 51.6002413626 37.9980098787
6.4929681893 51.3114223855 38.9357320412
7.3098010995 52.1990594293 6.0165585485
7.2653223455 52.1845997337 6.8839833580
6.3765496301 52.5368239341 27.2457061816
6.4805151439 52.8290743249 28.2972496020
6.4046972054 53.0003700295 29.6089453063
6.2703598301 53.0243072006 30.6198828567
6.0870045659 52.9836842952 31.6333751771
6.2234366575 53.0193812582 32.4209507356
6.5450255005 53.1209305628 31.6947001705
6.3580705909 52.9825583175 33.3451638126
6.5914663233 52.8645992435 34.0940591449
6.4360270168 52.5937475423 35.0139586394
7.8831483497 9.3294173127 18.3321385256
7.9750484615 9.0169034255 17.9898494623
8.1400182746 8.6233882881 18.2887099796
8.3091491101 8.7355684621 18.7052079895
7.7510335181 9.6925454971 17.8502955181
8.0615669464 9.8424194029 17.3370175476
8.1158052258 9.1518528933 17.6504653947
7.5787247614 10.0924872433 18.2468070580
8.0323199579 9.9536260878 18.8531417510
7.3931948475 10.8029497010 17.6408506296
8.0196341201 10.6589900940 16.9256917609
7.4268398319 10.8574464223 19.0916675880
7.1475295323 11.2585562634 19.2416431072
7.4717184984 11.2815552322 19.3317365832
7.6607528992 11.5101346055 16.8959880068
8.1468551115 11.9035176352 16.3586357312
8.1636160491 11.1866524844 16.5433760859
7.4531295774 11.6811360192 19.3299361376
7.6312350442 12.4037045260 16.8033188649
8.2088220881 12.9017130718 16.1983981650
7.4427672017 12.7276263908 18.3593348085
7.8899914533 12.4531992267 18.7166606213
7.6783736428 11.9805569796 19.1112436850
7.9112307008 13.2509234977 16.9587440305
8.2467803381 13.3756996365 17.6415960376
8.0288999251 12.9452831444 18.2278248372
7.6523897935 16.9922040385 13.3498435858
7.7508351871 16.7924348425 12.6433748138
7.9103631317 16.2965577494 13.0687701518
7.9359377167 16.2466551054 13.7499937929
7.7686145078 16.8556279117 14.0119829046
7.9973847468 16.4566445858 14.3513083814
7.7090017724 17.8321603560 11.7453320922
8.2043137958 17.8092723462 10.9782586744
7.9799410650 17.2727745194 11.4303285301
7.8544923162 17.0179724743 11.9675537905
7.5461428763 17.6452681093 12.6282460464
7.4965891132 17.8339055345 13.4158886829
7.6561525881 17.5602248704 13.9855210253
7.9563211224 17.1708907675 14.5217703571
7.6658848658 18.7535310990 11.5510531682
8.0179272524 18.8837942405 10.9942082355
7.4473613091 18.6761673061 12.3569415875
7.4263030816 18.6101617992 13.2047284837
7.5858366393 18.4649086567 13.9490347259
7.9223039550 18.1246250413 14.5560264047
7.6741091588 19.7223044183 11.4461389066
8.1792439719 19.6242852953 10.8570086581
7.4217206049 19.6994848417 12.2208112626
7.3870711601 19.6174988563 13.0774444401
7.5525514603 19.4564483118 13.8789224805
7.9024097202 19.1558816505 14.5456687916
7.7974433723 20.6484268728 11.2840326381
8.3316566407 20.3819877674 10.7503295248
7.4551322526 20.7647526563 12.1090313275
7.3842964308 20.6870937973 13.0069495310
7.5413114931 20.5186738589 13.8349765269
7.8945945210 20.2237168235 14.5282148615
8.0841348222 21.3970022476 10.8930847369
7.5227481720 22.0208148937 11.8659020856
7.7507922592 22.2526794305 11.1036250625
7.4005075659 21.8104054456 12.9476526619
7.5435865309 21.6130981009 13.8130579563
7.8954955955 21.3129446736 14.5228894780
7.5107822908 23.1410474938 11.3994617638
7.8064911288 23.4102112557 10.6565262043
7.8417490702 22.6924090453 10.7934907076
7.3337463580 23.2689823659 12.2699021089
7.3740458629 22.9688779833 12.9734752892
7.5429494201 22.7292729817 13.8102529551
7.9003438578 22.4171651278 14.5313387899
7.4191819960 24.3217698431 11.1438627577
7.7767314797 24.1610411752 10.4579561264
7.2464531490 24.1982194278 12.0863486274
7.2938328009 24.0943705290 12.9842436333
7.5254254060 23.8616336314 13.8063598117
7.9030493287 23.5368558487 14.5384001767
7.5725869718 25.0883357329 10.5933423404
8.1463234206 25.2927781933 9.8867279935
8.0661234002 24.4447484878 10.0840707585
7.2575068773 25.1605891164 11.2066806993
7.0902533197 25.2313897794 11.8681973893
7.1338307982 25.2387934985 12.8366773786
7.4858210541 25.0350356617 13.7384704193
7.9173325740 24.6770850035 14.5114599398
7.5460861394 26.2751726953 10.4093054223
8.0998208997 26.5053988020 9.5709799096
7.1406506691 26.0558160777 11.3966007021
7.3596438902 26.3006142805 13.5215170660
8.0309848231 25.9192975698 14.4509637438
7.4254722094 27.4960446002 10.1978009309
7.7786228050 27.7010600197 9.4225196510
7.1797888529 27.3056268985 11.1636699520
7.0602222423 27.1248688803 12.1599219451
7.1476164539 27.0278114439 12.9977868811
7.5668897337 27.4761859362 13.6225168414
8.0283767402 27.0746378859 14.1903500974
7.1767233038 28.7353454145 9.8849501862
7.6660792883 28.4615290279 9.2087055803
7.0184247173 28.5838182693 11.0015355127
7.1188664703 28.3368241240 12.0187994301
7.3555001939 28.1114956107 13.0038725407
7.7547691537 28.2722598391 13.6985256904
8.0305240900 27.9039827835 14.0516426622
7.4301849454 29.2145502125 9.1646541991
7.9207148000 29.4368787305 8.6765611785
7.9395718508 28.7146723923 8.8687631304
6.9542723940 29.5318164405 11.9521291074
7.3325495351 29.3178893779 12.8142965432
7.7670392905 29.0606370598 13.5457813595
7.2326010283 30.1219327726 8.9567925238
7.7287554515 30.5295074665 8.4016243006
7.2076926951 30.5923814383 12.7099384229
7.7731382043 30.1556603841 13.4595247717
7.3454901041 31.0648239386 27.4850225975
7.7335342535 30.9966174121 26.8411962688
8.1030930073 30.6180612090 27.1789666878
8.1067675548 30.3167474098 28.1434818760
7.3565875569 30.8305799368 28.6602938059
8.0553248204 30.2900035087 29.3608679008
7.3970499705 30.8338999613 29.6714908444
7.8825057556 30.5567344051 30.1105277457
7.5313340209 30.8635077428 30.2462454949
7.9454197075 30.8854649353 30.7210408485
7.8027910972 31.3773353626 7.9468030023
7.2412020421 32.0187035712 12.7887657754
7.7974314225 31.3677755080 13.4478368460
7.3892367741 31.4601653251 26.6778863767
7.7157880436 31.8523092578 26.1631498345
7.8395128206 31.2350628087 26.4721362337
7.5923695803 31.5422432048 31.1455354515
7.3495613827 32.1891388626 31.4742300152
7.9818376613 31.8600879911 31.6695931942
7.8504040709 32.7339791276 7.2240662637
7.9768864082 31.9013955924 7.5978048925
6.9827166533 33.0579843861 12.3286997394
7.4497571698 33.0537538723 13.0048605164
7.9239799838 32.6418083125 13.5233327458
7.9132304852 32.6349749695 25.6998230827
7.0898961183 32.7756926466 31.6085527771
7.8385928940 32.6943114430 32.0451740489
7.3063248530 34.4258550874 6.4740545241
7.7844188778 33.6285880382 6.7778533055
6.9870375688 34.2298496308 12.1774380644
7.4442771039 33.9344397404 12.8705055330
7.8324944574 33.5867381867 13.3689050076
7.6296313443 34.2501654642 25.0585761582
8.1805823144 33.4431989011 25.2949677718
7.5462565212 33.7058252129 32.3651127516
7.3586710682 35.1478529805 6.2856790352
6.9791182654 35.3204859171 12.0412877956
7.4821096881 35.0226866863 12.7267884315
8.1372756795 34.6005231602 13.4438859181
7.8841784436 35.1252873637 24.6538377833
7.4601377907 34.3578931528 32.6137479951
7.2042501255 34.7826013620 32.6270199406
7.8796792411 34.8180178310 33.0350967061
6.7139645144 35.8557245821 6.2951113867
7.2685902706 35.9551928383 6.2016708056
6.9073556952 36.2256257193 11.8801521006
7.4638248924 36.2119878290 12.5070094810
8.0765341699 35.7499267014 13.1010925270
6.7611869124 35.9969013350 25.1194651280
7.4202434929 36.1788115756 24.6082237135
7.5680589649 35.7969140722 33.3181284233
7.4953710674 36.6100635294 33.5269245022
8.0677538995 36.1742473857 33.6946816834
7.5402276157 37.1825898704 5.8934638409
7.0600126141 37.2299940693 12.0096721182
7.8423435047 37.2329604086 12.6062895528
8.0801480426 36.5755587949 12.9060315138
6.7565521666 36.8599832649 25.0197009932
7.2012725119 37.4821175595 24.4694732460
7.5196274989 37.3295104676 33.6285206787
8.1977162453 36.9730610686 33.8497347178
7.4699979057 38.1792983585 5.6068944109
7.9690920369 38.3838145486 5.2426936728
7.9674705918 37.6746054979 5.5085301829
6.8530862126 38.2027064557 11.8699397057
7.5285106375 38.1608534953 12.3474295528
7.6985679105 38.7185580872 20.0977734478
7.9166953254 38.8627763737 19.4250271084
7.9966356800 38.1856190138 19.6605505830
7.8948731639 38.1310738815 20.1701808342
7.1092577018 38.4837724867 24.1494134518
7.9226708758 37.7901895168 33.8163692882
7.2658524546 38.1379527309 33.5208322053
7.2116310343 39.2897680278 5.4221597888
7.9744270814 39.1784521037 4.8881569438
7.9114945476 39.1972899258 12.6019933875
7.5060491961 39.5441009948 20.0060995505
7.7965788509 39.8363020432 19.2146744125
7.7025742058 38.5144628023 20.6484547786
7.4401085122 39.1738254537 20.8109880098
7.6522402461 38.6152430103 21.4148858321
7.1758493976 39.5078192185 21.8695572426
7.5762236627 38.6513262684 22.4711420015
7.0412099352 39.4436104468 23.0643050728
7.4149698043 38.5891009724 23.4296364838
6.9916536305 39.1553117737 23.8076594902
7.3680928560 39.1243239060 33.6885021495
7.5360898760 40.0594958222 4.8388833763
8.0144407678 40.4385890898 4.4319950892
8.0940641127 39.7304753080 4.5719235801
7.7735634305 40.1059308735 12.7929185915
7.4474846720 40.8727687535 12.7928921641
8.1042363317 40.5374014890 13.1594479351
7.3308437923 40.6112446336 19.7606783467
7.6754724547 40.6573203443 19.0365490953
7.0854955219 40.1918794317 20.8569874322
6.6770012523 39.7999656999 23.7808299948
7.5107698859 39.7770716791 33.9531275725
7.3339890142 40.2903301449 34.1700484068
8.1143354815 40.0900129097 34.4073666118
7.3506784522 41.0831203009 4.7104339561
7.9573901014 41.3920574416 4.2948193588
6.6438118172 41.9982459337 11.2151452255
6.9455831664 41.6964920050 12.2348508074
7.4502616382 41.8183190667 13.2705054578
8.1313429766 41.2088004892 13.5754706742
7.4200757266 41.4549739064 19.1468915023
7.8645363149 41.7334470554 18.3063623318
7.7655950150 41.0531529802 18.7163844710
7.1351597006 41.3872902606 19.7596757473
6.8876628999 41.3118277578 20.4332269806
7.5480036689 40.8695462674 34.9279570289
7.5614123391 41.2571294098 35.7170624278
7.0487578722 41.4521001568 36.6375244712
7.9520222713 41.3251250576 37.1966845194
7.8580069877 41.2700305293 38.3943534085
7.7734774470 41.2339435733 39.4237230720
7.7204846492 41.2590669785 40.4586248194
7.6599510825 41.3366835036 41.5659522541
7.0221680485 41.6021524936 42.0178138331
7.8693999043 41.3831374213 42.7612732516
7.1841670958 41.6968805214 43.0320499321
7.9500532000 41.4605888975 43.7395603318
7.3699599872 41.7395930764 43.8562772756
7.8807906022 41.5874391063 44.4313715724
7.6530079258 42.0410301138 51.7006857756
7.8892247822 41.5533869518 50.9907369215
7.8758268291 41.3349951726 51.6224553837
7.8606694013 41.2932816862 52.2338878090
7.6585917459 42.0049153280 52.7600188825
7.8774807665 41.3309570576 53.0873569294
7.7386086009 41.9470619665 53.4881530661
7.9718921147 41.5532997687 53.7946795445
7.2447831881 42.0990923214 4.5800847770
7.8468283999 42.5572295157 4.1805960290
6.6474768698 42.9035369108 10.8255166729
6.7464255186 42.7967711183 11.8703256279
6.9676548917 42.5849995727 12.8968946174
8.0739719199 41.9942102732 14.1474206534
7.3515829220 42.6625758812 13.7838943497
7.8479573094 42.8701362519 14.5865460894
7.3524604383 42.5822273264 18.8280667633
7.7325076021 42.9661519866 17.9871204207
6.9732277198 42.1906144949 19.7520497753
7.1113653558 41.4254453391 35.9835643715
7.3270087489 41.9318668095 44.5828467548
7.3889725404 42.1403404429 45.6568613020
7.0105820842 42.6514657598 46.3224233122
7.6143536437 42.1614990851 46.8138451778
7.1406288146 42.7607988460 47.2919044900
7.7046470830 42.2084215766 47.8880775800
7.2310526672 42.9783552991 48.4081549532
7.7810476299 42.1558054046 48.9552995094
7.4642844505 42.8050835938 49.5802803832
7.8565565047 41.9133095691 49.9959605966
7.5898121938 42.4563938718 50.6414599908
7.5377206038 43.0146763399 51.3651532030
7.5750183195 42.9297227295 52.4885536942
7.6484704769 42.7692845238 53.6343760418
7.8770741318 42.2457370683 54.1532384384
8.0788833629 43.4262210054 3.9232769245
6.6499254177 43.8693856465 10.3111192066
6.7005256415 43.6591833628 11.3047616855
7.7795743764 43.7987840390 14.7087049330
7.3415749347 43.6734033343 18.4728922086
7.6857140418 43.8343304596 17.7988952212
6.9021623139 43.4519279299 19.3848816639
7.1449684085 43.8479705801 49.1960214955
7.4462326612 43.5336685245 50.3870814800
7.5920468056 43.7333838584 51.2079264569
7.6378199247 43.5916998740 51.9358356611
7.6447646484 43.6632945457 52.6606910179
7.6330523074 43.7264486472 53.4868235705
7.7289926619 44.1030061392 53.0395774349
7.7984044671 42.9507600521 54.4656199867
7.7593616709 43.7132035249 54.5853223346
7.9567892786 43.3033112255 55.0202368349
6.9767474411 45.0563354041 4.2055204358
7.8253237633 44.4739118014 3.7545372952
6.7445198607 45.0508085875 10.1053541121
6.8127505685 44.7433042533 11.1095649015
7.5709020444 44.5085573008 14.2375171621
7.5276137996 44.6671790953 18.0414412300
8.2062188854 45.0653879128 17.3101090407
7.9464781125 44.2887981331 17.3480549992
7.0080999892 44.4876378319 18.9048713042
7.1213867830 44.8529142850 49.1530546020
7.4189296986 44.5379828096 49.9857677417
7.6501731138 44.3472627352 50.8347547676
7.7542839844 44.4194032648 53.5749211320
7.7693750464 44.6044589196 54.3819485868
7.9702833894 44.9933874993 53.8303848744
8.1636132507 43.8884422765 55.6306988843
7.9125814887 44.6006246177 55.3428972149
8.1873594736 44.6482147568 56.0870740183
7.4201860864 45.6242349292 3.6072145167
7.9852541046 45.9439139879 3.1036714554
8.0339660785 45.1559386138 3.3747096349
6.8722161559 46.1773568938 9.9377778470
6.9993192717 45.7492206704 10.7202160529
7.2406943156 45.8210917209 11.7114590647
7.4507263003 45.6968928132 12.6765627440
7.7277781843 45.5531779021 13.2223964351
7.8385292493 45.0884807045 13.7921913826
7.6766741733 45.6991960625 18.0095759268
8.2322936705 45.8360578392 17.6172696447
7.1224573993 45.5057213336 18.7004850345
7.2660144703 45.5132767414 48.9915107304
7.5668346567 45.3366752607 49.7202014209
7.8094515903 45.0656828061 50.5491621055
7.9895412430 45.2730508860 54.5010965385
8.2755737210 45.4688717440 54.1210971243
8.0079617027 45.2457743232 55.1821025591
8.1679785406 45.1874694228 55.9862546290
7.2250057476 46.9148535106 3.3064489150
8.0125301305 46.7935352312 2.7138325933
6.9772177381 47.3904338226 9.7071712003
7.3403679307 46.9245528656 10.7648271572
7.9979260161 47.0117664587 11.6392901803
8.1194600999 46.3206586699 12.3224389632
8.0403824552 45.8889325597 12.9069236707
7.9362332691 46.3236831841 18.0224750905
7.3655340672 46.6404143301 18.7263337790
8.0945940520 46.9258974787 18.3013382001
7.1728366723 47.3304147824 46.5107575594
7.7223898508 47.1225582588 47.3771582566
7.8914784630 46.5668652791 48.2337460718
7.8826901364 45.9784730573 49.2354634372
8.1402976012 45.6503584315 50.2423930257
8.4064744756 45.6884588629 54.8932787089
8.4295936032 45.6478232648 55.8137071808
7.6416115268 47.6684345017 2.6821907574
8.2369038767 48.0330652282 2.2457084211
8.1843085795 47.3580941940 2.3718569910
6.8658887454 48.3062389757 9.0679890822
7.1249718677 48.2329438764 9.7546426002
7.4274689969 48.1932982450 10.3883228740
8.0044433840 48.1016840945 11.1983942653
7.7350333284 47.4214682864 18.8195672001
8.3727701431 47.5764589493 18.6461822754
7.2036355929 47.7367655699 19.5512230354
6.9346932902 48.3680180912 44.4213091874
7.3051409058 48.0955528494 45.4937655957
7.6829827056 47.9140334505 46.3574403152
7.8023618199 47.6218625619 46.8957037533
7.6469764201 48.6019865025 2.6144808033
8.3795360399 48.8159378134 2.2429740749
6.9520039718 49.5573159140 8.7960271610
7.2773240797 49.0493961390 9.8125409281
7.6341197023 49.0163773616 10.5481982175
7.7703624423 48.6600697340 10.8464661452
7.9254434326 47.9774923026 19.1604750777
7.7937355028 48.6235179522 19.8533812374
7.4436894939 49.2447191784 20.7391256411
8.1777305456 49.3907568978 20.3212079899
6.6421222244 49.3835156786 42.3239027637
7.1735641054 49.1151286950 43.3661822456
7.5825042740 48.8309021276 44.4708111334
7.9143607063 48.6827717799 45.1632946779
8.1763127273 48.3435354379 45.9277249301
8.1519731793 47.9553556526 46.6703958962
7.8886494599 49.3071229819 2.6137786433
7.9532231889 50.0370623570 2.9918542948
6.8592638539 50.4789403764 8.0852359395
7.1556687642 50.5485371482 8.9480651200
7.3611375686 50.1759528016 9.6446127503
7.6853865287 49.8364745596 10.4417614600
7.8183940965 49.7571494871 20.9594151460
8.3353739477 49.8925204275 20.8424338296
7.3488838346 49.7799630817 21.6040350595
7.1025563186 50.0727309014 22.5801292902
6.9349584206 50.3816804324 23.4394400027
6.7866479230 49.9898431019 41.5404325468
7.3048624457 49.8188688001 42.2938092742
7.7604191334 49.7198404539 42.8371613963
8.1770486814 49.4115803572 43.5605178522
8.1750243401 49.0411642020 44.5560305320
7.6186514647 50.7220091617 3.5538576822
8.0851574049 51.2832894719 3.9579203167
7.0071054069 51.4194906675 7.8061616979
7.2457073300 51.2838989266 8.6832148467
7.4835246452 51.1050383922 9.5228124549
7.7532143827 50.8289883132 10.3097336645
8.0638353413 50.1662895024 21.4744823796
7.7382623104 50.3305739974 22.1674050539
7.7289611789 50.7083139621 23.0046646073
7.4182290167 50.8841704155 23.7497416893
7.6844701596 51.3172667429 24.3653416093
7.6001257389 51.6405799462 37.2847675063
7.7154134766 51.6258158864 37.1474865604
7.5992158129 51.7066255334 37.0131937449
7.8588179073 51.5963679937 37.2794092624
7.7304297772 50.6859338878 40.5834083951
7.1596456363 51.0061094722 39.7598996468
7.4774370080 50.3002175831 41.4194060183
7.9345044828 50.0905576111 42.1225035259
7.7329228474 51.7433932259 4.5644710350
8.2947482216 52.2041744128 5.1519436104
7.2430510493 52.0168460999 7.5809955148
7.4932225046 51.9849559407 8.3939709984
7.7079224636 51.8554643721 9.3240162385
7.9078501503 51.6566421288 10.1603727115
7.6560610986 51.6517726870 25.2369655461
7.4297203151 51.9852975668 25.9873587159
8.0113984773 52.3039992767 26.6853462464
7.7596724322 51.9055394377 36.5075961506
7.2467042490 52.3530349074 35.6757306300
7.7721185828 51.5380804839 37.8127197365
7.4777070317 51.3288029030 38.8707448419
8.0813124364 52.4628857493 5.9342515213
7.9820757408 52.5558591873 6.8446590242
7.9230599404 52.4644862673 7.9012732841
8.1529944491 52.4070381008 9.0799627750
8.2777690025 52.2619647719 10.0473766101
7.3786741372 52.6903524565 27.4472053587
7.1787531090 52.9183737657 28.1221607142
8.0177468499 52.8383439760 27.7079077384
6.7762138682 53.0257660618 28.9997375683
6.8508583346 53.1315766213 29.9314809907
6.8130558524 53.1475422337 30.5020168897
6.6937039330 53.1424414331 31.1737125516
6.8587815356 53.1871169889 31.3394695547
6.7888866533 52.9948647373 33.9412242164
7.3645167278 52.9085330175 34.4074284147
7.6282448309 52.6793885523 34.9147400491
9.0556707549 5.8496003006 18.9267701170
9.3082258888 5.7709638566 18.5387630195
9.3449518142 5.1673675297 18.8732075156
9.3027621408 5.1168265368 19.2204523189
9.1571736166 5.8176441043 19.3095211972
9.5189820313 5.2178312123 19.5435574506
8.9159881534 6.6507502541 18.5253067899
9.3445092054 6.5206080685 18.1428757030
8.9591494841 6.7533914475 19.0772894846
9.4821598162 6.2242739544 19.5473806869
8.8600678985 7.4056711876 18.0412391334
8.9546970388 7.9809450191 17.6316998486
9.4574479070 7.2689373058 17.7488314475
8.5577768000 7.7639696281 18.5185855203
8.9398155560 7.9245845703 19.0799997195
9.2890082133 7.1197048966 19.3942416912
8.4030736788 8.3855076933 17.8942171992
8.7455412919 8.8863689802 17.3359324033
8.7358895231 8.9322950023 19.0196649008
8.7382308467 9.8777260862 16.8321018154
8.9548817523 9.5542551957 19.0902530340
8.4991247277 10.6418633077 16.5533257529
8.8131598115 11.1073677070 16.2156481072
8.9876161839 10.3452164334 16.4490134378
7.8968693435 10.8235914483 19.2049288611
8.6904041103 10.5970952988 19.1137626353
8.8411868223 12.1549781751 15.7818466831
7.9524543076 11.3893375957 19.2623128149
8.5963526348 11.7264583654 18.9783031202
8.6761947253 13.3935577057 15.3963390641
9.2295216733 13.2707424832 14.7491055510
9.1519093700 12.6358148530 15.2548508534
8.7017498456 12.5340819878 18.5740629882
8.7039494472 14.4286278392 14.4847223209
8.9876331101 14.5380338457 13.5420745403
9.4756066957 13.8249698120 13.9571024471
8.5452580193 14.2810147419 15.3070501224
8.5255004766 14.1313739981 16.0944848007
8.6395583067 13.9142252477 17.0444209316
9.0515348786 13.6146761520 17.6265210489
8.8246070925 13.1007903462 18.1223783126
8.6690301738 15.6677700616 12.1287631590
8.8764999451 15.8401086552 11.4246295034
9.3324798569 15.3245327778 11.7813090137
9.1849345096 14.8797161544 12.7143852565
8.4116562174 15.4536424800 13.2979958113
8.2685955392 15.6777792668 14.3673342775
8.5530207172 15.1838131199 15.2600983000
9.0051020873 15.2754104970 15.9712422437
9.2260795389 14.6260910545 16.6372602114
9.2782425202 14.1072082135 17.2105813396
8.4211961594 16.5636655509 11.3396553982
8.9838990133 16.3817237666 10.7033008572
8.8579627796 16.1033723058 11.0642149841
8.1111995207 16.2505796857 12.3737466847
8.3787784258 16.4449711116 14.9678329997
8.8564676860 16.0266702381 15.5373746288
8.7795395192 17.0496418803 10.5469413969
9.2963299063 17.1866849556 10.1506259207
9.2314416553 16.6991276670 10.2893039348
8.4047472098 17.6010661289 15.0430299069
8.9820992566 16.9636378058 15.4589884551
8.8480426234 17.6839888511 10.3795679752
8.7310966134 18.5479090529 10.5220331438
8.4182777550 18.6882984617 15.0539319233
9.0670791092 18.0722085874 15.4111054892
8.9426505224 19.5539026716 10.4912701963
8.4211080996 19.7774141871 15.0507201444
9.0917288899 19.1906866058 15.3875318269
8.9842079664 20.6757053943 10.4256151613
8.4261347203 20.8716129015 15.0544273892
9.0997136816 20.2989653006 15.3859086473
8.5692747515 21.7414118283 10.3597392039
8.9038464154 22.1980518163 10.0395737307
9.3473881029 21.4752175582 10.1139070372
8.0609649492 22.1283743519 10.6587854512
8.4388856866 21.9762547411 15.0784769997
9.1234577746 21.4066522709 15.4123824361
8.2952312779 22.6603851451 10.3043247634
8.8916835539 22.9777931776 9.8835287938
8.4529494444 23.1017842690 15.1249489659
9.1635626411 22.5409351877 15.4926473464
8.2402192799 23.6150366301 10.1173561713
8.8139292481 24.1345307472 9.7204202218
8.4496417206 24.2306370826 15.1365588578
9.1970141634 23.7349553845 15.6457596726
9.0628331603 25.4226503903 9.3520422676
8.4649393252 25.2744071706 15.0637218332
9.0971765947 24.8628079246 15.5977543946
8.6976719732 26.3924737481 9.1026095519
8.9667291159 26.8686246024 8.8416810255
9.2084535635 26.2034509940 8.9987365089
8.6369372989 26.0313291011 15.0033615219
8.9793142885 25.6495699367 15.3474831093
8.3653383152 27.1436520652 9.0440380593
8.6990433723 27.5714838967 8.7555606596
9.2418535823 26.2700531795 15.1740633703
8.6957987247 26.7583463148 14.7286359366
8.1579207340 27.9969051388 8.9301078374
8.6325571212 28.4726872845 8.6069010186
8.2401218983 28.6687320661 14.0603154918
8.7530520799 27.8720288776 14.4385681397
8.7052941862 29.5529614076 8.3208486115
8.3395265800 29.6728465792 13.9964193131
8.9799247416 29.0526925818 14.3452235328
8.6043182631 29.8732041956 28.8760743614
8.7496567688 29.8900296886 28.1673855461
9.1888272414 29.7112838487 28.6466324345
9.0472106542 29.6945497964 29.4170421320
8.6510333192 29.8925432703 29.6130066944
8.9823049659 29.8078916649 29.9599665204
8.6652678200 30.5917892218 7.9677206519
8.3929332988 30.7816830859 13.9604119541
9.0624687107 30.1612513790 14.2933283935
8.1217854121 30.8866203614 26.6588495308
8.3152033060 31.2277979645 26.3526242250
8.6199829380 30.6961975979 26.7941396268
8.7714296729 30.1932358736 27.4860748876
8.6882091510 30.2436611070 30.3569601708
8.6683066231 30.7452442407 31.0921825974
8.4077345044 31.3536286107 7.7064627482
8.7653054111 31.7867756917 7.4428020850
8.9642815230 31.0746090124 7.6737689594
8.4639474785 31.9201531049 13.9573423144
9.1242459809 31.2898372849 14.2627601684
8.5065036388 31.8761324096 26.0245502567
8.3402985057 31.2612185853 31.4179521887
8.8633890813 31.8248066377 31.9898874242
8.9694604409 32.4758133933 7.1707274875
8.5433527978 32.8266319646 13.9842895401
9.2045498422 32.5162747234 14.2304630714
8.7293886658 32.6667149707 25.6941057956
8.6882247759 32.6318050965 32.4294814264
8.3073809472 33.3119793785 32.6017568967
8.9877010450 33.0692377770 32.7271936476
8.2548011818 34.1167902342 6.5704338374
8.8088580410 33.3377569272 6.8753433650
8.8810234605 33.3320696726 14.1269461256
8.3794614602 33.6292065473 13.8253068231
8.5872814547 34.4030714472 24.8693429455
8.9848418972 33.4649441179 25.3937734284
7.9920834439 34.0127640287 32.7631004037
8.8145647306 33.9107789858 32.9862357888
8.1996837139 35.0122248785 6.2986897077
9.1357027054 34.2459242592 6.5572939893
8.6344234926 34.3228781211 13.9094757124
8.7690764675 34.8308981806 13.8322737442
9.1269900545 34.4266766309 14.0729021633
9.0140438676 35.5449223088 19.4287885034
9.3292722897 35.4885732881 18.7822006015
9.4809727328 34.9369212806 19.1604759630
9.3212732765 35.1098463812 19.7800158252
8.9859211892 35.6292303101 20.1369902488
9.2922410584 35.2920295731 20.3014019513
8.4609972923 35.1671215592 24.4144011649
8.7269411818 35.5914709620 24.1600532111
8.8764079270 35.1036401726 24.4723012011
8.9334588579 34.7920989134 33.3990571618
8.5380006559 36.1532445603 5.9387712102
9.3346900862 35.0664763320 13.8870678785
8.7667118811 35.4653514282 13.5470176254
8.8167767387 36.2876111757 19.1371823540
9.3173914189 36.3170748320 18.4154074397
8.6554144933 36.3128358011 19.9702631805
9.2737930911 35.7211861682 20.7907810606
8.8248247849 36.2441741137 20.7443811506
9.1094506512 36.2364928751 21.3225352430
8.2298509628 35.8667390241 24.1947111829
8.8382985743 36.3723813469 23.6653751217
8.3796452765 35.4855053640 33.5671133356
8.8306402564 36.1273900481 33.8513150064
8.3557044746 37.0742988285 5.6195102819
8.6076732375 37.6299016190 5.3156587432
9.1567003245 36.8225480197 5.5680412442
8.4270367976 37.1046882727 12.9214602456
8.7538605283 36.4132580886 13.2002866289
8.7144164552 37.0112583571 18.9054559558
8.9919668650 37.2615470520 18.5355069229
8.3087870920 37.3467594365 19.7738861638
8.4295637331 37.0831331889 20.8909728034
8.8080439044 36.7075682258 21.4768193782
7.9935746941 36.9471421475 23.8571530721
8.4798373886 37.0614666590 23.1652460090
8.9863499526 36.9688863283 33.9775365245
8.7847362316 38.4422491236 4.9180163758
8.9565978010 37.1498972243 13.0076755443
8.6313935926 37.9720715431 12.7589383047
8.4236898189 37.9634808917 19.0218774726
9.0125063326 38.1230994220 18.4597654177
7.9880697356 37.9297503100 20.7826035137
8.5379125189 37.1980350781 21.7589618288
8.1026123546 37.8248382889 21.8435032771
8.5003291377 37.3024332164 22.4586069801
7.9845349648 37.7788942495 23.0334829273
7.5821612657 37.8734129494 23.8188142567
7.9986038880 38.6049370103 33.8864734539
8.7312560312 37.9244197640 34.0017892689
8.5126577556 39.2207045861 4.6116021114
8.6534471142 39.7877778573 4.3806790005
9.2304276447 39.0627297651 4.5548233279
9.0470316950 39.1255225067 12.8417569257
8.3601963827 39.0639040809 18.7692302915
9.0113376251 39.2859413357 18.2725158558
7.9537938100 39.3825819043 34.0179341832
8.7982512719 39.2168988959 34.1837121326
8.5600040888 39.9705276873 52.8220120492
8.9067486919 39.6903003416 52.1380616610
8.9452281662 39.3858970835 52.7148094157
9.0005189323 39.2695584627 53.2785644012
8.7198704774 39.8412403344 53.7562158850
9.1334885907 39.2147801127 53.9912440084
9.0103700794 39.7391643870 54.3243123587
9.4562911539 39.3107746095 54.4729850202
8.7385447085 40.5965171121 4.1939635749
8.4847530949 39.9255910076 13.0189104613
8.8362647006 40.6280631068 13.4565098567
8.2128758979 40.3988873933 18.4687393095
8.9716266247 40.3779990740 17.8837399098
9.1563125698 40.2404071557 34.6372630426
8.3228431748 40.6289374356 51.6873340590
8.8946942131 40.3672250122 50.9526516600
8.8659564927 40.0202739629 51.5439657403
8.1261619582 40.7366414112 52.6718785463
8.2821214877 40.7492206504 53.5966789260
8.7545695650 40.4985303940 54.3867657011
9.3665284015 40.1047309795 54.7501617063
8.7788233506 41.5718478768 4.0530547703
8.7797683297 41.2142279745 13.9075955973
8.4543363272 41.5096727589 14.0599996278
8.9444955057 41.6934034354 14.4797093804
8.4871871780 41.2676004436 17.7575838602
8.8420844935 41.6777922073 17.0990456009
8.9180782912 41.0217211084 17.5200396650
8.5442526502 40.6956174019 35.0451001346
8.4980085069 41.2057468307 36.0331996885
7.6515094603 41.3400586956 36.3045043219
8.8517630272 41.3942075066 37.2019665823
8.8579754361 41.3856647451 38.2711542568
8.7056345036 41.2931512834 39.3689837432
8.6950691696 41.2577031435 40.4479798915
8.6933039005 41.2464870151 41.5453664076
8.6989723805 41.2476716885 42.6348178885
8.7181484666 41.2833779892 43.6777324765
8.7085258728 41.3897049060 44.7758289570
8.0771107847 41.6510462976 45.2940382640
8.9491215304 41.4328661686 46.0609787568
8.2161574313 41.7056351073 46.3911328570
8.9937277087 41.4138173004 47.2104301561
8.2905813530 41.7074454535 47.4844594309
8.9724060100 41.3333436423 48.2804152858
8.3015549379 41.6586211847 48.5047885880
8.8484046831 41.2294580008 49.1018163353
8.3303876450 41.4702975302 49.4808658124
9.0215892341 40.8248210118 49.9974820861
8.3478833803 41.1104871272 50.4869688420
8.3947573003 41.6413974727 54.5996211081
9.1597759415 41.1176250247 55.0782804766
8.8335848348 42.5937137216 3.8942795506
8.5737649575 42.3033979030 15.0427116035
8.3208585711 43.0099772126 15.4988178983
8.8740683542 42.2953427201 15.8871926235
8.2529665207 42.4092282315 17.3520350608
8.5740414325 42.4320280242 16.7088653779
8.0946377753 42.6532770323 54.8678257973
8.8732387950 41.8638195141 55.3209001805
8.5806182953 42.4994416454 55.3995867850
9.1503087853 42.3123469064 55.7946001027
8.8467888799 43.6681702249 3.6406811931
8.3371823100 43.8929600951 15.5388482017
8.5930139505 42.6346449536 16.2009821564
8.3545346800 43.1883152727 16.4287623975
8.0453337667 43.5103371816 17.2244342805
7.8073418394 44.2638825879 51.6147341848
7.8235286036 44.1788378078 52.3957924437
8.2924947880 43.1534041803 55.4467507948
8.9134663602 43.2677562012 56.1836051198
8.4847233747 44.5627088743 3.4205979191
8.6723883492 45.1623180756 3.1260438368
9.2262227429 44.3454424748 3.3105620006
8.8541499799 44.4124367413 15.4289374377
8.3484820376 44.5268668469 14.6255712482
8.4593071041 44.2622904770 16.4890109160
9.2174541008 44.5808392109 16.0568885954
7.9476706907 44.8257779727 51.2542479074
8.2485451759 44.9431206923 52.0781968491
7.9685883128 44.6593283620 53.0428954932
8.5882754103 44.2845900306 56.5331515145
8.5012715114 45.0367626141 56.7294662653
8.8239739938 44.6740133717 57.1403963542
8.8369732171 46.0182770252 2.7099453886
8.9047582451 45.0967596685 13.8789075476
8.3690969091 45.5954843389 13.3463300034
8.9071487218 44.9131486092 16.7257733593
8.9945331350 45.5837554399 17.2724881634
8.2721211244 45.3324352881 51.1064665422
8.7116228570 45.4292464663 51.5624402505
9.0576084997 45.3496078203 52.2661247325
8.4894765659 45.2867801716 53.2440939325
9.2783107922 45.5011984322 53.2209414872
8.5380103214 45.5107982039 56.4980169456
8.8270364677 45.1060846052 57.3237484277
8.8300566160 45.4776788174 57.1139425341
9.0369029439 45.3221844201 57.5782459077
8.5761780755 46.8437475922 2.3923845988
8.8190988693 47.4181050173 2.1142935397
9.3212830036 46.6566083687 2.2796120360
8.6432546877 47.0003580443 12.0347484503
9.0411508755 46.5383733515 12.3788156877
8.7048673834 46.0186278136 12.8444401653
8.5875125283 46.3496102037 17.8040941821
8.8671938689 46.9890661559 18.1901217431
8.3339206415 47.0998872881 47.8700398153
8.6788159455 46.8388985659 48.3571986013
8.7611410299 46.3973943551 49.0763967987
8.5960618979 46.0121837036 49.8773378173
8.8364171426 45.7031626442 50.7567470761
8.8835555123 45.7122330811 54.1011054054
8.9797699779 45.8950081025 54.9189295630
8.8295799182 45.8822268578 55.5577302060
9.1440289797 45.7967650503 56.5616441829
9.2586805006 45.6397166333 57.4820652796
9.1990496010 48.2403148421 1.8786096754
9.4001871513 47.1700023391 12.0408255699
8.8754948826 47.7988816489 11.7776996163
9.0775651317 47.5834930280 18.5917130088
8.9752715276 47.1925748970 47.9272144337
8.4435184052 47.5618351471 47.2861906113
9.0903981136 49.0300905087 2.0973271870
8.1267890786 49.3427202400 11.1943589097
8.7222625045 48.7767397289 11.6907521446
8.7496439533 49.5379631680 11.8357391198
9.2281323206 49.2817603457 12.0568419396
8.7721982032 48.2675681412 19.1882381072
8.4382139250 48.9375690410 19.7414445855
8.8966813413 48.9063904344 19.6217884354
9.0725011869 48.4782903073 45.7256144886
8.5247981359 48.8201582438 45.1335528711
8.7968163934 48.0418536336 46.6046059636
8.5974288872 49.5181610668 2.4602756968
9.0057511689 50.1557469042 2.8430265984
8.1193261173 50.5220311507 11.0705545938
8.6139516406 50.2912114279 11.7633072937
9.2774855393 50.0621722515 12.2951136979
8.7174348315 49.2578127607 19.9583625294
9.0213531778 49.6183377483 20.4586867112
8.2496014097 49.8613608538 42.6657290498
8.9233078980 49.6846370989 42.5748361310
8.4690024208 50.0816389286 42.0687255722
8.8516373272 49.4121141017 43.4709224464
8.8352583318 49.1371907627 44.2435880251
8.5095812181 50.7322394458 3.3853734864
9.0600412103 51.2989404144 3.8846088596
8.1837439947 51.4377239277 10.9130285055
8.6007257622 51.2477534687 11.6455823148
9.1109402160 51.0111163563 12.2941603884
8.7956896979 50.1701276072 21.2559002292
8.5635213804 50.6564237809 22.2626494167
8.4417665171 51.1839767343 23.1691013786
8.9303153194 51.1373056139 22.8919628868
7.9689703519 51.1830609385 23.6542144790
7.8579079812 51.6624135809 37.0078355010
8.3466236445 50.6532612909 40.5599591295
8.2023569118 50.9257668895 39.7944171426
8.2907408870 50.3845350805 41.2817148051
8.6313619715 51.8015497849 4.4819830586
9.2727183904 52.2337642016 5.0996697289
8.3414860574 52.0403070193 10.7207816726
8.6734977446 51.9921758721 11.3834810451
9.2324301614 51.9962796404 12.1759287947
8.9123974873 51.4519833439 23.3531630501
8.6211940164 51.6019536625 23.9384646039
9.3327329175 51.6433012213 23.7017649776
8.5954082049 51.7269674266 24.7874858179
8.9420652881 51.8290955975 24.3550556495
8.6103809515 51.8577185978 25.8176492664
9.0614629851 52.0855836824 26.7666120632
8.6743995572 51.7766247951 36.2755679522
8.4314137038 52.2252705217 35.5831160313
8.3801893228 51.5563679528 37.1112023669
8.5953398518 51.3322338024 37.9304244119
8.3993788215 51.2066700478 38.7287374549
9.0211955186 52.5486459469 5.8577578936
8.8921260823 52.7201560335 6.7501695152
8.8484512689 52.7609051304 7.7644602687
8.8842592570 52.7292750102 8.8628178304
8.9446941841 52.6485608337 9.9523978700
8.9296796088 52.4578112905 10.9541454704
9.0796534008 52.3406387100 11.6323571823
9.1702345522 51.8376511119 24.1240695593
8.6007705945 52.5997097793 27.3986458437
8.8821021379 52.8049586370 27.7952326179
7.0160178265 53.1922858512 30.5068308313
6.9805629027 53.1984785510 30.9424897860
8.7982508632 52.5703925356 34.9816234355
8.3451156284 52.7680565314 34.7296645789
10.2049134576 2.7531868405 19.6161699963
10.2506795868 2.6956232308 19.4986944105
10.3399886699 2.3101397113 19.6173802048
10.3930151693 2.4743986510 19.6725921589
9.9856719835 3.5396343870 19.4860108966
10.1781666237 3.3735960799 19.2662576040
10.2575745487 3.2326353039 19.6649003376
9.7162555172 4.3464179222 19.1151549208
9.7850077503 4.9645088991 18.6847408719
10.2214335859 4.1222292314 18.9460379987
9.6312783738 4.4776392297 19.4384889548
10.0269166395 4.3293743800 19.6509486823
9.8827909523 5.7181091897 18.3093406460
10.0019034777 5.4253018870 19.7031357459
10.0329347022 6.5065908891 17.9629303418
10.0638275842 6.2145435452 19.6988304481
9.5797907386 8.0717398640 17.3778388694
10.2315020517 7.3023177895 17.6292849352
9.5189775235 7.6605372922 19.3893000611
9.8701218118 6.9814505521 19.5798125994
9.6695424869 9.0184579792 16.9301109375
10.0169721851 7.6633997836 19.4306503474
9.6426669360 8.5317000806 19.2018043886
9.4170211328 9.8111386928 16.5652888079
9.5833026236 10.3532927073 16.2641188688
10.1174887117 9.6025152574 16.5388053884
9.7222426481 9.7463440240 19.0753881784
9.7311772565 11.1889082995 15.8381167662
9.6703201714 10.8481007854 18.9442895949
9.5140137395 12.0062776172 15.4261101770
9.7483512535 12.4730834110 14.9986927294
10.2325855485 11.7268132986 15.3680555967
9.6352036383 11.8848275713 18.6842735465
9.9500155539 13.0243579115 14.4455011988
9.3772238706 12.6386399798 18.4048790921
9.9887851442 12.3516723461 18.3788116949
9.7631819825 13.0293127693 18.0004134921
9.4563054192 14.2929286228 13.2728233737
9.8089639166 14.4202694284 12.8455649354
10.0577262276 13.9874323935 13.3497388270
10.2889137879 13.4383829853 13.9025694790
9.8129881313 13.7473021791 17.4978653967
9.3584406905 15.8050875451 11.0117712382
9.9930181447 15.8165450382 10.7051144134
10.1888025425 15.3109211758 11.3688060418
9.9615345725 14.7968332292 12.2231663942
9.5733916430 15.3584146053 16.2957666879
9.9994797296 14.9467807174 16.6103038164
9.8678650295 14.3394671779 17.0448750365
9.5527164473 16.2320060022 10.4339609159
9.7379705454 16.6842244929 10.1122437388
10.1837004491 16.2183132717 10.3142759544
10.1944521389 15.6096564851 16.2269071290
9.5596637501 16.1616765019 15.8834728238
9.8932194835 17.1784820810 10.0213277369
9.8059343637 17.3157372958 15.6453896735
9.4334683292 17.7874245963 10.1637924754
9.7935343587 18.4638190613 10.2974456130
9.8704808934 18.4910799143 15.5349091074
9.8793215864 19.5989887208 10.3723308849
9.8626619291 19.6364872854 15.5052937653
10.0310694063 20.6091509006 10.2709352054
9.8834976829 20.7488318469 15.5161277314
9.5508774580 22.2452618668 9.8701135545
10.1966749371 21.5023918908 10.0573868503
9.9575137997 21.8744976876 15.5775189285
9.6601866034 23.1617865614 9.6951225696
10.0428232237 23.0737517968 15.7583948493
9.8127447282 24.1909537047 9.5233136733
9.8371232288 23.8550388243 15.9761355956
9.5998964257 24.4076807317 15.9743588683
10.0302947471 24.2570242912 16.1093080311
10.0418422796 25.0004093973 9.3557693005
9.6142295820 24.9595980048 15.9322138148
9.9554189846 24.7258384286 16.0843375071
9.5439605996 26.6214361728 8.8465242492
9.9428855480 25.9016182860 9.1142387391
9.8641044866 25.1043814547 15.9714806122
9.6598675705 25.5214618105 15.6395733175
9.4531930768 27.5079625999 8.6570555303
10.2317729440 26.8149593998 8.8780503341
9.9422101737 26.2163166827 15.2452590313
9.6928012490 27.0802158478 14.8257809869
9.5923112731 28.6208022824 8.4041905428
9.7728183112 28.3188203156 14.5255211223
9.7195977571 29.7147448900 8.0957992322
9.8143621315 29.4768853763 14.4260747897
9.1372311930 29.8487259385 27.9402205637
9.3408425199 30.0948242698 27.6020572764
9.5478904515 29.9199737295 28.1729633134
9.6650698245 29.8240249104 28.8351495326
9.5227852816 29.7364449556 29.3910360872
9.3640767864 29.7843720221 29.9650067572
9.1660188871 29.9124382247 30.2572085283
9.5550703879 30.2025691780 30.5314287518
9.4354353190 30.5595169090 7.7980703722
9.6032881862 31.1255901681 7.5764440701
10.2052054534 30.4137032573 7.8291288776
9.8474532272 30.5863783476 14.3831677657
8.9917071657 31.1982218890 26.4932731955
9.2529082967 30.5687024928 27.0981246268
9.3113015246 30.6316772324 31.1307952409
8.9943191681 31.0611890357 31.5289912616
9.6254747233 31.2028489765 31.6909272810
9.6840709498 31.8673091819 7.3356592927
9.9212061907 31.6867087095 14.3414496100
9.2518340610 31.9861359675 26.2347405514
9.8551466143 31.8689886385 32.1509179366
9.7557650298 32.6611677374 7.1068448903
10.1543643932 32.7845723670 14.2656760191
9.4308381417 32.8726162771 25.9630089226
9.4006310768 32.4790624644 32.4973061254
9.6425588001 33.2567592341 32.8226642521
9.9119060094 33.5039524175 6.8737755332
8.8848796838 33.9091243502 14.0897348829
9.4728753301 33.6441646262 14.2151924984
9.8844192625 34.5690117321 19.0399581431
9.8023380616 34.8428894003 18.7214979659
10.1238833981 34.4990689566 18.8330722963
10.2392179754 34.4990747269 19.1743844981
9.2967005457 34.1099973926 25.2690421898
9.5436952298 33.6077074890 25.7071400369
9.8802691432 34.3808018672 33.1674065070
9.3947208444 35.1477188275 6.2457867159
10.1574947915 34.3649871393 6.6031736771
9.7597124528 34.4747706245 14.1026959280
9.8839219144 35.5266779109 18.3605607905
9.8798259160 34.7567809829 19.5934538577
9.6672179997 35.1094370638 20.2403355986
9.5082110270 35.3530578973 20.5756502480
9.9333384106 35.6542448286 20.8971803321
9.1906779877 35.6902836992 24.2844072086
9.3703827195 34.9631933262 24.9366267849
9.5171152586 35.0309185226 33.5722725008
9.0559878249 35.3741893978 33.6994196046
9.5570920834 35.6524011698 33.7595743333
9.7596785620 35.9805842032 5.9129617119
9.9634505805 35.0312324163 13.8858498765
9.7248293928 35.8114756099 13.5005514977
9.7238236349 36.0032197154 18.0551898719
9.8171158963 36.1066258720 17.9363576854
9.9346666268 35.9662001208 18.0504744582
9.5508294757 36.1417927017 21.5400866534
9.2035758467 36.5648034133 22.0743568978
9.6975529160 36.5536167647 22.2679100508
9.5522009239 36.4548626032 23.9981482958
9.6922688271 35.9318414832 24.7427729449
9.5882403865 36.4722928172 33.8839504528
9.5071386885 37.5290568360 5.2178795472
10.1398747686 36.7232797961 5.5810666005
9.4399484834 36.7079441084 13.1644189413
10.1956381379 36.6037216853 13.0916147780
9.6192646803 37.3598344293 12.9140411478
9.6820207115 36.3080786538 18.0354537788
9.6627415120 36.9758262947 18.2431447486
8.8110547111 36.9361140841 22.1086075926
9.4697480098 36.6862471281 23.0393885907
8.9107790519 36.8261619372 22.7550973926
9.8855611959 37.0343447452 23.7110206207
9.8380384189 36.8574544924 24.1262849595
9.9094236826 36.7201927561 24.5658981227
9.6084514808 37.4247744222 33.9535411341
9.8519432990 38.2805210267 4.8765247517
9.8321525800 38.2736083623 12.7325922384
9.7320328512 38.2524883817 18.2646651625
10.0344676726 37.1984647791 24.2794802560
9.6751513127 38.5080313565 34.0293119945
9.5142430397 38.9856223382 52.6999919347
10.0994075389 38.9497288599 52.1354551051
10.4087688733 38.5550760824 52.7933706714
10.0749859409 38.4980788069 53.4678139641
9.4791216060 38.7862897549 53.6420509478
9.8802447397 38.5759693038 54.0121328444
9.5391339232 38.8472183141 54.1771133182
9.9828932912 38.8507243491 54.4020466416
9.4881768572 39.8133588692 4.2944302350
10.1642616423 39.0550217961 4.5672456597
10.1089725342 39.3732195068 12.7807925222
9.8486735166 39.5700037884 18.0208028473
9.9981163380 39.6955508139 34.2359180359
9.4959623506 39.5990286356 51.5568513656
10.0777102228 39.8181535679 51.0471729431
10.3319405865 39.2807944189 51.6163904238
10.0508995150 39.5347473667 54.7358872224
9.6287507207 40.7043129891 4.1063660281
9.3330872589 39.9771018030 13.1239256700
9.4615415179 40.5038748367 13.4089408308
9.4492836013 40.8031734137 17.3980835652
10.1021803330 41.0876716581 17.2217323398
10.0629644756 40.3960419499 17.6473491814
10.0812386961 40.6687968381 34.7254514942
9.5087312203 40.2012498201 50.6648698976
9.6622146338 40.5358807810 50.1240415802
9.9868541471 40.2400751991 50.5415233774
10.1079027105 40.6588709216 55.1459837204
9.7443529438 41.6721884752 3.9751318165
9.6081149958 41.1244922980 13.8134668696
9.7150989861 41.8368825497 14.6737985844
9.4340482503 41.6643934750 16.5490092137
9.8061755763 41.8267205061 16.2324987086
10.0521623069 41.6561321437 16.6464829583
9.4162771255 40.9900917295 35.2897969281
9.4821757992 41.3850019202 35.9603605023
9.9513093983 41.4087585978 35.6058426328
9.4558787195 41.5523955127 36.7417302955
9.5360835682 41.6207342395 37.7701447227
9.6249309452 41.6068268424 38.6212506011
9.5140829398 41.5209876237 39.3412815204
9.5406464654 41.4768973169 40.3528721080
9.6924376438 41.4546418273 41.5664093170
9.5922813086 41.3462104662 42.6445127552
9.5416985110 41.3076931772 43.6684239667
9.4478208421 41.3134430248 44.5379413234
9.8692547640 41.4287906100 45.7776236577
9.7654417103 41.3750275397 47.0403305732
9.7281228269 41.2606493454 48.1707765926
9.6734953965 40.9654085321 49.3789245997
9.6555466315 41.4232788156 55.5076646312
9.2649703449 41.7261639946 55.5442743529
9.6070766759 41.9426124155 55.8143028721
9.8200634179 42.7003936847 3.7964091654
9.4762884306 42.0157587025 15.5536966493
8.8617326226 42.1494214174 16.4822343875
10.1026676771 41.7049288194 36.2118338971
10.3357571686 42.0214270652 37.2942992002
10.1605087836 41.9218473790 38.4570344645
9.7788595689 42.5673960550 56.2783129142
9.8400081727 43.5910466546 3.5216167634
9.7319050607 43.3252018174 56.9390546323
9.2247102694 44.0403232278 57.1594310581
9.8243514552 43.7682485374 57.4966358371
9.6257904055 44.2108330762 57.7747232727
10.1375461544 43.9145281125 57.8484878400
9.6616983923 44.9808855837 2.9934870544
9.9603812348 44.1764576802 3.2752253711
9.5453642746 44.3797277115 15.2649145113
9.2243589000 44.6183524632 14.6145117751
9.7950981118 44.3933023445 15.8622281400
9.1641494361 44.7789541807 57.6252470501
9.9237784829 44.1958649978 58.0069323852
9.4895577314 44.6319333021 57.9197041142
9.8873614904 45.8268810102 2.6013434383
9.0861808209 45.5979078874 13.2582556952
9.7428081483 45.1622379554 13.3927678770
9.6771552751 45.8817040227 12.7507443940
9.6573436395 44.7572208109 13.9958524266
9.7657230741 44.8651534160 16.6919377848
9.7859644932 45.5568408077 17.3126902137
9.1625785972 45.5209594648 51.4594628740
9.6070773079 45.3060738882 51.6863085354
9.5783698957 45.5090945003 50.8955248313
9.9527000446 45.0756458405 52.5281724558
9.8371911324 45.4506776378 53.4207945111
9.8103275229 45.7804957412 56.8536169946
10.2777448972 45.5336956157 56.5087883290
9.7387467750 45.7954650629 56.2813586677
10.1738660633 45.6524145107 57.1822416719
9.2946030914 45.2739128470 57.7971515676
9.7570617042 47.3940860061 1.8768989801
10.2694744605 46.5478556189 2.2521403301
9.8726195694 46.5938669584 12.2409010642
9.5901966499 46.2302888661 17.8164327467
9.5774632944 47.0519142335 18.3483847754
9.4475587596 46.3251768309 49.1832167985
9.4025099772 46.7194362389 48.5345244707
9.3773729762 45.9684660207 49.9019415142
9.5044377734 45.6907648433 53.8507485930
9.4888727467 45.8091053273 54.5589808294
9.4619729339 45.8634879793 55.5275093097
9.7946018226 45.7596661923 57.4152446686
9.6445668248 45.6572203875 57.7512487963
9.8433322273 47.9598646345 1.5832225337
10.1888057046 48.1008446613 1.4563685641
10.3045790998 47.7610086886 1.5705150861
10.1132506574 47.0912086704 11.9666518785
10.0455812348 47.7967243300 11.8466257296
9.5820455284 47.5474760461 18.6726312288
9.3232527721 47.8535502723 18.8437924196
9.8179544155 47.8848613497 19.1240568845
9.5044340799 47.1144736633 47.9647870042
9.3883271921 47.5120190430 47.3304211518
9.8954157751 48.3228264969 1.5863899200
9.9225017176 48.8593503494 1.8972235206
9.5666429548 48.6391974199 11.9534213923
9.9912434293 49.4961056463 12.3178495857
9.1609492705 49.1643674607 19.8915823754
9.4403682989 48.6693681395 19.5701765766
9.6995619173 49.0965095126 20.0811209207
9.1159971376 48.8316366170 44.9610827593
9.5623674166 48.5815985534 45.1562536301
9.5781337308 48.8115408034 44.4277238975
9.7510419724 48.2752680570 45.6619442186
9.5819208742 47.9907508555 46.4069974825
9.5137761086 49.5714010652 2.3528252875
10.0167394644 50.1563894806 2.8057811502
9.8791306570 50.1740515434 12.6627106927
9.6703041373 50.7863030799 12.7348068655
10.1472208257 50.5981429984 12.8917111654
9.8660271801 49.4734604888 20.6721229197
8.9739424586 50.3970510330 40.5223768640
9.6624314542 49.9638009497 40.3646028418
9.5085172991 50.3252824884 39.7775363431
8.8663404943 50.0985938433 41.5768277691
9.5152660775 49.7239921413 41.3593515109
9.6856016251 49.3060589411 42.3246140812
9.4823056149 49.1540597513 43.3807491726
9.5364852361 50.7433389519 3.3274214892
10.0892775917 51.2599547056 3.8821292322
9.6187680051 51.5923909936 12.7702609687
10.2470205161 51.3637795576 13.0218311013
9.4491556186 49.9292417621 21.0596496352
9.3999575868 50.2894545300 21.7614427918
9.2969795629 51.3119835013 23.1809156952
9.4641114432 50.7728498512 22.6578222084
9.8268386807 51.2175822379 23.4536528055
9.3595536846 51.6856327975 26.1769088576
9.8230633447 51.3403170423 25.9546465649
9.4356040055 51.5507951806 25.6241461544
9.7658356017 51.5774448183 26.6544813921
9.2508747186 51.3755985623 36.5931584043
9.8760903940 51.1179958390 36.1358575419
9.4327285019 51.7423414802 35.6691543762
9.1815036790 51.1462957621 37.4982648235
9.8301047614 50.8259496238 36.9649699842
9.1364198052 50.9728031662 38.4258573119
9.7665503620 50.6050070709 37.9766754509
9.0245654891 50.7673282651 39.3840162709
9.6571368220 50.4445948660 38.9691184046
9.6474483343 51.7913538768 4.4573689728
10.2733993470 52.1861167619 5.0817000055
9.7368832974 52.1871431169 12.8264815415
10.0375034662 52.0134462630 13.0776569686
9.8879807859 51.6238979057 23.8911644582
9.2324994808 51.6526890012 25.1564475612
9.3746719377 51.7503522653 24.5400479736
9.6430454050 51.9963463149 27.1916951068
9.2602759563 52.2749950688 35.1656703831
10.0063355358 52.5257405686 5.7858949924
9.8643734726 52.7267960161 6.6397067333
9.8080196288 52.8148478732 7.6210703996
9.8014181677 52.8318319551 8.6892382420
9.8153490413 52.8102685024 9.8016113063
9.8101262436 52.7377490893 10.9035192536
9.6855829803 52.5812647026 11.8238801035
9.8076702391 52.4862374936 12.5207757926
10.3427100401 52.7261029467 12.2549194201
10.2517670820 52.4828793668 13.1503372480
9.5666206787 51.8037301457 24.0992177642
9.3276103530 52.3583673697 27.3911188131
9.4094437468 52.7862303594 28.0712960724
9.4454078303 52.6064666356 27.8983663408
9.8480777311 52.6304901970 28.4207181942
9.4193244799 52.4536536968 34.8855453535
9.4270604416 52.5567554944 34.6510129865
10.4797977528 2.0960229391 19.6446387791
10.4650524954 2.1829452989 19.5670394934
10.5643738246 2.0234873218 19.6183544892
10.5710509681 2.2629136338 19.6322440891
10.4651237306 2.6406313930 19.4295281676
10.5465098477 2.9270301389 19.6206787957
10.5165298446 3.3509025776 19.2335382889
10.5130992579 3.8371052368 19.6202416022
10.4728098809 4.9725213539 18.6198230488
10.6350790848 4.1028843690 19.0058464222
10.5230267933 4.8262948420 19.6285429605
10.4966137009 5.8511708331 18.2293468250
10.5532182522 5.7803652144 19.6270823755
10.8469237503 6.6015630815 18.0036305808
10.4819774463 6.6003460321 19.5984738297
10.5163610188 8.1580315583 17.2757220141
10.8963717131 7.4142259585 17.6568873429
10.3928602648 7.2325665447 19.5026899095
10.8281412763 7.0198506525 19.3828859977
10.6397756509 7.8229951733 19.2217741449
10.5349805201 8.9507509425 16.8737846739
10.6015547721 8.9306508091 18.9990152292
10.4197643099 10.2482823017 16.2076153499
10.9004625343 9.4837387117 16.6379076651
10.5982870689 10.0007718136 18.8480413535
10.7296441695 10.9427165315 15.8416171204
10.5960392114 11.0206760430 18.6464885952
10.5810027616 12.3629216882 14.8355513781
11.0449825935 11.6083326907 15.4280502252
10.4035126926 11.8042447816 18.4760012750
10.9342492678 11.4702531588 18.3374805411
10.6811085166 12.2403209994 18.0627227389
10.5557143749 12.9380091148 14.3029939610
10.8681977770 13.2197261975 14.0094205585
11.0945162587 12.7747289530 14.4518129941
10.6213666389 13.1904194235 17.5391363550
10.5262827602 14.3556454398 12.7625553191
10.9223599137 13.7911877188 13.4825891524
10.3703173274 13.9182470204 17.2450232807
10.8865528519 13.7372205695 17.0810678033
10.6151944708 14.4281377870 16.7888249011
10.7419457607 15.8230843217 10.7789767323
11.1395456838 15.2656110531 11.4139956000
10.8377617396 14.8212529292 12.0465251215
10.5721566631 15.1011361539 16.4375111430
10.3128523767 16.6969528849 10.0855440252
10.7041835881 16.3632620675 10.3401391205
10.8214070052 15.5284963102 16.1064381519
10.5982800512 16.3885237209 15.7982301503
10.3965592411 17.1422573276 10.0722592108
10.0763593806 17.6143554247 10.1043759913
10.6990044266 17.5354524344 10.3287280049
10.7682585555 17.6842721091 15.4767689689
10.7312296622 18.6252615813 10.4829003320
10.6500192766 18.9474126063 15.4109808948
10.8166014303 19.7055944728 10.5014626147
10.6329255350 20.0692893515 15.3992645083
10.9999749585 20.8088045826 10.4286554676
10.6978219998 21.1625142103 15.4273203590
10.3403167476 22.3601428590 9.8702573852
10.8737619932 21.7326999571 10.1590637384
10.9001919384 22.3132179140 15.4780620915
10.5239823113 23.2923243607 9.7475631089
10.8988762220 23.4056270061 15.6618553333
10.7641497144 24.3433743196 9.6378665415
10.3642572557 23.8759488880 15.9785845615
10.3745149004 24.4844588487 16.0591863681
10.6321735136 25.2895867619 9.3925859072
10.2527794543 25.0550433157 15.9105052450
10.6092960484 24.7198441791 15.9371521284
10.7769078159 25.0147753623 15.6735702012
10.9413469130 26.1704757936 9.2973969761
10.4073281482 25.6371475003 15.4849519086
10.9844099768 25.4702933353 15.2514196255
10.7087581042 26.3124697865 14.9256448902
10.4903427289 27.8253192095 8.6603252782
10.9422420500 27.0674607743 8.9963794211
10.7555473467 27.5316913192 14.4748224958
10.4291806202 28.8313601730 8.3772812438
10.6176350826 28.7843547895 14.3422242615
10.8683764181 29.6443317906 8.2433282267
10.5865295382 29.9010119143 14.2875230434
9.7761720984 30.5241715223 27.7716436003
9.9413019593 30.2565445769 28.6719762712
9.9395501805 30.1115473767 29.4654247869
9.7648320655 29.9964154126 29.9907383278
10.5066576767 31.2150494501 7.5992292200
10.9286919964 30.4790629239 7.9301772754
10.5887197928 30.9670657326 14.2550235818
9.6832592251 31.3368394445 27.0212907919
10.0694324179 31.2768279371 27.8332096346
10.1716606494 31.0026845674 28.5739198416
10.2440384019 30.8183146792 29.4728469886
10.2029962142 30.6683464945 30.4184610141
10.0675577352 30.8371688251 31.1997546564
10.4300466148 30.9849442729 31.0581357583
10.2818401998 31.4716460880 31.7582439607
10.3981618210 32.0500872441 7.3401601539
10.6402173882 31.9321642748 14.2146706397
9.8323235528 32.3998152426 26.7229004565
10.1226228302 32.0761385321 27.6097164694
10.3017921640 31.9003521695 28.5125150945
10.4174342472 31.7333850680 29.4155767619
10.5158824585 31.5622031702 30.2949102481
10.5900226088 31.4282157739 31.0174650959
10.4112489314 32.0793197156 32.1095676625
10.6364470618 32.7614901218 7.2195157975
10.7857238945 32.6074863583 14.1306661516
11.1248202223 32.1675146084 13.9625286885
11.2255989004 32.9429145573 13.7991952515
9.9420951598 33.4951071455 26.4725348906
10.1890552382 33.0948775473 27.4622617745
10.3519469539 32.8904256008 28.4257867226
10.4889780331 32.7459812849 29.3669860165
10.6331245156 32.5669894792 30.2489339587
10.7433502661 32.3240616633 31.0246796237
10.1305555066 32.5903811911 32.4783612420
10.3782512330 33.4695087131 32.6848638664
10.8428559642 33.6453924033 7.0202775290
10.7054841991 33.1774179590 14.1124842946
10.3221277635 33.8203441983 14.1380320750
10.2402123259 34.8023663293 18.6481067329
10.4020596827 34.5298842595 18.9096440820
10.5597891029 34.6728906342 19.2213698656
9.8211299061 34.4133548971 25.7992433659
10.1497380265 34.4162944476 26.6518781058
10.2657790799 34.1156824622 27.4039231318
10.3894780424 33.9232856091 28.3474461442
10.5214976284 33.7928270553 29.3001304681
10.6841340751 33.6233041590 30.1970165773
10.8407322575 33.3698560761 31.0001434937
10.6664223514 34.3801987648 32.7565256032
10.4378091240 35.1901336254 6.3141168167
11.0489449274 34.4929084589 6.7704968108
10.3162736416 34.5525251623 13.9936958177
10.7621144200 34.2344062662 13.8781084736
10.6420731663 34.9848051559 13.6269491592
10.4074000956 35.3119843922 18.5853181105
10.4382108294 34.8091210337 19.6517068893
10.2111080892 35.0958907876 20.2127413665
10.4977736220 35.5870150771 20.5879350986
9.9353565133 35.4921538217 25.5421175337
10.1839573015 35.2341899688 26.4287032417
10.3407778340 35.0808946903 27.3373804809
10.4356919597 34.9131576368 28.2489252416
10.5541341447 34.8136479766 29.1737198895
10.7262382665 34.6826260234 30.0862087466
10.9079039192 34.4161044032 30.9126120679
10.0146943623 35.2345057825 33.5078984719
10.7215786242 35.4423579187 33.0965630458
10.7439300472 35.9809135900 6.0232015328
10.7275898974 35.8435690553 13.2329203297
9.8928637035 36.2710590592 18.0307383651
10.2541487520 36.1603611839 18.3798021937
10.0866095721 36.4545225313 21.8161868973
10.5710309899 36.4060798813 21.1687835212
10.0879605952 36.4733013867 25.3382624316
10.2654156049 36.1924888294 26.2242152183
10.4138672902 36.0354846295 27.1534591208
10.5225760444 35.8905712277 28.1290598008
10.5894791753 35.6312137064 28.9365495541
10.7906054136 35.7747732278 29.8330991039
10.9950873457 35.4364872310 30.7569467759
10.1866853928 35.9634001684 33.6248804510
10.7339211727 36.3886351897 33.4143711862
10.4905716105 37.4852232249 5.2777972359
11.0343629347 36.7522202460 5.7426402349
10.9259748864 36.4475047024 12.9048355240
10.6628782163 37.3217931826 12.6884958832
10.3191133249 37.3128945379 18.4667115413
10.5242226032 37.1624151339 22.0813437646
10.8091709995 37.3143469905 21.5684607980
10.0982328928 37.1014237399 22.8373600722
10.2558155922 37.4223507972 24.9863001857
10.4020510012 37.1701631195 26.0227508669
10.4887661777 36.8466371337 26.8570950967
10.6748683203 36.9807528666 27.8426812433
10.7765760721 36.5819860222 29.0336424207
10.9840259015 36.6563328264 29.9097959886
11.0793348211 36.2811679319 30.5093365787
10.2643794151 36.8699332591 33.7291170901
10.9237476977 37.2638030696 33.4259797986
10.8931224199 38.3637701754 5.0174510519
10.8784438352 38.4549562012 12.4242639636
10.3879601708 38.3705114171 18.4574693134
10.9452239584 38.8858595006 19.9704538920
10.9556401463 38.4296031652 19.6110912519
10.9102241388 39.0810278414 19.4010647321
10.9970031530 38.3677192208 20.0910927025
10.7862212698 37.8132932328 22.1401224039
10.8571910108 38.4033668292 22.4310141685
10.6011268842 38.0304898965 22.8878611616
10.3344726431 37.8917712062 24.0193650054
10.4625366967 38.1799348036 24.8982420929
10.6148298359 38.2486216264 25.7102864382
10.7219593936 37.8111690865 26.9091155240
10.9356108618 37.9254378742 27.8571639444
10.9972682595 37.5834768957 28.7063575502
11.0643607107 37.2364612397 29.5360707284
10.3685138919 37.8672427126 33.7751010287
11.0876748189 38.2893001423 33.4605616227
10.8354556960 38.8341946400 52.2347483668
11.1251248128 38.4486452287 52.8929737581
10.7964917965 38.3639571836 53.4568382854
10.4320215018 38.5027082006 54.0326275102
10.6503485089 38.9356296055 54.4521501711
10.4839915772 39.9313718749 4.3477092424
10.9161397187 39.1797258110 4.6728278197
10.9058220168 39.3964034989 12.4494081683
10.5221790966 39.1768687832 18.4313683385
10.9216407592 39.5433912305 19.8754078123
10.9370529830 39.9104266985 19.3345821033
10.9842648132 38.7947014936 20.4356295785
10.9522106169 39.3647166822 20.4267851995
11.0096895330 39.1386927251 20.8578972524
10.8187167124 38.8510839871 22.9384982409
10.8993312065 39.6859820226 23.1503298800
10.6988197394 38.9726327468 23.6644789652
10.7051639331 39.0779356625 24.7984832624
10.8759546175 39.1321645959 25.6992138753
10.9739991946 38.8379515368 26.5050125562
11.0660750129 38.5476281083 27.3740438494
10.5526415170 38.9100369067 33.8460309414
11.3148746246 39.3560894098 33.5292860012
10.6073298838 39.6459805059 51.3171219133
10.8878665093 39.3121464017 51.7393626600
10.8671178359 39.7337408759 54.7167451039
10.4349797464 40.8788891697 4.1471198190
10.0047937878 40.3359477948 13.1718632202
10.6426417561 40.0449640996 12.7534205945
10.3502622136 40.6033282986 17.6505482388
10.4944104257 40.1111768823 18.1117048750
10.9606176375 40.1452678968 19.8438886191
11.0251447957 40.5874259685 19.5595493850
10.9694139877 40.0300698041 20.3605515523
11.0202614064 39.8476968669 20.9659221812
10.8748602066 40.1939978618 24.0364657017
10.9672237480 40.7626463317 23.1816764331
10.9451006553 40.1169514282 24.8569689509
10.9673911259 39.7164899895 25.3664948143
10.8216695079 39.7326405352 33.9438581076
10.8856000133 40.5164668048 34.2649532273
10.1011527938 40.5528503506 50.1914005343
10.5427969612 40.2436457423 50.8623194047
10.9118436120 40.5920845771 54.9536280229
10.8745367103 41.7590426931 4.1314738490
10.7311977027 41.0413027451 13.1139741588
10.2932537672 41.9022429069 14.1370619267
10.8755392771 42.1518638795 13.5105912417
10.2266204344 42.1268206414 16.2450071253
10.6210460190 41.8013223102 17.1056097111
10.6493671859 41.0022777080 17.7722583999
11.0541499630 40.6962465371 20.2163463283
11.0599761885 40.5238247193 20.8314137300
10.9726723653 41.5737067587 23.7790626651
10.9858469792 41.6357679288 23.0579609101
11.0781308272 41.0255512737 24.6506801031
10.1732774264 41.2140418825 35.1732684305
10.7844019819 41.2404030862 34.8706648848
10.0502973614 41.8004577122 39.2162163893
10.2380903799 41.8921694434 40.1536503923
10.2663954079 41.8166089084 41.1765542380
10.4318322467 41.8389054730 42.0175623366
10.3399709236 41.7045095213 42.7370861637
10.2875189963 41.6037857197 43.7229452216
10.2291905301 41.5277749924 44.8035936802
10.5080520746 41.6324752919 45.6911965425
10.7519159170 41.8932884704 45.4704590936
10.5788531527 41.7001904118 46.3145426187
10.4600434914 41.6320030923 47.0401994799
10.3928362737 41.4974077813 48.0709856718
10.3925838370 41.3138263284 49.1605574021
10.5180772982 40.9239967362 50.1903574760
10.2162800636 41.7577767097 55.7593880764
10.7393516049 41.2438094158 55.3065795618
10.7418307116 43.0415034520 3.7828109337
10.5052949659 42.8360975420 14.3173251077
10.9060557253 43.0401798443 13.5789028476
10.1968099789 42.5723394940 15.3133250757
10.5412512409 42.7559933780 16.2271035059
10.7351534899 42.4789552492 16.7162612082
10.9724981275 42.4253066098 23.1612684641
11.0367899800 42.0875168805 22.6055775766
11.0512844079 42.9188282649 22.4683706258
11.0142389787 42.7124162938 23.7733559135
11.1709707534 42.1430266820 24.4556085946
10.5521019737 41.6327688641 35.5332397933
10.8690090525 42.1153633940 36.2405810619
10.9688097988 42.4004410719 36.9912271279
11.3185580811 42.5209987821 36.5536459742
10.9445773670 42.4658060814 37.6131923392
10.7761902433 42.3684264626 38.3481148473
10.6541466298 42.2680568965 39.4317828214
10.7788936168 42.3769914028 40.3799329410
11.0373127961 42.7219470768 40.9217741564
10.7110992263 42.2730192767 41.0235603232
10.7659069994 42.2621991329 41.8156402101
10.8341606556 41.9496136715 46.0924008959
10.9084132960 43.0047142030 50.8029472577
10.9975163756 42.5071415248 50.3134949771
10.9841506561 42.9633148151 50.1754955545
10.8957597024 43.1000208565 51.5212261877
11.0072769696 42.4668092929 51.0348962422
11.0695487150 42.6708120213 51.7642111727
11.0259553856 42.0939003731 55.6870510319
10.5275231921 42.5488258667 56.3639377521
10.2399987911 42.9709543114 56.8299141972
10.6508349600 43.1135290106 56.9251504145
10.4425852231 43.7417610932 3.4421347213
10.6046153379 44.3652468862 3.2296125997
10.9592207608 43.7189250657 3.5485977139
10.4687913568 43.6858469507 14.1127896367
10.8163600265 43.7379435131 13.4860310169
10.1649485621 43.7463113362 15.2000686223
10.4907298194 43.4514036156 16.1064278678
10.8845371293 43.1627092511 16.7612820301
11.0085748170 43.5290218976 23.1792930022
11.0712496319 43.9990396740 22.3529089763
11.0872089362 43.4854906269 23.8236283831
11.1836900873 43.0148985593 24.2485017576
11.4549382457 42.7635413521 37.3070784978
11.0296481514 42.7081104789 41.5063601990
11.0300760067 44.2858218420 43.8652818046
11.1003131644 43.8142877115 43.5015690045
11.1321452805 44.3845767260 43.2019403447
11.0734930220 43.8296210305 44.0378051505
10.8770137518 43.4418077767 50.5327674735
10.7435935098 44.0987394585 50.4985901990
10.7001034221 43.7827418222 51.2515163552
10.9958290509 43.1444157716 52.1278887789
10.7860837542 43.7100285746 52.0949819201
11.0122458930 43.5371944068 52.6605032707
10.3292623243 43.4974205177 57.3794290177
10.5545918166 43.8877788462 57.7735078948
10.4655437332 45.1430176879 2.9058080514
10.3464157438 44.4184552499 13.6215144885
10.9527293343 44.1453173357 13.0860432411
10.6357747396 45.0137660360 12.8227153369
9.9277894084 44.2981347050 14.4656482405
10.2162354037 44.1676871396 16.1592266402
10.7312960968 44.1607483149 16.9804832648
11.0489973383 44.7218065222 23.0071812712
11.0805379014 45.1189845070 22.2743056842
11.1517209783 44.3129887942 23.6944108192
11.0194971631 44.7905020954 43.6760402111
11.1285116918 45.1740197403 43.1641863642
11.0461601644 44.2679050432 44.3662311675
11.0081937541 44.8509912443 44.2564423292
11.0814518548 44.6250200449 44.7745791118
10.2391818642 44.8194800044 51.1917818145
10.5785653743 44.7721572129 50.2574688295
10.4756564274 44.3644671755 52.0087153429
10.6939463966 44.3230716683 52.8980708308
10.3913950991 44.0648495551 57.9877000581
10.7895860281 45.7763534720 2.6867678580
10.6107070639 46.0160094833 12.2538670126
10.0881281650 45.7195365489 17.5890396642
10.3615235041 45.1809382652 17.3986152109
10.4264407355 45.7803443327 17.9789370791
11.0541819883 45.8555421141 22.9595242893
11.0569683520 46.2400233773 22.2427662387
11.2007380952 45.4105866230 23.6335659532
11.0188569795 45.3468795288 43.8122104792
11.0849925611 45.8326470262 43.4085440156
11.0282949745 45.4817986566 44.3447774430
11.0712151096 45.1982856226 44.7805818961
10.1097070177 46.0303452576 49.0692843617
10.7522463754 45.4884127805 48.6910109383
10.6047149721 46.0675147147 48.2535404250
10.1296839067 45.4106148535 50.1812462208
10.6474221688 45.1267959058 49.4820515586
10.0037076639 45.5364706508 54.1046942474
10.3552966424 45.0751060319 53.5252179508
10.0676310561 45.5978480517 54.9866924638
10.5677544734 45.1227156478 54.4453145820
10.0532204746 45.6539250401 55.7861644880
10.6385709410 45.1662818358 55.5499545026
10.8034893508 45.0524404427 56.4125960390
10.3236390032 45.5839890292 57.5544200128
10.6324646682 45.2545965485 57.1515380730
10.6247457890 45.2803984403 57.6616402696
10.7356127911 47.2896139661 1.9540969294
11.1192002079 46.5157245041 2.4339324714
10.4586498534 46.6731929085 12.0234261609
10.8244479019 46.4830774234 11.9429343574
10.8591943949 47.0730978594 11.6903766168
9.9811868490 47.2483091719 18.6830186390
10.2104016468 46.5897532983 18.4144449068
10.4557835062 47.1106218967 19.0316921949
10.9968035882 47.0113283545 22.9811200264
10.9725031501 47.3681072461 22.2140765748
11.1809371574 46.5540323149 23.6583863148
11.0865709384 46.9523108920 42.7509848443
11.1311269014 46.7495995719 42.7172661918
11.0942633234 47.0405761949 42.5868180056
11.0477682024 45.8977899615 43.9714456553
11.0839085250 46.8815200279 42.9262484316
10.1057111397 46.8122716420 47.9054731965
10.7172706293 46.3516416637 47.6150736271
10.5722059591 46.8665714203 47.1675575373
10.2550622781 45.5541963480 57.7745822700
10.5209556213 48.0609467010 1.4763548997
10.7786268492 47.8494226707 1.6535146732
10.9306462793 47.9583085108 11.5976114378
10.4871510286 47.7427245879 19.5375975521
10.8103357434 48.3571254389 23.0844692272
10.8277830726 48.2742037003 22.1015196428
11.0742604380 47.6550637793 23.7648905727
10.6362113277 48.5848134855 40.7506960456
11.0729336984 47.9404425358 40.4364955947
10.9013126106 48.4624982875 39.8884379344
10.6071238693 48.3955313133 41.8406315182
10.9902519992 47.7497574455 41.4839671623
11.0607151975 47.0401784803 42.8583129708
10.8304937914 47.9811311634 42.1122106411
10.1932592701 48.2204341807 44.9091824783
10.7052274786 47.7266033744 44.5888752196
10.5603875775 48.0981067682 44.0875608723
10.2080773034 47.8131322538 45.9777364142
10.6693244918 47.4873219582 45.3971111081
10.1313304924 47.4201104930 46.9061640309
10.6439732419 47.1531839646 46.3663697844
10.3932252140 48.3991302897 1.5771470130
10.8762023912 48.7656949637 1.9821688239
10.6455845947 48.7382158739 11.9098281865
10.9575123984 49.6862629620 12.2913260965
10.1443215868 48.4319496984 19.7700289232
10.3266574121 48.8591493444 20.3760771096
10.4839290364 49.2692048341 22.2550308419
10.7690842908 48.6032774557 21.5907497248
10.5447907797 49.1022430761 21.3882575345
10.5234939719 49.4966936901 23.3145704369
10.9419578599 48.4807020247 23.9950651524
10.7249830634 49.2699364602 24.1359863566
10.9765925995 48.8533816824 24.5550263894
10.5362463904 49.1552908850 39.6166331370
10.9406356601 48.6978221495 39.2469951147
10.7662592265 49.1791631858 38.7762019371
10.1105218861 49.3963659388 40.5398060092
10.1549639508 49.0387394637 41.5772191427
10.6792909631 48.1896810776 42.5072093425
10.2281740017 48.7311389718 42.6763152214
10.1505324056 48.5826043343 43.8049282101
10.6174194840 48.1594551624 43.2624224790
10.4608938875 49.5106344926 2.3419191236
10.9202631470 50.0729899756 2.8583783202
10.4260222948 50.1232861941 12.6991188893
10.5998765048 50.7181812822 12.9144801479
10.3749869108 49.1935936022 20.9138955300
10.0541194035 49.6882994694 21.4218070573
9.9453257061 50.1129561215 22.2026601589
10.1553735785 50.3296094175 23.1056625498
10.3926186672 50.2381552425 24.0713771788
10.8808112275 49.3514905963 24.9525788788
10.5749638045 50.0725036164 25.0419634207
10.4260692951 50.7421156655 26.3299928132
10.9624838339 49.6288882648 25.8076303612
10.7778341161 50.7977578833 27.6397321540
11.2276611359 49.7763905395 27.0728786774
11.1858965943 50.3216491255 28.0406497437
10.7711195380 50.4407379180 35.3937918406
11.1205986206 50.0914412177 35.0386285905
10.9166599183 50.6993161960 34.6771494640
10.4532713645 50.4561690131 36.2513886743
11.0426403152 49.8527841148 35.8097608655
10.3626986257 50.1533356460 37.4212989542
10.9320714026 49.6386208074 36.8590979744
10.2946531567 49.8594686046 38.6081952537
10.8326606625 49.4066200408 37.9407659230
9.9950479885 49.8778744828 39.6370177183
10.5273040091 50.6795551629 3.3419737814
11.0435426647 51.1129525853 3.9434318423
10.7800136922 51.2321924831 12.9550218455
11.0289611885 50.8445722462 12.7712186535
11.2062846117 51.5177404232 12.6974628932
10.2168571804 51.0490720669 23.9438264657
10.1623325464 51.4154487345 23.8560950722
10.2129275512 51.3989609582 24.2406666391
10.0044952726 51.1671268767 24.9262730716
10.1806376383 51.6014597857 27.4842601767
10.9930080723 50.8639773157 28.4078028427
10.6619918704 51.5277761722 28.5214803461
11.0142976098 51.1910765314 28.9771618719
10.3235446822 51.1594387972 35.2985920076
10.6963755424 51.4811612435 34.3244664418
10.6669306158 51.6975355717 4.5013461650
11.1697838712 52.0595670637 5.1269524177
10.7682994021 51.7590362520 13.0003340967
10.5280997055 52.1764004609 13.1472697990
10.1869696806 51.5497577835 24.0478108672
9.9334081935 51.6248041155 24.2862771678
9.7705782758 52.2138772479 27.6744579156
10.1392116758 52.2445208794 28.3928926124
10.8894084989 51.6713019328 29.3239035789
10.6490496312 52.1725809689 29.4550349641
10.9373981976 51.9449480910 29.9035670279
9.9821849600 52.0901401946 34.7360578086
10.6061267146 52.0831766280 33.9447919255
10.9016162766 52.4137014325 5.7048523614
10.7745630094 52.6124974870 6.4747465086
10.7201385284 52.7048710072 7.4035369549
10.7046944446 52.7339198693 8.4394518389
10.7053711082 52.7413004696 9.5465030115
10.7179347037 52.7437759223 10.7246393519
10.7982581916 52.6977058455 11.9774780195
11.0872500272 52.7603317708 12.4675213788
10.8687452773 52.7201315289 13.2645269364
10.6886593815 52.8048945011 13.4238351336
10.9399405801 52.9114939202 13.4498997892
10.3410962852 52.4871455494 29.1968494911
10.8644263817 52.2872716000 30.3266210051
10.7189864437 52.5033234015 30.3991384371
10.8346767313 52.5968517152 31.6783551132
10.9358595021 52.3891794901 31.1546679553
10.7502324457 52.5592667241 32.7811910716
10.9487259347 52.3909299106 32.1843016207
10.3514962538 52.4262303874 33.8902379320
10.8224716660 52.2808971122 33.1724803680
10.5871553276 2.2157823880 19.5592280675
10.6250106925 2.7234533950 19.4895493530
10.7254753689 3.6534828174 19.3619408081
10.9550838198 4.7610924315 19.0058958664
10.8214856825 4.4304502128 19.4265321125
11.0821347080 5.6955402682 18.4921242067
11.3037319164 5.5510036298 18.8741029067
11.3985095680 6.1582646790 18.9591475406
11.0266507424 5.3596365169 19.3072292163
11.3828956422 6.4408729214 18.3057662754
11.0117688768 6.3216680084 19.3590232688
11.3011737910 7.1509656692 18.9601911044
11.2001805366 7.9041965147 17.5370818856
11.3980394739 7.2755058228 17.9867407247
11.3008106516 8.2864130492 18.7667634125
11.2221782495 8.7039331374 17.1869113515
11.5532686854 8.1367747350 17.7041132158
11.3096285889 9.3058692772 18.6211393285
11.2082717692 10.1769092645 16.3782894187
11.4745646513 9.4877200249 16.9003901916
11.2848672153 10.2372294917 18.4888858411
11.4559421844 10.9577526932 16.0568608259
11.2568014491 10.9213717667 18.3465217138
11.6239909321 10.5745167347 18.0871910260
11.4376085434 11.4137614449 17.8761668657
11.3556669993 12.2288989638 15.0367969509
11.5989227199 11.6739384240 15.6347152244
11.3294975459 12.3849788531 17.4506320812
11.3904599680 13.2974042531 14.1023377510
11.5922580917 12.8017862135 14.6755901327
11.6938418088 13.2264270966 16.5631369867
11.9197234209 12.9391051875 16.2693717751
11.8465304525 13.5892457573 16.0169394111
11.3197246246 13.1700502505 17.0432285031
11.7399068575 12.6105933624 16.8108826080
11.5238625743 14.5857327419 12.8367913423
11.6224198289 13.8982325587 13.7094994620
11.3577400933 13.9256274754 16.5391026415
11.6938926368 14.4821447418 15.8021205113
11.4650394373 15.7300537376 11.1303032698
11.7998915843 15.3829536214 11.5970809817
11.5304803197 14.9870187813 11.9651089540
11.1267975058 14.8559424225 16.2508795737
11.4334529118 15.5848575879 15.6138320717
10.7452074505 16.8134303392 10.2310212727
11.2955229041 16.5675543661 10.7467736592
11.4062212049 16.7223278409 15.3156327028
11.4421989670 17.7492865519 10.8257477020
11.4949737310 17.5248142083 15.1318416190
11.8440032911 17.0354934139 14.8353695451
11.8638127439 17.8152076284 14.6572252858
11.4962850616 18.8593227446 10.8715484123
11.3550791515 18.3682233790 15.1079217033
11.8239829671 18.8100541530 14.5759084516
11.5764765838 19.9062006362 10.8717661143
11.2994866716 19.4290363644 15.0774131804
11.8121576202 19.8760658152 14.5639266193
11.7138580433 20.7641037153 10.8947496684
11.3148616697 20.4960496395 15.0909433427
11.8338824970 20.9297695782 14.6258389728
11.0979694034 22.5163522926 10.1112367856
11.5641611036 21.7179968600 10.6405234427
11.4027206232 21.4873124305 15.1389276058
11.8439860766 21.7557610319 14.7670781345
11.2836232490 23.4668088312 10.0382088500
11.7256282955 22.8470368492 10.5873608478
11.5779546375 22.2216023740 15.1128277038
11.5180854368 22.9966137728 15.2050814993
11.4675458980 24.2521882979 9.9991558124
11.8295102448 23.8365792923 10.4951219159
10.8712893084 24.3121616172 15.7823373674
11.4452537128 23.9345801801 15.3014081048
11.3768768386 25.1656383880 9.7923883009
11.8324453577 24.6486978161 10.3185503609
11.2832254291 24.7952792635 15.3079705819
11.7349469590 24.4878671723 14.8245337114
11.5264510715 25.4649092842 14.6519809775
11.6541482029 26.1044730899 9.8058377086
11.4446024463 26.5819828549 14.2998962295
11.2554267759 27.6524714648 8.9620646685
11.5846396201 27.0480948855 9.4630054316
11.4994874840 27.3678997554 14.0708124921
11.8583803812 26.8645100970 13.7565357851
11.8633944661 27.6447842741 13.5610388588
11.2559059471 28.5625960305 8.7440793049
11.7075555328 27.9673114719 9.2626114561
11.3452488050 28.2060666131 14.0314651012
11.8133094985 28.6403576835 13.4711581207
11.6151399590 29.4559703128 8.7326527221
11.2708816747 29.2632973206 13.9747566477
11.7751669578 29.7049729191 13.4309057385
11.2394852838 30.9957418794 7.8861912176
11.5677536547 30.3918984492 8.3839941401
11.2326343479 30.3350479472 13.9460780167
11.7331414315 30.7928153009 13.4189923684
10.5050106676 31.2802744821 31.3906405134
11.1868826696 31.8806267262 7.6662456368
11.6834681832 31.2883092719 8.1760696901
11.1948866783 31.3642818255 13.9354041376
11.6490725653 31.9680170769 13.4439458609
10.6711205060 32.0135129731 31.6509710991
11.4381342367 32.9362758181 7.5493696736
11.7367174845 32.9310549739 13.2365254923
10.8701892541 33.0513458843 31.6856273101
10.6461454911 32.7812235971 32.2075136821
11.5902393582 33.9124072497 7.3280285606
10.9225135159 33.6565691179 13.9239743151
11.3914576445 34.0053002729 13.3871948853
10.5987319151 34.9182560091 18.9342079571
11.0093473000 34.1307679080 31.6482870850
10.8642303134 33.7817923243 32.2665988784
11.2947198964 35.3021828443 6.5545887236
11.6734532979 34.7064273826 7.0651981524
11.3605880768 35.1708002657 13.0913702310
10.7166090106 35.6914249476 18.9738416725
10.7669631313 35.2682083926 19.5561380977
10.6285826937 35.2464447543 20.1043056646
11.1137490934 35.0639871856 31.4471319432
11.1377980294 35.0933144044 32.2380892898
11.5339989851 36.1567314936 6.3320490461
11.3154967268 35.9200717807 12.9023106071
11.7506673913 35.5823426296 12.5885773021
11.5434071179 36.5301276843 12.4383192827
10.7464296590 36.7272023734 18.9659683463
10.9266724916 36.3203234481 19.6945068502
10.8140431281 35.9212650454 20.3306946000
11.3484410113 36.1727917895 31.3847092072
11.5029063261 36.0834921704 32.1868858743
11.3391481506 35.9097901040 32.6431824247
11.3066238399 36.6235240569 32.9618598340
11.3396301521 37.5302363857 5.5568792243
11.6648311523 36.9266596779 6.0596554719
11.4661348711 37.5892939309 12.2223393790
10.7295338871 37.6510907884 18.8685176546
10.9628419200 37.6249517273 19.6922512070
10.9410284575 37.1190539148 20.7086324253
11.3148024780 37.1561420444 30.3805593207
11.6743093985 37.3517589458 31.2040307966
11.6994208933 36.8475178683 31.9352625619
11.5049880809 37.7285237453 33.0036486375
11.6321622507 38.2538675745 5.4919886225
11.5514271750 38.2485181233 12.0469496631
11.8148269502 37.8467284985 11.9102941634
11.9656711299 38.3847917002 11.5820185598
10.8125400575 38.4975750792 18.9968160927
11.0244785207 38.3459311341 20.7371131843
10.9651813492 38.1984169646 21.6728627575
11.3073729066 38.5768769680 28.3278775282
11.3457239687 37.9796013076 29.4642371856
11.7143719109 38.1911554847 30.3976771225
11.8987640683 38.0807894541 31.2107205261
11.8779556496 37.6342386865 31.7272393479
11.6633077758 38.6985936544 33.0442654012
11.4105976391 38.7106376374 52.6018037696
11.5802961332 38.5354236951 53.0029867256
11.4141958747 38.4360889954 53.4305984010
11.1020910365 38.5515734718 53.9834078455
11.3034660813 39.0333415269 54.3175628153
11.2378988488 39.6989388533 4.6397962520
11.5662103135 39.1199830027 5.1295431519
11.4508617129 39.0149286328 12.0521517963
11.8967439581 39.5128562368 11.5410034195
10.8129475722 39.5437872685 18.7950517048
11.0463264495 39.3448768440 21.5607734305
10.9671272630 39.1115300326 22.4027407064
11.1691312953 39.7128695072 26.0635786153
11.4463008334 39.5239689124 27.2040802551
11.6913733647 39.4069489513 28.3117460779
11.7327384025 38.9544953198 29.3378848181
11.9636390681 39.0125668597 30.2381487563
11.9994235296 38.6889684895 30.8880746067
11.8369082588 39.5145333558 33.0595028219
11.0924381248 39.8824079286 51.5813647712
11.4143071493 39.2964240084 52.2435877615
11.4689015099 39.5466208521 54.4043872097
11.6962209769 39.2118103174 54.0767097946
11.7656429454 39.8184794462 54.0700534196
11.2326879520 40.5648236833 4.4749934202
11.6811489300 39.9761100486 4.9316435821
11.3260279881 40.0794756572 12.2760284920
11.8650837656 40.4366055277 11.7167272568
10.9727060086 40.7719771663 18.7573564644
11.1005701904 40.5685496842 21.5851801610
11.0327766494 40.1377075973 22.4259132229
11.1913060921 40.4618885738 25.4105717094
11.5649303941 40.5808139847 26.2354435304
11.8359302212 40.4313101143 27.0399146747
11.9293821230 40.1281006938 27.8678636078
12.0222375728 39.8429443867 28.9004903041
12.0728797918 39.5638767760 29.7886230199
11.2921182195 40.1187626656 33.8210205312
11.7475429389 40.1868773093 33.4421650529
11.1962935629 40.9356157347 51.4214032301
11.5979941279 40.1861247485 52.1912432337
11.3991733739 40.2370673199 54.5660991635
11.7530389799 40.7063848847 54.1980979754
11.5670969502 41.2489052159 4.5267433085
11.6061290150 41.7891777134 4.4471460412
11.9026928089 41.5410012907 4.8049002358
11.5540124669 41.0834274319 12.3241587697
11.2955810875 41.7322287649 12.8643732677
11.7637077580 41.9797470718 12.3266267989
11.1408157258 41.9178169026 18.0336539312
11.2649600400 41.9087302538 18.9752560138
11.1803893752 41.4768827177 19.8305156192
11.1567027852 41.3312258315 20.9717744639
11.1488418413 41.3465664927 21.7158870670
11.0744798494 41.2566714482 22.3816490427
11.4610432865 41.5515579483 25.3631112391
11.8233256752 41.4239828035 26.1130777156
11.9399696841 41.0135414156 26.6458457082
11.5405649086 40.6823035028 33.9066649265
11.4903792606 41.2877698098 34.4036818216
10.8132498771 42.2738534661 42.7120432754
10.8047489687 42.1974606329 43.7227988278
10.7805590284 42.0506182723 44.7545333966
10.9460913316 42.1887687399 46.9788445506
10.8647073719 42.0204629736 48.0850866579
10.7917612647 41.7777525273 48.9776416252
10.9379513656 41.7678848386 50.2449451560
11.1999322767 42.0334973644 51.5816459222
11.6888488551 40.9456911492 52.3808996850
11.5694212280 41.8044905291 52.5217191864
11.8465870939 41.3219191623 52.9791634623
11.3526150936 41.2188284291 54.8964112654
11.7550276399 41.5742207503 54.4521274152
11.5041505182 42.5002841216 4.2852135711
11.9116091151 42.1159118024 4.7400211901
11.3510288827 42.5235133817 12.9706924371
11.7634195092 42.9822652895 12.4173265074
11.1665874008 42.6373920673 17.3161163134
11.4530419519 42.7336380370 17.9044071507
11.5716495759 43.3424658088 18.0586462476
11.4417472314 42.8770981102 18.6976497611
11.3527262656 42.6494693308 19.7513869034
11.2511360661 42.4058168576 20.7723787827
11.1460183977 42.1098708815 21.8102036789
11.5222008920 42.8891778431 24.9600106103
11.8992370532 42.3036112353 25.8803315230
11.3283795634 41.9110200140 35.2744373018
11.4592648827 42.3855149149 35.9621932565
11.8122222930 42.3804442377 35.5004164073
11.2605042513 42.7259037687 38.1346712131
11.3202763120 42.8536092067 39.1093520669
11.1610193659 42.8287927064 40.2233485084
11.0894563984 42.8888838347 42.2979196736
11.0768462128 43.1290480487 43.5821605489
11.0775413655 42.8878993411 44.7831306589
11.0764239342 42.6269112929 46.0091976504
11.2001980758 42.9655905687 47.2028684045
11.1376055559 42.7990386729 48.0993799532
11.0342534618 42.5703436233 49.3472129407
11.2683989780 42.7831883744 52.5208091434
11.8309193702 42.0354882880 53.4654077415
11.6290054661 42.6830958973 53.3413186271
11.5871066024 42.1753546296 55.0901832001
11.8178690815 42.6030183186 53.8352288049
11.4481636362 42.8626111202 55.8016661976
11.7351359265 42.8344663112 55.2609699137
11.0253634123 43.0024849257 56.4625073272
11.2652262770 44.1403228870 3.4992158515
11.5337471752 43.5376626835 3.9970689633
11.2574395925 43.4135605800 13.0134953477
11.5031240048 44.1563191365 12.4547590314
11.2840578566 43.4331769882 17.2900304155
11.4411322485 44.0811388332 18.7103193523
11.4802686627 43.9304323139 17.9726917755
11.4192137934 43.7610374727 19.6859561648
11.3165445344 43.5177275650 20.6667556415
11.1820144486 43.2398076174 21.6117660332
11.3290283477 43.7705932304 24.3103032324
11.7048418889 43.9998455932 24.9473640700
11.9868726275 43.4227169649 25.7080566895
11.8198799259 42.7491707000 36.3653946838
12.0351007992 43.1459567774 37.2984408289
11.7882143425 43.1378059526 38.2775229154
11.8179333245 43.3135312679 39.2104833959
11.9970150042 43.6123278285 39.6619331172
11.6421340998 43.3347067426 40.0185912816
11.4056685008 43.4688689964 41.3078680212
11.2194891445 43.7012998470 42.7037691030
11.1306275723 43.8907322278 44.7328085488
11.2145532401 43.7623975841 45.8170547252
11.2622888743 43.6768238255 46.9190573864
11.2349675271 43.6704281242 47.9434341422
11.1236740568 43.5613744277 48.9651337546
10.9874049082 43.4731861942 49.8872216271
11.2859735746 43.6785014025 53.5761962725
11.7235108839 43.1223315315 54.0696325830
11.6444275352 43.3216504514 55.7136934490
11.5866325702 43.7698034490 55.7077515672
11.2874546926 43.8094445087 56.4257136368
10.8583377879 43.7357869670 57.2577419598
11.2501267568 44.9485897577 3.2158359113
11.6980749459 44.3856855968 3.7569881284
11.3484589214 45.2632843540 12.1367732715
11.3140480520 43.9773870321 17.5592163372
11.0611836077 44.7948672081 18.0243027798
11.2571577445 45.1452172747 18.9866662723
11.3711334656 44.8769606684 19.7247037178
11.3251726275 44.6247759325 20.6294371308
11.2002523102 44.3459874458 21.5210978519
11.4998737918 44.8600733755 24.3693795379
11.8628613820 44.7900870601 25.0615479965
12.0274194768 44.3144586620 25.5355743497
11.9277942811 43.8913127291 40.4352054509
11.8518314425 44.4841171815 41.1981706418
11.8142172381 45.1389396487 41.4757182725
11.4333507059 44.7550206825 42.1852850656
11.1733337874 44.9552848925 45.5602540850
11.2367887512 44.6448701591 46.7431274025
11.2275665632 44.4277154126 47.6333785171
11.0544082632 44.5959222022 48.6396507140
10.9107017143 44.2848285508 49.6732913733
10.8627290774 44.5740014877 53.8331209717
11.5857651554 43.7337874113 54.4582351782
11.1720160456 44.4172235942 54.7112727242
11.2246222220 44.4291964244 55.8543026811
11.6024611032 43.8736803461 55.1337513621
11.0317063140 44.6673495149 56.7197724437
10.9150838199 44.6169912311 57.3708410612
10.7605290175 44.2837109622 57.7746977423
11.5542217510 45.8919762075 2.9993258746
11.2993571670 46.1273943985 11.7692920716
11.6963946671 45.5007655025 11.7392251659
11.8871643663 45.8229916226 11.2915501833
10.8677146815 46.0664706136 18.8263365817
11.2061178870 45.9533354668 19.7464298015
11.2718613842 45.7260374357 20.6188177398
11.1894153777 45.4540164239 21.4802500646
11.4916464291 46.0676744921 24.3009792965
11.8452186787 45.6375206582 24.9656550758
11.6034859666 45.8634163334 41.6023271896
11.9069859329 45.5084362582 41.2568074325
11.9575811878 45.9342919252 40.8519854845
11.2379418623 45.9885157139 42.6512239600
11.0788835960 46.0166033520 44.8198946902
11.1219309560 45.9307299917 45.9294162860
11.1627686007 45.4937556130 46.5873769081
11.0285845399 45.4582778641 47.6778332671
10.7110188766 45.0041244577 57.7919154280
11.4255510752 47.1489225307 2.3466420301
11.7003704780 46.6531347153 2.7546209210
11.6247750366 46.7098419048 11.2100940928
12.0659062325 46.3321123211 10.7038581914
11.9807674471 47.1817839122 10.5946428684
10.9189169341 47.0790610781 19.7604313784
11.1480339390 46.8040090750 20.5892636698
11.1322562715 46.5667948046 21.4417695513
11.4428878991 47.2504237307 24.4944135674
11.8114568301 46.6414251782 24.9906477683
11.8104810510 47.2856313751 39.3503627478
12.1796819952 46.9891694362 38.9361435320
12.0006347419 47.4376001163 38.5771489997
11.5209233156 46.9924638711 40.6523766603
12.0999676370 46.4768763147 39.9742740128
11.2265039215 46.8458441761 42.0401030902
11.0636675104 46.6819107646 43.4442797235
10.9431098814 47.0647629110 44.6457956961
10.9624096510 46.7010863256 45.6945181873
10.9529912944 46.3235160780 46.7735016440
10.8267179213 48.2143344679 1.6580420740
11.3272711926 47.9940819001 2.1159265319
11.4961762633 47.6017050800 11.1956644829
11.9076697428 48.0399251937 10.7724664213
10.6895931462 48.0877336543 20.1267885878
10.9810152606 47.6704503907 20.5428939422
10.9899978202 47.7095982166 21.3507726371
11.1908359990 48.2206797926 24.5331879594
11.7749937849 47.4041000956 25.1877746899
11.5514892450 48.1178548185 25.3122612644
11.8767491820 47.7736867022 25.6766738939
11.6600804593 47.9992056751 38.4455082596
12.0047106124 47.7275370251 38.0305254605
11.8446559814 48.1413822728 37.6359983428
11.3000824943 47.9971688181 39.4976198999
10.9585398898 47.5025245669 42.6670004276
10.8582666665 47.5765434966 43.7933145000
11.5381726701 48.8216686562 2.3802635430
11.5033655661 48.5294840410 11.3873392453
11.3532076628 49.1519457599 11.8469927871
11.5718922557 49.6749372537 11.9457107022
10.7446849157 48.5086469351 20.8854389660
11.1753221347 48.8666483499 25.2178682105
11.7873478513 48.2573157410 26.0310603933
11.4644473689 48.9131046477 26.1605173789
11.5928774611 49.0779023711 26.8709448631
11.8312758976 48.5458086995 26.6995234032
11.7603777385 49.0229195835 27.4289747082
11.7689299098 49.4770185499 34.0638827362
12.0875017704 49.0236942661 33.8173227824
11.9553855723 49.4235215411 33.3382298730
11.5342920500 49.4343021045 35.1155798312
12.0220736094 48.8710725815 34.6479783589
11.4655150079 49.1251150485 36.3010154591
11.9436507444 48.6633795970 35.7466309444
11.4093417289 48.7826303083 37.5009474966
11.8794210137 48.4096423003 36.8285847052
11.1609932996 48.6879769642 38.5541475933
11.2732812287 49.4374969947 2.5102479552
11.5487296817 49.9248255339 3.0070623182
10.9311246191 50.3409359994 12.6623879750
11.4709941684 50.5191814606 12.2720748906
11.3440002385 50.5181493448 28.9236515837
11.5774027029 49.7082876785 28.1709447984
11.5789684046 50.5133921266 29.9856095148
11.8101269504 49.7073909161 29.1756110682
11.6943037264 50.4793700136 31.0556495277
11.9723904657 49.6981774329 30.2656216229
11.7014290274 50.3823084591 32.1395658421
12.0345718871 49.6765394544 31.4272061396
11.6255417836 50.1416592500 33.2697188354
12.0018789778 49.5932210147 32.5346274346
11.3590400409 50.1147565865 34.3072667739
11.3481317594 50.4928000261 3.4213469739
11.7020352927 50.8024722232 4.0023106829
11.6546340836 51.4448956255 12.1997250784
10.2922537686 51.3918596544 24.0142619718
11.1823223938 51.3240854018 29.7764553824
11.3676210577 51.2746360945 30.7862087965
11.4194588544 51.2142222379 31.8101292581
11.3606274767 51.0742132415 32.8334699916
11.1761438914 50.8938963726 33.8042984310
11.6675980095 51.4289589808 4.7042546480
11.7632177276 51.9402968778 5.3176153599
11.0330599449 52.3980740273 12.8003286299
11.4083746755 52.3152984323 12.4263519259
11.0834758923 51.9343043148 30.5922163112
11.1617178328 51.9283528090 31.5290566166
11.1383373077 51.8505652399 32.5234539870
10.9955583528 51.6851816605 33.4552367816
11.5274160620 52.2321847265 5.6374673541
11.5014425958 52.3751498875 6.2348918197
11.4705359540 52.4481385673 7.0558443103
11.4664545183 52.4483041878 8.0230340578
11.4625601186 52.4441212590 9.0971716933
11.4590242003 52.4593911486 10.2497081834
11.4646313644 52.5533012648 11.5930829914
11.3173727377 52.7225253681 12.3195967332
11.3032143074 52.7444500171 12.8131832528
11.4370573309 52.7507868045 12.2519853294
11.1894849211 52.9032416472 13.2352939051
11.4335919765 52.8449926604 12.9094431188
11.4722255211 6.0718470854 18.6204682004
11.5578555105 6.7867291936 18.5216011575
11.6320073395 7.8946581385 18.2745309629
11.7513427440 9.0766032195 17.5940720270
11.6791430058 8.8247325132 18.2913347075
11.7633211185 10.2012931351 16.8735584710
11.9135064384 9.8974558488 17.4932750041
11.7561887063 9.7645664967 18.0376859592
11.8587928048 11.3921835985 16.3851401768
11.8535033623 10.6843885394 17.4270468839
11.8449614734 12.3924428813 15.4306735783
11.9517217797 12.3304031766 16.2699159409
11.7913450069 11.7726526255 17.0672218138
11.9107657578 13.5141907226 14.6004601646
12.0000358958 13.0924974109 15.6264834530
12.0161902528 14.4962038506 13.7900655804
12.1138477734 14.4234383509 14.5498813414
12.0098058526 13.9913500403 15.2588472191
11.9955244598 16.0063235984 11.5012894602
12.1343733170 15.5456019623 11.7535958086
12.0141957248 15.2220863942 12.2181217220
12.2122450940 15.4925944890 13.0922074673
12.3146373243 15.6967578616 12.3602764691
12.1832541665 15.2454119042 14.1783433117
11.9851669541 14.9658992628 15.0322280012
11.9777302068 17.0395665969 11.4575856699
12.2991345342 15.8548111283 11.9394134118
12.3146137540 16.4071400556 12.3471127115
12.3417033945 16.4542994610 13.3153982977
12.2596913591 16.0572678681 13.8944007004
11.9735865541 16.0923502656 14.7403478604
11.9979513928 18.1805328971 11.4512342250
12.2856140861 17.6711795499 12.2458315512
12.3417186329 17.3448020747 13.1635862047
12.1808128499 16.9971889892 14.1015261929
12.0233182979 19.2762493428 11.4512447024
12.2794698144 18.8060909787 12.2092887911
12.3247492885 18.4457031553 13.0730252702
12.1731355465 18.1143852027 13.9301488693
12.0646449801 20.3108176540 11.4459429274
12.2888813181 19.9041063265 12.2040441271
12.3197901981 19.5556342126 13.0514485330
12.1578056571 19.1998621732 13.8714681761
12.0736764378 21.3235286382 11.3927780825
12.3042619630 20.9848511841 12.1967768956
12.3286468985 20.6829692181 13.0769480633
12.1599438236 20.3142872303 13.8964249875
12.0884925429 22.3792898319 11.3160504549
12.3188581190 22.0547825721 12.1648585430
12.3548912314 21.8012824320 13.0731482181
12.1657233738 21.5420288949 14.0355972908
12.1434035744 23.4596844709 11.2432087813
12.3321211200 23.1196977291 12.1206454306
12.3785718012 22.8531783624 13.0154869124
12.2513913041 22.6590057224 13.8954642419
11.9542765192 22.4837960947 14.6601684560
12.1798669342 24.6083789602 11.0993172449
12.3407762761 24.1897518869 12.0625977419
12.3532559363 23.8810542159 12.9957535778
12.2785427498 23.5351156882 13.7372047112
11.9693326973 23.5542452802 14.5791856091
12.0205436012 25.5737610913 10.4885257038
12.3057254775 25.5729874673 11.3315902381
12.3614824761 25.2063586904 12.0291772894
12.3103892821 24.9363920108 12.9344286708
12.0966781586 24.5643111668 13.9626989286
12.0629331584 26.7250712220 10.2833753114
12.2969607650 26.4305190105 11.1633122045
12.3601478769 26.1647177736 12.0354061192
12.3095528996 25.8101964646 12.7468565501
12.0234684183 25.8801355050 13.6593757361
12.1124924124 27.9041208755 10.0554345157
12.3150236778 27.4918964506 11.0440784246
12.3375063345 27.1830903477 11.9916030656
12.1893584031 26.7981764323 12.9668118441
11.9800342128 28.8968386986 9.4183388170
12.2992615440 28.9084113484 10.2738090868
12.3631068494 28.5630186289 11.0120149917
12.3383420970 28.2601836788 11.9232234145
12.1705100822 27.9396135317 12.8068135792
12.0582594968 30.0463928541 9.2032485093
12.3138805008 29.7786882577 10.0955654924
12.4050235326 29.5861080160 11.0026266182
12.3461715389 29.3304072202 11.8941987967
12.1517306095 29.0152137737 12.7433111751
12.1119921506 31.2234434324 8.9685025420
12.3484906711 30.8416897326 9.9759730973
12.4193590408 30.6185945509 10.9439315842
12.3474623407 30.3979517799 11.8741168701
12.1332464537 30.0958173431 12.7194974274
11.9420622487 32.2390232834 8.3075236401
12.3095803049 32.2268183810 9.1729005812
12.4058183994 31.9085680119 9.9397249284
12.4356136543 31.6854612710 10.8993856171
12.3445020236 31.4722130725 11.8447400625
12.1062707283 31.1923139306 12.7063740685
12.0363448981 33.4163190658 8.0626806103
12.3314032988 33.0927080380 8.9514909359
12.4629207156 32.9191250126 9.8934061631
12.4577344285 32.7422728387 10.8522125783
12.3395262765 32.5469312150 11.8021316272
12.0944064528 32.2724533797 12.6582877932
12.1318273793 34.5212226783 7.7878535979
12.3921092556 34.1005014262 8.7216424786
12.5074983372 33.9241643565 9.7338454050
12.4885941562 33.7637597405 10.7553139409
12.3365979415 33.6095868309 11.7117896375
12.0435268002 33.3540883004 12.5999664475
11.9906225739 35.5378166778 7.1477646142
12.3618059450 35.3848495768 7.9680263538
12.4554819970 34.9263294516 8.5028667832
12.5760720887 34.9303426052 9.4074430224
12.5208860392 34.8173066304 10.6542043744
12.3679857435 34.5111624438 11.5183248093
11.9894718730 34.5805921147 12.4442446728
12.1099748398 36.7639917521 6.8557024841
12.3942466048 36.3000549230 7.8499189893
12.5688431400 35.8263283470 8.7084002209
12.6486056084 35.6510831871 9.3512346532
12.6152333940 35.2601864566 10.1348004278
12.5003146194 35.5628895034 11.0412206328
12.3802426008 36.4478618991 11.4617275770
12.2113548410 35.6663892488 11.7788790672
11.6126470569 36.5367436111 32.4684894316
11.9877652036 37.7323035991 6.1831868657
12.3247540187 37.7160557704 7.0419519287
12.4486253081 37.3890936512 7.8213046676
12.5789093191 37.1060723672 8.8136926098
12.6499425509 36.5096920663 9.1161958176
12.0839760815 37.2135873086 11.7173506037
12.4157785816 37.3318382756 11.1646299027
11.7819825484 37.4219112777 32.3811499839
12.0610395687 38.8116842383 5.9445710445
12.3352544707 38.5655052994 6.8453904444
12.4806530912 38.4125012452 7.7936479058
12.5394738807 38.2467587626 8.7974012188
12.6248108260 37.3725344920 9.5690129198
12.5315327178 38.0830038331 9.8832111973
12.3627956955 37.9456799679 10.9442576185
12.5440910898 37.7006050360 10.4133742862
12.0494621280 38.5377746753 31.7663546391
11.8783265219 38.2755549160 32.5673234738
11.7456003556 38.9497685257 52.8903211059
11.7548158267 38.6900263973 53.3336471469
11.6227507569 38.7641520412 53.8219758420
12.1016169538 39.9445330363 5.7028025642
12.3653414659 39.6071797828 6.7151728197
12.4921177111 39.4337520893 7.7129188585
12.5295314293 39.3251846841 8.7368818026
12.4729191530 39.1918289561 9.7923822867
12.2894545754 38.9006478237 10.7731508540
12.2273537098 39.5895083930 30.8342770887
12.2344404811 39.5693098129 31.9016421031
12.0352200135 39.1225323654 32.5200206597
11.8394816971 39.7009759652 52.8470308606
11.8704795257 39.2668683458 53.5165045234
11.9184393371 40.8329029103 5.0590697039
12.2718855593 40.9772195606 5.8725761712
12.4121653745 40.6776034660 6.6744190841
12.5139545495 40.4892355991 7.6604676307
12.5487762288 40.3652632106 8.6540361915
12.5000746094 40.3205110009 9.6870117540
12.2618657838 40.1874848838 10.8224279014
12.1861115491 40.9957026892 27.4068140977
12.2813668090 40.6157303868 28.5042930919
12.3408085638 40.3319301952 29.7250698269
12.4658704872 40.4994002938 30.7558080392
12.4084153747 40.3721455579 31.6744613232
12.1704628480 40.1746622669 32.6853904638
11.8885836551 40.5864586327 52.9097309787
11.9298473285 40.1993267404 53.5275243028
12.2171067239 41.9626998544 5.5148212482
12.4427392509 41.7338857641 6.6375335057
12.5369839572 41.5616010197 7.6392815766
12.5803264040 41.4036947022 8.6203898257
12.5649706045 41.1991891386 9.4495530628
12.4624219980 41.5545174027 10.5538046296
12.0736709020 41.2744415474 11.5881606854
12.1412249140 41.7245315707 26.6348653163
12.4295053262 41.8345778086 27.2890754154
12.4848248602 41.2881605398 28.1155421742
12.5322701158 41.0196252990 29.1530634554
12.5774587015 40.9575599069 30.2435294544
12.5831113956 41.0043359393 31.3218090976
12.4720225229 41.1446574514 32.5302093348
12.0475265731 41.0951468593 33.5930858312
11.9118055472 41.2727483345 53.6951369483
12.0580101395 43.0194728189 4.8897836894
12.3649063708 43.0779839382 5.8263623524
12.4663210928 42.7992861982 6.6284628167
12.5498654232 42.6435667746 7.6321209124
12.6029069705 42.4900637777 8.6106711536
12.6177156893 42.2358644711 9.5842185407
12.6060777705 42.3293505734 10.3075039485
12.4856516609 42.3443099713 11.0656447232
12.3735643160 43.0741661155 11.5943519215
12.2195226946 42.3875081986 11.6673209328
11.5069834401 43.1094222360 17.6121226453
12.3473488775 42.8755401707 26.7315827004
12.5370135361 42.4091803508 27.2668349427
12.5734905336 41.7460015127 27.8085154190
12.6108346412 41.3750206682 28.6834364866
12.6412483712 41.2272207356 29.7172012195
12.6561742523 41.2306109012 30.7996528743
12.6336903267 41.3612268657 31.8968180986
12.5950798122 41.6763643959 32.9035966101
12.5520866515 41.9930324389 33.5879119721
12.4253916864 41.7767978692 33.5794140594
12.0210058489 41.9650504375 34.5719347720
11.8434449293 42.4906191202 54.4226327639
12.1272288453 44.3029550500 4.5459285242
12.3839991764 43.9842712124 5.6225125154
12.5020438699 43.8473255391 6.6340663149
12.5539846920 43.7157951470 7.6332652413
12.5976002275 43.5878768798 8.6150596518
12.6440798386 43.3581549694 9.4028691440
12.6654208431 43.0346058468 9.8447477866
12.1160786702 43.5606710072 11.9238093708
12.3150234730 44.0471056294 11.5930571515
11.5392838954 43.5420397532 17.6663187279
12.3189535115 44.2742445892 26.4455524897
12.5806137427 43.2420117784 27.3841530398
12.5784250236 44.0225618377 27.5461877192
12.7241725114 44.3069405055 28.4796209663
12.6921417361 43.8532574740 28.0630946603
12.7828390034 44.4066458223 28.9670561186
12.7708134783 44.1412836280 28.7247911480
12.7993063984 44.3429846207 29.0576292420
12.3722408527 42.1779130996 34.2869415428
12.1285312537 42.5564294335 35.4539976842
12.2280958665 43.1118146876 36.6854580239
12.3564822016 43.3878770168 37.3352274731
12.4288983632 43.4077733611 37.1967063740
12.2508227548 43.4471698884 37.9922255905
12.1265519645 43.5395608065 38.8947800853
11.7884636858 43.3435716707 54.6795105614
11.7826894720 43.2970366668 55.1837211486
11.9905388286 45.2607695077 3.7823024893
12.3585069709 45.2560798436 4.5925756030
12.4725987360 45.0254924784 5.4515145253
12.5424960179 44.8878194159 6.5487564942
12.5575180991 44.7749875401 7.6233584783
12.5655216977 44.6352784265 8.6281244863
12.5779188406 44.4874804385 9.5979766142
12.6463826402 43.9687581402 9.8552943845
12.0208210285 44.8109751485 11.6300018390
12.3795701857 44.7619416207 11.0691497648
12.1630948386 45.2201538508 25.7793986241
12.4023524015 45.3025183729 26.6769571587
12.5336492361 45.0409028105 27.4311888224
12.6640313604 44.9421135108 28.2965485443
12.7489016987 44.8810243963 28.9154039782
12.7871977381 44.7142648106 29.1413048634
12.4320508606 43.5324589216 37.7291789324
12.3315345490 43.6462017063 38.5525971109
12.1811478586 43.8705286500 39.6454447851
12.1482506515 44.5324134329 40.6121102084
12.0989219567 45.2002070800 40.9730764844
12.3138449569 45.2502674108 40.6658212728
12.1304120631 46.4467233246 3.4555810165
12.3699476122 45.9197690979 4.2138789137
12.5653279919 45.9743282340 5.0876313828
12.6185332720 45.9629415816 6.4082344801
12.5779474599 45.8677524719 7.5999878854
12.5211038121 45.6761098098 8.6613731857
12.4933887881 45.3650775702 9.4798320912
12.5394989353 44.7081950024 10.3228503579
12.3361859721 45.3774036990 10.5301446612
12.1135406400 46.3010642652 25.6692664532
12.3419264061 46.1369781958 26.5182182324
12.4985377089 46.0356424748 27.4189399420
12.6140830576 45.8917747777 28.2583891213
12.7043608100 45.7053129450 28.8898778416
12.7537683775 45.4103565475 29.1540474608
12.2730654284 45.7304440977 40.5229781933
12.3969420397 45.6494087179 40.4464300830
12.3417777224 46.0732909122 40.0846835727
11.9629168326 47.4540604289 2.8754032221
12.3663879182 47.3636426956 3.6114682024
12.5224032491 46.8188781682 4.2611882411
12.6446167326 46.6540253206 4.9136211231
12.6639730593 46.3182494628 5.7991568574
12.6797088554 46.7374445027 6.7786723259
12.6914761290 47.7103755375 7.3203543213
12.6276738140 47.0826699973 7.6195201912
12.4987123742 46.8380696756 8.7297408823
12.3378085242 46.4075867978 9.8144923848
12.0221413021 47.1760154265 25.6683757732
12.2255761479 47.0849762244 26.4400921060
12.3899359033 47.0328572793 27.3830260274
12.5321888515 46.9330158432 28.3239493413
12.6455113974 46.7151866126 28.9997449803
12.7107564314 46.3318704289 29.2352065572
12.4083342881 47.4660420167 37.3821049210
12.5050040968 47.3081571301 37.4427587292
12.4911758463 47.6136512562 36.7382867351
12.2324367622 47.3684262247 38.0957803991
12.3881247818 47.0778269062 38.2373966070
12.3096953151 46.6000833377 39.3213539364
11.9574628235 48.5081756395 2.8115511264
12.3403054129 48.2486019971 3.5092332409
12.5654776743 47.9221859167 4.1182120446
12.6455732742 47.4892120344 4.4683152139
12.6450607183 48.5318225064 7.7941065751
12.7066206574 48.6924264469 7.1707373202
12.5233299167 48.0986736402 8.7729445010
12.2787572168 47.8213621566 9.9019020826
12.0301700142 47.8301830474 26.2921169049
12.1329451963 48.0651824065 27.2842528131
12.3416731074 47.9635114914 28.3626057443
12.5083455893 47.8810249241 29.3848716425
12.6424989670 47.3397886206 29.5322011025
12.4974633860 48.6039449180 33.0075712934
12.5993348027 48.4587462329 32.9850953917
12.5502957179 48.6350331137 32.3281112816
12.3576835641 48.5654378022 34.0028278845
12.5482020528 48.3784706918 33.6522313881
12.3096664023 48.3233612441 35.1985414110
12.4823723848 48.2307797221 34.6460965434
12.2905791151 47.9909362105 36.4266767258
12.4616657936 47.9712769914 35.7463880593
12.1522010041 47.8190672187 37.3958799750
11.8411284084 49.3505263515 2.9072944250
12.2424397208 49.2017872133 3.5316042941
12.5363448012 49.0592377895 4.3584708519
12.6517078705 48.4793664082 4.5251578899
12.6536776236 49.5602174813 6.9737132039
12.7168819558 49.2154804157 6.7089333602
12.6821178479 49.5608827229 6.0644723204
12.6005110734 49.5883820624 8.0271116138
12.5416628802 49.2829694853 8.8280166687
12.3891030526 49.0719482866 9.8172996711
12.0647504645 48.9578206805 10.8270858832
11.7630355334 49.2331365739 11.5384514217
12.0120002185 48.9008327497 28.3173833683
12.2060979355 48.8588538786 29.3677867156
12.5506696864 48.2302702380 30.2424273708
12.3469444626 48.8769072296 30.5907603662
12.3532846831 48.9885916508 32.0367116546
12.5053069816 48.6818909777 31.3101544913
12.2392639950 48.9932188970 33.1075962881
11.9625363948 50.0775017271 3.6187370401
12.3541068927 49.8663496764 4.2788022343
12.6518247594 49.3422937895 5.1165854423
12.5243803442 50.2213381275 5.5294723369
12.5358482267 50.5664116563 6.8652699495
12.5367497059 50.4058862437 7.8218120751
12.4959420380 50.3003002439 8.8157208963
12.4145348173 50.1648055276 9.7975249979
12.2342369389 50.0187420124 10.7488139264
11.9285850839 49.8794119336 11.5308477844
12.1509673026 50.6198458616 4.5124589906
12.2554369005 51.0437267901 5.1382915649
12.4454967341 51.0807084714 5.7208351994
12.3160532768 51.5598332802 5.8401915467
12.3478126282 51.3779281986 6.4368376994
12.3602870452 51.2718211086 7.6201666769
12.3430316457 51.1920085029 8.6816801402
12.3022222356 51.1296704519 9.7351355985
12.2000489848 51.0371519459 10.7484605521
11.9720100139 50.8286748677 11.5883282736
12.0112356054 51.9561893609 5.9081265992
12.0893841606 51.6465458210 5.3556303456
11.9496260001 52.0963852255 6.6209426170
12.0123602752 51.9886931760 7.3981638589
12.0145259793 51.9349664480 8.4371630459
12.0003771804 51.9090026241 9.5270208147
11.9615178218 51.8991958358 10.6498623455
11.8360234747 51.8768547652 11.7135530416
11.5680909654 52.6008969998 12.3621956248
3 2 1 0
3 4 3 0
3 0 3 2
3 6 5 4
3 4 5 3
3 8 7 6
3 6 7 5
3 8 9 7
3 12 11 10
3 12 10 1
3 10 0 1
3 10 13 0
3 0 14 4
3 0 13 14
3 4 15 6
3 4 14 15
3 6 16 8
3 6 15 16
3 9 8 17
3 8 18 17
3 8 16 18
3 20 19 18
3 18 19 17
3 20 21 19
3 10 11 22
3 22 11 23
3 10 24 13
3 10 22 24
3 13 25 14
3 13 24 25
3 14 26 15
3 14 25 26
3 15 27 16
3 15 26 27
3 16 28 18
3 16 27 28
3 18 29 20
3 18 28 29
3 21 20 30
3 30 20 29
3 22 23 31
3 31 23 32
3 34 24 33
3 24 31 33
3 24 22 31
3 24 34 25
3 25 34 35
3 25 35 26
3 26 35 36
3 26 36 27
3 27 36 37
3 27 37 28
3 28 37 38
3 28 38 29
3 29 38 39
3 29 39 30
3 32 40 31
3 31 40 33
3 43 42 41
3 41 44 43
3 42 45 41
3 41 45 44
3 48 47 46
3 50 49 46
3 46 49 48
3 52 51 50
3 50 51 49
3 54 53 52
3 52 53 51
3 56 55 54
3 54 55 53
3 58 57 56
3 56 57 55
3 58 59 57
3 62 61 60
3 62 60 47
3 60 46 47
3 60 63 46
3 63 1 2
3 50 63 2
3 46 63 50
3 50 2 3
3 50 3 52
3 52 3 5
3 52 5 54
3 54 5 7
3 54 7 56
3 56 7 9
3 64 56 9
3 58 56 64
3 59 58 65
3 58 66 65
3 58 64 66
3 68 67 66
3 66 67 65
3 68 69 67
3 60 61 70
3 70 61 71
3 70 11 12
3 63 70 12
3 60 70 63
3 63 12 1
3 17 64 9
3 64 17 19
3 64 19 66
3 66 19 21
3 72 66 21
3 68 66 72
3 69 68 73
3 73 68 72
3 70 71 74
3 74 71 75
3 74 23 11
3 74 11 70
3 30 76 72
3 30 72 21
3 73 72 77
3 77 72 76
3 75 78 74
3 23 74 78
3 79 23 78
3 32 23 79
3 33 80 34
3 81 35 34
3 81 34 80
3 82 36 35
3 82 35 81
3 83 37 36
3 83 36 82
3 84 38 37
3 84 37 83
3 38 84 85
3 86 38 85
3 39 38 86
3 30 39 76
3 39 87 76
3 39 86 87
3 76 87 77
3 79 88 32
3 32 88 40
3 33 40 80
3 40 89 80
3 40 88 89
3 80 89 81
3 81 89 90
3 81 90 82
3 82 90 91
3 82 91 83
3 83 91 92
3 83 92 84
3 84 92 93
3 84 93 85
3 96 95 94
3 94 97 96
3 100 99 98
3 100 98 95
3 95 98 94
3 98 42 94
3 42 43 94
3 43 44 94
3 44 97 94
3 44 101 97
3 99 102 98
3 98 102 42
3 102 45 42
3 102 103 45
3 44 45 101
3 101 45 103
3 106 105 104
3 108 107 104
3 104 107 106
3 110 109 108
3 108 109 107
3 112 111 110
3 110 111 109
3 114 113 112
3 112 113 111
3 116 115 114
3 114 115 113
3 118 117 116
3 116 117 115
3 120 119 118
3 118 119 117
3 122 121 120
3 120 121 119
3 124 123 122
3 122 123 121
3 124 125 123
3 128 127 126
3 130 129 126
3 126 129 128
3 132 131 130
3 130 131 129
3 131 132 105
3 132 104 105
3 132 133 104
3 104 134 108
3 104 133 134
3 108 135 110
3 108 134 135
3 110 136 112
3 110 135 136
3 112 137 114
3 112 136 137
3 114 138 116
3 114 137 138
3 116 139 118
3 116 138 139
3 118 140 120
3 118 139 140
3 120 141 122
3 120 140 141
3 122 142 124
3 122 141 142
3 125 124 143
3 124 144 143
3 124 142 144
3 146 145 144
3 144 145 143
3 146 147 145
3 150 149 148
3 150 148 127
3 148 126 127
3 148 151 126
3 126 152 130
3 126 151 152
3 130 153 132
3 130 152 153
3 132 154 133
3 132 153 154
3 154 47 48
3 134 154 48
3 133 154 134
3 134 48 49
3 134 49 135
3 135 49 51
3 135 51 136
3 136 51 53
3 136 53 137
3 137 53 55
3 137 55 138
3 138 55 57
3 138 57 139
3 139 57 59
3 155 139 59
3 140 139 155
3 140 156 141
3 140 155 156
3 141 157 142
3 141 156 157
3 142 158 144
3 142 157 158
3 144 159 146
3 144 158 159
3 147 146 160
3 146 161 160
3 146 159 161
3 161 162 160
3 149 163 148
3 165 164 163
3 164 148 163
3 164 151 148
3 151 166 152
3 151 164 166
3 152 167 153
3 152 166 167
3 167 61 62
3 154 167 62
3 153 167 154
3 154 62 47
3 65 155 59
3 155 65 67
3 155 67 156
3 156 67 69
3 168 156 69
3 157 156 168
3 157 169 158
3 157 168 169
3 158 170 159
3 158 169 170
3 159 171 161
3 159 170 171
3 162 161 172
3 172 161 171
3 165 173 164
3 175 174 173
3 174 164 173
3 174 166 164
3 166 176 167
3 166 174 176
3 176 71 61
3 176 61 167
3 73 177 168
3 73 168 69
3 179 169 178
3 169 177 178
3 169 168 177
3 169 179 170
3 170 179 180
3 170 180 171
3 171 180 181
3 171 181 172
3 174 175 182
3 182 175 183
3 174 184 176
3 174 182 184
3 184 75 71
3 184 71 176
3 77 185 177
3 77 177 73
3 178 177 186
3 186 177 185
3 182 183 187
3 187 183 188
3 182 189 184
3 182 187 189
3 190 78 75
3 184 190 75
3 189 190 184
3 190 79 78
3 85 191 86
3 192 87 86
3 192 86 191
3 185 77 87
3 192 185 87
3 193 185 192
3 186 185 194
3 194 185 193
3 188 195 187
3 187 195 189
3 189 195 196
3 198 197 196
3 197 189 196
3 197 190 189
3 199 88 79
3 190 199 79
3 197 199 190
3 200 89 88
3 200 88 199
3 201 90 89
3 201 89 200
3 202 91 90
3 202 90 201
3 203 92 91
3 203 91 202
3 204 93 92
3 204 92 203
3 191 85 93
3 204 191 93
3 205 191 204
3 207 192 206
3 192 205 206
3 192 191 205
3 192 207 193
3 193 207 208
3 193 208 194
3 198 209 197
3 197 209 199
3 199 209 210
3 199 210 200
3 200 210 211
3 200 211 201
3 201 211 212
3 201 212 202
3 202 212 213
3 202 213 203
3 203 213 214
3 203 214 204
3 204 214 215
3 204 215 205
3 205 215 216
3 205 216 206
3 219 218 217
3 217 220 219
3 223 222 221
3 223 221 218
3 218 221 217
3 221 95 217
3 95 96 217
3 225 224 97
3 97 224 96
3 224 220 96
3 220 217 96
3 225 226 224
3 228 227 222
3 227 99 222
3 100 221 222
3 100 222 99
3 100 95 221
3 227 228 229
3 231 230 225
3 97 231 225
3 101 231 97
3 225 230 226
3 227 102 99
3 229 232 227
3 232 102 227
3 232 103 102
3 101 103 231
3 231 103 232
3 235 234 233
3 237 236 233
3 233 236 235
3 239 238 237
3 237 238 236
3 241 240 239
3 239 240 238
3 243 242 241
3 241 242 240
3 245 244 243
3 243 244 242
3 245 246 244
3 249 248 247
3 251 250 247
3 247 250 249
3 253 252 251
3 251 252 250
3 255 254 253
3 253 254 252
3 255 256 254
3 259 258 257
3 261 260 257
3 257 260 259
3 263 262 261
3 261 262 260
3 262 263 234
3 263 233 234
3 263 264 233
3 264 105 106
3 237 264 106
3 233 264 237
3 237 106 107
3 237 107 239
3 239 107 109
3 239 109 241
3 241 109 111
3 241 111 243
3 243 111 113
3 243 113 245
3 265 246 245
3 113 265 245
3 115 265 113
3 117 247 248
3 265 117 248
3 115 117 265
3 247 117 119
3 247 119 251
3 251 119 121
3 251 121 253
3 253 121 123
3 253 123 255
3 267 266 125
3 125 266 123
3 266 256 123
3 256 255 123
3 269 268 267
3 267 268 266
3 271 270 269
3 269 270 268
3 271 272 270
3 257 258 273
3 273 258 274
3 273 127 128
3 261 273 128
3 257 273 261
3 261 128 129
3 261 129 263
3 263 129 131
3 263 131 264
3 264 131 105
3 143 267 125
3 267 143 145
3 267 145 269
3 269 145 147
3 275 269 147
3 271 269 275
3 272 271 276
3 271 277 276
3 271 275 277
3 277 278 276
3 273 274 150
3 274 149 150
3 274 279 149
3 273 150 127
3 160 275 147
3 275 160 162
3 280 275 162
3 277 275 280
3 278 277 281
3 277 282 281
3 277 280 282
3 282 283 281
3 163 149 284
3 149 285 284
3 149 279 285
3 284 165 163
3 172 286 280
3 172 280 162
3 288 282 287
3 282 286 287
3 282 280 286
3 282 288 283
3 285 289 284
3 289 291 290
3 289 290 173
3 284 289 173
3 165 284 173
3 290 175 173
3 178 292 179
3 293 180 179
3 293 179 292
3 180 293 294
3 295 180 294
3 181 180 295
3 172 181 286
3 181 296 286
3 181 295 296
3 286 296 287
3 290 291 297
3 297 291 298
3 297 183 175
3 297 175 290
3 186 299 292
3 186 292 178
3 292 300 293
3 292 299 300
3 294 293 301
3 301 293 300
3 297 298 302
3 302 298 303
3 302 188 183
3 302 183 297
3 194 304 299
3 194 299 186
3 306 300 305
3 300 304 305
3 300 299 304
3 300 306 301
3 303 307 302
3 307 309 308
3 307 308 195
3 302 307 195
3 188 302 195
3 310 196 195
3 310 195 308
3 310 198 196
3 206 311 207
3 312 208 207
3 312 207 311
3 312 313 208
3 208 313 194
3 313 314 194
3 314 304 194
3 304 314 305
3 309 315 308
3 308 315 310
3 310 315 316
3 310 316 198
3 316 209 198
3 316 317 209
3 317 319 318
3 210 317 318
3 209 317 210
3 320 211 210
3 320 210 318
3 211 320 321
3 322 211 321
3 212 211 322
3 212 323 213
3 322 323 212
3 213 324 214
3 323 324 213
3 214 325 215
3 324 325 214
3 215 326 216
3 325 326 215
3 206 216 311
3 216 327 311
3 216 326 327
3 311 327 312
3 312 327 328
3 312 328 313
3 319 329 318
3 318 329 320
3 320 329 330
3 320 330 321
3 333 332 331
3 335 334 331
3 331 334 333
3 335 336 334
3 338 337 219
3 219 337 218
3 340 339 220
3 339 219 220
3 339 338 219
3 342 341 340
3 340 341 339
3 342 343 341
3 346 345 344
3 346 344 332
3 344 331 332
3 344 347 331
3 331 348 335
3 331 347 348
3 336 335 349
3 349 335 348
3 350 222 223
3 351 350 223
3 218 351 223
3 337 351 218
3 224 340 220
3 340 224 226
3 352 340 226
3 342 340 352
3 343 342 353
3 353 342 352
3 356 355 354
3 356 354 345
3 354 344 345
3 354 357 344
3 344 358 347
3 344 357 358
3 347 359 348
3 347 358 359
3 349 348 360
3 348 361 360
3 348 359 361
3 361 362 360
3 350 228 222
3 229 228 350
3 351 229 350
3 363 229 351
3 231 364 230
3 352 226 230
3 364 352 230
3 365 352 364
3 353 352 366
3 366 352 365
3 354 355 367
3 367 355 368
3 354 369 357
3 354 367 369
3 357 370 358
3 357 369 370
3 358 371 359
3 358 370 371
3 359 372 361
3 359 371 372
3 362 361 373
3 361 374 373
3 361 372 374
3 374 375 373
3 363 376 229
3 229 376 232
3 232 376 231
3 376 377 231
3 377 364 231
3 377 376 378
3 380 365 379
3 365 377 379
3 365 364 377
3 365 380 366
3 367 368 381
3 381 368 382
3 367 383 369
3 367 381 383
3 369 384 370
3 369 383 384
3 370 385 371
3 370 384 385
3 371 386 372
3 371 385 386
3 372 387 374
3 372 386 387
3 375 374 388
3 388 374 387
3 378 389 377
3 377 389 379
3 392 391 390
3 390 393 392
3 381 382 394
3 394 382 395
3 381 396 383
3 381 394 396
3 383 397 384
3 383 396 397
3 384 398 385
3 384 397 398
3 385 399 386
3 385 398 399
3 386 400 387
3 386 399 400
3 388 387 401
3 401 387 400
3 390 391 402
3 402 391 403
3 393 390 404
3 390 405 404
3 390 402 405
3 405 406 404
3 394 395 407
3 407 395 408
3 394 409 396
3 394 407 409
3 396 410 397
3 396 409 410
3 397 411 398
3 397 410 411
3 398 412 399
3 398 411 412
3 399 413 400
3 399 412 413
3 401 400 414
3 414 400 413
3 403 415 402
3 402 415 405
3 405 415 416
3 405 416 406
3 407 408 417
3 417 408 418
3 407 419 409
3 407 417 419
3 409 420 410
3 409 419 420
3 410 421 411
3 410 420 421
3 411 422 412
3 411 421 422
3 412 423 413
3 412 422 423
3 414 413 424
3 424 413 423
3 417 418 425
3 425 418 426
3 417 427 419
3 417 425 427
3 419 428 420
3 419 427 428
3 420 429 421
3 420 428 429
3 421 430 422
3 421 429 430
3 422 431 423
3 422 430 431
3 424 423 432
3 432 423 431
3 435 434 433
3 433 436 435
3 439 438 437
3 441 440 437
3 437 440 439
3 443 442 441
3 441 442 440
3 442 443 426
3 443 425 426
3 443 444 425
3 444 234 235
3 427 444 235
3 425 444 427
3 427 235 236
3 427 236 428
3 428 236 238
3 428 238 429
3 429 238 240
3 429 240 430
3 430 240 242
3 430 242 431
3 445 432 431
3 242 445 431
3 244 445 242
3 447 446 246
3 446 244 246
3 446 445 244
3 248 249 447
3 249 446 447
3 249 448 446
3 449 249 250
3 449 448 249
3 450 250 252
3 450 449 250
3 254 433 434
3 450 254 434
3 252 254 450
3 452 451 256
3 256 451 254
3 451 436 254
3 436 433 254
3 454 453 452
3 452 453 451
3 456 455 454
3 454 455 453
3 458 457 456
3 456 457 455
3 458 459 457
3 437 438 460
3 460 438 461
3 460 258 259
3 441 460 259
3 437 460 441
3 441 259 260
3 441 260 443
3 443 260 262
3 443 262 444
3 444 262 234
3 265 447 246
3 447 265 248
3 266 452 256
3 452 266 268
3 452 268 454
3 454 268 270
3 454 270 456
3 456 270 272
3 462 456 272
3 458 456 462
3 459 458 463
3 458 464 463
3 458 462 464
3 464 465 463
3 468 467 466
3 466 469 468
3 472 471 470
3 472 470 461
3 470 460 461
3 470 473 460
3 473 274 258
3 473 258 460
3 276 462 272
3 462 276 278
3 474 462 278
3 464 462 474
3 465 464 475
3 464 476 475
3 464 474 476
3 478 477 476
3 476 477 475
3 478 479 477
3 467 480 466
3 466 480 469
3 470 471 481
3 481 471 482
3 470 483 473
3 470 481 483
3 483 279 274
3 483 274 473
3 281 474 278
3 474 281 283
3 484 474 283
3 476 474 484
3 476 485 478
3 476 484 485
3 479 478 486
3 486 478 485
3 482 487 481
3 489 488 487
3 488 481 487
3 488 483 481
3 488 285 279
3 488 279 483
3 491 490 288
3 491 288 287
3 283 288 484
3 288 492 484
3 288 490 492
3 484 492 485
3 485 492 493
3 485 493 486
3 488 489 494
3 494 489 495
3 496 289 285
3 488 496 285
3 494 496 488
3 496 291 289
3 294 497 295
3 295 497 498
3 499 295 498
3 296 295 499
3 287 296 491
3 491 296 499
3 495 500 494
3 502 501 500
3 501 494 500
3 501 496 494
3 501 298 291
3 501 291 496
3 301 503 497
3 301 497 294
3 498 497 504
3 504 497 503
3 502 505 501
3 298 501 505
3 506 298 505
3 303 298 506
3 508 507 306
3 508 306 305
3 301 306 503
3 306 509 503
3 306 507 509
3 503 509 504
3 506 510 303
3 303 510 307
3 309 307 510
3 309 510 511
3 513 512 314
3 513 314 313
3 305 314 508
3 508 314 512
3 315 309 514
3 309 515 514
3 309 511 515
3 516 316 315
3 516 315 514
3 517 317 316
3 517 316 516
3 517 319 317
3 321 518 322
3 519 323 322
3 519 322 518
3 520 324 323
3 520 323 519
3 521 325 324
3 521 324 520
3 522 326 325
3 522 325 521
3 326 522 523
3 524 326 523
3 327 326 524
3 327 525 328
3 524 525 327
3 313 328 513
3 513 328 525
3 515 526 514
3 514 526 516
3 516 526 527
3 516 527 517
3 517 527 528
3 517 528 319
3 528 329 319
3 528 529 329
3 329 530 330
3 529 530 329
3 321 330 518
3 330 531 518
3 330 530 531
3 518 531 519
3 519 531 532
3 519 532 520
3 520 532 533
3 520 533 521
3 521 533 534
3 521 534 522
3 522 534 535
3 522 535 523
3 538 537 536
3 536 539 538
3 542 541 540
3 542 540 537
3 540 536 537
3 540 543 536
3 539 536 544
3 536 545 544
3 536 543 545
3 545 546 544
3 540 541 547
3 547 541 548
3 550 543 549
3 543 547 549
3 543 540 547
3 543 550 545
3 545 550 551
3 545 551 546
3 548 552 547
3 547 552 549
3 555 554 553
3 557 556 553
3 553 556 555
3 557 558 556
3 554 559 553
3 553 559 557
3 557 559 560
3 557 560 558
3 563 562 561
3 565 564 561
3 561 564 563
3 565 566 564
3 561 562 567
3 567 562 568
3 561 569 565
3 561 567 569
3 566 565 570
3 565 571 570
3 565 569 571
3 571 572 570
3 575 574 573
3 575 573 568
3 573 567 568
3 573 576 567
3 567 577 569
3 567 576 577
3 569 578 571
3 569 577 578
3 572 571 579
3 579 571 578
3 582 581 580
3 584 583 580
3 580 583 582
3 586 585 584
3 584 585 583
3 588 587 586
3 586 587 585
3 588 589 587
3 592 591 590
3 592 590 574
3 590 573 574
3 590 593 573
3 573 594 576
3 573 593 594
3 576 595 577
3 576 594 595
3 597 578 596
3 578 595 596
3 578 577 595
3 578 597 579
3 600 599 598
3 600 598 581
3 598 580 581
3 598 601 580
3 601 332 333
3 584 601 333
3 580 601 584
3 584 333 334
3 584 334 586
3 586 334 336
3 602 586 336
3 588 586 602
3 589 588 603
3 603 588 602
3 605 604 338
3 338 604 337
3 339 590 591
3 605 339 591
3 338 339 605
3 590 339 341
3 590 341 593
3 593 341 343
3 606 593 343
3 594 593 606
3 594 607 595
3 594 606 607
3 596 595 608
3 608 595 607
3 611 610 609
3 611 609 599
3 609 598 599
3 609 612 598
3 612 345 346
3 601 612 346
3 598 612 601
3 601 346 332
3 349 613 602
3 349 602 336
3 603 602 614
3 602 615 614
3 602 613 615
3 615 616 614
3 604 351 337
3 617 351 604
3 353 618 606
3 353 606 343
3 606 619 607
3 606 618 619
3 608 607 620
3 620 607 619
3 609 610 621
3 621 610 622
3 621 355 356
3 612 621 356
3 609 621 612
3 612 356 345
3 360 613 349
3 613 360 362
3 623 613 362
3 615 613 623
3 616 615 624
3 624 615 623
3 626 363 625
3 363 617 625
3 363 351 617
3 627 626 625
3 366 628 618
3 366 618 353
3 618 629 619
3 618 628 629
3 620 619 630
3 630 619 629
3 622 631 621
3 355 621 631
3 632 355 631
3 368 355 632
3 373 623 362
3 634 633 375
3 375 633 373
3 633 624 373
3 624 623 373
3 634 635 633
3 637 376 636
3 376 363 636
3 636 363 626
3 638 636 626
3 626 627 638
3 376 637 378
3 379 639 380
3 628 366 380
3 639 628 380
3 640 628 639
3 628 641 629
3 628 640 641
3 630 629 642
3 642 629 641
3 632 382 368
3 643 382 632
3 388 644 634
3 388 634 375
3 635 634 645
3 645 634 644
3 637 636 646
3 646 636 647
3 648 389 378
3 637 648 378
3 646 648 637
3 639 379 389
3 648 639 389
3 649 639 648
3 649 391 392
3 640 649 392
3 639 649 640
3 640 392 393
3 650 640 393
3 641 640 650
3 642 641 651
3 651 641 650
3 654 653 652
3 643 654 652
3 395 643 652
3 382 643 395
3 401 655 644
3 401 644 388
3 645 644 656
3 656 644 655
3 646 647 657
3 657 647 658
3 646 659 648
3 646 657 659
3 648 660 649
3 648 659 660
3 660 403 391
3 660 391 649
3 404 650 393
3 662 661 406
3 406 661 404
3 661 651 404
3 651 650 404
3 662 663 661
3 652 653 664
3 664 653 665
3 664 408 395
3 664 395 652
3 414 666 655
3 414 655 401
3 656 655 667
3 667 655 666
3 670 669 668
3 670 668 658
3 668 657 658
3 668 671 657
3 657 672 659
3 657 671 672
3 659 673 660
3 659 672 673
3 674 415 403
3 660 674 403
3 673 674 660
3 675 416 415
3 675 415 674
3 662 406 416
3 675 662 416
3 676 662 675
3 663 662 677
3 677 662 676
3 680 679 678
3 682 681 678
3 678 681 680
3 682 683 681
3 664 665 684
3 684 665 685
3 684 418 408
3 684 408 664
3 424 686 666
3 424 666 414
3 667 666 687
3 687 666 686
3 668 669 688
3 688 669 689
3 668 690 671
3 668 688 690
3 671 691 672
3 671 690 691
3 672 692 673
3 672 691 692
3 673 693 674
3 673 692 693
3 695 675 694
3 675 693 694
3 675 674 693
3 675 695 676
3 676 695 696
3 676 696 677
3 678 679 697
3 697 679 698
3 678 699 682
3 678 697 699
3 683 682 700
3 682 701 700
3 682 699 701
3 700 701 685
3 701 684 685
3 701 702 684
3 702 426 418
3 702 418 684
3 432 703 686
3 432 686 424
3 687 686 704
3 686 705 704
3 686 703 705
3 707 706 705
3 705 706 704
3 707 708 706
3 711 710 709
3 434 435 709
3 435 711 709
3 435 712 711
3 714 713 436
3 713 435 436
3 713 712 435
3 716 715 714
3 714 715 713
3 716 717 715
3 688 689 718
3 718 689 719
3 688 720 690
3 688 718 720
3 690 721 691
3 690 720 721
3 691 722 692
3 691 721 722
3 692 723 693
3 692 722 723
3 694 693 724
3 724 693 723
3 727 726 725
3 727 725 698
3 725 697 698
3 725 728 697
3 728 438 439
3 699 728 439
3 697 728 699
3 699 439 440
3 699 440 701
3 701 440 442
3 701 442 702
3 702 442 426
3 445 703 432
3 703 445 446
3 703 446 705
3 705 446 448
3 705 448 707
3 729 708 707
3 448 729 707
3 449 729 448
3 450 709 710
3 729 450 710
3 449 450 729
3 709 450 434
3 451 714 436
3 714 451 453
3 714 453 716
3 730 717 716
3 453 730 716
3 455 730 453
3 731 455 457
3 731 730 455
3 733 732 459
3 732 457 459
3 732 731 457
3 735 734 733
3 733 734 732
3 735 736 734
3 739 738 737
3 739 737 719
3 737 718 719
3 737 740 718
3 718 741 720
3 718 740 741
3 720 742 721
3 720 741 742
3 721 743 722
3 721 742 743
3 745 723 744
3 723 743 744
3 723 722 743
3 723 745 724
3 748 747 746
3 750 749 746
3 746 749 748
3 752 751 750
3 750 751 749
3 752 753 751
3 725 726 754
3 754 726 755
3 725 756 728
3 725 754 756
3 756 461 438
3 756 438 728
3 463 733 459
3 733 463 465
3 757 733 465
3 735 733 757
3 736 735 758
3 735 759 758
3 735 757 759
3 761 760 759
3 759 760 758
3 763 762 761
3 761 762 760
3 763 764 762
3 738 765 737
3 767 766 765
3 766 737 765
3 766 740 737
3 740 768 741
3 740 766 768
3 741 769 742
3 741 768 769
3 742 770 743
3 742 769 770
3 744 743 771
3 771 743 770
3 746 747 772
3 772 747 773
3 772 467 468
3 750 772 468
3 746 772 750
3 750 468 469
3 774 750 469
3 752 750 774
3 753 752 775
3 775 752 774
3 778 777 776
3 778 776 755
3 776 754 755
3 776 779 754
3 779 471 472
3 756 779 472
3 754 779 756
3 756 472 461
3 475 757 465
3 757 475 477
3 757 477 759
3 759 477 479
3 780 759 479
3 761 759 780
3 761 781 763
3 761 780 781
3 764 763 782
3 782 763 781
3 785 784 783
3 785 783 767
3 783 766 767
3 783 786 766
3 766 787 768
3 766 786 787
3 768 788 769
3 768 787 788
3 769 789 770
3 769 788 789
3 771 770 790
3 790 770 789
3 773 791 772
3 772 791 467
3 791 480 467
3 791 792 480
3 469 480 774
3 480 793 774
3 480 792 793
3 774 793 775
3 776 777 794
3 794 777 795
3 776 796 779
3 776 794 796
3 796 482 471
3 796 471 779
3 486 797 780
3 486 780 479
3 780 798 781
3 780 797 798
3 782 781 799
3 799 781 798
3 783 784 800
3 800 784 801
3 783 802 786
3 783 800 802
3 786 803 787
3 786 802 803
3 787 804 788
3 787 803 804
3 788 805 789
3 788 804 805
3 790 789 806
3 806 789 805
3 794 795 807
3 807 795 808
3 794 809 796
3 794 807 809
3 810 487 482
3 796 810 482
3 809 810 796
3 810 489 487
3 491 811 490
3 812 492 490
3 812 490 811
3 813 493 492
3 813 492 812
3 813 814 493
3 493 814 486
3 814 815 486
3 815 797 486
3 797 815 798
3 798 815 816
3 798 816 799
3 819 818 817
3 819 817 801
3 817 800 801
3 817 820 800
3 800 821 802
3 800 820 821
3 802 822 803
3 802 821 822
3 803 823 804
3 803 822 823
3 825 805 824
3 805 823 824
3 805 804 823
3 805 825 806
3 808 826 807
3 828 827 826
3 827 807 826
3 827 809 807
3 809 829 810
3 809 827 829
3 829 495 489
3 829 489 810
3 498 830 499
3 811 491 499
3 830 811 499
3 831 811 830
3 833 812 832
3 812 831 832
3 812 811 831
3 812 833 813
3 813 833 834
3 813 834 814
3 817 818 835
3 835 818 836
3 817 837 820
3 817 835 837
3 820 838 821
3 820 837 838
3 821 839 822
3 821 838 839
3 822 840 823
3 822 839 840
3 824 823 841
3 841 823 840
3 828 842 827
3 844 843 842
3 843 827 842
3 843 829 827
3 845 500 495
3 829 845 495
3 843 845 829
3 845 502 500
3 847 846 830
3 498 847 830
3 504 847 498
3 830 846 831
3 831 846 848
3 831 848 832
3 835 836 849
3 849 836 850
3 835 851 837
3 835 849 851
3 837 852 838
3 837 851 852
3 838 853 839
3 838 852 853
3 855 840 854
3 840 853 854
3 840 839 853
3 840 855 841
3 844 856 843
3 843 856 845
3 845 856 857
3 845 857 502
3 857 505 502
3 857 858 505
3 506 505 858
3 506 858 859
3 508 860 507
3 507 860 861
3 862 507 861
3 509 507 862
3 504 509 847
3 847 509 862
3 850 863 849
3 865 864 863
3 864 849 863
3 864 851 849
3 851 866 852
3 851 864 866
3 852 867 853
3 852 866 867
3 854 853 868
3 868 853 867
3 510 506 869
3 506 870 869
3 506 859 870
3 869 511 510
3 513 871 512
3 871 872 512
3 512 872 508
3 872 873 508
3 873 860 508
3 860 873 861
3 865 874 864
3 876 875 874
3 875 864 874
3 875 866 864
3 866 877 867
3 866 875 877
3 868 867 878
3 878 867 877
3 870 879 869
3 515 511 869
3 880 515 869
3 879 880 869
3 515 880 881
3 882 881 880
3 885 884 883
3 524 523 883
3 884 524 883
3 886 524 884
3 524 887 525
3 886 887 524
3 513 525 871
3 525 888 871
3 525 887 888
3 871 888 872
3 876 889 875
3 875 889 877
3 877 889 890
3 877 890 878
3 881 526 515
3 882 891 881
3 891 526 881
3 891 527 526
3 527 892 528
3 891 892 527
3 528 893 529
3 892 893 528
3 529 894 530
3 893 894 529
3 530 895 531
3 894 895 530
3 895 897 896
3 532 895 896
3 531 895 532
3 532 896 898
3 899 532 898
3 533 532 899
3 533 900 534
3 899 900 533
3 883 535 885
3 535 900 885
3 535 534 900
3 535 883 523
3 903 902 901
3 901 904 903
3 907 906 905
3 907 905 902
3 905 901 902
3 905 908 901
3 904 901 909
3 909 901 908
3 905 906 910
3 910 906 911
3 910 537 538
3 908 910 538
3 905 910 908
3 913 912 539
3 539 912 538
3 912 909 538
3 909 908 538
3 913 914 912
3 917 916 915
3 917 915 911
3 911 915 910
3 915 541 910
3 541 542 910
3 910 542 537
3 544 913 539
3 544 546 913
3 546 914 913
3 546 918 914
3 915 916 919
3 919 916 920
3 919 548 541
3 919 541 915
3 549 921 550
3 550 921 922
3 923 550 922
3 551 550 923
3 546 551 918
3 918 551 923
3 920 924 919
3 919 924 548
3 924 552 548
3 924 925 552
3 549 552 921
3 552 926 921
3 552 925 926
3 921 926 922
3 929 928 927
3 931 930 927
3 927 930 929
3 931 932 930
3 935 934 933
3 937 936 933
3 933 936 935
3 936 937 928
3 937 927 928
3 937 938 927
3 927 939 931
3 927 938 939
3 932 931 940
3 940 931 939
3 933 934 941
3 941 934 942
3 933 943 937
3 933 941 943
3 937 944 938
3 937 943 944
3 938 945 939
3 938 944 945
3 940 939 946
3 946 939 945
3 941 942 947
3 947 942 948
3 941 949 943
3 941 947 949
3 943 950 944
3 943 949 950
3 944 951 945
3 944 950 951
3 946 945 952
3 952 945 951
3 947 948 953
3 953 948 954
3 947 955 949
3 947 953 955
3 949 956 950
3 949 955 956
3 950 957 951
3 950 956 957
3 952 951 958
3 958 951 957
3 954 959 953
3 961 960 959
3 960 953 959
3 960 955 953
3 955 962 956
3 955 960 962
3 956 963 957
3 956 962 963
3 958 957 964
3 964 957 963
3 967 966 965
3 967 965 961
3 965 960 961
3 965 968 960
3 960 969 962
3 960 968 969
3 962 970 963
3 962 969 970
3 964 963 971
3 971 963 970
3 965 966 972
3 972 966 973
3 965 974 968
3 965 972 974
3 968 975 969
3 968 974 975
3 969 976 970
3 969 975 976
3 971 970 977
3 977 970 976
3 980 979 978
3 980 978 973
3 978 972 973
3 978 981 972
3 972 982 974
3 972 981 982
3 974 983 975
3 974 982 983
3 975 984 976
3 975 983 984
3 977 976 985
3 985 976 984
3 978 979 986
3 986 979 987
3 978 988 981
3 978 986 988
3 988 554 555
3 982 988 555
3 981 988 982
3 982 555 556
3 982 556 983
3 983 556 558
3 989 983 558
3 984 983 989
3 985 984 990
3 990 984 989
3 986 987 991
3 991 987 992
3 986 993 988
3 986 991 993
3 994 559 554
3 988 994 554
3 993 994 988
3 995 560 559
3 995 559 994
3 989 558 560
3 995 989 560
3 996 989 995
3 990 989 997
3 997 989 996
3 991 992 998
3 998 992 999
3 991 1000 993
3 991 998 1000
3 993 1001 994
3 993 1000 1001
3 994 1002 995
3 994 1001 1002
3 1004 996 1003
3 996 1002 1003
3 996 995 1002
3 996 1004 997
3 1007 1006 1005
3 1007 1005 999
3 999 1005 998
3 1005 562 998
3 562 563 998
3 998 563 564
3 998 564 1000
3 1000 564 566
3 1008 1000 566
3 1001 1000 1008
3 1001 1009 1002
3 1001 1008 1009
3 1003 1002 1010
3 1010 1002 1009
3 1005 1006 1011
3 1011 1006 1012
3 1011 568 562
3 1011 562 1005
3 570 1008 566
3 1008 570 572
3 1013 1008 572
3 1009 1008 1013
3 1010 1009 1014
3 1014 1009 1013
3 1017 1016 1015
3 1019 1018 1015
3 1015 1018 1017
3 1021 1020 1019
3 1019 1020 1018
3 1023 1022 1021
3 1021 1022 1020
3 1023 1024 1022
3 1011 1012 575
3 1012 574 575
3 1012 1025 574
3 1011 575 568
3 579 1026 1013
3 579 1013 572
3 1014 1013 1027
3 1027 1013 1026
3 1030 1029 1028
3 1030 1028 1016
3 1016 1028 1015
3 1028 581 1015
3 581 582 1015
3 1015 582 583
3 1015 583 1019
3 1019 583 585
3 1019 585 1021
3 1021 585 587
3 1021 587 1023
3 1032 1031 589
3 589 1031 587
3 1031 1024 587
3 1024 1023 587
3 1032 1033 1031
3 1035 1034 592
3 592 1034 591
3 592 574 1025
3 592 1025 1035
3 596 1036 597
3 1026 579 597
3 1036 1026 597
3 1037 1026 1036
3 1027 1026 1038
3 1038 1026 1037
3 1028 1029 600
3 1029 599 600
3 1029 1039 599
3 1028 600 581
3 603 1040 1032
3 603 1032 589
3 1033 1032 1041
3 1041 1032 1040
3 1043 1042 605
3 605 1042 604
3 605 591 1034
3 605 1034 1043
3 608 1044 1036
3 608 1036 596
3 1036 1045 1037
3 1036 1044 1045
3 1038 1037 1046
3 1046 1037 1045
3 1048 1047 611
3 611 1047 610
3 611 599 1039
3 611 1039 1048
3 614 1040 603
3 614 616 1040
3 616 1041 1040
3 616 1049 1041
3 1042 617 604
3 1050 617 1042
3 620 1051 1044
3 620 1044 608
3 1044 1052 1045
3 1044 1051 1052
3 1046 1045 1053
3 1053 1045 1052
3 1047 622 610
3 1054 622 1047
3 624 1056 1055
3 1049 624 1055
3 616 624 1049
3 1056 1057 1055
3 625 617 1058
3 617 1059 1058
3 617 1050 1059
3 1058 627 625
3 630 1060 1051
3 630 1051 620
3 1051 1061 1052
3 1051 1060 1061
3 1053 1052 1062
3 1062 1052 1061
3 631 622 1063
3 622 1064 1063
3 622 1054 1064
3 1063 632 631
3 633 1056 624
3 1066 1065 635
3 635 1065 633
3 1065 1057 633
3 1057 1056 633
3 1066 1067 1065
3 1058 1059 638
3 1059 636 638
3 1059 1068 636
3 1058 638 627
3 642 1069 1060
3 642 1060 630
3 1071 1061 1070
3 1061 1069 1070
3 1061 1060 1069
3 1061 1071 1062
3 1063 1064 1072
3 1072 1064 1073
3 1072 643 632
3 1072 632 1063
3 645 1074 1066
3 645 1066 635
3 1067 1066 1075
3 1075 1066 1074
3 1078 1077 1076
3 1068 1078 1076
3 647 1068 1076
3 636 1068 647
3 651 1079 1069
3 651 1069 642
3 1070 1069 1080
3 1080 1069 1079
3 1083 1082 1081
3 1081 1084 1083
3 1072 1073 654
3 1073 653 654
3 1073 1085 653
3 1072 654 643
3 1087 1086 1074
3 645 1087 1074
3 656 1087 645
3 1074 1086 1075
3 1076 1077 1088
3 1088 1077 1089
3 1088 658 647
3 1088 647 1076
3 661 1079 651
3 661 663 1079
3 663 1080 1079
3 663 1090 1080
3 1081 1082 1091
3 1091 1082 1092
3 1084 1081 1093
3 1081 1094 1093
3 1081 1091 1094
3 1096 1095 1094
3 1094 1095 1093
3 1098 1097 1096
3 1096 1097 1095
3 1100 1099 1098
3 1098 1099 1097
3 1085 1099 1100
3 665 1085 1100
3 653 1085 665
3 667 1087 656
3 667 1101 1087
3 1104 1103 1102
3 1104 1102 1089
3 1089 1102 1088
3 1102 669 1088
3 669 670 1088
3 1088 670 658
3 677 1106 1105
3 1090 677 1105
3 663 677 1090
3 1106 1107 1105
3 1091 1092 1108
3 1108 1092 1109
3 1091 1110 1094
3 1091 1108 1110
3 1110 679 680
3 1096 1110 680
3 1094 1110 1096
3 1096 680 681
3 1096 681 1098
3 1098 681 683
3 1111 1098 683
3 1100 1098 1111
3 1111 685 665
3 1111 665 1100
3 687 1113 1112
3 1101 687 1112
3 667 687 1101
3 1113 1114 1112
3 1102 1103 1115
3 1115 1103 1116
3 1115 689 669
3 1115 669 1102
3 694 1117 695
3 1118 696 695
3 1118 695 1117
3 1106 677 696
3 1118 1106 696
3 1119 1106 1118
3 1107 1106 1120
3 1120 1106 1119
3 1123 1122 1121
3 1123 1121 1109
3 1121 1108 1109
3 1121 1124 1108
3 1108 1125 1110
3 1108 1124 1125
3 1125 698 679
3 1125 679 1110
3 700 1111 683
3 1111 700 685
3 704 1113 687
3 1126 1114 1113
3 704 1126 1113
3 706 1126 704
3 706 708 1126
3 1126 708 1127
3 1129 1128 711
3 711 1128 710
3 1130 711 712
3 1130 1129 711
3 1131 712 713
3 1131 1130 712
3 1132 713 715
3 1132 1131 713
3 1134 1133 717
3 1133 715 717
3 1133 1132 715
3 1136 1135 1134
3 1134 1135 1133
3 1138 1137 1136
3 1136 1137 1135
3 1138 1139 1137
3 1142 1141 1140
3 1144 1143 1140
3 1140 1143 1142
3 1146 1145 1144
3 1144 1145 1143
3 1146 1147 1145
3 1115 1116 1148
3 1148 1116 1149
3 1148 719 689
3 1148 689 1115
3 724 1150 1117
3 724 1117 694
3 1117 1151 1118
3 1117 1150 1151
3 1118 1152 1119
3 1118 1151 1152
3 1120 1119 1153
3 1119 1154 1153
3 1119 1152 1154
3 1154 1155 1153
3 1121 1122 1156
3 1156 1122 1157
3 1121 1158 1124
3 1121 1156 1158
3 1158 726 727
3 1125 1158 727
3 1124 1158 1125
3 1125 727 698
3 1159 1127 708
3 1159 708 729
3 729 710 1128
3 729 1128 1159
3 730 1134 717
3 1134 730 731
3 1134 731 1136
3 1136 731 732
3 1136 732 1138
3 1160 1139 1138
3 732 1160 1138
3 734 1160 732
3 1162 1161 736
3 1161 734 736
3 1161 1160 734
3 1164 1163 1162
3 1162 1163 1161
3 1166 1165 1164
3 1164 1165 1163
3 1168 1167 1166
3 1166 1167 1165
3 1170 1169 1168
3 1168 1169 1167
3 1169 1170 1141
3 1170 1140 1141
3 1170 1171 1140
3 1140 1172 1144
3 1140 1171 1172
3 1144 1173 1146
3 1144 1172 1173
3 1147 1146 1174
3 1174 1146 1173
3 1148 1149 739
3 1149 738 739
3 1149 1175 738
3 1148 739 719
3 744 1176 745
3 1150 724 745
3 1176 1150 745
3 1177 1150 1176
3 1177 747 748
3 1151 1177 748
3 1150 1177 1151
3 1151 748 749
3 1151 749 1152
3 1152 749 751
3 1152 751 1154
3 751 753 1154
3 753 1155 1154
3 753 1178 1155
3 1156 1157 1179
3 1179 1157 1180
3 1156 1181 1158
3 1156 1179 1181
3 1181 755 726
3 1181 726 1158
3 758 1162 736
3 1162 758 760
3 1162 760 1164
3 1164 760 762
3 1164 762 1166
3 1166 762 764
3 1182 1166 764
3 1168 1166 1182
3 1168 1183 1170
3 1168 1182 1183
3 1185 1171 1184
3 1171 1183 1184
3 1171 1170 1183
3 1171 1185 1172
3 1172 1185 1186
3 1188 1187 1186
3 1187 1172 1186
3 1187 1173 1172
3 1174 1173 1189
3 1173 1190 1189
3 1173 1187 1190
3 1190 1191 1189
3 765 738 1192
3 738 1193 1192
3 738 1175 1193
3 1192 767 765
3 771 1194 1176
3 771 1176 744
3 1176 1195 1177
3 1176 1194 1195
3 1195 773 747
3 1195 747 1177
3 775 1178 753
3 775 1196 1178
3 1199 1198 1197
3 1199 1197 1180
3 1197 1179 1180
3 1197 1200 1179
3 1200 777 778
3 1181 1200 778
3 1179 1200 1181
3 1181 778 755
3 782 1201 1182
3 782 1182 764
3 1182 1202 1183
3 1182 1201 1202
3 1184 1183 1203
3 1203 1183 1202
3 1188 1204 1187
3 1206 1205 1204
3 1205 1187 1204
3 1205 1190 1187
3 1191 1190 1207
3 1190 1208 1207
3 1190 1205 1208
3 1208 1209 1207
3 1212 1211 1210
3 1212 1210 1193
3 1193 1210 1192
3 1210 784 1192
3 784 785 1192
3 1192 785 767
3 790 1213 1194
3 790 1194 771
3 1194 1214 1195
3 1194 1213 1214
3 1215 791 773
3 1195 1215 773
3 1214 1215 1195
3 1216 792 791
3 1216 791 1215
3 792 1216 1217
3 1218 792 1217
3 793 792 1218
3 775 793 1196
3 1196 793 1218
3 1197 1198 1219
3 1219 1198 1220
3 1197 1221 1200
3 1197 1219 1221
3 1221 795 777
3 1221 777 1200
3 799 1222 1201
3 799 1201 782
3 1201 1223 1202
3 1201 1222 1223
3 1203 1202 1224
3 1224 1202 1223
3 1205 1206 1225
3 1225 1206 1226
3 1205 1227 1208
3 1205 1225 1227
3 1209 1208 1228
3 1228 1208 1227
3 1210 1211 1229
3 1229 1211 1230
3 1229 801 784
3 1229 784 1210
3 806 1231 1213
3 806 1213 790
3 1213 1232 1214
3 1213 1231 1232
3 1234 1215 1233
3 1215 1232 1233
3 1215 1214 1232
3 1215 1234 1216
3 1216 1234 1235
3 1216 1235 1217
3 1220 1236 1219
3 1238 1237 1236
3 1237 1219 1236
3 1237 1221 1219
3 1237 808 795
3 1237 795 1221
3 814 1239 815
3 815 1239 1240
3 1241 815 1240
3 816 815 1241
3 799 816 1222
3 816 1242 1222
3 816 1241 1242
3 1222 1242 1223
3 1223 1242 1243
3 1223 1243 1224
3 1226 1244 1225
3 1225 1244 1227
3 1227 1244 1245
3 1227 1245 1228
3 1248 1247 1246
3 1248 1246 1230
3 1230 1246 1229
3 1246 818 1229
3 818 819 1229
3 1229 819 801
3 824 1249 825
3 1231 806 825
3 1249 1231 825
3 1250 1231 1249
3 1231 1251 1232
3 1231 1250 1251
3 1233 1232 1252
3 1252 1232 1251
3 1237 1238 1253
3 1253 1238 1254
3 1255 826 808
3 1237 1255 808
3 1253 1255 1237
3 1255 828 826
3 832 1256 833
3 1257 834 833
3 1257 833 1256
3 1239 814 834
3 1257 1239 834
3 1258 1239 1257
3 1240 1239 1259
3 1259 1239 1258
3 1246 1247 1260
3 1260 1247 1261
3 1260 836 818
3 1260 818 1246
3 841 1262 1249
3 841 1249 824
3 1249 1263 1250
3 1249 1262 1263
3 1265 1251 1264
3 1251 1263 1264
3 1251 1250 1263
3 1251 1265 1252
3 1254 1266 1253
3 1253 1266 1255
3 1255 1266 1267
3 1267 1269 1268
3 1267 1268 842
3 1255 1267 842
3 828 1255 842
3 1268 844 842
3 847 1270 846
3 1271 848 846
3 1271 846 1270
3 1256 832 848
3 1271 1256 848
3 1272 1256 1271
3 1274 1257 1273
3 1257 1272 1273
3 1257 1256 1272
3 1257 1274 1258
3 1258 1274 1275
3 1258 1275 1259
3 1261 1276 1260
3 836 1260 1276
3 1277 836 1276
3 850 836 1277
3 854 1278 855
3 1262 841 855
3 1278 1262 855
3 1279 1262 1278
3 1262 1280 1263
3 1262 1279 1280
3 1264 1263 1281
3 1281 1263 1280
3 1268 1269 1282
3 1282 1269 1283
3 1284 856 844
3 1268 1284 844
3 1282 1284 1268
3 1285 857 856
3 1285 856 1284
3 1286 858 857
3 1286 857 1285
3 1286 859 858
3 861 1287 862
3 1270 847 862
3 1287 1270 862
3 1288 1270 1287
3 1290 1271 1289
3 1271 1288 1289
3 1271 1270 1288
3 1271 1290 1272
3 1272 1290 1291
3 1272 1291 1273
3 1277 1292 850
3 850 1292 863
3 865 863 1292
3 865 1292 1293
3 868 1294 1278
3 868 1278 854
3 1278 1295 1279
3 1278 1294 1295
3 1279 1296 1280
3 1279 1295 1296
3 1281 1280 1297
3 1297 1280 1296
3 1283 1298 1282
3 1282 1298 1284
3 1284 1298 1299
3 1284 1299 1285
3 1285 1299 1300
3 1285 1300 1286
3 1286 1300 1301
3 859 1286 1301
3 1302 859 1301
3 870 859 1302
3 1305 1304 1303
3 1306 1303 1304
3 1308 1307 873
3 1308 873 872
3 861 873 1287
3 873 1309 1287
3 873 1307 1309
3 1287 1309 1288
3 1288 1309 1310
3 1288 1310 1289
3 1293 1311 865
3 865 1311 874
3 876 874 1311
3 876 1311 1312
3 878 1313 1294
3 878 1294 868
3 1294 1314 1295
3 1294 1313 1314
3 1295 1315 1296
3 1295 1314 1315
3 1297 1296 1316
3 1316 1296 1315
3 1302 1317 870
3 870 1317 879
3 879 1318 880
3 1317 1318 879
3 882 880 1318
3 882 1318 1319
3 1321 1320 884
3 1321 884 885
3 1303 886 1305
3 886 1320 1305
3 886 884 1320
3 1306 1322 1303
3 1322 886 1303
3 1322 887 886
3 887 1323 888
3 1322 1323 887
3 872 888 1308
3 1308 888 1323
3 1312 1324 876
3 876 1324 889
3 889 1325 890
3 1324 1325 889
3 878 890 1313
3 890 1326 1313
3 890 1325 1326
3 1313 1326 1314
3 1314 1326 1327
3 1314 1327 1315
3 1315 1327 1328
3 1315 1328 1316
3 1319 1329 882
3 882 1329 891
3 1329 1331 1330
3 892 1329 1330
3 891 1329 892
3 1332 893 892
3 1332 892 1330
3 893 1332 1333
3 1334 893 1333
3 894 893 1334
3 894 1335 895
3 1334 1335 894
3 897 895 1335
3 897 1335 1336
3 898 1337 899
3 899 1337 1338
3 1339 899 1338
3 900 899 1339
3 885 900 1321
3 1321 900 1339
3 1342 1341 1340
3 1344 1343 1340
3 1340 1343 1342
3 1344 1345 1343
3 1340 1341 1346
3 1346 1341 1347
3 1340 1348 1344
3 1340 1346 1348
3 1345 1344 1349
3 1349 1344 1348
3 1352 1351 1350
3 1352 1350 1347
3 1350 1346 1347
3 1350 1353 1346
3 1355 1348 1354
3 1348 1353 1354
3 1348 1346 1353
3 1348 1355 1349
3 1350 1351 1356
3 1356 1351 1357
3 1356 902 903
3 1353 1356 903
3 1350 1356 1353
3 903 904 1353
3 904 1354 1353
3 904 1358 1354
3 1356 1357 907
3 1357 906 907
3 1357 1359 906
3 1356 907 902
3 909 1358 904
3 909 1360 1358
3 1363 1362 1361
3 1359 1363 1361
3 911 1359 1361
3 906 1359 911
3 909 912 1364
3 1365 909 1364
3 1360 909 1365
3 914 1364 912
3 1361 1362 917
3 1362 916 917
3 1362 1366 916
3 1361 917 911
3 1365 1364 1367
3 1365 1367 1368
3 918 1367 914
3 914 1367 1364
3 1371 1370 1369
3 1366 1371 1369
3 920 1366 1369
3 916 1366 920
3 1368 1367 923
3 922 1368 923
3 1372 1368 922
3 923 1367 918
3 1375 1374 1373
3 1375 1373 1370
3 1373 1369 1370
3 1373 1376 1369
3 1377 924 920
3 1369 1377 920
3 1376 1377 1369
3 1378 925 924
3 1378 924 1377
3 925 1378 1379
3 1380 925 1379
3 926 925 1380
3 922 926 1372
3 1372 926 1380
3 1383 1382 1381
3 1385 1384 1381
3 1381 1384 1383
3 1384 1385 1374
3 1385 1373 1374
3 1385 1386 1373
3 1373 1387 1376
3 1373 1386 1387
3 1389 1377 1388
3 1377 1387 1388
3 1377 1376 1387
3 1377 1389 1378
3 1378 1389 1390
3 1378 1390 1379
3 1393 1392 1391
3 1393 1391 1382
3 1391 1381 1382
3 1391 1394 1381
3 1394 928 929
3 1385 1394 929
3 1381 1394 1385
3 1385 929 930
3 1385 930 1386
3 1386 930 932
3 1395 1386 932
3 1387 1386 1395
3 1388 1387 1396
3 1396 1387 1395
3 1399 1398 1397
3 1399 1397 1392
3 1392 1397 1391
3 1397 934 1391
3 934 935 1391
3 1391 935 936
3 1391 936 1394
3 1394 936 928
3 940 1400 1395
3 940 1395 932
3 1396 1395 1401
3 1401 1395 1400
3 1398 1402 1397
3 934 1397 1402
3 1403 934 1402
3 942 934 1403
3 946 1404 1400
3 946 1400 940
3 1401 1400 1405
3 1405 1400 1404
3 1403 948 942
3 1406 948 1403
3 952 1407 1404
3 952 1404 946
3 1405 1404 1408
3 1408 1404 1407
3 1406 954 948
3 1409 954 1406
3 958 1410 1407
3 958 1407 952
3 1408 1407 1411
3 1411 1407 1410
3 1414 1413 1412
3 1412 1415 959
3 1409 1412 959
3 954 1409 959
3 1412 1409 1414
3 1415 961 959
3 964 1416 1410
3 964 1410 958
3 1411 1410 1417
3 1417 1410 1416
3 1412 1413 1418
3 1418 1413 1419
3 1418 966 967
3 1415 1418 967
3 1412 1418 1415
3 1415 967 961
3 971 1420 1416
3 971 1416 964
3 1417 1416 1421
3 1421 1416 1420
3 1418 1419 1422
3 1422 1419 1423
3 1422 973 966
3 1422 966 1418
3 977 1424 1420
3 977 1420 971
3 1421 1420 1425
3 1425 1420 1424
3 1422 1423 980
3 1423 979 980
3 1423 1426 979
3 1422 980 973
3 985 1427 1424
3 985 1424 977
3 1425 1424 1428
3 1428 1424 1427
3 1431 1430 1429
3 1426 1431 1429
3 987 1426 1429
3 979 1426 987
3 990 1432 1427
3 990 1427 985
3 1428 1427 1433
3 1433 1427 1432
3 1429 1430 1434
3 1434 1430 1435
3 1434 992 987
3 1434 987 1429
3 1437 1436 1432
3 990 1437 1432
3 997 1437 990
3 1432 1436 1433
3 1434 1435 1438
3 1438 1435 1439
3 1438 999 992
3 1438 992 1434
3 1003 1440 1004
3 1440 1441 1004
3 1441 997 1004
3 1441 1437 997
3 1438 1439 1007
3 1439 1006 1007
3 1439 1442 1006
3 1438 1007 999
3 1010 1443 1440
3 1010 1440 1003
3 1441 1440 1444
3 1444 1440 1443
3 1447 1446 1445
3 1449 1448 1445
3 1445 1448 1447
3 1449 1450 1448
3 1442 1012 1006
3 1451 1012 1442
3 1014 1452 1443
3 1014 1443 1010
3 1444 1443 1453
3 1453 1443 1452
3 1456 1455 1454
3 1016 1017 1454
3 1017 1456 1454
3 1017 1457 1456
3 1018 1445 1446
3 1457 1018 1446
3 1017 1018 1457
3 1445 1018 1020
3 1445 1020 1449
3 1458 1450 1449
3 1020 1458 1449
3 1022 1458 1020
3 1022 1024 1458
3 1458 1024 1459
3 1462 1461 1460
3 1451 1462 1460
3 1025 1451 1460
3 1012 1451 1025
3 1027 1463 1452
3 1027 1452 1014
3 1453 1452 1464
3 1464 1452 1463
3 1454 1455 1030
3 1455 1029 1030
3 1455 1465 1029
3 1454 1030 1016
3 1466 1459 1024
3 1466 1024 1031
3 1031 1033 1466
3 1466 1033 1467
3 1460 1461 1035
3 1461 1034 1035
3 1461 1468 1034
3 1460 1035 1025
3 1038 1469 1463
3 1038 1463 1027
3 1464 1463 1470
3 1470 1463 1469
3 1465 1039 1029
3 1471 1039 1465
3 1041 1473 1472
3 1467 1041 1472
3 1033 1041 1467
3 1473 1474 1472
3 1475 1042 1043
3 1476 1475 1043
3 1034 1476 1043
3 1468 1476 1034
3 1478 1477 1469
3 1038 1478 1469
3 1046 1478 1038
3 1469 1477 1470
3 1480 1479 1048
3 1048 1479 1047
3 1048 1039 1471
3 1048 1471 1480
3 1049 1481 1473
3 1049 1473 1041
3 1474 1473 1482
3 1482 1473 1481
3 1484 1483 1475
3 1483 1042 1475
3 1483 1050 1042
3 1484 1475 1476
3 1053 1486 1485
3 1478 1053 1485
3 1046 1053 1478
3 1486 1487 1485
3 1490 1489 1488
3 1492 1491 1488
3 1488 1491 1490
3 1492 1493 1491
3 1496 1495 1494
3 1479 1496 1494
3 1054 1479 1494
3 1047 1479 1054
3 1055 1481 1049
3 1055 1057 1481
3 1057 1482 1481
3 1057 1497 1482
3 1483 1059 1050
3 1498 1059 1483
3 1500 1499 1486
3 1053 1500 1486
3 1062 1500 1053
3 1486 1499 1487
3 1488 1489 1501
3 1501 1489 1502
3 1488 1503 1492
3 1488 1501 1503
3 1493 1492 1504
3 1492 1505 1504
3 1492 1503 1505
3 1505 1506 1504
3 1494 1495 1507
3 1507 1495 1508
3 1507 1064 1054
3 1507 1054 1494
3 1509 1497 1057
3 1509 1057 1065
3 1065 1067 1509
3 1509 1067 1510
3 1513 1512 1511
3 1498 1513 1511
3 1068 1498 1511
3 1059 1498 1068
3 1070 1514 1071
3 1514 1515 1071
3 1515 1062 1071
3 1515 1500 1062
3 1501 1502 1516
3 1516 1502 1517
3 1501 1518 1503
3 1501 1516 1518
3 1503 1519 1505
3 1503 1518 1519
3 1506 1505 1520
3 1520 1505 1519
3 1507 1508 1521
3 1521 1508 1522
3 1521 1073 1064
3 1521 1064 1507
3 1075 1510 1067
3 1075 1523 1510
3 1511 1512 1078
3 1512 1077 1078
3 1512 1524 1077
3 1511 1078 1068
3 1526 1525 1514
3 1070 1526 1514
3 1080 1526 1070
3 1514 1525 1515
3 1516 1517 1527
3 1527 1517 1528
3 1527 1082 1083
3 1518 1527 1083
3 1516 1527 1518
3 1518 1083 1084
3 1529 1518 1084
3 1519 1518 1529
3 1520 1519 1530
3 1519 1531 1530
3 1519 1529 1531
3 1533 1532 1531
3 1531 1532 1530
3 1532 1533 1522
3 1533 1521 1522
3 1533 1534 1521
3 1534 1085 1073
3 1534 1073 1521
3 1087 1535 1086
3 1535 1536 1086
3 1536 1075 1086
3 1536 1523 1075
3 1539 1538 1537
3 1524 1539 1537
3 1089 1524 1537
3 1077 1524 1089
3 1090 1526 1080
3 1090 1540 1526
3 1527 1528 1541
3 1541 1528 1542
3 1541 1092 1082
3 1541 1082 1527
3 1093 1529 1084
3 1529 1093 1095
3 1529 1095 1531
3 1531 1095 1097
3 1531 1097 1533
3 1533 1097 1099
3 1533 1099 1534
3 1534 1099 1085
3 1101 1543 1535
3 1101 1535 1087
3 1536 1535 1544
3 1544 1535 1543
3 1547 1546 1545
3 1549 1548 1545
3 1545 1548 1547
3 1551 1550 1549
3 1549 1550 1548
3 1551 1552 1550
3 1537 1538 1104
3 1538 1103 1104
3 1538 1553 1103
3 1537 1104 1089
3 1554 1540 1090
3 1554 1090 1105
3 1105 1107 1554
3 1554 1107 1555
3 1541 1542 1556
3 1556 1542 1557
3 1556 1109 1092
3 1556 1092 1541
3 1112 1543 1101
3 1112 1114 1543
3 1114 1544 1543
3 1114 1558 1544
3 1561 1560 1559
3 1561 1559 1546
3 1559 1545 1546
3 1559 1562 1545
3 1545 1563 1549
3 1545 1562 1563
3 1549 1564 1551
3 1549 1563 1564
3 1552 1551 1565
3 1565 1551 1564
3 1553 1116 1103
3 1566 1116 1553
3 1120 1568 1567
3 1555 1120 1567
3 1107 1120 1555
3 1568 1569 1567
3 1572 1571 1570
3 1572 1570 1557
3 1557 1570 1556
3 1570 1122 1556
3 1122 1123 1556
3 1556 1123 1109
3 1573 1558 1114
3 1573 1114 1126
3 1575 1574 1127
3 1574 1126 1127
3 1574 1573 1126
3 1128 1129 1575
3 1129 1574 1575
3 1129 1576 1574
3 1577 1129 1130
3 1577 1576 1129
3 1578 1130 1131
3 1578 1577 1130
3 1579 1131 1132
3 1579 1578 1131
3 1580 1132 1133
3 1580 1579 1132
3 1581 1133 1135
3 1581 1580 1133
3 1582 1135 1137
3 1582 1581 1135
3 1584 1583 1139
3 1583 1137 1139
3 1583 1582 1137
3 1586 1585 1584
3 1584 1585 1583
3 1588 1587 1586
3 1586 1587 1585
3 1590 1589 1588
3 1588 1589 1587
3 1592 1591 1590
3 1590 1591 1589
3 1594 1593 1592
3 1592 1593 1591
3 1593 1594 1560
3 1560 1594 1559
3 1594 1141 1559
3 1141 1142 1559
3 1559 1142 1143
3 1559 1143 1562
3 1562 1143 1145
3 1562 1145 1563
3 1563 1145 1147
3 1595 1563 1147
3 1564 1563 1595
3 1565 1564 1596
3 1596 1564 1595
3 1566 1149 1116
3 1597 1149 1566
3 1153 1568 1120
3 1599 1598 1155
3 1155 1598 1153
3 1598 1569 1153
3 1569 1568 1153
3 1599 1600 1598
3 1570 1571 1601
3 1601 1571 1602
3 1601 1157 1122
3 1601 1122 1570
3 1159 1575 1127
3 1575 1159 1128
3 1160 1584 1139
3 1584 1160 1161
3 1584 1161 1586
3 1586 1161 1163
3 1586 1163 1588
3 1588 1163 1165
3 1588 1165 1590
3 1590 1165 1167
3 1590 1167 1592
3 1592 1167 1169
3 1592 1169 1594
3 1594 1169 1141
3 1174 1603 1595
3 1174 1595 1147
3 1596 1595 1604
3 1595 1605 1604
3 1595 1603 1605
3 1605 1606 1604
3 1597 1175 1149
3 1607 1175 1597
3 1178 1608 1599
3 1178 1599 1155
3 1600 1599 1609
3 1599 1610 1609
3 1599 1608 1610
3 1609 1610 1602
3 1610 1601 1602
3 1610 1611 1601
3 1611 1180 1157
3 1611 1157 1601
3 1184 1612 1185
3 1613 1186 1185
3 1613 1185 1612
3 1613 1188 1186
3 1189 1603 1174
3 1603 1189 1191
3 1614 1603 1191
3 1605 1603 1614
3 1606 1605 1615
3 1615 1605 1614
3 1618 1617 1616
3 1607 1618 1616
3 1193 1607 1616
3 1175 1607 1193
3 1620 1619 1608
3 1178 1620 1608
3 1196 1620 1178
3 1622 1621 1619
3 1621 1608 1619
3 1621 1610 1608
3 1621 1198 1199
3 1611 1621 1199
3 1610 1621 1611
3 1611 1199 1180
3 1203 1623 1612
3 1203 1612 1184
3 1612 1624 1613
3 1612 1623 1624
3 1625 1204 1188
3 1613 1625 1188
3 1624 1625 1613
3 1625 1206 1204
3 1207 1614 1191
3 1627 1626 1209
3 1209 1626 1207
3 1626 1615 1207
3 1615 1614 1207
3 1627 1628 1626
3 1616 1617 1212
3 1617 1211 1212
3 1617 1629 1211
3 1616 1212 1193
3 1631 1630 1218
3 1631 1218 1217
3 1196 1218 1620
3 1620 1218 1630
3 1622 1632 1621
3 1198 1621 1632
3 1633 1198 1632
3 1220 1198 1633
3 1224 1634 1623
3 1224 1623 1203
3 1636 1624 1635
3 1624 1634 1635
3 1624 1623 1634
3 1638 1637 1636
3 1637 1624 1636
3 1637 1625 1624
3 1637 1226 1206
3 1637 1206 1625
3 1228 1639 1627
3 1228 1627 1209
3 1628 1627 1640
3 1627 1641 1640
3 1627 1639 1641
3 1641 1642 1640
3 1645 1644 1643
3 1629 1645 1643
3 1230 1629 1643
3 1211 1629 1230
3 1233 1646 1234
3 1234 1646 1647
3 1648 1234 1647
3 1235 1234 1648
3 1217 1235 1631
3 1631 1235 1648
3 1633 1649 1220
3 1220 1649 1236
3 1238 1236 1649
3 1238 1649 1650
3 1240 1651 1241
3 1241 1651 1652
3 1653 1241 1652
3 1242 1241 1653
3 1242 1654 1243
3 1653 1654 1242
3 1224 1243 1634
3 1243 1655 1634
3 1243 1654 1655
3 1634 1655 1635
3 1638 1656 1637
3 1637 1656 1226
3 1656 1244 1226
3 1656 1657 1244
3 1244 1658 1245
3 1657 1658 1244
3 1228 1245 1639
3 1245 1659 1639
3 1245 1658 1659
3 1639 1659 1641
3 1641 1659 1660
3 1641 1660 1642
3 1643 1644 1248
3 1644 1247 1248
3 1644 1661 1247
3 1643 1248 1230
3 1663 1662 1646
3 1233 1663 1646
3 1252 1663 1233
3 1646 1662 1647
3 1650 1254 1238
3 1664 1254 1650
3 1666 1665 1651
3 1240 1666 1651
3 1259 1666 1240
3 1651 1665 1652
3 1661 1261 1247
3 1667 1261 1661
3 1264 1668 1265
3 1663 1252 1669
3 1252 1668 1669
3 1668 1670 1669
3 1252 1265 1668
3 1670 1671 1669
3 1664 1672 1254
3 1254 1672 1266
3 1672 1674 1673
3 1267 1672 1673
3 1266 1672 1267
3 1673 1269 1267
3 1676 1675 1274
3 1676 1274 1273
3 1274 1677 1275
3 1675 1677 1274
3 1259 1275 1666
3 1666 1275 1677
3 1667 1678 1261
3 1261 1678 1276
3 1277 1276 1678
3 1277 1678 1679
3 1281 1680 1668
3 1281 1668 1264
3 1668 1681 1670
3 1668 1680 1681
3 1671 1670 1682
3 1682 1670 1681
3 1674 1683 1673
3 1269 1673 1683
3 1684 1269 1683
3 1283 1269 1684
3 1687 1686 1685
3 1290 1289 1685
3 1686 1290 1685
3 1688 1290 1686
3 1290 1689 1291
3 1688 1689 1290
3 1273 1291 1676
3 1676 1291 1689
3 1679 1690 1277
3 1277 1690 1292
3 1293 1292 1690
3 1293 1690 1691
3 1297 1692 1680
3 1297 1680 1281
3 1680 1693 1681
3 1680 1692 1693
3 1682 1681 1694
3 1694 1681 1693
3 1684 1695 1283
3 1283 1695 1298
3 1298 1696 1299
3 1695 1696 1298
3 1696 1698 1697
3 1300 1696 1697
3 1299 1696 1300
3 1699 1301 1300
3 1699 1300 1697
3 1699 1302 1301
3 1305 1700 1304
3 1700 1306 1304
3 1702 1701 1307
3 1702 1307 1308
3 1307 1703 1309
3 1701 1703 1307
3 1685 1310 1687
3 1310 1703 1687
3 1310 1309 1703
3 1310 1685 1289
3 1691 1704 1293
3 1293 1704 1311
3 1312 1311 1704
3 1312 1704 1705
3 1316 1706 1692
3 1316 1692 1297
3 1692 1707 1693
3 1692 1706 1707
3 1694 1693 1708
3 1708 1693 1707
3 1698 1709 1697
3 1711 1710 1709
3 1710 1697 1709
3 1710 1699 1697
3 1699 1710 1302
3 1710 1712 1302
3 1712 1317 1302
3 1710 1713 1712
3 1317 1714 1318
3 1712 1714 1317
3 1319 1318 1714
3 1319 1714 1715
3 1717 1716 1320
3 1717 1320 1321
3 1305 1320 1700
3 1320 1718 1700
3 1320 1716 1718
3 1700 1718 1306
3 1718 1322 1306
3 1718 1719 1322
3 1322 1720 1323
3 1719 1720 1322
3 1308 1323 1702
3 1702 1323 1720
3 1705 1721 1312
3 1312 1721 1324
3 1324 1722 1325
3 1721 1722 1324
3 1325 1723 1326
3 1722 1723 1325
3 1326 1724 1327
3 1723 1724 1326
3 1327 1725 1328
3 1724 1725 1327
3 1316 1328 1706
3 1328 1726 1706
3 1328 1725 1726
3 1706 1726 1707
3 1707 1726 1727
3 1707 1727 1708
3 1711 1728 1710
3 1710 1728 1713
3 1715 1729 1319
3 1319 1729 1329
3 1331 1329 1729
3 1331 1729 1730
3 1333 1731 1334
3 1732 1335 1334
3 1732 1334 1731
3 1732 1336 1335
3 1734 1733 1339
3 1734 1339 1338
3 1321 1339 1717
3 1717 1339 1733
3 1737 1736 1735
3 1735 1738 1737
3 1735 1736 1739
3 1739 1736 1740
3 1738 1735 1741
3 1741 1735 1739
3 1744 1743 1742
3 1744 1742 1740
3 1742 1739 1740
3 1742 1745 1739
3 1741 1739 1746
3 1746 1739 1745
3 1742 1743 1342
3 1743 1341 1342
3 1743 1747 1341
3 1742 1342 1343
3 1742 1343 1745
3 1343 1345 1745
3 1345 1746 1745
3 1345 1748 1746
3 1747 1347 1341
3 1749 1347 1747
3 1349 1748 1345
3 1349 1750 1748
3 1752 1751 1352
3 1352 1751 1351
3 1352 1347 1749
3 1352 1749 1752
3 1354 1753 1355
3 1753 1754 1355
3 1754 1349 1355
3 1754 1750 1349
3 1751 1357 1351
3 1755 1357 1751
3 1757 1756 1753
3 1354 1757 1753
3 1358 1757 1354
3 1753 1756 1754
3 1760 1759 1758
3 1755 1760 1758
3 1359 1755 1758
3 1357 1755 1359
3 1360 1757 1358
3 1360 1761 1757
3 1758 1759 1363
3 1759 1362 1363
3 1759 1762 1362
3 1758 1363 1359
3 1365 1761 1360
3 1365 1763 1761
3 1766 1765 1764
3 1762 1766 1764
3 1366 1762 1764
3 1362 1762 1366
3 1368 1763 1365
3 1368 1767 1763
3 1764 1765 1371
3 1765 1370 1371
3 1765 1768 1370
3 1764 1371 1366
3 1771 1770 1769
3 1770 1767 1769
3 1767 1372 1769
3 1767 1368 1372
3 1774 1773 1772
3 1374 1375 1772
3 1375 1774 1772
3 1375 1775 1774
3 1375 1370 1768
3 1375 1768 1775
3 1771 1769 1380
3 1379 1771 1380
3 1776 1771 1379
3 1380 1769 1372
3 1779 1778 1777
3 1382 1383 1777
3 1383 1779 1777
3 1383 1780 1779
3 1384 1772 1773
3 1780 1384 1773
3 1383 1384 1780
3 1772 1384 1374
3 1388 1781 1389
3 1389 1781 1782
3 1783 1389 1782
3 1390 1389 1783
3 1379 1390 1776
3 1776 1390 1783
3 1786 1785 1784
3 1786 1784 1778
3 1778 1784 1777
3 1784 1392 1777
3 1392 1393 1777
3 1777 1393 1382
3 1788 1787 1781
3 1388 1788 1781
3 1396 1788 1388
3 1781 1787 1782
3 1784 1785 1399
3 1785 1398 1399
3 1785 1789 1398
3 1784 1399 1392
3 1401 1788 1396
3 1401 1790 1788
3 1789 1791 1398
3 1398 1791 1402
3 1403 1402 1791
3 1403 1791 1792
3 1405 1790 1401
3 1405 1793 1790
3 1792 1406 1403
3 1794 1406 1792
3 1408 1793 1405
3 1408 1795 1793
3 1794 1409 1406
3 1796 1409 1794
3 1411 1795 1408
3 1411 1797 1795
3 1799 1798 1414
3 1414 1798 1413
3 1414 1409 1796
3 1414 1796 1799
3 1417 1797 1411
3 1417 1800 1797
3 1798 1419 1413
3 1801 1419 1798
3 1421 1800 1417
3 1421 1802 1800
3 1801 1423 1419
3 1803 1423 1801
3 1425 1805 1804
3 1802 1425 1804
3 1421 1425 1802
3 1805 1806 1804
3 1803 1426 1423
3 1807 1426 1803
3 1428 1808 1805
3 1428 1805 1425
3 1806 1805 1809
3 1809 1805 1808
3 1810 1430 1431
3 1811 1810 1431
3 1426 1811 1431
3 1807 1811 1426
3 1813 1812 1808
3 1428 1813 1808
3 1433 1813 1428
3 1808 1812 1809
3 1815 1814 1810
3 1814 1430 1810
3 1814 1435 1430
3 1815 1810 1811
3 1817 1816 1436
3 1817 1436 1437
3 1433 1436 1813
3 1813 1436 1816
3 1814 1439 1435
3 1818 1439 1814
3 1441 1817 1437
3 1441 1819 1817
3 1818 1442 1439
3 1820 1442 1818
3 1444 1819 1441
3 1444 1821 1819
3 1824 1823 1822
3 1446 1447 1822
3 1447 1824 1822
3 1447 1825 1824
3 1826 1447 1448
3 1826 1825 1447
3 1828 1827 1450
3 1827 1448 1450
3 1827 1826 1448
3 1828 1829 1827
3 1832 1831 1830
3 1820 1832 1830
3 1451 1820 1830
3 1442 1820 1451
3 1453 1821 1444
3 1453 1833 1821
3 1835 1834 1456
3 1456 1834 1455
3 1457 1822 1823
3 1835 1457 1823
3 1456 1457 1835
3 1822 1457 1446
3 1458 1828 1450
3 1837 1836 1459
3 1459 1836 1458
3 1836 1829 1458
3 1829 1828 1458
3 1837 1838 1836
3 1830 1831 1462
3 1831 1461 1462
3 1831 1839 1461
3 1830 1462 1451
3 1464 1833 1453
3 1464 1840 1833
3 1834 1465 1455
3 1841 1465 1834
3 1466 1837 1459
3 1466 1467 1837
3 1467 1838 1837
3 1467 1842 1838
3 1839 1468 1461
3 1843 1468 1839
3 1470 1840 1464
3 1470 1844 1840
3 1841 1471 1465
3 1845 1471 1841
3 1846 1842 1467
3 1846 1467 1472
3 1472 1474 1846
3 1846 1474 1847
3 1843 1476 1468
3 1848 1476 1843
3 1478 1849 1477
3 1849 1850 1477
3 1850 1470 1477
3 1850 1844 1470
3 1853 1852 1851
3 1851 1854 1853
3 1856 1855 1480
3 1480 1855 1479
3 1480 1471 1845
3 1480 1845 1856
3 1482 1847 1474
3 1482 1857 1847
3 1859 1858 1484
3 1484 1858 1483
3 1484 1476 1848
3 1484 1848 1859
3 1485 1849 1478
3 1485 1487 1849
3 1487 1850 1849
3 1487 1860 1850
3 1851 1852 1490
3 1852 1489 1490
3 1852 1861 1489
3 1862 1854 1851
3 1490 1862 1851
3 1491 1862 1490
3 1864 1863 1493
3 1863 1491 1493
3 1863 1862 1491
3 1864 1865 1863
3 1866 1495 1496
3 1867 1866 1496
3 1479 1867 1496
3 1855 1867 1479
3 1497 1869 1868
3 1857 1497 1868
3 1482 1497 1857
3 1869 1870 1868
3 1858 1498 1483
3 1871 1498 1858
3 1873 1872 1499
3 1873 1499 1500
3 1487 1499 1860
3 1860 1499 1872
3 1876 1875 1874
3 1861 1876 1874
3 1502 1861 1874
3 1489 1861 1502
3 1504 1864 1493
3 1878 1877 1506
3 1506 1877 1504
3 1877 1865 1504
3 1865 1864 1504
3 1878 1879 1877
3 1880 1508 1866
3 1866 1508 1495
3 1866 1867 1881
3 1866 1881 1880
3 1509 1869 1497
3 1509 1510 1869
3 1510 1870 1869
3 1510 1882 1870
3 1884 1883 1513
3 1513 1883 1512
3 1513 1498 1871
3 1513 1871 1884
3 1887 1886 1885
3 1886 1873 1885
3 1873 1515 1885
3 1873 1500 1515
3 1875 1888 1874
3 1502 1874 1888
3 1889 1502 1888
3 1517 1502 1889
3 1520 1890 1878
3 1520 1878 1506
3 1879 1878 1891
3 1878 1892 1891
3 1878 1890 1892
3 1508 1892 1522
3 1892 1508 1891
3 1880 1891 1508
3 1891 1880 1893
3 1894 1893 1880
3 1880 1881 1895
3 1880 1895 1894
3 1523 1882 1510
3 1523 1896 1882
3 1883 1524 1512
3 1897 1524 1883
3 1887 1885 1525
3 1526 1887 1525
3 1898 1887 1526
3 1525 1885 1515
3 1889 1528 1517
3 1899 1528 1889
3 1530 1890 1520
3 1890 1530 1532
3 1890 1532 1892
3 1894 1900 1893
3 1522 1892 1532
3 1900 1894 1895
3 1536 1896 1523
3 1536 1901 1896
3 1904 1903 1902
3 1906 1905 1902
3 1902 1905 1904
3 1908 1907 1906
3 1906 1907 1905
3 1908 1909 1907
3 1911 1910 1539
3 1539 1910 1538
3 1539 1524 1897
3 1539 1897 1911
3 1540 1898 1526
3 1540 1912 1898
3 1899 1542 1528
3 1913 1542 1899
3 1544 1901 1536
3 1544 1914 1901
3 1917 1916 1915
3 1917 1915 1903
3 1903 1915 1902
3 1915 1546 1902
3 1546 1547 1902
3 1902 1547 1548
3 1902 1548 1906
3 1906 1548 1550
3 1906 1550 1908
3 1550 1552 1908
3 1552 1909 1908
3 1552 1918 1909
3 1910 1553 1538
3 1919 1553 1910
3 1920 1912 1540
3 1920 1540 1554
3 1554 1555 1920
3 1920 1555 1921
3 1924 1923 1922
3 1913 1924 1922
3 1557 1913 1922
3 1542 1913 1557
3 1558 1914 1544
3 1558 1925 1914
3 1928 1927 1926
3 1928 1926 1916
3 1916 1926 1915
3 1926 1560 1915
3 1560 1561 1915
3 1915 1561 1546
3 1565 1918 1552
3 1565 1929 1918
3 1919 1566 1553
3 1930 1566 1919
3 1931 1921 1555
3 1931 1555 1567
3 1567 1569 1931
3 1931 1569 1932
3 1935 1934 1933
3 1935 1933 1923
3 1923 1933 1922
3 1933 1571 1922
3 1571 1572 1922
3 1922 1572 1557
3 1936 1925 1558
3 1936 1558 1573
3 1938 1936 1937
3 1936 1574 1937
3 1936 1573 1574
3 1576 1939 1574
3 1574 1939 1937
3 1577 1940 1576
3 1576 1940 1939
3 1940 1577 1941
3 1577 1942 1941
3 1577 1578 1942
3 1943 1578 1579
3 1943 1942 1578
3 1944 1579 1580
3 1944 1943 1579
3 1945 1580 1581
3 1945 1944 1580
3 1946 1581 1582
3 1946 1945 1581
3 1947 1582 1583
3 1947 1946 1582
3 1948 1583 1585
3 1948 1947 1583
3 1949 1585 1587
3 1949 1948 1585
3 1950 1587 1589
3 1950 1949 1587
3 1951 1589 1591
3 1951 1950 1589
3 1593 1926 1927
3 1951 1593 1927
3 1591 1593 1951
3 1926 1593 1560
3 1596 1953 1952
3 1929 1596 1952
3 1565 1596 1929
3 1953 1954 1952
3 1930 1597 1566
3 1955 1597 1930
3 1956 1932 1569
3 1956 1569 1598
3 1957 1933 1600
3 1933 1956 1600
3 1956 1598 1600
3 1933 1934 1956
3 1957 1602 1571
3 1957 1571 1933
3 1958 1938 1937
3 1958 1937 1939
3 1958 1939 1959
3 1959 1939 1940
3 1959 1940 1960
3 1960 1940 1941
3 1604 1953 1596
3 1604 1606 1953
3 1606 1954 1953
3 1606 1961 1954
3 1955 1607 1597
3 1962 1607 1955
3 1609 1957 1600
3 1957 1609 1602
3 1615 1964 1963
3 1961 1615 1963
3 1606 1615 1961
3 1966 1965 1964
3 1964 1965 1963
3 1966 1967 1965
3 1969 1968 1618
3 1618 1968 1617
3 1618 1607 1962
3 1618 1962 1969
3 1971 1970 1619
3 1971 1619 1620
3 1622 1619 1970
3 1622 1970 1972
3 1626 1964 1615
3 1964 1626 1628
3 1973 1964 1628
3 1966 1964 1973
3 1967 1966 1974
3 1966 1975 1974
3 1966 1973 1975
3 1968 1629 1617
3 1976 1629 1968
3 1979 1978 1977
3 1630 1631 1977
3 1978 1630 1977
3 1980 1630 1978
3 1620 1630 1971
3 1971 1630 1980
3 1972 1981 1622
3 1622 1981 1632
3 1633 1632 1981
3 1633 1981 1982
3 1985 1984 1983
3 1636 1635 1983
3 1984 1636 1983
3 1986 1636 1984
3 1638 1636 1986
3 1638 1986 1987
3 1990 1989 1988
3 1628 1640 1973
3 1988 1989 1991
3 1973 1640 1642
3 1992 1973 1642
3 1975 1973 1992
3 1994 1993 1645
3 1645 1993 1644
3 1645 1629 1976
3 1645 1976 1994
3 1979 1977 1648
3 1647 1979 1648
3 1995 1979 1647
3 1648 1977 1631
3 1982 1996 1633
3 1633 1996 1649
3 1650 1649 1996
3 1650 1996 1997
3 1999 1998 1653
3 1999 1653 1652
3 1653 2000 1654
3 1998 2000 1653
3 1983 1655 1985
3 1655 2000 1985
3 1655 1654 2000
3 1655 1983 1635
3 1987 2001 1638
3 1638 2001 1656
3 1656 2002 1657
3 2001 2002 1656
3 1657 2003 1658
3 2002 2003 1657
3 1988 1659 1990
3 1659 2003 1990
3 1659 1658 2003
3 1991 2004 1988
3 2004 1659 1988
3 2004 1660 1659
3 1642 1660 1992
3 1660 2005 1992
3 1660 2004 2005
3 2008 2007 2006
3 1993 2008 2006
3 1661 1993 2006
3 1644 1993 1661
3 2010 2009 1662
3 2010 1662 1663
3 1647 1662 1995
3 1995 1662 2009
3 2012 1664 2011
3 1664 1997 2011
3 1664 1650 1997
3 2013 2012 2011
3 2015 2014 1665
3 2015 1665 1666
3 1652 1665 1999
3 1999 1665 2014
3 2007 2016 2006
3 1661 2006 2016
3 2017 1661 2016
3 1667 1661 2017
3 2018 2010 1663
3 2018 1663 1669
3 1669 1671 2018
3 2018 1671 2019
3 2012 1672 1664
3 2021 2020 1674
3 2021 1674 1672
3 2013 2021 1672
3 2012 2013 1672
3 2022 2020 2021
3 2025 2024 2023
3 1675 1676 2023
3 2024 1675 2023
3 2026 1675 2024
3 1675 2027 1677
3 2026 2027 1675
3 1666 1677 2015
3 2015 1677 2027
3 2017 2028 1667
3 1667 2028 1678
3 1679 1678 2028
3 1679 2028 2029
3 1682 2031 2030
3 2019 1682 2030
3 1671 1682 2019
3 2031 2032 2030
3 2020 1683 1674
3 1684 1683 2020
3 2022 1684 2020
3 2033 1684 2022
3 2036 2035 2034
3 2038 2037 2034
3 2038 2034 2035
3 1686 1687 2037
3 2038 1686 2037
3 2039 1686 2038
3 1686 2040 1688
3 2039 2040 1686
3 2023 1689 2025
3 1689 2040 2025
3 1689 1688 2040
3 1689 2023 1676
3 2029 2041 1679
3 1679 2041 1690
3 1691 1690 2041
3 1691 2041 2042
3 1694 2043 2031
3 1694 2031 1682
3 2032 2031 2044
3 2044 2031 2043
3 2033 2045 1684
3 1684 2045 1695
3 1695 2046 1696
3 2045 2046 1695
3 2048 2047 1698
3 1696 2048 1698
3 2046 2048 1696
3 2049 2047 2048
3 2052 2051 2050
3 2053 2050 2051
3 2056 2055 2054
3 2058 2057 2054
3 2058 2054 2055
3 2060 2059 2057
3 2060 2057 2058
3 2062 2061 2059
3 2062 2059 2060
3 2061 2062 2036
3 2061 2036 2034
3 1702 2061 2034
3 1701 1702 2034
3 1701 2034 1703
3 1703 2034 2037
3 1703 2037 1687
3 2042 2063 1691
3 1691 2063 1704
3 1705 1704 2063
3 1705 2063 2064
3 1708 2065 2043
3 1708 2043 1694
3 2044 2043 2066
3 2066 2043 2065
3 2047 1709 1698
3 1711 1709 2047
3 2049 1711 2047
3 2067 1711 2049
3 2069 2068 1712
3 2069 1712 1713
3 2050 1714 2052
3 1714 2068 2052
3 1714 1712 2068
3 1715 1714 2050
3 2053 1715 2050
3 2070 1715 2053
3 2056 2054 1716
3 1717 2056 1716
3 2071 2056 1717
3 1716 2054 1718
3 1718 2054 2057
3 1718 2057 1719
3 1719 2057 2059
3 1719 2059 1720
3 1720 2059 2061
3 1720 2061 1702
3 2064 2072 1705
3 1705 2072 1721
3 1721 2073 1722
3 2072 2073 1721
3 1722 2074 1723
3 2073 2074 1722
3 1723 2075 1724
3 2074 2075 1723
3 1724 2076 1725
3 2075 2076 1724
3 1725 2077 1726
3 2076 2077 1725
3 1726 2078 1727
3 2077 2078 1726
3 1727 2078 1708
3 2078 2079 1708
3 2079 2065 1708
3 2079 2078 2080
3 2066 2065 2081
3 2081 2065 2079
3 2067 2082 1711
3 1711 2082 1728
3 1713 1728 2069
3 2069 1728 2082
3 2070 2083 1715
3 1715 2083 1729
3 2085 2084 1730
3 1729 2085 1730
3 2083 2085 1729
3 2086 2084 2085
3 2088 2087 1733
3 2088 1733 1734
3 1717 1733 2071
3 2071 1733 2087
3 2091 2090 2089
3 2089 2092 2091
3 2089 2090 1737
3 2090 1736 1737
3 2090 2093 1736
3 1737 1738 2089
3 1738 2092 2089
3 1738 2094 2092
3 2093 1740 1736
3 2095 1740 2093
3 1741 2094 1738
3 1741 2096 2094
3 2098 2097 1744
3 1744 2097 1743
3 1744 1740 2095
3 1744 2095 2098
3 1746 2096 1741
3 1746 2099 2096
3 2097 1747 1743
3 2100 1747 2097
3 1748 2099 1746
3 1748 2101 2099
3 2100 1749 1747
3 2102 1749 2100
3 1750 2101 1748
3 1750 2103 2101
3 2105 2104 1752
3 1752 2104 1751
3 1752 1749 2102
3 1752 2102 2105
3 2108 2107 2106
3 2107 2103 2106
3 2103 1754 2106
3 2103 1750 1754
3 2104 1755 1751
3 2109 1755 2104
3 2108 2106 1756
3 1757 2108 1756
3 2110 2108 1757
3 1756 2106 1754
3 2112 2111 1760
3 1760 2111 1759
3 1760 1755 2109
3 1760 2109 2112
3 1761 2110 1757
3 1761 2113 2110
3 2111 1762 1759
3 2114 1762 2111
3 1763 2113 1761
3 1763 2115 2113
3 2117 2116 1766
3 1766 2116 1765
3 1766 1762 2114
3 1766 2114 2117
3 2120 2119 2118
3 2119 2115 2118
3 2115 1767 2118
3 2115 1763 1767
3 2123 2122 2121
3 2116 2123 2121
3 1768 2116 2121
3 1765 2116 1768
3 2120 2118 1770
3 1771 2120 1770
3 2124 2120 1771
3 1770 2118 1767
3 2126 2125 1774
3 1774 2125 1773
3 1775 2121 2122
3 2126 1775 2122
3 1774 1775 2126
3 2121 1775 1768
3 2129 2128 2127
3 2128 2124 2127
3 2124 1776 2127
3 2124 1771 1776
3 2131 2130 1779
3 1779 2130 1778
3 2132 1779 1780
3 2132 2131 1779
3 1780 1773 2125
3 1780 2125 2132
3 2129 2127 1783
3 1782 2129 1783
3 2133 2129 1782
3 1783 2127 1776
3 2135 2134 1786
3 1786 2134 1785
3 1786 1778 2130
3 1786 2130 2135
3 2137 2136 1787
3 2137 1787 1788
3 1782 1787 2133
3 2133 1787 2136
3 2139 1789 2138
3 1789 2134 2138
3 1789 1785 2134
3 2140 2139 2138
3 1790 2137 1788
3 1790 2141 2137
3 2139 1791 1789
3 1792 1791 2139
3 2140 1792 2139
3 2142 1792 2140
3 1793 2141 1790
3 1793 2143 2141
3 2142 1794 1792
3 2144 1794 2142
3 1795 2143 1793
3 1795 2145 2143
3 2144 1796 1794
3 2146 1796 2144
3 1797 2145 1795
3 1797 2147 2145
3 2149 2148 1799
3 1799 2148 1798
3 1799 1796 2146
3 1799 2146 2149
3 1800 2147 1797
3 1800 2150 2147
3 2148 1801 1798
3 2151 1801 2148
3 1802 2150 1800
3 1802 2152 2150
3 2151 1803 1801
3 2153 1803 2151
3 2154 2152 1802
3 2154 1802 1804
3 1804 1806 2154
3 2154 1806 2155
3 2153 1807 1803
3 2156 1807 2153
3 2159 2158 2157
3 2158 2155 2157
3 2155 1809 2157
3 2155 1806 1809
3 2156 1811 1807
3 2160 1811 2156
3 2163 2162 2161
3 2161 2162 2159
3 2161 2159 2157
3 1813 2161 2157
3 1812 1813 2157
3 1812 2157 1809
3 2165 2164 1815
3 1815 2164 1814
3 1815 1811 2160
3 1815 2160 2165
3 2163 2161 1816
3 1817 2163 1816
3 2166 2163 1817
3 1816 2161 1813
3 2164 1818 1814
3 2167 1818 2164
3 1819 2166 1817
3 1819 2168 2166
3 2167 1820 1818
3 2169 1820 2167
3 1821 2168 1819
3 1821 2170 2168
3 2171 1823 1824
3 1825 2172 1824
3 1824 2172 2171
3 1826 2173 1825
3 1825 2173 2172
3 1827 2174 1826
3 1826 2174 2173
3 1829 2174 1827
3 2176 2175 1832
3 1832 2175 1831
3 1832 1820 2169
3 1832 2169 2176
3 1833 2170 1821
3 1833 2177 2170
3 2178 1834 1835
3 1823 2171 1835
3 2171 2178 1835
3 2171 2179 2178
3 2180 2171 2172
3 2179 2171 2180
3 2181 2172 2173
3 2180 2172 2181
3 2182 2173 2174
3 2181 2173 2182
3 2182 2174 1829
3 2183 2182 1829
3 1836 2183 1829
3 2184 2182 2183
3 1836 1838 2183
3 2183 1838 2185
3 2175 1839 1831
3 2186 1839 2175
3 1840 2177 1833
3 1840 2187 2177
3 2188 1841 2178
3 2178 1841 1834
3 2189 2178 2179
3 2188 2178 2189
3 2190 2179 2180
3 2189 2179 2190
3 2191 2180 2181
3 2190 2180 2191
3 2192 2181 2182
3 2191 2181 2192
3 2182 2184 2193
3 2182 2193 2192
3 1842 2185 1838
3 1842 2194 2185
3 2186 1843 1839
3 2195 1843 2186
3 2198 2197 2196
3 2197 2187 2196
3 2187 1844 2196
3 2187 1840 1844
3 2199 1845 2188
3 2188 1845 1841
3 2200 2188 2189
3 2199 2188 2200
3 2201 2189 2190
3 2200 2189 2201
3 2202 2190 2191
3 2201 2190 2202
3 2203 2191 2192
3 2202 2191 2203
3 2192 2193 2204
3 2192 2204 2203
3 2205 2194 1842
3 2205 1842 1846
3 1846 1847 2205
3 2205 1847 2206
3 2195 1848 1843
3 2207 1848 2195
3 2208 2198 2196
3 2196 1844 2208
3 1844 2209 2208
3 1844 1850 2209
3 2211 2210 1853
3 1853 2210 1852
3 1853 1854 2211
3 2211 1854 2212
3 2213 1855 1856
3 1845 2199 1856
3 2199 2213 1856
3 2199 2214 2213
3 2215 2199 2200
3 2214 2199 2215
3 2216 2200 2201
3 2215 2200 2216
3 2217 2201 2202
3 2216 2201 2217
3 2218 2202 2203
3 2217 2202 2218
3 2203 2204 2219
3 2203 2219 2218
3 1857 2206 1847
3 1857 2220 2206
3 2222 2221 1859
3 1859 2221 1858
3 1859 1848 2207
3 1859 2207 2222
3 2225 2224 2223
3 2224 2209 2223
3 2209 1860 2223
3 2209 1850 1860
3 2210 1861 1852
3 2226 1861 2210
3 2227 2212 1854
3 2227 1854 1862
3 2228 1862 1863
3 2228 2227 1862
3 1863 1865 2228
3 2228 1865 2229
3 2230 1867 2213
3 2213 1867 1855
3 2231 2213 2214
3 2230 2213 2231
3 2232 2214 2215
3 2231 2214 2232
3 2233 2215 2216
3 2232 2215 2233
3 2234 2216 2217
3 2233 2216 2234
3 2235 2217 2218
3 2234 2217 2235
3 2218 2219 2236
3 2218 2236 2235
3 1857 1868 2237
3 2238 1857 2237
3 2220 1857 2238
3 1870 2237 1868
3 2221 1871 1858
3 2239 1871 2221
3 2225 2223 1872
3 1873 2225 1872
3 2240 2225 1873
3 1872 2223 1860
3 2241 1875 1876
3 2242 2241 1876
3 1861 2242 1876
3 2226 2242 1861
3 1865 1877 2243
3 2244 1865 2243
3 2229 1865 2244
3 1879 2243 1877
3 2245 1881 2230
3 2230 1881 1867
3 2246 2230 2231
3 2245 2230 2246
3 2247 2231 2232
3 2246 2231 2247
3 2248 2232 2233
3 2247 2232 2248
3 2249 2233 2234
3 2248 2233 2249
3 2250 2234 2235
3 2249 2234 2250
3 2235 2236 2251
3 2235 2251 2250
3 2238 2237 2252
3 2238 2252 2253
3 1882 2252 1870
3 1870 2252 2237
3 2255 2254 1884
3 1884 2254 1883
3 1884 1871 2239
3 1884 2239 2255
3 2257 2256 1886
3 2257 1886 1887
3 1873 1886 2240
3 2240 1886 2256
3 2241 1888 1875
3 1889 1888 2241
3 2242 1889 2241
3 2258 1889 2242
3 2244 2243 2259
3 2244 2259 2260
3 1891 2261 1879
3 2261 2243 1879
3 2261 2259 2243
3 1893 2261 1891
3 2262 1895 2245
3 2245 1895 1881
3 2263 2245 2246
3 2262 2245 2263
3 2264 2246 2247
3 2263 2246 2264
3 2265 2247 2248
3 2264 2247 2265
3 2266 2248 2249
3 2265 2248 2266
3 2250 2268 2267
3 2266 2250 2267
3 2249 2250 2266
3 2268 2250 2251
3 2253 2252 2269
3 2253 2269 2270
3 1896 2269 1882
3 1882 2269 2252
3 2254 1897 1883
3 2271 1897 2254
3 1898 2257 1887
3 1898 2272 2257
3 2258 1899 1889
3 2273 1899 2258
3 2276 2275 2274
3 2277 2274 2275
3 2278 2260 2259
3 2280 2279 2278
3 2259 2280 2278
3 2261 2280 2259
3 1900 2281 1893
3 2281 2261 1893
3 2281 2280 2261
3 1895 2262 1900
3 2262 2281 1900
3 2262 2282 2281
3 2283 2262 2263
3 2282 2262 2283
3 2284 2263 2264
3 2283 2263 2284
3 2265 2286 2285
3 2284 2265 2285
3 2264 2265 2284
3 2286 2265 2266
3 2286 2266 2287
3 2287 2266 2267
3 2270 2269 2288
3 2270 2288 2289
3 1901 2288 1896
3 1896 2288 2269
3 2291 2290 1904
3 1904 2290 1903
3 2292 1904 1905
3 2292 2291 1904
3 2293 1905 1907
3 2293 2292 1905
3 1907 1909 2293
3 2293 1909 2294
3 2296 2295 1911
3 1911 2295 1910
3 1911 1897 2271
3 1911 2271 2296
3 1912 2272 1898
3 1912 2297 2272
3 2273 1913 1899
3 2298 1913 2273
3 2276 2274 2299
3 2276 2299 2300
3 2274 2277 2301
3 2302 2274 2301
3 2299 2274 2302
3 2303 2302 2301
3 2304 2279 2280
3 2306 2305 2304
3 2280 2306 2304
3 2281 2306 2280
3 2307 2281 2282
3 2306 2281 2307
3 2283 2309 2308
3 2307 2283 2308
3 2282 2283 2307
3 2309 2283 2284
3 2309 2284 2310
3 2310 2284 2285
3 2289 2288 2311
3 2289 2311 2312
3 1914 2311 1901
3 1901 2311 2288
3 2314 2313 1917
3 1917 2313 1916
3 1917 1903 2290
3 1917 2290 2314
3 1918 2294 1909
3 1918 2315 2294
3 2295 1919 1910
3 2316 1919 2295
3 1912 1920 2317
3 2318 1912 2317
3 2297 1912 2318
3 1921 2317 1920
3 2319 1923 1924
3 2320 2319 1924
3 1913 2320 1924
3 2298 2320 1913
3 2300 2299 2321
3 2300 2321 2322
3 2323 2299 2302
3 2321 2299 2323
3 2302 2303 2324
3 2302 2324 2323
3 2305 2306 2325
3 2305 2325 2326
3 2307 2328 2327
3 2325 2307 2327
3 2306 2307 2325
3 2328 2307 2308
3 2329 2312 2311
3 2311 1914 2329
3 1914 2330 2329
3 1914 1925 2330
3 2331 1927 1928
3 2332 2331 1928
3 1916 2332 1928
3 2313 2332 1916
3 1929 2315 1918
3 1929 2333 2315
3 2316 1930 1919
3 2334 1930 2316
3 2335 2318 2317
3 2337 2335 2336
3 2336 2335 1931
3 2335 2317 1931
3 2317 1921 1931
3 1932 2336 1931
3 2338 1934 1935
3 2339 2338 1935
3 2339 1935 1923
3 2340 2339 1923
3 2319 2340 1923
3 2340 2319 2320
3 2341 2322 2321
3 2341 2321 2323
3 2341 2323 2342
3 2342 2323 2324
3 2326 2325 2343
3 2326 2343 2344
3 2325 2327 2345
3 2325 2345 2343
3 1925 1936 2346
3 2347 1925 2346
3 2330 1925 2347
3 1938 2346 1936
3 2348 1941 1942
3 1943 2349 1942
3 1942 2349 2348
3 1944 2350 1943
3 1943 2350 2349
3 2350 1944 2351
3 1944 2352 2351
3 1944 1945 2352
3 2353 1945 1946
3 2353 2352 1945
3 2354 1946 1947
3 2354 2353 1946
3 2356 2354 2355
3 2354 1948 2355
3 2354 1947 1948
3 2355 1948 2357
3 1948 2358 2357
3 1948 1949 2358
3 2359 1949 1950
3 2359 2358 1949
3 2360 1950 1951
3 2360 2359 1950
3 1951 1927 2331
3 2361 1951 2331
3 2360 1951 2361
3 2361 2331 2332
3 1929 1952 2362
3 2363 1929 2362
3 2333 1929 2363
3 1954 2362 1952
3 2334 1955 1930
3 2364 1955 2334
3 2337 2336 2365
3 2337 2365 2366
3 1956 2367 1932
3 2367 2336 1932
3 2367 2365 2336
3 1934 2338 1956
3 2338 2367 1956
3 2338 2368 2367
3 2338 2339 2369
3 2338 2369 2368
3 2372 2371 2370
3 2370 2371 2344
3 2343 2370 2344
3 2373 2370 2343
3 2343 2345 2374
3 2343 2374 2373
3 2375 2347 2346
3 2375 2346 1938
3 1958 2375 1938
3 2376 2375 1958
3 2378 2376 2377
3 2376 1959 2377
3 2376 1958 1959
3 2377 1959 2379
3 1959 2380 2379
3 1959 1960 2380
3 1960 1941 2348
3 2381 1960 2348
3 2380 1960 2381
3 2381 2348 2349
3 2381 2349 2382
3 2384 2383 2382
3 2349 2384 2382
3 2350 2384 2349
3 2350 2351 2385
3 2350 2385 2384
3 2386 2356 2355
3 2386 2355 2357
3 2389 2388 2387
3 2391 2390 2387
3 2391 2387 2388
3 2392 2390 2391
3 2393 2363 2362
3 1954 1961 2362
3 1961 2394 2362
3 2394 2393 2362
3 2394 1961 2395
3 2395 2396 2394
3 2399 2398 2397
3 2364 2399 2397
3 1962 2364 2397
3 1955 2364 1962
3 2366 2365 2400
3 2366 2400 2401
3 2402 2365 2367
3 2400 2365 2402
3 2403 2367 2368
3 2402 2367 2403
3 2368 2369 2404
3 2368 2404 2403
3 2372 2370 2405
3 2372 2405 2406
3 2373 2408 2407
3 2405 2373 2407
3 2370 2373 2405
3 2408 2373 2374
3 2409 2378 2377
3 2409 2377 2379
3 2410 2383 2384
3 2410 2384 2385
3 2413 2412 2411
3 2414 2411 2412
3 2415 2389 2387
3 2417 2416 2415
3 2387 2417 2415
3 2390 2417 2387
3 2390 2392 2418
3 2419 2390 2418
3 2417 2390 2419
3 2420 2419 2418
3 1963 2395 1961
3 2421 2396 2395
3 1963 2421 2395
3 1965 2421 1963
3 1965 1967 2421
3 2421 1967 2422
3 2397 2398 1969
3 2398 1968 1969
3 2398 2423 1968
3 2397 1969 1962
3 2426 2425 2424
3 2424 2425 2401
3 2400 2424 2401
3 2427 2424 2400
3 1971 2427 1970
3 2427 2402 1970
3 2427 2400 2402
3 1970 2402 1972
3 2402 2428 1972
3 2402 2403 2428
3 2403 2404 2429
3 2403 2429 2428
3 2406 2405 2430
3 2406 2430 2431
3 2405 2407 2432
3 2405 2432 2430
3 2413 2411 2433
3 2413 2433 2434
3 2411 2414 2435
3 2436 2411 2435
3 2433 2411 2436
3 2437 2436 2435
3 2416 2417 2438
3 2416 2438 2439
3 2440 2417 2419
3 2438 2417 2440
3 2419 2420 2441
3 2419 2441 2440
3 2442 2422 1967
3 2442 1967 1974
3 2423 1976 1968
3 2443 1976 2423
3 2426 2424 1978
3 1979 2426 1978
3 2444 2426 1979
3 1978 2424 1980
3 1980 2424 2427
3 1980 2427 1971
3 2428 1981 1972
3 2446 2445 1982
3 2446 1982 1981
3 2429 2446 1981
3 2428 2429 1981
3 2447 2445 2446
3 2431 2430 2448
3 2431 2448 2449
3 2430 2432 2450
3 2430 2450 2448
3 2434 2433 2451
3 2434 2451 2452
3 2436 2454 2453
3 2451 2436 2453
3 2433 2436 2451
3 2454 2436 2437
3 2457 2456 2455
3 2459 2458 2455
3 2459 2455 2456
3 2458 2459 2439
3 2458 2439 2438
3 1985 2458 2438
3 1984 1985 2438
3 1984 2438 1986
3 1986 2438 2440
3 2461 2460 1987
3 2461 1987 1986
3 2441 2461 1986
3 2440 2441 1986
3 2463 2462 2460
3 2463 2460 2461
3 2465 2464 2462
3 2465 2462 2463
3 1989 1990 2464
3 2465 1989 2464
3 2466 1989 2465
3 2468 2467 1991
3 1989 2468 1991
3 2466 2468 1989
3 2469 2467 2468
3 2471 2470 1994
3 1994 2470 1993
3 1994 1976 2443
3 1994 2443 2471
3 2474 2473 2472
3 2473 2444 2472
3 2444 1995 2472
3 2444 1979 1995
3 2445 1996 1982
3 2476 2475 1997
3 2476 1997 1996
3 2447 2476 1996
3 2445 2447 1996
3 2477 2475 2476
3 2449 2448 2478
3 2449 2478 2479
3 2448 2450 2480
3 2448 2480 2478
3 2483 2482 2481
3 2452 2451 2484
3 2482 2485 2481
3 2484 2451 2453
3 2488 2487 2486
3 2486 2487 2457
3 2486 2457 2455
3 1999 2486 2455
3 1998 1999 2455
3 1998 2455 2000
3 2000 2455 2458
3 2000 2458 1985
3 2460 2001 1987
3 2001 2460 2002
3 2002 2460 2462
3 2002 2462 2003
3 2003 2462 2464
3 2003 2464 1990
3 2467 2004 1991
3 2469 2489 2467
3 2489 2004 2467
3 2489 2005 2004
3 2491 2490 2008
3 2008 2490 2007
3 2008 1993 2470
3 2008 2470 2491
3 2474 2472 2009
3 2010 2474 2009
3 2492 2474 2010
3 2009 2472 1995
3 2475 2011 1997
3 2013 2011 2475
3 2477 2013 2475
3 2493 2013 2477
3 2479 2478 2494
3 2479 2494 2495
3 2478 2480 2496
3 2478 2496 2494
3 2499 2498 2497
3 2501 2500 2497
3 2501 2497 2498
3 2483 2481 2502
3 2501 2503 2500
3 2502 2481 2485
3 2506 2505 2504
3 2508 2507 2504
3 2508 2504 2505
3 2510 2509 2507
3 2510 2507 2508
3 2509 2510 2488
3 2509 2488 2486
3 2015 2509 2486
3 2014 2015 2486
3 2014 2486 1999
3 2490 2511 2007
3 2007 2511 2016
3 2017 2016 2511
3 2017 2511 2512
3 2513 2492 2010
3 2513 2010 2018
3 2018 2019 2513
3 2513 2019 2514
3 2493 2515 2013
3 2013 2515 2021
3 2022 2021 2515
3 2022 2515 2516
3 2519 2518 2517
3 2517 2518 2495
3 2494 2517 2495
3 2520 2517 2494
3 2494 2496 2521
3 2522 2494 2521
3 2520 2494 2522
3 2523 2522 2521
3 2526 2525 2524
3 2524 2525 2499
3 2497 2524 2499
3 2527 2524 2497
3 2528 2497 2500
3 2527 2497 2528
3 2500 2503 2529
3 2530 2500 2529
3 2528 2500 2530
3 2532 2531 2530
3 2532 2530 2529
3 2531 2532 2506
3 2531 2506 2504
3 2025 2531 2504
3 2024 2025 2504
3 2024 2504 2026
3 2026 2504 2507
3 2026 2507 2027
3 2027 2507 2509
3 2027 2509 2015
3 2512 2533 2017
3 2017 2533 2028
3 2029 2028 2533
3 2029 2533 2534
3 2535 2514 2019
3 2535 2019 2030
3 2030 2032 2535
3 2535 2032 2536
3 2538 2033 2537
3 2033 2516 2537
3 2033 2022 2516
3 2538 2537 2519
3 2517 2538 2519
3 2539 2538 2517
3 2540 2517 2520
3 2539 2517 2540
3 2541 2520 2522
3 2540 2520 2541
3 2522 2523 2542
3 2543 2522 2542
3 2541 2522 2543
3 2545 2544 2543
3 2545 2543 2542
3 2547 2546 2544
3 2547 2544 2545
3 2548 2546 2547
3 2551 2550 2549
3 2553 2552 2549
3 2553 2549 2550
3 2555 2554 2552
3 2555 2552 2553
3 2557 2556 2554
3 2557 2554 2555
3 2556 2557 2526
3 2524 2556 2526
3 2558 2556 2524
3 2036 2558 2035
3 2558 2527 2035
3 2558 2524 2527
3 2035 2527 2038
3 2038 2527 2528
3 2038 2528 2039
3 2039 2528 2530
3 2039 2530 2040
3 2040 2530 2531
3 2040 2531 2025
3 2534 2559 2029
3 2029 2559 2041
3 2042 2041 2559
3 2042 2559 2560
3 2563 2562 2561
3 2562 2536 2561
3 2536 2044 2561
3 2536 2032 2044
3 2538 2045 2033
3 2045 2538 2046
3 2046 2538 2539
3 2046 2539 2048
3 2048 2539 2540
3 2540 2541 2564
3 2049 2540 2564
3 2565 2049 2564
3 2540 2049 2048
3 2567 2566 2564
3 2541 2567 2564
3 2543 2567 2541
3 2052 2567 2051
3 2567 2544 2051
3 2567 2543 2544
3 2051 2544 2053
3 2544 2568 2053
3 2544 2546 2568
3 2546 2548 2569
3 2570 2546 2569
3 2568 2546 2570
3 2571 2570 2569
3 2551 2549 2572
3 2551 2572 2573
3 2056 2572 2055
3 2572 2552 2055
3 2572 2549 2552
3 2055 2552 2058
3 2058 2552 2554
3 2058 2554 2060
3 2060 2554 2556
3 2060 2556 2062
3 2062 2556 2558
3 2062 2558 2036
3 2560 2574 2042
3 2042 2574 2063
3 2064 2063 2574
3 2064 2574 2575
3 2576 2563 2561
3 2561 2044 2576
3 2044 2577 2576
3 2044 2066 2577
3 2579 2067 2578
3 2067 2565 2578
3 2067 2049 2565
3 2579 2578 2566
3 2579 2566 2567
3 2069 2579 2567
3 2068 2069 2567
3 2068 2567 2052
3 2580 2070 2568
3 2568 2070 2053
3 2581 2568 2570
3 2580 2568 2581
3 2570 2571 2582
3 2583 2570 2582
3 2581 2570 2583
3 2584 2583 2582
3 2573 2572 2585
3 2573 2585 2586
3 2071 2585 2056
3 2056 2585 2572
3 2575 2587 2064
3 2064 2587 2072
3 2072 2588 2073
3 2587 2588 2072
3 2073 2589 2074
3 2588 2589 2073
3 2074 2590 2075
3 2589 2590 2074
3 2075 2591 2076
3 2590 2591 2075
3 2076 2592 2077
3 2591 2592 2076
3 2077 2593 2078
3 2592 2593 2077
3 2080 2078 2593
3 2080 2593 2594
3 2081 2596 2595
3 2577 2081 2595
3 2066 2081 2577
3 2596 2597 2595
3 2579 2082 2067
3 2082 2579 2069
3 2580 2083 2070
3 2083 2580 2085
3 2085 2580 2581
3 2085 2581 2086
3 2581 2598 2086
3 2581 2583 2598
3 2583 2584 2599
3 2600 2583 2599
3 2598 2583 2600
3 2602 2601 2600
3 2602 2600 2599
3 2604 2603 2601
3 2604 2601 2602
3 2606 2605 2603
3 2606 2603 2604
3 2605 2606 2586
3 2605 2586 2585
3 2088 2605 2585
3 2087 2088 2585
3 2087 2585 2071
3 2607 2090 2091
3 2092 2607 2091
3 2608 2093 2607
3 2607 2093 2090
3 2094 2608 2092
3 2092 2608 2607
3 2609 2095 2608
3 2608 2095 2093
3 2096 2609 2094
3 2094 2609 2608
3 2610 2097 2098
3 2095 2609 2098
3 2609 2610 2098
3 2609 2611 2610
3 2099 2611 2096
3 2096 2611 2609
3 2613 2612 2610
3 2612 2097 2610
3 2612 2100 2097
3 2615 2614 2613
3 2610 2615 2613
3 2611 2615 2610
3 2101 2615 2099
3 2099 2615 2611
3 2612 2102 2100
3 2616 2102 2612
3 2614 2615 2617
3 2614 2617 2618
3 2103 2617 2101
3 2101 2617 2615
3 2619 2104 2105
3 2620 2619 2105
3 2102 2620 2105
3 2616 2620 2102
3 2618 2617 2107
3 2108 2618 2107
3 2621 2618 2108
3 2107 2617 2103
3 2623 2622 2619
3 2622 2104 2619
3 2622 2109 2104
3 2623 2619 2620
3 2110 2621 2108
3 2110 2624 2621
3 2626 2625 2112
3 2112 2625 2111
3 2112 2109 2622
3 2112 2622 2626
3 2113 2624 2110
3 2113 2627 2624
3 2625 2114 2111
3 2628 2114 2625
3 2631 2630 2629
3 2630 2627 2629
3 2627 2115 2629
3 2627 2113 2115
3 2633 2632 2117
3 2117 2632 2116
3 2117 2114 2628
3 2117 2628 2633
3 2631 2629 2119
3 2120 2631 2119
3 2634 2631 2120
3 2119 2629 2115
3 2636 2635 2123
3 2123 2635 2122
3 2123 2116 2632
3 2123 2632 2636
3 2639 2638 2637
3 2641 2640 2637
3 2641 2637 2638
3 2641 2634 2640
3 2634 2124 2640
3 2634 2120 2124
3 2643 2642 2126
3 2126 2642 2125
3 2126 2122 2635
3 2126 2635 2643
3 2639 2637 2644
3 2639 2644 2645
3 2129 2644 2128
3 2644 2640 2128
3 2644 2637 2640
3 2128 2640 2124
3 2647 2646 2131
3 2131 2646 2130
3 2648 2131 2132
3 2648 2647 2131
3 2132 2125 2642
3 2132 2642 2648
3 2645 2644 2649
3 2645 2649 2650
3 2133 2649 2129
3 2129 2649 2644
3 2651 2134 2135
3 2652 2651 2135
3 2130 2652 2135
3 2646 2652 2130
3 2650 2649 2136
3 2137 2650 2136
3 2653 2650 2137
3 2136 2649 2133
3 2651 2138 2134
3 2140 2138 2651
3 2652 2140 2651
3 2654 2140 2652
3 2657 2656 2655
3 2656 2653 2655
3 2653 2141 2655
3 2653 2137 2141
3 2654 2142 2140
3 2658 2142 2654
3 2657 2655 2659
3 2657 2659 2660
3 2143 2659 2141
3 2141 2659 2655
3 2658 2144 2142
3 2661 2144 2658
3 2660 2659 2662
3 2660 2662 2663
3 2145 2662 2143
3 2143 2662 2659
3 2661 2146 2144
3 2664 2146 2661
3 2663 2662 2665
3 2663 2665 2666
3 2147 2665 2145
3 2145 2665 2662
3 2667 2148 2149
3 2668 2667 2149
3 2146 2668 2149
3 2664 2668 2146
3 2666 2665 2669
3 2666 2669 2670
3 2150 2669 2147
3 2147 2669 2665
3 2671 2151 2667
3 2667 2151 2148
3 2667 2668 2672
3 2667 2672 2671
3 2673 2670 2669
3 2669 2150 2673
3 2150 2674 2673
3 2150 2152 2674
3 2675 2153 2671
3 2671 2153 2151
3 2671 2672 2676
3 2671 2676 2675
3 2152 2154 2677
3 2678 2152 2677
3 2674 2152 2678
3 2155 2677 2154
3 2680 2679 2675
3 2679 2153 2675
3 2679 2156 2153
3 2680 2675 2676
3 2683 2682 2681
3 2681 2682 2678
3 2681 2678 2677
3 2159 2681 2677
3 2158 2159 2677
3 2158 2677 2155
3 2679 2160 2156
3 2684 2160 2679
3 2683 2681 2162
3 2163 2683 2162
3 2685 2683 2163
3 2162 2681 2159
3 2686 2164 2165
3 2687 2686 2165
3 2160 2687 2165
3 2684 2687 2160
3 2690 2689 2688
3 2689 2685 2688
3 2685 2166 2688
3 2685 2163 2166
3 2692 2691 2686
3 2691 2164 2686
3 2691 2167 2164
3 2692 2686 2687
3 2690 2688 2693
3 2690 2693 2694
3 2168 2693 2166
3 2166 2693 2688
3 2691 2169 2167
3 2695 2169 2691
3 2694 2693 2696
3 2694 2696 2697
3 2170 2696 2168
3 2168 2696 2693
3 2698 2175 2176
3 2699 2698 2176
3 2169 2699 2176
3 2695 2699 2169
3 2697 2696 2700
3 2697 2700 2701
3 2177 2700 2170
3 2170 2700 2696
3 2702 2184 2183
3 2185 2702 2183
3 2704 2703 2698
3 2703 2175 2698
3 2703 2186 2175
3 2704 2698 2699
3 2701 2700 2705
3 2701 2705 2706
3 2187 2705 2177
3 2177 2705 2700
3 2707 2193 2702
3 2702 2193 2184
3 2194 2707 2185
3 2185 2707 2702
3 2703 2195 2186
3 2708 2195 2703
3 2706 2705 2197
3 2198 2706 2197
3 2709 2706 2198
3 2197 2705 2187
3 2710 2204 2707
3 2707 2204 2193
3 2205 2711 2194
3 2711 2707 2194
3 2711 2710 2707
3 2206 2711 2205
3 2708 2207 2195
3 2712 2207 2708
3 2198 2208 2713
3 2714 2198 2713
3 2709 2198 2714
3 2209 2713 2208
3 2715 2210 2211
3 2212 2715 2211
3 2716 2219 2710
3 2710 2219 2204
3 2717 2710 2711
3 2716 2710 2717
3 2220 2717 2206
3 2206 2717 2711
3 2719 2718 2222
3 2222 2718 2221
3 2222 2207 2712
3 2222 2712 2719
3 2714 2713 2224
3 2225 2714 2224
3 2720 2714 2225
3 2224 2713 2209
3 2721 2226 2715
3 2715 2226 2210
3 2227 2722 2212
3 2722 2715 2212
3 2722 2721 2715
3 2228 2723 2227
3 2227 2723 2722
3 2229 2723 2228
3 2724 2236 2716
3 2716 2236 2219
3 2725 2716 2717
3 2724 2716 2725
3 2238 2725 2220
3 2220 2725 2717
3 2718 2239 2221
3 2726 2239 2718
3 2729 2728 2727
3 2728 2720 2727
3 2720 2240 2727
3 2720 2225 2240
3 2730 2242 2721
3 2721 2242 2226
3 2731 2721 2722
3 2730 2721 2731
3 2732 2722 2723
3 2731 2722 2732
3 2244 2732 2229
3 2229 2732 2723
3 2733 2251 2724
3 2724 2251 2236
3 2725 2735 2734
3 2733 2725 2734
3 2724 2725 2733
3 2725 2238 2735
3 2238 2736 2735
3 2238 2253 2736
3 2738 2737 2255
3 2255 2737 2254
3 2255 2239 2726
3 2255 2726 2738
3 2729 2727 2256
3 2257 2729 2256
3 2739 2729 2257
3 2256 2727 2240
3 2740 2258 2730
3 2730 2258 2242
3 2741 2730 2731
3 2740 2730 2741
3 2742 2731 2732
3 2741 2731 2742
3 2260 2742 2244
3 2244 2742 2732
3 2743 2267 2268
3 2251 2733 2268
3 2733 2743 2268
3 2733 2744 2743
3 2733 2734 2745
3 2733 2745 2744
3 2270 2736 2253
3 2270 2746 2736
3 2737 2271 2254
3 2747 2271 2737
3 2750 2749 2748
3 2749 2739 2748
3 2739 2272 2748
3 2739 2257 2272
3 2751 2273 2740
3 2740 2273 2258
3 2276 2751 2275
3 2751 2741 2275
3 2751 2740 2741
3 2275 2741 2277
3 2741 2752 2277
3 2741 2742 2752
3 2278 2753 2260
3 2753 2742 2260
3 2753 2752 2742
3 2279 2753 2278
3 2754 2285 2286
3 2287 2755 2286
3 2286 2755 2754
3 2267 2743 2287
3 2743 2755 2287
3 2743 2756 2755
3 2744 2758 2757
3 2756 2744 2757
3 2743 2744 2756
3 2758 2744 2745
3 2289 2746 2270
3 2289 2759 2746
3 2761 2760 2291
3 2291 2760 2290
3 2762 2291 2292
3 2762 2761 2291
3 2763 2292 2293
3 2763 2762 2292
3 2293 2294 2763
3 2763 2294 2764
3 2765 2295 2296
3 2766 2765 2296
3 2271 2766 2296
3 2747 2766 2271
3 2750 2748 2767
3 2750 2767 2768
3 2297 2767 2272
3 2272 2767 2748
3 2769 2298 2751
3 2751 2298 2273
3 2300 2769 2276
3 2276 2769 2751
3 2752 2301 2277
3 2301 2752 2303
3 2752 2770 2303
3 2752 2753 2770
3 2304 2771 2279
3 2771 2753 2279
3 2771 2770 2753
3 2305 2771 2304
3 2772 2308 2309
3 2310 2773 2309
3 2309 2773 2772
3 2285 2754 2310
3 2754 2773 2310
3 2754 2774 2773
3 2775 2754 2755
3 2774 2754 2775
3 2756 2777 2776
3 2775 2756 2776
3 2755 2756 2775
3 2777 2756 2757
3 2312 2759 2289
3 2312 2778 2759
3 2779 2313 2314
3 2780 2779 2314
3 2290 2780 2314
3 2760 2780 2290
3 2783 2782 2781
3 2782 2764 2781
3 2764 2315 2781
3 2764 2294 2315
3 2785 2784 2765
3 2784 2295 2765
3 2784 2316 2295
3 2785 2765 2766
3 2768 2767 2786
3 2768 2786 2787
3 2318 2786 2297
3 2297 2786 2767
3 2788 2320 2769
3 2769 2320 2298
3 2322 2788 2300
3 2300 2788 2769
3 2789 2324 2770
3 2770 2324 2303
3 2790 2770 2771
3 2789 2770 2790
3 2326 2790 2305
3 2305 2790 2771
3 2791 2327 2328
3 2308 2772 2328
3 2772 2791 2328
3 2772 2792 2791
3 2773 2794 2793
3 2792 2773 2793
3 2772 2773 2792
3 2794 2773 2774
3 2794 2774 2795
3 2795 2774 2775
3 2795 2775 2796
3 2796 2775 2776
3 2312 2329 2797
3 2798 2312 2797
3 2778 2312 2798
3 2330 2797 2329
3 2799 2332 2779
3 2779 2332 2313
3 2779 2780 2800
3 2779 2800 2799
3 2783 2781 2801
3 2783 2801 2802
3 2333 2801 2315
3 2315 2801 2781
3 2804 2334 2803
3 2334 2784 2803
3 2334 2316 2784
3 2805 2804 2803
3 2806 2787 2786
3 2808 2806 2807
3 2807 2806 2335
3 2806 2786 2335
3 2786 2318 2335
3 2337 2807 2335
3 2809 2339 2340
3 2320 2788 2340
3 2788 2809 2340
3 2788 2810 2809
3 2341 2811 2322
3 2811 2788 2322
3 2811 2810 2788
3 2342 2812 2341
3 2341 2812 2811
3 2324 2789 2342
3 2789 2812 2342
3 2789 2813 2812
3 2814 2789 2790
3 2813 2789 2814
3 2344 2814 2326
3 2326 2814 2790
3 2815 2345 2791
3 2791 2345 2327
3 2792 2817 2816
3 2815 2792 2816
3 2791 2792 2815
3 2817 2792 2793
3 2818 2798 2797
3 2797 2330 2818
3 2330 2819 2818
3 2330 2347 2819
3 2820 2351 2352
3 2353 2821 2352
3 2352 2821 2820
3 2354 2822 2353
3 2353 2822 2821
3 2356 2822 2354
3 2823 2357 2358
3 2359 2824 2358
3 2358 2824 2823
3 2360 2825 2359
3 2359 2825 2824
3 2361 2826 2360
3 2360 2826 2825
3 2332 2799 2361
3 2799 2826 2361
3 2799 2827 2826
3 2799 2800 2828
3 2829 2799 2828
3 2827 2799 2829
3 2830 2829 2828
3 2802 2801 2831
3 2802 2831 2832
3 2363 2831 2333
3 2333 2831 2801
3 2834 2833 2804
3 2833 2334 2804
3 2833 2364 2334
3 2834 2804 2805
3 2808 2807 2835
3 2808 2835 2836
3 2366 2835 2337
3 2337 2835 2807
3 2838 2837 2809
3 2837 2339 2809
3 2837 2369 2339
3 2840 2839 2838
3 2809 2840 2838
3 2810 2840 2809
3 2841 2810 2811
3 2840 2810 2841
3 2842 2811 2812
3 2841 2811 2842
3 2843 2812 2813
3 2842 2812 2843
3 2372 2843 2371
3 2843 2814 2371
3 2843 2813 2814
3 2371 2814 2344
3 2844 2374 2815
3 2815 2374 2345
3 2815 2816 2845
3 2815 2845 2844
3 2846 2819 2347
3 2846 2347 2375
3 2848 2846 2847
3 2846 2376 2847
3 2846 2375 2376
3 2378 2847 2376
3 2849 2379 2380
3 2381 2850 2380
3 2380 2850 2849
3 2382 2851 2381
3 2381 2851 2850
3 2383 2851 2382
3 2852 2385 2820
3 2820 2385 2351
3 2853 2820 2821
3 2852 2820 2853
3 2854 2821 2822
3 2853 2821 2854
3 2386 2855 2356
3 2855 2822 2356
3 2855 2854 2822
3 2357 2823 2386
3 2823 2855 2386
3 2823 2856 2855
3 2857 2823 2824
3 2856 2823 2857
3 2858 2824 2825
3 2857 2824 2858
3 2389 2858 2388
3 2858 2826 2388
3 2858 2825 2826
3 2388 2826 2391
3 2391 2826 2827
3 2391 2827 2392
3 2827 2859 2392
3 2827 2829 2859
3 2829 2830 2860
3 2861 2829 2860
3 2859 2829 2861
3 2832 2831 2862
3 2860 2863 2861
3 2865 2862 2864
3 2864 2862 2393
3 2862 2831 2393
3 2831 2363 2393
3 2394 2866 2393
3 2393 2866 2864
3 2396 2866 2394
3 2867 2398 2399
3 2868 2867 2399
3 2364 2868 2399
3 2833 2868 2364
3 2836 2835 2869
3 2836 2869 2870
3 2401 2869 2366
3 2366 2869 2835
3 2837 2404 2369
3 2871 2404 2837
3 2839 2840 2872
3 2839 2872 2873
3 2874 2840 2841
3 2872 2840 2874
3 2875 2841 2842
3 2874 2841 2875
3 2876 2842 2843
3 2875 2842 2876
3 2406 2876 2372
3 2372 2876 2843
3 2877 2407 2408
3 2374 2844 2408
3 2844 2877 2408
3 2844 2878 2877
3 2844 2845 2879
3 2844 2879 2878
3 2880 2848 2847
3 2880 2847 2378
3 2409 2880 2378
3 2881 2880 2409
3 2409 2379 2849
3 2882 2409 2849
3 2881 2409 2882
3 2882 2849 2850
3 2882 2850 2883
3 2885 2884 2883
3 2850 2885 2883
3 2851 2885 2850
3 2410 2886 2383
3 2886 2851 2383
3 2886 2885 2851
3 2385 2852 2410
3 2852 2886 2410
3 2852 2887 2886
3 2413 2887 2412
3 2887 2853 2412
3 2887 2852 2853
3 2412 2853 2414
3 2853 2888 2414
3 2853 2854 2888
3 2889 2854 2855
3 2888 2854 2889
3 2890 2855 2856
3 2889 2855 2890
3 2891 2856 2857
3 2890 2856 2891
3 2892 2857 2858
3 2891 2857 2892
3 2415 2893 2389
3 2893 2858 2389
3 2893 2892 2858
3 2416 2893 2415
3 2859 2418 2392
3 2418 2859 2420
3 2859 2894 2420
3 2859 2861 2894
3 2861 2863 2895
3 2861 2895 2894
3 2896 2865 2864
3 2898 2897 2896
3 2864 2898 2896
3 2866 2898 2864
3 2421 2899 2396
3 2899 2866 2396
3 2899 2898 2866
3 2422 2899 2421
3 2901 2900 2867
3 2900 2398 2867
3 2900 2423 2398
3 2901 2867 2868
3 2870 2869 2425
3 2426 2870 2425
3 2902 2870 2426
3 2425 2869 2401
3 2904 2429 2903
3 2429 2871 2903
3 2429 2404 2871
3 2904 2903 2873
3 2872 2904 2873
3 2905 2904 2872
3 2906 2872 2874
3 2905 2872 2906
3 2907 2874 2875
3 2906 2874 2907
3 2908 2875 2876
3 2907 2875 2908
3 2431 2908 2406
3 2406 2908 2876
3 2909 2432 2877
3 2877 2432 2407
3 2878 2911 2910
3 2909 2878 2910
3 2877 2878 2909
3 2911 2878 2879
3 2912 2884 2885
3 2912 2885 2886
3 2912 2886 2913
3 2915 2914 2913
3 2886 2915 2913
3 2887 2915 2886
3 2434 2915 2413
3 2413 2915 2887
3 2888 2435 2414
3 2435 2888 2437
3 2888 2916 2437
3 2888 2889 2916
3 2917 2889 2890
3 2916 2889 2917
3 2918 2890 2891
3 2917 2890 2918
3 2919 2891 2892
3 2918 2891 2919
3 2920 2892 2893
3 2919 2892 2920
3 2439 2920 2416
3 2416 2920 2893
3 2921 2441 2894
3 2894 2441 2420
3 2894 2895 2922
3 2923 2894 2922
3 2921 2894 2923
3 2925 2924 2923
3 2925 2923 2922
3 2924 2925 2897
3 2898 2924 2897
3 2926 2924 2898
3 2927 2898 2899
3 2926 2898 2927
3 2442 2928 2422
3 2928 2899 2422
3 2928 2927 2899
3 2900 2443 2423
3 2929 2443 2900
3 2932 2931 2930
3 2931 2902 2930
3 2902 2444 2930
3 2902 2426 2444
3 2904 2446 2429
3 2446 2904 2447
3 2904 2933 2447
3 2904 2905 2933
3 2934 2905 2906
3 2933 2905 2934
3 2935 2906 2907
3 2934 2906 2935
3 2936 2907 2908
3 2935 2907 2936
3 2449 2936 2431
3 2431 2936 2908
3 2937 2450 2909
3 2909 2450 2432
3 2909 2910 2938
3 2909 2938 2937
3 2941 2940 2939
3 2939 2940 2914
3 2915 2939 2914
3 2942 2939 2915
3 2452 2942 2434
3 2434 2942 2915
3 2943 2453 2454
3 2437 2916 2454
3 2916 2943 2454
3 2916 2944 2943
3 2945 2916 2917
3 2944 2916 2945
3 2946 2917 2918
3 2945 2917 2946
3 2457 2946 2456
3 2946 2919 2456
3 2946 2918 2919
3 2456 2919 2459
3 2459 2919 2920
3 2459 2920 2439
3 2921 2461 2441
3 2461 2921 2463
3 2463 2921 2923
3 2463 2923 2465
3 2465 2923 2924
3 2465 2924 2466
3 2466 2924 2926
3 2466 2926 2468
3 2468 2926 2927
3 2468 2927 2469
3 2927 2947 2469
3 2927 2928 2947
3 2949 2948 2471
3 2471 2948 2470
3 2471 2443 2929
3 2471 2929 2949
3 2952 2951 2950
3 2950 2951 2932
3 2950 2932 2930
3 2474 2950 2930
3 2473 2474 2930
3 2473 2930 2444
3 2933 2476 2447
3 2476 2933 2477
3 2933 2953 2477
3 2933 2934 2953
3 2954 2934 2935
3 2953 2934 2954
3 2955 2935 2936
3 2954 2935 2955
3 2479 2955 2449
3 2449 2955 2936
3 2956 2480 2937
3 2937 2480 2450
3 2937 2938 2957
3 2937 2957 2956
3 2960 2959 2958
3 2962 2961 2958
3 2962 2958 2959
3 2961 2962 2941
3 2939 2961 2941
3 2963 2961 2939
3 2483 2963 2482
3 2963 2942 2482
3 2963 2939 2942
3 2485 2482 2964
3 2482 2942 2964
3 2452 2484 2964
3 2452 2964 2942
3 2453 2943 2484
3 2943 2964 2484
3 2943 2965 2964
3 2966 2943 2944
3 2965 2943 2966
3 2967 2944 2945
3 2966 2944 2967
3 2488 2967 2487
3 2967 2946 2487
3 2967 2945 2946
3 2487 2946 2457
3 2947 2489 2469
3 2968 2490 2491
3 2969 2968 2491
3 2470 2969 2491
3 2948 2969 2470
3 2952 2950 2970
3 2952 2970 2971
3 2492 2970 2474
3 2474 2970 2950
3 2972 2493 2953
3 2953 2493 2477
3 2973 2953 2954
3 2972 2953 2973
3 2974 2954 2955
3 2973 2954 2974
3 2495 2974 2479
3 2479 2974 2955
3 2975 2496 2956
3 2956 2496 2480
3 2956 2957 2976
3 2977 2956 2976
3 2975 2956 2977
3 2978 2977 2976
3 2981 2980 2979
3 2979 2980 2960
3 2958 2979 2960
3 2982 2979 2958
3 2499 2982 2498
3 2982 2961 2498
3 2982 2958 2961
3 2498 2961 2501
3 2501 2961 2963
3 2503 2501 2983
3 2501 2963 2983
3 2483 2502 2983
3 2483 2983 2963
3 2485 2964 2502
3 2964 2983 2502
3 2964 2984 2983
3 2506 2984 2505
3 2984 2965 2505
3 2984 2964 2965
3 2505 2965 2508
3 2508 2965 2966
3 2508 2966 2510
3 2510 2966 2967
3 2510 2967 2488
3 2968 2511 2490
3 2512 2511 2968
3 2969 2512 2968
3 2985 2512 2969
3 2986 2971 2970
3 2986 2970 2492
3 2513 2986 2492
3 2987 2986 2513
3 2513 2514 2987
3 2987 2514 2988
3 2972 2515 2493
3 2515 2972 2516
3 2972 2989 2516
3 2972 2973 2989
3 2519 2989 2518
3 2989 2974 2518
3 2989 2973 2974
3 2518 2974 2495
3 2975 2521 2496
3 2521 2975 2523
3 2975 2990 2523
3 2975 2977 2990
3 2977 2978 2991
3 2992 2977 2991
3 2990 2977 2992
3 2994 2993 2992
3 2994 2992 2991
3 2995 2993 2994
3 2998 2997 2996
3 3000 2999 2996
3 3000 2996 2997
3 3002 3001 2999
3 3002 2999 3000
3 3004 3003 3001
3 3004 3001 3002
3 3003 3004 2981
3 2979 3003 2981
3 3005 3003 2979
3 2526 3005 2525
3 3005 2982 2525
3 3005 2979 2982
3 2525 2982 2499
3 2983 2529 2503
3 2529 2983 2532
3 2532 2983 2984
3 2532 2984 2506
3 2985 3006 2512
3 2512 3006 2533
3 2534 2533 3006
3 2534 3006 3007
3 2514 2535 3008
3 3009 2514 3008
3 2988 2514 3009
3 2536 3008 2535
3 2989 2537 2516
3 2537 2989 2519
3 2990 2542 2523
3 2542 2990 2545
3 2545 2990 2992
3 2545 2992 2547
3 2547 2992 2993
3 3011 3010 2548
3 3011 2548 2547
3 2995 3011 2547
3 2993 2995 2547
3 3013 3012 3010
3 3013 3010 3011
3 3015 3014 3012
3 3015 3012 3013
3 3017 3016 3014
3 3017 3014 3015
3 3019 3018 3016
3 3019 3016 3017
3 3018 3019 2998
3 2996 3018 2998
3 3020 3018 2996
3 2551 3020 2550
3 3020 2999 2550
3 3020 2996 2999
3 2550 2999 2553
3 2553 2999 3001
3 2553 3001 2555
3 2555 3001 3003
3 2555 3003 2557
3 2557 3003 3005
3 2557 3005 2526
3 3007 3021 2534
3 2534 3021 2559
3 2560 2559 3021
3 2560 3021 3022
3 3009 3008 2562
3 2563 3009 2562
3 3023 3009 2563
3 2562 3008 2536
3 3024 2565 2564
3 2566 3024 2564
3 3010 2569 2548
3 2569 3010 2571
3 3010 3025 2571
3 3010 3012 3025
3 3026 3012 3014
3 3025 3012 3026
3 3027 3014 3016
3 3026 3014 3027
3 3028 3016 3018
3 3027 3016 3028
3 3029 3018 3020
3 3028 3018 3029
3 2573 3029 2551
3 2551 3029 3020
3 3022 3030 2560
3 2560 3030 2574
3 2575 2574 3030
3 2575 3030 3031
3 2563 2576 3032
3 3033 2563 3032
3 3023 2563 3033
3 2577 3032 2576
3 3024 2578 2565
3 2578 3024 2566
3 3025 2582 2571
3 2582 3025 2584
3 3025 3034 2584
3 3025 3026 3034
3 3035 3026 3027
3 3034 3026 3035
3 3036 3027 3028
3 3035 3027 3036
3 3037 3028 3029
3 3036 3028 3037
3 2586 3037 2573
3 2573 3037 3029
3 3031 3038 2575
3 2575 3038 2587
3 2587 3039 2588
3 3038 3039 2587
3 2588 3040 2589
3 3039 3040 2588
3 2589 3041 2590
3 3040 3041 2589
3 2590 3042 2591
3 3041 3042 2590
3 2591 3043 2592
3 3042 3043 2591
3 2592 3044 2593
3 3043 3044 2592
3 3044 3045 2593
3 3045 3033 2593
3 3032 2593 3033
3 2593 3032 2594
3 3046 2594 3032
3 2594 3046 3045
3 3045 3047 2594
3 3044 3047 3045
3 3045 3046 3033
3 3049 3046 3048
3 3048 3046 2595
3 3046 3032 2595
3 3032 2577 2595
3 2597 3048 2595
3 3034 2599 2584
3 2599 3034 2602
3 2602 3034 3035
3 2602 3035 2604
3 2604 3035 3036
3 2604 3036 2606
3 2606 3036 3037
3 2606 3037 2586
3 3050 2612 2613
3 2614 3050 2613
3 3051 2616 3050
3 3050 2616 2612
3 2618 3051 2614
3 2614 3051 3050
3 3052 2620 3051
3 3051 2620 2616
3 2621 3052 2618
3 2618 3052 3051
3 3053 2622 2623
3 2620 3052 2623
3 3052 3053 2623
3 3052 3054 3053
3 2624 3054 2621
3 2621 3054 3052
3 3055 2625 2626
3 2622 3053 2626
3 3053 3055 2626
3 3053 3056 3055
3 3057 3053 3054
3 3056 3053 3057
3 2627 3057 2624
3 2624 3057 3054
3 3058 2628 3055
3 3055 2628 2625
3 3059 3055 3056
3 3058 3055 3059
3 2631 3059 2630
3 3059 3057 2630
3 3059 3056 3057
3 2630 3057 2627
3 3060 2632 2633
3 2628 3058 2633
3 3058 3060 2633
3 3058 3061 3060
3 3062 3058 3059
3 3061 3058 3062
3 2634 3062 2631
3 2631 3062 3059
3 3063 2635 2636
3 2632 3060 2636
3 3060 3063 2636
3 3060 3064 3063
3 2639 3064 2638
3 3064 3061 2638
3 3064 3060 3061
3 2638 3061 2641
3 2641 3061 3062
3 2641 3062 2634
3 3065 2642 2643
3 2635 3063 2643
3 3063 3065 2643
3 3063 3066 3065
3 3067 3063 3064
3 3066 3063 3067
3 2645 3067 2639
3 2639 3067 3064
3 3068 2646 2647
3 3068 2647 3069
3 2647 3070 3069
3 2647 2648 3070
3 3070 2648 2642
3 3071 3070 2642
3 3065 3071 2642
3 3070 3071 3072
3 3073 3065 3066
3 3071 3065 3073
3 3074 3066 3067
3 3073 3066 3074
3 2650 3074 2645
3 2645 3074 3067
3 3075 2652 3068
3 3068 2652 2646
3 3068 3069 3076
3 3077 3068 3076
3 3075 3068 3077
3 3077 3076 3072
3 3071 3077 3072
3 3078 3077 3071
3 3079 3071 3073
3 3078 3071 3079
3 3080 3073 3074
3 3079 3073 3080
3 2653 3080 2650
3 2650 3080 3074
3 3081 2654 3075
3 3075 2654 2652
3 3082 3075 3077
3 3081 3075 3082
3 3083 3077 3078
3 3082 3077 3083
3 3084 3078 3079
3 3083 3078 3084
3 2657 3084 2656
3 3084 3080 2656
3 3084 3079 3080
3 2656 3080 2653
3 3085 2658 3081
3 3081 2658 2654
3 3086 3081 3082
3 3085 3081 3086
3 3087 3082 3083
3 3086 3082 3087
3 3088 3083 3084
3 3087 3083 3088
3 2660 3088 2657
3 2657 3088 3084
3 3089 2661 3085
3 3085 2661 2658
3 3090 3085 3086
3 3089 3085 3090
3 3091 3086 3087
3 3090 3086 3091
3 3092 3087 3088
3 3091 3087 3092
3 2663 3092 2660
3 2660 3092 3088
3 3093 2664 3089
3 3089 2664 2661
3 3094 3089 3090
3 3093 3089 3094
3 3095 3090 3091
3 3094 3090 3095
3 3096 3091 3092
3 3095 3091 3096
3 2666 3096 2663
3 2663 3096 3092
3 3097 2668 3093
3 3093 2668 2664
3 3098 3093 3094
3 3097 3093 3098
3 3099 3094 3095
3 3098 3094 3099
3 3100 3095 3096
3 3099 3095 3100
3 2670 3100 2666
3 2666 3100 3096
3 3101 2672 3097
3 3097 2672 2668
3 3102 3097 3098
3 3101 3097 3102
3 3103 3098 3099
3 3102 3098 3103
3 3104 3099 3100
3 3103 3099 3104
3 2673 3105 2670
3 3105 3100 2670
3 3105 3104 3100
3 2674 3105 2673
3 3106 2676 3101
3 3101 2676 2672
3 3107 3101 3102
3 3106 3101 3107
3 3108 3102 3103
3 3107 3102 3108
3 3109 3103 3104
3 3108 3103 3109
3 3110 3104 3105
3 3109 3104 3110
3 2678 3110 2674
3 2674 3110 3105
3 3111 2679 2680
3 2676 3106 2680
3 3106 3111 2680
3 3106 3112 3111
3 3113 3106 3107
3 3112 3106 3113
3 3114 3107 3108
3 3113 3107 3114
3 3115 3108 3109
3 3114 3108 3115
3 2683 3115 2682
3 3115 3110 2682
3 3115 3109 3110
3 2682 3110 2678
3 3116 2684 3111
3 3111 2684 2679
3 3117 3111 3112
3 3116 3111 3117
3 3118 3112 3113
3 3117 3112 3118
3 3119 3113 3114
3 3118 3113 3119
3 3120 3114 3115
3 3119 3114 3120
3 2685 3120 2683
3 2683 3120 3115
3 3121 2687 3116
3 3116 2687 2684
3 3122 3116 3117
3 3121 3116 3122
3 3123 3117 3118
3 3122 3117 3123
3 3124 3118 3119
3 3123 3118 3124
3 2690 3124 2689
3 3124 3120 2689
3 3124 3119 3120
3 2689 3120 2685
3 3125 2691 2692
3 2687 3121 2692
3 3121 3125 2692
3 3121 3126 3125
3 3127 3121 3122
3 3126 3121 3127
3 3128 3122 3123
3 3127 3122 3128
3 3129 3123 3124
3 3128 3123 3129
3 2694 3129 2690
3 2690 3129 3124
3 3130 2695 3125
3 3125 2695 2691
3 3131 3125 3126
3 3130 3125 3131
3 3132 3126 3127
3 3131 3126 3132
3 3133 3127 3128
3 3132 3127 3133
3 3134 3128 3129
3 3133 3128 3134
3 2697 3134 2694
3 2694 3134 3129
3 3135 2699 3130
3 3130 2699 2695
3 3136 3130 3131
3 3135 3130 3136
3 3137 3131 3132
3 3136 3131 3137
3 3138 3132 3133
3 3137 3132 3138
3 3139 3133 3134
3 3138 3133 3139
3 2701 3139 2697
3 2697 3139 3134
3 3140 2703 2704
3 2699 3135 2704
3 3135 3140 2704
3 3135 3141 3140
3 3142 3135 3136
3 3141 3135 3142
3 3143 3136 3137
3 3142 3136 3143
3 3144 3137 3138
3 3143 3137 3144
3 3145 3138 3139
3 3144 3138 3145
3 2706 3145 2701
3 2701 3145 3139
3 3146 2708 3140
3 3140 2708 2703
3 3147 3140 3141
3 3146 3140 3147
3 3148 3141 3142
3 3147 3141 3148
3 3149 3142 3143
3 3148 3142 3149
3 3150 3143 3144
3 3149 3143 3150
3 3151 3144 3145
3 3150 3144 3151
3 2709 3151 2706
3 2706 3151 3145
3 3152 2712 3146
3 3146 2712 2708
3 3153 3146 3147
3 3152 3146 3153
3 3154 3147 3148
3 3153 3147 3154
3 3155 3148 3149
3 3154 3148 3155
3 3156 3149 3150
3 3155 3149 3156
3 3157 3150 3151
3 3156 3150 3157
3 2714 3157 2709
3 2709 3157 3151
3 3158 2718 2719
3 2712 3152 2719
3 3152 3158 2719
3 3152 3159 3158
3 3160 3152 3153
3 3159 3152 3160
3 3161 3153 3154
3 3160 3153 3161
3 3162 3154 3155
3 3161 3154 3162
3 3163 3155 3156
3 3162 3155 3163
3 3164 3156 3157
3 3163 3156 3164
3 2720 3164 2714
3 2714 3164 3157
3 3165 2726 3158
3 3158 2726 2718
3 3166 3158 3159
3 3165 3158 3166
3 3167 3159 3160
3 3166 3159 3167
3 3161 3169 3168
3 3167 3161 3168
3 3160 3161 3167
3 3169 3161 3162
3 3169 3162 3170
3 3172 3171 3170
3 3162 3172 3170
3 3163 3172 3162
3 2729 3172 2728
3 3172 3164 2728
3 3172 3163 3164
3 2728 3164 2720
3 3173 2734 2735
3 2736 3173 2735
3 3174 2737 2738
3 2726 3165 2738
3 3165 3174 2738
3 3165 3175 3174
3 3176 3165 3166
3 3175 3165 3176
3 3177 3166 3167
3 3176 3166 3177
3 3167 3168 3178
3 3167 3178 3177
3 3171 3172 3179
3 3171 3179 3180
3 2739 3179 2729
3 2729 3179 3172
3 3181 2745 3173
3 3173 2745 2734
3 2746 3181 2736
3 2736 3181 3173
3 3182 2747 3174
3 3174 2747 2737
3 3183 3174 3175
3 3182 3174 3183
3 3184 3175 3176
3 3183 3175 3184
3 3185 3176 3177
3 3184 3176 3185
3 3177 3178 3186
3 3187 3177 3186
3 3185 3177 3187
3 3189 3188 3187
3 3189 3187 3186
3 3188 3189 3180
3 3188 3180 3179
3 2750 3188 3179
3 2749 2750 3179
3 2749 3179 2739
3 3190 2757 2758
3 2745 3181 2758
3 3181 3190 2758
3 3181 3191 3190
3 2759 3191 2746
3 2746 3191 3181
3 3192 2760 2761
3 2762 3193 2761
3 2761 3193 3192
3 2763 3194 2762
3 2762 3194 3193
3 2764 3194 2763
3 3195 2766 3182
3 3182 2766 2747
3 3196 3182 3183
3 3195 3182 3196
3 3197 3183 3184
3 3196 3183 3197
3 3198 3184 3185
3 3197 3184 3198
3 3199 3185 3187
3 3198 3185 3199
3 3200 3187 3188
3 3199 3187 3200
3 2768 3200 2750
3 2750 3200 3188
3 3201 2776 2777
3 2757 3190 2777
3 3190 3201 2777
3 3190 3202 3201
3 3203 3190 3191
3 3202 3190 3203
3 2778 3203 2759
3 2759 3203 3191
3 3204 2780 3192
3 3192 2780 2760
3 3205 3192 3193
3 3204 3192 3205
3 2783 3205 2782
3 3205 3194 2782
3 3205 3193 3194
3 2782 3194 2764
3 3206 2784 2785
3 2766 3195 2785
3 3195 3206 2785
3 3195 3207 3206
3 3208 3195 3196
3 3207 3195 3208
3 3209 3196 3197
3 3208 3196 3209
3 3210 3197 3198
3 3209 3197 3210
3 3211 3198 3199
3 3210 3198 3211
3 3212 3199 3200
3 3211 3199 3212
3 2787 3212 2768
3 2768 3212 3200
3 3213 2793 2794
3 2795 3214 2794
3 2794 3214 3213
3 2796 3215 2795
3 2795 3215 3214
3 2776 3201 2796
3 3201 3215 2796
3 3201 3216 3215
3 3217 3201 3202
3 3216 3201 3217
3 3218 3202 3203
3 3217 3202 3218
3 2798 3218 2778
3 2778 3218 3203
3 3219 2800 3204
3 3204 2800 2780
3 3220 3204 3205
3 3219 3204 3220
3 2802 3220 2783
3 2783 3220 3205
3 3206 2803 2784
3 2803 3206 2805
3 3206 3221 2805
3 3206 3207 3221
3 3222 3207 3208
3 3221 3207 3222
3 3223 3208 3209
3 3222 3208 3223
3 3224 3209 3210
3 3223 3209 3224
3 3225 3210 3211
3 3224 3210 3225
3 3226 3211 3212
3 3225 3211 3226
3 2806 3227 2787
3 3227 3212 2787
3 3227 3226 3212
3 2808 3227 2806
3 3228 2816 2817
3 2793 3213 2817
3 3213 3228 2817
3 3213 3229 3228
3 3230 3213 3214
3 3229 3213 3230
3 3231 3214 3215
3 3230 3214 3231
3 3232 3215 3216
3 3231 3215 3232
3 3233 3216 3217
3 3232 3216 3233
3 3234 3217 3218
3 3233 3217 3234
3 2818 3235 2798
3 3235 3218 2798
3 3235 3234 3218
3 2819 3235 2818
3 3219 2828 2800
3 2828 3219 2830
3 3219 3236 2830
3 3219 3220 3236
3 2832 3236 2802
3 2802 3236 3220
3 3237 2833 2834
3 2805 3221 2834
3 3221 3237 2834
3 3221 3238 3237
3 3239 3221 3222
3 3238 3221 3239
3 3240 3222 3223
3 3239 3222 3240
3 3241 3223 3224
3 3240 3223 3241
3 3242 3224 3225
3 3241 3224 3242
3 3226 3244 3243
3 3242 3226 3243
3 3225 3226 3242
3 3246 3245 3244
3 3226 3246 3244
3 3227 3246 3226
3 2836 3246 2808
3 2808 3246 3227
3 3247 2837 2838
3 2839 3247 2838
3 3248 2845 3228
3 3228 2845 2816
3 3229 3250 3249
3 3248 3229 3249
3 3228 3229 3248
3 3250 3229 3230
3 3250 3230 3251
3 3251 3230 3231
3 3251 3231 3252
3 3252 3231 3232
3 3252 3232 3253
3 3253 3232 3233
3 3253 3233 3254
3 3254 3233 3234
3 3254 3234 3255
3 3257 3256 3255
3 3234 3257 3255
3 3235 3257 3234
3 2846 3258 2819
3 3258 3235 2819
3 3258 3257 3235
3 2848 3258 2846
3 3236 2860 2830
3 2863 2860 3259
3 2860 3236 3259
3 2832 2862 3259
3 2832 3259 3236
3 2865 3259 2862
3 3260 2868 3237
3 3237 2868 2833
3 3261 3237 3238
3 3260 3237 3261
3 3262 3238 3239
3 3261 3238 3262
3 3263 3239 3240
3 3262 3239 3263
3 3264 3240 3241
3 3263 3240 3264
3 3265 3241 3242
3 3264 3241 3265
3 3242 3243 3266
3 3242 3266 3265
3 3245 3246 3267
3 3245 3267 3268
3 2870 3267 2836
3 2836 3267 3246
3 3269 2871 3247
3 3247 2871 2837
3 2873 3269 2839
3 2839 3269 3247
3 3270 2879 3248
3 3248 2879 2845
3 3248 3249 3271
3 3272 3248 3271
3 3270 3248 3272
3 3274 3273 3272
3 3274 3272 3271
3 3276 3275 3273
3 3276 3273 3274
3 3277 3275 3276
3 3278 3256 3257
3 3278 3257 3258
3 3278 3258 3279
3 3279 3258 2848
3 2880 3279 2848
3 3280 3279 2880
3 3282 3280 3281
3 3280 2881 3281
3 3280 2880 2881
3 2882 3283 2881
3 2881 3283 3281
3 2883 3284 2882
3 2882 3284 3283
3 2884 3284 2883
3 3285 2895 3259
3 3259 2895 2863
3 2896 3286 2865
3 3286 3259 2865
3 3286 3285 3259
3 2897 3286 2896
3 3287 2900 2901
3 2868 3260 2901
3 3260 3287 2901
3 3260 3288 3287
3 3289 3260 3261
3 3288 3260 3289
3 3290 3261 3262
3 3289 3261 3290
3 3291 3262 3263
3 3290 3262 3291
3 3292 3263 3264
3 3291 3263 3292
3 3293 3264 3265
3 3292 3264 3293
3 3265 3266 3294
3 3265 3294 3293
3 3268 3267 3295
3 3268 3295 3296
3 2902 3295 2870
3 2870 3295 3267
3 3269 2903 2871
3 2903 3269 2873
3 3297 2910 2911
3 2879 3270 2911
3 3270 3297 2911
3 3270 3298 3297
3 3299 3270 3272
3 3298 3270 3299
3 3300 3272 3273
3 3299 3272 3300
3 3301 3273 3275
3 3300 3273 3301
3 3275 3277 3302
3 3275 3302 3301
3 3303 3282 3281
3 3303 3281 3283
3 3303 3283 3304
3 3304 3283 3284
3 3304 3284 3305
3 3305 3284 2884
3 2912 3305 2884
3 3306 3305 2912
3 3308 3306 3307
3 3306 2913 3307
3 3306 2912 2913
3 2914 3307 2913
3 3285 2922 2895
3 2922 3285 2925
3 2925 3285 3286
3 2925 3286 2897
3 3309 2929 3287
3 3287 2929 2900
3 3310 3287 3288
3 3309 3287 3310
3 3311 3288 3289
3 3310 3288 3311
3 3312 3289 3290
3 3311 3289 3312
3 3313 3290 3291
3 3312 3290 3313
3 3314 3291 3292
3 3313 3291 3314
3 3315 3292 3293
3 3314 3292 3315
3 3293 3294 3316
3 3317 3293 3316
3 3315 3293 3317
3 3317 3316 3296
3 3317 3296 3295
3 2932 3317 3295
3 2931 2932 3295
3 2931 3295 2902
3 3318 2938 3297
3 3297 2938 2910
3 3319 3297 3298
3 3318 3297 3319
3 3320 3298 3299
3 3319 3298 3320
3 3321 3299 3300
3 3320 3299 3321
3 3322 3300 3301
3 3321 3300 3322
3 3301 3302 3323
3 3301 3323 3322
3 3326 3325 3324
3 3324 3325 3308
3 3324 3308 3307
3 2941 3324 3307
3 2940 2941 3307
3 2940 3307 2914
3 3327 2948 2949
3 2929 3309 2949
3 3309 3327 2949
3 3309 3328 3327
3 3329 3309 3310
3 3328 3309 3329
3 3311 3331 3330
3 3329 3311 3330
3 3310 3311 3329
3 3331 3311 3312
3 3331 3312 3332
3 3334 3333 3332
3 3312 3334 3332
3 3313 3334 3312
3 3335 3313 3314
3 3334 3313 3335
3 3336 3314 3315
3 3335 3314 3336
3 2952 3336 2951
3 3336 3317 2951
3 3336 3315 3317
3 2951 3317 2932
3 3337 2957 3318
3 3318 2957 2938
3 3338 3318 3319
3 3337 3318 3338
3 3339 3319 3320
3 3338 3319 3339
3 3340 3320 3321
3 3339 3320 3340
3 3341 3321 3322
3 3340 3321 3341
3 3322 3323 3342
3 3322 3342 3341
3 3345 3344 3343
3 3347 3346 3343
3 3347 3343 3344
3 2959 2960 3346
3 3347 2959 3346
3 3348 2959 3347
3 3324 2962 3326
3 2962 3348 3326
3 2962 2959 3348
3 2962 3324 2941
3 3349 2969 3327
3 3327 2969 2948
3 3350 3327 3328
3 3349 3327 3350
3 3351 3328 3329
3 3350 3328 3351
3 3329 3330 3352
3 3329 3352 3351
3 3333 3334 3353
3 3333 3353 3354
3 3355 3334 3335
3 3353 3334 3355
3 3356 3335 3336
3 3355 3335 3356
3 2971 3356 2952
3 2952 3356 3336
3 3337 2976 2957
3 2976 3337 2978
3 3337 3357 2978
3 3337 3338 3357
3 3358 3338 3339
3 3357 3338 3358
3 3359 3339 3340
3 3358 3339 3359
3 3360 3340 3341
3 3359 3340 3360
3 3341 3342 3361
3 3341 3361 3360
3 3364 3363 3362
3 3366 3365 3362
3 3366 3362 3363
3 3368 3367 3365
3 3368 3365 3366
3 3370 3369 3367
3 3370 3367 3368
3 3369 3370 3345
3 3343 3369 3345
3 3371 3369 3343
3 2981 3371 2980
3 3371 3346 2980
3 3371 3343 3346
3 2980 3346 2960
3 3372 2985 3349
3 3349 2985 2969
3 3373 3349 3350
3 3372 3349 3373
3 3374 3350 3351
3 3373 3350 3374
3 3351 3352 3375
3 3351 3375 3374
3 3378 3377 3376
3 3376 3377 3354
3 3353 3376 3354
3 3379 3376 3353
3 3380 3353 3355
3 3379 3353 3380
3 3381 3355 3356
3 3380 3355 3381
3 2986 3382 2971
3 3382 3356 2971
3 3382 3381 3356
3 2987 3383 2986
3 2986 3383 3382
3 2988 3383 2987
3 3357 2991 2978
3 2991 3357 2994
3 2994 3357 3358
3 2994 3358 2995
3 3358 3384 2995
3 3358 3359 3384
3 3385 3359 3360
3 3384 3359 3385
3 3360 3361 3386
3 3387 3360 3386
3 3385 3360 3387
3 3389 3388 3387
3 3389 3387 3386
3 3388 3389 3364
3 3362 3388 3364
3 3390 3388 3362
3 2998 3390 2997
3 3390 3365 2997
3 3390 3362 3365
3 2997 3365 3000
3 3000 3365 3367
3 3000 3367 3002
3 3002 3367 3369
3 3002 3369 3004
3 3004 3369 3371
3 3004 3371 2981
3 3372 3006 2985
3 3006 3372 3007
3 3372 3391 3007
3 3372 3373 3391
3 3392 3373 3374
3 3391 3373 3392
3 3374 3375 3393
3 3394 3374 3393
3 3392 3374 3394
3 3394 3393 3378
3 3376 3394 3378
3 3395 3394 3376
3 3396 3376 3379
3 3395 3376 3396
3 3397 3379 3380
3 3396 3379 3397
3 3398 3380 3381
3 3397 3380 3398
3 3399 3381 3382
3 3398 3381 3399
3 3400 3382 3383
3 3399 3382 3400
3 3009 3400 2988
3 2988 3400 3383
3 3384 3011 2995
3 3011 3384 3013
3 3013 3384 3385
3 3013 3385 3015
3 3015 3385 3387
3 3015 3387 3017
3 3017 3387 3388
3 3017 3388 3019
3 3019 3388 3390
3 3019 3390 2998
3 3391 3021 3007
3 3021 3391 3022
3 3391 3401 3022
3 3391 3392 3401
3 3394 3403 3402
3 3401 3394 3402
3 3392 3394 3401
3 3405 3404 3403
3 3394 3405 3403
3 3395 3405 3394
3 3406 3395 3396
3 3405 3395 3406
3 3407 3396 3397
3 3406 3396 3407
3 3408 3397 3398
3 3407 3397 3408
3 3409 3398 3399
3 3408 3398 3409
3 3410 3399 3400
3 3409 3399 3410
3 3023 3410 3009
3 3009 3410 3400
3 3401 3030 3022
3 3412 3411 3031
3 3412 3031 3030
3 3402 3412 3030
3 3401 3402 3030
3 3411 3412 3404
3 3405 3411 3404
3 3413 3411 3405
3 3414 3405 3406
3 3413 3405 3414
3 3415 3406 3407
3 3414 3406 3415
3 3416 3407 3408
3 3415 3407 3416
3 3417 3408 3409
3 3416 3408 3417
3 3418 3409 3410
3 3417 3409 3418
3 3033 3418 3023
3 3023 3418 3410
3 3411 3038 3031
3 3038 3411 3039
3 3039 3411 3413
3 3039 3413 3040
3 3040 3413 3414
3 3040 3414 3041
3 3041 3414 3415
3 3041 3415 3042
3 3042 3415 3416
3 3042 3416 3043
3 3043 3416 3417
3 3043 3417 3044
3 3044 3417 3418
3 3047 3044 3419
3 3044 3418 3419
3 3033 3046 3419
3 3033 3419 3418
3 3049 3419 3046