OFF
1684 3308 0
1.0561299788 9.8478666730 10.5438893809
1.1573887526 9.6701122486 9.8206457751
1.2458317866 9.2129089225 10.1186486109
1.2552538035 9.1585459811 10.8386935281
1.1084780864 9.7344629811 11.1999979805
1.2894836933 9.3736482991 11.5255193227
1.0495046938 10.3869745342 9.9507951974
1.1887793754 10.5135132614 9.3302532439
1.2227280723 9.9370064417 9.3525996546
0.9622980779 10.6271970942 10.6725887758
1.0197265376 10.4011067179 11.2420110071
1.2070973371 10.0698104672 11.7958306749
1.0897182536 10.9804220219 9.7233594118
0.9953651787 11.2734078784 10.3757243459
1.1001962692 11.5217858129 9.8598455530
1.0005457885 11.3127963451 11.2763836967
1.1449817005 10.9223287929 11.9069824525
1.0577483181 11.9262044651 10.2616022598
1.0436490188 12.1621793943 10.9039133261
1.1072350902 12.4330511334 10.3609018343
1.1321467333 11.6180899800 11.9829270888
1.1140199460 12.1515213650 11.7299893895
1.2782048123 12.1025919286 12.3170138205
1.1650918323 12.9633081700 10.7158936746
1.3211082853 13.3213044422 10.2865873968
1.2306178318 12.8189226004 10.1095611362
1.2214670469 12.9463473445 11.4922728045
1.2346495174 13.3242252611 11.0823296134
1.3269140548 12.6477406092 12.2008696158
1.3062446471 13.5203055477 10.7710018208
2.1624227090 7.6882284694 8.7105680086
2.2449957775 7.8705313211 7.8423523988
2.7011973599 7.2481869743 8.0227417178
2.7277794076 6.9131836947 9.1728500033
2.0517472274 7.6292023857 9.7340155545
2.4873115442 7.0439331843 10.3736879898
1.9765255907 7.7178346335 10.8190688781
2.4757802888 7.1273441820 11.4094879633
2.0595032369 7.7709569468 11.8604684779
2.5895583239 7.2136850661 12.3643976578
2.2749780417 7.7847473891 12.7469249340
2.6942221439 7.3306414738 13.0284759640
2.2141100394 8.7335874743 6.6663571074
2.4148331211 9.0213597056 6.0096997532
2.6962121596 8.3559349035 6.0957603892
2.5022414446 8.1062507681 6.7430921513
1.8248516339 8.4894585727 8.3548321163
2.0236882335 8.3743403219 7.6224145570
1.7583671411 8.2407991418 9.2288943817
1.5649460187 8.4766808298 10.1913363783
1.5935727756 8.5953443415 11.4275713473
1.8721642732 8.5157109887 12.4629630472
2.6981908546 7.7315628453 13.5176580513
2.2266068286 8.4162459902 13.2859732524
2.6433232400 8.3389623758 13.9282279795
2.0209577425 9.5606112675 6.6562629967
2.3053425017 9.8479949488 5.9189754615
2.1287858061 8.4538620842 7.1529534903
1.8326448659 9.1286800731 7.5801875546
1.6043440218 9.1910646364 8.4096965114
1.4402808583 9.1326303056 9.2361948334
1.5431299855 9.5007571280 12.3022934738
1.9481258138 9.2611134754 13.1675173644
2.3789028345 9.0415434994 13.8944372887
1.9597537933 10.5447187464 6.5737365953
2.2777019214 10.8001376491 5.8445813728
1.7172058748 10.3077950568 7.4643417764
1.4485766153 10.0756753192 8.5770844417
1.4296452815 10.5953239751 12.4939098288
1.7984136417 10.2510745728 13.1545589342
2.2033589252 9.9327866785 13.8521859901
1.9944209451 11.5305842159 6.4718143710
2.2993313261 11.7433427146 5.8019080418
1.7497221678 11.3955194897 7.3348580929
1.5182430194 11.2205805460 8.2770603192
1.2673944735 11.2214177950 9.1991189246
1.3627511014 11.5175332462 12.5034088162
1.7326203355 11.2998187113 13.1545467632
2.1403395749 10.9021851306 13.8390329511
2.0851020257 12.2659042080 6.3181454966
2.3526973152 12.6140914770 5.8658558863
1.9060605582 12.5408108863 7.1631855577
1.6309322606 12.2699364309 8.2271162106
1.4134292763 12.0062061460 8.9711946897
1.2189495623 12.1628960656 9.7474462978
1.6733136285 12.4754365653 12.9475238016
2.1557835779 11.9717163962 13.8149903199
2.1436331971 12.9270502077 6.4590207832
2.4136159551 13.3191362847 6.0970933873
2.0950571304 13.2562597283 6.9512390030
2.0179397016 13.3709678083 7.4824702160
1.8396438981 13.3397208742 8.2708969242
2.0804084546 13.8472245819 7.9083388053
1.4911084169 13.0481397387 9.4178319327
1.4337745922 13.7505214039 11.3662748431
1.5842711995 13.4615753004 12.3192854170
1.9796477067 13.5665919418 13.1696257442
2.2662488755 13.0934897279 13.7912758681
2.2947291862 13.5350577519 6.5747723618
2.0280236361 14.1084701062 8.4906260380
1.8560069389 14.1730125236 9.2910565721
2.1241820906 14.6309760407 8.8760634899
1.5903192023 14.0680916595 10.4549108067
1.6998264473 14.4693275808 11.3860933733
1.7179016586 14.2625420703 12.0064984416
2.0664327707 14.4446781517 12.8210306198
2.5326200691 14.2732254012 13.7768933722
2.1004522017 14.9283158915 9.4310192014
1.9690111431 14.9221421819 10.1079916054
2.2573716283 15.4287679466 9.8217086485
1.9389717324 15.0277438066 11.0193321446
2.0455165673 15.0489475669 12.0022576593
2.4591353428 15.3803676254 12.8602787769
2.4749517889 14.9546540603 13.3473514214
2.2725027048 15.6375344293 10.5768669495
2.3160417608 15.7252910850 11.4838023704
2.4438603609 15.7529522314 12.2192411591
3.2290846144 6.4136296514 9.4857045108
3.3162579185 6.4366617104 8.9079208301
3.8464277240 6.1293028369 9.3026511258
3.5458174944 6.2254182957 9.9918909688
2.7346550640 7.5813259927 7.1478103210
3.1565143803 7.3338423293 6.7818535335
3.2851084138 7.0295339383 7.2159452035
3.3369397940 6.6454919603 8.1356198999
3.0443812737 6.5399648388 10.1294136567
3.0159007777 6.6195393635 11.0633974104
3.0952557399 6.7070507107 12.0422880597
3.3595256198 6.8615007965 13.1199795769
2.9391861897 7.2740170998 13.3800315272
3.2907314163 7.3190246539 13.8103814329
2.8275427360 8.6758046321 5.6009559133
3.2068890033 8.7865370985 5.1983938880
3.2897421975 8.2267697592 5.5395886885
3.2036200866 7.6618001813 6.2841474587
2.2870662617 8.0494340645 7.2840874761
3.3549481909 7.9008721660 14.4232535278
2.9036998825 8.7429696205 14.5135987837
3.4532590034 8.5118232308 15.0725697195
2.7575239563 9.2783755381 5.4262798292
3.3431551342 9.4916204458 4.8433829217
2.6965295915 9.6602977741 14.5899767947
3.1987598281 9.1783878923 15.1743203703
2.7210746951 10.1576868904 5.2932717168
3.2063523240 10.5740079794 4.7328987428
2.4838921581 10.4850129984 14.3853425789
3.0653531872 9.8336320375 15.2398448184
2.8835030497 10.5185114945 15.0240684632
3.2212331044 10.2630982698 15.5814644567
2.6891983546 11.1598208327 5.2428727738
3.1707064136 11.6158137385 4.7073639493
2.6142943650 11.4007291356 14.5556073671
3.0196796954 11.2507454909 15.1897595971
3.2061307316 10.8074957206 15.5538038069
2.7053416453 12.1689597660 5.2748472333
3.1983745107 12.6503776859 4.7631529662
2.6645513531 12.5584869398 14.4591472406
3.0747701260 12.0636994960 15.1026034090
2.7784144135 13.2351304092 5.4679641049
3.2884001202 13.5766433153 4.8649343402
2.2758964503 13.9177930025 7.2274834983
2.8141662719 13.6145921968 14.4058318119
3.2176136890 13.1252119785 15.0128460463
3.0691848553 14.0025792846 5.3749724613
3.3526834766 14.1437606442 5.0125141568
2.7257055043 14.2177810173 6.3097002170
2.5542415041 14.6714993178 7.3718960105
2.2943713794 14.5504573674 8.1358908605
2.9577605285 14.2769320356 14.3740366610
3.4608381531 14.2662179923 14.9026550529
3.4084812524 14.7380538884 5.4378401674
3.1289168516 15.1178826410 6.3360979357
2.9053450087 15.2927628529 7.1416055988
3.2437800163 15.6608245555 6.7546158752
2.6612000614 15.3360931389 8.0602307809
2.4101256611 15.3234048568 9.0129435625
2.6529817283 15.3537729498 13.3573825001
2.8555920352 15.2055618920 13.7314205240
3.1732667356 14.8882128007 14.3040136693
3.1890899077 15.9196333916 7.2615339182
3.0395601770 15.9617744055 7.8404260646
3.3008191397 16.2458060553 7.5555583322
2.8957395751 16.0743371916 8.7453490342
2.6812697194 16.1071476000 9.8910579034
2.6949365528 16.2933312771 11.0095068426
2.7421339874 16.2769811211 11.9056737191
2.8416654202 16.1068292768 12.6695042651
2.9424746699 15.7746704305 13.3390932215
3.4983210663 16.6713718319 8.0980477050
3.2764304062 16.7959517883 9.3784262721
3.1800479413 16.8615458675 10.5039122052
3.1707159955 16.8414230426 11.5372261103
3.1614774352 16.6543539631 12.3302972412
3.7603622556 6.2624513087 8.5261643735
3.9770339505 6.3006329369 7.9443211313
4.5881986166 5.9579523647 8.4427755518
4.6158523623 5.8638548293 9.5406739399
4.2805093911 5.9593303487 10.3464742044
3.6131134027 6.2380105601 10.7667253577
4.3735057688 5.9745791791 11.4132743536
3.6751690693 6.2951911598 11.7055926416
4.4089266620 6.0676598337 12.3513800170
3.7549850444 6.3898522926 12.5710983999
4.2940042769 6.2344940049 12.9851280657
3.9190485173 6.4420110949 13.0962414688
4.4130810634 6.4719326183 13.5782202965
3.4795528615 7.1774264799 6.5942025880
3.9535682186 7.1267214442 6.1616231110
3.8402738700 6.8614044294 6.7132679883
3.9013747747 6.5685079833 7.2945538150
4.0131644478 6.9883295202 14.0364706270
3.7152617816 7.3654105245 14.2836168392
4.3592953823 7.3890521811 14.7818118022
3.9793073466 8.5066679298 4.8356756176
3.9889577803 7.6518518715 5.5145976859
4.1762825490 8.0821660422 15.4213880495
3.8343598627 8.8527730566 15.8385326036
4.4299311141 8.4257188568 16.1202955667
3.9539080107 9.3000888004 4.4145262999
4.2907862980 9.5934793435 4.0593215491
4.4675025396 8.9465660843 4.2214765848
3.4484761812 9.6788359144 15.7925749730
4.4260718063 8.8327170709 16.6057274093
3.9439083112 9.5630973467 16.6220822614
4.4694676291 9.1936544374 17.2079859623
4.1583623068 9.7585041939 17.3653334892
4.4199177698 9.3953884876 17.6056312585
3.7890006328 10.0560400833 4.3039769112
4.3907535263 10.3811600575 3.7816825877
3.6032418840 10.6013143669 16.2266450736
3.9494055013 10.3086427080 17.0200718758
4.2699159403 9.7409712295 17.6694883947
4.1985873399 10.5802547184 17.5234452020
3.7241579789 11.0450804926 4.2083524075
4.2801068068 11.5205213199 3.7099075644
3.3797038751 11.4850170499 15.6867280435
3.8233368080 11.7184711458 16.3052624994
4.1011531263 11.2180323247 17.0308922885
4.6156714877 11.4857707644 17.6601669266
4.4613150335 11.1647598578 17.8027346383
3.7074429609 12.1042408423 4.1989029138
4.3221157460 12.5932429620 3.7141735176
3.6501807954 12.5469199212 15.7063028741
4.0868177991 12.4851005303 16.2935606596
4.2933108639 12.1110632813 16.7841492847
4.5756529000 11.9207808442 17.2802903990
3.7716438669 13.1515289893 4.2770956042
4.5472139871 13.7469642989 3.7941393056
3.7937743260 13.6469992902 15.4684211788
4.3188652515 13.3524817145 16.0762249704
3.8156691085 14.1788623209 4.5695685295
4.5805546158 14.7831709143 4.1792401463
3.9162259596 14.2727222591 15.3667273759
4.3429808353 14.2698137302 15.7030529365
4.0448226553 15.0344374458 4.7788497166
3.9029121620 15.4878682196 5.3286464657
4.1985038165 15.4887258614 4.8980439223
3.5249564088 15.5799800365 6.0931132674
3.5348976472 15.8718686893 14.0387355864
3.8832563115 15.3363130208 14.7979439726
4.1630512388 14.8386925800 15.3202565620
4.4003157786 15.9128106165 5.0992641196
4.0328811700 16.0733407767 5.8524138307
4.5373438370 16.3817563480 5.5186198480
3.6370585142 16.2643096494 6.8977106660
3.4586500305 16.5773423417 13.1462384008
4.1051011666 16.8175091531 13.9379393885
4.5113009164 16.3737138871 14.7301576783
4.3803484122 16.6559608997 6.2261028903
4.2110128320 17.0392735693 7.2123736458
4.0751074709 17.2975192919 8.0362670751
4.5152492356 17.5118750290 7.6008225325
3.8762821357 17.3550823179 8.8777043337
3.7521202002 17.4349083229 9.9742211423
3.6940496799 17.4250510680 11.0858258119
3.7140554397 17.2745954259 12.2418798223
4.1041717108 17.3534098380 13.2155339941
4.6398805002 17.5155302718 13.8976089700
4.6138825740 17.0835300443 14.3537283543
4.4816112915 17.7328771815 8.2921499478
4.4327459974 17.9656042079 9.3474194830
4.2824518844 17.9744830835 10.5328424984
4.2647512150 17.9340275055 11.6239191362
4.3748487833 17.8864250270 12.5954991886
4.5903793907 17.8637486522 13.2888045578
4.5997186652 6.5313339673 6.4924784195
5.0921111275 6.6470704259 5.7094590844
5.5752356356 6.2212051547 6.0527311325
5.4083237343 5.8457216147 7.2312546172
4.4706210792 6.2113957276 7.4493598338
5.6128482965 5.5862603488 8.3864258645
5.3694251687 5.6689843574 9.3472444748
5.2132007816 5.7060129519 10.3346752968
5.0328062468 5.7569256243 11.1383659871
5.3850244938 5.7248190749 12.1469845217
5.1097914882 6.0427730305 13.1550395890
5.2316621514 6.3052568506 13.9105457007
4.6089929298 7.0398372006 5.6408169958
4.9217772345 7.5530755747 4.9010093713
5.0644962477 6.9465630329 5.3296217706
5.1354603590 6.7507443887 14.4694444437
5.2397802953 7.2266157433 15.1389651927
4.7530181499 8.3613558417 4.3869145945
5.0324113739 7.6603784134 15.5481951013
4.9586478733 8.1091204011 16.0948814879
4.8835443676 8.4549287375 16.5453560970
5.5149639380 8.3238808649 16.6351860793
4.9621394645 9.3138009924 3.7518278935
4.9128860006 8.6969494705 4.0758508514
5.1788866636 8.7446217061 17.0632818975
4.8971631471 9.0915420039 17.5045344070
4.4948251105 9.3747833389 17.7176030681
5.0205787773 10.1364271187 3.3858150648
5.5399207312 10.3422459131 3.0194482995
5.4806028926 9.6383453558 3.2705371972
4.8967107943 10.9565827223 3.3003096671
5.5224310240 11.3095875535 2.8720244356
4.7712258747 11.5102619215 17.8860133294
4.8847897705 11.9704147016 3.2495227315
5.5713063247 12.3622285576 2.8282885204
4.4831096406 12.7935843415 16.5696744513
4.9299151831 12.6793075220 17.0548048777
5.2033468012 12.2244609055 17.5731279555
5.4276134533 11.9482116865 17.8650786631
5.0153229526 13.0037762094 3.2585109151
5.8230152467 13.4666432822 2.8538951777
4.9507997096 13.4335587144 16.5866557147
5.5700396655 13.4739581755 16.9663862296
5.7407249282 12.9136818448 17.3983028714
5.2582654552 13.8289250926 3.2884902591
5.3763567918 14.6478131119 3.5658501152
5.5013990987 14.0217405996 16.6072906706
5.0886397672 14.3211626930 16.1826052772
4.5580474505 15.4792823714 4.5720874961
5.3326143963 15.5859122548 4.1248856943
4.6019120347 15.6545690656 15.2668461343
4.8937878260 15.0922950495 15.7111924334
4.9303296195 16.0242583834 4.6814565089
4.8115275694 16.3274919009 5.0876768641
5.0883738663 16.3973084896 4.9030538501
4.9600982034 16.1866639463 15.2341464645
5.3145739061 15.9124135344 15.5614764082
5.1767773597 16.8005769728 5.4267394069
4.8384418632 17.1946577693 6.4724433183
4.7508953986 17.4586516118 7.0762673883
5.0724396594 17.5383086568 6.7615175618
4.8975463747 17.4148663169 14.3333373184
5.1297565706 17.1680370972 14.6597078745
5.4979028653 16.6595510856 15.1967699578
5.2187604546 17.8893519817 7.3516987371
4.9993358643 18.1913118735 8.4828316017
5.0074969794 18.4035960926 9.1903875471
5.3925802048 18.5401093324 8.7207455688
4.9124562673 18.4351408909 10.0148784658
4.8819722654 18.4380071895 11.1009358203
4.8899929196 18.3708092691 12.1338875614
4.9632730393 18.2677988311 12.9684803509
5.1102998527 18.0772658244 13.6375878917
5.3680809525 17.7633427130 14.2668641859
5.4732517543 18.7186142730 9.3853962214
5.6303370543 18.8861208966 10.5279716888
5.5648772661 18.7722987567 11.7873337402
5.5617891345 18.6287566085 12.7198176390
5.5163133778 18.4449164935 13.3526698543
6.1005628111 5.3963795207 7.7752186117
6.2834506809 5.4451445825 7.1094430403
6.8041438372 5.1827059818 7.5351472716
6.6053741076 5.1973137683 8.1302047671
6.2246273074 5.3429033142 8.4315698621
6.7968271927 5.2094859563 8.7431489946
6.0157624426 5.5193901569 12.4255523421
5.9721201462 5.4924076805 12.1096575586
6.1550683891 5.4340175427 12.3039953433
6.3150023001 5.4612709677 12.4402283362
5.6167417735 6.7281548806 5.2240189991
6.3304054871 6.6760409047 4.8267863767
6.5112861302 6.1496935047 5.4606884726
6.3262243138 5.7139605283 6.3961549904
6.2693596750 5.4251607704 9.2206264273
6.1153098752 5.5170074997 10.2211011962
5.9903184761 5.5337675624 11.4223445307
6.2203204770 5.6985237195 12.9680804358
5.8918149332 6.1177719549 13.8532724790
5.6358782644 6.3778997641 14.2524438385
6.2786024372 6.5224159397 14.5724049917
5.8697691016 7.2637286166 4.5224160901
6.2549010841 7.6265998553 4.0089741899
6.6658770378 7.0391972608 4.3103518343
5.9720890441 7.0578307455 15.1725132314
5.7154720019 7.4524434625 15.5872861431
6.5316098183 7.5704422011 15.8126927212
5.4683200855 8.2191722809 4.0538585155
6.2919007336 8.1887373897 3.5888704151
5.7839879586 7.8965664603 16.1286718360
6.1691248473 8.2550212164 16.6321790010
5.7929796966 8.9125952442 3.4363725576
6.2138985631 9.4655453481 2.9514165158
6.4162858570 8.6882630393 3.2058817054
6.1265576322 8.5931075581 17.0337335728
6.0363307240 8.8960927340 17.3892449593
6.3255792379 10.5053532157 2.5597306401
6.1969654948 11.6671301166 2.4531588398
6.3030008214 12.6958787335 2.4147193924
6.5647370504 12.1034865609 17.9810010959
6.2408114967 12.4881487580 17.7789784332
6.7014957419 13.6200492155 2.3763249144
6.4632657840 13.0850998731 17.5478386264
6.2957860119 13.5610818011 17.2334236442
5.7673539202 14.2457597526 3.1211831103
6.4897628240 14.4241684762 2.8108429692
5.8057677425 14.6025833871 16.4418511983
6.2194452891 14.2458023978 16.8046661633
6.0851682589 14.8014492261 3.1990306219
6.2836596915 15.4814299787 3.5206095874
6.3622645805 14.9428793195 16.4822013758
5.9323001749 15.3832054922 16.0639801911
5.4675498299 16.3417419632 4.6135785588
6.2377192081 16.2532480477 4.1134082809
6.0840639506 16.2636989309 15.6679095510
6.0794953165 16.8486019546 4.7604320652
5.9646691986 17.2794815076 5.3772082628
6.6831507615 17.3530114635 5.0027284352
5.5343038168 17.5211781930 6.2077135738
6.5416491039 16.9288460013 15.4092128945
6.0672761170 17.5070756800 14.8343133212
6.4125032845 17.7168106341 5.7184980169
6.1505254780 18.0433963313 6.5575594942
6.0148531835 18.3341889074 7.2846609668
6.7362362667 18.4669312044 6.8953407342
5.6473449424 18.4352613054 8.0074763513
6.0955838494 18.0572011809 14.3713662207
5.7932871026 18.2878818631 13.8938811071
6.4158106235 18.6801758018 7.7091911005
5.9609963713 18.7762914262 8.5628894997
6.0954877618 19.0217064717 9.3027006656
5.9896842609 19.1016345897 10.0494674922
6.2333961690 19.1479435146 9.4173637448
6.0594466580 19.1212199697 10.9376069684
6.2786413614 19.0845570916 11.7093001649
6.3454466023 18.9115348033 12.6139811843
6.2867701724 18.6403932843 13.4700029380
7.0100627664 5.3076697188 6.7700078604
7.7502539546 4.9779951912 7.3128514598
7.3748507312 5.0136176372 8.2750057348
7.4135331883 5.0822370810 9.0194508459
6.2713600036 5.4342884912 12.1243335527
7.0638579873 6.4640182506 4.7621359594
7.4451983946 6.0033246125 5.2185691342
7.3591867000 5.5836030493 5.9331309953
7.1004912289 5.2435864266 9.4493734800
6.8324007849 5.3670189278 10.0112141046
7.0251015889 5.3335195795 10.9585523798
6.8556501981 5.4044733350 12.2112712749
7.2981977942 5.5818869135 13.2269083215
6.8634400913 6.0295400366 13.9438168370
7.5171042519 6.5667787409 14.7321554275
7.0178896601 7.5897369228 3.7146231133
7.5397420798 6.8823021961 4.1888884900
6.9155816220 7.0396833545 15.2543501066
7.4874351727 7.5660595602 15.7325472584
6.8458963853 8.2210820199 3.2917469753
6.9889627384 8.7325665192 2.9225110976
7.5538764598 8.0404187093 3.1681412703
6.5300948451 8.0438945349 16.3556892730
7.2669165822 8.0878880448 16.2782153287
7.0975569348 9.4919860503 2.4884653587
6.8331372945 8.4489741586 16.7752944867
6.9964350996 8.9318663008 17.2944971602
7.0046204123 9.1777393059 17.5765809750
7.3514039601 9.2722172983 17.5713451387
7.0609327095 10.2337741053 2.2141484013
7.5995111588 10.4181229503 1.9152362247
7.5443959471 9.7716398656 2.1308598068
7.6649201651 9.6348140332 17.6750043762
6.8952909855 11.0464938246 2.1203304637
7.5982742289 11.4190860140 1.6873474324
6.8502271915 12.0447495369 2.0420556116
7.4275117349 12.4355499998 1.6839411600
7.4484866729 11.7806553030 18.0296325681
7.2690558782 12.2258983281 17.9449147242
6.9819849782 12.9311235874 2.0084601272
7.4189230982 13.0242484586 1.7347377884
6.9337359611 13.4931593944 17.4318250345
7.2791228024 12.9386876978 17.7070968502
7.4875967763 13.6168097992 1.8914300382
7.3796974659 14.4486271191 2.3327657341
7.7173899445 13.6966960092 17.4125712813
7.0469078340 14.1013561276 17.1114051756
6.6286759998 15.1093628383 3.0821880445
7.2412654209 15.1073339762 2.7839327639
6.7936463031 15.4381122893 16.3321487359
7.1051094529 14.9024690235 16.6869624412
7.0968717600 15.5736791265 3.1615331510
7.2938403084 16.2219226594 3.6018630884
7.4062652810 15.5590911362 16.3902999319
7.1771134632 16.2277831885 15.9548578668
6.9957399274 16.8767392888 4.3319763309
7.5829020097 17.4444475075 4.7434452854
7.3681687686 17.0758896469 15.5213421610
7.0781033545 17.5770051888 15.1056966684
7.1437447158 17.7631775110 5.3454991210
7.0989718735 18.1643048375 6.0548139184
7.4566388514 18.5574442069 6.5856199365
6.4331667645 18.3768045471 14.1131687100
6.7896790148 18.0733091578 14.5866748849
7.3770569283 18.8314499954 7.2950824722
6.8210828849 19.0084305047 8.2561571580
6.6311554756 19.1422060184 8.8350493221
7.3463949718 19.1658545169 8.2263897557
6.3870075126 19.1922368620 11.5419990677
6.8167671352 19.2095195391 12.0805298578
7.2001263629 19.1270225225 12.6712188774
7.2534391047 18.8661378512 13.4183937644
7.1424366840 18.5057301148 14.1105294398
7.7628797358 5.1789478227 6.5097595353
8.2361853390 5.2683248876 6.0216657324
8.5930854499 4.8919478795 6.6525798675
8.5944792746 4.7158907519 7.4431049347
8.3304344795 4.7460460147 8.1506566398
8.1442686970 4.8432794214 9.1190174746
7.6936475520 5.0795035335 9.5312258647
8.1315455655 4.9418936850 9.8846758641
7.7848610067 5.1001950576 11.6783850766
7.8406349685 5.0981605978 10.8849344131
8.4227398880 4.8047011694 11.1099139118
8.6182228122 4.7058474355 12.1592914949
7.8405663620 5.1968702497 12.6322310219
8.4585648612 5.0437226081 12.9903042192
8.0525977846 5.3980246115 13.3423690901
8.7759422260 5.3400725496 13.6644703107
7.9882861253 6.2971631754 4.7023318198
8.3803234530 5.6907050784 5.3345281019
7.5812379835 5.1758497642 10.1738582001
7.9673363179 5.8906176812 14.0069566186
8.5389558851 6.4585949187 14.6313296689
8.0424611968 7.3643754600 3.6159859074
8.5318052220 6.7377793504 4.1331251979
7.6929116210 7.1295634999 15.3097719293
8.3772670083 7.0479171382 15.1459393861
7.8602871305 8.6450539640 2.6149222635
8.6081899985 7.8963136178 3.0016446294
8.1712931431 7.5067847683 15.5700221369
8.3257669235 8.1502038597 16.0735565102
7.8083963247 9.2478762999 2.2489731877
8.2647797545 9.5974333525 1.9603528130
8.3222232891 8.9231384140 2.2418778184
7.8333918405 8.7937442852 16.8130550096
7.7774392549 9.3709201722 17.4063752678
8.6531135432 9.6450026335 17.1461819765
8.4486920178 10.5508365451 1.5831863852
8.2139458177 10.0224391615 17.6054179139
8.0588951784 10.3989880874 17.8239804149
8.4431428932 10.8692349300 17.7818003899
8.2677322814 11.3762383701 1.3604079463
8.6084621634 11.7652174729 1.1694587923
8.9045854060 11.1538145836 1.2501972956
7.9850424483 11.1611522046 17.9625438353
8.0434008793 11.6791340656 17.9423116006
8.0579490128 12.0832107739 1.3601451249
8.8105374014 12.4998930520 1.0992805851
8.1387432306 12.3848779894 17.8407458089
7.9769813995 12.9902327325 1.4644021186
8.6975315422 13.2939517523 1.2376859074
8.3211016855 13.1218894683 17.6599702461
8.2787063452 13.8111468806 1.5593106130
7.9572495157 14.2760840464 1.9167546012
8.6877597354 14.5740711255 1.7761615736
8.6777427129 13.8079540868 17.3842044578
8.1276369798 14.5725448097 16.9781252197
8.0714934642 14.7644786033 2.1377114537
7.8498476467 15.1031725027 2.4728727737
7.8339798087 15.2517092929 16.6078593930
8.4123158560 15.2714247661 16.6242713994
8.1235931805 15.8085319476 16.3130409500
8.0284271414 15.7567573383 2.8839578229
8.2621943889 16.4165732934 3.3648414360
8.1409690548 16.3268629523 16.0283783517
8.1282544794 16.9519934014 3.9851945201
8.5858471442 17.5668791643 4.5780096468
7.8253342549 17.5019457230 15.3106368396
8.2043109040 16.9059368448 15.7102430720
8.0281351700 17.9999968392 5.3735791637
7.8970978791 18.4124042591 6.0937091033
8.7401618423 18.4486953528 5.8735791971
8.6062181248 17.6051980629 15.2889356511
7.8304426808 18.0657030708 14.7949974791
8.2400625327 18.7595540403 6.6611016884
8.0886179761 18.9755929046 7.2196351777
7.8760287043 19.1041457526 7.7008617331
7.9618521164 19.1991374416 7.8966078016
7.3454364242 19.2268220495 12.5513478197
7.9463123549 19.1903753848 13.0160636564
8.3249069230 19.0225903885 13.5056343293
8.1748499616 18.6171075515 14.1490617652
9.1406930730 4.3228719540 12.4358066652
9.1647188483 4.2437852911 11.9815092101
9.4507236375 4.0138985687 12.2639343455
9.4720147970 4.1128705168 12.6837904163
9.1625207668 5.0778968958 5.8054726422
9.4267766314 4.6305958604 6.4269382962
9.3333642104 4.4866095371 7.2190592369
9.0318024014 4.5303261211 7.9390478508
9.1378156258 4.4467790662 8.8274696126
8.8631487893 4.5439295270 10.1270678139
8.2074519376 4.9409836335 10.4443689946
9.0791573298 4.3440189278 11.3023432660
9.1072588507 4.6238643182 12.9950520800
9.6618001663 4.8096486315 13.6760767852
9.0233279642 6.1372807302 4.6528160317
9.4924448912 5.5459468235 5.1115133016
8.7978563503 5.9449573847 14.2307614706
9.5508786112 5.6733275993 14.1979517887
9.0565496027 7.2049595019 3.5843265351
9.5786499017 6.6086170402 4.0886415531
9.2346372765 6.3021700990 14.5445773740
9.3903252676 6.9622590826 14.9998392713
8.6744631069 8.4657262570 2.4748865967
9.0203434162 8.9148363018 2.1361118852
9.5776876576 8.2143375396 2.5927024990
9.5451687401 7.5921733796 3.1414916451
8.9732785831 7.6634375213 15.5424180950
9.5766830311 8.4890083502 16.0019097905
9.2257961160 9.6560277460 1.7686419586
8.9489166514 8.9769605792 16.5451880982
9.5605254891 9.6757540452 16.7915627744
9.5398502846 10.4611128926 1.4279894951
8.7708553596 10.3535827123 17.4932163854
9.4948051179 10.4599382064 17.2216473340
9.2718694603 11.7972156246 1.0501010730
9.5525905336 11.1550510740 1.1737964446
9.0696996534 10.9044354436 17.5647563830
8.9920293365 11.7347490339 17.7195946821
9.3694968375 12.3327109982 0.9490529418
9.3085504605 12.6008522667 0.9503347000
9.4236623846 12.4732624650 0.9163780409
8.8952226033 12.5992627254 17.7309554904
9.5412196950 13.1183980314 1.0238680018
9.5477780827 12.5760870364 0.9240147885
9.1945224730 13.1928105939 17.5791114728
9.0695751146 13.9240349666 1.3263044810
9.6049491378 14.5420124768 1.4954043248
9.5588687563 13.7622576990 17.3294114089
9.1308240358 14.3227220386 17.1008407624
8.5244727613 15.2406483969 2.2725485608
9.4179566658 15.1929732098 1.9761540220
8.8290041011 15.5948342828 16.4459443265
9.1371114498 14.9935153867 16.7407009472
9.0816870157 15.8059093519 2.5262323553
8.8069167512 16.2501449628 2.9968083277
9.6053992485 16.3535035291 2.8875098811
9.4034482927 15.5462039050 16.4345581409
9.0391521085 16.2066110478 16.0954548798
9.0046316369 16.7216551449 3.4231964369
9.1673009821 17.2261998010 3.9661303715
9.3943832369 17.6278871924 4.4147003808
9.2408070642 17.0518321461 15.6437076990
9.2623459525 18.0457370370 5.0608168539
9.7660323815 18.5135867481 5.6969768869
9.3946874140 17.6033228313 15.3036597193
9.0975290519 18.1443622353 14.8092279327
9.3299493474 18.8106571374 6.4180250751
8.8078973209 19.0476898144 7.1292704357
8.5627263665 19.1750710897 7.5522672919
9.4814975646 19.1562587001 7.2195775751
9.4503225814 19.0614366428 13.7425482784
8.8186725363 19.1700652378 13.4544531726
9.3186394032 18.7165378096 14.1539220583
10.1998534584 3.3995726343 11.4784308386
10.3999499425 3.3457860870 10.7589765878
10.7501264737 2.9735647804 11.1418396097
10.8061703100 2.8607626436 12.0801496699
9.9965834546 3.6137201958 12.4432627616
10.5847301536 3.1813782585 12.8330289906
10.3186854903 3.6142324457 13.1426858618
10.8189706519 3.3054800699 13.3219402654
9.9793588308 4.2327833983 6.7225115463
10.0938493417 4.4790459333 5.8563130252
10.5917011979 3.7955042688 6.3464575782
10.4567390606 3.8345651658 7.2110770666
9.9730331662 4.1585664134 7.3943751315
10.2902773309 3.9472232082 7.8116758414
9.8011813879 4.0399461303 9.5709767551
9.9150824810 4.0970746486 8.7680751852
10.4462016133 3.7241330013 8.9836768752
10.5175890692 3.4637140993 9.9621427287
9.7821893487 3.8620699658 10.7022050540
9.5974527279 3.8959551838 11.7013937124
9.8203769707 4.1140152124 13.1487645376
10.5905684558 4.0465797194 13.7349534157
9.9300957843 5.0485440079 5.3671357842
9.7344031143 4.2425676297 8.0485050230
10.3125293323 5.0612261761 14.1535815475
10.1563103517 5.9194263340 4.5476743393
10.2371771275 5.3304076845 4.9664199152
10.2548214966 5.7560359861 14.4281880224
10.0855240519 7.0946420689 3.5687135583
10.6210577180 6.4901893636 4.0095647648
9.9509474332 6.3378707175 14.6384332254
10.6940725733 6.9829397693 15.0450746160
10.0907149717 8.9978946939 2.0684065577
10.7184024079 8.3305954595 2.5345656628
10.4649041301 7.6623699411 3.0451175034
10.0100990815 7.7738730593 15.4597580331
10.6198943666 8.5058524604 15.7800624447
10.0676739542 9.7568963312 1.6907641113
9.7424094298 9.1748969049 16.4199536354
10.4327105302 9.1505964017 16.2025584250
10.4348302135 10.2795544805 1.5067070337
10.1968296039 9.6205031051 16.5462863850
10.3181867120 10.2703220561 16.8276175944
9.8941747457 11.5353302346 1.0625888486
10.2788936878 10.9755868641 1.2407042088
9.5960223295 11.2193315408 17.4573326801
10.4271743782 11.2849157275 17.1564228549
9.9949844480 12.2730435001 0.9501757548
9.5667876106 12.4073315362 0.9138101900
10.4294018468 11.5728107832 1.0615857686
9.8580627137 11.7785467676 17.4900484551
9.7005995150 12.5141896085 17.5753792963
10.4211920463 12.9912253520 0.9408782115
9.8644132595 13.2010879429 17.4656874147
9.7586492681 13.9787223900 1.1867519321
10.4349058601 13.7182152283 1.0702952043
10.2370976468 13.5307026865 17.2491267553
10.1242015009 14.3109812468 16.9242308116
10.2193365570 14.3462000211 1.2956056826
10.5723526002 14.9355287599 1.6994117701
9.8931867971 15.1206397162 16.5886958494
10.6696870540 14.9399065104 16.5141947551
10.0823515342 15.6571570358 16.2757255379
10.0777068554 15.7807138722 2.3198150209
10.6273143269 16.3850630281 2.8069101636
10.2400912704 16.4709815724 15.8472026165
10.0193143997 16.9507219469 3.4548952375
9.8723197965 17.4262487092 4.0335194998
10.6824826480 17.4375161463 3.9483788035
9.9374136398 17.2303864991 15.5009356346
10.7307366336 17.1107590657 15.4562220457
10.0697545472 17.7194206403 15.1477371593
10.1140453997 17.8080030611 4.5057079649
10.3027384385 18.2356052649 5.0907631616
10.5593860759 18.5541751460 5.5790861579
10.2276004243 18.2762101633 14.6341841138
10.4858983354 18.8337645371 6.2373516017
9.9515367144 19.0561176613 6.8647750136
10.5097993315 19.1574425215 7.1030347534
9.4747067766 19.1722040999 13.6327634465
10.1202884053 19.0988657883 13.7439130165
10.5932837669 18.8234375413 13.9971196360
11.4824761180 2.5255399709 5.5695935301
11.7917426780 2.2962356405 5.0697485709
11.7868626644 2.0510394842 5.4913266280
11.9693060454 1.9453160937 6.0588737189
11.5110948256 2.4848211855 6.2259200071
11.8221572264 2.2832115060 6.6904413189
11.3648676937 2.4149531791 12.3953761974
11.3850163728 2.3707773847 11.8903967047
11.9369956964 2.0768397418 12.1175400056
11.6999661055 2.2998767708 12.7384487702
11.5002517086 3.0317410498 4.9394783026
12.0081982591 3.3446005221 4.3720486224
11.9445772855 2.6639348918 4.6106406655
11.2127991123 3.0920716944 5.4342195711
11.1293053130 3.0972316798 6.0783424466
11.4445321586 2.7584638378 6.8220393556
10.8011984926 3.0855625822 10.5176156021
11.2094906372 2.9271749429 10.0454837644
11.1610966949 2.7642724092 10.7009012205
11.2564913464 2.5547952408 11.3016036402
11.2056065335 2.7586720773 12.9432656352
11.6115204698 3.1420792779 13.6813750035
11.5208983362 3.7252361234 4.6702328388
10.9780928185 3.8012955322 5.3486424207
11.3775845483 4.4865320001 4.6457536419
10.9776060145 3.3288894960 6.9977616160
10.8623137851 3.4864541246 8.0545134493
10.2857944933 3.9229949573 8.3431393718
11.1137736657 3.1974109067 9.1487242489
11.3964819737 3.8950216847 14.1276141001
11.0797670045 4.5905853520 14.2964685138
11.7487386036 4.2142572888 14.4347469075
10.5987462693 4.7502265748 5.1284996351
10.8964631560 5.2860058984 4.6474435420
10.8943139810 5.4283521835 14.5125742796
11.7194517508 4.9400919914 14.6477980886
11.1280371625 5.8751570406 4.2711896040
10.6427651463 6.1332612223 14.6821441422
11.4866044485 6.0024956247 14.8610729524
11.3055349706 6.9901657371 3.5409205206
11.4353825789 6.3079448704 3.9551922599
11.6705206965 6.8196431711 15.0903457602
11.0070568773 8.9016772912 2.1942621995
11.6189509851 8.6480290094 2.4941779663
11.6691273333 7.8983782117 2.9779948741
10.8502599033 7.8940481549 15.4322718433
11.6424020118 7.6468429314 15.3289747623
11.0698134332 9.6920089878 1.8428093633
11.6027888829 9.1867355847 2.1760681811
11.3431953044 8.3725336705 15.6173668058
11.5546507704 9.2176199183 15.9923967152
11.2172249820 10.7494728978 1.4395600558
10.9128858007 9.8668937263 16.4529208300
11.2295382719 10.7714000071 16.7167628939
10.8988601733 11.2878537774 1.1731785362
11.0352614797 11.8872981636 1.0391893410
11.4352507739 11.4007641852 1.2184334332
11.1897918576 11.4632571149 16.9288169804
10.8872153716 12.5566977415 0.9441758143
10.3521763156 12.1383842251 17.3589269353
11.0741559258 12.2029077559 17.0525260572
11.1753696206 13.1803674717 1.0113489208
10.4277310876 12.8498000660 17.3255662778
11.0158828052 13.3565870987 16.9720857608
11.1278642507 13.8247627868 1.1449838192
10.7776809407 14.2622701606 1.2803324894
11.5386679033 14.2010382726 1.4238050597
11.1875363833 14.2038758075 16.6742500174
11.8298541562 14.9853987897 1.8774614893
11.4416631907 14.7090797090 16.4034585730
11.1979709244 15.4918449958 16.1246552696
11.2028106269 15.7281158819 2.2766922642
11.7272629115 16.3418076130 2.8169906134
11.4160792585 16.3556210015 15.7226610896
11.1890211095 16.9236158903 3.3516153867
11.7216781925 17.4136023179 3.9369078270
11.6891286938 17.0421481810 15.3453129584
11.0073921577 17.7078650418 15.0237230305
11.2236837900 17.9801922377 4.6497197615
10.9790409152 18.3885694828 5.2230701112
11.5432308481 18.3832424144 5.2222375353
11.2662411256 18.2619758601 14.5167384906
11.3330895375 18.6593461289 5.7741037500
11.4613785955 18.9167566869 6.4678675083
11.0197846718 19.0717114600 6.8744661873
11.5099401831 19.1541715659 7.2678920647
11.9048463132 19.3442698683 9.6989794397
12.1593490211 19.3080474428 9.5592054777
12.0288389611 19.3283740782 9.4750631183
11.9097726789 19.3462248173 9.8850710793
12.0129372614 19.3322949972 9.8361398182
12.1976457999 19.3155167717 10.0099753603
10.9778093224 19.0830671512 13.6288959291
11.7235795073 18.9987779143 13.4787817071
11.5733909428 19.1461706334 13.3522656352
11.7399937560 18.6193437881 14.0199389318
12.2316328616 1.7312970466 5.4363596654
12.8682547656 1.7728702016 5.0851273507
12.7982317503 1.4087669764 5.5405799992
12.5675421436 1.4066124180 5.8342479120
12.3106944350 1.5563408244 5.9135352691
12.7012989868 1.5359211941 6.3371199121
12.2841751021 2.1660984520 4.7781418465
12.4677206789 2.7558229625 4.3437249035
12.7816578309 2.2493379976 4.5848988006
12.4205626026 1.9533812118 6.9134911265
11.9846954396 2.4530451047 7.4566720952
12.7583106177 2.0703777609 7.6983427166
11.8397769756 2.3789615687 10.5149281370
12.3667480014 2.2682509117 9.6996534912
12.8566786308 1.8901478152 10.2238569538
12.4005015104 1.9089713642 11.2587974344
11.7374942058 2.2129379151 11.4324269434
12.8791564724 1.6628276078 12.0605453770
12.3466209343 2.0638125259 12.7892222852
11.8459352160 2.4831723822 13.1776741925
12.5375974793 2.4208722284 13.4356484946
12.4840590662 3.3373873595 4.1616563704
11.4044401426 2.9749235525 7.5404141075
12.3821068990 2.3701777854 8.1629180863
11.7301757186 2.8023940449 8.3879144000
12.4606967838 2.3483746473 8.9118772009
11.7976228949 2.6639519942 9.4492969229
12.6386734207 2.9460956645 14.0057219233
11.8769939825 4.0308967306 4.3558448987
12.5117795909 4.1008930728 4.1125704523
12.1086866263 3.5928445182 14.2608832769
12.5826419223 4.1442558633 14.6450430704
11.9820961390 4.5535328717 4.2676667723
11.7103436437 5.2265148877 4.2899633148
12.6857466537 5.2991899457 15.0168879591
11.7856539960 5.8472040455 4.0806524740
12.2605758098 6.2023637026 3.7994823612
12.2327654639 5.4954089040 4.0339080076
12.2310447162 6.2920275636 15.0856263587
12.6573897700 7.2207539007 3.3900813796
12.3623522753 7.0119949354 15.2443269951
12.4399883666 8.5725026585 2.7839394889
12.6533737076 8.0334226613 3.0822421317
12.5441083660 7.7468052203 15.4237811652
11.9647152155 9.6806763796 2.0532450286
12.4089268490 9.3043701299 2.3867815797
12.1047282142 8.4087853882 15.6114833199
12.7279089524 8.9724652290 15.7962291901
12.1611823228 10.4572411746 1.8058442253
12.5853483094 9.9911304659 2.1218556967
11.6847413909 10.1602329681 16.3594875933
12.6337749710 10.1275181071 16.0878633555
11.7268154764 11.8248024170 1.1591267793
12.1150979443 11.4339517850 1.4295042239
12.0141355088 10.7700390440 16.4591665004
11.8402230091 11.5879216081 16.6790590295
11.6305924126 12.4504943997 1.0585749675
12.1446183704 12.1174769169 1.2384122781
11.8814829914 12.6529283344 16.7038400538
11.8359590349 13.0378082082 1.1253902225
11.6260624055 13.5435141831 1.1743192513
12.2687153050 13.3444763601 1.3712427100
11.8503595217 13.5716145400 16.6131063285
12.5004467231 14.1964563296 1.6863419337
11.8391843643 14.2051670015 16.4591702134
12.3449250314 13.8481423020 16.3322487098
12.2011131094 14.6316119454 16.1476489348
12.7547658307 14.8962948673 2.0108229431
12.2342999992 15.5820765491 15.8380834845
12.4834894825 15.6404211133 2.4022969305
12.5404585976 16.3026351891 2.9019049798
12.3354892536 16.3725970521 15.5525507802
12.4242437719 16.8469911667 3.4157475348
12.5500384116 17.3804551787 4.0197180708
12.5390109785 16.9522763968 15.2367185070
12.0336808148 17.6616764291 14.8630383946
12.3365248619 17.7869951804 4.5181880828
12.0314161299 18.5306710710 5.5915907689
12.2009734156 18.2187440199 5.1113989085
12.7890054525 18.4610012557 5.7460288126
12.0142874656 18.2215693852 14.4096235751
12.6391597853 17.9471560335 14.4485199971
12.4081753183 18.3797807126 14.0909283020
12.3155899321 18.7696154529 6.3206641450
12.1177761444 19.0415413025 7.1674115833
12.3075395997 19.1555508984 7.8150174034
12.7621075390 19.1896284023 9.2497691273
12.3224883798 19.2794183469 9.2084614693
12.4725231009 19.2697654057 9.8722190713
12.8004533655 19.2401449438 10.2529658629
12.1286161012 19.1518321045 13.0516019637
12.7220033341 19.0198638364 12.8732852379
12.6270958673 19.1695590049 12.6914024316
12.5308947787 18.6848206407 13.5719368203
13.1150048623 1.4704916671 5.4060894934
13.2108917868 1.3728033142 5.6556839272
13.0127951581 1.3330527882 5.9590628228
13.3971226402 1.4474163073 6.4050832673
13.4629413342 1.4070443936 12.2755322581
13.5609046088 1.3025970084 11.7451549042
13.8430026559 1.2257534822 12.0589716612
13.8356416595 1.3632260032 12.4469686899
13.0254487576 2.6393656275 4.3625942496
13.4666906495 2.3036945183 4.7318123727
13.6957685904 1.7175936044 5.4820084591
13.4651599784 1.6872429181 7.2420387021
13.3685705925 1.8845597966 8.0721416348
12.8619020337 2.0677771057 9.4142312369
13.0594162259 2.0522524639 8.9240842731
13.5292746726 1.7774333941 9.3525256018
13.7538758379 1.4882001846 10.2440974512
13.2988981819 1.4887572667 11.1082176868
13.3803872830 1.7823719476 12.8843999338
13.5382225723 2.4014098059 13.7392019799
13.0277334896 3.3156398731 4.1590221815
13.4934818349 2.8980458451 4.3554274881
12.9270861532 2.1165756123 8.3862855251
13.3076848173 2.9682250378 14.2307854909
12.8110723342 3.3894926742 14.3848046534
13.4780522721 3.4715985614 14.5590264330
13.4364290221 4.2521929695 4.0271959695
13.6786081093 4.2806639147 14.9536634072
12.3062530891 4.9204301484 4.1012229405
12.9131074850 5.2046983402 3.9215110625
13.5793251713 5.0236407598 15.2319100647
13.3760642089 5.5574464914 15.3036249293
13.9987363720 5.3811586191 15.4273117191
13.3915059583 6.2467566409 3.6586277448
13.7176261951 5.9441246688 15.4404498964
13.0229693931 6.2663475681 15.2825937318
13.8901192835 7.1422881842 3.4165802637
13.0999067138 7.1581113798 15.4009346172
13.1030060061 8.5012674520 2.9882622141
13.5320024529 7.9978442077 3.2150470650
13.2020215268 7.7989676338 15.5082158479
12.8700286854 8.2748090797 15.5876629409
13.7980017940 8.3164118959 15.6507279161
13.3383003915 9.1656897336 2.7546448325
13.6728953796 8.7023544708 3.0298112500
13.4503303039 9.3402979667 15.8213457401
12.9781373971 10.5444941151 2.0391955362
13.4020676757 10.0925138802 2.3631402191
13.6379330929 10.0537596267 15.8519853892
13.0720534550 11.3538619451 1.8215142524
13.5980930948 10.8915902914 2.1297521120
12.5358867859 11.1586951658 16.3307677420
13.4161653770 11.1851145774 15.9519319283
12.1895740213 12.6507394679 1.2222495371
12.7277251924 12.3605301600 1.4981027192
12.6290342696 12.0430526326 16.3574092094
13.3094924377 12.5044462891 15.9861201917
13.1433779460 13.3241922645 1.6989554939
12.5588054285 13.0696251243 16.3511302043
13.0805665400 13.7125233043 15.9716735885
13.3905597567 14.2065274259 1.9434584692
13.0767747808 14.8231919830 15.7562083064
13.3353050173 14.8630041627 2.1426873478
13.0488846371 15.2076980133 2.2295304614
13.6915806668 15.2492744956 2.4931487886
13.0405165882 15.7927450162 15.5349756784
12.9276671254 16.4711162569 3.1411125644
13.2267803177 16.0561229465 2.8897078043
13.5802851612 16.5854697943 3.4557503993
12.9533879978 16.4619679687 15.3675941157
13.0625676952 17.5935136969 4.4427937716
13.2824773256 17.1761002426 3.9910813979
13.8853799768 17.5248507059 4.6470857442
13.0639856773 16.7803685146 15.1775105153
13.0062441875 17.2778370068 14.8329130426
13.3370127185 18.0218442694 5.2238344583
13.5546781548 18.3953137991 5.9973094523
13.1677908696 17.7165850416 14.4199159895
13.1550109004 18.1364824296 13.9520696492
13.2929464375 18.6415672454 6.4597178015
13.1169023430 18.8598581041 7.2113368967
12.5770567565 19.2019537261 8.6085358608
12.9508206848 19.0556222606 8.1839047968
13.7393549552 18.9330858886 9.1557313628
13.3354864589 19.1118249963 10.1286699104
13.3900415621 19.1512034730 10.8242673966
13.5362901204 18.9614695519 12.1912076830
13.0939442046 19.1327651304 12.3093603880
13.5337815570 18.5602423527 13.0621682671
13.5217370866 1.4183622148 5.9889647217
14.0216164253 1.2465310602 10.8748702666
14.3674105066 1.2661020978 10.3384197847
14.7144440007 1.1311135586 10.7899703185
14.2958346948 1.1470863542 11.5400622878
13.7727113645 1.2408761116 11.3166381282
14.8862181921 1.1923058554 12.0590158186
14.2318008082 1.2213765014 12.1734026376
14.3874646829 2.3684392218 5.0670843694
14.8036692466 2.0128226329 5.7124448388
14.3345979606 1.6352054905 6.5111924244
14.5843958459 1.6132465255 7.5895988571
14.1928479183 1.6543751423 8.4946402726
13.4342273205 1.9032579087 8.6254596742
14.4856527501 1.4272100057 9.6672799010
14.4197542657 1.4679526589 12.6795834939
14.2125633440 1.8957968816 13.2857806202
14.6305431400 2.2737297950 13.7586148230
13.8261010391 3.5378333356 4.2276300078
14.1542622008 2.9501126025 4.5677208571
14.0900319214 2.8434788620 14.2378696026
14.4459151548 3.4329802419 14.6500623814
14.1879407542 4.2616161857 4.1120501564
14.6455021565 3.7496640065 4.3920709328
14.8137412708 4.0672774424 15.0271599015
14.0940726474 5.2335335718 3.8916273099
14.9186110087 4.6549270240 4.1696537696
14.2969779157 4.7439494830 15.2871303005
14.6549207668 5.2067810739 15.4829043686
14.5092298993 6.4741765077 3.5994688204
13.7654775169 6.6532224573 15.4913131293
14.4993704350 5.9815752276 15.5669332788
14.3706031299 7.0228465921 3.4034011363
14.4919709258 7.1589815748 3.3573877791
14.6304187239 7.0138358423 3.4227330554
13.6906228432 7.4277997133 15.5395780354
14.5669504630 7.2192469053 15.6317843718
14.3628082500 7.2724539105 3.3576738149
14.4745818816 7.6715191992 3.3409508621
14.3989825137 8.3328667951 15.6401897010
14.2410219648 8.3122503522 15.6418528265
14.4695471414 8.1050542146 15.6467544688
14.0742661372 9.1273867945 2.9447137454
14.4034709847 8.5780608374 3.1565469094
14.2998261536 8.5052178347 15.6435048834
14.4836603227 9.1377938273 15.6448313524
14.3691730194 9.7867236250 2.7352892577
14.6342488467 9.2179818087 2.9901071696
14.2237551541 10.3672244094 15.6731507240
13.9162243622 11.5044104361 2.0718383714
14.5261553280 10.9567552259 2.4037154899
14.2308757228 11.1120672829 15.6128858644
14.7117944801 10.6473335409 15.4677005053
14.7928508599 11.3187051022 15.3759319138
13.7504888786 12.3754036710 1.8961298023
14.4707978830 11.9284641179 2.1855320787
14.0761348538 11.9161425703 15.6318057704
14.7730416298 12.2573230990 15.3196590978
13.9679883258 13.3866739662 1.9793793746
13.9811729295 12.9720574719 15.6110845653
14.7279204267 13.2762495406 15.2763278025
14.0917048510 14.0261506116 2.1186450061
13.8251999496 14.5615116283 2.1934824937
14.5888427907 14.3327836763 2.4045524120
13.9099187759 14.0503992891 15.5336368975
14.6842219779 14.3116836815 15.1868941268
14.8882000073 15.1524945335 2.8062683093
13.8429849714 15.1277279226 15.3703355072
14.6047778330 15.3788424832 14.9809208529
14.2362464056 15.9128600169 3.0807338557
14.7844670617 16.4619796176 3.6848228972
13.6280573258 16.3355797745 15.0712476858
14.5051126058 16.3810404820 14.6075482061
14.2970959979 17.0346969020 4.1483541248
14.8814303131 17.4074832712 4.8431858285
13.8105421040 17.3077001483 14.3659956865
14.4665101449 16.9545806523 14.2871271889
14.4844878207 17.3803896191 13.9163761266
14.5542060166 17.8124258360 5.4224825377
13.9449419841 18.4966074488 6.5177853150
14.3762819609 18.2095384598 6.2036985530
14.4681679444 18.4367826681 6.9370956253
14.4713430121 18.7275496664 9.3993157622
14.9203376757 18.5454549843 9.0536569866
14.3522348639 18.7149189604 8.8199890246
15.0014050087 18.5913136168 9.7738606888
13.9846193679 17.9389546427 13.6541543958
14.4963326791 17.7712664776 13.5227899624
14.4349548361 18.1182135346 13.0755800290
13.9318910182 18.6493693651 7.1307103175
13.9386758165 18.7763142248 8.0809640179
14.3639620535 18.8220765408 10.1818053161
13.5005684006 19.1120590038 11.6244255018
13.9329643463 18.9620666922 11.1926482582
14.3917420226 18.5842998020 12.1734067651
14.8643536733 1.2084116764 10.2418911936
15.2598934414 1.1192315985 10.5575173818
15.4611605151 1.0905518711 11.3055891459
15.5565708228 1.1703388725 12.0564690813
15.1434510449 2.4564803114 5.2994081059
15.6091202535 2.2941542688 5.7176924423
15.7465410023 1.9687831462 6.4631745535
15.5186849118 1.6738091769 7.4318429631
15.3832711126 1.5609087886 8.4124870895
15.1758038812 1.4547124022 9.1944229974
15.4356092912 1.2570497651 9.9814465475
15.3630869563 1.3817859294 12.5495635935
15.0974645176 1.7746675987 13.1610917860
15.6601282594 2.2020767092 13.6391385242
15.1328220855 3.0961509279 4.8651741818
15.8513977922 2.7813362215 5.3546934603
15.1148670171 2.7764968772 14.2179736828
15.5108014321 3.3955157875 14.6509008654
15.6611631602 4.1688726136 4.5700559714
15.8204016813 4.0722119240 15.0381639463
15.2414266892 5.6699973866 3.9328243503
15.6788452284 5.0128700210 4.2513897102
15.1677136392 4.6782866642 15.3336606866
15.3553096633 5.3777065902 15.5373921306
15.2676573694 6.4175838276 3.7179188345
15.4566485290 6.2429686648 15.6375100552
14.6226238440 7.2634431607 3.3770057340
15.1489110767 7.1233081000 3.5251821061
15.5883379960 7.0505674722 15.6539577666
15.3819718515 8.1694454686 3.3514501557
14.5774781126 8.4248080452 15.6452519786
15.2110313770 8.0429978380 15.6196676326
15.1002581681 8.9119650011 3.1319280532
15.2334852372 9.4970139311 2.9605058758
15.8273171942 8.9690372665 3.1940536787
15.4910659683 9.6070878695 15.3627310238
15.1247312687 9.3991526927 15.4919014869
15.6070084528 8.8896516855 15.4536834281
15.3661761980 10.2809369973 2.7547442105
14.9116308238 9.9387505651 15.4799135913
15.4758867513 10.4154641782 15.2435409022
15.5791674474 11.0762302747 2.6282429149
15.5979039725 11.4736579098 15.0907764110
14.6234781692 12.7667366227 2.1796126384
15.3605964793 12.0103508647 2.4653777731
15.5456357350 12.5180945061 15.0491646778
14.5643093589 13.5707173184 2.2077505424
15.3933939855 13.3104616915 2.4776866590
15.4966716347 13.5002972821 15.0128519538
15.6205110483 14.3406295905 2.7075252613
15.4894476674 14.4944437522 14.8830824704
15.9277051798 15.1121174081 3.0333445303
15.4200283859 15.5591099509 14.5850158286
15.3530129572 15.8085387601 3.2952431224
15.8735736106 16.3403167799 3.8685256618
15.0648466189 16.6277243450 14.1527317432
15.7505196303 16.0008217883 14.2353982858
15.7805491785 16.5697946282 13.8219583550
15.4851528359 16.9432708472 4.4367681797
15.6809612773 17.3502847302 5.0757376869
15.1137415310 17.4312491821 13.4219305958
15.9713033543 17.0434188577 13.3040471265
15.6782125907 17.5880982266 12.8596279518
15.4884595089 17.6378018856 5.5334328054
15.3988075632 17.9313896169 6.2726466552
14.6510864537 18.5088572451 7.6974052480
15.3006150330 18.2062179558 7.2490284891
14.6724517053 18.5760838377 8.4147443193
15.4217313654 18.3293609406 8.4574757520
15.5928540662 18.3571770045 9.4800602644
15.5350894207 18.4367222965 10.1390408084
15.1102818446 18.0576151961 12.6047767392
15.8477539735 17.9444798020 12.1297581625
15.1905951304 18.3633671214 11.9137826827
15.1079804713 18.6047426762 10.4067285865
14.9130772721 18.6286919298 11.1633858480
15.7220539755 1.1197079096 10.5699004320
16.0820832700 1.2110662144 10.2562961504
16.1958486712 1.1387681359 10.8480061458
16.2726702992 1.1500401039 11.4496337972
16.0537983967 1.1709540276 11.9339117132
15.9182075580 1.2903017526 12.3660572859
16.2482931432 1.3197622743 12.3147631770
16.5858236953 2.5628962768 5.9989130487
16.8772744870 2.1745075206 6.7524544821
16.5965353329 1.8593995175 7.4386801610
16.4570627136 1.6551506210 8.4007243998
16.2573341933 1.4353438069 9.5530000498
16.2109305247 1.6630387447 12.8300776654
16.4862726596 2.1910686204 13.4998472333
16.1263641454 3.4888287390 5.0412098149
16.5686333478 3.1311150063 5.4580241882
16.2708329150 2.7601520478 14.0951876855
16.5462519765 3.5043164270 14.6181905236
16.6275791676 4.2800340991 4.9031011619
16.7564793830 4.2392593700 15.0006820427
16.0540412766 5.6154011288 4.1571356598
16.5212371240 5.1287717637 4.5292452922
16.0576674970 4.7759188164 15.3367861749
16.2209314492 5.5373498822 15.5215294088
16.1061546644 6.5096896949 3.8980410318
16.6895230111 5.9501848436 4.2810943326
16.3999836760 6.3993067440 15.5658790106
16.0878003687 7.5113440045 3.6231825023
16.2037253480 7.3755917068 15.5554668595
16.5445596022 8.3593404537 3.4981095391
16.0768156551 8.1205686102 15.4887536756
16.0546312205 9.7204204169 3.0218586557
16.5581010578 9.1710519807 3.2691294442
16.4424355866 8.5019927588 15.3080028371
16.3301019131 9.3815406620 15.1418099872
16.3391567298 10.6171450517 2.8942573038
16.5663753612 10.5239177856 14.8627096069
16.1897281281 11.5112555173 2.7288909723
16.5150831171 11.8278477854 14.7897706863
16.5579110105 12.5029833654 2.7905936452
16.1934159131 12.8201656482 14.8610797703
16.3132576566 13.6218780308 2.7579059221
16.3075749678 13.6306587796 14.7830569199
16.6454167119 14.4314217237 2.9664367254
16.3737875948 14.6132891666 14.6012381463
16.6379165661 15.1047432659 3.1698091390
16.1545830284 15.4151471565 14.3922498431
16.8483496197 15.1028970150 14.2950773478
16.3949399648 15.8479925741 14.0586179566
16.5310559323 15.6927709842 3.5165339620
16.6832689007 16.2666412986 4.0398638639
16.4989029740 16.4246004844 13.5924724587
16.5179493256 16.6801074204 4.4877806105
16.1299167447 17.4759874375 5.5496705134
16.4847453652 17.1429808282 5.2029971735
16.6922661220 17.4206691992 5.8667395865
16.4698540913 16.8507857387 13.2276047911
16.4058114258 17.2804339983 12.7459305563
16.3140701743 17.6714858299 6.2315138286
16.2850795165 17.8916268332 7.1291111016
16.3135249568 18.0192901140 8.1437198193
16.3470129745 18.0817444743 9.2063444896
15.6313537060 18.4019668153 10.7875713573
16.2463875623 18.1432379684 10.2743537523
15.5879788884 18.3271423605 11.4617313564
16.2048559009 18.0638211697 11.2830596174
16.6830696882 17.6236061499 11.9306169039
16.5740221081 1.2863690799 10.4488782643
16.7810390885 1.2988601400 11.1491954655
16.6402045283 1.3719882085 11.9948091571
17.1867141008 2.4566918222 6.4684255614
17.7582875937 2.5050070988 6.9692563174
17.4787105073 2.1097364540 7.4658547729
17.5184997784 1.9106990849 8.3606706681
17.3504799959 1.7145087283 9.3923139634
17.2822937215 1.5664961003 10.5369195905
17.3725377835 1.6201462333 11.6410781831
17.1738968615 1.7815058466 12.5000509502
16.9710350175 2.0314821074 13.1209317849
17.6049385931 2.2326123370 13.0059819817
16.9288862467 3.7506753579 5.2871583225
17.3614665956 3.3611490091 5.7998554462
17.5808555968 2.8687786955 6.3494614352
17.1307735375 2.4760439283 13.6024370754
17.2531217565 3.0574052602 14.1238608381
17.5164174470 3.7696118085 14.5287689409
17.2394670807 4.3560844050 5.1745744781
17.6270509312 4.1521529641 5.5241978037
17.5264195818 4.6172114015 14.9118644398
17.2929322571 4.9914853126 4.9637101745
17.7049631846 4.7501498736 5.3129089919
16.8752076237 4.9662638080 15.2798196632
16.9763500128 5.6422740960 15.4144473840
17.0732619268 6.5733114639 4.2055950980
17.6507639206 6.1032191359 4.7263839251
17.1384923189 6.1742593588 15.3942084815
17.5027882200 5.7309532300 15.2242284228
17.6273916098 6.3209248253 15.1370667058
17.1273324394 7.4913405997 3.9074527383
17.7073773175 6.9899249978 4.3329880264
16.9871020578 6.8722112606 15.3878234062
17.5551638165 7.2398041806 15.0792693858
17.2819568154 8.2866693275 3.7023342634
16.7902843774 7.7478348841 15.3378644590
17.2797161528 8.3426780190 15.0014458549
16.8913776010 9.8646136542 3.1923945606
17.3570594196 9.0612658482 3.5360971645
17.3852564192 9.4075849829 14.7217445122
17.1348781390 10.5847818292 3.1267884350
17.7563070218 10.1922842277 3.4425013710
17.4155382432 10.2100468457 14.5597774829
17.8883842850 9.7422469575 14.4197431748
18.0172406359 10.4127048354 14.2743997439
16.9894232423 11.3874547528 2.9808407539
17.5711468159 10.9773706490 3.2299500820
17.3127717675 11.0220649040 14.5339879035
18.1096311196 11.4078146486 14.2296545759
17.3345668471 12.0586127953 3.0426940159
17.4312936986 12.6542046899 3.0444430928
17.9922971103 12.2225004363 3.2820194085
17.3577532483 11.8315151417 14.5160690719
17.0471913896 12.7211447575 14.6301502206
17.3373269583 13.5129920274 3.0148074315
17.9149885192 12.9833944963 3.1937220964
17.1315650388 13.7332584747 14.5675926130
17.5467603864 14.3596028991 3.1567702688
17.2014835816 14.9046467112 3.2408108425
17.9039901458 14.7879059008 3.4325240511
17.1723106552 14.4323385360 14.4482588917
16.9682214223 15.2905060627 3.3477054907
17.5553092574 15.3787211655 3.6654686553
17.5591529116 14.7455872834 14.2323641090
17.4008846997 15.6112865755 13.8069920765
17.1823104571 16.4384580130 4.4585710203
17.3765781140 16.0020171834 4.0942393207
17.8896488882 16.3035405558 4.7110513324
17.0772702098 16.5979350712 13.1368689977
17.9755391273 16.1233234852 13.1721374763
17.6963327455 16.6809755487 12.7101105198
17.4659046099 16.7455014173 5.1571624362
17.0398942264 17.4878040904 6.3917697900
17.4506227583 17.1702574351 6.0727817383
17.5733799586 17.3871878251 6.8337757809
17.1818707608 17.1226557251 12.4287770848
17.9127581701 16.9994543444 12.0317590800
17.3266436909 17.3970713971 11.7933076890
17.0596377201 17.6315793291 7.0138306869
17.1351663993 17.7318085006 7.9058366147
17.1717577250 17.7854442210 8.9117459572
17.1357880325 17.7997989089 9.9538394853
17.0532170618 17.7217604377 11.0483420889
18.0093593047 2.3432071219 7.4969374286
18.1359471604 2.2370597987 8.0150636418
18.2958453915 2.1390758708 8.6748830243
18.1847426376 2.0123194819 9.3104272451
18.1499128705 1.9652130852 10.2901354552
18.0768912558 1.9770697197 11.3518252716
17.8906386101 2.0500241537 12.2687867089
18.1767522253 2.4961515197 12.8452976190
18.0537117456 3.4213006238 6.2472485027
18.5424201827 3.2685191287 6.8690655459
18.6669487561 2.7557148674 7.6970864964
18.7795120357 2.4786659209 8.5731981066
17.9113916436 2.8130904636 13.5464191224
17.8818354583 3.2839736603 14.0859505848
18.2955666082 3.3100420299 13.7957203792
18.1414442938 3.9955738560 5.9765250693
18.5586169577 3.8308267371 6.4084149689
18.1543877715 3.6702302691 14.1828593471
18.1867079424 4.3212777072 14.4059362447
18.0180833885 5.4546158424 5.2638827075
18.3253571217 4.8751768692 5.7407768540
17.4458551358 5.2371729760 15.1710538341
18.0897456659 5.4212126345 14.7612611874
18.2903568916 6.0476882291 5.2166636347
18.8397531572 5.9928586524 5.7345355731
18.2421568330 6.5804039579 14.7309097540
18.0155410109 7.6140348079 4.2254447149
18.5665808159 7.3309918563 4.7215197298
18.6568910921 6.6452320590 5.2125280210
18.1695723137 7.6070204420 14.6850353469
17.9575012049 8.3598657771 3.9458493729
18.5612725410 8.0740411317 4.3430891932
18.0741636397 8.5388459322 14.5805330423
18.2967418980 9.3969581165 3.8346817630
18.1077492052 9.1882975383 14.4280382375
18.5687753097 8.7688581784 14.2479050050
18.5736340460 9.5569000488 14.0910519151
18.6483795715 10.3741305081 3.8105353994
18.9360495203 10.6118175334 13.8176004000
17.6391819012 11.5672971227 3.1915895569
18.2195137579 11.2342996897 3.4839731260
18.7947861393 11.4950904788 13.9559734414
18.6767919856 12.0306728509 3.6029236830
17.8138759198 12.2564977354 14.3872231317
18.6315815440 12.3218764645 14.1184937329
18.1337483270 13.4745817734 3.2407428973
18.6598475845 12.9975107035 3.5154978725
17.8855304311 13.0732611110 14.3995746560
18.7115110487 13.4879702835 14.2071649771
18.1325235321 14.0312417212 3.2635102968
18.0470036455 14.4295616132 3.3108644598
18.5620879973 13.7290997988 3.4112638668
17.8439810468 14.0035007448 14.3542959179
18.4567292892 14.5937786304 14.0635187548
18.5472323754 14.4567285909 3.5896046969
18.4727004493 15.0767766519 3.9103870576
18.4132010788 15.4422130811 13.5828434085
18.4301238153 15.7089999665 4.4298414944
18.5569235123 16.1741041381 5.0339478438
18.9281324534 15.8477277918 12.9535393138
18.3678393794 16.4689191757 12.5549411424
18.2691884098 16.4930889912 5.2990834185
18.4253379103 16.7222739285 6.0638201298
17.8099884327 17.4323151880 7.6158976452
18.3500370498 17.0610790510 7.0908302696
17.9192745250 17.4780218418 8.5995433725
18.5809640661 17.1340540918 8.2296800447
17.9193869588 17.4896274089 9.6170775004
18.6355867677 17.1544839995 9.2709819665
17.8276991439 17.4569414856 10.6034097263
18.5620519299 17.1353895929 10.2963422472
17.7196109141 17.3607749053 11.3685980873
18.3373469911 17.0862845193 11.2267448853
18.6858145590 16.6982763591 11.8610076562
18.7200997681 2.2987172038 9.1936422484
18.8200213217 2.3448109032 9.9991293394
18.8422551799 2.4896169338 11.1607968523
18.5218175708 2.4946341271 12.1770634182
19.0625518146 3.2506870856 7.4343798035
19.5405073130 3.3964057946 7.9842988857
19.3700350228 2.9625750146 8.5383668137
19.3201733542 2.7625152104 9.4545010424
19.3997026583 2.8578931622 10.5865814699
19.3926363479 3.0222759550 11.4323315491
19.5816211626 3.4379892495 11.8953601916
19.1400582991 3.1294980340 12.2090934577
18.6099082960 3.1068007584 13.1031666009
18.7978921863 4.5023822573 6.2907222602
19.1135622466 4.1154781119 6.7967474632
19.3803128830 3.7524139447 7.3463527413
19.5142023303 3.7026947645 12.4201803462
19.5936385543 4.0746382409 12.6783286730
19.1889154149 3.8883724959 13.0628757084
18.6128998217 3.8287220266 13.7994041590
19.0566004270 5.3326348158 6.2119113643
19.4160710003 4.9410108516 6.7295146897
19.6452927756 4.6776527371 12.9795776682
19.4891427144 5.5824583457 13.5565422617
18.9156241366 4.7977444739 13.8855731827
19.2699520943 5.8953264128 6.2226027350
19.5833294795 5.7590938512 6.6420959158
18.8815267783 5.9682576894 14.2118097203
19.4239368498 6.5041955109 13.7629195070
19.0535508909 7.2288447628 5.2060342054
19.4879193272 7.2017891249 5.7755057194
19.5622642869 6.4456637729 6.3583162340
18.8528897050 7.0115571570 14.2756626540
19.3664158058 7.4897448768 13.7778036082
18.8032742289 8.8333900315 4.2277231852
19.2726637728 8.3959303824 4.7121639315
19.4104428199 7.7811502008 5.1843957930
18.7492778768 7.9960275089 14.2536026458
19.2138111748 8.6380674231 13.7644621026
19.0682404625 9.7158697408 4.1551156968
19.4200355728 9.2331558526 4.5029862143
19.2925876312 9.6279194202 13.5956257211
19.2830406750 10.4763680841 4.1287526598
19.7508287884 10.0979268791 4.5497750226
19.4814104212 10.1141520745 13.4458191554
19.6255464845 9.7162832003 13.3268896618
19.8085204154 9.9475477412 13.1738512384
19.1152441525 11.3063000333 3.9184516546
19.6760737827 10.9346497737 4.3268323593
19.7798938777 10.6572314837 13.2609484072
19.5359827277 11.7003428295 13.6247276572
19.2939647014 12.3330954014 3.9060036172
19.5086694236 12.9569932729 13.9053746079
19.4008088651 13.1177703117 3.9282516272
19.3506719889 13.5770865974 14.1485273582
19.1367178679 14.0310491035 14.1935283737
19.5201804359 13.9297997793 14.1429526062
18.6246633770 14.0675418860 3.4651546663
19.1183565062 13.8762481910 3.7978670430
19.1772187574 14.4689630511 14.0845439205
19.4441989890 14.2364964597 14.1389395590
18.9244524584 15.2391182112 4.3122650939
19.3123550209 14.6706092746 4.2755905878
19.3141209589 15.3306072552 4.7709428864
19.4492012407 14.4974236678 14.0163076269
19.2734734526 14.9531629348 13.6656298214
18.9163476778 16.2954916204 5.6527162029
19.1603692218 15.8433265424 5.2207482309
19.1998938858 16.3945918435 6.3021145090
19.6976482763 15.8875290425 6.0881127540
19.6292684757 16.2461829638 6.7688966822
18.9892500048 16.3192054085 12.3027138179
19.6217592005 15.9753952044 12.1245130192
19.2501693939 16.4343480489 11.7724032368
19.7682826051 15.4151343684 12.8990297007
19.1399020526 16.6168336425 6.9374076258
19.2148016550 16.7387861121 7.8571469632
19.2937657173 16.7761335167 8.8765962831
19.2701834838 16.7692899827 9.9221404230
19.1251841136 16.7076005473 11.0194795348
19.7973433870 3.3404448021 8.5546204293
19.8874839708 3.3282191853 9.1584822248
19.9599447078 3.4134515123 10.2191742508
19.7805318381 3.4184308037 11.2254881535
19.7536927344 4.5420067856 7.2950506460
20.0072374996 4.1527636121 7.9110967638
20.1891511681 3.8706296215 8.6850735631
20.3792178063 3.9215873861 9.6501408474
20.4089448690 3.9906333557 10.4079726882
20.5379459767 4.3672325523 10.8632176153
20.2089156560 3.9397693575 11.0704473399
19.8990771103 4.0721689312 12.0547292296
19.9796854286 5.4326525202 7.2544335588
20.3157813686 4.9874735139 7.9024333565
20.3966911235 4.5699243030 11.5478935101
20.1805625231 4.9211555849 12.3259991332
19.9938948672 5.4988124880 12.9120738461
20.3440128247 5.5467175271 12.3901483815
20.0968272244 6.4683815927 7.1750016092
20.4717993738 5.9440026937 7.9307780609
20.2404686409 6.2459876760 12.6636420319
20.5442349756 5.8969061407 12.0446189381
20.5839238275 6.6139580405 11.9716184344
19.8385183963 6.1333142241 13.2677838769
20.0304793806 7.3159926668 6.6987325839
20.3783041562 7.4662187730 7.4999762180
20.5440374034 6.9163754659 7.9891410259
20.2703194000 7.2347058909 12.6057746191
20.6052110068 7.5561217917 11.9436111379
19.8659590335 6.9133096450 13.2382294906
19.8362511153 8.4614640104 5.1730084753
19.9822627500 8.1752531389 5.6317224907
20.1753577576 8.0837635382 6.3106690816
20.5240243933 8.8455378318 6.6840906994
20.4171005474 8.2537656113 7.1630864031
20.6029829153 7.6389052288 8.1078456729
20.5759017675 8.1999358593 7.9321188965
20.7257274616 8.1108172769 8.4953797088
20.3040734312 8.1810857158 12.5422301683
20.6050034981 8.3466605552 12.0078348241
19.8523005585 7.9320995816 13.1813713522
19.9635601293 9.2320717249 4.9910200825
20.2151326946 8.8365755585 5.4635978677
20.6039158623 9.0045254610 7.2545697444
20.6996103488 9.4731299860 7.0214254673
20.6380181644 8.8867560068 7.7992143779
20.7618924862 8.7868694655 8.4996939269
20.4141499470 8.8423621810 12.3932766145
20.3973579985 9.4019317539 12.4518575755
19.9207936728 9.1543824496 13.0362014722
20.2784625378 10.1220199725 5.0959327040
20.7548695251 9.5766556274 7.6273973689
20.8049455488 9.4256495339 8.2772989213
20.2235694278 10.0487530065 12.7442937971
20.5891856228 9.8144308467 12.1625534539
20.5911497081 10.4070666754 12.2795228707
19.8025507958 11.7570121573 4.3313627758
20.2204144559 11.0652008957 4.8702071615
20.9062497869 11.3226738816 7.2420912830
20.8920397641 11.1378319824 7.0773487385
20.9262086087 11.4849045589 7.1235305431
20.9277010513 11.1490950680 7.3806166159
20.3447153913 10.8536467908 12.7717848229
20.0936807155 11.2977854163 13.1679579081
20.4534196824 11.4500380326 12.8635897964
19.8827779066 12.7015894707 4.3214639218
20.3267053189 12.2060391868 4.8759236270
20.9618698960 11.4961676446 7.4267984205
20.2239392645 11.8101949655 13.2024711096
20.1968757832 12.5390948799 13.3624871767
19.8068193915 13.5416431445 4.2822499148
20.3017286370 13.1970877954 4.8492915386
19.7113482104 13.6423756186 13.9920337271
20.1833384630 13.5845850507 13.5438822168
19.6481812309 14.0881888924 4.2477023689
20.0756822096 14.1108173005 4.7840149105
19.7763713010 14.2688111114 13.8628956417
20.2662152690 14.3509289866 13.4301961351
19.8033548467 15.4287586816 5.4670730848
19.9344772897 14.8673875961 5.0699726412
20.0779488344 15.4458459607 5.9293758527
20.2619111409 15.0349444010 5.7613138595
20.2876315128 15.3462669534 6.3720601485
20.0145133829 14.8523941189 13.3520122513
20.4363575643 14.7059731513 13.0541743065
20.2875183470 15.1017553572 12.8211491289
19.7637440944 16.3020205566 7.4877505990
20.0993179067 15.8324475356 6.9711020299
19.8661550020 16.3327481272 8.4174007959
20.2948725890 15.8061996760 7.8524324715
19.8916654329 16.3383351283 9.4373398759
20.3829062549 15.8007154575 8.8399831847
19.8143118650 16.3189625337 10.4905841294
20.3732621443 15.8013551376 9.9174324889
19.6571969360 16.2842280185 11.3429459604
20.2341850080 15.7736350217 11.1342098404
20.2737753119 15.4183373521 12.1662241560
20.4935122957 4.5864829491 8.4746152100
20.7729114274 4.7028852232 9.3024556735
20.6918558059 4.5148129319 10.2214016667
20.8157367614 5.4126133465 8.7549372945
21.0071437924 5.1555224412 9.1788200130
21.0412956963 5.1422226335 9.5299367656
21.0989380702 5.5039759405 9.5994715848
20.9569642116 5.3615555378 10.1175094810
20.7121579851 4.9728760145 10.9859679869
20.5456937749 5.2795220221 11.7939118750
20.8102991065 6.5182977566 8.6998674019
21.0647861663 5.5172757483 9.2483548323
21.0207140647 6.1131145464 9.5765809556
20.9732624186 6.2751420106 10.5087397150
20.7886413893 5.8883271092 11.2520559534
20.7784469552 7.4821608560 8.6565119363
20.9521898887 7.3062631570 9.4623980778
20.9809887686 7.1404746832 10.3796544900
20.8384410911 6.9171246464 11.2244348799
20.4083375672 8.8241600530 6.0063783865
20.8974306399 8.4012377951 9.2616815439
20.9682823658 8.1905811337 10.2767892478
20.8413050841 8.0334527172 11.2517082583
20.4922340805 9.6237569100 5.6583387340
20.6741034849 9.5589547414 6.4390151947
20.9580001672 9.6060185459 9.1603934856
20.9819367401 9.2673573106 10.2524720702
20.9137219539 8.9379943839 11.0246224536
20.6987743769 9.0758288903 11.8356631681
20.6147573658 10.6732425347 5.6253324517
20.7586380104 10.2976026434 6.2522160996
20.8598089309 10.4397167483 7.1662150371
20.9392670888 10.1938305879 8.2494063592
21.1330113032 10.7382670608 9.2229257312
21.0779398840 10.3426381633 10.2907114800
20.8750991563 10.0399108136 11.4330463475
20.6661710401 11.7431485974 5.6051323271
20.8663979150 11.2937345426 6.5530138451
21.0636654620 11.3252288623 8.0217190793
21.1973227617 11.3105529989 8.8213689645
21.2585213317 11.1491570244 9.6474015984
21.3128400025 11.3268529682 10.2257519874
21.2423179212 11.1695443827 10.3632483541
21.0820495188 11.1225298186 11.2765463236
20.7605163799 11.1694356176 12.2333143020
20.6778595793 12.8195869638 5.5645444503
20.9056629771 12.4864565580 6.4340305089
21.0309631845 12.1556257549 7.4021075544
21.1672904957 12.3617062294 8.1280433651
21.1994113518 11.9905027852 8.3783569213
21.3203153171 11.5793180961 10.7338354110
21.3128802875 11.8967758042 11.2082264283
21.2492911080 11.7264183416 11.2219073845
21.0358447681 12.0698343558 12.0691496519
20.6334119385 12.0490286143 12.7958144780
20.5698317187 13.7863199839 5.5190665127
20.8470365677 13.5642307293 6.3666134644
21.0155582405 13.3839041502 7.3231031196
21.1470013235 13.3457374088 8.3052631461
21.2251102325 12.8875458739 8.4881785597
21.2304052162 12.1834617127 11.7049485716
21.1032721668 12.7857803552 12.2771859760
21.0766722926 13.5741920873 12.3933071426
20.7964369611 13.1327787775 12.7839354609
20.3806992257 14.4799277372 5.4641814249
20.6182066250 14.5493090324 6.2635966905
20.8572579851 14.3753816401 7.2445449253
20.9883650423 14.3232660898 8.2643290562
21.2113843265 13.7589414007 9.0823484246
21.0770763898 14.4139284667 9.4172405214
21.0589178547 14.6858672437 10.6719417947
21.1896390486 14.3279009170 10.0760773622
21.0285828483 14.5669949022 11.6718848743
21.1710226350 14.4403698133 11.0992783497
20.9656916783 14.0922800756 12.4031238630
21.1353439010 14.1795784651 11.9225836142
20.6245364092 14.1473483174 12.9931807438
20.5502882345 15.2004359019 7.1494779281
20.7089036690 15.1403344160 8.1024195279
20.7783411879 15.1442670909 9.1575663882
20.7707240871 15.1862962589 10.2997766755
20.7375493024 15.1072664336 11.4094460778
20.6865465483 14.7841618531 12.3971529303
3 2 1 0
3 4 3 0
3 0 3 2
3 4 5 3
3 8 7 6
3 8 6 1
3 6 0 1
3 6 9 0
3 0 10 4
3 0 9 10
3 5 4 11
3 11 4 10
3 7 12 6
3 14 13 12
3 13 6 12
3 13 9 6
3 9 15 10
3 9 13 15
3 11 10 16
3 16 10 15
3 14 17 13
3 19 18 17
3 18 13 17
3 18 15 13
3 16 15 20
3 15 21 20
3 15 18 21
3 21 22 20
3 25 24 23
3 27 26 23
3 26 18 23
3 19 25 23
3 19 23 18
3 18 26 21
3 21 26 28
3 21 28 22
3 24 29 23
3 23 29 27
3 32 31 30
3 34 33 30
3 30 33 32
3 36 35 34
3 34 35 33
3 38 37 36
3 36 37 35
3 40 39 38
3 38 39 37
3 40 41 39
3 44 43 42
3 42 45 44
3 30 31 46
3 46 31 47
3 30 48 34
3 30 46 48
3 34 49 36
3 34 48 49
3 36 50 38
3 36 49 50
3 38 51 40
3 38 50 51
3 41 40 52
3 40 53 52
3 40 51 53
3 53 54 52
3 42 43 55
3 55 43 56
3 45 42 57
3 42 58 57
3 42 55 58
3 57 58 47
3 58 46 47
3 58 59 46
3 46 60 48
3 46 59 60
3 60 1 2
3 49 60 2
3 48 60 49
3 49 2 3
3 49 3 50
3 50 3 5
3 61 50 5
3 51 50 61
3 51 62 53
3 51 61 62
3 54 53 63
3 63 53 62
3 55 56 64
3 64 56 65
3 55 66 58
3 55 64 66
3 58 67 59
3 58 66 67
3 67 7 8
3 60 67 8
3 59 67 60
3 60 8 1
3 11 68 61
3 11 61 5
3 61 69 62
3 61 68 69
3 63 62 70
3 70 62 69
3 64 65 71
3 71 65 72
3 64 73 66
3 64 71 73
3 66 74 67
3 66 73 74
3 75 12 7
3 67 75 7
3 74 75 67
3 75 14 12
3 16 76 68
3 16 68 11
3 68 77 69
3 68 76 77
3 70 69 78
3 78 69 77
3 71 72 79
3 79 72 80
3 71 81 73
3 71 79 81
3 73 82 74
3 73 81 82
3 74 83 75
3 74 82 83
3 84 17 14
3 75 84 14
3 83 84 75
3 84 19 17
3 20 76 16
3 76 20 22
3 85 76 22
3 77 76 85
3 78 77 86
3 86 77 85
3 79 80 87
3 87 80 88
3 90 81 89
3 81 87 89
3 81 79 87
3 92 91 90
3 91 81 90
3 91 82 81
3 82 93 83
3 82 91 93
3 93 24 25
3 84 93 25
3 83 93 84
3 19 84 25
3 26 27 94
3 95 28 26
3 95 26 94
3 85 22 28
3 95 85 28
3 96 85 95
3 86 85 97
3 97 85 96
3 88 98 87
3 87 98 89
3 92 99 91
3 101 100 99
3 100 91 99
3 100 93 91
3 102 29 24
3 93 102 24
3 100 102 93
3 94 27 29
3 102 94 29
3 103 94 102
3 94 104 95
3 94 103 104
3 95 105 96
3 95 104 105
3 97 96 106
3 106 96 105
3 101 107 100
3 109 108 107
3 108 100 107
3 108 102 100
3 102 110 103
3 102 108 110
3 103 111 104
3 103 110 111
3 113 105 112
3 105 111 112
3 105 104 111
3 105 113 106
3 109 114 108
3 108 114 110
3 110 114 115
3 110 115 111
3 111 115 116
3 111 116 112
3 119 118 117
3 117 120 119
3 123 122 121
3 31 32 121
3 32 123 121
3 32 124 123
3 33 117 118
3 124 33 118
3 32 33 124
3 125 120 117
3 33 125 117
3 35 125 33
3 126 35 37
3 126 125 35
3 127 37 39
3 127 126 37
3 129 128 41
3 128 39 41
3 128 127 39
3 129 130 128
3 133 132 131
3 43 44 131
3 44 133 131
3 44 134 133
3 135 121 45
3 121 134 45
3 134 44 45
3 121 122 134
3 135 47 31
3 135 31 121
3 52 129 41
3 137 136 54
3 54 136 52
3 136 130 52
3 130 129 52
3 137 138 136
3 131 132 139
3 139 132 140
3 139 56 43
3 139 43 131
3 57 135 45
3 135 57 47
3 63 141 137
3 63 137 54
3 138 137 142
3 142 137 141
3 139 140 143
3 143 140 144
3 143 65 56
3 143 56 139
3 70 145 141
3 70 141 63
3 142 141 146
3 141 147 146
3 141 145 147
3 147 148 146
3 143 144 149
3 149 144 150
3 149 72 65
3 149 65 143
3 78 151 145
3 78 145 70
3 153 147 152
3 147 151 152
3 147 145 151
3 147 153 148
3 149 150 154
3 154 150 155
3 154 80 72
3 154 72 149
3 86 156 151
3 86 151 78
3 152 151 157
3 157 151 156
3 154 155 158
3 158 155 159
3 158 88 80
3 158 80 154
3 89 160 90
3 160 92 90
3 97 161 156
3 97 156 86
3 157 156 162
3 162 156 161
3 158 159 163
3 163 159 164
3 165 98 88
3 158 165 88
3 163 165 158
3 160 89 98
3 165 160 98
3 166 160 165
3 167 99 92
3 160 167 92
3 166 167 160
3 167 101 99
3 106 168 161
3 106 161 97
3 162 161 169
3 169 161 168
3 164 170 163
3 163 170 165
3 165 170 171
3 173 172 171
3 172 165 171
3 172 166 165
3 166 174 167
3 166 172 174
3 175 107 101
3 167 175 101
3 174 175 167
3 175 109 107
3 112 176 113
3 176 177 113
3 113 177 106
3 177 178 106
3 178 168 106
3 168 178 169
3 173 179 172
3 181 180 179
3 180 172 179
3 180 174 172
3 174 182 175
3 174 180 182
3 183 114 109
3 175 183 109
3 182 183 175
3 184 115 114
3 184 114 183
3 185 116 115
3 185 115 184
3 185 186 116
3 116 186 112
3 186 187 112
3 187 176 112
3 176 187 177
3 181 188 180
3 180 188 182
3 182 188 189
3 182 189 183
3 183 189 190
3 183 190 184
3 184 190 191
3 184 191 185
3 185 191 192
3 185 192 186
3 195 194 193
3 118 119 193
3 119 195 193
3 119 196 195
3 198 197 120
3 197 119 120
3 197 196 119
3 200 199 198
3 198 199 197
3 202 201 200
3 200 201 199
3 204 203 202
3 202 203 201
3 204 205 203
3 208 207 206
3 122 123 206
3 123 208 206
3 123 209 208
3 124 193 194
3 209 124 194
3 123 124 209
3 193 124 118
3 125 198 120
3 198 125 126
3 198 126 200
3 200 126 127
3 200 127 202
3 202 127 128
3 202 128 204
3 211 210 130
3 130 210 128
3 210 205 128
3 205 204 128
3 211 212 210
3 214 213 133
3 133 213 132
3 134 206 207
3 214 134 207
3 133 134 214
3 206 134 122
3 136 211 130
3 216 215 138
3 138 215 136
3 215 212 136
3 212 211 136
3 216 217 215
3 220 219 218
3 213 220 218
3 140 213 218
3 132 213 140
3 142 221 216
3 142 216 138
3 217 216 222
3 216 223 222
3 216 221 223
3 225 224 223
3 223 224 222
3 225 226 224
3 218 219 227
3 227 219 228
3 227 144 140
3 227 140 218
3 146 221 142
3 221 146 148
3 229 221 148
3 223 221 229
3 223 230 225
3 223 229 230
3 226 225 231
3 225 232 231
3 225 230 232
3 227 228 233
3 233 228 234
3 233 150 144
3 233 144 227
3 152 235 153
3 229 148 153
3 235 229 153
3 236 229 235
3 229 237 230
3 229 236 237
3 239 232 238
3 232 237 238
3 232 230 237
3 233 234 240
3 240 234 241
3 240 155 150
3 240 150 233
3 157 242 235
3 157 235 152
3 244 236 243
3 236 242 243
3 236 235 242
3 236 244 237
3 237 244 245
3 237 245 238
3 240 241 246
3 246 241 247
3 246 159 155
3 246 155 240
3 162 248 242
3 162 242 157
3 243 242 249
3 249 242 248
3 246 247 250
3 250 247 251
3 250 164 159
3 250 159 246
3 169 252 248
3 169 248 162
3 249 248 253
3 253 248 252
3 251 254 250
3 254 256 255
3 254 255 170
3 250 254 170
3 164 250 170
3 257 171 170
3 257 170 255
3 257 173 171
3 177 258 178
3 258 259 178
3 178 259 169
3 259 260 169
3 260 252 169
3 252 260 253
3 256 261 255
3 263 262 261
3 262 255 261
3 262 257 255
3 264 179 173
3 257 264 173
3 262 264 257
3 264 181 179
3 186 265 187
3 258 177 187
3 265 258 187
3 266 258 265
3 259 258 267
3 267 258 266
3 263 268 262
3 262 268 264
3 264 268 269
3 269 271 270
3 269 270 188
3 264 269 188
3 181 264 188
3 272 189 188
3 272 188 270
3 273 190 189
3 273 189 272
3 274 191 190
3 274 190 273
3 275 192 191
3 275 191 274
3 265 186 192
3 275 265 192
3 276 265 275
3 278 266 277
3 266 276 277
3 266 265 276
3 266 278 267
3 271 279 270
3 270 279 272
3 272 279 280
3 272 280 273
3 273 280 281
3 273 281 274
3 274 281 282
3 274 282 275
3 275 282 283
3 275 283 276
3 276 283 284
3 276 284 277
3 287 286 285
3 289 288 285
3 285 288 287
3 194 195 289
3 195 288 289
3 195 290 288
3 291 195 196
3 291 290 195
3 292 196 197
3 292 291 196
3 293 197 199
3 293 292 197
3 294 199 201
3 294 293 199
3 295 201 203
3 295 294 201
3 203 205 295
3 295 205 296
3 299 298 297
3 299 297 286
3 286 297 285
3 297 207 285
3 207 208 285
3 285 208 209
3 285 209 289
3 289 209 194
3 300 296 205
3 300 205 210
3 210 212 300
3 300 212 301
3 297 298 214
3 298 213 214
3 298 302 213
3 297 214 207
3 303 301 212
3 303 212 215
3 305 304 217
3 304 215 217
3 304 303 215
3 305 306 304
3 308 307 220
3 220 307 219
3 220 213 302
3 220 302 308
3 222 305 217
3 309 306 305
3 222 309 305
3 224 309 222
3 311 310 226
3 310 224 226
3 310 309 224
3 314 313 312
3 307 314 312
3 228 307 312
3 219 307 228
3 231 311 226
3 312 313 315
3 315 313 316
3 315 234 228
3 315 228 312
3 238 317 239
3 315 316 318
3 318 316 319
3 318 241 234
3 318 234 315
3 243 320 244
3 321 245 244
3 321 244 320
3 321 322 245
3 245 322 238
3 322 323 238
3 323 317 238
3 318 319 324
3 324 319 325
3 324 247 241
3 324 241 318
3 249 326 320
3 249 320 243
3 328 321 327
3 321 326 327
3 321 320 326
3 321 328 322
3 325 329 324
3 247 324 329
3 330 247 329
3 251 247 330
3 332 331 326
3 249 332 326
3 253 332 249
3 326 331 327
3 254 251 333
3 251 334 333
3 251 330 334
3 333 256 254
3 259 335 260
3 335 336 260
3 336 253 260
3 336 332 253
3 334 337 333
3 337 339 338
3 337 338 261
3 333 337 261
3 256 333 261
3 338 263 261
3 267 340 335
3 267 335 259
3 336 335 341
3 341 335 340
3 339 342 338
3 338 342 263
3 342 268 263
3 342 343 268
3 343 345 344
3 269 343 344
3 268 343 269
3 344 271 269
3 277 346 278
3 346 347 278
3 278 347 267
3 347 348 267
3 348 340 267
3 340 348 341
3 345 349 344
3 344 349 271
3 349 279 271
3 349 350 279
3 350 352 351
3 280 350 351
3 279 350 280
3 353 281 280
3 353 280 351
3 354 282 281
3 354 281 353
3 355 283 282
3 355 282 354
3 356 284 283
3 356 283 355
3 356 357 284
3 284 357 277
3 357 358 277
3 358 346 277
3 346 358 347
3 352 359 351
3 351 359 353
3 353 359 360
3 353 360 354
3 354 360 361
3 354 361 355
3 355 361 362
3 355 362 356
3 356 362 363
3 356 363 357
3 366 365 364
3 368 367 364
3 364 367 366
3 368 369 367
3 372 371 370
3 370 373 372
3 376 375 374
3 286 287 374
3 287 376 374
3 287 377 376
3 288 364 365
3 377 288 365
3 287 288 377
3 364 288 290
3 364 290 368
3 378 369 368
3 290 378 368
3 291 378 290
3 379 291 292
3 379 378 291
3 380 292 293
3 380 379 292
3 294 370 371
3 380 294 371
3 293 294 380
3 381 373 370
3 294 381 370
3 295 381 294
3 383 382 296
3 382 295 296
3 382 381 295
3 383 384 382
3 387 386 385
3 387 385 375
3 375 385 374
3 385 298 374
3 298 299 374
3 374 299 286
3 300 383 296
3 389 388 301
3 301 388 300
3 388 384 300
3 384 383 300
3 389 390 388
3 385 386 391
3 391 386 392
3 391 302 298
3 391 298 385
3 303 389 301
3 393 390 389
3 303 393 389
3 304 393 303
3 304 306 393
3 393 306 394
3 397 396 395
3 397 395 392
3 392 395 391
3 395 307 391
3 307 308 391
3 391 308 302
3 398 394 306
3 398 306 309
3 399 309 310
3 399 398 309
3 395 396 314
3 396 313 314
3 396 400 313
3 395 314 307
3 400 316 313
3 401 316 400
3 401 319 316
3 402 319 401
3 404 403 323
3 404 323 322
3 402 325 319
3 405 325 402
3 407 406 328
3 407 328 327
3 322 328 404
3 404 328 406
3 329 325 408
3 325 409 408
3 325 405 409
3 408 330 329
3 332 410 331
3 410 411 331
3 411 327 331
3 411 407 327
3 409 412 408
3 330 408 412
3 413 330 412
3 334 330 413
3 415 414 410
3 332 415 410
3 336 415 332
3 410 414 411
3 337 334 416
3 334 417 416
3 334 413 417
3 416 339 337
3 341 415 336
3 341 418 415
3 417 419 416
3 419 421 420
3 419 420 342
3 416 419 342
3 339 416 342
3 422 343 342
3 422 342 420
3 422 345 343
3 424 423 348
3 424 348 347
3 341 348 418
3 418 348 423
3 421 425 420
3 420 425 422
3 422 425 426
3 426 428 427
3 426 427 349
3 422 426 349
3 345 422 349
3 429 350 349
3 429 349 427
3 429 352 350
3 431 430 358
3 431 358 357
3 347 358 424
3 424 358 430
3 428 432 427
3 427 432 429
3 429 432 433
3 429 433 352
3 433 359 352
3 433 434 359
3 434 436 435
3 360 434 435
3 359 434 360
3 360 435 437
3 438 360 437
3 361 360 438
3 361 439 362
3 438 439 361
3 362 440 363
3 439 440 362
3 357 363 431
3 431 363 440
3 442 441 366
3 366 441 365
3 443 366 367
3 443 442 366
3 367 369 443
3 443 369 444
3 445 371 372
3 373 445 372
3 447 446 376
3 376 446 375
3 448 376 377
3 448 447 376
3 377 365 441
3 377 441 448
3 449 444 369
3 449 369 378
3 450 378 379
3 450 449 378
3 451 379 380
3 451 450 379
3 380 371 445
3 452 380 445
3 451 380 452
3 452 445 373
3 381 452 373
3 453 452 381
3 454 381 382
3 454 453 381
3 382 384 454
3 454 384 455
3 457 456 387
3 387 456 386
3 387 375 446
3 387 446 457
3 458 455 384
3 458 384 388
3 388 390 458
3 458 390 459
3 462 461 460
3 456 462 460
3 392 456 460
3 386 456 392
3 390 393 463
3 464 390 463
3 459 390 464
3 394 463 393
3 460 461 397
3 461 396 397
3 461 465 396
3 460 397 392
3 466 464 463
3 466 463 394
3 398 466 394
3 467 466 398
3 469 467 468
3 467 399 468
3 467 398 399
3 472 471 470
3 465 472 470
3 400 465 470
3 396 465 400
3 473 469 468
3 470 471 474
3 474 471 475
3 474 401 400
3 474 400 470
3 474 475 476
3 476 475 477
3 476 402 401
3 476 401 474
3 479 478 403
3 479 403 404
3 476 477 480
3 480 477 481
3 480 405 402
3 480 402 476
3 407 482 406
3 482 483 406
3 483 404 406
3 483 479 404
3 481 484 480
3 405 480 484
3 485 405 484
3 409 405 485
3 487 486 482
3 407 487 482
3 411 487 407
3 482 486 483
3 412 409 488
3 409 489 488
3 409 485 489
3 488 413 412
3 415 490 414
3 490 491 414
3 491 411 414
3 491 487 411
3 489 492 488
3 413 488 492
3 493 413 492
3 417 413 493
3 495 494 490
3 415 495 490
3 418 495 415
3 490 494 491
3 493 496 417
3 417 496 419
3 421 419 496
3 421 496 497
3 499 498 423
3 499 423 424
3 418 423 495
3 495 423 498
3 497 500 421
3 421 500 425
3 425 501 426
3 500 501 425
3 428 426 501
3 428 501 502
3 431 503 430
3 503 504 430
3 504 424 430
3 504 499 424
3 502 505 428
3 428 505 432
3 432 506 433
3 505 506 432
3 506 508 507
3 434 506 507
3 433 506 434
3 507 436 434
3 437 509 438
3 438 509 510
3 511 438 510
3 439 438 511
3 439 512 440
3 511 512 439
3 431 440 503
3 440 513 503
3 440 512 513
3 503 513 504
3 516 515 514
3 441 442 514
3 442 516 514
3 442 517 516
3 518 442 443
3 518 517 442
3 520 519 444
3 519 443 444
3 519 518 443
3 520 521 519
3 524 523 522
3 526 525 522
3 522 525 524
3 528 527 526
3 526 527 525
3 528 529 527
3 531 530 447
3 447 530 446
3 448 514 515
3 531 448 515
3 447 448 531
3 514 448 441
3 449 520 444
3 532 521 520
3 449 532 520
3 450 532 449
3 451 522 523
3 532 451 523
3 450 451 532
3 522 451 452
3 522 452 526
3 526 452 453
3 526 453 528
3 533 529 528
3 453 533 528
3 454 533 453
3 454 455 533
3 533 455 534
3 536 535 457
3 457 535 456
3 457 446 530
3 457 530 536
3 455 458 537
3 538 455 537
3 534 455 538
3 459 537 458
3 540 539 462
3 462 539 461
3 462 456 535
3 462 535 540
3 541 538 537
3 537 459 541
3 459 542 541
3 459 464 542
3 545 544 543
3 539 545 543
3 465 539 543
3 461 539 465
3 546 542 464
3 546 464 466
3 548 546 547
3 546 467 547
3 546 466 467
3 469 547 467
3 543 544 472
3 544 471 472
3 544 549 471
3 543 472 465
3 550 548 547
3 552 550 551
3 551 550 473
3 550 547 473
3 547 469 473
3 555 554 553
3 549 555 553
3 475 549 553
3 471 549 475
3 552 551 556
3 552 556 557
3 553 554 558
3 558 554 559
3 558 477 475
3 558 475 553
3 557 556 478
3 479 557 478
3 560 557 479
3 558 559 561
3 561 559 562
3 561 481 477
3 561 477 558
3 483 560 479
3 483 563 560
3 562 564 561
3 564 566 565
3 564 565 484
3 561 564 484
3 481 561 484
3 565 485 484
3 568 567 486
3 568 486 487
3 483 486 563
3 563 486 567
3 566 569 565
3 485 565 569
3 570 485 569
3 489 485 570
3 573 572 571
3 572 568 571
3 568 491 571
3 568 487 491
3 570 574 489
3 489 574 492
3 493 492 574
3 493 574 575
3 573 571 494
3 495 573 494
3 576 573 495
3 494 571 491
3 575 577 493
3 493 577 496
3 497 496 577
3 497 577 578
3 499 579 498
3 579 580 498
3 580 495 498
3 580 576 495
3 578 581 497
3 497 581 500
3 581 583 582
3 501 581 582
3 500 581 501
3 582 502 501
3 585 584 579
3 499 585 579
3 504 585 499
3 579 584 580
3 583 586 582
3 582 586 502
3 586 505 502
3 586 587 505
3 505 588 506
3 587 588 505
3 508 506 588
3 508 588 589
3 510 590 511
3 511 590 591
3 592 511 591
3 512 511 592
3 512 593 513
3 592 593 512
3 504 513 585
3 585 513 593
3 596 595 594
3 594 597 596
3 599 598 516
3 516 598 515
3 600 516 517
3 600 599 516
3 601 517 518
3 601 600 517
3 602 518 519
3 602 601 518
3 604 603 521
3 603 519 521
3 603 602 519
3 523 524 604
3 524 603 604
3 524 605 603
3 525 594 595
3 605 525 595
3 524 525 605
3 606 597 594
3 525 606 594
3 527 606 525
3 527 529 606
3 606 529 607
3 609 608 531
3 531 608 530
3 531 515 598
3 531 598 609
3 532 604 521
3 604 532 523
3 529 533 610
3 611 529 610
3 607 529 611
3 534 610 533
3 613 612 536
3 536 612 535
3 536 530 608
3 536 608 613
3 614 611 610
3 610 534 614
3 534 615 614
3 534 538 615
3 618 617 616
3 539 540 616
3 540 618 616
3 540 619 618
3 540 535 612
3 540 612 619
3 620 615 538
3 620 538 541
3 541 542 620
3 620 542 621
3 616 617 545
3 617 544 545
3 617 622 544
3 616 545 539
3 623 621 542
3 623 542 546
3 546 548 623
3 623 548 624
3 622 549 544
3 625 549 622
3 548 550 626
3 627 548 626
3 624 548 627
3 552 626 550
3 629 628 555
3 555 628 554
3 555 549 625
3 555 625 629
3 630 627 626
3 626 552 630
3 552 631 630
3 552 557 631
3 633 559 632
3 559 628 632
3 559 554 628
3 634 633 632
3 560 631 557
3 560 635 631
3 637 636 633
3 636 559 633
3 636 562 559
3 637 633 634
3 563 635 560
3 563 638 635
3 636 639 562
3 562 639 564
3 566 564 639
3 566 639 640
3 642 641 567
3 642 567 568
3 563 567 638
3 638 567 641
3 569 566 643
3 566 644 643
3 566 640 644
3 643 570 569
3 573 645 572
3 645 646 572
3 646 568 572
3 646 642 568
3 644 647 643
3 647 649 648
3 647 648 574
3 643 647 574
3 570 643 574
3 648 575 574
3 651 650 645
3 573 651 645
3 576 651 573
3 645 650 646
3 649 652 648
3 648 652 575
3 652 577 575
3 652 653 577
3 578 577 653
3 578 653 654
3 580 651 576
3 580 655 651
3 654 656 578
3 578 656 581
3 583 581 656
3 583 656 657
3 659 658 584
3 659 584 585
3 580 584 655
3 655 584 658
3 657 660 583
3 583 660 586
3 586 661 587
3 660 661 586
3 661 663 662
3 588 661 662
3 587 661 588
3 662 589 588
3 665 664 592
3 665 592 591
3 592 666 593
3 664 666 592
3 585 593 659
3 659 593 666
3 669 668 667
3 671 670 667
3 667 670 669
3 673 672 671
3 671 672 670
3 673 674 672
3 677 676 675
3 679 678 675
3 675 678 677
3 679 680 678
3 683 682 681
3 685 684 681
3 681 684 683
3 684 685 668
3 685 667 668
3 685 686 667
3 686 595 596
3 671 686 596
3 667 686 671
3 671 596 597
3 687 671 597
3 673 671 687
3 674 673 688
3 688 673 687
3 675 676 599
3 676 598 599
3 676 689 598
3 675 599 600
3 675 600 679
3 690 680 679
3 600 690 679
3 601 690 600
3 602 681 682
3 690 602 682
3 601 602 690
3 681 602 603
3 681 603 685
3 685 603 605
3 685 605 686
3 686 605 595
3 606 687 597
3 606 607 687
3 607 688 687
3 607 691 688
3 693 692 609
3 609 692 608
3 609 598 689
3 609 689 693
3 611 691 607
3 611 694 691
3 696 695 613
3 613 695 612
3 613 608 692
3 613 692 696
3 697 694 611
3 697 611 614
3 614 615 697
3 697 615 698
3 700 699 618
3 618 699 617
3 701 618 619
3 701 700 618
3 619 612 695
3 619 695 701
3 702 698 615
3 702 615 620
3 620 621 702
3 702 621 703
3 699 622 617
3 704 622 699
3 621 623 705
3 706 621 705
3 703 621 706
3 624 705 623
3 704 625 622
3 707 625 704
3 708 706 705
3 705 624 708
3 624 709 708
3 624 627 709
3 710 628 629
3 711 710 629
3 625 711 629
3 707 711 625
3 627 630 712
3 713 627 712
3 709 627 713
3 631 712 630
3 715 632 714
3 632 628 714
3 714 628 710
3 716 714 710
3 710 711 716
3 632 715 634
3 717 713 712
3 712 631 717
3 631 718 717
3 631 635 718
3 715 714 637
3 714 636 637
3 714 719 636
3 715 637 634
3 638 718 635
3 638 720 718
3 639 636 721
3 636 722 721
3 636 719 722
3 721 640 639
3 724 723 641
3 724 641 642
3 638 641 720
3 720 641 723
3 722 725 721
3 640 721 725
3 726 640 725
3 644 640 726
3 729 728 727
3 728 724 727
3 724 646 727
3 724 642 646
3 726 730 644
3 644 730 647
3 649 647 730
3 649 730 731
3 729 727 650
3 651 729 650
3 732 729 651
3 650 727 646
3 731 733 649
3 649 733 652
3 733 735 734
3 653 733 734
3 652 733 653
3 734 654 653
3 738 737 736
3 737 732 736
3 732 655 736
3 732 651 655
3 735 739 734
3 734 739 654
3 739 656 654
3 739 740 656
3 657 656 740
3 657 740 741
3 738 736 658
3 659 738 658
3 742 738 659
3 658 736 655
3 741 743 657
3 657 743 660
3 660 744 661
3 743 744 660
3 663 661 744
3 663 744 745
3 665 746 664
3 664 746 747
3 748 664 747
3 666 664 748
3 659 666 742
3 742 666 748
3 751 750 749
3 753 752 749
3 749 752 751
3 753 754 752
3 757 756 755
3 755 758 757
3 761 760 759
3 761 759 750
3 759 749 750
3 759 762 749
3 749 763 753
3 749 762 763
3 754 753 764
3 764 753 763
3 767 766 765
3 668 669 765
3 669 767 765
3 669 768 767
3 670 755 756
3 768 670 756
3 669 670 768
3 769 758 755
3 670 769 755
3 672 769 670
3 672 674 769
3 769 674 770
3 760 771 759
3 773 772 771
3 772 759 771
3 772 762 759
3 772 676 677
3 763 772 677
3 762 772 763
3 774 764 763
3 677 774 763
3 678 774 677
3 776 775 680
3 775 678 680
3 775 774 678
3 682 683 776
3 683 775 776
3 683 777 775
3 684 765 766
3 777 684 766
3 683 684 777
3 765 684 668
3 688 779 778
3 770 688 778
3 674 688 770
3 779 780 778
3 772 773 781
3 781 773 782
3 781 689 676
3 781 676 772
3 690 776 680
3 776 690 682
3 691 783 779
3 691 779 688
3 780 779 784
3 784 779 783
3 781 782 693
3 782 692 693
3 782 785 692
3 781 693 689
3 694 786 783
3 694 783 691
3 784 783 787
3 787 783 786
3 789 788 696
3 696 788 695
3 696 692 785
3 696 785 789
3 697 786 694
3 697 698 786
3 698 787 786
3 698 790 787
3 791 699 700
3 791 700 792
3 700 793 792
3 700 701 793
3 701 695 788
3 701 788 793
3 698 702 794
3 795 698 794
3 790 698 795
3 703 794 702
3 797 796 791
3 796 699 791
3 796 704 699
3 797 791 792
3 798 795 794
3 794 703 798
3 703 799 798
3 703 706 799
3 796 707 704
3 800 707 796
3 801 799 706
3 801 706 708
3 708 709 801
3 801 709 802
3 805 804 803
3 800 805 803
3 711 800 803
3 707 800 711
3 713 802 709
3 713 806 802
3 803 804 716
3 804 714 716
3 804 807 714
3 803 716 711
3 713 717 808
3 809 713 808
3 806 713 809
3 718 808 717
3 807 719 714
3 810 719 807
3 809 808 811
3 809 811 812
3 720 811 718
3 718 811 808
3 814 722 813
3 722 810 813
3 722 719 810
3 815 814 813
3 812 811 723
3 724 812 723
3 816 812 724
3 723 811 720
3 814 725 722
3 726 725 814
3 815 726 814
3 817 726 815
3 819 818 728
3 819 728 729
3 724 728 816
3 816 728 818
3 817 820 726
3 726 820 730
3 731 730 820
3 731 820 821
3 732 819 729
3 732 822 819
3 821 823 731
3 731 823 733
3 735 733 823
3 735 823 824
3 826 825 737
3 826 737 738
3 732 737 822
3 822 737 825
3 824 827 735
3 735 827 739
3 827 829 828
3 740 827 828
3 739 827 740
3 828 741 740
3 742 826 738
3 742 830 826
3 829 831 828
3 828 831 741
3 831 743 741
3 831 832 743
3 743 833 744
3 832 833 743
3 745 744 833
3 745 833 834
3 837 836 835
3 839 838 835
3 839 835 836
3 840 838 839
3 843 842 841
3 748 747 841
3 842 748 841
3 844 748 842
3 742 748 830
3 830 748 844
3 847 846 845
3 849 848 845
3 845 848 847
3 849 850 848
3 853 852 851
3 853 851 846
3 846 851 845
3 851 750 845
3 750 751 845
3 845 751 752
3 845 752 849
3 855 854 754
3 754 854 752
3 854 850 752
3 850 849 752
3 855 856 854
3 859 858 857
3 861 860 857
3 857 860 859
3 756 757 861
3 757 860 861
3 757 862 860
3 864 863 758
3 863 757 758
3 863 862 757
3 864 865 863
3 851 852 761
3 852 760 761
3 852 866 760
3 851 761 750
3 764 867 855
3 764 855 754
3 856 855 868
3 855 869 868
3 855 867 869
3 871 870 869
3 869 870 868
3 870 871 858
3 858 871 857
3 871 766 857
3 766 767 857
3 857 767 768
3 857 768 861
3 861 768 756
3 769 864 758
3 769 770 864
3 770 865 864
3 770 872 865
3 771 760 873
3 760 874 873
3 760 866 874
3 873 773 771
3 774 867 764
3 867 774 775
3 867 775 869
3 869 775 777
3 869 777 871
3 871 777 766
3 875 872 770
3 875 770 778
3 778 780 875
3 875 780 876
3 874 877 873
3 773 873 877
3 878 773 877
3 782 773 878
3 784 876 780
3 784 879 876
3 882 881 880
3 878 882 880
3 785 878 880
3 782 878 785
3 787 879 784
3 787 883 879
3 880 881 789
3 881 788 789
3 881 884 788
3 880 789 785
3 790 883 787
3 790 885 883
3 887 886 793
3 793 886 792
3 793 788 884
3 793 884 887
3 795 885 790
3 795 888 885
3 889 796 797
3 890 889 797
3 792 890 797
3 886 890 792
3 891 888 795
3 891 795 798
3 798 799 891
3 891 799 892
3 894 893 889
3 893 796 889
3 893 800 796
3 894 889 890
3 799 801 895
3 896 799 895
3 892 799 896
3 802 895 801
3 897 804 805
3 898 897 805
3 800 898 805
3 893 898 800
3 899 896 895
3 895 802 899
3 802 900 899
3 802 806 900
3 902 901 897
3 901 804 897
3 901 807 804
3 902 897 898
3 809 900 806
3 809 903 900
3 905 810 904
3 810 901 904
3 810 807 901
3 906 905 904
3 812 903 809
3 812 907 903
3 905 813 810
3 815 813 905
3 906 815 905
3 908 815 906
3 911 910 909
3 910 907 909
3 907 816 909
3 907 812 816
3 908 817 815
3 912 817 908
3 911 909 818
3 819 911 818
3 913 911 819
3 818 909 816
3 912 914 817
3 817 914 820
3 821 820 914
3 821 914 915
3 822 913 819
3 822 916 913
3 915 917 821
3 821 917 823
3 824 823 917
3 824 917 918
3 920 919 825
3 920 825 826
3 822 825 916
3 916 825 919
3 918 921 824
3 824 921 827
3 923 922 829
3 827 923 829
3 921 923 827
3 924 922 923
3 927 926 925
3 926 920 925
3 920 830 925
3 920 826 830
3 922 831 829
3 924 928 922
3 928 831 922
3 928 832 831
3 832 929 833
3 928 929 832
3 834 833 929
3 834 929 930
3 932 931 836
3 932 836 837
3 836 933 839
3 931 933 836
3 840 839 933
3 840 933 934
3 937 936 935
3 842 843 935
3 936 842 935
3 938 842 936
3 925 844 927
3 844 938 927
3 844 842 938
3 844 925 830
3 939 846 847
3 939 847 940
3 847 941 940
3 847 848 941
3 848 850 941
3 941 850 942
3 945 944 943
3 943 946 945
3 947 852 853
3 948 947 853
3 948 853 846
3 949 948 846
3 939 949 846
3 949 939 940
3 950 942 850
3 950 850 854
3 854 856 950
3 950 856 951
3 954 953 952
3 858 859 952
3 859 954 952
3 859 955 954
3 956 859 860
3 956 955 859
3 862 943 944
3 956 862 944
3 860 862 956
3 957 946 943
3 862 957 943
3 863 957 862
3 863 865 957
3 957 865 958
3 960 959 947
3 959 852 947
3 959 866 852
3 960 947 948
3 961 951 856
3 961 856 868
3 870 952 953
3 961 870 953
3 868 870 961
3 952 870 858
3 872 963 962
3 958 872 962
3 865 872 958
3 963 964 962
3 959 874 866
3 965 874 959
3 875 963 872
3 875 876 963
3 876 964 963
3 876 966 964
3 877 874 967
3 874 968 967
3 874 965 968
3 967 878 877
3 879 970 969
3 966 879 969
3 876 879 966
3 970 971 969
3 967 968 882
3 968 881 882
3 968 972 881
3 967 882 878
3 974 973 970
3 879 974 970
3 883 974 879
3 970 973 971
3 972 884 881
3 975 884 972
3 885 974 883
3 885 976 974
3 977 886 887
3 978 977 887
3 884 978 887
3 975 978 884
3 888 980 979
3 976 888 979
3 885 888 976
3 980 981 979
3 983 982 977
3 982 886 977
3 982 890 886
3 983 977 978
3 891 980 888
3 891 892 980
3 892 981 980
3 892 984 981
3 985 893 894
3 986 985 894
3 890 986 894
3 982 986 890
3 896 984 892
3 896 987 984
3 989 988 985
3 988 893 985
3 988 898 893
3 989 985 986
3 896 899 990
3 991 896 990
3 987 896 991
3 900 990 899
3 992 901 902
3 993 992 902
3 898 993 902
3 988 993 898
3 991 990 994
3 991 994 995
3 903 994 900
3 900 994 990
3 992 904 901
3 906 904 992
3 993 906 992
3 996 906 993
3 995 994 997
3 995 997 998
3 907 997 903
3 903 997 994
3 996 908 906
3 999 908 996
3 998 997 910
3 911 998 910
3 1000 998 911
3 910 997 907
3 1002 912 1001
3 912 999 1001
3 912 908 999
3 1003 1002 1001
3 913 1000 911
3 913 1004 1000
3 1002 914 912
3 1006 1005 915
3 1006 915 914
3 1003 1006 914
3 1002 1003 914
3 1007 1005 1006
3 916 1004 913
3 916 1008 1004
3 1005 917 915
3 1010 1009 918
3 1010 918 917
3 1007 1010 917
3 1005 1007 917
3 1011 1009 1010
3 1013 1012 919
3 1013 919 920
3 916 919 1008
3 1008 919 1012
3 1009 921 918
3 1011 1014 1009
3 1014 921 1009
3 1014 923 921
3 924 923 1014
3 924 1014 1015
3 1017 1016 926
3 1017 926 927
3 920 926 1013
3 1013 926 1016
3 1015 1018 924
3 924 1018 928
3 928 1019 929
3 1018 1019 928
3 1021 1020 930
3 929 1021 930
3 1019 1021 929
3 931 932 1020
3 1021 931 1020
3 1022 931 1021
3 931 1023 933
3 1022 1023 931
3 934 933 1023
3 934 1023 1024
3 1026 1025 936
3 1026 936 937
3 936 1027 938
3 1025 1027 936
3 927 938 1017
3 1017 938 1027
3 1028 940 941
3 942 1028 941
3 1031 1030 1029
3 1033 1032 1029
3 1029 1032 1031
3 1033 944 1032
3 944 945 1032
3 1035 1034 1032
3 1035 1032 945
3 946 1035 945
3 1037 1036 949
3 949 1036 948
3 949 940 1028
3 1038 949 1028
3 1037 949 1038
3 1038 1028 942
3 950 1038 942
3 1039 1038 950
3 1041 1040 951
3 1040 950 951
3 1040 1039 950
3 953 954 1041
3 954 1040 1041
3 954 1042 1040
3 955 1029 1030
3 1042 955 1030
3 954 955 1042
3 1029 955 956
3 1029 956 1033
3 1035 1043 1034
3 944 1033 956
3 1043 1035 946
3 957 1043 946
3 1044 1043 957
3 957 958 1044
3 1044 958 1045
3 1046 959 960
3 1047 1046 960
3 948 1047 960
3 1036 1047 948
3 961 1041 951
3 1041 961 953
3 1048 1045 958
3 1048 958 962
3 962 964 1048
3 1048 964 1049
3 1050 965 1046
3 1046 965 959
3 1046 1047 1051
3 1046 1051 1050
3 966 1049 964
3 966 1052 1049
3 1054 1053 1050
3 1053 965 1050
3 1053 968 965
3 1054 1050 1051
3 1055 1052 966
3 1055 966 969
3 969 971 1055
3 1055 971 1056
3 1053 972 968
3 1057 972 1053
3 974 1058 973
3 1058 1059 973
3 1059 971 973
3 1059 1056 971
3 1062 1061 1060
3 1057 1062 1060
3 975 1057 1060
3 972 1057 975
3 976 1063 1058
3 976 1058 974
3 1059 1058 1064
3 1064 1058 1063
3 1061 1065 1060
3 975 1060 1065
3 1066 975 1065
3 978 975 1066
3 1063 976 979
3 1069 1068 1067
3 1068 1069 981
3 1069 1064 981
3 1063 979 981
3 1063 981 1064
3 1070 982 983
3 1071 1070 983
3 978 1071 983
3 1066 1071 978
3 1072 1067 1068
3 1068 981 1072
3 981 1073 1072
3 981 984 1073
3 1075 1074 1070
3 1074 982 1070
3 1074 986 982
3 1075 1070 1071
3 987 1073 984
3 987 1076 1073
3 1077 988 989
3 1078 1077 989
3 986 1078 989
3 1074 1078 986
3 1081 1080 1079
3 1080 1076 1079
3 1076 991 1079
3 1076 987 991
3 1083 1082 1077
3 1082 988 1077
3 1082 993 988
3 1083 1077 1078
3 1081 1079 1084
3 1081 1084 1085
3 995 1084 991
3 991 1084 1079
3 1082 996 993
3 1086 996 1082
3 1085 1084 1087
3 1085 1087 1088
3 998 1087 995
3 995 1087 1084
3 1090 999 1089
3 999 1086 1089
3 999 996 1086
3 1091 1090 1089
3 1088 1087 1092
3 1088 1092 1093
3 1000 1092 998
3 998 1092 1087
3 1090 1001 999
3 1003 1001 1090
3 1091 1003 1090
3 1094 1003 1091
3 1093 1092 1095
3 1093 1095 1096
3 1004 1095 1000
3 1000 1095 1092
3 1094 1097 1003
3 1003 1097 1006
3 1007 1006 1097
3 1007 1097 1098
3 1096 1095 1099
3 1096 1099 1100
3 1008 1099 1004
3 1004 1099 1095
3 1098 1101 1007
3 1007 1101 1010
3 1011 1010 1101
3 1011 1101 1102
3 1105 1104 1103
3 1103 1104 1100
3 1103 1100 1099
3 1013 1103 1099
3 1012 1013 1099
3 1012 1099 1008
3 1102 1106 1011
3 1011 1106 1014
3 1108 1107 1015
3 1014 1108 1015
3 1106 1108 1014
3 1109 1107 1108
3 1112 1111 1110
3 1113 1110 1111
3 1116 1115 1114
3 1114 1115 1105
3 1114 1105 1103
3 1017 1114 1103
3 1016 1017 1103
3 1016 1103 1013
3 1107 1018 1015
3 1109 1117 1107
3 1117 1018 1107
3 1117 1019 1018
3 1019 1118 1021
3 1117 1118 1019
3 1110 1022 1112
3 1022 1118 1112
3 1022 1021 1118
3 1113 1119 1110
3 1119 1022 1110
3 1119 1023 1022
3 1121 1120 1024
3 1023 1121 1024
3 1119 1121 1023
3 1025 1026 1120
3 1121 1025 1120
3 1122 1025 1121
3 1114 1027 1116
3 1027 1122 1116
3 1027 1025 1122
3 1027 1114 1017
3 1123 1030 1031
3 1123 1031 1124
3 1031 1125 1124
3 1031 1032 1125
3 1032 1034 1125
3 1125 1034 1126
3 1127 1036 1037
3 1127 1037 1128
3 1037 1129 1128
3 1037 1038 1129
3 1130 1038 1039
3 1130 1129 1038
3 1131 1039 1040
3 1131 1130 1039
3 1132 1040 1042
3 1132 1131 1040
3 1042 1030 1123
3 1133 1042 1123
3 1132 1042 1133
3 1133 1123 1124
3 1134 1126 1034
3 1134 1034 1043
3 1135 1043 1044
3 1135 1134 1043
3 1044 1045 1135
3 1135 1045 1136
3 1138 1137 1127
3 1137 1036 1127
3 1137 1047 1036
3 1138 1127 1128
3 1139 1136 1045
3 1139 1045 1048
3 1048 1049 1139
3 1139 1049 1140
3 1137 1051 1047
3 1141 1051 1137
3 1052 1140 1049
3 1052 1142 1140
3 1144 1143 1054
3 1054 1143 1053
3 1054 1051 1141
3 1054 1141 1144
3 1145 1142 1052
3 1145 1052 1055
3 1055 1056 1145
3 1145 1056 1146
3 1143 1057 1053
3 1147 1057 1143
3 1059 1146 1056
3 1059 1148 1146
3 1149 1061 1062
3 1150 1149 1062
3 1057 1150 1062
3 1147 1150 1057
3 1064 1148 1059
3 1064 1151 1148
3 1149 1065 1061
3 1066 1065 1149
3 1150 1066 1149
3 1152 1066 1150
3 1067 1153 1069
3 1153 1154 1069
3 1154 1064 1069
3 1154 1151 1064
3 1157 1156 1155
3 1152 1157 1155
3 1071 1152 1155
3 1066 1152 1071
3 1153 1067 1072
3 1160 1159 1158
3 1159 1160 1073
3 1160 1154 1073
3 1153 1072 1073
3 1153 1073 1154
3 1155 1156 1075
3 1156 1074 1075
3 1156 1161 1074
3 1155 1075 1071
3 1158 1159 1162
3 1158 1162 1163
3 1076 1162 1073
3 1073 1162 1159
3 1161 1078 1074
3 1164 1078 1161
3 1163 1162 1080
3 1081 1163 1080
3 1165 1163 1081
3 1080 1162 1076
3 1166 1082 1083
3 1167 1166 1083
3 1078 1167 1083
3 1164 1167 1078
3 1085 1165 1081
3 1085 1168 1165
3 1169 1086 1166
3 1166 1086 1082
3 1166 1167 1170
3 1166 1170 1169
3 1088 1168 1085
3 1088 1171 1168
3 1169 1089 1086
3 1091 1089 1169
3 1170 1091 1169
3 1172 1091 1170
3 1093 1171 1088
3 1093 1173 1171
3 1172 1094 1091
3 1174 1094 1172
3 1096 1173 1093
3 1096 1175 1173
3 1174 1176 1094
3 1094 1176 1097
3 1098 1097 1176
3 1098 1176 1177
3 1180 1179 1178
3 1179 1175 1178
3 1175 1100 1178
3 1175 1096 1100
3 1177 1181 1098
3 1098 1181 1101
3 1102 1101 1181
3 1102 1181 1182
3 1185 1184 1183
3 1183 1184 1180
3 1183 1180 1178
3 1105 1183 1178
3 1104 1105 1178
3 1104 1178 1100
3 1182 1186 1102
3 1102 1186 1106
3 1106 1187 1108
3 1186 1187 1106
3 1189 1188 1109
3 1108 1189 1109
3 1187 1189 1108
3 1191 1190 1188
3 1191 1188 1189
3 1111 1112 1190
3 1191 1111 1190
3 1192 1111 1191
3 1113 1111 1192
3 1113 1192 1193
3 1196 1195 1194
3 1194 1195 1185
3 1194 1185 1183
3 1116 1194 1183
3 1115 1116 1183
3 1115 1183 1105
3 1188 1117 1109
3 1117 1188 1118
3 1118 1188 1190
3 1118 1190 1112
3 1193 1197 1113
3 1113 1197 1119
3 1119 1198 1121
3 1197 1198 1119
3 1194 1122 1196
3 1122 1198 1196
3 1122 1121 1198
3 1122 1194 1116
3 1201 1200 1199
3 1124 1125 1199
3 1125 1201 1199
3 1125 1202 1201
3 1204 1203 1126
3 1203 1125 1126
3 1203 1202 1125
3 1204 1205 1203
3 1207 1206 1129
3 1129 1206 1128
3 1208 1129 1130
3 1208 1207 1129
3 1209 1130 1131
3 1209 1208 1130
3 1210 1131 1132
3 1210 1209 1131
3 1133 1199 1200
3 1210 1133 1200
3 1132 1133 1210
3 1199 1133 1124
3 1134 1204 1126
3 1211 1205 1204
3 1134 1211 1204
3 1135 1211 1134
3 1135 1136 1211
3 1211 1136 1212
3 1214 1213 1138
3 1138 1213 1137
3 1138 1128 1206
3 1138 1206 1214
3 1215 1212 1136
3 1215 1136 1139
3 1139 1140 1215
3 1215 1140 1216
3 1213 1141 1137
3 1217 1141 1213
3 1142 1216 1140
3 1142 1218 1216
3 1219 1143 1144
3 1220 1219 1144
3 1141 1220 1144
3 1217 1220 1141
3 1221 1218 1142
3 1221 1142 1145
3 1145 1146 1221
3 1221 1146 1222
3 1224 1223 1219
3 1223 1143 1219
3 1223 1147 1143
3 1224 1219 1220
3 1148 1222 1146
3 1148 1225 1222
3 1223 1150 1147
3 1226 1150 1223
3 1151 1225 1148
3 1151 1227 1225
3 1226 1152 1150
3 1228 1152 1226
3 1154 1227 1151
3 1154 1229 1227
3 1231 1230 1157
3 1157 1230 1156
3 1157 1152 1228
3 1157 1228 1231
3 1233 1232 1160
3 1233 1160 1158
3 1154 1160 1229
3 1229 1160 1232
3 1230 1161 1156
3 1234 1161 1230
3 1163 1233 1158
3 1163 1235 1233
3 1234 1164 1161
3 1236 1164 1234
3 1165 1235 1163
3 1165 1237 1235
3 1236 1167 1164
3 1238 1167 1236
3 1168 1237 1165
3 1168 1239 1237
3 1238 1170 1167
3 1240 1170 1238
3 1171 1239 1168
3 1171 1241 1239
3 1240 1172 1170
3 1242 1172 1240
3 1173 1241 1171
3 1173 1243 1241
3 1242 1174 1172
3 1244 1174 1242
3 1247 1246 1245
3 1246 1243 1245
3 1243 1175 1245
3 1243 1173 1175
3 1244 1248 1174
3 1174 1248 1176
3 1177 1176 1248
3 1177 1248 1249
3 1247 1245 1179
3 1180 1247 1179
3 1250 1247 1180
3 1179 1245 1175
3 1249 1251 1177
3 1177 1251 1181
3 1253 1252 1182
3 1181 1253 1182
3 1251 1253 1181
3 1254 1252 1253
3 1256 1255 1184
3 1256 1184 1185
3 1180 1184 1250
3 1250 1184 1255
3 1252 1186 1182
3 1254 1257 1252
3 1257 1186 1252
3 1257 1187 1186
3 1187 1258 1189
3 1257 1258 1187
3 1189 1259 1191
3 1258 1259 1189
3 1191 1260 1192
3 1259 1260 1191
3 1262 1261 1193
3 1192 1262 1193
3 1260 1262 1192
3 1264 1263 1261
3 1264 1261 1262
3 1195 1196 1263
3 1264 1195 1263
3 1265 1195 1264
3 1185 1195 1256
3 1256 1195 1265
3 1261 1197 1193
3 1197 1261 1198
3 1198 1261 1263
3 1198 1263 1196
3 1266 1200 1201
3 1202 1267 1201
3 1201 1267 1266
3 1203 1268 1202
3 1202 1268 1267
3 1205 1268 1203
3 1269 1206 1207
3 1269 1207 1270
3 1207 1271 1270
3 1207 1208 1271
3 1272 1208 1209
3 1272 1271 1208
3 1273 1209 1210
3 1273 1272 1209
3 1210 1200 1266
3 1274 1210 1266
3 1273 1210 1274
3 1274 1266 1267
3 1274 1267 1275
3 1275 1267 1268
3 1275 1268 1276
3 1278 1276 1277
3 1277 1276 1211
3 1276 1268 1211
3 1268 1205 1211
3 1212 1277 1211
3 1279 1213 1214
3 1280 1279 1214
3 1280 1214 1206
3 1281 1280 1206
3 1269 1281 1206
3 1281 1269 1270
3 1282 1278 1277
3 1282 1277 1212
3 1215 1282 1212
3 1283 1282 1215
3 1215 1216 1283
3 1283 1216 1284
3 1285 1217 1279
3 1279 1217 1213
3 1279 1280 1286
3 1279 1286 1285
3 1218 1284 1216
3 1218 1287 1284
3 1289 1288 1285
3 1288 1217 1285
3 1288 1220 1217
3 1289 1285 1286
3 1290 1287 1218
3 1290 1218 1221
3 1221 1222 1290
3 1290 1222 1291
3 1292 1223 1224
3 1293 1292 1224
3 1220 1293 1224
3 1288 1293 1220
3 1296 1295 1294
3 1295 1291 1294
3 1291 1225 1294
3 1291 1222 1225
3 1298 1297 1292
3 1297 1223 1292
3 1297 1226 1223
3 1298 1292 1293
3 1296 1294 1299
3 1296 1299 1300
3 1227 1299 1225
3 1225 1299 1294
3 1297 1228 1226
3 1301 1228 1297
3 1300 1299 1302
3 1300 1302 1303
3 1229 1302 1227
3 1227 1302 1299
3 1304 1230 1231
3 1305 1304 1231
3 1228 1305 1231
3 1301 1305 1228
3 1303 1302 1232
3 1233 1303 1232
3 1306 1303 1233
3 1232 1302 1229
3 1307 1234 1304
3 1304 1234 1230
3 1304 1305 1308
3 1304 1308 1307
3 1311 1310 1309
3 1310 1306 1309
3 1306 1235 1309
3 1306 1233 1235
3 1313 1312 1307
3 1312 1234 1307
3 1312 1236 1234
3 1313 1307 1308
3 1311 1309 1314
3 1311 1314 1315
3 1237 1314 1235
3 1235 1314 1309
3 1317 1238 1316
3 1238 1312 1316
3 1238 1236 1312
3 1318 1317 1316
3 1319 1315 1314
3 1314 1237 1319
3 1237 1320 1319
3 1237 1239 1320
3 1322 1321 1317
3 1321 1238 1317
3 1321 1240 1238
3 1322 1317 1318
3 1241 1320 1239
3 1241 1323 1320
3 1325 1242 1324
3 1242 1321 1324
3 1242 1240 1321
3 1326 1325 1324
3 1243 1323 1241
3 1243 1327 1323
3 1328 1244 1325
3 1325 1244 1242
3 1325 1326 1329
3 1325 1329 1328
3 1331 1330 1246
3 1331 1246 1247
3 1243 1246 1327
3 1327 1246 1330
3 1328 1248 1244
3 1333 1332 1249
3 1333 1249 1248
3 1329 1333 1248
3 1328 1329 1248
3 1334 1332 1333
3 1337 1336 1335
3 1336 1331 1335
3 1331 1250 1335
3 1331 1247 1250
3 1332 1251 1249
3 1334 1338 1332
3 1338 1251 1332
3 1338 1253 1251
3 1340 1339 1254
3 1253 1340 1254
3 1338 1340 1253
3 1341 1339 1340
3 1344 1343 1342
3 1342 1343 1337
3 1342 1337 1335
3 1256 1342 1335
3 1255 1256 1335
3 1255 1335 1250
3 1339 1257 1254
3 1341 1345 1339
3 1345 1257 1339
3 1345 1258 1257
3 1258 1346 1259
3 1345 1346 1258
3 1259 1347 1260
3 1346 1347 1259
3 1260 1348 1262
3 1347 1348 1260
3 1262 1349 1264
3 1348 1349 1262
3 1342 1265 1344
3 1265 1349 1344
3 1265 1264 1349
3 1265 1342 1256
3 1350 1270 1271
3 1272 1351 1271
3 1271 1351 1350
3 1351 1272 1352
3 1272 1353 1352
3 1272 1273 1353
3 1354 1273 1274
3 1354 1353 1273
3 1355 1274 1275
3 1355 1354 1274
3 1356 1275 1276
3 1356 1355 1275
3 1276 1278 1356
3 1356 1278 1357
3 1358 1280 1281
3 1359 1358 1281
3 1359 1281 1270
3 1360 1359 1270
3 1350 1360 1270
3 1360 1350 1351
3 1360 1351 1361
3 1361 1351 1352
3 1362 1357 1278
3 1362 1278 1282
3 1364 1362 1363
3 1362 1283 1363
3 1362 1282 1283
3 1284 1363 1283
3 1366 1365 1358
3 1365 1280 1358
3 1365 1286 1280
3 1366 1358 1359
3 1367 1364 1363
3 1363 1284 1367
3 1284 1368 1367
3 1284 1287 1368
3 1369 1288 1289
3 1370 1369 1289
3 1286 1370 1289
3 1365 1370 1286
3 1287 1290 1371
3 1372 1287 1371
3 1368 1287 1372
3 1291 1371 1290
3 1373 1293 1369
3 1369 1293 1288
3 1369 1370 1374
3 1369 1374 1373
3 1372 1371 1295
3 1296 1372 1295
3 1375 1372 1296
3 1295 1371 1291
3 1376 1297 1298
3 1377 1376 1298
3 1377 1298 1293
3 1378 1377 1293
3 1373 1378 1293
3 1378 1373 1374
3 1300 1375 1296
3 1300 1379 1375
3 1381 1380 1376
3 1380 1297 1376
3 1380 1301 1297
3 1381 1376 1377
3 1303 1379 1300
3 1303 1382 1379
3 1380 1305 1301
3 1383 1305 1380
3 1386 1385 1384
3 1385 1382 1384
3 1382 1306 1384
3 1382 1303 1306
3 1383 1308 1305
3 1387 1308 1383
3 1386 1384 1310
3 1311 1386 1310
3 1388 1386 1311
3 1310 1384 1306
3 1389 1312 1313
3 1390 1389 1313
3 1308 1390 1313
3 1387 1390 1308
3 1315 1388 1311
3 1315 1391 1388
3 1389 1316 1312
3 1318 1316 1389
3 1390 1318 1389
3 1392 1318 1390
3 1315 1319 1393
3 1394 1315 1393
3 1391 1315 1394
3 1320 1393 1319
3 1395 1321 1322
3 1396 1395 1322
3 1318 1396 1322
3 1392 1396 1318
3 1394 1393 1397
3 1394 1397 1398
3 1323 1397 1320
3 1320 1397 1393
3 1400 1324 1399
3 1324 1321 1399
3 1399 1321 1395
3 1401 1399 1395
3 1395 1396 1401
3 1324 1400 1326
3 1398 1397 1402
3 1398 1402 1403
3 1327 1402 1323
3 1323 1402 1397
3 1399 1404 1400
3 1326 1400 1404
3 1405 1326 1404
3 1329 1326 1405
3 1403 1402 1330
3 1331 1403 1330
3 1406 1403 1331
3 1330 1402 1327
3 1405 1407 1329
3 1329 1407 1333
3 1334 1333 1407
3 1334 1407 1408
3 1410 1409 1336
3 1410 1336 1337
3 1331 1336 1406
3 1406 1336 1409
3 1408 1411 1334
3 1334 1411 1338
3 1338 1412 1340
3 1411 1412 1338
3 1414 1413 1341
3 1340 1414 1341
3 1412 1414 1340
3 1416 1415 1413
3 1416 1413 1414
3 1418 1417 1415
3 1418 1415 1416
3 1420 1419 1417
3 1420 1417 1418
3 1422 1421 1419
3 1422 1419 1420
3 1343 1344 1421
3 1422 1343 1421
3 1423 1343 1422
3 1337 1343 1410
3 1410 1343 1423
3 1413 1345 1341
3 1345 1413 1346
3 1346 1413 1415
3 1346 1415 1347
3 1347 1415 1417
3 1347 1417 1348
3 1348 1417 1419
3 1348 1419 1349
3 1349 1419 1421
3 1349 1421 1344
3 1424 1352 1353
3 1354 1425 1353
3 1353 1425 1424
3 1355 1426 1354
3 1354 1426 1425
3 1356 1427 1355
3 1355 1427 1426
3 1357 1427 1356
3 1428 1359 1360
3 1428 1360 1429
3 1360 1430 1429
3 1360 1361 1430
3 1361 1352 1424
3 1431 1361 1424
3 1430 1361 1431
3 1431 1424 1425
3 1431 1425 1432
3 1432 1425 1426
3 1432 1426 1433
3 1435 1434 1433
3 1426 1435 1433
3 1427 1435 1426
3 1362 1436 1357
3 1436 1427 1357
3 1436 1435 1427
3 1364 1436 1362
3 1437 1365 1366
3 1438 1437 1366
3 1438 1366 1359
3 1439 1438 1359
3 1428 1439 1359
3 1439 1428 1429
3 1440 1434 1435
3 1442 1441 1440
3 1435 1442 1440
3 1436 1442 1435
3 1367 1443 1364
3 1443 1436 1364
3 1443 1442 1436
3 1368 1443 1367
3 1444 1370 1437
3 1437 1370 1365
3 1437 1438 1445
3 1437 1445 1444
3 1446 1441 1442
3 1448 1447 1446
3 1442 1448 1446
3 1443 1448 1442
3 1372 1448 1368
3 1368 1448 1443
3 1449 1374 1444
3 1444 1374 1370
3 1444 1445 1450
3 1444 1450 1449
3 1447 1448 1451
3 1447 1451 1452
3 1375 1451 1372
3 1372 1451 1448
3 1453 1377 1378
3 1454 1453 1378
3 1454 1378 1374
3 1455 1454 1374
3 1449 1455 1374
3 1455 1449 1450
3 1452 1451 1456
3 1452 1456 1457
3 1379 1456 1375
3 1375 1456 1451
3 1458 1380 1381
3 1459 1458 1381
3 1459 1381 1377
3 1460 1459 1377
3 1453 1460 1377
3 1460 1453 1454
3 1457 1456 1461
3 1457 1461 1462
3 1382 1461 1379
3 1379 1461 1456
3 1463 1383 1458
3 1458 1383 1380
3 1458 1459 1464
3 1458 1464 1463
3 1462 1461 1385
3 1386 1462 1385
3 1465 1462 1386
3 1385 1461 1382
3 1466 1387 1463
3 1463 1387 1383
3 1463 1464 1467
3 1463 1467 1466
3 1470 1469 1468
3 1469 1465 1468
3 1465 1388 1468
3 1465 1386 1388
3 1472 1471 1466
3 1471 1387 1466
3 1471 1390 1387
3 1472 1466 1467
3 1473 1470 1468
3 1468 1388 1473
3 1388 1474 1473
3 1388 1391 1474
3 1471 1392 1390
3 1475 1392 1471
3 1394 1474 1391
3 1394 1476 1474
3 1475 1396 1392
3 1477 1396 1475
3 1398 1479 1478
3 1476 1398 1478
3 1394 1398 1476
3 1479 1480 1478
3 1481 1399 1401
3 1482 1481 1401
3 1396 1482 1401
3 1477 1482 1396
3 1403 1483 1479
3 1403 1479 1398
3 1480 1479 1484
3 1484 1479 1483
3 1481 1404 1399
3 1486 1485 1405
3 1486 1405 1404
3 1482 1486 1404
3 1481 1482 1404
3 1487 1485 1486
3 1489 1488 1483
3 1403 1489 1483
3 1406 1489 1403
3 1483 1488 1484
3 1485 1407 1405
3 1491 1490 1408
3 1491 1408 1407
3 1487 1491 1407
3 1485 1487 1407
3 1493 1492 1490
3 1493 1490 1491
3 1494 1492 1493
3 1497 1496 1495
3 1409 1410 1495
3 1496 1409 1495
3 1498 1409 1496
3 1406 1409 1489
3 1489 1409 1498
3 1490 1411 1408
3 1411 1490 1412
3 1412 1490 1492
3 1494 1499 1492
3 1499 1412 1492
3 1499 1414 1412
3 1414 1500 1416
3 1499 1500 1414
3 1416 1501 1418
3 1500 1501 1416
3 1418 1502 1420
3 1501 1502 1418
3 1420 1503 1422
3 1502 1503 1420
3 1495 1423 1497
3 1423 1503 1497
3 1423 1422 1503
3 1423 1495 1410
3 1504 1429 1430
3 1431 1505 1430
3 1430 1505 1504
3 1432 1506 1431
3 1431 1506 1505
3 1433 1507 1432
3 1432 1507 1506
3 1434 1507 1433
3 1508 1438 1439
3 1509 1508 1439
3 1509 1439 1429
3 1510 1509 1429
3 1504 1510 1429
3 1510 1504 1505
3 1510 1505 1511
3 1511 1505 1506
3 1511 1506 1512
3 1514 1513 1512
3 1506 1514 1512
3 1507 1514 1506
3 1440 1515 1434
3 1515 1507 1434
3 1515 1514 1507
3 1441 1515 1440
3 1516 1445 1508
3 1508 1445 1438
3 1508 1509 1517
3 1508 1517 1516
3 1518 1513 1514
3 1518 1514 1515
3 1518 1515 1519
3 1521 1519 1520
3 1520 1519 1446
3 1519 1515 1446
3 1515 1441 1446
3 1447 1520 1446
3 1522 1450 1516
3 1516 1450 1445
3 1516 1517 1523
3 1516 1523 1522
3 1526 1525 1524
3 1524 1525 1521
3 1520 1524 1521
3 1527 1524 1520
3 1452 1527 1447
3 1447 1527 1520
3 1528 1454 1455
3 1450 1522 1455
3 1522 1528 1455
3 1522 1529 1528
3 1522 1523 1530
3 1522 1530 1529
3 1526 1524 1531
3 1526 1531 1532
3 1533 1524 1527
3 1531 1524 1533
3 1457 1533 1452
3 1452 1533 1527
3 1534 1459 1460
3 1535 1534 1460
3 1535 1460 1454
3 1536 1535 1454
3 1528 1536 1454
3 1538 1537 1536
3 1528 1538 1536
3 1529 1538 1528
3 1529 1530 1539
3 1540 1529 1539
3 1538 1529 1540
3 1541 1540 1539
3 1532 1531 1542
3 1532 1542 1543
3 1544 1531 1533
3 1542 1531 1544
3 1462 1544 1457
3 1457 1544 1533
3 1546 1545 1534
3 1545 1459 1534
3 1545 1464 1459
3 1546 1534 1535
3 1537 1538 1547
3 1537 1547 1548
3 1549 1538 1540
3 1547 1538 1549
3 1540 1541 1550
3 1540 1550 1549
3 1551 1543 1542
3 1553 1552 1551
3 1542 1553 1551
3 1544 1553 1542
3 1465 1553 1462
3 1462 1553 1544
3 1545 1467 1464
3 1554 1467 1545
3 1555 1548 1547
3 1555 1547 1549
3 1555 1549 1556
3 1556 1549 1550
3 1559 1558 1557
3 1557 1558 1552
3 1557 1552 1553
3 1470 1557 1553
3 1469 1470 1553
3 1469 1553 1465
3 1560 1471 1472
3 1561 1560 1472
3 1467 1561 1472
3 1554 1561 1467
3 1564 1563 1562
3 1565 1562 1563
3 1566 1559 1557
3 1568 1566 1567
3 1567 1566 1473
3 1566 1557 1473
3 1557 1470 1473
3 1474 1567 1473
3 1569 1475 1560
3 1560 1475 1471
3 1560 1561 1570
3 1560 1570 1569
3 1571 1564 1562
3 1571 1562 1565
3 1572 1568 1567
3 1567 1474 1572
3 1474 1573 1572
3 1474 1476 1573
3 1574 1477 1569
3 1569 1477 1475
3 1569 1570 1575
3 1569 1575 1574
3 1476 1478 1576
3 1577 1476 1576
3 1573 1476 1577
3 1480 1576 1478
3 1578 1482 1574
3 1574 1482 1477
3 1574 1575 1579
3 1574 1579 1578
3 1577 1576 1580
3 1577 1580 1581
3 1484 1580 1480
3 1480 1580 1576
3 1578 1486 1482
3 1583 1582 1487
3 1583 1487 1486
3 1579 1583 1486
3 1578 1579 1486
3 1585 1584 1582
3 1585 1582 1583
3 1586 1584 1585
3 1589 1588 1587
3 1587 1588 1581
3 1587 1581 1580
3 1489 1587 1580
3 1488 1489 1580
3 1488 1580 1484
3 1582 1491 1487
3 1491 1582 1493
3 1493 1582 1584
3 1591 1590 1494
3 1591 1494 1493
3 1586 1591 1493
3 1584 1586 1493
3 1593 1592 1590
3 1593 1590 1591
3 1595 1594 1592
3 1595 1592 1593
3 1597 1596 1594
3 1597 1594 1595
3 1599 1598 1596
3 1599 1596 1597
3 1496 1497 1598
3 1599 1496 1598
3 1600 1496 1599
3 1587 1498 1589
3 1498 1600 1589
3 1498 1496 1600
3 1498 1587 1489
3 1590 1499 1494
3 1499 1590 1500
3 1500 1590 1592
3 1500 1592 1501
3 1501 1592 1594
3 1501 1594 1502
3 1502 1594 1596
3 1502 1596 1503
3 1503 1596 1598
3 1503 1598 1497
3 1601 1509 1510
3 1511 1602 1510
3 1510 1602 1601
3 1512 1603 1511
3 1511 1603 1602
3 1513 1603 1512
3 1604 1517 1601
3 1601 1517 1509
3 1602 1606 1605
3 1604 1602 1605
3 1601 1602 1604
3 1608 1607 1606
3 1602 1608 1606
3 1603 1608 1602
3 1518 1609 1513
3 1609 1603 1513
3 1609 1608 1603
3 1519 1610 1518
3 1518 1610 1609
3 1521 1610 1519
3 1611 1523 1604
3 1604 1523 1517
3 1604 1605 1612
3 1613 1604 1612
3 1611 1604 1613
3 1613 1612 1607
3 1608 1613 1607
3 1614 1613 1608
3 1615 1608 1609
3 1614 1608 1615
3 1526 1615 1525
3 1615 1610 1525
3 1615 1609 1610
3 1525 1610 1521
3 1616 1530 1611
3 1611 1530 1523
3 1617 1611 1613
3 1616 1611 1617
3 1618 1613 1614
3 1617 1613 1618
3 1619 1614 1615
3 1618 1614 1619
3 1532 1619 1526
3 1526 1619 1615
3 1620 1535 1536
3 1537 1620 1536
3 1616 1539 1530
3 1539 1616 1541
3 1616 1621 1541
3 1616 1617 1621
3 1622 1617 1618
3 1621 1617 1622
3 1623 1618 1619
3 1622 1618 1623
3 1543 1623 1532
3 1532 1623 1619
3 1624 1545 1546
3 1535 1620 1546
3 1620 1624 1546
3 1620 1625 1624
3 1548 1625 1537
3 1537 1625 1620
3 1626 1550 1621
3 1621 1550 1541
3 1627 1621 1622
3 1626 1621 1627
3 1628 1622 1623
3 1627 1622 1628
3 1551 1629 1543
3 1629 1623 1543
3 1629 1628 1623
3 1552 1629 1551
3 1630 1554 1624
3 1624 1554 1545
3 1631 1624 1625
3 1630 1624 1631
3 1555 1632 1548
3 1632 1625 1548
3 1632 1631 1625
3 1556 1633 1555
3 1555 1633 1632
3 1550 1626 1556
3 1626 1633 1556
3 1626 1634 1633
3 1635 1626 1627
3 1634 1626 1635
3 1636 1627 1628
3 1635 1627 1636
3 1559 1636 1558
3 1636 1629 1558
3 1636 1628 1629
3 1558 1629 1552
3 1637 1561 1630
3 1630 1561 1554
3 1638 1630 1631
3 1637 1630 1638
3 1564 1638 1563
3 1638 1632 1563
3 1638 1631 1632
3 1563 1632 1565
3 1632 1639 1565
3 1632 1633 1639
3 1634 1641 1640
3 1639 1634 1640
3 1633 1634 1639
3 1643 1642 1641
3 1634 1643 1641
3 1635 1643 1634
3 1644 1635 1636
3 1643 1635 1644
3 1566 1645 1559
3 1645 1636 1559
3 1645 1644 1636
3 1568 1645 1566
3 1646 1570 1637
3 1637 1570 1561
3 1647 1637 1638
3 1646 1637 1647
3 1571 1648 1564
3 1648 1638 1564
3 1648 1647 1638
3 1565 1639 1571
3 1639 1648 1571
3 1639 1649 1648
3 1639 1640 1650
3 1639 1650 1649
3 1651 1642 1643
3 1653 1652 1651
3 1643 1653 1651
3 1644 1653 1643
3 1654 1644 1645
3 1653 1644 1654
3 1572 1655 1568
3 1655 1645 1568
3 1655 1654 1645
3 1573 1655 1572
3 1656 1575 1646
3 1646 1575 1570
3 1657 1646 1647
3 1656 1646 1657
3 1658 1647 1648
3 1657 1647 1658
3 1659 1648 1649
3 1658 1648 1659
3 1649 1650 1660
3 1649 1660 1659
3 1661 1652 1653
3 1661 1653 1654
3 1661 1654 1662
3 1664 1663 1662
3 1654 1664 1662
3 1655 1664 1654
3 1577 1664 1573
3 1573 1664 1655
3 1665 1579 1656
3 1656 1579 1575
3 1666 1656 1657
3 1665 1656 1666
3 1667 1657 1658
3 1666 1657 1667
3 1668 1658 1659
3 1667 1658 1668
3 1659 1660 1669
3 1670 1659 1669
3 1668 1659 1670
3 1672 1671 1670
3 1672 1670 1669
3 1674 1673 1671
3 1674 1671 1672
3 1676 1675 1673
3 1676 1673 1674
3 1675 1676 1663
3 1664 1675 1663
3 1677 1675 1664
3 1581 1677 1577
3 1577 1677 1664
3 1665 1583 1579
3 1583 1665 1585
3 1585 1665 1666
3 1585 1666 1586
3 1666 1678 1586
3 1666 1667 1678
3 1679 1667 1668
3 1678 1667 1679
3 1680 1668 1670
3 1679 1668 1680
3 1681 1670 1671
3 1680 1670 1681
3 1682 1671 1673
3 1681 1671 1682
3 1683 1673 1675
3 1682 1673 1683
3 1589 1683 1588
3 1683 1677 1588
3 1683 1675 1677
3 1588 1677 1581
3 1678 1591 1586
3 1591 1678 1593
3 1593 1678 1679
3 1593 1679 1595
3 1595 1679 1680
3 1595 1680 1597
3 1597 1680 1681
3 1597 1681 1599
3 1599 1681 1682
3 1599 1682 1600
3 1600 1682 1683
3 1600 1683 1589