[2025-11-21 01:41:19,623][WARNING][/build/python-steps-BSmkRk/python-steps-5.0.4/src/steps/mpi/tetopsplit/tetopsplit.cpp:5829][virtual void steps::mpi::tetopsplit::TetOpSplitP::getBatchTriSpecCountsNP(const steps::index_t*, size_t, const std::string&, double*, size_t) const]: 12680 12697 12791 12925 12961 13002 13035 13038 13053 13063 13079 13122 13132 13140 13142 13244 13256 13261 13268 13364 13396 13401 13410 13413 13476 13481 13504 13547 13605 13684 13700 13726 13766 13788 13811 13838 13849 13891 13913 13980 13982 13993 14023 14025 14035 14038 14049 14064 14072 14106 14122 14142 14145 14200 14280 14282 14310 14313 14345 14364 14373 14376 14432 14454 14456 14473 14516 14524 14566 14580 14612 14615 14621 14643 14651 14660 14670 14702 14707 14717 14744 14748 14750 14752 14769 14777 14788 14797 14817 14818 14840 14857 14865 14869 14873 14875 14901 14936 14949 14968 14987 14997 14999 15027 15030 15055 15060 15072 15096 15109 15113 15120 15135 15153 15162 15164 15181 15182 15189 15193 15195 15210 15219 15226 15243 15246 15254 15258 15263 15284 15360 15371 15373 15377 15399 15418 15428 15436 15439 15442 15445 15452 15459 15473 15475 15493 15512 15524 15537 15542 15546 15569 15570 15577 15588 15611 15618 15624 15634 15647 15653 15657 15681 15690 15725 15739 15743 15750 15754 15761 15767 15774 15783 15804 15808 15821 15829 15844 15867 15873 15881 15886 15902 15905 15911 15917 15921 15923 15933 15938 15947 15972 15973 15975 15989 15994 15999 16001 16009 16011 16013 16016 16027 16028 16031 16039 16047 16058 16077 16081 16087 16094 16096 16097 16098 16099 16102 16115 16139 16147 16152 16155 16158 16172 16174 16176 16189 16192 16216 16220 16225 16226 16241 16253 16254 16256 16258 16264 16269 16296 16314 16321 16322 16331 16337 16347 16350 16352 16357 16362 16377 16386 16393 16397 16398 16403 16409 16419 16427 16429 16440 16444 16447 16450 16452 16462 16481 16505 16530 16535 16540 16544 16548 16556 16558 16562 16567 16576 16598 16620 16622 16623 16627 16630 16631 16643 16647 16649 16651 16656 16660 16661 16670 16677 16680 16690 16697 16699 16702 16706 16710 16713 16721 16741 16743 16762 16771 16776 16779 16787 16788 16791 16792 16794 16796 16800 16805 16814 16817 16824 16826 16828 16829 16831 16832 16850 16851 16858 16861 16868 16870 16872 16877 16878 16880 16882 16886 16889 16891 16893 16894 16915 16948 16972 16975 16992 16997 17002 17007 17021  
 
[2025-11-21 01:41:19,624][WARNING][/build/python-steps-BSmkRk/python-steps-5.0.4/src/steps/mpi/tetopsplit/tetopsplit.cpp:5826][virtual void steps::mpi::tetopsplit::TetOpSplitP::getBatchTriSpecCountsNP(const steps::index_t*, size_t, const std::string&, double*, size_t) const]: The following triangles have not been assigned to a patch, fill in zeros at target positions:
 
[2025-11-21 01:41:19,624][WARNING][/build/python-steps-BSmkRk/python-steps-5.0.4/src/steps/mpi/tetopsplit/tetopsplit.cpp:5829][virtual void steps::mpi::tetopsplit::TetOpSplitP::getBatchTriSpecCountsNP(const steps::index_t*, size_t, const std::string&, double*, size_t) const]: 12680 12697 12791 12925 12961 13002 13035 13038 13053 13063 13079 13122 13132 13140 13142 13244 13256 13261 13268 13364 13396 13401 13410 13413 13476 13481 13504 13547 13605 13684 13700 13726 13766 13788 13811 13838 13849 13891 13913 13980 13982 13993 14023 14025 14035 14038 14049 14064 14072 14106 14122 14142 14145 14200 14280 14282 14310 14313 14345 14364 14373 14376 14432 14454 14456 14473 14516 14524 14566 14580 14612 14615 14621 14643 14651 14660 14670 14702 14707 14717 14744 14748 14750 14752 14769 14777 14788 14797 14817 14818 14840 14857 14865 14869 14873 14875 14901 14936 14949 14968 14987 14997 14999 15027 15030 15055 15060 15072 15096 15109 15113 15120 15135 15153 15162 15164 15181 15182 15189 15193 15195 15210 15219 15226 15243 15246 15254 15258 15263 15284 15360 15371 15373 15377 15399 15418 15428 15436 15439 15442 15445 15452 15459 15473 15475 15493 15512 15524 15537 15542 15546 15569 15570 15577 15588 15611 15618 15624 15634 15647 15653 15657 15681 15690 15725 15739 15743 15750 15754 15761 15767 15774 15783 15804 15808 15821 15829 15844 15867 15873 15881 15886 15902 15905 15911 15917 15921 15923 15933 15938 15947 15972 15973 15975 15989 15994 15999 16001 16009 16011 16013 16016 16027 16028 16031 16039 16047 16058 16077 16081 16087 16094 16096 16097 16098 16099 16102 16115 16139 16147 16152 16155 16158 16172 16174 16176 16189 16192 16216 16220 16225 16226 16241 16253 16254 16256 16258 16264 16269 16296 16314 16321 16322 16331 16337 16347 16350 16352 16357 16362 16377 16386 16393 16397 16398 16403 16409 16419 16427 16429 16440 16444 16447 16450 16452 16462 16481 16505 16530 16535 16540 16544 16548 16556 16558 16562 16567 16576 16598 16620 16622 16623 16627 16630 16631 16643 16647 16649 16651 16656 16660 16661 16670 16677 16680 16690 16697 16699 16702 16706 16710 16713 16721 16741 16743 16762 16771 16776 16779 16787 16788 16791 16792 16794 16796 16800 16805 16814 16817 16824 16826 16828 16829 16831 16832 16850 16851 16858 16861 16868 16870 16872 16877 16878 16880 16882 16886 16889 16891 16893 16894 16915 16948 16972 16975 16992 16997 17002 17007 17021  
 
[2025-11-21 01:41:22,000][WARNING][/build/python-steps-BSmkRk/python-steps-5.0.4/src/steps/mpi/tetopsplit/tetopsplit.cpp:5826][virtual void steps::mpi::tetopsplit::TetOpSplitP::getBatchTriSpecCountsNP(const steps::index_t*, size_t, const std::string&, double*, size_t) const]: The following triangles have not been assigned to a patch, fill in zeros at target positions:
 
[2025-11-21 01:41:22,000][WARNING][/build/python-steps-BSmkRk/python-steps-5.0.4/src/steps/mpi/tetopsplit/tetopsplit.cpp:5829][virtual void steps::mpi::tetopsplit::TetOpSplitP::getBatchTriSpecCountsNP(const steps::index_t*, size_t, const std::string&, double*, size_t) const]: 12680 12697 12791 12925 12961 13002 13035 13038 13053 13063 13079 13122 13132 13140 13142 13244 13256 13261 13268 13364 13396 13401 13410 13413 13476 13481 13504 13547 13605 13684 13700 13726 13766 13788 13811 13838 13849 13891 13913 13980 13982 13993 14023 14025 14035 14038 14049 14064 14072 14106 14122 14142 14145 14200 14280 14282 14310 14313 14345 14364 14373 14376 14432 14454 14456 14473 14516 14524 14566 14580 14612 14615 14621 14643 14651 14660 14670 14702 14707 14717 14744 14748 14750 14752 14769 14777 14788 14797 14817 14818 14840 14857 14865 14869 14873 14875 14901 14936 14949 14968 14987 14997 14999 15027 15030 15055 15060 15072 15096 15109 15113 15120 15135 15153 15162 15164 15181 15182 15189 15193 15195 15210 15219 15226 15243 15246 15254 15258 15263 15284 15360 15371 15373 15377 15399 15418 15428 15436 15439 15442 15445 15452 15459 15473 15475 15493 15512 15524 15537 15542 15546 15569 15570 15577 15588 15611 15618 15624 15634 15647 15653 15657 15681 15690 15725 15739 15743 15750 15754 15761 15767 15774 15783 15804 15808 15821 15829 15844 15867 15873 15881 15886 15902 15905 15911 15917 15921 15923 15933 15938 15947 15972 15973 15975 15989 15994 15999 16001 16009 16011 16013 16016 16027 16028 16031 16039 16047 16058 16077 16081 16087 16094 16096 16097 16098 16099 16102 16115 16139 16147 16152 16155 16158 16172 16174 16176 16189 16192 16216 16220 16225 16226 16241 16253 16254 16256 16258 16264 16269 16296 16314 16321 16322 16331 16337 16347 16350 16352 16357 16362 16377 16386 16393 16397 16398 16403 16409 16419 16427 16429 16440 16444 16447 16450 16452 16462 16481 16505 16530 16535 16540 16544 16548 16556 16558 16562 16567 16576 16598 16620 16622 16623 16627 16630 16631 16643 16647 16649 16651 16656 16660 16661 16670 16677 16680 16690 16697 16699 16702 16706 16710 16713 16721 16741 16743 16762 16771 16776 16779 16787 16788 16791 16792 16794 16796 16800 16805 16814 16817 16824 16826 16828 16829 16831 16832 16850 16851 16858 16861 16868 16870 16872 16877 16878 16880 16882 16886 16889 16891 16893 16894 16915 16948 16972 16975 16992 16997 17002 17007 17021  
 
[2025-11-21 01:41:22,001][WARNING][/build/python-steps-BSmkRk/python-steps-5.0.4/src/steps/mpi/tetopsplit/tetopsplit.cpp:5826][virtual void steps::mpi::tetopsplit::TetOpSplitP::getBatchTriSpecCountsNP(const steps::index_t*, size_t, const std::string&, double*, size_t) const]: The following triangles have not been assigned to a patch, fill in zeros at target positions:
 
[2025-11-21 01:41:22,001][WARNING][/build/python-steps-BSmkRk/python-steps-5.0.4/src/steps/mpi/tetopsplit/tetopsplit.cpp:5829][virtual void steps::mpi::tetopsplit::TetOpSplitP::getBatchTriSpecCountsNP(const steps::index_t*, size_t, const std::string&, double*, size_t) const]: 12680 12697 12791 12925 12961 13002 13035 13038 13053 13063 13079 13122 13132 13140 13142 13244 13256 13261 13268 13364 13396 13401 13410 13413 13476 13481 13504 13547 13605 13684 13700 13726 13766 13788 13811 13838 13849 13891 13913 13980 13982 13993 14023 14025 14035 14038 14049 14064 14072 14106 14122 14142 14145 14200 14280 14282 14310 14313 14345 14364 14373 14376 14432 14454 14456 14473 14516 14524 14566 14580 14612 14615 14621 14643 14651 14660 14670 14702 14707 14717 14744 14748 14750 14752 14769 14777 14788 14797 14817 14818 14840 14857 14865 14869 14873 14875 14901 14936 14949 14968 14987 14997 14999 15027 15030 15055 15060 15072 15096 15109 15113 15120 15135 15153 15162 15164 15181 15182 15189 15193 15195 15210 15219 15226 15243 15246 15254 15258 15263 15284 15360 15371 15373 15377 15399 15418 15428 15436 15439 15442 15445 15452 15459 15473 15475 15493 15512 15524 15537 15542 15546 15569 15570 15577 15588 15611 15618 15624 15634 15647 15653 15657 15681 15690 15725 15739 15743 15750 15754 15761 15767 15774 15783 15804 15808 15821 15829 15844 15867 15873 15881 15886 15902 15905 15911 15917 15921 15923 15933 15938 15947 15972 15973 15975 15989 15994 15999 16001 16009 16011 16013 16016 16027 16028 16031 16039 16047 16058 16077 16081 16087 16094 16096 16097 16098 16099 16102 16115 16139 16147 16152 16155 16158 16172 16174 16176 16189 16192 16216 16220 16225 16226 16241 16253 16254 16256 16258 16264 16269 16296 16314 16321 16322 16331 16337 16347 16350 16352 16357 16362 16377 16386 16393 16397 16398 16403 16409 16419 16427 16429 16440 16444 16447 16450 16452 16462 16481 16505 16530 16535 16540 16544 16548 16556 16558 16562 16567 16576 16598 16620 16622 16623 16627 16630 16631 16643 16647 16649 16651 16656 16660 16661 16670 16677 16680 16690 16697 16699 16702 16706 16710 16713 16721 16741 16743 16762 16771 16776 16779 16787 16788 16791 16792 16794 16796 16800 16805 16814 16817 16824 16826 16828 16829 16831 16832 16850 16851 16858 16861 16868 16870 16872 16877 16878 16880 16882 16886 16889 16891 16893 16894 16915 16948 16972 16975 16992 16997 17002 17007 17021  
 
[2025-11-21 01:41:22,001][WARNING][/build/python-steps-BSmkRk/python-steps-5.0.4/src/steps/mpi/tetopsplit/tetopsplit.cpp:5826][virtual void steps::mpi::tetopsplit::TetOpSplitP::getBatchTriSpecCountsNP(const steps::index_t*, size_t, const std::string&, double*, size_t) const]: The following triangles have not been assigned to a patch, fill in zeros at target positions:
 
[2025-11-21 01:41:22,001][WARNING][/build/python-steps-BSmkRk/python-steps-5.0.4/src/steps/mpi/tetopsplit/tetopsplit.cpp:5829][virtual void steps::mpi::tetopsplit::TetOpSplitP::getBatchTriSpecCountsNP(const steps::index_t*, size_t, const std::string&, double*, size_t) const]: 12680 12697 12791 12925 12961 13002 13035 13038 13053 13063 13079 13122 13132 13140 13142 13244 13256 13261 13268 13364 13396 13401 13410 13413 13476 13481 13504 13547 13605 13684 13700 13726 13766 13788 13811 13838 13849 13891 13913 13980 13982 13993 14023 14025 14035 14038 14049 14064 14072 14106 14122 14142 14145 14200 14280 14282 14310 14313 14345 14364 14373 14376 14432 14454 14456 14473 14516 14524 14566 14580 14612 14615 14621 14643 14651 14660 14670 14702 14707 14717 14744 14748 14750 14752 14769 14777 14788 14797 14817 14818 14840 14857 14865 14869 14873 14875 14901 14936 14949 14968 14987 14997 14999 15027 15030 15055 15060 15072 15096 15109 15113 15120 15135 15153 15162 15164 15181 15182 15189 15193 15195 15210 15219 15226 15243 15246 15254 15258 15263 15284 15360 15371 15373 15377 15399 15418 15428 15436 15439 15442 15445 15452 15459 15473 15475 15493 15512 15524 15537 15542 15546 15569 15570 15577 15588 15611 15618 15624 15634 15647 15653 15657 15681 15690 15725 15739 15743 15750 15754 15761 15767 15774 15783 15804 15808 15821 15829 15844 15867 15873 15881 15886 15902 15905 15911 15917 15921 15923 15933 15938 15947 15972 15973 15975 15989 15994 15999 16001 16009 16011 16013 16016 16027 16028 16031 16039 16047 16058 16077 16081 16087 16094 16096 16097 16098 16099 16102 16115 16139 16147 16152 16155 16158 16172 16174 16176 16189 16192 16216 16220 16225 16226 16241 16253 16254 16256 16258 16264 16269 16296 16314 16321 16322 16331 16337 16347 16350 16352 16357 16362 16377 16386 16393 16397 16398 16403 16409 16419 16427 16429 16440 16444 16447 16450 16452 16462 16481 16505 16530 16535 16540 16544 16548 16556 16558 16562 16567 16576 16598 16620 16622 16623 16627 16630 16631 16643 16647 16649 16651 16656 16660 16661 16670 16677 16680 16690 16697 16699 16702 16706 16710 16713 16721 16741 16743 16762 16771 16776 16779 16787 16788 16791 16792 16794 16796 16800 16805 16814 16817 16824 16826 16828 16829 16831 16832 16850 16851 16858 16861 16868 16870 16872 16877 16878 16880 16882 16886 16889 16891 16893 16894 16915 16948 16972 16975 16992 16997 17002 17007 17021  
 
[2025-11-21 01:41:22,002][WARNING][/build/python-steps-BSmkRk/python-steps-5.0.4/src/steps/mpi/tetopsplit/tetopsplit.cpp:5826][virtual void steps::mpi::tetopsplit::TetOpSplitP::getBatchTriSpecCountsNP(const steps::index_t*, size_t, const std::string&, double*, size_t) const]: The following triangles have not been assigned to a patch, fill in zeros at target positions:
 
[2025-11-21 01:41:22,002][WARNING][/build/python-steps-BSmkRk/python-steps-5.0.4/src/steps/mpi/tetopsplit/tetopsplit.cpp:5829][virtual void steps::mpi::tetopsplit::TetOpSplitP::getBatchTriSpecCountsNP(const steps::index_t*, size_t, const std::string&, double*, size_t) const]: 12680 12697 12791 12925 12961 13002 13035 13038 13053 13063 13079 13122 13132 13140 13142 13244 13256 13261 13268 13364 13396 13401 13410 13413 13476 13481 13504 13547 13605 13684 13700 13726 13766 13788 13811 13838 13849 13891 13913 13980 13982 13993 14023 14025 14035 14038 14049 14064 14072 14106 14122 14142 14145 14200 14280 14282 14310 14313 14345 14364 14373 14376 14432 14454 14456 14473 14516 14524 14566 14580 14612 14615 14621 14643 14651 14660 14670 14702 14707 14717 14744 14748 14750 14752 14769 14777 14788 14797 14817 14818 14840 14857 14865 14869 14873 14875 14901 14936 14949 14968 14987 14997 14999 15027 15030 15055 15060 15072 15096 15109 15113 15120 15135 15153 15162 15164 15181 15182 15189 15193 15195 15210 15219 15226 15243 15246 15254 15258 15263 15284 15360 15371 15373 15377 15399 15418 15428 15436 15439 15442 15445 15452 15459 15473 15475 15493 15512 15524 15537 15542 15546 15569 15570 15577 15588 15611 15618 15624 15634 15647 15653 15657 15681 15690 15725 15739 15743 15750 15754 15761 15767 15774 15783 15804 15808 15821 15829 15844 15867 15873 15881 15886 15902 15905 15911 15917 15921 15923 15933 15938 15947 15972 15973 15975 15989 15994 15999 16001 16009 16011 16013 16016 16027 16028 16031 16039 16047 16058 16077 16081 16087 16094 16096 16097 16098 16099 16102 16115 16139 16147 16152 16155 16158 16172 16174 16176 16189 16192 16216 16220 16225 16226 16241 16253 16254 16256 16258 16264 16269 16296 16314 16321 16322 16331 16337 16347 16350 16352 16357 16362 16377 16386 16393 16397 16398 16403 16409 16419 16427 16429 16440 16444 16447 16450 16452 16462 16481 16505 16530 16535 16540 16544 16548 16556 16558 16562 16567 16576 16598 16620 16622 16623 16627 16630 16631 16643 16647 16649 16651 16656 16660 16661 16670 16677 16680 16690 16697 16699 16702 16706 16710 16713 16721 16741 16743 16762 16771 16776 16779 16787 16788 16791 16792 16794 16796 16800 16805 16814 16817 16824 16826 16828 16829 16831 16832 16850 16851 16858 16861 16868 16870 16872 16877 16878 16880 16882 16886 16889 16891 16893 16894 16915 16948 16972 16975 16992 16997 17002 17007 17021  
 
[2025-11-21 01:41:24,399][WARNING][/build/python-steps-BSmkRk/python-steps-5.0.4/src/steps/mpi/tetopsplit/tetopsplit.cpp:5826][virtual void steps::mpi::tetopsplit::TetOpSplitP::getBatchTriSpecCountsNP(const steps::index_t*, size_t, const std::string&, double*, size_t) const]: The following triangles have not been assigned to a patch, fill in zeros at target positions:
 
[2025-11-21 01:41:24,399][WARNING][/build/python-steps-BSmkRk/python-steps-5.0.4/src/steps/mpi/tetopsplit/tetopsplit.cpp:5829][virtual void steps::mpi::tetopsplit::TetOpSplitP::getBatchTriSpecCountsNP(const steps::index_t*, size_t, const std::string&, double*, size_t) const]: 12680 12697 12791 12925 12961 13002 13035 13038 13053 13063 13079 13122 13132 13140 13142 13244 13256 13261 13268 13364 13396 13401 13410 13413 13476 13481 13504 13547 13605 13684 13700 13726 13766 13788 13811 13838 13849 13891 13913 13980 13982 13993 14023 14025 14035 14038 14049 14064 14072 14106 14122 14142 14145 14200 14280 14282 14310 14313 14345 14364 14373 14376 14432 14454 14456 14473 14516 14524 14566 14580 14612 14615 14621 14643 14651 14660 14670 14702 14707 14717 14744 14748 14750 14752 14769 14777 14788 14797 14817 14818 14840 14857 14865 14869 14873 14875 14901 14936 14949 14968 14987 14997 14999 15027 15030 15055 15060 15072 15096 15109 15113 15120 15135 15153 15162 15164 15181 15182 15189 15193 15195 15210 15219 15226 15243 15246 15254 15258 15263 15284 15360 15371 15373 15377 15399 15418 15428 15436 15439 15442 15445 15452 15459 15473 15475 15493 15512 15524 15537 15542 15546 15569 15570 15577 15588 15611 15618 15624 15634 15647 15653 15657 15681 15690 15725 15739 15743 15750 15754 15761 15767 15774 15783 15804 15808 15821 15829 15844 15867 15873 15881 15886 15902 15905 15911 15917 15921 15923 15933 15938 15947 15972 15973 15975 15989 15994 15999 16001 16009 16011 16013 16016 16027 16028 16031 16039 16047 16058 16077 16081 16087 16094 16096 16097 16098 16099 16102 16115 16139 16147 16152 16155 16158 16172 16174 16176 16189 16192 16216 16220 16225 16226 16241 16253 16254 16256 16258 16264 16269 16296 16314 16321 16322 16331 16337 16347 16350 16352 16357 16362 16377 16386 16393 16397 16398 16403 16409 16419 16427 16429 16440 16444 16447 16450 16452 16462 16481 16505 16530 16535 16540 16544 16548 16556 16558 16562 16567 16576 16598 16620 16622 16623 16627 16630 16631 16643 16647 16649 16651 16656 16660 16661 16670 16677 16680 16690 16697 16699 16702 16706 16710 16713 16721 16741 16743 16762 16771 16776 16779 16787 16788 16791 16792 16794 16796 16800 16805 16814 16817 16824 16826 16828 16829 16831 16832 16850 16851 16858 16861 16868 16870 16872 16877 16878 16880 16882 16886 16889 16891 16893 16894 16915 16948 16972 16975 16992 16997 17002 17007 17021  
 
[2025-11-21 01:41:24,400][WARNING][/build/python-steps-BSmkRk/python-steps-5.0.4/src/steps/mpi/tetopsplit/tetopsplit.cpp:5826][virtual void steps::mpi::tetopsplit::TetOpSplitP::getBatchTriSpecCountsNP(const steps::index_t*, size_t, const std::string&, double*, size_t) const]: The following triangles have not been assigned to a patch, fill in zeros at target positions:
 
[2025-11-21 01:41:24,400][WARNING][/build/python-steps-BSmkRk/python-steps-5.0.4/src/steps/mpi/tetopsplit/tetopsplit.cpp:5829][virtual void steps::mpi::tetopsplit::TetOpSplitP::getBatchTriSpecCountsNP(const steps::index_t*, size_t, const std::string&, double*, size_t) const]: 12680 12697 12791 12925 12961 13002 13035 13038 13053 13063 13079 13122 13132 13140 13142 13244 13256 13261 13268 13364 13396 13401 13410 13413 13476 13481 13504 13547 13605 13684 13700 13726 13766 13788 13811 13838 13849 13891 13913 13980 13982 13993 14023 14025 14035 14038 14049 14064 14072 14106 14122 14142 14145 14200 14280 14282 14310 14313 14345 14364 14373 14376 14432 14454 14456 14473 14516 14524 14566 14580 14612 14615 14621 14643 14651 14660 14670 14702 14707 14717 14744 14748 14750 14752 14769 14777 14788 14797 14817 14818 14840 14857 14865 14869 14873 14875 14901 14936 14949 14968 14987 14997 14999 15027 15030 15055 15060 15072 15096 15109 15113 15120 15135 15153 15162 15164 15181 15182 15189 15193 15195 15210 15219 15226 15243 15246 15254 15258 15263 15284 15360 15371 15373 15377 15399 15418 15428 15436 15439 15442 15445 15452 15459 15473 15475 15493 15512 15524 15537 15542 15546 15569 15570 15577 15588 15611 15618 15624 15634 15647 15653 15657 15681 15690 15725 15739 15743 15750 15754 15761 15767 15774 15783 15804 15808 15821 15829 15844 15867 15873 15881 15886 15902 15905 15911 15917 15921 15923 15933 15938 15947 15972 15973 15975 15989 15994 15999 16001 16009 16011 16013 16016 16027 16028 16031 16039 16047 16058 16077 16081 16087 16094 16096 16097 16098 16099 16102 16115 16139 16147 16152 16155 16158 16172 16174 16176 16189 16192 16216 16220 16225 16226 16241 16253 16254 16256 16258 16264 16269 16296 16314 16321 16322 16331 16337 16347 16350 16352 16357 16362 16377 16386 16393 16397 16398 16403 16409 16419 16427 16429 16440 16444 16447 16450 16452 16462 16481 16505 16530 16535 16540 16544 16548 16556 16558 16562 16567 16576 16598 16620 16622 16623 16627 16630 16631 16643 16647 16649 16651 16656 16660 16661 16670 16677 16680 16690 16697 16699 16702 16706 16710 16713 16721 16741 16743 16762 16771 16776 16779 16787 16788 16791 16792 16794 16796 16800 16805 16814 16817 16824 16826 16828 16829 16831 16832 16850 16851 16858 16861 16868 16870 16872 16877 16878 16880 16882 16886 16889 16891 16893 16894 16915 16948 16972 16975 16992 16997 17002 17007 17021  
 
[2025-11-21 01:41:24,401][WARNING][/build/python-steps-BSmkRk/python-steps-5.0.4/src/steps/mpi/tetopsplit/tetopsplit.cpp:5826][virtual void steps::mpi::tetopsplit::TetOpSplitP::getBatchTriSpecCountsNP(const steps::index_t*, size_t, const std::string&, double*, size_t) const]: The following triangles have not been assigned to a patch, fill in zeros at target positions:
 
[2025-11-21 01:41:24,401][WARNING][/build/python-steps-BSmkRk/python-steps-5.0.4/src/steps/mpi/tetopsplit/tetopsplit.cpp:5829][virtual void steps::mpi::tetopsplit::TetOpSplitP::getBatchTriSpecCountsNP(const steps::index_t*, size_t, const std::string&, double*, size_t) const]: 12680 12697 12791 12925 12961 13002 13035 13038 13053 13063 13079 13122 13132 13140 13142 13244 13256 13261 13268 13364 13396 13401 13410 13413 13476 13481 13504 13547 13605 13684 13700 13726 13766 13788 13811 13838 13849 13891 13913 13980 13982 13993 14023 14025 14035 14038 14049 14064 14072 14106 14122 14142 14145 14200 14280 14282 14310 14313 14345 14364 14373 14376 14432 14454 14456 14473 14516 14524 14566 14580 14612 14615 14621 14643 14651 14660 14670 14702 14707 14717 14744 14748 14750 14752 14769 14777 14788 14797 14817 14818 14840 14857 14865 14869 14873 14875 14901 14936 14949 14968 14987 14997 14999 15027 15030 15055 15060 15072 15096 15109 15113 15120 15135 15153 15162 15164 15181 15182 15189 15193 15195 15210 15219 15226 15243 15246 15254 15258 15263 15284 15360 15371 15373 15377 15399 15418 15428 15436 15439 15442 15445 15452 15459 15473 15475 15493 15512 15524 15537 15542 15546 15569 15570 15577 15588 15611 15618 15624 15634 15647 15653 15657 15681 15690 15725 15739 15743 15750 15754 15761 15767 15774 15783 15804 15808 15821 15829 15844 15867 15873 15881 15886 15902 15905 15911 15917 15921 15923 15933 15938 15947 15972 15973 15975 15989 15994 15999 16001 16009 16011 16013 16016 16027 16028 16031 16039 16047 16058 16077 16081 16087 16094 16096 16097 16098 16099 16102 16115 16139 16147 16152 16155 16158 16172 16174 16176 16189 16192 16216 16220 16225 16226 16241 16253 16254 16256 16258 16264 16269 16296 16314 16321 16322 16331 16337 16347 16350 16352 16357 16362 16377 16386 16393 16397 16398 16403 16409 16419 16427 16429 16440 16444 16447 16450 16452 16462 16481 16505 16530 16535 16540 16544 16548 16556 16558 16562 16567 16576 16598 16620 16622 16623 16627 16630 16631 16643 16647 16649 16651 16656 16660 16661 16670 16677 16680 16690 16697 16699 16702 16706 16710 16713 16721 16741 16743 16762 16771 16776 16779 16787 16788 16791 16792 16794 16796 16800 16805 16814 16817 16824 16826 16828 16829 16831 16832 16850 16851 16858 16861 16868 16870 16872 16877 16878 16880 16882 16886 16889 16891 16893 16894 16915 16948 16972 16975 16992 16997 17002 17007 17021  
 
[2025-11-21 01:41:24,401][WARNING][/build/python-steps-BSmkRk/python-steps-5.0.4/src/steps/mpi/tetopsplit/tetopsplit.cpp:5826][virtual void steps::mpi::tetopsplit::TetOpSplitP::getBatchTriSpecCountsNP(const steps::index_t*, size_t, const std::string&, double*, size_t) const]: The following triangles have not been assigned to a patch, fill in zeros at target positions:
 
[2025-11-21 01:41:24,401][WARNING][/build/python-steps-BSmkRk/python-steps-5.0.4/src/steps/mpi/tetopsplit/tetopsplit.cpp:5829][virtual void steps::mpi::tetopsplit::TetOpSplitP::getBatchTriSpecCountsNP(const steps::index_t*, size_t, const std::string&, double*, size_t) const]: 12680 12697 12791 12925 12961 13002 13035 13038 13053 13063 13079 13122 13132 13140 13142 13244 13256 13261 13268 13364 13396 13401 13410 13413 13476 13481 13504 13547 13605 13684 13700 13726 13766 13788 13811 13838 13849 13891 13913 13980 13982 13993 14023 14025 14035 14038 14049 14064 14072 14106 14122 14142 14145 14200 14280 14282 14310 14313 14345 14364 14373 14376 14432 14454 14456 14473 14516 14524 14566 14580 14612 14615 14621 14643 14651 14660 14670 14702 14707 14717 14744 14748 14750 14752 14769 14777 14788 14797 14817 14818 14840 14857 14865 14869 14873 14875 14901 14936 14949 14968 14987 14997 14999 15027 15030 15055 15060 15072 15096 15109 15113 15120 15135 15153 15162 15164 15181 15182 15189 15193 15195 15210 15219 15226 15243 15246 15254 15258 15263 15284 15360 15371 15373 15377 15399 15418 15428 15436 15439 15442 15445 15452 15459 15473 15475 15493 15512 15524 15537 15542 15546 15569 15570 15577 15588 15611 15618 15624 15634 15647 15653 15657 15681 15690 15725 15739 15743 15750 15754 15761 15767 15774 15783 15804 15808 15821 15829 15844 15867 15873 15881 15886 15902 15905 15911 15917 15921 15923 15933 15938 15947 15972 15973 15975 15989 15994 15999 16001 16009 16011 16013 16016 16027 16028 16031 16039 16047 16058 16077 16081 16087 16094 16096 16097 16098 16099 16102 16115 16139 16147 16152 16155 16158 16172 16174 16176 16189 16192 16216 16220 16225 16226 16241 16253 16254 16256 16258 16264 16269 16296 16314 16321 16322 16331 16337 16347 16350 16352 16357 16362 16377 16386 16393 16397 16398 16403 16409 16419 16427 16429 16440 16444 16447 16450 16452 16462 16481 16505 16530 16535 16540 16544 16548 16556 16558 16562 16567 16576 16598 16620 16622 16623 16627 16630 16631 16643 16647 16649 16651 16656 16660 16661 16670 16677 16680 16690 16697 16699 16702 16706 16710 16713 16721 16741 16743 16762 16771 16776 16779 16787 16788 16791 16792 16794 16796 16800 16805 16814 16817 16824 16826 16828 16829 16831 16832 16850 16851 16858 16861 16868 16870 16872 16877 16878 16880 16882 16886 16889 16891 16893 16894 16915 16948 16972 16975 16992 16997 17002 17007 17021  
 
[2025-11-21 01:41:26,822][WARNING][/build/python-steps-BSmkRk/python-steps-5.0.4/src/steps/mpi/tetopsplit/tetopsplit.cpp:5826][virtual void steps::mpi::tetopsplit::TetOpSplitP::getBatchTriSpecCountsNP(const steps::index_t*, size_t, const std::string&, double*, size_t) const]: The following triangles have not been assigned to a patch, fill in zeros at target positions:
 
[2025-11-21 01:41:26,822][WARNING][/build/python-steps-BSmkRk/python-steps-5.0.4/src/steps/mpi/tetopsplit/tetopsplit.cpp:5829][virtual void steps::mpi::tetopsplit::TetOpSplitP::getBatchTriSpecCountsNP(const steps::index_t*, size_t, const std::string&, double*, size_t) const]: 12680 12697 12791 12925 12961 13002 13035 13038 13053 13063 13079 13122 13132 13140 13142 13244 13256 13261 13268 13364 13396 13401 13410 13413 13476 13481 13504 13547 13605 13684 13700 13726 13766 13788 13811 13838 13849 13891 13913 13980 13982 13993 14023 14025 14035 14038 14049 14064 14072 14106 14122 14142 14145 14200 14280 14282 14310 14313 14345 14364 14373 14376 14432 14454 14456 14473 14516 14524 14566 14580 14612 14615 14621 14643 14651 14660 14670 14702 14707 14717 14744 14748 14750 14752 14769 14777 14788 14797 14817 14818 14840 14857 14865 14869 14873 14875 14901 14936 14949 14968 14987 14997 14999 15027 15030 15055 15060 15072 15096 15109 15113 15120 15135 15153 15162 15164 15181 15182 15189 15193 15195 15210 15219 15226 15243 15246 15254 15258 15263 15284 15360 15371 15373 15377 15399 15418 15428 15436 15439 15442 15445 15452 15459 15473 15475 15493 15512 15524 15537 15542 15546 15569 15570 15577 15588 15611 15618 15624 15634 15647 15653 15657 15681 15690 15725 15739 15743 15750 15754 15761 15767 15774 15783 15804 15808 15821 15829 15844 15867 15873 15881 15886 15902 15905 15911 15917 15921 15923 15933 15938 15947 15972 15973 15975 15989 15994 15999 16001 16009 16011 16013 16016 16027 16028 16031 16039 16047 16058 16077 16081 16087 16094 16096 16097 16098 16099 16102 16115 16139 16147 16152 16155 16158 16172 16174 16176 16189 16192 16216 16220 16225 16226 16241 16253 16254 16256 16258 16264 16269 16296 16314 16321 16322 16331 16337 16347 16350 16352 16357 16362 16377 16386 16393 16397 16398 16403 16409 16419 16427 16429 16440 16444 16447 16450 16452 16462 16481 16505 16530 16535 16540 16544 16548 16556 16558 16562 16567 16576 16598 16620 16622 16623 16627 16630 16631 16643 16647 16649 16651 16656 16660 16661 16670 16677 16680 16690 16697 16699 16702 16706 16710 16713 16721 16741 16743 16762 16771 16776 16779 16787 16788 16791 16792 16794 16796 16800 16805 16814 16817 16824 16826 16828 16829 16831 16832 16850 16851 16858 16861 16868 16870 16872 16877 16878 16880 16882 16886 16889 16891 16893 16894 16915 16948 16972 16975 16992 16997 17002 17007 17021  
 
[2025-11-21 01:41:26,823][WARNING][/build/python-steps-BSmkRk/python-steps-5.0.4/src/steps/mpi/tetopsplit/tetopsplit.cpp:5826][virtual void steps::mpi::tetopsplit::TetOpSplitP::getBatchTriSpecCountsNP(const steps::index_t*, size_t, const std::string&, double*, size_t) const]: The following triangles have not been assigned to a patch, fill in zeros at target positions:
 
[2025-11-21 01:41:26,823][WARNING][/build/python-steps-BSmkRk/python-steps-5.0.4/src/steps/mpi/tetopsplit/tetopsplit.cpp:5829][virtual void steps::mpi::tetopsplit::TetOpSplitP::getBatchTriSpecCountsNP(const steps::index_t*, size_t, const std::string&, double*, size_t) const]: 12680 12697 12791 12925 12961 13002 13035 13038 13053 13063 13079 13122 13132 13140 13142 13244 13256 13261 13268 13364 13396 13401 13410 13413 13476 13481 13504 13547 13605 13684 13700 13726 13766 13788 13811 13838 13849 13891 13913 13980 13982 13993 14023 14025 14035 14038 14049 14064 14072 14106 14122 14142 14145 14200 14280 14282 14310 14313 14345 14364 14373 14376 14432 14454 14456 14473 14516 14524 14566 14580 14612 14615 14621 14643 14651 14660 14670 14702 14707 14717 14744 14748 14750 14752 14769 14777 14788 14797 14817 14818 14840 14857 14865 14869 14873 14875 14901 14936 14949 14968 14987 14997 14999 15027 15030 15055 15060 15072 15096 15109 15113 15120 15135 15153 15162 15164 15181 15182 15189 15193 15195 15210 15219 15226 15243 15246 15254 15258 15263 15284 15360 15371 15373 15377 15399 15418 15428 15436 15439 15442 15445 15452 15459 15473 15475 15493 15512 15524 15537 15542 15546 15569 15570 15577 15588 15611 15618 15624 15634 15647 15653 15657 15681 15690 15725 15739 15743 15750 15754 15761 15767 15774 15783 15804 15808 15821 15829 15844 15867 15873 15881 15886 15902 15905 15911 15917 15921 15923 15933 15938 15947 15972 15973 15975 15989 15994 15999 16001 16009 16011 16013 16016 16027 16028 16031 16039 16047 16058 16077 16081 16087 16094 16096 16097 16098 16099 16102 16115 16139 16147 16152 16155 16158 16172 16174 16176 16189 16192 16216 16220 16225 16226 16241 16253 16254 16256 16258 16264 16269 16296 16314 16321 16322 16331 16337 16347 16350 16352 16357 16362 16377 16386 16393 16397 16398 16403 16409 16419 16427 16429 16440 16444 16447 16450 16452 16462 16481 16505 16530 16535 16540 16544 16548 16556 16558 16562 16567 16576 16598 16620 16622 16623 16627 16630 16631 16643 16647 16649 16651 16656 16660 16661 16670 16677 16680 16690 16697 16699 16702 16706 16710 16713 16721 16741 16743 16762 16771 16776 16779 16787 16788 16791 16792 16794 16796 16800 16805 16814 16817 16824 16826 16828 16829 16831 16832 16850 16851 16858 16861 16868 16870 16872 16877 16878 16880 16882 16886 16889 16891 16893 16894 16915 16948 16972 16975 16992 16997 17002 17007 17021  
 
[2025-11-21 01:41:26,824][WARNING][/build/python-steps-BSmkRk/python-steps-5.0.4/src/steps/mpi/tetopsplit/tetopsplit.cpp:5826][virtual void steps::mpi::tetopsplit::TetOpSplitP::getBatchTriSpecCountsNP(const steps::index_t*, size_t, const std::string&, double*, size_t) const]: The following triangles have not been assigned to a patch, fill in zeros at target positions:
 
[2025-11-21 01:41:26,824][WARNING][/build/python-steps-BSmkRk/python-steps-5.0.4/src/steps/mpi/tetopsplit/tetopsplit.cpp:5829][virtual void steps::mpi::tetopsplit::TetOpSplitP::getBatchTriSpecCountsNP(const steps::index_t*, size_t, const std::string&, double*, size_t) const]: 12680 12697 12791 12925 12961 13002 13035 13038 13053 13063 13079 13122 13132 13140 13142 13244 13256 13261 13268 13364 13396 13401 13410 13413 13476 13481 13504 13547 13605 13684 13700 13726 13766 13788 13811 13838 13849 13891 13913 13980 13982 13993 14023 14025 14035 14038 14049 14064 14072 14106 14122 14142 14145 14200 14280 14282 14310 14313 14345 14364 14373 14376 14432 14454 14456 14473 14516 14524 14566 14580 14612 14615 14621 14643 14651 14660 14670 14702 14707 14717 14744 14748 14750 14752 14769 14777 14788 14797 14817 14818 14840 14857 14865 14869 14873 14875 14901 14936 14949 14968 14987 14997 14999 15027 15030 15055 15060 15072 15096 15109 15113 15120 15135 15153 15162 15164 15181 15182 15189 15193 15195 15210 15219 15226 15243 15246 15254 15258 15263 15284 15360 15371 15373 15377 15399 15418 15428 15436 15439 15442 15445 15452 15459 15473 15475 15493 15512 15524 15537 15542 15546 15569 15570 15577 15588 15611 15618 15624 15634 15647 15653 15657 15681 15690 15725 15739 15743 15750 15754 15761 15767 15774 15783 15804 15808 15821 15829 15844 15867 15873 15881 15886 15902 15905 15911 15917 15921 15923 15933 15938 15947 15972 15973 15975 15989 15994 15999 16001 16009 16011 16013 16016 16027 16028 16031 16039 16047 16058 16077 16081 16087 16094 16096 16097 16098 16099 16102 16115 16139 16147 16152 16155 16158 16172 16174 16176 16189 16192 16216 16220 16225 16226 16241 16253 16254 16256 16258 16264 16269 16296 16314 16321 16322 16331 16337 16347 16350 16352 16357 16362 16377 16386 16393 16397 16398 16403 16409 16419 16427 16429 16440 16444 16447 16450 16452 16462 16481 16505 16530 16535 16540 16544 16548 16556 16558 16562 16567 16576 16598 16620 16622 16623 16627 16630 16631 16643 16647 16649 16651 16656 16660 16661 16670 16677 16680 16690 16697 16699 16702 16706 16710 16713 16721 16741 16743 16762 16771 16776 16779 16787 16788 16791 16792 16794 16796 16800 16805 16814 16817 16824 16826 16828 16829 16831 16832 16850 16851 16858 16861 16868 16870 16872 16877 16878 16880 16882 16886 16889 16891 16893 16894 16915 16948 16972 16975 16992 16997 17002 17007 17021  
 
[2025-11-21 01:41:26,825][WARNING][/build/python-steps-BSmkRk/python-steps-5.0.4/src/steps/mpi/tetopsplit/tetopsplit.cpp:5826][virtual void steps::mpi::tetopsplit::TetOpSplitP::getBatchTriSpecCountsNP(const steps::index_t*, size_t, const std::string&, double*, size_t) const]: The following triangles have not been assigned to a patch, fill in zeros at target positions:
 
[2025-11-21 01:41:26,825][WARNING][/build/python-steps-BSmkRk/python-steps-5.0.4/src/steps/mpi/tetopsplit/tetopsplit.cpp:5829][virtual void steps::mpi::tetopsplit::TetOpSplitP::getBatchTriSpecCountsNP(const steps::index_t*, size_t, const std::string&, double*, size_t) const]: 12680 12697 12791 12925 12961 13002 13035 13038 13053 13063 13079 13122 13132 13140 13142 13244 13256 13261 13268 13364 13396 13401 13410 13413 13476 13481 13504 13547 13605 13684 13700 13726 13766 13788 13811 13838 13849 13891 13913 13980 13982 13993 14023 14025 14035 14038 14049 14064 14072 14106 14122 14142 14145 14200 14280 14282 14310 14313 14345 14364 14373 14376 14432 14454 14456 14473 14516 14524 14566 14580 14612 14615 14621 14643 14651 14660 14670 14702 14707 14717 14744 14748 14750 14752 14769 14777 14788 14797 14817 14818 14840 14857 14865 14869 14873 14875 14901 14936 14949 14968 14987 14997 14999 15027 15030 15055 15060 15072 15096 15109 15113 15120 15135 15153 15162 15164 15181 15182 15189 15193 15195 15210 15219 15226 15243 15246 15254 15258 15263 15284 15360 15371 15373 15377 15399 15418 15428 15436 15439 15442 15445 15452 15459 15473 15475 15493 15512 15524 15537 15542 15546 15569 15570 15577 15588 15611 15618 15624 15634 15647 15653 15657 15681 15690 15725 15739 15743 15750 15754 15761 15767 15774 15783 15804 15808 15821 15829 15844 15867 15873 15881 15886 15902 15905 15911 15917 15921 15923 15933 15938 15947 15972 15973 15975 15989 15994 15999 16001 16009 16011 16013 16016 16027 16028 16031 16039 16047 16058 16077 16081 16087 16094 16096 16097 16098 16099 16102 16115 16139 16147 16152 16155 16158 16172 16174 16176 16189 16192 16216 16220 16225 16226 16241 16253 16254 16256 16258 16264 16269 16296 16314 16321 16322 16331 16337 16347 16350 16352 16357 16362 16377 16386 16393 16397 16398 16403 16409 16419 16427 16429 16440 16444 16447 16450 16452 16462 16481 16505 16530 16535 16540 16544 16548 16556 16558 16562 16567 16576 16598 16620 16622 16623 16627 16630 16631 16643 16647 16649 16651 16656 16660 16661 16670 16677 16680 16690 16697 16699 16702 16706 16710 16713 16721 16741 16743 16762 16771 16776 16779 16787 16788 16791 16792 16794 16796 16800 16805 16814 16817 16824 16826 16828 16829 16831 16832 16850 16851 16858 16861 16868 16870 16872 16877 16878 16880 16882 16886 16889 16891 16893 16894 16915 16948 16972 16975 16992 16997 17002 17007 17021  
 
[2025-11-21 01:41:29,265][WARNING][/build/python-steps-BSmkRk/python-steps-5.0.4/src/steps/mpi/tetopsplit/tetopsplit.cpp:5826][virtual void steps::mpi::tetopsplit::TetOpSplitP::getBatchTriSpecCountsNP(const steps::index_t*, size_t, const std::string&, double*, size_t) const]: The following triangles have not been assigned to a patch, fill in zeros at target positions:
 
[2025-11-21 01:41:29,266][WARNING][/build/python-steps-BSmkRk/python-steps-5.0.4/src/steps/mpi/tetopsplit/tetopsplit.cpp:5829][virtual void steps::mpi::tetopsplit::TetOpSplitP::getBatchTriSpecCountsNP(const steps::index_t*, size_t, const std::string&, double*, size_t) const]: 12680 12697 12791 12925 12961 13002 13035 13038 13053 13063 13079 13122 13132 13140 13142 13244 13256 13261 13268 13364 13396 13401 13410 13413 13476 13481 13504 13547 13605 13684 13700 13726 13766 13788 13811 13838 13849 13891 13913 13980 13982 13993 14023 14025 14035 14038 14049 14064 14072 14106 14122 14142 14145 14200 14280 14282 14310 14313 14345 14364 14373 14376 14432 14454 14456 14473 14516 14524 14566 14580 14612 14615 14621 14643 14651 14660 14670 14702 14707 14717 14744 14748 14750 14752 14769 14777 14788 14797 14817 14818 14840 14857 14865 14869 14873 14875 14901 14936 14949 14968 14987 14997 14999 15027 15030 15055 15060 15072 15096 15109 15113 15120 15135 15153 15162 15164 15181 15182 15189 15193 15195 15210 15219 15226 15243 15246 15254 15258 15263 15284 15360 15371 15373 15377 15399 15418 15428 15436 15439 15442 15445 15452 15459 15473 15475 15493 15512 15524 15537 15542 15546 15569 15570 15577 15588 15611 15618 15624 15634 15647 15653 15657 15681 15690 15725 15739 15743 15750 15754 15761 15767 15774 15783 15804 15808 15821 15829 15844 15867 15873 15881 15886 15902 15905 15911 15917 15921 15923 15933 15938 15947 15972 15973 15975 15989 15994 15999 16001 16009 16011 16013 16016 16027 16028 16031 16039 16047 16058 16077 16081 16087 16094 16096 16097 16098 16099 16102 16115 16139 16147 16152 16155 16158 16172 16174 16176 16189 16192 16216 16220 16225 16226 16241 16253 16254 16256 16258 16264 16269 16296 16314 16321 16322 16331 16337 16347 16350 16352 16357 16362 16377 16386 16393 16397 16398 16403 16409 16419 16427 16429 16440 16444 16447 16450 16452 16462 16481 16505 16530 16535 16540 16544 16548 16556 16558 16562 16567 16576 16598 16620 16622 16623 16627 16630 16631 16643 16647 16649 16651 16656 16660 16661 16670 16677 16680 16690 16697 16699 16702 16706 16710 16713 16721 16741 16743 16762 16771 16776 16779 16787 16788 16791 16792 16794 16796 16800 16805 16814 16817 16824 16826 16828 16829 16831 16832 16850 16851 16858 16861 16868 16870 16872 16877 16878 16880 16882 16886 16889 16891 16893 16894 16915 16948 16972 16975 16992 16997 17002 17007 17021  
 
[2025-11-21 01:41:29,266][WARNING][/build/python-steps-BSmkRk/python-steps-5.0.4/src/steps/mpi/tetopsplit/tetopsplit.cpp:5826][virtual void steps::mpi::tetopsplit::TetOpSplitP::getBatchTriSpecCountsNP(const steps::index_t*, size_t, const std::string&, double*, size_t) const]: The following triangles have not been assigned to a patch, fill in zeros at target positions:
 
[2025-11-21 01:41:29,266][WARNING][/build/python-steps-BSmkRk/python-steps-5.0.4/src/steps/mpi/tetopsplit/tetopsplit.cpp:5829][virtual void steps::mpi::tetopsplit::TetOpSplitP::getBatchTriSpecCountsNP(const steps::index_t*, size_t, const std::string&, double*, size_t) const]: 12680 12697 12791 12925 12961 13002 13035 13038 13053 13063 13079 13122 13132 13140 13142 13244 13256 13261 13268 13364 13396 13401 13410 13413 13476 13481 13504 13547 13605 13684 13700 13726 13766 13788 13811 13838 13849 13891 13913 13980 13982 13993 14023 14025 14035 14038 14049 14064 14072 14106 14122 14142 14145 14200 14280 14282 14310 14313 14345 14364 14373 14376 14432 14454 14456 14473 14516 14524 14566 14580 14612 14615 14621 14643 14651 14660 14670 14702 14707 14717 14744 14748 14750 14752 14769 14777 14788 14797 14817 14818 14840 14857 14865 14869 14873 14875 14901 14936 14949 14968 14987 14997 14999 15027 15030 15055 15060 15072 15096 15109 15113 15120 15135 15153 15162 15164 15181 15182 15189 15193 15195 15210 15219 15226 15243 15246 15254 15258 15263 15284 15360 15371 15373 15377 15399 15418 15428 15436 15439 15442 15445 15452 15459 15473 15475 15493 15512 15524 15537 15542 15546 15569 15570 15577 15588 15611 15618 15624 15634 15647 15653 15657 15681 15690 15725 15739 15743 15750 15754 15761 15767 15774 15783 15804 15808 15821 15829 15844 15867 15873 15881 15886 15902 15905 15911 15917 15921 15923 15933 15938 15947 15972 15973 15975 15989 15994 15999 16001 16009 16011 16013 16016 16027 16028 16031 16039 16047 16058 16077 16081 16087 16094 16096 16097 16098 16099 16102 16115 16139 16147 16152 16155 16158 16172 16174 16176 16189 16192 16216 16220 16225 16226 16241 16253 16254 16256 16258 16264 16269 16296 16314 16321 16322 16331 16337 16347 16350 16352 16357 16362 16377 16386 16393 16397 16398 16403 16409 16419 16427 16429 16440 16444 16447 16450 16452 16462 16481 16505 16530 16535 16540 16544 16548 16556 16558 16562 16567 16576 16598 16620 16622 16623 16627 16630 16631 16643 16647 16649 16651 16656 16660 16661 16670 16677 16680 16690 16697 16699 16702 16706 16710 16713 16721 16741 16743 16762 16771 16776 16779 16787 16788 16791 16792 16794 16796 16800 16805 16814 16817 16824 16826 16828 16829 16831 16832 16850 16851 16858 16861 16868 16870 16872 16877 16878 16880 16882 16886 16889 16891 16893 16894 16915 16948 16972 16975 16992 16997 17002 17007 17021  
 
[2025-11-21 01:41:29,267][WARNING][/build/python-steps-BSmkRk/python-steps-5.0.4/src/steps/mpi/tetopsplit/tetopsplit.cpp:5826][virtual void steps::mpi::tetopsplit::TetOpSplitP::getBatchTriSpecCountsNP(const steps::index_t*, size_t, const std::string&, double*, size_t) const]: The following triangles have not been assigned to a patch, fill in zeros at target positions:
 
[2025-11-21 01:41:29,267][WARNING][/build/python-steps-BSmkRk/python-steps-5.0.4/src/steps/mpi/tetopsplit/tetopsplit.cpp:5829][virtual void steps::mpi::tetopsplit::TetOpSplitP::getBatchTriSpecCountsNP(const steps::index_t*, size_t, const std::string&, double*, size_t) const]: 12680 12697 12791 12925 12961 13002 13035 13038 13053 13063 13079 13122 13132 13140 13142 13244 13256 13261 13268 13364 13396 13401 13410 13413 13476 13481 13504 13547 13605 13684 13700 13726 13766 13788 13811 13838 13849 13891 13913 13980 13982 13993 14023 14025 14035 14038 14049 14064 14072 14106 14122 14142 14145 14200 14280 14282 14310 14313 14345 14364 14373 14376 14432 14454 14456 14473 14516 14524 14566 14580 14612 14615 14621 14643 14651 14660 14670 14702 14707 14717 14744 14748 14750 14752 14769 14777 14788 14797 14817 14818 14840 14857 14865 14869 14873 14875 14901 14936 14949 14968 14987 14997 14999 15027 15030 15055 15060 15072 15096 15109 15113 15120 15135 15153 15162 15164 15181 15182 15189 15193 15195 15210 15219 15226 15243 15246 15254 15258 15263 15284 15360 15371 15373 15377 15399 15418 15428 15436 15439 15442 15445 15452 15459 15473 15475 15493 15512 15524 15537 15542 15546 15569 15570 15577 15588 15611 15618 15624 15634 15647 15653 15657 15681 15690 15725 15739 15743 15750 15754 15761 15767 15774 15783 15804 15808 15821 15829 15844 15867 15873 15881 15886 15902 15905 15911 15917 15921 15923 15933 15938 15947 15972 15973 15975 15989 15994 15999 16001 16009 16011 16013 16016 16027 16028 16031 16039 16047 16058 16077 16081 16087 16094 16096 16097 16098 16099 16102 16115 16139 16147 16152 16155 16158 16172 16174 16176 16189 16192 16216 16220 16225 16226 16241 16253 16254 16256 16258 16264 16269 16296 16314 16321 16322 16331 16337 16347 16350 16352 16357 16362 16377 16386 16393 16397 16398 16403 16409 16419 16427 16429 16440 16444 16447 16450 16452 16462 16481 16505 16530 16535 16540 16544 16548 16556 16558 16562 16567 16576 16598 16620 16622 16623 16627 16630 16631 16643 16647 16649 16651 16656 16660 16661 16670 16677 16680 16690 16697 16699 16702 16706 16710 16713 16721 16741 16743 16762 16771 16776 16779 16787 16788 16791 16792 16794 16796 16800 16805 16814 16817 16824 16826 16828 16829 16831 16832 16850 16851 16858 16861 16868 16870 16872 16877 16878 16880 16882 16886 16889 16891 16893 16894 16915 16948 16972 16975 16992 16997 17002 17007 17021  
 
[2025-11-21 01:41:29,268][WARNING][/build/python-steps-BSmkRk/python-steps-5.0.4/src/steps/mpi/tetopsplit/tetopsplit.cpp:5826][virtual void steps::mpi::tetopsplit::TetOpSplitP::getBatchTriSpecCountsNP(const steps::index_t*, size_t, const std::string&, double*, size_t) const]: The following triangles have not been assigned to a patch, fill in zeros at target positions:
 
[2025-11-21 01:41:29,268][WARNING][/build/python-steps-BSmkRk/python-steps-5.0.4/src/steps/mpi/tetopsplit/tetopsplit.cpp:5829][virtual void steps::mpi::tetopsplit::TetOpSplitP::getBatchTriSpecCountsNP(const steps::index_t*, size_t, const std::string&, double*, size_t) const]: 12680 12697 12791 12925 12961 13002 13035 13038 13053 13063 13079 13122 13132 13140 13142 13244 13256 13261 13268 13364 13396 13401 13410 13413 13476 13481 13504 13547 13605 13684 13700 13726 13766 13788 13811 13838 13849 13891 13913 13980 13982 13993 14023 14025 14035 14038 14049 14064 14072 14106 14122 14142 14145 14200 14280 14282 14310 14313 14345 14364 14373 14376 14432 14454 14456 14473 14516 14524 14566 14580 14612 14615 14621 14643 14651 14660 14670 14702 14707 14717 14744 14748 14750 14752 14769 14777 14788 14797 14817 14818 14840 14857 14865 14869 14873 14875 14901 14936 14949 14968 14987 14997 14999 15027 15030 15055 15060 15072 15096 15109 15113 15120 15135 15153 15162 15164 15181 15182 15189 15193 15195 15210 15219 15226 15243 15246 15254 15258 15263 15284 15360 15371 15373 15377 15399 15418 15428 15436 15439 15442 15445 15452 15459 15473 15475 15493 15512 15524 15537 15542 15546 15569 15570 15577 15588 15611 15618 15624 15634 15647 15653 15657 15681 15690 15725 15739 15743 15750 15754 15761 15767 15774 15783 15804 15808 15821 15829 15844 15867 15873 15881 15886 15902 15905 15911 15917 15921 15923 15933 15938 15947 15972 15973 15975 15989 15994 15999 16001 16009 16011 16013 16016 16027 16028 16031 16039 16047 16058 16077 16081 16087 16094 16096 16097 16098 16099 16102 16115 16139 16147 16152 16155 16158 16172 16174 16176 16189 16192 16216 16220 16225 16226 16241 16253 16254 16256 16258 16264 16269 16296 16314 16321 16322 16331 16337 16347 16350 16352 16357 16362 16377 16386 16393 16397 16398 16403 16409 16419 16427 16429 16440 16444 16447 16450 16452 16462 16481 16505 16530 16535 16540 16544 16548 16556 16558 16562 16567 16576 16598 16620 16622 16623 16627 16630 16631 16643 16647 16649 16651 16656 16660 16661 16670 16677 16680 16690 16697 16699 16702 16706 16710 16713 16721 16741 16743 16762 16771 16776 16779 16787 16788 16791 16792 16794 16796 16800 16805 16814 16817 16824 16826 16828 16829 16831 16832 16850 16851 16858 16861 16868 16870 16872 16877 16878 16880 16882 16886 16889 16891 16893 16894 16915 16948 16972 16975 16992 16997 17002 17007 17021  
 
[2025-11-21 01:41:31,730][WARNING][/build/python-steps-BSmkRk/python-steps-5.0.4/src/steps/mpi/tetopsplit/tetopsplit.cpp:5826][virtual void steps::mpi::tetopsplit::TetOpSplitP::getBatchTriSpecCountsNP(const steps::index_t*, size_t, const std::string&, double*, size_t) const]: The following triangles have not been assigned to a patch, fill in zeros at target positions:
 
[2025-11-21 01:41:31,731][WARNING][/build/python-steps-BSmkRk/python-steps-5.0.4/src/steps/mpi/tetopsplit/tetopsplit.cpp:5829][virtual void steps::mpi::tetopsplit::TetOpSplitP::getBatchTriSpecCountsNP(const steps::index_t*, size_t, const std::string&, double*, size_t) const]: 12680 12697 12791 12925 12961 13002 13035 13038 13053 13063 13079 13122 13132 13140 13142 13244 13256 13261 13268 13364 13396 13401 13410 13413 13476 13481 13504 13547 13605 13684 13700 13726 13766 13788 13811 13838 13849 13891 13913 13980 13982 13993 14023 14025 14035 14038 14049 14064 14072 14106 14122 14142 14145 14200 14280 14282 14310 14313 14345 14364 14373 14376 14432 14454 14456 14473 14516 14524 14566 14580 14612 14615 14621 14643 14651 14660 14670 14702 14707 14717 14744 14748 14750 14752 14769 14777 14788 14797 14817 14818 14840 14857 14865 14869 14873 14875 14901 14936 14949 14968 14987 14997 14999 15027 15030 15055 15060 15072 15096 15109 15113 15120 15135 15153 15162 15164 15181 15182 15189 15193 15195 15210 15219 15226 15243 15246 15254 15258 15263 15284 15360 15371 15373 15377 15399 15418 15428 15436 15439 15442 15445 15452 15459 15473 15475 15493 15512 15524 15537 15542 15546 15569 15570 15577 15588 15611 15618 15624 15634 15647 15653 15657 15681 15690 15725 15739 15743 15750 15754 15761 15767 15774 15783 15804 15808 15821 15829 15844 15867 15873 15881 15886 15902 15905 15911 15917 15921 15923 15933 15938 15947 15972 15973 15975 15989 15994 15999 16001 16009 16011 16013 16016 16027 16028 16031 16039 16047 16058 16077 16081 16087 16094 16096 16097 16098 16099 16102 16115 16139 16147 16152 16155 16158 16172 16174 16176 16189 16192 16216 16220 16225 16226 16241 16253 16254 16256 16258 16264 16269 16296 16314 16321 16322 16331 16337 16347 16350 16352 16357 16362 16377 16386 16393 16397 16398 16403 16409 16419 16427 16429 16440 16444 16447 16450 16452 16462 16481 16505 16530 16535 16540 16544 16548 16556 16558 16562 16567 16576 16598 16620 16622 16623 16627 16630 16631 16643 16647 16649 16651 16656 16660 16661 16670 16677 16680 16690 16697 16699 16702 16706 16710 16713 16721 16741 16743 16762 16771 16776 16779 16787 16788 16791 16792 16794 16796 16800 16805 16814 16817 16824 16826 16828 16829 16831 16832 16850 16851 16858 16861 16868 16870 16872 16877 16878 16880 16882 16886 16889 16891 16893 16894 16915 16948 16972 16975 16992 16997 17002 17007 17021  
 
[2025-11-21 01:41:31,731][WARNING][/build/python-steps-BSmkRk/python-steps-5.0.4/src/steps/mpi/tetopsplit/tetopsplit.cpp:5826][virtual void steps::mpi::tetopsplit::TetOpSplitP::getBatchTriSpecCountsNP(const steps::index_t*, size_t, const std::string&, double*, size_t) const]: The following triangles have not been assigned to a patch, fill in zeros at target positions:
 
[2025-11-21 01:41:31,731][WARNING][/build/python-steps-BSmkRk/python-steps-5.0.4/src/steps/mpi/tetopsplit/tetopsplit.cpp:5829][virtual void steps::mpi::tetopsplit::TetOpSplitP::getBatchTriSpecCountsNP(const steps::index_t*, size_t, const std::string&, double*, size_t) const]: 12680 12697 12791 12925 12961 13002 13035 13038 13053 13063 13079 13122 13132 13140 13142 13244 13256 13261 13268 13364 13396 13401 13410 13413 13476 13481 13504 13547 13605 13684 13700 13726 13766 13788 13811 13838 13849 13891 13913 13980 13982 13993 14023 14025 14035 14038 14049 14064 14072 14106 14122 14142 14145 14200 14280 14282 14310 14313 14345 14364 14373 14376 14432 14454 14456 14473 14516 14524 14566 14580 14612 14615 14621 14643 14651 14660 14670 14702 14707 14717 14744 14748 14750 14752 14769 14777 14788 14797 14817 14818 14840 14857 14865 14869 14873 14875 14901 14936 14949 14968 14987 14997 14999 15027 15030 15055 15060 15072 15096 15109 15113 15120 15135 15153 15162 15164 15181 15182 15189 15193 15195 15210 15219 15226 15243 15246 15254 15258 15263 15284 15360 15371 15373 15377 15399 15418 15428 15436 15439 15442 15445 15452 15459 15473 15475 15493 15512 15524 15537 15542 15546 15569 15570 15577 15588 15611 15618 15624 15634 15647 15653 15657 15681 15690 15725 15739 15743 15750 15754 15761 15767 15774 15783 15804 15808 15821 15829 15844 15867 15873 15881 15886 15902 15905 15911 15917 15921 15923 15933 15938 15947 15972 15973 15975 15989 15994 15999 16001 16009 16011 16013 16016 16027 16028 16031 16039 16047 16058 16077 16081 16087 16094 16096 16097 16098 16099 16102 16115 16139 16147 16152 16155 16158 16172 16174 16176 16189 16192 16216 16220 16225 16226 16241 16253 16254 16256 16258 16264 16269 16296 16314 16321 16322 16331 16337 16347 16350 16352 16357 16362 16377 16386 16393 16397 16398 16403 16409 16419 16427 16429 16440 16444 16447 16450 16452 16462 16481 16505 16530 16535 16540 16544 16548 16556 16558 16562 16567 16576 16598 16620 16622 16623 16627 16630 16631 16643 16647 16649 16651 16656 16660 16661 16670 16677 16680 16690 16697 16699 16702 16706 16710 16713 16721 16741 16743 16762 16771 16776 16779 16787 16788 16791 16792 16794 16796 16800 16805 16814 16817 16824 16826 16828 16829 16831 16832 16850 16851 16858 16861 16868 16870 16872 16877 16878 16880 16882 16886 16889 16891 16893 16894 16915 16948 16972 16975 16992 16997 17002 17007 17021  
 
[2025-11-21 01:41:31,731][WARNING][/build/python-steps-BSmkRk/python-steps-5.0.4/src/steps/mpi/tetopsplit/tetopsplit.cpp:5826][virtual void steps::mpi::tetopsplit::TetOpSplitP::getBatchTriSpecCountsNP(const steps::index_t*, size_t, const std::string&, double*, size_t) const]: The following triangles have not been assigned to a patch, fill in zeros at target positions:
 
[2025-11-21 01:41:31,731][WARNING][/build/python-steps-BSmkRk/python-steps-5.0.4/src/steps/mpi/tetopsplit/tetopsplit.cpp:5829][virtual void steps::mpi::tetopsplit::TetOpSplitP::getBatchTriSpecCountsNP(const steps::index_t*, size_t, const std::string&, double*, size_t) const]: 12680 12697 12791 12925 12961 13002 13035 13038 13053 13063 13079 13122 13132 13140 13142 13244 13256 13261 13268 13364 13396 13401 13410 13413 13476 13481 13504 13547 13605 13684 13700 13726 13766 13788 13811 13838 13849 13891 13913 13980 13982 13993 14023 14025 14035 14038 14049 14064 14072 14106 14122 14142 14145 14200 14280 14282 14310 14313 14345 14364 14373 14376 14432 14454 14456 14473 14516 14524 14566 14580 14612 14615 14621 14643 14651 14660 14670 14702 14707 14717 14744 14748 14750 14752 14769 14777 14788 14797 14817 14818 14840 14857 14865 14869 14873 14875 14901 14936 14949 14968 14987 14997 14999 15027 15030 15055 15060 15072 15096 15109 15113 15120 15135 15153 15162 15164 15181 15182 15189 15193 15195 15210 15219 15226 15243 15246 15254 15258 15263 15284 15360 15371 15373 15377 15399 15418 15428 15436 15439 15442 15445 15452 15459 15473 15475 15493 15512 15524 15537 15542 15546 15569 15570 15577 15588 15611 15618 15624 15634 15647 15653 15657 15681 15690 15725 15739 15743 15750 15754 15761 15767 15774 15783 15804 15808 15821 15829 15844 15867 15873 15881 15886 15902 15905 15911 15917 15921 15923 15933 15938 15947 15972 15973 15975 15989 15994 15999 16001 16009 16011 16013 16016 16027 16028 16031 16039 16047 16058 16077 16081 16087 16094 16096 16097 16098 16099 16102 16115 16139 16147 16152 16155 16158 16172 16174 16176 16189 16192 16216 16220 16225 16226 16241 16253 16254 16256 16258 16264 16269 16296 16314 16321 16322 16331 16337 16347 16350 16352 16357 16362 16377 16386 16393 16397 16398 16403 16409 16419 16427 16429 16440 16444 16447 16450 16452 16462 16481 16505 16530 16535 16540 16544 16548 16556 16558 16562 16567 16576 16598 16620 16622 16623 16627 16630 16631 16643 16647 16649 16651 16656 16660 16661 16670 16677 16680 16690 16697 16699 16702 16706 16710 16713 16721 16741 16743 16762 16771 16776 16779 16787 16788 16791 16792 16794 16796 16800 16805 16814 16817 16824 16826 16828 16829 16831 16832 16850 16851 16858 16861 16868 16870 16872 16877 16878 16880 16882 16886 16889 16891 16893 16894 16915 16948 16972 16975 16992 16997 17002 17007 17021  
 
[2025-11-21 01:41:31,733][WARNING][/build/python-steps-BSmkRk/python-steps-5.0.4/src/steps/mpi/tetopsplit/tetopsplit.cpp:5826][virtual void steps::mpi::tetopsplit::TetOpSplitP::getBatchTriSpecCountsNP(const steps::index_t*, size_t, const std::string&, double*, size_t) const]: The following triangles have not been assigned to a patch, fill in zeros at target positions:
 
[2025-11-21 01:41:31,733][WARNING][/build/python-steps-BSmkRk/python-steps-5.0.4/src/steps/mpi/tetopsplit/tetopsplit.cpp:5829][virtual void steps::mpi::tetopsplit::TetOpSplitP::getBatchTriSpecCountsNP(const steps::index_t*, size_t, const std::string&, double*, size_t) const]: 12680 12697 12791 12925 12961 13002 13035 13038 13053 13063 13079 13122 13132 13140 13142 13244 13256 13261 13268 13364 13396 13401 13410 13413 13476 13481 13504 13547 13605 13684 13700 13726 13766 13788 13811 13838 13849 13891 13913 13980 13982 13993 14023 14025 14035 14038 14049 14064 14072 14106 14122 14142 14145 14200 14280 14282 14310 14313 14345 14364 14373 14376 14432 14454 14456 14473 14516 14524 14566 14580 14612 14615 14621 14643 14651 14660 14670 14702 14707 14717 14744 14748 14750 14752 14769 14777 14788 14797 14817 14818 14840 14857 14865 14869 14873 14875 14901 14936 14949 14968 14987 14997 14999 15027 15030 15055 15060 15072 15096 15109 15113 15120 15135 15153 15162 15164 15181 15182 15189 15193 15195 15210 15219 15226 15243 15246 15254 15258 15263 15284 15360 15371 15373 15377 15399 15418 15428 15436 15439 15442 15445 15452 15459 15473 15475 15493 15512 15524 15537 15542 15546 15569 15570 15577 15588 15611 15618 15624 15634 15647 15653 15657 15681 15690 15725 15739 15743 15750 15754 15761 15767 15774 15783 15804 15808 15821 15829 15844 15867 15873 15881 15886 15902 15905 15911 15917 15921 15923 15933 15938 15947 15972 15973 15975 15989 15994 15999 16001 16009 16011 16013 16016 16027 16028 16031 16039 16047 16058 16077 16081 16087 16094 16096 16097 16098 16099 16102 16115 16139 16147 16152 16155 16158 16172 16174 16176 16189 16192 16216 16220 16225 16226 16241 16253 16254 16256 16258 16264 16269 16296 16314 16321 16322 16331 16337 16347 16350 16352 16357 16362 16377 16386 16393 16397 16398 16403 16409 16419 16427 16429 16440 16444 16447 16450 16452 16462 16481 16505 16530 16535 16540 16544 16548 16556 16558 16562 16567 16576 16598 16620 16622 16623 16627 16630 16631 16643 16647 16649 16651 16656 16660 16661 16670 16677 16680 16690 16697 16699 16702 16706 16710 16713 16721 16741 16743 16762 16771 16776 16779 16787 16788 16791 16792 16794 16796 16800 16805 16814 16817 16824 16826 16828 16829 16831 16832 16850 16851 16858 16861 16868 16870 16872 16877 16878 16880 16882 16886 16889 16891 16893 16894 16915 16948 16972 16975 16992 16997 17002 17007 17021  
 
[2025-11-21 01:41:34,217][WARNING][/build/python-steps-BSmkRk/python-steps-5.0.4/src/steps/mpi/tetopsplit/tetopsplit.cpp:5826][virtual void steps::mpi::tetopsplit::TetOpSplitP::getBatchTriSpecCountsNP(const steps::index_t*, size_t, const std::string&, double*, size_t) const]: The following triangles have not been assigned to a patch, fill in zeros at target positions:
 
[2025-11-21 01:41:34,217][WARNING][/build/python-steps-BSmkRk/python-steps-5.0.4/src/steps/mpi/tetopsplit/tetopsplit.cpp:5829][virtual void steps::mpi::tetopsplit::TetOpSplitP::getBatchTriSpecCountsNP(const steps::index_t*, size_t, const std::string&, double*, size_t) const]: 12680 12697 12791 12925 12961 13002 13035 13038 13053 13063 13079 13122 13132 13140 13142 13244 13256 13261 13268 13364 13396 13401 13410 13413 13476 13481 13504 13547 13605 13684 13700 13726 13766 13788 13811 13838 13849 13891 13913 13980 13982 13993 14023 14025 14035 14038 14049 14064 14072 14106 14122 14142 14145 14200 14280 14282 14310 14313 14345 14364 14373 14376 14432 14454 14456 14473 14516 14524 14566 14580 14612 14615 14621 14643 14651 14660 14670 14702 14707 14717 14744 14748 14750 14752 14769 14777 14788 14797 14817 14818 14840 14857 14865 14869 14873 14875 14901 14936 14949 14968 14987 14997 14999 15027 15030 15055 15060 15072 15096 15109 15113 15120 15135 15153 15162 15164 15181 15182 15189 15193 15195 15210 15219 15226 15243 15246 15254 15258 15263 15284 15360 15371 15373 15377 15399 15418 15428 15436 15439 15442 15445 15452 15459 15473 15475 15493 15512 15524 15537 15542 15546 15569 15570 15577 15588 15611 15618 15624 15634 15647 15653 15657 15681 15690 15725 15739 15743 15750 15754 15761 15767 15774 15783 15804 15808 15821 15829 15844 15867 15873 15881 15886 15902 15905 15911 15917 15921 15923 15933 15938 15947 15972 15973 15975 15989 15994 15999 16001 16009 16011 16013 16016 16027 16028 16031 16039 16047 16058 16077 16081 16087 16094 16096 16097 16098 16099 16102 16115 16139 16147 16152 16155 16158 16172 16174 16176 16189 16192 16216 16220 16225 16226 16241 16253 16254 16256 16258 16264 16269 16296 16314 16321 16322 16331 16337 16347 16350 16352 16357 16362 16377 16386 16393 16397 16398 16403 16409 16419 16427 16429 16440 16444 16447 16450 16452 16462 16481 16505 16530 16535 16540 16544 16548 16556 16558 16562 16567 16576 16598 16620 16622 16623 16627 16630 16631 16643 16647 16649 16651 16656 16660 16661 16670 16677 16680 16690 16697 16699 16702 16706 16710 16713 16721 16741 16743 16762 16771 16776 16779 16787 16788 16791 16792 16794 16796 16800 16805 16814 16817 16824 16826 16828 16829 16831 16832 16850 16851 16858 16861 16868 16870 16872 16877 16878 16880 16882 16886 16889 16891 16893 16894 16915 16948 16972 16975 16992 16997 17002 17007 17021  
 
[2025-11-21 01:41:34,218][WARNING][/build/python-steps-BSmkRk/python-steps-5.0.4/src/steps/mpi/tetopsplit/tetopsplit.cpp:5826][virtual void steps::mpi::tetopsplit::TetOpSplitP::getBatchTriSpecCountsNP(const steps::index_t*, size_t, const std::string&, double*, size_t) const]: The following triangles have not been assigned to a patch, fill in zeros at target positions:
 
[2025-11-21 01:41:34,218][WARNING][/build/python-steps-BSmkRk/python-steps-5.0.4/src/steps/mpi/tetopsplit/tetopsplit.cpp:5829][virtual void steps::mpi::tetopsplit::TetOpSplitP::getBatchTriSpecCountsNP(const steps::index_t*, size_t, const std::string&, double*, size_t) const]: 12680 12697 12791 12925 12961 13002 13035 13038 13053 13063 13079 13122 13132 13140 13142 13244 13256 13261 13268 13364 13396 13401 13410 13413 13476 13481 13504 13547 13605 13684 13700 13726 13766 13788 13811 13838 13849 13891 13913 13980 13982 13993 14023 14025 14035 14038 14049 14064 14072 14106 14122 14142 14145 14200 14280 14282 14310 14313 14345 14364 14373 14376 14432 14454 14456 14473 14516 14524 14566 14580 14612 14615 14621 14643 14651 14660 14670 14702 14707 14717 14744 14748 14750 14752 14769 14777 14788 14797 14817 14818 14840 14857 14865 14869 14873 14875 14901 14936 14949 14968 14987 14997 14999 15027 15030 15055 15060 15072 15096 15109 15113 15120 15135 15153 15162 15164 15181 15182 15189 15193 15195 15210 15219 15226 15243 15246 15254 15258 15263 15284 15360 15371 15373 15377 15399 15418 15428 15436 15439 15442 15445 15452 15459 15473 15475 15493 15512 15524 15537 15542 15546 15569 15570 15577 15588 15611 15618 15624 15634 15647 15653 15657 15681 15690 15725 15739 15743 15750 15754 15761 15767 15774 15783 15804 15808 15821 15829 15844 15867 15873 15881 15886 15902 15905 15911 15917 15921 15923 15933 15938 15947 15972 15973 15975 15989 15994 15999 16001 16009 16011 16013 16016 16027 16028 16031 16039 16047 16058 16077 16081 16087 16094 16096 16097 16098 16099 16102 16115 16139 16147 16152 16155 16158 16172 16174 16176 16189 16192 16216 16220 16225 16226 16241 16253 16254 16256 16258 16264 16269 16296 16314 16321 16322 16331 16337 16347 16350 16352 16357 16362 16377 16386 16393 16397 16398 16403 16409 16419 16427 16429 16440 16444 16447 16450 16452 16462 16481 16505 16530 16535 16540 16544 16548 16556 16558 16562 16567 16576 16598 16620 16622 16623 16627 16630 16631 16643 16647 16649 16651 16656 16660 16661 16670 16677 16680 16690 16697 16699 16702 16706 16710 16713 16721 16741 16743 16762 16771 16776 16779 16787 16788 16791 16792 16794 16796 16800 16805 16814 16817 16824 16826 16828 16829 16831 16832 16850 16851 16858 16861 16868 16870 16872 16877 16878 16880 16882 16886 16889 16891 16893 16894 16915 16948 16972 16975 16992 16997 17002 17007 17021  
 
[2025-11-21 01:41:34,218][WARNING][/build/python-steps-BSmkRk/python-steps-5.0.4/src/steps/mpi/tetopsplit/tetopsplit.cpp:5826][virtual void steps::mpi::tetopsplit::TetOpSplitP::getBatchTriSpecCountsNP(const steps::index_t*, size_t, const std::string&, double*, size_t) const]: The following triangles have not been assigned to a patch, fill in zeros at target positions:
 
[2025-11-21 01:41:34,219][WARNING][/build/python-steps-BSmkRk/python-steps-5.0.4/src/steps/mpi/tetopsplit/tetopsplit.cpp:5829][virtual void steps::mpi::tetopsplit::TetOpSplitP::getBatchTriSpecCountsNP(const steps::index_t*, size_t, const std::string&, double*, size_t) const]: 12680 12697 12791 12925 12961 13002 13035 13038 13053 13063 13079 13122 13132 13140 13142 13244 13256 13261 13268 13364 13396 13401 13410 13413 13476 13481 13504 13547 13605 13684 13700 13726 13766 13788 13811 13838 13849 13891 13913 13980 13982 13993 14023 14025 14035 14038 14049 14064 14072 14106 14122 14142 14145 14200 14280 14282 14310 14313 14345 14364 14373 14376 14432 14454 14456 14473 14516 14524 14566 14580 14612 14615 14621 14643 14651 14660 14670 14702 14707 14717 14744 14748 14750 14752 14769 14777 14788 14797 14817 14818 14840 14857 14865 14869 14873 14875 14901 14936 14949 14968 14987 14997 14999 15027 15030 15055 15060 15072 15096 15109 15113 15120 15135 15153 15162 15164 15181 15182 15189 15193 15195 15210 15219 15226 15243 15246 15254 15258 15263 15284 15360 15371 15373 15377 15399 15418 15428 15436 15439 15442 15445 15452 15459 15473 15475 15493 15512 15524 15537 15542 15546 15569 15570 15577 15588 15611 15618 15624 15634 15647 15653 15657 15681 15690 15725 15739 15743 15750 15754 15761 15767 15774 15783 15804 15808 15821 15829 15844 15867 15873 15881 15886 15902 15905 15911 15917 15921 15923 15933 15938 15947 15972 15973 15975 15989 15994 15999 16001 16009 16011 16013 16016 16027 16028 16031 16039 16047 16058 16077 16081 16087 16094 16096 16097 16098 16099 16102 16115 16139 16147 16152 16155 16158 16172 16174 16176 16189 16192 16216 16220 16225 16226 16241 16253 16254 16256 16258 16264 16269 16296 16314 16321 16322 16331 16337 16347 16350 16352 16357 16362 16377 16386 16393 16397 16398 16403 16409 16419 16427 16429 16440 16444 16447 16450 16452 16462 16481 16505 16530 16535 16540 16544 16548 16556 16558 16562 16567 16576 16598 16620 16622 16623 16627 16630 16631 16643 16647 16649 16651 16656 16660 16661 16670 16677 16680 16690 16697 16699 16702 16706 16710 16713 16721 16741 16743 16762 16771 16776 16779 16787 16788 16791 16792 16794 16796 16800 16805 16814 16817 16824 16826 16828 16829 16831 16832 16850 16851 16858 16861 16868 16870 16872 16877 16878 16880 16882 16886 16889 16891 16893 16894 16915 16948 16972 16975 16992 16997 17002 17007 17021  
 
[2025-11-21 01:41:34,220][WARNING][/build/python-steps-BSmkRk/python-steps-5.0.4/src/steps/mpi/tetopsplit/tetopsplit.cpp:5826][virtual void steps::mpi::tetopsplit::TetOpSplitP::getBatchTriSpecCountsNP(const steps::index_t*, size_t, const std::string&, double*, size_t) const]: The following triangles have not been assigned to a patch, fill in zeros at target positions:
 
[2025-11-21 01:41:34,220][WARNING][/build/python-steps-BSmkRk/python-steps-5.0.4/src/steps/mpi/tetopsplit/tetopsplit.cpp:5829][virtual void steps::mpi::tetopsplit::TetOpSplitP::getBatchTriSpecCountsNP(const steps::index_t*, size_t, const std::string&, double*, size_t) const]: 12680 12697 12791 12925 12961 13002 13035 13038 13053 13063 13079 13122 13132 13140 13142 13244 13256 13261 13268 13364 13396 13401 13410 13413 13476 13481 13504 13547 13605 13684 13700 13726 13766 13788 13811 13838 13849 13891 13913 13980 13982 13993 14023 14025 14035 14038 14049 14064 14072 14106 14122 14142 14145 14200 14280 14282 14310 14313 14345 14364 14373 14376 14432 14454 14456 14473 14516 14524 14566 14580 14612 14615 14621 14643 14651 14660 14670 14702 14707 14717 14744 14748 14750 14752 14769 14777 14788 14797 14817 14818 14840 14857 14865 14869 14873 14875 14901 14936 14949 14968 14987 14997 14999 15027 15030 15055 15060 15072 15096 15109 15113 15120 15135 15153 15162 15164 15181 15182 15189 15193 15195 15210 15219 15226 15243 15246 15254 15258 15263 15284 15360 15371 15373 15377 15399 15418 15428 15436 15439 15442 15445 15452 15459 15473 15475 15493 15512 15524 15537 15542 15546 15569 15570 15577 15588 15611 15618 15624 15634 15647 15653 15657 15681 15690 15725 15739 15743 15750 15754 15761 15767 15774 15783 15804 15808 15821 15829 15844 15867 15873 15881 15886 15902 15905 15911 15917 15921 15923 15933 15938 15947 15972 15973 15975 15989 15994 15999 16001 16009 16011 16013 16016 16027 16028 16031 16039 16047 16058 16077 16081 16087 16094 16096 16097 16098 16099 16102 16115 16139 16147 16152 16155 16158 16172 16174 16176 16189 16192 16216 16220 16225 16226 16241 16253 16254 16256 16258 16264 16269 16296 16314 16321 16322 16331 16337 16347 16350 16352 16357 16362 16377 16386 16393 16397 16398 16403 16409 16419 16427 16429 16440 16444 16447 16450 16452 16462 16481 16505 16530 16535 16540 16544 16548 16556 16558 16562 16567 16576 16598 16620 16622 16623 16627 16630 16631 16643 16647 16649 16651 16656 16660 16661 16670 16677 16680 16690 16697 16699 16702 16706 16710 16713 16721 16741 16743 16762 16771 16776 16779 16787 16788 16791 16792 16794 16796 16800 16805 16814 16817 16824 16826 16828 16829 16831 16832 16850 16851 16858 16861 16868 16870 16872 16877 16878 16880 16882 16886 16889 16891 16893 16894 16915 16948 16972 16975 16992 16997 17002 17007 17021  
 
[2025-11-21 01:41:36,732][WARNING][/build/python-steps-BSmkRk/python-steps-5.0.4/src/steps/mpi/tetopsplit/tetopsplit.cpp:5826][virtual void steps::mpi::tetopsplit::TetOpSplitP::getBatchTriSpecCountsNP(const steps::index_t*, size_t, const std::string&, double*, size_t) const]: The following triangles have not been assigned to a patch, fill in zeros at target positions:
 
[2025-11-21 01:41:36,732][WARNING][/build/python-steps-BSmkRk/python-steps-5.0.4/src/steps/mpi/tetopsplit/tetopsplit.cpp:5829][virtual void steps::mpi::tetopsplit::TetOpSplitP::getBatchTriSpecCountsNP(const steps::index_t*, size_t, const std::string&, double*, size_t) const]: 12680 12697 12791 12925 12961 13002 13035 13038 13053 13063 13079 13122 13132 13140 13142 13244 13256 13261 13268 13364 13396 13401 13410 13413 13476 13481 13504 13547 13605 13684 13700 13726 13766 13788 13811 13838 13849 13891 13913 13980 13982 13993 14023 14025 14035 14038 14049 14064 14072 14106 14122 14142 14145 14200 14280 14282 14310 14313 14345 14364 14373 14376 14432 14454 14456 14473 14516 14524 14566 14580 14612 14615 14621 14643 14651 14660 14670 14702 14707 14717 14744 14748 14750 14752 14769 14777 14788 14797 14817 14818 14840 14857 14865 14869 14873 14875 14901 14936 14949 14968 14987 14997 14999 15027 15030 15055 15060 15072 15096 15109 15113 15120 15135 15153 15162 15164 15181 15182 15189 15193 15195 15210 15219 15226 15243 15246 15254 15258 15263 15284 15360 15371 15373 15377 15399 15418 15428 15436 15439 15442 15445 15452 15459 15473 15475 15493 15512 15524 15537 15542 15546 15569 15570 15577 15588 15611 15618 15624 15634 15647 15653 15657 15681 15690 15725 15739 15743 15750 15754 15761 15767 15774 15783 15804 15808 15821 15829 15844 15867 15873 15881 15886 15902 15905 15911 15917 15921 15923 15933 15938 15947 15972 15973 15975 15989 15994 15999 16001 16009 16011 16013 16016 16027 16028 16031 16039 16047 16058 16077 16081 16087 16094 16096 16097 16098 16099 16102 16115 16139 16147 16152 16155 16158 16172 16174 16176 16189 16192 16216 16220 16225 16226 16241 16253 16254 16256 16258 16264 16269 16296 16314 16321 16322 16331 16337 16347 16350 16352 16357 16362 16377 16386 16393 16397 16398 16403 16409 16419 16427 16429 16440 16444 16447 16450 16452 16462 16481 16505 16530 16535 16540 16544 16548 16556 16558 16562 16567 16576 16598 16620 16622 16623 16627 16630 16631 16643 16647 16649 16651 16656 16660 16661 16670 16677 16680 16690 16697 16699 16702 16706 16710 16713 16721 16741 16743 16762 16771 16776 16779 16787 16788 16791 16792 16794 16796 16800 16805 16814 16817 16824 16826 16828 16829 16831 16832 16850 16851 16858 16861 16868 16870 16872 16877 16878 16880 16882 16886 16889 16891 16893 16894 16915 16948 16972 16975 16992 16997 17002 17007 17021  
 
[2025-11-21 01:41:36,733][WARNING][/build/python-steps-BSmkRk/python-steps-5.0.4/src/steps/mpi/tetopsplit/tetopsplit.cpp:5826][virtual void steps::mpi::tetopsplit::TetOpSplitP::getBatchTriSpecCountsNP(const steps::index_t*, size_t, const std::string&, double*, size_t) const]: The following triangles have not been assigned to a patch, fill in zeros at target positions:
 
[2025-11-21 01:41:36,733][WARNING][/build/python-steps-BSmkRk/python-steps-5.0.4/src/steps/mpi/tetopsplit/tetopsplit.cpp:5829][virtual void steps::mpi::tetopsplit::TetOpSplitP::getBatchTriSpecCountsNP(const steps::index_t*, size_t, const std::string&, double*, size_t) const]: 12680 12697 12791 12925 12961 13002 13035 13038 13053 13063 13079 13122 13132 13140 13142 13244 13256 13261 13268 13364 13396 13401 13410 13413 13476 13481 13504 13547 13605 13684 13700 13726 13766 13788 13811 13838 13849 13891 13913 13980 13982 13993 14023 14025 14035 14038 14049 14064 14072 14106 14122 14142 14145 14200 14280 14282 14310 14313 14345 14364 14373 14376 14432 14454 14456 14473 14516 14524 14566 14580 14612 14615 14621 14643 14651 14660 14670 14702 14707 14717 14744 14748 14750 14752 14769 14777 14788 14797 14817 14818 14840 14857 14865 14869 14873 14875 14901 14936 14949 14968 14987 14997 14999 15027 15030 15055 15060 15072 15096 15109 15113 15120 15135 15153 15162 15164 15181 15182 15189 15193 15195 15210 15219 15226 15243 15246 15254 15258 15263 15284 15360 15371 15373 15377 15399 15418 15428 15436 15439 15442 15445 15452 15459 15473 15475 15493 15512 15524 15537 15542 15546 15569 15570 15577 15588 15611 15618 15624 15634 15647 15653 15657 15681 15690 15725 15739 15743 15750 15754 15761 15767 15774 15783 15804 15808 15821 15829 15844 15867 15873 15881 15886 15902 15905 15911 15917 15921 15923 15933 15938 15947 15972 15973 15975 15989 15994 15999 16001 16009 16011 16013 16016 16027 16028 16031 16039 16047 16058 16077 16081 16087 16094 16096 16097 16098 16099 16102 16115 16139 16147 16152 16155 16158 16172 16174 16176 16189 16192 16216 16220 16225 16226 16241 16253 16254 16256 16258 16264 16269 16296 16314 16321 16322 16331 16337 16347 16350 16352 16357 16362 16377 16386 16393 16397 16398 16403 16409 16419 16427 16429 16440 16444 16447 16450 16452 16462 16481 16505 16530 16535 16540 16544 16548 16556 16558 16562 16567 16576 16598 16620 16622 16623 16627 16630 16631 16643 16647 16649 16651 16656 16660 16661 16670 16677 16680 16690 16697 16699 16702 16706 16710 16713 16721 16741 16743 16762 16771 16776 16779 16787 16788 16791 16792 16794 16796 16800 16805 16814 16817 16824 16826 16828 16829 16831 16832 16850 16851 16858 16861 16868 16870 16872 16877 16878 16880 16882 16886 16889 16891 16893 16894 16915 16948 16972 16975 16992 16997 17002 17007 17021  
 
[2025-11-21 01:41:36,733][WARNING][/build/python-steps-BSmkRk/python-steps-5.0.4/src/steps/mpi/tetopsplit/tetopsplit.cpp:5826][virtual void steps::mpi::tetopsplit::TetOpSplitP::getBatchTriSpecCountsNP(const steps::index_t*, size_t, const std::string&, double*, size_t) const]: The following triangles have not been assigned to a patch, fill in zeros at target positions:
 
[2025-11-21 01:41:36,733][WARNING][/build/python-steps-BSmkRk/python-steps-5.0.4/src/steps/mpi/tetopsplit/tetopsplit.cpp:5829][virtual void steps::mpi::tetopsplit::TetOpSplitP::getBatchTriSpecCountsNP(const steps::index_t*, size_t, const std::string&, double*, size_t) const]: 12680 12697 12791 12925 12961 13002 13035 13038 13053 13063 13079 13122 13132 13140 13142 13244 13256 13261 13268 13364 13396 13401 13410 13413 13476 13481 13504 13547 13605 13684 13700 13726 13766 13788 13811 13838 13849 13891 13913 13980 13982 13993 14023 14025 14035 14038 14049 14064 14072 14106 14122 14142 14145 14200 14280 14282 14310 14313 14345 14364 14373 14376 14432 14454 14456 14473 14516 14524 14566 14580 14612 14615 14621 14643 14651 14660 14670 14702 14707 14717 14744 14748 14750 14752 14769 14777 14788 14797 14817 14818 14840 14857 14865 14869 14873 14875 14901 14936 14949 14968 14987 14997 14999 15027 15030 15055 15060 15072 15096 15109 15113 15120 15135 15153 15162 15164 15181 15182 15189 15193 15195 15210 15219 15226 15243 15246 15254 15258 15263 15284 15360 15371 15373 15377 15399 15418 15428 15436 15439 15442 15445 15452 15459 15473 15475 15493 15512 15524 15537 15542 15546 15569 15570 15577 15588 15611 15618 15624 15634 15647 15653 15657 15681 15690 15725 15739 15743 15750 15754 15761 15767 15774 15783 15804 15808 15821 15829 15844 15867 15873 15881 15886 15902 15905 15911 15917 15921 15923 15933 15938 15947 15972 15973 15975 15989 15994 15999 16001 16009 16011 16013 16016 16027 16028 16031 16039 16047 16058 16077 16081 16087 16094 16096 16097 16098 16099 16102 16115 16139 16147 16152 16155 16158 16172 16174 16176 16189 16192 16216 16220 16225 16226 16241 16253 16254 16256 16258 16264 16269 16296 16314 16321 16322 16331 16337 16347 16350 16352 16357 16362 16377 16386 16393 16397 16398 16403 16409 16419 16427 16429 16440 16444 16447 16450 16452 16462 16481 16505 16530 16535 16540 16544 16548 16556 16558 16562 16567 16576 16598 16620 16622 16623 16627 16630 16631 16643 16647 16649 16651 16656 16660 16661 16670 16677 16680 16690 16697 16699 16702 16706 16710 16713 16721 16741 16743 16762 16771 16776 16779 16787 16788 16791 16792 16794 16796 16800 16805 16814 16817 16824 16826 16828 16829 16831 16832 16850 16851 16858 16861 16868 16870 16872 16877 16878 16880 16882 16886 16889 16891 16893 16894 16915 16948 16972 16975 16992 16997 17002 17007 17021  
 
[2025-11-21 01:41:36,734][WARNING][/build/python-steps-BSmkRk/python-steps-5.0.4/src/steps/mpi/tetopsplit/tetopsplit.cpp:5826][virtual void steps::mpi::tetopsplit::TetOpSplitP::getBatchTriSpecCountsNP(const steps::index_t*, size_t, const std::string&, double*, size_t) const]: The following triangles have not been assigned to a patch, fill in zeros at target positions:
 
[2025-11-21 01:41:36,734][WARNING][/build/python-steps-BSmkRk/python-steps-5.0.4/src/steps/mpi/tetopsplit/tetopsplit.cpp:5829][virtual void steps::mpi::tetopsplit::TetOpSplitP::getBatchTriSpecCountsNP(const steps::index_t*, size_t, const std::string&, double*, size_t) const]: 12680 12697 12791 12925 12961 13002 13035 13038 13053 13063 13079 13122 13132 13140 13142 13244 13256 13261 13268 13364 13396 13401 13410 13413 13476 13481 13504 13547 13605 13684 13700 13726 13766 13788 13811 13838 13849 13891 13913 13980 13982 13993 14023 14025 14035 14038 14049 14064 14072 14106 14122 14142 14145 14200 14280 14282 14310 14313 14345 14364 14373 14376 14432 14454 14456 14473 14516 14524 14566 14580 14612 14615 14621 14643 14651 14660 14670 14702 14707 14717 14744 14748 14750 14752 14769 14777 14788 14797 14817 14818 14840 14857 14865 14869 14873 14875 14901 14936 14949 14968 14987 14997 14999 15027 15030 15055 15060 15072 15096 15109 15113 15120 15135 15153 15162 15164 15181 15182 15189 15193 15195 15210 15219 15226 15243 15246 15254 15258 15263 15284 15360 15371 15373 15377 15399 15418 15428 15436 15439 15442 15445 15452 15459 15473 15475 15493 15512 15524 15537 15542 15546 15569 15570 15577 15588 15611 15618 15624 15634 15647 15653 15657 15681 15690 15725 15739 15743 15750 15754 15761 15767 15774 15783 15804 15808 15821 15829 15844 15867 15873 15881 15886 15902 15905 15911 15917 15921 15923 15933 15938 15947 15972 15973 15975 15989 15994 15999 16001 16009 16011 16013 16016 16027 16028 16031 16039 16047 16058 16077 16081 16087 16094 16096 16097 16098 16099 16102 16115 16139 16147 16152 16155 16158 16172 16174 16176 16189 16192 16216 16220 16225 16226 16241 16253 16254 16256 16258 16264 16269 16296 16314 16321 16322 16331 16337 16347 16350 16352 16357 16362 16377 16386 16393 16397 16398 16403 16409 16419 16427 16429 16440 16444 16447 16450 16452 16462 16481 16505 16530 16535 16540 16544 16548 16556 16558 16562 16567 16576 16598 16620 16622 16623 16627 16630 16631 16643 16647 16649 16651 16656 16660 16661 16670 16677 16680 16690 16697 16699 16702 16706 16710 16713 16721 16741 16743 16762 16771 16776 16779 16787 16788 16791 16792 16794 16796 16800 16805 16814 16817 16824 16826 16828 16829 16831 16832 16850 16851 16858 16861 16868 16870 16872 16877 16878 16880 16882 16886 16889 16891 16893 16894 16915 16948 16972 16975 16992 16997 17002 17007 17021  
 
[2025-11-21 01:41:39,268][WARNING][/build/python-steps-BSmkRk/python-steps-5.0.4/src/steps/mpi/tetopsplit/tetopsplit.cpp:5826][virtual void steps::mpi::tetopsplit::TetOpSplitP::getBatchTriSpecCountsNP(const steps::index_t*, size_t, const std::string&, double*, size_t) const]: The following triangles have not been assigned to a patch, fill in zeros at target positions:
 
[2025-11-21 01:41:39,268][WARNING][/build/python-steps-BSmkRk/python-steps-5.0.4/src/steps/mpi/tetopsplit/tetopsplit.cpp:5829][virtual void steps::mpi::tetopsplit::TetOpSplitP::getBatchTriSpecCountsNP(const steps::index_t*, size_t, const std::string&, double*, size_t) const]: 12680 12697 12791 12925 12961 13002 13035 13038 13053 13063 13079 13122 13132 13140 13142 13244 13256 13261 13268 13364 13396 13401 13410 13413 13476 13481 13504 13547 13605 13684 13700 13726 13766 13788 13811 13838 13849 13891 13913 13980 13982 13993 14023 14025 14035 14038 14049 14064 14072 14106 14122 14142 14145 14200 14280 14282 14310 14313 14345 14364 14373 14376 14432 14454 14456 14473 14516 14524 14566 14580 14612 14615 14621 14643 14651 14660 14670 14702 14707 14717 14744 14748 14750 14752 14769 14777 14788 14797 14817 14818 14840 14857 14865 14869 14873 14875 14901 14936 14949 14968 14987 14997 14999 15027 15030 15055 15060 15072 15096 15109 15113 15120 15135 15153 15162 15164 15181 15182 15189 15193 15195 15210 15219 15226 15243 15246 15254 15258 15263 15284 15360 15371 15373 15377 15399 15418 15428 15436 15439 15442 15445 15452 15459 15473 15475 15493 15512 15524 15537 15542 15546 15569 15570 15577 15588 15611 15618 15624 15634 15647 15653 15657 15681 15690 15725 15739 15743 15750 15754 15761 15767 15774 15783 15804 15808 15821 15829 15844 15867 15873 15881 15886 15902 15905 15911 15917 15921 15923 15933 15938 15947 15972 15973 15975 15989 15994 15999 16001 16009 16011 16013 16016 16027 16028 16031 16039 16047 16058 16077 16081 16087 16094 16096 16097 16098 16099 16102 16115 16139 16147 16152 16155 16158 16172 16174 16176 16189 16192 16216 16220 16225 16226 16241 16253 16254 16256 16258 16264 16269 16296 16314 16321 16322 16331 16337 16347 16350 16352 16357 16362 16377 16386 16393 16397 16398 16403 16409 16419 16427 16429 16440 16444 16447 16450 16452 16462 16481 16505 16530 16535 16540 16544 16548 16556 16558 16562 16567 16576 16598 16620 16622 16623 16627 16630 16631 16643 16647 16649 16651 16656 16660 16661 16670 16677 16680 16690 16697 16699 16702 16706 16710 16713 16721 16741 16743 16762 16771 16776 16779 16787 16788 16791 16792 16794 16796 16800 16805 16814 16817 16824 16826 16828 16829 16831 16832 16850 16851 16858 16861 16868 16870 16872 16877 16878 16880 16882 16886 16889 16891 16893 16894 16915 16948 16972 16975 16992 16997 17002 17007 17021  
 
[2025-11-21 01:41:39,268][WARNING][/build/python-steps-BSmkRk/python-steps-5.0.4/src/steps/mpi/tetopsplit/tetopsplit.cpp:5826][virtual void steps::mpi::tetopsplit::TetOpSplitP::getBatchTriSpecCountsNP(const steps::index_t*, size_t, const std::string&, double*, size_t) const]: The following triangles have not been assigned to a patch, fill in zeros at target positions:
 
[2025-11-21 01:41:39,268][WARNING][/build/python-steps-BSmkRk/python-steps-5.0.4/src/steps/mpi/tetopsplit/tetopsplit.cpp:5829][virtual void steps::mpi::tetopsplit::TetOpSplitP::getBatchTriSpecCountsNP(const steps::index_t*, size_t, const std::string&, double*, size_t) const]: 12680 12697 12791 12925 12961 13002 13035 13038 13053 13063 13079 13122 13132 13140 13142 13244 13256 13261 13268 13364 13396 13401 13410 13413 13476 13481 13504 13547 13605 13684 13700 13726 13766 13788 13811 13838 13849 13891 13913 13980 13982 13993 14023 14025 14035 14038 14049 14064 14072 14106 14122 14142 14145 14200 14280 14282 14310 14313 14345 14364 14373 14376 14432 14454 14456 14473 14516 14524 14566 14580 14612 14615 14621 14643 14651 14660 14670 14702 14707 14717 14744 14748 14750 14752 14769 14777 14788 14797 14817 14818 14840 14857 14865 14869 14873 14875 14901 14936 14949 14968 14987 14997 14999 15027 15030 15055 15060 15072 15096 15109 15113 15120 15135 15153 15162 15164 15181 15182 15189 15193 15195 15210 15219 15226 15243 15246 15254 15258 15263 15284 15360 15371 15373 15377 15399 15418 15428 15436 15439 15442 15445 15452 15459 15473 15475 15493 15512 15524 15537 15542 15546 15569 15570 15577 15588 15611 15618 15624 15634 15647 15653 15657 15681 15690 15725 15739 15743 15750 15754 15761 15767 15774 15783 15804 15808 15821 15829 15844 15867 15873 15881 15886 15902 15905 15911 15917 15921 15923 15933 15938 15947 15972 15973 15975 15989 15994 15999 16001 16009 16011 16013 16016 16027 16028 16031 16039 16047 16058 16077 16081 16087 16094 16096 16097 16098 16099 16102 16115 16139 16147 16152 16155 16158 16172 16174 16176 16189 16192 16216 16220 16225 16226 16241 16253 16254 16256 16258 16264 16269 16296 16314 16321 16322 16331 16337 16347 16350 16352 16357 16362 16377 16386 16393 16397 16398 16403 16409 16419 16427 16429 16440 16444 16447 16450 16452 16462 16481 16505 16530 16535 16540 16544 16548 16556 16558 16562 16567 16576 16598 16620 16622 16623 16627 16630 16631 16643 16647 16649 16651 16656 16660 16661 16670 16677 16680 16690 16697 16699 16702 16706 16710 16713 16721 16741 16743 16762 16771 16776 16779 16787 16788 16791 16792 16794 16796 16800 16805 16814 16817 16824 16826 16828 16829 16831 16832 16850 16851 16858 16861 16868 16870 16872 16877 16878 16880 16882 16886 16889 16891 16893 16894 16915 16948 16972 16975 16992 16997 17002 17007 17021  
 
[2025-11-21 01:41:39,269][WARNING][/build/python-steps-BSmkRk/python-steps-5.0.4/src/steps/mpi/tetopsplit/tetopsplit.cpp:5826][virtual void steps::mpi::tetopsplit::TetOpSplitP::getBatchTriSpecCountsNP(const steps::index_t*, size_t, const std::string&, double*, size_t) const]: The following triangles have not been assigned to a patch, fill in zeros at target positions:
 
[2025-11-21 01:41:39,269][WARNING][/build/python-steps-BSmkRk/python-steps-5.0.4/src/steps/mpi/tetopsplit/tetopsplit.cpp:5829][virtual void steps::mpi::tetopsplit::TetOpSplitP::getBatchTriSpecCountsNP(const steps::index_t*, size_t, const std::string&, double*, size_t) const]: 12680 12697 12791 12925 12961 13002 13035 13038 13053 13063 13079 13122 13132 13140 13142 13244 13256 13261 13268 13364 13396 13401 13410 13413 13476 13481 13504 13547 13605 13684 13700 13726 13766 13788 13811 13838 13849 13891 13913 13980 13982 13993 14023 14025 14035 14038 14049 14064 14072 14106 14122 14142 14145 14200 14280 14282 14310 14313 14345 14364 14373 14376 14432 14454 14456 14473 14516 14524 14566 14580 14612 14615 14621 14643 14651 14660 14670 14702 14707 14717 14744 14748 14750 14752 14769 14777 14788 14797 14817 14818 14840 14857 14865 14869 14873 14875 14901 14936 14949 14968 14987 14997 14999 15027 15030 15055 15060 15072 15096 15109 15113 15120 15135 15153 15162 15164 15181 15182 15189 15193 15195 15210 15219 15226 15243 15246 15254 15258 15263 15284 15360 15371 15373 15377 15399 15418 15428 15436 15439 15442 15445 15452 15459 15473 15475 15493 15512 15524 15537 15542 15546 15569 15570 15577 15588 15611 15618 15624 15634 15647 15653 15657 15681 15690 15725 15739 15743 15750 15754 15761 15767 15774 15783 15804 15808 15821 15829 15844 15867 15873 15881 15886 15902 15905 15911 15917 15921 15923 15933 15938 15947 15972 15973 15975 15989 15994 15999 16001 16009 16011 16013 16016 16027 16028 16031 16039 16047 16058 16077 16081 16087 16094 16096 16097 16098 16099 16102 16115 16139 16147 16152 16155 16158 16172 16174 16176 16189 16192 16216 16220 16225 16226 16241 16253 16254 16256 16258 16264 16269 16296 16314 16321 16322 16331 16337 16347 16350 16352 16357 16362 16377 16386 16393 16397 16398 16403 16409 16419 16427 16429 16440 16444 16447 16450 16452 16462 16481 16505 16530 16535 16540 16544 16548 16556 16558 16562 16567 16576 16598 16620 16622 16623 16627 16630 16631 16643 16647 16649 16651 16656 16660 16661 16670 16677 16680 16690 16697 16699 16702 16706 16710 16713 16721 16741 16743 16762 16771 16776 16779 16787 16788 16791 16792 16794 16796 16800 16805 16814 16817 16824 16826 16828 16829 16831 16832 16850 16851 16858 16861 16868 16870 16872 16877 16878 16880 16882 16886 16889 16891 16893 16894 16915 16948 16972 16975 16992 16997 17002 17007 17021  
 
[2025-11-21 01:41:39,269][WARNING][/build/python-steps-BSmkRk/python-steps-5.0.4/src/steps/mpi/tetopsplit/tetopsplit.cpp:5826][virtual void steps::mpi::tetopsplit::TetOpSplitP::getBatchTriSpecCountsNP(const steps::index_t*, size_t, const std::string&, double*, size_t) const]: The following triangles have not been assigned to a patch, fill in zeros at target positions:
 
[2025-11-21 01:41:39,269][WARNING][/build/python-steps-BSmkRk/python-steps-5.0.4/src/steps/mpi/tetopsplit/tetopsplit.cpp:5829][virtual void steps::mpi::tetopsplit::TetOpSplitP::getBatchTriSpecCountsNP(const steps::index_t*, size_t, const std::string&, double*, size_t) const]: 12680 12697 12791 12925 12961 13002 13035 13038 13053 13063 13079 13122 13132 13140 13142 13244 13256 13261 13268 13364 13396 13401 13410 13413 13476 13481 13504 13547 13605 13684 13700 13726 13766 13788 13811 13838 13849 13891 13913 13980 13982 13993 14023 14025 14035 14038 14049 14064 14072 14106 14122 14142 14145 14200 14280 14282 14310 14313 14345 14364 14373 14376 14432 14454 14456 14473 14516 14524 14566 14580 14612 14615 14621 14643 14651 14660 14670 14702 14707 14717 14744 14748 14750 14752 14769 14777 14788 14797 14817 14818 14840 14857 14865 14869 14873 14875 14901 14936 14949 14968 14987 14997 14999 15027 15030 15055 15060 15072 15096 15109 15113 15120 15135 15153 15162 15164 15181 15182 15189 15193 15195 15210 15219 15226 15243 15246 15254 15258 15263 15284 15360 15371 15373 15377 15399 15418 15428 15436 15439 15442 15445 15452 15459 15473 15475 15493 15512 15524 15537 15542 15546 15569 15570 15577 15588 15611 15618 15624 15634 15647 15653 15657 15681 15690 15725 15739 15743 15750 15754 15761 15767 15774 15783 15804 15808 15821 15829 15844 15867 15873 15881 15886 15902 15905 15911 15917 15921 15923 15933 15938 15947 15972 15973 15975 15989 15994 15999 16001 16009 16011 16013 16016 16027 16028 16031 16039 16047 16058 16077 16081 16087 16094 16096 16097 16098 16099 16102 16115 16139 16147 16152 16155 16158 16172 16174 16176 16189 16192 16216 16220 16225 16226 16241 16253 16254 16256 16258 16264 16269 16296 16314 16321 16322 16331 16337 16347 16350 16352 16357 16362 16377 16386 16393 16397 16398 16403 16409 16419 16427 16429 16440 16444 16447 16450 16452 16462 16481 16505 16530 16535 16540 16544 16548 16556 16558 16562 16567 16576 16598 16620 16622 16623 16627 16630 16631 16643 16647 16649 16651 16656 16660 16661 16670 16677 16680 16690 16697 16699 16702 16706 16710 16713 16721 16741 16743 16762 16771 16776 16779 16787 16788 16791 16792 16794 16796 16800 16805 16814 16817 16824 16826 16828 16829 16831 16832 16850 16851 16858 16861 16868 16870 16872 16877 16878 16880 16882 16886 16889 16891 16893 16894 16915 16948 16972 16975 16992 16997 17002 17007 17021  
 
[2025-11-21 01:41:41,822][WARNING][/build/python-steps-BSmkRk/python-steps-5.0.4/src/steps/mpi/tetopsplit/tetopsplit.cpp:5826][virtual void steps::mpi::tetopsplit::TetOpSplitP::getBatchTriSpecCountsNP(const steps::index_t*, size_t, const std::string&, double*, size_t) const]: The following triangles have not been assigned to a patch, fill in zeros at target positions:
 
[2025-11-21 01:41:41,822][WARNING][/build/python-steps-BSmkRk/python-steps-5.0.4/src/steps/mpi/tetopsplit/tetopsplit.cpp:5829][virtual void steps::mpi::tetopsplit::TetOpSplitP::getBatchTriSpecCountsNP(const steps::index_t*, size_t, const std::string&, double*, size_t) const]: 12680 12697 12791 12925 12961 13002 13035 13038 13053 13063 13079 13122 13132 13140 13142 13244 13256 13261 13268 13364 13396 13401 13410 13413 13476 13481 13504 13547 13605 13684 13700 13726 13766 13788 13811 13838 13849 13891 13913 13980 13982 13993 14023 14025 14035 14038 14049 14064 14072 14106 14122 14142 14145 14200 14280 14282 14310 14313 14345 14364 14373 14376 14432 14454 14456 14473 14516 14524 14566 14580 14612 14615 14621 14643 14651 14660 14670 14702 14707 14717 14744 14748 14750 14752 14769 14777 14788 14797 14817 14818 14840 14857 14865 14869 14873 14875 14901 14936 14949 14968 14987 14997 14999 15027 15030 15055 15060 15072 15096 15109 15113 15120 15135 15153 15162 15164 15181 15182 15189 15193 15195 15210 15219 15226 15243 15246 15254 15258 15263 15284 15360 15371 15373 15377 15399 15418 15428 15436 15439 15442 15445 15452 15459 15473 15475 15493 15512 15524 15537 15542 15546 15569 15570 15577 15588 15611 15618 15624 15634 15647 15653 15657 15681 15690 15725 15739 15743 15750 15754 15761 15767 15774 15783 15804 15808 15821 15829 15844 15867 15873 15881 15886 15902 15905 15911 15917 15921 15923 15933 15938 15947 15972 15973 15975 15989 15994 15999 16001 16009 16011 16013 16016 16027 16028 16031 16039 16047 16058 16077 16081 16087 16094 16096 16097 16098 16099 16102 16115 16139 16147 16152 16155 16158 16172 16174 16176 16189 16192 16216 16220 16225 16226 16241 16253 16254 16256 16258 16264 16269 16296 16314 16321 16322 16331 16337 16347 16350 16352 16357 16362 16377 16386 16393 16397 16398 16403 16409 16419 16427 16429 16440 16444 16447 16450 16452 16462 16481 16505 16530 16535 16540 16544 16548 16556 16558 16562 16567 16576 16598 16620 16622 16623 16627 16630 16631 16643 16647 16649 16651 16656 16660 16661 16670 16677 16680 16690 16697 16699 16702 16706 16710 16713 16721 16741 16743 16762 16771 16776 16779 16787 16788 16791 16792 16794 16796 16800 16805 16814 16817 16824 16826 16828 16829 16831 16832 16850 16851 16858 16861 16868 16870 16872 16877 16878 16880 16882 16886 16889 16891 16893 16894 16915 16948 16972 16975 16992 16997 17002 17007 17021  
 
[2025-11-21 01:41:41,823][WARNING][/build/python-steps-BSmkRk/python-steps-5.0.4/src/steps/mpi/tetopsplit/tetopsplit.cpp:5826][virtual void steps::mpi::tetopsplit::TetOpSplitP::getBatchTriSpecCountsNP(const steps::index_t*, size_t, const std::string&, double*, size_t) const]: The following triangles have not been assigned to a patch, fill in zeros at target positions:
 
[2025-11-21 01:41:41,823][WARNING][/build/python-steps-BSmkRk/python-steps-5.0.4/src/steps/mpi/tetopsplit/tetopsplit.cpp:5829][virtual void steps::mpi::tetopsplit::TetOpSplitP::getBatchTriSpecCountsNP(const steps::index_t*, size_t, const std::string&, double*, size_t) const]: 12680 12697 12791 12925 12961 13002 13035 13038 13053 13063 13079 13122 13132 13140 13142 13244 13256 13261 13268 13364 13396 13401 13410 13413 13476 13481 13504 13547 13605 13684 13700 13726 13766 13788 13811 13838 13849 13891 13913 13980 13982 13993 14023 14025 14035 14038 14049 14064 14072 14106 14122 14142 14145 14200 14280 14282 14310 14313 14345 14364 14373 14376 14432 14454 14456 14473 14516 14524 14566 14580 14612 14615 14621 14643 14651 14660 14670 14702 14707 14717 14744 14748 14750 14752 14769 14777 14788 14797 14817 14818 14840 14857 14865 14869 14873 14875 14901 14936 14949 14968 14987 14997 14999 15027 15030 15055 15060 15072 15096 15109 15113 15120 15135 15153 15162 15164 15181 15182 15189 15193 15195 15210 15219 15226 15243 15246 15254 15258 15263 15284 15360 15371 15373 15377 15399 15418 15428 15436 15439 15442 15445 15452 15459 15473 15475 15493 15512 15524 15537 15542 15546 15569 15570 15577 15588 15611 15618 15624 15634 15647 15653 15657 15681 15690 15725 15739 15743 15750 15754 15761 15767 15774 15783 15804 15808 15821 15829 15844 15867 15873 15881 15886 15902 15905 15911 15917 15921 15923 15933 15938 15947 15972 15973 15975 15989 15994 15999 16001 16009 16011 16013 16016 16027 16028 16031 16039 16047 16058 16077 16081 16087 16094 16096 16097 16098 16099 16102 16115 16139 16147 16152 16155 16158 16172 16174 16176 16189 16192 16216 16220 16225 16226 16241 16253 16254 16256 16258 16264 16269 16296 16314 16321 16322 16331 16337 16347 16350 16352 16357 16362 16377 16386 16393 16397 16398 16403 16409 16419 16427 16429 16440 16444 16447 16450 16452 16462 16481 16505 16530 16535 16540 16544 16548 16556 16558 16562 16567 16576 16598 16620 16622 16623 16627 16630 16631 16643 16647 16649 16651 16656 16660 16661 16670 16677 16680 16690 16697 16699 16702 16706 16710 16713 16721 16741 16743 16762 16771 16776 16779 16787 16788 16791 16792 16794 16796 16800 16805 16814 16817 16824 16826 16828 16829 16831 16832 16850 16851 16858 16861 16868 16870 16872 16877 16878 16880 16882 16886 16889 16891 16893 16894 16915 16948 16972 16975 16992 16997 17002 17007 17021  
 
[2025-11-21 01:41:41,824][WARNING][/build/python-steps-BSmkRk/python-steps-5.0.4/src/steps/mpi/tetopsplit/tetopsplit.cpp:5826][virtual void steps::mpi::tetopsplit::TetOpSplitP::getBatchTriSpecCountsNP(const steps::index_t*, size_t, const std::string&, double*, size_t) const]: The following triangles have not been assigned to a patch, fill in zeros at target positions:
 
[2025-11-21 01:41:41,824][WARNING][/build/python-steps-BSmkRk/python-steps-5.0.4/src/steps/mpi/tetopsplit/tetopsplit.cpp:5829][virtual void steps::mpi::tetopsplit::TetOpSplitP::getBatchTriSpecCountsNP(const steps::index_t*, size_t, const std::string&, double*, size_t) const]: 12680 12697 12791 12925 12961 13002 13035 13038 13053 13063 13079 13122 13132 13140 13142 13244 13256 13261 13268 13364 13396 13401 13410 13413 13476 13481 13504 13547 13605 13684 13700 13726 13766 13788 13811 13838 13849 13891 13913 13980 13982 13993 14023 14025 14035 14038 14049 14064 14072 14106 14122 14142 14145 14200 14280 14282 14310 14313 14345 14364 14373 14376 14432 14454 14456 14473 14516 14524 14566 14580 14612 14615 14621 14643 14651 14660 14670 14702 14707 14717 14744 14748 14750 14752 14769 14777 14788 14797 14817 14818 14840 14857 14865 14869 14873 14875 14901 14936 14949 14968 14987 14997 14999 15027 15030 15055 15060 15072 15096 15109 15113 15120 15135 15153 15162 15164 15181 15182 15189 15193 15195 15210 15219 15226 15243 15246 15254 15258 15263 15284 15360 15371 15373 15377 15399 15418 15428 15436 15439 15442 15445 15452 15459 15473 15475 15493 15512 15524 15537 15542 15546 15569 15570 15577 15588 15611 15618 15624 15634 15647 15653 15657 15681 15690 15725 15739 15743 15750 15754 15761 15767 15774 15783 15804 15808 15821 15829 15844 15867 15873 15881 15886 15902 15905 15911 15917 15921 15923 15933 15938 15947 15972 15973 15975 15989 15994 15999 16001 16009 16011 16013 16016 16027 16028 16031 16039 16047 16058 16077 16081 16087 16094 16096 16097 16098 16099 16102 16115 16139 16147 16152 16155 16158 16172 16174 16176 16189 16192 16216 16220 16225 16226 16241 16253 16254 16256 16258 16264 16269 16296 16314 16321 16322 16331 16337 16347 16350 16352 16357 16362 16377 16386 16393 16397 16398 16403 16409 16419 16427 16429 16440 16444 16447 16450 16452 16462 16481 16505 16530 16535 16540 16544 16548 16556 16558 16562 16567 16576 16598 16620 16622 16623 16627 16630 16631 16643 16647 16649 16651 16656 16660 16661 16670 16677 16680 16690 16697 16699 16702 16706 16710 16713 16721 16741 16743 16762 16771 16776 16779 16787 16788 16791 16792 16794 16796 16800 16805 16814 16817 16824 16826 16828 16829 16831 16832 16850 16851 16858 16861 16868 16870 16872 16877 16878 16880 16882 16886 16889 16891 16893 16894 16915 16948 16972 16975 16992 16997 17002 17007 17021  
 
[2025-11-21 01:41:41,825][WARNING][/build/python-steps-BSmkRk/python-steps-5.0.4/src/steps/mpi/tetopsplit/tetopsplit.cpp:5826][virtual void steps::mpi::tetopsplit::TetOpSplitP::getBatchTriSpecCountsNP(const steps::index_t*, size_t, const std::string&, double*, size_t) const]: The following triangles have not been assigned to a patch, fill in zeros at target positions:
 
[2025-11-21 01:41:41,825][WARNING][/build/python-steps-BSmkRk/python-steps-5.0.4/src/steps/mpi/tetopsplit/tetopsplit.cpp:5829][virtual void steps::mpi::tetopsplit::TetOpSplitP::getBatchTriSpecCountsNP(const steps::index_t*, size_t, const std::string&, double*, size_t) const]: 12680 12697 12791 12925 12961 13002 13035 13038 13053 13063 13079 13122 13132 13140 13142 13244 13256 13261 13268 13364 13396 13401 13410 13413 13476 13481 13504 13547 13605 13684 13700 13726 13766 13788 13811 13838 13849 13891 13913 13980 13982 13993 14023 14025 14035 14038 14049 14064 14072 14106 14122 14142 14145 14200 14280 14282 14310 14313 14345 14364 14373 14376 14432 14454 14456 14473 14516 14524 14566 14580 14612 14615 14621 14643 14651 14660 14670 14702 14707 14717 14744 14748 14750 14752 14769 14777 14788 14797 14817 14818 14840 14857 14865 14869 14873 14875 14901 14936 14949 14968 14987 14997 14999 15027 15030 15055 15060 15072 15096 15109 15113 15120 15135 15153 15162 15164 15181 15182 15189 15193 15195 15210 15219 15226 15243 15246 15254 15258 15263 15284 15360 15371 15373 15377 15399 15418 15428 15436 15439 15442 15445 15452 15459 15473 15475 15493 15512 15524 15537 15542 15546 15569 15570 15577 15588 15611 15618 15624 15634 15647 15653 15657 15681 15690 15725 15739 15743 15750 15754 15761 15767 15774 15783 15804 15808 15821 15829 15844 15867 15873 15881 15886 15902 15905 15911 15917 15921 15923 15933 15938 15947 15972 15973 15975 15989 15994 15999 16001 16009 16011 16013 16016 16027 16028 16031 16039 16047 16058 16077 16081 16087 16094 16096 16097 16098 16099 16102 16115 16139 16147 16152 16155 16158 16172 16174 16176 16189 16192 16216 16220 16225 16226 16241 16253 16254 16256 16258 16264 16269 16296 16314 16321 16322 16331 16337 16347 16350 16352 16357 16362 16377 16386 16393 16397 16398 16403 16409 16419 16427 16429 16440 16444 16447 16450 16452 16462 16481 16505 16530 16535 16540 16544 16548 16556 16558 16562 16567 16576 16598 16620 16622 16623 16627 16630 16631 16643 16647 16649 16651 16656 16660 16661 16670 16677 16680 16690 16697 16699 16702 16706 16710 16713 16721 16741 16743 16762 16771 16776 16779 16787 16788 16791 16792 16794 16796 16800 16805 16814 16817 16824 16826 16828 16829 16831 16832 16850 16851 16858 16861 16868 16870 16872 16877 16878 16880 16882 16886 16889 16891 16893 16894 16915 16948 16972 16975 16992 16997 17002 17007 17021  
 
[2025-11-21 01:41:44,398][WARNING][/build/python-steps-BSmkRk/python-steps-5.0.4/src/steps/mpi/tetopsplit/tetopsplit.cpp:5826][virtual void steps::mpi::tetopsplit::TetOpSplitP::getBatchTriSpecCountsNP(const steps::index_t*, size_t, const std::string&, double*, size_t) const]: The following triangles have not been assigned to a patch, fill in zeros at target positions:
 
[2025-11-21 01:41:44,398][WARNING][/build/python-steps-BSmkRk/python-steps-5.0.4/src/steps/mpi/tetopsplit/tetopsplit.cpp:5829][virtual void steps::mpi::tetopsplit::TetOpSplitP::getBatchTriSpecCountsNP(const steps::index_t*, size_t, const std::string&, double*, size_t) const]: 12680 12697 12791 12925 12961 13002 13035 13038 13053 13063 13079 13122 13132 13140 13142 13244 13256 13261 13268 13364 13396 13401 13410 13413 13476 13481 13504 13547 13605 13684 13700 13726 13766 13788 13811 13838 13849 13891 13913 13980 13982 13993 14023 14025 14035 14038 14049 14064 14072 14106 14122 14142 14145 14200 14280 14282 14310 14313 14345 14364 14373 14376 14432 14454 14456 14473 14516 14524 14566 14580 14612 14615 14621 14643 14651 14660 14670 14702 14707 14717 14744 14748 14750 14752 14769 14777 14788 14797 14817 14818 14840 14857 14865 14869 14873 14875 14901 14936 14949 14968 14987 14997 14999 15027 15030 15055 15060 15072 15096 15109 15113 15120 15135 15153 15162 15164 15181 15182 15189 15193 15195 15210 15219 15226 15243 15246 15254 15258 15263 15284 15360 15371 15373 15377 15399 15418 15428 15436 15439 15442 15445 15452 15459 15473 15475 15493 15512 15524 15537 15542 15546 15569 15570 15577 15588 15611 15618 15624 15634 15647 15653 15657 15681 15690 15725 15739 15743 15750 15754 15761 15767 15774 15783 15804 15808 15821 15829 15844 15867 15873 15881 15886 15902 15905 15911 15917 15921 15923 15933 15938 15947 15972 15973 15975 15989 15994 15999 16001 16009 16011 16013 16016 16027 16028 16031 16039 16047 16058 16077 16081 16087 16094 16096 16097 16098 16099 16102 16115 16139 16147 16152 16155 16158 16172 16174 16176 16189 16192 16216 16220 16225 16226 16241 16253 16254 16256 16258 16264 16269 16296 16314 16321 16322 16331 16337 16347 16350 16352 16357 16362 16377 16386 16393 16397 16398 16403 16409 16419 16427 16429 16440 16444 16447 16450 16452 16462 16481 16505 16530 16535 16540 16544 16548 16556 16558 16562 16567 16576 16598 16620 16622 16623 16627 16630 16631 16643 16647 16649 16651 16656 16660 16661 16670 16677 16680 16690 16697 16699 16702 16706 16710 16713 16721 16741 16743 16762 16771 16776 16779 16787 16788 16791 16792 16794 16796 16800 16805 16814 16817 16824 16826 16828 16829 16831 16832 16850 16851 16858 16861 16868 16870 16872 16877 16878 16880 16882 16886 16889 16891 16893 16894 16915 16948 16972 16975 16992 16997 17002 17007 17021  
 
[2025-11-21 01:41:44,398][WARNING][/build/python-steps-BSmkRk/python-steps-5.0.4/src/steps/mpi/tetopsplit/tetopsplit.cpp:5826][virtual void steps::mpi::tetopsplit::TetOpSplitP::getBatchTriSpecCountsNP(const steps::index_t*, size_t, const std::string&, double*, size_t) const]: The following triangles have not been assigned to a patch, fill in zeros at target positions:
 
[2025-11-21 01:41:44,398][WARNING][/build/python-steps-BSmkRk/python-steps-5.0.4/src/steps/mpi/tetopsplit/tetopsplit.cpp:5829][virtual void steps::mpi::tetopsplit::TetOpSplitP::getBatchTriSpecCountsNP(const steps::index_t*, size_t, const std::string&, double*, size_t) const]: 12680 12697 12791 12925 12961 13002 13035 13038 13053 13063 13079 13122 13132 13140 13142 13244 13256 13261 13268 13364 13396 13401 13410 13413 13476 13481 13504 13547 13605 13684 13700 13726 13766 13788 13811 13838 13849 13891 13913 13980 13982 13993 14023 14025 14035 14038 14049 14064 14072 14106 14122 14142 14145 14200 14280 14282 14310 14313 14345 14364 14373 14376 14432 14454 14456 14473 14516 14524 14566 14580 14612 14615 14621 14643 14651 14660 14670 14702 14707 14717 14744 14748 14750 14752 14769 14777 14788 14797 14817 14818 14840 14857 14865 14869 14873 14875 14901 14936 14949 14968 14987 14997 14999 15027 15030 15055 15060 15072 15096 15109 15113 15120 15135 15153 15162 15164 15181 15182 15189 15193 15195 15210 15219 15226 15243 15246 15254 15258 15263 15284 15360 15371 15373 15377 15399 15418 15428 15436 15439 15442 15445 15452 15459 15473 15475 15493 15512 15524 15537 15542 15546 15569 15570 15577 15588 15611 15618 15624 15634 15647 15653 15657 15681 15690 15725 15739 15743 15750 15754 15761 15767 15774 15783 15804 15808 15821 15829 15844 15867 15873 15881 15886 15902 15905 15911 15917 15921 15923 15933 15938 15947 15972 15973 15975 15989 15994 15999 16001 16009 16011 16013 16016 16027 16028 16031 16039 16047 16058 16077 16081 16087 16094 16096 16097 16098 16099 16102 16115 16139 16147 16152 16155 16158 16172 16174 16176 16189 16192 16216 16220 16225 16226 16241 16253 16254 16256 16258 16264 16269 16296 16314 16321 16322 16331 16337 16347 16350 16352 16357 16362 16377 16386 16393 16397 16398 16403 16409 16419 16427 16429 16440 16444 16447 16450 16452 16462 16481 16505 16530 16535 16540 16544 16548 16556 16558 16562 16567 16576 16598 16620 16622 16623 16627 16630 16631 16643 16647 16649 16651 16656 16660 16661 16670 16677 16680 16690 16697 16699 16702 16706 16710 16713 16721 16741 16743 16762 16771 16776 16779 16787 16788 16791 16792 16794 16796 16800 16805 16814 16817 16824 16826 16828 16829 16831 16832 16850 16851 16858 16861 16868 16870 16872 16877 16878 16880 16882 16886 16889 16891 16893 16894 16915 16948 16972 16975 16992 16997 17002 17007 17021  
 
[2025-11-21 01:41:44,399][WARNING][/build/python-steps-BSmkRk/python-steps-5.0.4/src/steps/mpi/tetopsplit/tetopsplit.cpp:5826][virtual void steps::mpi::tetopsplit::TetOpSplitP::getBatchTriSpecCountsNP(const steps::index_t*, size_t, const std::string&, double*, size_t) const]: The following triangles have not been assigned to a patch, fill in zeros at target positions:
 
[2025-11-21 01:41:44,399][WARNING][/build/python-steps-BSmkRk/python-steps-5.0.4/src/steps/mpi/tetopsplit/tetopsplit.cpp:5829][virtual void steps::mpi::tetopsplit::TetOpSplitP::getBatchTriSpecCountsNP(const steps::index_t*, size_t, const std::string&, double*, size_t) const]: 12680 12697 12791 12925 12961 13002 13035 13038 13053 13063 13079 13122 13132 13140 13142 13244 13256 13261 13268 13364 13396 13401 13410 13413 13476 13481 13504 13547 13605 13684 13700 13726 13766 13788 13811 13838 13849 13891 13913 13980 13982 13993 14023 14025 14035 14038 14049 14064 14072 14106 14122 14142 14145 14200 14280 14282 14310 14313 14345 14364 14373 14376 14432 14454 14456 14473 14516 14524 14566 14580 14612 14615 14621 14643 14651 14660 14670 14702 14707 14717 14744 14748 14750 14752 14769 14777 14788 14797 14817 14818 14840 14857 14865 14869 14873 14875 14901 14936 14949 14968 14987 14997 14999 15027 15030 15055 15060 15072 15096 15109 15113 15120 15135 15153 15162 15164 15181 15182 15189 15193 15195 15210 15219 15226 15243 15246 15254 15258 15263 15284 15360 15371 15373 15377 15399 15418 15428 15436 15439 15442 15445 15452 15459 15473 15475 15493 15512 15524 15537 15542 15546 15569 15570 15577 15588 15611 15618 15624 15634 15647 15653 15657 15681 15690 15725 15739 15743 15750 15754 15761 15767 15774 15783 15804 15808 15821 15829 15844 15867 15873 15881 15886 15902 15905 15911 15917 15921 15923 15933 15938 15947 15972 15973 15975 15989 15994 15999 16001 16009 16011 16013 16016 16027 16028 16031 16039 16047 16058 16077 16081 16087 16094 16096 16097 16098 16099 16102 16115 16139 16147 16152 16155 16158 16172 16174 16176 16189 16192 16216 16220 16225 16226 16241 16253 16254 16256 16258 16264 16269 16296 16314 16321 16322 16331 16337 16347 16350 16352 16357 16362 16377 16386 16393 16397 16398 16403 16409 16419 16427 16429 16440 16444 16447 16450 16452 16462 16481 16505 16530 16535 16540 16544 16548 16556 16558 16562 16567 16576 16598 16620 16622 16623 16627 16630 16631 16643 16647 16649 16651 16656 16660 16661 16670 16677 16680 16690 16697 16699 16702 16706 16710 16713 16721 16741 16743 16762 16771 16776 16779 16787 16788 16791 16792 16794 16796 16800 16805 16814 16817 16824 16826 16828 16829 16831 16832 16850 16851 16858 16861 16868 16870 16872 16877 16878 16880 16882 16886 16889 16891 16893 16894 16915 16948 16972 16975 16992 16997 17002 17007 17021  
 
[2025-11-21 01:41:44,401][WARNING][/build/python-steps-BSmkRk/python-steps-5.0.4/src/steps/mpi/tetopsplit/tetopsplit.cpp:5826][virtual void steps::mpi::tetopsplit::TetOpSplitP::getBatchTriSpecCountsNP(const steps::index_t*, size_t, const std::string&, double*, size_t) const]: The following triangles have not been assigned to a patch, fill in zeros at target positions:
 
[2025-11-21 01:41:44,401][WARNING][/build/python-steps-BSmkRk/python-steps-5.0.4/src/steps/mpi/tetopsplit/tetopsplit.cpp:5829][virtual void steps::mpi::tetopsplit::TetOpSplitP::getBatchTriSpecCountsNP(const steps::index_t*, size_t, const std::string&, double*, size_t) const]: 12680 12697 12791 12925 12961 13002 13035 13038 13053 13063 13079 13122 13132 13140 13142 13244 13256 13261 13268 13364 13396 13401 13410 13413 13476 13481 13504 13547 13605 13684 13700 13726 13766 13788 13811 13838 13849 13891 13913 13980 13982 13993 14023 14025 14035 14038 14049 14064 14072 14106 14122 14142 14145 14200 14280 14282 14310 14313 14345 14364 14373 14376 14432 14454 14456 14473 14516 14524 14566 14580 14612 14615 14621 14643 14651 14660 14670 14702 14707 14717 14744 14748 14750 14752 14769 14777 14788 14797 14817 14818 14840 14857 14865 14869 14873 14875 14901 14936 14949 14968 14987 14997 14999 15027 15030 15055 15060 15072 15096 15109 15113 15120 15135 15153 15162 15164 15181 15182 15189 15193 15195 15210 15219 15226 15243 15246 15254 15258 15263 15284 15360 15371 15373 15377 15399 15418 15428 15436 15439 15442 15445 15452 15459 15473 15475 15493 15512 15524 15537 15542 15546 15569 15570 15577 15588 15611 15618 15624 15634 15647 15653 15657 15681 15690 15725 15739 15743 15750 15754 15761 15767 15774 15783 15804 15808 15821 15829 15844 15867 15873 15881 15886 15902 15905 15911 15917 15921 15923 15933 15938 15947 15972 15973 15975 15989 15994 15999 16001 16009 16011 16013 16016 16027 16028 16031 16039 16047 16058 16077 16081 16087 16094 16096 16097 16098 16099 16102 16115 16139 16147 16152 16155 16158 16172 16174 16176 16189 16192 16216 16220 16225 16226 16241 16253 16254 16256 16258 16264 16269 16296 16314 16321 16322 16331 16337 16347 16350 16352 16357 16362 16377 16386 16393 16397 16398 16403 16409 16419 16427 16429 16440 16444 16447 16450 16452 16462 16481 16505 16530 16535 16540 16544 16548 16556 16558 16562 16567 16576 16598 16620 16622 16623 16627 16630 16631 16643 16647 16649 16651 16656 16660 16661 16670 16677 16680 16690 16697 16699 16702 16706 16710 16713 16721 16741 16743 16762 16771 16776 16779 16787 16788 16791 16792 16794 16796 16800 16805 16814 16817 16824 16826 16828 16829 16831 16832 16850 16851 16858 16861 16868 16870 16872 16877 16878 16880 16882 16886 16889 16891 16893 16894 16915 16948 16972 16975 16992 16997 17002 17007 17021  
 
[2025-11-21 01:41:47,010][WARNING][/build/python-steps-BSmkRk/python-steps-5.0.4/src/steps/mpi/tetopsplit/tetopsplit.cpp:5826][virtual void steps::mpi::tetopsplit::TetOpSplitP::getBatchTriSpecCountsNP(const steps::index_t*, size_t, const std::string&, double*, size_t) const]: The following triangles have not been assigned to a patch, fill in zeros at target positions:
 
[2025-11-21 01:41:47,010][WARNING][/build/python-steps-BSmkRk/python-steps-5.0.4/src/steps/mpi/tetopsplit/tetopsplit.cpp:5829][virtual void steps::mpi::tetopsplit::TetOpSplitP::getBatchTriSpecCountsNP(const steps::index_t*, size_t, const std::string&, double*, size_t) const]: 12680 12697 12791 12925 12961 13002 13035 13038 13053 13063 13079 13122 13132 13140 13142 13244 13256 13261 13268 13364 13396 13401 13410 13413 13476 13481 13504 13547 13605 13684 13700 13726 13766 13788 13811 13838 13849 13891 13913 13980 13982 13993 14023 14025 14035 14038 14049 14064 14072 14106 14122 14142 14145 14200 14280 14282 14310 14313 14345 14364 14373 14376 14432 14454 14456 14473 14516 14524 14566 14580 14612 14615 14621 14643 14651 14660 14670 14702 14707 14717 14744 14748 14750 14752 14769 14777 14788 14797 14817 14818 14840 14857 14865 14869 14873 14875 14901 14936 14949 14968 14987 14997 14999 15027 15030 15055 15060 15072 15096 15109 15113 15120 15135 15153 15162 15164 15181 15182 15189 15193 15195 15210 15219 15226 15243 15246 15254 15258 15263 15284 15360 15371 15373 15377 15399 15418 15428 15436 15439 15442 15445 15452 15459 15473 15475 15493 15512 15524 15537 15542 15546 15569 15570 15577 15588 15611 15618 15624 15634 15647 15653 15657 15681 15690 15725 15739 15743 15750 15754 15761 15767 15774 15783 15804 15808 15821 15829 15844 15867 15873 15881 15886 15902 15905 15911 15917 15921 15923 15933 15938 15947 15972 15973 15975 15989 15994 15999 16001 16009 16011 16013 16016 16027 16028 16031 16039 16047 16058 16077 16081 16087 16094 16096 16097 16098 16099 16102 16115 16139 16147 16152 16155 16158 16172 16174 16176 16189 16192 16216 16220 16225 16226 16241 16253 16254 16256 16258 16264 16269 16296 16314 16321 16322 16331 16337 16347 16350 16352 16357 16362 16377 16386 16393 16397 16398 16403 16409 16419 16427 16429 16440 16444 16447 16450 16452 16462 16481 16505 16530 16535 16540 16544 16548 16556 16558 16562 16567 16576 16598 16620 16622 16623 16627 16630 16631 16643 16647 16649 16651 16656 16660 16661 16670 16677 16680 16690 16697 16699 16702 16706 16710 16713 16721 16741 16743 16762 16771 16776 16779 16787 16788 16791 16792 16794 16796 16800 16805 16814 16817 16824 16826 16828 16829 16831 16832 16850 16851 16858 16861 16868 16870 16872 16877 16878 16880 16882 16886 16889 16891 16893 16894 16915 16948 16972 16975 16992 16997 17002 17007 17021  
 
[2025-11-21 01:41:47,011][WARNING][/build/python-steps-BSmkRk/python-steps-5.0.4/src/steps/mpi/tetopsplit/tetopsplit.cpp:5826][virtual void steps::mpi::tetopsplit::TetOpSplitP::getBatchTriSpecCountsNP(const steps::index_t*, size_t, const std::string&, double*, size_t) const]: The following triangles have not been assigned to a patch, fill in zeros at target positions:
 
[2025-11-21 01:41:47,011][WARNING][/build/python-steps-BSmkRk/python-steps-5.0.4/src/steps/mpi/tetopsplit/tetopsplit.cpp:5829][virtual void steps::mpi::tetopsplit::TetOpSplitP::getBatchTriSpecCountsNP(const steps::index_t*, size_t, const std::string&, double*, size_t) const]: 12680 12697 12791 12925 12961 13002 13035 13038 13053 13063 13079 13122 13132 13140 13142 13244 13256 13261 13268 13364 13396 13401 13410 13413 13476 13481 13504 13547 13605 13684 13700 13726 13766 13788 13811 13838 13849 13891 13913 13980 13982 13993 14023 14025 14035 14038 14049 14064 14072 14106 14122 14142 14145 14200 14280 14282 14310 14313 14345 14364 14373 14376 14432 14454 14456 14473 14516 14524 14566 14580 14612 14615 14621 14643 14651 14660 14670 14702 14707 14717 14744 14748 14750 14752 14769 14777 14788 14797 14817 14818 14840 14857 14865 14869 14873 14875 14901 14936 14949 14968 14987 14997 14999 15027 15030 15055 15060 15072 15096 15109 15113 15120 15135 15153 15162 15164 15181 15182 15189 15193 15195 15210 15219 15226 15243 15246 15254 15258 15263 15284 15360 15371 15373 15377 15399 15418 15428 15436 15439 15442 15445 15452 15459 15473 15475 15493 15512 15524 15537 15542 15546 15569 15570 15577 15588 15611 15618 15624 15634 15647 15653 15657 15681 15690 15725 15739 15743 15750 15754 15761 15767 15774 15783 15804 15808 15821 15829 15844 15867 15873 15881 15886 15902 15905 15911 15917 15921 15923 15933 15938 15947 15972 15973 15975 15989 15994 15999 16001 16009 16011 16013 16016 16027 16028 16031 16039 16047 16058 16077 16081 16087 16094 16096 16097 16098 16099 16102 16115 16139 16147 16152 16155 16158 16172 16174 16176 16189 16192 16216 16220 16225 16226 16241 16253 16254 16256 16258 16264 16269 16296 16314 16321 16322 16331 16337 16347 16350 16352 16357 16362 16377 16386 16393 16397 16398 16403 16409 16419 16427 16429 16440 16444 16447 16450 16452 16462 16481 16505 16530 16535 16540 16544 16548 16556 16558 16562 16567 16576 16598 16620 16622 16623 16627 16630 16631 16643 16647 16649 16651 16656 16660 16661 16670 16677 16680 16690 16697 16699 16702 16706 16710 16713 16721 16741 16743 16762 16771 16776 16779 16787 16788 16791 16792 16794 16796 16800 16805 16814 16817 16824 16826 16828 16829 16831 16832 16850 16851 16858 16861 16868 16870 16872 16877 16878 16880 16882 16886 16889 16891 16893 16894 16915 16948 16972 16975 16992 16997 17002 17007 17021  
 
[2025-11-21 01:41:47,011][WARNING][/build/python-steps-BSmkRk/python-steps-5.0.4/src/steps/mpi/tetopsplit/tetopsplit.cpp:5826][virtual void steps::mpi::tetopsplit::TetOpSplitP::getBatchTriSpecCountsNP(const steps::index_t*, size_t, const std::string&, double*, size_t) const]: The following triangles have not been assigned to a patch, fill in zeros at target positions:
 
[2025-11-21 01:41:47,011][WARNING][/build/python-steps-BSmkRk/python-steps-5.0.4/src/steps/mpi/tetopsplit/tetopsplit.cpp:5829][virtual void steps::mpi::tetopsplit::TetOpSplitP::getBatchTriSpecCountsNP(const steps::index_t*, size_t, const std::string&, double*, size_t) const]: 12680 12697 12791 12925 12961 13002 13035 13038 13053 13063 13079 13122 13132 13140 13142 13244 13256 13261 13268 13364 13396 13401 13410 13413 13476 13481 13504 13547 13605 13684 13700 13726 13766 13788 13811 13838 13849 13891 13913 13980 13982 13993 14023 14025 14035 14038 14049 14064 14072 14106 14122 14142 14145 14200 14280 14282 14310 14313 14345 14364 14373 14376 14432 14454 14456 14473 14516 14524 14566 14580 14612 14615 14621 14643 14651 14660 14670 14702 14707 14717 14744 14748 14750 14752 14769 14777 14788 14797 14817 14818 14840 14857 14865 14869 14873 14875 14901 14936 14949 14968 14987 14997 14999 15027 15030 15055 15060 15072 15096 15109 15113 15120 15135 15153 15162 15164 15181 15182 15189 15193 15195 15210 15219 15226 15243 15246 15254 15258 15263 15284 15360 15371 15373 15377 15399 15418 15428 15436 15439 15442 15445 15452 15459 15473 15475 15493 15512 15524 15537 15542 15546 15569 15570 15577 15588 15611 15618 15624 15634 15647 15653 15657 15681 15690 15725 15739 15743 15750 15754 15761 15767 15774 15783 15804 15808 15821 15829 15844 15867 15873 15881 15886 15902 15905 15911 15917 15921 15923 15933 15938 15947 15972 15973 15975 15989 15994 15999 16001 16009 16011 16013 16016 16027 16028 16031 16039 16047 16058 16077 16081 16087 16094 16096 16097 16098 16099 16102 16115 16139 16147 16152 16155 16158 16172 16174 16176 16189 16192 16216 16220 16225 16226 16241 16253 16254 16256 16258 16264 16269 16296 16314 16321 16322 16331 16337 16347 16350 16352 16357 16362 16377 16386 16393 16397 16398 16403 16409 16419 16427 16429 16440 16444 16447 16450 16452 16462 16481 16505 16530 16535 16540 16544 16548 16556 16558 16562 16567 16576 16598 16620 16622 16623 16627 16630 16631 16643 16647 16649 16651 16656 16660 16661 16670 16677 16680 16690 16697 16699 16702 16706 16710 16713 16721 16741 16743 16762 16771 16776 16779 16787 16788 16791 16792 16794 16796 16800 16805 16814 16817 16824 16826 16828 16829 16831 16832 16850 16851 16858 16861 16868 16870 16872 16877 16878 16880 16882 16886 16889 16891 16893 16894 16915 16948 16972 16975 16992 16997 17002 17007 17021  
 
[2025-11-21 01:41:47,013][WARNING][/build/python-steps-BSmkRk/python-steps-5.0.4/src/steps/mpi/tetopsplit/tetopsplit.cpp:5826][virtual void steps::mpi::tetopsplit::TetOpSplitP::getBatchTriSpecCountsNP(const steps::index_t*, size_t, const std::string&, double*, size_t) const]: The following triangles have not been assigned to a patch, fill in zeros at target positions:
 
[2025-11-21 01:41:47,013][WARNING][/build/python-steps-BSmkRk/python-steps-5.0.4/src/steps/mpi/tetopsplit/tetopsplit.cpp:5829][virtual void steps::mpi::tetopsplit::TetOpSplitP::getBatchTriSpecCountsNP(const steps::index_t*, size_t, const std::string&, double*, size_t) const]: 12680 12697 12791 12925 12961 13002 13035 13038 13053 13063 13079 13122 13132 13140 13142 13244 13256 13261 13268 13364 13396 13401 13410 13413 13476 13481 13504 13547 13605 13684 13700 13726 13766 13788 13811 13838 13849 13891 13913 13980 13982 13993 14023 14025 14035 14038 14049 14064 14072 14106 14122 14142 14145 14200 14280 14282 14310 14313 14345 14364 14373 14376 14432 14454 14456 14473 14516 14524 14566 14580 14612 14615 14621 14643 14651 14660 14670 14702 14707 14717 14744 14748 14750 14752 14769 14777 14788 14797 14817 14818 14840 14857 14865 14869 14873 14875 14901 14936 14949 14968 14987 14997 14999 15027 15030 15055 15060 15072 15096 15109 15113 15120 15135 15153 15162 15164 15181 15182 15189 15193 15195 15210 15219 15226 15243 15246 15254 15258 15263 15284 15360 15371 15373 15377 15399 15418 15428 15436 15439 15442 15445 15452 15459 15473 15475 15493 15512 15524 15537 15542 15546 15569 15570 15577 15588 15611 15618 15624 15634 15647 15653 15657 15681 15690 15725 15739 15743 15750 15754 15761 15767 15774 15783 15804 15808 15821 15829 15844 15867 15873 15881 15886 15902 15905 15911 15917 15921 15923 15933 15938 15947 15972 15973 15975 15989 15994 15999 16001 16009 16011 16013 16016 16027 16028 16031 16039 16047 16058 16077 16081 16087 16094 16096 16097 16098 16099 16102 16115 16139 16147 16152 16155 16158 16172 16174 16176 16189 16192 16216 16220 16225 16226 16241 16253 16254 16256 16258 16264 16269 16296 16314 16321 16322 16331 16337 16347 16350 16352 16357 16362 16377 16386 16393 16397 16398 16403 16409 16419 16427 16429 16440 16444 16447 16450 16452 16462 16481 16505 16530 16535 16540 16544 16548 16556 16558 16562 16567 16576 16598 16620 16622 16623 16627 16630 16631 16643 16647 16649 16651 16656 16660 16661 16670 16677 16680 16690 16697 16699 16702 16706 16710 16713 16721 16741 16743 16762 16771 16776 16779 16787 16788 16791 16792 16794 16796 16800 16805 16814 16817 16824 16826 16828 16829 16831 16832 16850 16851 16858 16861 16868 16870 16872 16877 16878 16880 16882 16886 16889 16891 16893 16894 16915 16948 16972 16975 16992 16997 17002 17007 17021  
 
[2025-11-21 01:41:49,667][WARNING][/build/python-steps-BSmkRk/python-steps-5.0.4/src/steps/mpi/tetopsplit/tetopsplit.cpp:5826][virtual void steps::mpi::tetopsplit::TetOpSplitP::getBatchTriSpecCountsNP(const steps::index_t*, size_t, const std::string&, double*, size_t) const]: The following triangles have not been assigned to a patch, fill in zeros at target positions:
 
[2025-11-21 01:41:49,667][WARNING][/build/python-steps-BSmkRk/python-steps-5.0.4/src/steps/mpi/tetopsplit/tetopsplit.cpp:5829][virtual void steps::mpi::tetopsplit::TetOpSplitP::getBatchTriSpecCountsNP(const steps::index_t*, size_t, const std::string&, double*, size_t) const]: 12680 12697 12791 12925 12961 13002 13035 13038 13053 13063 13079 13122 13132 13140 13142 13244 13256 13261 13268 13364 13396 13401 13410 13413 13476 13481 13504 13547 13605 13684 13700 13726 13766 13788 13811 13838 13849 13891 13913 13980 13982 13993 14023 14025 14035 14038 14049 14064 14072 14106 14122 14142 14145 14200 14280 14282 14310 14313 14345 14364 14373 14376 14432 14454 14456 14473 14516 14524 14566 14580 14612 14615 14621 14643 14651 14660 14670 14702 14707 14717 14744 14748 14750 14752 14769 14777 14788 14797 14817 14818 14840 14857 14865 14869 14873 14875 14901 14936 14949 14968 14987 14997 14999 15027 15030 15055 15060 15072 15096 15109 15113 15120 15135 15153 15162 15164 15181 15182 15189 15193 15195 15210 15219 15226 15243 15246 15254 15258 15263 15284 15360 15371 15373 15377 15399 15418 15428 15436 15439 15442 15445 15452 15459 15473 15475 15493 15512 15524 15537 15542 15546 15569 15570 15577 15588 15611 15618 15624 15634 15647 15653 15657 15681 15690 15725 15739 15743 15750 15754 15761 15767 15774 15783 15804 15808 15821 15829 15844 15867 15873 15881 15886 15902 15905 15911 15917 15921 15923 15933 15938 15947 15972 15973 15975 15989 15994 15999 16001 16009 16011 16013 16016 16027 16028 16031 16039 16047 16058 16077 16081 16087 16094 16096 16097 16098 16099 16102 16115 16139 16147 16152 16155 16158 16172 16174 16176 16189 16192 16216 16220 16225 16226 16241 16253 16254 16256 16258 16264 16269 16296 16314 16321 16322 16331 16337 16347 16350 16352 16357 16362 16377 16386 16393 16397 16398 16403 16409 16419 16427 16429 16440 16444 16447 16450 16452 16462 16481 16505 16530 16535 16540 16544 16548 16556 16558 16562 16567 16576 16598 16620 16622 16623 16627 16630 16631 16643 16647 16649 16651 16656 16660 16661 16670 16677 16680 16690 16697 16699 16702 16706 16710 16713 16721 16741 16743 16762 16771 16776 16779 16787 16788 16791 16792 16794 16796 16800 16805 16814 16817 16824 16826 16828 16829 16831 16832 16850 16851 16858 16861 16868 16870 16872 16877 16878 16880 16882 16886 16889 16891 16893 16894 16915 16948 16972 16975 16992 16997 17002 17007 17021  
 
[2025-11-21 01:41:49,668][WARNING][/build/python-steps-BSmkRk/python-steps-5.0.4/src/steps/mpi/tetopsplit/tetopsplit.cpp:5826][virtual void steps::mpi::tetopsplit::TetOpSplitP::getBatchTriSpecCountsNP(const steps::index_t*, size_t, const std::string&, double*, size_t) const]: The following triangles have not been assigned to a patch, fill in zeros at target positions:
 
[2025-11-21 01:41:49,668][WARNING][/build/python-steps-BSmkRk/python-steps-5.0.4/src/steps/mpi/tetopsplit/tetopsplit.cpp:5829][virtual void steps::mpi::tetopsplit::TetOpSplitP::getBatchTriSpecCountsNP(const steps::index_t*, size_t, const std::string&, double*, size_t) const]: 12680 12697 12791 12925 12961 13002 13035 13038 13053 13063 13079 13122 13132 13140 13142 13244 13256 13261 13268 13364 13396 13401 13410 13413 13476 13481 13504 13547 13605 13684 13700 13726 13766 13788 13811 13838 13849 13891 13913 13980 13982 13993 14023 14025 14035 14038 14049 14064 14072 14106 14122 14142 14145 14200 14280 14282 14310 14313 14345 14364 14373 14376 14432 14454 14456 14473 14516 14524 14566 14580 14612 14615 14621 14643 14651 14660 14670 14702 14707 14717 14744 14748 14750 14752 14769 14777 14788 14797 14817 14818 14840 14857 14865 14869 14873 14875 14901 14936 14949 14968 14987 14997 14999 15027 15030 15055 15060 15072 15096 15109 15113 15120 15135 15153 15162 15164 15181 15182 15189 15193 15195 15210 15219 15226 15243 15246 15254 15258 15263 15284 15360 15371 15373 15377 15399 15418 15428 15436 15439 15442 15445 15452 15459 15473 15475 15493 15512 15524 15537 15542 15546 15569 15570 15577 15588 15611 15618 15624 15634 15647 15653 15657 15681 15690 15725 15739 15743 15750 15754 15761 15767 15774 15783 15804 15808 15821 15829 15844 15867 15873 15881 15886 15902 15905 15911 15917 15921 15923 15933 15938 15947 15972 15973 15975 15989 15994 15999 16001 16009 16011 16013 16016 16027 16028 16031 16039 16047 16058 16077 16081 16087 16094 16096 16097 16098 16099 16102 16115 16139 16147 16152 16155 16158 16172 16174 16176 16189 16192 16216 16220 16225 16226 16241 16253 16254 16256 16258 16264 16269 16296 16314 16321 16322 16331 16337 16347 16350 16352 16357 16362 16377 16386 16393 16397 16398 16403 16409 16419 16427 16429 16440 16444 16447 16450 16452 16462 16481 16505 16530 16535 16540 16544 16548 16556 16558 16562 16567 16576 16598 16620 16622 16623 16627 16630 16631 16643 16647 16649 16651 16656 16660 16661 16670 16677 16680 16690 16697 16699 16702 16706 16710 16713 16721 16741 16743 16762 16771 16776 16779 16787 16788 16791 16792 16794 16796 16800 16805 16814 16817 16824 16826 16828 16829 16831 16832 16850 16851 16858 16861 16868 16870 16872 16877 16878 16880 16882 16886 16889 16891 16893 16894 16915 16948 16972 16975 16992 16997 17002 17007 17021  
 
[2025-11-21 01:41:49,668][WARNING][/build/python-steps-BSmkRk/python-steps-5.0.4/src/steps/mpi/tetopsplit/tetopsplit.cpp:5826][virtual void steps::mpi::tetopsplit::TetOpSplitP::getBatchTriSpecCountsNP(const steps::index_t*, size_t, const std::string&, double*, size_t) const]: The following triangles have not been assigned to a patch, fill in zeros at target positions:
 
[2025-11-21 01:41:49,668][WARNING][/build/python-steps-BSmkRk/python-steps-5.0.4/src/steps/mpi/tetopsplit/tetopsplit.cpp:5829][virtual void steps::mpi::tetopsplit::TetOpSplitP::getBatchTriSpecCountsNP(const steps::index_t*, size_t, const std::string&, double*, size_t) const]: 12680 12697 12791 12925 12961 13002 13035 13038 13053 13063 13079 13122 13132 13140 13142 13244 13256 13261 13268 13364 13396 13401 13410 13413 13476 13481 13504 13547 13605 13684 13700 13726 13766 13788 13811 13838 13849 13891 13913 13980 13982 13993 14023 14025 14035 14038 14049 14064 14072 14106 14122 14142 14145 14200 14280 14282 14310 14313 14345 14364 14373 14376 14432 14454 14456 14473 14516 14524 14566 14580 14612 14615 14621 14643 14651 14660 14670 14702 14707 14717 14744 14748 14750 14752 14769 14777 14788 14797 14817 14818 14840 14857 14865 14869 14873 14875 14901 14936 14949 14968 14987 14997 14999 15027 15030 15055 15060 15072 15096 15109 15113 15120 15135 15153 15162 15164 15181 15182 15189 15193 15195 15210 15219 15226 15243 15246 15254 15258 15263 15284 15360 15371 15373 15377 15399 15418 15428 15436 15439 15442 15445 15452 15459 15473 15475 15493 15512 15524 15537 15542 15546 15569 15570 15577 15588 15611 15618 15624 15634 15647 15653 15657 15681 15690 15725 15739 15743 15750 15754 15761 15767 15774 15783 15804 15808 15821 15829 15844 15867 15873 15881 15886 15902 15905 15911 15917 15921 15923 15933 15938 15947 15972 15973 15975 15989 15994 15999 16001 16009 16011 16013 16016 16027 16028 16031 16039 16047 16058 16077 16081 16087 16094 16096 16097 16098 16099 16102 16115 16139 16147 16152 16155 16158 16172 16174 16176 16189 16192 16216 16220 16225 16226 16241 16253 16254 16256 16258 16264 16269 16296 16314 16321 16322 16331 16337 16347 16350 16352 16357 16362 16377 16386 16393 16397 16398 16403 16409 16419 16427 16429 16440 16444 16447 16450 16452 16462 16481 16505 16530 16535 16540 16544 16548 16556 16558 16562 16567 16576 16598 16620 16622 16623 16627 16630 16631 16643 16647 16649 16651 16656 16660 16661 16670 16677 16680 16690 16697 16699 16702 16706 16710 16713 16721 16741 16743 16762 16771 16776 16779 16787 16788 16791 16792 16794 16796 16800 16805 16814 16817 16824 16826 16828 16829 16831 16832 16850 16851 16858 16861 16868 16870 16872 16877 16878 16880 16882 16886 16889 16891 16893 16894 16915 16948 16972 16975 16992 16997 17002 17007 17021  
 
[2025-11-21 01:41:49,669][WARNING][/build/python-steps-BSmkRk/python-steps-5.0.4/src/steps/mpi/tetopsplit/tetopsplit.cpp:5826][virtual void steps::mpi::tetopsplit::TetOpSplitP::getBatchTriSpecCountsNP(const steps::index_t*, size_t, const std::string&, double*, size_t) const]: The following triangles have not been assigned to a patch, fill in zeros at target positions:
 
[2025-11-21 01:41:49,669][WARNING][/build/python-steps-BSmkRk/python-steps-5.0.4/src/steps/mpi/tetopsplit/tetopsplit.cpp:5829][virtual void steps::mpi::tetopsplit::TetOpSplitP::getBatchTriSpecCountsNP(const steps::index_t*, size_t, const std::string&, double*, size_t) const]: 12680 12697 12791 12925 12961 13002 13035 13038 13053 13063 13079 13122 13132 13140 13142 13244 13256 13261 13268 13364 13396 13401 13410 13413 13476 13481 13504 13547 13605 13684 13700 13726 13766 13788 13811 13838 13849 13891 13913 13980 13982 13993 14023 14025 14035 14038 14049 14064 14072 14106 14122 14142 14145 14200 14280 14282 14310 14313 14345 14364 14373 14376 14432 14454 14456 14473 14516 14524 14566 14580 14612 14615 14621 14643 14651 14660 14670 14702 14707 14717 14744 14748 14750 14752 14769 14777 14788 14797 14817 14818 14840 14857 14865 14869 14873 14875 14901 14936 14949 14968 14987 14997 14999 15027 15030 15055 15060 15072 15096 15109 15113 15120 15135 15153 15162 15164 15181 15182 15189 15193 15195 15210 15219 15226 15243 15246 15254 15258 15263 15284 15360 15371 15373 15377 15399 15418 15428 15436 15439 15442 15445 15452 15459 15473 15475 15493 15512 15524 15537 15542 15546 15569 15570 15577 15588 15611 15618 15624 15634 15647 15653 15657 15681 15690 15725 15739 15743 15750 15754 15761 15767 15774 15783 15804 15808 15821 15829 15844 15867 15873 15881 15886 15902 15905 15911 15917 15921 15923 15933 15938 15947 15972 15973 15975 15989 15994 15999 16001 16009 16011 16013 16016 16027 16028 16031 16039 16047 16058 16077 16081 16087 16094 16096 16097 16098 16099 16102 16115 16139 16147 16152 16155 16158 16172 16174 16176 16189 16192 16216 16220 16225 16226 16241 16253 16254 16256 16258 16264 16269 16296 16314 16321 16322 16331 16337 16347 16350 16352 16357 16362 16377 16386 16393 16397 16398 16403 16409 16419 16427 16429 16440 16444 16447 16450 16452 16462 16481 16505 16530 16535 16540 16544 16548 16556 16558 16562 16567 16576 16598 16620 16622 16623 16627 16630 16631 16643 16647 16649 16651 16656 16660 16661 16670 16677 16680 16690 16697 16699 16702 16706 16710 16713 16721 16741 16743 16762 16771 16776 16779 16787 16788 16791 16792 16794 16796 16800 16805 16814 16817 16824 16826 16828 16829 16831 16832 16850 16851 16858 16861 16868 16870 16872 16877 16878 16880 16882 16886 16889 16891 16893 16894 16915 16948 16972 16975 16992 16997 17002 17007 17021  
 
[2025-11-21 01:41:52,372][WARNING][/build/python-steps-BSmkRk/python-steps-5.0.4/src/steps/mpi/tetopsplit/tetopsplit.cpp:5826][virtual void steps::mpi::tetopsplit::TetOpSplitP::getBatchTriSpecCountsNP(const steps::index_t*, size_t, const std::string&, double*, size_t) const]: The following triangles have not been assigned to a patch, fill in zeros at target positions:
 
[2025-11-21 01:41:52,373][WARNING][/build/python-steps-BSmkRk/python-steps-5.0.4/src/steps/mpi/tetopsplit/tetopsplit.cpp:5829][virtual void steps::mpi::tetopsplit::TetOpSplitP::getBatchTriSpecCountsNP(const steps::index_t*, size_t, const std::string&, double*, size_t) const]: 12680 12697 12791 12925 12961 13002 13035 13038 13053 13063 13079 13122 13132 13140 13142 13244 13256 13261 13268 13364 13396 13401 13410 13413 13476 13481 13504 13547 13605 13684 13700 13726 13766 13788 13811 13838 13849 13891 13913 13980 13982 13993 14023 14025 14035 14038 14049 14064 14072 14106 14122 14142 14145 14200 14280 14282 14310 14313 14345 14364 14373 14376 14432 14454 14456 14473 14516 14524 14566 14580 14612 14615 14621 14643 14651 14660 14670 14702 14707 14717 14744 14748 14750 14752 14769 14777 14788 14797 14817 14818 14840 14857 14865 14869 14873 14875 14901 14936 14949 14968 14987 14997 14999 15027 15030 15055 15060 15072 15096 15109 15113 15120 15135 15153 15162 15164 15181 15182 15189 15193 15195 15210 15219 15226 15243 15246 15254 15258 15263 15284 15360 15371 15373 15377 15399 15418 15428 15436 15439 15442 15445 15452 15459 15473 15475 15493 15512 15524 15537 15542 15546 15569 15570 15577 15588 15611 15618 15624 15634 15647 15653 15657 15681 15690 15725 15739 15743 15750 15754 15761 15767 15774 15783 15804 15808 15821 15829 15844 15867 15873 15881 15886 15902 15905 15911 15917 15921 15923 15933 15938 15947 15972 15973 15975 15989 15994 15999 16001 16009 16011 16013 16016 16027 16028 16031 16039 16047 16058 16077 16081 16087 16094 16096 16097 16098 16099 16102 16115 16139 16147 16152 16155 16158 16172 16174 16176 16189 16192 16216 16220 16225 16226 16241 16253 16254 16256 16258 16264 16269 16296 16314 16321 16322 16331 16337 16347 16350 16352 16357 16362 16377 16386 16393 16397 16398 16403 16409 16419 16427 16429 16440 16444 16447 16450 16452 16462 16481 16505 16530 16535 16540 16544 16548 16556 16558 16562 16567 16576 16598 16620 16622 16623 16627 16630 16631 16643 16647 16649 16651 16656 16660 16661 16670 16677 16680 16690 16697 16699 16702 16706 16710 16713 16721 16741 16743 16762 16771 16776 16779 16787 16788 16791 16792 16794 16796 16800 16805 16814 16817 16824 16826 16828 16829 16831 16832 16850 16851 16858 16861 16868 16870 16872 16877 16878 16880 16882 16886 16889 16891 16893 16894 16915 16948 16972 16975 16992 16997 17002 17007 17021  
 
[2025-11-21 01:41:52,373][WARNING][/build/python-steps-BSmkRk/python-steps-5.0.4/src/steps/mpi/tetopsplit/tetopsplit.cpp:5826][virtual void steps::mpi::tetopsplit::TetOpSplitP::getBatchTriSpecCountsNP(const steps::index_t*, size_t, const std::string&, double*, size_t) const]: The following triangles have not been assigned to a patch, fill in zeros at target positions:
 
[2025-11-21 01:41:52,373][WARNING][/build/python-steps-BSmkRk/python-steps-5.0.4/src/steps/mpi/tetopsplit/tetopsplit.cpp:5829][virtual void steps::mpi::tetopsplit::TetOpSplitP::getBatchTriSpecCountsNP(const steps::index_t*, size_t, const std::string&, double*, size_t) const]: 12680 12697 12791 12925 12961 13002 13035 13038 13053 13063 13079 13122 13132 13140 13142 13244 13256 13261 13268 13364 13396 13401 13410 13413 13476 13481 13504 13547 13605 13684 13700 13726 13766 13788 13811 13838 13849 13891 13913 13980 13982 13993 14023 14025 14035 14038 14049 14064 14072 14106 14122 14142 14145 14200 14280 14282 14310 14313 14345 14364 14373 14376 14432 14454 14456 14473 14516 14524 14566 14580 14612 14615 14621 14643 14651 14660 14670 14702 14707 14717 14744 14748 14750 14752 14769 14777 14788 14797 14817 14818 14840 14857 14865 14869 14873 14875 14901 14936 14949 14968 14987 14997 14999 15027 15030 15055 15060 15072 15096 15109 15113 15120 15135 15153 15162 15164 15181 15182 15189 15193 15195 15210 15219 15226 15243 15246 15254 15258 15263 15284 15360 15371 15373 15377 15399 15418 15428 15436 15439 15442 15445 15452 15459 15473 15475 15493 15512 15524 15537 15542 15546 15569 15570 15577 15588 15611 15618 15624 15634 15647 15653 15657 15681 15690 15725 15739 15743 15750 15754 15761 15767 15774 15783 15804 15808 15821 15829 15844 15867 15873 15881 15886 15902 15905 15911 15917 15921 15923 15933 15938 15947 15972 15973 15975 15989 15994 15999 16001 16009 16011 16013 16016 16027 16028 16031 16039 16047 16058 16077 16081 16087 16094 16096 16097 16098 16099 16102 16115 16139 16147 16152 16155 16158 16172 16174 16176 16189 16192 16216 16220 16225 16226 16241 16253 16254 16256 16258 16264 16269 16296 16314 16321 16322 16331 16337 16347 16350 16352 16357 16362 16377 16386 16393 16397 16398 16403 16409 16419 16427 16429 16440 16444 16447 16450 16452 16462 16481 16505 16530 16535 16540 16544 16548 16556 16558 16562 16567 16576 16598 16620 16622 16623 16627 16630 16631 16643 16647 16649 16651 16656 16660 16661 16670 16677 16680 16690 16697 16699 16702 16706 16710 16713 16721 16741 16743 16762 16771 16776 16779 16787 16788 16791 16792 16794 16796 16800 16805 16814 16817 16824 16826 16828 16829 16831 16832 16850 16851 16858 16861 16868 16870 16872 16877 16878 16880 16882 16886 16889 16891 16893 16894 16915 16948 16972 16975 16992 16997 17002 17007 17021  
 
[2025-11-21 01:41:52,373][WARNING][/build/python-steps-BSmkRk/python-steps-5.0.4/src/steps/mpi/tetopsplit/tetopsplit.cpp:5826][virtual void steps::mpi::tetopsplit::TetOpSplitP::getBatchTriSpecCountsNP(const steps::index_t*, size_t, const std::string&, double*, size_t) const]: The following triangles have not been assigned to a patch, fill in zeros at target positions:
 
[2025-11-21 01:41:52,373][WARNING][/build/python-steps-BSmkRk/python-steps-5.0.4/src/steps/mpi/tetopsplit/tetopsplit.cpp:5829][virtual void steps::mpi::tetopsplit::TetOpSplitP::getBatchTriSpecCountsNP(const steps::index_t*, size_t, const std::string&, double*, size_t) const]: 12680 12697 12791 12925 12961 13002 13035 13038 13053 13063 13079 13122 13132 13140 13142 13244 13256 13261 13268 13364 13396 13401 13410 13413 13476 13481 13504 13547 13605 13684 13700 13726 13766 13788 13811 13838 13849 13891 13913 13980 13982 13993 14023 14025 14035 14038 14049 14064 14072 14106 14122 14142 14145 14200 14280 14282 14310 14313 14345 14364 14373 14376 14432 14454 14456 14473 14516 14524 14566 14580 14612 14615 14621 14643 14651 14660 14670 14702 14707 14717 14744 14748 14750 14752 14769 14777 14788 14797 14817 14818 14840 14857 14865 14869 14873 14875 14901 14936 14949 14968 14987 14997 14999 15027 15030 15055 15060 15072 15096 15109 15113 15120 15135 15153 15162 15164 15181 15182 15189 15193 15195 15210 15219 15226 15243 15246 15254 15258 15263 15284 15360 15371 15373 15377 15399 15418 15428 15436 15439 15442 15445 15452 15459 15473 15475 15493 15512 15524 15537 15542 15546 15569 15570 15577 15588 15611 15618 15624 15634 15647 15653 15657 15681 15690 15725 15739 15743 15750 15754 15761 15767 15774 15783 15804 15808 15821 15829 15844 15867 15873 15881 15886 15902 15905 15911 15917 15921 15923 15933 15938 15947 15972 15973 15975 15989 15994 15999 16001 16009 16011 16013 16016 16027 16028 16031 16039 16047 16058 16077 16081 16087 16094 16096 16097 16098 16099 16102 16115 16139 16147 16152 16155 16158 16172 16174 16176 16189 16192 16216 16220 16225 16226 16241 16253 16254 16256 16258 16264 16269 16296 16314 16321 16322 16331 16337 16347 16350 16352 16357 16362 16377 16386 16393 16397 16398 16403 16409 16419 16427 16429 16440 16444 16447 16450 16452 16462 16481 16505 16530 16535 16540 16544 16548 16556 16558 16562 16567 16576 16598 16620 16622 16623 16627 16630 16631 16643 16647 16649 16651 16656 16660 16661 16670 16677 16680 16690 16697 16699 16702 16706 16710 16713 16721 16741 16743 16762 16771 16776 16779 16787 16788 16791 16792 16794 16796 16800 16805 16814 16817 16824 16826 16828 16829 16831 16832 16850 16851 16858 16861 16868 16870 16872 16877 16878 16880 16882 16886 16889 16891 16893 16894 16915 16948 16972 16975 16992 16997 17002 17007 17021  
 
[2025-11-21 01:41:52,375][WARNING][/build/python-steps-BSmkRk/python-steps-5.0.4/src/steps/mpi/tetopsplit/tetopsplit.cpp:5826][virtual void steps::mpi::tetopsplit::TetOpSplitP::getBatchTriSpecCountsNP(const steps::index_t*, size_t, const std::string&, double*, size_t) const]: The following triangles have not been assigned to a patch, fill in zeros at target positions:
 
[2025-11-21 01:41:52,375][WARNING][/build/python-steps-BSmkRk/python-steps-5.0.4/src/steps/mpi/tetopsplit/tetopsplit.cpp:5829][virtual void steps::mpi::tetopsplit::TetOpSplitP::getBatchTriSpecCountsNP(const steps::index_t*, size_t, const std::string&, double*, size_t) const]: 12680 12697 12791 12925 12961 13002 13035 13038 13053 13063 13079 13122 13132 13140 13142 13244 13256 13261 13268 13364 13396 13401 13410 13413 13476 13481 13504 13547 13605 13684 13700 13726 13766 13788 13811 13838 13849 13891 13913 13980 13982 13993 14023 14025 14035 14038 14049 14064 14072 14106 14122 14142 14145 14200 14280 14282 14310 14313 14345 14364 14373 14376 14432 14454 14456 14473 14516 14524 14566 14580 14612 14615 14621 14643 14651 14660 14670 14702 14707 14717 14744 14748 14750 14752 14769 14777 14788 14797 14817 14818 14840 14857 14865 14869 14873 14875 14901 14936 14949 14968 14987 14997 14999 15027 15030 15055 15060 15072 15096 15109 15113 15120 15135 15153 15162 15164 15181 15182 15189 15193 15195 15210 15219 15226 15243 15246 15254 15258 15263 15284 15360 15371 15373 15377 15399 15418 15428 15436 15439 15442 15445 15452 15459 15473 15475 15493 15512 15524 15537 15542 15546 15569 15570 15577 15588 15611 15618 15624 15634 15647 15653 15657 15681 15690 15725 15739 15743 15750 15754 15761 15767 15774 15783 15804 15808 15821 15829 15844 15867 15873 15881 15886 15902 15905 15911 15917 15921 15923 15933 15938 15947 15972 15973 15975 15989 15994 15999 16001 16009 16011 16013 16016 16027 16028 16031 16039 16047 16058 16077 16081 16087 16094 16096 16097 16098 16099 16102 16115 16139 16147 16152 16155 16158 16172 16174 16176 16189 16192 16216 16220 16225 16226 16241 16253 16254 16256 16258 16264 16269 16296 16314 16321 16322 16331 16337 16347 16350 16352 16357 16362 16377 16386 16393 16397 16398 16403 16409 16419 16427 16429 16440 16444 16447 16450 16452 16462 16481 16505 16530 16535 16540 16544 16548 16556 16558 16562 16567 16576 16598 16620 16622 16623 16627 16630 16631 16643 16647 16649 16651 16656 16660 16661 16670 16677 16680 16690 16697 16699 16702 16706 16710 16713 16721 16741 16743 16762 16771 16776 16779 16787 16788 16791 16792 16794 16796 16800 16805 16814 16817 16824 16826 16828 16829 16831 16832 16850 16851 16858 16861 16868 16870 16872 16877 16878 16880 16882 16886 16889 16891 16893 16894 16915 16948 16972 16975 16992 16997 17002 17007 17021  
 
[2025-11-21 01:41:55,130][WARNING][/build/python-steps-BSmkRk/python-steps-5.0.4/src/steps/mpi/tetopsplit/tetopsplit.cpp:5826][virtual void steps::mpi::tetopsplit::TetOpSplitP::getBatchTriSpecCountsNP(const steps::index_t*, size_t, const std::string&, double*, size_t) const]: The following triangles have not been assigned to a patch, fill in zeros at target positions:
 
[2025-11-21 01:41:55,130][WARNING][/build/python-steps-BSmkRk/python-steps-5.0.4/src/steps/mpi/tetopsplit/tetopsplit.cpp:5829][virtual void steps::mpi::tetopsplit::TetOpSplitP::getBatchTriSpecCountsNP(const steps::index_t*, size_t, const std::string&, double*, size_t) const]: 12680 12697 12791 12925 12961 13002 13035 13038 13053 13063 13079 13122 13132 13140 13142 13244 13256 13261 13268 13364 13396 13401 13410 13413 13476 13481 13504 13547 13605 13684 13700 13726 13766 13788 13811 13838 13849 13891 13913 13980 13982 13993 14023 14025 14035 14038 14049 14064 14072 14106 14122 14142 14145 14200 14280 14282 14310 14313 14345 14364 14373 14376 14432 14454 14456 14473 14516 14524 14566 14580 14612 14615 14621 14643 14651 14660 14670 14702 14707 14717 14744 14748 14750 14752 14769 14777 14788 14797 14817 14818 14840 14857 14865 14869 14873 14875 14901 14936 14949 14968 14987 14997 14999 15027 15030 15055 15060 15072 15096 15109 15113 15120 15135 15153 15162 15164 15181 15182 15189 15193 15195 15210 15219 15226 15243 15246 15254 15258 15263 15284 15360 15371 15373 15377 15399 15418 15428 15436 15439 15442 15445 15452 15459 15473 15475 15493 15512 15524 15537 15542 15546 15569 15570 15577 15588 15611 15618 15624 15634 15647 15653 15657 15681 15690 15725 15739 15743 15750 15754 15761 15767 15774 15783 15804 15808 15821 15829 15844 15867 15873 15881 15886 15902 15905 15911 15917 15921 15923 15933 15938 15947 15972 15973 15975 15989 15994 15999 16001 16009 16011 16013 16016 16027 16028 16031 16039 16047 16058 16077 16081 16087 16094 16096 16097 16098 16099 16102 16115 16139 16147 16152 16155 16158 16172 16174 16176 16189 16192 16216 16220 16225 16226 16241 16253 16254 16256 16258 16264 16269 16296 16314 16321 16322 16331 16337 16347 16350 16352 16357 16362 16377 16386 16393 16397 16398 16403 16409 16419 16427 16429 16440 16444 16447 16450 16452 16462 16481 16505 16530 16535 16540 16544 16548 16556 16558 16562 16567 16576 16598 16620 16622 16623 16627 16630 16631 16643 16647 16649 16651 16656 16660 16661 16670 16677 16680 16690 16697 16699 16702 16706 16710 16713 16721 16741 16743 16762 16771 16776 16779 16787 16788 16791 16792 16794 16796 16800 16805 16814 16817 16824 16826 16828 16829 16831 16832 16850 16851 16858 16861 16868 16870 16872 16877 16878 16880 16882 16886 16889 16891 16893 16894 16915 16948 16972 16975 16992 16997 17002 17007 17021  
 
[2025-11-21 01:41:55,130][WARNING][/build/python-steps-BSmkRk/python-steps-5.0.4/src/steps/mpi/tetopsplit/tetopsplit.cpp:5826][virtual void steps::mpi::tetopsplit::TetOpSplitP::getBatchTriSpecCountsNP(const steps::index_t*, size_t, const std::string&, double*, size_t) const]: The following triangles have not been assigned to a patch, fill in zeros at target positions:
 
[2025-11-21 01:41:55,130][WARNING][/build/python-steps-BSmkRk/python-steps-5.0.4/src/steps/mpi/tetopsplit/tetopsplit.cpp:5829][virtual void steps::mpi::tetopsplit::TetOpSplitP::getBatchTriSpecCountsNP(const steps::index_t*, size_t, const std::string&, double*, size_t) const]: 12680 12697 12791 12925 12961 13002 13035 13038 13053 13063 13079 13122 13132 13140 13142 13244 13256 13261 13268 13364 13396 13401 13410 13413 13476 13481 13504 13547 13605 13684 13700 13726 13766 13788 13811 13838 13849 13891 13913 13980 13982 13993 14023 14025 14035 14038 14049 14064 14072 14106 14122 14142 14145 14200 14280 14282 14310 14313 14345 14364 14373 14376 14432 14454 14456 14473 14516 14524 14566 14580 14612 14615 14621 14643 14651 14660 14670 14702 14707 14717 14744 14748 14750 14752 14769 14777 14788 14797 14817 14818 14840 14857 14865 14869 14873 14875 14901 14936 14949 14968 14987 14997 14999 15027 15030 15055 15060 15072 15096 15109 15113 15120 15135 15153 15162 15164 15181 15182 15189 15193 15195 15210 15219 15226 15243 15246 15254 15258 15263 15284 15360 15371 15373 15377 15399 15418 15428 15436 15439 15442 15445 15452 15459 15473 15475 15493 15512 15524 15537 15542 15546 15569 15570 15577 15588 15611 15618 15624 15634 15647 15653 15657 15681 15690 15725 15739 15743 15750 15754 15761 15767 15774 15783 15804 15808 15821 15829 15844 15867 15873 15881 15886 15902 15905 15911 15917 15921 15923 15933 15938 15947 15972 15973 15975 15989 15994 15999 16001 16009 16011 16013 16016 16027 16028 16031 16039 16047 16058 16077 16081 16087 16094 16096 16097 16098 16099 16102 16115 16139 16147 16152 16155 16158 16172 16174 16176 16189 16192 16216 16220 16225 16226 16241 16253 16254 16256 16258 16264 16269 16296 16314 16321 16322 16331 16337 16347 16350 16352 16357 16362 16377 16386 16393 16397 16398 16403 16409 16419 16427 16429 16440 16444 16447 16450 16452 16462 16481 16505 16530 16535 16540 16544 16548 16556 16558 16562 16567 16576 16598 16620 16622 16623 16627 16630 16631 16643 16647 16649 16651 16656 16660 16661 16670 16677 16680 16690 16697 16699 16702 16706 16710 16713 16721 16741 16743 16762 16771 16776 16779 16787 16788 16791 16792 16794 16796 16800 16805 16814 16817 16824 16826 16828 16829 16831 16832 16850 16851 16858 16861 16868 16870 16872 16877 16878 16880 16882 16886 16889 16891 16893 16894 16915 16948 16972 16975 16992 16997 17002 17007 17021  
 
[2025-11-21 01:41:55,131][WARNING][/build/python-steps-BSmkRk/python-steps-5.0.4/src/steps/mpi/tetopsplit/tetopsplit.cpp:5826][virtual void steps::mpi::tetopsplit::TetOpSplitP::getBatchTriSpecCountsNP(const steps::index_t*, size_t, const std::string&, double*, size_t) const]: The following triangles have not been assigned to a patch, fill in zeros at target positions:
 
[2025-11-21 01:41:55,131][WARNING][/build/python-steps-BSmkRk/python-steps-5.0.4/src/steps/mpi/tetopsplit/tetopsplit.cpp:5829][virtual void steps::mpi::tetopsplit::TetOpSplitP::getBatchTriSpecCountsNP(const steps::index_t*, size_t, const std::string&, double*, size_t) const]: 12680 12697 12791 12925 12961 13002 13035 13038 13053 13063 13079 13122 13132 13140 13142 13244 13256 13261 13268 13364 13396 13401 13410 13413 13476 13481 13504 13547 13605 13684 13700 13726 13766 13788 13811 13838 13849 13891 13913 13980 13982 13993 14023 14025 14035 14038 14049 14064 14072 14106 14122 14142 14145 14200 14280 14282 14310 14313 14345 14364 14373 14376 14432 14454 14456 14473 14516 14524 14566 14580 14612 14615 14621 14643 14651 14660 14670 14702 14707 14717 14744 14748 14750 14752 14769 14777 14788 14797 14817 14818 14840 14857 14865 14869 14873 14875 14901 14936 14949 14968 14987 14997 14999 15027 15030 15055 15060 15072 15096 15109 15113 15120 15135 15153 15162 15164 15181 15182 15189 15193 15195 15210 15219 15226 15243 15246 15254 15258 15263 15284 15360 15371 15373 15377 15399 15418 15428 15436 15439 15442 15445 15452 15459 15473 15475 15493 15512 15524 15537 15542 15546 15569 15570 15577 15588 15611 15618 15624 15634 15647 15653 15657 15681 15690 15725 15739 15743 15750 15754 15761 15767 15774 15783 15804 15808 15821 15829 15844 15867 15873 15881 15886 15902 15905 15911 15917 15921 15923 15933 15938 15947 15972 15973 15975 15989 15994 15999 16001 16009 16011 16013 16016 16027 16028 16031 16039 16047 16058 16077 16081 16087 16094 16096 16097 16098 16099 16102 16115 16139 16147 16152 16155 16158 16172 16174 16176 16189 16192 16216 16220 16225 16226 16241 16253 16254 16256 16258 16264 16269 16296 16314 16321 16322 16331 16337 16347 16350 16352 16357 16362 16377 16386 16393 16397 16398 16403 16409 16419 16427 16429 16440 16444 16447 16450 16452 16462 16481 16505 16530 16535 16540 16544 16548 16556 16558 16562 16567 16576 16598 16620 16622 16623 16627 16630 16631 16643 16647 16649 16651 16656 16660 16661 16670 16677 16680 16690 16697 16699 16702 16706 16710 16713 16721 16741 16743 16762 16771 16776 16779 16787 16788 16791 16792 16794 16796 16800 16805 16814 16817 16824 16826 16828 16829 16831 16832 16850 16851 16858 16861 16868 16870 16872 16877 16878 16880 16882 16886 16889 16891 16893 16894 16915 16948 16972 16975 16992 16997 17002 17007 17021  
 
[2025-11-21 01:41:55,131][WARNING][/build/python-steps-BSmkRk/python-steps-5.0.4/src/steps/mpi/tetopsplit/tetopsplit.cpp:5826][virtual void steps::mpi::tetopsplit::TetOpSplitP::getBatchTriSpecCountsNP(const steps::index_t*, size_t, const std::string&, double*, size_t) const]: The following triangles have not been assigned to a patch, fill in zeros at target positions:
 
[2025-11-21 01:41:55,131][WARNING][/build/python-steps-BSmkRk/python-steps-5.0.4/src/steps/mpi/tetopsplit/tetopsplit.cpp:5829][virtual void steps::mpi::tetopsplit::TetOpSplitP::getBatchTriSpecCountsNP(const steps::index_t*, size_t, const std::string&, double*, size_t) const]: 12680 12697 12791 12925 12961 13002 13035 13038 13053 13063 13079 13122 13132 13140 13142 13244 13256 13261 13268 13364 13396 13401 13410 13413 13476 13481 13504 13547 13605 13684 13700 13726 13766 13788 13811 13838 13849 13891 13913 13980 13982 13993 14023 14025 14035 14038 14049 14064 14072 14106 14122 14142 14145 14200 14280 14282 14310 14313 14345 14364 14373 14376 14432 14454 14456 14473 14516 14524 14566 14580 14612 14615 14621 14643 14651 14660 14670 14702 14707 14717 14744 14748 14750 14752 14769 14777 14788 14797 14817 14818 14840 14857 14865 14869 14873 14875 14901 14936 14949 14968 14987 14997 14999 15027 15030 15055 15060 15072 15096 15109 15113 15120 15135 15153 15162 15164 15181 15182 15189 15193 15195 15210 15219 15226 15243 15246 15254 15258 15263 15284 15360 15371 15373 15377 15399 15418 15428 15436 15439 15442 15445 15452 15459 15473 15475 15493 15512 15524 15537 15542 15546 15569 15570 15577 15588 15611 15618 15624 15634 15647 15653 15657 15681 15690 15725 15739 15743 15750 15754 15761 15767 15774 15783 15804 15808 15821 15829 15844 15867 15873 15881 15886 15902 15905 15911 15917 15921 15923 15933 15938 15947 15972 15973 15975 15989 15994 15999 16001 16009 16011 16013 16016 16027 16028 16031 16039 16047 16058 16077 16081 16087 16094 16096 16097 16098 16099 16102 16115 16139 16147 16152 16155 16158 16172 16174 16176 16189 16192 16216 16220 16225 16226 16241 16253 16254 16256 16258 16264 16269 16296 16314 16321 16322 16331 16337 16347 16350 16352 16357 16362 16377 16386 16393 16397 16398 16403 16409 16419 16427 16429 16440 16444 16447 16450 16452 16462 16481 16505 16530 16535 16540 16544 16548 16556 16558 16562 16567 16576 16598 16620 16622 16623 16627 16630 16631 16643 16647 16649 16651 16656 16660 16661 16670 16677 16680 16690 16697 16699 16702 16706 16710 16713 16721 16741 16743 16762 16771 16776 16779 16787 16788 16791 16792 16794 16796 16800 16805 16814 16817 16824 16826 16828 16829 16831 16832 16850 16851 16858 16861 16868 16870 16872 16877 16878 16880 16882 16886 16889 16891 16893 16894 16915 16948 16972 16975 16992 16997 17002 17007 17021  
 
[2025-11-21 01:41:57,940][WARNING][/build/python-steps-BSmkRk/python-steps-5.0.4/src/steps/mpi/tetopsplit/tetopsplit.cpp:5826][virtual void steps::mpi::tetopsplit::TetOpSplitP::getBatchTriSpecCountsNP(const steps::index_t*, size_t, const std::string&, double*, size_t) const]: The following triangles have not been assigned to a patch, fill in zeros at target positions:
 
[2025-11-21 01:41:57,940][WARNING][/build/python-steps-BSmkRk/python-steps-5.0.4/src/steps/mpi/tetopsplit/tetopsplit.cpp:5829][virtual void steps::mpi::tetopsplit::TetOpSplitP::getBatchTriSpecCountsNP(const steps::index_t*, size_t, const std::string&, double*, size_t) const]: 12680 12697 12791 12925 12961 13002 13035 13038 13053 13063 13079 13122 13132 13140 13142 13244 13256 13261 13268 13364 13396 13401 13410 13413 13476 13481 13504 13547 13605 13684 13700 13726 13766 13788 13811 13838 13849 13891 13913 13980 13982 13993 14023 14025 14035 14038 14049 14064 14072 14106 14122 14142 14145 14200 14280 14282 14310 14313 14345 14364 14373 14376 14432 14454 14456 14473 14516 14524 14566 14580 14612 14615 14621 14643 14651 14660 14670 14702 14707 14717 14744 14748 14750 14752 14769 14777 14788 14797 14817 14818 14840 14857 14865 14869 14873 14875 14901 14936 14949 14968 14987 14997 14999 15027 15030 15055 15060 15072 15096 15109 15113 15120 15135 15153 15162 15164 15181 15182 15189 15193 15195 15210 15219 15226 15243 15246 15254 15258 15263 15284 15360 15371 15373 15377 15399 15418 15428 15436 15439 15442 15445 15452 15459 15473 15475 15493 15512 15524 15537 15542 15546 15569 15570 15577 15588 15611 15618 15624 15634 15647 15653 15657 15681 15690 15725 15739 15743 15750 15754 15761 15767 15774 15783 15804 15808 15821 15829 15844 15867 15873 15881 15886 15902 15905 15911 15917 15921 15923 15933 15938 15947 15972 15973 15975 15989 15994 15999 16001 16009 16011 16013 16016 16027 16028 16031 16039 16047 16058 16077 16081 16087 16094 16096 16097 16098 16099 16102 16115 16139 16147 16152 16155 16158 16172 16174 16176 16189 16192 16216 16220 16225 16226 16241 16253 16254 16256 16258 16264 16269 16296 16314 16321 16322 16331 16337 16347 16350 16352 16357 16362 16377 16386 16393 16397 16398 16403 16409 16419 16427 16429 16440 16444 16447 16450 16452 16462 16481 16505 16530 16535 16540 16544 16548 16556 16558 16562 16567 16576 16598 16620 16622 16623 16627 16630 16631 16643 16647 16649 16651 16656 16660 16661 16670 16677 16680 16690 16697 16699 16702 16706 16710 16713 16721 16741 16743 16762 16771 16776 16779 16787 16788 16791 16792 16794 16796 16800 16805 16814 16817 16824 16826 16828 16829 16831 16832 16850 16851 16858 16861 16868 16870 16872 16877 16878 16880 16882 16886 16889 16891 16893 16894 16915 16948 16972 16975 16992 16997 17002 17007 17021  
 
[2025-11-21 01:41:57,941][WARNING][/build/python-steps-BSmkRk/python-steps-5.0.4/src/steps/mpi/tetopsplit/tetopsplit.cpp:5826][virtual void steps::mpi::tetopsplit::TetOpSplitP::getBatchTriSpecCountsNP(const steps::index_t*, size_t, const std::string&, double*, size_t) const]: The following triangles have not been assigned to a patch, fill in zeros at target positions:
 
[2025-11-21 01:41:57,941][WARNING][/build/python-steps-BSmkRk/python-steps-5.0.4/src/steps/mpi/tetopsplit/tetopsplit.cpp:5829][virtual void steps::mpi::tetopsplit::TetOpSplitP::getBatchTriSpecCountsNP(const steps::index_t*, size_t, const std::string&, double*, size_t) const]: 12680 12697 12791 12925 12961 13002 13035 13038 13053 13063 13079 13122 13132 13140 13142 13244 13256 13261 13268 13364 13396 13401 13410 13413 13476 13481 13504 13547 13605 13684 13700 13726 13766 13788 13811 13838 13849 13891 13913 13980 13982 13993 14023 14025 14035 14038 14049 14064 14072 14106 14122 14142 14145 14200 14280 14282 14310 14313 14345 14364 14373 14376 14432 14454 14456 14473 14516 14524 14566 14580 14612 14615 14621 14643 14651 14660 14670 14702 14707 14717 14744 14748 14750 14752 14769 14777 14788 14797 14817 14818 14840 14857 14865 14869 14873 14875 14901 14936 14949 14968 14987 14997 14999 15027 15030 15055 15060 15072 15096 15109 15113 15120 15135 15153 15162 15164 15181 15182 15189 15193 15195 15210 15219 15226 15243 15246 15254 15258 15263 15284 15360 15371 15373 15377 15399 15418 15428 15436 15439 15442 15445 15452 15459 15473 15475 15493 15512 15524 15537 15542 15546 15569 15570 15577 15588 15611 15618 15624 15634 15647 15653 15657 15681 15690 15725 15739 15743 15750 15754 15761 15767 15774 15783 15804 15808 15821 15829 15844 15867 15873 15881 15886 15902 15905 15911 15917 15921 15923 15933 15938 15947 15972 15973 15975 15989 15994 15999 16001 16009 16011 16013 16016 16027 16028 16031 16039 16047 16058 16077 16081 16087 16094 16096 16097 16098 16099 16102 16115 16139 16147 16152 16155 16158 16172 16174 16176 16189 16192 16216 16220 16225 16226 16241 16253 16254 16256 16258 16264 16269 16296 16314 16321 16322 16331 16337 16347 16350 16352 16357 16362 16377 16386 16393 16397 16398 16403 16409 16419 16427 16429 16440 16444 16447 16450 16452 16462 16481 16505 16530 16535 16540 16544 16548 16556 16558 16562 16567 16576 16598 16620 16622 16623 16627 16630 16631 16643 16647 16649 16651 16656 16660 16661 16670 16677 16680 16690 16697 16699 16702 16706 16710 16713 16721 16741 16743 16762 16771 16776 16779 16787 16788 16791 16792 16794 16796 16800 16805 16814 16817 16824 16826 16828 16829 16831 16832 16850 16851 16858 16861 16868 16870 16872 16877 16878 16880 16882 16886 16889 16891 16893 16894 16915 16948 16972 16975 16992 16997 17002 17007 17021  
 
[2025-11-21 01:41:57,942][WARNING][/build/python-steps-BSmkRk/python-steps-5.0.4/src/steps/mpi/tetopsplit/tetopsplit.cpp:5826][virtual void steps::mpi::tetopsplit::TetOpSplitP::getBatchTriSpecCountsNP(const steps::index_t*, size_t, const std::string&, double*, size_t) const]: The following triangles have not been assigned to a patch, fill in zeros at target positions:
 
[2025-11-21 01:41:57,942][WARNING][/build/python-steps-BSmkRk/python-steps-5.0.4/src/steps/mpi/tetopsplit/tetopsplit.cpp:5829][virtual void steps::mpi::tetopsplit::TetOpSplitP::getBatchTriSpecCountsNP(const steps::index_t*, size_t, const std::string&, double*, size_t) const]: 12680 12697 12791 12925 12961 13002 13035 13038 13053 13063 13079 13122 13132 13140 13142 13244 13256 13261 13268 13364 13396 13401 13410 13413 13476 13481 13504 13547 13605 13684 13700 13726 13766 13788 13811 13838 13849 13891 13913 13980 13982 13993 14023 14025 14035 14038 14049 14064 14072 14106 14122 14142 14145 14200 14280 14282 14310 14313 14345 14364 14373 14376 14432 14454 14456 14473 14516 14524 14566 14580 14612 14615 14621 14643 14651 14660 14670 14702 14707 14717 14744 14748 14750 14752 14769 14777 14788 14797 14817 14818 14840 14857 14865 14869 14873 14875 14901 14936 14949 14968 14987 14997 14999 15027 15030 15055 15060 15072 15096 15109 15113 15120 15135 15153 15162 15164 15181 15182 15189 15193 15195 15210 15219 15226 15243 15246 15254 15258 15263 15284 15360 15371 15373 15377 15399 15418 15428 15436 15439 15442 15445 15452 15459 15473 15475 15493 15512 15524 15537 15542 15546 15569 15570 15577 15588 15611 15618 15624 15634 15647 15653 15657 15681 15690 15725 15739 15743 15750 15754 15761 15767 15774 15783 15804 15808 15821 15829 15844 15867 15873 15881 15886 15902 15905 15911 15917 15921 15923 15933 15938 15947 15972 15973 15975 15989 15994 15999 16001 16009 16011 16013 16016 16027 16028 16031 16039 16047 16058 16077 16081 16087 16094 16096 16097 16098 16099 16102 16115 16139 16147 16152 16155 16158 16172 16174 16176 16189 16192 16216 16220 16225 16226 16241 16253 16254 16256 16258 16264 16269 16296 16314 16321 16322 16331 16337 16347 16350 16352 16357 16362 16377 16386 16393 16397 16398 16403 16409 16419 16427 16429 16440 16444 16447 16450 16452 16462 16481 16505 16530 16535 16540 16544 16548 16556 16558 16562 16567 16576 16598 16620 16622 16623 16627 16630 16631 16643 16647 16649 16651 16656 16660 16661 16670 16677 16680 16690 16697 16699 16702 16706 16710 16713 16721 16741 16743 16762 16771 16776 16779 16787 16788 16791 16792 16794 16796 16800 16805 16814 16817 16824 16826 16828 16829 16831 16832 16850 16851 16858 16861 16868 16870 16872 16877 16878 16880 16882 16886 16889 16891 16893 16894 16915 16948 16972 16975 16992 16997 17002 17007 17021  
 
[2025-11-21 01:41:57,942][WARNING][/build/python-steps-BSmkRk/python-steps-5.0.4/src/steps/mpi/tetopsplit/tetopsplit.cpp:5826][virtual void steps::mpi::tetopsplit::TetOpSplitP::getBatchTriSpecCountsNP(const steps::index_t*, size_t, const std::string&, double*, size_t) const]: The following triangles have not been assigned to a patch, fill in zeros at target positions:
 
[2025-11-21 01:41:57,943][WARNING][/build/python-steps-BSmkRk/python-steps-5.0.4/src/steps/mpi/tetopsplit/tetopsplit.cpp:5829][virtual void steps::mpi::tetopsplit::TetOpSplitP::getBatchTriSpecCountsNP(const steps::index_t*, size_t, const std::string&, double*, size_t) const]: 12680 12697 12791 12925 12961 13002 13035 13038 13053 13063 13079 13122 13132 13140 13142 13244 13256 13261 13268 13364 13396 13401 13410 13413 13476 13481 13504 13547 13605 13684 13700 13726 13766 13788 13811 13838 13849 13891 13913 13980 13982 13993 14023 14025 14035 14038 14049 14064 14072 14106 14122 14142 14145 14200 14280 14282 14310 14313 14345 14364 14373 14376 14432 14454 14456 14473 14516 14524 14566 14580 14612 14615 14621 14643 14651 14660 14670 14702 14707 14717 14744 14748 14750 14752 14769 14777 14788 14797 14817 14818 14840 14857 14865 14869 14873 14875 14901 14936 14949 14968 14987 14997 14999 15027 15030 15055 15060 15072 15096 15109 15113 15120 15135 15153 15162 15164 15181 15182 15189 15193 15195 15210 15219 15226 15243 15246 15254 15258 15263 15284 15360 15371 15373 15377 15399 15418 15428 15436 15439 15442 15445 15452 15459 15473 15475 15493 15512 15524 15537 15542 15546 15569 15570 15577 15588 15611 15618 15624 15634 15647 15653 15657 15681 15690 15725 15739 15743 15750 15754 15761 15767 15774 15783 15804 15808 15821 15829 15844 15867 15873 15881 15886 15902 15905 15911 15917 15921 15923 15933 15938 15947 15972 15973 15975 15989 15994 15999 16001 16009 16011 16013 16016 16027 16028 16031 16039 16047 16058 16077 16081 16087 16094 16096 16097 16098 16099 16102 16115 16139 16147 16152 16155 16158 16172 16174 16176 16189 16192 16216 16220 16225 16226 16241 16253 16254 16256 16258 16264 16269 16296 16314 16321 16322 16331 16337 16347 16350 16352 16357 16362 16377 16386 16393 16397 16398 16403 16409 16419 16427 16429 16440 16444 16447 16450 16452 16462 16481 16505 16530 16535 16540 16544 16548 16556 16558 16562 16567 16576 16598 16620 16622 16623 16627 16630 16631 16643 16647 16649 16651 16656 16660 16661 16670 16677 16680 16690 16697 16699 16702 16706 16710 16713 16721 16741 16743 16762 16771 16776 16779 16787 16788 16791 16792 16794 16796 16800 16805 16814 16817 16824 16826 16828 16829 16831 16832 16850 16851 16858 16861 16868 16870 16872 16877 16878 16880 16882 16886 16889 16891 16893 16894 16915 16948 16972 16975 16992 16997 17002 17007 17021  
 
[2025-11-21 01:42:00,813][WARNING][/build/python-steps-BSmkRk/python-steps-5.0.4/src/steps/mpi/tetopsplit/tetopsplit.cpp:5826][virtual void steps::mpi::tetopsplit::TetOpSplitP::getBatchTriSpecCountsNP(const steps::index_t*, size_t, const std::string&, double*, size_t) const]: The following triangles have not been assigned to a patch, fill in zeros at target positions:
 
[2025-11-21 01:42:00,813][WARNING][/build/python-steps-BSmkRk/python-steps-5.0.4/src/steps/mpi/tetopsplit/tetopsplit.cpp:5829][virtual void steps::mpi::tetopsplit::TetOpSplitP::getBatchTriSpecCountsNP(const steps::index_t*, size_t, const std::string&, double*, size_t) const]: 12680 12697 12791 12925 12961 13002 13035 13038 13053 13063 13079 13122 13132 13140 13142 13244 13256 13261 13268 13364 13396 13401 13410 13413 13476 13481 13504 13547 13605 13684 13700 13726 13766 13788 13811 13838 13849 13891 13913 13980 13982 13993 14023 14025 14035 14038 14049 14064 14072 14106 14122 14142 14145 14200 14280 14282 14310 14313 14345 14364 14373 14376 14432 14454 14456 14473 14516 14524 14566 14580 14612 14615 14621 14643 14651 14660 14670 14702 14707 14717 14744 14748 14750 14752 14769 14777 14788 14797 14817 14818 14840 14857 14865 14869 14873 14875 14901 14936 14949 14968 14987 14997 14999 15027 15030 15055 15060 15072 15096 15109 15113 15120 15135 15153 15162 15164 15181 15182 15189 15193 15195 15210 15219 15226 15243 15246 15254 15258 15263 15284 15360 15371 15373 15377 15399 15418 15428 15436 15439 15442 15445 15452 15459 15473 15475 15493 15512 15524 15537 15542 15546 15569 15570 15577 15588 15611 15618 15624 15634 15647 15653 15657 15681 15690 15725 15739 15743 15750 15754 15761 15767 15774 15783 15804 15808 15821 15829 15844 15867 15873 15881 15886 15902 15905 15911 15917 15921 15923 15933 15938 15947 15972 15973 15975 15989 15994 15999 16001 16009 16011 16013 16016 16027 16028 16031 16039 16047 16058 16077 16081 16087 16094 16096 16097 16098 16099 16102 16115 16139 16147 16152 16155 16158 16172 16174 16176 16189 16192 16216 16220 16225 16226 16241 16253 16254 16256 16258 16264 16269 16296 16314 16321 16322 16331 16337 16347 16350 16352 16357 16362 16377 16386 16393 16397 16398 16403 16409 16419 16427 16429 16440 16444 16447 16450 16452 16462 16481 16505 16530 16535 16540 16544 16548 16556 16558 16562 16567 16576 16598 16620 16622 16623 16627 16630 16631 16643 16647 16649 16651 16656 16660 16661 16670 16677 16680 16690 16697 16699 16702 16706 16710 16713 16721 16741 16743 16762 16771 16776 16779 16787 16788 16791 16792 16794 16796 16800 16805 16814 16817 16824 16826 16828 16829 16831 16832 16850 16851 16858 16861 16868 16870 16872 16877 16878 16880 16882 16886 16889 16891 16893 16894 16915 16948 16972 16975 16992 16997 17002 17007 17021  
 
[2025-11-21 01:42:00,814][WARNING][/build/python-steps-BSmkRk/python-steps-5.0.4/src/steps/mpi/tetopsplit/tetopsplit.cpp:5826][virtual void steps::mpi::tetopsplit::TetOpSplitP::getBatchTriSpecCountsNP(const steps::index_t*, size_t, const std::string&, double*, size_t) const]: The following triangles have not been assigned to a patch, fill in zeros at target positions:
 
[2025-11-21 01:42:00,814][WARNING][/build/python-steps-BSmkRk/python-steps-5.0.4/src/steps/mpi/tetopsplit/tetopsplit.cpp:5829][virtual void steps::mpi::tetopsplit::TetOpSplitP::getBatchTriSpecCountsNP(const steps::index_t*, size_t, const std::string&, double*, size_t) const]: 12680 12697 12791 12925 12961 13002 13035 13038 13053 13063 13079 13122 13132 13140 13142 13244 13256 13261 13268 13364 13396 13401 13410 13413 13476 13481 13504 13547 13605 13684 13700 13726 13766 13788 13811 13838 13849 13891 13913 13980 13982 13993 14023 14025 14035 14038 14049 14064 14072 14106 14122 14142 14145 14200 14280 14282 14310 14313 14345 14364 14373 14376 14432 14454 14456 14473 14516 14524 14566 14580 14612 14615 14621 14643 14651 14660 14670 14702 14707 14717 14744 14748 14750 14752 14769 14777 14788 14797 14817 14818 14840 14857 14865 14869 14873 14875 14901 14936 14949 14968 14987 14997 14999 15027 15030 15055 15060 15072 15096 15109 15113 15120 15135 15153 15162 15164 15181 15182 15189 15193 15195 15210 15219 15226 15243 15246 15254 15258 15263 15284 15360 15371 15373 15377 15399 15418 15428 15436 15439 15442 15445 15452 15459 15473 15475 15493 15512 15524 15537 15542 15546 15569 15570 15577 15588 15611 15618 15624 15634 15647 15653 15657 15681 15690 15725 15739 15743 15750 15754 15761 15767 15774 15783 15804 15808 15821 15829 15844 15867 15873 15881 15886 15902 15905 15911 15917 15921 15923 15933 15938 15947 15972 15973 15975 15989 15994 15999 16001 16009 16011 16013 16016 16027 16028 16031 16039 16047 16058 16077 16081 16087 16094 16096 16097 16098 16099 16102 16115 16139 16147 16152 16155 16158 16172 16174 16176 16189 16192 16216 16220 16225 16226 16241 16253 16254 16256 16258 16264 16269 16296 16314 16321 16322 16331 16337 16347 16350 16352 16357 16362 16377 16386 16393 16397 16398 16403 16409 16419 16427 16429 16440 16444 16447 16450 16452 16462 16481 16505 16530 16535 16540 16544 16548 16556 16558 16562 16567 16576 16598 16620 16622 16623 16627 16630 16631 16643 16647 16649 16651 16656 16660 16661 16670 16677 16680 16690 16697 16699 16702 16706 16710 16713 16721 16741 16743 16762 16771 16776 16779 16787 16788 16791 16792 16794 16796 16800 16805 16814 16817 16824 16826 16828 16829 16831 16832 16850 16851 16858 16861 16868 16870 16872 16877 16878 16880 16882 16886 16889 16891 16893 16894 16915 16948 16972 16975 16992 16997 17002 17007 17021  
 
[2025-11-21 01:42:00,814][WARNING][/build/python-steps-BSmkRk/python-steps-5.0.4/src/steps/mpi/tetopsplit/tetopsplit.cpp:5826][virtual void steps::mpi::tetopsplit::TetOpSplitP::getBatchTriSpecCountsNP(const steps::index_t*, size_t, const std::string&, double*, size_t) const]: The following triangles have not been assigned to a patch, fill in zeros at target positions:
 
[2025-11-21 01:42:00,814][WARNING][/build/python-steps-BSmkRk/python-steps-5.0.4/src/steps/mpi/tetopsplit/tetopsplit.cpp:5829][virtual void steps::mpi::tetopsplit::TetOpSplitP::getBatchTriSpecCountsNP(const steps::index_t*, size_t, const std::string&, double*, size_t) const]: 12680 12697 12791 12925 12961 13002 13035 13038 13053 13063 13079 13122 13132 13140 13142 13244 13256 13261 13268 13364 13396 13401 13410 13413 13476 13481 13504 13547 13605 13684 13700 13726 13766 13788 13811 13838 13849 13891 13913 13980 13982 13993 14023 14025 14035 14038 14049 14064 14072 14106 14122 14142 14145 14200 14280 14282 14310 14313 14345 14364 14373 14376 14432 14454 14456 14473 14516 14524 14566 14580 14612 14615 14621 14643 14651 14660 14670 14702 14707 14717 14744 14748 14750 14752 14769 14777 14788 14797 14817 14818 14840 14857 14865 14869 14873 14875 14901 14936 14949 14968 14987 14997 14999 15027 15030 15055 15060 15072 15096 15109 15113 15120 15135 15153 15162 15164 15181 15182 15189 15193 15195 15210 15219 15226 15243 15246 15254 15258 15263 15284 15360 15371 15373 15377 15399 15418 15428 15436 15439 15442 15445 15452 15459 15473 15475 15493 15512 15524 15537 15542 15546 15569 15570 15577 15588 15611 15618 15624 15634 15647 15653 15657 15681 15690 15725 15739 15743 15750 15754 15761 15767 15774 15783 15804 15808 15821 15829 15844 15867 15873 15881 15886 15902 15905 15911 15917 15921 15923 15933 15938 15947 15972 15973 15975 15989 15994 15999 16001 16009 16011 16013 16016 16027 16028 16031 16039 16047 16058 16077 16081 16087 16094 16096 16097 16098 16099 16102 16115 16139 16147 16152 16155 16158 16172 16174 16176 16189 16192 16216 16220 16225 16226 16241 16253 16254 16256 16258 16264 16269 16296 16314 16321 16322 16331 16337 16347 16350 16352 16357 16362 16377 16386 16393 16397 16398 16403 16409 16419 16427 16429 16440 16444 16447 16450 16452 16462 16481 16505 16530 16535 16540 16544 16548 16556 16558 16562 16567 16576 16598 16620 16622 16623 16627 16630 16631 16643 16647 16649 16651 16656 16660 16661 16670 16677 16680 16690 16697 16699 16702 16706 16710 16713 16721 16741 16743 16762 16771 16776 16779 16787 16788 16791 16792 16794 16796 16800 16805 16814 16817 16824 16826 16828 16829 16831 16832 16850 16851 16858 16861 16868 16870 16872 16877 16878 16880 16882 16886 16889 16891 16893 16894 16915 16948 16972 16975 16992 16997 17002 17007 17021  
 
[2025-11-21 01:42:00,817][WARNING][/build/python-steps-BSmkRk/python-steps-5.0.4/src/steps/mpi/tetopsplit/tetopsplit.cpp:5826][virtual void steps::mpi::tetopsplit::TetOpSplitP::getBatchTriSpecCountsNP(const steps::index_t*, size_t, const std::string&, double*, size_t) const]: The following triangles have not been assigned to a patch, fill in zeros at target positions:
 
[2025-11-21 01:42:00,817][WARNING][/build/python-steps-BSmkRk/python-steps-5.0.4/src/steps/mpi/tetopsplit/tetopsplit.cpp:5829][virtual void steps::mpi::tetopsplit::TetOpSplitP::getBatchTriSpecCountsNP(const steps::index_t*, size_t, const std::string&, double*, size_t) const]: 12680 12697 12791 12925 12961 13002 13035 13038 13053 13063 13079 13122 13132 13140 13142 13244 13256 13261 13268 13364 13396 13401 13410 13413 13476 13481 13504 13547 13605 13684 13700 13726 13766 13788 13811 13838 13849 13891 13913 13980 13982 13993 14023 14025 14035 14038 14049 14064 14072 14106 14122 14142 14145 14200 14280 14282 14310 14313 14345 14364 14373 14376 14432 14454 14456 14473 14516 14524 14566 14580 14612 14615 14621 14643 14651 14660 14670 14702 14707 14717 14744 14748 14750 14752 14769 14777 14788 14797 14817 14818 14840 14857 14865 14869 14873 14875 14901 14936 14949 14968 14987 14997 14999 15027 15030 15055 15060 15072 15096 15109 15113 15120 15135 15153 15162 15164 15181 15182 15189 15193 15195 15210 15219 15226 15243 15246 15254 15258 15263 15284 15360 15371 15373 15377 15399 15418 15428 15436 15439 15442 15445 15452 15459 15473 15475 15493 15512 15524 15537 15542 15546 15569 15570 15577 15588 15611 15618 15624 15634 15647 15653 15657 15681 15690 15725 15739 15743 15750 15754 15761 15767 15774 15783 15804 15808 15821 15829 15844 15867 15873 15881 15886 15902 15905 15911 15917 15921 15923 15933 15938 15947 15972 15973 15975 15989 15994 15999 16001 16009 16011 16013 16016 16027 16028 16031 16039 16047 16058 16077 16081 16087 16094 16096 16097 16098 16099 16102 16115 16139 16147 16152 16155 16158 16172 16174 16176 16189 16192 16216 16220 16225 16226 16241 16253 16254 16256 16258 16264 16269 16296 16314 16321 16322 16331 16337 16347 16350 16352 16357 16362 16377 16386 16393 16397 16398 16403 16409 16419 16427 16429 16440 16444 16447 16450 16452 16462 16481 16505 16530 16535 16540 16544 16548 16556 16558 16562 16567 16576 16598 16620 16622 16623 16627 16630 16631 16643 16647 16649 16651 16656 16660 16661 16670 16677 16680 16690 16697 16699 16702 16706 16710 16713 16721 16741 16743 16762 16771 16776 16779 16787 16788 16791 16792 16794 16796 16800 16805 16814 16817 16824 16826 16828 16829 16831 16832 16850 16851 16858 16861 16868 16870 16872 16877 16878 16880 16882 16886 16889 16891 16893 16894 16915 16948 16972 16975 16992 16997 17002 17007 17021  
 
[2025-11-21 01:42:03,740][WARNING][/build/python-steps-BSmkRk/python-steps-5.0.4/src/steps/mpi/tetopsplit/tetopsplit.cpp:5826][virtual void steps::mpi::tetopsplit::TetOpSplitP::getBatchTriSpecCountsNP(const steps::index_t*, size_t, const std::string&, double*, size_t) const]: The following triangles have not been assigned to a patch, fill in zeros at target positions:
 
[2025-11-21 01:42:03,740][WARNING][/build/python-steps-BSmkRk/python-steps-5.0.4/src/steps/mpi/tetopsplit/tetopsplit.cpp:5829][virtual void steps::mpi::tetopsplit::TetOpSplitP::getBatchTriSpecCountsNP(const steps::index_t*, size_t, const std::string&, double*, size_t) const]: 12680 12697 12791 12925 12961 13002 13035 13038 13053 13063 13079 13122 13132 13140 13142 13244 13256 13261 13268 13364 13396 13401 13410 13413 13476 13481 13504 13547 13605 13684 13700 13726 13766 13788 13811 13838 13849 13891 13913 13980 13982 13993 14023 14025 14035 14038 14049 14064 14072 14106 14122 14142 14145 14200 14280 14282 14310 14313 14345 14364 14373 14376 14432 14454 14456 14473 14516 14524 14566 14580 14612 14615 14621 14643 14651 14660 14670 14702 14707 14717 14744 14748 14750 14752 14769 14777 14788 14797 14817 14818 14840 14857 14865 14869 14873 14875 14901 14936 14949 14968 14987 14997 14999 15027 15030 15055 15060 15072 15096 15109 15113 15120 15135 15153 15162 15164 15181 15182 15189 15193 15195 15210 15219 15226 15243 15246 15254 15258 15263 15284 15360 15371 15373 15377 15399 15418 15428 15436 15439 15442 15445 15452 15459 15473 15475 15493 15512 15524 15537 15542 15546 15569 15570 15577 15588 15611 15618 15624 15634 15647 15653 15657 15681 15690 15725 15739 15743 15750 15754 15761 15767 15774 15783 15804 15808 15821 15829 15844 15867 15873 15881 15886 15902 15905 15911 15917 15921 15923 15933 15938 15947 15972 15973 15975 15989 15994 15999 16001 16009 16011 16013 16016 16027 16028 16031 16039 16047 16058 16077 16081 16087 16094 16096 16097 16098 16099 16102 16115 16139 16147 16152 16155 16158 16172 16174 16176 16189 16192 16216 16220 16225 16226 16241 16253 16254 16256 16258 16264 16269 16296 16314 16321 16322 16331 16337 16347 16350 16352 16357 16362 16377 16386 16393 16397 16398 16403 16409 16419 16427 16429 16440 16444 16447 16450 16452 16462 16481 16505 16530 16535 16540 16544 16548 16556 16558 16562 16567 16576 16598 16620 16622 16623 16627 16630 16631 16643 16647 16649 16651 16656 16660 16661 16670 16677 16680 16690 16697 16699 16702 16706 16710 16713 16721 16741 16743 16762 16771 16776 16779 16787 16788 16791 16792 16794 16796 16800 16805 16814 16817 16824 16826 16828 16829 16831 16832 16850 16851 16858 16861 16868 16870 16872 16877 16878 16880 16882 16886 16889 16891 16893 16894 16915 16948 16972 16975 16992 16997 17002 17007 17021  
 
[2025-11-21 01:42:03,741][WARNING][/build/python-steps-BSmkRk/python-steps-5.0.4/src/steps/mpi/tetopsplit/tetopsplit.cpp:5826][virtual void steps::mpi::tetopsplit::TetOpSplitP::getBatchTriSpecCountsNP(const steps::index_t*, size_t, const std::string&, double*, size_t) const]: The following triangles have not been assigned to a patch, fill in zeros at target positions:
 
[2025-11-21 01:42:03,741][WARNING][/build/python-steps-BSmkRk/python-steps-5.0.4/src/steps/mpi/tetopsplit/tetopsplit.cpp:5829][virtual void steps::mpi::tetopsplit::TetOpSplitP::getBatchTriSpecCountsNP(const steps::index_t*, size_t, const std::string&, double*, size_t) const]: 12680 12697 12791 12925 12961 13002 13035 13038 13053 13063 13079 13122 13132 13140 13142 13244 13256 13261 13268 13364 13396 13401 13410 13413 13476 13481 13504 13547 13605 13684 13700 13726 13766 13788 13811 13838 13849 13891 13913 13980 13982 13993 14023 14025 14035 14038 14049 14064 14072 14106 14122 14142 14145 14200 14280 14282 14310 14313 14345 14364 14373 14376 14432 14454 14456 14473 14516 14524 14566 14580 14612 14615 14621 14643 14651 14660 14670 14702 14707 14717 14744 14748 14750 14752 14769 14777 14788 14797 14817 14818 14840 14857 14865 14869 14873 14875 14901 14936 14949 14968 14987 14997 14999 15027 15030 15055 15060 15072 15096 15109 15113 15120 15135 15153 15162 15164 15181 15182 15189 15193 15195 15210 15219 15226 15243 15246 15254 15258 15263 15284 15360 15371 15373 15377 15399 15418 15428 15436 15439 15442 15445 15452 15459 15473 15475 15493 15512 15524 15537 15542 15546 15569 15570 15577 15588 15611 15618 15624 15634 15647 15653 15657 15681 15690 15725 15739 15743 15750 15754 15761 15767 15774 15783 15804 15808 15821 15829 15844 15867 15873 15881 15886 15902 15905 15911 15917 15921 15923 15933 15938 15947 15972 15973 15975 15989 15994 15999 16001 16009 16011 16013 16016 16027 16028 16031 16039 16047 16058 16077 16081 16087 16094 16096 16097 16098 16099 16102 16115 16139 16147 16152 16155 16158 16172 16174 16176 16189 16192 16216 16220 16225 16226 16241 16253 16254 16256 16258 16264 16269 16296 16314 16321 16322 16331 16337 16347 16350 16352 16357 16362 16377 16386 16393 16397 16398 16403 16409 16419 16427 16429 16440 16444 16447 16450 16452 16462 16481 16505 16530 16535 16540 16544 16548 16556 16558 16562 16567 16576 16598 16620 16622 16623 16627 16630 16631 16643 16647 16649 16651 16656 16660 16661 16670 16677 16680 16690 16697 16699 16702 16706 16710 16713 16721 16741 16743 16762 16771 16776 16779 16787 16788 16791 16792 16794 16796 16800 16805 16814 16817 16824 16826 16828 16829 16831 16832 16850 16851 16858 16861 16868 16870 16872 16877 16878 16880 16882 16886 16889 16891 16893 16894 16915 16948 16972 16975 16992 16997 17002 17007 17021  
 
[2025-11-21 01:42:03,741][WARNING][/build/python-steps-BSmkRk/python-steps-5.0.4/src/steps/mpi/tetopsplit/tetopsplit.cpp:5826][virtual void steps::mpi::tetopsplit::TetOpSplitP::getBatchTriSpecCountsNP(const steps::index_t*, size_t, const std::string&, double*, size_t) const]: The following triangles have not been assigned to a patch, fill in zeros at target positions:
 
[2025-11-21 01:42:03,741][WARNING][/build/python-steps-BSmkRk/python-steps-5.0.4/src/steps/mpi/tetopsplit/tetopsplit.cpp:5829][virtual void steps::mpi::tetopsplit::TetOpSplitP::getBatchTriSpecCountsNP(const steps::index_t*, size_t, const std::string&, double*, size_t) const]: 12680 12697 12791 12925 12961 13002 13035 13038 13053 13063 13079 13122 13132 13140 13142 13244 13256 13261 13268 13364 13396 13401 13410 13413 13476 13481 13504 13547 13605 13684 13700 13726 13766 13788 13811 13838 13849 13891 13913 13980 13982 13993 14023 14025 14035 14038 14049 14064 14072 14106 14122 14142 14145 14200 14280 14282 14310 14313 14345 14364 14373 14376 14432 14454 14456 14473 14516 14524 14566 14580 14612 14615 14621 14643 14651 14660 14670 14702 14707 14717 14744 14748 14750 14752 14769 14777 14788 14797 14817 14818 14840 14857 14865 14869 14873 14875 14901 14936 14949 14968 14987 14997 14999 15027 15030 15055 15060 15072 15096 15109 15113 15120 15135 15153 15162 15164 15181 15182 15189 15193 15195 15210 15219 15226 15243 15246 15254 15258 15263 15284 15360 15371 15373 15377 15399 15418 15428 15436 15439 15442 15445 15452 15459 15473 15475 15493 15512 15524 15537 15542 15546 15569 15570 15577 15588 15611 15618 15624 15634 15647 15653 15657 15681 15690 15725 15739 15743 15750 15754 15761 15767 15774 15783 15804 15808 15821 15829 15844 15867 15873 15881 15886 15902 15905 15911 15917 15921 15923 15933 15938 15947 15972 15973 15975 15989 15994 15999 16001 16009 16011 16013 16016 16027 16028 16031 16039 16047 16058 16077 16081 16087 16094 16096 16097 16098 16099 16102 16115 16139 16147 16152 16155 16158 16172 16174 16176 16189 16192 16216 16220 16225 16226 16241 16253 16254 16256 16258 16264 16269 16296 16314 16321 16322 16331 16337 16347 16350 16352 16357 16362 16377 16386 16393 16397 16398 16403 16409 16419 16427 16429 16440 16444 16447 16450 16452 16462 16481 16505 16530 16535 16540 16544 16548 16556 16558 16562 16567 16576 16598 16620 16622 16623 16627 16630 16631 16643 16647 16649 16651 16656 16660 16661 16670 16677 16680 16690 16697 16699 16702 16706 16710 16713 16721 16741 16743 16762 16771 16776 16779 16787 16788 16791 16792 16794 16796 16800 16805 16814 16817 16824 16826 16828 16829 16831 16832 16850 16851 16858 16861 16868 16870 16872 16877 16878 16880 16882 16886 16889 16891 16893 16894 16915 16948 16972 16975 16992 16997 17002 17007 17021  
 
[2025-11-21 01:42:03,743][WARNING][/build/python-steps-BSmkRk/python-steps-5.0.4/src/steps/mpi/tetopsplit/tetopsplit.cpp:5826][virtual void steps::mpi::tetopsplit::TetOpSplitP::getBatchTriSpecCountsNP(const steps::index_t*, size_t, const std::string&, double*, size_t) const]: The following triangles have not been assigned to a patch, fill in zeros at target positions:
 
[2025-11-21 01:42:03,743][WARNING][/build/python-steps-BSmkRk/python-steps-5.0.4/src/steps/mpi/tetopsplit/tetopsplit.cpp:5829][virtual void steps::mpi::tetopsplit::TetOpSplitP::getBatchTriSpecCountsNP(const steps::index_t*, size_t, const std::string&, double*, size_t) const]: 12680 12697 12791 12925 12961 13002 13035 13038 13053 13063 13079 13122 13132 13140 13142 13244 13256 13261 13268 13364 13396 13401 13410 13413 13476 13481 13504 13547 13605 13684 13700 13726 13766 13788 13811 13838 13849 13891 13913 13980 13982 13993 14023 14025 14035 14038 14049 14064 14072 14106 14122 14142 14145 14200 14280 14282 14310 14313 14345 14364 14373 14376 14432 14454 14456 14473 14516 14524 14566 14580 14612 14615 14621 14643 14651 14660 14670 14702 14707 14717 14744 14748 14750 14752 14769 14777 14788 14797 14817 14818 14840 14857 14865 14869 14873 14875 14901 14936 14949 14968 14987 14997 14999 15027 15030 15055 15060 15072 15096 15109 15113 15120 15135 15153 15162 15164 15181 15182 15189 15193 15195 15210 15219 15226 15243 15246 15254 15258 15263 15284 15360 15371 15373 15377 15399 15418 15428 15436 15439 15442 15445 15452 15459 15473 15475 15493 15512 15524 15537 15542 15546 15569 15570 15577 15588 15611 15618 15624 15634 15647 15653 15657 15681 15690 15725 15739 15743 15750 15754 15761 15767 15774 15783 15804 15808 15821 15829 15844 15867 15873 15881 15886 15902 15905 15911 15917 15921 15923 15933 15938 15947 15972 15973 15975 15989 15994 15999 16001 16009 16011 16013 16016 16027 16028 16031 16039 16047 16058 16077 16081 16087 16094 16096 16097 16098 16099 16102 16115 16139 16147 16152 16155 16158 16172 16174 16176 16189 16192 16216 16220 16225 16226 16241 16253 16254 16256 16258 16264 16269 16296 16314 16321 16322 16331 16337 16347 16350 16352 16357 16362 16377 16386 16393 16397 16398 16403 16409 16419 16427 16429 16440 16444 16447 16450 16452 16462 16481 16505 16530 16535 16540 16544 16548 16556 16558 16562 16567 16576 16598 16620 16622 16623 16627 16630 16631 16643 16647 16649 16651 16656 16660 16661 16670 16677 16680 16690 16697 16699 16702 16706 16710 16713 16721 16741 16743 16762 16771 16776 16779 16787 16788 16791 16792 16794 16796 16800 16805 16814 16817 16824 16826 16828 16829 16831 16832 16850 16851 16858 16861 16868 16870 16872 16877 16878 16880 16882 16886 16889 16891 16893 16894 16915 16948 16972 16975 16992 16997 17002 17007 17021  
 
[2025-11-21 01:42:06,724][WARNING][/build/python-steps-BSmkRk/python-steps-5.0.4/src/steps/mpi/tetopsplit/tetopsplit.cpp:5826][virtual void steps::mpi::tetopsplit::TetOpSplitP::getBatchTriSpecCountsNP(const steps::index_t*, size_t, const std::string&, double*, size_t) const]: The following triangles have not been assigned to a patch, fill in zeros at target positions:
 
[2025-11-21 01:42:06,724][WARNING][/build/python-steps-BSmkRk/python-steps-5.0.4/src/steps/mpi/tetopsplit/tetopsplit.cpp:5829][virtual void steps::mpi::tetopsplit::TetOpSplitP::getBatchTriSpecCountsNP(const steps::index_t*, size_t, const std::string&, double*, size_t) const]: 12680 12697 12791 12925 12961 13002 13035 13038 13053 13063 13079 13122 13132 13140 13142 13244 13256 13261 13268 13364 13396 13401 13410 13413 13476 13481 13504 13547 13605 13684 13700 13726 13766 13788 13811 13838 13849 13891 13913 13980 13982 13993 14023 14025 14035 14038 14049 14064 14072 14106 14122 14142 14145 14200 14280 14282 14310 14313 14345 14364 14373 14376 14432 14454 14456 14473 14516 14524 14566 14580 14612 14615 14621 14643 14651 14660 14670 14702 14707 14717 14744 14748 14750 14752 14769 14777 14788 14797 14817 14818 14840 14857 14865 14869 14873 14875 14901 14936 14949 14968 14987 14997 14999 15027 15030 15055 15060 15072 15096 15109 15113 15120 15135 15153 15162 15164 15181 15182 15189 15193 15195 15210 15219 15226 15243 15246 15254 15258 15263 15284 15360 15371 15373 15377 15399 15418 15428 15436 15439 15442 15445 15452 15459 15473 15475 15493 15512 15524 15537 15542 15546 15569 15570 15577 15588 15611 15618 15624 15634 15647 15653 15657 15681 15690 15725 15739 15743 15750 15754 15761 15767 15774 15783 15804 15808 15821 15829 15844 15867 15873 15881 15886 15902 15905 15911 15917 15921 15923 15933 15938 15947 15972 15973 15975 15989 15994 15999 16001 16009 16011 16013 16016 16027 16028 16031 16039 16047 16058 16077 16081 16087 16094 16096 16097 16098 16099 16102 16115 16139 16147 16152 16155 16158 16172 16174 16176 16189 16192 16216 16220 16225 16226 16241 16253 16254 16256 16258 16264 16269 16296 16314 16321 16322 16331 16337 16347 16350 16352 16357 16362 16377 16386 16393 16397 16398 16403 16409 16419 16427 16429 16440 16444 16447 16450 16452 16462 16481 16505 16530 16535 16540 16544 16548 16556 16558 16562 16567 16576 16598 16620 16622 16623 16627 16630 16631 16643 16647 16649 16651 16656 16660 16661 16670 16677 16680 16690 16697 16699 16702 16706 16710 16713 16721 16741 16743 16762 16771 16776 16779 16787 16788 16791 16792 16794 16796 16800 16805 16814 16817 16824 16826 16828 16829 16831 16832 16850 16851 16858 16861 16868 16870 16872 16877 16878 16880 16882 16886 16889 16891 16893 16894 16915 16948 16972 16975 16992 16997 17002 17007 17021  
 
[2025-11-21 01:42:06,724][WARNING][/build/python-steps-BSmkRk/python-steps-5.0.4/src/steps/mpi/tetopsplit/tetopsplit.cpp:5826][virtual void steps::mpi::tetopsplit::TetOpSplitP::getBatchTriSpecCountsNP(const steps::index_t*, size_t, const std::string&, double*, size_t) const]: The following triangles have not been assigned to a patch, fill in zeros at target positions:
 
[2025-11-21 01:42:06,724][WARNING][/build/python-steps-BSmkRk/python-steps-5.0.4/src/steps/mpi/tetopsplit/tetopsplit.cpp:5829][virtual void steps::mpi::tetopsplit::TetOpSplitP::getBatchTriSpecCountsNP(const steps::index_t*, size_t, const std::string&, double*, size_t) const]: 12680 12697 12791 12925 12961 13002 13035 13038 13053 13063 13079 13122 13132 13140 13142 13244 13256 13261 13268 13364 13396 13401 13410 13413 13476 13481 13504 13547 13605 13684 13700 13726 13766 13788 13811 13838 13849 13891 13913 13980 13982 13993 14023 14025 14035 14038 14049 14064 14072 14106 14122 14142 14145 14200 14280 14282 14310 14313 14345 14364 14373 14376 14432 14454 14456 14473 14516 14524 14566 14580 14612 14615 14621 14643 14651 14660 14670 14702 14707 14717 14744 14748 14750 14752 14769 14777 14788 14797 14817 14818 14840 14857 14865 14869 14873 14875 14901 14936 14949 14968 14987 14997 14999 15027 15030 15055 15060 15072 15096 15109 15113 15120 15135 15153 15162 15164 15181 15182 15189 15193 15195 15210 15219 15226 15243 15246 15254 15258 15263 15284 15360 15371 15373 15377 15399 15418 15428 15436 15439 15442 15445 15452 15459 15473 15475 15493 15512 15524 15537 15542 15546 15569 15570 15577 15588 15611 15618 15624 15634 15647 15653 15657 15681 15690 15725 15739 15743 15750 15754 15761 15767 15774 15783 15804 15808 15821 15829 15844 15867 15873 15881 15886 15902 15905 15911 15917 15921 15923 15933 15938 15947 15972 15973 15975 15989 15994 15999 16001 16009 16011 16013 16016 16027 16028 16031 16039 16047 16058 16077 16081 16087 16094 16096 16097 16098 16099 16102 16115 16139 16147 16152 16155 16158 16172 16174 16176 16189 16192 16216 16220 16225 16226 16241 16253 16254 16256 16258 16264 16269 16296 16314 16321 16322 16331 16337 16347 16350 16352 16357 16362 16377 16386 16393 16397 16398 16403 16409 16419 16427 16429 16440 16444 16447 16450 16452 16462 16481 16505 16530 16535 16540 16544 16548 16556 16558 16562 16567 16576 16598 16620 16622 16623 16627 16630 16631 16643 16647 16649 16651 16656 16660 16661 16670 16677 16680 16690 16697 16699 16702 16706 16710 16713 16721 16741 16743 16762 16771 16776 16779 16787 16788 16791 16792 16794 16796 16800 16805 16814 16817 16824 16826 16828 16829 16831 16832 16850 16851 16858 16861 16868 16870 16872 16877 16878 16880 16882 16886 16889 16891 16893 16894 16915 16948 16972 16975 16992 16997 17002 17007 17021  
 
[2025-11-21 01:42:06,725][WARNING][/build/python-steps-BSmkRk/python-steps-5.0.4/src/steps/mpi/tetopsplit/tetopsplit.cpp:5826][virtual void steps::mpi::tetopsplit::TetOpSplitP::getBatchTriSpecCountsNP(const steps::index_t*, size_t, const std::string&, double*, size_t) const]: The following triangles have not been assigned to a patch, fill in zeros at target positions:
 
[2025-11-21 01:42:06,725][WARNING][/build/python-steps-BSmkRk/python-steps-5.0.4/src/steps/mpi/tetopsplit/tetopsplit.cpp:5829][virtual void steps::mpi::tetopsplit::TetOpSplitP::getBatchTriSpecCountsNP(const steps::index_t*, size_t, const std::string&, double*, size_t) const]: 12680 12697 12791 12925 12961 13002 13035 13038 13053 13063 13079 13122 13132 13140 13142 13244 13256 13261 13268 13364 13396 13401 13410 13413 13476 13481 13504 13547 13605 13684 13700 13726 13766 13788 13811 13838 13849 13891 13913 13980 13982 13993 14023 14025 14035 14038 14049 14064 14072 14106 14122 14142 14145 14200 14280 14282 14310 14313 14345 14364 14373 14376 14432 14454 14456 14473 14516 14524 14566 14580 14612 14615 14621 14643 14651 14660 14670 14702 14707 14717 14744 14748 14750 14752 14769 14777 14788 14797 14817 14818 14840 14857 14865 14869 14873 14875 14901 14936 14949 14968 14987 14997 14999 15027 15030 15055 15060 15072 15096 15109 15113 15120 15135 15153 15162 15164 15181 15182 15189 15193 15195 15210 15219 15226 15243 15246 15254 15258 15263 15284 15360 15371 15373 15377 15399 15418 15428 15436 15439 15442 15445 15452 15459 15473 15475 15493 15512 15524 15537 15542 15546 15569 15570 15577 15588 15611 15618 15624 15634 15647 15653 15657 15681 15690 15725 15739 15743 15750 15754 15761 15767 15774 15783 15804 15808 15821 15829 15844 15867 15873 15881 15886 15902 15905 15911 15917 15921 15923 15933 15938 15947 15972 15973 15975 15989 15994 15999 16001 16009 16011 16013 16016 16027 16028 16031 16039 16047 16058 16077 16081 16087 16094 16096 16097 16098 16099 16102 16115 16139 16147 16152 16155 16158 16172 16174 16176 16189 16192 16216 16220 16225 16226 16241 16253 16254 16256 16258 16264 16269 16296 16314 16321 16322 16331 16337 16347 16350 16352 16357 16362 16377 16386 16393 16397 16398 16403 16409 16419 16427 16429 16440 16444 16447 16450 16452 16462 16481 16505 16530 16535 16540 16544 16548 16556 16558 16562 16567 16576 16598 16620 16622 16623 16627 16630 16631 16643 16647 16649 16651 16656 16660 16661 16670 16677 16680 16690 16697 16699 16702 16706 16710 16713 16721 16741 16743 16762 16771 16776 16779 16787 16788 16791 16792 16794 16796 16800 16805 16814 16817 16824 16826 16828 16829 16831 16832 16850 16851 16858 16861 16868 16870 16872 16877 16878 16880 16882 16886 16889 16891 16893 16894 16915 16948 16972 16975 16992 16997 17002 17007 17021  
 
[2025-11-21 01:42:06,726][WARNING][/build/python-steps-BSmkRk/python-steps-5.0.4/src/steps/mpi/tetopsplit/tetopsplit.cpp:5826][virtual void steps::mpi::tetopsplit::TetOpSplitP::getBatchTriSpecCountsNP(const steps::index_t*, size_t, const std::string&, double*, size_t) const]: The following triangles have not been assigned to a patch, fill in zeros at target positions:
 
[2025-11-21 01:42:06,726][WARNING][/build/python-steps-BSmkRk/python-steps-5.0.4/src/steps/mpi/tetopsplit/tetopsplit.cpp:5829][virtual void steps::mpi::tetopsplit::TetOpSplitP::getBatchTriSpecCountsNP(const steps::index_t*, size_t, const std::string&, double*, size_t) const]: 12680 12697 12791 12925 12961 13002 13035 13038 13053 13063 13079 13122 13132 13140 13142 13244 13256 13261 13268 13364 13396 13401 13410 13413 13476 13481 13504 13547 13605 13684 13700 13726 13766 13788 13811 13838 13849 13891 13913 13980 13982 13993 14023 14025 14035 14038 14049 14064 14072 14106 14122 14142 14145 14200 14280 14282 14310 14313 14345 14364 14373 14376 14432 14454 14456 14473 14516 14524 14566 14580 14612 14615 14621 14643 14651 14660 14670 14702 14707 14717 14744 14748 14750 14752 14769 14777 14788 14797 14817 14818 14840 14857 14865 14869 14873 14875 14901 14936 14949 14968 14987 14997 14999 15027 15030 15055 15060 15072 15096 15109 15113 15120 15135 15153 15162 15164 15181 15182 15189 15193 15195 15210 15219 15226 15243 15246 15254 15258 15263 15284 15360 15371 15373 15377 15399 15418 15428 15436 15439 15442 15445 15452 15459 15473 15475 15493 15512 15524 15537 15542 15546 15569 15570 15577 15588 15611 15618 15624 15634 15647 15653 15657 15681 15690 15725 15739 15743 15750 15754 15761 15767 15774 15783 15804 15808 15821 15829 15844 15867 15873 15881 15886 15902 15905 15911 15917 15921 15923 15933 15938 15947 15972 15973 15975 15989 15994 15999 16001 16009 16011 16013 16016 16027 16028 16031 16039 16047 16058 16077 16081 16087 16094 16096 16097 16098 16099 16102 16115 16139 16147 16152 16155 16158 16172 16174 16176 16189 16192 16216 16220 16225 16226 16241 16253 16254 16256 16258 16264 16269 16296 16314 16321 16322 16331 16337 16347 16350 16352 16357 16362 16377 16386 16393 16397 16398 16403 16409 16419 16427 16429 16440 16444 16447 16450 16452 16462 16481 16505 16530 16535 16540 16544 16548 16556 16558 16562 16567 16576 16598 16620 16622 16623 16627 16630 16631 16643 16647 16649 16651 16656 16660 16661 16670 16677 16680 16690 16697 16699 16702 16706 16710 16713 16721 16741 16743 16762 16771 16776 16779 16787 16788 16791 16792 16794 16796 16800 16805 16814 16817 16824 16826 16828 16829 16831 16832 16850 16851 16858 16861 16868 16870 16872 16877 16878 16880 16882 16886 16889 16891 16893 16894 16915 16948 16972 16975 16992 16997 17002 17007 17021  
 
[2025-11-21 01:42:09,765][WARNING][/build/python-steps-BSmkRk/python-steps-5.0.4/src/steps/mpi/tetopsplit/tetopsplit.cpp:5826][virtual void steps::mpi::tetopsplit::TetOpSplitP::getBatchTriSpecCountsNP(const steps::index_t*, size_t, const std::string&, double*, size_t) const]: The following triangles have not been assigned to a patch, fill in zeros at target positions:
 
[2025-11-21 01:42:09,765][WARNING][/build/python-steps-BSmkRk/python-steps-5.0.4/src/steps/mpi/tetopsplit/tetopsplit.cpp:5829][virtual void steps::mpi::tetopsplit::TetOpSplitP::getBatchTriSpecCountsNP(const steps::index_t*, size_t, const std::string&, double*, size_t) const]: 12680 12697 12791 12925 12961 13002 13035 13038 13053 13063 13079 13122 13132 13140 13142 13244 13256 13261 13268 13364 13396 13401 13410 13413 13476 13481 13504 13547 13605 13684 13700 13726 13766 13788 13811 13838 13849 13891 13913 13980 13982 13993 14023 14025 14035 14038 14049 14064 14072 14106 14122 14142 14145 14200 14280 14282 14310 14313 14345 14364 14373 14376 14432 14454 14456 14473 14516 14524 14566 14580 14612 14615 14621 14643 14651 14660 14670 14702 14707 14717 14744 14748 14750 14752 14769 14777 14788 14797 14817 14818 14840 14857 14865 14869 14873 14875 14901 14936 14949 14968 14987 14997 14999 15027 15030 15055 15060 15072 15096 15109 15113 15120 15135 15153 15162 15164 15181 15182 15189 15193 15195 15210 15219 15226 15243 15246 15254 15258 15263 15284 15360 15371 15373 15377 15399 15418 15428 15436 15439 15442 15445 15452 15459 15473 15475 15493 15512 15524 15537 15542 15546 15569 15570 15577 15588 15611 15618 15624 15634 15647 15653 15657 15681 15690 15725 15739 15743 15750 15754 15761 15767 15774 15783 15804 15808 15821 15829 15844 15867 15873 15881 15886 15902 15905 15911 15917 15921 15923 15933 15938 15947 15972 15973 15975 15989 15994 15999 16001 16009 16011 16013 16016 16027 16028 16031 16039 16047 16058 16077 16081 16087 16094 16096 16097 16098 16099 16102 16115 16139 16147 16152 16155 16158 16172 16174 16176 16189 16192 16216 16220 16225 16226 16241 16253 16254 16256 16258 16264 16269 16296 16314 16321 16322 16331 16337 16347 16350 16352 16357 16362 16377 16386 16393 16397 16398 16403 16409 16419 16427 16429 16440 16444 16447 16450 16452 16462 16481 16505 16530 16535 16540 16544 16548 16556 16558 16562 16567 16576 16598 16620 16622 16623 16627 16630 16631 16643 16647 16649 16651 16656 16660 16661 16670 16677 16680 16690 16697 16699 16702 16706 16710 16713 16721 16741 16743 16762 16771 16776 16779 16787 16788 16791 16792 16794 16796 16800 16805 16814 16817 16824 16826 16828 16829 16831 16832 16850 16851 16858 16861 16868 16870 16872 16877 16878 16880 16882 16886 16889 16891 16893 16894 16915 16948 16972 16975 16992 16997 17002 17007 17021  
 
[2025-11-21 01:42:09,765][WARNING][/build/python-steps-BSmkRk/python-steps-5.0.4/src/steps/mpi/tetopsplit/tetopsplit.cpp:5826][virtual void steps::mpi::tetopsplit::TetOpSplitP::getBatchTriSpecCountsNP(const steps::index_t*, size_t, const std::string&, double*, size_t) const]: The following triangles have not been assigned to a patch, fill in zeros at target positions:
 
[2025-11-21 01:42:09,765][WARNING][/build/python-steps-BSmkRk/python-steps-5.0.4/src/steps/mpi/tetopsplit/tetopsplit.cpp:5829][virtual void steps::mpi::tetopsplit::TetOpSplitP::getBatchTriSpecCountsNP(const steps::index_t*, size_t, const std::string&, double*, size_t) const]: 12680 12697 12791 12925 12961 13002 13035 13038 13053 13063 13079 13122 13132 13140 13142 13244 13256 13261 13268 13364 13396 13401 13410 13413 13476 13481 13504 13547 13605 13684 13700 13726 13766 13788 13811 13838 13849 13891 13913 13980 13982 13993 14023 14025 14035 14038 14049 14064 14072 14106 14122 14142 14145 14200 14280 14282 14310 14313 14345 14364 14373 14376 14432 14454 14456 14473 14516 14524 14566 14580 14612 14615 14621 14643 14651 14660 14670 14702 14707 14717 14744 14748 14750 14752 14769 14777 14788 14797 14817 14818 14840 14857 14865 14869 14873 14875 14901 14936 14949 14968 14987 14997 14999 15027 15030 15055 15060 15072 15096 15109 15113 15120 15135 15153 15162 15164 15181 15182 15189 15193 15195 15210 15219 15226 15243 15246 15254 15258 15263 15284 15360 15371 15373 15377 15399 15418 15428 15436 15439 15442 15445 15452 15459 15473 15475 15493 15512 15524 15537 15542 15546 15569 15570 15577 15588 15611 15618 15624 15634 15647 15653 15657 15681 15690 15725 15739 15743 15750 15754 15761 15767 15774 15783 15804 15808 15821 15829 15844 15867 15873 15881 15886 15902 15905 15911 15917 15921 15923 15933 15938 15947 15972 15973 15975 15989 15994 15999 16001 16009 16011 16013 16016 16027 16028 16031 16039 16047 16058 16077 16081 16087 16094 16096 16097 16098 16099 16102 16115 16139 16147 16152 16155 16158 16172 16174 16176 16189 16192 16216 16220 16225 16226 16241 16253 16254 16256 16258 16264 16269 16296 16314 16321 16322 16331 16337 16347 16350 16352 16357 16362 16377 16386 16393 16397 16398 16403 16409 16419 16427 16429 16440 16444 16447 16450 16452 16462 16481 16505 16530 16535 16540 16544 16548 16556 16558 16562 16567 16576 16598 16620 16622 16623 16627 16630 16631 16643 16647 16649 16651 16656 16660 16661 16670 16677 16680 16690 16697 16699 16702 16706 16710 16713 16721 16741 16743 16762 16771 16776 16779 16787 16788 16791 16792 16794 16796 16800 16805 16814 16817 16824 16826 16828 16829 16831 16832 16850 16851 16858 16861 16868 16870 16872 16877 16878 16880 16882 16886 16889 16891 16893 16894 16915 16948 16972 16975 16992 16997 17002 17007 17021  
 
[2025-11-21 01:42:09,766][WARNING][/build/python-steps-BSmkRk/python-steps-5.0.4/src/steps/mpi/tetopsplit/tetopsplit.cpp:5826][virtual void steps::mpi::tetopsplit::TetOpSplitP::getBatchTriSpecCountsNP(const steps::index_t*, size_t, const std::string&, double*, size_t) const]: The following triangles have not been assigned to a patch, fill in zeros at target positions:
 
[2025-11-21 01:42:09,766][WARNING][/build/python-steps-BSmkRk/python-steps-5.0.4/src/steps/mpi/tetopsplit/tetopsplit.cpp:5829][virtual void steps::mpi::tetopsplit::TetOpSplitP::getBatchTriSpecCountsNP(const steps::index_t*, size_t, const std::string&, double*, size_t) const]: 12680 12697 12791 12925 12961 13002 13035 13038 13053 13063 13079 13122 13132 13140 13142 13244 13256 13261 13268 13364 13396 13401 13410 13413 13476 13481 13504 13547 13605 13684 13700 13726 13766 13788 13811 13838 13849 13891 13913 13980 13982 13993 14023 14025 14035 14038 14049 14064 14072 14106 14122 14142 14145 14200 14280 14282 14310 14313 14345 14364 14373 14376 14432 14454 14456 14473 14516 14524 14566 14580 14612 14615 14621 14643 14651 14660 14670 14702 14707 14717 14744 14748 14750 14752 14769 14777 14788 14797 14817 14818 14840 14857 14865 14869 14873 14875 14901 14936 14949 14968 14987 14997 14999 15027 15030 15055 15060 15072 15096 15109 15113 15120 15135 15153 15162 15164 15181 15182 15189 15193 15195 15210 15219 15226 15243 15246 15254 15258 15263 15284 15360 15371 15373 15377 15399 15418 15428 15436 15439 15442 15445 15452 15459 15473 15475 15493 15512 15524 15537 15542 15546 15569 15570 15577 15588 15611 15618 15624 15634 15647 15653 15657 15681 15690 15725 15739 15743 15750 15754 15761 15767 15774 15783 15804 15808 15821 15829 15844 15867 15873 15881 15886 15902 15905 15911 15917 15921 15923 15933 15938 15947 15972 15973 15975 15989 15994 15999 16001 16009 16011 16013 16016 16027 16028 16031 16039 16047 16058 16077 16081 16087 16094 16096 16097 16098 16099 16102 16115 16139 16147 16152 16155 16158 16172 16174 16176 16189 16192 16216 16220 16225 16226 16241 16253 16254 16256 16258 16264 16269 16296 16314 16321 16322 16331 16337 16347 16350 16352 16357 16362 16377 16386 16393 16397 16398 16403 16409 16419 16427 16429 16440 16444 16447 16450 16452 16462 16481 16505 16530 16535 16540 16544 16548 16556 16558 16562 16567 16576 16598 16620 16622 16623 16627 16630 16631 16643 16647 16649 16651 16656 16660 16661 16670 16677 16680 16690 16697 16699 16702 16706 16710 16713 16721 16741 16743 16762 16771 16776 16779 16787 16788 16791 16792 16794 16796 16800 16805 16814 16817 16824 16826 16828 16829 16831 16832 16850 16851 16858 16861 16868 16870 16872 16877 16878 16880 16882 16886 16889 16891 16893 16894 16915 16948 16972 16975 16992 16997 17002 17007 17021  
 
[2025-11-21 01:42:09,767][WARNING][/build/python-steps-BSmkRk/python-steps-5.0.4/src/steps/mpi/tetopsplit/tetopsplit.cpp:5826][virtual void steps::mpi::tetopsplit::TetOpSplitP::getBatchTriSpecCountsNP(const steps::index_t*, size_t, const std::string&, double*, size_t) const]: The following triangles have not been assigned to a patch, fill in zeros at target positions:
 
[2025-11-21 01:42:09,767][WARNING][/build/python-steps-BSmkRk/python-steps-5.0.4/src/steps/mpi/tetopsplit/tetopsplit.cpp:5829][virtual void steps::mpi::tetopsplit::TetOpSplitP::getBatchTriSpecCountsNP(const steps::index_t*, size_t, const std::string&, double*, size_t) const]: 12680 12697 12791 12925 12961 13002 13035 13038 13053 13063 13079 13122 13132 13140 13142 13244 13256 13261 13268 13364 13396 13401 13410 13413 13476 13481 13504 13547 13605 13684 13700 13726 13766 13788 13811 13838 13849 13891 13913 13980 13982 13993 14023 14025 14035 14038 14049 14064 14072 14106 14122 14142 14145 14200 14280 14282 14310 14313 14345 14364 14373 14376 14432 14454 14456 14473 14516 14524 14566 14580 14612 14615 14621 14643 14651 14660 14670 14702 14707 14717 14744 14748 14750 14752 14769 14777 14788 14797 14817 14818 14840 14857 14865 14869 14873 14875 14901 14936 14949 14968 14987 14997 14999 15027 15030 15055 15060 15072 15096 15109 15113 15120 15135 15153 15162 15164 15181 15182 15189 15193 15195 15210 15219 15226 15243 15246 15254 15258 15263 15284 15360 15371 15373 15377 15399 15418 15428 15436 15439 15442 15445 15452 15459 15473 15475 15493 15512 15524 15537 15542 15546 15569 15570 15577 15588 15611 15618 15624 15634 15647 15653 15657 15681 15690 15725 15739 15743 15750 15754 15761 15767 15774 15783 15804 15808 15821 15829 15844 15867 15873 15881 15886 15902 15905 15911 15917 15921 15923 15933 15938 15947 15972 15973 15975 15989 15994 15999 16001 16009 16011 16013 16016 16027 16028 16031 16039 16047 16058 16077 16081 16087 16094 16096 16097 16098 16099 16102 16115 16139 16147 16152 16155 16158 16172 16174 16176 16189 16192 16216 16220 16225 16226 16241 16253 16254 16256 16258 16264 16269 16296 16314 16321 16322 16331 16337 16347 16350 16352 16357 16362 16377 16386 16393 16397 16398 16403 16409 16419 16427 16429 16440 16444 16447 16450 16452 16462 16481 16505 16530 16535 16540 16544 16548 16556 16558 16562 16567 16576 16598 16620 16622 16623 16627 16630 16631 16643 16647 16649 16651 16656 16660 16661 16670 16677 16680 16690 16697 16699 16702 16706 16710 16713 16721 16741 16743 16762 16771 16776 16779 16787 16788 16791 16792 16794 16796 16800 16805 16814 16817 16824 16826 16828 16829 16831 16832 16850 16851 16858 16861 16868 16870 16872 16877 16878 16880 16882 16886 16889 16891 16893 16894 16915 16948 16972 16975 16992 16997 17002 17007 17021  
 
[2025-11-21 01:42:12,863][WARNING][/build/python-steps-BSmkRk/python-steps-5.0.4/src/steps/mpi/tetopsplit/tetopsplit.cpp:5826][virtual void steps::mpi::tetopsplit::TetOpSplitP::getBatchTriSpecCountsNP(const steps::index_t*, size_t, const std::string&, double*, size_t) const]: The following triangles have not been assigned to a patch, fill in zeros at target positions:
 
[2025-11-21 01:42:12,863][WARNING][/build/python-steps-BSmkRk/python-steps-5.0.4/src/steps/mpi/tetopsplit/tetopsplit.cpp:5829][virtual void steps::mpi::tetopsplit::TetOpSplitP::getBatchTriSpecCountsNP(const steps::index_t*, size_t, const std::string&, double*, size_t) const]: 12680 12697 12791 12925 12961 13002 13035 13038 13053 13063 13079 13122 13132 13140 13142 13244 13256 13261 13268 13364 13396 13401 13410 13413 13476 13481 13504 13547 13605 13684 13700 13726 13766 13788 13811 13838 13849 13891 13913 13980 13982 13993 14023 14025 14035 14038 14049 14064 14072 14106 14122 14142 14145 14200 14280 14282 14310 14313 14345 14364 14373 14376 14432 14454 14456 14473 14516 14524 14566 14580 14612 14615 14621 14643 14651 14660 14670 14702 14707 14717 14744 14748 14750 14752 14769 14777 14788 14797 14817 14818 14840 14857 14865 14869 14873 14875 14901 14936 14949 14968 14987 14997 14999 15027 15030 15055 15060 15072 15096 15109 15113 15120 15135 15153 15162 15164 15181 15182 15189 15193 15195 15210 15219 15226 15243 15246 15254 15258 15263 15284 15360 15371 15373 15377 15399 15418 15428 15436 15439 15442 15445 15452 15459 15473 15475 15493 15512 15524 15537 15542 15546 15569 15570 15577 15588 15611 15618 15624 15634 15647 15653 15657 15681 15690 15725 15739 15743 15750 15754 15761 15767 15774 15783 15804 15808 15821 15829 15844 15867 15873 15881 15886 15902 15905 15911 15917 15921 15923 15933 15938 15947 15972 15973 15975 15989 15994 15999 16001 16009 16011 16013 16016 16027 16028 16031 16039 16047 16058 16077 16081 16087 16094 16096 16097 16098 16099 16102 16115 16139 16147 16152 16155 16158 16172 16174 16176 16189 16192 16216 16220 16225 16226 16241 16253 16254 16256 16258 16264 16269 16296 16314 16321 16322 16331 16337 16347 16350 16352 16357 16362 16377 16386 16393 16397 16398 16403 16409 16419 16427 16429 16440 16444 16447 16450 16452 16462 16481 16505 16530 16535 16540 16544 16548 16556 16558 16562 16567 16576 16598 16620 16622 16623 16627 16630 16631 16643 16647 16649 16651 16656 16660 16661 16670 16677 16680 16690 16697 16699 16702 16706 16710 16713 16721 16741 16743 16762 16771 16776 16779 16787 16788 16791 16792 16794 16796 16800 16805 16814 16817 16824 16826 16828 16829 16831 16832 16850 16851 16858 16861 16868 16870 16872 16877 16878 16880 16882 16886 16889 16891 16893 16894 16915 16948 16972 16975 16992 16997 17002 17007 17021  
 
[2025-11-21 01:42:12,864][WARNING][/build/python-steps-BSmkRk/python-steps-5.0.4/src/steps/mpi/tetopsplit/tetopsplit.cpp:5826][virtual void steps::mpi::tetopsplit::TetOpSplitP::getBatchTriSpecCountsNP(const steps::index_t*, size_t, const std::string&, double*, size_t) const]: The following triangles have not been assigned to a patch, fill in zeros at target positions:
 
[2025-11-21 01:42:12,864][WARNING][/build/python-steps-BSmkRk/python-steps-5.0.4/src/steps/mpi/tetopsplit/tetopsplit.cpp:5829][virtual void steps::mpi::tetopsplit::TetOpSplitP::getBatchTriSpecCountsNP(const steps::index_t*, size_t, const std::string&, double*, size_t) const]: 12680 12697 12791 12925 12961 13002 13035 13038 13053 13063 13079 13122 13132 13140 13142 13244 13256 13261 13268 13364 13396 13401 13410 13413 13476 13481 13504 13547 13605 13684 13700 13726 13766 13788 13811 13838 13849 13891 13913 13980 13982 13993 14023 14025 14035 14038 14049 14064 14072 14106 14122 14142 14145 14200 14280 14282 14310 14313 14345 14364 14373 14376 14432 14454 14456 14473 14516 14524 14566 14580 14612 14615 14621 14643 14651 14660 14670 14702 14707 14717 14744 14748 14750 14752 14769 14777 14788 14797 14817 14818 14840 14857 14865 14869 14873 14875 14901 14936 14949 14968 14987 14997 14999 15027 15030 15055 15060 15072 15096 15109 15113 15120 15135 15153 15162 15164 15181 15182 15189 15193 15195 15210 15219 15226 15243 15246 15254 15258 15263 15284 15360 15371 15373 15377 15399 15418 15428 15436 15439 15442 15445 15452 15459 15473 15475 15493 15512 15524 15537 15542 15546 15569 15570 15577 15588 15611 15618 15624 15634 15647 15653 15657 15681 15690 15725 15739 15743 15750 15754 15761 15767 15774 15783 15804 15808 15821 15829 15844 15867 15873 15881 15886 15902 15905 15911 15917 15921 15923 15933 15938 15947 15972 15973 15975 15989 15994 15999 16001 16009 16011 16013 16016 16027 16028 16031 16039 16047 16058 16077 16081 16087 16094 16096 16097 16098 16099 16102 16115 16139 16147 16152 16155 16158 16172 16174 16176 16189 16192 16216 16220 16225 16226 16241 16253 16254 16256 16258 16264 16269 16296 16314 16321 16322 16331 16337 16347 16350 16352 16357 16362 16377 16386 16393 16397 16398 16403 16409 16419 16427 16429 16440 16444 16447 16450 16452 16462 16481 16505 16530 16535 16540 16544 16548 16556 16558 16562 16567 16576 16598 16620 16622 16623 16627 16630 16631 16643 16647 16649 16651 16656 16660 16661 16670 16677 16680 16690 16697 16699 16702 16706 16710 16713 16721 16741 16743 16762 16771 16776 16779 16787 16788 16791 16792 16794 16796 16800 16805 16814 16817 16824 16826 16828 16829 16831 16832 16850 16851 16858 16861 16868 16870 16872 16877 16878 16880 16882 16886 16889 16891 16893 16894 16915 16948 16972 16975 16992 16997 17002 17007 17021  
 
[2025-11-21 01:42:12,865][WARNING][/build/python-steps-BSmkRk/python-steps-5.0.4/src/steps/mpi/tetopsplit/tetopsplit.cpp:5826][virtual void steps::mpi::tetopsplit::TetOpSplitP::getBatchTriSpecCountsNP(const steps::index_t*, size_t, const std::string&, double*, size_t) const]: The following triangles have not been assigned to a patch, fill in zeros at target positions:
 
[2025-11-21 01:42:12,865][WARNING][/build/python-steps-BSmkRk/python-steps-5.0.4/src/steps/mpi/tetopsplit/tetopsplit.cpp:5829][virtual void steps::mpi::tetopsplit::TetOpSplitP::getBatchTriSpecCountsNP(const steps::index_t*, size_t, const std::string&, double*, size_t) const]: 12680 12697 12791 12925 12961 13002 13035 13038 13053 13063 13079 13122 13132 13140 13142 13244 13256 13261 13268 13364 13396 13401 13410 13413 13476 13481 13504 13547 13605 13684 13700 13726 13766 13788 13811 13838 13849 13891 13913 13980 13982 13993 14023 14025 14035 14038 14049 14064 14072 14106 14122 14142 14145 14200 14280 14282 14310 14313 14345 14364 14373 14376 14432 14454 14456 14473 14516 14524 14566 14580 14612 14615 14621 14643 14651 14660 14670 14702 14707 14717 14744 14748 14750 14752 14769 14777 14788 14797 14817 14818 14840 14857 14865 14869 14873 14875 14901 14936 14949 14968 14987 14997 14999 15027 15030 15055 15060 15072 15096 15109 15113 15120 15135 15153 15162 15164 15181 15182 15189 15193 15195 15210 15219 15226 15243 15246 15254 15258 15263 15284 15360 15371 15373 15377 15399 15418 15428 15436 15439 15442 15445 15452 15459 15473 15475 15493 15512 15524 15537 15542 15546 15569 15570 15577 15588 15611 15618 15624 15634 15647 15653 15657 15681 15690 15725 15739 15743 15750 15754 15761 15767 15774 15783 15804 15808 15821 15829 15844 15867 15873 15881 15886 15902 15905 15911 15917 15921 15923 15933 15938 15947 15972 15973 15975 15989 15994 15999 16001 16009 16011 16013 16016 16027 16028 16031 16039 16047 16058 16077 16081 16087 16094 16096 16097 16098 16099 16102 16115 16139 16147 16152 16155 16158 16172 16174 16176 16189 16192 16216 16220 16225 16226 16241 16253 16254 16256 16258 16264 16269 16296 16314 16321 16322 16331 16337 16347 16350 16352 16357 16362 16377 16386 16393 16397 16398 16403 16409 16419 16427 16429 16440 16444 16447 16450 16452 16462 16481 16505 16530 16535 16540 16544 16548 16556 16558 16562 16567 16576 16598 16620 16622 16623 16627 16630 16631 16643 16647 16649 16651 16656 16660 16661 16670 16677 16680 16690 16697 16699 16702 16706 16710 16713 16721 16741 16743 16762 16771 16776 16779 16787 16788 16791 16792 16794 16796 16800 16805 16814 16817 16824 16826 16828 16829 16831 16832 16850 16851 16858 16861 16868 16870 16872 16877 16878 16880 16882 16886 16889 16891 16893 16894 16915 16948 16972 16975 16992 16997 17002 17007 17021  
 
[2025-11-21 01:42:12,865][WARNING][/build/python-steps-BSmkRk/python-steps-5.0.4/src/steps/mpi/tetopsplit/tetopsplit.cpp:5826][virtual void steps::mpi::tetopsplit::TetOpSplitP::getBatchTriSpecCountsNP(const steps::index_t*, size_t, const std::string&, double*, size_t) const]: The following triangles have not been assigned to a patch, fill in zeros at target positions:
 
[2025-11-21 01:42:12,865][WARNING][/build/python-steps-BSmkRk/python-steps-5.0.4/src/steps/mpi/tetopsplit/tetopsplit.cpp:5829][virtual void steps::mpi::tetopsplit::TetOpSplitP::getBatchTriSpecCountsNP(const steps::index_t*, size_t, const std::string&, double*, size_t) const]: 12680 12697 12791 12925 12961 13002 13035 13038 13053 13063 13079 13122 13132 13140 13142 13244 13256 13261 13268 13364 13396 13401 13410 13413 13476 13481 13504 13547 13605 13684 13700 13726 13766 13788 13811 13838 13849 13891 13913 13980 13982 13993 14023 14025 14035 14038 14049 14064 14072 14106 14122 14142 14145 14200 14280 14282 14310 14313 14345 14364 14373 14376 14432 14454 14456 14473 14516 14524 14566 14580 14612 14615 14621 14643 14651 14660 14670 14702 14707 14717 14744 14748 14750 14752 14769 14777 14788 14797 14817 14818 14840 14857 14865 14869 14873 14875 14901 14936 14949 14968 14987 14997 14999 15027 15030 15055 15060 15072 15096 15109 15113 15120 15135 15153 15162 15164 15181 15182 15189 15193 15195 15210 15219 15226 15243 15246 15254 15258 15263 15284 15360 15371 15373 15377 15399 15418 15428 15436 15439 15442 15445 15452 15459 15473 15475 15493 15512 15524 15537 15542 15546 15569 15570 15577 15588 15611 15618 15624 15634 15647 15653 15657 15681 15690 15725 15739 15743 15750 15754 15761 15767 15774 15783 15804 15808 15821 15829 15844 15867 15873 15881 15886 15902 15905 15911 15917 15921 15923 15933 15938 15947 15972 15973 15975 15989 15994 15999 16001 16009 16011 16013 16016 16027 16028 16031 16039 16047 16058 16077 16081 16087 16094 16096 16097 16098 16099 16102 16115 16139 16147 16152 16155 16158 16172 16174 16176 16189 16192 16216 16220 16225 16226 16241 16253 16254 16256 16258 16264 16269 16296 16314 16321 16322 16331 16337 16347 16350 16352 16357 16362 16377 16386 16393 16397 16398 16403 16409 16419 16427 16429 16440 16444 16447 16450 16452 16462 16481 16505 16530 16535 16540 16544 16548 16556 16558 16562 16567 16576 16598 16620 16622 16623 16627 16630 16631 16643 16647 16649 16651 16656 16660 16661 16670 16677 16680 16690 16697 16699 16702 16706 16710 16713 16721 16741 16743 16762 16771 16776 16779 16787 16788 16791 16792 16794 16796 16800 16805 16814 16817 16824 16826 16828 16829 16831 16832 16850 16851 16858 16861 16868 16870 16872 16877 16878 16880 16882 16886 16889 16891 16893 16894 16915 16948 16972 16975 16992 16997 17002 17007 17021  
 
[2025-11-21 01:42:16,019][WARNING][/build/python-steps-BSmkRk/python-steps-5.0.4/src/steps/mpi/tetopsplit/tetopsplit.cpp:5826][virtual void steps::mpi::tetopsplit::TetOpSplitP::getBatchTriSpecCountsNP(const steps::index_t*, size_t, const std::string&, double*, size_t) const]: The following triangles have not been assigned to a patch, fill in zeros at target positions:
 
[2025-11-21 01:42:16,019][WARNING][/build/python-steps-BSmkRk/python-steps-5.0.4/src/steps/mpi/tetopsplit/tetopsplit.cpp:5829][virtual void steps::mpi::tetopsplit::TetOpSplitP::getBatchTriSpecCountsNP(const steps::index_t*, size_t, const std::string&, double*, size_t) const]: 12680 12697 12791 12925 12961 13002 13035 13038 13053 13063 13079 13122 13132 13140 13142 13244 13256 13261 13268 13364 13396 13401 13410 13413 13476 13481 13504 13547 13605 13684 13700 13726 13766 13788 13811 13838 13849 13891 13913 13980 13982 13993 14023 14025 14035 14038 14049 14064 14072 14106 14122 14142 14145 14200 14280 14282 14310 14313 14345 14364 14373 14376 14432 14454 14456 14473 14516 14524 14566 14580 14612 14615 14621 14643 14651 14660 14670 14702 14707 14717 14744 14748 14750 14752 14769 14777 14788 14797 14817 14818 14840 14857 14865 14869 14873 14875 14901 14936 14949 14968 14987 14997 14999 15027 15030 15055 15060 15072 15096 15109 15113 15120 15135 15153 15162 15164 15181 15182 15189 15193 15195 15210 15219 15226 15243 15246 15254 15258 15263 15284 15360 15371 15373 15377 15399 15418 15428 15436 15439 15442 15445 15452 15459 15473 15475 15493 15512 15524 15537 15542 15546 15569 15570 15577 15588 15611 15618 15624 15634 15647 15653 15657 15681 15690 15725 15739 15743 15750 15754 15761 15767 15774 15783 15804 15808 15821 15829 15844 15867 15873 15881 15886 15902 15905 15911 15917 15921 15923 15933 15938 15947 15972 15973 15975 15989 15994 15999 16001 16009 16011 16013 16016 16027 16028 16031 16039 16047 16058 16077 16081 16087 16094 16096 16097 16098 16099 16102 16115 16139 16147 16152 16155 16158 16172 16174 16176 16189 16192 16216 16220 16225 16226 16241 16253 16254 16256 16258 16264 16269 16296 16314 16321 16322 16331 16337 16347 16350 16352 16357 16362 16377 16386 16393 16397 16398 16403 16409 16419 16427 16429 16440 16444 16447 16450 16452 16462 16481 16505 16530 16535 16540 16544 16548 16556 16558 16562 16567 16576 16598 16620 16622 16623 16627 16630 16631 16643 16647 16649 16651 16656 16660 16661 16670 16677 16680 16690 16697 16699 16702 16706 16710 16713 16721 16741 16743 16762 16771 16776 16779 16787 16788 16791 16792 16794 16796 16800 16805 16814 16817 16824 16826 16828 16829 16831 16832 16850 16851 16858 16861 16868 16870 16872 16877 16878 16880 16882 16886 16889 16891 16893 16894 16915 16948 16972 16975 16992 16997 17002 17007 17021  
 
[2025-11-21 01:42:16,020][WARNING][/build/python-steps-BSmkRk/python-steps-5.0.4/src/steps/mpi/tetopsplit/tetopsplit.cpp:5826][virtual void steps::mpi::tetopsplit::TetOpSplitP::getBatchTriSpecCountsNP(const steps::index_t*, size_t, const std::string&, double*, size_t) const]: The following triangles have not been assigned to a patch, fill in zeros at target positions:
 
[2025-11-21 01:42:16,020][WARNING][/build/python-steps-BSmkRk/python-steps-5.0.4/src/steps/mpi/tetopsplit/tetopsplit.cpp:5829][virtual void steps::mpi::tetopsplit::TetOpSplitP::getBatchTriSpecCountsNP(const steps::index_t*, size_t, const std::string&, double*, size_t) const]: 12680 12697 12791 12925 12961 13002 13035 13038 13053 13063 13079 13122 13132 13140 13142 13244 13256 13261 13268 13364 13396 13401 13410 13413 13476 13481 13504 13547 13605 13684 13700 13726 13766 13788 13811 13838 13849 13891 13913 13980 13982 13993 14023 14025 14035 14038 14049 14064 14072 14106 14122 14142 14145 14200 14280 14282 14310 14313 14345 14364 14373 14376 14432 14454 14456 14473 14516 14524 14566 14580 14612 14615 14621 14643 14651 14660 14670 14702 14707 14717 14744 14748 14750 14752 14769 14777 14788 14797 14817 14818 14840 14857 14865 14869 14873 14875 14901 14936 14949 14968 14987 14997 14999 15027 15030 15055 15060 15072 15096 15109 15113 15120 15135 15153 15162 15164 15181 15182 15189 15193 15195 15210 15219 15226 15243 15246 15254 15258 15263 15284 15360 15371 15373 15377 15399 15418 15428 15436 15439 15442 15445 15452 15459 15473 15475 15493 15512 15524 15537 15542 15546 15569 15570 15577 15588 15611 15618 15624 15634 15647 15653 15657 15681 15690 15725 15739 15743 15750 15754 15761 15767 15774 15783 15804 15808 15821 15829 15844 15867 15873 15881 15886 15902 15905 15911 15917 15921 15923 15933 15938 15947 15972 15973 15975 15989 15994 15999 16001 16009 16011 16013 16016 16027 16028 16031 16039 16047 16058 16077 16081 16087 16094 16096 16097 16098 16099 16102 16115 16139 16147 16152 16155 16158 16172 16174 16176 16189 16192 16216 16220 16225 16226 16241 16253 16254 16256 16258 16264 16269 16296 16314 16321 16322 16331 16337 16347 16350 16352 16357 16362 16377 16386 16393 16397 16398 16403 16409 16419 16427 16429 16440 16444 16447 16450 16452 16462 16481 16505 16530 16535 16540 16544 16548 16556 16558 16562 16567 16576 16598 16620 16622 16623 16627 16630 16631 16643 16647 16649 16651 16656 16660 16661 16670 16677 16680 16690 16697 16699 16702 16706 16710 16713 16721 16741 16743 16762 16771 16776 16779 16787 16788 16791 16792 16794 16796 16800 16805 16814 16817 16824 16826 16828 16829 16831 16832 16850 16851 16858 16861 16868 16870 16872 16877 16878 16880 16882 16886 16889 16891 16893 16894 16915 16948 16972 16975 16992 16997 17002 17007 17021  
 
[2025-11-21 01:42:16,021][WARNING][/build/python-steps-BSmkRk/python-steps-5.0.4/src/steps/mpi/tetopsplit/tetopsplit.cpp:5826][virtual void steps::mpi::tetopsplit::TetOpSplitP::getBatchTriSpecCountsNP(const steps::index_t*, size_t, const std::string&, double*, size_t) const]: The following triangles have not been assigned to a patch, fill in zeros at target positions:
 
[2025-11-21 01:42:16,021][WARNING][/build/python-steps-BSmkRk/python-steps-5.0.4/src/steps/mpi/tetopsplit/tetopsplit.cpp:5829][virtual void steps::mpi::tetopsplit::TetOpSplitP::getBatchTriSpecCountsNP(const steps::index_t*, size_t, const std::string&, double*, size_t) const]: 12680 12697 12791 12925 12961 13002 13035 13038 13053 13063 13079 13122 13132 13140 13142 13244 13256 13261 13268 13364 13396 13401 13410 13413 13476 13481 13504 13547 13605 13684 13700 13726 13766 13788 13811 13838 13849 13891 13913 13980 13982 13993 14023 14025 14035 14038 14049 14064 14072 14106 14122 14142 14145 14200 14280 14282 14310 14313 14345 14364 14373 14376 14432 14454 14456 14473 14516 14524 14566 14580 14612 14615 14621 14643 14651 14660 14670 14702 14707 14717 14744 14748 14750 14752 14769 14777 14788 14797 14817 14818 14840 14857 14865 14869 14873 14875 14901 14936 14949 14968 14987 14997 14999 15027 15030 15055 15060 15072 15096 15109 15113 15120 15135 15153 15162 15164 15181 15182 15189 15193 15195 15210 15219 15226 15243 15246 15254 15258 15263 15284 15360 15371 15373 15377 15399 15418 15428 15436 15439 15442 15445 15452 15459 15473 15475 15493 15512 15524 15537 15542 15546 15569 15570 15577 15588 15611 15618 15624 15634 15647 15653 15657 15681 15690 15725 15739 15743 15750 15754 15761 15767 15774 15783 15804 15808 15821 15829 15844 15867 15873 15881 15886 15902 15905 15911 15917 15921 15923 15933 15938 15947 15972 15973 15975 15989 15994 15999 16001 16009 16011 16013 16016 16027 16028 16031 16039 16047 16058 16077 16081 16087 16094 16096 16097 16098 16099 16102 16115 16139 16147 16152 16155 16158 16172 16174 16176 16189 16192 16216 16220 16225 16226 16241 16253 16254 16256 16258 16264 16269 16296 16314 16321 16322 16331 16337 16347 16350 16352 16357 16362 16377 16386 16393 16397 16398 16403 16409 16419 16427 16429 16440 16444 16447 16450 16452 16462 16481 16505 16530 16535 16540 16544 16548 16556 16558 16562 16567 16576 16598 16620 16622 16623 16627 16630 16631 16643 16647 16649 16651 16656 16660 16661 16670 16677 16680 16690 16697 16699 16702 16706 16710 16713 16721 16741 16743 16762 16771 16776 16779 16787 16788 16791 16792 16794 16796 16800 16805 16814 16817 16824 16826 16828 16829 16831 16832 16850 16851 16858 16861 16868 16870 16872 16877 16878 16880 16882 16886 16889 16891 16893 16894 16915 16948 16972 16975 16992 16997 17002 17007 17021  
 
[2025-11-21 01:42:16,022][WARNING][/build/python-steps-BSmkRk/python-steps-5.0.4/src/steps/mpi/tetopsplit/tetopsplit.cpp:5826][virtual void steps::mpi::tetopsplit::TetOpSplitP::getBatchTriSpecCountsNP(const steps::index_t*, size_t, const std::string&, double*, size_t) const]: The following triangles have not been assigned to a patch, fill in zeros at target positions:
 
[2025-11-21 01:42:16,022][WARNING][/build/python-steps-BSmkRk/python-steps-5.0.4/src/steps/mpi/tetopsplit/tetopsplit.cpp:5829][virtual void steps::mpi::tetopsplit::TetOpSplitP::getBatchTriSpecCountsNP(const steps::index_t*, size_t, const std::string&, double*, size_t) const]: 12680 12697 12791 12925 12961 13002 13035 13038 13053 13063 13079 13122 13132 13140 13142 13244 13256 13261 13268 13364 13396 13401 13410 13413 13476 13481 13504 13547 13605 13684 13700 13726 13766 13788 13811 13838 13849 13891 13913 13980 13982 13993 14023 14025 14035 14038 14049 14064 14072 14106 14122 14142 14145 14200 14280 14282 14310 14313 14345 14364 14373 14376 14432 14454 14456 14473 14516 14524 14566 14580 14612 14615 14621 14643 14651 14660 14670 14702 14707 14717 14744 14748 14750 14752 14769 14777 14788 14797 14817 14818 14840 14857 14865 14869 14873 14875 14901 14936 14949 14968 14987 14997 14999 15027 15030 15055 15060 15072 15096 15109 15113 15120 15135 15153 15162 15164 15181 15182 15189 15193 15195 15210 15219 15226 15243 15246 15254 15258 15263 15284 15360 15371 15373 15377 15399 15418 15428 15436 15439 15442 15445 15452 15459 15473 15475 15493 15512 15524 15537 15542 15546 15569 15570 15577 15588 15611 15618 15624 15634 15647 15653 15657 15681 15690 15725 15739 15743 15750 15754 15761 15767 15774 15783 15804 15808 15821 15829 15844 15867 15873 15881 15886 15902 15905 15911 15917 15921 15923 15933 15938 15947 15972 15973 15975 15989 15994 15999 16001 16009 16011 16013 16016 16027 16028 16031 16039 16047 16058 16077 16081 16087 16094 16096 16097 16098 16099 16102 16115 16139 16147 16152 16155 16158 16172 16174 16176 16189 16192 16216 16220 16225 16226 16241 16253 16254 16256 16258 16264 16269 16296 16314 16321 16322 16331 16337 16347 16350 16352 16357 16362 16377 16386 16393 16397 16398 16403 16409 16419 16427 16429 16440 16444 16447 16450 16452 16462 16481 16505 16530 16535 16540 16544 16548 16556 16558 16562 16567 16576 16598 16620 16622 16623 16627 16630 16631 16643 16647 16649 16651 16656 16660 16661 16670 16677 16680 16690 16697 16699 16702 16706 16710 16713 16721 16741 16743 16762 16771 16776 16779 16787 16788 16791 16792 16794 16796 16800 16805 16814 16817 16824 16826 16828 16829 16831 16832 16850 16851 16858 16861 16868 16870 16872 16877 16878 16880 16882 16886 16889 16891 16893 16894 16915 16948 16972 16975 16992 16997 17002 17007 17021  
 
[2025-11-21 01:42:19,231][WARNING][/build/python-steps-BSmkRk/python-steps-5.0.4/src/steps/mpi/tetopsplit/tetopsplit.cpp:5826][virtual void steps::mpi::tetopsplit::TetOpSplitP::getBatchTriSpecCountsNP(const steps::index_t*, size_t, const std::string&, double*, size_t) const]: The following triangles have not been assigned to a patch, fill in zeros at target positions:
 
[2025-11-21 01:42:19,232][WARNING][/build/python-steps-BSmkRk/python-steps-5.0.4/src/steps/mpi/tetopsplit/tetopsplit.cpp:5829][virtual void steps::mpi::tetopsplit::TetOpSplitP::getBatchTriSpecCountsNP(const steps::index_t*, size_t, const std::string&, double*, size_t) const]: 12680 12697 12791 12925 12961 13002 13035 13038 13053 13063 13079 13122 13132 13140 13142 13244 13256 13261 13268 13364 13396 13401 13410 13413 13476 13481 13504 13547 13605 13684 13700 13726 13766 13788 13811 13838 13849 13891 13913 13980 13982 13993 14023 14025 14035 14038 14049 14064 14072 14106 14122 14142 14145 14200 14280 14282 14310 14313 14345 14364 14373 14376 14432 14454 14456 14473 14516 14524 14566 14580 14612 14615 14621 14643 14651 14660 14670 14702 14707 14717 14744 14748 14750 14752 14769 14777 14788 14797 14817 14818 14840 14857 14865 14869 14873 14875 14901 14936 14949 14968 14987 14997 14999 15027 15030 15055 15060 15072 15096 15109 15113 15120 15135 15153 15162 15164 15181 15182 15189 15193 15195 15210 15219 15226 15243 15246 15254 15258 15263 15284 15360 15371 15373 15377 15399 15418 15428 15436 15439 15442 15445 15452 15459 15473 15475 15493 15512 15524 15537 15542 15546 15569 15570 15577 15588 15611 15618 15624 15634 15647 15653 15657 15681 15690 15725 15739 15743 15750 15754 15761 15767 15774 15783 15804 15808 15821 15829 15844 15867 15873 15881 15886 15902 15905 15911 15917 15921 15923 15933 15938 15947 15972 15973 15975 15989 15994 15999 16001 16009 16011 16013 16016 16027 16028 16031 16039 16047 16058 16077 16081 16087 16094 16096 16097 16098 16099 16102 16115 16139 16147 16152 16155 16158 16172 16174 16176 16189 16192 16216 16220 16225 16226 16241 16253 16254 16256 16258 16264 16269 16296 16314 16321 16322 16331 16337 16347 16350 16352 16357 16362 16377 16386 16393 16397 16398 16403 16409 16419 16427 16429 16440 16444 16447 16450 16452 16462 16481 16505 16530 16535 16540 16544 16548 16556 16558 16562 16567 16576 16598 16620 16622 16623 16627 16630 16631 16643 16647 16649 16651 16656 16660 16661 16670 16677 16680 16690 16697 16699 16702 16706 16710 16713 16721 16741 16743 16762 16771 16776 16779 16787 16788 16791 16792 16794 16796 16800 16805 16814 16817 16824 16826 16828 16829 16831 16832 16850 16851 16858 16861 16868 16870 16872 16877 16878 16880 16882 16886 16889 16891 16893 16894 16915 16948 16972 16975 16992 16997 17002 17007 17021  
 
[2025-11-21 01:42:19,232][WARNING][/build/python-steps-BSmkRk/python-steps-5.0.4/src/steps/mpi/tetopsplit/tetopsplit.cpp:5826][virtual void steps::mpi::tetopsplit::TetOpSplitP::getBatchTriSpecCountsNP(const steps::index_t*, size_t, const std::string&, double*, size_t) const]: The following triangles have not been assigned to a patch, fill in zeros at target positions:
 
[2025-11-21 01:42:19,232][WARNING][/build/python-steps-BSmkRk/python-steps-5.0.4/src/steps/mpi/tetopsplit/tetopsplit.cpp:5829][virtual void steps::mpi::tetopsplit::TetOpSplitP::getBatchTriSpecCountsNP(const steps::index_t*, size_t, const std::string&, double*, size_t) const]: 12680 12697 12791 12925 12961 13002 13035 13038 13053 13063 13079 13122 13132 13140 13142 13244 13256 13261 13268 13364 13396 13401 13410 13413 13476 13481 13504 13547 13605 13684 13700 13726 13766 13788 13811 13838 13849 13891 13913 13980 13982 13993 14023 14025 14035 14038 14049 14064 14072 14106 14122 14142 14145 14200 14280 14282 14310 14313 14345 14364 14373 14376 14432 14454 14456 14473 14516 14524 14566 14580 14612 14615 14621 14643 14651 14660 14670 14702 14707 14717 14744 14748 14750 14752 14769 14777 14788 14797 14817 14818 14840 14857 14865 14869 14873 14875 14901 14936 14949 14968 14987 14997 14999 15027 15030 15055 15060 15072 15096 15109 15113 15120 15135 15153 15162 15164 15181 15182 15189 15193 15195 15210 15219 15226 15243 15246 15254 15258 15263 15284 15360 15371 15373 15377 15399 15418 15428 15436 15439 15442 15445 15452 15459 15473 15475 15493 15512 15524 15537 15542 15546 15569 15570 15577 15588 15611 15618 15624 15634 15647 15653 15657 15681 15690 15725 15739 15743 15750 15754 15761 15767 15774 15783 15804 15808 15821 15829 15844 15867 15873 15881 15886 15902 15905 15911 15917 15921 15923 15933 15938 15947 15972 15973 15975 15989 15994 15999 16001 16009 16011 16013 16016 16027 16028 16031 16039 16047 16058 16077 16081 16087 16094 16096 16097 16098 16099 16102 16115 16139 16147 16152 16155 16158 16172 16174 16176 16189 16192 16216 16220 16225 16226 16241 16253 16254 16256 16258 16264 16269 16296 16314 16321 16322 16331 16337 16347 16350 16352 16357 16362 16377 16386 16393 16397 16398 16403 16409 16419 16427 16429 16440 16444 16447 16450 16452 16462 16481 16505 16530 16535 16540 16544 16548 16556 16558 16562 16567 16576 16598 16620 16622 16623 16627 16630 16631 16643 16647 16649 16651 16656 16660 16661 16670 16677 16680 16690 16697 16699 16702 16706 16710 16713 16721 16741 16743 16762 16771 16776 16779 16787 16788 16791 16792 16794 16796 16800 16805 16814 16817 16824 16826 16828 16829 16831 16832 16850 16851 16858 16861 16868 16870 16872 16877 16878 16880 16882 16886 16889 16891 16893 16894 16915 16948 16972 16975 16992 16997 17002 17007 17021  
 
[2025-11-21 01:42:19,233][WARNING][/build/python-steps-BSmkRk/python-steps-5.0.4/src/steps/mpi/tetopsplit/tetopsplit.cpp:5826][virtual void steps::mpi::tetopsplit::TetOpSplitP::getBatchTriSpecCountsNP(const steps::index_t*, size_t, const std::string&, double*, size_t) const]: The following triangles have not been assigned to a patch, fill in zeros at target positions:
 
[2025-11-21 01:42:19,233][WARNING][/build/python-steps-BSmkRk/python-steps-5.0.4/src/steps/mpi/tetopsplit/tetopsplit.cpp:5829][virtual void steps::mpi::tetopsplit::TetOpSplitP::getBatchTriSpecCountsNP(const steps::index_t*, size_t, const std::string&, double*, size_t) const]: 12680 12697 12791 12925 12961 13002 13035 13038 13053 13063 13079 13122 13132 13140 13142 13244 13256 13261 13268 13364 13396 13401 13410 13413 13476 13481 13504 13547 13605 13684 13700 13726 13766 13788 13811 13838 13849 13891 13913 13980 13982 13993 14023 14025 14035 14038 14049 14064 14072 14106 14122 14142 14145 14200 14280 14282 14310 14313 14345 14364 14373 14376 14432 14454 14456 14473 14516 14524 14566 14580 14612 14615 14621 14643 14651 14660 14670 14702 14707 14717 14744 14748 14750 14752 14769 14777 14788 14797 14817 14818 14840 14857 14865 14869 14873 14875 14901 14936 14949 14968 14987 14997 14999 15027 15030 15055 15060 15072 15096 15109 15113 15120 15135 15153 15162 15164 15181 15182 15189 15193 15195 15210 15219 15226 15243 15246 15254 15258 15263 15284 15360 15371 15373 15377 15399 15418 15428 15436 15439 15442 15445 15452 15459 15473 15475 15493 15512 15524 15537 15542 15546 15569 15570 15577 15588 15611 15618 15624 15634 15647 15653 15657 15681 15690 15725 15739 15743 15750 15754 15761 15767 15774 15783 15804 15808 15821 15829 15844 15867 15873 15881 15886 15902 15905 15911 15917 15921 15923 15933 15938 15947 15972 15973 15975 15989 15994 15999 16001 16009 16011 16013 16016 16027 16028 16031 16039 16047 16058 16077 16081 16087 16094 16096 16097 16098 16099 16102 16115 16139 16147 16152 16155 16158 16172 16174 16176 16189 16192 16216 16220 16225 16226 16241 16253 16254 16256 16258 16264 16269 16296 16314 16321 16322 16331 16337 16347 16350 16352 16357 16362 16377 16386 16393 16397 16398 16403 16409 16419 16427 16429 16440 16444 16447 16450 16452 16462 16481 16505 16530 16535 16540 16544 16548 16556 16558 16562 16567 16576 16598 16620 16622 16623 16627 16630 16631 16643 16647 16649 16651 16656 16660 16661 16670 16677 16680 16690 16697 16699 16702 16706 16710 16713 16721 16741 16743 16762 16771 16776 16779 16787 16788 16791 16792 16794 16796 16800 16805 16814 16817 16824 16826 16828 16829 16831 16832 16850 16851 16858 16861 16868 16870 16872 16877 16878 16880 16882 16886 16889 16891 16893 16894 16915 16948 16972 16975 16992 16997 17002 17007 17021  
 
[2025-11-21 01:42:19,235][WARNING][/build/python-steps-BSmkRk/python-steps-5.0.4/src/steps/mpi/tetopsplit/tetopsplit.cpp:5826][virtual void steps::mpi::tetopsplit::TetOpSplitP::getBatchTriSpecCountsNP(const steps::index_t*, size_t, const std::string&, double*, size_t) const]: The following triangles have not been assigned to a patch, fill in zeros at target positions:
 
[2025-11-21 01:42:19,235][WARNING][/build/python-steps-BSmkRk/python-steps-5.0.4/src/steps/mpi/tetopsplit/tetopsplit.cpp:5829][virtual void steps::mpi::tetopsplit::TetOpSplitP::getBatchTriSpecCountsNP(const steps::index_t*, size_t, const std::string&, double*, size_t) const]: 12680 12697 12791 12925 12961 13002 13035 13038 13053 13063 13079 13122 13132 13140 13142 13244 13256 13261 13268 13364 13396 13401 13410 13413 13476 13481 13504 13547 13605 13684 13700 13726 13766 13788 13811 13838 13849 13891 13913 13980 13982 13993 14023 14025 14035 14038 14049 14064 14072 14106 14122 14142 14145 14200 14280 14282 14310 14313 14345 14364 14373 14376 14432 14454 14456 14473 14516 14524 14566 14580 14612 14615 14621 14643 14651 14660 14670 14702 14707 14717 14744 14748 14750 14752 14769 14777 14788 14797 14817 14818 14840 14857 14865 14869 14873 14875 14901 14936 14949 14968 14987 14997 14999 15027 15030 15055 15060 15072 15096 15109 15113 15120 15135 15153 15162 15164 15181 15182 15189 15193 15195 15210 15219 15226 15243 15246 15254 15258 15263 15284 15360 15371 15373 15377 15399 15418 15428 15436 15439 15442 15445 15452 15459 15473 15475 15493 15512 15524 15537 15542 15546 15569 15570 15577 15588 15611 15618 15624 15634 15647 15653 15657 15681 15690 15725 15739 15743 15750 15754 15761 15767 15774 15783 15804 15808 15821 15829 15844 15867 15873 15881 15886 15902 15905 15911 15917 15921 15923 15933 15938 15947 15972 15973 15975 15989 15994 15999 16001 16009 16011 16013 16016 16027 16028 16031 16039 16047 16058 16077 16081 16087 16094 16096 16097 16098 16099 16102 16115 16139 16147 16152 16155 16158 16172 16174 16176 16189 16192 16216 16220 16225 16226 16241 16253 16254 16256 16258 16264 16269 16296 16314 16321 16322 16331 16337 16347 16350 16352 16357 16362 16377 16386 16393 16397 16398 16403 16409 16419 16427 16429 16440 16444 16447 16450 16452 16462 16481 16505 16530 16535 16540 16544 16548 16556 16558 16562 16567 16576 16598 16620 16622 16623 16627 16630 16631 16643 16647 16649 16651 16656 16660 16661 16670 16677 16680 16690 16697 16699 16702 16706 16710 16713 16721 16741 16743 16762 16771 16776 16779 16787 16788 16791 16792 16794 16796 16800 16805 16814 16817 16824 16826 16828 16829 16831 16832 16850 16851 16858 16861 16868 16870 16872 16877 16878 16880 16882 16886 16889 16891 16893 16894 16915 16948 16972 16975 16992 16997 17002 17007 17021  
 
[2025-11-21 01:42:22,500][WARNING][/build/python-steps-BSmkRk/python-steps-5.0.4/src/steps/mpi/tetopsplit/tetopsplit.cpp:5826][virtual void steps::mpi::tetopsplit::TetOpSplitP::getBatchTriSpecCountsNP(const steps::index_t*, size_t, const std::string&, double*, size_t) const]: The following triangles have not been assigned to a patch, fill in zeros at target positions:
 
[2025-11-21 01:42:22,500][WARNING][/build/python-steps-BSmkRk/python-steps-5.0.4/src/steps/mpi/tetopsplit/tetopsplit.cpp:5829][virtual void steps::mpi::tetopsplit::TetOpSplitP::getBatchTriSpecCountsNP(const steps::index_t*, size_t, const std::string&, double*, size_t) const]: 12680 12697 12791 12925 12961 13002 13035 13038 13053 13063 13079 13122 13132 13140 13142 13244 13256 13261 13268 13364 13396 13401 13410 13413 13476 13481 13504 13547 13605 13684 13700 13726 13766 13788 13811 13838 13849 13891 13913 13980 13982 13993 14023 14025 14035 14038 14049 14064 14072 14106 14122 14142 14145 14200 14280 14282 14310 14313 14345 14364 14373 14376 14432 14454 14456 14473 14516 14524 14566 14580 14612 14615 14621 14643 14651 14660 14670 14702 14707 14717 14744 14748 14750 14752 14769 14777 14788 14797 14817 14818 14840 14857 14865 14869 14873 14875 14901 14936 14949 14968 14987 14997 14999 15027 15030 15055 15060 15072 15096 15109 15113 15120 15135 15153 15162 15164 15181 15182 15189 15193 15195 15210 15219 15226 15243 15246 15254 15258 15263 15284 15360 15371 15373 15377 15399 15418 15428 15436 15439 15442 15445 15452 15459 15473 15475 15493 15512 15524 15537 15542 15546 15569 15570 15577 15588 15611 15618 15624 15634 15647 15653 15657 15681 15690 15725 15739 15743 15750 15754 15761 15767 15774 15783 15804 15808 15821 15829 15844 15867 15873 15881 15886 15902 15905 15911 15917 15921 15923 15933 15938 15947 15972 15973 15975 15989 15994 15999 16001 16009 16011 16013 16016 16027 16028 16031 16039 16047 16058 16077 16081 16087 16094 16096 16097 16098 16099 16102 16115 16139 16147 16152 16155 16158 16172 16174 16176 16189 16192 16216 16220 16225 16226 16241 16253 16254 16256 16258 16264 16269 16296 16314 16321 16322 16331 16337 16347 16350 16352 16357 16362 16377 16386 16393 16397 16398 16403 16409 16419 16427 16429 16440 16444 16447 16450 16452 16462 16481 16505 16530 16535 16540 16544 16548 16556 16558 16562 16567 16576 16598 16620 16622 16623 16627 16630 16631 16643 16647 16649 16651 16656 16660 16661 16670 16677 16680 16690 16697 16699 16702 16706 16710 16713 16721 16741 16743 16762 16771 16776 16779 16787 16788 16791 16792 16794 16796 16800 16805 16814 16817 16824 16826 16828 16829 16831 16832 16850 16851 16858 16861 16868 16870 16872 16877 16878 16880 16882 16886 16889 16891 16893 16894 16915 16948 16972 16975 16992 16997 17002 17007 17021  
 
[2025-11-21 01:42:22,500][WARNING][/build/python-steps-BSmkRk/python-steps-5.0.4/src/steps/mpi/tetopsplit/tetopsplit.cpp:5826][virtual void steps::mpi::tetopsplit::TetOpSplitP::getBatchTriSpecCountsNP(const steps::index_t*, size_t, const std::string&, double*, size_t) const]: The following triangles have not been assigned to a patch, fill in zeros at target positions:
 
[2025-11-21 01:42:22,500][WARNING][/build/python-steps-BSmkRk/python-steps-5.0.4/src/steps/mpi/tetopsplit/tetopsplit.cpp:5829][virtual void steps::mpi::tetopsplit::TetOpSplitP::getBatchTriSpecCountsNP(const steps::index_t*, size_t, const std::string&, double*, size_t) const]: 12680 12697 12791 12925 12961 13002 13035 13038 13053 13063 13079 13122 13132 13140 13142 13244 13256 13261 13268 13364 13396 13401 13410 13413 13476 13481 13504 13547 13605 13684 13700 13726 13766 13788 13811 13838 13849 13891 13913 13980 13982 13993 14023 14025 14035 14038 14049 14064 14072 14106 14122 14142 14145 14200 14280 14282 14310 14313 14345 14364 14373 14376 14432 14454 14456 14473 14516 14524 14566 14580 14612 14615 14621 14643 14651 14660 14670 14702 14707 14717 14744 14748 14750 14752 14769 14777 14788 14797 14817 14818 14840 14857 14865 14869 14873 14875 14901 14936 14949 14968 14987 14997 14999 15027 15030 15055 15060 15072 15096 15109 15113 15120 15135 15153 15162 15164 15181 15182 15189 15193 15195 15210 15219 15226 15243 15246 15254 15258 15263 15284 15360 15371 15373 15377 15399 15418 15428 15436 15439 15442 15445 15452 15459 15473 15475 15493 15512 15524 15537 15542 15546 15569 15570 15577 15588 15611 15618 15624 15634 15647 15653 15657 15681 15690 15725 15739 15743 15750 15754 15761 15767 15774 15783 15804 15808 15821 15829 15844 15867 15873 15881 15886 15902 15905 15911 15917 15921 15923 15933 15938 15947 15972 15973 15975 15989 15994 15999 16001 16009 16011 16013 16016 16027 16028 16031 16039 16047 16058 16077 16081 16087 16094 16096 16097 16098 16099 16102 16115 16139 16147 16152 16155 16158 16172 16174 16176 16189 16192 16216 16220 16225 16226 16241 16253 16254 16256 16258 16264 16269 16296 16314 16321 16322 16331 16337 16347 16350 16352 16357 16362 16377 16386 16393 16397 16398 16403 16409 16419 16427 16429 16440 16444 16447 16450 16452 16462 16481 16505 16530 16535 16540 16544 16548 16556 16558 16562 16567 16576 16598 16620 16622 16623 16627 16630 16631 16643 16647 16649 16651 16656 16660 16661 16670 16677 16680 16690 16697 16699 16702 16706 16710 16713 16721 16741 16743 16762 16771 16776 16779 16787 16788 16791 16792 16794 16796 16800 16805 16814 16817 16824 16826 16828 16829 16831 16832 16850 16851 16858 16861 16868 16870 16872 16877 16878 16880 16882 16886 16889 16891 16893 16894 16915 16948 16972 16975 16992 16997 17002 17007 17021  
 
[2025-11-21 01:42:22,501][WARNING][/build/python-steps-BSmkRk/python-steps-5.0.4/src/steps/mpi/tetopsplit/tetopsplit.cpp:5826][virtual void steps::mpi::tetopsplit::TetOpSplitP::getBatchTriSpecCountsNP(const steps::index_t*, size_t, const std::string&, double*, size_t) const]: The following triangles have not been assigned to a patch, fill in zeros at target positions:
 
[2025-11-21 01:42:22,501][WARNING][/build/python-steps-BSmkRk/python-steps-5.0.4/src/steps/mpi/tetopsplit/tetopsplit.cpp:5829][virtual void steps::mpi::tetopsplit::TetOpSplitP::getBatchTriSpecCountsNP(const steps::index_t*, size_t, const std::string&, double*, size_t) const]: 12680 12697 12791 12925 12961 13002 13035 13038 13053 13063 13079 13122 13132 13140 13142 13244 13256 13261 13268 13364 13396 13401 13410 13413 13476 13481 13504 13547 13605 13684 13700 13726 13766 13788 13811 13838 13849 13891 13913 13980 13982 13993 14023 14025 14035 14038 14049 14064 14072 14106 14122 14142 14145 14200 14280 14282 14310 14313 14345 14364 14373 14376 14432 14454 14456 14473 14516 14524 14566 14580 14612 14615 14621 14643 14651 14660 14670 14702 14707 14717 14744 14748 14750 14752 14769 14777 14788 14797 14817 14818 14840 14857 14865 14869 14873 14875 14901 14936 14949 14968 14987 14997 14999 15027 15030 15055 15060 15072 15096 15109 15113 15120 15135 15153 15162 15164 15181 15182 15189 15193 15195 15210 15219 15226 15243 15246 15254 15258 15263 15284 15360 15371 15373 15377 15399 15418 15428 15436 15439 15442 15445 15452 15459 15473 15475 15493 15512 15524 15537 15542 15546 15569 15570 15577 15588 15611 15618 15624 15634 15647 15653 15657 15681 15690 15725 15739 15743 15750 15754 15761 15767 15774 15783 15804 15808 15821 15829 15844 15867 15873 15881 15886 15902 15905 15911 15917 15921 15923 15933 15938 15947 15972 15973 15975 15989 15994 15999 16001 16009 16011 16013 16016 16027 16028 16031 16039 16047 16058 16077 16081 16087 16094 16096 16097 16098 16099 16102 16115 16139 16147 16152 16155 16158 16172 16174 16176 16189 16192 16216 16220 16225 16226 16241 16253 16254 16256 16258 16264 16269 16296 16314 16321 16322 16331 16337 16347 16350 16352 16357 16362 16377 16386 16393 16397 16398 16403 16409 16419 16427 16429 16440 16444 16447 16450 16452 16462 16481 16505 16530 16535 16540 16544 16548 16556 16558 16562 16567 16576 16598 16620 16622 16623 16627 16630 16631 16643 16647 16649 16651 16656 16660 16661 16670 16677 16680 16690 16697 16699 16702 16706 16710 16713 16721 16741 16743 16762 16771 16776 16779 16787 16788 16791 16792 16794 16796 16800 16805 16814 16817 16824 16826 16828 16829 16831 16832 16850 16851 16858 16861 16868 16870 16872 16877 16878 16880 16882 16886 16889 16891 16893 16894 16915 16948 16972 16975 16992 16997 17002 17007 17021  
 
[2025-11-21 01:42:22,503][WARNING][/build/python-steps-BSmkRk/python-steps-5.0.4/src/steps/mpi/tetopsplit/tetopsplit.cpp:5826][virtual void steps::mpi::tetopsplit::TetOpSplitP::getBatchTriSpecCountsNP(const steps::index_t*, size_t, const std::string&, double*, size_t) const]: The following triangles have not been assigned to a patch, fill in zeros at target positions:
 
[2025-11-21 01:42:22,503][WARNING][/build/python-steps-BSmkRk/python-steps-5.0.4/src/steps/mpi/tetopsplit/tetopsplit.cpp:5829][virtual void steps::mpi::tetopsplit::TetOpSplitP::getBatchTriSpecCountsNP(const steps::index_t*, size_t, const std::string&, double*, size_t) const]: 12680 12697 12791 12925 12961 13002 13035 13038 13053 13063 13079 13122 13132 13140 13142 13244 13256 13261 13268 13364 13396 13401 13410 13413 13476 13481 13504 13547 13605 13684 13700 13726 13766 13788 13811 13838 13849 13891 13913 13980 13982 13993 14023 14025 14035 14038 14049 14064 14072 14106 14122 14142 14145 14200 14280 14282 14310 14313 14345 14364 14373 14376 14432 14454 14456 14473 14516 14524 14566 14580 14612 14615 14621 14643 14651 14660 14670 14702 14707 14717 14744 14748 14750 14752 14769 14777 14788 14797 14817 14818 14840 14857 14865 14869 14873 14875 14901 14936 14949 14968 14987 14997 14999 15027 15030 15055 15060 15072 15096 15109 15113 15120 15135 15153 15162 15164 15181 15182 15189 15193 15195 15210 15219 15226 15243 15246 15254 15258 15263 15284 15360 15371 15373 15377 15399 15418 15428 15436 15439 15442 15445 15452 15459 15473 15475 15493 15512 15524 15537 15542 15546 15569 15570 15577 15588 15611 15618 15624 15634 15647 15653 15657 15681 15690 15725 15739 15743 15750 15754 15761 15767 15774 15783 15804 15808 15821 15829 15844 15867 15873 15881 15886 15902 15905 15911 15917 15921 15923 15933 15938 15947 15972 15973 15975 15989 15994 15999 16001 16009 16011 16013 16016 16027 16028 16031 16039 16047 16058 16077 16081 16087 16094 16096 16097 16098 16099 16102 16115 16139 16147 16152 16155 16158 16172 16174 16176 16189 16192 16216 16220 16225 16226 16241 16253 16254 16256 16258 16264 16269 16296 16314 16321 16322 16331 16337 16347 16350 16352 16357 16362 16377 16386 16393 16397 16398 16403 16409 16419 16427 16429 16440 16444 16447 16450 16452 16462 16481 16505 16530 16535 16540 16544 16548 16556 16558 16562 16567 16576 16598 16620 16622 16623 16627 16630 16631 16643 16647 16649 16651 16656 16660 16661 16670 16677 16680 16690 16697 16699 16702 16706 16710 16713 16721 16741 16743 16762 16771 16776 16779 16787 16788 16791 16792 16794 16796 16800 16805 16814 16817 16824 16826 16828 16829 16831 16832 16850 16851 16858 16861 16868 16870 16872 16877 16878 16880 16882 16886 16889 16891 16893 16894 16915 16948 16972 16975 16992 16997 17002 17007 17021  
 
[2025-11-21 01:42:25,822][WARNING][/build/python-steps-BSmkRk/python-steps-5.0.4/src/steps/mpi/tetopsplit/tetopsplit.cpp:5826][virtual void steps::mpi::tetopsplit::TetOpSplitP::getBatchTriSpecCountsNP(const steps::index_t*, size_t, const std::string&, double*, size_t) const]: The following triangles have not been assigned to a patch, fill in zeros at target positions:
 
[2025-11-21 01:42:25,822][WARNING][/build/python-steps-BSmkRk/python-steps-5.0.4/src/steps/mpi/tetopsplit/tetopsplit.cpp:5829][virtual void steps::mpi::tetopsplit::TetOpSplitP::getBatchTriSpecCountsNP(const steps::index_t*, size_t, const std::string&, double*, size_t) const]: 12680 12697 12791 12925 12961 13002 13035 13038 13053 13063 13079 13122 13132 13140 13142 13244 13256 13261 13268 13364 13396 13401 13410 13413 13476 13481 13504 13547 13605 13684 13700 13726 13766 13788 13811 13838 13849 13891 13913 13980 13982 13993 14023 14025 14035 14038 14049 14064 14072 14106 14122 14142 14145 14200 14280 14282 14310 14313 14345 14364 14373 14376 14432 14454 14456 14473 14516 14524 14566 14580 14612 14615 14621 14643 14651 14660 14670 14702 14707 14717 14744 14748 14750 14752 14769 14777 14788 14797 14817 14818 14840 14857 14865 14869 14873 14875 14901 14936 14949 14968 14987 14997 14999 15027 15030 15055 15060 15072 15096 15109 15113 15120 15135 15153 15162 15164 15181 15182 15189 15193 15195 15210 15219 15226 15243 15246 15254 15258 15263 15284 15360 15371 15373 15377 15399 15418 15428 15436 15439 15442 15445 15452 15459 15473 15475 15493 15512 15524 15537 15542 15546 15569 15570 15577 15588 15611 15618 15624 15634 15647 15653 15657 15681 15690 15725 15739 15743 15750 15754 15761 15767 15774 15783 15804 15808 15821 15829 15844 15867 15873 15881 15886 15902 15905 15911 15917 15921 15923 15933 15938 15947 15972 15973 15975 15989 15994 15999 16001 16009 16011 16013 16016 16027 16028 16031 16039 16047 16058 16077 16081 16087 16094 16096 16097 16098 16099 16102 16115 16139 16147 16152 16155 16158 16172 16174 16176 16189 16192 16216 16220 16225 16226 16241 16253 16254 16256 16258 16264 16269 16296 16314 16321 16322 16331 16337 16347 16350 16352 16357 16362 16377 16386 16393 16397 16398 16403 16409 16419 16427 16429 16440 16444 16447 16450 16452 16462 16481 16505 16530 16535 16540 16544 16548 16556 16558 16562 16567 16576 16598 16620 16622 16623 16627 16630 16631 16643 16647 16649 16651 16656 16660 16661 16670 16677 16680 16690 16697 16699 16702 16706 16710 16713 16721 16741 16743 16762 16771 16776 16779 16787 16788 16791 16792 16794 16796 16800 16805 16814 16817 16824 16826 16828 16829 16831 16832 16850 16851 16858 16861 16868 16870 16872 16877 16878 16880 16882 16886 16889 16891 16893 16894 16915 16948 16972 16975 16992 16997 17002 17007 17021  
 
[2025-11-21 01:42:25,823][WARNING][/build/python-steps-BSmkRk/python-steps-5.0.4/src/steps/mpi/tetopsplit/tetopsplit.cpp:5826][virtual void steps::mpi::tetopsplit::TetOpSplitP::getBatchTriSpecCountsNP(const steps::index_t*, size_t, const std::string&, double*, size_t) const]: The following triangles have not been assigned to a patch, fill in zeros at target positions:
 
[2025-11-21 01:42:25,823][WARNING][/build/python-steps-BSmkRk/python-steps-5.0.4/src/steps/mpi/tetopsplit/tetopsplit.cpp:5829][virtual void steps::mpi::tetopsplit::TetOpSplitP::getBatchTriSpecCountsNP(const steps::index_t*, size_t, const std::string&, double*, size_t) const]: 12680 12697 12791 12925 12961 13002 13035 13038 13053 13063 13079 13122 13132 13140 13142 13244 13256 13261 13268 13364 13396 13401 13410 13413 13476 13481 13504 13547 13605 13684 13700 13726 13766 13788 13811 13838 13849 13891 13913 13980 13982 13993 14023 14025 14035 14038 14049 14064 14072 14106 14122 14142 14145 14200 14280 14282 14310 14313 14345 14364 14373 14376 14432 14454 14456 14473 14516 14524 14566 14580 14612 14615 14621 14643 14651 14660 14670 14702 14707 14717 14744 14748 14750 14752 14769 14777 14788 14797 14817 14818 14840 14857 14865 14869 14873 14875 14901 14936 14949 14968 14987 14997 14999 15027 15030 15055 15060 15072 15096 15109 15113 15120 15135 15153 15162 15164 15181 15182 15189 15193 15195 15210 15219 15226 15243 15246 15254 15258 15263 15284 15360 15371 15373 15377 15399 15418 15428 15436 15439 15442 15445 15452 15459 15473 15475 15493 15512 15524 15537 15542 15546 15569 15570 15577 15588 15611 15618 15624 15634 15647 15653 15657 15681 15690 15725 15739 15743 15750 15754 15761 15767 15774 15783 15804 15808 15821 15829 15844 15867 15873 15881 15886 15902 15905 15911 15917 15921 15923 15933 15938 15947 15972 15973 15975 15989 15994 15999 16001 16009 16011 16013 16016 16027 16028 16031 16039 16047 16058 16077 16081 16087 16094 16096 16097 16098 16099 16102 16115 16139 16147 16152 16155 16158 16172 16174 16176 16189 16192 16216 16220 16225 16226 16241 16253 16254 16256 16258 16264 16269 16296 16314 16321 16322 16331 16337 16347 16350 16352 16357 16362 16377 16386 16393 16397 16398 16403 16409 16419 16427 16429 16440 16444 16447 16450 16452 16462 16481 16505 16530 16535 16540 16544 16548 16556 16558 16562 16567 16576 16598 16620 16622 16623 16627 16630 16631 16643 16647 16649 16651 16656 16660 16661 16670 16677 16680 16690 16697 16699 16702 16706 16710 16713 16721 16741 16743 16762 16771 16776 16779 16787 16788 16791 16792 16794 16796 16800 16805 16814 16817 16824 16826 16828 16829 16831 16832 16850 16851 16858 16861 16868 16870 16872 16877 16878 16880 16882 16886 16889 16891 16893 16894 16915 16948 16972 16975 16992 16997 17002 17007 17021  
 
[2025-11-21 01:42:25,824][WARNING][/build/python-steps-BSmkRk/python-steps-5.0.4/src/steps/mpi/tetopsplit/tetopsplit.cpp:5826][virtual void steps::mpi::tetopsplit::TetOpSplitP::getBatchTriSpecCountsNP(const steps::index_t*, size_t, const std::string&, double*, size_t) const]: The following triangles have not been assigned to a patch, fill in zeros at target positions:
 
[2025-11-21 01:42:25,824][WARNING][/build/python-steps-BSmkRk/python-steps-5.0.4/src/steps/mpi/tetopsplit/tetopsplit.cpp:5829][virtual void steps::mpi::tetopsplit::TetOpSplitP::getBatchTriSpecCountsNP(const steps::index_t*, size_t, const std::string&, double*, size_t) const]: 12680 12697 12791 12925 12961 13002 13035 13038 13053 13063 13079 13122 13132 13140 13142 13244 13256 13261 13268 13364 13396 13401 13410 13413 13476 13481 13504 13547 13605 13684 13700 13726 13766 13788 13811 13838 13849 13891 13913 13980 13982 13993 14023 14025 14035 14038 14049 14064 14072 14106 14122 14142 14145 14200 14280 14282 14310 14313 14345 14364 14373 14376 14432 14454 14456 14473 14516 14524 14566 14580 14612 14615 14621 14643 14651 14660 14670 14702 14707 14717 14744 14748 14750 14752 14769 14777 14788 14797 14817 14818 14840 14857 14865 14869 14873 14875 14901 14936 14949 14968 14987 14997 14999 15027 15030 15055 15060 15072 15096 15109 15113 15120 15135 15153 15162 15164 15181 15182 15189 15193 15195 15210 15219 15226 15243 15246 15254 15258 15263 15284 15360 15371 15373 15377 15399 15418 15428 15436 15439 15442 15445 15452 15459 15473 15475 15493 15512 15524 15537 15542 15546 15569 15570 15577 15588 15611 15618 15624 15634 15647 15653 15657 15681 15690 15725 15739 15743 15750 15754 15761 15767 15774 15783 15804 15808 15821 15829 15844 15867 15873 15881 15886 15902 15905 15911 15917 15921 15923 15933 15938 15947 15972 15973 15975 15989 15994 15999 16001 16009 16011 16013 16016 16027 16028 16031 16039 16047 16058 16077 16081 16087 16094 16096 16097 16098 16099 16102 16115 16139 16147 16152 16155 16158 16172 16174 16176 16189 16192 16216 16220 16225 16226 16241 16253 16254 16256 16258 16264 16269 16296 16314 16321 16322 16331 16337 16347 16350 16352 16357 16362 16377 16386 16393 16397 16398 16403 16409 16419 16427 16429 16440 16444 16447 16450 16452 16462 16481 16505 16530 16535 16540 16544 16548 16556 16558 16562 16567 16576 16598 16620 16622 16623 16627 16630 16631 16643 16647 16649 16651 16656 16660 16661 16670 16677 16680 16690 16697 16699 16702 16706 16710 16713 16721 16741 16743 16762 16771 16776 16779 16787 16788 16791 16792 16794 16796 16800 16805 16814 16817 16824 16826 16828 16829 16831 16832 16850 16851 16858 16861 16868 16870 16872 16877 16878 16880 16882 16886 16889 16891 16893 16894 16915 16948 16972 16975 16992 16997 17002 17007 17021  
 
[2025-11-21 01:42:25,825][WARNING][/build/python-steps-BSmkRk/python-steps-5.0.4/src/steps/mpi/tetopsplit/tetopsplit.cpp:5826][virtual void steps::mpi::tetopsplit::TetOpSplitP::getBatchTriSpecCountsNP(const steps::index_t*, size_t, const std::string&, double*, size_t) const]: The following triangles have not been assigned to a patch, fill in zeros at target positions:
 
[2025-11-21 01:42:25,825][WARNING][/build/python-steps-BSmkRk/python-steps-5.0.4/src/steps/mpi/tetopsplit/tetopsplit.cpp:5829][virtual void steps::mpi::tetopsplit::TetOpSplitP::getBatchTriSpecCountsNP(const steps::index_t*, size_t, const std::string&, double*, size_t) const]: 12680 12697 12791 12925 12961 13002 13035 13038 13053 13063 13079 13122 13132 13140 13142 13244 13256 13261 13268 13364 13396 13401 13410 13413 13476 13481 13504 13547 13605 13684 13700 13726 13766 13788 13811 13838 13849 13891 13913 13980 13982 13993 14023 14025 14035 14038 14049 14064 14072 14106 14122 14142 14145 14200 14280 14282 14310 14313 14345 14364 14373 14376 14432 14454 14456 14473 14516 14524 14566 14580 14612 14615 14621 14643 14651 14660 14670 14702 14707 14717 14744 14748 14750 14752 14769 14777 14788 14797 14817 14818 14840 14857 14865 14869 14873 14875 14901 14936 14949 14968 14987 14997 14999 15027 15030 15055 15060 15072 15096 15109 15113 15120 15135 15153 15162 15164 15181 15182 15189 15193 15195 15210 15219 15226 15243 15246 15254 15258 15263 15284 15360 15371 15373 15377 15399 15418 15428 15436 15439 15442 15445 15452 15459 15473 15475 15493 15512 15524 15537 15542 15546 15569 15570 15577 15588 15611 15618 15624 15634 15647 15653 15657 15681 15690 15725 15739 15743 15750 15754 15761 15767 15774 15783 15804 15808 15821 15829 15844 15867 15873 15881 15886 15902 15905 15911 15917 15921 15923 15933 15938 15947 15972 15973 15975 15989 15994 15999 16001 16009 16011 16013 16016 16027 16028 16031 16039 16047 16058 16077 16081 16087 16094 16096 16097 16098 16099 16102 16115 16139 16147 16152 16155 16158 16172 16174 16176 16189 16192 16216 16220 16225 16226 16241 16253 16254 16256 16258 16264 16269 16296 16314 16321 16322 16331 16337 16347 16350 16352 16357 16362 16377 16386 16393 16397 16398 16403 16409 16419 16427 16429 16440 16444 16447 16450 16452 16462 16481 16505 16530 16535 16540 16544 16548 16556 16558 16562 16567 16576 16598 16620 16622 16623 16627 16630 16631 16643 16647 16649 16651 16656 16660 16661 16670 16677 16680 16690 16697 16699 16702 16706 16710 16713 16721 16741 16743 16762 16771 16776 16779 16787 16788 16791 16792 16794 16796 16800 16805 16814 16817 16824 16826 16828 16829 16831 16832 16850 16851 16858 16861 16868 16870 16872 16877 16878 16880 16882 16886 16889 16891 16893 16894 16915 16948 16972 16975 16992 16997 17002 17007 17021  
 
[2025-11-21 01:42:29,198][WARNING][/build/python-steps-BSmkRk/python-steps-5.0.4/src/steps/mpi/tetopsplit/tetopsplit.cpp:5826][virtual void steps::mpi::tetopsplit::TetOpSplitP::getBatchTriSpecCountsNP(const steps::index_t*, size_t, const std::string&, double*, size_t) const]: The following triangles have not been assigned to a patch, fill in zeros at target positions:
 
[2025-11-21 01:42:29,198][WARNING][/build/python-steps-BSmkRk/python-steps-5.0.4/src/steps/mpi/tetopsplit/tetopsplit.cpp:5829][virtual void steps::mpi::tetopsplit::TetOpSplitP::getBatchTriSpecCountsNP(const steps::index_t*, size_t, const std::string&, double*, size_t) const]: 12680 12697 12791 12925 12961 13002 13035 13038 13053 13063 13079 13122 13132 13140 13142 13244 13256 13261 13268 13364 13396 13401 13410 13413 13476 13481 13504 13547 13605 13684 13700 13726 13766 13788 13811 13838 13849 13891 13913 13980 13982 13993 14023 14025 14035 14038 14049 14064 14072 14106 14122 14142 14145 14200 14280 14282 14310 14313 14345 14364 14373 14376 14432 14454 14456 14473 14516 14524 14566 14580 14612 14615 14621 14643 14651 14660 14670 14702 14707 14717 14744 14748 14750 14752 14769 14777 14788 14797 14817 14818 14840 14857 14865 14869 14873 14875 14901 14936 14949 14968 14987 14997 14999 15027 15030 15055 15060 15072 15096 15109 15113 15120 15135 15153 15162 15164 15181 15182 15189 15193 15195 15210 15219 15226 15243 15246 15254 15258 15263 15284 15360 15371 15373 15377 15399 15418 15428 15436 15439 15442 15445 15452 15459 15473 15475 15493 15512 15524 15537 15542 15546 15569 15570 15577 15588 15611 15618 15624 15634 15647 15653 15657 15681 15690 15725 15739 15743 15750 15754 15761 15767 15774 15783 15804 15808 15821 15829 15844 15867 15873 15881 15886 15902 15905 15911 15917 15921 15923 15933 15938 15947 15972 15973 15975 15989 15994 15999 16001 16009 16011 16013 16016 16027 16028 16031 16039 16047 16058 16077 16081 16087 16094 16096 16097 16098 16099 16102 16115 16139 16147 16152 16155 16158 16172 16174 16176 16189 16192 16216 16220 16225 16226 16241 16253 16254 16256 16258 16264 16269 16296 16314 16321 16322 16331 16337 16347 16350 16352 16357 16362 16377 16386 16393 16397 16398 16403 16409 16419 16427 16429 16440 16444 16447 16450 16452 16462 16481 16505 16530 16535 16540 16544 16548 16556 16558 16562 16567 16576 16598 16620 16622 16623 16627 16630 16631 16643 16647 16649 16651 16656 16660 16661 16670 16677 16680 16690 16697 16699 16702 16706 16710 16713 16721 16741 16743 16762 16771 16776 16779 16787 16788 16791 16792 16794 16796 16800 16805 16814 16817 16824 16826 16828 16829 16831 16832 16850 16851 16858 16861 16868 16870 16872 16877 16878 16880 16882 16886 16889 16891 16893 16894 16915 16948 16972 16975 16992 16997 17002 17007 17021  
 
[2025-11-21 01:42:29,198][WARNING][/build/python-steps-BSmkRk/python-steps-5.0.4/src/steps/mpi/tetopsplit/tetopsplit.cpp:5826][virtual void steps::mpi::tetopsplit::TetOpSplitP::getBatchTriSpecCountsNP(const steps::index_t*, size_t, const std::string&, double*, size_t) const]: The following triangles have not been assigned to a patch, fill in zeros at target positions:
 
[2025-11-21 01:42:29,198][WARNING][/build/python-steps-BSmkRk/python-steps-5.0.4/src/steps/mpi/tetopsplit/tetopsplit.cpp:5829][virtual void steps::mpi::tetopsplit::TetOpSplitP::getBatchTriSpecCountsNP(const steps::index_t*, size_t, const std::string&, double*, size_t) const]: 12680 12697 12791 12925 12961 13002 13035 13038 13053 13063 13079 13122 13132 13140 13142 13244 13256 13261 13268 13364 13396 13401 13410 13413 13476 13481 13504 13547 13605 13684 13700 13726 13766 13788 13811 13838 13849 13891 13913 13980 13982 13993 14023 14025 14035 14038 14049 14064 14072 14106 14122 14142 14145 14200 14280 14282 14310 14313 14345 14364 14373 14376 14432 14454 14456 14473 14516 14524 14566 14580 14612 14615 14621 14643 14651 14660 14670 14702 14707 14717 14744 14748 14750 14752 14769 14777 14788 14797 14817 14818 14840 14857 14865 14869 14873 14875 14901 14936 14949 14968 14987 14997 14999 15027 15030 15055 15060 15072 15096 15109 15113 15120 15135 15153 15162 15164 15181 15182 15189 15193 15195 15210 15219 15226 15243 15246 15254 15258 15263 15284 15360 15371 15373 15377 15399 15418 15428 15436 15439 15442 15445 15452 15459 15473 15475 15493 15512 15524 15537 15542 15546 15569 15570 15577 15588 15611 15618 15624 15634 15647 15653 15657 15681 15690 15725 15739 15743 15750 15754 15761 15767 15774 15783 15804 15808 15821 15829 15844 15867 15873 15881 15886 15902 15905 15911 15917 15921 15923 15933 15938 15947 15972 15973 15975 15989 15994 15999 16001 16009 16011 16013 16016 16027 16028 16031 16039 16047 16058 16077 16081 16087 16094 16096 16097 16098 16099 16102 16115 16139 16147 16152 16155 16158 16172 16174 16176 16189 16192 16216 16220 16225 16226 16241 16253 16254 16256 16258 16264 16269 16296 16314 16321 16322 16331 16337 16347 16350 16352 16357 16362 16377 16386 16393 16397 16398 16403 16409 16419 16427 16429 16440 16444 16447 16450 16452 16462 16481 16505 16530 16535 16540 16544 16548 16556 16558 16562 16567 16576 16598 16620 16622 16623 16627 16630 16631 16643 16647 16649 16651 16656 16660 16661 16670 16677 16680 16690 16697 16699 16702 16706 16710 16713 16721 16741 16743 16762 16771 16776 16779 16787 16788 16791 16792 16794 16796 16800 16805 16814 16817 16824 16826 16828 16829 16831 16832 16850 16851 16858 16861 16868 16870 16872 16877 16878 16880 16882 16886 16889 16891 16893 16894 16915 16948 16972 16975 16992 16997 17002 17007 17021  
 
[2025-11-21 01:42:29,198][WARNING][/build/python-steps-BSmkRk/python-steps-5.0.4/src/steps/mpi/tetopsplit/tetopsplit.cpp:5826][virtual void steps::mpi::tetopsplit::TetOpSplitP::getBatchTriSpecCountsNP(const steps::index_t*, size_t, const std::string&, double*, size_t) const]: The following triangles have not been assigned to a patch, fill in zeros at target positions:
 
[2025-11-21 01:42:29,198][WARNING][/build/python-steps-BSmkRk/python-steps-5.0.4/src/steps/mpi/tetopsplit/tetopsplit.cpp:5829][virtual void steps::mpi::tetopsplit::TetOpSplitP::getBatchTriSpecCountsNP(const steps::index_t*, size_t, const std::string&, double*, size_t) const]: 12680 12697 12791 12925 12961 13002 13035 13038 13053 13063 13079 13122 13132 13140 13142 13244 13256 13261 13268 13364 13396 13401 13410 13413 13476 13481 13504 13547 13605 13684 13700 13726 13766 13788 13811 13838 13849 13891 13913 13980 13982 13993 14023 14025 14035 14038 14049 14064 14072 14106 14122 14142 14145 14200 14280 14282 14310 14313 14345 14364 14373 14376 14432 14454 14456 14473 14516 14524 14566 14580 14612 14615 14621 14643 14651 14660 14670 14702 14707 14717 14744 14748 14750 14752 14769 14777 14788 14797 14817 14818 14840 14857 14865 14869 14873 14875 14901 14936 14949 14968 14987 14997 14999 15027 15030 15055 15060 15072 15096 15109 15113 15120 15135 15153 15162 15164 15181 15182 15189 15193 15195 15210 15219 15226 15243 15246 15254 15258 15263 15284 15360 15371 15373 15377 15399 15418 15428 15436 15439 15442 15445 15452 15459 15473 15475 15493 15512 15524 15537 15542 15546 15569 15570 15577 15588 15611 15618 15624 15634 15647 15653 15657 15681 15690 15725 15739 15743 15750 15754 15761 15767 15774 15783 15804 15808 15821 15829 15844 15867 15873 15881 15886 15902 15905 15911 15917 15921 15923 15933 15938 15947 15972 15973 15975 15989 15994 15999 16001 16009 16011 16013 16016 16027 16028 16031 16039 16047 16058 16077 16081 16087 16094 16096 16097 16098 16099 16102 16115 16139 16147 16152 16155 16158 16172 16174 16176 16189 16192 16216 16220 16225 16226 16241 16253 16254 16256 16258 16264 16269 16296 16314 16321 16322 16331 16337 16347 16350 16352 16357 16362 16377 16386 16393 16397 16398 16403 16409 16419 16427 16429 16440 16444 16447 16450 16452 16462 16481 16505 16530 16535 16540 16544 16548 16556 16558 16562 16567 16576 16598 16620 16622 16623 16627 16630 16631 16643 16647 16649 16651 16656 16660 16661 16670 16677 16680 16690 16697 16699 16702 16706 16710 16713 16721 16741 16743 16762 16771 16776 16779 16787 16788 16791 16792 16794 16796 16800 16805 16814 16817 16824 16826 16828 16829 16831 16832 16850 16851 16858 16861 16868 16870 16872 16877 16878 16880 16882 16886 16889 16891 16893 16894 16915 16948 16972 16975 16992 16997 17002 17007 17021  
 
[2025-11-21 01:42:29,200][WARNING][/build/python-steps-BSmkRk/python-steps-5.0.4/src/steps/mpi/tetopsplit/tetopsplit.cpp:5826][virtual void steps::mpi::tetopsplit::TetOpSplitP::getBatchTriSpecCountsNP(const steps::index_t*, size_t, const std::string&, double*, size_t) const]: The following triangles have not been assigned to a patch, fill in zeros at target positions:
 
[2025-11-21 01:42:29,200][WARNING][/build/python-steps-BSmkRk/python-steps-5.0.4/src/steps/mpi/tetopsplit/tetopsplit.cpp:5829][virtual void steps::mpi::tetopsplit::TetOpSplitP::getBatchTriSpecCountsNP(const steps::index_t*, size_t, const std::string&, double*, size_t) const]: 12680 12697 12791 12925 12961 13002 13035 13038 13053 13063 13079 13122 13132 13140 13142 13244 13256 13261 13268 13364 13396 13401 13410 13413 13476 13481 13504 13547 13605 13684 13700 13726 13766 13788 13811 13838 13849 13891 13913 13980 13982 13993 14023 14025 14035 14038 14049 14064 14072 14106 14122 14142 14145 14200 14280 14282 14310 14313 14345 14364 14373 14376 14432 14454 14456 14473 14516 14524 14566 14580 14612 14615 14621 14643 14651 14660 14670 14702 14707 14717 14744 14748 14750 14752 14769 14777 14788 14797 14817 14818 14840 14857 14865 14869 14873 14875 14901 14936 14949 14968 14987 14997 14999 15027 15030 15055 15060 15072 15096 15109 15113 15120 15135 15153 15162 15164 15181 15182 15189 15193 15195 15210 15219 15226 15243 15246 15254 15258 15263 15284 15360 15371 15373 15377 15399 15418 15428 15436 15439 15442 15445 15452 15459 15473 15475 15493 15512 15524 15537 15542 15546 15569 15570 15577 15588 15611 15618 15624 15634 15647 15653 15657 15681 15690 15725 15739 15743 15750 15754 15761 15767 15774 15783 15804 15808 15821 15829 15844 15867 15873 15881 15886 15902 15905 15911 15917 15921 15923 15933 15938 15947 15972 15973 15975 15989 15994 15999 16001 16009 16011 16013 16016 16027 16028 16031 16039 16047 16058 16077 16081 16087 16094 16096 16097 16098 16099 16102 16115 16139 16147 16152 16155 16158 16172 16174 16176 16189 16192 16216 16220 16225 16226 16241 16253 16254 16256 16258 16264 16269 16296 16314 16321 16322 16331 16337 16347 16350 16352 16357 16362 16377 16386 16393 16397 16398 16403 16409 16419 16427 16429 16440 16444 16447 16450 16452 16462 16481 16505 16530 16535 16540 16544 16548 16556 16558 16562 16567 16576 16598 16620 16622 16623 16627 16630 16631 16643 16647 16649 16651 16656 16660 16661 16670 16677 16680 16690 16697 16699 16702 16706 16710 16713 16721 16741 16743 16762 16771 16776 16779 16787 16788 16791 16792 16794 16796 16800 16805 16814 16817 16824 16826 16828 16829 16831 16832 16850 16851 16858 16861 16868 16870 16872 16877 16878 16880 16882 16886 16889 16891 16893 16894 16915 16948 16972 16975 16992 16997 17002 17007 17021  
 
[2025-11-21 01:42:32,621][WARNING][/build/python-steps-BSmkRk/python-steps-5.0.4/src/steps/mpi/tetopsplit/tetopsplit.cpp:5826][virtual void steps::mpi::tetopsplit::TetOpSplitP::getBatchTriSpecCountsNP(const steps::index_t*, size_t, const std::string&, double*, size_t) const]: The following triangles have not been assigned to a patch, fill in zeros at target positions:
 
[2025-11-21 01:42:32,621][WARNING][/build/python-steps-BSmkRk/python-steps-5.0.4/src/steps/mpi/tetopsplit/tetopsplit.cpp:5829][virtual void steps::mpi::tetopsplit::TetOpSplitP::getBatchTriSpecCountsNP(const steps::index_t*, size_t, const std::string&, double*, size_t) const]: 12680 12697 12791 12925 12961 13002 13035 13038 13053 13063 13079 13122 13132 13140 13142 13244 13256 13261 13268 13364 13396 13401 13410 13413 13476 13481 13504 13547 13605 13684 13700 13726 13766 13788 13811 13838 13849 13891 13913 13980 13982 13993 14023 14025 14035 14038 14049 14064 14072 14106 14122 14142 14145 14200 14280 14282 14310 14313 14345 14364 14373 14376 14432 14454 14456 14473 14516 14524 14566 14580 14612 14615 14621 14643 14651 14660 14670 14702 14707 14717 14744 14748 14750 14752 14769 14777 14788 14797 14817 14818 14840 14857 14865 14869 14873 14875 14901 14936 14949 14968 14987 14997 14999 15027 15030 15055 15060 15072 15096 15109 15113 15120 15135 15153 15162 15164 15181 15182 15189 15193 15195 15210 15219 15226 15243 15246 15254 15258 15263 15284 15360 15371 15373 15377 15399 15418 15428 15436 15439 15442 15445 15452 15459 15473 15475 15493 15512 15524 15537 15542 15546 15569 15570 15577 15588 15611 15618 15624 15634 15647 15653 15657 15681 15690 15725 15739 15743 15750 15754 15761 15767 15774 15783 15804 15808 15821 15829 15844 15867 15873 15881 15886 15902 15905 15911 15917 15921 15923 15933 15938 15947 15972 15973 15975 15989 15994 15999 16001 16009 16011 16013 16016 16027 16028 16031 16039 16047 16058 16077 16081 16087 16094 16096 16097 16098 16099 16102 16115 16139 16147 16152 16155 16158 16172 16174 16176 16189 16192 16216 16220 16225 16226 16241 16253 16254 16256 16258 16264 16269 16296 16314 16321 16322 16331 16337 16347 16350 16352 16357 16362 16377 16386 16393 16397 16398 16403 16409 16419 16427 16429 16440 16444 16447 16450 16452 16462 16481 16505 16530 16535 16540 16544 16548 16556 16558 16562 16567 16576 16598 16620 16622 16623 16627 16630 16631 16643 16647 16649 16651 16656 16660 16661 16670 16677 16680 16690 16697 16699 16702 16706 16710 16713 16721 16741 16743 16762 16771 16776 16779 16787 16788 16791 16792 16794 16796 16800 16805 16814 16817 16824 16826 16828 16829 16831 16832 16850 16851 16858 16861 16868 16870 16872 16877 16878 16880 16882 16886 16889 16891 16893 16894 16915 16948 16972 16975 16992 16997 17002 17007 17021  
 
[2025-11-21 01:42:32,621][WARNING][/build/python-steps-BSmkRk/python-steps-5.0.4/src/steps/mpi/tetopsplit/tetopsplit.cpp:5826][virtual void steps::mpi::tetopsplit::TetOpSplitP::getBatchTriSpecCountsNP(const steps::index_t*, size_t, const std::string&, double*, size_t) const]: The following triangles have not been assigned to a patch, fill in zeros at target positions:
 
[2025-11-21 01:42:32,621][WARNING][/build/python-steps-BSmkRk/python-steps-5.0.4/src/steps/mpi/tetopsplit/tetopsplit.cpp:5829][virtual void steps::mpi::tetopsplit::TetOpSplitP::getBatchTriSpecCountsNP(const steps::index_t*, size_t, const std::string&, double*, size_t) const]: 12680 12697 12791 12925 12961 13002 13035 13038 13053 13063 13079 13122 13132 13140 13142 13244 13256 13261 13268 13364 13396 13401 13410 13413 13476 13481 13504 13547 13605 13684 13700 13726 13766 13788 13811 13838 13849 13891 13913 13980 13982 13993 14023 14025 14035 14038 14049 14064 14072 14106 14122 14142 14145 14200 14280 14282 14310 14313 14345 14364 14373 14376 14432 14454 14456 14473 14516 14524 14566 14580 14612 14615 14621 14643 14651 14660 14670 14702 14707 14717 14744 14748 14750 14752 14769 14777 14788 14797 14817 14818 14840 14857 14865 14869 14873 14875 14901 14936 14949 14968 14987 14997 14999 15027 15030 15055 15060 15072 15096 15109 15113 15120 15135 15153 15162 15164 15181 15182 15189 15193 15195 15210 15219 15226 15243 15246 15254 15258 15263 15284 15360 15371 15373 15377 15399 15418 15428 15436 15439 15442 15445 15452 15459 15473 15475 15493 15512 15524 15537 15542 15546 15569 15570 15577 15588 15611 15618 15624 15634 15647 15653 15657 15681 15690 15725 15739 15743 15750 15754 15761 15767 15774 15783 15804 15808 15821 15829 15844 15867 15873 15881 15886 15902 15905 15911 15917 15921 15923 15933 15938 15947 15972 15973 15975 15989 15994 15999 16001 16009 16011 16013 16016 16027 16028 16031 16039 16047 16058 16077 16081 16087 16094 16096 16097 16098 16099 16102 16115 16139 16147 16152 16155 16158 16172 16174 16176 16189 16192 16216 16220 16225 16226 16241 16253 16254 16256 16258 16264 16269 16296 16314 16321 16322 16331 16337 16347 16350 16352 16357 16362 16377 16386 16393 16397 16398 16403 16409 16419 16427 16429 16440 16444 16447 16450 16452 16462 16481 16505 16530 16535 16540 16544 16548 16556 16558 16562 16567 16576 16598 16620 16622 16623 16627 16630 16631 16643 16647 16649 16651 16656 16660 16661 16670 16677 16680 16690 16697 16699 16702 16706 16710 16713 16721 16741 16743 16762 16771 16776 16779 16787 16788 16791 16792 16794 16796 16800 16805 16814 16817 16824 16826 16828 16829 16831 16832 16850 16851 16858 16861 16868 16870 16872 16877 16878 16880 16882 16886 16889 16891 16893 16894 16915 16948 16972 16975 16992 16997 17002 17007 17021  
 
[2025-11-21 01:42:32,622][WARNING][/build/python-steps-BSmkRk/python-steps-5.0.4/src/steps/mpi/tetopsplit/tetopsplit.cpp:5826][virtual void steps::mpi::tetopsplit::TetOpSplitP::getBatchTriSpecCountsNP(const steps::index_t*, size_t, const std::string&, double*, size_t) const]: The following triangles have not been assigned to a patch, fill in zeros at target positions:
 
[2025-11-21 01:42:32,622][WARNING][/build/python-steps-BSmkRk/python-steps-5.0.4/src/steps/mpi/tetopsplit/tetopsplit.cpp:5829][virtual void steps::mpi::tetopsplit::TetOpSplitP::getBatchTriSpecCountsNP(const steps::index_t*, size_t, const std::string&, double*, size_t) const]: 12680 12697 12791 12925 12961 13002 13035 13038 13053 13063 13079 13122 13132 13140 13142 13244 13256 13261 13268 13364 13396 13401 13410 13413 13476 13481 13504 13547 13605 13684 13700 13726 13766 13788 13811 13838 13849 13891 13913 13980 13982 13993 14023 14025 14035 14038 14049 14064 14072 14106 14122 14142 14145 14200 14280 14282 14310 14313 14345 14364 14373 14376 14432 14454 14456 14473 14516 14524 14566 14580 14612 14615 14621 14643 14651 14660 14670 14702 14707 14717 14744 14748 14750 14752 14769 14777 14788 14797 14817 14818 14840 14857 14865 14869 14873 14875 14901 14936 14949 14968 14987 14997 14999 15027 15030 15055 15060 15072 15096 15109 15113 15120 15135 15153 15162 15164 15181 15182 15189 15193 15195 15210 15219 15226 15243 15246 15254 15258 15263 15284 15360 15371 15373 15377 15399 15418 15428 15436 15439 15442 15445 15452 15459 15473 15475 15493 15512 15524 15537 15542 15546 15569 15570 15577 15588 15611 15618 15624 15634 15647 15653 15657 15681 15690 15725 15739 15743 15750 15754 15761 15767 15774 15783 15804 15808 15821 15829 15844 15867 15873 15881 15886 15902 15905 15911 15917 15921 15923 15933 15938 15947 15972 15973 15975 15989 15994 15999 16001 16009 16011 16013 16016 16027 16028 16031 16039 16047 16058 16077 16081 16087 16094 16096 16097 16098 16099 16102 16115 16139 16147 16152 16155 16158 16172 16174 16176 16189 16192 16216 16220 16225 16226 16241 16253 16254 16256 16258 16264 16269 16296 16314 16321 16322 16331 16337 16347 16350 16352 16357 16362 16377 16386 16393 16397 16398 16403 16409 16419 16427 16429 16440 16444 16447 16450 16452 16462 16481 16505 16530 16535 16540 16544 16548 16556 16558 16562 16567 16576 16598 16620 16622 16623 16627 16630 16631 16643 16647 16649 16651 16656 16660 16661 16670 16677 16680 16690 16697 16699 16702 16706 16710 16713 16721 16741 16743 16762 16771 16776 16779 16787 16788 16791 16792 16794 16796 16800 16805 16814 16817 16824 16826 16828 16829 16831 16832 16850 16851 16858 16861 16868 16870 16872 16877 16878 16880 16882 16886 16889 16891 16893 16894 16915 16948 16972 16975 16992 16997 17002 17007 17021  
 
[2025-11-21 01:42:32,622][WARNING][/build/python-steps-BSmkRk/python-steps-5.0.4/src/steps/mpi/tetopsplit/tetopsplit.cpp:5826][virtual void steps::mpi::tetopsplit::TetOpSplitP::getBatchTriSpecCountsNP(const steps::index_t*, size_t, const std::string&, double*, size_t) const]: The following triangles have not been assigned to a patch, fill in zeros at target positions:
 
[2025-11-21 01:42:32,622][WARNING][/build/python-steps-BSmkRk/python-steps-5.0.4/src/steps/mpi/tetopsplit/tetopsplit.cpp:5829][virtual void steps::mpi::tetopsplit::TetOpSplitP::getBatchTriSpecCountsNP(const steps::index_t*, size_t, const std::string&, double*, size_t) const]: 12680 12697 12791 12925 12961 13002 13035 13038 13053 13063 13079 13122 13132 13140 13142 13244 13256 13261 13268 13364 13396 13401 13410 13413 13476 13481 13504 13547 13605 13684 13700 13726 13766 13788 13811 13838 13849 13891 13913 13980 13982 13993 14023 14025 14035 14038 14049 14064 14072 14106 14122 14142 14145 14200 14280 14282 14310 14313 14345 14364 14373 14376 14432 14454 14456 14473 14516 14524 14566 14580 14612 14615 14621 14643 14651 14660 14670 14702 14707 14717 14744 14748 14750 14752 14769 14777 14788 14797 14817 14818 14840 14857 14865 14869 14873 14875 14901 14936 14949 14968 14987 14997 14999 15027 15030 15055 15060 15072 15096 15109 15113 15120 15135 15153 15162 15164 15181 15182 15189 15193 15195 15210 15219 15226 15243 15246 15254 15258 15263 15284 15360 15371 15373 15377 15399 15418 15428 15436 15439 15442 15445 15452 15459 15473 15475 15493 15512 15524 15537 15542 15546 15569 15570 15577 15588 15611 15618 15624 15634 15647 15653 15657 15681 15690 15725 15739 15743 15750 15754 15761 15767 15774 15783 15804 15808 15821 15829 15844 15867 15873 15881 15886 15902 15905 15911 15917 15921 15923 15933 15938 15947 15972 15973 15975 15989 15994 15999 16001 16009 16011 16013 16016 16027 16028 16031 16039 16047 16058 16077 16081 16087 16094 16096 16097 16098 16099 16102 16115 16139 16147 16152 16155 16158 16172 16174 16176 16189 16192 16216 16220 16225 16226 16241 16253 16254 16256 16258 16264 16269 16296 16314 16321 16322 16331 16337 16347 16350 16352 16357 16362 16377 16386 16393 16397 16398 16403 16409 16419 16427 16429 16440 16444 16447 16450 16452 16462 16481 16505 16530 16535 16540 16544 16548 16556 16558 16562 16567 16576 16598 16620 16622 16623 16627 16630 16631 16643 16647 16649 16651 16656 16660 16661 16670 16677 16680 16690 16697 16699 16702 16706 16710 16713 16721 16741 16743 16762 16771 16776 16779 16787 16788 16791 16792 16794 16796 16800 16805 16814 16817 16824 16826 16828 16829 16831 16832 16850 16851 16858 16861 16868 16870 16872 16877 16878 16880 16882 16886 16889 16891 16893 16894 16915 16948 16972 16975 16992 16997 17002 17007 17021  
 
[2025-11-21 01:42:36,102][WARNING][/build/python-steps-BSmkRk/python-steps-5.0.4/src/steps/mpi/tetopsplit/tetopsplit.cpp:5826][virtual void steps::mpi::tetopsplit::TetOpSplitP::getBatchTriSpecCountsNP(const steps::index_t*, size_t, const std::string&, double*, size_t) const]: The following triangles have not been assigned to a patch, fill in zeros at target positions:
 
[2025-11-21 01:42:36,102][WARNING][/build/python-steps-BSmkRk/python-steps-5.0.4/src/steps/mpi/tetopsplit/tetopsplit.cpp:5829][virtual void steps::mpi::tetopsplit::TetOpSplitP::getBatchTriSpecCountsNP(const steps::index_t*, size_t, const std::string&, double*, size_t) const]: 12680 12697 12791 12925 12961 13002 13035 13038 13053 13063 13079 13122 13132 13140 13142 13244 13256 13261 13268 13364 13396 13401 13410 13413 13476 13481 13504 13547 13605 13684 13700 13726 13766 13788 13811 13838 13849 13891 13913 13980 13982 13993 14023 14025 14035 14038 14049 14064 14072 14106 14122 14142 14145 14200 14280 14282 14310 14313 14345 14364 14373 14376 14432 14454 14456 14473 14516 14524 14566 14580 14612 14615 14621 14643 14651 14660 14670 14702 14707 14717 14744 14748 14750 14752 14769 14777 14788 14797 14817 14818 14840 14857 14865 14869 14873 14875 14901 14936 14949 14968 14987 14997 14999 15027 15030 15055 15060 15072 15096 15109 15113 15120 15135 15153 15162 15164 15181 15182 15189 15193 15195 15210 15219 15226 15243 15246 15254 15258 15263 15284 15360 15371 15373 15377 15399 15418 15428 15436 15439 15442 15445 15452 15459 15473 15475 15493 15512 15524 15537 15542 15546 15569 15570 15577 15588 15611 15618 15624 15634 15647 15653 15657 15681 15690 15725 15739 15743 15750 15754 15761 15767 15774 15783 15804 15808 15821 15829 15844 15867 15873 15881 15886 15902 15905 15911 15917 15921 15923 15933 15938 15947 15972 15973 15975 15989 15994 15999 16001 16009 16011 16013 16016 16027 16028 16031 16039 16047 16058 16077 16081 16087 16094 16096 16097 16098 16099 16102 16115 16139 16147 16152 16155 16158 16172 16174 16176 16189 16192 16216 16220 16225 16226 16241 16253 16254 16256 16258 16264 16269 16296 16314 16321 16322 16331 16337 16347 16350 16352 16357 16362 16377 16386 16393 16397 16398 16403 16409 16419 16427 16429 16440 16444 16447 16450 16452 16462 16481 16505 16530 16535 16540 16544 16548 16556 16558 16562 16567 16576 16598 16620 16622 16623 16627 16630 16631 16643 16647 16649 16651 16656 16660 16661 16670 16677 16680 16690 16697 16699 16702 16706 16710 16713 16721 16741 16743 16762 16771 16776 16779 16787 16788 16791 16792 16794 16796 16800 16805 16814 16817 16824 16826 16828 16829 16831 16832 16850 16851 16858 16861 16868 16870 16872 16877 16878 16880 16882 16886 16889 16891 16893 16894 16915 16948 16972 16975 16992 16997 17002 17007 17021  
 
[2025-11-21 01:42:36,103][WARNING][/build/python-steps-BSmkRk/python-steps-5.0.4/src/steps/mpi/tetopsplit/tetopsplit.cpp:5826][virtual void steps::mpi::tetopsplit::TetOpSplitP::getBatchTriSpecCountsNP(const steps::index_t*, size_t, const std::string&, double*, size_t) const]: The following triangles have not been assigned to a patch, fill in zeros at target positions:
 
[2025-11-21 01:42:36,103][WARNING][/build/python-steps-BSmkRk/python-steps-5.0.4/src/steps/mpi/tetopsplit/tetopsplit.cpp:5829][virtual void steps::mpi::tetopsplit::TetOpSplitP::getBatchTriSpecCountsNP(const steps::index_t*, size_t, const std::string&, double*, size_t) const]: 12680 12697 12791 12925 12961 13002 13035 13038 13053 13063 13079 13122 13132 13140 13142 13244 13256 13261 13268 13364 13396 13401 13410 13413 13476 13481 13504 13547 13605 13684 13700 13726 13766 13788 13811 13838 13849 13891 13913 13980 13982 13993 14023 14025 14035 14038 14049 14064 14072 14106 14122 14142 14145 14200 14280 14282 14310 14313 14345 14364 14373 14376 14432 14454 14456 14473 14516 14524 14566 14580 14612 14615 14621 14643 14651 14660 14670 14702 14707 14717 14744 14748 14750 14752 14769 14777 14788 14797 14817 14818 14840 14857 14865 14869 14873 14875 14901 14936 14949 14968 14987 14997 14999 15027 15030 15055 15060 15072 15096 15109 15113 15120 15135 15153 15162 15164 15181 15182 15189 15193 15195 15210 15219 15226 15243 15246 15254 15258 15263 15284 15360 15371 15373 15377 15399 15418 15428 15436 15439 15442 15445 15452 15459 15473 15475 15493 15512 15524 15537 15542 15546 15569 15570 15577 15588 15611 15618 15624 15634 15647 15653 15657 15681 15690 15725 15739 15743 15750 15754 15761 15767 15774 15783 15804 15808 15821 15829 15844 15867 15873 15881 15886 15902 15905 15911 15917 15921 15923 15933 15938 15947 15972 15973 15975 15989 15994 15999 16001 16009 16011 16013 16016 16027 16028 16031 16039 16047 16058 16077 16081 16087 16094 16096 16097 16098 16099 16102 16115 16139 16147 16152 16155 16158 16172 16174 16176 16189 16192 16216 16220 16225 16226 16241 16253 16254 16256 16258 16264 16269 16296 16314 16321 16322 16331 16337 16347 16350 16352 16357 16362 16377 16386 16393 16397 16398 16403 16409 16419 16427 16429 16440 16444 16447 16450 16452 16462 16481 16505 16530 16535 16540 16544 16548 16556 16558 16562 16567 16576 16598 16620 16622 16623 16627 16630 16631 16643 16647 16649 16651 16656 16660 16661 16670 16677 16680 16690 16697 16699 16702 16706 16710 16713 16721 16741 16743 16762 16771 16776 16779 16787 16788 16791 16792 16794 16796 16800 16805 16814 16817 16824 16826 16828 16829 16831 16832 16850 16851 16858 16861 16868 16870 16872 16877 16878 16880 16882 16886 16889 16891 16893 16894 16915 16948 16972 16975 16992 16997 17002 17007 17021  
 
[2025-11-21 01:42:36,104][WARNING][/build/python-steps-BSmkRk/python-steps-5.0.4/src/steps/mpi/tetopsplit/tetopsplit.cpp:5826][virtual void steps::mpi::tetopsplit::TetOpSplitP::getBatchTriSpecCountsNP(const steps::index_t*, size_t, const std::string&, double*, size_t) const]: The following triangles have not been assigned to a patch, fill in zeros at target positions:
 
[2025-11-21 01:42:36,104][WARNING][/build/python-steps-BSmkRk/python-steps-5.0.4/src/steps/mpi/tetopsplit/tetopsplit.cpp:5829][virtual void steps::mpi::tetopsplit::TetOpSplitP::getBatchTriSpecCountsNP(const steps::index_t*, size_t, const std::string&, double*, size_t) const]: 12680 12697 12791 12925 12961 13002 13035 13038 13053 13063 13079 13122 13132 13140 13142 13244 13256 13261 13268 13364 13396 13401 13410 13413 13476 13481 13504 13547 13605 13684 13700 13726 13766 13788 13811 13838 13849 13891 13913 13980 13982 13993 14023 14025 14035 14038 14049 14064 14072 14106 14122 14142 14145 14200 14280 14282 14310 14313 14345 14364 14373 14376 14432 14454 14456 14473 14516 14524 14566 14580 14612 14615 14621 14643 14651 14660 14670 14702 14707 14717 14744 14748 14750 14752 14769 14777 14788 14797 14817 14818 14840 14857 14865 14869 14873 14875 14901 14936 14949 14968 14987 14997 14999 15027 15030 15055 15060 15072 15096 15109 15113 15120 15135 15153 15162 15164 15181 15182 15189 15193 15195 15210 15219 15226 15243 15246 15254 15258 15263 15284 15360 15371 15373 15377 15399 15418 15428 15436 15439 15442 15445 15452 15459 15473 15475 15493 15512 15524 15537 15542 15546 15569 15570 15577 15588 15611 15618 15624 15634 15647 15653 15657 15681 15690 15725 15739 15743 15750 15754 15761 15767 15774 15783 15804 15808 15821 15829 15844 15867 15873 15881 15886 15902 15905 15911 15917 15921 15923 15933 15938 15947 15972 15973 15975 15989 15994 15999 16001 16009 16011 16013 16016 16027 16028 16031 16039 16047 16058 16077 16081 16087 16094 16096 16097 16098 16099 16102 16115 16139 16147 16152 16155 16158 16172 16174 16176 16189 16192 16216 16220 16225 16226 16241 16253 16254 16256 16258 16264 16269 16296 16314 16321 16322 16331 16337 16347 16350 16352 16357 16362 16377 16386 16393 16397 16398 16403 16409 16419 16427 16429 16440 16444 16447 16450 16452 16462 16481 16505 16530 16535 16540 16544 16548 16556 16558 16562 16567 16576 16598 16620 16622 16623 16627 16630 16631 16643 16647 16649 16651 16656 16660 16661 16670 16677 16680 16690 16697 16699 16702 16706 16710 16713 16721 16741 16743 16762 16771 16776 16779 16787 16788 16791 16792 16794 16796 16800 16805 16814 16817 16824 16826 16828 16829 16831 16832 16850 16851 16858 16861 16868 16870 16872 16877 16878 16880 16882 16886 16889 16891 16893 16894 16915 16948 16972 16975 16992 16997 17002 17007 17021  
 
[2025-11-21 01:42:36,105][WARNING][/build/python-steps-BSmkRk/python-steps-5.0.4/src/steps/mpi/tetopsplit/tetopsplit.cpp:5826][virtual void steps::mpi::tetopsplit::TetOpSplitP::getBatchTriSpecCountsNP(const steps::index_t*, size_t, const std::string&, double*, size_t) const]: The following triangles have not been assigned to a patch, fill in zeros at target positions:
 
[2025-11-21 01:42:36,105][WARNING][/build/python-steps-BSmkRk/python-steps-5.0.4/src/steps/mpi/tetopsplit/tetopsplit.cpp:5829][virtual void steps::mpi::tetopsplit::TetOpSplitP::getBatchTriSpecCountsNP(const steps::index_t*, size_t, const std::string&, double*, size_t) const]: 12680 12697 12791 12925 12961 13002 13035 13038 13053 13063 13079 13122 13132 13140 13142 13244 13256 13261 13268 13364 13396 13401 13410 13413 13476 13481 13504 13547 13605 13684 13700 13726 13766 13788 13811 13838 13849 13891 13913 13980 13982 13993 14023 14025 14035 14038 14049 14064 14072 14106 14122 14142 14145 14200 14280 14282 14310 14313 14345 14364 14373 14376 14432 14454 14456 14473 14516 14524 14566 14580 14612 14615 14621 14643 14651 14660 14670 14702 14707 14717 14744 14748 14750 14752 14769 14777 14788 14797 14817 14818 14840 14857 14865 14869 14873 14875 14901 14936 14949 14968 14987 14997 14999 15027 15030 15055 15060 15072 15096 15109 15113 15120 15135 15153 15162 15164 15181 15182 15189 15193 15195 15210 15219 15226 15243 15246 15254 15258 15263 15284 15360 15371 15373 15377 15399 15418 15428 15436 15439 15442 15445 15452 15459 15473 15475 15493 15512 15524 15537 15542 15546 15569 15570 15577 15588 15611 15618 15624 15634 15647 15653 15657 15681 15690 15725 15739 15743 15750 15754 15761 15767 15774 15783 15804 15808 15821 15829 15844 15867 15873 15881 15886 15902 15905 15911 15917 15921 15923 15933 15938 15947 15972 15973 15975 15989 15994 15999 16001 16009 16011 16013 16016 16027 16028 16031 16039 16047 16058 16077 16081 16087 16094 16096 16097 16098 16099 16102 16115 16139 16147 16152 16155 16158 16172 16174 16176 16189 16192 16216 16220 16225 16226 16241 16253 16254 16256 16258 16264 16269 16296 16314 16321 16322 16331 16337 16347 16350 16352 16357 16362 16377 16386 16393 16397 16398 16403 16409 16419 16427 16429 16440 16444 16447 16450 16452 16462 16481 16505 16530 16535 16540 16544 16548 16556 16558 16562 16567 16576 16598 16620 16622 16623 16627 16630 16631 16643 16647 16649 16651 16656 16660 16661 16670 16677 16680 16690 16697 16699 16702 16706 16710 16713 16721 16741 16743 16762 16771 16776 16779 16787 16788 16791 16792 16794 16796 16800 16805 16814 16817 16824 16826 16828 16829 16831 16832 16850 16851 16858 16861 16868 16870 16872 16877 16878 16880 16882 16886 16889 16891 16893 16894 16915 16948 16972 16975 16992 16997 17002 17007 17021  
 
[2025-11-21 01:42:39,641][WARNING][/build/python-steps-BSmkRk/python-steps-5.0.4/src/steps/mpi/tetopsplit/tetopsplit.cpp:5826][virtual void steps::mpi::tetopsplit::TetOpSplitP::getBatchTriSpecCountsNP(const steps::index_t*, size_t, const std::string&, double*, size_t) const]: The following triangles have not been assigned to a patch, fill in zeros at target positions:
 
[2025-11-21 01:42:39,641][WARNING][/build/python-steps-BSmkRk/python-steps-5.0.4/src/steps/mpi/tetopsplit/tetopsplit.cpp:5829][virtual void steps::mpi::tetopsplit::TetOpSplitP::getBatchTriSpecCountsNP(const steps::index_t*, size_t, const std::string&, double*, size_t) const]: 12680 12697 12791 12925 12961 13002 13035 13038 13053 13063 13079 13122 13132 13140 13142 13244 13256 13261 13268 13364 13396 13401 13410 13413 13476 13481 13504 13547 13605 13684 13700 13726 13766 13788 13811 13838 13849 13891 13913 13980 13982 13993 14023 14025 14035 14038 14049 14064 14072 14106 14122 14142 14145 14200 14280 14282 14310 14313 14345 14364 14373 14376 14432 14454 14456 14473 14516 14524 14566 14580 14612 14615 14621 14643 14651 14660 14670 14702 14707 14717 14744 14748 14750 14752 14769 14777 14788 14797 14817 14818 14840 14857 14865 14869 14873 14875 14901 14936 14949 14968 14987 14997 14999 15027 15030 15055 15060 15072 15096 15109 15113 15120 15135 15153 15162 15164 15181 15182 15189 15193 15195 15210 15219 15226 15243 15246 15254 15258 15263 15284 15360 15371 15373 15377 15399 15418 15428 15436 15439 15442 15445 15452 15459 15473 15475 15493 15512 15524 15537 15542 15546 15569 15570 15577 15588 15611 15618 15624 15634 15647 15653 15657 15681 15690 15725 15739 15743 15750 15754 15761 15767 15774 15783 15804 15808 15821 15829 15844 15867 15873 15881 15886 15902 15905 15911 15917 15921 15923 15933 15938 15947 15972 15973 15975 15989 15994 15999 16001 16009 16011 16013 16016 16027 16028 16031 16039 16047 16058 16077 16081 16087 16094 16096 16097 16098 16099 16102 16115 16139 16147 16152 16155 16158 16172 16174 16176 16189 16192 16216 16220 16225 16226 16241 16253 16254 16256 16258 16264 16269 16296 16314 16321 16322 16331 16337 16347 16350 16352 16357 16362 16377 16386 16393 16397 16398 16403 16409 16419 16427 16429 16440 16444 16447 16450 16452 16462 16481 16505 16530 16535 16540 16544 16548 16556 16558 16562 16567 16576 16598 16620 16622 16623 16627 16630 16631 16643 16647 16649 16651 16656 16660 16661 16670 16677 16680 16690 16697 16699 16702 16706 16710 16713 16721 16741 16743 16762 16771 16776 16779 16787 16788 16791 16792 16794 16796 16800 16805 16814 16817 16824 16826 16828 16829 16831 16832 16850 16851 16858 16861 16868 16870 16872 16877 16878 16880 16882 16886 16889 16891 16893 16894 16915 16948 16972 16975 16992 16997 17002 17007 17021  
 
[2025-11-21 01:42:39,642][WARNING][/build/python-steps-BSmkRk/python-steps-5.0.4/src/steps/mpi/tetopsplit/tetopsplit.cpp:5826][virtual void steps::mpi::tetopsplit::TetOpSplitP::getBatchTriSpecCountsNP(const steps::index_t*, size_t, const std::string&, double*, size_t) const]: The following triangles have not been assigned to a patch, fill in zeros at target positions:
 
[2025-11-21 01:42:39,642][WARNING][/build/python-steps-BSmkRk/python-steps-5.0.4/src/steps/mpi/tetopsplit/tetopsplit.cpp:5829][virtual void steps::mpi::tetopsplit::TetOpSplitP::getBatchTriSpecCountsNP(const steps::index_t*, size_t, const std::string&, double*, size_t) const]: 12680 12697 12791 12925 12961 13002 13035 13038 13053 13063 13079 13122 13132 13140 13142 13244 13256 13261 13268 13364 13396 13401 13410 13413 13476 13481 13504 13547 13605 13684 13700 13726 13766 13788 13811 13838 13849 13891 13913 13980 13982 13993 14023 14025 14035 14038 14049 14064 14072 14106 14122 14142 14145 14200 14280 14282 14310 14313 14345 14364 14373 14376 14432 14454 14456 14473 14516 14524 14566 14580 14612 14615 14621 14643 14651 14660 14670 14702 14707 14717 14744 14748 14750 14752 14769 14777 14788 14797 14817 14818 14840 14857 14865 14869 14873 14875 14901 14936 14949 14968 14987 14997 14999 15027 15030 15055 15060 15072 15096 15109 15113 15120 15135 15153 15162 15164 15181 15182 15189 15193 15195 15210 15219 15226 15243 15246 15254 15258 15263 15284 15360 15371 15373 15377 15399 15418 15428 15436 15439 15442 15445 15452 15459 15473 15475 15493 15512 15524 15537 15542 15546 15569 15570 15577 15588 15611 15618 15624 15634 15647 15653 15657 15681 15690 15725 15739 15743 15750 15754 15761 15767 15774 15783 15804 15808 15821 15829 15844 15867 15873 15881 15886 15902 15905 15911 15917 15921 15923 15933 15938 15947 15972 15973 15975 15989 15994 15999 16001 16009 16011 16013 16016 16027 16028 16031 16039 16047 16058 16077 16081 16087 16094 16096 16097 16098 16099 16102 16115 16139 16147 16152 16155 16158 16172 16174 16176 16189 16192 16216 16220 16225 16226 16241 16253 16254 16256 16258 16264 16269 16296 16314 16321 16322 16331 16337 16347 16350 16352 16357 16362 16377 16386 16393 16397 16398 16403 16409 16419 16427 16429 16440 16444 16447 16450 16452 16462 16481 16505 16530 16535 16540 16544 16548 16556 16558 16562 16567 16576 16598 16620 16622 16623 16627 16630 16631 16643 16647 16649 16651 16656 16660 16661 16670 16677 16680 16690 16697 16699 16702 16706 16710 16713 16721 16741 16743 16762 16771 16776 16779 16787 16788 16791 16792 16794 16796 16800 16805 16814 16817 16824 16826 16828 16829 16831 16832 16850 16851 16858 16861 16868 16870 16872 16877 16878 16880 16882 16886 16889 16891 16893 16894 16915 16948 16972 16975 16992 16997 17002 17007 17021  
 
[2025-11-21 01:42:39,642][WARNING][/build/python-steps-BSmkRk/python-steps-5.0.4/src/steps/mpi/tetopsplit/tetopsplit.cpp:5826][virtual void steps::mpi::tetopsplit::TetOpSplitP::getBatchTriSpecCountsNP(const steps::index_t*, size_t, const std::string&, double*, size_t) const]: The following triangles have not been assigned to a patch, fill in zeros at target positions:
 
[2025-11-21 01:42:39,642][WARNING][/build/python-steps-BSmkRk/python-steps-5.0.4/src/steps/mpi/tetopsplit/tetopsplit.cpp:5829][virtual void steps::mpi::tetopsplit::TetOpSplitP::getBatchTriSpecCountsNP(const steps::index_t*, size_t, const std::string&, double*, size_t) const]: 12680 12697 12791 12925 12961 13002 13035 13038 13053 13063 13079 13122 13132 13140 13142 13244 13256 13261 13268 13364 13396 13401 13410 13413 13476 13481 13504 13547 13605 13684 13700 13726 13766 13788 13811 13838 13849 13891 13913 13980 13982 13993 14023 14025 14035 14038 14049 14064 14072 14106 14122 14142 14145 14200 14280 14282 14310 14313 14345 14364 14373 14376 14432 14454 14456 14473 14516 14524 14566 14580 14612 14615 14621 14643 14651 14660 14670 14702 14707 14717 14744 14748 14750 14752 14769 14777 14788 14797 14817 14818 14840 14857 14865 14869 14873 14875 14901 14936 14949 14968 14987 14997 14999 15027 15030 15055 15060 15072 15096 15109 15113 15120 15135 15153 15162 15164 15181 15182 15189 15193 15195 15210 15219 15226 15243 15246 15254 15258 15263 15284 15360 15371 15373 15377 15399 15418 15428 15436 15439 15442 15445 15452 15459 15473 15475 15493 15512 15524 15537 15542 15546 15569 15570 15577 15588 15611 15618 15624 15634 15647 15653 15657 15681 15690 15725 15739 15743 15750 15754 15761 15767 15774 15783 15804 15808 15821 15829 15844 15867 15873 15881 15886 15902 15905 15911 15917 15921 15923 15933 15938 15947 15972 15973 15975 15989 15994 15999 16001 16009 16011 16013 16016 16027 16028 16031 16039 16047 16058 16077 16081 16087 16094 16096 16097 16098 16099 16102 16115 16139 16147 16152 16155 16158 16172 16174 16176 16189 16192 16216 16220 16225 16226 16241 16253 16254 16256 16258 16264 16269 16296 16314 16321 16322 16331 16337 16347 16350 16352 16357 16362 16377 16386 16393 16397 16398 16403 16409 16419 16427 16429 16440 16444 16447 16450 16452 16462 16481 16505 16530 16535 16540 16544 16548 16556 16558 16562 16567 16576 16598 16620 16622 16623 16627 16630 16631 16643 16647 16649 16651 16656 16660 16661 16670 16677 16680 16690 16697 16699 16702 16706 16710 16713 16721 16741 16743 16762 16771 16776 16779 16787 16788 16791 16792 16794 16796 16800 16805 16814 16817 16824 16826 16828 16829 16831 16832 16850 16851 16858 16861 16868 16870 16872 16877 16878 16880 16882 16886 16889 16891 16893 16894 16915 16948 16972 16975 16992 16997 17002 17007 17021  
 
[2025-11-21 01:42:39,644][WARNING][/build/python-steps-BSmkRk/python-steps-5.0.4/src/steps/mpi/tetopsplit/tetopsplit.cpp:5826][virtual void steps::mpi::tetopsplit::TetOpSplitP::getBatchTriSpecCountsNP(const steps::index_t*, size_t, const std::string&, double*, size_t) const]: The following triangles have not been assigned to a patch, fill in zeros at target positions:
 
[2025-11-21 01:42:39,644][WARNING][/build/python-steps-BSmkRk/python-steps-5.0.4/src/steps/mpi/tetopsplit/tetopsplit.cpp:5829][virtual void steps::mpi::tetopsplit::TetOpSplitP::getBatchTriSpecCountsNP(const steps::index_t*, size_t, const std::string&, double*, size_t) const]: 12680 12697 12791 12925 12961 13002 13035 13038 13053 13063 13079 13122 13132 13140 13142 13244 13256 13261 13268 13364 13396 13401 13410 13413 13476 13481 13504 13547 13605 13684 13700 13726 13766 13788 13811 13838 13849 13891 13913 13980 13982 13993 14023 14025 14035 14038 14049 14064 14072 14106 14122 14142 14145 14200 14280 14282 14310 14313 14345 14364 14373 14376 14432 14454 14456 14473 14516 14524 14566 14580 14612 14615 14621 14643 14651 14660 14670 14702 14707 14717 14744 14748 14750 14752 14769 14777 14788 14797 14817 14818 14840 14857 14865 14869 14873 14875 14901 14936 14949 14968 14987 14997 14999 15027 15030 15055 15060 15072 15096 15109 15113 15120 15135 15153 15162 15164 15181 15182 15189 15193 15195 15210 15219 15226 15243 15246 15254 15258 15263 15284 15360 15371 15373 15377 15399 15418 15428 15436 15439 15442 15445 15452 15459 15473 15475 15493 15512 15524 15537 15542 15546 15569 15570 15577 15588 15611 15618 15624 15634 15647 15653 15657 15681 15690 15725 15739 15743 15750 15754 15761 15767 15774 15783 15804 15808 15821 15829 15844 15867 15873 15881 15886 15902 15905 15911 15917 15921 15923 15933 15938 15947 15972 15973 15975 15989 15994 15999 16001 16009 16011 16013 16016 16027 16028 16031 16039 16047 16058 16077 16081 16087 16094 16096 16097 16098 16099 16102 16115 16139 16147 16152 16155 16158 16172 16174 16176 16189 16192 16216 16220 16225 16226 16241 16253 16254 16256 16258 16264 16269 16296 16314 16321 16322 16331 16337 16347 16350 16352 16357 16362 16377 16386 16393 16397 16398 16403 16409 16419 16427 16429 16440 16444 16447 16450 16452 16462 16481 16505 16530 16535 16540 16544 16548 16556 16558 16562 16567 16576 16598 16620 16622 16623 16627 16630 16631 16643 16647 16649 16651 16656 16660 16661 16670 16677 16680 16690 16697 16699 16702 16706 16710 16713 16721 16741 16743 16762 16771 16776 16779 16787 16788 16791 16792 16794 16796 16800 16805 16814 16817 16824 16826 16828 16829 16831 16832 16850 16851 16858 16861 16868 16870 16872 16877 16878 16880 16882 16886 16889 16891 16893 16894 16915 16948 16972 16975 16992 16997 17002 17007 17021  
 
[2025-11-21 01:42:43,239][WARNING][/build/python-steps-BSmkRk/python-steps-5.0.4/src/steps/mpi/tetopsplit/tetopsplit.cpp:5826][virtual void steps::mpi::tetopsplit::TetOpSplitP::getBatchTriSpecCountsNP(const steps::index_t*, size_t, const std::string&, double*, size_t) const]: The following triangles have not been assigned to a patch, fill in zeros at target positions:
 
[2025-11-21 01:42:43,239][WARNING][/build/python-steps-BSmkRk/python-steps-5.0.4/src/steps/mpi/tetopsplit/tetopsplit.cpp:5829][virtual void steps::mpi::tetopsplit::TetOpSplitP::getBatchTriSpecCountsNP(const steps::index_t*, size_t, const std::string&, double*, size_t) const]: 12680 12697 12791 12925 12961 13002 13035 13038 13053 13063 13079 13122 13132 13140 13142 13244 13256 13261 13268 13364 13396 13401 13410 13413 13476 13481 13504 13547 13605 13684 13700 13726 13766 13788 13811 13838 13849 13891 13913 13980 13982 13993 14023 14025 14035 14038 14049 14064 14072 14106 14122 14142 14145 14200 14280 14282 14310 14313 14345 14364 14373 14376 14432 14454 14456 14473 14516 14524 14566 14580 14612 14615 14621 14643 14651 14660 14670 14702 14707 14717 14744 14748 14750 14752 14769 14777 14788 14797 14817 14818 14840 14857 14865 14869 14873 14875 14901 14936 14949 14968 14987 14997 14999 15027 15030 15055 15060 15072 15096 15109 15113 15120 15135 15153 15162 15164 15181 15182 15189 15193 15195 15210 15219 15226 15243 15246 15254 15258 15263 15284 15360 15371 15373 15377 15399 15418 15428 15436 15439 15442 15445 15452 15459 15473 15475 15493 15512 15524 15537 15542 15546 15569 15570 15577 15588 15611 15618 15624 15634 15647 15653 15657 15681 15690 15725 15739 15743 15750 15754 15761 15767 15774 15783 15804 15808 15821 15829 15844 15867 15873 15881 15886 15902 15905 15911 15917 15921 15923 15933 15938 15947 15972 15973 15975 15989 15994 15999 16001 16009 16011 16013 16016 16027 16028 16031 16039 16047 16058 16077 16081 16087 16094 16096 16097 16098 16099 16102 16115 16139 16147 16152 16155 16158 16172 16174 16176 16189 16192 16216 16220 16225 16226 16241 16253 16254 16256 16258 16264 16269 16296 16314 16321 16322 16331 16337 16347 16350 16352 16357 16362 16377 16386 16393 16397 16398 16403 16409 16419 16427 16429 16440 16444 16447 16450 16452 16462 16481 16505 16530 16535 16540 16544 16548 16556 16558 16562 16567 16576 16598 16620 16622 16623 16627 16630 16631 16643 16647 16649 16651 16656 16660 16661 16670 16677 16680 16690 16697 16699 16702 16706 16710 16713 16721 16741 16743 16762 16771 16776 16779 16787 16788 16791 16792 16794 16796 16800 16805 16814 16817 16824 16826 16828 16829 16831 16832 16850 16851 16858 16861 16868 16870 16872 16877 16878 16880 16882 16886 16889 16891 16893 16894 16915 16948 16972 16975 16992 16997 17002 17007 17021  
 
[2025-11-21 01:42:43,240][WARNING][/build/python-steps-BSmkRk/python-steps-5.0.4/src/steps/mpi/tetopsplit/tetopsplit.cpp:5826][virtual void steps::mpi::tetopsplit::TetOpSplitP::getBatchTriSpecCountsNP(const steps::index_t*, size_t, const std::string&, double*, size_t) const]: The following triangles have not been assigned to a patch, fill in zeros at target positions:
 
[2025-11-21 01:42:43,240][WARNING][/build/python-steps-BSmkRk/python-steps-5.0.4/src/steps/mpi/tetopsplit/tetopsplit.cpp:5829][virtual void steps::mpi::tetopsplit::TetOpSplitP::getBatchTriSpecCountsNP(const steps::index_t*, size_t, const std::string&, double*, size_t) const]: 12680 12697 12791 12925 12961 13002 13035 13038 13053 13063 13079 13122 13132 13140 13142 13244 13256 13261 13268 13364 13396 13401 13410 13413 13476 13481 13504 13547 13605 13684 13700 13726 13766 13788 13811 13838 13849 13891 13913 13980 13982 13993 14023 14025 14035 14038 14049 14064 14072 14106 14122 14142 14145 14200 14280 14282 14310 14313 14345 14364 14373 14376 14432 14454 14456 14473 14516 14524 14566 14580 14612 14615 14621 14643 14651 14660 14670 14702 14707 14717 14744 14748 14750 14752 14769 14777 14788 14797 14817 14818 14840 14857 14865 14869 14873 14875 14901 14936 14949 14968 14987 14997 14999 15027 15030 15055 15060 15072 15096 15109 15113 15120 15135 15153 15162 15164 15181 15182 15189 15193 15195 15210 15219 15226 15243 15246 15254 15258 15263 15284 15360 15371 15373 15377 15399 15418 15428 15436 15439 15442 15445 15452 15459 15473 15475 15493 15512 15524 15537 15542 15546 15569 15570 15577 15588 15611 15618 15624 15634 15647 15653 15657 15681 15690 15725 15739 15743 15750 15754 15761 15767 15774 15783 15804 15808 15821 15829 15844 15867 15873 15881 15886 15902 15905 15911 15917 15921 15923 15933 15938 15947 15972 15973 15975 15989 15994 15999 16001 16009 16011 16013 16016 16027 16028 16031 16039 16047 16058 16077 16081 16087 16094 16096 16097 16098 16099 16102 16115 16139 16147 16152 16155 16158 16172 16174 16176 16189 16192 16216 16220 16225 16226 16241 16253 16254 16256 16258 16264 16269 16296 16314 16321 16322 16331 16337 16347 16350 16352 16357 16362 16377 16386 16393 16397 16398 16403 16409 16419 16427 16429 16440 16444 16447 16450 16452 16462 16481 16505 16530 16535 16540 16544 16548 16556 16558 16562 16567 16576 16598 16620 16622 16623 16627 16630 16631 16643 16647 16649 16651 16656 16660 16661 16670 16677 16680 16690 16697 16699 16702 16706 16710 16713 16721 16741 16743 16762 16771 16776 16779 16787 16788 16791 16792 16794 16796 16800 16805 16814 16817 16824 16826 16828 16829 16831 16832 16850 16851 16858 16861 16868 16870 16872 16877 16878 16880 16882 16886 16889 16891 16893 16894 16915 16948 16972 16975 16992 16997 17002 17007 17021  
 
[2025-11-21 01:42:43,240][WARNING][/build/python-steps-BSmkRk/python-steps-5.0.4/src/steps/mpi/tetopsplit/tetopsplit.cpp:5826][virtual void steps::mpi::tetopsplit::TetOpSplitP::getBatchTriSpecCountsNP(const steps::index_t*, size_t, const std::string&, double*, size_t) const]: The following triangles have not been assigned to a patch, fill in zeros at target positions:
 
[2025-11-21 01:42:43,240][WARNING][/build/python-steps-BSmkRk/python-steps-5.0.4/src/steps/mpi/tetopsplit/tetopsplit.cpp:5829][virtual void steps::mpi::tetopsplit::TetOpSplitP::getBatchTriSpecCountsNP(const steps::index_t*, size_t, const std::string&, double*, size_t) const]: 12680 12697 12791 12925 12961 13002 13035 13038 13053 13063 13079 13122 13132 13140 13142 13244 13256 13261 13268 13364 13396 13401 13410 13413 13476 13481 13504 13547 13605 13684 13700 13726 13766 13788 13811 13838 13849 13891 13913 13980 13982 13993 14023 14025 14035 14038 14049 14064 14072 14106 14122 14142 14145 14200 14280 14282 14310 14313 14345 14364 14373 14376 14432 14454 14456 14473 14516 14524 14566 14580 14612 14615 14621 14643 14651 14660 14670 14702 14707 14717 14744 14748 14750 14752 14769 14777 14788 14797 14817 14818 14840 14857 14865 14869 14873 14875 14901 14936 14949 14968 14987 14997 14999 15027 15030 15055 15060 15072 15096 15109 15113 15120 15135 15153 15162 15164 15181 15182 15189 15193 15195 15210 15219 15226 15243 15246 15254 15258 15263 15284 15360 15371 15373 15377 15399 15418 15428 15436 15439 15442 15445 15452 15459 15473 15475 15493 15512 15524 15537 15542 15546 15569 15570 15577 15588 15611 15618 15624 15634 15647 15653 15657 15681 15690 15725 15739 15743 15750 15754 15761 15767 15774 15783 15804 15808 15821 15829 15844 15867 15873 15881 15886 15902 15905 15911 15917 15921 15923 15933 15938 15947 15972 15973 15975 15989 15994 15999 16001 16009 16011 16013 16016 16027 16028 16031 16039 16047 16058 16077 16081 16087 16094 16096 16097 16098 16099 16102 16115 16139 16147 16152 16155 16158 16172 16174 16176 16189 16192 16216 16220 16225 16226 16241 16253 16254 16256 16258 16264 16269 16296 16314 16321 16322 16331 16337 16347 16350 16352 16357 16362 16377 16386 16393 16397 16398 16403 16409 16419 16427 16429 16440 16444 16447 16450 16452 16462 16481 16505 16530 16535 16540 16544 16548 16556 16558 16562 16567 16576 16598 16620 16622 16623 16627 16630 16631 16643 16647 16649 16651 16656 16660 16661 16670 16677 16680 16690 16697 16699 16702 16706 16710 16713 16721 16741 16743 16762 16771 16776 16779 16787 16788 16791 16792 16794 16796 16800 16805 16814 16817 16824 16826 16828 16829 16831 16832 16850 16851 16858 16861 16868 16870 16872 16877 16878 16880 16882 16886 16889 16891 16893 16894 16915 16948 16972 16975 16992 16997 17002 17007 17021  
 
[2025-11-21 01:42:43,242][WARNING][/build/python-steps-BSmkRk/python-steps-5.0.4/src/steps/mpi/tetopsplit/tetopsplit.cpp:5826][virtual void steps::mpi::tetopsplit::TetOpSplitP::getBatchTriSpecCountsNP(const steps::index_t*, size_t, const std::string&, double*, size_t) const]: The following triangles have not been assigned to a patch, fill in zeros at target positions:
 
[2025-11-21 01:42:43,242][WARNING][/build/python-steps-BSmkRk/python-steps-5.0.4/src/steps/mpi/tetopsplit/tetopsplit.cpp:5829][virtual void steps::mpi::tetopsplit::TetOpSplitP::getBatchTriSpecCountsNP(const steps::index_t*, size_t, const std::string&, double*, size_t) const]: 12680 12697 12791 12925 12961 13002 13035 13038 13053 13063 13079 13122 13132 13140 13142 13244 13256 13261 13268 13364 13396 13401 13410 13413 13476 13481 13504 13547 13605 13684 13700 13726 13766 13788 13811 13838 13849 13891 13913 13980 13982 13993 14023 14025 14035 14038 14049 14064 14072 14106 14122 14142 14145 14200 14280 14282 14310 14313 14345 14364 14373 14376 14432 14454 14456 14473 14516 14524 14566 14580 14612 14615 14621 14643 14651 14660 14670 14702 14707 14717 14744 14748 14750 14752 14769 14777 14788 14797 14817 14818 14840 14857 14865 14869 14873 14875 14901 14936 14949 14968 14987 14997 14999 15027 15030 15055 15060 15072 15096 15109 15113 15120 15135 15153 15162 15164 15181 15182 15189 15193 15195 15210 15219 15226 15243 15246 15254 15258 15263 15284 15360 15371 15373 15377 15399 15418 15428 15436 15439 15442 15445 15452 15459 15473 15475 15493 15512 15524 15537 15542 15546 15569 15570 15577 15588 15611 15618 15624 15634 15647 15653 15657 15681 15690 15725 15739 15743 15750 15754 15761 15767 15774 15783 15804 15808 15821 15829 15844 15867 15873 15881 15886 15902 15905 15911 15917 15921 15923 15933 15938 15947 15972 15973 15975 15989 15994 15999 16001 16009 16011 16013 16016 16027 16028 16031 16039 16047 16058 16077 16081 16087 16094 16096 16097 16098 16099 16102 16115 16139 16147 16152 16155 16158 16172 16174 16176 16189 16192 16216 16220 16225 16226 16241 16253 16254 16256 16258 16264 16269 16296 16314 16321 16322 16331 16337 16347 16350 16352 16357 16362 16377 16386 16393 16397 16398 16403 16409 16419 16427 16429 16440 16444 16447 16450 16452 16462 16481 16505 16530 16535 16540 16544 16548 16556 16558 16562 16567 16576 16598 16620 16622 16623 16627 16630 16631 16643 16647 16649 16651 16656 16660 16661 16670 16677 16680 16690 16697 16699 16702 16706 16710 16713 16721 16741 16743 16762 16771 16776 16779 16787 16788 16791 16792 16794 16796 16800 16805 16814 16817 16824 16826 16828 16829 16831 16832 16850 16851 16858 16861 16868 16870 16872 16877 16878 16880 16882 16886 16889 16891 16893 16894 16915 16948 16972 16975 16992 16997 17002 17007 17021  
 
[2025-11-21 01:42:46,883][WARNING][/build/python-steps-BSmkRk/python-steps-5.0.4/src/steps/mpi/tetopsplit/tetopsplit.cpp:5826][virtual void steps::mpi::tetopsplit::TetOpSplitP::getBatchTriSpecCountsNP(const steps::index_t*, size_t, const std::string&, double*, size_t) const]: The following triangles have not been assigned to a patch, fill in zeros at target positions:
 
[2025-11-21 01:42:46,883][WARNING][/build/python-steps-BSmkRk/python-steps-5.0.4/src/steps/mpi/tetopsplit/tetopsplit.cpp:5829][virtual void steps::mpi::tetopsplit::TetOpSplitP::getBatchTriSpecCountsNP(const steps::index_t*, size_t, const std::string&, double*, size_t) const]: 12680 12697 12791 12925 12961 13002 13035 13038 13053 13063 13079 13122 13132 13140 13142 13244 13256 13261 13268 13364 13396 13401 13410 13413 13476 13481 13504 13547 13605 13684 13700 13726 13766 13788 13811 13838 13849 13891 13913 13980 13982 13993 14023 14025 14035 14038 14049 14064 14072 14106 14122 14142 14145 14200 14280 14282 14310 14313 14345 14364 14373 14376 14432 14454 14456 14473 14516 14524 14566 14580 14612 14615 14621 14643 14651 14660 14670 14702 14707 14717 14744 14748 14750 14752 14769 14777 14788 14797 14817 14818 14840 14857 14865 14869 14873 14875 14901 14936 14949 14968 14987 14997 14999 15027 15030 15055 15060 15072 15096 15109 15113 15120 15135 15153 15162 15164 15181 15182 15189 15193 15195 15210 15219 15226 15243 15246 15254 15258 15263 15284 15360 15371 15373 15377 15399 15418 15428 15436 15439 15442 15445 15452 15459 15473 15475 15493 15512 15524 15537 15542 15546 15569 15570 15577 15588 15611 15618 15624 15634 15647 15653 15657 15681 15690 15725 15739 15743 15750 15754 15761 15767 15774 15783 15804 15808 15821 15829 15844 15867 15873 15881 15886 15902 15905 15911 15917 15921 15923 15933 15938 15947 15972 15973 15975 15989 15994 15999 16001 16009 16011 16013 16016 16027 16028 16031 16039 16047 16058 16077 16081 16087 16094 16096 16097 16098 16099 16102 16115 16139 16147 16152 16155 16158 16172 16174 16176 16189 16192 16216 16220 16225 16226 16241 16253 16254 16256 16258 16264 16269 16296 16314 16321 16322 16331 16337 16347 16350 16352 16357 16362 16377 16386 16393 16397 16398 16403 16409 16419 16427 16429 16440 16444 16447 16450 16452 16462 16481 16505 16530 16535 16540 16544 16548 16556 16558 16562 16567 16576 16598 16620 16622 16623 16627 16630 16631 16643 16647 16649 16651 16656 16660 16661 16670 16677 16680 16690 16697 16699 16702 16706 16710 16713 16721 16741 16743 16762 16771 16776 16779 16787 16788 16791 16792 16794 16796 16800 16805 16814 16817 16824 16826 16828 16829 16831 16832 16850 16851 16858 16861 16868 16870 16872 16877 16878 16880 16882 16886 16889 16891 16893 16894 16915 16948 16972 16975 16992 16997 17002 17007 17021  
 
[2025-11-21 01:42:46,884][WARNING][/build/python-steps-BSmkRk/python-steps-5.0.4/src/steps/mpi/tetopsplit/tetopsplit.cpp:5826][virtual void steps::mpi::tetopsplit::TetOpSplitP::getBatchTriSpecCountsNP(const steps::index_t*, size_t, const std::string&, double*, size_t) const]: The following triangles have not been assigned to a patch, fill in zeros at target positions:
 
[2025-11-21 01:42:46,884][WARNING][/build/python-steps-BSmkRk/python-steps-5.0.4/src/steps/mpi/tetopsplit/tetopsplit.cpp:5829][virtual void steps::mpi::tetopsplit::TetOpSplitP::getBatchTriSpecCountsNP(const steps::index_t*, size_t, const std::string&, double*, size_t) const]: 12680 12697 12791 12925 12961 13002 13035 13038 13053 13063 13079 13122 13132 13140 13142 13244 13256 13261 13268 13364 13396 13401 13410 13413 13476 13481 13504 13547 13605 13684 13700 13726 13766 13788 13811 13838 13849 13891 13913 13980 13982 13993 14023 14025 14035 14038 14049 14064 14072 14106 14122 14142 14145 14200 14280 14282 14310 14313 14345 14364 14373 14376 14432 14454 14456 14473 14516 14524 14566 14580 14612 14615 14621 14643 14651 14660 14670 14702 14707 14717 14744 14748 14750 14752 14769 14777 14788 14797 14817 14818 14840 14857 14865 14869 14873 14875 14901 14936 14949 14968 14987 14997 14999 15027 15030 15055 15060 15072 15096 15109 15113 15120 15135 15153 15162 15164 15181 15182 15189 15193 15195 15210 15219 15226 15243 15246 15254 15258 15263 15284 15360 15371 15373 15377 15399 15418 15428 15436 15439 15442 15445 15452 15459 15473 15475 15493 15512 15524 15537 15542 15546 15569 15570 15577 15588 15611 15618 15624 15634 15647 15653 15657 15681 15690 15725 15739 15743 15750 15754 15761 15767 15774 15783 15804 15808 15821 15829 15844 15867 15873 15881 15886 15902 15905 15911 15917 15921 15923 15933 15938 15947 15972 15973 15975 15989 15994 15999 16001 16009 16011 16013 16016 16027 16028 16031 16039 16047 16058 16077 16081 16087 16094 16096 16097 16098 16099 16102 16115 16139 16147 16152 16155 16158 16172 16174 16176 16189 16192 16216 16220 16225 16226 16241 16253 16254 16256 16258 16264 16269 16296 16314 16321 16322 16331 16337 16347 16350 16352 16357 16362 16377 16386 16393 16397 16398 16403 16409 16419 16427 16429 16440 16444 16447 16450 16452 16462 16481 16505 16530 16535 16540 16544 16548 16556 16558 16562 16567 16576 16598 16620 16622 16623 16627 16630 16631 16643 16647 16649 16651 16656 16660 16661 16670 16677 16680 16690 16697 16699 16702 16706 16710 16713 16721 16741 16743 16762 16771 16776 16779 16787 16788 16791 16792 16794 16796 16800 16805 16814 16817 16824 16826 16828 16829 16831 16832 16850 16851 16858 16861 16868 16870 16872 16877 16878 16880 16882 16886 16889 16891 16893 16894 16915 16948 16972 16975 16992 16997 17002 17007 17021  
 
[2025-11-21 01:42:46,884][WARNING][/build/python-steps-BSmkRk/python-steps-5.0.4/src/steps/mpi/tetopsplit/tetopsplit.cpp:5826][virtual void steps::mpi::tetopsplit::TetOpSplitP::getBatchTriSpecCountsNP(const steps::index_t*, size_t, const std::string&, double*, size_t) const]: The following triangles have not been assigned to a patch, fill in zeros at target positions:
 
[2025-11-21 01:42:46,884][WARNING][/build/python-steps-BSmkRk/python-steps-5.0.4/src/steps/mpi/tetopsplit/tetopsplit.cpp:5829][virtual void steps::mpi::tetopsplit::TetOpSplitP::getBatchTriSpecCountsNP(const steps::index_t*, size_t, const std::string&, double*, size_t) const]: 12680 12697 12791 12925 12961 13002 13035 13038 13053 13063 13079 13122 13132 13140 13142 13244 13256 13261 13268 13364 13396 13401 13410 13413 13476 13481 13504 13547 13605 13684 13700 13726 13766 13788 13811 13838 13849 13891 13913 13980 13982 13993 14023 14025 14035 14038 14049 14064 14072 14106 14122 14142 14145 14200 14280 14282 14310 14313 14345 14364 14373 14376 14432 14454 14456 14473 14516 14524 14566 14580 14612 14615 14621 14643 14651 14660 14670 14702 14707 14717 14744 14748 14750 14752 14769 14777 14788 14797 14817 14818 14840 14857 14865 14869 14873 14875 14901 14936 14949 14968 14987 14997 14999 15027 15030 15055 15060 15072 15096 15109 15113 15120 15135 15153 15162 15164 15181 15182 15189 15193 15195 15210 15219 15226 15243 15246 15254 15258 15263 15284 15360 15371 15373 15377 15399 15418 15428 15436 15439 15442 15445 15452 15459 15473 15475 15493 15512 15524 15537 15542 15546 15569 15570 15577 15588 15611 15618 15624 15634 15647 15653 15657 15681 15690 15725 15739 15743 15750 15754 15761 15767 15774 15783 15804 15808 15821 15829 15844 15867 15873 15881 15886 15902 15905 15911 15917 15921 15923 15933 15938 15947 15972 15973 15975 15989 15994 15999 16001 16009 16011 16013 16016 16027 16028 16031 16039 16047 16058 16077 16081 16087 16094 16096 16097 16098 16099 16102 16115 16139 16147 16152 16155 16158 16172 16174 16176 16189 16192 16216 16220 16225 16226 16241 16253 16254 16256 16258 16264 16269 16296 16314 16321 16322 16331 16337 16347 16350 16352 16357 16362 16377 16386 16393 16397 16398 16403 16409 16419 16427 16429 16440 16444 16447 16450 16452 16462 16481 16505 16530 16535 16540 16544 16548 16556 16558 16562 16567 16576 16598 16620 16622 16623 16627 16630 16631 16643 16647 16649 16651 16656 16660 16661 16670 16677 16680 16690 16697 16699 16702 16706 16710 16713 16721 16741 16743 16762 16771 16776 16779 16787 16788 16791 16792 16794 16796 16800 16805 16814 16817 16824 16826 16828 16829 16831 16832 16850 16851 16858 16861 16868 16870 16872 16877 16878 16880 16882 16886 16889 16891 16893 16894 16915 16948 16972 16975 16992 16997 17002 17007 17021  
 
[2025-11-21 01:42:46,885][WARNING][/build/python-steps-BSmkRk/python-steps-5.0.4/src/steps/mpi/tetopsplit/tetopsplit.cpp:5826][virtual void steps::mpi::tetopsplit::TetOpSplitP::getBatchTriSpecCountsNP(const steps::index_t*, size_t, const std::string&, double*, size_t) const]: The following triangles have not been assigned to a patch, fill in zeros at target positions:
 
[2025-11-21 01:42:46,885][WARNING][/build/python-steps-BSmkRk/python-steps-5.0.4/src/steps/mpi/tetopsplit/tetopsplit.cpp:5829][virtual void steps::mpi::tetopsplit::TetOpSplitP::getBatchTriSpecCountsNP(const steps::index_t*, size_t, const std::string&, double*, size_t) const]: 12680 12697 12791 12925 12961 13002 13035 13038 13053 13063 13079 13122 13132 13140 13142 13244 13256 13261 13268 13364 13396 13401 13410 13413 13476 13481 13504 13547 13605 13684 13700 13726 13766 13788 13811 13838 13849 13891 13913 13980 13982 13993 14023 14025 14035 14038 14049 14064 14072 14106 14122 14142 14145 14200 14280 14282 14310 14313 14345 14364 14373 14376 14432 14454 14456 14473 14516 14524 14566 14580 14612 14615 14621 14643 14651 14660 14670 14702 14707 14717 14744 14748 14750 14752 14769 14777 14788 14797 14817 14818 14840 14857 14865 14869 14873 14875 14901 14936 14949 14968 14987 14997 14999 15027 15030 15055 15060 15072 15096 15109 15113 15120 15135 15153 15162 15164 15181 15182 15189 15193 15195 15210 15219 15226 15243 15246 15254 15258 15263 15284 15360 15371 15373 15377 15399 15418 15428 15436 15439 15442 15445 15452 15459 15473 15475 15493 15512 15524 15537 15542 15546 15569 15570 15577 15588 15611 15618 15624 15634 15647 15653 15657 15681 15690 15725 15739 15743 15750 15754 15761 15767 15774 15783 15804 15808 15821 15829 15844 15867 15873 15881 15886 15902 15905 15911 15917 15921 15923 15933 15938 15947 15972 15973 15975 15989 15994 15999 16001 16009 16011 16013 16016 16027 16028 16031 16039 16047 16058 16077 16081 16087 16094 16096 16097 16098 16099 16102 16115 16139 16147 16152 16155 16158 16172 16174 16176 16189 16192 16216 16220 16225 16226 16241 16253 16254 16256 16258 16264 16269 16296 16314 16321 16322 16331 16337 16347 16350 16352 16357 16362 16377 16386 16393 16397 16398 16403 16409 16419 16427 16429 16440 16444 16447 16450 16452 16462 16481 16505 16530 16535 16540 16544 16548 16556 16558 16562 16567 16576 16598 16620 16622 16623 16627 16630 16631 16643 16647 16649 16651 16656 16660 16661 16670 16677 16680 16690 16697 16699 16702 16706 16710 16713 16721 16741 16743 16762 16771 16776 16779 16787 16788 16791 16792 16794 16796 16800 16805 16814 16817 16824 16826 16828 16829 16831 16832 16850 16851 16858 16861 16868 16870 16872 16877 16878 16880 16882 16886 16889 16891 16893 16894 16915 16948 16972 16975 16992 16997 17002 17007 17021  
 
[2025-11-21 01:42:50,578][WARNING][/build/python-steps-BSmkRk/python-steps-5.0.4/src/steps/mpi/tetopsplit/tetopsplit.cpp:5826][virtual void steps::mpi::tetopsplit::TetOpSplitP::getBatchTriSpecCountsNP(const steps::index_t*, size_t, const std::string&, double*, size_t) const]: The following triangles have not been assigned to a patch, fill in zeros at target positions:
 
[2025-11-21 01:42:50,578][WARNING][/build/python-steps-BSmkRk/python-steps-5.0.4/src/steps/mpi/tetopsplit/tetopsplit.cpp:5829][virtual void steps::mpi::tetopsplit::TetOpSplitP::getBatchTriSpecCountsNP(const steps::index_t*, size_t, const std::string&, double*, size_t) const]: 12680 12697 12791 12925 12961 13002 13035 13038 13053 13063 13079 13122 13132 13140 13142 13244 13256 13261 13268 13364 13396 13401 13410 13413 13476 13481 13504 13547 13605 13684 13700 13726 13766 13788 13811 13838 13849 13891 13913 13980 13982 13993 14023 14025 14035 14038 14049 14064 14072 14106 14122 14142 14145 14200 14280 14282 14310 14313 14345 14364 14373 14376 14432 14454 14456 14473 14516 14524 14566 14580 14612 14615 14621 14643 14651 14660 14670 14702 14707 14717 14744 14748 14750 14752 14769 14777 14788 14797 14817 14818 14840 14857 14865 14869 14873 14875 14901 14936 14949 14968 14987 14997 14999 15027 15030 15055 15060 15072 15096 15109 15113 15120 15135 15153 15162 15164 15181 15182 15189 15193 15195 15210 15219 15226 15243 15246 15254 15258 15263 15284 15360 15371 15373 15377 15399 15418 15428 15436 15439 15442 15445 15452 15459 15473 15475 15493 15512 15524 15537 15542 15546 15569 15570 15577 15588 15611 15618 15624 15634 15647 15653 15657 15681 15690 15725 15739 15743 15750 15754 15761 15767 15774 15783 15804 15808 15821 15829 15844 15867 15873 15881 15886 15902 15905 15911 15917 15921 15923 15933 15938 15947 15972 15973 15975 15989 15994 15999 16001 16009 16011 16013 16016 16027 16028 16031 16039 16047 16058 16077 16081 16087 16094 16096 16097 16098 16099 16102 16115 16139 16147 16152 16155 16158 16172 16174 16176 16189 16192 16216 16220 16225 16226 16241 16253 16254 16256 16258 16264 16269 16296 16314 16321 16322 16331 16337 16347 16350 16352 16357 16362 16377 16386 16393 16397 16398 16403 16409 16419 16427 16429 16440 16444 16447 16450 16452 16462 16481 16505 16530 16535 16540 16544 16548 16556 16558 16562 16567 16576 16598 16620 16622 16623 16627 16630 16631 16643 16647 16649 16651 16656 16660 16661 16670 16677 16680 16690 16697 16699 16702 16706 16710 16713 16721 16741 16743 16762 16771 16776 16779 16787 16788 16791 16792 16794 16796 16800 16805 16814 16817 16824 16826 16828 16829 16831 16832 16850 16851 16858 16861 16868 16870 16872 16877 16878 16880 16882 16886 16889 16891 16893 16894 16915 16948 16972 16975 16992 16997 17002 17007 17021  
 
[2025-11-21 01:42:50,578][WARNING][/build/python-steps-BSmkRk/python-steps-5.0.4/src/steps/mpi/tetopsplit/tetopsplit.cpp:5826][virtual void steps::mpi::tetopsplit::TetOpSplitP::getBatchTriSpecCountsNP(const steps::index_t*, size_t, const std::string&, double*, size_t) const]: The following triangles have not been assigned to a patch, fill in zeros at target positions:
 
[2025-11-21 01:42:50,578][WARNING][/build/python-steps-BSmkRk/python-steps-5.0.4/src/steps/mpi/tetopsplit/tetopsplit.cpp:5829][virtual void steps::mpi::tetopsplit::TetOpSplitP::getBatchTriSpecCountsNP(const steps::index_t*, size_t, const std::string&, double*, size_t) const]: 12680 12697 12791 12925 12961 13002 13035 13038 13053 13063 13079 13122 13132 13140 13142 13244 13256 13261 13268 13364 13396 13401 13410 13413 13476 13481 13504 13547 13605 13684 13700 13726 13766 13788 13811 13838 13849 13891 13913 13980 13982 13993 14023 14025 14035 14038 14049 14064 14072 14106 14122 14142 14145 14200 14280 14282 14310 14313 14345 14364 14373 14376 14432 14454 14456 14473 14516 14524 14566 14580 14612 14615 14621 14643 14651 14660 14670 14702 14707 14717 14744 14748 14750 14752 14769 14777 14788 14797 14817 14818 14840 14857 14865 14869 14873 14875 14901 14936 14949 14968 14987 14997 14999 15027 15030 15055 15060 15072 15096 15109 15113 15120 15135 15153 15162 15164 15181 15182 15189 15193 15195 15210 15219 15226 15243 15246 15254 15258 15263 15284 15360 15371 15373 15377 15399 15418 15428 15436 15439 15442 15445 15452 15459 15473 15475 15493 15512 15524 15537 15542 15546 15569 15570 15577 15588 15611 15618 15624 15634 15647 15653 15657 15681 15690 15725 15739 15743 15750 15754 15761 15767 15774 15783 15804 15808 15821 15829 15844 15867 15873 15881 15886 15902 15905 15911 15917 15921 15923 15933 15938 15947 15972 15973 15975 15989 15994 15999 16001 16009 16011 16013 16016 16027 16028 16031 16039 16047 16058 16077 16081 16087 16094 16096 16097 16098 16099 16102 16115 16139 16147 16152 16155 16158 16172 16174 16176 16189 16192 16216 16220 16225 16226 16241 16253 16254 16256 16258 16264 16269 16296 16314 16321 16322 16331 16337 16347 16350 16352 16357 16362 16377 16386 16393 16397 16398 16403 16409 16419 16427 16429 16440 16444 16447 16450 16452 16462 16481 16505 16530 16535 16540 16544 16548 16556 16558 16562 16567 16576 16598 16620 16622 16623 16627 16630 16631 16643 16647 16649 16651 16656 16660 16661 16670 16677 16680 16690 16697 16699 16702 16706 16710 16713 16721 16741 16743 16762 16771 16776 16779 16787 16788 16791 16792 16794 16796 16800 16805 16814 16817 16824 16826 16828 16829 16831 16832 16850 16851 16858 16861 16868 16870 16872 16877 16878 16880 16882 16886 16889 16891 16893 16894 16915 16948 16972 16975 16992 16997 17002 17007 17021  
 
[2025-11-21 01:42:50,578][WARNING][/build/python-steps-BSmkRk/python-steps-5.0.4/src/steps/mpi/tetopsplit/tetopsplit.cpp:5826][virtual void steps::mpi::tetopsplit::TetOpSplitP::getBatchTriSpecCountsNP(const steps::index_t*, size_t, const std::string&, double*, size_t) const]: The following triangles have not been assigned to a patch, fill in zeros at target positions:
 
[2025-11-21 01:42:50,578][WARNING][/build/python-steps-BSmkRk/python-steps-5.0.4/src/steps/mpi/tetopsplit/tetopsplit.cpp:5829][virtual void steps::mpi::tetopsplit::TetOpSplitP::getBatchTriSpecCountsNP(const steps::index_t*, size_t, const std::string&, double*, size_t) const]: 12680 12697 12791 12925 12961 13002 13035 13038 13053 13063 13079 13122 13132 13140 13142 13244 13256 13261 13268 13364 13396 13401 13410 13413 13476 13481 13504 13547 13605 13684 13700 13726 13766 13788 13811 13838 13849 13891 13913 13980 13982 13993 14023 14025 14035 14038 14049 14064 14072 14106 14122 14142 14145 14200 14280 14282 14310 14313 14345 14364 14373 14376 14432 14454 14456 14473 14516 14524 14566 14580 14612 14615 14621 14643 14651 14660 14670 14702 14707 14717 14744 14748 14750 14752 14769 14777 14788 14797 14817 14818 14840 14857 14865 14869 14873 14875 14901 14936 14949 14968 14987 14997 14999 15027 15030 15055 15060 15072 15096 15109 15113 15120 15135 15153 15162 15164 15181 15182 15189 15193 15195 15210 15219 15226 15243 15246 15254 15258 15263 15284 15360 15371 15373 15377 15399 15418 15428 15436 15439 15442 15445 15452 15459 15473 15475 15493 15512 15524 15537 15542 15546 15569 15570 15577 15588 15611 15618 15624 15634 15647 15653 15657 15681 15690 15725 15739 15743 15750 15754 15761 15767 15774 15783 15804 15808 15821 15829 15844 15867 15873 15881 15886 15902 15905 15911 15917 15921 15923 15933 15938 15947 15972 15973 15975 15989 15994 15999 16001 16009 16011 16013 16016 16027 16028 16031 16039 16047 16058 16077 16081 16087 16094 16096 16097 16098 16099 16102 16115 16139 16147 16152 16155 16158 16172 16174 16176 16189 16192 16216 16220 16225 16226 16241 16253 16254 16256 16258 16264 16269 16296 16314 16321 16322 16331 16337 16347 16350 16352 16357 16362 16377 16386 16393 16397 16398 16403 16409 16419 16427 16429 16440 16444 16447 16450 16452 16462 16481 16505 16530 16535 16540 16544 16548 16556 16558 16562 16567 16576 16598 16620 16622 16623 16627 16630 16631 16643 16647 16649 16651 16656 16660 16661 16670 16677 16680 16690 16697 16699 16702 16706 16710 16713 16721 16741 16743 16762 16771 16776 16779 16787 16788 16791 16792 16794 16796 16800 16805 16814 16817 16824 16826 16828 16829 16831 16832 16850 16851 16858 16861 16868 16870 16872 16877 16878 16880 16882 16886 16889 16891 16893 16894 16915 16948 16972 16975 16992 16997 17002 17007 17021  
 
[2025-11-21 01:42:50,580][WARNING][/build/python-steps-BSmkRk/python-steps-5.0.4/src/steps/mpi/tetopsplit/tetopsplit.cpp:5826][virtual void steps::mpi::tetopsplit::TetOpSplitP::getBatchTriSpecCountsNP(const steps::index_t*, size_t, const std::string&, double*, size_t) const]: The following triangles have not been assigned to a patch, fill in zeros at target positions:
 
[2025-11-21 01:42:50,580][WARNING][/build/python-steps-BSmkRk/python-steps-5.0.4/src/steps/mpi/tetopsplit/tetopsplit.cpp:5829][virtual void steps::mpi::tetopsplit::TetOpSplitP::getBatchTriSpecCountsNP(const steps::index_t*, size_t, const std::string&, double*, size_t) const]: 12680 12697 12791 12925 12961 13002 13035 13038 13053 13063 13079 13122 13132 13140 13142 13244 13256 13261 13268 13364 13396 13401 13410 13413 13476 13481 13504 13547 13605 13684 13700 13726 13766 13788 13811 13838 13849 13891 13913 13980 13982 13993 14023 14025 14035 14038 14049 14064 14072 14106 14122 14142 14145 14200 14280 14282 14310 14313 14345 14364 14373 14376 14432 14454 14456 14473 14516 14524 14566 14580 14612 14615 14621 14643 14651 14660 14670 14702 14707 14717 14744 14748 14750 14752 14769 14777 14788 14797 14817 14818 14840 14857 14865 14869 14873 14875 14901 14936 14949 14968 14987 14997 14999 15027 15030 15055 15060 15072 15096 15109 15113 15120 15135 15153 15162 15164 15181 15182 15189 15193 15195 15210 15219 15226 15243 15246 15254 15258 15263 15284 15360 15371 15373 15377 15399 15418 15428 15436 15439 15442 15445 15452 15459 15473 15475 15493 15512 15524 15537 15542 15546 15569 15570 15577 15588 15611 15618 15624 15634 15647 15653 15657 15681 15690 15725 15739 15743 15750 15754 15761 15767 15774 15783 15804 15808 15821 15829 15844 15867 15873 15881 15886 15902 15905 15911 15917 15921 15923 15933 15938 15947 15972 15973 15975 15989 15994 15999 16001 16009 16011 16013 16016 16027 16028 16031 16039 16047 16058 16077 16081 16087 16094 16096 16097 16098 16099 16102 16115 16139 16147 16152 16155 16158 16172 16174 16176 16189 16192 16216 16220 16225 16226 16241 16253 16254 16256 16258 16264 16269 16296 16314 16321 16322 16331 16337 16347 16350 16352 16357 16362 16377 16386 16393 16397 16398 16403 16409 16419 16427 16429 16440 16444 16447 16450 16452 16462 16481 16505 16530 16535 16540 16544 16548 16556 16558 16562 16567 16576 16598 16620 16622 16623 16627 16630 16631 16643 16647 16649 16651 16656 16660 16661 16670 16677 16680 16690 16697 16699 16702 16706 16710 16713 16721 16741 16743 16762 16771 16776 16779 16787 16788 16791 16792 16794 16796 16800 16805 16814 16817 16824 16826 16828 16829 16831 16832 16850 16851 16858 16861 16868 16870 16872 16877 16878 16880 16882 16886 16889 16891 16893 16894 16915 16948 16972 16975 16992 16997 17002 17007 17021  
 
[2025-11-21 01:42:54,319][WARNING][/build/python-steps-BSmkRk/python-steps-5.0.4/src/steps/mpi/tetopsplit/tetopsplit.cpp:5826][virtual void steps::mpi::tetopsplit::TetOpSplitP::getBatchTriSpecCountsNP(const steps::index_t*, size_t, const std::string&, double*, size_t) const]: The following triangles have not been assigned to a patch, fill in zeros at target positions:
 
[2025-11-21 01:42:54,319][WARNING][/build/python-steps-BSmkRk/python-steps-5.0.4/src/steps/mpi/tetopsplit/tetopsplit.cpp:5829][virtual void steps::mpi::tetopsplit::TetOpSplitP::getBatchTriSpecCountsNP(const steps::index_t*, size_t, const std::string&, double*, size_t) const]: 12680 12697 12791 12925 12961 13002 13035 13038 13053 13063 13079 13122 13132 13140 13142 13244 13256 13261 13268 13364 13396 13401 13410 13413 13476 13481 13504 13547 13605 13684 13700 13726 13766 13788 13811 13838 13849 13891 13913 13980 13982 13993 14023 14025 14035 14038 14049 14064 14072 14106 14122 14142 14145 14200 14280 14282 14310 14313 14345 14364 14373 14376 14432 14454 14456 14473 14516 14524 14566 14580 14612 14615 14621 14643 14651 14660 14670 14702 14707 14717 14744 14748 14750 14752 14769 14777 14788 14797 14817 14818 14840 14857 14865 14869 14873 14875 14901 14936 14949 14968 14987 14997 14999 15027 15030 15055 15060 15072 15096 15109 15113 15120 15135 15153 15162 15164 15181 15182 15189 15193 15195 15210 15219 15226 15243 15246 15254 15258 15263 15284 15360 15371 15373 15377 15399 15418 15428 15436 15439 15442 15445 15452 15459 15473 15475 15493 15512 15524 15537 15542 15546 15569 15570 15577 15588 15611 15618 15624 15634 15647 15653 15657 15681 15690 15725 15739 15743 15750 15754 15761 15767 15774 15783 15804 15808 15821 15829 15844 15867 15873 15881 15886 15902 15905 15911 15917 15921 15923 15933 15938 15947 15972 15973 15975 15989 15994 15999 16001 16009 16011 16013 16016 16027 16028 16031 16039 16047 16058 16077 16081 16087 16094 16096 16097 16098 16099 16102 16115 16139 16147 16152 16155 16158 16172 16174 16176 16189 16192 16216 16220 16225 16226 16241 16253 16254 16256 16258 16264 16269 16296 16314 16321 16322 16331 16337 16347 16350 16352 16357 16362 16377 16386 16393 16397 16398 16403 16409 16419 16427 16429 16440 16444 16447 16450 16452 16462 16481 16505 16530 16535 16540 16544 16548 16556 16558 16562 16567 16576 16598 16620 16622 16623 16627 16630 16631 16643 16647 16649 16651 16656 16660 16661 16670 16677 16680 16690 16697 16699 16702 16706 16710 16713 16721 16741 16743 16762 16771 16776 16779 16787 16788 16791 16792 16794 16796 16800 16805 16814 16817 16824 16826 16828 16829 16831 16832 16850 16851 16858 16861 16868 16870 16872 16877 16878 16880 16882 16886 16889 16891 16893 16894 16915 16948 16972 16975 16992 16997 17002 17007 17021  
 
[2025-11-21 01:42:54,319][WARNING][/build/python-steps-BSmkRk/python-steps-5.0.4/src/steps/mpi/tetopsplit/tetopsplit.cpp:5826][virtual void steps::mpi::tetopsplit::TetOpSplitP::getBatchTriSpecCountsNP(const steps::index_t*, size_t, const std::string&, double*, size_t) const]: The following triangles have not been assigned to a patch, fill in zeros at target positions:
 
[2025-11-21 01:42:54,319][WARNING][/build/python-steps-BSmkRk/python-steps-5.0.4/src/steps/mpi/tetopsplit/tetopsplit.cpp:5829][virtual void steps::mpi::tetopsplit::TetOpSplitP::getBatchTriSpecCountsNP(const steps::index_t*, size_t, const std::string&, double*, size_t) const]: 12680 12697 12791 12925 12961 13002 13035 13038 13053 13063 13079 13122 13132 13140 13142 13244 13256 13261 13268 13364 13396 13401 13410 13413 13476 13481 13504 13547 13605 13684 13700 13726 13766 13788 13811 13838 13849 13891 13913 13980 13982 13993 14023 14025 14035 14038 14049 14064 14072 14106 14122 14142 14145 14200 14280 14282 14310 14313 14345 14364 14373 14376 14432 14454 14456 14473 14516 14524 14566 14580 14612 14615 14621 14643 14651 14660 14670 14702 14707 14717 14744 14748 14750 14752 14769 14777 14788 14797 14817 14818 14840 14857 14865 14869 14873 14875 14901 14936 14949 14968 14987 14997 14999 15027 15030 15055 15060 15072 15096 15109 15113 15120 15135 15153 15162 15164 15181 15182 15189 15193 15195 15210 15219 15226 15243 15246 15254 15258 15263 15284 15360 15371 15373 15377 15399 15418 15428 15436 15439 15442 15445 15452 15459 15473 15475 15493 15512 15524 15537 15542 15546 15569 15570 15577 15588 15611 15618 15624 15634 15647 15653 15657 15681 15690 15725 15739 15743 15750 15754 15761 15767 15774 15783 15804 15808 15821 15829 15844 15867 15873 15881 15886 15902 15905 15911 15917 15921 15923 15933 15938 15947 15972 15973 15975 15989 15994 15999 16001 16009 16011 16013 16016 16027 16028 16031 16039 16047 16058 16077 16081 16087 16094 16096 16097 16098 16099 16102 16115 16139 16147 16152 16155 16158 16172 16174 16176 16189 16192 16216 16220 16225 16226 16241 16253 16254 16256 16258 16264 16269 16296 16314 16321 16322 16331 16337 16347 16350 16352 16357 16362 16377 16386 16393 16397 16398 16403 16409 16419 16427 16429 16440 16444 16447 16450 16452 16462 16481 16505 16530 16535 16540 16544 16548 16556 16558 16562 16567 16576 16598 16620 16622 16623 16627 16630 16631 16643 16647 16649 16651 16656 16660 16661 16670 16677 16680 16690 16697 16699 16702 16706 16710 16713 16721 16741 16743 16762 16771 16776 16779 16787 16788 16791 16792 16794 16796 16800 16805 16814 16817 16824 16826 16828 16829 16831 16832 16850 16851 16858 16861 16868 16870 16872 16877 16878 16880 16882 16886 16889 16891 16893 16894 16915 16948 16972 16975 16992 16997 17002 17007 17021  
 
[2025-11-21 01:42:54,320][WARNING][/build/python-steps-BSmkRk/python-steps-5.0.4/src/steps/mpi/tetopsplit/tetopsplit.cpp:5826][virtual void steps::mpi::tetopsplit::TetOpSplitP::getBatchTriSpecCountsNP(const steps::index_t*, size_t, const std::string&, double*, size_t) const]: The following triangles have not been assigned to a patch, fill in zeros at target positions:
 
[2025-11-21 01:42:54,320][WARNING][/build/python-steps-BSmkRk/python-steps-5.0.4/src/steps/mpi/tetopsplit/tetopsplit.cpp:5829][virtual void steps::mpi::tetopsplit::TetOpSplitP::getBatchTriSpecCountsNP(const steps::index_t*, size_t, const std::string&, double*, size_t) const]: 12680 12697 12791 12925 12961 13002 13035 13038 13053 13063 13079 13122 13132 13140 13142 13244 13256 13261 13268 13364 13396 13401 13410 13413 13476 13481 13504 13547 13605 13684 13700 13726 13766 13788 13811 13838 13849 13891 13913 13980 13982 13993 14023 14025 14035 14038 14049 14064 14072 14106 14122 14142 14145 14200 14280 14282 14310 14313 14345 14364 14373 14376 14432 14454 14456 14473 14516 14524 14566 14580 14612 14615 14621 14643 14651 14660 14670 14702 14707 14717 14744 14748 14750 14752 14769 14777 14788 14797 14817 14818 14840 14857 14865 14869 14873 14875 14901 14936 14949 14968 14987 14997 14999 15027 15030 15055 15060 15072 15096 15109 15113 15120 15135 15153 15162 15164 15181 15182 15189 15193 15195 15210 15219 15226 15243 15246 15254 15258 15263 15284 15360 15371 15373 15377 15399 15418 15428 15436 15439 15442 15445 15452 15459 15473 15475 15493 15512 15524 15537 15542 15546 15569 15570 15577 15588 15611 15618 15624 15634 15647 15653 15657 15681 15690 15725 15739 15743 15750 15754 15761 15767 15774 15783 15804 15808 15821 15829 15844 15867 15873 15881 15886 15902 15905 15911 15917 15921 15923 15933 15938 15947 15972 15973 15975 15989 15994 15999 16001 16009 16011 16013 16016 16027 16028 16031 16039 16047 16058 16077 16081 16087 16094 16096 16097 16098 16099 16102 16115 16139 16147 16152 16155 16158 16172 16174 16176 16189 16192 16216 16220 16225 16226 16241 16253 16254 16256 16258 16264 16269 16296 16314 16321 16322 16331 16337 16347 16350 16352 16357 16362 16377 16386 16393 16397 16398 16403 16409 16419 16427 16429 16440 16444 16447 16450 16452 16462 16481 16505 16530 16535 16540 16544 16548 16556 16558 16562 16567 16576 16598 16620 16622 16623 16627 16630 16631 16643 16647 16649 16651 16656 16660 16661 16670 16677 16680 16690 16697 16699 16702 16706 16710 16713 16721 16741 16743 16762 16771 16776 16779 16787 16788 16791 16792 16794 16796 16800 16805 16814 16817 16824 16826 16828 16829 16831 16832 16850 16851 16858 16861 16868 16870 16872 16877 16878 16880 16882 16886 16889 16891 16893 16894 16915 16948 16972 16975 16992 16997 17002 17007 17021  
 
[2025-11-21 01:42:54,321][WARNING][/build/python-steps-BSmkRk/python-steps-5.0.4/src/steps/mpi/tetopsplit/tetopsplit.cpp:5826][virtual void steps::mpi::tetopsplit::TetOpSplitP::getBatchTriSpecCountsNP(const steps::index_t*, size_t, const std::string&, double*, size_t) const]: The following triangles have not been assigned to a patch, fill in zeros at target positions:
 
[2025-11-21 01:42:54,321][WARNING][/build/python-steps-BSmkRk/python-steps-5.0.4/src/steps/mpi/tetopsplit/tetopsplit.cpp:5829][virtual void steps::mpi::tetopsplit::TetOpSplitP::getBatchTriSpecCountsNP(const steps::index_t*, size_t, const std::string&, double*, size_t) const]: 12680 12697 12791 12925 12961 13002 13035 13038 13053 13063 13079 13122 13132 13140 13142 13244 13256 13261 13268 13364 13396 13401 13410 13413 13476 13481 13504 13547 13605 13684 13700 13726 13766 13788 13811 13838 13849 13891 13913 13980 13982 13993 14023 14025 14035 14038 14049 14064 14072 14106 14122 14142 14145 14200 14280 14282 14310 14313 14345 14364 14373 14376 14432 14454 14456 14473 14516 14524 14566 14580 14612 14615 14621 14643 14651 14660 14670 14702 14707 14717 14744 14748 14750 14752 14769 14777 14788 14797 14817 14818 14840 14857 14865 14869 14873 14875 14901 14936 14949 14968 14987 14997 14999 15027 15030 15055 15060 15072 15096 15109 15113 15120 15135 15153 15162 15164 15181 15182 15189 15193 15195 15210 15219 15226 15243 15246 15254 15258 15263 15284 15360 15371 15373 15377 15399 15418 15428 15436 15439 15442 15445 15452 15459 15473 15475 15493 15512 15524 15537 15542 15546 15569 15570 15577 15588 15611 15618 15624 15634 15647 15653 15657 15681 15690 15725 15739 15743 15750 15754 15761 15767 15774 15783 15804 15808 15821 15829 15844 15867 15873 15881 15886 15902 15905 15911 15917 15921 15923 15933 15938 15947 15972 15973 15975 15989 15994 15999 16001 16009 16011 16013 16016 16027 16028 16031 16039 16047 16058 16077 16081 16087 16094 16096 16097 16098 16099 16102 16115 16139 16147 16152 16155 16158 16172 16174 16176 16189 16192 16216 16220 16225 16226 16241 16253 16254 16256 16258 16264 16269 16296 16314 16321 16322 16331 16337 16347 16350 16352 16357 16362 16377 16386 16393 16397 16398 16403 16409 16419 16427 16429 16440 16444 16447 16450 16452 16462 16481 16505 16530 16535 16540 16544 16548 16556 16558 16562 16567 16576 16598 16620 16622 16623 16627 16630 16631 16643 16647 16649 16651 16656 16660 16661 16670 16677 16680 16690 16697 16699 16702 16706 16710 16713 16721 16741 16743 16762 16771 16776 16779 16787 16788 16791 16792 16794 16796 16800 16805 16814 16817 16824 16826 16828 16829 16831 16832 16850 16851 16858 16861 16868 16870 16872 16877 16878 16880 16882 16886 16889 16891 16893 16894 16915 16948 16972 16975 16992 16997 17002 17007 17021  
 
[2025-11-21 01:42:58,101][WARNING][/build/python-steps-BSmkRk/python-steps-5.0.4/src/steps/mpi/tetopsplit/tetopsplit.cpp:5826][virtual void steps::mpi::tetopsplit::TetOpSplitP::getBatchTriSpecCountsNP(const steps::index_t*, size_t, const std::string&, double*, size_t) const]: The following triangles have not been assigned to a patch, fill in zeros at target positions:
 
[2025-11-21 01:42:58,102][WARNING][/build/python-steps-BSmkRk/python-steps-5.0.4/src/steps/mpi/tetopsplit/tetopsplit.cpp:5829][virtual void steps::mpi::tetopsplit::TetOpSplitP::getBatchTriSpecCountsNP(const steps::index_t*, size_t, const std::string&, double*, size_t) const]: 12680 12697 12791 12925 12961 13002 13035 13038 13053 13063 13079 13122 13132 13140 13142 13244 13256 13261 13268 13364 13396 13401 13410 13413 13476 13481 13504 13547 13605 13684 13700 13726 13766 13788 13811 13838 13849 13891 13913 13980 13982 13993 14023 14025 14035 14038 14049 14064 14072 14106 14122 14142 14145 14200 14280 14282 14310 14313 14345 14364 14373 14376 14432 14454 14456 14473 14516 14524 14566 14580 14612 14615 14621 14643 14651 14660 14670 14702 14707 14717 14744 14748 14750 14752 14769 14777 14788 14797 14817 14818 14840 14857 14865 14869 14873 14875 14901 14936 14949 14968 14987 14997 14999 15027 15030 15055 15060 15072 15096 15109 15113 15120 15135 15153 15162 15164 15181 15182 15189 15193 15195 15210 15219 15226 15243 15246 15254 15258 15263 15284 15360 15371 15373 15377 15399 15418 15428 15436 15439 15442 15445 15452 15459 15473 15475 15493 15512 15524 15537 15542 15546 15569 15570 15577 15588 15611 15618 15624 15634 15647 15653 15657 15681 15690 15725 15739 15743 15750 15754 15761 15767 15774 15783 15804 15808 15821 15829 15844 15867 15873 15881 15886 15902 15905 15911 15917 15921 15923 15933 15938 15947 15972 15973 15975 15989 15994 15999 16001 16009 16011 16013 16016 16027 16028 16031 16039 16047 16058 16077 16081 16087 16094 16096 16097 16098 16099 16102 16115 16139 16147 16152 16155 16158 16172 16174 16176 16189 16192 16216 16220 16225 16226 16241 16253 16254 16256 16258 16264 16269 16296 16314 16321 16322 16331 16337 16347 16350 16352 16357 16362 16377 16386 16393 16397 16398 16403 16409 16419 16427 16429 16440 16444 16447 16450 16452 16462 16481 16505 16530 16535 16540 16544 16548 16556 16558 16562 16567 16576 16598 16620 16622 16623 16627 16630 16631 16643 16647 16649 16651 16656 16660 16661 16670 16677 16680 16690 16697 16699 16702 16706 16710 16713 16721 16741 16743 16762 16771 16776 16779 16787 16788 16791 16792 16794 16796 16800 16805 16814 16817 16824 16826 16828 16829 16831 16832 16850 16851 16858 16861 16868 16870 16872 16877 16878 16880 16882 16886 16889 16891 16893 16894 16915 16948 16972 16975 16992 16997 17002 17007 17021  
 
[2025-11-21 01:42:58,103][WARNING][/build/python-steps-BSmkRk/python-steps-5.0.4/src/steps/mpi/tetopsplit/tetopsplit.cpp:5826][virtual void steps::mpi::tetopsplit::TetOpSplitP::getBatchTriSpecCountsNP(const steps::index_t*, size_t, const std::string&, double*, size_t) const]: The following triangles have not been assigned to a patch, fill in zeros at target positions:
 
[2025-11-21 01:42:58,103][WARNING][/build/python-steps-BSmkRk/python-steps-5.0.4/src/steps/mpi/tetopsplit/tetopsplit.cpp:5829][virtual void steps::mpi::tetopsplit::TetOpSplitP::getBatchTriSpecCountsNP(const steps::index_t*, size_t, const std::string&, double*, size_t) const]: 12680 12697 12791 12925 12961 13002 13035 13038 13053 13063 13079 13122 13132 13140 13142 13244 13256 13261 13268 13364 13396 13401 13410 13413 13476 13481 13504 13547 13605 13684 13700 13726 13766 13788 13811 13838 13849 13891 13913 13980 13982 13993 14023 14025 14035 14038 14049 14064 14072 14106 14122 14142 14145 14200 14280 14282 14310 14313 14345 14364 14373 14376 14432 14454 14456 14473 14516 14524 14566 14580 14612 14615 14621 14643 14651 14660 14670 14702 14707 14717 14744 14748 14750 14752 14769 14777 14788 14797 14817 14818 14840 14857 14865 14869 14873 14875 14901 14936 14949 14968 14987 14997 14999 15027 15030 15055 15060 15072 15096 15109 15113 15120 15135 15153 15162 15164 15181 15182 15189 15193 15195 15210 15219 15226 15243 15246 15254 15258 15263 15284 15360 15371 15373 15377 15399 15418 15428 15436 15439 15442 15445 15452 15459 15473 15475 15493 15512 15524 15537 15542 15546 15569 15570 15577 15588 15611 15618 15624 15634 15647 15653 15657 15681 15690 15725 15739 15743 15750 15754 15761 15767 15774 15783 15804 15808 15821 15829 15844 15867 15873 15881 15886 15902 15905 15911 15917 15921 15923 15933 15938 15947 15972 15973 15975 15989 15994 15999 16001 16009 16011 16013 16016 16027 16028 16031 16039 16047 16058 16077 16081 16087 16094 16096 16097 16098 16099 16102 16115 16139 16147 16152 16155 16158 16172 16174 16176 16189 16192 16216 16220 16225 16226 16241 16253 16254 16256 16258 16264 16269 16296 16314 16321 16322 16331 16337 16347 16350 16352 16357 16362 16377 16386 16393 16397 16398 16403 16409 16419 16427 16429 16440 16444 16447 16450 16452 16462 16481 16505 16530 16535 16540 16544 16548 16556 16558 16562 16567 16576 16598 16620 16622 16623 16627 16630 16631 16643 16647 16649 16651 16656 16660 16661 16670 16677 16680 16690 16697 16699 16702 16706 16710 16713 16721 16741 16743 16762 16771 16776 16779 16787 16788 16791 16792 16794 16796 16800 16805 16814 16817 16824 16826 16828 16829 16831 16832 16850 16851 16858 16861 16868 16870 16872 16877 16878 16880 16882 16886 16889 16891 16893 16894 16915 16948 16972 16975 16992 16997 17002 17007 17021  
 
[2025-11-21 01:42:58,104][WARNING][/build/python-steps-BSmkRk/python-steps-5.0.4/src/steps/mpi/tetopsplit/tetopsplit.cpp:5826][virtual void steps::mpi::tetopsplit::TetOpSplitP::getBatchTriSpecCountsNP(const steps::index_t*, size_t, const std::string&, double*, size_t) const]: The following triangles have not been assigned to a patch, fill in zeros at target positions:
 
[2025-11-21 01:42:58,104][WARNING][/build/python-steps-BSmkRk/python-steps-5.0.4/src/steps/mpi/tetopsplit/tetopsplit.cpp:5829][virtual void steps::mpi::tetopsplit::TetOpSplitP::getBatchTriSpecCountsNP(const steps::index_t*, size_t, const std::string&, double*, size_t) const]: 12680 12697 12791 12925 12961 13002 13035 13038 13053 13063 13079 13122 13132 13140 13142 13244 13256 13261 13268 13364 13396 13401 13410 13413 13476 13481 13504 13547 13605 13684 13700 13726 13766 13788 13811 13838 13849 13891 13913 13980 13982 13993 14023 14025 14035 14038 14049 14064 14072 14106 14122 14142 14145 14200 14280 14282 14310 14313 14345 14364 14373 14376 14432 14454 14456 14473 14516 14524 14566 14580 14612 14615 14621 14643 14651 14660 14670 14702 14707 14717 14744 14748 14750 14752 14769 14777 14788 14797 14817 14818 14840 14857 14865 14869 14873 14875 14901 14936 14949 14968 14987 14997 14999 15027 15030 15055 15060 15072 15096 15109 15113 15120 15135 15153 15162 15164 15181 15182 15189 15193 15195 15210 15219 15226 15243 15246 15254 15258 15263 15284 15360 15371 15373 15377 15399 15418 15428 15436 15439 15442 15445 15452 15459 15473 15475 15493 15512 15524 15537 15542 15546 15569 15570 15577 15588 15611 15618 15624 15634 15647 15653 15657 15681 15690 15725 15739 15743 15750 15754 15761 15767 15774 15783 15804 15808 15821 15829 15844 15867 15873 15881 15886 15902 15905 15911 15917 15921 15923 15933 15938 15947 15972 15973 15975 15989 15994 15999 16001 16009 16011 16013 16016 16027 16028 16031 16039 16047 16058 16077 16081 16087 16094 16096 16097 16098 16099 16102 16115 16139 16147 16152 16155 16158 16172 16174 16176 16189 16192 16216 16220 16225 16226 16241 16253 16254 16256 16258 16264 16269 16296 16314 16321 16322 16331 16337 16347 16350 16352 16357 16362 16377 16386 16393 16397 16398 16403 16409 16419 16427 16429 16440 16444 16447 16450 16452 16462 16481 16505 16530 16535 16540 16544 16548 16556 16558 16562 16567 16576 16598 16620 16622 16623 16627 16630 16631 16643 16647 16649 16651 16656 16660 16661 16670 16677 16680 16690 16697 16699 16702 16706 16710 16713 16721 16741 16743 16762 16771 16776 16779 16787 16788 16791 16792 16794 16796 16800 16805 16814 16817 16824 16826 16828 16829 16831 16832 16850 16851 16858 16861 16868 16870 16872 16877 16878 16880 16882 16886 16889 16891 16893 16894 16915 16948 16972 16975 16992 16997 17002 17007 17021  
 
[2025-11-21 01:42:58,104][WARNING][/build/python-steps-BSmkRk/python-steps-5.0.4/src/steps/mpi/tetopsplit/tetopsplit.cpp:5826][virtual void steps::mpi::tetopsplit::TetOpSplitP::getBatchTriSpecCountsNP(const steps::index_t*, size_t, const std::string&, double*, size_t) const]: The following triangles have not been assigned to a patch, fill in zeros at target positions:
 
[2025-11-21 01:42:58,104][WARNING][/build/python-steps-BSmkRk/python-steps-5.0.4/src/steps/mpi/tetopsplit/tetopsplit.cpp:5829][virtual void steps::mpi::tetopsplit::TetOpSplitP::getBatchTriSpecCountsNP(const steps::index_t*, size_t, const std::string&, double*, size_t) const]: 12680 12697 12791 12925 12961 13002 13035 13038 13053 13063 13079 13122 13132 13140 13142 13244 13256 13261 13268 13364 13396 13401 13410 13413 13476 13481 13504 13547 13605 13684 13700 13726 13766 13788 13811 13838 13849 13891 13913 13980 13982 13993 14023 14025 14035 14038 14049 14064 14072 14106 14122 14142 14145 14200 14280 14282 14310 14313 14345 14364 14373 14376 14432 14454 14456 14473 14516 14524 14566 14580 14612 14615 14621 14643 14651 14660 14670 14702 14707 14717 14744 14748 14750 14752 14769 14777 14788 14797 14817 14818 14840 14857 14865 14869 14873 14875 14901 14936 14949 14968 14987 14997 14999 15027 15030 15055 15060 15072 15096 15109 15113 15120 15135 15153 15162 15164 15181 15182 15189 15193 15195 15210 15219 15226 15243 15246 15254 15258 15263 15284 15360 15371 15373 15377 15399 15418 15428 15436 15439 15442 15445 15452 15459 15473 15475 15493 15512 15524 15537 15542 15546 15569 15570 15577 15588 15611 15618 15624 15634 15647 15653 15657 15681 15690 15725 15739 15743 15750 15754 15761 15767 15774 15783 15804 15808 15821 15829 15844 15867 15873 15881 15886 15902 15905 15911 15917 15921 15923 15933 15938 15947 15972 15973 15975 15989 15994 15999 16001 16009 16011 16013 16016 16027 16028 16031 16039 16047 16058 16077 16081 16087 16094 16096 16097 16098 16099 16102 16115 16139 16147 16152 16155 16158 16172 16174 16176 16189 16192 16216 16220 16225 16226 16241 16253 16254 16256 16258 16264 16269 16296 16314 16321 16322 16331 16337 16347 16350 16352 16357 16362 16377 16386 16393 16397 16398 16403 16409 16419 16427 16429 16440 16444 16447 16450 16452 16462 16481 16505 16530 16535 16540 16544 16548 16556 16558 16562 16567 16576 16598 16620 16622 16623 16627 16630 16631 16643 16647 16649 16651 16656 16660 16661 16670 16677 16680 16690 16697 16699 16702 16706 16710 16713 16721 16741 16743 16762 16771 16776 16779 16787 16788 16791 16792 16794 16796 16800 16805 16814 16817 16824 16826 16828 16829 16831 16832 16850 16851 16858 16861 16868 16870 16872 16877 16878 16880 16882 16886 16889 16891 16893 16894 16915 16948 16972 16975 16992 16997 17002 17007 17021  
 
[2025-11-21 01:43:01,922][WARNING][/build/python-steps-BSmkRk/python-steps-5.0.4/src/steps/mpi/tetopsplit/tetopsplit.cpp:5826][virtual void steps::mpi::tetopsplit::TetOpSplitP::getBatchTriSpecCountsNP(const steps::index_t*, size_t, const std::string&, double*, size_t) const]: The following triangles have not been assigned to a patch, fill in zeros at target positions:
 
[2025-11-21 01:43:01,922][WARNING][/build/python-steps-BSmkRk/python-steps-5.0.4/src/steps/mpi/tetopsplit/tetopsplit.cpp:5829][virtual void steps::mpi::tetopsplit::TetOpSplitP::getBatchTriSpecCountsNP(const steps::index_t*, size_t, const std::string&, double*, size_t) const]: 12680 12697 12791 12925 12961 13002 13035 13038 13053 13063 13079 13122 13132 13140 13142 13244 13256 13261 13268 13364 13396 13401 13410 13413 13476 13481 13504 13547 13605 13684 13700 13726 13766 13788 13811 13838 13849 13891 13913 13980 13982 13993 14023 14025 14035 14038 14049 14064 14072 14106 14122 14142 14145 14200 14280 14282 14310 14313 14345 14364 14373 14376 14432 14454 14456 14473 14516 14524 14566 14580 14612 14615 14621 14643 14651 14660 14670 14702 14707 14717 14744 14748 14750 14752 14769 14777 14788 14797 14817 14818 14840 14857 14865 14869 14873 14875 14901 14936 14949 14968 14987 14997 14999 15027 15030 15055 15060 15072 15096 15109 15113 15120 15135 15153 15162 15164 15181 15182 15189 15193 15195 15210 15219 15226 15243 15246 15254 15258 15263 15284 15360 15371 15373 15377 15399 15418 15428 15436 15439 15442 15445 15452 15459 15473 15475 15493 15512 15524 15537 15542 15546 15569 15570 15577 15588 15611 15618 15624 15634 15647 15653 15657 15681 15690 15725 15739 15743 15750 15754 15761 15767 15774 15783 15804 15808 15821 15829 15844 15867 15873 15881 15886 15902 15905 15911 15917 15921 15923 15933 15938 15947 15972 15973 15975 15989 15994 15999 16001 16009 16011 16013 16016 16027 16028 16031 16039 16047 16058 16077 16081 16087 16094 16096 16097 16098 16099 16102 16115 16139 16147 16152 16155 16158 16172 16174 16176 16189 16192 16216 16220 16225 16226 16241 16253 16254 16256 16258 16264 16269 16296 16314 16321 16322 16331 16337 16347 16350 16352 16357 16362 16377 16386 16393 16397 16398 16403 16409 16419 16427 16429 16440 16444 16447 16450 16452 16462 16481 16505 16530 16535 16540 16544 16548 16556 16558 16562 16567 16576 16598 16620 16622 16623 16627 16630 16631 16643 16647 16649 16651 16656 16660 16661 16670 16677 16680 16690 16697 16699 16702 16706 16710 16713 16721 16741 16743 16762 16771 16776 16779 16787 16788 16791 16792 16794 16796 16800 16805 16814 16817 16824 16826 16828 16829 16831 16832 16850 16851 16858 16861 16868 16870 16872 16877 16878 16880 16882 16886 16889 16891 16893 16894 16915 16948 16972 16975 16992 16997 17002 17007 17021  
 
[2025-11-21 01:43:01,923][WARNING][/build/python-steps-BSmkRk/python-steps-5.0.4/src/steps/mpi/tetopsplit/tetopsplit.cpp:5826][virtual void steps::mpi::tetopsplit::TetOpSplitP::getBatchTriSpecCountsNP(const steps::index_t*, size_t, const std::string&, double*, size_t) const]: The following triangles have not been assigned to a patch, fill in zeros at target positions:
 
[2025-11-21 01:43:01,923][WARNING][/build/python-steps-BSmkRk/python-steps-5.0.4/src/steps/mpi/tetopsplit/tetopsplit.cpp:5829][virtual void steps::mpi::tetopsplit::TetOpSplitP::getBatchTriSpecCountsNP(const steps::index_t*, size_t, const std::string&, double*, size_t) const]: 12680 12697 12791 12925 12961 13002 13035 13038 13053 13063 13079 13122 13132 13140 13142 13244 13256 13261 13268 13364 13396 13401 13410 13413 13476 13481 13504 13547 13605 13684 13700 13726 13766 13788 13811 13838 13849 13891 13913 13980 13982 13993 14023 14025 14035 14038 14049 14064 14072 14106 14122 14142 14145 14200 14280 14282 14310 14313 14345 14364 14373 14376 14432 14454 14456 14473 14516 14524 14566 14580 14612 14615 14621 14643 14651 14660 14670 14702 14707 14717 14744 14748 14750 14752 14769 14777 14788 14797 14817 14818 14840 14857 14865 14869 14873 14875 14901 14936 14949 14968 14987 14997 14999 15027 15030 15055 15060 15072 15096 15109 15113 15120 15135 15153 15162 15164 15181 15182 15189 15193 15195 15210 15219 15226 15243 15246 15254 15258 15263 15284 15360 15371 15373 15377 15399 15418 15428 15436 15439 15442 15445 15452 15459 15473 15475 15493 15512 15524 15537 15542 15546 15569 15570 15577 15588 15611 15618 15624 15634 15647 15653 15657 15681 15690 15725 15739 15743 15750 15754 15761 15767 15774 15783 15804 15808 15821 15829 15844 15867 15873 15881 15886 15902 15905 15911 15917 15921 15923 15933 15938 15947 15972 15973 15975 15989 15994 15999 16001 16009 16011 16013 16016 16027 16028 16031 16039 16047 16058 16077 16081 16087 16094 16096 16097 16098 16099 16102 16115 16139 16147 16152 16155 16158 16172 16174 16176 16189 16192 16216 16220 16225 16226 16241 16253 16254 16256 16258 16264 16269 16296 16314 16321 16322 16331 16337 16347 16350 16352 16357 16362 16377 16386 16393 16397 16398 16403 16409 16419 16427 16429 16440 16444 16447 16450 16452 16462 16481 16505 16530 16535 16540 16544 16548 16556 16558 16562 16567 16576 16598 16620 16622 16623 16627 16630 16631 16643 16647 16649 16651 16656 16660 16661 16670 16677 16680 16690 16697 16699 16702 16706 16710 16713 16721 16741 16743 16762 16771 16776 16779 16787 16788 16791 16792 16794 16796 16800 16805 16814 16817 16824 16826 16828 16829 16831 16832 16850 16851 16858 16861 16868 16870 16872 16877 16878 16880 16882 16886 16889 16891 16893 16894 16915 16948 16972 16975 16992 16997 17002 17007 17021  
 
[2025-11-21 01:43:01,923][WARNING][/build/python-steps-BSmkRk/python-steps-5.0.4/src/steps/mpi/tetopsplit/tetopsplit.cpp:5826][virtual void steps::mpi::tetopsplit::TetOpSplitP::getBatchTriSpecCountsNP(const steps::index_t*, size_t, const std::string&, double*, size_t) const]: The following triangles have not been assigned to a patch, fill in zeros at target positions:
 
[2025-11-21 01:43:01,923][WARNING][/build/python-steps-BSmkRk/python-steps-5.0.4/src/steps/mpi/tetopsplit/tetopsplit.cpp:5829][virtual void steps::mpi::tetopsplit::TetOpSplitP::getBatchTriSpecCountsNP(const steps::index_t*, size_t, const std::string&, double*, size_t) const]: 12680 12697 12791 12925 12961 13002 13035 13038 13053 13063 13079 13122 13132 13140 13142 13244 13256 13261 13268 13364 13396 13401 13410 13413 13476 13481 13504 13547 13605 13684 13700 13726 13766 13788 13811 13838 13849 13891 13913 13980 13982 13993 14023 14025 14035 14038 14049 14064 14072 14106 14122 14142 14145 14200 14280 14282 14310 14313 14345 14364 14373 14376 14432 14454 14456 14473 14516 14524 14566 14580 14612 14615 14621 14643 14651 14660 14670 14702 14707 14717 14744 14748 14750 14752 14769 14777 14788 14797 14817 14818 14840 14857 14865 14869 14873 14875 14901 14936 14949 14968 14987 14997 14999 15027 15030 15055 15060 15072 15096 15109 15113 15120 15135 15153 15162 15164 15181 15182 15189 15193 15195 15210 15219 15226 15243 15246 15254 15258 15263 15284 15360 15371 15373 15377 15399 15418 15428 15436 15439 15442 15445 15452 15459 15473 15475 15493 15512 15524 15537 15542 15546 15569 15570 15577 15588 15611 15618 15624 15634 15647 15653 15657 15681 15690 15725 15739 15743 15750 15754 15761 15767 15774 15783 15804 15808 15821 15829 15844 15867 15873 15881 15886 15902 15905 15911 15917 15921 15923 15933 15938 15947 15972 15973 15975 15989 15994 15999 16001 16009 16011 16013 16016 16027 16028 16031 16039 16047 16058 16077 16081 16087 16094 16096 16097 16098 16099 16102 16115 16139 16147 16152 16155 16158 16172 16174 16176 16189 16192 16216 16220 16225 16226 16241 16253 16254 16256 16258 16264 16269 16296 16314 16321 16322 16331 16337 16347 16350 16352 16357 16362 16377 16386 16393 16397 16398 16403 16409 16419 16427 16429 16440 16444 16447 16450 16452 16462 16481 16505 16530 16535 16540 16544 16548 16556 16558 16562 16567 16576 16598 16620 16622 16623 16627 16630 16631 16643 16647 16649 16651 16656 16660 16661 16670 16677 16680 16690 16697 16699 16702 16706 16710 16713 16721 16741 16743 16762 16771 16776 16779 16787 16788 16791 16792 16794 16796 16800 16805 16814 16817 16824 16826 16828 16829 16831 16832 16850 16851 16858 16861 16868 16870 16872 16877 16878 16880 16882 16886 16889 16891 16893 16894 16915 16948 16972 16975 16992 16997 17002 17007 17021  
 
[2025-11-21 01:43:01,925][WARNING][/build/python-steps-BSmkRk/python-steps-5.0.4/src/steps/mpi/tetopsplit/tetopsplit.cpp:5826][virtual void steps::mpi::tetopsplit::TetOpSplitP::getBatchTriSpecCountsNP(const steps::index_t*, size_t, const std::string&, double*, size_t) const]: The following triangles have not been assigned to a patch, fill in zeros at target positions:
 
[2025-11-21 01:43:01,925][WARNING][/build/python-steps-BSmkRk/python-steps-5.0.4/src/steps/mpi/tetopsplit/tetopsplit.cpp:5829][virtual void steps::mpi::tetopsplit::TetOpSplitP::getBatchTriSpecCountsNP(const steps::index_t*, size_t, const std::string&, double*, size_t) const]: 12680 12697 12791 12925 12961 13002 13035 13038 13053 13063 13079 13122 13132 13140 13142 13244 13256 13261 13268 13364 13396 13401 13410 13413 13476 13481 13504 13547 13605 13684 13700 13726 13766 13788 13811 13838 13849 13891 13913 13980 13982 13993 14023 14025 14035 14038 14049 14064 14072 14106 14122 14142 14145 14200 14280 14282 14310 14313 14345 14364 14373 14376 14432 14454 14456 14473 14516 14524 14566 14580 14612 14615 14621 14643 14651 14660 14670 14702 14707 14717 14744 14748 14750 14752 14769 14777 14788 14797 14817 14818 14840 14857 14865 14869 14873 14875 14901 14936 14949 14968 14987 14997 14999 15027 15030 15055 15060 15072 15096 15109 15113 15120 15135 15153 15162 15164 15181 15182 15189 15193 15195 15210 15219 15226 15243 15246 15254 15258 15263 15284 15360 15371 15373 15377 15399 15418 15428 15436 15439 15442 15445 15452 15459 15473 15475 15493 15512 15524 15537 15542 15546 15569 15570 15577 15588 15611 15618 15624 15634 15647 15653 15657 15681 15690 15725 15739 15743 15750 15754 15761 15767 15774 15783 15804 15808 15821 15829 15844 15867 15873 15881 15886 15902 15905 15911 15917 15921 15923 15933 15938 15947 15972 15973 15975 15989 15994 15999 16001 16009 16011 16013 16016 16027 16028 16031 16039 16047 16058 16077 16081 16087 16094 16096 16097 16098 16099 16102 16115 16139 16147 16152 16155 16158 16172 16174 16176 16189 16192 16216 16220 16225 16226 16241 16253 16254 16256 16258 16264 16269 16296 16314 16321 16322 16331 16337 16347 16350 16352 16357 16362 16377 16386 16393 16397 16398 16403 16409 16419 16427 16429 16440 16444 16447 16450 16452 16462 16481 16505 16530 16535 16540 16544 16548 16556 16558 16562 16567 16576 16598 16620 16622 16623 16627 16630 16631 16643 16647 16649 16651 16656 16660 16661 16670 16677 16680 16690 16697 16699 16702 16706 16710 16713 16721 16741 16743 16762 16771 16776 16779 16787 16788 16791 16792 16794 16796 16800 16805 16814 16817 16824 16826 16828 16829 16831 16832 16850 16851 16858 16861 16868 16870 16872 16877 16878 16880 16882 16886 16889 16891 16893 16894 16915 16948 16972 16975 16992 16997 17002 17007 17021  
 
[2025-11-21 01:43:05,777][WARNING][/build/python-steps-BSmkRk/python-steps-5.0.4/src/steps/mpi/tetopsplit/tetopsplit.cpp:5826][virtual void steps::mpi::tetopsplit::TetOpSplitP::getBatchTriSpecCountsNP(const steps::index_t*, size_t, const std::string&, double*, size_t) const]: The following triangles have not been assigned to a patch, fill in zeros at target positions:
 
[2025-11-21 01:43:05,777][WARNING][/build/python-steps-BSmkRk/python-steps-5.0.4/src/steps/mpi/tetopsplit/tetopsplit.cpp:5829][virtual void steps::mpi::tetopsplit::TetOpSplitP::getBatchTriSpecCountsNP(const steps::index_t*, size_t, const std::string&, double*, size_t) const]: 12680 12697 12791 12925 12961 13002 13035 13038 13053 13063 13079 13122 13132 13140 13142 13244 13256 13261 13268 13364 13396 13401 13410 13413 13476 13481 13504 13547 13605 13684 13700 13726 13766 13788 13811 13838 13849 13891 13913 13980 13982 13993 14023 14025 14035 14038 14049 14064 14072 14106 14122 14142 14145 14200 14280 14282 14310 14313 14345 14364 14373 14376 14432 14454 14456 14473 14516 14524 14566 14580 14612 14615 14621 14643 14651 14660 14670 14702 14707 14717 14744 14748 14750 14752 14769 14777 14788 14797 14817 14818 14840 14857 14865 14869 14873 14875 14901 14936 14949 14968 14987 14997 14999 15027 15030 15055 15060 15072 15096 15109 15113 15120 15135 15153 15162 15164 15181 15182 15189 15193 15195 15210 15219 15226 15243 15246 15254 15258 15263 15284 15360 15371 15373 15377 15399 15418 15428 15436 15439 15442 15445 15452 15459 15473 15475 15493 15512 15524 15537 15542 15546 15569 15570 15577 15588 15611 15618 15624 15634 15647 15653 15657 15681 15690 15725 15739 15743 15750 15754 15761 15767 15774 15783 15804 15808 15821 15829 15844 15867 15873 15881 15886 15902 15905 15911 15917 15921 15923 15933 15938 15947 15972 15973 15975 15989 15994 15999 16001 16009 16011 16013 16016 16027 16028 16031 16039 16047 16058 16077 16081 16087 16094 16096 16097 16098 16099 16102 16115 16139 16147 16152 16155 16158 16172 16174 16176 16189 16192 16216 16220 16225 16226 16241 16253 16254 16256 16258 16264 16269 16296 16314 16321 16322 16331 16337 16347 16350 16352 16357 16362 16377 16386 16393 16397 16398 16403 16409 16419 16427 16429 16440 16444 16447 16450 16452 16462 16481 16505 16530 16535 16540 16544 16548 16556 16558 16562 16567 16576 16598 16620 16622 16623 16627 16630 16631 16643 16647 16649 16651 16656 16660 16661 16670 16677 16680 16690 16697 16699 16702 16706 16710 16713 16721 16741 16743 16762 16771 16776 16779 16787 16788 16791 16792 16794 16796 16800 16805 16814 16817 16824 16826 16828 16829 16831 16832 16850 16851 16858 16861 16868 16870 16872 16877 16878 16880 16882 16886 16889 16891 16893 16894 16915 16948 16972 16975 16992 16997 17002 17007 17021  
 
[2025-11-21 01:43:05,778][WARNING][/build/python-steps-BSmkRk/python-steps-5.0.4/src/steps/mpi/tetopsplit/tetopsplit.cpp:5826][virtual void steps::mpi::tetopsplit::TetOpSplitP::getBatchTriSpecCountsNP(const steps::index_t*, size_t, const std::string&, double*, size_t) const]: The following triangles have not been assigned to a patch, fill in zeros at target positions:
 
[2025-11-21 01:43:05,778][WARNING][/build/python-steps-BSmkRk/python-steps-5.0.4/src/steps/mpi/tetopsplit/tetopsplit.cpp:5829][virtual void steps::mpi::tetopsplit::TetOpSplitP::getBatchTriSpecCountsNP(const steps::index_t*, size_t, const std::string&, double*, size_t) const]: 12680 12697 12791 12925 12961 13002 13035 13038 13053 13063 13079 13122 13132 13140 13142 13244 13256 13261 13268 13364 13396 13401 13410 13413 13476 13481 13504 13547 13605 13684 13700 13726 13766 13788 13811 13838 13849 13891 13913 13980 13982 13993 14023 14025 14035 14038 14049 14064 14072 14106 14122 14142 14145 14200 14280 14282 14310 14313 14345 14364 14373 14376 14432 14454 14456 14473 14516 14524 14566 14580 14612 14615 14621 14643 14651 14660 14670 14702 14707 14717 14744 14748 14750 14752 14769 14777 14788 14797 14817 14818 14840 14857 14865 14869 14873 14875 14901 14936 14949 14968 14987 14997 14999 15027 15030 15055 15060 15072 15096 15109 15113 15120 15135 15153 15162 15164 15181 15182 15189 15193 15195 15210 15219 15226 15243 15246 15254 15258 15263 15284 15360 15371 15373 15377 15399 15418 15428 15436 15439 15442 15445 15452 15459 15473 15475 15493 15512 15524 15537 15542 15546 15569 15570 15577 15588 15611 15618 15624 15634 15647 15653 15657 15681 15690 15725 15739 15743 15750 15754 15761 15767 15774 15783 15804 15808 15821 15829 15844 15867 15873 15881 15886 15902 15905 15911 15917 15921 15923 15933 15938 15947 15972 15973 15975 15989 15994 15999 16001 16009 16011 16013 16016 16027 16028 16031 16039 16047 16058 16077 16081 16087 16094 16096 16097 16098 16099 16102 16115 16139 16147 16152 16155 16158 16172 16174 16176 16189 16192 16216 16220 16225 16226 16241 16253 16254 16256 16258 16264 16269 16296 16314 16321 16322 16331 16337 16347 16350 16352 16357 16362 16377 16386 16393 16397 16398 16403 16409 16419 16427 16429 16440 16444 16447 16450 16452 16462 16481 16505 16530 16535 16540 16544 16548 16556 16558 16562 16567 16576 16598 16620 16622 16623 16627 16630 16631 16643 16647 16649 16651 16656 16660 16661 16670 16677 16680 16690 16697 16699 16702 16706 16710 16713 16721 16741 16743 16762 16771 16776 16779 16787 16788 16791 16792 16794 16796 16800 16805 16814 16817 16824 16826 16828 16829 16831 16832 16850 16851 16858 16861 16868 16870 16872 16877 16878 16880 16882 16886 16889 16891 16893 16894 16915 16948 16972 16975 16992 16997 17002 17007 17021  
 
[2025-11-21 01:43:05,778][WARNING][/build/python-steps-BSmkRk/python-steps-5.0.4/src/steps/mpi/tetopsplit/tetopsplit.cpp:5826][virtual void steps::mpi::tetopsplit::TetOpSplitP::getBatchTriSpecCountsNP(const steps::index_t*, size_t, const std::string&, double*, size_t) const]: The following triangles have not been assigned to a patch, fill in zeros at target positions:
 
[2025-11-21 01:43:05,778][WARNING][/build/python-steps-BSmkRk/python-steps-5.0.4/src/steps/mpi/tetopsplit/tetopsplit.cpp:5829][virtual void steps::mpi::tetopsplit::TetOpSplitP::getBatchTriSpecCountsNP(const steps::index_t*, size_t, const std::string&, double*, size_t) const]: 12680 12697 12791 12925 12961 13002 13035 13038 13053 13063 13079 13122 13132 13140 13142 13244 13256 13261 13268 13364 13396 13401 13410 13413 13476 13481 13504 13547 13605 13684 13700 13726 13766 13788 13811 13838 13849 13891 13913 13980 13982 13993 14023 14025 14035 14038 14049 14064 14072 14106 14122 14142 14145 14200 14280 14282 14310 14313 14345 14364 14373 14376 14432 14454 14456 14473 14516 14524 14566 14580 14612 14615 14621 14643 14651 14660 14670 14702 14707 14717 14744 14748 14750 14752 14769 14777 14788 14797 14817 14818 14840 14857 14865 14869 14873 14875 14901 14936 14949 14968 14987 14997 14999 15027 15030 15055 15060 15072 15096 15109 15113 15120 15135 15153 15162 15164 15181 15182 15189 15193 15195 15210 15219 15226 15243 15246 15254 15258 15263 15284 15360 15371 15373 15377 15399 15418 15428 15436 15439 15442 15445 15452 15459 15473 15475 15493 15512 15524 15537 15542 15546 15569 15570 15577 15588 15611 15618 15624 15634 15647 15653 15657 15681 15690 15725 15739 15743 15750 15754 15761 15767 15774 15783 15804 15808 15821 15829 15844 15867 15873 15881 15886 15902 15905 15911 15917 15921 15923 15933 15938 15947 15972 15973 15975 15989 15994 15999 16001 16009 16011 16013 16016 16027 16028 16031 16039 16047 16058 16077 16081 16087 16094 16096 16097 16098 16099 16102 16115 16139 16147 16152 16155 16158 16172 16174 16176 16189 16192 16216 16220 16225 16226 16241 16253 16254 16256 16258 16264 16269 16296 16314 16321 16322 16331 16337 16347 16350 16352 16357 16362 16377 16386 16393 16397 16398 16403 16409 16419 16427 16429 16440 16444 16447 16450 16452 16462 16481 16505 16530 16535 16540 16544 16548 16556 16558 16562 16567 16576 16598 16620 16622 16623 16627 16630 16631 16643 16647 16649 16651 16656 16660 16661 16670 16677 16680 16690 16697 16699 16702 16706 16710 16713 16721 16741 16743 16762 16771 16776 16779 16787 16788 16791 16792 16794 16796 16800 16805 16814 16817 16824 16826 16828 16829 16831 16832 16850 16851 16858 16861 16868 16870 16872 16877 16878 16880 16882 16886 16889 16891 16893 16894 16915 16948 16972 16975 16992 16997 17002 17007 17021  
 
[2025-11-21 01:43:05,780][WARNING][/build/python-steps-BSmkRk/python-steps-5.0.4/src/steps/mpi/tetopsplit/tetopsplit.cpp:5826][virtual void steps::mpi::tetopsplit::TetOpSplitP::getBatchTriSpecCountsNP(const steps::index_t*, size_t, const std::string&, double*, size_t) const]: The following triangles have not been assigned to a patch, fill in zeros at target positions:
 
[2025-11-21 01:43:05,780][WARNING][/build/python-steps-BSmkRk/python-steps-5.0.4/src/steps/mpi/tetopsplit/tetopsplit.cpp:5829][virtual void steps::mpi::tetopsplit::TetOpSplitP::getBatchTriSpecCountsNP(const steps::index_t*, size_t, const std::string&, double*, size_t) const]: 12680 12697 12791 12925 12961 13002 13035 13038 13053 13063 13079 13122 13132 13140 13142 13244 13256 13261 13268 13364 13396 13401 13410 13413 13476 13481 13504 13547 13605 13684 13700 13726 13766 13788 13811 13838 13849 13891 13913 13980 13982 13993 14023 14025 14035 14038 14049 14064 14072 14106 14122 14142 14145 14200 14280 14282 14310 14313 14345 14364 14373 14376 14432 14454 14456 14473 14516 14524 14566 14580 14612 14615 14621 14643 14651 14660 14670 14702 14707 14717 14744 14748 14750 14752 14769 14777 14788 14797 14817 14818 14840 14857 14865 14869 14873 14875 14901 14936 14949 14968 14987 14997 14999 15027 15030 15055 15060 15072 15096 15109 15113 15120 15135 15153 15162 15164 15181 15182 15189 15193 15195 15210 15219 15226 15243 15246 15254 15258 15263 15284 15360 15371 15373 15377 15399 15418 15428 15436 15439 15442 15445 15452 15459 15473 15475 15493 15512 15524 15537 15542 15546 15569 15570 15577 15588 15611 15618 15624 15634 15647 15653 15657 15681 15690 15725 15739 15743 15750 15754 15761 15767 15774 15783 15804 15808 15821 15829 15844 15867 15873 15881 15886 15902 15905 15911 15917 15921 15923 15933 15938 15947 15972 15973 15975 15989 15994 15999 16001 16009 16011 16013 16016 16027 16028 16031 16039 16047 16058 16077 16081 16087 16094 16096 16097 16098 16099 16102 16115 16139 16147 16152 16155 16158 16172 16174 16176 16189 16192 16216 16220 16225 16226 16241 16253 16254 16256 16258 16264 16269 16296 16314 16321 16322 16331 16337 16347 16350 16352 16357 16362 16377 16386 16393 16397 16398 16403 16409 16419 16427 16429 16440 16444 16447 16450 16452 16462 16481 16505 16530 16535 16540 16544 16548 16556 16558 16562 16567 16576 16598 16620 16622 16623 16627 16630 16631 16643 16647 16649 16651 16656 16660 16661 16670 16677 16680 16690 16697 16699 16702 16706 16710 16713 16721 16741 16743 16762 16771 16776 16779 16787 16788 16791 16792 16794 16796 16800 16805 16814 16817 16824 16826 16828 16829 16831 16832 16850 16851 16858 16861 16868 16870 16872 16877 16878 16880 16882 16886 16889 16891 16893 16894 16915 16948 16972 16975 16992 16997 17002 17007 17021  
 
[2025-11-21 01:43:09,654][WARNING][/build/python-steps-BSmkRk/python-steps-5.0.4/src/steps/mpi/tetopsplit/tetopsplit.cpp:5826][virtual void steps::mpi::tetopsplit::TetOpSplitP::getBatchTriSpecCountsNP(const steps::index_t*, size_t, const std::string&, double*, size_t) const]: The following triangles have not been assigned to a patch, fill in zeros at target positions:
 
[2025-11-21 01:43:09,654][WARNING][/build/python-steps-BSmkRk/python-steps-5.0.4/src/steps/mpi/tetopsplit/tetopsplit.cpp:5829][virtual void steps::mpi::tetopsplit::TetOpSplitP::getBatchTriSpecCountsNP(const steps::index_t*, size_t, const std::string&, double*, size_t) const]: 12680 12697 12791 12925 12961 13002 13035 13038 13053 13063 13079 13122 13132 13140 13142 13244 13256 13261 13268 13364 13396 13401 13410 13413 13476 13481 13504 13547 13605 13684 13700 13726 13766 13788 13811 13838 13849 13891 13913 13980 13982 13993 14023 14025 14035 14038 14049 14064 14072 14106 14122 14142 14145 14200 14280 14282 14310 14313 14345 14364 14373 14376 14432 14454 14456 14473 14516 14524 14566 14580 14612 14615 14621 14643 14651 14660 14670 14702 14707 14717 14744 14748 14750 14752 14769 14777 14788 14797 14817 14818 14840 14857 14865 14869 14873 14875 14901 14936 14949 14968 14987 14997 14999 15027 15030 15055 15060 15072 15096 15109 15113 15120 15135 15153 15162 15164 15181 15182 15189 15193 15195 15210 15219 15226 15243 15246 15254 15258 15263 15284 15360 15371 15373 15377 15399 15418 15428 15436 15439 15442 15445 15452 15459 15473 15475 15493 15512 15524 15537 15542 15546 15569 15570 15577 15588 15611 15618 15624 15634 15647 15653 15657 15681 15690 15725 15739 15743 15750 15754 15761 15767 15774 15783 15804 15808 15821 15829 15844 15867 15873 15881 15886 15902 15905 15911 15917 15921 15923 15933 15938 15947 15972 15973 15975 15989 15994 15999 16001 16009 16011 16013 16016 16027 16028 16031 16039 16047 16058 16077 16081 16087 16094 16096 16097 16098 16099 16102 16115 16139 16147 16152 16155 16158 16172 16174 16176 16189 16192 16216 16220 16225 16226 16241 16253 16254 16256 16258 16264 16269 16296 16314 16321 16322 16331 16337 16347 16350 16352 16357 16362 16377 16386 16393 16397 16398 16403 16409 16419 16427 16429 16440 16444 16447 16450 16452 16462 16481 16505 16530 16535 16540 16544 16548 16556 16558 16562 16567 16576 16598 16620 16622 16623 16627 16630 16631 16643 16647 16649 16651 16656 16660 16661 16670 16677 16680 16690 16697 16699 16702 16706 16710 16713 16721 16741 16743 16762 16771 16776 16779 16787 16788 16791 16792 16794 16796 16800 16805 16814 16817 16824 16826 16828 16829 16831 16832 16850 16851 16858 16861 16868 16870 16872 16877 16878 16880 16882 16886 16889 16891 16893 16894 16915 16948 16972 16975 16992 16997 17002 17007 17021  
 
[2025-11-21 01:43:09,655][WARNING][/build/python-steps-BSmkRk/python-steps-5.0.4/src/steps/mpi/tetopsplit/tetopsplit.cpp:5826][virtual void steps::mpi::tetopsplit::TetOpSplitP::getBatchTriSpecCountsNP(const steps::index_t*, size_t, const std::string&, double*, size_t) const]: The following triangles have not been assigned to a patch, fill in zeros at target positions:
 
[2025-11-21 01:43:09,655][WARNING][/build/python-steps-BSmkRk/python-steps-5.0.4/src/steps/mpi/tetopsplit/tetopsplit.cpp:5829][virtual void steps::mpi::tetopsplit::TetOpSplitP::getBatchTriSpecCountsNP(const steps::index_t*, size_t, const std::string&, double*, size_t) const]: 12680 12697 12791 12925 12961 13002 13035 13038 13053 13063 13079 13122 13132 13140 13142 13244 13256 13261 13268 13364 13396 13401 13410 13413 13476 13481 13504 13547 13605 13684 13700 13726 13766 13788 13811 13838 13849 13891 13913 13980 13982 13993 14023 14025 14035 14038 14049 14064 14072 14106 14122 14142 14145 14200 14280 14282 14310 14313 14345 14364 14373 14376 14432 14454 14456 14473 14516 14524 14566 14580 14612 14615 14621 14643 14651 14660 14670 14702 14707 14717 14744 14748 14750 14752 14769 14777 14788 14797 14817 14818 14840 14857 14865 14869 14873 14875 14901 14936 14949 14968 14987 14997 14999 15027 15030 15055 15060 15072 15096 15109 15113 15120 15135 15153 15162 15164 15181 15182 15189 15193 15195 15210 15219 15226 15243 15246 15254 15258 15263 15284 15360 15371 15373 15377 15399 15418 15428 15436 15439 15442 15445 15452 15459 15473 15475 15493 15512 15524 15537 15542 15546 15569 15570 15577 15588 15611 15618 15624 15634 15647 15653 15657 15681 15690 15725 15739 15743 15750 15754 15761 15767 15774 15783 15804 15808 15821 15829 15844 15867 15873 15881 15886 15902 15905 15911 15917 15921 15923 15933 15938 15947 15972 15973 15975 15989 15994 15999 16001 16009 16011 16013 16016 16027 16028 16031 16039 16047 16058 16077 16081 16087 16094 16096 16097 16098 16099 16102 16115 16139 16147 16152 16155 16158 16172 16174 16176 16189 16192 16216 16220 16225 16226 16241 16253 16254 16256 16258 16264 16269 16296 16314 16321 16322 16331 16337 16347 16350 16352 16357 16362 16377 16386 16393 16397 16398 16403 16409 16419 16427 16429 16440 16444 16447 16450 16452 16462 16481 16505 16530 16535 16540 16544 16548 16556 16558 16562 16567 16576 16598 16620 16622 16623 16627 16630 16631 16643 16647 16649 16651 16656 16660 16661 16670 16677 16680 16690 16697 16699 16702 16706 16710 16713 16721 16741 16743 16762 16771 16776 16779 16787 16788 16791 16792 16794 16796 16800 16805 16814 16817 16824 16826 16828 16829 16831 16832 16850 16851 16858 16861 16868 16870 16872 16877 16878 16880 16882 16886 16889 16891 16893 16894 16915 16948 16972 16975 16992 16997 17002 17007 17021  
 
[2025-11-21 01:43:09,655][WARNING][/build/python-steps-BSmkRk/python-steps-5.0.4/src/steps/mpi/tetopsplit/tetopsplit.cpp:5826][virtual void steps::mpi::tetopsplit::TetOpSplitP::getBatchTriSpecCountsNP(const steps::index_t*, size_t, const std::string&, double*, size_t) const]: The following triangles have not been assigned to a patch, fill in zeros at target positions:
 
[2025-11-21 01:43:09,655][WARNING][/build/python-steps-BSmkRk/python-steps-5.0.4/src/steps/mpi/tetopsplit/tetopsplit.cpp:5829][virtual void steps::mpi::tetopsplit::TetOpSplitP::getBatchTriSpecCountsNP(const steps::index_t*, size_t, const std::string&, double*, size_t) const]: 12680 12697 12791 12925 12961 13002 13035 13038 13053 13063 13079 13122 13132 13140 13142 13244 13256 13261 13268 13364 13396 13401 13410 13413 13476 13481 13504 13547 13605 13684 13700 13726 13766 13788 13811 13838 13849 13891 13913 13980 13982 13993 14023 14025 14035 14038 14049 14064 14072 14106 14122 14142 14145 14200 14280 14282 14310 14313 14345 14364 14373 14376 14432 14454 14456 14473 14516 14524 14566 14580 14612 14615 14621 14643 14651 14660 14670 14702 14707 14717 14744 14748 14750 14752 14769 14777 14788 14797 14817 14818 14840 14857 14865 14869 14873 14875 14901 14936 14949 14968 14987 14997 14999 15027 15030 15055 15060 15072 15096 15109 15113 15120 15135 15153 15162 15164 15181 15182 15189 15193 15195 15210 15219 15226 15243 15246 15254 15258 15263 15284 15360 15371 15373 15377 15399 15418 15428 15436 15439 15442 15445 15452 15459 15473 15475 15493 15512 15524 15537 15542 15546 15569 15570 15577 15588 15611 15618 15624 15634 15647 15653 15657 15681 15690 15725 15739 15743 15750 15754 15761 15767 15774 15783 15804 15808 15821 15829 15844 15867 15873 15881 15886 15902 15905 15911 15917 15921 15923 15933 15938 15947 15972 15973 15975 15989 15994 15999 16001 16009 16011 16013 16016 16027 16028 16031 16039 16047 16058 16077 16081 16087 16094 16096 16097 16098 16099 16102 16115 16139 16147 16152 16155 16158 16172 16174 16176 16189 16192 16216 16220 16225 16226 16241 16253 16254 16256 16258 16264 16269 16296 16314 16321 16322 16331 16337 16347 16350 16352 16357 16362 16377 16386 16393 16397 16398 16403 16409 16419 16427 16429 16440 16444 16447 16450 16452 16462 16481 16505 16530 16535 16540 16544 16548 16556 16558 16562 16567 16576 16598 16620 16622 16623 16627 16630 16631 16643 16647 16649 16651 16656 16660 16661 16670 16677 16680 16690 16697 16699 16702 16706 16710 16713 16721 16741 16743 16762 16771 16776 16779 16787 16788 16791 16792 16794 16796 16800 16805 16814 16817 16824 16826 16828 16829 16831 16832 16850 16851 16858 16861 16868 16870 16872 16877 16878 16880 16882 16886 16889 16891 16893 16894 16915 16948 16972 16975 16992 16997 17002 17007 17021  
 
[2025-11-21 01:43:09,656][WARNING][/build/python-steps-BSmkRk/python-steps-5.0.4/src/steps/mpi/tetopsplit/tetopsplit.cpp:5826][virtual void steps::mpi::tetopsplit::TetOpSplitP::getBatchTriSpecCountsNP(const steps::index_t*, size_t, const std::string&, double*, size_t) const]: The following triangles have not been assigned to a patch, fill in zeros at target positions:
 
[2025-11-21 01:43:09,656][WARNING][/build/python-steps-BSmkRk/python-steps-5.0.4/src/steps/mpi/tetopsplit/tetopsplit.cpp:5829][virtual void steps::mpi::tetopsplit::TetOpSplitP::getBatchTriSpecCountsNP(const steps::index_t*, size_t, const std::string&, double*, size_t) const]: 12680 12697 12791 12925 12961 13002 13035 13038 13053 13063 13079 13122 13132 13140 13142 13244 13256 13261 13268 13364 13396 13401 13410 13413 13476 13481 13504 13547 13605 13684 13700 13726 13766 13788 13811 13838 13849 13891 13913 13980 13982 13993 14023 14025 14035 14038 14049 14064 14072 14106 14122 14142 14145 14200 14280 14282 14310 14313 14345 14364 14373 14376 14432 14454 14456 14473 14516 14524 14566 14580 14612 14615 14621 14643 14651 14660 14670 14702 14707 14717 14744 14748 14750 14752 14769 14777 14788 14797 14817 14818 14840 14857 14865 14869 14873 14875 14901 14936 14949 14968 14987 14997 14999 15027 15030 15055 15060 15072 15096 15109 15113 15120 15135 15153 15162 15164 15181 15182 15189 15193 15195 15210 15219 15226 15243 15246 15254 15258 15263 15284 15360 15371 15373 15377 15399 15418 15428 15436 15439 15442 15445 15452 15459 15473 15475 15493 15512 15524 15537 15542 15546 15569 15570 15577 15588 15611 15618 15624 15634 15647 15653 15657 15681 15690 15725 15739 15743 15750 15754 15761 15767 15774 15783 15804 15808 15821 15829 15844 15867 15873 15881 15886 15902 15905 15911 15917 15921 15923 15933 15938 15947 15972 15973 15975 15989 15994 15999 16001 16009 16011 16013 16016 16027 16028 16031 16039 16047 16058 16077 16081 16087 16094 16096 16097 16098 16099 16102 16115 16139 16147 16152 16155 16158 16172 16174 16176 16189 16192 16216 16220 16225 16226 16241 16253 16254 16256 16258 16264 16269 16296 16314 16321 16322 16331 16337 16347 16350 16352 16357 16362 16377 16386 16393 16397 16398 16403 16409 16419 16427 16429 16440 16444 16447 16450 16452 16462 16481 16505 16530 16535 16540 16544 16548 16556 16558 16562 16567 16576 16598 16620 16622 16623 16627 16630 16631 16643 16647 16649 16651 16656 16660 16661 16670 16677 16680 16690 16697 16699 16702 16706 16710 16713 16721 16741 16743 16762 16771 16776 16779 16787 16788 16791 16792 16794 16796 16800 16805 16814 16817 16824 16826 16828 16829 16831 16832 16850 16851 16858 16861 16868 16870 16872 16877 16878 16880 16882 16886 16889 16891 16893 16894 16915 16948 16972 16975 16992 16997 17002 17007 17021  
 
[2025-11-21 01:43:13,557][WARNING][/build/python-steps-BSmkRk/python-steps-5.0.4/src/steps/mpi/tetopsplit/tetopsplit.cpp:5826][virtual void steps::mpi::tetopsplit::TetOpSplitP::getBatchTriSpecCountsNP(const steps::index_t*, size_t, const std::string&, double*, size_t) const]: The following triangles have not been assigned to a patch, fill in zeros at target positions:
 
[2025-11-21 01:43:13,557][WARNING][/build/python-steps-BSmkRk/python-steps-5.0.4/src/steps/mpi/tetopsplit/tetopsplit.cpp:5829][virtual void steps::mpi::tetopsplit::TetOpSplitP::getBatchTriSpecCountsNP(const steps::index_t*, size_t, const std::string&, double*, size_t) const]: 12680 12697 12791 12925 12961 13002 13035 13038 13053 13063 13079 13122 13132 13140 13142 13244 13256 13261 13268 13364 13396 13401 13410 13413 13476 13481 13504 13547 13605 13684 13700 13726 13766 13788 13811 13838 13849 13891 13913 13980 13982 13993 14023 14025 14035 14038 14049 14064 14072 14106 14122 14142 14145 14200 14280 14282 14310 14313 14345 14364 14373 14376 14432 14454 14456 14473 14516 14524 14566 14580 14612 14615 14621 14643 14651 14660 14670 14702 14707 14717 14744 14748 14750 14752 14769 14777 14788 14797 14817 14818 14840 14857 14865 14869 14873 14875 14901 14936 14949 14968 14987 14997 14999 15027 15030 15055 15060 15072 15096 15109 15113 15120 15135 15153 15162 15164 15181 15182 15189 15193 15195 15210 15219 15226 15243 15246 15254 15258 15263 15284 15360 15371 15373 15377 15399 15418 15428 15436 15439 15442 15445 15452 15459 15473 15475 15493 15512 15524 15537 15542 15546 15569 15570 15577 15588 15611 15618 15624 15634 15647 15653 15657 15681 15690 15725 15739 15743 15750 15754 15761 15767 15774 15783 15804 15808 15821 15829 15844 15867 15873 15881 15886 15902 15905 15911 15917 15921 15923 15933 15938 15947 15972 15973 15975 15989 15994 15999 16001 16009 16011 16013 16016 16027 16028 16031 16039 16047 16058 16077 16081 16087 16094 16096 16097 16098 16099 16102 16115 16139 16147 16152 16155 16158 16172 16174 16176 16189 16192 16216 16220 16225 16226 16241 16253 16254 16256 16258 16264 16269 16296 16314 16321 16322 16331 16337 16347 16350 16352 16357 16362 16377 16386 16393 16397 16398 16403 16409 16419 16427 16429 16440 16444 16447 16450 16452 16462 16481 16505 16530 16535 16540 16544 16548 16556 16558 16562 16567 16576 16598 16620 16622 16623 16627 16630 16631 16643 16647 16649 16651 16656 16660 16661 16670 16677 16680 16690 16697 16699 16702 16706 16710 16713 16721 16741 16743 16762 16771 16776 16779 16787 16788 16791 16792 16794 16796 16800 16805 16814 16817 16824 16826 16828 16829 16831 16832 16850 16851 16858 16861 16868 16870 16872 16877 16878 16880 16882 16886 16889 16891 16893 16894 16915 16948 16972 16975 16992 16997 17002 17007 17021  
 
[2025-11-21 01:43:13,557][WARNING][/build/python-steps-BSmkRk/python-steps-5.0.4/src/steps/mpi/tetopsplit/tetopsplit.cpp:5826][virtual void steps::mpi::tetopsplit::TetOpSplitP::getBatchTriSpecCountsNP(const steps::index_t*, size_t, const std::string&, double*, size_t) const]: The following triangles have not been assigned to a patch, fill in zeros at target positions:
 
[2025-11-21 01:43:13,557][WARNING][/build/python-steps-BSmkRk/python-steps-5.0.4/src/steps/mpi/tetopsplit/tetopsplit.cpp:5829][virtual void steps::mpi::tetopsplit::TetOpSplitP::getBatchTriSpecCountsNP(const steps::index_t*, size_t, const std::string&, double*, size_t) const]: 12680 12697 12791 12925 12961 13002 13035 13038 13053 13063 13079 13122 13132 13140 13142 13244 13256 13261 13268 13364 13396 13401 13410 13413 13476 13481 13504 13547 13605 13684 13700 13726 13766 13788 13811 13838 13849 13891 13913 13980 13982 13993 14023 14025 14035 14038 14049 14064 14072 14106 14122 14142 14145 14200 14280 14282 14310 14313 14345 14364 14373 14376 14432 14454 14456 14473 14516 14524 14566 14580 14612 14615 14621 14643 14651 14660 14670 14702 14707 14717 14744 14748 14750 14752 14769 14777 14788 14797 14817 14818 14840 14857 14865 14869 14873 14875 14901 14936 14949 14968 14987 14997 14999 15027 15030 15055 15060 15072 15096 15109 15113 15120 15135 15153 15162 15164 15181 15182 15189 15193 15195 15210 15219 15226 15243 15246 15254 15258 15263 15284 15360 15371 15373 15377 15399 15418 15428 15436 15439 15442 15445 15452 15459 15473 15475 15493 15512 15524 15537 15542 15546 15569 15570 15577 15588 15611 15618 15624 15634 15647 15653 15657 15681 15690 15725 15739 15743 15750 15754 15761 15767 15774 15783 15804 15808 15821 15829 15844 15867 15873 15881 15886 15902 15905 15911 15917 15921 15923 15933 15938 15947 15972 15973 15975 15989 15994 15999 16001 16009 16011 16013 16016 16027 16028 16031 16039 16047 16058 16077 16081 16087 16094 16096 16097 16098 16099 16102 16115 16139 16147 16152 16155 16158 16172 16174 16176 16189 16192 16216 16220 16225 16226 16241 16253 16254 16256 16258 16264 16269 16296 16314 16321 16322 16331 16337 16347 16350 16352 16357 16362 16377 16386 16393 16397 16398 16403 16409 16419 16427 16429 16440 16444 16447 16450 16452 16462 16481 16505 16530 16535 16540 16544 16548 16556 16558 16562 16567 16576 16598 16620 16622 16623 16627 16630 16631 16643 16647 16649 16651 16656 16660 16661 16670 16677 16680 16690 16697 16699 16702 16706 16710 16713 16721 16741 16743 16762 16771 16776 16779 16787 16788 16791 16792 16794 16796 16800 16805 16814 16817 16824 16826 16828 16829 16831 16832 16850 16851 16858 16861 16868 16870 16872 16877 16878 16880 16882 16886 16889 16891 16893 16894 16915 16948 16972 16975 16992 16997 17002 17007 17021  
 
[2025-11-21 01:43:13,558][WARNING][/build/python-steps-BSmkRk/python-steps-5.0.4/src/steps/mpi/tetopsplit/tetopsplit.cpp:5826][virtual void steps::mpi::tetopsplit::TetOpSplitP::getBatchTriSpecCountsNP(const steps::index_t*, size_t, const std::string&, double*, size_t) const]: The following triangles have not been assigned to a patch, fill in zeros at target positions:
 
[2025-11-21 01:43:13,558][WARNING][/build/python-steps-BSmkRk/python-steps-5.0.4/src/steps/mpi/tetopsplit/tetopsplit.cpp:5829][virtual void steps::mpi::tetopsplit::TetOpSplitP::getBatchTriSpecCountsNP(const steps::index_t*, size_t, const std::string&, double*, size_t) const]: 12680 12697 12791 12925 12961 13002 13035 13038 13053 13063 13079 13122 13132 13140 13142 13244 13256 13261 13268 13364 13396 13401 13410 13413 13476 13481 13504 13547 13605 13684 13700 13726 13766 13788 13811 13838 13849 13891 13913 13980 13982 13993 14023 14025 14035 14038 14049 14064 14072 14106 14122 14142 14145 14200 14280 14282 14310 14313 14345 14364 14373 14376 14432 14454 14456 14473 14516 14524 14566 14580 14612 14615 14621 14643 14651 14660 14670 14702 14707 14717 14744 14748 14750 14752 14769 14777 14788 14797 14817 14818 14840 14857 14865 14869 14873 14875 14901 14936 14949 14968 14987 14997 14999 15027 15030 15055 15060 15072 15096 15109 15113 15120 15135 15153 15162 15164 15181 15182 15189 15193 15195 15210 15219 15226 15243 15246 15254 15258 15263 15284 15360 15371 15373 15377 15399 15418 15428 15436 15439 15442 15445 15452 15459 15473 15475 15493 15512 15524 15537 15542 15546 15569 15570 15577 15588 15611 15618 15624 15634 15647 15653 15657 15681 15690 15725 15739 15743 15750 15754 15761 15767 15774 15783 15804 15808 15821 15829 15844 15867 15873 15881 15886 15902 15905 15911 15917 15921 15923 15933 15938 15947 15972 15973 15975 15989 15994 15999 16001 16009 16011 16013 16016 16027 16028 16031 16039 16047 16058 16077 16081 16087 16094 16096 16097 16098 16099 16102 16115 16139 16147 16152 16155 16158 16172 16174 16176 16189 16192 16216 16220 16225 16226 16241 16253 16254 16256 16258 16264 16269 16296 16314 16321 16322 16331 16337 16347 16350 16352 16357 16362 16377 16386 16393 16397 16398 16403 16409 16419 16427 16429 16440 16444 16447 16450 16452 16462 16481 16505 16530 16535 16540 16544 16548 16556 16558 16562 16567 16576 16598 16620 16622 16623 16627 16630 16631 16643 16647 16649 16651 16656 16660 16661 16670 16677 16680 16690 16697 16699 16702 16706 16710 16713 16721 16741 16743 16762 16771 16776 16779 16787 16788 16791 16792 16794 16796 16800 16805 16814 16817 16824 16826 16828 16829 16831 16832 16850 16851 16858 16861 16868 16870 16872 16877 16878 16880 16882 16886 16889 16891 16893 16894 16915 16948 16972 16975 16992 16997 17002 17007 17021  
 
[2025-11-21 01:43:13,559][WARNING][/build/python-steps-BSmkRk/python-steps-5.0.4/src/steps/mpi/tetopsplit/tetopsplit.cpp:5826][virtual void steps::mpi::tetopsplit::TetOpSplitP::getBatchTriSpecCountsNP(const steps::index_t*, size_t, const std::string&, double*, size_t) const]: The following triangles have not been assigned to a patch, fill in zeros at target positions:
 
[2025-11-21 01:43:13,559][WARNING][/build/python-steps-BSmkRk/python-steps-5.0.4/src/steps/mpi/tetopsplit/tetopsplit.cpp:5829][virtual void steps::mpi::tetopsplit::TetOpSplitP::getBatchTriSpecCountsNP(const steps::index_t*, size_t, const std::string&, double*, size_t) const]: 12680 12697 12791 12925 12961 13002 13035 13038 13053 13063 13079 13122 13132 13140 13142 13244 13256 13261 13268 13364 13396 13401 13410 13413 13476 13481 13504 13547 13605 13684 13700 13726 13766 13788 13811 13838 13849 13891 13913 13980 13982 13993 14023 14025 14035 14038 14049 14064 14072 14106 14122 14142 14145 14200 14280 14282 14310 14313 14345 14364 14373 14376 14432 14454 14456 14473 14516 14524 14566 14580 14612 14615 14621 14643 14651 14660 14670 14702 14707 14717 14744 14748 14750 14752 14769 14777 14788 14797 14817 14818 14840 14857 14865 14869 14873 14875 14901 14936 14949 14968 14987 14997 14999 15027 15030 15055 15060 15072 15096 15109 15113 15120 15135 15153 15162 15164 15181 15182 15189 15193 15195 15210 15219 15226 15243 15246 15254 15258 15263 15284 15360 15371 15373 15377 15399 15418 15428 15436 15439 15442 15445 15452 15459 15473 15475 15493 15512 15524 15537 15542 15546 15569 15570 15577 15588 15611 15618 15624 15634 15647 15653 15657 15681 15690 15725 15739 15743 15750 15754 15761 15767 15774 15783 15804 15808 15821 15829 15844 15867 15873 15881 15886 15902 15905 15911 15917 15921 15923 15933 15938 15947 15972 15973 15975 15989 15994 15999 16001 16009 16011 16013 16016 16027 16028 16031 16039 16047 16058 16077 16081 16087 16094 16096 16097 16098 16099 16102 16115 16139 16147 16152 16155 16158 16172 16174 16176 16189 16192 16216 16220 16225 16226 16241 16253 16254 16256 16258 16264 16269 16296 16314 16321 16322 16331 16337 16347 16350 16352 16357 16362 16377 16386 16393 16397 16398 16403 16409 16419 16427 16429 16440 16444 16447 16450 16452 16462 16481 16505 16530 16535 16540 16544 16548 16556 16558 16562 16567 16576 16598 16620 16622 16623 16627 16630 16631 16643 16647 16649 16651 16656 16660 16661 16670 16677 16680 16690 16697 16699 16702 16706 16710 16713 16721 16741 16743 16762 16771 16776 16779 16787 16788 16791 16792 16794 16796 16800 16805 16814 16817 16824 16826 16828 16829 16831 16832 16850 16851 16858 16861 16868 16870 16872 16877 16878 16880 16882 16886 16889 16891 16893 16894 16915 16948 16972 16975 16992 16997 17002 17007 17021  
 
[2025-11-21 01:43:17,476][WARNING][/build/python-steps-BSmkRk/python-steps-5.0.4/src/steps/mpi/tetopsplit/tetopsplit.cpp:5826][virtual void steps::mpi::tetopsplit::TetOpSplitP::getBatchTriSpecCountsNP(const steps::index_t*, size_t, const std::string&, double*, size_t) const]: The following triangles have not been assigned to a patch, fill in zeros at target positions:
 
[2025-11-21 01:43:17,477][WARNING][/build/python-steps-BSmkRk/python-steps-5.0.4/src/steps/mpi/tetopsplit/tetopsplit.cpp:5829][virtual void steps::mpi::tetopsplit::TetOpSplitP::getBatchTriSpecCountsNP(const steps::index_t*, size_t, const std::string&, double*, size_t) const]: 12680 12697 12791 12925 12961 13002 13035 13038 13053 13063 13079 13122 13132 13140 13142 13244 13256 13261 13268 13364 13396 13401 13410 13413 13476 13481 13504 13547 13605 13684 13700 13726 13766 13788 13811 13838 13849 13891 13913 13980 13982 13993 14023 14025 14035 14038 14049 14064 14072 14106 14122 14142 14145 14200 14280 14282 14310 14313 14345 14364 14373 14376 14432 14454 14456 14473 14516 14524 14566 14580 14612 14615 14621 14643 14651 14660 14670 14702 14707 14717 14744 14748 14750 14752 14769 14777 14788 14797 14817 14818 14840 14857 14865 14869 14873 14875 14901 14936 14949 14968 14987 14997 14999 15027 15030 15055 15060 15072 15096 15109 15113 15120 15135 15153 15162 15164 15181 15182 15189 15193 15195 15210 15219 15226 15243 15246 15254 15258 15263 15284 15360 15371 15373 15377 15399 15418 15428 15436 15439 15442 15445 15452 15459 15473 15475 15493 15512 15524 15537 15542 15546 15569 15570 15577 15588 15611 15618 15624 15634 15647 15653 15657 15681 15690 15725 15739 15743 15750 15754 15761 15767 15774 15783 15804 15808 15821 15829 15844 15867 15873 15881 15886 15902 15905 15911 15917 15921 15923 15933 15938 15947 15972 15973 15975 15989 15994 15999 16001 16009 16011 16013 16016 16027 16028 16031 16039 16047 16058 16077 16081 16087 16094 16096 16097 16098 16099 16102 16115 16139 16147 16152 16155 16158 16172 16174 16176 16189 16192 16216 16220 16225 16226 16241 16253 16254 16256 16258 16264 16269 16296 16314 16321 16322 16331 16337 16347 16350 16352 16357 16362 16377 16386 16393 16397 16398 16403 16409 16419 16427 16429 16440 16444 16447 16450 16452 16462 16481 16505 16530 16535 16540 16544 16548 16556 16558 16562 16567 16576 16598 16620 16622 16623 16627 16630 16631 16643 16647 16649 16651 16656 16660 16661 16670 16677 16680 16690 16697 16699 16702 16706 16710 16713 16721 16741 16743 16762 16771 16776 16779 16787 16788 16791 16792 16794 16796 16800 16805 16814 16817 16824 16826 16828 16829 16831 16832 16850 16851 16858 16861 16868 16870 16872 16877 16878 16880 16882 16886 16889 16891 16893 16894 16915 16948 16972 16975 16992 16997 17002 17007 17021  
 
[2025-11-21 01:43:17,477][WARNING][/build/python-steps-BSmkRk/python-steps-5.0.4/src/steps/mpi/tetopsplit/tetopsplit.cpp:5826][virtual void steps::mpi::tetopsplit::TetOpSplitP::getBatchTriSpecCountsNP(const steps::index_t*, size_t, const std::string&, double*, size_t) const]: The following triangles have not been assigned to a patch, fill in zeros at target positions:
 
[2025-11-21 01:43:17,477][WARNING][/build/python-steps-BSmkRk/python-steps-5.0.4/src/steps/mpi/tetopsplit/tetopsplit.cpp:5829][virtual void steps::mpi::tetopsplit::TetOpSplitP::getBatchTriSpecCountsNP(const steps::index_t*, size_t, const std::string&, double*, size_t) const]: 12680 12697 12791 12925 12961 13002 13035 13038 13053 13063 13079 13122 13132 13140 13142 13244 13256 13261 13268 13364 13396 13401 13410 13413 13476 13481 13504 13547 13605 13684 13700 13726 13766 13788 13811 13838 13849 13891 13913 13980 13982 13993 14023 14025 14035 14038 14049 14064 14072 14106 14122 14142 14145 14200 14280 14282 14310 14313 14345 14364 14373 14376 14432 14454 14456 14473 14516 14524 14566 14580 14612 14615 14621 14643 14651 14660 14670 14702 14707 14717 14744 14748 14750 14752 14769 14777 14788 14797 14817 14818 14840 14857 14865 14869 14873 14875 14901 14936 14949 14968 14987 14997 14999 15027 15030 15055 15060 15072 15096 15109 15113 15120 15135 15153 15162 15164 15181 15182 15189 15193 15195 15210 15219 15226 15243 15246 15254 15258 15263 15284 15360 15371 15373 15377 15399 15418 15428 15436 15439 15442 15445 15452 15459 15473 15475 15493 15512 15524 15537 15542 15546 15569 15570 15577 15588 15611 15618 15624 15634 15647 15653 15657 15681 15690 15725 15739 15743 15750 15754 15761 15767 15774 15783 15804 15808 15821 15829 15844 15867 15873 15881 15886 15902 15905 15911 15917 15921 15923 15933 15938 15947 15972 15973 15975 15989 15994 15999 16001 16009 16011 16013 16016 16027 16028 16031 16039 16047 16058 16077 16081 16087 16094 16096 16097 16098 16099 16102 16115 16139 16147 16152 16155 16158 16172 16174 16176 16189 16192 16216 16220 16225 16226 16241 16253 16254 16256 16258 16264 16269 16296 16314 16321 16322 16331 16337 16347 16350 16352 16357 16362 16377 16386 16393 16397 16398 16403 16409 16419 16427 16429 16440 16444 16447 16450 16452 16462 16481 16505 16530 16535 16540 16544 16548 16556 16558 16562 16567 16576 16598 16620 16622 16623 16627 16630 16631 16643 16647 16649 16651 16656 16660 16661 16670 16677 16680 16690 16697 16699 16702 16706 16710 16713 16721 16741 16743 16762 16771 16776 16779 16787 16788 16791 16792 16794 16796 16800 16805 16814 16817 16824 16826 16828 16829 16831 16832 16850 16851 16858 16861 16868 16870 16872 16877 16878 16880 16882 16886 16889 16891 16893 16894 16915 16948 16972 16975 16992 16997 17002 17007 17021  
 
[2025-11-21 01:43:17,478][WARNING][/build/python-steps-BSmkRk/python-steps-5.0.4/src/steps/mpi/tetopsplit/tetopsplit.cpp:5826][virtual void steps::mpi::tetopsplit::TetOpSplitP::getBatchTriSpecCountsNP(const steps::index_t*, size_t, const std::string&, double*, size_t) const]: The following triangles have not been assigned to a patch, fill in zeros at target positions:
 
[2025-11-21 01:43:17,478][WARNING][/build/python-steps-BSmkRk/python-steps-5.0.4/src/steps/mpi/tetopsplit/tetopsplit.cpp:5829][virtual void steps::mpi::tetopsplit::TetOpSplitP::getBatchTriSpecCountsNP(const steps::index_t*, size_t, const std::string&, double*, size_t) const]: 12680 12697 12791 12925 12961 13002 13035 13038 13053 13063 13079 13122 13132 13140 13142 13244 13256 13261 13268 13364 13396 13401 13410 13413 13476 13481 13504 13547 13605 13684 13700 13726 13766 13788 13811 13838 13849 13891 13913 13980 13982 13993 14023 14025 14035 14038 14049 14064 14072 14106 14122 14142 14145 14200 14280 14282 14310 14313 14345 14364 14373 14376 14432 14454 14456 14473 14516 14524 14566 14580 14612 14615 14621 14643 14651 14660 14670 14702 14707 14717 14744 14748 14750 14752 14769 14777 14788 14797 14817 14818 14840 14857 14865 14869 14873 14875 14901 14936 14949 14968 14987 14997 14999 15027 15030 15055 15060 15072 15096 15109 15113 15120 15135 15153 15162 15164 15181 15182 15189 15193 15195 15210 15219 15226 15243 15246 15254 15258 15263 15284 15360 15371 15373 15377 15399 15418 15428 15436 15439 15442 15445 15452 15459 15473 15475 15493 15512 15524 15537 15542 15546 15569 15570 15577 15588 15611 15618 15624 15634 15647 15653 15657 15681 15690 15725 15739 15743 15750 15754 15761 15767 15774 15783 15804 15808 15821 15829 15844 15867 15873 15881 15886 15902 15905 15911 15917 15921 15923 15933 15938 15947 15972 15973 15975 15989 15994 15999 16001 16009 16011 16013 16016 16027 16028 16031 16039 16047 16058 16077 16081 16087 16094 16096 16097 16098 16099 16102 16115 16139 16147 16152 16155 16158 16172 16174 16176 16189 16192 16216 16220 16225 16226 16241 16253 16254 16256 16258 16264 16269 16296 16314 16321 16322 16331 16337 16347 16350 16352 16357 16362 16377 16386 16393 16397 16398 16403 16409 16419 16427 16429 16440 16444 16447 16450 16452 16462 16481 16505 16530 16535 16540 16544 16548 16556 16558 16562 16567 16576 16598 16620 16622 16623 16627 16630 16631 16643 16647 16649 16651 16656 16660 16661 16670 16677 16680 16690 16697 16699 16702 16706 16710 16713 16721 16741 16743 16762 16771 16776 16779 16787 16788 16791 16792 16794 16796 16800 16805 16814 16817 16824 16826 16828 16829 16831 16832 16850 16851 16858 16861 16868 16870 16872 16877 16878 16880 16882 16886 16889 16891 16893 16894 16915 16948 16972 16975 16992 16997 17002 17007 17021  
 
[2025-11-21 01:43:17,478][WARNING][/build/python-steps-BSmkRk/python-steps-5.0.4/src/steps/mpi/tetopsplit/tetopsplit.cpp:5826][virtual void steps::mpi::tetopsplit::TetOpSplitP::getBatchTriSpecCountsNP(const steps::index_t*, size_t, const std::string&, double*, size_t) const]: The following triangles have not been assigned to a patch, fill in zeros at target positions:
 
[2025-11-21 01:43:17,478][WARNING][/build/python-steps-BSmkRk/python-steps-5.0.4/src/steps/mpi/tetopsplit/tetopsplit.cpp:5829][virtual void steps::mpi::tetopsplit::TetOpSplitP::getBatchTriSpecCountsNP(const steps::index_t*, size_t, const std::string&, double*, size_t) const]: 12680 12697 12791 12925 12961 13002 13035 13038 13053 13063 13079 13122 13132 13140 13142 13244 13256 13261 13268 13364 13396 13401 13410 13413 13476 13481 13504 13547 13605 13684 13700 13726 13766 13788 13811 13838 13849 13891 13913 13980 13982 13993 14023 14025 14035 14038 14049 14064 14072 14106 14122 14142 14145 14200 14280 14282 14310 14313 14345 14364 14373 14376 14432 14454 14456 14473 14516 14524 14566 14580 14612 14615 14621 14643 14651 14660 14670 14702 14707 14717 14744 14748 14750 14752 14769 14777 14788 14797 14817 14818 14840 14857 14865 14869 14873 14875 14901 14936 14949 14968 14987 14997 14999 15027 15030 15055 15060 15072 15096 15109 15113 15120 15135 15153 15162 15164 15181 15182 15189 15193 15195 15210 15219 15226 15243 15246 15254 15258 15263 15284 15360 15371 15373 15377 15399 15418 15428 15436 15439 15442 15445 15452 15459 15473 15475 15493 15512 15524 15537 15542 15546 15569 15570 15577 15588 15611 15618 15624 15634 15647 15653 15657 15681 15690 15725 15739 15743 15750 15754 15761 15767 15774 15783 15804 15808 15821 15829 15844 15867 15873 15881 15886 15902 15905 15911 15917 15921 15923 15933 15938 15947 15972 15973 15975 15989 15994 15999 16001 16009 16011 16013 16016 16027 16028 16031 16039 16047 16058 16077 16081 16087 16094 16096 16097 16098 16099 16102 16115 16139 16147 16152 16155 16158 16172 16174 16176 16189 16192 16216 16220 16225 16226 16241 16253 16254 16256 16258 16264 16269 16296 16314 16321 16322 16331 16337 16347 16350 16352 16357 16362 16377 16386 16393 16397 16398 16403 16409 16419 16427 16429 16440 16444 16447 16450 16452 16462 16481 16505 16530 16535 16540 16544 16548 16556 16558 16562 16567 16576 16598 16620 16622 16623 16627 16630 16631 16643 16647 16649 16651 16656 16660 16661 16670 16677 16680 16690 16697 16699 16702 16706 16710 16713 16721 16741 16743 16762 16771 16776 16779 16787 16788 16791 16792 16794 16796 16800 16805 16814 16817 16824 16826 16828 16829 16831 16832 16850 16851 16858 16861 16868 16870 16872 16877 16878 16880 16882 16886 16889 16891 16893 16894 16915 16948 16972 16975 16992 16997 17002 17007 17021  
 
[2025-11-21 01:43:21,416][WARNING][/build/python-steps-BSmkRk/python-steps-5.0.4/src/steps/mpi/tetopsplit/tetopsplit.cpp:5826][virtual void steps::mpi::tetopsplit::TetOpSplitP::getBatchTriSpecCountsNP(const steps::index_t*, size_t, const std::string&, double*, size_t) const]: The following triangles have not been assigned to a patch, fill in zeros at target positions:
 
[2025-11-21 01:43:21,416][WARNING][/build/python-steps-BSmkRk/python-steps-5.0.4/src/steps/mpi/tetopsplit/tetopsplit.cpp:5829][virtual void steps::mpi::tetopsplit::TetOpSplitP::getBatchTriSpecCountsNP(const steps::index_t*, size_t, const std::string&, double*, size_t) const]: 12680 12697 12791 12925 12961 13002 13035 13038 13053 13063 13079 13122 13132 13140 13142 13244 13256 13261 13268 13364 13396 13401 13410 13413 13476 13481 13504 13547 13605 13684 13700 13726 13766 13788 13811 13838 13849 13891 13913 13980 13982 13993 14023 14025 14035 14038 14049 14064 14072 14106 14122 14142 14145 14200 14280 14282 14310 14313 14345 14364 14373 14376 14432 14454 14456 14473 14516 14524 14566 14580 14612 14615 14621 14643 14651 14660 14670 14702 14707 14717 14744 14748 14750 14752 14769 14777 14788 14797 14817 14818 14840 14857 14865 14869 14873 14875 14901 14936 14949 14968 14987 14997 14999 15027 15030 15055 15060 15072 15096 15109 15113 15120 15135 15153 15162 15164 15181 15182 15189 15193 15195 15210 15219 15226 15243 15246 15254 15258 15263 15284 15360 15371 15373 15377 15399 15418 15428 15436 15439 15442 15445 15452 15459 15473 15475 15493 15512 15524 15537 15542 15546 15569 15570 15577 15588 15611 15618 15624 15634 15647 15653 15657 15681 15690 15725 15739 15743 15750 15754 15761 15767 15774 15783 15804 15808 15821 15829 15844 15867 15873 15881 15886 15902 15905 15911 15917 15921 15923 15933 15938 15947 15972 15973 15975 15989 15994 15999 16001 16009 16011 16013 16016 16027 16028 16031 16039 16047 16058 16077 16081 16087 16094 16096 16097 16098 16099 16102 16115 16139 16147 16152 16155 16158 16172 16174 16176 16189 16192 16216 16220 16225 16226 16241 16253 16254 16256 16258 16264 16269 16296 16314 16321 16322 16331 16337 16347 16350 16352 16357 16362 16377 16386 16393 16397 16398 16403 16409 16419 16427 16429 16440 16444 16447 16450 16452 16462 16481 16505 16530 16535 16540 16544 16548 16556 16558 16562 16567 16576 16598 16620 16622 16623 16627 16630 16631 16643 16647 16649 16651 16656 16660 16661 16670 16677 16680 16690 16697 16699 16702 16706 16710 16713 16721 16741 16743 16762 16771 16776 16779 16787 16788 16791 16792 16794 16796 16800 16805 16814 16817 16824 16826 16828 16829 16831 16832 16850 16851 16858 16861 16868 16870 16872 16877 16878 16880 16882 16886 16889 16891 16893 16894 16915 16948 16972 16975 16992 16997 17002 17007 17021  
 
[2025-11-21 01:43:21,417][WARNING][/build/python-steps-BSmkRk/python-steps-5.0.4/src/steps/mpi/tetopsplit/tetopsplit.cpp:5826][virtual void steps::mpi::tetopsplit::TetOpSplitP::getBatchTriSpecCountsNP(const steps::index_t*, size_t, const std::string&, double*, size_t) const]: The following triangles have not been assigned to a patch, fill in zeros at target positions:
 
[2025-11-21 01:43:21,417][WARNING][/build/python-steps-BSmkRk/python-steps-5.0.4/src/steps/mpi/tetopsplit/tetopsplit.cpp:5829][virtual void steps::mpi::tetopsplit::TetOpSplitP::getBatchTriSpecCountsNP(const steps::index_t*, size_t, const std::string&, double*, size_t) const]: 12680 12697 12791 12925 12961 13002 13035 13038 13053 13063 13079 13122 13132 13140 13142 13244 13256 13261 13268 13364 13396 13401 13410 13413 13476 13481 13504 13547 13605 13684 13700 13726 13766 13788 13811 13838 13849 13891 13913 13980 13982 13993 14023 14025 14035 14038 14049 14064 14072 14106 14122 14142 14145 14200 14280 14282 14310 14313 14345 14364 14373 14376 14432 14454 14456 14473 14516 14524 14566 14580 14612 14615 14621 14643 14651 14660 14670 14702 14707 14717 14744 14748 14750 14752 14769 14777 14788 14797 14817 14818 14840 14857 14865 14869 14873 14875 14901 14936 14949 14968 14987 14997 14999 15027 15030 15055 15060 15072 15096 15109 15113 15120 15135 15153 15162 15164 15181 15182 15189 15193 15195 15210 15219 15226 15243 15246 15254 15258 15263 15284 15360 15371 15373 15377 15399 15418 15428 15436 15439 15442 15445 15452 15459 15473 15475 15493 15512 15524 15537 15542 15546 15569 15570 15577 15588 15611 15618 15624 15634 15647 15653 15657 15681 15690 15725 15739 15743 15750 15754 15761 15767 15774 15783 15804 15808 15821 15829 15844 15867 15873 15881 15886 15902 15905 15911 15917 15921 15923 15933 15938 15947 15972 15973 15975 15989 15994 15999 16001 16009 16011 16013 16016 16027 16028 16031 16039 16047 16058 16077 16081 16087 16094 16096 16097 16098 16099 16102 16115 16139 16147 16152 16155 16158 16172 16174 16176 16189 16192 16216 16220 16225 16226 16241 16253 16254 16256 16258 16264 16269 16296 16314 16321 16322 16331 16337 16347 16350 16352 16357 16362 16377 16386 16393 16397 16398 16403 16409 16419 16427 16429 16440 16444 16447 16450 16452 16462 16481 16505 16530 16535 16540 16544 16548 16556 16558 16562 16567 16576 16598 16620 16622 16623 16627 16630 16631 16643 16647 16649 16651 16656 16660 16661 16670 16677 16680 16690 16697 16699 16702 16706 16710 16713 16721 16741 16743 16762 16771 16776 16779 16787 16788 16791 16792 16794 16796 16800 16805 16814 16817 16824 16826 16828 16829 16831 16832 16850 16851 16858 16861 16868 16870 16872 16877 16878 16880 16882 16886 16889 16891 16893 16894 16915 16948 16972 16975 16992 16997 17002 17007 17021  
 
[2025-11-21 01:43:21,418][WARNING][/build/python-steps-BSmkRk/python-steps-5.0.4/src/steps/mpi/tetopsplit/tetopsplit.cpp:5826][virtual void steps::mpi::tetopsplit::TetOpSplitP::getBatchTriSpecCountsNP(const steps::index_t*, size_t, const std::string&, double*, size_t) const]: The following triangles have not been assigned to a patch, fill in zeros at target positions:
 
[2025-11-21 01:43:21,418][WARNING][/build/python-steps-BSmkRk/python-steps-5.0.4/src/steps/mpi/tetopsplit/tetopsplit.cpp:5829][virtual void steps::mpi::tetopsplit::TetOpSplitP::getBatchTriSpecCountsNP(const steps::index_t*, size_t, const std::string&, double*, size_t) const]: 12680 12697 12791 12925 12961 13002 13035 13038 13053 13063 13079 13122 13132 13140 13142 13244 13256 13261 13268 13364 13396 13401 13410 13413 13476 13481 13504 13547 13605 13684 13700 13726 13766 13788 13811 13838 13849 13891 13913 13980 13982 13993 14023 14025 14035 14038 14049 14064 14072 14106 14122 14142 14145 14200 14280 14282 14310 14313 14345 14364 14373 14376 14432 14454 14456 14473 14516 14524 14566 14580 14612 14615 14621 14643 14651 14660 14670 14702 14707 14717 14744 14748 14750 14752 14769 14777 14788 14797 14817 14818 14840 14857 14865 14869 14873 14875 14901 14936 14949 14968 14987 14997 14999 15027 15030 15055 15060 15072 15096 15109 15113 15120 15135 15153 15162 15164 15181 15182 15189 15193 15195 15210 15219 15226 15243 15246 15254 15258 15263 15284 15360 15371 15373 15377 15399 15418 15428 15436 15439 15442 15445 15452 15459 15473 15475 15493 15512 15524 15537 15542 15546 15569 15570 15577 15588 15611 15618 15624 15634 15647 15653 15657 15681 15690 15725 15739 15743 15750 15754 15761 15767 15774 15783 15804 15808 15821 15829 15844 15867 15873 15881 15886 15902 15905 15911 15917 15921 15923 15933 15938 15947 15972 15973 15975 15989 15994 15999 16001 16009 16011 16013 16016 16027 16028 16031 16039 16047 16058 16077 16081 16087 16094 16096 16097 16098 16099 16102 16115 16139 16147 16152 16155 16158 16172 16174 16176 16189 16192 16216 16220 16225 16226 16241 16253 16254 16256 16258 16264 16269 16296 16314 16321 16322 16331 16337 16347 16350 16352 16357 16362 16377 16386 16393 16397 16398 16403 16409 16419 16427 16429 16440 16444 16447 16450 16452 16462 16481 16505 16530 16535 16540 16544 16548 16556 16558 16562 16567 16576 16598 16620 16622 16623 16627 16630 16631 16643 16647 16649 16651 16656 16660 16661 16670 16677 16680 16690 16697 16699 16702 16706 16710 16713 16721 16741 16743 16762 16771 16776 16779 16787 16788 16791 16792 16794 16796 16800 16805 16814 16817 16824 16826 16828 16829 16831 16832 16850 16851 16858 16861 16868 16870 16872 16877 16878 16880 16882 16886 16889 16891 16893 16894 16915 16948 16972 16975 16992 16997 17002 17007 17021  
 
[2025-11-21 01:43:21,419][WARNING][/build/python-steps-BSmkRk/python-steps-5.0.4/src/steps/mpi/tetopsplit/tetopsplit.cpp:5826][virtual void steps::mpi::tetopsplit::TetOpSplitP::getBatchTriSpecCountsNP(const steps::index_t*, size_t, const std::string&, double*, size_t) const]: The following triangles have not been assigned to a patch, fill in zeros at target positions:
 
[2025-11-21 01:43:21,419][WARNING][/build/python-steps-BSmkRk/python-steps-5.0.4/src/steps/mpi/tetopsplit/tetopsplit.cpp:5829][virtual void steps::mpi::tetopsplit::TetOpSplitP::getBatchTriSpecCountsNP(const steps::index_t*, size_t, const std::string&, double*, size_t) const]: 12680 12697 12791 12925 12961 13002 13035 13038 13053 13063 13079 13122 13132 13140 13142 13244 13256 13261 13268 13364 13396 13401 13410 13413 13476 13481 13504 13547 13605 13684 13700 13726 13766 13788 13811 13838 13849 13891 13913 13980 13982 13993 14023 14025 14035 14038 14049 14064 14072 14106 14122 14142 14145 14200 14280 14282 14310 14313 14345 14364 14373 14376 14432 14454 14456 14473 14516 14524 14566 14580 14612 14615 14621 14643 14651 14660 14670 14702 14707 14717 14744 14748 14750 14752 14769 14777 14788 14797 14817 14818 14840 14857 14865 14869 14873 14875 14901 14936 14949 14968 14987 14997 14999 15027 15030 15055 15060 15072 15096 15109 15113 15120 15135 15153 15162 15164 15181 15182 15189 15193 15195 15210 15219 15226 15243 15246 15254 15258 15263 15284 15360 15371 15373 15377 15399 15418 15428 15436 15439 15442 15445 15452 15459 15473 15475 15493 15512 15524 15537 15542 15546 15569 15570 15577 15588 15611 15618 15624 15634 15647 15653 15657 15681 15690 15725 15739 15743 15750 15754 15761 15767 15774 15783 15804 15808 15821 15829 15844 15867 15873 15881 15886 15902 15905 15911 15917 15921 15923 15933 15938 15947 15972 15973 15975 15989 15994 15999 16001 16009 16011 16013 16016 16027 16028 16031 16039 16047 16058 16077 16081 16087 16094 16096 16097 16098 16099 16102 16115 16139 16147 16152 16155 16158 16172 16174 16176 16189 16192 16216 16220 16225 16226 16241 16253 16254 16256 16258 16264 16269 16296 16314 16321 16322 16331 16337 16347 16350 16352 16357 16362 16377 16386 16393 16397 16398 16403 16409 16419 16427 16429 16440 16444 16447 16450 16452 16462 16481 16505 16530 16535 16540 16544 16548 16556 16558 16562 16567 16576 16598 16620 16622 16623 16627 16630 16631 16643 16647 16649 16651 16656 16660 16661 16670 16677 16680 16690 16697 16699 16702 16706 16710 16713 16721 16741 16743 16762 16771 16776 16779 16787 16788 16791 16792 16794 16796 16800 16805 16814 16817 16824 16826 16828 16829 16831 16832 16850 16851 16858 16861 16868 16870 16872 16877 16878 16880 16882 16886 16889 16891 16893 16894 16915 16948 16972 16975 16992 16997 17002 17007 17021  
 
[2025-11-21 01:43:25,373][WARNING][/build/python-steps-BSmkRk/python-steps-5.0.4/src/steps/mpi/tetopsplit/tetopsplit.cpp:5826][virtual void steps::mpi::tetopsplit::TetOpSplitP::getBatchTriSpecCountsNP(const steps::index_t*, size_t, const std::string&, double*, size_t) const]: The following triangles have not been assigned to a patch, fill in zeros at target positions:
 
[2025-11-21 01:43:25,374][WARNING][/build/python-steps-BSmkRk/python-steps-5.0.4/src/steps/mpi/tetopsplit/tetopsplit.cpp:5829][virtual void steps::mpi::tetopsplit::TetOpSplitP::getBatchTriSpecCountsNP(const steps::index_t*, size_t, const std::string&, double*, size_t) const]: 12680 12697 12791 12925 12961 13002 13035 13038 13053 13063 13079 13122 13132 13140 13142 13244 13256 13261 13268 13364 13396 13401 13410 13413 13476 13481 13504 13547 13605 13684 13700 13726 13766 13788 13811 13838 13849 13891 13913 13980 13982 13993 14023 14025 14035 14038 14049 14064 14072 14106 14122 14142 14145 14200 14280 14282 14310 14313 14345 14364 14373 14376 14432 14454 14456 14473 14516 14524 14566 14580 14612 14615 14621 14643 14651 14660 14670 14702 14707 14717 14744 14748 14750 14752 14769 14777 14788 14797 14817 14818 14840 14857 14865 14869 14873 14875 14901 14936 14949 14968 14987 14997 14999 15027 15030 15055 15060 15072 15096 15109 15113 15120 15135 15153 15162 15164 15181 15182 15189 15193 15195 15210 15219 15226 15243 15246 15254 15258 15263 15284 15360 15371 15373 15377 15399 15418 15428 15436 15439 15442 15445 15452 15459 15473 15475 15493 15512 15524 15537 15542 15546 15569 15570 15577 15588 15611 15618 15624 15634 15647 15653 15657 15681 15690 15725 15739 15743 15750 15754 15761 15767 15774 15783 15804 15808 15821 15829 15844 15867 15873 15881 15886 15902 15905 15911 15917 15921 15923 15933 15938 15947 15972 15973 15975 15989 15994 15999 16001 16009 16011 16013 16016 16027 16028 16031 16039 16047 16058 16077 16081 16087 16094 16096 16097 16098 16099 16102 16115 16139 16147 16152 16155 16158 16172 16174 16176 16189 16192 16216 16220 16225 16226 16241 16253 16254 16256 16258 16264 16269 16296 16314 16321 16322 16331 16337 16347 16350 16352 16357 16362 16377 16386 16393 16397 16398 16403 16409 16419 16427 16429 16440 16444 16447 16450 16452 16462 16481 16505 16530 16535 16540 16544 16548 16556 16558 16562 16567 16576 16598 16620 16622 16623 16627 16630 16631 16643 16647 16649 16651 16656 16660 16661 16670 16677 16680 16690 16697 16699 16702 16706 16710 16713 16721 16741 16743 16762 16771 16776 16779 16787 16788 16791 16792 16794 16796 16800 16805 16814 16817 16824 16826 16828 16829 16831 16832 16850 16851 16858 16861 16868 16870 16872 16877 16878 16880 16882 16886 16889 16891 16893 16894 16915 16948 16972 16975 16992 16997 17002 17007 17021  
 
[2025-11-21 01:43:25,374][WARNING][/build/python-steps-BSmkRk/python-steps-5.0.4/src/steps/mpi/tetopsplit/tetopsplit.cpp:5826][virtual void steps::mpi::tetopsplit::TetOpSplitP::getBatchTriSpecCountsNP(const steps::index_t*, size_t, const std::string&, double*, size_t) const]: The following triangles have not been assigned to a patch, fill in zeros at target positions:
 
[2025-11-21 01:43:25,374][WARNING][/build/python-steps-BSmkRk/python-steps-5.0.4/src/steps/mpi/tetopsplit/tetopsplit.cpp:5829][virtual void steps::mpi::tetopsplit::TetOpSplitP::getBatchTriSpecCountsNP(const steps::index_t*, size_t, const std::string&, double*, size_t) const]: 12680 12697 12791 12925 12961 13002 13035 13038 13053 13063 13079 13122 13132 13140 13142 13244 13256 13261 13268 13364 13396 13401 13410 13413 13476 13481 13504 13547 13605 13684 13700 13726 13766 13788 13811 13838 13849 13891 13913 13980 13982 13993 14023 14025 14035 14038 14049 14064 14072 14106 14122 14142 14145 14200 14280 14282 14310 14313 14345 14364 14373 14376 14432 14454 14456 14473 14516 14524 14566 14580 14612 14615 14621 14643 14651 14660 14670 14702 14707 14717 14744 14748 14750 14752 14769 14777 14788 14797 14817 14818 14840 14857 14865 14869 14873 14875 14901 14936 14949 14968 14987 14997 14999 15027 15030 15055 15060 15072 15096 15109 15113 15120 15135 15153 15162 15164 15181 15182 15189 15193 15195 15210 15219 15226 15243 15246 15254 15258 15263 15284 15360 15371 15373 15377 15399 15418 15428 15436 15439 15442 15445 15452 15459 15473 15475 15493 15512 15524 15537 15542 15546 15569 15570 15577 15588 15611 15618 15624 15634 15647 15653 15657 15681 15690 15725 15739 15743 15750 15754 15761 15767 15774 15783 15804 15808 15821 15829 15844 15867 15873 15881 15886 15902 15905 15911 15917 15921 15923 15933 15938 15947 15972 15973 15975 15989 15994 15999 16001 16009 16011 16013 16016 16027 16028 16031 16039 16047 16058 16077 16081 16087 16094 16096 16097 16098 16099 16102 16115 16139 16147 16152 16155 16158 16172 16174 16176 16189 16192 16216 16220 16225 16226 16241 16253 16254 16256 16258 16264 16269 16296 16314 16321 16322 16331 16337 16347 16350 16352 16357 16362 16377 16386 16393 16397 16398 16403 16409 16419 16427 16429 16440 16444 16447 16450 16452 16462 16481 16505 16530 16535 16540 16544 16548 16556 16558 16562 16567 16576 16598 16620 16622 16623 16627 16630 16631 16643 16647 16649 16651 16656 16660 16661 16670 16677 16680 16690 16697 16699 16702 16706 16710 16713 16721 16741 16743 16762 16771 16776 16779 16787 16788 16791 16792 16794 16796 16800 16805 16814 16817 16824 16826 16828 16829 16831 16832 16850 16851 16858 16861 16868 16870 16872 16877 16878 16880 16882 16886 16889 16891 16893 16894 16915 16948 16972 16975 16992 16997 17002 17007 17021  
 
[2025-11-21 01:43:25,375][WARNING][/build/python-steps-BSmkRk/python-steps-5.0.4/src/steps/mpi/tetopsplit/tetopsplit.cpp:5826][virtual void steps::mpi::tetopsplit::TetOpSplitP::getBatchTriSpecCountsNP(const steps::index_t*, size_t, const std::string&, double*, size_t) const]: The following triangles have not been assigned to a patch, fill in zeros at target positions:
 
[2025-11-21 01:43:25,375][WARNING][/build/python-steps-BSmkRk/python-steps-5.0.4/src/steps/mpi/tetopsplit/tetopsplit.cpp:5829][virtual void steps::mpi::tetopsplit::TetOpSplitP::getBatchTriSpecCountsNP(const steps::index_t*, size_t, const std::string&, double*, size_t) const]: 12680 12697 12791 12925 12961 13002 13035 13038 13053 13063 13079 13122 13132 13140 13142 13244 13256 13261 13268 13364 13396 13401 13410 13413 13476 13481 13504 13547 13605 13684 13700 13726 13766 13788 13811 13838 13849 13891 13913 13980 13982 13993 14023 14025 14035 14038 14049 14064 14072 14106 14122 14142 14145 14200 14280 14282 14310 14313 14345 14364 14373 14376 14432 14454 14456 14473 14516 14524 14566 14580 14612 14615 14621 14643 14651 14660 14670 14702 14707 14717 14744 14748 14750 14752 14769 14777 14788 14797 14817 14818 14840 14857 14865 14869 14873 14875 14901 14936 14949 14968 14987 14997 14999 15027 15030 15055 15060 15072 15096 15109 15113 15120 15135 15153 15162 15164 15181 15182 15189 15193 15195 15210 15219 15226 15243 15246 15254 15258 15263 15284 15360 15371 15373 15377 15399 15418 15428 15436 15439 15442 15445 15452 15459 15473 15475 15493 15512 15524 15537 15542 15546 15569 15570 15577 15588 15611 15618 15624 15634 15647 15653 15657 15681 15690 15725 15739 15743 15750 15754 15761 15767 15774 15783 15804 15808 15821 15829 15844 15867 15873 15881 15886 15902 15905 15911 15917 15921 15923 15933 15938 15947 15972 15973 15975 15989 15994 15999 16001 16009 16011 16013 16016 16027 16028 16031 16039 16047 16058 16077 16081 16087 16094 16096 16097 16098 16099 16102 16115 16139 16147 16152 16155 16158 16172 16174 16176 16189 16192 16216 16220 16225 16226 16241 16253 16254 16256 16258 16264 16269 16296 16314 16321 16322 16331 16337 16347 16350 16352 16357 16362 16377 16386 16393 16397 16398 16403 16409 16419 16427 16429 16440 16444 16447 16450 16452 16462 16481 16505 16530 16535 16540 16544 16548 16556 16558 16562 16567 16576 16598 16620 16622 16623 16627 16630 16631 16643 16647 16649 16651 16656 16660 16661 16670 16677 16680 16690 16697 16699 16702 16706 16710 16713 16721 16741 16743 16762 16771 16776 16779 16787 16788 16791 16792 16794 16796 16800 16805 16814 16817 16824 16826 16828 16829 16831 16832 16850 16851 16858 16861 16868 16870 16872 16877 16878 16880 16882 16886 16889 16891 16893 16894 16915 16948 16972 16975 16992 16997 17002 17007 17021  
 
[2025-11-21 01:43:25,376][WARNING][/build/python-steps-BSmkRk/python-steps-5.0.4/src/steps/mpi/tetopsplit/tetopsplit.cpp:5826][virtual void steps::mpi::tetopsplit::TetOpSplitP::getBatchTriSpecCountsNP(const steps::index_t*, size_t, const std::string&, double*, size_t) const]: The following triangles have not been assigned to a patch, fill in zeros at target positions:
 
[2025-11-21 01:43:25,376][WARNING][/build/python-steps-BSmkRk/python-steps-5.0.4/src/steps/mpi/tetopsplit/tetopsplit.cpp:5829][virtual void steps::mpi::tetopsplit::TetOpSplitP::getBatchTriSpecCountsNP(const steps::index_t*, size_t, const std::string&, double*, size_t) const]: 12680 12697 12791 12925 12961 13002 13035 13038 13053 13063 13079 13122 13132 13140 13142 13244 13256 13261 13268 13364 13396 13401 13410 13413 13476 13481 13504 13547 13605 13684 13700 13726 13766 13788 13811 13838 13849 13891 13913 13980 13982 13993 14023 14025 14035 14038 14049 14064 14072 14106 14122 14142 14145 14200 14280 14282 14310 14313 14345 14364 14373 14376 14432 14454 14456 14473 14516 14524 14566 14580 14612 14615 14621 14643 14651 14660 14670 14702 14707 14717 14744 14748 14750 14752 14769 14777 14788 14797 14817 14818 14840 14857 14865 14869 14873 14875 14901 14936 14949 14968 14987 14997 14999 15027 15030 15055 15060 15072 15096 15109 15113 15120 15135 15153 15162 15164 15181 15182 15189 15193 15195 15210 15219 15226 15243 15246 15254 15258 15263 15284 15360 15371 15373 15377 15399 15418 15428 15436 15439 15442 15445 15452 15459 15473 15475 15493 15512 15524 15537 15542 15546 15569 15570 15577 15588 15611 15618 15624 15634 15647 15653 15657 15681 15690 15725 15739 15743 15750 15754 15761 15767 15774 15783 15804 15808 15821 15829 15844 15867 15873 15881 15886 15902 15905 15911 15917 15921 15923 15933 15938 15947 15972 15973 15975 15989 15994 15999 16001 16009 16011 16013 16016 16027 16028 16031 16039 16047 16058 16077 16081 16087 16094 16096 16097 16098 16099 16102 16115 16139 16147 16152 16155 16158 16172 16174 16176 16189 16192 16216 16220 16225 16226 16241 16253 16254 16256 16258 16264 16269 16296 16314 16321 16322 16331 16337 16347 16350 16352 16357 16362 16377 16386 16393 16397 16398 16403 16409 16419 16427 16429 16440 16444 16447 16450 16452 16462 16481 16505 16530 16535 16540 16544 16548 16556 16558 16562 16567 16576 16598 16620 16622 16623 16627 16630 16631 16643 16647 16649 16651 16656 16660 16661 16670 16677 16680 16690 16697 16699 16702 16706 16710 16713 16721 16741 16743 16762 16771 16776 16779 16787 16788 16791 16792 16794 16796 16800 16805 16814 16817 16824 16826 16828 16829 16831 16832 16850 16851 16858 16861 16868 16870 16872 16877 16878 16880 16882 16886 16889 16891 16893 16894 16915 16948 16972 16975 16992 16997 17002 17007 17021  
 
