OFF
3091 6028 0
1.6418848156 40.0017387416 25.1425367704
1.7599964662 40.1689879034 24.8887265675
1.7203848168 39.6265543181 25.0136039793
1.8674376370 39.5612929186 25.3360865506
1.6400296190 40.3691825807 24.9677846356
1.7468531376 40.6061618525 24.5800692108
1.7562314362 40.1821203873 25.1602493980
1.8306955032 40.7108117572 24.7470196850
1.8212466467 50.6324551810 21.8915873862
1.8892565103 50.8658885662 21.6033322146
1.8473728054 50.3645394245 21.7475422470
2.0275443742 50.4031990122 22.1039111750
2.0000971525 50.8454268957 21.9829779132
2.1717324613 34.7589393131 21.4204286494
2.2974057760 34.7689559890 20.4667832441
2.3627680279 34.0466468037 20.7875979750
2.3347177487 33.9655595956 21.6183479806
2.1598212504 34.7496679375 22.3177752289
2.3314380810 34.1483277440 22.4561262122
2.0911833457 35.6823808323 21.1351380661
2.2643557367 35.4757998484 20.2402587389
2.0091096928 35.5944483234 22.2242929957
2.2379570902 34.7250294973 22.9771701885
2.0830658819 35.5257345496 23.2229329752
2.2638924430 35.0728229895 23.5841351269
2.2025163313 36.1621361162 20.4188529302
2.3581145602 36.4621891558 19.8671477693
2.3673090507 35.8420466640 19.7820211895
2.0570002819 36.6939653395 21.1781510992
1.9310388645 36.5748797462 22.1200937809
1.9156050406 36.5121821890 23.1799073761
2.1924357161 35.6741397058 24.0200770736
2.0478018308 36.4802943411 24.2317450650
2.2400803133 36.0384976402 24.6179927737
2.2300393577 36.9120895598 20.4652175708
2.1179523333 37.3635250928 21.0700116495
1.9642009974 37.6590850961 21.9601927290
2.1411040071 38.1052242242 21.1756902801
1.8455331655 37.5260333470 23.0918270832
1.8832269524 37.5044466318 24.1470172432
2.2002848937 36.6278124504 25.0558065066
2.0793367614 37.4588025203 25.1832310374
2.3604051739 36.9671154785 25.7358171955
2.3055024171 37.6580986195 25.9256798578
2.6553734704 37.4316156256 26.3475682140
2.0187787750 38.9502094481 21.9572372067
2.1783953420 38.8859968403 21.0541895250
1.8632390942 38.6490122241 23.0894360043
1.8188799893 38.3984961623 23.9772098667
1.9233679321 38.6765990495 25.0126775140
2.2023279873 38.1876906276 25.7178785563
2.5097726987 38.1009094602 26.1842456004
2.1402289159 39.8934930896 21.1806965482
2.2734440713 39.9028022027 20.2604810721
2.2771920347 39.2496635033 20.4944538953
2.0564311416 39.8996391830 22.0649098237
2.1137582194 40.1369678532 21.6961415105
1.9265382035 39.8343691529 23.0484043073
2.0577132081 40.5181965950 22.4895290618
1.8616688011 39.6795157324 24.3815673367
2.5046457949 38.9223016733 25.8440955254
2.1870832592 39.8451367378 25.3908694227
2.2034277062 40.8138443611 20.3611793079
2.3828521807 41.2043115920 19.4555564566
2.3659352736 40.3059479562 19.6648630553
2.1348162049 40.8589112590 21.0705979215
2.1344682560 40.5775591449 21.5628079876
1.9991832451 40.8799695460 23.2181783926
2.1211322309 41.3803710247 22.5737682317
1.8494606601 40.4640914930 24.0015002070
1.8170599964 40.3175302243 24.6332367182
1.9545657575 40.3962237823 24.9448708298
2.3905203245 40.1785894280 25.0181770764
2.1559744584 40.4325238062 24.7406095218
2.2340446867 41.8466236225 20.0926087125
2.4300485519 42.2350505761 19.4048561866
2.1589822481 41.6322244800 20.8037183113
2.1576160643 41.3780043182 21.4497989459
2.1341066757 41.7383709142 23.1262165229
2.2430225287 42.3445899519 22.5709156097
2.1196712842 41.3847825270 23.9566693743
2.3026111885 41.0209990002 24.5453189119
2.3025936124 42.5866718868 20.0123613728
2.4682984840 43.0299605573 19.6764409816
2.2287829847 42.4699677697 20.5954442138
2.2172941567 42.2702863951 21.2853082160
2.4048382273 42.6292886618 23.2302776415
2.4152716190 43.3150000250 22.6231251386
2.7855438609 42.3376318682 23.7725555756
2.6385112300 41.6579184792 24.1537070089
2.3806958946 43.2158707935 20.3948666888
2.3167837136 43.0293701304 21.0563757664
2.5905555872 43.5567920762 23.0447921762
2.6251061677 44.0323030270 22.7699493874
3.0092106210 43.3922278385 23.4213098684
2.8788988745 44.1090768329 23.0981566894
2.1798469960 48.9526138985 18.2620841235
2.3772075377 49.0383321492 17.4171405030
2.3933550097 48.3023741366 17.5975652876
2.3139042130 48.1270955295 18.3891826984
2.0921560106 48.8804506706 19.1772563323
2.2787025027 48.1092437747 19.3726965284
2.0968336331 48.8041675334 20.0659177900
2.2718681828 48.2150355423 20.1760833702
2.5140219694 48.8352224506 22.4999323691
2.3457273308 48.6753689390 22.0753218025
2.6052106154 48.2243212408 22.4077395738
3.0728356335 48.2934501954 22.9047262779
2.1580182595 49.7546674957 18.1197168142
2.3730616209 49.7892341349 17.4521895398
1.9986466335 49.7462542326 19.0302094151
1.9429923350 49.6073804272 20.0170300468
2.1751257016 48.6448762291 20.7038019920
2.0277641516 49.2925003402 20.8876037344
2.2265814958 48.7196392051 21.4111607923
2.1587760220 49.5711480778 21.9427539898
2.7658264952 49.3262161464 22.7385407985
2.5125832468 50.1114234470 22.5111826991
2.2487714681 50.3699840207 17.9324661224
2.0526355910 50.7490989433 18.8156746928
2.3215436054 51.1688939137 18.0800076075
1.9202727917 50.6162106165 19.9391659708
1.8933503616 50.2817718241 21.0322500248
2.4545459726 50.8413937074 22.3094047524
2.1388344303 51.8913341422 18.9063051134
2.4333640096 52.1025223586 18.2131034304
2.0092116077 51.7255398284 19.8035486913
2.0684717804 51.5477888869 20.9636239713
2.3297219279 51.4268174705 21.8429498581
2.3741992059 51.9743654688 21.5224513813
2.2976938471 52.7549372412 18.8373833290
2.5070026478 52.7098074511 18.3297495083
2.1478132967 52.7520516423 19.6210236907
2.2115907889 52.6661810758 20.4841421753
2.5598181760 52.6308133381 21.2809341805
2.6725776102 53.3316325710 18.4647937218
2.3761621385 53.5477452327 19.3239356342
2.7160457072 54.1302043905 18.9758934411
2.4203564537 53.6651375522 20.1461700486
2.5882494890 53.3799945133 20.8206431851
2.6247486610 54.2929240051 19.6229329754
3.0017631885 54.6755941540 19.1948493100
2.7867402459 54.4035746524 20.1213053665
2.9321783523 54.0788100256 20.6315555836
3.1315104848 54.8126031500 19.6785060175
3.2172498517 29.2872487898 16.9758375825
3.4189989546 29.1179561485 16.1328977447
3.4833049875 28.5742126928 16.4367414926
3.4192623538 28.3811808123 17.2547643938
3.1606936373 29.1462267986 18.0463659846
3.3874303994 28.3381365259 18.2870478750
3.1798057043 29.0972381087 19.0271206192
3.3773646220 28.4543773734 19.1264279742
3.3512154412 29.1589228337 23.3487909980
3.3430604694 28.8816605468 22.4674254982
3.5416289576 28.3418920993 22.9118535559
3.8375968376 28.1509891816 23.9058243631
3.5456808003 29.0913094260 24.1534146173
3.8681303316 28.7996333891 24.6180107626
3.2799706054 29.9001780663 16.2406674384
3.5217091705 30.0245667874 15.5639013664
3.5499417136 29.4304857359 15.6368425422
3.0612441821 30.1943610439 17.0882831707
2.9906347108 30.0465672098 17.9115836292
2.9806026255 29.9701558898 18.9487085008
3.2595180568 28.9529780227 19.7229461163
3.0490682235 29.8273082319 20.0798032735
3.2701312297 29.0555044049 20.5612653676
3.0722369997 29.9119389559 21.3391572225
3.2997407359 29.0073184826 21.6009646441
3.1281151276 29.7890746936 22.4891886698
3.1484490077 30.0469609629 23.3670596108
3.3426338434 29.8421902915 24.0401665569
3.7076181083 29.5459661609 24.7348705508
3.3539836795 30.5642262313 15.9460955429
3.1198364908 30.9705617463 16.7640807444
3.3677511539 31.3592132079 16.0644730783
2.9240904656 30.9799878212 17.8002262772
2.8503899880 30.9396292006 18.8231152856
2.8470766563 30.9181689924 19.9292734900
2.8825622620 30.9093536806 21.1030567410
2.9503549014 30.8396904580 22.2538246517
3.0344434178 30.6550789218 23.0774926527
3.1881195781 30.7928586965 23.9062049198
3.5284066304 30.4376049734 24.6946333804
3.1569044639 32.0273006606 16.8195477668
3.3790948435 32.1484043485 16.2190483084
2.9389590396 31.9726086287 17.7027814843
2.7980261617 31.9081852154 18.7036794697
2.7292157292 31.9252400814 19.7594246969
2.7155254754 31.9953285416 20.9393742899
2.7887002605 31.9660030117 22.1706687667
2.9853333822 31.7709237717 23.4646231813
3.2052962402 31.5487229701 24.2240809407
3.3817990019 31.1587147990 24.5917341839
3.2469587715 32.7228722405 16.7050426813
3.0019468396 33.0906466769 17.5665786658
3.2458253536 33.5583179222 16.8110045638
2.7756567898 32.9262235425 18.6500161709
2.6760371210 32.7301222003 19.5136970901
2.5535556947 33.0830673583 20.6429232056
2.5521853289 33.1969497860 22.0604458140
2.7367390929 33.0682484250 23.3085385656
3.1713847511 32.1383826656 24.4378296788
2.9975662172 33.0393041758 24.5629954807
3.3459113118 32.4650218307 25.2351222683
3.2527607584 33.3368175089 25.7842127357
3.7804550569 32.5153102408 26.3467220308
3.4890018509 33.4475010227 26.6019870529
3.8800570869 33.1817816827 27.1362630422
2.9790327428 34.4234752097 17.6387521309
3.2450516346 34.4176679537 16.7819560929
2.7480467182 34.0452901671 18.6140139527
2.5505946301 33.7960048551 19.7492946938
2.4559558852 34.2273893594 23.3051169518
2.6941437059 34.1827047934 24.3945193835
2.9368724577 34.2390809722 25.4972750468
3.2257720609 34.3068511247 26.5684820725
3.6090961460 33.9315653176 27.2405894897
3.0996961066 35.4021873673 17.1095181118
3.3851152322 35.7488043399 16.2051587412
3.3901272080 34.8525576972 16.3117885676
2.8402193004 35.4678827790 18.0297666044
2.7250006960 35.0142735237 18.5497895998
2.4954809774 35.0060446633 19.4831209992
2.4151740569 35.2314095642 24.3763244605
2.6769512982 35.2496285728 25.3654265882
2.9658213598 35.2873651931 26.3361459526
3.4373647281 34.6320530079 27.3335928010
3.2896761182 35.2767958490 27.1670867290
3.5794646469 35.1443614632 27.7287735616
3.0940800942 36.5780866748 16.9788426784
3.3770113253 36.8430725842 16.1143251817
2.8497702828 36.3916397976 17.9216771877
2.5894698318 36.1054616349 19.0046101305
2.4211452439 36.1016472955 25.2667371634
2.7370411772 36.3678614428 26.2017391465
3.1848003544 36.1870630110 27.0339616783
3.6942059941 35.9927413324 27.7806212795
3.0958789962 37.6700605898 16.8956818860
3.3784239642 37.9355956909 16.0791346959
2.8669973179 37.4736464318 17.7919191030
2.6652976352 37.3054255804 18.7475400504
2.4348113927 37.2752365141 19.7705163253
2.2587480927 37.5893940629 20.5700631614
3.1444086620 37.1394938907 26.8962745061
3.5805959095 36.8271945378 27.4489439583
3.1084636950 38.7290069418 16.8557951185
3.3880567333 38.9972535580 16.0930521758
2.8768275031 38.5103227779 17.7007198701
2.6878578769 38.3386594219 18.6093543822
2.5339371876 38.1271489738 19.4102377152
2.3384113393 38.3534283237 20.3133705888
3.8191473586 37.5999204209 27.2677213767
3.1605468011 38.1283867158 26.6028909701
3.1470587126 39.7277360008 16.7964923895
3.3801502264 39.8437957637 16.1656358309
2.8881118571 39.5656993705 17.6503105822
2.7016711470 39.2161190027 18.4422177927
2.4736929700 39.2432261862 19.5097916898
2.1120068959 40.3740901206 21.9666767140
3.5886635722 38.9961270912 26.2437857748
3.0379651929 39.6593468689 25.6231216613
3.2351657328 40.4058438065 16.5923403769
2.9776994383 40.8575087136 17.4139511638
3.2388135928 41.0256871474 16.5843395400
2.6194838419 40.3060507673 18.6800657824
2.1415169996 40.9939681351 22.0061834205
3.6232569826 40.2622325585 25.1413704563
2.9032539726 40.7991114377 24.7020139318
3.1692423584 41.8422451589 16.7493565474
3.3650578592 42.3054121702 15.9547803066
3.3735794794 41.4513378243 16.1287634990
2.9701875245 42.3657830826 17.6351658235
2.6676385381 41.6629063858 18.5508914090
2.2030476831 41.9018186209 21.9624186588
2.8872375444 41.3696452706 24.3746962891
3.3811644047 41.2617375968 24.4017799554
3.3510575120 41.8543404132 24.0886112599
3.1470805621 43.1183639683 16.7061155005
3.3168340709 43.2239996159 15.7393994708
3.0872903092 43.1021149728 17.4333255007
3.0051806911 43.0843930300 17.9065389019
2.7483532778 43.0361127375 18.7396839456
2.9993928383 43.6316912628 18.1289110824
2.3402053922 43.0161970795 21.8469787797
3.5735387566 42.7207993226 23.7604674786
3.1467453567 44.3336021029 15.8936699642
3.3708793765 44.3702066208 14.9101950863
3.4106185173 43.6757755861 15.1477984577
3.0443161447 44.2563520970 17.0192384658
3.1129489749 43.6361787078 17.3339215905
2.8387420938 44.3660181086 18.8063052953
3.0073884187 44.1945260669 18.0199558377
2.6175023801 44.0127897074 19.9391143579
2.5119887291 43.9711078496 21.1910872281
2.5725552225 44.0802918912 22.2073964354
3.7813407351 43.5058670262 23.5923730611
3.1957284808 45.3438115028 15.0752234645
3.5077597085 45.7126916577 14.1778602066
3.5153052396 44.7992817161 14.3511131665
2.9662836708 45.5036284979 15.9801021045
2.9122716132 45.2728884633 16.8257750108
3.0555872134 44.1812242869 17.5850861355
2.8898910246 45.0302036613 17.9564335912
2.7739997645 45.4491096522 19.0669419383
2.7226510715 45.2534483651 19.9126997157
2.6795806917 45.1372817529 20.9457705020
2.7471142259 45.0773923244 21.9440682978
2.9715400509 44.8210803550 22.7757612290
3.5683479565 44.3786036136 23.3515560082
3.1776439015 46.4668905514 14.8534035324
3.5111308642 46.7650559076 14.1113888929
2.9363597880 46.3246978363 15.7033756002
2.7915702024 46.2933696605 16.6269286694
2.7231847961 46.2464123073 17.6852957639
2.6840943826 46.2795947598 18.8258680566
2.6693537435 46.3001068699 19.8870998433
2.6925289405 46.1937828257 20.8429143341
2.7797145450 46.1565240420 21.7628432190
3.0747081067 46.0375702381 22.5955539316
3.6742138640 45.5913519380 23.2011668364
3.2140371412 47.4332529391 14.7805056621
3.5068302408 47.5885916488 14.2067439794
2.9291753560 47.3026081991 15.6000087250
2.7547602141 47.0783264332 16.3601686068
2.5766926301 47.3431792373 17.3951481385
2.5073549560 47.2468712446 18.5799982769
2.4855732896 47.3566748456 19.8009733506
2.5739966831 47.1632223432 20.8116115665
2.6786835203 46.9781025239 21.5627130614
2.8687041085 47.2681215991 22.3792356062
3.6228582752 46.9746968688 23.1335676201
3.3389567996 48.1295104336 14.6776122291
3.0268856523 48.4087470175 15.5291635414
3.4053311550 48.9390975568 14.9098074457
2.6558853871 48.1223637855 16.6211827680
2.3683052939 48.0374679263 20.8136388222
2.5022798591 47.9047178762 21.7107802697
3.8762613425 48.0193172515 23.3325467199
3.1319214119 49.5423268186 15.7249265195
3.4740255607 49.7620958583 15.1896609247
2.7037086339 49.4007105670 16.6240983643
3.0734015450 49.8888057021 22.9214979967
3.7363428748 49.1718627266 23.2332688637
3.3128562181 50.2450247732 15.7410649610
2.9851512583 50.4640284921 16.4741265206
3.3428714864 50.8210082412 16.0422441692
2.5421959857 50.4406205004 17.3040243647
3.6081797860 50.1589646343 23.0980122118
3.0728678971 50.6010811378 22.7541586547
3.1813355987 51.2605447417 16.5747487231
2.7771566572 51.4416362283 17.3293533823
3.2623582274 51.9924233413 16.8765751023
2.7881824829 52.1881586118 21.8585638316
3.2479618683 51.5985374028 22.4295020021
2.8788439389 52.5389525885 17.7127547988
3.3444162159 52.6219876679 17.1227661540
3.1083578510 52.8324800428 21.7215137739
3.3966232046 52.4784631085 22.1009344715
3.4289054471 53.3763901662 17.4899474151
3.0265747478 53.9833648096 18.3534257010
3.4874206977 54.2919606050 18.0237973353
3.7881397729 53.1164318635 21.8589130600
3.2206695404 53.5169749136 21.2726983051
3.1953423934 54.5609563455 18.6548275650
3.5859339914 54.7497628830 18.3557807142
3.7209890595 54.3166744693 20.8385168752
3.3442431466 54.6879623600 20.2661361236
3.8656513601 55.1640322240 18.8677307678
3.7645190724 55.0782698933 19.7758004406
4.2976311629 25.8316186361 16.0017435179
4.5111317491 25.9411614596 15.0820776077
4.5780076636 25.1762086412 15.3986825627
4.4881191809 24.9634668044 16.2128606388
4.1937879402 25.7351143130 17.0003332621
4.4301155458 24.8626225510 17.2458919497
4.1579605950 25.6922147121 18.0767898507
4.4103844407 24.8241461317 18.3278991958
4.1569064455 25.6712870462 19.1705450552
4.4090580883 24.8099445631 19.4212912146
4.1656397393 25.6518367503 20.2541323218
4.4196102643 24.8056131709 20.5147344958
4.1821578150 25.6416925070 21.3212354333
4.4568305474 24.8132909686 21.5969029046
4.2377497670 25.6397361209 22.3508023060
4.5543073518 24.8437291099 22.6217550333
4.3898294838 25.6233087650 23.2650565213
4.7635072749 24.8952453936 23.4944452818
4.6582308589 25.5647379506 23.9112111705
5.1581243908 24.9883734365 24.1874162251
4.1627244513 26.7421086749 15.6935864515
4.4480180675 26.8877804242 14.7983080406
3.9803500253 26.6484734763 16.7186553464
3.9106003460 26.6011313613 17.8268886756
3.9106761525 26.5787681766 18.9472221687
3.9356542700 26.5280701939 20.0304601331
3.9565561336 26.4736169346 21.0628109742
3.9857362624 26.4691031256 22.0747624564
4.1030035532 26.4352627536 23.0435663650
4.4022111726 26.3079125114 23.8702104994
4.9474829778 25.9212626265 24.4485013281
4.1007205595 27.6549559264 15.2865387867
4.4040404029 27.6742717118 14.5882682769
3.7716541474 27.6948860793 16.3473205811
3.6670652809 27.5112685140 17.5263349054
3.6291116165 27.5963358718 18.7694489787
3.7057927450 27.4418954660 19.8770566571
3.7469684982 27.3396404398 20.9127281115
3.7999554815 27.1708881181 21.7660254561
3.8117672470 27.4061248927 22.7882312199
4.0980738471 27.0955685127 23.6798177946
4.6055454985 27.0918317429 24.5713570048
4.1944921356 28.4532916321 14.7532936435
4.5212115912 29.0381679378 14.0855402674
4.5714173565 28.1452904124 14.1618091523
3.7528278966 28.6229168023 15.6121334407
3.4638789194 28.3037609414 19.8140566131
3.5134330141 28.2292718004 20.7902979457
3.5664844480 28.0746366031 21.9111844692
4.3496440621 28.1827782614 24.8894634913
4.2569694609 29.0374277047 25.2538123401
4.9250677868 28.3282602345 25.5709515937
3.9417351705 29.6607501496 14.9212279001
4.4902077979 30.1938799811 14.0078226915
4.1277994378 30.0805286463 25.5475760339
4.9157839255 29.2497837381 26.0381037922
4.0469327923 30.9696413745 14.6849888284
4.5159703334 31.3782416299 13.9134783832
3.6330368357 30.7172968125 15.3922053629
3.7227677735 31.1486818981 25.3578541692
4.8283284902 30.1486305134 26.4783502302
4.2704620409 30.9317219693 26.2054672202
4.7574793047 30.8744940367 26.8397620351
4.1046400204 32.1227336815 14.6230841489
4.5124958449 32.4974451174 13.8881034032
3.6803352863 31.8588668428 15.4665690098
3.3933992929 31.7540732414 24.8746230012
3.6145596986 31.9204553565 25.5621523001
3.9380592923 31.6410236688 26.0688025209
4.4474919776 31.6272458987 26.8618087791
4.1405498637 33.1818187207 14.5698759679
4.5136609153 33.5583632879 13.8642427162
3.7978243806 32.9477802622 15.3258830207
3.4814875813 32.8473308941 16.0950008191
4.5935464389 32.4702364246 27.6003365189
4.2111509083 33.5802178688 27.9438204895
4.8039743135 33.0322489888 28.3275709383
4.1272867379 34.2196679166 14.5788105988
4.5149482077 34.6660905343 13.8348046053
3.8590102339 33.8145573271 15.1910693076
3.5342400148 33.8937625811 16.0074931685
3.7996269149 34.4927584116 27.8826505929
4.8057693747 33.5883407945 28.7596744788
4.3534518869 34.4172898679 28.6384225853
4.7866733790 34.1342583494 29.1289906258
4.0889498505 35.3185442190 14.6009930309
4.4596038951 35.7781743319 13.8673017016
3.7205411688 34.8377538373 15.4612361431
3.9920064114 35.2474694311 28.2956665551
4.7218346505 34.5947560206 29.2061540505
4.5941942625 35.2563756211 28.9843268798
5.1361598182 34.8116349941 29.4960103855
4.0642762027 36.4320275402 14.5809341224
4.4192399275 36.8255115780 13.8746733383
3.7117312190 36.0473962759 15.3626410341
4.3414223735 36.0438885114 28.4734809435
4.8726674886 35.9631947184 28.9540758893
5.2696531667 35.5107091093 29.3723539885
4.0542450816 37.5327637076 14.5657516591
4.4185635200 37.8903471605 13.8305800344
3.7033854688 37.1672548360 15.3181061285
4.9922923761 36.5921903046 28.5642372761
4.3116033000 36.9395934242 27.9204501644
4.0544683060 38.6596685002 14.5550650403
4.4186696120 38.9963254161 13.7729886332
3.7029676086 38.2905709284 15.3213899685
4.7594246109 37.8342490709 27.4780971097
4.1865563733 38.3978500913 26.8743960026
4.0648844617 39.7807511880 14.4808450956
4.4103458163 40.0996154900 13.6746412251
3.6902302027 39.5161603315 15.3833804719
4.6659357684 39.0612346407 26.3906485723
4.1071765781 39.6185042424 25.7960225120
4.0456926630 40.9630361347 14.3482204450
4.3918959873 40.9970722937 13.5394523944
3.7844231730 40.4734820615 15.1052253895
3.4764204171 40.6012040935 15.9182816296
3.7264790031 40.8558515953 24.6455205080
4.6433011790 40.6288391943 24.7858566306
4.0807833446 41.3190371781 24.3206523128
4.6097834222 40.0394538736 25.3686248197
4.1969386609 41.9255518239 13.7278739880
4.5550980575 42.3852555114 12.9090874667
4.5757418590 41.4817241250 13.0676946050
3.8667691265 41.9649188746 14.5296988386
3.6414553927 41.5011100263 15.3072554106
4.3058561848 42.0350813235 23.9865696714
4.1468785426 43.0087474391 13.5221305057
4.4868119787 43.4128825476 12.7945700487
3.8933653962 42.6808522723 14.2043817678
3.5926415728 42.7306274144 15.0225224140
3.0989576090 43.4283286549 17.6844886888
4.4791993477 42.8901266852 23.7627657756
4.1210614649 43.8877377555 13.3510524934
4.4039093002 44.3845057496 12.7681336260
3.7276035111 43.7521362212 14.2394606129
3.0956605396 43.8026672014 17.7282219740
4.5318949030 43.8284726792 23.6244281670
3.9194442532 44.8684548924 13.5462800562
4.3760088374 45.4396237287 12.7344721168
4.5353195436 44.8859061417 23.5317205220
3.9219562975 46.1176538105 13.4302500389
4.4160776815 46.6005919430 12.7209264858
4.5559455862 46.0475636964 23.4915934656
3.9318629351 47.3616115128 13.5315529347
4.4943641682 47.7511462035 12.8180556850
4.6021353352 47.1828451545 23.5128598341
4.1369638945 48.4512510855 13.5344358047
4.5454550122 48.6305977167 13.0074974334
3.6831650650 48.3179114507 14.1657246148
4.6574027489 48.2321747677 23.5253273514
4.3568178983 49.1853439728 13.5036890091
3.9109516304 49.4822427727 14.3429971237
4.4846943972 49.9925706188 13.7427943027
4.7936308139 49.0836114005 23.5063993019
4.1972494833 50.6116532673 14.5335794993
4.6279649885 50.7881905368 14.0150378654
3.6930151193 50.5698315305 15.3118386414
3.8726301153 50.9058352702 22.9872360266
4.5428172514 50.0707212322 23.3409645309
4.4644287545 51.2398419812 14.5478920393
4.1227560363 51.4841318586 15.2590130790
4.5221288429 51.6457204118 14.7855484432
3.5760314308 51.4588648098 16.0784514966
4.2015739698 51.6526655385 22.8316548765
4.8137798125 51.0998110755 23.1820956001
4.6177331023 52.2008047888 15.1668032913
3.8991319871 52.4532200452 16.2996044721
4.4864726511 52.7818689780 15.8210598704
5.0415591770 51.9437517339 22.9033990230
4.2249085100 52.4478890949 22.4136153930
4.4855659131 53.4669508729 16.3713551496
3.9684752401 54.0780397795 17.3476749814
4.5685208405 54.3620135651 16.9445697294
4.7611828946 53.2843367807 21.9761147125
4.2158860173 53.8283409105 21.4189555461
4.0817113192 54.7590885056 17.8171781204
4.7566507658 54.9371980039 17.2498787828
4.7133484871 54.4747621529 20.9060422035
4.1913874125 54.9000954947 20.3154249904
4.7437326284 55.4216270559 17.8783744661
4.6488474278 55.7134013537 18.5331303322
5.2701339992 55.9221221350 18.1702798051
4.6558301869 55.7003667413 18.9922116284
4.6437739283 55.3969247642 19.6208187381
5.1042719600 55.9493655533 18.6914783204
5.9167682943 13.6305468545 9.6032456898
6.0841328187 13.7019939618 8.9646127178
6.4816931537 13.2595422495 9.1795592822
6.2503383345 13.2466154088 10.1684391254
5.8081451622 13.6919378425 10.3951494551
6.1256975732 13.3663789661 10.9735605046
5.8151214955 13.7716180132 11.0436130345
6.0643422740 13.6360222750 11.5260991805
5.8536228087 13.9803299841 9.2762031648
5.7336781590 14.1812936957 9.9195889832
5.8500063605 14.2780472956 9.3703298141
5.7099489379 14.2347548743 10.7903459047
5.8938913171 14.1728608302 11.5538390867
5.9774982104 14.7445046162 9.6499275315
5.7864184661 14.8032476993 10.4736404565
5.9374728866 15.1470312366 10.2353133184
5.8589741855 14.8971570008 11.3576230984
6.0343104447 15.5524089575 10.8500602591
5.5028249082 19.5465926665 18.9180219282
5.5832657433 19.2625388879 18.0582471828
5.7603208631 18.7855592274 18.4747583729
5.7850810465 18.8872722020 19.1692897144
5.3347696701 20.2472868687 18.0747690915
5.4721881030 20.0602583252 16.9966461202
5.5856188962 19.4431397307 17.3902233107
5.2828470862 20.4093746919 19.1458597943
5.6404527739 19.4195263890 19.6498014560
5.4400545340 20.1797068818 19.8899600848
5.6970414126 19.7321168635 20.2486382339
5.3181919681 21.4807441938 15.7828515585
5.5159986986 21.3421642356 14.7788321518
5.5933702103 20.6813449234 15.1562043626
5.5233757292 20.3619124071 16.0761578373
5.2457549266 21.0879923776 17.0831675128
5.1209803016 21.3221910451 18.1503042757
5.1359256041 21.1833498203 18.9957782957
5.2299021095 21.1152069390 19.9408135068
5.6201825646 20.2962524596 20.6284345647
5.4473059799 20.9628041051 20.7180591135
5.7397190897 20.7215397458 21.2172855141
5.2931894326 22.3772571404 14.8080053891
5.5604948997 22.3224435858 13.8166497387
5.6116407407 21.6533153697 14.1101693074
5.0936358954 22.4770187145 15.8952320203
5.0610165320 22.2155509803 16.7934340232
5.0125758806 22.1297002426 17.8622486727
4.9931711101 22.1211078215 18.8941186038
5.0548633912 22.0770342700 19.9277556787
5.2706542329 21.9978301192 21.0433694424
5.6418086429 21.4548166691 21.5732643877
5.3572213575 23.2440020586 13.9214268012
5.6973259808 23.6281762833 13.0365100751
5.7164158943 22.7266571775 13.2378828495
5.0768200629 23.4173402061 14.7702085247
4.9669255372 23.2743256968 15.6075719203
4.8901143941 23.1706597874 16.6229877768
4.8584287997 23.0813246606 17.6648293584
4.8445708044 23.0493125973 18.7371223290
4.8660345781 23.0378928532 19.8192891277
4.9681348200 23.0303524035 20.9396430018
5.5451082153 22.1946398974 22.0220494334
5.2302871374 23.0573078375 22.1646041015
5.8627934101 22.5313161252 22.9618391379
5.4255327618 23.4580026982 23.2523836534
5.8403233211 23.1510256969 23.6348221689
5.2887502557 24.3233830054 13.6745604457
5.6764623770 24.7076713335 12.8988137333
5.0588639523 24.0364015267 14.3929021283
4.8073756142 24.2604790649 15.3010457298
4.7043196951 24.0721493020 16.4014989160
4.6626895516 23.9906515457 17.4718529003
4.6493559224 23.9561303149 18.5545867851
4.6532940257 23.9457935006 19.6477773021
4.6881082479 23.9479297710 20.7508766758
4.7865307267 23.9753904928 21.8606343123
4.9577769701 24.0831553096 22.9009352052
5.6553616549 23.6534709478 23.8594465774
5.2538379860 24.2037341368 23.7310745422
5.9061363438 24.0775954047 24.3586372856
5.2326707643 25.3940465638 13.5560173871
5.6634183831 25.7820133098 12.8273933173
4.8792838685 25.0224099022 14.4886192553
5.8210572726 25.1644068928 24.8562561246
5.2141332873 26.4516198399 13.4190145921
5.6543138395 26.8044627638 12.7811812609
4.8271369767 26.1496794028 14.2051883796
5.4067057075 26.2760410335 25.0224873971
5.2423754977 27.3297224295 13.2724889959
5.6160803253 27.8078277130 12.7840382123
4.8006316527 27.2739699688 13.9794627312
5.2584283755 27.0171682161 25.2255206270
4.9255501700 27.6256919714 25.2220010100
5.6424595058 27.4243996903 25.7367001045
5.0296441939 28.2905683658 13.4726007322
5.5712735850 28.8857398574 12.7787649434
5.6598856189 28.3728194237 26.2099174865
5.0114806926 29.5173626650 13.3664589909
5.5493031601 30.0161109929 12.7178687427
5.6447905556 29.1134237796 26.6377039481
5.1935092559 29.5871307025 26.5268429681
5.4613299741 29.7990344504 26.9255874232
5.0053204583 30.6814817120 13.2788246241
5.5289979958 31.1113019230 12.6432595641
5.2686411679 30.4559112643 27.1539150704
5.0924704601 31.1667236406 27.3818085114
5.7188867450 30.6804867967 27.7347082986
5.0352098642 31.9153410354 13.1562303874
5.5525750788 31.9778696594 12.5329147127
4.8967472960 31.7247153204 27.4931174426
5.5106937971 31.6012022739 28.0658565837
5.3982680544 32.8914330657 12.6536796164
6.0366991928 33.2958855637 11.9863059901
5.8856137853 32.4002171642 12.1713389870
4.8746769078 32.9454611468 13.3124666088
5.4384680485 32.4966052668 28.6063047980
5.0981541701 33.0623705227 28.7059767154
5.3877892979 33.1732047283 29.0783629135
5.5375421528 33.7998630449 12.4474159753
5.0188169748 33.9533039001 13.0873369884
5.4417137518 34.6603256998 12.5050022567
5.2260387068 33.7833084901 29.3317940582
5.0659970572 34.2960569267 29.4492139143
5.6912328102 34.1321902037 29.7259374777
4.9619657953 35.2778885974 13.0912189772
5.4046295918 35.4713714002 12.4680382439
5.8454362609 34.9529129394 29.7667476760
5.1928587833 36.2839290070 12.6541935199
5.7270488314 36.5524504989 11.9420466130
5.5486163213 35.8960310997 12.2286394770
4.7593045875 36.2493829563 13.3173771275
6.0565520463 35.6715756034 29.5416270685
5.5315246560 36.1855590147 29.0818434491
5.2214890739 37.4352133252 12.4870387708
5.7003946712 37.8078329548 11.8108489996
4.7944799479 37.1466088567 13.1905400400
5.8974185388 36.8234470406 28.6293743326
5.3270838558 37.3081827292 28.0678789150
5.2143017739 38.5754724354 12.3835276396
5.6802898595 38.9361160987 11.7286085399
4.8004726725 38.2309369170 13.0981810383
5.8100822003 37.9750404838 27.5468749476
5.2432893279 38.5162564940 26.9753396141
5.2105051706 39.6660638460 12.2882022722
5.6663926830 39.9997779292 11.6600372221
4.7955697776 39.3501666385 13.0094020564
5.7412164696 39.0909427657 26.4276101408
5.1450233932 39.5948709488 25.8585643979
5.2401200516 40.5714922735 12.1462448062
5.6066745759 41.0475877545 11.6311508868
4.7920005094 40.5348386345 12.8633907651
5.8331517238 40.6467345029 24.6997641964
5.0699699802 41.3067546382 24.2750950633
5.5118778901 40.0929732690 25.2803790904
5.0249533021 41.5817146203 12.3210460582
5.5204549562 42.1256981752 11.5805630035
5.3248071206 42.0886442556 23.9477449031
5.0029252931 42.9086911532 12.1070784189
5.4912019993 43.0135648745 11.4490303703
5.4697713610 43.0038856827 23.7677312048
5.2632470795 43.9242743266 11.5828100548
5.7912123826 44.3061120582 10.8906948070
5.7626224326 43.4592859123 11.0578972656
4.7815488370 43.8881754608 12.2444845532
5.5303058621 44.0222374466 23.6815090047
5.3024732296 45.0736715878 11.4087840934
5.8553932571 45.4149543166 10.7027806987
4.8172360226 44.7728577239 12.0983378087
5.5535048062 45.1102110755 23.6459607305
5.3529143799 46.1194556971 11.3367199015
5.7561777042 46.3623661094 10.8355532924
4.8613174625 45.8565265941 12.0176933226
5.5716388167 46.2209310586 23.6401332968
5.4885773729 46.8938864805 11.2534757713
5.0047235428 47.0615865967 11.9646357213
5.5271772293 47.7482524436 11.4554559298
5.5959119974 47.3078221503 23.6426614875
5.0297603067 48.3985835429 12.2993754725
5.6565536356 48.7601328536 11.6677220126
5.6316237018 48.3387096309 23.6299792826
5.3460815140 49.4264611858 12.3225889976
5.7522134542 49.4121271634 11.8367872201
4.7961500421 49.3581542861 12.9877128821
5.6257556654 49.3468751420 23.5719248637
5.8891777544 50.0889978686 12.1088095332
5.1583011910 50.4611597840 13.1482362768
5.9213590775 51.0196628214 12.6696697747
5.6597105733 50.3579381263 23.4557036223
5.4890094870 51.3310192456 13.3305041066
5.9223219241 51.6379429405 13.1392210926
4.9672555643 51.5222382629 14.1308882904
5.8139704147 51.2911108254 23.2581441141
5.6179665735 51.8614147514 13.6659239117
5.4312672860 52.3999809108 14.4190760708
5.0073488775 52.9071093256 15.3443637596
5.5037241843 52.9543953600 14.8692883338
6.0679407166 52.0834863337 22.9414257183
5.3720927610 52.7015745032 22.4971295036
5.6004988109 53.5279095660 15.3218917752
5.1217615138 54.0989185762 16.2245121017
5.8651951852 54.3780144470 15.8250845164
5.8533292860 53.3739069978 22.0139589707
5.2689639051 53.9495044982 21.4730749385
5.2251153332 54.6938874013 16.6062475911
5.8397193546 54.9833126023 16.3848895966
5.7959290138 54.5387790315 20.9298077968
5.2235231907 55.0352543023 20.3349307447
5.4010529766 55.2662912388 17.0240701850
5.6382879456 55.7698994751 17.4801451814
5.9704626173 56.1034015377 17.8582354998
5.7782743328 55.5410431068 19.7675747423
5.3633924176 55.8563408381 19.1534402135
5.9361764330 56.1312680599 18.5148175451
6.9654829163 13.5891371636 7.5450095444
7.4147184820 13.7525483192 6.9230635515
7.6577783527 13.3105631393 7.2470406401
7.1777953409 13.1610807617 8.2908292177
6.4964171195 13.6162246331 8.3404323717
7.2166610826 12.9354557402 9.2615355055
6.9872050043 12.9264113157 10.0703867935
6.8070047134 12.9800817815 11.0110049339
6.5745482259 13.2608194756 11.7766446712
6.3216290971 13.9012891027 12.2869934437
6.9192650039 13.3219479445 12.7193701060
6.9887807207 13.9179222913 7.2292154981
6.6769758443 14.0026320828 7.7816565845
7.0071840679 14.2160616724 7.3529504568
6.2221334968 14.2321267256 8.7356904602
6.0922720314 14.7997496443 12.2980443248
6.6477015787 13.9020950590 13.0604440001
6.4108832444 14.5417615615 13.0819012305
6.6990566815 14.2784372830 13.6170751812
6.8782517450 14.5445455691 7.9337020842
6.6256174495 15.1094954934 8.9285863898
6.2316361319 15.4159911564 9.9345704536
6.6541401143 15.8028583632 9.5833929959
6.0872437722 15.8486516062 12.1496112395
6.2773534363 15.5658148104 13.3643759738
6.5699986083 14.9486989288 13.8993694573
6.4307218431 16.1145869856 10.3749226897
6.2824173764 16.5978662246 11.4136066461
6.5876558375 16.7963414831 10.6878134842
6.1727332971 16.9018191576 12.4651386900
6.1600312489 16.6897450143 13.3500533844
6.4687662668 15.6459501631 14.3009300341
6.2823463997 16.5374810651 14.5297422643
6.5377376653 15.9068299195 15.1221740445
6.3432092899 16.7420323544 15.7743225764
6.6263725672 16.0180052268 16.1282221992
6.3970079197 16.8236076291 16.8316818488
6.7205308775 16.1484679301 17.1741952192
6.4721418283 16.9426951179 17.8286581741
6.7971142522 16.3522336460 18.0292035772
6.5121101789 17.3276209231 11.2589376725
6.3021819661 17.7375808425 12.1880685173
6.5994667793 18.1483400586 11.4311698108
6.1404913410 17.7066854441 13.2900633242
6.1107056309 17.6159533054 14.3598221150
6.1296409380 17.5619813881 15.4664556587
6.1398345526 17.5801203906 16.5489980431
6.1985409203 17.5464187043 17.4919273282
6.6788851765 16.9113529655 18.6239201402
6.2219363532 17.9480646754 18.7736694771
6.9811723817 17.0916856972 19.7038089703
6.5337207395 18.1202444290 20.1738858709
6.9480799113 17.6801380118 20.5822390294
6.3556461785 18.8870914552 12.3050033412
6.6733615690 19.1660688293 11.5171142599
6.1462612323 18.6912550684 13.1904932801
6.0250321144 18.6252073590 14.2038541927
5.9659803132 18.5227685626 15.2984853408
5.9682630775 18.2978590519 16.2396408426
5.8820255430 18.5006479478 17.4302135718
6.0112986293 18.9672569208 20.0190237495
6.7754563615 18.2058501426 20.9104927740
6.4979104946 18.9311062383 21.0687474117
6.8996992315 18.4741241426 21.4289500909
6.3733915051 19.9129647056 12.3102119145
6.7338487152 20.2206038656 11.5359439718
6.1223393664 19.6977690035 13.1496570330
5.9846929566 19.4701450742 13.9492679692
5.8106905765 19.6589976393 15.0383961833
5.7413422966 19.2660548647 16.3699312375
6.0018391331 19.9149222487 21.0320192831
7.0032481623 19.0124788590 21.9970837153
6.5501445809 19.8372638213 21.8970354031
7.0088363299 19.7363440579 22.4794618142
6.3579592092 20.9176484200 12.2943744769
6.7590622644 21.2800663824 11.5570474856
6.1094420171 20.5708303529 12.9985660504
5.8288105088 20.5997396312 14.0536123424
6.1867533675 20.8975836032 22.0864046989
6.8268838340 20.3974163945 22.6364237531
6.3637501691 21.8072004931 12.2053768195
6.7210827101 22.3340093082 11.6341808838
5.9432962922 21.6772647004 13.1365184745
5.8699488511 21.7897779788 22.3051119629
6.8593622306 21.1138019532 23.1039746151
6.2544402182 21.6986491594 22.8076148872
6.5992181137 21.9952364046 23.4631212473
6.1603962522 22.8035710671 12.4361860967
6.7026401086 23.4268939004 11.6713637761
6.3479413048 22.7320518511 23.8116368026
6.0821296160 23.3400776041 24.0688272044
6.8419395341 23.0520202107 24.4525772064
6.1669228737 24.0385040999 12.2902535571
6.7523360999 24.5555074530 11.6556406184
6.8758056048 24.0641616575 25.0612271114
6.1876110602 25.1656543448 12.2323691994
6.8506573394 25.7512648630 11.6534170821
6.5880528742 24.9572352802 25.3341011121
6.1868789945 25.7780667360 25.4220926792
6.9839533120 25.2822339173 25.7963757472
6.1714886349 26.2319634021 12.2447343381
6.6415850338 26.7049332735 11.8543988492
5.8144065111 26.5866568980 25.4931472503
6.6261487489 26.4186961599 26.0743192863
6.1501533394 27.2327119200 12.2649366540
6.7462479157 27.5800741202 11.8014243171
6.3365427505 27.5882260357 26.3933171919
6.1591737392 28.2609258567 12.2451752878
6.7891878633 28.6355612768 11.7485220304
6.2019882285 28.2614011659 26.6034692755
5.9565479529 28.6158994025 26.5811056451
6.2449670157 28.7269281158 26.9531091518
6.1578585844 29.3623228049 12.1945221589
6.8527923211 29.7890897537 11.6217087109
6.0547653480 29.4294654851 27.2613102183
5.7792210764 30.0607884427 27.4134564296
6.2948282494 29.9902914717 27.8935233449
6.1141434881 30.4927835891 12.1416740003
6.6805659679 31.0185983496 11.6386493540
6.2542570373 30.8452062094 28.3764806755
6.0269925565 31.5552917792 12.1153918138
6.5352071016 32.2387066862 11.6551631035
6.1281542710 31.5231645165 28.6357638480
5.8478217468 31.9053380563 28.5932920932
6.1767186568 32.0250444484 29.0207153291
6.6949327005 33.2134268361 11.4695201887
6.0023434462 32.7688153326 29.3487699951
5.7397323455 33.4255780875 29.5278791467
6.3509649680 33.3435476523 29.8808775379
5.8689222959 34.2525589276 12.0717163772
6.4765162669 34.2363145878 11.5512224198
6.6380810016 34.2913271225 30.1236001510
5.9113950609 35.2873856266 11.9252398046
6.5488695111 35.1798085576 11.3679130350
6.5640522806 35.1492378581 29.9065223300
6.3704239468 36.0258387688 11.3822404973
6.9565315409 36.3865312069 10.8813093699
6.9361730273 35.5530460221 11.0223743298
6.9770207061 35.7247028419 29.6504227125
6.4433991574 36.3049008071 29.1537303107
6.2851724994 37.0901461386 11.3022414029
6.8963816070 37.4775596218 10.7844427370
6.9234248216 36.9058532080 28.6556985932
6.3696453919 37.4416254845 28.1073357141
6.2420553054 38.2102231052 11.2187531023
6.8553732017 38.5765943571 10.7190038912
6.8937039892 38.0255521980 27.5610732338
6.3266923470 38.5645412614 26.9993060071
6.2175099543 39.3114232753 11.1570357065
6.8292010336 39.6709578722 10.6474623636
6.8283116261 39.1024630567 26.4228001403
6.1954281662 39.6033903339 25.8403837067
6.1917417339 40.4142566710 11.0930397959
6.8519916451 40.8476911592 10.4917461233
6.9467393070 40.6451780492 24.6528466240
6.1589836669 41.3060456144 24.2306286921
6.5894240635 40.1007409445 25.2281330778
6.1109639641 41.5403158473 11.0375893308
6.6205800388 42.1298469460 10.4690406368
6.3967531447 42.1138002793 23.9300714937
5.9672817291 42.6200459979 10.9992378856
6.3594237065 43.4279200888 10.4546473965
6.5358939948 43.0623269456 23.7758358743
6.3091153400 44.5618849841 10.2796049626
6.5988076798 44.1044773221 23.7127478708
6.3609475927 45.2835522557 10.1319758718
6.8532276379 45.4459294383 9.6386341775
6.6079232169 44.8498204454 9.9183908396
6.6224779564 45.1915348621 23.6929006051
6.3078599538 46.2348840970 10.2368976507
7.0936730430 46.6974482381 9.5323713122
6.6337536529 46.2882243682 23.6881740814
6.5521666756 47.3473066384 10.2195258554
7.2111262322 47.7225008576 9.7773268633
5.9386327775 47.1332766328 10.7879851474
6.6443185266 47.3730238492 23.6826622202
6.8131873537 48.1068138239 10.2669211978
6.2153624897 48.1919457799 10.8753667563
7.0257410025 48.8955940558 10.5641438837
6.6505884510 48.4406792969 23.6617689733
6.2810965526 49.3251429955 11.3449758947
7.0628140695 49.6939598361 11.0101879679
6.6610231080 49.4906241084 23.6052383998
6.6640232767 50.1916396333 11.5605009997
6.3824464305 50.7026751536 12.0670449155
7.0998447177 50.9723181658 11.8439612987
6.7101136156 50.4903208358 23.4821569253
6.5068242489 51.2003343326 12.3282888164
6.3139875513 51.5774000319 12.7696391234
6.8322708431 51.3706682845 23.2601984413
6.3690890943 52.2592148409 13.4159301519
6.0088417139 52.9291204614 14.3742597955
6.5355728619 52.8967966440 13.8974427286
7.1005361107 52.0662644533 22.9338470852
6.4858574232 52.7423136441 22.5147657878
6.6377543314 53.4572810807 14.3996672829
6.2952594896 53.9531077142 15.1094301460
6.7146637517 53.9563939060 14.7963912528
6.9924852517 53.3402382334 22.0076028618
6.3789867079 53.9718108224 21.4839408002
6.7427106974 54.3995081430 15.2163604988
6.3902116088 54.8913019259 15.9147821342
6.9203974239 54.5345249056 20.9352060913
6.3356223401 55.0851732649 20.3718486258
6.4522834499 55.5579299956 16.6093688912
6.3089907200 56.0193412767 17.3538687783
6.7169067161 56.0487277394 17.1037513994
6.8804833002 55.5927897911 19.8128620311
6.3489821567 55.9648751632 19.2115989084
6.9779049447 56.3351022667 17.7315955829
6.8801335554 56.2492011487 18.6769488424
7.5972897822 12.7814656432 13.4368503757
7.9305516289 12.4475702980 12.8937108160
8.2070232331 12.2196076025 13.3038676975
8.1949116035 12.1269042243 13.9993805549
8.2156165318 13.5984899530 6.4160306650
8.6233646750 13.0891396246 6.8536907783
8.1715373825 12.9504078253 7.9672139857
7.9798133867 12.8334739948 9.0167944783
7.8812273894 12.7456099722 10.0114750450
7.7368995668 12.6998987924 11.0030194167
7.5517540249 12.7264981232 12.1733655443
7.0093774436 13.6626763425 13.6336336341
7.7802785939 12.6497325850 14.3519579408
7.3837503465 13.4544821176 14.5938239451
7.7793170798 12.8456616835 15.1290409157
7.5579510969 13.5866102319 15.7238946822
7.8527692077 13.0129686122 15.8826257410
7.2960274677 14.1050719229 6.9904259010
7.8854260955 14.1500235130 6.6642035622
6.9044958330 14.4452077501 14.4616866167
7.1806243383 14.3842087214 15.5571382843
7.8003457844 13.4955068114 16.4798880041
7.4941832174 14.3628363881 16.7804931022
8.1596459261 13.5844878880 17.5103742220
7.8064348078 14.6524739775 18.0474004736
8.3017141901 14.1606457166 18.4148688201
7.4980396966 14.5179683567 7.2023814729
7.5287891240 15.2184312073 7.9059356182
7.1562590689 15.8663639031 8.9034172212
7.7852650378 16.0334090799 8.2858813794
6.6693559223 15.2389096378 14.6271244894
6.8208330933 15.2137352894 15.3883524499
6.9892224283 15.2731382345 16.4591070178
7.1904366417 15.5110151546 17.7352521652
8.3043829327 14.6974601754 18.9909189751
7.6964189981 15.4873878753 18.9209353730
8.2471807053 15.2233645222 19.5284317303
7.5054230098 16.6012473799 8.9843054465
7.9084655195 16.5427884255 8.4806848170
6.9219490165 16.5792646158 9.8311769372
7.0976473017 16.2660098239 18.7572445630
8.0805120453 15.7322611567 19.9399041836
7.4804135167 16.2190361115 19.5321092696
7.7226732361 16.4727720684 20.3643524155
8.0028419849 17.1946446243 8.7357372382
7.3520966459 17.5678793272 9.7292916744
7.8879719734 18.1583810118 9.2446812723
6.8223026861 17.4534483926 10.6055454249
7.4209398525 17.1771589115 20.8265466652
7.1874938194 17.8724874135 21.3135667576
7.7313270808 17.3610617342 21.6704938379
7.5086783207 17.9256811634 21.9168184532
7.8971884851 17.6815278148 22.2698009168
7.4442502135 18.7095681805 10.0040040898
7.9122752241 19.0641663249 9.4929262850
6.9847251464 18.4073763275 10.6866362058
7.2145449702 18.3417417961 21.8291013975
7.6104480851 18.4022555356 22.4145888934
7.5778391555 19.6399359072 10.0711386501
7.9368721811 19.6652488152 9.6279885962
7.0940518898 19.4544062214 10.7661400751
7.4672802467 19.2565445004 22.7425680379
7.3426191619 20.0254392195 23.0120764528
7.9494204219 19.4929626421 23.3425800596
7.9703455900 20.3521139058 9.8199593914
7.2859298846 20.5852157420 10.7123490752
7.8050687501 21.3420952371 10.2463106416
7.1731779560 20.5510417604 23.1128127769
7.7213316283 20.5104067488 23.5968522568
7.2455315373 21.7962123992 10.9403453499
7.8058702259 22.3506673539 10.4334630648
7.3526678296 21.5001935024 23.8391560908
6.9935333505 22.2561567372 24.0469375949
7.8790585720 21.9268504533 24.4846714111
7.2542888633 22.8769859064 11.0408590630
7.8950943072 23.3715292312 10.5296670409
8.0013978519 22.8998612368 25.1281880281
7.3324062327 23.9579026906 11.0867027476
8.1428521926 24.4558071988 10.5919578280
8.0067696013 23.7559941294 25.6869438153
7.2287065660 24.5219318643 25.5795431533
7.8364643171 24.6282921713 26.1259265101
7.4357021753 25.0225925836 11.1452006872
8.1363674134 25.5172288191 10.8281873699
7.5365397082 25.5303997393 26.4174398322
7.5421972225 25.8728344466 11.1903276374
7.3337252606 26.7497978274 11.4053125469
7.3811142718 26.2542868197 26.6879440170
7.0987220438 27.0884045043 26.8965794487
7.6304545564 26.5604233608 27.1744041419
7.4273028694 27.8710041147 11.3835597057
6.6860084057 28.0619538952 27.0165474079
7.5850040829 27.0996803721 27.5063306029
7.3008380374 27.9011321610 27.7016872328
7.7626596111 27.4548196540 28.0419909837
7.4394553921 28.8670686620 11.3257692408
6.7457796703 28.9709653857 27.7208458560
7.6934027800 28.0520247234 28.3963333280
7.3958463645 28.7990436799 28.4834691073
7.8392921426 28.5282379985 28.9893194147
7.5284624597 29.5844183996 11.2067647090
8.0871870648 29.7143515939 10.9558870024
7.9756563521 29.0274095398 11.0461685991
7.0108592949 30.0650577562 28.7985233203
7.6798601641 29.3914505011 29.3442306211
7.3961002175 30.4060532382 11.2228170762
8.0892098397 30.6842042460 10.9080977528
6.6427029693 31.2899423006 29.0776103416
7.5432916837 30.2498909682 29.6819242142
7.2805706181 31.1350218688 29.8129343679
7.7080720538 30.7285438983 30.2522361171
7.3132872708 31.4745612518 11.2062004885
8.0738577834 31.7530809850 10.8656812100
6.7602477218 32.2574286058 29.7599256860
7.6792529689 31.3521726663 30.5341735410
7.4682672787 32.1085314182 30.4907516432
7.8883499616 31.8552852779 31.0123977507
7.2906151721 32.5575891823 11.1545273108
8.0455840035 32.8513632181 10.8046673189
7.2147359638 33.2451616199 30.4524602684
7.9864503719 32.8202249958 31.1410030603
7.2468707696 33.6207898614 11.0989997305
7.9686518181 33.9946419942 10.7003852293
7.4592225686 34.1479228325 30.5175906433
7.8804818124 33.7009460170 30.8751590269
7.1397462399 34.6856179142 11.0325777008
7.7892364289 35.3552598327 10.5512562354
8.1836387590 34.4138229206 30.7036819562
7.4695044625 34.9720014225 30.1706308401
7.6366640472 36.6978221254 10.4203204784
8.0152556362 35.7463343161 29.7297382025
7.4713663920 36.3470221577 29.1930591362
7.5686940345 37.8213474359 10.3477293777
8.0019037694 36.9292784785 28.6655719456
7.4500810652 37.4807877203 28.1156520484
7.5152428193 38.8992482681 10.2909535469
7.9917769198 38.0364857386 27.5579044019
7.4232723779 38.5779740990 26.9956591616
7.4664723949 39.9034533384 10.2063268721
7.9288379686 39.1023646074 26.3976015041
7.2840959106 39.6049808735 25.8112468205
7.5309478961 40.6492164304 10.0440545814
8.1037738749 40.8206647789 9.6827383259
8.0074151150 40.0657553239 9.8829943749
8.0535837754 40.6468054260 24.6005214592
7.2597326590 41.3081646985 24.2001485475
7.6907995480 40.0993856417 25.1822757732
7.3593204497 41.5477325550 9.9852058549
8.0392682288 42.0321816145 9.3721622760
7.4915699442 42.1301414529 23.9134124348
7.1583355689 42.7764618308 9.8642572223
7.6821384904 43.3601459401 9.2136825277
7.6268233247 43.0917074614 23.7706611623
6.9781741920 44.1962814523 9.6835470291
7.5587639705 44.2575894758 9.0524129076
7.6861330991 44.1393301921 23.7147714008
7.3816498372 45.0052484450 9.0856423873
7.7967890958 45.4727619713 8.5271683043
7.7725374542 44.7330705537 8.6722948625
7.7059037732 45.2264515761 23.6954224684
7.4189423704 45.9309457444 9.0090169621
7.8723070330 46.2245687300 8.5001627966
7.7101297686 46.3262081257 23.6866987430
7.6850615842 46.6801748763 8.8771270546
7.8937958947 47.4963127050 9.1097245102
7.7090062392 47.4238968883 23.6768845155
7.2954667847 48.3766295823 10.0369635422
7.8749699810 48.2875681140 9.6267800244
7.7076983293 48.5104033104 23.6511946356
7.7661510896 48.8563198446 10.0703156121
8.0457646721 49.6987503829 10.5451331197
7.7123969521 49.5692888677 23.5808573747
7.4974064403 50.3472888021 11.2058542228
8.0496151737 51.0035777943 11.4783333784
7.7297794574 50.5578719093 23.4300724679
6.9255147180 51.6706573715 12.4893098622
7.8337710861 51.6417700108 12.0803661842
7.7634552219 51.3791520769 23.1981227725
7.4805944462 52.2852961108 12.7883292900
7.1265824028 52.8870943177 13.5267266667
8.1002984833 52.8826993199 13.1177584753
7.9265176904 51.9021184965 22.9279060009
7.7142472984 52.5705953058 22.5050201603
7.6439633237 53.4532275768 13.8305599077
7.2438320831 53.9746299027 14.5136868117
8.1461796914 53.9948001509 14.1792944500
8.1183111947 53.2280513908 21.9472854046
7.5311358047 53.9079405014 21.4671739576
7.6597976997 54.5143486526 14.8580549175
7.1504205733 55.0294415751 15.6141630536
8.1369253010 55.0705446339 15.2707832856
8.0750491523 54.4656957151 20.9174475827
7.4640692295 55.0786226156 20.3812997956
7.6193643427 55.6033865117 16.0126382417
7.2604627926 56.0639349559 16.7651540090
8.1656658116 56.0840287966 16.3293651189
8.0023131757 55.5978474972 19.8260611421
7.4070092924 56.0390133582 19.2480944950
7.8029471878 56.4217635980 16.9381989224
7.6662306563 56.5712658174 17.4074416018
8.2936925994 56.5790937817 16.8979444616
7.7451665234 56.5726269588 18.0746142217
7.8698035647 56.4088347668 18.6306801874
9.6948372292 3.4913733968 22.1710649790
9.7237288208 3.5405948778 22.0172867680
9.8330539344 3.3609786130 22.1698978149
9.9652147415 3.3433331764 22.5703148784
9.8761888623 3.8130267887 22.0219343005
8.9477464894 10.7701032960 15.7573787025
9.2211368230 10.6273275650 15.0890267230
9.4541319779 10.1975949767 15.5502096788
9.3992993710 10.0668476538 16.2336581287
8.7089882455 11.4328122855 14.7757032302
9.1906244554 11.2341117882 14.1750092941
9.4526218338 10.8305717802 14.5420715294
8.5406363371 11.5487476187 15.8219992556
9.0124723198 10.6311716181 16.4925545433
8.7249429051 11.3318865340 16.5754702328
8.9812233987 10.9346867459 16.9994196528
8.4389388312 12.2356804879 12.7348557411
8.9811512845 11.7192158214 13.5864132723
8.0916070257 12.2283639413 14.7418571706
8.1726643747 12.2747629787 15.6067051530
8.3910777008 12.1238243694 16.4885700822
8.8738781356 11.4527784468 17.2588263434
8.6538895924 12.0415975032 17.2162007014
8.9602541936 11.8753142390 17.7291848072
8.8414221196 13.3135279854 6.0050008842
9.2134586333 13.3213649710 5.5756587475
9.5318717972 13.0513657081 5.9764347893
9.4519593223 12.8726137020 7.0182304744
9.1521900703 12.8241755010 7.8613653605
8.9683219777 12.7531351523 8.8943761496
8.8697397799 12.6739370514 9.9294633264
8.7645536103 12.5689494198 10.9236584728
8.5993847822 12.4261737881 11.8834220692
8.0942435341 12.8750658167 16.5231001122
8.3842400196 12.6876761365 17.1542197626
8.7847782130 12.6837638344 17.9316565681
9.0648141577 13.6679182635 5.6413828074
8.5862646626 14.1035494543 6.1750978682
8.9208807620 13.5376124417 18.7149527420
8.5744787930 14.1830260078 18.8585280153
8.9567877904 14.2103053070 19.3583089098
8.6161628793 14.8810294302 6.7423823535
8.2850298035 15.6791541907 7.5850574319
9.1514772575 15.8916127878 7.1639425956
8.8933292845 14.7975856125 19.9339186964
8.4624875583 15.2983454668 19.9531641397
8.7303215405 15.3644553480 20.4868233407
8.4297692099 16.4749647022 7.9799902177
9.3096365339 16.8350368200 7.6096813545
8.4136143488 15.9624172160 20.8855455021
8.0694573295 16.6568685356 21.3221529426
8.7866163536 16.1063753461 21.8610113342
8.3957695641 16.9551360767 22.3097538851
9.2645582787 16.2080852766 22.9095734128
8.8236925405 17.0265810077 23.0721386802
9.2768020363 16.7816628197 23.4810173049
8.7273294440 17.3386769359 8.1648495627
8.3788172913 17.8835351138 8.6493124048
9.0079960045 18.2189084425 8.2951510747
8.3224539769 17.8340730694 22.9255936915
9.0138750079 17.5239457783 23.5545387788
8.3964451320 18.6483476507 8.8921170272
8.9343009954 19.0754750053 8.6141582972
7.9914371194 18.7299573975 23.0378414244
8.6538925884 18.6167345422 23.6013758972
8.4134821549 19.6083724561 9.1759713155
9.2733880377 19.9580885839 8.6883234246
8.5348930807 19.6887141992 23.8803915597
8.6541628891 20.5367864945 9.2575733785
8.3073371344 21.0938600553 9.6982914326
8.8533229063 21.3652149235 9.3516092986
8.4734727254 20.4217491296 24.1155267438
8.0764446370 21.0561668340 24.1437772833
8.9278580978 20.8187856715 24.5515602315
8.3657137878 21.8796024725 9.8587877852
9.1320758896 22.2800879373 9.4718553498
9.0236927208 21.8034281029 25.0762312834
8.4433158650 22.8061545276 10.0065444231
9.0617010654 23.1389384100 9.7418129419
9.1031782387 22.5503529384 25.5650814537
8.4759914562 23.1068928145 25.5711358503
8.9145044670 23.2341416808 25.9531012581
8.6009336980 23.6883077022 10.1187889568
9.3801174511 23.7888577109 9.8430579936
8.9279922203 23.9278080639 26.5022432507
8.4682590759 24.9509564676 26.9611447120
9.1707046946 24.3932024759 27.1560225473
8.9069010293 24.3596579616 10.1794485805
8.9145215196 25.1175604493 10.4375910594
7.9620181199 25.9030661878 27.1278668230
9.2920584310 24.8672415506 27.6940172917
8.7249839269 25.7200070022 27.9241743387
9.3463656252 25.3539757965 28.2651048336
8.0013519453 26.3132220977 11.0204296618
8.8754610854 26.2417855403 10.7276782734
8.0742745028 26.6907486724 27.8939430186
9.4136483708 25.8547880317 28.8286908985
8.7813844187 26.6727573125 28.9137228184
9.3821395598 26.3841797372 29.4351598665
8.1226495244 27.1471334249 11.0501192122
8.9460348180 27.4641084573 10.8263059095
8.1495573333 27.6709638425 28.8271701298
9.2821956706 26.8948351727 29.9324215201
8.7177115239 27.6223313813 29.7517757685
9.1341752057 27.5343195325 30.4614425099
8.1148203666 28.1902220514 11.0547057501
8.7659131066 28.6931952955 10.8390060700
8.2703709712 28.7720637332 29.9493398993
8.8276982213 28.2167060072 30.5845867522
8.8928331825 29.7721821473 10.7638851719
7.9450031993 29.9862388349 30.2157569107
8.6426316040 28.9299516600 30.8999643480
8.3965098592 29.8380851297 31.1054456058
8.7914937246 29.2446710181 31.6442995846
8.6982430384 30.0681551353 32.1066458167
9.0018338535 29.4617347866 32.4249008416
8.9329165875 30.1618185862 32.7087132439
9.2604896706 29.8893060242 33.0062824521
8.9323178257 30.8456646633 10.7135787657
8.0493248412 30.9556402964 30.9818479086
8.4792168902 30.9024847559 31.8803105691
8.8280987633 30.7989185023 32.6124237979
9.1479526516 30.5757673823 33.0248125281
8.9351515727 31.9502233723 10.6509132253
8.3538023305 31.9867831068 31.7143775367
8.8147923865 31.6573763102 32.4879837054
9.2643383998 31.2823474397 33.0264833811
8.9061904516 33.0758406634 10.5300635051
8.6245908614 32.9314269625 31.7773640411
8.9602417855 32.5367016438 32.3473883836
9.3965831436 32.1246317517 32.8984656928
8.8289610085 34.2372825840 10.3108538519
9.4105145663 33.3195988451 32.0992524776
8.6782628108 33.7334246394 31.3139142391
9.5657424204 32.7820428241 32.6852085275
8.6453689865 35.1346962044 10.1438198955
9.1579417907 35.3668163869 9.9034592440
9.1775106622 34.6997548135 10.0287719067
9.1628444896 34.5814930345 30.8493062521
8.5871449053 35.1498244643 30.2755343262
8.4241124895 35.9912267998 10.1047846509
9.1381944041 36.2701972834 9.8091161300
9.1067405673 35.7973376565 29.7623905370
8.5524173275 36.3662237798 29.2131838812
8.3413207243 37.0525786907 10.0337328880
9.1190539385 37.3057914346 9.7460283931
9.0977642597 36.9335862233 28.6676256493
8.5469032670 37.4871424884 28.1147308420
8.2829180796 38.1334732075 9.9825973538
9.0575656895 38.4124001008 9.6939679521
9.0957500687 38.0270263585 27.5442613039
8.5297097697 38.5738482580 26.9732550297
8.1840588420 39.2001215534 9.9282792912
8.8781425073 39.6846166724 9.5979542721
9.0481001546 39.0891293342 26.3314126237
8.3869356354 39.6003566554 25.7560881014
8.9988977628 40.9034224867 9.2470387344
9.1542820201 40.6624646586 24.4832578414
8.3637807665 41.3209314048 24.1489123537
8.8073999933 40.0966808548 25.0899770331
8.7567272755 41.9169448717 8.9257599096
9.0798192559 42.2747840241 8.5355253086
9.4439462980 41.5021901265 8.7786153234
8.5896527840 42.1570940894 23.8696611708
8.4298244561 42.9265508818 8.6731255933
9.0621658087 42.9955450156 8.0777245676
8.7092604936 43.1275416544 23.7361304972
8.5983531327 43.9364832883 7.9525647539
9.0481835824 44.0940491277 7.2473736850
9.0258295050 43.5594977181 7.6731367903
8.0183259675 44.0171603994 8.6129513361
8.7581562868 44.1772421064 23.6795393745
8.6768624515 45.0554817857 7.3129133580
9.0445759105 45.5400954047 6.4821367318
9.1070572365 44.7458181139 6.6762273813
8.1691504854 44.8786894690 8.1384228366
8.7712812465 45.2722779780 23.6501932692
8.7675689971 46.0855749493 7.0368123834
9.1127976188 46.2657081828 6.4502410817
8.2993383048 45.9528330830 7.8730423095
8.7609221605 46.3873851887 23.6330104265
9.0195270707 46.6690180154 6.8535914348
8.7416276926 46.7493494479 7.4668485841
9.2110381585 47.0951891088 7.0996496509
8.3077245175 46.9396665569 8.2968776010
8.7474620156 47.4968342380 23.6162617737
9.0805708147 47.3949850565 7.7696507610
8.7835086414 47.7794860158 8.5547114308
8.5085631018 48.2187638088 9.1670214909
8.7395923599 48.5883742489 23.5752578011
8.7693687233 48.9810580619 9.6851491350
9.2610486686 49.8117740214 10.2351723430
8.7327326623 49.6513413134 23.4702178765
8.2475833679 50.4932471973 11.0148287409
9.0015632946 50.4132630656 10.7874308827
8.6937555622 50.6698878617 23.2717975936
8.7694605467 50.9223680648 11.2173884731
8.9632982771 51.5546102797 11.7568598747
8.4143570947 51.4218212624 23.0745881749
8.9962532643 51.1493397431 23.0358904005
8.7377046494 51.8299791156 22.7403914994
8.5380450554 52.2637942454 12.4459412683
9.1815460349 52.8574813524 12.9402807036
8.7841774464 52.5550485325 22.2711539740
8.6598959432 53.4478326053 13.5503632172
9.1155921986 53.9795495451 14.0313242229
8.9900286186 53.0426266219 21.8911009083
8.7898286908 53.7056294129 21.4318246316
8.6258558156 54.5182726353 14.6072941289
9.1870680392 55.0155913533 15.1015184389
9.1948019907 54.3637196846 20.8504503311
8.6132042410 55.0176132760 20.3655109517
8.6635232335 55.6002197191 15.7213111874
9.1203979455 56.0641517094 16.1485713776
9.1545171049 55.5443946756 19.8169781321
8.5311997652 56.0680386292 19.2824603990
8.6638729970 56.4174306612 16.5700928954
9.1826984537 56.5278413956 16.6846186478
9.0863732984 56.4311780597 18.8697903007
8.5740705751 56.5985335519 18.5492143477
10.4340546864 1.9332724248 23.7873010119
10.5253777343 1.8660079115 23.5698210547
10.7088571645 1.6314994869 23.8560966072
10.7811238519 1.6572071372 24.0382830542
10.2582823679 2.4585087959 23.1828494904
10.5129153055 2.4310431996 22.8839513447
10.7356418243 2.0803324622 23.2187229948
10.3549614011 2.4754999890 23.6635628096
10.7252493615 2.0021293222 24.0312298007
10.0922707708 3.6095753761 21.8397306906
10.4049296192 2.9784464285 22.4013434787
10.1468022366 2.9856903047 23.2179690132
10.4812336704 3.0761637199 23.4951217120
10.7985978745 2.5436944295 23.8961006189
10.1622689938 4.2019577825 21.5131065233
10.4432138245 4.4627007794 21.1571651919
10.5527822507 4.0694338627 21.3157891524
10.1412379050 4.3967901344 21.7783530033
10.2627981699 4.1637238068 22.3883880842
10.2755124877 3.5732734161 22.9961553529
10.4674000009 4.9335191085 21.1839263155
10.4222493631 4.7991821040 21.7950099126
10.1276502772 8.4589024441 17.8861246167
10.3309591757 8.3996424094 17.3042968162
10.5438581131 7.9262339705 17.7525206485
10.5861531322 7.6036085525 18.4355031060
10.2540586933 8.2352564242 18.5323993757
10.5862280510 7.7935541641 19.0284601140
9.8918456585 9.2668488645 16.9772967982
10.3289643053 9.0876159631 16.4228106507
10.5525359696 8.6628343413 16.8016104326
9.8363300716 9.2761345776 17.8782821652
10.0628996851 8.9311216840 18.4153876707
10.3730363100 8.5531861460 18.8378763808
9.8316110904 10.2687920533 15.0494806322
10.1700306970 9.6404362910 15.8588053427
9.2942322464 10.3021630875 16.9994399952
9.5935400955 10.0828250566 17.7192682485
9.9372578314 9.8331080544 18.3801974668
10.4033099776 9.3621740342 18.8345444760
9.7582490635 11.1438597925 13.9663372254
10.2444279043 10.6254002368 14.4731127091
9.2266979471 11.0758435430 17.6620496129
9.7589991007 10.8786504544 18.3851182813
10.3995955633 10.4929726667 18.8649662078
9.3924850137 12.0462516596 12.6512303666
10.0848263265 11.5872102576 13.3283086021
9.3998164766 12.0011272799 18.4000916776
10.2593346963 11.7190414785 19.0718954391
10.2973939155 13.2459236233 4.4814070435
10.6047629769 13.3039434940 4.1631996538
10.7513533480 13.1398995560 4.3659893576
10.3874793973 13.0467697818 5.1171886848
9.7500424726 13.3585100333 5.0760712405
10.4286954634 12.8865526885 6.0274330960
10.2271091665 12.8265679373 6.8507574830
10.1048532465 12.7672874400 7.8377778541
9.9933014908 12.7232304744 8.8557259351
9.9158277328 12.6567132957 9.8940500365
9.8267388667 12.5363836013 10.8880556620
9.6628289195 12.3334608624 11.8040951827
9.2000279059 12.7906272861 18.5850215147
9.7651080886 12.7677644845 19.1656798869
10.3421561386 13.5000704514 4.5028218042
9.9141443584 13.8216580713 5.1051359987
9.3711838514 14.2643389946 5.7878865434
10.3326703574 14.2984788997 5.4286938727
9.8482904174 13.6304341246 19.8139478949
9.3624545567 14.2552754903 19.8896216005
9.7791949840 14.3095487701 20.4812999292
9.8595346763 14.8098072617 6.0793124417
9.5659456955 15.3296269615 6.5821307256
10.3251871897 15.3025936093 6.3621331088
9.4506630972 14.8862579556 20.9185094888
9.1267735731 15.4590429462 21.3834681473
9.8705110817 14.9734016958 21.8660567513
9.5022877382 15.5380958156 22.3105060889
10.2934441820 15.1085598422 22.8269522347
9.7450194438 15.5888519530 22.8947915037
10.0106723658 15.6990241119 23.3590643720
9.9320999266 15.7424226304 6.7563778775
10.0473954062 16.3539982424 7.1181594560
9.7919122969 16.3085832323 23.6787753469
9.6726760152 17.0455548336 23.9282230893
10.3392535952 16.5071786818 24.1132555130
9.3793762041 17.5819483547 7.8707032946
10.2463293221 17.4387240108 7.5484861211
9.5045640327 17.9920969622 24.0468924481
10.2911794482 17.3771555888 24.2934697166
9.6927971092 18.1368589416 7.9046742820
9.6741991858 18.9903779950 8.1785024607
9.3148553026 19.0586974744 24.1738194318
10.1931329637 18.4288714568 24.4234977266
10.1872159220 19.8645517037 8.2697131632
9.0507079847 19.9433376504 24.2877959507
9.9564654350 19.6823342086 24.6029215734
9.2340142799 20.8329225327 8.9527371025
9.9249628492 20.7117338975 8.6369342605
10.0191962268 20.8242746001 25.0265688881
9.5526938281 21.4983067663 9.0098832174
10.3733657675 21.4507314214 8.7787620861
9.8262254522 21.5733584917 25.3287481941
9.5238983019 21.9827774986 25.4220260965
10.2255462790 21.9969155249 25.7159665837
9.9097400763 22.1223530723 9.1050088513
9.9210043562 22.9283675840 9.4372912794
9.7269994871 22.8367546325 26.1066140233
9.3923642132 23.3185553605 26.3203635943
10.0633360651 23.3740368987 26.6937200220
10.3166780989 23.7772776130 9.7377986403
9.7468357157 24.0302289599 27.1809146024
9.5624665638 24.3992312699 27.4680226134
10.1550304724 24.4599947892 27.8110939505
9.6530135926 24.5434120008 10.0774400658
9.8916603442 25.4148893781 10.3985386115
9.8831732660 25.0557344701 28.3240407725
9.6801058816 25.4153219027 28.6068089807
10.2875072489 25.4855870548 29.0182780120
10.1419253499 26.6318914842 10.7058980000
10.0561023544 26.1040737880 29.7463014553
9.6255612526 26.4707126125 29.8633397186
9.9476797467 26.5640167371 30.4192289500
9.6314248773 27.8566369468 10.7593797302
9.6318601982 27.1047456740 30.8613105654
9.2986273282 27.8707403872 31.3073685323
9.8837824986 27.2236226150 31.7883797790
9.5607147000 27.9215479520 32.2661961684
10.0270489683 27.2538747578 32.5915545691
9.7043137326 27.9054331577 32.9155736395
10.0810411575 27.2605385830 33.0358628611
9.7563846476 27.8599029134 33.1404128222
9.7236628304 28.7978782413 10.7563661764
8.9407324551 28.5743585048 31.2734055076
9.1502526900 28.6352027970 31.9734537604
9.3818491121 28.8379114534 32.7847745885
9.5817132667 28.5385444901 33.1280532198
9.8084996313 29.8855283397 10.7207585831
9.6265088341 29.6565225449 33.2488425389
9.8726121811 31.0123116578 10.6637711192
10.3436694337 30.3956459019 33.5044307043
9.7469842325 30.6387977884 33.3183721822
9.8716680664 32.1419515672 10.5439500125
10.0141339439 31.5987335329 33.2653274001
9.8914050730 33.2647938004 10.3161406646
10.1405161281 32.4286811915 33.0463144175
9.5941081068 34.1378245318 10.0880612117
9.7929496327 34.6818588215 9.8935483613
10.3653570205 33.9295531610 10.0560163182
10.4307553900 33.6552091758 32.0811945287
9.7571426630 34.0703591525 31.4762929109
10.2331729481 33.0836301234 32.6444545439
9.9133966329 35.4696611612 9.7353220628
10.2290268837 34.7020427831 30.8971102597
9.6652896048 35.2374623201 30.3205052763
9.9779496201 36.4263091389 9.6328842087
10.2000578539 35.8185691760 29.7696936180
9.6491385634 36.3762343541 29.2178629373
9.9886337676 37.4779264016 9.5710084366
10.1900954573 36.9219296205 28.6599208833
9.6440159439 37.4754457755 28.1078898868
9.9674385743 38.5948392410 9.5062745637
10.1897506791 37.9803347685 27.5213861689
9.6499179118 38.5409180413 26.9236423061
9.9883540447 39.7394910788 9.3443071756
10.2454422795 39.0413474920 26.1670877139
9.4864172440 39.5848220201 25.6322976379
10.0289522710 40.6678472349 9.0403144260
10.1149413591 40.7218320193 24.2436669062
9.4682610888 41.3585067008 24.0226317279
9.9994597314 40.0832904588 24.8648920300
9.9170922390 42.1109826469 8.1815484519
10.1217293585 41.2458629683 8.6974096627
9.6621809337 42.2243292619 23.7600462378
9.5652412070 43.2301818457 7.4112786558
10.0866631366 43.2897579689 6.7890767488
10.5406833065 42.6356786091 7.3081058481
9.7236746225 43.2008142799 23.6415733034
9.8988991452 44.3464161496 5.5579365167
10.0936542988 44.4818717408 4.8408954190
10.4472509157 43.9997243626 5.0942584679
10.3516880930 43.6001043691 6.0129869361
9.5897362652 44.0285796125 6.5212712265
9.7821458087 44.2466050218 23.5583143239
10.0862847583 45.3044002128 4.0968254723
10.4316232250 45.2619728885 3.4816073517
10.2723335297 44.9653066274 3.8029672711
10.1671620890 44.7724369600 4.2503828664
9.8181411942 45.1131083684 4.9682602433
9.4334735226 44.9619134573 5.9568914450
9.7679201575 45.3800607760 23.5046050912
10.2797557439 45.7307193013 3.8173139963
10.0364045813 45.9681129168 4.6363099303
10.5034511920 46.1488996290 3.9960020897
9.4998405275 45.9449283900 5.7180224385
9.7187845721 46.5227709313 23.4794240997
10.6289667409 46.6022609981 4.7810411525
10.0020179757 46.6521907870 5.4924332392
10.5149837341 46.9995173554 5.5649636672
9.5144045144 46.8248205229 6.3817092710
9.6973664451 47.6307307435 23.4507486206
10.2280183197 47.1863907739 6.1994751000
9.8976096485 47.4831241633 7.1614224462
9.6915337767 47.9644825988 8.1395340092
9.3181061769 48.4244217869 8.8993185619
10.3105267312 48.4608134560 8.6622525700
9.6962861483 48.7102040889 23.3861853757
9.9121582772 48.9555754837 9.3001148098
9.6742761113 49.4241243237 9.7803145563
10.4704023118 49.4109659087 9.7082961663
9.7284452034 49.7749419715 23.2337849579
10.0979399322 49.8092403245 10.0994280695
10.1524987138 50.3696362399 10.6537276844
9.4700139054 50.6133953310 23.1024085750
10.1975291185 50.3345509612 22.9200857281
9.6494958492 51.1251763967 22.7989252876
9.6744019513 51.0128818969 11.2299631828
10.2460311121 51.6133847981 11.8252434100
9.7095006008 51.8794809306 22.3632393616
9.7038759039 52.2240358035 12.3579483676
10.3061924847 52.7653935751 12.9736497786
9.4736364525 52.5743330780 22.0553118043
10.0493080457 52.3063785995 21.9991648214
9.8112637537 52.9784473140 21.6609447553
9.8202473069 53.4310599306 13.5599923598
9.9012031711 53.9715290123 14.0899454650
9.8613414494 53.7170731953 21.1685485923
9.5779026429 54.4312413027 14.5131290135
10.3421757400 54.7750075639 15.0526115730
10.0269606293 54.2282480357 20.7837092794
9.8299063065 54.8491345485 20.3280075495
9.8339534934 55.5485299502 15.7193465819
9.8988821153 56.0545155205 16.2075549108
10.2708111408 55.4398187473 19.7459795904
9.7021561963 56.0181862802 19.2973937126
9.5675891865 56.3534700187 16.4800280161
10.2871666689 56.3995400373 16.7761227482
10.2252546861 56.3842113676 18.8526256783
9.6319806271 56.5934632684 18.6807954870
11.0624779590 1.7193834335 23.6208436970
11.2429810319 1.5582632314 23.9577866505
11.2605952411 1.6758771535 24.1421573203
11.0644267272 2.4612726639 22.7806568832
11.5323086609 2.0480390120 23.2407136811
11.2839198031 2.0749469535 24.1228618383
10.8836646648 3.5209686578 21.7325212353
11.4205772597 2.9950946725 22.2635489632
11.3809256911 2.5949178341 23.9082969318
10.9851542529 3.0473655429 23.6497841992
10.8766702529 4.7185349471 20.8084676994
11.2308638174 4.0865408839 21.1735400643
10.4744165322 3.9735595931 22.8717651321
10.8156211296 3.6728564811 23.1786871263
10.8422135872 5.7499300209 20.2971478457
11.1772096620 5.9489899008 19.6714398949
11.2964353139 5.2903694428 20.1813510604
10.6774829503 5.6270446263 20.8637440012
10.7340063468 5.4558712573 21.3794365258
10.8323162138 4.8586918526 22.1128571262
10.7231225652 4.2439637798 22.7086711401
10.8699206204 6.7478978366 19.3398439569
11.0654011772 6.9564413710 18.6593452966
11.3336525867 6.3773743883 19.1369946224
10.8222387156 6.5106314048 19.9819912909
10.8917541646 6.2696322778 20.5836094742
11.1250979832 5.9264336203 21.2056527355
11.0275826596 5.4400450627 21.6731873839
10.8575306406 8.0802820359 17.3178109615
11.1004301459 7.4717061455 18.0145349206
10.8971407303 7.2107680260 19.7526244740
11.2100971614 6.8889570726 20.3044894861
11.1732644772 6.4199572414 20.7576146743
10.8805823728 9.0664485138 16.2826010160
11.2555869306 8.5250498740 16.8547273056
11.2598876959 7.5849414270 19.7523131991
10.9584198209 8.4551444898 19.2200232899
10.6844379746 10.1030109184 15.0801327401
11.1913826579 9.6294917788 15.7006001988
11.0531264765 9.8448985732 19.0289469701
10.6734800124 11.0923483967 13.9310283438
11.1212052626 10.6074506538 14.5445910808
11.2130009529 11.2370722835 19.1961099405
10.4613164709 12.0046097251 12.6056140114
11.1209873332 11.6070409015 13.3677358051
10.8773686835 12.0445192423 19.5391123952
10.5102373575 12.5041843131 19.6195136246
10.9482427557 12.4612609058 19.8089640648
10.9570692657 13.2582930006 4.1043842813
11.3173606376 13.1716937012 4.3816036785
11.2405659865 13.0320611124 4.9570897740
11.1610299576 12.9124152421 5.8163158505
11.1109956308 12.8352562013 6.7808077093
11.0435610966 12.7956217577 7.7920360085
10.9920146148 12.7606764119 8.8438638860
10.9449643747 12.7004690961 9.8942601349
10.8743577618 12.5730669887 10.8965769784
10.7282684696 12.3437103871 11.8052231652
10.2682843515 12.9917335031 19.7191626207
10.9230581233 13.0156682451 20.1382587232
10.9256467487 13.4639854158 4.2609571677
10.8229991882 13.8553972693 4.8264669404
11.0514993773 14.2667152352 5.3192669865
10.8058916594 13.8341765913 20.9276024063
10.2732933965 14.4432299603 21.4154546636
11.0942254441 14.2276384477 21.9574237697
10.5680861807 14.5958344727 22.2758180120
11.0836736212 14.4777253874 22.6105363341
10.7852613268 14.6841233857 22.7714498124
11.2054760107 14.8475565745 23.1513981385
10.9663467193 14.7482833950 5.8747863207
10.9859942383 15.3332262177 6.3698218905
10.7296601481 15.4175669291 23.5922221369
10.3565555173 15.9145600904 23.8518234988
10.9613520704 15.9549826363 24.0694067440
10.6161268369 15.8052626941 6.7050218715
11.0853636783 16.3898106808 7.0941765331
11.0452832829 16.7406079420 24.3326887317
11.3623710593 17.3125065375 7.5124279851
11.0821311198 17.7266773202 24.4893252160
10.2040945290 18.4421630034 7.8192660601
10.9499952554 18.3750916588 7.7390005815
11.0480953689 18.8140574533 24.6520272441
10.4741408507 19.1431688163 7.9443608665
11.0219297463 19.2000072089 7.9005986998
11.1176048499 19.9066473190 24.9325267205
10.7996001705 19.7076163874 8.0629634099
10.9970208596 20.4166127530 8.4012494704
10.8917699644 20.7438272151 25.2371357508
10.4137539531 21.2693404863 25.3805599385
11.1394252054 21.2660318148 25.5405091994
11.2494480496 21.4186623376 8.7692500711
11.4137701189 21.9275488194 25.9750761987
10.6619626190 22.1893025598 9.0438443405
11.1324178905 22.8407947902 9.4072880156
10.7479781175 22.6376427607 26.3336084644
11.2364108035 23.2045657985 26.9217449044
11.2716731328 23.7272712821 9.8218774416
10.7051417847 23.8344931571 27.3764197010
11.2493864590 24.3316971986 28.0097861165
10.6236109177 24.5442134557 10.0839337024
11.1899270849 25.2814094918 10.5249084489
10.7766068236 24.9056828739 28.5145767612
11.3565237606 25.3642039539 29.2029704475
11.1315838511 26.2194506110 10.8267172068
10.9409340380 26.8701310403 10.9012934536
11.6034607169 26.5762543852 11.0777410893
11.0735837177 25.8407409872 29.8900110213
10.8961874320 26.2843076272 30.8355156681
10.3202718119 26.6849582050 31.3596490046
11.0663883721 26.4637330534 31.9478086624
10.4842359966 26.7546455110 32.2610681316
11.0518762326 26.5148264823 32.6861805953
10.5103949363 26.7824673963 32.8844952704
10.9053666614 26.5635896201 33.0175365720
10.4978683236 26.7930233218 33.1037683684
10.5507400349 27.7556205077 10.8610845415
11.3235789610 27.2777740110 11.0729927007
10.6433828801 28.9418023382 10.8789703079
10.7479282675 30.0854937501 10.8446263498
10.9296098413 31.3119461695 10.7480174099
11.2388834595 30.3628219008 33.5916752187
10.8496253946 30.9110475693 33.4659606871
10.7056089237 32.3806792534 10.5157317661
10.9038111713 31.8761182728 33.2681232575
11.0079695105 33.1409703635 10.3339581781
10.9573469436 32.6544111612 32.9814094547
10.6248717226 34.6725456861 9.8395695563
11.2702264546 33.9412649281 10.0871981496
11.4135886367 33.7319263920 31.9975025611
10.8131700393 34.2055929250 31.4776413455
11.1237375906 33.2362925759 32.5463433728
10.8102014776 35.5606118479 9.6882090391
11.2858841869 34.7321680430 30.8907210756
10.7459260396 35.2686838052 30.3283512465
10.8805073361 36.5637606119 9.5878588670
11.2753215860 35.7993874698 29.7549854626
10.7395134663 36.3614001302 29.2044556365
10.9079588068 37.5934191975 9.5319576941
11.2474649089 36.8749330260 28.6225888789
10.7146957437 37.4311126215 28.0877505306
11.0020340944 38.6781416001 9.4852354795
11.2278789537 37.8544682172 27.4786439717
10.7434190937 38.4098448684 26.8716593570
11.1427655469 39.9625798342 9.2776701669
10.3621499184 39.5484594920 25.4474697775
11.1479036538 39.2028096504 25.4964874104
10.8525927995 39.7446994151 24.9363517628
11.1870187930 38.7190756777 26.2433309430
10.6303822543 40.7654196338 8.8936446907
10.7281251102 41.3131841390 8.5474564184
11.1959570341 40.7817918741 8.8901273305
11.0923799642 40.2896876394 24.1308869319
10.7050180764 41.3945638790 23.7161443534
11.0683479608 41.8830888153 8.0005956854
10.4785010448 42.4167582910 23.5743584642
10.6196208405 43.0662628053 6.5919667615
10.9716539217 43.1727321819 6.1101570724
11.3406858268 42.7813371360 6.6732568359
11.4143084550 42.2831615901 7.4332658659
10.6446854383 43.2570390559 23.4151556240
10.7069893063 44.6064541734 3.6299124166
11.2557352457 44.5772807533 2.8756020814
11.6043381918 44.1379359914 3.4971434513
11.0205612795 43.9851998329 4.4011708127
10.4335121349 44.3251181668 4.4211598595
11.1585316045 43.4978800921 5.3537520321
10.7525456931 44.3684741261 23.2296998851
11.3361991897 45.2815415766 2.0020577993
11.6103483602 45.3343901113 1.7067480059
11.6116096555 45.1093193714 1.7503392623
11.5237782152 44.8353930356 2.2078853056
10.9588627391 45.1448590842 2.7451566297
10.5715143920 45.6284026186 23.1943022686
11.4997788504 45.5580284552 1.9203332989
11.1979583223 45.6682755106 2.3947313638
11.6355184384 45.8533118227 2.2243375967
10.7738417640 45.8154666559 3.2273811634
10.5067112748 46.7509664125 23.1579870186
11.3839540301 46.0817101512 2.8525486842
11.1905508471 46.3556645692 3.8324395931
11.3961058987 46.6757887817 4.7346339777
10.7978442481 47.2458606101 6.0495422139
11.2089998937 46.9842043842 5.5579308023
11.3064477784 47.2693107579 6.3024322564
10.4997998172 47.8318848038 23.1168423165
10.9216169091 47.4992794190 6.8439606444
10.8093601655 47.9711272687 7.9336577366
11.1134398151 48.4044235968 8.6516049395
10.5243810451 48.8537415085 23.0475296538
11.0208031621 48.8693984088 9.2339690573
11.1611760891 49.3697191164 9.7648805646
10.5571549910 49.6151332196 22.9567185737
11.0532203818 49.8530986305 10.2575972806
11.0965894507 50.4403385141 10.8104849989
10.8824948333 49.9950339104 22.6551289956
10.6799789958 50.9223639639 22.3922040827
10.9783713963 50.9824848880 11.3544124708
11.1432151227 51.5769098199 11.9744897451
10.4872833914 51.7785975795 22.0978883058
11.1536680283 51.5233261003 21.8526086282
10.6676255997 52.2976000771 21.7092361099
11.0205921830 52.1075319305 12.5266144182
11.1926631230 52.6618476764 13.1654226936
10.7650865198 53.0789143094 21.2151271252
10.9192977798 53.1529410013 13.5869356419
10.3204563662 54.2253036254 14.4571721652
10.6586573101 53.7261572757 14.0887007280
11.0952648960 54.1449163440 14.7010178334
10.5274583052 53.8001351861 20.9171508257
11.1852580536 53.6114601605 20.7189951565
10.6819092309 54.2674093805 20.5275630687
11.3973371792 54.6398275752 15.3395161353
10.8466005897 54.8270081999 20.0653410085
10.9794927310 55.2422642037 15.7691400647
10.3032094627 56.2157950453 16.5010947476
10.6648789752 55.8229802167 16.2421114126
11.0655286010 56.1211114024 16.7919384056
11.1133068661 55.2595141836 19.6570698807
10.9381142150 55.8416649991 19.2065142829
11.3052801157 56.3622919189 17.3964191775
11.3109820614 56.3171521241 18.5845255611
10.6316366534 56.5531995453 18.5407451169
12.0056872547 1.7880387808 23.6712828541
11.8921856910 1.5819578081 24.0067583430
11.8542453115 1.7426111295 24.1340111292
12.1027230040 2.6007064069 22.7889278716
12.3212391002 2.1142694948 23.3253672530
11.8424105179 2.1453746573 24.0207771139
11.8405123562 3.6154302818 21.6891628320
12.2781607526 3.0280770893 22.3909629062
11.7954637000 2.5492430745 23.8209526421
11.6042976627 3.1845418751 23.3895209006
11.5084142433 4.6272123946 20.7094043327
11.6969280335 4.1850872799 21.1060102017
11.3343017150 4.2330392181 22.6878960360
11.8280976089 3.7452313103 22.8660641329
11.9098214896 4.2891487808 22.3305283306
11.5761511119 5.7609026130 19.6769437414
11.7262089902 5.1600388999 20.2613663571
11.4728636391 5.2664718416 21.7633655564
11.9747319272 4.9831159856 21.6556575874
11.8511925987 5.6557501136 21.1890099078
11.5093008735 6.8431270581 18.6280160608
11.7203823721 6.2827210426 19.2107263510
11.5450833195 6.3231130277 20.8012503763
11.9313148231 6.1425904678 20.6309023153
11.8527765240 6.6977660832 20.2380614859
11.4924078243 7.9538042301 17.5291047038
11.6679914887 7.3966197880 18.1716499370
11.5979568785 7.1572205501 20.0452068596
11.8967150699 7.1955530530 19.7279833630
11.6717317263 7.9694951214 19.3511248329
11.8369166979 9.2627952391 16.4358755043
11.8299563399 8.5264677997 17.1665939257
11.6433967169 9.1341576215 18.9370065408
11.5451709384 10.1962808497 15.1626775824
11.9151718247 9.8788674978 15.7271219584
11.7599424646 10.3017494519 18.8306038059
11.5868756655 11.1660089517 14.1355809379
11.8296300401 10.7306523847 14.7700452183
11.9773403953 11.2484662190 18.8544685927
11.4927064101 12.0862989264 12.6868812586
12.1340583975 11.8171574026 13.6615485769
11.4466377116 12.3273264280 19.7377551839
11.9150071548 11.9109801657 19.2214727388
11.3071863243 13.3357862782 4.2341923503
11.6866640111 13.3129622401 4.5175838919
11.9441541378 13.2092553499 5.0187851660
11.9535976924 13.0622862757 5.7879492167
11.9450274183 12.9802995429 6.7318212647
11.9292821152 12.9392985270 7.7654685987
11.9091244302 12.9097415349 8.8350834800
11.8860811472 12.8547686018 9.9103735609
11.8376355002 12.7221824082 10.9446533123
11.7194793704 12.4665936304 11.8738821222
12.3088829605 12.7033235838 19.6036076113
11.8579535260 13.0252638508 20.3069123874
11.5839601438 13.4308083082 20.8335122439
12.2000925518 13.4853117447 20.8933494794
11.5634131601 13.5966371347 4.6620301015
11.4195715558 14.3782888921 5.5269269435
11.5557447413 14.0570878896 5.2085990950
11.8892919974 14.4679382447 5.8359021395
11.9997035013 13.9353263102 21.6550102280
11.7225989826 14.4098903912 22.6157137955
12.1848722130 14.9813448043 23.3404977568
11.2725729813 15.6664886162 6.6631970432
11.6153596071 15.1287490830 6.3449798513
11.8843545674 15.6773017598 6.8609514142
11.5266803964 15.4170637056 23.7896826474
11.6986660998 16.1264519359 24.1711607023
12.0514723863 16.4432443717 7.3763897979
11.8476794433 17.0228358563 24.3673527545
12.0273726503 17.1918123415 7.6626397644
11.7732195446 17.9496119113 7.7991289085
12.4116456774 17.4398482539 7.9445259366
12.0226617676 18.1284495304 24.5243980938
11.5639830886 18.8775230093 7.9516771396
12.2759665426 18.3642226152 8.1304451323
11.8433651222 19.0964397201 24.7433513602
11.2897782796 19.6017279004 8.0746404470
12.0077496485 19.5021119199 8.3189506027
12.2053800146 19.7387841730 24.9134303240
12.0880877990 20.6219793694 8.7011291038
11.7398742784 20.5274011211 25.2365420929
12.1101094789 21.2190367296 25.6106528597
11.9003760800 21.4834120224 8.9293531467
11.4297660968 22.0301116169 9.0454640620
12.1560590020 22.0038478883 9.2885582217
12.3682339998 21.9395170651 26.0789551464
12.1511281404 22.9492571207 9.7557519704
11.8056088667 22.5650188195 26.4905283209
12.2223389325 23.1520629423 27.0211513388
11.9292525364 23.7469405119 10.0265191826
11.4488141049 24.3265285634 10.1443558001
12.1884257628 24.2575893909 10.4223531414
11.7496114450 23.7447489624 27.5126747715
12.2258107459 24.3003687228 28.0981664093
12.2427678286 25.0392305334 10.8251770757
11.7887121625 24.8593981694 28.6432001634
12.2872622859 25.4431372960 29.3029953647
11.8260654704 25.7939317845 10.9427192020
12.3142849431 26.1868600178 11.2864489616
11.8955493110 25.7690735972 29.8347588038
11.9707767931 26.1971933233 30.6971557006
11.8038344369 26.4427503946 31.7183132588
11.7047342735 26.5222152177 32.5189530190
11.4870393093 26.5100015549 32.8910140538
11.4205053456 28.1109269365 11.1519832132
12.1163302815 27.2139653519 11.4115207218
11.5300427857 29.2406823662 11.1776425228
12.3103160334 28.4383713743 11.6341575561
11.6353624252 30.3685036228 11.1060523389
12.3646429568 29.7259371914 11.6172784699
11.7936919525 30.0390728522 33.6044263868
12.1478664100 29.6911509771 33.5164326026
11.9865005039 30.1707231122 33.4229536869
11.8255406516 31.2388420212 11.0093959746
12.3692356487 30.8302238538 11.3951703053
11.7649170306 31.2447043703 33.2595449170
11.7752536720 32.2395195499 10.7482162021
12.3534961784 31.6103795159 11.1646094229
11.7013146881 32.1506000077 33.0653171810
11.9369728788 33.3593937268 10.4433723201
12.5557631625 33.0850381507 16.6051974862
12.6501630338 32.9158388736 16.4965966382
12.6697585491 33.1922035043 16.4706139065
12.6155083285 32.9794904878 16.7965572057
11.6569608133 32.7891412553 32.8126723683
11.5137723678 34.7532782421 9.9056562531
12.0009417009 34.1258813200 10.1995385841
12.6351038438 33.2558551184 16.7705744739
12.1920977814 33.7111241816 31.8676781142
11.8056673867 34.1999804071 31.4321225097
12.0630174315 33.1811995630 32.3769483182
11.7942375239 35.7452783254 9.8074551274
12.2480036680 34.6924809775 30.8636399506
11.7774434697 35.2487357882 30.3139875702
11.6224158773 36.7685039577 9.6561654592
12.2627145415 35.7206555785 29.7085080913
11.7996301080 36.2912750567 29.1408160647
11.8288914670 37.6068089498 9.6921174629
12.2032754453 36.7626011613 28.4922143299
11.6850420616 37.3253596537 28.0299977789
12.0780166031 38.6858917031 9.7883089963
12.0112726746 37.6261101609 27.4745205701
11.8572216345 38.0949128539 26.6955401040
12.2178047528 39.8350794740 9.7559393320
11.8482904024 38.9669240223 25.0265098765
11.5327299126 39.5161758339 24.6129503731
11.8234708698 38.6138284793 25.7687454942
11.5051865306 41.2869282854 8.5744592473
11.9476539607 40.7402268586 9.1557835833
12.4345408832 41.3805127634 12.1330720652
12.5506651316 40.9337723779 11.8764300767
12.4947831050 41.4899339194 11.6730059570
12.5786078361 41.0142680636 12.3465514227
11.4882621183 40.8411692065 23.4753871266
11.8784512499 40.2854664949 23.2631314402
11.9077006808 40.8983766185 22.9869429764
11.8443525490 39.7232692623 23.8191119624
11.5594065908 41.9845514121 7.7996865668
11.8679976897 42.1078429849 7.6711953695
11.8683047963 41.7865607076 8.1426599014
12.1328861661 41.4055020165 8.7013139395
12.3931518667 41.9898204270 12.1300475189
12.4830377674 42.2713607473 11.7051441698
12.5316511774 41.6883361982 12.5960092035
11.5530791773 41.3634393742 23.2361910399
11.3196694146 42.2205565582 23.2067719141
11.5311273597 43.0962365401 5.9342720108
11.9571198523 43.2777481106 5.4607806980
12.2578479229 42.9715276181 6.2252830869
12.1446351310 42.5002675962 7.2292057196
12.3823414224 42.5626916973 12.1068342285
12.4795035358 42.8882977623 11.9486142791
12.4820322781 42.6489418532 12.5905043458
11.3996883719 43.2754041745 22.9830974510
11.7432106010 44.4136084467 2.6835221930
12.1060091959 44.6132440664 2.2999721009
12.3267198437 44.2471985022 2.9826793340
12.3439347637 43.9553001388 3.7687405381
11.9692467537 43.6742338500 4.5786086604
12.4276653976 42.9627633973 12.2495978135
12.5530568107 44.1831223674 13.1140411025
12.4896954522 44.0962665148 13.2758170190
12.5134992725 43.8765242775 13.1076271474
12.5592538500 43.9794101610 13.4671624872
11.9468644623 44.5294028659 21.3600179157
12.2222311273 43.8681979616 20.7627957342
12.1451173112 44.6663001988 20.4241880539
11.7308282783 44.2746982132 22.1837591822
12.0976886436 43.5950761203 21.5308207673
11.4528829916 44.0331268471 22.7671203132
11.8633330954 43.3813681075 22.3426050229
11.8306336508 45.2025555053 1.6511745850
11.9327473179 44.9623261473 1.8461206046
12.5988113882 44.2860082509 13.4735764423
11.8447293257 45.6049942498 21.0338734311
12.0727867844 45.4756341218 20.1008797589
11.5867597840 45.2472435612 22.0296263871
11.2471116536 44.9057749176 22.7412122464
11.9578948574 45.4698561034 1.8943990643
12.0656575876 45.8561104946 2.2989660854
12.2300107708 46.6070269476 17.1940962559
12.4331007116 46.0749394784 16.6890691248
12.3821288609 46.6057507152 16.5558427524
12.1368574754 46.5458666387 17.9638903415
12.3409330379 45.9546751128 17.3938305452
12.2465756176 45.9787920404 18.0915695558
11.9442557937 46.4928341791 20.0662893068
12.1311469550 45.7624161195 19.5026260522
12.0783270514 46.2587767408 19.1480119188
11.7292759117 46.6446601601 21.1807286894
11.5038575559 46.2908562020 21.9406797398
11.1278869815 45.9634035870 22.6728538129
11.8570063035 46.0874029983 2.6172724149
11.8878666880 46.2502395223 3.2880611577
12.0665089706 46.4291154908 4.2924259207
12.0256944752 46.7078351388 5.3273446986
11.6653218209 47.3690470241 6.8461413673
12.0113953932 47.0234465056 6.3341925910
12.2084329561 47.2506177973 7.1424368189
12.2624560859 47.1185243149 16.9698233046
12.3176783391 47.8430666598 17.1274903579
12.1178857043 47.3751018192 17.8029943177
12.1233352893 46.3078374109 18.5560767724
12.0229054084 46.9814805624 18.8609309959
11.9758351861 47.6577787339 19.7706317728
11.8372535472 47.5817869880 20.8995324858
11.5202185199 47.3223927106 21.8790504978
11.0962225243 47.0329829458 22.6208436984
11.8315910874 47.6090862701 7.6389689175
11.5018088949 48.5041707651 8.9378245507
11.8486400270 48.1097213608 8.6176517354
11.9268188331 48.5804088289 9.3113350295
12.1773468825 48.3499626775 17.9080163608
12.3813828065 48.6240444057 17.3991514318
12.0675296143 48.1355782941 18.8100028332
12.0838545622 48.4434654573 19.6645729499
12.0396192785 48.3268522029 20.4071238112
11.9544847650 48.3871142070 21.1169834214
11.9490503263 48.8489345431 21.4861989573
11.6621224923 48.3496535949 21.8183229921
11.1366335697 48.0850880691 22.5721691873
11.5340701764 49.4776462091 10.0178884397
11.7180623515 49.1128309542 9.7503717385
12.1415450452 49.4966911137 10.3893094211
12.2991167940 49.0187044052 17.9435274490
12.3649214873 49.5289009594 18.3641519083
12.1988320068 48.9805529151 18.5262004255
12.1930731188 49.0367871617 19.2982798451
11.7282499643 49.1570191755 21.9404535180
11.4967562124 49.9891373279 22.1034696076
11.2019109467 49.1452598745 22.5202046621
11.4947937307 50.6048456897 11.0852088388
11.7581769674 50.2064789652 10.8304782717
12.0411834413 50.6522434541 11.4316129145
12.3211909040 49.6004998310 18.9543936416
11.4866072041 50.8156709982 21.9011097065
11.5227575635 51.7157947276 12.2725039269
11.8760654713 51.2883694456 12.0414023608
11.9531261586 51.7675618366 12.6327407124
11.7370801253 51.2430502179 21.4700375837
11.5104569904 52.1304362757 21.2158449247
11.6419449310 52.8647607051 13.6266863006
12.0043192386 52.2883225247 13.2839086152
12.1317210618 52.7717788535 13.8829798863
11.5355419006 52.9430397158 20.8308566620
11.8115548400 53.3461381795 14.3149806143
11.9388511482 54.0490001515 15.0868396015
11.8066923074 53.3440789435 20.3888837373
11.5366194862 54.1282141310 20.1529087066
12.1868192584 54.4811343392 15.6883199806
11.7436699263 54.9863325334 15.8760450834
12.1961991542 54.9410318067 16.1472621518
11.5199878340 54.7938772232 19.8026793543
12.0397557549 54.4073089248 19.6299845122
11.8672699067 55.1561472936 19.3210606264
11.8264035588 55.4616976802 16.5197566797
11.8719166318 56.0454014168 17.3051441601
11.9224531528 55.8346880885 18.8641739574
11.8664835280 56.2899175135 17.9897541543
11.3040327329 56.4885159014 18.1191308929
12.0708670535 56.1439129412 18.4773987576
12.4595325777 1.7493401833 23.7055655110
12.3073282781 1.6384230818 23.9889353334
12.3020046723 1.8477959089 23.9453396372
12.5878462913 2.4516327250 22.9126970951
12.6059204988 2.0150060229 23.3678161495
12.4909171075 1.9083915292 23.5392004011
12.4944027356 1.9416894395 23.6454317671
12.1975852106 2.2940576629 23.6141573735
12.5212887548 2.2822267521 23.3280192232
12.4395006280 3.1788515585 22.1867862789
12.5913767578 2.8484469365 22.5068933267
12.5229258009 2.7853499648 22.6265855886
12.5558031695 2.6999511276 22.8386682478
12.2499875686 3.1456174853 22.8158130773
12.5061744065 3.1797687988 22.4338318709
12.0053783825 4.5437455173 21.0306283984
12.3766552179 3.5865390206 21.9459813025
12.2434371261 4.1692981855 21.8887809518
11.9473060190 5.7655474648 19.9570217971
12.0770635612 5.4014991092 20.9052084040
11.9270603310 6.8848821855 18.9544594695
12.0307397568 6.5173575462 19.9190062574
12.0192464289 8.0849926966 18.0501129879
12.0141951864 7.5302438300 19.0840959613
12.2468340460 9.0756027125 17.2913080472
12.2802132446 9.0366957744 17.9715880120
12.0411107440 8.5562129183 18.6247330956
12.2842970990 10.5454856422 15.4600582356
12.4276005365 10.0335049511 16.1332852048
12.5186634134 9.8191026388 16.7895323785
12.7994117573 10.4898955534 16.9596834955
12.5104445660 9.9684773500 17.5994695409
12.1591993186 9.6129328867 18.3947018198
12.3637846971 11.3666037740 14.7830421180
12.7176929720 11.2628809799 15.8089530068
12.7446523852 10.6400637264 16.1203395023
12.7197080555 11.1636188191 17.5119006430
12.8940136850 11.0601098142 16.8310914117
12.3256095203 10.7248225658 18.3094318555
12.3699979597 12.3544079856 12.8388732497
12.7564977986 12.3066246183 13.6157417026
12.7700800706 12.1324827471 14.3879751408
13.0917391207 12.7969697022 14.8428817941
12.8673683339 12.1968270838 15.5116362865
12.8856238635 11.0998258337 16.3987011291
12.8713807797 11.8268031070 16.7148902063
12.7822473736 11.9868376330 17.5868888926
12.5530392579 12.0840210008 18.4922465511
12.0495894121 13.4468041539 4.9084549426
12.4047935563 13.4888654589 5.3878500794
12.5426912194 13.3869756665 5.9094709428
12.6260539199 13.3121638120 6.7579403296
12.6608138380 13.2668330551 7.7606734145
12.6664199837 13.2348677310 8.8288968751
12.6575809541 13.1847310504 9.9175593435
12.6337489571 13.0739170417 11.0139244135
12.5527960628 12.7987898301 12.0267893480
13.1005488557 13.1739712871 15.6769714588
13.2360190368 13.4801701331 15.1781022849
13.0025549385 12.9507813371 16.5014892642
12.9291305756 12.8088606510 17.5731093319
12.9658445993 13.1087323864 18.4238173737
12.8617365845 13.0850816786 19.1166040903
12.8225586623 13.2849914173 19.7614198754
13.1335446391 13.6395575903 19.4886496818
12.5521956926 13.3306093812 20.3382142381
12.2103460607 13.8515010384 5.4008033639
12.5375101601 14.3096451235 6.1185667789
13.2318005488 13.8353093150 15.7400532242
13.2902479642 14.3987977652 16.1753160244
13.1656069873 13.8071573449 16.3686493267
13.1407393656 13.7599698958 17.1937405309
13.1791167990 13.7597692857 18.0415436452
13.0859396781 13.7679090270 20.1570354973
12.8314824138 13.8571066427 21.0708607895
12.8548542665 14.1643507235 21.9207767917
12.5564135633 14.4371888230 22.5815939168
12.9547664871 14.9889129292 23.1290832671
12.3361984875 14.9373642896 6.5318445684
12.5838847936 15.5713592162 7.1852618510
13.2671686221 15.9611982684 13.6446232131
13.3861663950 15.3960540345 13.0862975737
13.3810514247 16.0404471095 12.8622748303
13.3412821365 15.3678137228 13.6741699597
13.3029764678 14.5648189212 16.9610577623
13.3225399191 14.4353565949 17.7063789214
12.1712160947 15.6381424795 23.8928268159
12.7337858440 15.6607992951 23.7072348136
12.6801395942 16.2189679620 7.6311673340
12.4483213656 16.7925139638 7.7281337070
12.8704917676 16.7156772917 8.0162207193
13.2374881570 16.7165557283 13.5895109557
13.4122127956 16.9125657920 12.8517351628
13.2600641126 15.7942338895 14.2105960377
13.1689573451 16.5595327612 14.4728802451
13.1763549300 16.7173076953 15.4501353771
13.2531425375 15.9311438796 14.9388038726
13.2509902498 16.8304510431 16.1738468850
13.2854936662 16.0998099481 15.8484962039
13.3572745843 16.4755879996 16.6064725054
12.4087564970 16.3408788317 24.1038549604
12.9979686447 16.5788250781 23.9525862483
12.9024435255 17.6063810027 8.3518064105
13.2862756974 17.3785095306 13.5124785047
13.4517994389 17.6905393514 13.1306076070
13.1894557084 17.4968950170 14.3211304593
13.1386750479 17.2970700540 15.1052716994
13.2224233912 17.5333120226 15.9554168124
13.3668660992 17.2990174554 16.7905478924
12.6128226740 17.2888554681 24.2584833055
13.1965236634 17.6738512970 24.1501253076
12.8334104283 18.6744148305 8.5319989030
13.3536357288 18.0647199606 13.8592772522
13.2852670756 18.2763805082 14.5731185202
13.3551074900 18.7466081390 15.1021252276
13.2270508315 18.0916990458 15.2640575548
13.3125934018 18.3183328769 16.0783886682
13.3738725914 18.0685807729 16.6517780957
12.7987388803 18.1146109849 24.3760423945
12.6407756602 18.9507108113 24.6180038030
12.7930939123 19.6779041302 8.6984761516
13.3674502745 18.7775465815 15.7455613170
12.7863406177 19.6190808878 24.8087024024
12.9519186465 20.4465080245 9.0083916793
12.4527779698 21.1891275326 9.0324589881
12.9131338783 21.3586838684 9.3510906909
12.7890702801 20.3556719811 25.1200163339
12.9608806741 21.3343498619 25.6636091964
12.8594820177 22.1110841602 9.6811230497
13.1640136432 22.5284211849 17.1654103611
13.3680441671 21.8408550130 16.4953210071
13.3439544461 22.6181006825 16.2754126080
13.0794264370 22.4658170177 18.1233884316
13.2953748111 21.6660329043 17.3159869593
13.0777098445 22.4831570747 19.1304581943
13.2688114580 21.6355238606 18.3409883158
13.1489304226 22.5605498311 20.0604375530
13.2969645394 21.7325943918 19.3710538958
13.3417851756 21.9915613351 20.2155289897
12.9489697631 22.0366897416 26.1553180188
12.9900564097 22.7624976924 10.0968970740
12.4850588453 23.4491003928 10.1487208573
12.9507628171 23.6363081561 10.5454298497
13.1163793089 23.4288170991 17.0288891061
13.3443682671 23.6001520103 16.2453719363
12.9655121243 23.3693073997 17.9568665966
12.9151202448 23.3564667007 18.9617910578
12.9665317317 23.3727503431 19.9624575330
13.2698965771 22.5862301347 20.7198637959
13.1243819503 23.3651737597 20.9059081398
13.3280777940 22.9748431962 21.2973562047
12.6396428544 22.5632568972 26.5549921479
12.9156005545 23.1387093593 27.0487466731
12.8614808460 24.4353394345 10.8938233839
13.1484701183 24.3227068258 16.9684868530
13.3534707310 24.4309926492 16.3874430802
12.9554823313 24.3336637099 17.8352690001
12.8450135278 24.3344923193 18.8441922011
12.8489551821 24.3262898939 19.8714772501
12.9643738493 24.3022868913 20.8365525201
13.2824942104 23.5895146723 21.6538839580
13.1592666911 24.2599090520 21.6524986472
13.3742182003 24.1098827124 22.1862441875
12.6128217592 23.7209644511 27.5657420169
12.9322587823 24.3133430736 28.1231407003
12.7851978170 25.0589887825 11.1185574125
12.4419864627 25.5188482878 11.1170478583
12.8982086369 25.6072185476 11.4146084266
13.2413284935 24.9644455884 16.8816365280
13.2474261916 25.5766738352 17.1121349165
13.0520387223 25.3178212093 17.6652259925
12.8651695041 25.4005465786 18.7453334507
12.8115242056 25.3734782972 19.8175903460
12.8888440338 25.3168954786 20.8156594440
13.0751068170 25.2031165548 21.6987438478
13.3328166955 24.9744622619 22.4207330912
12.6568017686 24.9213521612 28.7007215062
13.0857350182 25.7507631458 29.3988554817
12.8864620339 26.5108877409 11.7104428245
13.1398866361 26.1090419958 17.6302273679
13.1467979966 26.7733524354 17.7520107006
12.9447328641 26.6506787338 18.5831204676
12.8216475814 26.5003988361 19.7919123350
12.8639224719 26.4050989816 20.8267568993
13.0303835510 26.2612624073 21.7443643492
13.2822611415 26.0401774263 22.5535973990
12.6765621688 26.1259648387 30.1128272940
12.7158364686 26.5172413318 30.8750102106
13.1041020895 26.7297232776 30.6742236360
12.5367513812 26.6683156696 31.5679559992
12.4357878189 26.8961631324 32.4318954918
12.1251803259 26.8021379983 32.8232938803
12.8707824067 27.5568512925 11.9480782340
13.0577005282 27.7058036706 18.1449709938
13.2759918397 27.1900609446 17.3588751536
13.2825408936 28.0549702523 17.3155193984
12.8769608963 27.8902578413 19.0821724337
12.8201564585 27.6620599967 19.8662068996
12.8526795940 27.5484756601 20.8856865962
13.0054503432 27.3757998919 21.8210852724
13.2433935991 27.1292110435 22.6388022187
13.0655964863 27.0157742631 31.3547769559
12.9543244677 27.2114726880 32.1194358745
12.8961444367 27.4772905714 32.6682739788
12.9941736501 28.1582822253 32.8736319776
12.6663384856 27.6044446381 32.9288291088
12.9392411978 28.3383143673 12.1301892685
12.8433879759 29.0599501341 12.0887321627
13.2141699371 28.7254118607 12.4988597935
13.0909107617 28.7741755757 18.0368753971
13.2509187696 28.9173903949 17.3673157590
12.9177951338 28.7850581277 18.9381148571
12.8176184002 28.7627218985 19.9201724472
12.8321630591 28.6861141463 20.9247596670
12.9880432289 28.6241151710 22.0125078740
13.2071631612 28.1878313858 22.7405435665
12.6313407941 28.9884226971 33.2221810105
13.0248600980 28.8833515537 32.9204919117
12.9215769270 29.7722491084 12.1189566000
13.2376518257 29.4407680670 12.5840541158
13.2432516014 30.3221112981 16.6455862284
13.3574633191 29.7591113703 16.4983192441
13.3354254799 30.3640221693 16.0962914440
13.1315827445 29.4771839251 17.8443665456
13.2607847749 30.0359007167 16.8613463933
13.0916845448 30.2141160907 17.9419443245
12.9891952305 29.8711659990 18.6817247426
12.8677258517 29.8588081997 19.8282593688
12.8330623640 29.7808179250 20.8916083092
12.9195896761 29.7215978831 21.8981009861
13.1889724759 29.0301439171 22.9100222678
13.1045475865 29.7046466181 22.7838912401
13.3001544824 29.6207328598 23.4100826799
12.7925317783 29.6581727374 33.0352620767
13.2074547196 29.2662608482 32.6323653304
13.1532036183 30.0886531128 32.5870447703
12.8983422823 30.4933738102 11.9278892418
13.2104500893 30.1397075920 12.4393726154
13.1083054586 31.1368410390 16.6869380480
13.2854112153 31.0471804515 15.8251352763
13.1803354537 30.4206995515 17.0611018362
12.9920095626 30.9725665930 18.5073461670
13.0476168496 30.8749717187 17.8480180827
12.9696195198 31.1675882190 19.7058280844
12.9007679042 30.8747627736 20.8376284228
12.9265900875 30.7622452141 21.8474905834
13.0744031003 30.6539478056 22.7599394381
13.2982852045 30.4340165678 23.5345855313
12.5668967903 30.6512789036 33.0091903520
13.0464147899 31.1144611601 32.5699091618
12.6116396729 32.1944854677 11.1099970578
13.0459428463 31.6198699114 11.6689483034
13.1217245498 31.8756546774 15.9521331434
13.4129403477 31.4710383371 15.2009893663
13.2919080935 32.3439066938 15.3776347833
12.8325180815 32.4083076602 16.7329156824
13.0800257677 30.9368773664 17.3961205971
12.9484761645 31.8218877842 17.8259334467
12.9859633369 31.9470825796 19.0435560757
13.0552651946 32.0398131800 19.7362678758
13.0745104949 31.9904392977 20.2148920127
13.1359466506 32.4143142968 20.6657316614
13.0369805106 31.9112569169 20.8781766712
13.0061174612 31.7444164477 21.7972498147
13.0997566005 31.6431766430 22.7079007376
13.3015709783 31.4541126239 23.5536739508
12.4338316223 31.6360715430 32.8980660150
12.9117207387 32.0531872545 32.4956470487
12.6017956901 32.9534900913 10.8565490206
13.0291080262 32.5846652278 11.2308066945
12.9654420990 32.9353913492 16.0328812990
13.4150120986 33.2847232278 15.1466908455
12.7906832749 33.2513687065 17.5009898060
12.9401146941 33.0829627051 18.9518002110
13.0693819025 32.6646465896 19.6585488608
13.1479597609 32.6296004959 21.1785282477
13.2079527659 33.1542128590 21.6763096610
13.1250263320 32.5715537701 21.7721807072
13.1729711551 32.5331374820 22.5996694849
13.3308456913 32.4554647534 23.4700239205
12.3017635424 32.4680104925 32.7222299896
12.7108010721 32.7477874952 32.3688455519
12.3237921677 34.8307400235 10.1570028681
12.6991782317 34.0214777531 10.6340913112
13.1929366116 33.7472690954 15.7742651288
13.4646842303 34.2136263644 15.2822338222
12.9205961783 33.7692974142 16.6163168160
12.9478145668 34.4484971426 17.6913792841
12.8779844139 34.2986578868 18.7871692705
13.0619951690 33.3796240875 19.9316394595
12.9618241526 34.2800803450 20.0798552702
13.0527698300 34.6628899328 21.2250503754
13.1359568669 33.8347917649 20.8366487599
13.2604758566 33.3168206128 22.4696699696
13.1587695742 34.3172435634 21.4795791385
13.3538062256 33.2137306324 23.2556681412
12.7415900427 33.2791535727 31.9957902621
12.6864582449 34.0195993125 31.4172822502
12.5745113746 35.5733487710 10.1337933171
12.9694867790 35.0922936016 10.5991019602
13.3241073063 34.5301547525 16.0012688812
13.1913488348 34.8097653014 16.9323829673
13.1192288108 35.2207146302 17.7052192264
13.1939625739 36.0170002091 17.9737133282
12.9518679026 35.4708665785 18.6875927814
12.8571842721 35.3774486276 19.9022627921
12.9019322441 35.4325010418 21.0541648412
13.1460687424 34.7126539173 21.8551349348
13.0361743264 35.4789507946 22.1059391819
13.1962868529 35.0313793456 22.4430876150
12.9407287663 34.6740257687 30.7903728185
12.6248804663 35.1980025664 30.2796129736
12.4367788648 36.5280757005 9.9905305099
12.9796135474 35.9268303129 10.4488000165
12.9811578072 36.7086018189 18.9000596478
13.2260413441 37.0206371991 18.0792743309
12.8279704022 36.4889672570 19.8825443765
12.7876089022 36.4346643451 20.9780980246
12.8471847703 36.4377409645 22.0751038592
13.1592284525 35.6412784152 22.9167300951
12.9918933841 36.4262633688 23.1613585674
13.1966841861 35.9912090372 23.5431116742
12.9201076717 35.5822536702 29.7004512932
12.8470475872 36.0924198374 28.9168517003
12.6222925881 37.5760186690 10.0791612747
12.9686937007 37.9132375654 18.8960104993
13.2060277428 37.8588549700 18.0587899672
12.8062397473 37.6162492167 19.9090420229
12.7216667485 37.4900965050 20.9439774538
12.7027151951 37.4357083824 22.0200310155
12.7488135399 37.3776796694 23.0939875840
13.1074592437 36.5460893959 24.0357431880
12.8272862158 37.3393343154 24.2409472643
12.7692357776 37.5486589764 25.4061899398
13.1162266436 36.7860937928 24.8672111793
12.6582205808 37.5747472237 26.3273577746
13.1075973532 36.9263637385 25.8542508292
13.0285698316 37.0304229515 26.6664568374
12.8591770110 36.6195135748 28.1850478393
12.4669065020 37.1362278857 27.8306582288
12.7585346269 38.2682315708 10.2232607777
12.6985764933 39.0556054757 10.3695764192
13.0137895734 38.3862268698 10.6120817611
13.1268205400 39.1887568938 12.0933021219
13.2867066985 38.4505156657 11.8260154768
13.1262798359 38.8042305662 11.4454471848
13.3680075762 38.5007102363 12.3541839583
13.0654595678 38.8089721246 18.3177911523
13.3338975707 38.2913493763 17.6600658058
13.3222647645 39.1501570335 17.5490629783
12.8512477640 38.9719571536 19.2050021372
12.7600893037 38.7117799042 19.9623457853
12.6722357686 38.5317674498 20.9195831092
12.5929166534 38.4418079377 21.9445120502
12.5372100126 38.3273332315 23.0155784899
12.5570085659 38.1065527306 23.9125199049
12.3677313582 38.2854797647 24.9521371105
12.3323261369 38.0811480734 25.8870028609
12.5777918176 37.4255872188 27.1190428406
12.6749792408 40.0726086209 10.3831397535
13.0223612495 38.7722137092 10.9348107280
12.8856989265 39.5328610831 11.1915168365
12.8079660373 40.2881327377 12.0755667811
13.3304508647 39.0139724798 12.7476988311
13.1457840641 39.8653255224 12.8249216804
13.4532563260 39.3045844393 13.2626912923
13.0482143049 39.9492808559 18.1627340865
13.3052616851 40.2278015349 17.4343046687
12.8460845311 39.8304450680 19.0429564594
12.7133739733 39.7523737680 19.9855433051
12.6056638211 39.5824355146 20.9663849248
12.5257708042 39.3070458840 21.7938349314
12.3076965456 39.3946105888 22.8931601603
12.1814327166 38.9543758731 24.0709640967
12.5719860853 40.6611648412 9.7517282067
12.7889878829 40.8070718505 10.2824076925
12.8961786933 41.4920981210 10.4096953946
12.7205734857 40.7613002736 11.1151895094
12.8857660983 40.9947081169 12.9530757461
13.3478487541 40.4888639802 13.5357906582
13.0302347102 41.0309132472 18.0661877705
13.2856049148 41.3255073719 17.3492592988
12.8263857237 40.8659850669 18.9298252503
12.6838354109 40.7827843131 19.9048181130
12.5504699847 40.6714157923 20.9581857694
12.3084771493 40.4352762644 22.1921158793
12.2762467176 42.1387439613 7.8727261567
12.4973132754 41.8944404240 8.4498598121
12.6327706577 41.4389709900 9.1984751019
12.7156987445 41.8572055013 11.1136885081
12.9981543363 42.4289043856 10.5106111939
12.8133566035 42.2278433754 13.3342858511
13.1934624522 41.5407202300 13.7127405375
12.9987933813 42.1078436469 17.9948917110
13.2406765308 42.4251102643 17.2398216977
12.7980858046 41.8877445607 18.8314098841
12.6449554561 41.8083909240 19.7716848630
12.5054840438 41.7498302820 20.8115140281
12.3099776281 41.6019293234 21.8443933396
11.9660616133 41.5080990149 22.6983396645
12.7862124819 43.4147317748 5.4455266376
12.9675464767 43.1482212725 6.2232581667
12.8739756720 42.9342918891 6.9925432871
12.8183284433 42.5429423978 8.0036228054
12.9234571445 42.1785206319 8.8530543236
12.7591772679 42.9162478978 11.3750751461
13.1399708978 43.4125641178 10.6594462327
12.6457539868 43.3874816859 13.3120211321
13.1612980415 42.2852748734 13.9705263072
13.0078421267 43.0377983136 14.0389102886
13.3429068383 42.6155727648 14.4073262400
12.9275821197 43.1891006242 17.8893461069
13.1364637384 43.4453324819 17.0805281435
12.7350087173 42.9156323235 18.7801972062
12.6126070452 42.6437331866 19.5548854173
12.4166201979 42.8693616512 20.5822615978
12.2374767591 42.6287919245 21.6590640714
11.9260776841 42.4484711781 22.5171853102
12.5846413165 44.5538003438 2.5591201436
12.8420174194 44.4262061665 3.0347322163
12.8623877698 44.2201739551 3.6583279715
12.8175494962 43.9006295367 4.4558277991
12.9985152294 43.9404037434 11.4487199791
13.2768486786 44.2385409973 10.8631080057
12.6248461136 43.6590153642 12.4424335092
12.8326176237 44.1662914859 14.2067166848
13.2652260890 43.4094929260 14.8630140023
12.7797767009 44.3126995209 17.6349577081
13.0109213405 44.1927997773 16.7903153575
12.6280110518 43.9796258725 18.6648313697
12.4485576280 43.6943466823 19.7585533645
12.0621112441 45.1569663278 1.7583224473
12.4157274578 45.0243476006 2.1764862293
13.2232679035 44.6657509033 11.4175201226
13.3095817489 45.2544873245 11.8305537614
13.0171264236 44.6920350554 12.1606232846
12.8289642995 44.9048522992 13.3787305470
12.8100850365 45.2554061738 14.6248271290
13.1000136720 44.1016914135 15.2828019174
12.8611706035 44.8694039441 15.4345105037
12.7015374128 45.1510567943 16.6941618338
13.0732138546 44.2924524865 16.0789306876
12.4698992030 45.3324712627 17.8367624712
12.5025381040 44.8473409166 18.4657989460
12.3201529293 44.8774773236 19.3971307239
12.3013743074 45.9853709147 2.8237753651
12.4557156103 45.5710255610 2.4126866652
12.5002860228 46.0972006646 3.5986955699
12.7734692094 45.6754752193 3.0948492903
12.7023423899 46.1572829351 4.3013435745
12.9739270114 45.7642543214 3.9001475801
13.0332761525 45.9377673363 4.6235670110
13.2071471654 45.5875732053 12.6699924211
13.1199320853 45.9600813097 13.5085224132
13.2200685733 46.5970422550 13.9588467716
12.9490670489 46.1521856788 14.4384957761
12.6735445271 46.0719872345 15.7547620801
12.2645067737 45.6480455385 18.7257717111
12.6723438121 46.3273306336 5.0112953063
12.7335640842 46.5157795549 5.9789872473
12.5491326826 47.2772099870 7.6878591102
12.8229924021 46.8018731484 7.1158641685
13.0123522530 47.0143862686 8.0062523226
13.1502891609 46.9879387989 14.5687073959
13.2090034879 47.5972887356 14.9345454383
12.8970564363 47.2126799056 15.4292289060
12.5126655962 47.2004525880 16.3604101898
12.6208788813 47.5420644755 8.3875965258
12.3695353533 48.8217496542 9.8718205890
12.8714009909 48.0344382124 9.4610765609
12.9157197344 48.9214653093 10.4041453188
13.0934519158 48.0945936493 15.5476966867
13.1910252329 48.9739346523 15.8851262110
12.7290830087 48.3752609224 16.5043534520
12.1952575953 49.0518109947 20.1301171038
12.1117881935 48.9487134060 20.9059534447
12.9004674595 49.5167228559 10.9398760940
12.9833420588 49.5851668037 16.7858068981
13.2875984233 49.8438738912 16.2359504428
12.5852375114 49.4584102786 17.6291693550
12.3476827245 49.8724394476 19.7881076663
12.2240067804 49.7032524027 20.7278478240
11.9934274452 49.5008179661 21.4680045968
12.5203555167 50.0422754351 11.1249080834
12.7474132197 50.4151090397 11.6698388382
13.1787347586 50.3205093655 16.8542432179
13.2125678757 50.9246115713 17.1935997628
12.9281073031 50.5411656169 17.6698725074
12.5473104352 50.3945404290 18.8400907639
12.4176874872 50.7366602375 19.9450663888
12.2977850311 50.4271318250 20.5438704603
11.9953102132 50.4290998384 21.3381265706
12.5530621463 50.8525753338 12.0145406749
12.4016844082 51.7897611226 13.0275336882
12.6433852690 51.2781711796 12.6908954404
12.7663315585 51.7688591108 13.4798602844
13.1111417756 51.3959410524 17.7741174849
13.1411983619 52.2009766141 18.0843589620
12.8354323248 51.6238788374 18.6440549987
12.4881349614 51.5247286194 19.6913758530
12.1529317276 51.3029476992 20.7044956821
12.3621099930 52.8615894272 14.2079072155
12.5843026600 52.4243100885 13.9979985293
12.6611182217 52.8658392876 14.6171707697
12.8694696283 52.7159929514 18.8693291827
13.1312115511 52.9884597676 18.3515120532
12.5816845969 52.3933041066 19.4713638525
12.1239624684 52.4698744454 20.3315582157
12.3962252302 54.0275773445 15.4157048362
12.5040069268 53.5571726117 15.1261569561
12.7139051915 53.9727873715 15.7713954419
12.8891460019 53.4670545104 18.8681527942
12.6242862788 54.3365212252 19.0194411350
12.3670297855 53.4415884089 19.6360062983
12.3810739914 55.0269554749 16.4322250523
12.6008208021 54.6004869847 16.2431612567
12.6381117447 54.9812060422 16.7947642135
12.5357443838 55.2682311776 18.7782120467
12.3677054541 55.9967005024 17.7618875152
12.4868889764 55.5766589249 17.3236925552
12.7264588474 55.6662171367 17.8637224574
12.4523578970 55.8201675215 18.5729329881
12.4728949665 55.9856748615 18.1984653801
12.5652547919 1.7833871934 23.7729090352
12.6695711961 2.1713697883 23.2870108715
12.6427286600 2.8615811069 22.5697782640
12.7723163719 10.3122051722 16.4936806067
12.9018232412 10.7113965242 16.5549102363
13.0257769930 12.9045954631 13.2203570290
13.0594034211 12.6446806897 14.0651185826
12.7287850799 13.8603036840 6.0478057827
12.9931253949 13.8658481410 6.8314494360
13.1400747521 13.8291899214 7.7786607002
13.1944912260 13.7900803813 8.8225841016
13.1972623108 13.7348346480 9.9061121234
13.1790966799 13.6382021656 10.9991363734
13.1704073890 13.5148866751 12.2537090764
13.3393582842 13.7137532535 13.4514938363
13.2787783362 13.4134072610 14.3378622207
13.2094750490 13.7523510211 18.8483610726
12.9173807827 14.6418940173 6.8913102481
13.2945178516 14.6350037227 7.8010139873
13.4677964940 14.5840846616 8.8011835305
13.5079276663 14.5146631602 9.8779969928
13.4737383215 14.3978928371 10.9650740442
13.4193494861 14.2205087252 11.9023526551
13.4148747648 14.5878659322 13.1382020360
13.4030386282 14.3797144847 14.3015747588
13.3433489750 14.2949382794 15.3475146249
13.4288030025 14.5295396235 18.4755949620
13.4685460754 14.3668608724 19.5208973283
13.3928299805 14.2013830789 20.6366862210
13.3086561664 14.2628893797 21.5849011065
13.1788288554 14.5098482279 22.4114975957
13.1129194287 15.6797058516 7.8332280864
13.4970698189 15.5750896318 8.7263546342
13.6449475836 15.4937820384 9.7952294142
13.6203063413 15.3544853186 10.9359993635
13.5009489847 15.1497975754 12.1231880810
13.3588657379 15.2005415288 14.2638021462
13.3595352750 15.2154674637 15.2177372367
13.3852986096 15.4060496291 16.4641475472
13.5106995119 15.3955976788 17.8405613665
13.6678637408 15.3564069532 18.8722632949
13.7132718988 15.0933892538 19.4392055533
13.6186342589 14.5317860900 20.1978172461
13.5488626537 14.3880447370 21.1466440183
13.4538482288 14.5072397859 22.0449103759
13.3081338760 14.9085170447 22.8344706642
13.1697519895 15.7701438832 23.5350611559
13.3114152091 16.6477381670 8.5690889880
13.6466922738 16.6167864755 9.5229828749
13.7249901044 16.4697798458 10.8643831552
13.5688091689 16.2221066435 11.9665355832
13.5363786566 16.7401925276 17.5651105716
13.7586978445 16.6276881216 18.7708084897
13.8142417916 16.0478930779 19.1391654585
13.3065752453 16.9181333100 23.9086169649
13.3891217158 17.7882284092 8.9130034586
13.6690475142 17.4608919068 9.4560585817
13.7773467602 16.9430560582 10.2922557468
13.8028786420 17.2216323369 11.3491944847
13.8444342097 17.9952769995 12.1260202059
13.6761925134 17.4698988127 12.2538734961
13.5529509990 18.1506553247 17.6102343708
13.7334929294 17.8688836778 18.7213757679
13.8981762196 17.0853094307 19.4076307626
13.9004161475 17.9358808509 19.6953691880
13.9585436658 17.7789626882 19.8728622258
13.4163265457 17.7212804316 24.0748386131
13.2721324139 19.0129624368 8.8562143875
13.5209081761 18.4918115139 9.0737940821
13.8306955695 18.6306900556 12.7011484225
13.9055956522 18.6470726683 12.4860836054
13.6154925597 18.6030878206 13.4141637735
13.4578231985 18.8519590391 14.4515572425
13.4857269357 19.0156013587 16.7579256454
13.6064908088 19.1941296821 17.9317480677
13.6991711730 18.9807583072 18.7839238075
13.8309287604 18.9258515133 19.7687034657
13.9792260127 18.3946983312 20.3367514863
13.9542566767 19.0549506774 20.6365015124
14.0007035096 18.9408672544 20.8246910903
13.1421942684 18.5511655181 24.3826024564
13.3942695582 18.5675616403 24.3083811884
13.1877430048 19.7116539002 8.8955423080
13.3519150622 19.7030650753 9.0489581300
13.9135615143 19.3040128578 12.9146519063
13.9348281310 20.1861582116 13.3653814313
13.8287889348 19.7244523510 13.5020922154
13.6492983811 19.6910708952 14.3946212455
13.5073051290 19.5844333657 15.5797777565
13.5234163702 20.0495548266 16.7762560597
13.5536791514 19.9652362154 17.7267704538
13.6229083325 19.9733398517 18.7873709278
13.7309941932 19.9551642200 19.8151860569
13.8657640956 19.9418725822 20.7150260781
14.0015216984 19.4711670987 21.1960599544
13.9659674696 19.9750345496 21.3237059512
14.0004941232 20.0042420508 21.5351341420
13.1858859001 19.3944307712 24.6371553844
13.4397179424 19.4057601809 24.5660929490
13.2884917402 21.6477561738 9.7064044536
13.2967902307 20.8973912416 9.3905116203
13.4371899011 21.5174955843 9.7451453492
13.8986052848 20.8293341692 13.8301784217
13.9547229314 20.8538542673 13.6281477954
13.7540538185 20.7293587409 14.4504628620
13.6174754129 20.5169371708 15.2267160484
13.4926842495 20.8697473363 16.3331543098
13.4508988289 20.8203816014 17.5151566074
13.4697594142 20.8404225093 18.6014039786
13.5381904625 21.0660072705 19.8262872811
13.7325913438 20.9967353128 20.8440846852
13.8903566600 20.8561626772 21.5042305664
13.9659392000 20.5938549571 21.7074580931
13.3599418525 20.1612067595 24.9188080191
13.3046063366 20.7737504109 25.2594486288
13.4711365128 20.7317041357 25.1983941183
13.2230483263 22.1252294121 9.8960552786
13.3675954174 22.1862083124 10.0359924095
13.9220595776 21.5282249133 14.0149677303
13.8938787974 22.5198465211 14.4358271315
13.8029420692 21.8928186960 14.5768297000
13.5780954286 21.6158486633 15.5085844359
13.5054352649 22.1271877907 21.0115610365
13.7776536037 22.1064017846 21.9013252283
13.9101889421 21.5376837585 22.0103027349
13.3573974682 21.1749115919 25.5032701082
13.2049470244 21.7814165105 25.9580858588
13.4225678991 24.0294396958 11.1178230464
13.3594213550 23.1922922338 10.6039232448
13.5955157481 23.7136232901 11.1083349247
13.8037393374 23.1631343163 14.8835640462
13.9082577377 23.4987603642 14.6826031978
13.5876927884 22.8243993672 15.4641869201
13.5346511832 23.2513340350 22.0315064601
13.8931249855 22.5807196661 22.5473187511
13.8242924675 23.4177946216 22.8639779847
13.9223845973 23.2792013897 23.0460183058
13.0928666926 22.5367816708 26.5460053361
13.1675116728 23.1340688832 27.0507079796
13.2421381829 24.8664705169 11.3552726611
13.7062100366 24.1879149318 11.4669442581
13.6375482121 24.7090443613 11.6342567367
13.7809124581 24.6441177194 11.7544908147
13.8524357221 24.1679362602 15.0347740560
13.9275554734 24.1681142950 14.8334591001
13.6085468152 24.0917053679 15.6550429206
13.6275699464 24.4673734940 22.9329974589
13.9318686265 23.8777574901 23.4168010434
13.8755151135 24.4312107952 23.5483903571
13.9478362976 24.4439099898 23.7544078017
13.0923578416 23.7199982010 27.5783450946
13.1925115712 24.3235074669 28.1252206910
13.4262265784 25.6906173775 11.8327866374
13.7141877401 25.2602860690 11.9304761879
13.8923087324 24.8627343385 15.1383355543
13.8597640499 25.8925565846 15.4670239198
13.7548249666 25.2597111285 15.6194861829
13.4634624369 25.2412328262 16.3924988930
13.5671165734 25.7326813977 23.2552244819
13.8041650454 25.3879017473 23.7621627687
13.9162698327 25.0624831026 23.9349994438
13.1592829259 24.9861781500 28.6995812992
13.3663613831 25.7389171033 29.2550368531
13.4325707943 26.9680878199 12.2774265675
13.6561188805 26.2299948728 12.2259866591
13.7614741766 26.5064100175 15.8405936390
13.8458535406 26.9985869922 15.5722198138
13.6003153125 26.0980728175 16.2625582513
13.3533349783 26.3036598672 17.0126421145
13.5184666906 26.8849494934 23.4228689342
13.7842929472 26.6617638559 24.1751808852
13.8895769197 26.0265970676 24.2461374835
13.3292054850 26.6466322976 30.1765073933
13.5372803571 26.5476923349 29.8050958995
13.3314022032 28.0196786774 12.4963689960
13.7209213629 27.1617665343 12.6400290837
13.6744790575 27.8193313048 12.8534707152
13.8005750023 27.7423923795 12.9836956730
13.7353179940 27.6631918267 15.8398676968
13.8276319743 28.0115729586 15.3696012452
13.5230298558 27.2007653077 16.5713873193
13.4625401167 27.9635900116 23.4948217034
13.7108199786 27.8142484307 24.2938160290
13.9182225097 27.0403584697 24.7677877201
13.9062551768 27.8445845667 25.0608339251
13.9664978460 27.6987106294 25.2436579747
13.6877646602 27.3532681175 30.3859124935
13.7703965911 27.2748193484 30.1573375727
13.4572990770 27.4214884635 30.9965961590
13.3030874409 27.6743440262 31.8622018863
13.1487546833 27.7662797994 32.4638559548
13.5731531391 28.8431410533 13.1821473868
13.7715905773 28.3046448570 13.2848409954
13.7187300174 28.6885591853 15.4201473706
13.8012646645 28.7638714513 14.7900716751
13.4782348596 28.6778013251 16.4774848620
13.3950619146 28.9341053657 23.5190634814
13.6358745891 28.8534347080 24.2949371989
13.8379061007 28.7685859728 25.0706585915
13.9851476482 28.2694239990 25.5841595439
13.9615906360 28.7752882397 25.6499164203
14.0011081535 28.8045492520 25.8646220817
13.8377856448 27.8646927021 30.5537248494
13.8547059461 28.4274954847 30.9394078168
13.7377779325 28.2589446245 31.0771529339
13.5309100506 28.2293508001 31.6603819559
13.3043913541 28.4556596458 32.3975841722
13.5190372436 30.1125865431 13.1915480757
13.7641504770 28.8564622083 13.9474647570
13.6762696005 29.5271075761 14.4584024033
13.5331403057 29.5660962466 15.6939085534
13.2463348283 29.7246311221 17.2018690322
13.5337124972 29.9178115985 24.1741744335
13.7745046954 29.7515440628 25.0007051086
13.9217807478 29.5974672423 25.6205889888
13.9843393945 29.3558825263 25.8993704967
13.7733134131 29.0259583023 31.4089729192
13.6708708455 30.0100978087 31.8537375276
13.5433864700 29.2564340853 31.9681076466
13.3498034806 30.8178025902 12.4328118186
13.6358569664 31.0076849147 13.0724761285
13.6450185361 30.9410154513 14.1896277747
13.4985637621 30.4738936553 15.2403174853
13.1375391196 30.4318441858 17.5069878824
13.5393835579 31.0895923993 24.2989673712
13.7210420261 30.6452696596 24.8751972257
13.8845063518 30.6335013527 25.4925673690
13.9610153582 30.1492839934 25.8383345994
13.4678831105 30.5495753648 32.1779969298
13.5774139616 31.1030865494 32.0152839419
13.5056571939 31.3746426390 12.3824063929
13.6679622662 31.3992664487 12.7518769357
13.7369522974 31.2246139346 13.5343020312
13.7156789523 31.4663969149 14.1400955034
13.5899002214 32.2411882914 14.7165146248
13.1403558346 32.5286128206 20.2174893424
13.5569097379 32.2162064261 24.3093425528
13.7745512025 31.6859216903 25.0514249099
13.9024993069 31.4616923663 25.5150997549
13.9481056004 30.8122120834 25.7499143000
13.3571213377 31.6112501993 32.2054200676
13.4198387049 32.1557164600 31.9885548114
13.1775021706 33.4431145137 11.1402027134
13.3314801718 32.6827729739 11.4936287892
13.4703009714 31.8133571148 12.0586316212
13.6851708715 33.2967481621 14.6093007814
13.7360196815 33.0549905712 14.5189388293
13.7869654433 33.7642729228 14.3299005738
13.1504007493 33.0876446892 20.2860272600
13.1951292785 33.0973336528 20.9617783982
13.5649198978 33.4219411974 24.2250274681
13.7615865444 32.9765633210 25.0147028855
13.8621193094 32.4776704829 25.3452668515
13.1494779576 32.5501107968 32.1241355264
13.1384256342 33.2616840137 31.7332639517
13.3848098524 34.6052733147 11.3090066144
13.4882873691 33.8528203651 11.4636648963
13.7111804543 34.3253828669 14.5074588641
13.8285132349 34.5478385864 13.8137417051
13.2500920316 34.0961456243 22.0439642946
13.4334136356 34.1579806542 23.4605774471
13.6106620807 34.4879136923 24.5745622344
13.7539910049 34.2627324848 25.3731010150
13.8507532181 33.6070333699 25.5206763021
13.1159683511 34.1788063307 31.1760442690
13.3965779115 35.8578358139 11.2189547824
13.6778616060 34.6972022511 11.9851280601
13.7053841491 35.4398951743 12.3111621553
13.8199360864 35.2481392136 13.5860393781
13.8154098313 34.9626447237 12.9129933091
13.7880393248 35.1980419803 14.3415709802
13.6743896138 35.1777503385 15.1495318438
13.5254772683 35.4480479855 16.4036848544
13.3298764074 35.5486692476 17.2463402758
13.3191377910 35.1862780273 23.2912638076
13.4872096903 35.2286835584 24.3714718167
13.6122148250 35.2948314370 25.4194027626
13.8407394295 34.6212075087 26.1724533116
13.7215145599 35.3471550987 26.5119831824
13.6809989467 35.6832861531 27.6237943144
13.8152474898 35.2778379868 27.1336225501
13.5089286290 35.7833520478 28.4751548660
13.7413814680 35.5586323574 28.0317002850
13.6162434873 35.6342187350 28.6461813686
13.1896480881 34.6901957372 30.7336525793
13.1104350301 35.1722538630 30.1785832150
13.1267481367 36.8061566380 10.6259166180
13.4651885353 36.8298131198 11.3821163889
13.6386689913 36.5350526292 12.1269742588
13.7840168129 36.2911769135 13.1020051576
13.8254782190 36.0058674949 14.1251422388
13.8131714485 35.9320066614 14.8163153942
13.7227205944 35.6636254426 15.7424489164
13.6861465812 36.0561642311 16.5636941118
13.7466919955 36.7574826567 16.9049935715
13.5231809208 36.4258417682 17.2073474767
13.3039394590 36.0068767251 24.2378505900
13.3860300412 36.1111289931 25.2121482420
13.4110488559 36.2420116129 26.3683262394
13.5166496393 36.0496298749 27.2353362429
13.3286500103 36.1748235986 28.0286685974
13.3019435423 35.6505903912 29.2361135093
13.0890321309 37.7481475057 10.5822495293
13.3492038510 37.4197614804 11.1135039329
13.4894875572 37.6576077692 11.9731593878
13.6884017810 37.2026078109 12.7738441510
13.7835583766 37.2440537157 13.5447587855
13.8556747752 36.7324440783 14.1323582714
13.7057453490 37.3518744946 17.0480977719
13.8102800403 37.3230204517 16.9004007272
13.7668260945 37.9573383391 16.9115760416
13.4556074738 37.5066028339 17.4993216198
13.0961228180 36.7159425662 27.4001989177
13.2414022372 38.1637137555 11.1904922333
13.5646583553 38.2132374066 12.9373607120
13.6721905664 38.4424816973 13.5101721313
13.8175777096 37.5297955013 13.8060022429
13.5896516727 38.3507431393 17.1467423553
13.7073670272 38.9299636322 16.8626480352
13.5491466692 39.7433888506 13.6266539603
13.5628393483 39.5159692303 17.0193691892
13.6780928210 40.0171341773 16.7652656736
12.8546843827 41.2629220804 9.8505305475
13.5566395139 40.7089858898 13.9137043700
13.4903221579 41.3284095041 14.0405031677
13.5985062847 41.3342628710 14.1767049076
13.5437988016 40.6240179154 16.9193895020
13.6559413046 41.1145046628 16.6549499737
13.0418289278 42.0876209173 9.6712946098
13.3854009931 41.9589711628 14.1545970271
13.5232625402 42.0200880605 14.3716152451
13.5153043500 41.7336038106 16.7986085746
13.6163534169 42.1721617551 16.4523300915
13.2047455286 43.3122669185 6.0370083328
13.3782951294 43.3920497570 6.7645456276
13.3412890013 43.3233911584 7.8402917206
13.2668551021 43.0232077717 8.9944138423
13.2322102035 42.9769296557 9.9470607538
13.4666628820 42.8557500266 14.7908889813
13.4399760490 42.8641963435 16.5258574817
13.5533790413 42.9862327831 16.0229049707
12.9120874780 44.8141945431 2.8240293872
13.1422076241 44.7103909314 3.5851413426
13.3018685572 44.5644405547 4.5180816532
13.2564100159 43.9806397911 5.0787517635
13.3472287516 43.5199353658 5.9953370973
13.6449834106 43.7513457947 6.9472525827
13.8029679804 44.1599751975 7.4898352798
13.6956961471 44.0759299079 7.7109135355
13.5996584354 44.1567698897 8.7780283773
13.4378721091 44.0353634745 9.9806235076
13.4823406392 43.2458736378 15.3796522802
13.3645520686 43.5524336118 15.8018107186
13.2482397203 43.6904153422 16.4537024882
12.8258617866 45.2532193961 2.7052446404
13.0850368838 45.2412620422 3.3805203363
13.2733834151 45.3505805629 4.4035828775
13.5554378302 44.7592797980 5.1733881626
13.5365487088 45.3622909368 5.4324722875
13.6945881672 45.2450617786 5.6451514971
13.8237618561 44.7225493005 7.8773279290
13.7528240927 45.5112023846 7.8725616817
13.7472214884 45.1929049735 8.4385018326
13.7317205141 45.3693802081 9.7848820674
13.5043393142 45.1145703767 10.9772784512
13.1829990904 45.9492337165 5.3628265592
13.6653454512 45.6432723333 6.2310518437
13.3788583397 46.0738771791 6.5008873485
13.4853980494 46.2437983669 7.9029258331
13.6556842680 45.8779491569 7.1697947329
13.6678271686 46.2875237608 9.0841058685
13.8011420815 46.1132753186 9.6865307848
13.8653001473 45.9545713158 10.3441560915
13.9120330285 46.2104664292 10.9245740478
13.8058698206 46.0319629450 11.0616939679
13.5655771341 46.0850749359 12.1018461877
13.3949642696 46.4814298856 13.2268248983
13.2614524551 47.0639114255 8.7391491876
13.6747627391 46.7992961354 9.5019550642
13.4656835291 47.1642591847 9.3498804880
13.9204186677 46.5200298597 11.4705193016
13.4300936512 47.6202114047 9.7363528637
13.9307756487 46.8868592256 12.0106537808
13.8456721181 46.7110827134 12.0333667515
13.7068075091 47.1738690354 13.1056541791
13.4259255960 47.3600576954 14.1392912638
13.3958513192 49.2956921117 11.2285376715
13.3365854147 48.5380571081 10.4364199671
13.8803121392 47.2101044823 12.6351892287
13.5767082480 49.0371341206 11.1696830603
13.8360900913 47.8114365231 13.4985439035
13.8317063234 48.4149632082 14.0832423350
13.6995691847 48.2782076645 14.2282566381
13.3950719968 48.3266748835 15.0002930302
13.1247052591 49.9474038757 11.5679286844
13.6707992563 49.4794728351 11.7572140355
13.5390882663 49.9921866788 12.2177744031
13.7363583273 49.8519151578 12.3314183665
13.7697027280 49.0862825709 14.5434806761
13.7231692851 49.9843113189 14.6084467573
13.5646748488 49.6580551920 15.2581634072
13.0867522800 50.5507989833 12.2528480267
13.6787212287 50.2499004290 12.9670087645
13.3584255292 50.8630186483 13.3472868876
13.5808534687 50.8085287485 14.7014199058
13.6761574811 50.4499682038 13.9154393617
13.5635063522 50.9711511923 15.6951377980
13.4119318786 50.7299676129 16.4266052687
13.1568700306 51.9471459408 14.4747644241
13.4550449574 51.9067338290 15.5824964219
13.4761005090 51.8134983075 16.5105270778
13.3234856347 51.6370757780 17.2575018232
13.0780563791 53.0346721184 15.5387864534
13.3640499882 52.9109996865 16.5527669316
13.3301425098 52.7436130981 17.5242745028
13.0434821399 54.0636681408 16.5843031995
13.2405796741 53.8608173537 17.4972393083
13.1217582057 53.7014796705 18.2925646119
12.9608555888 54.9413570940 17.5559621143
12.9907106521 54.6405385878 18.2851868510
12.8029623661 55.4576534832 18.2660168666
3 2 1 0
3 0 3 2
3 0 1 4
3 4 1 5
3 3 0 6
3 6 0 4
3 5 7 4
3 4 7 6
3 10 9 8
3 8 11 10
3 9 12 8
3 8 12 11
3 15 14 13
3 17 16 13
3 13 16 15
3 17 18 16
3 13 14 19
3 19 14 20
3 13 21 17
3 13 19 21
3 18 17 22
3 17 23 22
3 17 21 23
3 23 24 22
3 27 26 25
3 27 25 20
3 25 19 20
3 25 28 19
3 19 29 21
3 19 28 29
3 21 30 23
3 21 29 30
3 24 23 31
3 23 32 31
3 23 30 32
3 32 33 31
3 26 34 25
3 25 34 28
3 28 34 35
3 37 36 35
3 36 28 35
3 36 29 28
3 29 38 30
3 29 36 38
3 30 39 32
3 30 38 39
3 33 32 40
3 32 41 40
3 32 39 41
3 43 42 41
3 41 42 40
3 43 44 42
3 36 37 45
3 45 37 46
3 36 47 38
3 36 45 47
3 38 48 39
3 38 47 48
3 39 49 41
3 39 48 49
3 41 50 43
3 41 49 50
3 44 43 51
3 51 43 50
3 54 53 52
3 56 55 52
3 55 45 52
3 46 54 52
3 46 52 45
3 58 57 55
3 57 45 55
3 57 47 45
3 47 59 48
3 47 57 59
3 59 1 2
3 49 59 2
3 48 59 49
3 50 49 60
3 49 3 60
3 3 61 60
3 3 49 2
3 50 60 51
3 64 63 62
3 64 62 53
3 62 52 53
3 62 65 52
3 56 52 66
3 66 52 65
3 57 58 67
3 67 58 68
3 57 69 59
3 57 67 69
3 1 70 5
3 1 71 70
3 71 1 72
3 59 72 1
3 72 59 73
3 70 73 59
3 59 69 70
3 70 69 5
3 71 73 70
3 72 61 71
3 61 6 71
3 61 3 6
3 62 63 74
3 74 63 75
3 62 76 65
3 62 74 76
3 66 65 77
3 77 65 76
3 67 68 78
3 78 68 79
3 67 80 69
3 67 78 80
3 73 71 81
3 7 81 71
3 81 7 80
3 5 80 7
3 80 5 69
3 7 71 6
3 74 75 82
3 82 75 83
3 74 84 76
3 74 82 84
3 77 76 85
3 85 76 84
3 78 79 86
3 86 79 87
3 89 80 88
3 80 86 88
3 80 78 86
3 80 89 81
3 83 90 82
3 82 90 84
3 84 90 91
3 84 91 85
3 86 87 92
3 92 87 93
3 88 86 94
3 94 86 92
3 93 95 92
3 92 95 94
3 98 97 96
3 100 99 96
3 96 99 98
3 102 101 100
3 100 101 99
3 102 103 101
3 106 105 104
3 104 107 106
3 96 97 108
3 108 97 109
3 96 110 100
3 96 108 110
3 100 111 102
3 100 110 111
3 103 102 112
3 102 113 112
3 102 111 113
3 115 114 113
3 113 114 112
3 117 116 115
3 116 104 115
3 105 114 115
3 105 115 104
3 104 116 107
3 109 118 108
3 120 119 118
3 119 108 118
3 119 110 108
3 110 121 111
3 110 119 121
3 111 122 113
3 111 121 122
3 122 9 10
3 115 122 10
3 113 122 115
3 10 11 115
3 11 117 115
3 11 123 117
3 119 120 124
3 124 120 125
3 119 126 121
3 119 124 126
3 121 127 122
3 121 126 127
3 122 127 9
3 127 128 9
3 128 12 9
3 127 129 128
3 11 12 123
3 123 12 128
3 124 125 130
3 130 125 131
3 124 132 126
3 124 130 132
3 126 133 127
3 126 132 133
3 129 127 134
3 134 127 133
3 131 135 130
3 137 136 135
3 136 130 135
3 136 132 130
3 132 138 133
3 132 136 138
3 134 133 139
3 139 133 138
3 136 137 140
3 140 137 141
3 143 138 142
3 138 140 142
3 138 136 140
3 138 143 139
3 141 144 140
3 140 144 142
3 147 146 145
3 149 148 145
3 145 148 147
3 151 150 149
3 149 150 148
3 151 152 150
3 155 154 153
3 157 156 153
3 153 156 155
3 157 158 156
3 161 160 159
3 161 159 146
3 159 145 146
3 159 162 145
3 145 163 149
3 145 162 163
3 149 164 151
3 149 163 164
3 152 151 165
3 151 166 165
3 151 164 166
3 168 167 166
3 166 167 165
3 170 169 168
3 168 169 167
3 169 170 154
3 170 153 154
3 170 171 153
3 153 172 157
3 153 171 172
3 158 157 173
3 173 157 172
3 160 174 159
3 176 175 174
3 175 159 174
3 175 162 159
3 162 177 163
3 162 175 177
3 163 178 164
3 163 177 178
3 164 179 166
3 164 178 179
3 166 180 168
3 166 179 180
3 168 181 170
3 168 180 181
3 170 182 171
3 170 181 182
3 171 183 172
3 171 182 183
3 173 172 184
3 184 172 183
3 175 176 185
3 185 176 186
3 175 187 177
3 175 185 187
3 177 188 178
3 177 187 188
3 178 189 179
3 178 188 189
3 179 190 180
3 179 189 190
3 180 191 181
3 180 190 191
3 181 192 182
3 181 191 192
3 194 183 193
3 183 192 193
3 183 182 192
3 183 194 184
3 186 195 185
3 197 196 195
3 196 185 195
3 196 187 185
3 187 198 188
3 187 196 198
3 188 199 189
3 188 198 199
3 189 200 190
3 189 199 200
3 190 201 191
3 190 200 201
3 191 202 192
3 191 201 202
3 193 192 203
3 192 204 203
3 192 202 204
3 206 205 204
3 204 205 203
3 208 207 206
3 206 207 205
3 208 209 207
3 196 197 210
3 210 197 211
3 196 212 198
3 196 210 212
3 198 213 199
3 198 212 213
3 213 14 15
3 200 213 15
3 199 213 200
3 200 15 16
3 200 16 201
3 201 16 18
3 214 201 18
3 202 201 214
3 202 215 204
3 202 214 215
3 204 216 206
3 204 215 216
3 206 217 208
3 206 216 217
3 209 208 218
3 218 208 217
3 221 220 219
3 221 219 211
3 219 210 211
3 219 222 210
3 210 223 212
3 210 222 223
3 212 224 213
3 212 223 224
3 224 20 14
3 224 14 213
3 22 214 18
3 214 22 24
3 225 214 24
3 215 214 225
3 215 226 216
3 215 225 226
3 216 227 217
3 216 226 227
3 218 217 228
3 217 229 228
3 217 227 229
3 229 230 228
3 219 220 231
3 231 220 232
3 219 233 222
3 219 231 233
3 222 234 223
3 222 233 234
3 234 26 27
3 224 234 27
3 223 234 224
3 224 27 20
3 31 225 24
3 225 31 33
3 235 225 33
3 226 225 235
3 226 236 227
3 226 235 236
3 227 237 229
3 227 236 237
3 230 229 238
3 238 229 237
3 231 232 239
3 239 232 240
3 231 241 233
3 231 239 241
3 233 242 234
3 233 241 242
3 243 34 26
3 234 243 26
3 242 243 234
3 244 35 34
3 244 34 243
3 244 37 35
3 40 235 33
3 235 40 42
3 235 42 236
3 236 42 44
3 245 236 44
3 237 236 245
3 238 237 246
3 246 237 245
3 239 240 247
3 247 240 248
3 239 249 241
3 239 247 249
3 241 250 242
3 241 249 250
3 242 251 243
3 242 250 251
3 243 252 244
3 243 251 252
3 252 46 37
3 252 37 244
3 254 253 245
3 44 254 245
3 51 254 44
3 245 253 246
3 247 248 255
3 255 248 256
3 247 257 249
3 247 255 257
3 249 258 250
3 249 257 258
3 250 259 251
3 250 258 259
3 259 53 54
3 252 259 54
3 251 259 252
3 46 252 54
3 55 56 260
3 260 58 55
3 262 261 60
3 262 60 61
3 51 60 254
3 254 60 261
3 256 263 255
3 265 264 263
3 264 255 263
3 264 257 255
3 257 266 258
3 257 264 266
3 266 63 64
3 259 266 64
3 258 266 259
3 259 64 53
3 66 267 260
3 66 260 56
3 267 68 58
3 267 58 260
3 269 268 72
3 269 72 73
3 61 72 262
3 262 72 268
3 272 271 270
3 272 270 265
3 270 264 265
3 270 273 264
3 264 274 266
3 264 273 274
3 274 75 63
3 274 63 266
3 77 275 267
3 77 267 66
3 275 79 68
3 275 68 267
3 278 277 276
3 277 269 276
3 269 81 276
3 269 73 81
3 270 271 279
3 279 271 280
3 282 273 281
3 273 279 281
3 273 270 279
3 284 283 282
3 283 273 282
3 283 274 273
3 283 83 75
3 283 75 274
3 85 285 275
3 85 275 77
3 285 87 79
3 285 79 275
3 278 276 89
3 88 278 89
3 286 278 88
3 89 276 81
3 289 288 287
3 289 287 280
3 287 279 280
3 287 290 279
3 281 279 291
3 291 279 290
3 283 284 292
3 292 284 293
3 294 90 83
3 283 294 83
3 292 294 283
3 295 91 90
3 295 90 294
3 285 85 91
3 295 285 91
3 296 285 295
3 296 93 87
3 296 87 285
3 94 286 88
3 94 297 286
3 300 299 298
3 300 298 288
3 298 287 288
3 298 301 287
3 287 302 290
3 287 301 302
3 291 290 303
3 290 304 303
3 290 302 304
3 303 304 293
3 304 292 293
3 304 305 292
3 292 306 294
3 292 305 306
3 294 307 295
3 294 306 307
3 295 308 296
3 295 307 308
3 309 95 93
3 296 309 93
3 308 309 296
3 309 310 95
3 310 94 95
3 310 297 94
3 298 299 311
3 311 299 312
3 298 313 301
3 298 311 313
3 301 314 302
3 301 313 314
3 302 315 304
3 302 314 315
3 304 316 305
3 304 315 316
3 305 317 306
3 305 316 317
3 306 318 307
3 306 317 318
3 307 319 308
3 307 318 319
3 308 320 309
3 308 319 320
3 310 309 321
3 321 309 320
3 311 312 322
3 322 312 323
3 311 324 313
3 311 322 324
3 313 325 314
3 313 324 325
3 314 326 315
3 314 325 326
3 315 327 316
3 315 326 327
3 316 328 317
3 316 327 328
3 317 329 318
3 317 328 329
3 318 330 319
3 318 329 330
3 319 331 320
3 319 330 331
3 321 320 332
3 332 320 331
3 323 333 322
3 335 334 333
3 334 322 333
3 334 324 322
3 324 336 325
3 324 334 336
3 336 97 98
3 326 336 98
3 325 336 326
3 326 98 99
3 326 99 327
3 327 99 101
3 327 101 328
3 328 101 103
3 337 328 103
3 329 328 337
3 329 338 330
3 329 337 338
3 338 105 106
3 331 338 106
3 330 338 331
3 106 107 331
3 107 332 331
3 107 339 332
3 334 335 340
3 340 335 341
3 334 342 336
3 334 340 342
3 342 109 97
3 342 97 336
3 112 337 103
3 337 112 114
3 337 114 338
3 105 338 114
3 116 117 343
3 343 344 116
3 344 107 116
3 344 339 107
3 341 345 340
3 347 346 345
3 346 340 345
3 346 342 340
3 348 118 109
3 342 348 109
3 346 348 342
3 348 120 118
3 350 349 343
3 117 350 343
3 123 350 117
3 343 349 344
3 347 351 346
3 353 352 351
3 352 346 351
3 352 348 346
3 352 125 120
3 352 120 348
3 129 354 128
3 354 355 128
3 355 123 128
3 355 350 123
3 352 353 356
3 356 353 357
3 356 131 125
3 356 125 352
3 134 358 354
3 134 354 129
3 355 354 359
3 359 354 358
3 357 360 356
3 360 362 361
3 360 361 135
3 356 360 135
3 131 356 135
3 361 137 135
3 364 363 358
3 134 364 358
3 139 364 134
3 358 363 359
3 361 362 365
3 365 362 366
3 365 141 137
3 365 137 361
3 368 367 143
3 368 143 142
3 139 143 364
3 364 143 367
3 366 369 365
3 365 369 141
3 369 144 141
3 369 370 144
3 142 144 368
3 368 144 370
3 373 372 371
3 375 374 371
3 371 374 373
3 377 376 375
3 375 376 374
3 379 378 377
3 377 378 376
3 381 380 379
3 379 380 378
3 383 382 381
3 381 382 380
3 385 384 383
3 383 384 382
3 387 386 385
3 385 386 384
3 389 388 387
3 387 388 386
3 389 390 388
3 371 372 391
3 391 372 392
3 371 393 375
3 371 391 393
3 375 394 377
3 375 393 394
3 377 395 379
3 377 394 395
3 379 396 381
3 379 395 396
3 381 397 383
3 381 396 397
3 383 398 385
3 383 397 398
3 385 399 387
3 385 398 399
3 387 400 389
3 387 399 400
3 390 389 401
3 401 389 400
3 391 392 402
3 402 392 403
3 391 404 393
3 391 402 404
3 393 405 394
3 393 404 405
3 394 406 395
3 394 405 406
3 395 407 396
3 395 406 407
3 396 408 397
3 396 407 408
3 397 409 398
3 397 408 409
3 398 410 399
3 398 409 410
3 399 411 400
3 399 410 411
3 401 400 412
3 412 400 411
3 415 414 413
3 415 413 403
3 413 402 403
3 413 416 402
3 416 146 147
3 404 416 147
3 402 416 404
3 404 147 148
3 404 148 405
3 405 148 150
3 405 150 406
3 406 150 152
3 417 406 152
3 407 406 417
3 407 418 408
3 407 417 418
3 408 419 409
3 408 418 419
3 419 154 155
3 410 419 155
3 409 419 410
3 410 155 156
3 410 156 411
3 421 420 158
3 158 420 156
3 420 412 156
3 412 411 156
3 421 422 420
3 413 414 423
3 423 414 424
3 423 160 161
3 416 423 161
3 413 423 416
3 416 161 146
3 165 417 152
3 417 165 167
3 417 167 418
3 418 167 169
3 418 169 419
3 419 169 154
3 173 425 421
3 173 421 158
3 422 421 426
3 426 421 425
3 423 424 427
3 427 424 428
3 429 174 160
3 423 429 160
3 427 429 423
3 429 176 174
3 184 430 425
3 184 425 173
3 426 425 431
3 425 432 431
3 425 430 432
3 432 433 431
3 427 428 434
3 434 428 435
3 427 436 429
3 427 434 436
3 436 186 176
3 436 176 429
3 193 437 194
3 430 184 194
3 437 430 194
3 438 430 437
3 430 439 432
3 430 438 439
3 433 432 440
3 440 432 439
3 434 435 441
3 441 435 442
3 434 443 436
3 434 441 443
3 444 195 186
3 436 444 186
3 443 444 436
3 444 197 195
3 203 437 193
3 437 203 205
3 437 205 438
3 438 205 207
3 438 207 439
3 446 445 209
3 209 445 207
3 445 440 207
3 440 439 207
3 446 447 445
3 441 442 448
3 448 442 449
3 441 450 443
3 441 448 450
3 443 451 444
3 443 450 451
3 451 211 197
3 451 197 444
3 218 452 446
3 218 446 209
3 447 446 453
3 446 454 453
3 446 452 454
3 454 455 453
3 448 449 456
3 456 449 457
3 448 458 450
3 448 456 458
3 458 220 221
3 451 458 221
3 450 458 451
3 451 221 211
3 228 452 218
3 452 228 230
3 459 452 230
3 454 452 459
3 455 454 460
3 454 461 460
3 454 459 461
3 461 462 460
3 456 457 463
3 463 457 464
3 456 465 458
3 456 463 465
3 465 232 220
3 465 220 458
3 238 466 459
3 238 459 230
3 468 461 467
3 461 466 467
3 461 459 466
3 461 468 462
3 463 464 469
3 469 464 470
3 463 471 465
3 463 469 471
3 471 240 232
3 471 232 465
3 473 472 466
3 238 473 466
3 246 473 238
3 466 472 467
3 469 470 474
3 474 470 475
3 469 476 471
3 469 474 476
3 476 248 240
3 476 240 471
3 478 477 253
3 478 253 254
3 246 253 473
3 473 253 477
3 474 475 479
3 479 475 480
3 474 481 476
3 474 479 481
3 481 256 248
3 481 248 476
3 483 482 261
3 483 261 262
3 254 261 478
3 478 261 482
3 479 480 484
3 484 480 485
3 479 486 481
3 479 484 486
3 487 263 256
3 481 487 256
3 486 487 481
3 487 265 263
3 490 489 488
3 268 269 488
3 489 268 488
3 491 268 489
3 262 268 483
3 483 268 491
3 494 493 492
3 494 492 485
3 492 484 485
3 492 495 484
3 484 496 486
3 484 495 496
3 496 271 272
3 487 496 272
3 486 496 487
3 487 272 265
3 490 488 277
3 278 490 277
3 497 490 278
3 277 488 269
3 492 493 498
3 498 493 499
3 492 500 495
3 492 498 500
3 495 501 496
3 495 500 501
3 501 280 271
3 501 271 496
3 281 502 282
3 502 284 282
3 286 497 278
3 286 503 497
3 498 499 504
3 504 499 505
3 498 506 500
3 498 504 506
3 506 288 289
3 501 506 289
3 500 506 501
3 501 289 280
3 291 507 502
3 291 502 281
3 507 293 284
3 507 284 502
3 297 503 286
3 297 508 503
3 504 505 509
3 509 505 510
3 509 299 300
3 506 509 300
3 504 509 506
3 506 300 288
3 303 507 291
3 507 303 293
3 310 508 297
3 310 511 508
3 509 510 512
3 512 510 513
3 512 312 299
3 512 299 509
3 321 511 310
3 321 514 511
3 512 513 515
3 515 513 516
3 515 323 312
3 515 312 512
3 332 514 321
3 332 517 514
3 515 516 518
3 518 516 519
3 520 333 323
3 515 520 323
3 518 520 515
3 520 335 333
3 339 517 332
3 339 521 517
3 519 522 518
3 524 523 522
3 523 518 522
3 523 520 518
3 523 341 335
3 523 335 520
3 344 521 339
3 344 525 521
3 523 524 526
3 526 524 527
3 528 345 341
3 523 528 341
3 526 528 523
3 528 347 345
3 350 529 349
3 529 530 349
3 530 344 349
3 530 525 344
3 527 531 526
3 533 532 531
3 532 526 531
3 532 528 526
3 534 351 347
3 528 534 347
3 532 534 528
3 534 353 351
3 355 535 529
3 355 529 350
3 530 529 536
3 536 529 535
3 533 537 532
3 539 538 537
3 538 532 537
3 538 534 532
3 538 357 353
3 538 353 534
3 541 540 535
3 355 541 535
3 359 541 355
3 535 540 536
3 539 542 538
3 542 544 543
3 542 543 360
3 538 542 360
3 357 538 360
3 543 362 360
3 546 545 363
3 546 363 364
3 359 363 541
3 541 363 545
3 543 544 547
3 547 544 548
3 547 366 362
3 547 362 543
3 550 549 367
3 550 367 368
3 364 367 546
3 546 367 549
3 548 551 547
3 551 553 552
3 551 552 369
3 547 551 369
3 366 547 369
3 369 552 554
3 555 369 554
3 370 369 555
3 368 370 550
3 550 370 555
3 553 556 552
3 552 556 554
3 559 558 557
3 561 560 557
3 557 560 559
3 563 562 561
3 561 562 560
3 563 564 562
3 558 565 557
3 567 566 565
3 566 557 565
3 566 561 557
3 561 568 563
3 561 566 568
3 564 563 569
3 569 563 568
3 567 570 566
3 572 571 570
3 571 566 570
3 571 568 566
3 569 568 573
3 573 568 571
3 572 574 571
3 571 574 573
3 577 576 575
3 575 578 577
3 581 580 579
3 581 579 576
3 579 575 576
3 579 582 575
3 578 575 583
3 575 584 583
3 575 582 584
3 584 585 583
3 588 587 586
3 590 589 586
3 586 589 588
3 589 590 580
3 590 579 580
3 590 591 579
3 579 592 582
3 579 591 592
3 582 593 584
3 582 592 593
3 585 584 594
3 584 595 594
3 584 593 595
3 595 596 594
3 599 598 597
3 599 597 587
3 597 586 587
3 597 600 586
3 586 601 590
3 586 600 601
3 590 602 591
3 590 601 602
3 591 603 592
3 591 602 603
3 592 604 593
3 592 603 604
3 593 605 595
3 593 604 605
3 596 595 606
3 606 595 605
3 609 608 607
3 609 607 598
3 607 597 598
3 607 610 597
3 597 611 600
3 597 610 611
3 600 612 601
3 600 611 612
3 601 613 602
3 601 612 613
3 602 614 603
3 602 613 614
3 603 615 604
3 603 614 615
3 604 616 605
3 604 615 616
3 606 605 617
3 605 618 617
3 605 616 618
3 620 619 618
3 618 619 617
3 620 621 619
3 607 608 622
3 622 608 623
3 607 624 610
3 607 622 624
3 610 625 611
3 610 624 625
3 611 626 612
3 611 625 626
3 612 627 613
3 612 626 627
3 613 628 614
3 613 627 628
3 614 629 615
3 614 628 629
3 615 630 616
3 615 629 630
3 616 631 618
3 616 630 631
3 618 632 620
3 618 631 632
3 621 620 633
3 620 634 633
3 620 632 634
3 634 635 633
3 622 623 636
3 636 623 637
3 622 638 624
3 622 636 638
3 638 372 373
3 625 638 373
3 624 638 625
3 625 373 374
3 625 374 626
3 626 374 376
3 626 376 627
3 627 376 378
3 627 378 628
3 628 378 380
3 628 380 629
3 629 380 382
3 629 382 630
3 630 382 384
3 630 384 631
3 631 384 386
3 631 386 632
3 632 386 388
3 632 388 634
3 388 390 634
3 390 635 634
3 390 639 635
3 636 637 640
3 640 637 641
3 636 642 638
3 636 640 642
3 642 392 372
3 642 372 638
3 401 639 390
3 401 643 639
3 640 641 644
3 644 641 645
3 640 646 642
3 640 644 646
3 646 403 392
3 646 392 642
3 412 648 647
3 643 412 647
3 401 412 643
3 648 649 647
3 644 645 650
3 650 645 651
3 650 414 415
3 646 650 415
3 644 650 646
3 646 415 403
3 420 648 412
3 420 422 648
3 422 649 648
3 422 652 649
3 650 651 653
3 653 651 654
3 653 424 414
3 653 414 650
3 426 656 655
3 652 426 655
3 422 426 652
3 656 657 655
3 653 654 658
3 658 654 659
3 658 428 424
3 658 424 653
3 431 656 426
3 661 660 433
3 433 660 431
3 660 657 431
3 657 656 431
3 661 662 660
3 658 659 663
3 663 659 664
3 663 435 428
3 663 428 658
3 440 665 661
3 440 661 433
3 662 661 666
3 666 661 665
3 669 668 667
3 669 667 664
3 667 663 664
3 667 670 663
3 670 442 435
3 670 435 663
3 445 665 440
3 672 671 447
3 447 671 445
3 671 666 445
3 666 665 445
3 672 673 671
3 668 674 667
3 676 675 674
3 675 667 674
3 675 670 667
3 675 449 442
3 675 442 670
3 453 672 447
3 678 677 455
3 455 677 453
3 677 673 453
3 673 672 453
3 678 679 677
3 675 676 680
3 680 676 681
3 680 457 449
3 680 449 675
3 460 678 455
3 460 462 678
3 462 679 678
3 462 682 679
3 685 684 683
3 685 683 681
3 683 680 681
3 683 686 680
3 686 464 457
3 686 457 680
3 688 687 468
3 688 468 467
3 462 468 682
3 682 468 687
3 683 684 689
3 689 684 690
3 683 691 686
3 683 689 691
3 691 470 464
3 691 464 686
3 693 692 472
3 693 472 473
3 467 472 688
3 688 472 692
3 689 690 694
3 694 690 695
3 689 696 691
3 689 694 696
3 696 475 470
3 696 470 691
3 698 697 477
3 698 477 478
3 473 477 693
3 693 477 697
3 694 695 699
3 699 695 700
3 694 701 696
3 694 699 701
3 701 480 475
3 701 475 696
3 703 702 482
3 703 482 483
3 478 482 698
3 698 482 702
3 699 700 704
3 704 700 705
3 699 706 701
3 699 704 706
3 706 485 480
3 706 480 701
3 708 707 489
3 708 489 490
3 489 709 491
3 707 709 489
3 483 491 703
3 703 491 709
3 704 705 710
3 710 705 711
3 710 493 494
3 706 710 494
3 704 710 706
3 706 494 485
3 497 708 490
3 497 712 708
3 710 711 713
3 713 711 714
3 713 499 493
3 713 493 710
3 503 712 497
3 503 715 712
3 718 717 716
3 718 716 714
3 716 713 714
3 716 719 713
3 719 505 499
3 719 499 713
3 508 715 503
3 508 720 715
3 716 717 721
3 721 717 722
3 716 723 719
3 716 721 723
3 723 510 505
3 723 505 719
3 511 720 508
3 511 724 720
3 721 722 725
3 725 722 726
3 721 727 723
3 721 725 727
3 727 513 510
3 727 510 723
3 514 724 511
3 514 728 724
3 726 729 725
3 731 730 729
3 730 725 729
3 730 727 725
3 730 516 513
3 730 513 727
3 517 728 514
3 517 732 728
3 730 731 733
3 733 731 734
3 733 519 516
3 733 516 730
3 521 732 517
3 521 735 732
3 733 734 736
3 736 734 737
3 738 522 519
3 733 738 519
3 736 738 733
3 738 524 522
3 525 735 521
3 525 739 735
3 737 740 736
3 742 741 740
3 741 736 740
3 741 738 736
3 741 527 524
3 741 524 738
3 530 739 525
3 530 743 739
3 741 742 744
3 744 742 745
3 746 531 527
3 741 746 527
3 744 746 741
3 746 533 531
3 536 743 530
3 536 747 743
3 745 748 744
3 744 748 746
3 746 748 749
3 749 751 750
3 749 750 537
3 746 749 537
3 533 746 537
3 750 539 537
3 753 752 540
3 753 540 541
3 536 540 747
3 747 540 752
3 751 754 750
3 754 756 755
3 754 755 542
3 750 754 542
3 539 750 542
3 755 544 542
3 758 757 545
3 758 545 546
3 541 545 753
3 753 545 757
3 755 756 759
3 759 756 760
3 759 548 544
3 759 544 755
3 762 761 549
3 762 549 550
3 546 549 758
3 758 549 761
3 760 763 759
3 759 763 548
3 763 551 548
3 763 764 551
3 553 551 764
3 553 764 765
3 767 766 555
3 767 555 554
3 550 555 762
3 762 555 766
3 765 768 553
3 553 768 556
3 554 556 767
3 767 556 768
3 771 770 769
3 773 772 769
3 769 772 771
3 558 559 773
3 559 772 773
3 559 774 772
3 775 559 560
3 775 774 559
3 776 560 562
3 776 775 560
3 778 777 564
3 777 562 564
3 777 776 562
3 778 779 777
3 770 780 769
3 782 781 780
3 781 769 780
3 781 773 769
3 783 565 558
3 773 783 558
3 781 783 773
3 783 567 565
3 569 784 778
3 569 778 564
3 779 778 785
3 778 786 785
3 778 784 786
3 786 787 785
3 782 788 781
3 781 788 783
3 783 788 789
3 789 791 790
3 789 790 570
3 783 789 570
3 567 783 570
3 790 572 570
3 573 792 784
3 573 784 569
3 784 793 786
3 784 792 793
3 787 786 794
3 794 786 793
3 791 795 790
3 795 797 796
3 795 796 574
3 790 795 574
3 572 790 574
3 792 573 574
3 796 792 574
3 798 792 796
3 792 799 793
3 792 798 799
3 794 793 800
3 793 801 800
3 793 799 801
3 803 802 801
3 801 802 800
3 805 804 803
3 803 804 802
3 807 806 805
3 805 806 804
3 807 808 806
3 797 809 796
3 811 810 809
3 810 796 809
3 810 798 796
3 798 812 799
3 798 810 812
3 799 813 801
3 799 812 813
3 801 814 803
3 801 813 814
3 803 815 805
3 803 814 815
3 805 816 807
3 805 815 816
3 808 807 817
3 807 818 817
3 807 816 818
3 820 819 818
3 818 819 817
3 820 821 819
3 810 811 822
3 822 811 823
3 810 824 812
3 810 822 824
3 812 825 813
3 812 824 825
3 813 826 814
3 813 825 826
3 814 827 815
3 814 826 827
3 815 828 816
3 815 827 828
3 828 576 577
3 818 828 577
3 816 828 818
3 818 577 578
3 829 818 578
3 820 818 829
3 821 820 830
3 820 831 830
3 820 829 831
3 831 832 830
3 822 823 833
3 833 823 834
3 822 835 824
3 822 833 835
3 824 836 825
3 824 835 836
3 825 837 826
3 825 836 837
3 826 838 827
3 826 837 838
3 838 580 581
3 828 838 581
3 827 838 828
3 828 581 576
3 583 829 578
3 829 583 585
3 839 829 585
3 831 829 839
3 832 831 840
3 831 841 840
3 831 839 841
3 841 842 840
3 833 834 843
3 843 834 844
3 833 845 835
3 833 843 845
3 835 846 836
3 835 845 846
3 846 587 588
3 837 846 588
3 836 846 837
3 837 588 589
3 837 589 838
3 838 589 580
3 594 839 585
3 839 594 596
3 847 839 596
3 841 839 847
3 842 841 848
3 848 841 847
3 843 844 849
3 849 844 850
3 843 851 845
3 843 849 851
3 851 598 599
3 846 851 599
3 845 851 846
3 846 599 587
3 606 852 847
3 606 847 596
3 848 847 853
3 847 854 853
3 847 852 854
3 854 855 853
3 849 850 856
3 856 850 857
3 856 608 609
3 851 856 609
3 849 856 851
3 851 609 598
3 617 852 606
3 852 617 619
3 852 619 854
3 859 858 621
3 621 858 619
3 858 855 619
3 855 854 619
3 859 860 858
3 856 857 861
3 861 857 862
3 861 623 608
3 861 608 856
3 633 859 621
3 633 635 859
3 635 860 859
3 635 863 860
3 861 862 864
3 864 862 865
3 864 637 623
3 864 623 861
3 639 867 866
3 863 639 866
3 635 639 863
3 867 868 866
3 864 865 869
3 869 865 870
3 869 641 637
3 869 637 864
3 643 871 867
3 643 867 639
3 868 867 872
3 872 867 871
3 869 870 873
3 873 870 874
3 873 645 641
3 873 641 869
3 647 871 643
3 647 649 871
3 649 872 871
3 649 875 872
3 873 874 876
3 876 874 877
3 876 651 645
3 876 645 873
3 652 879 878
3 875 652 878
3 649 652 875
3 879 880 878
3 876 877 881
3 881 877 882
3 881 654 651
3 881 651 876
3 655 879 652
3 884 883 657
3 657 883 655
3 883 880 655
3 880 879 655
3 884 885 883
3 881 882 886
3 886 882 887
3 886 659 654
3 886 654 881
3 660 884 657
3 660 662 884
3 662 885 884
3 662 888 885
3 886 887 889
3 889 887 890
3 889 664 659
3 889 659 886
3 666 892 891
3 888 666 891
3 662 666 888
3 892 893 891
3 889 890 669
3 890 668 669
3 890 894 668
3 889 669 664
3 671 892 666
3 896 895 673
3 673 895 671
3 895 893 671
3 893 892 671
3 896 897 895
3 674 668 898
3 668 899 898
3 668 894 899
3 898 676 674
3 677 896 673
3 677 679 896
3 679 897 896
3 679 900 897
3 898 899 901
3 901 899 902
3 901 681 676
3 901 676 898
3 682 900 679
3 682 903 900
3 906 905 904
3 906 904 902
3 902 904 901
3 904 684 901
3 684 685 901
3 901 685 681
3 908 907 687
3 908 687 688
3 682 687 903
3 903 687 907
3 904 905 909
3 909 905 910
3 909 690 684
3 909 684 904
3 912 911 692
3 912 692 693
3 688 692 908
3 908 692 911
3 909 910 913
3 913 910 914
3 913 695 690
3 913 690 909
3 916 915 697
3 916 697 698
3 693 697 912
3 912 697 915
3 913 914 917
3 917 914 918
3 917 700 695
3 917 695 913
3 920 919 702
3 920 702 703
3 698 702 916
3 916 702 919
3 917 918 921
3 921 918 922
3 921 705 700
3 921 700 917
3 924 923 707
3 924 707 708
3 707 925 709
3 923 925 707
3 703 709 920
3 920 709 925
3 921 922 926
3 926 922 927
3 926 711 705
3 926 705 921
3 712 924 708
3 712 928 924
3 926 927 929
3 929 927 930
3 929 714 711
3 929 711 926
3 715 928 712
3 715 931 928
3 929 930 718
3 930 717 718
3 930 932 717
3 929 718 714
3 720 931 715
3 720 933 931
3 936 935 934
3 932 936 934
3 722 932 934
3 717 932 722
3 724 933 720
3 724 937 933
3 934 935 938
3 938 935 939
3 938 726 722
3 938 722 934
3 728 937 724
3 728 940 937
3 938 939 941
3 941 939 942
3 943 729 726
3 938 943 726
3 941 943 938
3 943 731 729
3 732 940 728
3 732 944 940
3 942 945 941
3 947 946 945
3 946 941 945
3 946 943 941
3 946 734 731
3 946 731 943
3 735 944 732
3 735 948 944
3 946 947 949
3 949 947 950
3 949 737 734
3 949 734 946
3 739 948 735
3 739 951 948
3 950 952 949
3 952 954 953
3 952 953 740
3 949 952 740
3 737 949 740
3 953 742 740
3 743 951 739
3 743 955 951
3 954 956 953
3 742 953 956
3 957 742 956
3 745 742 957
3 747 955 743
3 747 958 955
3 957 959 745
3 745 959 748
3 959 961 960
3 749 959 960
3 748 959 749
3 960 751 749
3 963 962 752
3 963 752 753
3 747 752 958
3 958 752 962
3 961 964 960
3 964 966 965
3 964 965 754
3 960 964 754
3 751 960 754
3 965 756 754
3 968 967 757
3 968 757 758
3 753 757 963
3 963 757 967
3 966 969 965
3 756 965 969
3 970 756 969
3 760 756 970
3 972 971 761
3 972 761 762
3 758 761 968
3 968 761 971
3 970 973 760
3 760 973 763
3 973 975 974
3 764 973 974
3 763 973 764
3 974 765 764
3 977 976 766
3 977 766 767
3 762 766 972
3 972 766 976
3 975 978 974
3 974 978 765
3 978 768 765
3 978 979 768
3 767 768 977
3 977 768 979
3 982 981 980
3 980 983 982
3 985 984 771
3 771 984 770
3 986 771 772
3 986 985 771
3 987 772 774
3 987 986 772
3 988 774 775
3 988 987 774
3 989 775 776
3 989 988 775
3 990 776 777
3 990 989 776
3 991 980 779
3 980 990 779
3 990 777 779
3 980 981 990
3 983 980 992
3 980 993 992
3 980 991 993
3 995 994 993
3 993 994 992
3 995 996 994
3 780 770 997
3 770 998 997
3 770 984 998
3 997 782 780
3 785 991 779
3 991 785 787
3 999 991 787
3 993 991 999
3 993 1000 995
3 993 999 1000
3 996 995 1001
3 995 1002 1001
3 995 1000 1002
3 1004 1003 1002
3 1002 1003 1001
3 1004 1005 1003
3 998 1006 997
3 997 1006 782
3 1006 788 782
3 1006 1007 788
3 1007 1009 1008
3 789 1007 1008
3 788 1007 789
3 1008 791 789
3 794 1010 999
3 794 999 787
3 999 1011 1000
3 999 1010 1011
3 1000 1012 1002
3 1000 1011 1012
3 1002 1013 1004
3 1002 1012 1013
3 1005 1004 1014
3 1004 1015 1014
3 1004 1013 1015
3 1015 1016 1014
3 1008 1009 1017
3 1017 1009 1018
3 1019 795 791
3 1008 1019 791
3 1017 1019 1008
3 1019 797 795
3 800 1010 794
3 1010 800 802
3 1010 802 1011
3 1011 802 804
3 1011 804 1012
3 1012 804 806
3 1012 806 1013
3 1013 806 808
3 1020 1013 808
3 1015 1013 1020
3 1016 1015 1021
3 1015 1022 1021
3 1015 1020 1022
3 1022 1023 1021
3 1018 1024 1017
3 1026 1025 1024
3 1025 1017 1024
3 1025 1019 1017
3 1027 809 797
3 1019 1027 797
3 1025 1027 1019
3 1027 811 809
3 817 1020 808
3 1020 817 819
3 1020 819 1022
3 1029 1028 821
3 821 1028 819
3 1028 1023 819
3 1023 1022 819
3 1031 1030 1029
3 1029 1030 1028
3 1031 1032 1030
3 1025 1026 1033
3 1033 1026 1034
3 1025 1035 1027
3 1025 1033 1035
3 1035 823 811
3 1035 811 1027
3 830 1029 821
3 1029 830 832
3 1036 1029 832
3 1031 1029 1036
3 1032 1031 1037
3 1037 1031 1036
3 1033 1034 1038
3 1038 1034 1039
3 1033 1040 1035
3 1033 1038 1040
3 1040 834 823
3 1040 823 1035
3 840 1036 832
3 1042 1041 842
3 842 1041 840
3 1041 1037 840
3 1037 1036 840
3 1042 1043 1041
3 1039 1044 1038
3 1046 1045 1044
3 1045 1038 1044
3 1045 1040 1038
3 1045 844 834
3 1045 834 1040
3 848 1047 1042
3 848 1042 842
3 1043 1042 1048
3 1048 1042 1047
3 1045 1046 1049
3 1049 1046 1050
3 1049 850 844
3 1049 844 1045
3 853 1047 848
3 1052 1051 855
3 855 1051 853
3 1051 1048 853
3 1048 1047 853
3 1052 1053 1051
3 1049 1050 1054
3 1054 1050 1055
3 1054 857 850
3 1054 850 1049
3 858 1052 855
3 858 860 1052
3 860 1053 1052
3 860 1056 1053
3 1054 1055 1057
3 1057 1055 1058
3 1057 862 857
3 1057 857 1054
3 863 1060 1059
3 1056 863 1059
3 860 863 1056
3 1060 1061 1059
3 1057 1058 1062
3 1062 1058 1063
3 1062 865 862
3 1062 862 1057
3 866 1060 863
3 866 868 1060
3 868 1061 1060
3 868 1064 1061
3 1063 1065 1062
3 865 1062 1065
3 1066 865 1065
3 870 865 1066
3 872 1068 1067
3 1064 872 1067
3 868 872 1064
3 1068 1069 1067
3 1066 874 870
3 1070 874 1066
3 875 1071 1068
3 875 1068 872
3 1069 1068 1072
3 1068 1073 1072
3 1068 1071 1073
3 1073 1074 1072
3 1070 877 874
3 1075 877 1070
3 878 1071 875
3 1071 878 880
3 1076 1071 880
3 1073 1071 1076
3 1074 1073 1077
3 1073 1078 1077
3 1073 1076 1078
3 1078 1079 1077
3 1082 1081 1080
3 1075 1082 1080
3 882 1075 1080
3 877 1075 882
3 883 1076 880
3 1076 883 885
3 1083 1076 885
3 1078 1076 1083
3 1079 1078 1084
3 1084 1078 1083
3 1080 1081 1085
3 1085 1081 1086
3 1085 887 882
3 1085 882 1080
3 888 1087 1083
3 888 1083 885
3 1084 1083 1088
3 1083 1089 1088
3 1083 1087 1089
3 1089 1090 1088
3 1085 1086 1091
3 1091 1086 1092
3 1091 890 887
3 1091 887 1085
3 891 1087 888
3 1087 891 893
3 1093 1087 893
3 1089 1087 1093
3 1090 1089 1094
3 1089 1095 1094
3 1089 1093 1095
3 1095 1096 1094
3 1091 1092 1097
3 1097 1092 1098
3 1097 894 890
3 1097 890 1091
3 895 1093 893
3 1093 895 897
3 1099 1093 897
3 1095 1093 1099
3 1096 1095 1100
3 1100 1095 1099
3 1097 1098 1101
3 1101 1098 1102
3 1101 899 894
3 1101 894 1097
3 900 1103 1099
3 900 1099 897
3 1100 1099 1104
3 1104 1099 1103
3 1101 1102 1105
3 1105 1102 1106
3 1105 902 899
3 1105 899 1101
3 1108 1107 1103
3 900 1108 1103
3 903 1108 900
3 1103 1107 1104
3 1105 1106 906
3 1106 905 906
3 1106 1109 905
3 1105 906 902
3 1111 1110 907
3 1111 907 908
3 903 907 1108
3 1108 907 1110
3 1109 910 905
3 1112 910 1109
3 1114 1113 911
3 1114 911 912
3 908 911 1111
3 1111 911 1113
3 1112 914 910
3 1115 914 1112
3 1117 1116 915
3 1117 915 916
3 912 915 1114
3 1114 915 1116
3 1115 918 914
3 1118 918 1115
3 1120 1119 919
3 1120 919 920
3 916 919 1117
3 1117 919 1119
3 1123 1122 1121
3 1118 1123 1121
3 922 1118 1121
3 918 1118 922
3 1125 1124 923
3 1125 923 924
3 923 1126 925
3 1124 1126 923
3 920 925 1120
3 1120 925 1126
3 1121 1122 1127
3 1127 1122 1128
3 1127 927 922
3 1127 922 1121
3 928 1125 924
3 928 1129 1125
3 1127 1128 1130
3 1130 1128 1131
3 1130 930 927
3 1130 927 1127
3 931 1129 928
3 931 1132 1129
3 1130 1131 1133
3 1133 1131 1134
3 1133 932 930
3 1133 930 1130
3 933 1132 931
3 933 1135 1132
3 1138 1137 1136
3 1138 1136 1134
3 1134 1136 1133
3 1136 935 1133
3 935 936 1133
3 1133 936 932
3 937 1135 933
3 937 1139 1135
3 1136 1137 1140
3 1140 1137 1141
3 1140 939 935
3 1140 935 1136
3 940 1139 937
3 940 1142 1139
3 1141 1143 1140
3 939 1140 1143
3 1144 939 1143
3 942 939 1144
3 944 1142 940
3 944 1145 1142
3 945 942 1146
3 942 1147 1146
3 942 1144 1147
3 1146 947 945
3 948 1145 944
3 948 1148 1145
3 1147 1149 1146
3 947 1146 1149
3 1150 947 1149
3 950 947 1150
3 951 1148 948
3 951 1151 1148
3 1150 1152 950
3 950 1152 952
3 954 952 1152
3 954 1152 1153
3 955 1151 951
3 955 1154 1151
3 956 954 1155
3 954 1156 1155
3 954 1153 1156
3 1155 957 956
3 958 1154 955
3 958 1157 1154
3 1156 1158 1155
3 1158 1160 1159
3 1158 1159 959
3 1155 1158 959
3 957 1155 959
3 1159 961 959
3 1162 1161 962
3 1162 962 963
3 958 962 1157
3 1157 962 1161
3 1160 1163 1159
3 1163 1165 1164
3 1163 1164 964
3 1159 1163 964
3 961 1159 964
3 1164 966 964
3 1167 1166 967
3 1167 967 968
3 963 967 1162
3 1162 967 1166
3 1165 1168 1164
3 1168 1170 1169
3 1168 1169 969
3 1164 1168 969
3 966 1164 969
3 1169 970 969
3 1172 1171 971
3 1172 971 972
3 968 971 1167
3 1167 971 1171
3 1170 1173 1169
3 1173 1175 1174
3 1173 1174 973
3 1169 1173 973
3 970 1169 973
3 1174 975 973
3 1177 1176 976
3 1177 976 977
3 972 976 1172
3 1172 976 1176
3 1175 1178 1174
3 1178 1180 1179
3 1178 1179 978
3 1174 1178 978
3 975 1174 978
3 978 1179 1181
3 1182 978 1181
3 979 978 1182
3 977 979 1177
3 1177 979 1182
3 1185 1184 1183
3 1183 1186 1185
3 1184 1187 1183
3 1183 1187 1186
3 1190 1189 1188
3 1188 1191 1190
3 1194 1193 1192
3 1194 1192 1189
3 1192 1188 1189
3 1192 1195 1188
3 1191 1188 1196
3 1188 1197 1196
3 1188 1195 1197
3 1197 1198 1196
3 1200 1199 982
3 982 1199 981
3 1201 1192 983
3 1192 1200 983
3 1200 982 983
3 1192 1193 1200
3 1192 1202 1195
3 1192 1201 1202
3 1195 1203 1197
3 1195 1202 1203
3 1198 1197 1204
3 1197 1205 1204
3 1197 1203 1205
3 1205 1206 1204
3 1209 1208 1207
3 984 985 1207
3 985 1209 1207
3 985 1210 1209
3 1211 985 986
3 1211 1210 985
3 1212 986 987
3 1212 1211 986
3 1213 987 988
3 1213 1212 987
3 1214 988 989
3 1214 1213 988
3 1215 989 990
3 1215 1214 989
3 990 981 1199
3 990 1199 1215
3 992 1201 983
3 1201 992 994
3 1201 994 1202
3 1202 994 996
3 1216 1202 996
3 1203 1202 1216
3 1203 1217 1205
3 1203 1216 1217
3 1206 1205 1218
3 1218 1205 1217
3 1208 1219 1207
3 984 1207 1219
3 1220 984 1219
3 998 984 1220
3 1001 1216 996
3 1216 1001 1003
3 1216 1003 1217
3 1222 1221 1005
3 1005 1221 1003
3 1221 1218 1003
3 1218 1217 1003
3 1222 1223 1221
3 1220 1224 998
3 998 1224 1006
3 1224 1226 1225
3 1007 1224 1225
3 1006 1224 1007
3 1225 1009 1007
3 1014 1222 1005
3 1228 1227 1016
3 1016 1227 1014
3 1227 1223 1014
3 1223 1222 1014
3 1228 1229 1227
3 1225 1226 1230
3 1230 1226 1231
3 1230 1018 1009
3 1230 1009 1225
3 1021 1228 1016
3 1233 1232 1023
3 1023 1232 1021
3 1232 1229 1021
3 1229 1228 1021
3 1235 1234 1233
3 1233 1234 1232
3 1237 1236 1235
3 1235 1236 1234
3 1237 1238 1236
3 1231 1239 1230
3 1239 1241 1240
3 1239 1240 1024
3 1230 1239 1024
3 1018 1230 1024
3 1240 1026 1024
3 1028 1233 1023
3 1233 1028 1030
3 1233 1030 1235
3 1235 1030 1032
3 1242 1235 1032
3 1237 1235 1242
3 1238 1237 1243
3 1243 1237 1242
3 1240 1241 1244
3 1244 1241 1245
3 1244 1034 1026
3 1244 1026 1240
3 1037 1246 1242
3 1037 1242 1032
3 1243 1242 1247
3 1247 1242 1246
3 1244 1245 1248
3 1248 1245 1249
3 1248 1039 1034
3 1248 1034 1244
3 1041 1246 1037
3 1041 1043 1246
3 1043 1247 1246
3 1043 1250 1247
3 1249 1251 1248
3 1251 1253 1252
3 1251 1252 1044
3 1248 1251 1044
3 1039 1248 1044
3 1252 1046 1044
3 1048 1255 1254
3 1250 1048 1254
3 1043 1048 1250
3 1255 1256 1254
3 1252 1253 1257
3 1257 1253 1258
3 1257 1050 1046
3 1257 1046 1252
3 1051 1255 1048
3 1051 1053 1255
3 1053 1256 1255
3 1053 1259 1256
3 1257 1258 1260
3 1260 1258 1261
3 1260 1055 1050
3 1260 1050 1257
3 1056 1263 1262
3 1259 1056 1262
3 1053 1056 1259
3 1263 1264 1262
3 1260 1261 1265
3 1265 1261 1266
3 1265 1058 1055
3 1265 1055 1260
3 1059 1263 1056
3 1268 1267 1061
3 1061 1267 1059
3 1267 1264 1059
3 1264 1263 1059
3 1268 1269 1267
3 1266 1270 1265
3 1058 1265 1270
3 1271 1058 1270
3 1063 1058 1271
3 1064 1272 1268
3 1064 1268 1061
3 1269 1268 1273
3 1268 1274 1273
3 1268 1272 1274
3 1274 1275 1273
3 1065 1063 1276
3 1063 1277 1276
3 1063 1271 1277
3 1276 1066 1065
3 1067 1272 1064
3 1272 1067 1069
3 1278 1272 1069
3 1274 1272 1278
3 1275 1274 1279
3 1274 1280 1279
3 1274 1278 1280
3 1280 1281 1279
3 1276 1277 1282
3 1282 1277 1283
3 1282 1070 1066
3 1282 1066 1276
3 1072 1278 1069
3 1278 1072 1074
3 1284 1278 1074
3 1280 1278 1284
3 1281 1280 1285
3 1280 1286 1285
3 1280 1284 1286
3 1286 1287 1285
3 1282 1283 1288
3 1288 1283 1289
3 1288 1075 1070
3 1288 1070 1282
3 1077 1284 1074
3 1284 1077 1079
3 1290 1284 1079
3 1286 1284 1290
3 1287 1286 1291
3 1291 1286 1290
3 1288 1289 1082
3 1289 1081 1082
3 1289 1292 1081
3 1288 1082 1075
3 1084 1293 1290
3 1084 1290 1079
3 1291 1290 1294
3 1290 1295 1294
3 1290 1293 1295
3 1297 1296 1295
3 1295 1296 1294
3 1299 1298 1297
3 1297 1298 1296
3 1299 1300 1298
3 1292 1086 1081
3 1301 1086 1292
3 1088 1293 1084
3 1293 1088 1090
3 1302 1293 1090
3 1295 1293 1302
3 1295 1303 1297
3 1295 1302 1303
3 1297 1304 1299
3 1297 1303 1304
3 1300 1299 1305
3 1305 1299 1304
3 1301 1092 1086
3 1306 1092 1301
3 1094 1302 1090
3 1302 1094 1096
3 1307 1302 1096
3 1303 1302 1307
3 1303 1308 1304
3 1303 1307 1308
3 1305 1304 1309
3 1309 1304 1308
3 1306 1098 1092
3 1310 1098 1306
3 1100 1311 1307
3 1100 1307 1096
3 1307 1312 1308
3 1307 1311 1312
3 1309 1308 1313
3 1313 1308 1312
3 1310 1102 1098
3 1314 1102 1310
3 1316 1315 1311
3 1100 1316 1311
3 1104 1316 1100
3 1311 1315 1312
3 1312 1315 1317
3 1312 1317 1313
3 1320 1319 1318
3 1314 1320 1318
3 1106 1314 1318
3 1102 1314 1106
3 1322 1321 1107
3 1322 1107 1108
3 1104 1107 1316
3 1316 1107 1321
3 1318 1319 1323
3 1323 1319 1324
3 1323 1109 1106
3 1323 1106 1318
3 1326 1325 1110
3 1326 1110 1111
3 1108 1110 1322
3 1322 1110 1325
3 1323 1324 1327
3 1327 1324 1328
3 1327 1112 1109
3 1327 1109 1323
3 1330 1329 1113
3 1330 1113 1114
3 1111 1113 1326
3 1326 1113 1329
3 1327 1328 1331
3 1331 1328 1332
3 1331 1115 1112
3 1331 1112 1327
3 1334 1333 1116
3 1334 1116 1117
3 1114 1116 1330
3 1330 1116 1333
3 1331 1332 1335
3 1335 1332 1336
3 1335 1118 1115
3 1335 1115 1331
3 1338 1337 1119
3 1338 1119 1120
3 1117 1119 1334
3 1334 1119 1337
3 1335 1336 1123
3 1336 1122 1123
3 1336 1339 1122
3 1335 1123 1118
3 1341 1340 1124
3 1341 1124 1125
3 1124 1342 1126
3 1340 1342 1124
3 1120 1126 1338
3 1338 1126 1342
3 1345 1344 1343
3 1339 1345 1343
3 1128 1339 1343
3 1122 1339 1128
3 1129 1341 1125
3 1129 1346 1341
3 1343 1344 1347
3 1347 1344 1348
3 1347 1131 1128
3 1347 1128 1343
3 1132 1346 1129
3 1132 1349 1346
3 1352 1351 1350
3 1352 1350 1348
3 1350 1347 1348
3 1350 1353 1347
3 1353 1134 1131
3 1353 1131 1347
3 1135 1349 1132
3 1135 1354 1349
3 1357 1356 1355
3 1357 1355 1351
3 1355 1350 1351
3 1355 1358 1350
3 1358 1137 1138
3 1353 1358 1138
3 1350 1358 1353
3 1353 1138 1134
3 1139 1354 1135
3 1139 1359 1354
3 1355 1356 1360
3 1360 1356 1361
3 1355 1362 1358
3 1355 1360 1362
3 1362 1141 1137
3 1362 1137 1358
3 1142 1359 1139
3 1142 1363 1359
3 1361 1364 1360
3 1366 1365 1364
3 1365 1360 1364
3 1365 1362 1360
3 1367 1143 1141
3 1362 1367 1141
3 1365 1367 1362
3 1367 1144 1143
3 1145 1363 1142
3 1145 1368 1363
3 1366 1369 1365
3 1365 1369 1367
3 1367 1369 1370
3 1144 1367 1370
3 1371 1144 1370
3 1147 1144 1371
3 1148 1368 1145
3 1148 1372 1368
3 1371 1373 1147
3 1147 1373 1149
3 1150 1149 1373
3 1150 1373 1374
3 1151 1372 1148
3 1151 1375 1372
3 1152 1150 1376
3 1150 1377 1376
3 1150 1374 1377
3 1376 1153 1152
3 1154 1375 1151
3 1154 1378 1375
3 1377 1379 1376
3 1153 1376 1379
3 1380 1153 1379
3 1156 1153 1380
3 1383 1382 1381
3 1382 1378 1381
3 1378 1157 1381
3 1378 1154 1157
3 1380 1384 1156
3 1156 1384 1158
3 1160 1158 1384
3 1160 1384 1385
3 1383 1381 1161
3 1162 1383 1161
3 1386 1383 1162
3 1161 1381 1157
3 1385 1387 1160
3 1160 1387 1163
3 1165 1163 1387
3 1165 1387 1388
3 1390 1389 1166
3 1390 1166 1167
3 1162 1166 1386
3 1386 1166 1389
3 1388 1391 1165
3 1165 1391 1168
3 1170 1168 1391
3 1170 1391 1392
3 1394 1393 1171
3 1394 1171 1172
3 1167 1171 1390
3 1390 1171 1393
3 1392 1395 1170
3 1170 1395 1173
3 1175 1173 1395
3 1175 1395 1396
3 1398 1397 1176
3 1398 1176 1177
3 1172 1176 1394
3 1394 1176 1397
3 1396 1399 1175
3 1175 1399 1178
3 1180 1178 1399
3 1180 1399 1400
3 1402 1401 1182
3 1402 1182 1181
3 1177 1182 1398
3 1398 1182 1401
3 1405 1404 1403
3 1403 1406 1405
3 1409 1408 1407
3 1409 1407 1404
3 1407 1403 1404
3 1407 1410 1403
3 1406 1403 1411
3 1411 1403 1410
3 1413 1412 1185
3 1185 1412 1184
3 1414 1407 1186
3 1407 1413 1186
3 1413 1185 1186
3 1407 1408 1413
3 1416 1410 1415
3 1410 1414 1415
3 1410 1407 1414
3 1410 1416 1411
3 1419 1418 1417
3 1417 1420 1187
3 1412 1417 1187
3 1184 1412 1187
3 1417 1412 1419
3 1420 1421 1187
3 1187 1421 1186
3 1421 1422 1186
3 1422 1414 1186
3 1414 1422 1415
3 1418 1423 1417
3 1417 1423 1420
3 1420 1423 1424
3 1420 1424 1421
3 1427 1426 1425
3 1429 1428 1425
3 1425 1428 1427
3 1429 1430 1428
3 1433 1432 1431
3 1433 1431 1426
3 1431 1425 1426
3 1431 1434 1425
3 1425 1435 1429
3 1425 1434 1435
3 1430 1429 1436
3 1436 1429 1435
3 1438 1437 1190
3 1190 1437 1189
3 1439 1431 1191
3 1431 1438 1191
3 1438 1190 1191
3 1431 1432 1438
3 1431 1440 1434
3 1431 1439 1440
3 1434 1441 1435
3 1434 1440 1441
3 1436 1435 1442
3 1442 1435 1441
3 1444 1443 1194
3 1194 1443 1193
3 1194 1189 1437
3 1194 1437 1444
3 1196 1439 1191
3 1439 1196 1198
3 1445 1439 1198
3 1440 1439 1445
3 1440 1446 1441
3 1440 1445 1446
3 1442 1441 1447
3 1447 1441 1446
3 1449 1448 1200
3 1200 1448 1199
3 1200 1193 1443
3 1200 1443 1449
3 1204 1445 1198
3 1445 1204 1206
3 1450 1445 1206
3 1446 1445 1450
3 1447 1446 1451
3 1451 1446 1450
3 1454 1453 1452
3 1456 1455 1452
3 1452 1455 1454
3 1208 1209 1456
3 1209 1455 1456
3 1209 1457 1455
3 1458 1209 1210
3 1458 1457 1209
3 1459 1210 1211
3 1459 1458 1210
3 1460 1211 1212
3 1460 1459 1211
3 1461 1212 1213
3 1461 1460 1212
3 1462 1213 1214
3 1462 1461 1213
3 1463 1214 1215
3 1463 1462 1214
3 1215 1199 1448
3 1215 1448 1463
3 1218 1464 1450
3 1218 1450 1206
3 1451 1450 1465
3 1465 1450 1464
3 1453 1466 1452
3 1452 1466 1456
3 1456 1466 1467
3 1467 1469 1468
3 1467 1468 1219
3 1456 1467 1219
3 1208 1456 1219
3 1468 1220 1219
3 1221 1464 1218
3 1471 1470 1223
3 1223 1470 1221
3 1470 1465 1221
3 1465 1464 1221
3 1471 1472 1470
3 1469 1473 1468
3 1473 1475 1474
3 1473 1474 1224
3 1468 1473 1224
3 1220 1468 1224
3 1474 1226 1224
3 1227 1471 1223
3 1477 1476 1229
3 1229 1476 1227
3 1476 1472 1227
3 1472 1471 1227
3 1479 1478 1477
3 1477 1478 1476
3 1481 1480 1479
3 1479 1480 1478
3 1481 1482 1480
3 1475 1483 1474
3 1226 1474 1483
3 1484 1226 1483
3 1231 1226 1484
3 1232 1477 1229
3 1477 1232 1234
3 1477 1234 1479
3 1479 1234 1236
3 1479 1236 1481
3 1486 1485 1238
3 1238 1485 1236
3 1485 1482 1236
3 1482 1481 1236
3 1486 1487 1485
3 1239 1231 1488
3 1231 1489 1488
3 1231 1484 1489
3 1488 1241 1239
3 1243 1490 1486
3 1243 1486 1238
3 1487 1486 1491
3 1491 1486 1490
3 1489 1492 1488
3 1241 1488 1492
3 1493 1241 1492
3 1245 1241 1493
3 1247 1494 1490
3 1247 1490 1243
3 1491 1490 1495
3 1495 1490 1494
3 1493 1249 1245
3 1496 1249 1493
3 1250 1497 1494
3 1250 1494 1247
3 1495 1494 1498
3 1498 1494 1497
3 1251 1249 1499
3 1249 1500 1499
3 1249 1496 1500
3 1499 1253 1251
3 1254 1497 1250
3 1254 1256 1497
3 1256 1498 1497
3 1256 1501 1498
3 1499 1500 1502
3 1502 1500 1503
3 1502 1258 1253
3 1502 1253 1499
3 1259 1505 1504
3 1501 1259 1504
3 1256 1259 1501
3 1505 1506 1504
3 1503 1507 1502
3 1258 1502 1507
3 1508 1258 1507
3 1261 1258 1508
3 1262 1505 1259
3 1510 1509 1264
3 1264 1509 1262
3 1509 1506 1262
3 1506 1505 1262
3 1510 1511 1509
3 1508 1266 1261
3 1512 1266 1508
3 1267 1510 1264
3 1514 1513 1269
3 1269 1513 1267
3 1513 1511 1267
3 1511 1510 1267
3 1514 1515 1513
3 1512 1516 1266
3 1266 1516 1270
3 1271 1270 1516
3 1271 1516 1517
3 1273 1514 1269
3 1519 1518 1275
3 1275 1518 1273
3 1518 1515 1273
3 1515 1514 1273
3 1519 1520 1518
3 1517 1277 1271
3 1521 1277 1517
3 1279 1519 1275
3 1523 1522 1281
3 1281 1522 1279
3 1522 1520 1279
3 1520 1519 1279
3 1523 1524 1522
3 1521 1283 1277
3 1525 1283 1521
3 1285 1523 1281
3 1527 1526 1287
3 1287 1526 1285
3 1526 1524 1285
3 1524 1523 1285
3 1529 1528 1527
3 1527 1528 1526
3 1531 1530 1529
3 1529 1530 1528
3 1533 1532 1531
3 1531 1532 1530
3 1525 1289 1283
3 1534 1289 1525
3 1291 1535 1527
3 1291 1527 1287
3 1527 1536 1529
3 1527 1535 1536
3 1529 1537 1531
3 1529 1536 1537
3 1531 1538 1533
3 1531 1537 1538
3 1534 1292 1289
3 1539 1292 1534
3 1294 1535 1291
3 1535 1294 1296
3 1535 1296 1536
3 1536 1296 1298
3 1536 1298 1537
3 1537 1298 1300
3 1540 1537 1300
3 1538 1537 1540
3 1539 1301 1292
3 1541 1301 1539
3 1543 1542 1540
3 1300 1543 1540
3 1305 1543 1300
3 1541 1306 1301
3 1544 1306 1541
3 1309 1543 1305
3 1309 1545 1543
3 1544 1310 1306
3 1546 1310 1544
3 1313 1545 1309
3 1313 1547 1545
3 1550 1549 1548
3 1546 1550 1548
3 1314 1546 1548
3 1310 1546 1314
3 1552 1551 1315
3 1552 1315 1316
3 1315 1553 1317
3 1551 1553 1315
3 1313 1317 1547
3 1547 1317 1553
3 1548 1549 1320
3 1549 1319 1320
3 1549 1554 1319
3 1548 1320 1314
3 1556 1555 1321
3 1556 1321 1322
3 1316 1321 1552
3 1552 1321 1555
3 1554 1324 1319
3 1557 1324 1554
3 1559 1558 1325
3 1559 1325 1326
3 1322 1325 1556
3 1556 1325 1558
3 1557 1328 1324
3 1560 1328 1557
3 1562 1561 1329
3 1562 1329 1330
3 1326 1329 1559
3 1559 1329 1561
3 1560 1332 1328
3 1563 1332 1560
3 1565 1564 1333
3 1565 1333 1334
3 1330 1333 1562
3 1562 1333 1564
3 1563 1336 1332
3 1566 1336 1563
3 1568 1567 1337
3 1568 1337 1338
3 1334 1337 1565
3 1565 1337 1567
3 1566 1339 1336
3 1569 1339 1566
3 1571 1570 1340
3 1571 1340 1341
3 1340 1572 1342
3 1570 1572 1340
3 1338 1342 1568
3 1568 1342 1572
3 1574 1573 1345
3 1345 1573 1344
3 1345 1339 1569
3 1345 1569 1574
3 1346 1571 1341
3 1346 1575 1571
3 1578 1577 1576
3 1573 1578 1576
3 1348 1573 1576
3 1344 1573 1348
3 1349 1575 1346
3 1349 1579 1575
3 1582 1581 1580
3 1584 1583 1580
3 1580 1583 1582
3 1583 1584 1577
3 1577 1584 1576
3 1584 1351 1576
3 1351 1352 1576
3 1576 1352 1348
3 1354 1579 1349
3 1354 1585 1579
3 1588 1587 1586
3 1590 1589 1586
3 1586 1589 1588
3 1589 1590 1581
3 1590 1580 1581
3 1590 1591 1580
3 1591 1356 1357
3 1584 1591 1357
3 1580 1591 1584
3 1584 1357 1351
3 1359 1585 1354
3 1359 1592 1585
3 1587 1593 1586
3 1595 1594 1593
3 1594 1586 1593
3 1594 1590 1586
3 1590 1596 1591
3 1590 1594 1596
3 1596 1361 1356
3 1596 1356 1591
3 1363 1592 1359
3 1363 1597 1592
3 1595 1598 1594
3 1600 1599 1598
3 1599 1594 1598
3 1599 1596 1594
3 1601 1364 1361
3 1596 1601 1361
3 1599 1601 1596
3 1601 1366 1364
3 1368 1597 1363
3 1368 1602 1597
3 1600 1603 1599
3 1599 1603 1601
3 1601 1603 1604
3 1601 1604 1366
3 1604 1369 1366
3 1604 1605 1369
3 1605 1607 1606
3 1370 1605 1606
3 1369 1605 1370
3 1606 1371 1370
3 1372 1602 1368
3 1372 1608 1602
3 1607 1609 1606
3 1609 1611 1610
3 1609 1610 1373
3 1606 1609 1373
3 1371 1606 1373
3 1610 1374 1373
3 1375 1608 1372
3 1375 1612 1608
3 1611 1613 1610
3 1374 1610 1613
3 1614 1374 1613
3 1377 1374 1614
3 1617 1616 1615
3 1616 1612 1615
3 1612 1378 1615
3 1612 1375 1378
3 1614 1618 1377
3 1377 1618 1379
3 1380 1379 1618
3 1380 1618 1619
3 1617 1615 1382
3 1383 1617 1382
3 1620 1617 1383
3 1382 1615 1378
3 1619 1621 1380
3 1380 1621 1384
3 1385 1384 1621
3 1385 1621 1622
3 1625 1624 1623
3 1624 1620 1623
3 1620 1386 1623
3 1620 1383 1386
3 1622 1626 1385
3 1385 1626 1387
3 1388 1387 1626
3 1388 1626 1627
3 1625 1623 1389
3 1390 1625 1389
3 1628 1625 1390
3 1389 1623 1386
3 1627 1629 1388
3 1388 1629 1391
3 1392 1391 1629
3 1392 1629 1630
3 1632 1631 1393
3 1632 1393 1394
3 1390 1393 1628
3 1628 1393 1631
3 1630 1633 1392
3 1392 1633 1395
3 1396 1395 1633
3 1396 1633 1634
3 1636 1635 1397
3 1636 1397 1398
3 1394 1397 1632
3 1632 1397 1635
3 1634 1637 1396
3 1396 1637 1399
3 1400 1399 1637
3 1400 1637 1638
3 1640 1639 1401
3 1640 1401 1402
3 1398 1401 1636
3 1636 1401 1639
3 1642 1641 1405
3 1405 1641 1404
3 1405 1406 1642
3 1642 1406 1643
3 1645 1644 1409
3 1409 1644 1408
3 1409 1404 1641
3 1409 1641 1645
3 1411 1643 1406
3 1411 1646 1643
3 1648 1647 1413
3 1413 1647 1412
3 1413 1408 1644
3 1413 1644 1648
3 1650 1649 1416
3 1650 1416 1415
3 1411 1416 1646
3 1646 1416 1649
3 1652 1651 1419
3 1419 1651 1418
3 1419 1412 1647
3 1419 1647 1652
3 1421 1653 1422
3 1653 1654 1422
3 1654 1415 1422
3 1654 1650 1415
3 1657 1656 1655
3 1655 1658 1423
3 1651 1655 1423
3 1418 1651 1423
3 1655 1651 1657
3 1659 1424 1423
3 1659 1423 1658
3 1659 1660 1424
3 1424 1660 1421
3 1660 1661 1421
3 1661 1653 1421
3 1653 1661 1654
3 1664 1663 1662
3 1664 1662 1656
3 1662 1655 1656
3 1662 1665 1655
3 1655 1666 1658
3 1655 1665 1666
3 1668 1659 1667
3 1659 1666 1667
3 1659 1658 1666
3 1659 1668 1660
3 1670 1669 1427
3 1427 1669 1426
3 1428 1662 1663
3 1670 1428 1663
3 1427 1428 1670
3 1662 1428 1430
3 1671 1662 1430
3 1665 1662 1671
3 1673 1666 1672
3 1666 1671 1672
3 1666 1665 1671
3 1666 1673 1667
3 1675 1674 1433
3 1433 1674 1432
3 1433 1426 1669
3 1433 1669 1675
3 1677 1676 1671
3 1430 1677 1671
3 1436 1677 1430
3 1671 1676 1672
3 1679 1678 1438
3 1438 1678 1437
3 1438 1432 1674
3 1438 1674 1679
3 1442 1677 1436
3 1442 1680 1677
3 1682 1681 1444
3 1444 1681 1443
3 1444 1437 1678
3 1444 1678 1682
3 1447 1680 1442
3 1447 1683 1680
3 1685 1684 1449
3 1449 1684 1448
3 1449 1443 1681
3 1449 1681 1685
3 1451 1687 1686
3 1683 1451 1686
3 1447 1451 1683
3 1687 1688 1686
3 1690 1689 1454
3 1454 1689 1453
3 1691 1454 1455
3 1691 1690 1454
3 1692 1455 1457
3 1692 1691 1455
3 1693 1457 1458
3 1693 1692 1457
3 1694 1458 1459
3 1694 1693 1458
3 1695 1459 1460
3 1695 1694 1459
3 1696 1460 1461
3 1696 1695 1460
3 1697 1461 1462
3 1697 1696 1461
3 1698 1462 1463
3 1698 1697 1462
3 1463 1448 1684
3 1463 1684 1698
3 1465 1699 1687
3 1465 1687 1451
3 1688 1687 1700
3 1700 1687 1699
3 1689 1701 1453
3 1453 1701 1466
3 1466 1702 1467
3 1701 1702 1466
3 1469 1467 1702
3 1469 1702 1703
3 1470 1699 1465
3 1705 1704 1472
3 1472 1704 1470
3 1704 1700 1470
3 1700 1699 1470
3 1707 1706 1705
3 1705 1706 1704
3 1709 1708 1707
3 1707 1708 1706
3 1709 1710 1708
3 1703 1711 1469
3 1469 1711 1473
3 1475 1473 1711
3 1475 1711 1712
3 1476 1705 1472
3 1705 1476 1478
3 1705 1478 1707
3 1707 1478 1480
3 1707 1480 1709
3 1714 1713 1482
3 1482 1713 1480
3 1713 1710 1480
3 1710 1709 1480
3 1714 1715 1713
3 1712 1716 1475
3 1475 1716 1483
3 1484 1483 1716
3 1484 1716 1717
3 1485 1714 1482
3 1485 1487 1714
3 1487 1715 1714
3 1487 1718 1715
3 1717 1489 1484
3 1719 1489 1717
3 1491 1718 1487
3 1491 1720 1718
3 1492 1489 1721
3 1489 1722 1721
3 1489 1719 1722
3 1721 1493 1492
3 1495 1720 1491
3 1495 1723 1720
3 1721 1722 1724
3 1724 1722 1725
3 1724 1496 1493
3 1724 1493 1721
3 1498 1723 1495
3 1498 1726 1723
3 1725 1727 1724
3 1496 1724 1727
3 1728 1496 1727
3 1500 1496 1728
3 1501 1730 1729
3 1726 1501 1729
3 1498 1501 1726
3 1730 1731 1729
3 1728 1503 1500
3 1732 1503 1728
3 1504 1730 1501
3 1504 1506 1730
3 1506 1731 1730
3 1506 1733 1731
3 1732 1734 1503
3 1503 1734 1507
3 1508 1507 1734
3 1508 1734 1735
3 1736 1733 1506
3 1736 1506 1509
3 1509 1511 1736
3 1736 1511 1737
3 1735 1512 1508
3 1738 1512 1735
3 1739 1737 1511
3 1739 1511 1513
3 1513 1515 1739
3 1739 1515 1740
3 1738 1741 1512
3 1512 1741 1516
3 1517 1516 1741
3 1517 1741 1742
3 1743 1740 1515
3 1743 1515 1518
3 1518 1520 1743
3 1743 1520 1744
3 1746 1521 1745
3 1521 1742 1745
3 1521 1517 1742
3 1747 1746 1745
3 1748 1744 1520
3 1748 1520 1522
3 1750 1749 1524
3 1749 1522 1524
3 1749 1748 1522
3 1752 1751 1750
3 1750 1751 1749
3 1754 1753 1752
3 1752 1753 1751
3 1756 1755 1754
3 1754 1755 1753
3 1758 1757 1746
3 1757 1521 1746
3 1757 1525 1521
3 1758 1746 1747
3 1526 1750 1524
3 1750 1526 1528
3 1750 1528 1752
3 1752 1528 1530
3 1752 1530 1754
3 1754 1530 1532
3 1754 1532 1756
3 1757 1534 1525
3 1759 1534 1757
3 1759 1539 1534
3 1760 1539 1759
3 1760 1541 1539
3 1761 1541 1760
3 1763 1762 1542
3 1763 1542 1543
3 1761 1544 1541
3 1764 1544 1761
3 1545 1763 1543
3 1545 1765 1763
3 1764 1546 1544
3 1766 1546 1764
3 1547 1765 1545
3 1547 1767 1765
3 1769 1768 1550
3 1550 1768 1549
3 1550 1546 1766
3 1550 1766 1769
3 1771 1770 1551
3 1771 1551 1552
3 1551 1772 1553
3 1770 1772 1551
3 1547 1553 1767
3 1767 1553 1772
3 1768 1554 1549
3 1773 1554 1768
3 1775 1774 1555
3 1775 1555 1556
3 1552 1555 1771
3 1771 1555 1774
3 1773 1557 1554
3 1776 1557 1773
3 1778 1777 1558
3 1778 1558 1559
3 1556 1558 1775
3 1775 1558 1777
3 1776 1560 1557
3 1779 1560 1776
3 1781 1780 1561
3 1781 1561 1562
3 1559 1561 1778
3 1778 1561 1780
3 1779 1563 1560
3 1782 1563 1779
3 1784 1783 1564
3 1784 1564 1565
3 1562 1564 1781
3 1781 1564 1783
3 1782 1566 1563
3 1785 1566 1782
3 1788 1787 1786
3 1567 1568 1786
3 1787 1567 1786
3 1789 1567 1787
3 1565 1567 1784
3 1784 1567 1789
3 1792 1791 1790
3 1785 1792 1790
3 1569 1785 1790
3 1566 1785 1569
3 1794 1793 1570
3 1794 1570 1571
3 1786 1572 1788
3 1572 1793 1788
3 1572 1570 1793
3 1572 1786 1568
3 1790 1791 1574
3 1791 1573 1574
3 1791 1795 1573
3 1790 1574 1569
3 1575 1794 1571
3 1575 1796 1794
3 1799 1798 1797
3 1577 1578 1797
3 1578 1799 1797
3 1578 1800 1799
3 1578 1573 1795
3 1578 1795 1800
3 1579 1796 1575
3 1579 1801 1796
3 1804 1803 1802
3 1806 1805 1802
3 1802 1805 1804
3 1581 1582 1806
3 1582 1805 1806
3 1582 1807 1805
3 1583 1797 1798
3 1807 1583 1798
3 1582 1583 1807
3 1797 1583 1577
3 1585 1801 1579
3 1585 1808 1801
3 1811 1810 1809
3 1813 1812 1809
3 1809 1812 1811
3 1812 1813 1803
3 1803 1813 1802
3 1813 1587 1802
3 1587 1588 1802
3 1802 1588 1589
3 1802 1589 1806
3 1806 1589 1581
3 1592 1808 1585
3 1592 1814 1808
3 1810 1815 1809
3 1817 1816 1815
3 1816 1809 1815
3 1816 1813 1809
3 1818 1593 1587
3 1813 1818 1587
3 1816 1818 1813
3 1818 1595 1593
3 1597 1814 1592
3 1597 1819 1814
3 1817 1820 1816
3 1816 1820 1818
3 1818 1820 1821
3 1818 1821 1595
3 1821 1598 1595
3 1821 1822 1598
3 1824 1823 1600
3 1598 1824 1600
3 1822 1824 1598
3 1825 1823 1824
3 1602 1819 1597
3 1602 1826 1819
3 1823 1603 1600
3 1825 1827 1823
3 1827 1603 1823
3 1827 1604 1603
3 1604 1828 1605
3 1827 1828 1604
3 1607 1605 1828
3 1607 1828 1829
3 1608 1826 1602
3 1608 1830 1826
3 1829 1831 1607
3 1607 1831 1609
3 1611 1609 1831
3 1611 1831 1832
3 1612 1830 1608
3 1612 1833 1830
3 1832 1834 1611
3 1611 1834 1613
3 1614 1613 1834
3 1614 1834 1835
3 1837 1836 1616
3 1837 1616 1617
3 1612 1616 1833
3 1833 1616 1836
3 1835 1838 1614
3 1614 1838 1618
3 1619 1618 1838
3 1619 1838 1839
3 1842 1841 1840
3 1841 1837 1840
3 1837 1620 1840
3 1837 1617 1620
3 1839 1843 1619
3 1619 1843 1621
3 1622 1621 1843
3 1622 1843 1844
3 1842 1840 1624
3 1625 1842 1624
3 1845 1842 1625
3 1624 1840 1620
3 1844 1846 1622
3 1622 1846 1626
3 1848 1847 1627
3 1626 1848 1627
3 1846 1848 1626
3 1849 1847 1848
3 1852 1851 1850
3 1851 1845 1850
3 1845 1628 1850
3 1845 1625 1628
3 1847 1629 1627
3 1630 1629 1847
3 1849 1630 1847
3 1853 1630 1849
3 1852 1850 1631
3 1632 1852 1631
3 1854 1852 1632
3 1631 1850 1628
3 1853 1855 1630
3 1630 1855 1633
3 1857 1856 1634
3 1633 1857 1634
3 1855 1857 1633
3 1858 1856 1857
3 1860 1859 1635
3 1860 1635 1636
3 1632 1635 1854
3 1854 1635 1859
3 1856 1637 1634
3 1638 1637 1856
3 1858 1638 1856
3 1861 1638 1858
3 1863 1862 1639
3 1863 1639 1640
3 1636 1639 1860
3 1860 1639 1862
3 1865 1864 1642
3 1642 1864 1641
3 1642 1643 1865
3 1865 1643 1866
3 1868 1867 1645
3 1645 1867 1644
3 1645 1641 1864
3 1645 1864 1868
3 1646 1866 1643
3 1646 1869 1866
3 1871 1870 1648
3 1648 1870 1647
3 1648 1644 1867
3 1648 1867 1871
3 1873 1872 1649
3 1873 1649 1650
3 1646 1649 1869
3 1869 1649 1872
3 1875 1874 1652
3 1652 1874 1651
3 1652 1647 1870
3 1652 1870 1875
3 1878 1877 1876
3 1877 1873 1876
3 1873 1654 1876
3 1873 1650 1654
3 1880 1879 1657
3 1657 1879 1656
3 1657 1651 1874
3 1657 1874 1880
3 1883 1882 1881
3 1881 1882 1878
3 1881 1878 1876
3 1660 1881 1876
3 1661 1660 1876
3 1661 1876 1654
3 1885 1884 1664
3 1664 1884 1663
3 1664 1656 1879
3 1664 1879 1885
3 1888 1887 1886
3 1886 1887 1883
3 1886 1883 1881
3 1667 1886 1881
3 1668 1667 1881
3 1668 1881 1660
3 1890 1889 1670
3 1670 1889 1669
3 1670 1663 1884
3 1670 1884 1890
3 1893 1892 1891
3 1891 1892 1888
3 1891 1888 1886
3 1672 1891 1886
3 1673 1672 1886
3 1673 1886 1667
3 1895 1894 1675
3 1675 1894 1674
3 1675 1669 1889
3 1675 1889 1895
3 1893 1891 1676
3 1677 1893 1676
3 1896 1893 1677
3 1676 1891 1672
3 1898 1897 1679
3 1679 1897 1678
3 1679 1674 1894
3 1679 1894 1898
3 1680 1896 1677
3 1680 1899 1896
3 1901 1900 1682
3 1682 1900 1681
3 1682 1678 1897
3 1682 1897 1901
3 1683 1899 1680
3 1683 1902 1899
3 1904 1903 1685
3 1685 1903 1684
3 1685 1681 1900
3 1685 1900 1904
3 1683 1686 1905
3 1906 1683 1905
3 1902 1683 1906
3 1688 1905 1686
3 1907 1689 1690
3 1907 1690 1908
3 1690 1909 1908
3 1690 1691 1909
3 1910 1691 1692
3 1910 1909 1691
3 1911 1692 1693
3 1911 1910 1692
3 1912 1693 1694
3 1912 1911 1693
3 1913 1694 1695
3 1913 1912 1694
3 1914 1695 1696
3 1914 1913 1695
3 1915 1696 1697
3 1915 1914 1696
3 1916 1697 1698
3 1916 1915 1697
3 1698 1684 1903
3 1698 1903 1916
3 1917 1906 1905
3 1688 1700 1905
3 1700 1918 1905
3 1918 1917 1905
3 1918 1700 1919
3 1919 1920 1918
3 1907 1701 1689
3 1908 1921 1907
3 1921 1701 1907
3 1921 1702 1701
3 1923 1922 1703
3 1702 1923 1703
3 1921 1923 1702
3 1924 1922 1923
3 1704 1919 1700
3 1925 1920 1919
3 1704 1925 1919
3 1706 1925 1704
3 1926 1706 1708
3 1926 1925 1706
3 1708 1710 1926
3 1926 1710 1927
3 1922 1711 1703
3 1929 1928 1712
3 1929 1712 1711
3 1924 1929 1711
3 1922 1924 1711
3 1930 1928 1929
3 1931 1927 1710
3 1931 1710 1713
3 1713 1715 1931
3 1931 1715 1932
3 1928 1716 1712
3 1717 1716 1928
3 1930 1717 1928
3 1933 1717 1930
3 1718 1932 1715
3 1718 1934 1932
3 1936 1719 1935
3 1719 1933 1935
3 1719 1717 1933
3 1937 1936 1935
3 1720 1934 1718
3 1720 1938 1934
3 1939 1722 1936
3 1936 1722 1719
3 1936 1937 1940
3 1936 1940 1939
3 1723 1938 1720
3 1723 1941 1938
3 1942 1725 1939
3 1939 1725 1722
3 1939 1940 1943
3 1939 1943 1942
3 1726 1941 1723
3 1726 1944 1941
3 1942 1727 1725
3 1728 1727 1942
3 1943 1728 1942
3 1945 1728 1943
3 1946 1944 1726
3 1946 1726 1729
3 1729 1731 1946
3 1946 1731 1947
3 1949 1732 1948
3 1732 1945 1948
3 1732 1728 1945
3 1950 1949 1948
3 1733 1947 1731
3 1733 1951 1947
3 1949 1734 1732
3 1735 1734 1949
3 1950 1735 1949
3 1952 1735 1950
3 1953 1951 1733
3 1953 1733 1736
3 1736 1737 1953
3 1953 1737 1954
3 1956 1738 1955
3 1738 1952 1955
3 1738 1735 1952
3 1957 1956 1955
3 1958 1954 1737
3 1958 1737 1739
3 1739 1740 1958
3 1958 1740 1959
3 1956 1741 1738
3 1742 1741 1956
3 1957 1742 1956
3 1960 1742 1957
3 1961 1959 1740
3 1961 1740 1743
3 1743 1744 1961
3 1961 1744 1962
3 1960 1963 1742
3 1742 1963 1745
3 1747 1745 1963
3 1747 1963 1964
3 1965 1962 1744
3 1965 1744 1748
3 1966 1748 1749
3 1966 1965 1748
3 1967 1749 1751
3 1967 1966 1749
3 1968 1751 1753
3 1968 1967 1751
3 1969 1753 1755
3 1969 1968 1753
3 1970 1757 1758
3 1971 1970 1758
3 1747 1971 1758
3 1964 1971 1747
3 1972 1759 1970
3 1970 1759 1757
3 1970 1971 1973
3 1970 1973 1972
3 1974 1760 1972
3 1972 1760 1759
3 1972 1973 1975
3 1972 1975 1974
3 1978 1977 1976
3 1979 1761 1974
3 1974 1761 1760
3 1974 1975 1980
3 1974 1980 1979
3 1978 1976 1762
3 1763 1978 1762
3 1981 1978 1763
3 1983 1982 1979
3 1982 1761 1979
3 1982 1764 1761
3 1983 1979 1980
3 1765 1981 1763
3 1765 1984 1981
3 1982 1766 1764
3 1985 1766 1982
3 1988 1987 1986
3 1989 1986 1987
3 1767 1984 1765
3 1767 1990 1984
3 1992 1991 1769
3 1769 1991 1768
3 1769 1766 1985
3 1769 1985 1992
3 1993 1988 1986
3 1993 1986 1989
3 1995 1994 1770
3 1995 1770 1771
3 1770 1996 1772
3 1994 1996 1770
3 1767 1772 1990
3 1990 1772 1996
3 1991 1773 1768
3 1997 1773 1991
3 1999 1998 1774
3 1999 1774 1775
3 1771 1774 1995
3 1995 1774 1998
3 1997 1776 1773
3 2000 1776 1997
3 2002 2001 1777
3 2002 1777 1778
3 1775 1777 1999
3 1999 1777 2001
3 2000 1779 1776
3 2003 1779 2000
3 2005 2004 1780
3 2005 1780 1781
3 1778 1780 2002
3 2002 1780 2004
3 2003 1782 1779
3 2006 1782 2003
3 2008 2007 1783
3 2008 1783 1784
3 1781 1783 2005
3 2005 1783 2007
3 2006 1785 1782
3 2009 1785 2006
3 2011 2010 1787
3 2011 1787 1788
3 1787 2012 1789
3 2010 2012 1787
3 1784 1789 2008
3 2008 1789 2012
3 2013 1791 1792
3 2014 2013 1792
3 1785 2014 1792
3 2009 2014 1785
3 2017 2016 2015
3 2018 2015 2016
3 2021 2020 2019
3 1793 1794 2019
3 2020 1793 2019
3 2022 1793 2020
3 1788 1793 2011
3 2011 1793 2022
3 2025 2024 2023
3 2026 2025 2013
3 2025 1795 2013
3 1795 1791 2013
3 2025 2023 1795
3 2026 2013 2014
3 2017 2015 2027
3 2017 2027 2028
3 2015 2018 2029
3 2015 2029 2027
3 2030 2021 2019
3 2019 1794 2030
3 1794 2031 2030
3 1794 1796 2031
3 2034 2033 2032
3 1798 1799 2032
3 1799 2034 2032
3 1799 2035 2034
3 1800 2023 2024
3 2035 1800 2024
3 1799 1800 2035
3 2023 1800 1795
3 2028 2027 2036
3 2028 2036 2037
3 2027 2029 2038
3 2027 2038 2036
3 1801 2031 1796
3 1801 2039 2031
3 2042 2041 2040
3 1803 1804 2040
3 1804 2042 2040
3 1804 2043 2042
3 2044 1804 1805
3 2044 2043 1804
3 1807 2032 2033
3 2044 1807 2033
3 1805 1807 2044
3 2032 1807 1798
3 2045 2037 2036
3 2048 2047 2046
3 2038 2045 2036
3 2049 2047 2048
3 2052 2051 2050
3 2054 2053 2050
3 2054 2050 2051
3 2056 2055 2053
3 2056 2053 2054
3 2056 2039 2055
3 2039 1808 2055
3 2039 1801 1808
3 2058 2057 1811
3 1811 2057 1810
3 1812 2040 2041
3 2058 1812 2041
3 1811 1812 2058
3 2040 1812 1803
3 2059 2046 2047
3 2059 2047 2049
3 2052 2050 2060
3 2052 2060 2061
3 2062 2050 2053
3 2060 2050 2062
3 2063 2053 2055
3 2062 2053 2063
3 1814 2063 1808
3 1808 2063 2055
3 2057 2064 1810
3 1810 2064 1815
3 1817 1815 2064
3 1817 2064 2065
3 2068 2067 2066
3 2070 2069 2066
3 2070 2066 2067
3 2071 2069 2070
3 2074 2073 2072
3 2072 2073 2061
3 2060 2072 2061
3 2075 2072 2060
3 2076 2060 2062
3 2075 2060 2076
3 2077 2062 2063
3 2076 2062 2077
3 1819 2077 1814
3 1814 2077 2063
3 2065 2078 1817
3 1817 2078 1820
3 1820 2079 1821
3 2078 2079 1820
3 1821 2080 1822
3 2079 2080 1821
3 1822 2081 1824
3 2080 2081 1822
3 2083 2082 1825
3 1824 2083 1825
3 2081 2083 1824
3 2084 2082 2083
3 2085 2068 2066
3 2087 2086 2085
3 2066 2087 2085
3 2069 2087 2066
3 2069 2071 2088
3 2089 2069 2088
3 2087 2069 2089
3 2089 2088 2074
3 2072 2089 2074
3 2090 2089 2072
3 2091 2072 2075
3 2090 2072 2091
3 2092 2075 2076
3 2091 2075 2092
3 2093 2076 2077
3 2092 2076 2093
3 1826 2093 1819
3 1819 2093 2077
3 2082 1827 1825
3 2084 2094 2082
3 2094 1827 2082
3 2094 1828 1827
3 2096 2095 1829
3 1828 2096 1829
3 2094 2096 1828
3 2097 2095 2096
3 2086 2087 2098
3 2086 2098 2099
3 2100 2087 2089
3 2098 2087 2100
3 2090 2102 2101
3 2100 2090 2101
3 2089 2090 2100
3 2102 2090 2091
3 2102 2091 2103
3 2105 2104 2103
3 2091 2105 2103
3 2092 2105 2091
3 2106 2092 2093
3 2105 2092 2106
3 1830 2106 1826
3 1826 2106 2093
3 2095 1831 1829
3 2108 2107 1832
3 2108 1832 1831
3 2097 2108 1831
3 2095 2097 1831
3 2109 2107 2108
3 2110 2099 2098
3 2112 2111 2110
3 2098 2112 2110
3 2100 2112 2098
3 2100 2101 2113
3 2100 2113 2112
3 2114 2104 2105
3 2116 2115 2114
3 2105 2116 2114
3 2106 2116 2105
3 1833 2116 1830
3 1830 2116 2106
3 2107 1834 1832
3 2118 2117 1835
3 2118 1835 1834
3 2109 2118 1834
3 2107 2109 1834
3 2119 2117 2118
3 2120 2111 2112
3 2120 2112 2113
3 2115 2116 1836
3 1837 2115 1836
3 2121 2115 1837
3 1836 2116 1833
3 2117 1838 1835
3 2123 2122 1839
3 2123 1839 1838
3 2119 2123 1838
3 2117 2119 1838
3 2124 2122 2123
3 2126 2125 1841
3 2126 1841 1842
3 1837 1841 2121
3 2121 1841 2125
3 2122 1843 1839
3 2128 2127 1844
3 2128 1844 1843
3 2124 2128 1843
3 2122 2124 1843
3 2129 2127 2128
3 1845 2126 1842
3 1845 2130 2126
3 2127 1846 1844
3 2129 2131 2127
3 2131 1846 2127
3 2131 1848 1846
3 1849 1848 2131
3 1849 2131 2132
3 2134 2133 1851
3 2134 1851 1852
3 1845 1851 2130
3 2130 1851 2133
3 2136 1853 2135
3 1853 2132 2135
3 1853 1849 2132
3 2137 2136 2135
3 2140 2139 2138
3 2139 2134 2138
3 2134 1854 2138
3 2134 1852 1854
3 2136 1855 1853
3 2137 2141 2136
3 2141 1855 2136
3 2141 1857 1855
3 1858 1857 2141
3 1858 2141 2142
3 2140 2138 1859
3 1860 2140 1859
3 2143 2140 1860
3 1859 2138 1854
3 2145 1861 2144
3 1861 2142 2144
3 1861 1858 2142
3 1862 1863 2145
3 2144 1862 2145
3 2146 1862 2144
3 1860 1862 2143
3 2143 1862 2146
3 2148 2147 1865
3 1865 2147 1864
3 1865 1866 2148
3 2148 1866 2149
3 2151 2150 1868
3 1868 2150 1867
3 2147 2152 1864
3 2152 2153 1864
3 2154 1864 2153
3 1864 2154 1868
3 2155 1868 2154
3 1868 2155 2152
3 2152 2151 1868
3 2147 2151 2152
3 2152 2155 2153
3 2153 2149 2154
3 2149 1869 2154
3 2149 1866 1869
3 2157 2156 1871
3 1871 2156 1870
3 2150 2158 1867
3 2158 2159 1867
3 2160 1867 2159
3 1867 2160 1871
3 2161 1871 2160
3 1871 2161 2158
3 2158 2157 1871
3 2150 2157 2158
3 2158 2161 2159
3 2160 2159 2155
3 2160 2155 2154
3 1873 2160 2154
3 1872 1873 2154
3 1872 2154 1869
3 2162 1874 1875
3 1870 2156 2163
3 2162 1870 2163
3 2164 2162 2163
3 1875 1870 2162
3 2164 2163 2161
3 2164 2161 2160
3 1878 2164 2160
3 1877 1878 2160
3 1877 2160 1873
3 2165 1879 1880
3 1874 2162 1880
3 2162 2165 1880
3 2162 2166 2165
3 1883 2166 1882
3 2166 2164 1882
3 2166 2162 2164
3 1882 2164 1878
3 2167 1884 1885
3 1879 2165 1885
3 2165 2167 1885
3 2165 2168 2167
3 1888 2168 1887
3 2168 2166 1887
3 2168 2165 2166
3 1887 2166 1883
3 2169 1889 1890
3 1884 2167 1890
3 2167 2169 1890
3 2167 2170 2169
3 1893 2170 1892
3 2170 2168 1892
3 2170 2167 2168
3 1892 2168 1888
3 2171 1894 1895
3 1889 2169 1895
3 2169 2171 1895
3 2169 2172 2171
3 2173 2169 2170
3 2172 2169 2173
3 1896 2173 1893
3 1893 2173 2170
3 2174 1897 1898
3 2175 2174 1898
3 2175 1898 1894
3 2176 2175 1894
3 2171 2176 1894
3 2178 2177 2176
3 2171 2178 2176
3 2172 2178 2171
3 2179 2172 2173
3 2178 2172 2179
3 1899 2179 1896
3 1896 2179 2173
3 2180 1900 1901
3 1897 2174 1901
3 2174 2180 1901
3 2174 2181 2180
3 2174 2175 2182
3 2174 2182 2181
3 2177 2178 2183
3 2177 2183 2184
3 2185 2178 2179
3 2183 2178 2185
3 1902 2185 1899
3 1899 2185 2179
3 2187 2186 1904
3 1904 2186 1903
3 1904 1900 2180
3 2188 1904 2180
3 2187 1904 2188
3 2190 2189 2188
3 2180 2190 2188
3 2181 2190 2180
3 2181 2182 2191
3 2192 2181 2191
3 2190 2181 2192
3 2192 2191 2184
3 2183 2192 2184
3 2193 2192 2183
3 2194 2183 2185
3 2193 2183 2194
3 1906 2194 1902
3 1902 2194 2185
3 2195 1908 1909
3 2195 1909 2196
3 1909 2197 2196
3 1909 1910 2197
3 2198 1910 1911
3 2198 2197 1910
3 2199 1911 1912
3 2199 2198 1911
3 2200 1912 1913
3 2200 2199 1912
3 2201 1913 1914
3 2201 2200 1913
3 2202 1914 1915
3 2202 2201 1914
3 2203 1915 1916
3 2203 2202 1915
3 1916 1903 2186
3 1916 2186 2203
3 2189 2190 2204
3 2189 2204 2205
3 2206 2190 2192
3 2204 2190 2206
3 2207 2192 2193
3 2206 2192 2207
3 2194 2209 2208
3 2207 2194 2208
3 2193 2194 2207
3 2211 2209 2210
3 2210 2209 1917
3 2209 2194 1917
3 2194 1906 1917
3 1918 2212 1917
3 1917 2212 2210
3 1920 2212 1918
3 2195 1921 1908
3 2196 2213 2195
3 2213 1921 2195
3 2213 1923 1921
3 1924 1923 2213
3 1924 2213 2214
3 2215 2205 2204
3 2217 2216 2215
3 2204 2217 2215
3 2206 2217 2204
3 2218 2206 2207
3 2217 2206 2218
3 2207 2208 2219
3 2207 2219 2218
3 2220 2211 2210
3 2220 2210 2212
3 2220 2212 2221
3 2221 2212 1920
3 1925 2221 1920
3 2222 2221 1925
3 2223 1925 1926
3 2223 2222 1925
3 1926 1927 2223
3 2223 1927 2224
3 2214 2225 1924
3 1924 2225 1929
3 1930 1929 2225
3 1930 2225 2226
3 2229 2228 2227
3 2230 2227 2228
3 2231 2216 2217
3 2231 2217 2218
3 2231 2218 2232
3 2232 2218 2219
3 1927 1931 2233
3 2234 1927 2233
3 2224 1927 2234
3 1932 2233 1931
3 2236 1933 2235
3 1933 2226 2235
3 1933 1930 2226
3 2237 2236 2235
3 2229 2227 2238
3 2229 2238 2239
3 2227 2230 2240
3 2241 2227 2240
3 2238 2227 2241
3 2243 2242 2241
3 2243 2241 2240
3 2245 2244 2242
3 2245 2242 2243
3 2246 2244 2245
3 2234 2233 2247
3 2234 2247 2248
3 1934 2247 1932
3 1932 2247 2233
3 2236 1935 1933
3 1937 1935 2236
3 2237 1937 2236
3 2249 1937 2237
3 2239 2238 2250
3 2239 2250 2251
3 2252 2238 2241
3 2250 2238 2252
3 2253 2241 2242
3 2252 2241 2253
3 2254 2242 2244
3 2253 2242 2254
3 2244 2246 2255
3 2244 2255 2254
3 2248 2247 2256
3 2248 2256 2257
3 1938 2256 1934
3 1934 2256 2247
3 2249 1940 1937
3 2258 1940 2249
3 2259 2251 2250
3 2259 2250 2252
3 2259 2252 2260
3 2262 2261 2260
3 2252 2262 2260
3 2253 2262 2252
3 2254 2264 2263
3 2262 2254 2263
3 2253 2254 2262
3 2264 2254 2255
3 2265 2257 2256
3 2256 1938 2265
3 1938 2266 2265
3 1938 1941 2266
3 2258 1943 1940
3 2267 1943 2258
3 2268 2261 2262
3 2268 2262 2263
3 1944 2266 1941
3 1944 2269 2266
3 2271 1945 2270
3 1945 2267 2270
3 1945 1943 2267
3 2272 2271 2270
3 2273 2269 1944
3 2273 1944 1946
3 1946 1947 2273
3 2273 1947 2274
3 2271 1948 1945
3 1950 1948 2271
3 2272 1950 2271
3 2275 1950 2272
3 2278 2277 2276
3 2280 2279 2276
3 2280 2276 2277
3 2282 2281 2279
3 2282 2279 2280
3 2284 2283 2281
3 2284 2281 2282
3 2285 2283 2284
3 1951 2274 1947
3 1951 2286 2274
3 2288 1952 2287
3 1952 2275 2287
3 1952 1950 2275
3 2289 2288 2287
3 2278 2276 2290
3 2278 2290 2291
3 2292 2276 2279
3 2290 2276 2292
3 2293 2279 2281
3 2292 2279 2293
3 2294 2281 2283
3 2293 2281 2294
3 2283 2285 2295
3 2296 2283 2295
3 2294 2283 2296
3 2297 2296 2295
3 2298 2286 1951
3 2298 1951 1953
3 1953 1954 2298
3 2298 1954 2299
3 2288 1955 1952
3 1957 1955 2288
3 2289 1957 2288
3 2300 1957 2289
3 2291 2290 2301
3 2291 2301 2302
3 2303 2290 2292
3 2301 2290 2303
3 2304 2292 2293
3 2303 2292 2304
3 2305 2293 2294
3 2304 2293 2305
3 2306 2294 2296
3 2305 2294 2306
3 2296 2297 2307
3 2308 2296 2307
3 2306 2296 2308
3 2309 2308 2307
3 2310 2299 1954
3 2310 1954 1958
3 1958 1959 2310
3 2310 1959 2311
3 2313 1960 2312
3 1960 2300 2312
3 1960 1957 2300
3 2314 2313 2312
3 2315 2302 2301
3 2317 2316 2315
3 2301 2317 2315
3 2303 2317 2301
3 2318 2303 2304
3 2317 2303 2318
3 2319 2304 2305
3 2318 2304 2319
3 2320 2305 2306
3 2319 2305 2320
3 2321 2306 2308
3 2320 2306 2321
3 2308 2309 2322
3 2308 2322 2321
3 2323 2311 1959
3 2323 1959 1961
3 1961 1962 2323
3 2323 1962 2324
3 2313 1963 1960
3 1964 1963 2313
3 2314 1964 2313
3 2325 1964 2314
3 2326 2316 2317
3 2328 2327 2326
3 2317 2328 2326
3 2318 2328 2317
3 2329 2318 2319
3 2328 2318 2329
3 2330 2319 2320
3 2329 2319 2330
3 2331 2320 2321
3 2330 2320 2331
3 2321 2322 2332
3 2321 2332 2331
3 2333 2324 1962
3 2333 1962 1965
3 2335 2333 2334
3 2333 1966 2334
3 2333 1965 1966
3 1967 2336 1966
3 1966 2336 2334
3 1968 2337 1967
3 1967 2337 2336
3 1969 2338 1968
3 1968 2338 2337
3 2325 1971 1964
3 2339 1971 2325
3 2342 2341 2340
3 2340 2341 2327
3 2328 2340 2327
3 2343 2340 2328
3 2344 2328 2329
3 2343 2328 2344
3 2345 2329 2330
3 2344 2329 2345
3 2346 2330 2331
3 2345 2330 2346
3 2331 2332 2347
3 2331 2347 2346
3 2348 2335 2334
3 2348 2334 2336
3 2348 2336 2349
3 2349 2336 2337
3 2349 2337 2350
3 2352 2351 2350
3 2337 2352 2350
3 2338 2352 2337
3 2354 1973 2353
3 1973 2339 2353
3 1973 1971 2339
3 2355 2354 2353
3 2342 2340 2356
3 2342 2356 2357
3 2358 2340 2343
3 2356 2340 2358
3 2359 2343 2344
3 2358 2343 2359
3 2360 2344 2345
3 2359 2344 2360
3 2361 2345 2346
3 2360 2345 2361
3 2346 2347 2362
3 2346 2362 2361
3 2351 2352 2363
3 2351 2363 2364
3 2365 1975 2354
3 2354 1975 1973
3 2354 2355 2366
3 2354 2366 2365
3 2369 2368 2367
3 2357 2356 2370
3 2368 2371 2367
3 2373 2372 2370
3 2356 2373 2370
3 2358 2373 2356
3 2374 2358 2359
3 2373 2358 2374
3 2375 2359 2360
3 2374 2359 2375
3 2376 2360 2361
3 2375 2360 2376
3 2361 2362 2377
3 2378 2361 2377
3 2376 2361 2378
3 2379 2378 2377
3 2382 2381 2380
3 2380 2381 2364
3 2380 2364 2363
3 1978 2380 2363
3 1977 1978 2363
3 2384 2383 2365
3 2383 1975 2365
3 2383 1980 1975
3 2384 2365 2366
3 2369 2367 2385
3 2369 2385 2386
3 2367 2371 2387
3 2367 2387 2385
3 2372 2373 2388
3 2372 2388 2389
3 2390 2373 2374
3 2388 2373 2390
3 2391 2374 2375
3 2390 2374 2391
3 2392 2375 2376
3 2391 2375 2392
3 2393 2376 2378
3 2392 2376 2393
3 2378 2379 2394
3 2378 2394 2393
3 2382 2380 2395
3 2382 2395 2396
3 1981 2395 1978
3 1978 2395 2380
3 2397 1982 1983
3 2398 2397 1983
3 1980 2398 1983
3 2383 2398 1980
3 2401 2400 2399
3 2399 2400 2386
3 2385 2399 2386
3 2402 2399 2385
3 2385 2387 2403
3 2404 2385 2403
3 2402 2385 2404
3 2404 2403 2389
3 2388 2404 2389
3 2405 2404 2388
3 2390 2407 2406
3 2405 2390 2406
3 2388 2390 2405
3 2409 2408 2407
3 2390 2409 2407
3 2391 2409 2390
3 2410 2391 2392
3 2409 2391 2410
3 2411 2392 2393
3 2410 2392 2411
3 2393 2394 2412
3 2393 2412 2411
3 2396 2395 2413
3 2396 2413 2414
3 1984 2413 1981
3 1981 2413 2395
3 2416 2415 2397
3 2415 1982 2397
3 2415 1985 1982
3 2416 2397 2398
3 2401 2399 2417
3 2401 2417 2418
3 1988 2417 1987
3 2417 2402 1987
3 2417 2399 2402
3 1987 2402 1989
3 2402 2419 1989
3 2402 2404 2419
3 2420 2404 2405
3 2419 2404 2420
3 2405 2406 2421
3 2405 2421 2420
3 2422 2408 2409
3 2424 2423 2422
3 2409 2424 2422
3 2410 2424 2409
3 2425 2410 2411
3 2424 2410 2425
3 2411 2412 2426
3 2411 2426 2425
3 2414 2413 2427
3 2414 2427 2428
3 1990 2427 1984
3 1984 2427 2413
3 2429 1991 1992
3 2430 2429 1992
3 1985 2430 1992
3 2415 2430 1985
3 2418 2417 2431
3 2418 2431 2432
3 1993 2433 1988
3 2433 2417 1988
3 2433 2431 2417
3 1989 2419 1993
3 2419 2433 1993
3 2419 2434 2433
3 2435 2419 2420
3 2434 2419 2435
3 2420 2421 2436
3 2437 2420 2436
3 2435 2420 2437
3 2439 2438 2437
3 2439 2437 2436
3 2423 2424 2440
3 2439 2441 2438
3 2440 2424 2425
3 2440 2425 2442
3 2442 2425 2426
3 2444 2443 1994
3 2444 1994 1995
3 2427 1996 2428
3 1996 2443 2428
3 1996 1994 2443
3 1996 2427 1990
3 2445 1997 2429
3 2429 1997 1991
3 2429 2430 2446
3 2429 2446 2445
3 2447 2432 2431
3 2447 2431 2433
3 2447 2433 2448
3 2448 2433 2434
3 2448 2434 2449
3 2451 2450 2449
3 2434 2451 2449
3 2435 2451 2434
3 2452 2435 2437
3 2451 2435 2452
3 2453 2437 2438
3 2452 2437 2453
3 2438 2441 2454
3 2455 2438 2454
3 2453 2438 2455
3 2456 2455 2454
3 2458 2457 1998
3 2458 1998 1999
3 1995 1998 2444
3 2444 1998 2457
3 2460 2459 2445
3 2459 1997 2445
3 2459 2000 1997
3 2460 2445 2446
3 2450 2451 2461
3 2450 2461 2462
3 2463 2451 2452
3 2461 2451 2463
3 2464 2452 2453
3 2463 2452 2464
3 2465 2453 2455
3 2464 2453 2465
3 2455 2456 2466
3 2467 2455 2466
3 2465 2455 2467
3 2468 2467 2466
3 2470 2469 2001
3 2470 2001 2002
3 1999 2001 2458
3 2458 2001 2469
3 2459 2003 2000
3 2471 2003 2459
3 2462 2461 2472
3 2462 2472 2473
3 2474 2461 2463
3 2472 2461 2474
3 2475 2463 2464
3 2474 2463 2475
3 2476 2464 2465
3 2475 2464 2476
3 2477 2465 2467
3 2476 2465 2477
3 2467 2468 2478
3 2479 2467 2478
3 2477 2467 2479
3 2481 2480 2479
3 2481 2479 2478
3 2483 2482 2480
3 2483 2480 2481
3 2484 2482 2483
3 2486 2485 2004
3 2486 2004 2005
3 2002 2004 2470
3 2470 2004 2485
3 2488 2006 2487
3 2006 2471 2487
3 2006 2003 2471
3 2489 2488 2487
3 2492 2491 2490
3 2493 2490 2491
3 2496 2495 2494
3 2494 2495 2473
3 2472 2494 2473
3 2497 2494 2472
3 2498 2472 2474
3 2497 2472 2498
3 2499 2474 2475
3 2498 2474 2499
3 2500 2475 2476
3 2499 2475 2500
3 2501 2476 2477
3 2500 2476 2501
3 2502 2477 2479
3 2501 2477 2502
3 2503 2479 2480
3 2502 2479 2503
3 2504 2480 2482
3 2503 2480 2504
3 2505 2007 2008
3 2482 2505 2008
3 2504 2482 2008
3 2505 2482 2484
3 2005 2007 2486
3 2486 2007 2505
3 2506 2009 2488
3 2488 2009 2006
3 2488 2489 2507
3 2508 2488 2507
3 2506 2488 2508
3 2508 2507 2492
3 2490 2508 2492
3 2509 2508 2490
3 2490 2493 2510
3 2511 2490 2510
3 2509 2490 2511
3 2512 2511 2510
3 2496 2494 2513
3 2496 2513 2514
3 2515 2494 2497
3 2513 2494 2515
3 2516 2497 2498
3 2515 2497 2516
3 2517 2498 2499
3 2516 2498 2517
3 2518 2499 2500
3 2517 2499 2518
3 2519 2500 2501
3 2518 2500 2519
3 2520 2501 2502
3 2519 2501 2520
3 2011 2520 2010
3 2520 2503 2010
3 2520 2502 2503
3 2010 2503 2012
3 2012 2503 2504
3 2012 2504 2008
3 2522 2521 2506
3 2521 2009 2506
3 2521 2014 2009
3 2524 2523 2522
3 2506 2524 2522
3 2508 2524 2506
3 2017 2524 2016
3 2524 2509 2016
3 2524 2508 2509
3 2016 2509 2018
3 2509 2525 2018
3 2509 2511 2525
3 2511 2512 2526
3 2511 2526 2525
3 2514 2513 2527
3 2514 2527 2528
3 2529 2513 2515
3 2527 2513 2529
3 2530 2515 2516
3 2529 2515 2530
3 2531 2516 2517
3 2530 2516 2531
3 2532 2517 2518
3 2531 2517 2532
3 2021 2532 2020
3 2532 2519 2020
3 2532 2518 2519
3 2020 2519 2022
3 2022 2519 2520
3 2022 2520 2011
3 2533 2024 2025
3 2026 2534 2025
3 2025 2534 2533
3 2535 2534 2026
3 2014 2535 2026
3 2521 2535 2014
3 2523 2524 2536
3 2523 2536 2537
3 2028 2536 2017
3 2017 2536 2524
3 2538 2029 2525
3 2525 2029 2018
3 2525 2526 2539
3 2525 2539 2538
3 2528 2527 2540
3 2528 2540 2541
3 2542 2527 2529
3 2540 2527 2542
3 2543 2529 2530
3 2542 2529 2543
3 2544 2530 2531
3 2543 2530 2544
3 2545 2531 2532
3 2544 2531 2545
3 2030 2546 2021
3 2546 2532 2021
3 2546 2545 2532
3 2031 2546 2030
3 2548 2547 2034
3 2034 2547 2033
3 2549 2034 2035
3 2549 2548 2034
3 2035 2024 2533
3 2550 2035 2533
3 2549 2035 2550
3 2550 2533 2534
3 2550 2534 2551
3 2551 2534 2535
3 2537 2536 2552
3 2537 2552 2553
3 2037 2552 2028
3 2028 2552 2536
3 2554 2038 2538
3 2538 2038 2029
3 2538 2539 2555
3 2556 2538 2555
3 2554 2538 2556
3 2557 2556 2555
3 2541 2540 2558
3 2541 2558 2559
3 2560 2540 2542
3 2558 2540 2560
3 2561 2542 2543
3 2560 2542 2561
3 2562 2543 2544
3 2561 2543 2562
3 2563 2544 2545
3 2562 2544 2563
3 2564 2545 2546
3 2563 2545 2564
3 2039 2564 2031
3 2031 2564 2546
3 2566 2565 2042
3 2042 2565 2041
3 2567 2042 2043
3 2567 2566 2042
3 2568 2043 2044
3 2568 2567 2043
3 2044 2033 2547
3 2044 2547 2568
3 2553 2552 2569
3 2553 2569 2570
3 2045 2571 2037
3 2571 2552 2037
3 2571 2569 2552
3 2045 2038 2571
3 2038 2554 2571
3 2048 2046 2571
3 2048 2571 2554
3 2048 2554 2049
3 2554 2572 2049
3 2554 2556 2572
3 2556 2557 2573
3 2556 2573 2572
3 2559 2558 2574
3 2559 2574 2575
3 2576 2558 2560
3 2574 2558 2576
3 2577 2560 2561
3 2576 2560 2577
3 2052 2577 2051
3 2577 2562 2051
3 2577 2561 2562
3 2051 2562 2054
3 2054 2562 2563
3 2054 2563 2056
3 2056 2563 2564
3 2056 2564 2039
3 2578 2057 2058
3 2579 2578 2058
3 2041 2579 2058
3 2565 2579 2041
3 2580 2570 2569
3 2582 2581 2580
3 2569 2582 2580
3 2571 2582 2569
3 2059 2583 2046
3 2583 2571 2046
3 2583 2582 2571
3 2049 2572 2059
3 2572 2583 2059
3 2572 2584 2583
3 2572 2573 2585
3 2586 2572 2585
3 2584 2572 2586
3 2588 2587 2586
3 2588 2586 2585
3 2587 2588 2575
3 2574 2587 2575
3 2589 2587 2574
3 2590 2574 2576
3 2589 2574 2590
3 2591 2576 2577
3 2590 2576 2591
3 2061 2591 2052
3 2052 2591 2577
3 2578 2064 2057
3 2593 2592 2065
3 2593 2065 2064
3 2579 2593 2064
3 2578 2579 2064
3 2595 2594 2592
3 2595 2592 2593
3 2597 2596 2594
3 2597 2594 2595
3 2598 2596 2597
3 2599 2581 2582
3 2599 2582 2583
3 2599 2583 2600
3 2602 2601 2600
3 2583 2602 2600
3 2584 2602 2583
3 2603 2584 2586
3 2602 2584 2603
3 2068 2603 2067
3 2603 2587 2067
3 2603 2586 2587
3 2067 2587 2070
3 2070 2587 2589
3 2070 2589 2071
3 2589 2604 2071
3 2589 2590 2604
3 2074 2604 2073
3 2604 2591 2073
3 2604 2590 2591
3 2073 2591 2061
3 2592 2078 2065
3 2078 2592 2079
3 2079 2592 2594
3 2079 2594 2080
3 2080 2594 2596
3 2598 2605 2596
3 2605 2080 2596
3 2605 2081 2080
3 2081 2606 2083
3 2605 2606 2081
3 2608 2607 2084
3 2083 2608 2084
3 2606 2608 2083
3 2609 2607 2608
3 2610 2601 2602
3 2612 2611 2610
3 2602 2612 2610
3 2603 2612 2602
3 2085 2613 2068
3 2613 2603 2068
3 2613 2612 2603
3 2086 2613 2085
3 2604 2088 2071
3 2088 2604 2074
3 2607 2094 2084
3 2609 2614 2607
3 2614 2094 2607
3 2614 2096 2094
3 2616 2615 2097
3 2096 2616 2097
3 2614 2616 2096
3 2617 2615 2616
3 2618 2611 2612
3 2620 2619 2618
3 2612 2620 2618
3 2613 2620 2612
3 2099 2620 2086
3 2086 2620 2613
3 2621 2101 2102
3 2103 2622 2102
3 2102 2622 2621
3 2104 2622 2103
3 2615 2108 2097
3 2109 2108 2615
3 2617 2109 2615
3 2623 2109 2617
3 2619 2620 2624
3 2619 2624 2625
3 2110 2626 2099
3 2626 2620 2099
3 2626 2624 2620
3 2111 2626 2110
3 2627 2113 2621
3 2621 2113 2101
3 2628 2621 2622
3 2627 2621 2628
3 2114 2629 2104
3 2629 2622 2104
3 2629 2628 2622
3 2115 2629 2114
3 2623 2630 2109
3 2109 2630 2118
3 2119 2118 2630
3 2119 2630 2631
3 2632 2625 2624
3 2634 2633 2632
3 2624 2634 2632
3 2626 2634 2624
3 2120 2635 2111
3 2635 2626 2111
3 2635 2634 2626
3 2113 2627 2120
3 2627 2635 2120
3 2627 2636 2635
3 2637 2627 2628
3 2636 2627 2637
3 2638 2628 2629
3 2637 2628 2638
3 2121 2638 2115
3 2115 2638 2629
3 2631 2639 2119
3 2119 2639 2123
3 2641 2640 2124
3 2123 2641 2124
3 2639 2641 2123
3 2642 2640 2641
3 2643 2633 2634
3 2645 2644 2643
3 2634 2645 2643
3 2635 2645 2634
3 2646 2635 2636
3 2645 2635 2646
3 2647 2636 2637
3 2646 2636 2647
3 2126 2647 2125
3 2647 2638 2125
3 2647 2637 2638
3 2125 2638 2121
3 2640 2128 2124
3 2649 2648 2129
3 2649 2129 2128
3 2642 2649 2128
3 2640 2642 2128
3 2650 2648 2649
3 2644 2645 2651
3 2644 2651 2652
3 2653 2645 2646
3 2651 2645 2653
3 2654 2646 2647
3 2653 2646 2654
3 2130 2654 2126
3 2126 2654 2647
3 2648 2131 2129
3 2656 2655 2132
3 2656 2132 2131
3 2650 2656 2131
3 2648 2650 2131
3 2657 2655 2656
3 2658 2652 2651
3 2660 2659 2658
3 2651 2660 2658
3 2653 2660 2651
3 2134 2660 2133
3 2660 2654 2133
3 2660 2653 2654
3 2133 2654 2130
3 2655 2135 2132
3 2662 2661 2137
3 2662 2137 2135
3 2657 2662 2135
3 2655 2657 2135
3 2663 2661 2662
3 2659 2660 2139
3 2140 2659 2139
3 2664 2659 2140
3 2139 2660 2134
3 2661 2141 2137
3 2666 2665 2142
3 2666 2142 2141
3 2663 2666 2141
3 2661 2663 2141
3 2667 2665 2666
3 2143 2664 2140
3 2143 2668 2664
3 2665 2144 2142
3 2667 2669 2665
3 2669 2144 2665
3 2669 2146 2144
3 2143 2146 2668
3 2668 2146 2669
3 2670 2147 2148
3 2149 2670 2148
3 2671 2150 2151
3 2151 2147 2671
3 2147 2670 2671
3 2153 2155 2671
3 2153 2671 2670
3 2153 2670 2149
3 2672 2156 2157
3 2157 2150 2672
3 2150 2671 2672
3 2159 2161 2672
3 2159 2672 2671
3 2159 2671 2155
3 2672 2163 2156
3 2163 2672 2161
3 2673 2175 2176
3 2177 2673 2176
3 2674 2182 2673
3 2673 2182 2175
3 2184 2674 2177
3 2177 2674 2673
3 2675 2186 2187
3 2188 2676 2187
3 2187 2676 2675
3 2189 2676 2188
3 2674 2191 2182
3 2191 2674 2184
3 2677 2196 2197
3 2198 2678 2197
3 2197 2678 2677
3 2199 2679 2198
3 2198 2679 2678
3 2200 2680 2199
3 2199 2680 2679
3 2201 2681 2200
3 2200 2681 2680
3 2202 2682 2201
3 2201 2682 2681
3 2203 2683 2202
3 2202 2683 2682
3 2186 2675 2203
3 2675 2683 2203
3 2675 2684 2683
3 2685 2675 2676
3 2684 2675 2685
3 2205 2685 2189
3 2189 2685 2676
3 2686 2208 2209
3 2211 2686 2209
3 2677 2213 2196
3 2213 2677 2214
3 2677 2687 2214
3 2677 2678 2687
3 2688 2678 2679
3 2687 2678 2688
3 2689 2679 2680
3 2688 2679 2689
3 2690 2680 2681
3 2689 2680 2690
3 2691 2681 2682
3 2690 2681 2691
3 2692 2682 2683
3 2691 2682 2692
3 2693 2683 2684
3 2692 2683 2693
3 2694 2684 2685
3 2693 2684 2694
3 2215 2695 2205
3 2695 2685 2205
3 2695 2694 2685
3 2216 2695 2215
3 2696 2219 2686
3 2686 2219 2208
3 2220 2697 2211
3 2697 2686 2211
3 2697 2696 2686
3 2221 2698 2220
3 2220 2698 2697
3 2222 2699 2221
3 2221 2699 2698
3 2223 2700 2222
3 2222 2700 2699
3 2224 2700 2223
3 2687 2225 2214
3 2225 2687 2226
3 2687 2701 2226
3 2687 2688 2701
3 2702 2688 2689
3 2701 2688 2702
3 2703 2689 2690
3 2702 2689 2703
3 2704 2690 2691
3 2703 2690 2704
3 2705 2691 2692
3 2704 2691 2705
3 2229 2705 2228
3 2705 2693 2228
3 2705 2692 2693
3 2228 2693 2230
3 2693 2706 2230
3 2693 2694 2706
3 2707 2694 2695
3 2706 2694 2707
3 2231 2708 2216
3 2708 2695 2216
3 2708 2707 2695
3 2232 2709 2231
3 2231 2709 2708
3 2219 2696 2232
3 2696 2709 2232
3 2696 2710 2709
3 2697 2712 2711
3 2710 2697 2711
3 2696 2697 2710
3 2712 2697 2698
3 2712 2698 2713
3 2713 2698 2699
3 2713 2699 2714
3 2714 2699 2700
3 2714 2700 2715
3 2700 2224 2715
3 2224 2716 2715
3 2224 2234 2716
3 2701 2235 2226
3 2235 2701 2237
3 2701 2717 2237
3 2701 2702 2717
3 2718 2702 2703
3 2717 2702 2718
3 2719 2703 2704
3 2718 2703 2719
3 2720 2704 2705
3 2719 2704 2720
3 2239 2720 2229
3 2229 2720 2705
3 2706 2240 2230
3 2240 2706 2243
3 2243 2706 2707
3 2243 2707 2245
3 2245 2707 2708
3 2245 2708 2246
3 2708 2721 2246
3 2708 2709 2721
3 2722 2709 2710
3 2721 2709 2722
3 2710 2711 2723
3 2710 2723 2722
3 2248 2716 2234
3 2248 2724 2716
3 2725 2249 2717
3 2717 2249 2237
3 2718 2727 2726
3 2725 2718 2726
3 2717 2718 2725
3 2727 2718 2719
3 2727 2719 2728
3 2730 2729 2728
3 2719 2730 2728
3 2720 2730 2719
3 2251 2730 2239
3 2239 2730 2720
3 2731 2255 2721
3 2721 2255 2246
3 2732 2721 2722
3 2731 2721 2732
3 2722 2723 2733
3 2734 2722 2733
3 2732 2722 2734
3 2735 2734 2733
3 2257 2724 2248
3 2257 2736 2724
3 2737 2258 2725
3 2725 2258 2249
3 2725 2726 2738
3 2725 2738 2737
3 2729 2730 2739
3 2729 2739 2740
3 2259 2741 2251
3 2741 2730 2251
3 2741 2739 2730
3 2260 2742 2259
3 2259 2742 2741
3 2261 2742 2260
3 2743 2263 2264
3 2255 2731 2264
3 2731 2743 2264
3 2731 2744 2743
3 2745 2731 2732
3 2744 2731 2745
3 2746 2732 2734
3 2745 2732 2746
3 2734 2735 2747
3 2748 2734 2747
3 2746 2734 2748
3 2749 2748 2747
3 2257 2265 2750
3 2751 2257 2750
3 2736 2257 2751
3 2266 2750 2265
3 2752 2267 2737
3 2737 2267 2258
3 2737 2738 2753
3 2737 2753 2752
3 2754 2740 2739
3 2756 2755 2754
3 2739 2756 2754
3 2741 2756 2739
3 2757 2741 2742
3 2756 2741 2757
3 2268 2758 2261
3 2758 2742 2261
3 2758 2757 2742
3 2263 2743 2268
3 2743 2758 2268
3 2743 2759 2758
3 2760 2743 2744
3 2759 2743 2760
3 2761 2744 2745
3 2760 2744 2761
3 2762 2745 2746
3 2761 2745 2762
3 2763 2746 2748
3 2762 2746 2763
3 2748 2749 2764
3 2765 2748 2764
3 2763 2748 2765
3 2766 2765 2764
3 2751 2750 2767
3 2751 2767 2768
3 2269 2767 2266
3 2266 2767 2750
3 2752 2270 2267
3 2770 2769 2272
3 2770 2272 2270
3 2753 2770 2270
3 2752 2753 2270
3 2771 2769 2770
3 2755 2756 2772
3 2755 2772 2773
3 2774 2756 2757
3 2772 2756 2774
3 2775 2757 2758
3 2774 2757 2775
3 2776 2758 2759
3 2775 2758 2776
3 2777 2759 2760
3 2776 2759 2777
3 2778 2760 2761
3 2777 2760 2778
3 2779 2761 2762
3 2778 2761 2779
3 2780 2762 2763
3 2779 2762 2780
3 2781 2763 2765
3 2780 2763 2781
3 2765 2766 2782
3 2765 2782 2781
3 2783 2768 2767
3 2785 2783 2784
3 2784 2783 2273
3 2783 2767 2273
3 2767 2269 2273
3 2274 2784 2273
3 2786 2275 2769
3 2769 2275 2272
3 2769 2771 2787
3 2769 2787 2786
3 2788 2773 2772
3 2790 2789 2788
3 2772 2790 2788
3 2774 2790 2772
3 2791 2774 2775
3 2790 2774 2791
3 2278 2791 2277
3 2791 2776 2277
3 2791 2775 2776
3 2277 2776 2280
3 2280 2776 2777
3 2280 2777 2282
3 2282 2777 2778
3 2282 2778 2284
3 2284 2778 2779
3 2284 2779 2285
3 2779 2792 2285
3 2779 2780 2792
3 2793 2780 2781
3 2792 2780 2793
3 2781 2782 2794
3 2781 2794 2793
3 2795 2785 2784
3 2784 2274 2795
3 2274 2796 2795
3 2274 2286 2796
3 2786 2287 2275
3 2798 2797 2289
3 2798 2289 2287
3 2787 2798 2287
3 2786 2787 2287
3 2799 2797 2798
3 2789 2790 2800
3 2789 2800 2801
3 2802 2790 2791
3 2800 2790 2802
3 2291 2802 2278
3 2278 2802 2791
3 2792 2295 2285
3 2295 2792 2297
3 2792 2803 2297
3 2792 2793 2803
3 2793 2794 2804
3 2805 2793 2804
3 2803 2793 2805
3 2806 2805 2804
3 2807 2796 2286
3 2807 2286 2298
3 2298 2299 2807
3 2807 2299 2808
3 2809 2300 2797
3 2797 2300 2289
3 2797 2799 2810
3 2811 2797 2810
3 2809 2797 2811
3 2812 2811 2810
3 2801 2800 2813
3 2801 2813 2814
3 2815 2800 2802
3 2813 2800 2815
3 2302 2815 2291
3 2291 2815 2802
3 2803 2307 2297
3 2307 2803 2309
3 2803 2816 2309
3 2803 2805 2816
3 2805 2806 2817
3 2818 2805 2817
3 2816 2805 2818
3 2819 2818 2817
3 2820 2808 2299
3 2820 2299 2310
3 2310 2311 2820
3 2820 2311 2821
3 2809 2312 2300
3 2312 2809 2314
3 2809 2822 2314
3 2809 2811 2822
3 2811 2812 2823
3 2811 2823 2822
3 2824 2814 2813
3 2826 2825 2824
3 2813 2826 2824
3 2815 2826 2813
3 2315 2827 2302
3 2827 2815 2302
3 2827 2826 2815
3 2316 2827 2315
3 2828 2322 2816
3 2816 2322 2309
3 2829 2816 2818
3 2828 2816 2829
3 2818 2819 2830
3 2818 2830 2829
3 2831 2821 2311
3 2831 2311 2323
3 2323 2324 2831
3 2831 2324 2832
3 2833 2325 2822
3 2822 2325 2314
3 2822 2823 2834
3 2822 2834 2833
3 2825 2826 2835
3 2825 2835 2836
3 2837 2826 2827
3 2835 2826 2837
3 2326 2838 2316
3 2838 2827 2316
3 2838 2837 2827
3 2327 2838 2326
3 2839 2332 2828
3 2828 2332 2322
3 2840 2828 2829
3 2839 2828 2840
3 2829 2830 2841
3 2829 2841 2840
3 2324 2333 2842
3 2843 2324 2842
3 2832 2324 2843
3 2335 2842 2333
3 2844 2339 2833
3 2833 2339 2325
3 2833 2834 2845
3 2846 2833 2845
3 2844 2833 2846
3 2847 2846 2845
3 2836 2835 2848
3 2836 2848 2849
3 2850 2835 2837
3 2848 2835 2850
3 2342 2850 2341
3 2850 2838 2341
3 2850 2837 2838
3 2341 2838 2327
3 2851 2347 2839
3 2839 2347 2332
3 2852 2839 2840
3 2851 2839 2852
3 2840 2841 2853
3 2854 2840 2853
3 2852 2840 2854
3 2855 2854 2853
3 2843 2842 2856
3 2843 2856 2857
3 2348 2858 2335
3 2858 2842 2335
3 2858 2856 2842
3 2349 2859 2348
3 2348 2859 2858
3 2350 2860 2349
3 2349 2860 2859
3 2351 2860 2350
3 2844 2353 2339
3 2353 2844 2355
3 2844 2861 2355
3 2844 2846 2861
3 2846 2847 2862
3 2846 2862 2861
3 2849 2848 2863
3 2849 2863 2864
3 2865 2848 2850
3 2863 2848 2865
3 2357 2865 2342
3 2342 2865 2850
3 2866 2362 2851
3 2851 2362 2347
3 2867 2851 2852
3 2866 2851 2867
3 2868 2852 2854
3 2867 2852 2868
3 2854 2855 2869
3 2870 2854 2869
3 2868 2854 2870
3 2871 2870 2869
3 2872 2857 2856
3 2874 2873 2872
3 2856 2874 2872
3 2858 2874 2856
3 2875 2858 2859
3 2874 2858 2875
3 2876 2859 2860
3 2875 2859 2876
3 2364 2876 2351
3 2351 2876 2860
3 2877 2366 2861
3 2861 2366 2355
3 2861 2862 2878
3 2879 2861 2878
3 2877 2861 2879
3 2879 2878 2864
3 2863 2879 2864
3 2880 2879 2863
3 2369 2880 2368
3 2880 2865 2368
3 2880 2863 2865
3 2371 2368 2881
3 2368 2865 2881
3 2357 2370 2881
3 2357 2881 2865
3 2372 2881 2370
3 2866 2377 2362
3 2377 2866 2379
3 2866 2882 2379
3 2866 2867 2882
3 2883 2867 2868
3 2882 2867 2883
3 2884 2868 2870
3 2883 2868 2884
3 2870 2871 2885
3 2870 2885 2884
3 2886 2873 2874
3 2888 2887 2886
3 2874 2888 2886
3 2875 2888 2874
3 2382 2888 2381
3 2888 2876 2381
3 2888 2875 2876
3 2381 2876 2364
3 2889 2383 2384
3 2366 2877 2384
3 2877 2889 2384
3 2877 2890 2889
3 2891 2877 2879
3 2890 2877 2891
3 2892 2879 2880
3 2891 2879 2892
3 2386 2892 2369
3 2369 2892 2880
3 2893 2387 2881
3 2881 2387 2371
3 2389 2893 2372
3 2372 2893 2881
3 2894 2394 2882
3 2882 2394 2379
3 2895 2882 2883
3 2894 2882 2895
3 2896 2883 2884
3 2895 2883 2896
3 2884 2885 2897
3 2884 2897 2896
3 2887 2888 2898
3 2887 2898 2899
3 2396 2898 2382
3 2382 2898 2888
3 2900 2398 2889
3 2889 2398 2383
3 2890 2902 2901
3 2900 2890 2901
3 2889 2890 2900
3 2902 2890 2891
3 2902 2891 2903
3 2401 2904 2400
3 2904 2891 2400
3 2891 2892 2400
3 2904 2903 2891
3 2400 2892 2386
3 2893 2403 2387
3 2403 2893 2389
3 2905 2406 2407
3 2408 2905 2407
3 2906 2412 2894
3 2894 2412 2394
3 2907 2894 2895
3 2906 2894 2907
3 2896 2909 2908
3 2907 2896 2908
3 2895 2896 2907
3 2909 2896 2897
3 2899 2898 2910
3 2899 2910 2911
3 2414 2910 2396
3 2396 2910 2898
3 2912 2415 2416
3 2913 2912 2416
3 2913 2416 2398
3 2914 2913 2398
3 2900 2914 2398
3 2914 2900 2901
3 2917 2916 2915
3 2916 2904 2915
3 2904 2418 2915
3 2904 2401 2418
3 2918 2421 2905
3 2905 2421 2406
3 2422 2919 2408
3 2919 2905 2408
3 2919 2918 2905
3 2423 2919 2422
3 2920 2426 2906
3 2906 2426 2412
3 2921 2906 2907
3 2920 2906 2921
3 2907 2908 2922
3 2907 2922 2921
3 2911 2910 2923
3 2911 2923 2924
3 2428 2923 2414
3 2414 2923 2910
3 2925 2430 2912
3 2912 2430 2415
3 2912 2913 2926
3 2912 2926 2925
3 2917 2915 2927
3 2917 2927 2928
3 2432 2927 2418
3 2418 2927 2915
3 2918 2436 2421
3 2436 2918 2439
3 2439 2918 2919
3 2441 2439 2929
3 2439 2919 2929
3 2423 2440 2929
3 2423 2929 2919
3 2442 2930 2440
3 2440 2930 2929
3 2426 2920 2442
3 2920 2930 2442
3 2920 2931 2930
3 2932 2920 2921
3 2931 2920 2932
3 2921 2922 2933
3 2921 2933 2932
3 2924 2923 2443
3 2444 2924 2443
3 2934 2924 2444
3 2443 2923 2428
3 2935 2446 2925
3 2925 2446 2430
3 2925 2926 2936
3 2937 2925 2936
3 2935 2925 2937
3 2939 2938 2937
3 2939 2937 2936
3 2938 2939 2928
3 2927 2938 2928
3 2940 2938 2927
3 2447 2941 2432
3 2941 2927 2432
3 2941 2940 2927
3 2448 2942 2447
3 2447 2942 2941
3 2449 2943 2448
3 2448 2943 2942
3 2450 2943 2449
3 2929 2454 2441
3 2454 2929 2456
3 2929 2944 2456
3 2929 2930 2944
3 2945 2930 2931
3 2944 2930 2945
3 2946 2931 2932
3 2945 2931 2946
3 2932 2933 2947
3 2948 2932 2947
3 2946 2932 2948
3 2950 2949 2948
3 2950 2948 2947
3 2952 2951 2949
3 2952 2949 2950
3 2953 2951 2952
3 2955 2954 2457
3 2955 2457 2458
3 2444 2457 2934
3 2934 2457 2954
3 2956 2459 2460
3 2446 2935 2460
3 2935 2956 2460
3 2935 2957 2956
3 2958 2935 2937
3 2957 2935 2958
3 2959 2937 2938
3 2958 2937 2959
3 2960 2938 2940
3 2959 2938 2960
3 2941 2962 2961
3 2960 2941 2961
3 2940 2941 2960
3 2962 2941 2942
3 2962 2942 2963
3 2965 2964 2963
3 2942 2965 2963
3 2943 2965 2942
3 2462 2965 2450
3 2450 2965 2943
3 2944 2466 2456
3 2466 2944 2468
3 2944 2966 2468
3 2944 2945 2966
3 2967 2945 2946
3 2966 2945 2967
3 2968 2946 2948
3 2967 2946 2968
3 2969 2948 2949
3 2968 2948 2969
3 2970 2949 2951
3 2969 2949 2970
3 2971 2469 2470
3 2951 2971 2470
3 2970 2951 2470
3 2971 2951 2953
3 2458 2469 2955
3 2955 2469 2971
3 2972 2471 2956
3 2956 2471 2459
3 2973 2956 2957
3 2972 2956 2973
3 2974 2957 2958
3 2973 2957 2974
3 2975 2958 2959
3 2974 2958 2975
3 2976 2959 2960
3 2975 2959 2976
3 2960 2961 2977
3 2960 2977 2976
3 2980 2979 2978
3 2978 2979 2964
3 2965 2978 2964
3 2981 2978 2965
3 2473 2981 2462
3 2462 2981 2965
3 2966 2478 2468
3 2478 2966 2481
3 2481 2966 2967
3 2481 2967 2483
3 2483 2967 2968
3 2483 2968 2484
3 2968 2982 2484
3 2968 2969 2982
3 2486 2982 2485
3 2982 2970 2485
3 2982 2969 2970
3 2485 2970 2470
3 2972 2487 2471
3 2487 2972 2489
3 2972 2983 2489
3 2972 2973 2983
3 2492 2983 2491
3 2983 2974 2491
3 2983 2973 2974
3 2491 2974 2493
3 2974 2984 2493
3 2974 2975 2984
3 2976 2986 2985
3 2984 2976 2985
3 2975 2976 2984
3 2986 2976 2977
3 2980 2978 2987
3 2980 2987 2988
3 2496 2987 2495
3 2987 2981 2495
3 2987 2978 2981
3 2495 2981 2473
3 2982 2505 2484
3 2505 2982 2486
3 2983 2507 2489
3 2507 2983 2492
3 2984 2510 2493
3 2512 2510 2984
3 2985 2512 2984
3 2989 2512 2985
3 2988 2987 2990
3 2988 2990 2991
3 2514 2990 2496
3 2496 2990 2987
3 2992 2521 2522
3 2523 2992 2522
3 2994 2526 2993
3 2526 2989 2993
3 2526 2512 2989
3 2995 2994 2993
3 2991 2990 2996
3 2991 2996 2997
3 2528 2996 2514
3 2514 2996 2990
3 2998 2535 2992
3 2992 2535 2521
3 2537 2998 2523
3 2523 2998 2992
3 2999 2539 2994
3 2994 2539 2526
3 2994 2995 3000
3 2994 3000 2999
3 2997 2996 3001
3 2997 3001 3002
3 2541 3001 2528
3 2528 3001 2996
3 3003 2547 2548
3 2549 3004 2548
3 2548 3004 3003
3 2550 3005 2549
3 2549 3005 3004
3 2551 3006 2550
3 2550 3006 3005
3 2535 2998 2551
3 2998 3006 2551
3 2998 3007 3006
3 2553 3007 2537
3 2537 3007 2998
3 2999 2555 2539
3 2557 2555 2999
3 3000 2557 2999
3 3008 2557 3000
3 3002 3001 3009
3 3002 3009 3010
3 2559 3009 2541
3 2541 3009 3001
3 3011 2565 2566
3 2567 3012 2566
3 2566 3012 3011
3 2568 3013 2567
3 2567 3013 3012
3 3014 3013 2568
3 3014 2568 2547
3 3015 3014 2547
3 3003 3015 2547
3 3015 3003 3004
3 3015 3004 3016
3 3018 3017 3016
3 3004 3018 3016
3 3005 3018 3004
3 3019 3005 3006
3 3018 3005 3019
3 3020 3006 3007
3 3019 3006 3020
3 2570 3020 2553
3 2553 3020 3007
3 3022 2573 3021
3 2573 3008 3021
3 2573 2557 3008
3 3022 3021 3010
3 3009 3022 3010
3 3023 3022 3009
3 2575 3023 2559
3 2559 3023 3009
3 3024 2579 3011
3 3011 2579 2565
3 3025 3011 3012
3 3024 3011 3025
3 3026 3012 3013
3 3025 3012 3026
3 3013 3014 3027
3 3028 3013 3027
3 3026 3013 3028
3 3029 3028 3027
3 3030 3017 3018
3 3032 3031 3030
3 3018 3032 3030
3 3019 3032 3018
3 3033 3019 3020
3 3032 3019 3033
3 2580 3034 2570
3 3034 3020 2570
3 3034 3033 3020
3 2581 3034 2580
3 3022 2585 2573
3 2585 3022 2588
3 2588 3022 3023
3 2588 3023 2575
3 3024 2593 2579
3 2593 3024 2595
3 2595 3024 3025
3 2595 3025 2597
3 2597 3025 3026
3 2597 3026 2598
3 3026 3035 2598
3 3026 3028 3035
3 3028 3029 3036
3 3037 3028 3036
3 3035 3028 3037
3 3039 3038 3037
3 3039 3037 3036
3 3038 3039 3031
3 3032 3038 3031
3 3040 3038 3032
3 3033 3042 3041
3 3040 3033 3041
3 3032 3033 3040
3 3044 3043 3042
3 3033 3044 3042
3 3034 3044 3033
3 2599 3045 2581
3 3045 3034 2581
3 3045 3044 3034
3 2600 3046 2599
3 2599 3046 3045
3 2601 3046 2600
3 3035 2605 2598
3 2605 3035 2606
3 2606 3035 3037
3 2606 3037 2608
3 2608 3037 3038
3 2608 3038 2609
3 3038 3047 2609
3 3038 3040 3047
3 3040 3041 3048
3 3049 3040 3048
3 3047 3040 3049
3 3043 3044 3050
3 3048 3051 3049
3 3053 3052 3050
3 3044 3053 3050
3 3045 3053 3044
3 3054 3045 3046
3 3053 3045 3054
3 2610 3055 2601
3 3055 3046 2601
3 3055 3054 3046
3 2611 3055 2610
3 3047 2614 2609
3 2614 3047 2616
3 2616 3047 3049
3 3057 3056 2617
3 3057 2617 2616
3 3051 3057 2616
3 3049 3051 2616
3 3052 3053 3058
3 3057 3059 3056
3 3058 3053 3054
3 3058 3054 3060
3 3062 3061 3060
3 3054 3062 3060
3 3055 3062 3054
3 2618 3063 2611
3 3063 3055 2611
3 3063 3062 3055
3 2619 3063 2618
3 3064 2623 3056
3 3056 2623 2617
3 3056 3059 3065
3 3066 3056 3065
3 3064 3056 3066
3 3067 3066 3065
3 3068 3061 3062
3 3070 3069 3068
3 3062 3070 3068
3 3063 3070 3062
3 2625 3070 2619
3 2619 3070 3063
3 3064 2630 2623
3 2630 3064 2631
3 3064 3071 2631
3 3064 3066 3071
3 3066 3067 3072
3 3073 3066 3072
3 3071 3066 3073
3 3075 3074 3073
3 3075 3073 3072
3 3074 3075 3069
3 3070 3074 3069
3 3076 3074 3070
3 2632 3077 2625
3 3077 3070 2625
3 3077 3076 3070
3 2633 3077 2632
3 3071 2639 2631
3 2639 3071 2641
3 2641 3071 3073
3 2641 3073 2642
3 3073 3078 2642
3 3073 3074 3078
3 3079 3074 3076
3 3078 3074 3079
3 3080 3076 3077
3 3079 3076 3080
3 2643 3081 2633
3 3081 3077 2633
3 3081 3080 3077
3 2644 3081 2643
3 3078 2649 2642
3 2649 3078 2650
3 3078 3082 2650
3 3078 3079 3082
3 3083 3079 3080
3 3082 3079 3083
3 3084 3080 3081
3 3083 3080 3084
3 2652 3084 2644
3 2644 3084 3081
3 3082 2656 2650
3 2656 3082 2657
3 3082 3085 2657
3 3082 3083 3085
3 3086 3083 3084
3 3085 3083 3086
3 2658 3087 2652
3 3087 3084 2652
3 3087 3086 3084
3 2659 3087 2658
3 3085 2662 2657
3 2662 3085 2663
3 3085 3088 2663
3 3085 3086 3088
3 3089 3086 3087
3 3088 3086 3089
3 2664 3089 2659
3 2659 3089 3087
3 3088 2666 2663
3 2666 3088 2667
3 3088 3090 2667
3 3088 3089 3090
3 2668 3090 2664
3 2664 3090 3089
3 3090 2669 2667
3 2669 3090 2668