OFF
5656 11288 0
1.4140253434 16.1923810940 65.6377654309
1.4891422566 16.2971175422 65.0658898330
1.8334334706 15.8335995228 65.3199769372
1.6098414635 15.9088399580 65.8948159508
1.5062467352 16.2103006255 66.0939295002
1.7754579560 16.0259472467 66.2477858405
1.3172764835 16.6011094406 65.4005918688
1.4268961532 16.8350974976 64.9711576118
1.4521469007 16.7233997656 65.9157625324
1.8584568304 16.5198725446 66.4844956019
1.4157374135 17.1034648656 65.3917331732
1.5016335177 17.2383014873 64.9948907355
1.7195152610 17.4532966400 65.8592685320
1.7677136110 17.0861908445 66.2598701232
1.7581505019 17.6666504228 65.1644165492
1.4762764389 31.2336250719 46.7731122815
1.5387008383 31.3965195485 46.6471780797
1.5974568231 31.1254901247 46.6419537657
1.6107631470 31.1435106692 46.9405337456
1.5520071621 31.4145400929 46.9457580596
1.4479228596 34.2195332391 44.6649874434
1.5808009963 34.2963816983 44.5500953453
1.5473059909 34.0526564158 44.5868246106
1.4987050473 34.1167684199 44.8292697264
1.5322000528 34.3604937024 44.7925404611
2.7316988792 3.2960960489 54.0528088256
2.8247740146 3.3247129775 53.8544332215
2.7822793124 3.1282502920 54.0708850048
2.9627213125 3.2729526985 54.2614119872
2.8762808089 3.5745651145 54.0079456907
2.2446914074 7.7049934110 51.2879312918
2.4162975116 7.6013809683 50.7124410460
2.3997397483 7.1731905004 51.1437233428
2.4578954986 7.0840598252 51.5523000660
2.3428921440 7.6478337535 51.7451367744
2.6391340717 7.2555655604 52.0815516253
2.1283288357 8.5915794278 50.9916203085
2.2841188011 8.4490661239 50.3767530233
2.2395281024 8.3259513451 51.6393760634
2.5424609935 8.0007422173 52.1018533501
2.1241072836 9.3789429790 50.4056693225
2.4323267131 9.5907868930 49.7036190792
2.4348672254 8.7994333798 49.9406541317
2.0275288878 9.5585806971 51.0500682260
2.1811308830 9.2385332323 51.5622091238
2.5195350469 8.8501433825 52.0776715903
2.1138389586 10.4024744501 50.1267630021
2.4522461959 10.6164600791 49.4206078684
2.0098263384 10.3434453930 50.8061958861
2.1677044325 10.2321529924 51.4686262404
2.5346605950 9.8380532615 52.0400323919
2.1297838464 11.3657925355 49.9695997082
2.3842285245 11.6906001349 49.3915955504
2.0176793806 11.1268502316 50.5375171318
2.1616749784 11.3041669521 51.2094669482
2.6107179972 10.9970820832 51.9851115415
2.1754373998 12.1442669922 49.8602757185
2.4030403526 12.5869056940 49.4603977444
2.1205263775 12.1252057276 50.5456241029
2.2815856814 12.2138262001 51.2342450285
2.4900820941 11.9037597891 51.6957250187
2.2349102671 12.7946235182 50.0225936270
2.4647085886 13.2572298610 49.6966541120
2.2732081798 12.9858992178 50.5216722825
2.3239322722 12.7826854670 50.9770806436
2.4111417585 13.3862695685 50.1880510476
1.9113857361 16.0942821140 64.5787696745
2.2947290780 16.0322208420 64.0952361183
2.5570692273 15.6888042852 64.6272426055
2.3907442293 15.5910127912 65.4526845931
2.0386995101 15.7597582402 65.9412670244
2.2921662954 16.1135541072 66.4528198016
2.0867679524 16.5838206996 64.0433901835
2.6629680607 16.9181991529 63.4376015646
2.5023813654 16.2739105879 63.6944990588
1.6576297243 16.5766726872 64.5894560720
2.0711606203 16.3622113477 66.7021525526
1.9948175678 16.5003533853 66.7341150814
2.2261054436 17.2305762156 63.8778518412
1.8029547201 17.2431622161 64.5074157537
2.2407707509 17.7220628681 64.1006878793
1.9367715901 17.4280978670 66.2449318515
2.3353171068 17.1887942202 66.4776523089
2.2328037458 16.6411305332 66.6969650444
2.1443310174 17.9889089745 64.6140341793
2.2051482458 18.2175612053 65.1235057652
2.5733813905 18.4631500209 64.7700670431
2.1491692452 18.0612666760 65.6310161278
2.2395556579 17.7834612926 66.1305074185
2.7661151643 18.5380697222 65.3622523685
2.1902533332 30.5138066707 46.1994057958
2.2779513969 30.6879042446 45.6939173476
2.5201895281 30.2118179121 45.8967389352
2.6430900417 29.9345683339 46.5907943247
1.9836451336 30.7315890692 46.8511328029
2.4706503128 30.1808054633 47.2851760898
2.2411463811 30.6351958471 47.5526540495
2.6490709271 30.2488949132 47.7977483685
1.8388381139 31.3434451051 46.1161150981
2.2553226695 31.2543071910 45.2190008090
1.9241326863 31.4062414109 47.5444287538
2.5478158308 30.8185019955 48.1853867184
1.9336763165 32.3168445003 45.1410880501
2.3461742154 32.0794897339 44.4055132210
2.2553368622 31.7117654911 44.7896235732
1.7130535778 32.4134593656 46.0880932583
1.6724850760 32.0346612277 46.8844135176
1.8765405600 32.3570177224 47.6991784682
2.3556346297 31.5086783937 48.3764365606
2.2158855531 32.2167553525 48.3505137794
2.6777818559 31.8916605458 48.9213616850
2.1081341028 32.9505191580 44.3082737713
2.5533325684 33.2283189163 43.7012918241
2.5580822338 32.4748876602 43.9245064707
1.7017628253 33.5844983350 44.8466908995
1.7012593139 33.3152304581 45.7453517999
1.7247177732 33.1311464842 46.6840774263
1.8149893204 32.9377825031 47.4126632155
2.1431028971 33.1896092961 48.2037116372
2.7557454624 32.9285399052 49.1875758271
1.9467135909 33.9952177742 44.2160653136
2.5972289349 34.2023592820 43.5318181183
1.6874481126 34.3128303194 45.3588866116
1.8157561512 34.1200695457 46.4504941873
2.0133286774 33.9311968840 47.5040922968
2.3147912557 34.0853767815 48.3064116436
2.4954179403 33.7484173119 48.7708270700
2.2394998215 34.7519645267 43.9780900769
2.7586899191 35.2108906566 43.5328376054
1.8740649660 34.7604438405 44.6613749117
1.9565333015 35.0971474806 45.4133914363
1.9878037893 34.9898557565 46.1810728290
2.1684289046 34.9114991959 47.1267950462
2.5737532014 34.9650246776 48.1627302503
2.3811612156 35.4289645402 44.2312047582
2.2612098512 35.5860925419 45.0082788303
2.2860338392 35.6654982892 45.8636174267
2.3951229082 35.6437894463 46.7418330787
2.6118809558 35.6142443206 47.5309444369
3.1172863038 2.7792611633 54.0993286653
3.3702653833 2.6655211722 53.5870215752
3.5818839491 2.3125054211 53.9944470066
3.6601540857 2.1117473123 54.4963008968
3.4174405022 2.5139170248 54.6215446264
3.7785102952 2.2083024180 54.8306328863
3.2807336537 3.5557477538 52.6285661145
3.5164044915 3.8600956237 52.0801381259
3.7914725985 3.2698540247 52.4331775309
3.5315666480 2.9177063621 53.0431810166
3.0862647453 3.2849750423 53.3561936082
3.2277523173 2.9301560344 54.5431402902
3.6742504320 2.8183695040 54.8351766163
3.1638929896 4.3687136012 52.2719764056
3.4701163105 4.6448612335 51.5590913812
3.0521786555 4.0226744371 52.8961398990
3.0691201560 4.0968965482 53.5606554287
3.3465449168 3.9300327952 54.2438545421
3.4044874542 3.3806706006 54.6145079015
3.0117439585 5.4449802190 51.8947129794
3.1640530562 5.5140091630 51.2097970601
3.1072338670 4.9736569727 52.7860526647
3.4605286533 5.0905369396 53.4145421893
3.4913285502 4.5840555591 53.8588067395
2.7781986767 6.4625300025 51.1001658862
3.2179245976 6.2816204827 50.4705608641
3.1589921615 5.8691228012 50.8586282599
2.7883901063 6.4744591039 51.9532463811
3.0452939389 5.9205956312 52.4546588404
3.4428247113 5.9221373042 52.9677386630
2.8939109319 7.0585582565 50.2948287767
3.2903936217 7.4226658731 49.6670843173
3.2652599502 6.7547833428 50.0545853929
3.1522087190 6.8295515697 52.5568722589
2.9179647743 7.6289994658 52.4292411607
2.6629918023 7.9825003067 50.0196536705
2.9496899823 8.6949623777 49.3982553273
2.9794845350 8.3705029898 52.4723089803
2.8535561862 9.7537435592 49.1126020755
3.0292638675 9.3042657919 52.4744884603
2.8647452105 10.3937119452 48.9119789135
3.2975811346 10.4999326230 48.4928721865
3.1077307154 9.9856677817 48.7647799082
3.0877902530 10.2988448635 52.4658540907
2.7876411297 11.1666893961 48.8889690198
3.2469770384 11.6067968029 48.3852066903
3.2009141452 11.1620650734 52.4876053466
2.7578386049 12.1820410633 48.8998745840
3.2364903756 12.6854720528 48.3960294674
2.6458277453 12.7976373501 51.6072354830
3.0475442492 12.0741631682 52.2497701084
2.8035198469 13.2529826897 49.0909590391
3.2903818097 13.7148755522 48.5021458452
2.6085347496 13.6078430319 50.9188718760
2.9110375217 13.6346427945 51.7317724424
3.2039745906 13.1800865305 52.2341836949
3.0441270708 14.0956660798 49.0904781844
3.3500451599 14.5130385317 48.7657623249
2.7767442798 14.0406435683 49.9128273410
2.9279508323 14.5839888006 50.8478174011
3.0061683262 14.3508088635 51.5566873272
3.3162043140 14.0933897101 52.1847282459
3.1935056355 14.8160841725 49.4538641754
3.1134554190 15.0285530532 50.3038070648
3.1458711489 15.2138918619 50.9565661706
3.1624809715 15.0560684248 51.4510150689
3.3240160735 15.5466032108 51.3427960161
3.3991328853 14.9085779641 52.0368459222
2.6974270813 15.9149692667 63.8842352308
3.0189345989 16.2567721855 63.4315671764
3.3100044648 15.7817883289 63.9445549376
3.3009548783 15.5601442537 64.6860524954
3.0079226764 15.5450478668 65.3121555050
2.6797513124 15.6955726725 65.9444690570
2.9791117908 16.0080638690 66.2837619111
3.4489135390 15.4841195600 51.7942534494
3.3466916206 16.8787940221 62.9337293990
2.3346683014 16.4058114664 66.7110206914
2.8370771971 16.5869720779 66.5532514056
2.6179034946 17.7070459335 63.6104091951
3.1715771195 17.7403374440 63.0041403741
3.1456923365 17.2890461972 66.4820009689
2.9968716826 18.2522618049 63.4630565777
3.4000391741 18.5231470406 63.0927166406
2.6993078392 18.3131742509 64.1027638282
2.6455227518 18.2414121153 65.9126607814
3.0067095041 17.9078552892 66.2660176293
3.3364786703 18.8186129439 63.6973785992
3.3560449687 18.9069767862 64.6118423441
3.5123939133 18.7969395117 65.3549038665
3.2778521149 18.4730318930 65.8485875302
3.2077255930 29.3951001999 46.8090841570
3.1605647883 29.5010825410 46.2640228453
3.7581255751 29.0638536737 46.4375995365
3.5432004105 29.1435240695 47.1310029084
2.8253521227 30.4214479614 45.2481669719
2.8944543253 29.8608850901 45.9003252905
3.1652475174 29.6279534987 47.5535369729
3.0854916317 30.1794392090 48.2700051696
2.6578291017 31.2654570621 44.6112028899
3.2200715336 31.0344790600 44.2537801846
3.0675287267 30.7051615009 44.6635723884
3.2004024304 30.6635089582 48.8246794333
2.7459439728 31.2430636543 48.7342755470
3.1556200299 31.3739391598 49.2229550506
2.8565943791 31.7761812165 44.0296255862
3.1941568283 32.3097131933 43.5192328916
3.3869240937 31.4861240598 43.8039467292
3.1415935590 32.0678554859 49.4964885602
3.2858622921 33.3851465969 43.1003861211
3.3524769210 32.5843751125 49.9074697566
3.1421941514 33.0508714538 49.7658052921
3.4119161179 33.1343314450 50.0960619046
3.1896932921 34.5358455360 43.0124102178
2.6490181077 34.4407573940 48.7667757401
2.8844350154 33.9703889887 49.2774409556
3.1816192771 33.5177793499 49.7845371949
3.2824822632 35.3895329060 43.0102948983
2.8202122099 34.9216659538 48.7680377811
3.0593210963 34.7458509968 49.2192737445
2.8027637512 35.9033761406 43.9181740941
3.2127072737 36.0325645145 43.4103895453
2.7052329090 36.1052063428 44.5701217737
2.6855317856 36.2201613263 45.4297824176
2.7488329249 36.2529779859 46.3414873309
2.9204883406 36.2333594102 47.2312184904
3.2861965753 36.1369938371 48.2525568788
3.1339901848 35.3700344280 48.8823110846
3.1834381959 36.5157021774 44.0832032177
3.1565633868 36.7210740937 44.9480833941
3.1831725676 36.7946577305 45.8820129711
3.2880982107 36.8059967232 46.7922842241
3.4824004970 36.7809333926 47.5808979938
3.9145487855 1.8418109492 54.7807368863
3.9890774247 1.7736757234 54.6370520411
4.0690007017 1.7178881165 54.7893785878
4.1559675684 1.9893098906 54.8358154997
3.8479373283 2.4336853313 53.5522371813
4.1197939112 2.0443506336 54.2286588765
4.0580348492 2.4419324336 54.9322386776
4.1638510889 3.8338301896 51.8067732681
4.3512062428 3.1720815842 52.4344160369
4.1104736570 2.7753284485 52.9750843233
4.1633973179 2.9056481763 54.8982788886
3.9714862261 4.5519607498 51.1869092094
4.3209777015 4.9147632533 50.8418929655
4.3811331064 4.3550872374 51.2324007691
3.6115907424 3.7435900527 54.6121897037
3.9517904145 3.4823535987 54.7522512877
3.6382402223 5.4037143641 50.7714498593
4.2571407378 5.5610621409 50.4073768567
3.8401527872 5.0641719374 53.7522596385
3.9702908915 4.5421515353 54.1322250361
3.8535569003 3.9975175511 54.5134138494
3.7996407444 6.3582461012 49.9731219349
4.3800215472 6.5681756914 49.5283960631
4.5857573578 6.0159716697 49.9875289377
4.2785793960 5.1291848216 53.7645633296
4.0979287131 5.7341432451 53.3729166027
3.9976475138 7.1623695679 49.2893005167
4.3196453252 7.6652719015 48.8126959425
4.6804022301 7.0460822877 49.1059452849
3.4675663952 7.7503771013 52.7448631474
4.0143853167 6.9033428419 52.9916428055
3.7045673174 8.1052878292 48.9864093149
4.3203405027 8.4708685587 48.4064027212
3.5998301435 8.7206257165 52.7781520488
4.2130033424 8.0911153804 52.9506789918
3.5170719554 9.3421568576 48.6401271644
4.1641291068 9.2825568275 48.1448866173
3.6630978128 9.7151371197 52.7825477127
4.2986248213 9.1284166038 52.9526992175
3.9354042832 10.0141503615 48.0952868897
4.4941388769 10.3126898825 47.6986407636
4.4648161815 9.6147717111 47.8580557290
3.7112733605 10.6963250478 52.7796359198
4.3419770329 10.1430810746 52.9550390293
3.8423055135 10.9787362578 47.9716266262
4.4871313706 11.3014708301 47.5139788942
3.7247356768 11.6688400802 52.7373220532
4.3791867396 11.1574792257 52.9519689342
3.8045182121 12.0547959269 47.8718556524
4.4834284656 12.4752048679 47.3145724959
3.7421559403 12.6780093669 52.6895366905
4.4277869908 12.1913348389 52.9512841886
3.7749631073 13.1952587576 47.8821914218
4.3077636714 13.7409300381 47.3722625675
3.7970920220 13.6749448250 52.6638686691
4.4370288325 13.2026485871 52.9625037006
3.7720953457 14.4293129380 48.1061650184
4.3052012036 14.8643361215 47.4834590691
3.8557447534 14.6169077342 52.5796552223
4.4509737400 14.1469471670 52.9568574068
4.0094063585 15.5007416078 48.1456581026
4.3439489628 15.7152586895 47.6679328216
3.6207958645 15.4017982618 48.9569244703
3.4420690824 15.6471140810 49.9692432714
3.3751495504 15.6855122425 50.8094441648
3.9254143741 15.5745723575 52.3312851703
4.5350600220 15.0745268250 52.8862572966
3.7911410496 16.2412882544 63.1778159325
3.9809435478 15.8465591197 63.7558953635
3.8854227566 15.6955196235 64.4234124058
3.6897283810 15.6509404248 65.1823297145
3.3600309028 15.7555195569 65.8295553223
3.5832868009 16.2401654394 66.1634917887
4.2109181879 16.1758799769 48.1269012678
4.0053926850 16.3644628025 48.8140806822
4.2877956797 16.7318606880 48.4235519786
3.7998808466 16.3789838998 49.7280986325
3.7276837588 16.3720709065 50.6777339854
3.6978831679 16.0772124963 51.5616627725
4.2578131809 16.4891276787 52.2086479018
4.6968214253 15.9933949639 52.7644491526
3.9954761320 16.9270809708 62.5085973835
4.5666485570 17.0933137742 62.1497612858
4.6102839512 16.5368164418 62.7552367928
3.7221676354 16.9375052288 66.3097717800
4.2411846714 17.0743220327 48.9307568201
4.1272715721 17.1002811816 49.5505527284
4.4050217696 17.5717303579 49.3143524754
4.1214748287 17.1400415238 50.4419634904
4.1999674009 17.0043629440 51.4602480761
4.5652245656 17.1101333899 52.1449658864
4.8800407721 16.7879382751 52.6023118616
4.2190318545 17.6884542910 62.0014787160
4.6766504063 18.1951917942 61.5084859689
4.8757661550 17.5732118017 61.7062224228
3.6661670284 17.5014337612 62.5001624478
3.7540956199 17.6657743217 66.2854879970
4.4805840261 17.7864531570 50.0505932284
4.7326254229 17.8539851170 51.0727220515
4.7609411916 17.5378290541 51.8361865809
4.2763608103 18.3998281069 61.7921118377
3.8356343618 18.4240619996 62.4124124049
4.3110101583 19.0110764206 61.8978859550
3.7139763670 18.2131440363 66.0954989933
4.1490602086 19.2578902216 62.3845530608
4.4927277548 19.6193524006 62.0737927717
3.9136641248 19.2119012384 63.0704572098
3.9552288159 19.3687996828 63.9218795865
4.1795828016 19.3325769866 64.4886182037
4.1608262807 19.0362852114 65.0267732256
4.1084689505 18.6009239790 65.6505899296
4.4803578792 19.8346815465 62.6427525233
4.6246668387 19.8813578614 63.4484383785
4.5865086330 19.6379350815 64.1164999237
3.5162988947 29.5876595625 45.5816466902
4.0875782542 29.4959043779 45.0565359280
4.4277926938 28.9612859977 45.5613594306
4.5916089967 28.4638745769 46.4241435183
4.1069139485 28.7444277830 47.2428882764
3.6578938435 29.1205255012 47.4983040293
3.9096550362 29.1290177426 47.9606950979
3.6439956803 30.2042749545 44.6765244893
4.3848622319 30.1434303503 44.1874487693
4.3219959296 29.6870740713 44.6315970759
3.6222475950 29.7311469145 48.4212533882
3.4344696732 30.1562093825 48.6650678908
3.7852337428 30.1483690306 49.0413837245
3.8376233487 30.8317882003 43.9779566186
3.9516330614 31.4859744886 43.4723329039
4.5167700694 30.7171318182 43.6633221492
3.6929670709 30.8556611459 49.4780835525
3.5680496894 31.5768987730 49.7569925936
4.0254489022 31.1888314285 50.0702945551
4.0291009120 32.3246116854 42.9822825981
3.4804655200 32.0515316470 49.8801574259
3.8755850578 31.9974779365 50.3108740228
3.9566807187 33.1276670023 42.6773423041
4.3915577059 33.3625900285 42.2924586564
4.4185108802 32.6604686914 42.5478612563
3.7868278858 32.8510369691 50.4889881005
3.6892106219 33.6613065429 50.4113890819
4.1003041739 33.2834065354 50.9816841152
3.7791044244 33.9647595942 42.5875578342
4.3168395943 34.4124910001 42.0380232832
3.3700523909 34.2991966176 49.8290797176
3.8530076690 34.5417000355 50.4369490354
4.1631835939 34.0460251916 51.0562293056
3.7159323500 34.9881999927 42.5503335520
4.1696747301 35.5095616110 42.0718003545
3.6340586470 35.2732698851 49.7328389253
4.0604026121 35.1937206591 50.4909819761
4.2190814030 34.7816113985 50.9569768193
3.7430663683 36.0533566114 42.7271005735
4.2414234738 36.4771066598 42.1198860527
3.5893754389 35.9333036570 49.1210562073
3.9294071971 36.0566842448 49.6087762881
4.1512807006 35.8316535841 50.2148851888
4.0504252049 36.8751110237 42.6867588998
4.3801831949 37.2249852939 42.3024428005
3.7369987212 36.8839336395 43.4304665957
3.6666302538 37.1902141054 44.4223338480
3.6662049716 37.3056911203 45.3922418575
3.7285131309 37.3384782570 46.3453197469
3.8859534227 37.3344265591 47.2498936873
4.2122315159 37.2873505150 48.2931479862
4.0477807856 36.6286963177 49.1364159771
4.2694614929 36.4303943555 49.8539553178
4.2850596404 37.5256770468 42.9722252464
4.1940571996 37.6979545588 43.8917485154
4.1721939860 37.8139165267 44.8837322226
4.2022018844 37.8572691641 45.8666410501
4.3019712069 37.8657849375 46.7926332822
4.4799727201 37.8568726417 47.5869021897
4.1862439227 1.7956987694 54.6626548289
4.4314070968 2.4510963661 53.6085057816
4.6219162188 2.2785328340 54.1354156276
4.4587684793 2.0893167365 54.5550744915
4.5014513113 2.5609619145 54.7387625900
4.5377037870 3.4280328971 52.1713077843
4.7327126432 3.2850430985 52.5131353949
4.6594089578 2.9255112487 53.0230522846
4.5289829436 3.3021281848 54.6652582881
4.7157636962 4.6504522146 51.0753937731
4.7431755743 4.2170536370 51.5654093759
4.7860759884 3.7214940605 52.1512218347
4.4146116394 4.0324331917 54.4264131072
4.8549825887 3.7266255021 54.2950694726
4.8684346191 4.2256533779 54.0620054855
5.0087326576 5.3838531389 50.7092435608
5.0465325050 4.7055642523 51.3351145854
4.5995883946 4.6959844675 53.9574808966
5.0063444948 4.6297684719 53.6384514558
4.8351223896 5.3695719810 53.3684140856
4.9670570104 6.4631765331 49.5650471242
5.1634011783 6.0336875880 50.0501916110
4.8410511696 6.4309626815 53.0338379614
5.0341531714 7.7030018681 48.5744041306
5.5270572736 6.9649230398 49.2330224591
4.8911399001 7.5118564764 52.9373568953
4.9638892265 8.3686637330 48.1174162085
5.2543610219 8.7151298195 47.8590700578
5.6019905027 8.1536290530 48.1450910720
4.9594247678 8.5572081209 52.9414389707
4.6997285810 8.9733717983 47.9474387147
5.1487370671 9.4780403652 47.6537987694
5.0027100551 9.5708920320 52.9550083840
5.2533480709 10.4579694412 47.3785432700
5.0481014610 10.5890852369 52.9630929108
5.2615961670 11.4951750135 47.0852491262
5.1274378718 11.6306311706 52.9803978577
5.1221938816 12.3361890863 46.8856699674
5.5893988634 12.6432122765 46.5817411942
5.5814677153 11.9520241468 46.7669150274
5.2928720448 12.7735436672 53.0309492956
4.9330985990 13.1824721568 46.8562783196
5.5517547225 13.6684281207 46.3671435036
5.0670455615 13.6893956535 53.0939913756
4.8285647998 14.2899838230 46.8699827127
5.3351916053 14.8217177240 46.3968035512
5.2083486724 14.4956700533 53.1186753893
4.7858873412 15.5161235227 47.0549843480
5.3406696369 15.8883981010 46.4884498453
5.3386664600 15.3955204621 53.0971311768
4.3715863265 16.0775983035 63.3942613423
4.4731878331 15.9528860631 64.0504252006
4.3765418716 16.0104321119 64.9788941884
3.9335367434 15.9569570835 65.6568372449
5.0139678538 16.5512652413 47.0850326256
5.3841854142 16.7358899568 46.6548865182
4.5672751288 16.5141320041 47.7754125870
5.5920874284 16.3225149399 52.9998191923
5.3295350192 17.0761543673 62.1824758102
5.3477170407 16.6248363640 62.8659478894
4.9380037848 16.2812649600 63.4670094204
5.0708341961 16.3612362982 64.3564175999
4.8579100891 16.4920904685 65.1425272844
4.9465176447 17.0306657309 65.4475612266
4.3252043195 16.5294174805 65.7555793564
5.2212760368 17.2223217450 47.0881807610
4.9524599536 17.4228476910 47.7410015885
5.2747822212 17.8045456301 47.3973586848
4.5771300421 17.4215162027 48.5811042624
5.4690294120 17.0493773800 52.7518033011
5.0963740478 17.3916034412 52.3566841399
5.2783178951 18.1334871031 61.3103291011
5.4383693528 17.6207288511 61.5920862577
4.3938480053 17.3355530875 65.9846851202
4.9436856870 17.7469542144 65.5761666964
5.1853584212 18.1589260111 47.9095725054
4.9874480311 18.1739718272 48.5099566122
5.2877929967 18.6936294101 48.3347172506
4.8181813167 18.2417651218 49.4178402754
4.9968258840 18.4824451305 50.3970247611
5.4313299741 18.6233533722 51.1796566659
5.5476090418 18.0196323891 51.9703262717
4.5923797264 18.7795722053 61.5210607492
5.0972059879 18.8514206426 61.2330651740
4.3246633661 18.0356548875 65.9543034676
4.7693807070 18.3286797935 65.5715778368
5.2368744291 18.9013969782 49.0541764730
5.2910690840 19.0348838329 49.9029173039
5.4849191762 19.0804778096 50.6177424236
4.8299823667 19.5260161743 61.5498830265
5.4777747097 19.7868221691 60.9986213199
4.8806121438 18.7842590885 65.1589041907
4.9543649546 19.3487322930 64.5751775872
5.2096217682 20.2630825116 61.4313178323
5.5436874740 20.6241900619 61.0970830761
4.9840119251 20.2798750860 62.0716152294
5.0836662532 20.4042946081 62.8645201579
5.3322165095 20.3143111329 63.4121494944
5.3390545337 19.8980471537 63.9512882576
5.5101799923 20.9376070339 61.6295375936
5.7226249449 21.0198126210 62.4230993792
5.7003346967 20.6802450986 63.0768394184
4.8088224234 28.1115699346 47.1283934784
5.2299923361 27.8300762302 46.5377309754
5.2132116928 27.6571844495 47.0325096830
5.1583441470 27.6805213529 47.5727315140
4.6216648063 28.4399597338 48.0325279310
5.1518848685 27.7999057807 48.4217771741
4.8916455448 28.5334464989 48.9960983679
5.2216606464 28.0001705483 49.1678504319
4.5917944790 29.2700876974 44.9021307265
4.9303079823 29.5145200398 44.4234173821
5.2267178790 28.8866823388 44.9183818550
5.3534501272 28.2157925216 45.6897580401
4.3046663129 29.3361237185 48.8889024195
5.1205531637 28.5371319417 49.6233295775
4.8480742166 29.2938793331 49.8217337425
5.1828127081 28.8824309092 50.1751495866
5.0829920661 30.0632490574 43.8680792869
4.3230240355 30.3031733373 49.8442088886
5.1093521827 29.4584501159 50.5345938238
4.8689745852 30.1476684461 50.6096349539
5.1824508493 29.9043915502 51.0812063828
4.8346175646 31.3041956601 43.0957963108
5.0244521396 30.5851896530 43.4922201674
4.5519519305 31.3014996401 50.8875926078
5.0612040855 30.6613592783 51.3960855052
4.6876906247 32.0882740516 42.6750737545
5.0918962675 32.4928521903 42.2088287373
5.0878142803 31.7683213577 42.6310309559
4.2906654498 32.5096847524 51.0727724988
4.9870944388 31.4048252466 51.7519313628
4.8184308951 32.2787092406 51.8940249177
5.1832704265 31.7398843955 52.3920527357
5.1422915324 32.4278554807 52.6457646503
5.3871233270 32.0830999350 52.9749754644
4.8880947443 33.6135193849 41.7894648135
4.5539261131 33.4378304502 51.7050220416
5.0143207788 33.1708498830 52.5597366834
5.3852197956 32.8496684137 53.1818251117
4.8475783431 34.3972990153 41.4797791134
5.2898271444 34.2791505818 41.0802322595
5.1446702524 33.8691245035 41.4167546158
4.5742463825 34.6619854567 51.6277054266
4.9537379044 34.2042371013 52.4512512195
5.3509803017 33.8202321860 53.1884154895
4.9901607356 35.1871089896 41.0574117503
5.4836890761 35.5107269217 40.3541859509
5.3828546617 34.7964746371 40.7295391193
4.5603637250 35.0926637204 41.6098085801
4.4652664682 35.5044041709 51.0279224685
4.7420922039 35.4211900006 51.6533921517
5.0111055687 35.2939592107 52.2636207599
5.3523278691 34.8338462898 53.0614950738
4.9894665662 36.2975605399 40.8605091176
5.3537860148 36.7169952379 40.1613270365
4.5796789384 35.9519421837 41.5177508800
4.5952453876 36.3856440623 50.5369734704
4.9975526246 36.2196148370 51.5619842381
5.2577560168 36.0392270906 52.3561454527
5.3826685764 35.6305305987 52.8504239075
5.0589571270 37.3072151305 40.7393014969
5.3345716555 37.6572583047 40.1300290661
4.6889300104 37.0617547381 41.5608197625
4.4722570311 37.2258754163 49.0832434322
4.6735204422 37.0780439227 49.7924722621
5.1095481409 37.1089677974 50.7458391420
5.5954538261 37.2734704199 51.6421561057
5.4136225648 36.6057568475 52.1558823335
5.1941517926 38.0137559089 40.6343083107
5.3894442571 38.3465929212 40.2661169384
5.0238089626 37.9935490617 41.2911564681
4.7741028325 37.9816257534 42.2794507859
4.7118361309 38.2343888841 43.3508991360
4.6860401907 38.3341833297 44.3661569242
4.6965042460 38.3750593916 45.3725979535
4.7584519102 38.3863068187 46.3401544476
4.9064341206 38.3839132773 47.2461048407
5.2045622911 38.3676412260 48.2792667804
4.9936089902 37.7974422855 49.1608075295
5.3164185066 37.7673008058 50.0990308325
5.6291069298 37.7866874208 50.8746109213
5.3426300707 38.6495519131 40.8776206413
5.2795012359 38.7685523431 41.7745028828
5.2194854271 38.8154959365 42.8038502159
5.1998477677 38.8720757917 43.8428129990
5.2016264293 38.8976219017 44.8664638505
5.2349658917 38.9051074505 45.8610658272
5.3275473224 38.9022955712 46.7871745192
5.4885148349 38.8933655143 47.5714767953
5.5127734560 41.5691400118 37.4149587833
5.5749281677 41.7103951524 37.3052810822
5.5725887285 41.4398730476 37.3088022064
5.5804532547 41.4608498878 37.5522590160
5.5827926938 41.7313719926 37.5487378917
5.4890534955 45.1076109741 35.0671685001
5.4722209174 44.9774700848 34.6634088968
5.5309091096 44.6325923584 34.9453595986
5.6075648127 44.6974681117 35.3915060783
5.4797840720 45.4057816041 34.6632818936
5.6694228007 45.6425666248 34.2845544098
5.5742514961 45.2062738959 34.3158731808
5.5590715017 45.5564854238 35.0509796807
5.8285211935 45.3715209978 35.6582857187
5.6918320183 45.8713850799 34.6945579756
5.8044402382 45.8894231575 35.1788307941
5.4398692715 52.5604584090 65.5765128778
5.7261440920 52.1100891678 64.8755457740
5.7730445906 52.0243884097 65.5192621151
5.6626045468 52.2080379963 65.8714146958
5.3451044694 53.0442494883 64.9309067951
5.5290528355 53.2181347275 64.1901940575
5.6135770160 52.5478771482 64.3084505773
5.2452261678 53.2698570657 65.6196505977
5.5569373003 52.5200752784 66.0496808692
5.4309796747 53.0570724184 66.0733189200
5.8289145344 52.7109143284 66.3605557587
5.3467126818 53.8177909306 64.6594484761
5.5220544675 53.7421241135 64.1644473554
5.2278189813 53.8908003015 65.3881472222
5.3398599796 53.8520037045 66.0408106224
5.7497678312 53.5220846022 66.5219470527
5.6419436048 54.2788569103 64.2727278890
5.4048898875 54.6100994151 65.0934019030
5.6080701532 54.7992271268 64.6584844088
5.3695202127 54.6307165030 65.8656130630
5.6523321956 54.6177189774 66.4546837216
5.7940136188 55.2485354699 64.9401693979
5.5950010817 55.2596355629 65.6550022925
5.9660691067 55.6794454948 65.4577649720
5.6684817975 55.2250129227 66.1802948257
6.0311832778 55.7117337468 65.9809465353
4.8994813171 2.8001080139 53.7510448155
4.7812288661 2.4913243699 54.3521300715
5.0586374267 3.5199150959 52.9804236406
5.1130754425 3.3007564849 53.6982331561
4.9298153533 3.1208192724 54.2419295793
5.2003241985 4.4142129343 52.1437295730
5.2531132257 4.1535656220 52.9302133034
5.1353008241 3.9281776597 53.6438404042
5.3654841578 5.0960557359 51.4565763402
5.5521396038 5.3333804024 52.0377037874
5.2781410208 4.8256958214 52.9253082479
5.5175732207 6.4156835291 49.8091072226
5.6781582694 6.1013060868 50.4177665616
5.7490074831 5.7963533221 51.2566362763
5.8563733125 6.0052653681 51.9073577577
6.0447705212 6.6567235962 52.0736004633
5.4776604539 5.9513425149 52.5972206605
5.9499839351 7.5549948457 48.6707432342
6.3608059242 7.1807065266 49.2913309389
6.1665813088 6.7207092630 49.9997493911
5.5703373083 7.0383609082 52.6342259816
6.3242449632 7.6617395435 52.1473285593
5.9173441615 8.7869558574 47.7976281571
6.5342226346 8.1113032329 48.3131819762
5.6209464551 8.0467146247 52.7075462541
6.1877223577 8.5412427310 52.4705421765
6.0487292772 9.6379404275 47.4672792893
5.6466734236 9.0116438201 52.7765861356
6.3319176222 9.3820360354 52.4862347248
6.1948219051 10.6299439415 47.1320533879
5.7072803579 9.9928115332 52.7964455604
6.4378104652 10.3832140629 52.5246816911
5.9554333476 11.4337266781 46.8497666074
6.1921332964 12.0002137860 46.6010676383
6.6934771691 11.2955254284 46.8289052094
5.7917150376 11.0107083709 52.8181839330
6.5928444048 11.4140893352 52.5707261975
6.4283389777 12.8976955571 46.2510048944
5.9389875717 12.0267662021 52.8621795252
6.8239327625 12.4532719139 52.6643355220
6.1528082730 13.6698102661 46.0012959578
6.4518954353 14.1128206654 45.7781195384
6.6254498226 13.5275589499 45.9199237338
6.1418613121 12.8558924226 52.9295011965
6.0311383058 13.7919411397 53.0801649154
5.8985639029 14.3612731550 45.9791339460
6.2907005766 14.7776895865 45.7435563655
5.9419550981 14.7868676770 53.1812164224
5.8341417602 15.2953121811 45.9989449604
6.4515620680 15.5721529105 45.7073040068
6.2356630741 15.5284345190 53.1895728670
5.8897013303 16.4530550948 46.1299234455
6.6561359990 16.6134725180 45.6754378635
6.4983949400 16.2208550069 53.1644473467
5.6894549276 16.8683192378 62.5843772891
5.8190817089 16.8080195089 62.9490498173
5.5923519609 16.6254479294 63.5703836115
5.6355945205 16.8540306822 64.2828716494
5.9150489474 16.9014458067 63.8182187219
5.2649014648 16.7881464260 64.8749304319
6.1988338023 17.5552610678 46.0955033472
6.9245503731 17.7383227586 45.5906188386
5.6054283630 17.5751407464 46.7683913827
5.7300011603 17.4885178890 52.5688705002
6.3044570100 16.9844810460 52.9506900425
5.8214853619 18.0286836866 61.3412590053
6.0054520484 17.6066622072 61.7910960254
6.1787985458 17.2438757759 62.5634955239
6.1028720671 17.3391888435 64.0360272566
6.0117168667 18.0272122162 64.4970924493
5.5256521196 17.4114178008 64.8909396625
6.4086648566 18.3486357799 46.0221571000
5.9689074650 18.6590103268 46.7029639721
6.4029149490 19.1688378012 46.1918982194
5.5132740771 18.5859888407 47.5997975453
6.5176294481 18.4553871253 52.2453762321
6.0104641992 18.7393790552 51.7147244690
6.4502834191 17.7648886500 52.6138791268
5.9619640576 18.8486028612 60.9564635550
6.4880281957 18.2069892261 61.3853459254
5.3639183848 18.2134920454 65.1186099366
5.7323283713 18.8358889440 64.6051047578
6.1174917494 19.7781162974 46.8317117238
6.5206286457 20.1105965610 46.2706234306
5.8305630006 19.5998292550 47.5762734226
5.5993601504 19.4888273461 48.5609803212
5.5568707396 19.5309508305 49.4797865971
5.8014217198 19.7292379785 50.2891570993
6.0327794787 19.3781748228 51.1956306486
6.0610798617 19.7684844903 60.5652262469
6.4306456615 20.1938650958 60.1880507445
6.6579837399 19.4954091024 60.4135399972
5.7288435391 19.4810735153 64.2906449890
6.2734202852 20.6977072749 46.8745430829
6.7122396883 21.1237799245 46.3019171670
6.0281596711 20.4007747503 47.4349556667
5.9680499972 20.5633871670 48.3130038874
5.9224094534 20.3089244520 49.4600785473
6.1438013178 20.4431983935 50.3108013529
6.2392338994 20.1357266394 50.8772974053
5.9615040903 20.6331645296 60.5516479420
6.5491769067 21.0295901757 59.8554747043
6.0948206852 19.8138798868 63.9424464924
6.0838583206 20.3459466581 63.5152095181
6.4177036486 21.4508879819 46.9138618510
6.7245688007 22.0608446444 46.6210613719
6.1915513570 21.2465986246 47.5859039542
6.1846693781 21.4441983266 48.3657205002
6.1768279839 21.2150967741 49.1628924529
6.2363606025 20.9576294125 49.9731641850
6.1971321545 21.6403326379 60.4012573887
6.5381397813 22.0093327189 59.8043051551
5.8723063338 21.3587130796 61.0544549887
6.1418030409 21.7833983126 61.7683340295
6.5690073230 21.6418847061 62.4261198362
6.4730399543 20.9695902689 62.9724541328
6.4328544350 22.0419306256 47.3202893597
6.3048073170 21.9192744168 47.9814382615
6.2959776703 23.4791916460 52.1686132722
6.3047439579 23.1185380518 51.3289727438
6.6042329148 22.5244751368 51.8994613702
6.5796724027 22.9812159507 52.5023646510
6.3888719185 22.3558344154 60.3077495286
6.6577518875 22.6882978467 59.9257766866
6.3176669231 22.2931941838 60.9687598599
6.7788838252 22.6103511890 61.6424139152
6.7173119892 22.2006714136 62.0888303616
6.0643832324 24.4564100977 49.1641298241
6.2387466513 24.2980208554 48.2958694741
6.2769043850 23.7696558698 48.6541376812
6.2175163343 23.5482927169 49.4748053535
6.0271534196 24.2160790492 50.2416611504
6.2248640836 23.3046009036 50.4734880681
6.0559311355 24.0392086391 51.3588299791
6.0504436048 24.3274242891 52.3200840019
6.4880228502 23.4355959071 52.8132594865
6.2940294523 24.1695485151 53.0832522313
6.7359337885 23.5980765932 53.4278898683
6.6463276341 22.9187557201 60.4891352966
6.7686923218 22.9757564269 61.0628925501
6.0449866435 25.1916972400 48.3607774595
6.2619537127 25.4691449219 47.3852702386
6.3464854836 24.6206382155 47.7101360045
5.8808764762 25.3610260547 49.2798266783
5.8685786666 25.1544146382 50.0781224416
5.8651717763 25.0422067086 51.0782224941
5.8877424606 25.0474758015 52.0848947093
6.0012893703 25.0823648437 53.0259208622
6.6043804003 24.3171562549 53.9509299316
6.2617533031 25.1090325388 53.9719745080
6.5910845538 24.8626006622 54.5177378231
5.8309452359 26.3212445681 47.9213863725
6.0953628071 26.2501335591 47.0729387734
5.7640700274 26.1624168389 49.0226320565
5.7509101876 26.0954480422 49.9892959885
5.7620690450 26.0206854846 50.9518184740
5.7850542515 25.9887072690 51.9452161400
5.8564601898 25.9898923802 52.9149873439
6.0256655053 25.9957378807 53.8237384424
6.4554824104 25.4079382855 54.7157717076
6.2882825979 26.0098419604 54.6101372312
6.5839013070 25.8977486121 55.1424084098
5.6804888224 27.0749789481 46.9917062252
6.1814395891 26.8647412968 46.2878047926
6.1331838623 26.5322712890 46.6893250517
5.4691246012 27.1792274795 47.9361814190
5.4980496349 27.1970654944 48.8839942255
5.6128871115 27.0763357129 49.9171713797
5.6830347840 27.0208401435 50.9009279828
5.7325269329 26.9813227152 51.8790645712
5.7995289621 26.9595748399 52.8371920097
5.9394263538 26.9389224423 53.7395316174
6.1876504988 26.8776310683 54.5347070224
6.6016011067 26.7776368407 55.2588876837
5.8005766534 27.4882242003 46.1192039458
6.1610698074 27.6100119738 45.5312705242
6.2103806171 27.2263481088 45.8804610317
5.3820623606 28.0984656955 49.9369108174
5.5651121547 28.0477080083 50.8989275536
5.6832800652 27.9981791262 51.8622885421
5.7758652157 27.9313475589 52.7798729262
5.9169872313 27.9095339863 53.6481477865
6.1677806756 27.8447491974 54.4510162319
6.4630927296 27.6187405984 55.0437578676
5.9710746298 29.2114614383 44.1263761940
6.1065413766 28.2555992986 44.9247434932
5.3636776263 29.0840172244 50.9193449881
5.5876534767 29.0489161397 51.8745076045
5.7597775266 28.9346576485 52.7919416344
5.8926121342 28.7212486216 53.4990395801
6.1711543131 28.9315613486 54.3150957687
6.6249926834 28.6356554069 55.1150668336
5.6470589825 30.3432146206 43.3734489160
6.3114464207 30.3864188482 42.9951874690
6.5276756080 29.7058006583 43.4427106755
5.3958735042 30.1456751712 51.8712911473
5.6929483702 30.0252274731 52.8197596118
5.9859732039 29.7663238981 53.7496024902
6.3140565703 29.8896877822 54.5068087745
6.5514913565 29.5337199292 54.9153102436
5.7433152895 31.2830838842 42.6010132314
6.4256831805 31.3329395979 42.1485426228
6.6188558407 30.7031258006 42.5597241781
5.2442501861 31.0355069131 52.0681076398
5.5145823172 31.1795740367 52.8064830028
5.9148931996 30.9568261493 53.6595905147
6.3043743239 30.7045962604 54.3982315104
5.9798537900 32.0830456435 41.8755222090
6.3770507485 32.4870145911 41.3592785449
6.7415457199 31.7390230845 41.6747171171
5.7742945736 32.1668629015 53.6325330349
6.2797300260 31.7556497074 54.3594188714
5.6166355726 33.2596934494 41.3794627694
6.4267756419 33.1526048372 40.8882515378
5.7792616660 33.3610664432 53.8023832901
6.2539206845 32.8572439551 54.3869446968
5.9086344038 34.2398196343 40.5682025836
6.6242265746 34.2489334126 40.0415082868
6.5923108649 33.6488512497 40.4448666195
5.7780849378 34.4342801446 53.7739163881
6.2504227807 33.9451783460 54.4209272551
6.1578203181 35.1079111851 39.8565815733
6.4774014935 35.5970671892 39.3162537140
6.8392712940 34.8522911808 39.5310227030
5.8006719347 35.5527734545 53.5560419457
6.2649869523 35.0194431929 54.3800050076
5.8917402113 36.2722106856 39.5318485663
6.4580099807 36.3688145506 38.8684461384
5.6352111981 36.3595682785 52.8354980554
6.0427937789 36.4805971916 53.5232879330
6.3169369928 36.0300716120 54.2357448356
6.0109817184 37.4365661232 38.8451483392
6.4463982318 37.4805979677 38.0967806666
6.4197953819 36.9495960604 38.4867110080
5.6054893698 37.2601768872 39.6089126672
5.7358242674 37.0190002879 52.3783799252
6.0066563365 37.0397260660 52.9456176442
6.2575074046 37.0578788251 53.4854044790
6.3768100492 36.7535655132 53.9803966325
6.1208813386 38.4721931815 38.0571922877
6.4904673412 38.7345449510 37.1696557396
6.4658269575 38.0271571582 37.6609199188
5.8437438866 38.5781530316 38.8484476796
5.6204533215 38.2423015423 39.5859015739
5.4629414632 38.3658858003 49.0305101349
5.6578295350 38.3584095751 49.6269389732
5.9361119310 38.3513638555 50.4586945189
6.3140334609 38.3235085411 51.4900790965
6.1615756383 37.6729601052 52.3808851960
6.3362280125 37.4875398857 53.1170268425
6.0144320459 39.7539044911 37.5348517348
6.2802925195 39.6882031995 36.7561985586
5.8721460147 39.4628574510 38.5255192519
5.7628770276 39.3036557672 39.3916946231
5.6064191857 39.0736963986 40.2232466571
5.7222963962 39.5490891785 41.1573784898
5.7123252738 39.4796767915 42.2790262080
5.7110280398 39.4455261916 43.3222251088
5.7126152417 39.4318598251 44.3549014298
5.7287369180 39.4263004602 45.3690962005
5.7821005859 39.4175757149 46.3361662754
5.9044096085 39.3996948030 47.2276038532
6.1615352088 39.3818862793 48.2165015296
5.9867827967 38.8975487485 49.0912417042
6.2713978602 38.8982985632 49.9748335179
6.5153863320 38.8843002871 50.7351079765
6.0329579871 40.5742202261 36.6551228240
6.3529134723 40.5281140916 35.9472477615
6.3164526463 40.0421175184 36.3629862553
5.7478267914 40.9814711142 37.4614859433
5.8473711365 40.5404907241 38.3207996359
5.8614788157 40.1675489548 39.1207558296
5.9366487706 40.2383898509 40.1237926020
6.1059396289 40.3500963364 41.0168594194
6.1634318859 40.1974720406 41.8092394011
6.2188451627 40.0845437182 42.8128371982
6.2265308485 39.9927765303 43.8464878880
6.2339422096 39.9556137001 44.8685437891
6.2587125927 39.9358168731 45.8631865773
6.3179120286 39.9038785996 46.7797574403
6.4100616285 39.8509246587 47.5197643392
6.0452533541 41.6391222641 35.8576950333
6.3973256717 41.5654722811 35.0331232392
6.3701404934 41.0426521753 35.4947430089
5.7440672093 41.5785190972 36.9066566981
5.7928471556 41.6621361438 38.0664974440
6.0557999179 41.2462136080 39.2352421916
6.2844292304 41.2336335957 40.1450906321
6.2674386547 40.8541060447 40.6646171569
6.0896920231 42.6214632291 34.9088256548
6.4240889828 42.7908255006 33.9942909406
6.4083814440 42.1181489907 34.5310015418
5.8628242610 42.8332424641 35.7231971670
5.8119222037 42.5230533244 36.5143377240
5.7650006351 42.2987261591 37.4292955183
5.9486610984 42.4949712674 38.0914214182
6.2648790051 42.5450620375 38.8211066224
6.7059351967 42.2267143820 39.9634019548
6.0055622038 43.6499311551 34.2644296560
6.2519955683 43.6967584231 33.6128743560
5.7510924629 43.8754179992 35.2228758984
5.8272169375 43.5635649263 36.2470516120
5.8971329531 43.2478419994 37.0358304910
6.2135172658 43.4261542932 37.9609907682
6.7924575701 43.5925846032 38.8812814589
6.7666719815 43.0325533916 39.3926757468
6.0510388310 44.4063912668 33.6558019619
6.2909817358 44.9351203461 33.0063202572
6.3364577078 44.1763469910 33.1637199459
5.7018121834 44.5833998428 34.3777383724
5.8098729269 44.5073555612 36.0028743642
6.1247611128 44.3545091941 36.9919175611
6.6418722471 44.5563821118 37.8675289548
6.7304737263 44.1411903055 38.3733373032
5.9436525990 45.4002574367 33.7347223784
6.3652144947 45.8603221594 32.9078007474
6.0941327360 45.0786893584 36.4226523816
6.3842565479 45.1824627041 36.8982161653
6.5467802449 45.0045115554 37.3443506364
6.2832581819 46.2239692501 33.4778170088
6.5894113779 46.5964445258 33.0194892626
6.0876113350 46.1958064306 34.1854454714
6.1231500232 46.2877251211 34.9205713922
6.2725114438 46.1097833278 35.5819907867
6.6206952977 45.7650771727 36.4777602771
6.5781705174 48.1934594952 29.9354450282
6.6532649025 47.9606716255 29.5856474264
6.6521653029 47.6842815618 29.8886922551
6.6612916823 47.8388814910 30.2839089791
6.7357712323 46.8751547175 33.7617808430
6.6956322647 46.7368632825 34.6723195519
6.6538604199 46.5557284345 35.3082421603
6.6782487440 48.4522044627 29.5391464880
7.1590164248 48.7235917240 29.1248733020
6.9064932119 48.0797228910 29.2486160901
6.6407726740 48.6605743935 29.9103732652
6.8257754588 48.5248736222 30.4730808453
6.8470515197 48.9678655047 29.6252640205
6.8456791839 49.0060676183 30.0562805892
6.3857036896 51.2488472558 63.8321894194
6.7442225888 51.1280624491 63.2307953576
6.9573038203 50.6502381181 63.6693918100
6.6831821482 50.9240666982 64.2023618483
6.2364957885 51.4199839786 64.4979261199
6.8114437767 51.0554947748 64.7946686152
6.2488949281 51.7411621488 63.5081626274
6.6014066858 51.9838977017 62.9673168403
5.9448015979 51.9045167672 64.0775112125
6.3103390293 51.6025426892 65.2966878364
6.0662072958 51.9603701314 65.8913067837
5.8295531299 52.2789672249 66.1509324583
6.3110371393 52.2398635654 66.3074833329
5.9599379912 52.5619356046 63.6387127530
6.3967157908 52.9953376280 63.0685049471
6.4593597355 52.7665313039 66.6565093041
5.8944104358 53.5584893743 63.6726416576
6.3335361520 53.6367004522 63.1913286962
6.1921834209 53.3518332332 66.7818643846
5.8372656891 54.1716691672 66.7179458117
6.3176655943 54.3063278058 63.5025314629
5.9559487577 54.8636876739 64.2414124147
6.3255370459 54.9068849930 63.8376643861
6.0081764594 55.0469710745 66.7187131607
6.4583372414 55.3891012994 64.2056351267
6.2349304605 55.7184660837 64.9785601321
6.7013193385 55.8891417704 64.6553166944
6.5933600340 55.6833372542 66.7824651928
6.1932108351 55.5373140675 66.5143654274
6.6817052930 56.0796912471 65.4217647750
6.6422175754 56.0141814505 66.1900714763
6.2336130113 6.4707772305 50.8754683534
6.1523740611 6.3658484180 51.5213544140
6.6221402904 7.5605439943 48.8720998919
6.9056002209 7.4102142619 49.3315866899
6.8349757989 7.1868550726 49.9048386507
6.7365305945 7.0028044017 50.6374319473
6.9804098583 7.3035110628 51.0247188227
6.5688665423 7.0109409113 51.4162222849
6.8917671848 8.9504858468 47.7986417697
7.3906418531 8.3924261018 48.3700569721
7.2362629267 7.8563030059 49.0323596129
7.0910669125 7.8021854707 51.3797752284
6.9033493408 8.6728548710 51.9953580483
6.8517098566 9.8116442338 47.4043564254
7.0505002732 9.7557569738 52.1224361774
7.3513424723 10.5815727178 47.1991444366
7.2052340873 10.7778160137 52.1913179888
7.0994623011 12.0658942246 46.5416089011
7.4476845588 11.3853103522 46.8590049922
7.5006441052 11.8486286968 52.2583849405
7.1856912634 12.6895354303 46.2895831249
7.5274091435 12.5666621011 52.4324342937
6.9635047258 13.9061365677 45.7828501116
7.2760438172 13.3148879130 46.0493459221
6.6984069175 13.2307242584 52.8705686156
7.5281619651 13.2543115991 52.6429867381
6.9602150914 14.7041100829 45.6417107644
7.5953581174 14.1335042234 45.8030608482
7.0019442457 13.8223987549 52.9407415764
6.9113292330 14.6968452602 53.1174063542
7.2420389320 15.7395326042 45.5245204230
7.1710171718 15.6752860011 53.2012191105
7.4461819761 16.7505704004 45.4188705207
7.2440504829 16.4914763338 53.1707569214
6.0922734461 17.0196084336 63.3604523383
7.6757400216 17.5949940405 45.2905045767
7.3269863833 17.3127707822 53.0131713115
6.7364609634 17.8246471780 62.0210441655
6.8473181208 17.6917317092 62.6260025515
6.6037330661 17.5729948531 63.2878947981
6.4952713487 17.9010524842 63.9199309055
6.9359009523 18.2269976261 63.4928108718
6.8014037771 18.6860273098 45.7266806547
7.6095362997 18.7677446462 45.2637514725
6.6273747028 19.1669284003 51.9426897894
7.1417551489 18.8301445417 52.4267496068
7.4069621292 18.1856187481 52.7654233308
6.9726218157 18.8317455365 60.9080891981
7.3536020260 18.4174994693 61.5922994043
6.4872022364 18.5293006121 64.0846405006
7.0061480128 18.9842709273 63.5941399344
6.9166723246 19.4937497868 45.7492559311
7.4209706729 19.8807639375 45.4136030548
6.7090966966 20.0999614857 51.6406003068
7.3638619946 19.5455920388 52.4264609202
7.1309692411 20.1724938738 59.8045903753
7.5042694284 19.4017676980 60.3767780588
6.3625654424 19.2688079107 64.0760290068
6.8152001950 19.8325745020 63.5835366908
7.0303966535 20.4305680138 45.7941944824
7.6547702952 20.8204233101 45.3703051225
6.4883721810 20.9745458622 50.8575204424
6.8640687404 20.9844561284 51.7436967532
7.2988173806 20.5594569787 52.3891933113
7.1425739060 20.9783901139 59.2061837595
7.5213454387 21.0288114837 58.7361836818
7.8090321977 20.4986860758 59.1002100493
6.8337722739 20.4888507748 63.3003987770
7.1935142568 21.1870114107 45.7920463055
7.1461006518 21.9114957505 46.0118120157
6.3276746355 22.1102777402 48.8267785735
6.3845530909 21.7291570852 50.0198326094
6.5211523321 21.6989361368 50.7828375099
6.6805100884 21.6939779520 51.4179903244
7.0876397677 21.6384285167 52.3769953017
7.3053847252 21.6488808225 58.6955290412
7.7358219045 21.6911815649 58.1479142907
7.6806220173 21.2717422533 58.3928522929
6.8489422783 21.6443507684 59.3113699547
7.2314356390 20.8127920580 63.0250321025
7.2851679398 21.3758834572 62.7157418476
6.6734946915 22.8349867236 47.0859262097
7.1406004750 22.9460730336 46.2725110167
6.4362167489 22.6148008752 47.9177497027
6.3637656058 23.0538247742 48.7056223484
6.3443437035 22.6809216184 49.7118388758
6.4468361649 22.3840664677 50.8053084069
6.9150140168 22.5347205631 52.7257514129
6.7414407926 23.0793224580 52.9591041085
7.0942626924 22.9396153919 53.3879366794
7.5549947076 22.4649807213 58.1933198373
7.0222341617 22.5765341780 59.1778977529
7.4105989178 23.2277419171 58.5719838291
7.0539374184 22.5025542257 62.0493255021
7.3329400818 22.1299664077 62.3314851851
6.8517642647 23.6406228422 46.8227501969
7.2230179111 24.1102457357 46.2129564778
6.4918132085 23.6690372886 47.7387490931
7.1386290174 23.3999632873 53.8594397015
7.2690699035 23.4405887475 59.1855528617
7.5428269695 23.8553194125 58.8240985182
7.0854242244 23.3601827319 59.9038781677
7.1586591861 23.4465848727 60.7183620804
7.3376687701 23.2226162685 61.3578079236
7.5946416169 22.7780959075 61.9285600220
6.7033760386 24.6569439208 46.9036070521
7.1491622698 25.2153230966 46.0707081350
6.9473119545 23.8668030697 54.0439148058
7.0100581800 24.3005177037 54.6825249672
6.8420260192 25.1961260578 55.2025838897
7.3026694879 24.5311442564 55.5824118698
7.2046749826 25.2872177141 55.8662118060
7.4859938775 24.8682965734 56.2355577498
7.5771412785 24.0336509217 59.4726044820
7.7750520345 24.0291962960 60.3243756737
7.7840425079 23.6953442266 61.0087327804
6.5417058843 25.9774482585 46.4836996067
7.0393927745 26.0573011842 45.8386027432
7.0043543249 26.1028355141 55.7475912946
7.5164491384 25.7412913046 56.4526371729
6.6810015271 26.8173021773 45.7108006763
7.2689217713 26.7312329564 45.2062776304
7.1588145084 26.3832758332 45.5344401555
7.0613770106 27.0164666494 55.8308968676
7.4661311241 26.7653122541 56.2916574674
6.8038145014 27.4753866299 45.0596686672
7.1022630052 28.0562500266 44.3735895646
7.4529040132 27.1923190129 44.7504888641
7.3981753314 27.5219728899 56.1184272669
6.9631560533 27.8319777433 55.6263533306
7.0793740427 28.9531556490 43.7359771382
7.1770193676 28.7788194434 55.7074913223
7.0208207127 29.9607188774 42.9739658794
7.0841994677 29.4410125540 43.3757134096
6.6867316090 30.3603913792 54.9858782925
7.0846166572 29.7041794626 55.4959430328
7.1392748465 30.8954427047 42.1203471157
7.1343370699 30.3842612781 42.5488769494
6.7402322482 31.3413223658 54.9697233191
7.2063661989 30.8481898143 55.5134405128
7.2578996262 32.2606506463 41.0904927639
7.4262311963 31.4006312415 41.5988255420
6.7520453620 32.3817600018 54.9719239129
7.2507798441 31.8910811047 55.5165948393
7.0085509489 33.0865439228 40.6142827373
7.1909626482 33.5698765126 40.2149136263
7.7521628684 32.8519645440 40.5207001923
6.7507916906 33.4385694922 55.0049312601
7.2640433758 32.9267879161 55.5485096979
7.3107367820 34.1474120226 39.7734195719
6.7507066782 34.4996552232 55.0468016387
7.2667395489 33.9700901975 55.6289000644
7.2672440976 35.4772916723 38.9460315726
7.4477913672 34.6367772690 39.3916367821
6.7906671566 35.6275026066 55.0891270189
7.2347222623 34.9837329745 55.7071469100
6.9446265311 36.6239170721 38.2734642490
7.5300550597 36.7314567052 37.8554532544
7.8217018385 36.0378160946 38.3303847016
6.7503360912 36.7266943274 54.7151165482
7.2195099735 35.7475227725 55.7888230953
7.1166922902 36.4011227133 55.5868422811
7.4398362703 36.1971353698 56.1453384141
7.0017440769 37.5652144533 37.4885064507
7.5711768638 37.7358748321 36.9728258491
7.8537949849 37.1460132425 37.3938458085
6.6227132094 37.4291106718 53.8418575482
7.0162411389 37.6271026829 54.6458639077
7.1787916025 37.2112765680 55.4230045305
7.4805932063 36.9008335276 56.1318732435
7.1272097259 38.3919750740 36.7205853777
7.4044728209 38.8724381843 36.1591071003
7.8340016016 38.2287073797 36.4794381118
6.5481829019 38.2563456179 52.2691011896
6.7077883840 38.1042072516 53.0042389195
7.0342456097 38.1464020075 53.9186851242
7.2750299241 38.2394647151 54.5885837051
7.3791525527 37.9807998535 55.2835705363
7.5193447339 37.6172237540 55.9463908909
6.7333052959 39.5066643052 36.2269932989
7.3544327045 39.5763396668 35.6221907474
6.4530154531 39.4289564102 48.9581781591
6.6482794316 39.4380591784 49.5507236102
6.8904469989 39.4172437537 50.3778311106
7.1937544209 39.3780078190 51.3835909741
7.0261302440 38.8193161406 52.3317036092
7.2630329771 38.7501305899 53.3452923010
7.3906769525 38.6491735504 54.1391684082
6.8116183457 40.5282597345 35.2989314920
7.3303975205 40.5908479750 34.7265445888
7.3181166189 40.0885744475 35.1788279158
6.4784910878 40.8952405963 41.3168047752
6.7594640668 40.8764760969 42.2819268712
6.7444900336 40.5999331348 43.3620417691
6.7450676160 40.4999360797 44.3714854323
6.7559196996 40.4616828774 45.3801914986
6.7810070658 40.4209105291 46.3541803547
6.8171403229 40.3343203723 47.2229818663
6.8523970955 40.1724912095 48.0125620920
6.9605121320 39.9837239775 48.9397054660
7.2669915221 39.9856792548 49.9061108971
7.4222601187 39.8901592439 50.6589966599
6.8567684502 41.5673407240 34.3481970551
7.3855997287 41.5619206456 33.7730328306
7.3474725811 41.0703653571 34.2586709763
6.6078011388 41.4990081938 40.7153105775
7.0147340414 41.6124762757 41.4479915304
7.4441079190 41.6505759937 42.2973271521
7.2577965976 41.2045106352 43.0154937199
7.2486327792 41.0498577544 43.9046530588
7.2615830884 40.9935832175 44.8887288246
7.2756682892 40.9541744472 45.8981357062
7.2881610889 40.8712298332 46.8725933288
7.2515846334 40.6936757900 47.6372180745
6.9897659096 42.4824431500 33.3780118716
7.4375567214 42.5524181426 32.7946466960
7.4102589095 42.0477029102 33.2763518581
7.0441028906 42.0834524710 40.7965262384
7.3750298412 42.2068748143 41.1951898775
7.4952938085 42.0416542532 41.6628950781
7.0498644149 43.4499677719 32.4916942605
7.4519467173 43.6082507525 31.8340282908
7.4422157014 43.0633965798 32.3057631516
6.5872145792 43.4878277149 33.1662350322
7.0613017373 43.4650525563 39.3856306754
7.3183419157 43.2105863060 39.8432148340
7.6743449340 42.7671654199 40.7468222516
7.0405093977 44.6425317685 31.6469170010
7.4664957010 44.6732849076 30.8531373759
7.4446377223 44.1500294535 31.3428283871
6.6279294946 44.3460758270 32.5794664385
6.9377769971 44.5489696638 38.3153986593
7.3055219632 44.4441121035 38.6962362120
7.5996642009 43.9312074602 39.3820552154
7.1162609683 45.7570739703 30.6389532015
7.5479797714 45.5441275006 29.9110176534
7.4827825255 45.1553027037 30.3502788064
6.8363232163 45.8110598226 31.5493988380
6.6177400998 45.3604806923 32.2700170112
6.7680596623 45.4478892757 37.1710735976
7.0079744732 45.2339210610 37.6825208732
7.2103094359 44.9222040404 38.2036939684
7.2461402026 46.4053766175 29.7332920545
7.6355737728 46.6986712723 29.0774542862
7.7076072401 45.9631416319 29.3789387034
6.8404369717 47.0753117951 30.2699188493
6.8606060374 46.7615306302 31.2016463691
6.7367891057 46.5052855183 32.2104620586
7.5322908500 46.2953903245 36.6942579225
7.0010999101 46.4356667175 35.9564132130
7.4383873862 45.7772195031 37.3660820903
6.9900683867 47.3878318908 29.4646470458
7.5787553163 47.8023748832 28.7497786913
6.8336961523 47.7125891506 30.8750936456
7.1002873200 47.6653964450 31.8327643632
7.0980411937 47.3396067228 32.9347237784
7.3397306720 47.4391593377 33.7488684657
7.4766184884 47.2683599723 34.5292511440
7.4497542430 46.9001129590 35.4738181352
7.8236242115 48.8112230726 28.5681203449
7.1070622893 48.3342117022 31.2168294994
7.6803248463 48.6298080109 31.8339261535
7.7508856766 48.1931331346 32.6417602089
7.8081783296 47.8550041835 33.5043032080
7.2494228978 49.2881195937 29.4286879961
7.7620407365 49.3833131460 29.0516605534
7.1940115919 49.3729163103 29.8985528122
7.2201127712 49.2276173610 30.4396088511
7.3905332924 48.9642026326 31.0500301708
7.4461021371 50.1844873600 63.6287894973
7.5464253424 50.1945817651 62.9724500035
7.7622204378 49.8608626019 63.4336818487
7.9072166952 49.9271493286 63.8601990685
7.7852528383 49.6673189111 29.6741758090
7.7527360439 49.6371331443 30.3283242751
7.1623234675 51.1555701121 62.6519146015
7.3921406431 50.5231774342 64.3175983809
7.4109634213 50.8995671517 65.0100396318
7.1259272940 51.7997972517 62.4569597696
7.5837780748 51.9973660021 62.1026103535
7.5172223763 51.3378083812 62.2204306617
7.1146613148 51.3008501900 65.4423728645
6.7530164001 51.7708246145 65.9453121135
7.0667301913 52.1603930764 66.4311996856
6.9985904820 52.5540284869 62.5292965262
7.6563347281 52.9198388844 62.1385189010
7.3369516435 52.5116129530 66.7415995170
6.9089518314 53.5704377026 62.7445019489
7.8513085415 53.9588086265 62.2880877451
6.8709308779 52.8373423733 66.8487422418
7.0907342143 54.4508699423 62.9055529693
6.7524888463 54.9303804081 63.4514553312
7.1917061220 54.9359140674 63.0652499898
7.3161062917 55.4107636497 63.3836994239
7.0451456445 55.8030224889 64.0886093729
7.5607063426 55.9191666323 63.7373798663
7.0960523813 55.9493002455 66.8579772762
7.2274724511 56.0412187194 66.6432612931
7.4166732054 56.1988205037 64.4605583530
7.6730532403 56.5318216871 65.2427917973
7.4076188260 56.3604383679 66.0132372417
7.2564890790 7.5526653073 49.7237449841
7.2583200554 7.5361686183 50.5061601181
7.6288355262 8.8513128461 48.0229354239
7.9129654650 8.6744618140 48.4141634053
7.8766992154 8.3888735333 49.0000212088
7.7379057197 8.0530984098 49.8873104218
7.6809845052 8.1684530390 50.8092724988
7.5057325800 8.5081227488 51.4149208665
7.9743928609 8.8486312886 51.0115834988
7.6685450842 9.5539031706 47.7018030703
8.0410691149 9.0849683231 48.1549575379
7.6025777813 9.2443827675 51.6115776542
8.2073482083 9.6765278106 51.1216484961
8.2640453339 10.3910039485 47.6185485045
7.7644874115 10.1932981354 51.7180413758
8.5010498058 10.6747914859 51.2265096729
7.8507703314 11.8865422774 46.7447055327
8.2472764015 11.3623906821 47.1598361400
7.9556115779 11.1476505778 51.8260864544
8.5938560446 11.5501598515 51.5171596439
7.9855516335 12.7022631480 46.4599380579
8.4614972789 12.1568967950 46.8754998250
8.2107675810 11.8929024697 51.9048413564
8.3486904302 12.7444604894 52.1278730604
8.2275435360 13.7203236337 46.1216537500
8.5453046458 13.8456630732 52.5025953305
7.8365279208 14.9990922545 45.6295194043
8.3238783093 14.4727036492 45.8720497103
7.7966428332 14.2028365876 52.8666896707
8.0863050427 15.1640136431 53.0542483601
8.2078693076 16.0401827414 45.4768013742
7.9571207605 15.9991514495 53.1852701566
8.1526626293 16.9985847110 45.2948309751
8.1667607191 16.7324235816 53.1784305062
8.4408071591 17.8942324049 45.1120223139
8.3812107317 17.6741194213 53.1569391476
7.2964402019 18.1415330861 62.3639998857
7.1075334620 17.9941437677 62.9486707073
8.3674796922 18.6776698168 44.9207760703
8.7596640754 19.1523523957 44.7237876418
8.9683881464 18.5518519091 44.8358584674
8.2267631086 18.4315657304 53.0459157841
7.7663111053 18.8627432199 52.7683331806
7.8030649557 18.9217954709 61.0031460676
8.0141965618 18.7582252226 61.5294089618
7.8584932583 18.6579251718 62.1114277440
8.1916780300 19.3071221238 62.4561541530
7.4927206765 18.6376794555 62.9013985233
8.2450434580 19.2181181170 44.8912911121
8.0545150290 19.9366841440 45.0229106078
8.0041326868 19.3560088265 52.8962098128
7.9276027130 20.0553098766 52.9676726163
8.5253848740 19.4674177492 53.3007516070
8.0312430667 19.8714834183 59.8138412269
8.3894749620 19.4108587050 60.5725137300
7.5643752327 19.4845368380 63.1279310748
8.0493506857 19.9759216130 62.8002497498
8.2802389131 20.8551324529 44.9769080536
7.7946563081 21.1136426343 53.2003137624
8.5278154348 20.3593625213 53.6861929583
7.9160611548 20.8986826861 58.5364543923
8.1470486236 21.2346030127 58.1063687048
8.6057191255 20.6353799826 58.5956282449
8.5254462796 20.1693437898 59.3238730111
7.4612087775 20.2476294188 63.1465361958
8.0001719690 20.7683390832 62.7345216077
7.5547325208 21.6445923260 45.5763757722
8.1616120945 21.7858506217 45.1547382836
7.4189196760 22.1592383912 53.2800363436
8.3042804988 21.1876180221 53.9153015838
7.9584157475 21.8831126225 53.9093053989
8.3893465411 21.6271342962 54.4020391262
8.1636536617 21.9518198633 57.5624741242
8.1031605315 21.6335840616 62.4879541001
7.6654571231 22.4767530516 45.6275361311
8.2735870367 22.9502670388 45.1663798722
7.5988569006 22.8719563186 54.1687923320
8.1648187181 22.2840167943 54.6294059065
7.8637785391 23.0928476918 57.3373114293
8.0970734809 22.9583821674 56.4428597375
8.2704600840 22.4099248612 56.8339431832
7.6111608734 23.1494928127 58.0351497417
8.1863634484 22.3319443962 62.2406751989
7.7234791825 23.5410949778 45.6619743459
8.2908182497 24.0309039148 45.1444523509
7.2715694129 23.6356401893 54.3589509105
7.9721566147 22.8968680957 54.9628578950
7.5848053574 23.6189372510 55.1053302596
8.0536606656 23.0524831331 55.6887634430
7.7441828453 23.8960813947 56.3230793559
7.7901209292 24.1284922742 57.2795050046
7.7102085234 23.8573108316 58.0858996522
8.4196435704 22.7903983528 61.9798793631
8.3111050526 23.3248937220 61.5328429370
7.7128785656 24.6448439736 45.5909633793
8.2350030838 25.0584439771 45.0563388421
7.7247406302 24.8810728531 56.8796825304
7.9450230361 24.9354275509 57.7646727471
7.9779810690 24.6238982013 58.8040080054
8.1740871809 24.6291150712 59.7308227657
8.4682643136 24.5153183269 60.3301960349
8.6285387893 24.0383203623 60.9119613071
7.5888583173 25.8245918195 45.3857293868
8.1780478502 25.8271783965 44.9001973185
7.9152999537 25.6999574339 57.1836160999
8.2001794381 25.7729468853 57.7266280637
8.4028976986 25.5668809404 58.3760281464
8.7812538294 25.3639281495 59.3058808435
8.8111295349 24.9331245021 60.0039868999
7.8601035465 26.4987612863 44.8540333032
8.1729961728 27.0500961427 44.3212203250
8.4262931815 26.1884517834 44.5745875802
8.2056664200 26.2850756937 57.4043202226
7.9164654257 26.5304599275 56.8861624028
8.0432627988 28.1603042017 43.7472829942
7.5636026745 28.3118738184 56.1432635357
7.9594274504 27.5865376654 56.6710627664
7.6677915767 29.1585139474 43.2652478541
8.3706155746 29.0093202526 42.9833064646
8.2396947601 28.6202679113 43.3493306400
7.6715583286 29.2968869595 56.1005169464
8.1734345587 28.7474045014 56.6485513958
7.8023997795 29.9508874295 42.5527643180
8.6194864510 29.9872385800 42.1188742117
8.6131076333 29.4058936888 42.5504930759
7.7183326486 30.3315672079 56.0456969984
8.2574802747 29.8286595485 56.5859921741
7.9657726211 30.7123214156 41.8766472419
8.1570087886 31.3636551821 41.3591788781
8.7901020494 30.5922326706 41.6382153524
7.7622039057 31.3826041842 56.0370243176
8.2930425739 30.8798586674 56.5517657372
8.4142447864 32.0384119017 40.8801040126
7.7809216255 32.4084443230 56.0587052811
8.3056233272 31.9010511218 56.5501403441
8.0712090259 33.5151556523 39.9908631338
8.7545293929 32.7005396639 40.4101531964
7.7941080955 33.4230057854 56.1436955839
8.3067002181 32.8787626602 56.5967496898
7.8856810674 34.1645739697 39.5722042907
8.0796251899 34.6524631917 39.2189118828
8.6190948209 33.9877624024 39.5593253904
7.8379563674 34.5212006981 56.3611463046
8.3282885579 33.7722736213 56.7332636962
8.3665060479 35.2608576811 38.7763714936
7.6117004595 35.5395420658 56.2944628345
8.5558024160 34.5161011719 57.1203021937
8.1556743482 35.3891440112 56.9126547756
8.6641928880 35.2760272886 57.4265188428
8.2877382244 36.4982509666 37.8533232238
8.7916678952 35.8456370215 38.3156022373
7.9053996130 36.3873146575 56.7439894284
8.5162824810 36.0468219347 57.4059103702
8.2947231505 37.6108272716 36.9030384334
8.7503808508 37.0276092350 37.3817133158
7.9287433166 37.5537346675 56.6733751491
8.4397808237 37.0290090952 57.3760782778
8.1480582707 38.9159886991 35.8465551667
8.7038001925 38.1805041128 36.4005402275
7.6502685367 38.7641566294 54.9412008775
7.8081676203 38.3987579790 56.0179361998
8.1507066291 38.4183155532 56.8189098494
8.4718512237 38.0208193157 57.3618253967
7.8699176981 39.8230264821 35.0941650525
8.4708500967 39.9169174658 34.7688484034
8.7097995498 39.3505678552 35.3126321013
7.4720406056 39.4070575118 52.1663757885
7.6301067789 39.3940918389 52.8632912311
7.7724810619 39.3036453982 53.9729867691
8.0030710389 39.4756974847 54.8859436554
8.0460073451 39.2757585502 55.7067278073
8.2169004740 39.1003696119 56.5660676078
8.5366145554 38.9090104439 57.2743176419
7.9373880143 40.6834292731 34.2372197410
8.5545740068 40.8948205180 33.7748579234
8.8416840566 40.2981556942 34.3387218432
7.4685673486 40.7163374122 48.3866234961
7.7931833590 40.7293997007 49.4312426376
7.8369521030 40.4408301004 50.3826560863
7.8761350414 40.2073534988 51.1817877847
7.9613501123 40.0047203909 52.1768414142
8.1905811155 40.0463904503 53.3503328065
8.2699462154 40.0399049848 54.4412244511
8.3272030301 40.0104524366 55.4406185147
8.4157281221 39.8728856419 56.3738608926
8.5726104292 39.6160584544 57.0655225253
7.9771375185 41.6742125499 33.2430373715
8.5664868761 41.9239969443 32.7290580707
8.8870745790 41.3341924250 33.2722738006
7.6152031639 41.5949754443 42.8938214373
7.6971982864 41.5577944277 43.4735173381
7.7564890587 41.5188427993 44.3921158738
7.7832565783 41.4916554133 45.4028594559
7.8012666278 41.4397531160 46.4460880010
7.8164833031 41.2942313151 47.5703662406
8.1159459006 41.3597583749 48.6130490251
8.5546812425 41.5286152799 49.5177718447
8.3346422171 41.0491941687 50.2023539369
8.2778919264 40.7590042070 50.8513626605
7.9907448073 42.6999504478 32.2294404323
8.5548181851 42.9475889200 31.6891577180
8.8777959777 42.3642166939 32.2204560927
7.7602395838 42.4321056740 41.4451210226
7.9265815018 42.2501833591 42.0545368588
8.0145652470 42.0133525399 42.8866815501
8.2187123837 42.0254910067 43.8598918070
8.2905261649 42.0198262141 44.8741764518
8.3187805536 42.0015283837 45.9186036614
8.3629066814 41.9578836169 46.9718609701
8.4804872399 41.9167600613 47.9726092361
8.6528072442 41.8952139362 48.7608618216
7.9901436816 43.7278616337 31.2126048410
8.5422824041 43.9283557881 30.6264252287
8.8389415044 43.3576691796 31.1653814236
8.6342484916 43.3093959784 41.0011734739
8.3911263222 43.7029205004 40.2070693928
8.3856515482 42.8014052218 41.6969632376
7.9994233538 44.6711440626 30.2206047779
8.4226599852 44.8281126717 29.6514326007
8.8676586693 44.3249763791 30.0316084508
8.4205972964 44.2992775469 39.5654710625
8.1589524436 44.6597581813 39.0551003121
8.0423448374 45.3253180213 29.5112692343
8.3123602448 45.8450424247 28.9904104958
8.5126871534 45.1673396875 29.2816953867
7.5649414293 45.3945281737 37.9870232171
7.9038631929 45.1056646650 38.4889487078
8.3232359841 46.7763189914 28.4982724036
7.6992068512 46.6735574588 36.2303404312
8.1505482736 46.6031519669 36.7289579540
8.3857889450 46.2724701348 37.3673138083
8.2703405050 45.6923277894 38.0455607962
8.2352806049 47.5442994023 28.2304505647
8.6991163825 47.7297358230 27.8520374404
8.6768194941 47.1106820812 28.0744519334
7.8313850240 47.6581998021 34.1287403761
8.1705397620 47.6186127508 34.6544151916
8.3884937510 47.3747545762 35.3840348352
8.4446233673 46.9575570095 36.3003005167
8.1703915597 48.2566857655 28.1622243608
8.7189712180 48.5545698643 27.6784027088
8.0411973763 48.6521911032 32.3645350651
8.3094424648 48.6249772946 32.7223175224
8.5433446272 48.3610270826 33.3854684063
8.5465341035 47.9479253905 34.2673070693
8.2054152013 49.3169130913 62.4952411359
8.4538520905 49.3042103465 61.8101549006
8.5507018929 48.7074687955 62.0430704016
8.5401666552 48.6957992471 62.5767237413
8.3402530465 48.9526369245 28.0888248373
8.3951079703 49.5073936801 28.4792462115
7.7265904867 49.4399453841 30.8459894208
8.0896171254 49.2811116236 31.4482535898
8.5807590111 49.0195000033 32.2923755648
8.0193579471 49.8845692790 62.2393246996
8.3416973313 50.1418929318 61.7271036503
8.3943288084 49.2917687788 63.3386234388
8.4932418325 49.7147686043 64.0467986989
8.6532750624 49.9566122124 29.3063906212
8.5371021664 49.9175448172 30.2419017414
8.3805600033 49.7004871033 30.9439414265
7.7516636510 50.6238688533 62.2461646425
8.1540982840 51.1752265252 61.7770424103
8.2697920826 50.1978420138 64.4542211935
8.0635409653 50.7332670523 64.9939053810
7.7769826729 51.1377981616 65.4454888586
8.6046679380 51.3391079111 65.6394195407
8.2844997709 52.1862417953 61.7144272436
7.6772611408 51.6591162131 66.0031280352
7.7917116490 52.1539002189 66.4937859641
8.5553268452 53.1542018567 61.7599314418
8.2402779842 52.5049083904 66.6692715942
7.4992282939 52.6301995836 66.8408302508
8.5962254700 53.8991485880 61.9420561023
7.6900336064 54.8381973270 62.7203038986
8.7079868049 54.6798860828 62.2350416316
8.1223877894 55.3886972246 62.8028119799
7.9180701118 55.7907831123 63.2573826229
8.4233633709 55.8241263994 62.9810314768
7.5213762573 56.0269854414 66.8594779841
8.2590451937 56.1794351692 63.5982165714
8.3547489493 56.6404898137 64.4419648099
8.3446718352 56.8304024636 65.1657310002
8.8232475549 56.9462780547 64.8095152821
8.2100312084 56.7198923791 65.7811246877
8.3480787347 56.3807985631 66.4334667904
8.2810024230 55.9787449812 66.8023704840
8.9746230721 56.9908558164 65.4668520754
8.8590090535 56.7825228101 66.0872721011
8.3493933286 9.0657640464 48.7817877306
8.2685763861 8.7424723835 49.6875380418
8.0868032138 8.5490215177 50.3974234719
8.3752741140 9.6537082692 48.1286500894
8.8140163405 9.8300704068 48.7013996730
8.7481665797 9.5731527238 49.5945360912
8.4025969201 9.1986939169 50.4175166841
8.8270021460 10.3360718149 48.1130655014
9.1397319407 10.4132656537 48.5817145046
9.1577063188 10.2543924086 49.2012604813
9.0956689122 10.2116087665 49.8562574383
9.1760780691 10.5794729589 50.2393374055
8.7761484428 10.0701896860 50.4817722697
8.9247124739 11.1014634289 47.7230640153
9.2104048415 10.8479198907 48.2321713341
9.0154614014 10.7693481848 50.6898101588
9.0666426050 11.3811552203 50.9875848573
8.8378746810 12.7202123292 46.7992347286
9.3334084900 12.2871409632 47.3907842925
8.7151048322 12.1859602112 51.6927817184
9.0896236379 11.9953302184 51.2982883956
8.9190652128 13.4352191634 46.5145722966
9.4216425019 13.1681624598 46.9149816240
9.3366309690 12.7157969698 51.4804868072
9.5063615210 13.6958258963 51.9396498711
8.6962421926 15.2267991483 45.7609869940
9.2312423404 14.5405475657 46.2120848062
8.5964285879 14.5856763394 52.7887297161
9.4497378330 14.7203831273 52.5013139207
9.0273704216 15.9875687334 45.6248729930
9.5329021129 15.6321852503 45.9181389581
8.9701235852 15.1685139913 52.8753256979
8.9647114913 16.0454505727 53.0716893169
9.1211801808 16.9462235351 45.3826952229
9.5996494720 16.3464907533 45.6883312656
8.9602791537 16.9732198947 53.1948872759
9.4289427621 18.0379260308 45.0552273171
9.2872281209 17.6022975257 53.2742327425
9.4036260831 19.1860404623 44.6540702507
9.6005753168 18.6782451288 44.8090097304
8.3512141879 18.9250653021 53.0814352463
9.1173465951 18.5898531397 53.4288800805
8.3570155904 19.0603757970 61.2166787226
8.4110941065 19.0633408595 61.7657559915
8.5720168760 19.6843233446 44.7469509060
9.1481200967 19.8305215281 44.6028428254
9.1364563781 19.5910154139 53.8301824787
8.8234521241 19.8375458139 59.9408617297
9.0615269541 19.6829748742 60.5672786031
8.8783967196 19.4618836419 61.2491206228
8.7491927796 19.5182725136 61.9238271683
8.7216657842 20.1333380181 62.2791310740
8.7139599594 20.3829819029 44.7293833017
9.4010419284 20.7085903996 44.5345776801
9.1556871845 20.1955061418 54.2481764771
8.8469000011 20.9372495670 54.5200314356
9.7189843855 20.3328762698 54.9883836261
9.2434338051 21.0556751822 55.4235430071
9.7841181496 20.7052940377 55.7487608118
8.9196890112 21.1362072174 57.6532164459
9.6343202740 20.5481163818 58.3434239117
9.3670398970 20.1916103496 59.3486504607
8.8484604681 21.0837684163 62.2970129723
8.8300460168 21.3034855657 44.7377214992
9.5270917370 21.6866476999 44.4770167251
8.6367222837 21.7680279886 55.1739245457
9.5471716662 21.0097160021 56.1657550495
8.9929840693 21.5247126270 56.0614593340
9.3311921838 21.1739385031 56.8128512018
8.7019188099 21.7506828416 56.8190896526
8.8368744592 21.8812898088 62.2511058072
8.8833096226 22.3282622694 44.7535835272
9.6092824666 22.7201805680 44.4078261093
8.2878624398 22.4933546289 55.2856158246
8.4571710889 22.2990782595 56.0372419755
8.8146732736 22.4290647671 62.1188254656
9.3187954954 22.1445956157 62.0365978929
9.2276981038 22.7551525757 61.8180875103
8.9125372576 23.4019378708 44.7325916015
9.5761121904 23.7990609225 44.3385654272
9.4087359487 23.4706572071 61.3988344201
8.8639878794 24.4520335006 44.6868544436
9.4323524836 24.8666195928 44.2755770350
9.7304479092 24.1107340124 61.0021712645
9.2318885478 24.6438847134 60.5113662997
8.7216921575 25.4247108415 44.6127151089
9.1294031268 26.0179902789 44.1735073367
8.5551589583 26.3664292887 57.9234547112
9.1007597358 26.3349031464 58.6949946578
9.6516171177 26.0414960697 59.4010047226
9.6612355346 25.3050530728 59.9975458000
9.0946102704 27.1138763113 43.7576346045
8.4086249626 27.0239557905 57.3567841122
9.0391574810 27.2521290429 58.0173227570
9.6957079660 27.1881664242 58.7025304682
9.7706838194 26.6357459237 59.0781220164
8.8686853966 28.1451689810 43.3079207089
9.6932953018 27.9391530559 43.0102794286
9.5805189133 27.4122302964 43.3738499796
8.7157583569 28.1169161885 57.3295309261
9.2715246272 28.0798884298 57.8915692375
9.5580073115 27.7787455923 58.2854470236
9.0973342082 28.7280241920 42.7951113683
9.2983996747 29.2800011664 42.3190389837
9.8899552350 28.5140285051 42.5673965560
8.7866868990 29.3054795245 57.1444242800
9.3006061000 28.8722025195 57.7006879477
9.4040686069 29.8841292011 41.8718933671
8.8432497268 30.3959893792 57.0776191897
9.3818051981 29.9072686591 57.6030017032
9.2355619294 31.1351704408 41.2111374939
9.4998689073 30.3991877495 41.5313136484
8.8448594377 31.4286704180 57.0347496846
9.4759173309 31.0500612617 57.5742559275
9.4844902378 31.9227575903 40.7676829705
8.8344604201 32.3904510142 57.0413248961
9.3006213658 31.9422129352 57.4135556208
9.1557632266 33.3085263957 39.9630594853
9.8079894909 32.6082467908 40.3621987342
8.7968868663 33.2939871686 57.0941517988
9.4265951647 32.8255713698 57.5548992679
9.0017783714 34.5522944510 39.1495733939
9.5963425881 33.8916697505 39.5380220416
8.7078370809 33.8895106497 57.1183142954
9.1665395215 33.8781966750 57.5143552345
9.3917131259 35.1782702568 38.7387525185
9.1343341646 34.7650773375 57.6964260519
9.1131970527 35.6019019169 57.8438650366
9.7656805889 34.9707628270 58.1250068732
9.2642637857 36.4476044842 37.8683929418
9.8355035310 35.8452328860 38.3306491991
9.0542910229 36.5354199453 57.8943073611
9.7766604308 35.9368694343 58.2545638893
9.3122968104 37.6644027078 36.8913275264
9.7391226919 37.0754256668 37.4357175315
9.0198809782 37.5373179228 57.8939998157
9.7359586300 36.9749943726 58.3092631436
9.3447587998 38.7686335248 35.9357598177
9.4491545345 38.2080114264 36.4289987619
9.0259760969 38.5364479281 57.8498366689
9.6722507508 38.0003648712 58.2890429836
9.1451333377 39.7189692370 34.9017232638
9.4065821629 39.3003925103 35.3697669508
9.0595988663 39.5987180768 57.7627198523
9.6836651877 38.9799200521 58.2690539612
9.3555408023 40.7534904684 33.8716442352
9.8084956124 40.1627330154 34.5750392293
8.4762060132 40.7473164407 51.6159357053
8.7603908919 40.8496903444 52.7687923313
8.6859568403 40.7263228932 53.9968827004
8.6582504100 40.7312899100 55.1127203947
8.6728905961 40.6894287590 56.1927200903
8.8567061611 40.4873366136 57.2523087311
9.3158093419 40.5120468315 58.0656244258
9.7888965150 39.9462256032 58.3870350665
9.3473323928 41.8007138592 32.7802536429
9.8074227141 41.2949692729 33.3694087351
8.7228782725 41.4679576953 50.1833222055
8.8149338453 41.3229055521 50.8772089271
9.0862374112 41.3297491613 51.8832256153
9.2460485219 41.3731087048 52.5470114361
9.2331776436 41.3394200462 53.0178795944
9.1364885532 41.2892005149 53.6311654266
9.4860893130 41.6101102563 53.3111185601
9.1239337763 41.4651669033 54.7197930319
8.9800432262 41.4988443982 55.9234427814
9.0018451349 41.5251793101 57.0696719894
9.3136025032 41.4798865819 58.1783755278
9.8662931045 40.9158679908 58.6816174546
9.3026152543 42.8062810122 31.7198854799
9.7711970047 42.3169873536 32.2949111862
8.4191042275 42.5103304612 42.4812244137
8.6631820315 42.5178448510 43.2810736285
8.8066424103 42.5381933575 44.3051349054
8.8405648063 42.5357838694 45.3738951249
8.8800841716 42.5251283633 46.4285796015
8.9814362553 42.4976301958 47.4696831574
9.0942518347 42.4005543908 48.4363240600
9.1374939708 42.1822995045 49.2912341956
9.2055492519 41.9214976939 50.2098873516
9.5795719387 41.9200961774 51.3087576343
9.5981409626 41.7508642737 52.2772516293
9.5593448220 41.7933634837 53.9485878614
9.6346399480 42.1011481475 54.7552342704
9.3852325573 42.1254781955 55.6001088578
9.8020333281 42.4594491929 55.2852408310
9.2915934779 42.4397452726 56.7943443639
9.2492257373 42.4995421234 58.0299137667
9.9047940887 41.7877769610 59.1019069422
9.4977884974 42.5012046760 58.9686319853
9.8567334706 42.5093461841 59.5249708274
9.2218721857 43.7223887958 30.6518009329
9.6453989821 43.2555267052 31.2167252085
8.9391721981 43.6454306897 40.7137450471
9.2126487476 43.5867062038 41.0801073175
9.2443393705 43.3330705874 41.7451722893
9.0032087782 42.9422407782 42.5715157408
9.3878100118 43.0751356945 43.6252150716
9.3854270312 43.0552065332 44.8077584908
9.3993720077 43.0601425696 45.8824705873
9.4928206106 43.0607882391 46.9342952892
9.7543676983 43.0569725150 48.0765843390
9.7470101404 42.7521756625 49.0928724053
9.7560430126 42.7311398985 56.0136380624
9.6821258959 43.1990013979 56.9070884031
9.4384456746 43.4426406183 57.9037912075
9.6709409740 43.6148370569 57.4287502106
9.4444135009 43.5347902922 59.1817549501
9.7189506390 43.0968136940 59.6951846276
8.8718087502 44.7766929372 29.4792838000
9.0578917077 45.1952219594 29.0800335595
9.6225316651 44.5553513856 29.6283736890
9.6146095266 44.0326576597 30.2540413713
8.8565201548 44.7395631586 39.3380222125
9.1557299684 44.3923793680 39.8689036921
9.5502450116 43.9952003557 40.7003107481
9.8306078874 44.1674573095 57.8199105409
9.4814531122 44.6334913905 59.0473677893
9.9698486695 45.1495866975 58.4486274624
9.8359414425 43.7947429082 60.2327803882
9.5307966952 44.7022208282 60.3014677924
9.8645396870 44.4248727438 60.7725204405
9.1376288022 45.9031922136 28.5366664430
9.6241357232 44.9799044059 39.4194027368
8.9044520435 45.2912841034 38.7823269254
9.4990260021 45.7744646570 59.3865089872
9.9252208382 46.0840047328 58.9587174864
9.3106369602 45.7167138094 60.2377631924
9.9248949757 44.9798486658 61.2515027509
9.4933134552 45.8045205246 61.3258731830
9.8841839862 45.5673883516 61.7853639106
8.9726749417 46.5766192550 28.1645419200
9.3354818159 46.9682189534 27.7972963272
9.4950805776 46.2543289972 28.1159367597
8.7125344739 46.6873880558 36.9931259249
9.2007248241 46.5662648743 37.4678039300
9.3693317024 46.0835975782 38.1271064104
9.5564412572 46.4694068725 59.4815789529
9.2657736776 46.7127629823 60.1932096523
9.5941679031 47.1579779102 59.7318483228
9.1506908449 46.7333642098 61.1738246133
9.8663465387 46.1107097452 62.2338268251
9.3685217668 46.8495502860 62.2003292045
9.7499907940 46.6782300970 62.6889789152
9.3189772551 47.9343874255 27.3223520293
8.7178337469 47.7191870631 34.9740072881
9.1462099829 47.6424419036 35.4966708867
9.3723332297 47.3770667563 36.2250920013
9.3498297818 46.9509721232 36.9834103834
9.2666712251 47.7432867978 60.4200053671
9.8621912969 48.0483229247 59.8892851424
9.0278104047 47.4936916491 61.0153850087
8.9050296359 47.8663420191 62.0258390093
9.5877146190 47.1093744197 62.8741894508
9.2953354743 47.6730169462 62.8640845454
9.8488390313 47.4471014324 63.3115250269
9.1872272962 48.8959646596 27.0748996344
9.5755622433 48.7824431718 26.5274376083
9.4566324464 48.3907990728 26.9042867823
8.8011166850 48.7522750030 32.9567055190
9.2526275448 48.6553768264 33.4193776481
9.5317929832 48.3452348771 34.1884960558
9.3646575327 47.9386241752 35.0181246688
9.3440812332 48.6312803260 60.5452301460
9.8624990269 48.8270565312 60.1862128783
8.8795967401 48.4488071891 61.2757120911
8.8785942121 48.3777667602 62.9117309868
9.4886859448 48.3884145285 63.6205816322
9.4240080975 49.4447828255 26.5320520207
9.6446416193 49.8472551847 26.1128149295
9.6845515042 49.3035077621 26.0902670148
9.2375199310 49.6431880165 27.0200295967
8.8876063273 49.4546720067 27.6965951619
9.5262521317 49.3664542719 32.3525557313
8.9364154061 49.5540549585 31.6812142811
9.4137203545 48.9793660944 32.9333703779
9.5294014451 49.2644594055 60.5528012531
8.9637187143 49.4588881462 61.1146305001
9.5560258150 49.9611524784 60.7603682836
9.1442182714 49.3431563430 64.0894743077
8.9350563296 49.9162326194 64.4742672134
9.8853191870 49.8549437735 64.7095511329
9.5157250671 50.0897772234 26.6146512883
9.4004481808 50.1919449567 27.3493410419
9.2615868863 50.2115297929 28.3545266625
9.6941063095 50.4301676997 29.3478801993
9.4941993606 50.1937780021 30.1752103283
9.3855985665 49.9202803714 31.0983775106
8.8958853837 50.5059291992 61.2555146726
9.5997000457 50.8336161240 60.9403547995
9.0218182741 50.5619942681 65.0079221452
9.6295115392 51.3442805592 65.4930171266
8.9164258547 51.4636380846 61.3335846272
9.6777182199 51.6741900094 61.0914393776
8.5110815622 52.0499986967 66.2752647030
9.5235634376 52.1839384683 66.0317823077
9.0508190899 52.3283300866 61.3953192339
9.7676964747 52.4050236809 61.2352398943
9.1277610112 52.6813743943 66.5078884649
9.0841765172 53.1053933062 66.7355829306
9.6169537860 53.5048486878 66.6760108799
9.2915603031 52.9353019804 61.4603148942
9.4166636356 53.6719025723 61.7051066697
9.3998630803 53.8492026125 66.8567698985
9.6239566251 54.2515372493 66.8492387037
9.7390708583 54.4893015235 61.9652941414
9.4027271355 54.6160082338 66.9334779279
9.6036349044 54.9708487508 66.8654172704
8.7895528212 55.4996014414 62.5974383794
9.6839944816 55.3195669412 62.3774221891
9.1192142245 55.3787700511 66.9106136224
9.2754567439 55.8265476216 66.7587957377
9.0998714662 55.9760893658 62.9567384306
9.2128625662 56.5410358991 63.6278319172
9.0822076975 56.8780305032 64.2821274441
9.5817738131 56.8906985687 63.9827679911
9.3984359523 56.4837417685 66.4478210840
9.6270924777 57.0661721142 64.7200307178
9.7504746932 57.0996316344 65.5006567814
9.5701163437 56.9080838468 66.0141218564
9.4861792865 11.0048625092 48.8614123117
9.3932190104 10.7742280452 49.6958303673
9.5002823923 11.5307987157 48.1313156783
9.9435671887 11.8588153156 48.7480192163
9.7952974924 11.6122383068 49.6521712557
9.3900590862 11.1881039234 50.3433156064
9.9343888552 12.2347578179 48.1102677068
10.4700999009 12.6678923077 48.6187542055
10.2911103536 12.2998682271 49.3287782497
10.1360803198 12.2664405311 49.9804700730
10.2286947564 12.6744969382 50.4227587186
9.6647345828 12.0929295259 50.6631901808
9.7383243710 13.9573548900 46.7266225355
10.1990900978 13.5482009024 47.2810292094
10.3016825169 12.9485875746 47.8755006583
10.0326672490 12.9290823228 50.9803103888
9.9264874921 13.3216750627 51.4234390478
10.2698245637 13.3747068286 51.1275032383
10.0792914662 14.6910449866 46.5790180243
10.5081724261 14.4779574855 46.9570189565
10.4132562902 13.8601560103 51.3662912824
10.4671364635 14.7142623514 51.8947493748
10.2787873283 15.4564072980 46.3349822873
10.6136561575 15.0830961124 46.7003267666
9.5585319089 15.5199064431 52.7931627255
10.3280625861 15.7040866752 52.4734829337
9.9821203090 16.9121895071 45.6152421396
10.3692490408 16.4442002912 45.9517174928
9.8610012445 16.1317228793 52.8752988325
9.7880592407 16.9493575034 53.1002896325
10.2477933402 17.7328769523 45.3815588991
10.6166798760 17.2407926797 45.7195090299
9.9863984976 17.9478556692 53.3436816951
9.9768536042 19.1717658720 44.7058145264
10.3307723761 18.7292741159 44.9784198249
10.0641623860 18.6259541761 53.6800308615
9.8716528551 19.2221497531 54.0566785823
10.4919987683 18.9849362934 53.9680681656
10.0675906518 20.0406744964 44.5413260050
10.5234933011 19.4931998141 44.7334486501
9.5867104832 19.7936299405 54.3377364973
10.5719959312 19.4345637582 54.4435462408
10.0824501587 19.7176194224 54.6046537077
10.7073144304 19.9371038149 55.1325172795
9.4127207743 19.9370848932 60.1703067494
9.5537311329 19.9867459586 60.9266744375
9.1665101224 19.8925507758 61.6599068074
10.0871283079 21.0752927014 44.4011295212
10.4738295381 20.3997480993 55.9719443035
10.0239518242 20.7102777323 56.2530990442
10.4103581492 20.5785724981 56.6469896998
9.8263067192 20.7744200914 57.4532704048
10.6329581681 20.4071079493 57.9763995401
10.4032551167 20.2644517283 59.0931958223
10.0672028464 20.1559026831 60.0879909900
10.3373014108 20.4476486436 60.8831995756
10.4451020656 21.1487576432 61.4540046667
9.5734944672 20.5764857561 61.6914396324
10.3400721235 21.9786627929 44.2647026746
9.9348951086 20.8154626112 56.7527322483
9.5498520061 21.4838218183 61.9712324354
10.0138341495 22.0342993068 61.7663132996
10.4438023154 23.0993981344 44.0586480709
10.2643960697 22.7670689496 61.5724221879
10.2067285320 24.2119796921 43.9797660373
10.3902590475 23.5146553792 61.3112981032
10.0383907414 25.2304390042 43.8951693968
10.5391321342 24.0545211299 61.0480274724
10.3483239711 24.6805993911 60.6325423759
9.8953455263 26.1684134388 43.7362917845
10.7563027848 25.4213792518 60.1949088711
10.3156653893 25.9171379107 59.7936072998
9.8858542042 26.8088172609 43.5169761530
10.3715217185 27.0231542117 43.1735208027
10.4314693781 26.2990492461 43.4470299830
10.0645402320 26.9806805105 59.0840268434
10.4945228798 26.6840079427 59.4361938775
10.4680911883 27.7388230134 42.7673941959
9.7404626134 28.4929291771 58.1993743361
10.0826884626 28.0081512452 58.6489050550
10.3965220867 27.4515476118 59.0631092336
10.3519184574 29.0689063068 42.0679021084
10.6138668624 28.2300552480 42.4435637717
9.8959309250 29.4337796105 58.1135043176
10.3656592092 28.9225945034 58.5924489923
10.0224795404 29.9069556645 41.6733584520
10.1435846009 30.4483566146 41.3764474654
10.8131445828 29.7136116670 41.6205792246
9.9966537048 30.4565289295 58.0345433921
10.6400734001 30.0481080209 58.5476434739
10.2892999290 31.1515762965 41.0491682992
10.0643091534 31.2615627961 57.9969475333
10.5588190482 31.0920819904 58.3322609899
10.5417981999 31.8860201502 40.7078784490
10.3801359201 31.7376886294 58.1601660768
9.8822369942 31.9821693473 57.8388893311
10.2028706839 33.2493511374 39.9495080399
10.8686414435 32.5946753164 40.3476062028
10.0394431960 32.7169634164 57.9609885182
9.8886514234 33.4586932932 57.9431377093
10.5175560774 32.9497362023 58.2355223819
10.0202419261 34.5237061263 39.1351982855
10.6355547552 33.8956087925 39.5399734615
9.6729573750 34.2399069769 57.9486006937
10.4563093066 34.0232390074 58.2887100897
10.4519028395 35.2210669649 38.7572465893
10.6041446949 35.1565675165 58.4634726442
10.4095513783 36.6193615488 37.9128367886
10.8804636422 35.9480204864 38.4083659442
10.6339854437 36.3048496801 58.6205673305
10.3088150934 37.6837688499 37.1169626737
10.5452207839 37.2563313574 37.4956218684
10.5232483714 37.4423414490 58.6373851951
9.8386180871 38.4560305723 36.3115254893
10.0963896425 38.1751912365 36.6517403013
10.3076815864 38.3807289528 58.5383486500
9.7795110431 39.6176807574 35.1179029193
10.1119056898 39.2857352927 35.6207994126
10.4556569073 38.8018009849 36.2552793451
10.5264614530 39.2261946482 58.6149532333
10.4694169039 40.8773452033 34.0533798469
10.7417425276 40.3779761014 34.7134051185
10.4815552991 39.8374541239 35.1861177333
10.5992324216 40.2646622812 58.8290773071
10.4129201764 41.9101666730 32.9390952013
10.5612456947 41.4265134766 33.4802622293
9.5155784364 41.6182480425 52.8441100745
10.4027047113 40.9634598420 59.0416842117
10.1676833157 41.2994710221 59.0761884638
10.7238176410 41.4750923938 59.4069605654
10.3060326322 42.8788138502 31.8397984355
10.5138467259 42.4427051745 32.3990684929
9.7070453283 42.4772659639 49.8284558782
9.9896675562 42.4294127699 50.6258125716
10.2209206556 42.3902390851 51.3775791410
10.1394416546 42.2053306254 52.0773283788
9.9794554746 42.0369173720 53.1052943145
10.0567125430 42.2581605443 54.1153285905
10.0481596756 42.4574923372 54.7686221535
10.4737556931 42.5999711108 54.4337832565
10.3686846362 42.2410734650 59.7303692063
10.1436298759 42.8641723690 59.9984715858
10.7104634944 42.6779356104 60.1824872731
9.9757906407 43.6518776028 30.7693827565
10.3025742589 43.3376207089 31.2605601834
9.6664545831 43.6944828475 41.3994682920
9.8921977132 43.6307227042 41.9534317022
9.7674633589 43.4247134906 42.6680887940
10.0031765483 43.5362073298 43.4524384342
10.3146861998 43.7680855549 42.9895572104
9.9565906117 43.5456660889 44.2840566323
9.9365020615 43.5831004862 45.3342499841
9.9715405864 43.5931318550 46.3705699517
10.1544306886 43.6061236254 47.3533049001
10.6477621021 43.7186256254 48.2977057655
10.4131775151 43.2960342593 48.9836231924
10.5530591514 42.9974302300 50.0303723632
10.7368000796 42.7542456730 51.1387598595
10.3655705916 42.8219502120 55.2242864010
10.2806432261 43.2910173554 56.2102689646
10.0095733191 43.6721870515 57.0168545941
10.3866609259 43.6835701256 56.6314426699
9.9972483168 43.2871903602 60.1387211890
10.5353375388 43.3543834207 60.5234857384
9.9856257805 45.1705538532 28.9253255198
10.5833191856 44.6151486757 29.6137267335
10.4523796174 44.0901630781 30.3606576414
10.5680616644 44.4077476502 40.8378419261
10.0921052659 44.6197974996 40.0877479328
10.3118322929 44.0117524028 41.6449536296
10.4643032458 43.9344669237 43.6983978487
10.5304000318 44.1304689503 44.7623554415
10.4649732744 44.1242012665 45.8449946291
10.5600750032 44.1179501170 46.8077078835
10.7272092458 44.0642586246 47.5878471836
10.4944638141 44.1278900034 57.0755976325
10.2469014609 44.6033524553 57.7268291775
10.5617699429 44.5831841499 57.4474887235
10.2688625931 44.0862243167 60.8849369969
10.1321590168 44.5148855022 61.1120110394
10.7126868966 44.5525310124 61.4519946190
9.9096728340 45.7749758399 28.3558205499
10.1584927602 46.2770290878 27.9388971432
10.7775333685 45.5645436710 28.5184769431
10.5993799330 45.2021730125 39.6003066445
10.0545793278 45.6183773231 38.9144399731
10.6686136537 45.0410658234 57.7899725079
10.6451850656 45.8419794634 58.3763917345
10.3578966541 45.2865285903 61.8876253591
10.1247287024 45.6835752127 62.1178697816
10.6091293381 45.8111180712 62.4475579049
10.1667672135 47.1082595851 27.3092203600
10.5193943081 46.2688189619 38.4647917391
10.1067060805 46.7690860806 37.7350134396
9.8647394858 46.7214577728 59.2521614026
10.4139511129 46.6444190788 58.8972906482
10.2559217300 46.4524266105 62.8494657354
9.9457201153 46.9169711482 63.0647302024
10.4940527556 46.9547999717 63.3350195366
9.8932205749 47.9961128724 26.7385511857
10.5096646082 47.8049828879 26.3734434064
10.3528216368 47.4604326223 26.8232074964
10.1560014444 47.6161737910 36.4417205610
9.8404561308 47.7719524608 35.7954540749
10.1555747857 47.3081196484 37.0233670926
10.1353759131 47.3071098986 59.3397434003
10.8587260679 47.3184925545 59.0440351917
10.5041216332 47.6863390172 63.8050044627
10.4087497663 49.0746866915 25.1080344111
10.6033808163 49.3008795295 24.4623580222
10.9829070341 48.7850486209 24.7476959433
10.8431427267 48.2468782478 25.6145336608
10.0783937628 48.6874089331 25.9696443111
10.6417332898 48.5329076858 34.2723243559
10.0112982224 48.7668004346 33.5568236903
10.3780794914 48.1719058263 35.2886398358
10.5145725240 47.9022085377 59.4408945871
10.6791761176 48.7148603291 59.8171146542
10.2545636582 48.3902180714 64.1226735700
9.8650628838 48.9604699428 64.2428900939
10.6972494904 48.8880925066 64.5181704724
10.8595221114 50.1620353890 14.6775796353
10.8761770387 50.2350974103 14.2444302710
11.1585633926 49.7041169021 14.6280937273
11.1059334476 50.0105935636 15.0476012842
10.3322072539 49.8926050111 24.5736021322
10.6747440280 50.1910668193 23.7817131308
10.5920172042 49.6385612393 24.1445928872
9.9699820426 49.7229551851 25.5253058189
9.6848521399 49.6910483435 31.8618977822
10.1818052947 49.5405029367 32.2941477202
10.2960524207 49.1792848417 32.8968845759
10.1094542595 49.4376898322 60.3052528059
10.3898241392 50.2482208759 60.5381218876
11.0300658331 49.7683077646 64.9134113009
10.7835138198 50.4875547530 14.5475718552
10.8834650822 50.7184657130 14.2525840773
10.9390176017 50.4651622139 14.9418340340
10.3883272374 50.8067289837 24.2652789196
10.6466962201 51.1072937728 23.6088177128
10.1633611215 50.6627206799 25.0978880295
9.9031737630 50.5596363724 26.0547974980
9.7720102374 50.6464129188 26.8678582220
9.9781717219 50.8763061118 27.6975413154
10.1141684522 50.7834050530 28.7251006337
10.3677284263 50.7223498653 29.4344721271
10.4487401680 50.4898704027 30.1057453154
10.3636115616 50.1451407296 30.9394164622
10.3255295700 49.8170698783 31.7385970689
10.2856111476 51.0847400675 60.8207560926
9.8911711285 50.7477153924 65.1522430244
10.7358741198 50.7473258898 65.0976026799
10.6602585120 52.2589429923 2.5946600279
10.9139175346 52.2184548472 2.1050795992
10.9209246460 51.7632981532 2.4324883266
10.8356191771 51.7726206437 2.8865213753
10.6556272633 52.2741063818 3.0343833967
10.8554960945 51.9891726604 3.3324675014
10.9243143138 50.8275403880 14.6509314075
10.5241249410 51.4643510097 24.0844640237
10.7645921996 51.7579061099 23.6942876315
10.4445667898 51.4542708453 24.7535992047
10.3681883904 51.3868520641 25.6840372665
10.2915764526 51.2834248710 26.7539728879
10.5476840555 51.4230027681 27.5611339107
10.7419140583 51.2581289097 28.3253379786
10.8256804177 50.9751982195 29.1690640560
10.5832681863 51.8038742944 61.0251231041
10.3075795646 51.2990080416 65.3560576874
10.4953446562 52.0936465944 65.6351607626
10.6588042534 52.8655782143 2.3408563298
10.9614493667 52.9142812323 1.8143565833
10.6467692505 52.8527172120 2.9076347548
10.8318822957 52.6234506751 3.4365258413
10.7826147435 52.0123229101 24.3213186541
10.9149523814 52.1125453554 25.2828669455
10.8988787097 51.9077762775 26.3095826044
10.9400834412 51.7570094803 27.1864152055
10.3227250122 52.5626427759 61.2554097496
9.8179111848 52.9655093987 61.3942906455
10.3951686842 53.1226416234 61.4752617420
9.7849525903 52.9567478713 66.3799121012
10.4911905813 53.0718981793 66.0937077114
10.7469886203 53.3862446204 2.1390230836
10.9139524463 53.4724709823 1.8780396570
10.7456600766 53.4890911264 2.6282373629
11.0326963536 53.5234073741 3.3667590606
10.4523588530 53.8663611299 61.7499316721
10.1631745873 53.5264841435 66.4527065766
10.2185886876 54.3841872284 66.6428754968
11.0683386439 53.9361319345 2.1693214319
11.0400091708 54.0290719516 2.8224523652
10.5590806478 54.6643658085 62.0489936607
10.0571717636 55.3073924151 66.7352691117
10.7096740376 55.3737679738 62.3857267891
10.1513308119 55.9816725712 66.6108686001
10.3164045282 56.1033096734 62.9866555878
9.9436164583 56.6938221913 63.5569441780
10.4999963238 56.6535266346 63.5567866292
10.2313821326 56.5819559879 66.3394729945
10.1571998498 56.9377129866 64.0132606362
10.5162404558 57.0543566834 64.5859771769
10.3757200478 57.1019114125 65.2609679074
10.3275551323 56.9552787005 65.8859220955
10.6797969669 12.8347420654 49.2642937747
10.5181895422 12.7657116387 49.8649208523
10.7968576462 13.6560421999 47.7730446590
10.9194834468 13.4100466790 48.2986664571
11.0057667296 13.3041367730 48.9659781085
11.3277076738 13.7756517308 49.3918146482
10.9382585238 13.3040782989 49.6856707581
10.6182855115 13.3631022036 50.5778118733
11.1487404298 14.4357417042 47.5181011312
11.2566346170 14.0125125630 48.0540817790
11.2500803860 13.9263006960 50.1246761091
11.0383062953 14.1197660025 50.8959234519
10.9264315373 14.4373909048 51.3776130215
11.2508001604 14.5361784022 51.1057405626
10.9807762539 15.5986922434 46.6452420947
11.1894591310 15.1930444298 47.0246833732
11.3234484991 14.9900415519 51.3601095055
11.1540934153 15.6833007083 51.9007473409
11.1280661986 16.2695670934 46.3862370539
11.6407161550 15.9718657411 46.8504072365
10.4081384704 16.5899790190 52.7725583238
11.1296466433 16.7203333523 52.3248077314
11.0479771352 17.8323063887 45.6432098958
11.4661761129 17.3587681305 46.0530943324
10.7045125933 17.5399261827 52.9468727703
11.4555273371 17.8318283958 52.4833448373
11.2788375266 18.6511145364 45.3780085738
11.6568832678 18.2296438159 45.7453867141
11.2100294954 18.2867760008 52.9809483778
11.6601635317 18.5691470703 52.6942968590
10.7416772481 18.5019229144 53.4808501267
10.9098326674 20.1046259907 44.6365862513
11.3201970204 19.6416466240 44.9447670398
11.4645715574 18.9233104991 53.2581249088
11.1553258912 19.2615135207 54.0218693970
11.1292592872 19.6579408934 54.6804700608
11.4833739409 19.9629371177 55.1222705985
11.0578421683 21.0753338106 44.4053344406
11.5267293712 20.4625311254 44.6829202465
11.5592559169 20.2215512170 55.9504842915
11.1778729455 20.3528772657 57.0531974969
10.4122676872 20.5879382241 57.1833163369
11.4068427450 20.2488948092 57.9173506222
11.4896845381 20.1460082867 58.7426832464
11.1697752140 20.2560899215 60.0381800828
11.0195056096 20.6732950031 60.8956362318
11.7856716138 20.5193705991 60.7657593163
11.2953020270 22.3385089445 44.0501958568
11.2785336053 21.0435450249 61.1933557139
11.1160989014 21.8142635154 61.4839354950
11.1683765265 23.0657132625 43.8204816021
11.5386238447 23.4640813313 43.6313183653
11.6478259985 22.9090381692 43.7811080446
11.3933284596 22.8626818531 61.4379577168
10.9211281796 23.7277409363 43.7517343830
11.3591109344 24.1000024645 43.5487300333
11.0767791495 23.6567592934 61.2201787037
11.8786054295 23.6139745196 61.2473454575
11.2460739722 24.2096156549 60.9595985849
10.7844880167 24.5942921574 43.6688993497
11.4176800466 24.8476840569 43.4129294466
11.4489418470 24.9007276258 60.5911720619
10.6610941146 25.5152592132 43.5560389827
11.2574125061 25.9501201597 43.2007171593
11.7283853153 25.6118486659 60.2349062116
11.1395026997 26.1218600096 59.8835489012
11.2973055869 26.9407234119 42.8119847198
11.4379685757 26.7715330604 59.6777691686
11.0693868520 27.6780461315 42.5605097379
11.4226013569 28.0602218462 42.2621032995
11.6352687960 27.3330789467 42.5168363299
10.8117304702 28.3156221059 59.0150758358
11.3219902697 27.5655723947 59.4048167351
11.5591273976 28.8756178642 41.8744808435
11.1073669977 29.3021105131 58.9623172588
11.6776865548 28.6385894132 59.2916479102
11.0777271795 30.3857562825 41.2895195393
11.8192261020 29.5927400774 41.5343663483
11.3437482731 30.1325755936 58.9347445515
11.9508150130 29.7000335940 59.2110549318
11.3303768235 31.1184559623 40.9907015111
11.8310890559 30.5157578652 59.0455644566
11.3347898099 31.0045779034 58.7396048129
11.6090741389 31.8831224473 40.6911888295
10.3757080376 32.2950419860 58.1411245744
10.9399211621 32.0330373914 58.4273606960
11.2773083688 33.2946548290 39.9589683843
11.9543659195 32.6524015344 40.3643061144
11.3015943640 33.0710855628 58.5088161384
11.0876362790 34.6023564665 39.1625144446
11.6841863266 34.0055738784 39.5711483794
11.4776222330 34.1879276810 58.5691934773
11.5867394765 35.4269147267 38.8223420214
11.6685335615 35.4408709093 58.7070086183
11.4332368636 36.6389690267 38.1726689869
11.6961514669 36.1277698474 38.5047907466
11.2925343475 36.2924616870 58.8356875654
11.0594604802 36.8435568565 58.8469431048
11.4554485689 36.6308134380 58.9220274810
10.9880360144 37.7155541862 37.3313418764
11.3342742289 37.3607324639 37.7285238636
11.1646295923 37.3591128119 58.8462042735
11.4123808703 36.9944472718 58.9244326544
11.1949046853 38.4158587647 36.9506824866
11.5211725381 37.9844520630 37.4042701897
11.6084107387 37.3075139842 58.8687864333
11.3158856045 38.1155922544 58.7456201260
11.1706166308 39.5830475667 35.9086798172
11.3085005157 39.0844774168 36.4458042060
11.6886655905 39.5054502073 58.8333456652
10.9951667200 40.7204995195 34.4699410279
11.4379709765 40.6974369312 34.8831878808
11.2516720097 40.1924615730 35.2804894445
11.3146608899 40.3766936912 59.0433491843
10.8943814378 40.8079781183 59.1409234696
11.5913002884 40.9621606463 59.3177322764
10.8800130416 41.7052257262 33.3586325251
11.2635612500 41.5655162876 33.8469895898
11.3042733223 41.0709443321 34.3628655060
11.5976885419 41.6152827932 59.6868068662
10.8192716433 42.7118063719 32.2676322355
11.2236679001 42.5835503039 32.7548163629
11.2342421293 42.0586695540 33.2911992327
10.6681611048 42.5588117382 51.8493356124
10.7516897474 42.5087020578 52.6625259278
10.6760067391 42.5250443269 53.6621147625
11.1521995083 42.1496122527 59.9624854450
11.5019535875 42.8517544950 60.4941655744
10.6141713964 43.6530963875 31.0049274278
10.8974416685 43.3757251496 31.5410968226
11.1309732792 43.0485201942 32.1336861924
10.2765296402 43.7936897471 42.3928850429
10.8929778216 43.6496213219 48.9469115700
11.0770094984 43.5318619408 49.5108865664
11.3678142844 43.4119312123 50.1917740374
11.5616603688 43.1803902762 50.9572295244
11.4809193442 42.8591734143 52.0737799704
11.5085698824 42.7999694361 53.2885069505
11.2224807079 42.9021059676 54.4341098081
11.0809640131 43.2692891473 55.4740832901
10.8677865536 43.6841716662 56.2702219331
11.6913934642 43.6678234396 55.8402671397
11.2804228439 43.4709674843 60.9177618575
10.8377974159 43.8708807003 61.0551894282
11.5187101788 43.9840128574 61.3108292058
10.8253509446 44.9891231955 29.1338117944
11.2123095994 44.7473143431 29.5992168231
11.3558599279 44.4420053616 30.2836943284
11.3153016431 43.9131035469 31.1604457148
11.2191279977 44.6887400955 40.8936629589
10.9614149825 44.8445167702 40.2838938338
11.1066682470 44.4993977678 41.6204765903
10.8712523881 44.2605279131 42.7665792929
10.9819824195 44.4653480833 43.9581150976
11.0736459432 44.7246562082 44.7701638442
11.3624588535 44.9323160608 44.2759531349
10.8714443471 44.5704787459 45.4266901592
11.0847187902 44.7351324017 46.2916555861
11.1901788160 44.5510443418 47.3017929109
11.2848257928 44.2850455919 48.1143837370
11.5568911633 44.0054035708 49.0036497946
11.8353336595 43.7318537464 49.9038087752
11.3291762119 44.1169243797 56.5544396185
11.0134605386 44.5831121713 57.1832461300
11.7753142735 44.5739858425 56.8751399333
11.7633602231 44.6123445247 61.7725848720
11.2766994418 46.3406003468 27.7616829480
11.7141714098 45.7077747090 28.5982672673
11.5328803742 45.1484855696 29.2435573520
11.5446307247 45.3965091685 39.9476236382
11.1591916162 45.8942915897 39.1578880337
11.4188810219 45.1308566508 44.7738593407
11.3263755155 45.1021627830 45.4120201388
11.5812166701 45.3687916532 45.0041365265
11.6132231885 45.3543781961 46.1120093661
11.8488158996 45.2282532107 47.0002314610
11.8859062611 44.7940458692 47.8928379467
11.4089740263 45.0536098430 57.4395405647
11.1479183852 45.4866894241 57.8902510859
11.7713807868 45.5320138864 57.7374446854
11.1789025877 45.1806654372 62.1043260693
11.6044559468 45.7344480914 62.6376047886
10.9086909007 47.1139016612 26.8928482811
11.4580062983 47.1158231611 26.6990375936
11.5112198017 46.7879327665 27.1210605576
11.2749968730 46.5053291698 38.6899781106
10.9391124496 46.8010144024 38.2263895071
11.8644971965 45.6828693972 45.4020076514
11.3689275594 45.9143346684 58.1284084600
11.3148637036 46.5639287573 58.5569894304
11.0785168069 46.3483957939 63.0465850495
11.4467864381 47.0055501938 63.6150538153
11.1568320110 47.5445060668 26.2759421893
11.4877574192 47.8232090739 25.8215874145
11.8762722341 47.3982109393 26.4002725616
10.4948985050 47.9091087817 36.1721031672
10.7598730357 47.7541543552 36.8705908541
11.0032726133 47.4098679062 37.7400339898
11.7094063676 47.3295161113 58.9123468002
11.2720588897 47.6627015450 64.0631281930
10.8316559721 48.1297851307 64.2247788473
11.4931970610 48.2007303872 64.3814752226
11.5562803501 49.4800461344 8.7899482259
11.7147799323 49.3820734458 7.9145367463
12.1966681583 48.8938087946 8.3970249028
12.0113981693 48.9128562596 9.4746806657
11.5310260097 49.3642212481 9.8173935093
11.8825622577 48.9546536876 10.2072271289
11.4872941051 49.2459193898 13.5997299924
11.6130591358 49.1743815954 12.9348370958
12.0777921169 48.8007950139 13.4526294057
11.8594793492 48.9304691223 14.2562476756
11.3833176523 49.3017107097 14.2426400199
11.6840879214 49.1765565901 14.8336948704
11.0154426785 49.3679171194 23.9838252196
11.6117460027 49.3051273849 23.6042016137
11.7559285394 48.7747496900 24.3594030525
11.5763959536 48.2525619082 25.2108961017
11.5122036788 48.6158919325 33.9095198835
10.8527823662 48.8724741597 33.4700973523
11.4740921847 48.4654362355 35.0863409547
11.2068819516 48.2751501714 36.3549888580
11.3618701087 48.0588325086 37.3615764546
11.2261619669 47.9900210288 59.3049630513
11.6272053655 48.5028315225 59.5650259455
11.6836945925 49.0807404921 64.7609316941
11.4595395864 50.0218005986 7.9474942377
11.6327294931 50.2745278760 7.1514415984
11.6935821679 49.6735624804 7.3559923183
11.2982616893 50.1947739810 8.7635956921
11.2832135221 50.0348292786 9.5651487041
11.6026117610 49.2450500765 10.5327960039
11.3300463810 49.8716442793 10.6027116042
11.5878114586 49.3395586162 11.2833336890
11.3244185611 49.9706188309 11.7225940127
11.5736421725 49.3231565543 12.1952648590
11.2872524947 49.8394660646 12.8679176449
11.1238061346 49.7868855870 13.8510741200
11.7376779972 49.5917783640 15.4749077018
11.3383399297 50.3044471776 15.4919059248
11.8309348125 50.1106270496 16.1166858461
11.2783215572 49.9901166583 23.1630657880
11.7572378186 50.1563704325 22.5383234470
11.9732162034 49.6059865114 23.0745296387
10.9440704342 49.1383955204 32.9892021540
10.9354096918 49.4496125022 32.4317582070
10.7976945367 49.5502831023 60.1577333286
11.6523119407 49.2407712830 59.9633303272
11.4352951326 49.6140002953 65.0085197047
11.4137479012 49.8759084521 65.0531288280
11.5193679531 49.7467676537 65.0767405436
11.2618463428 51.3182165309 2.6674618372
11.3806470330 51.5741333942 2.1153286131
11.9152004003 51.0016589151 2.4101303470
11.7094959183 50.8934059097 2.9975448603
11.2371658437 51.3782367660 3.3535312420
11.8679768551 50.7052191992 3.7030904511
11.4669159006 51.3097396943 3.9941634353
11.7648090637 50.9469498950 4.4041112122
11.4850626776 50.6486951725 7.6471943610
11.6754102780 50.9439007382 7.1863606634
11.3621253742 50.8294965544 8.4000106008
11.2519241718 50.7775316305 9.3321832062
11.2440094864 50.7010415735 10.2906937095
11.2540782086 50.5898154542 11.1968491710
11.3013754795 50.9343073000 12.2954913770
11.0746513763 50.6159496107 13.5656159296
11.2635781019 51.0319381320 15.2215666048
11.6576662879 50.7961260343 16.1051325943
11.3832784135 50.8766882263 22.4272949589
11.6822482398 51.3497489393 21.5605728633
12.0440845222 50.5650422735 21.8156923090
10.9370009417 50.7417252961 23.1399414573
10.8476947022 50.7673628779 29.7471494640
11.1828043066 50.6040686423 30.1770369097
11.1963084887 50.2949993567 30.7593342080
11.2430873567 49.8641908210 31.5906073945
11.2202140559 49.9911775268 60.3054888340
11.2453302919 50.7822025937 60.6619545339
11.6669625462 49.8609391315 65.0441441772
11.5936323209 50.3361443015 65.0138350610
11.4676790246 52.1453045275 1.6247636985
11.1885744652 52.0685792127 3.8971456683
11.5878923250 51.6493373296 4.5418782788
11.5967475749 51.2761480808 7.8039509797
11.5196734275 51.4974237662 8.4522008862
11.4160888566 51.4468980708 9.0966415208
11.6760416443 51.9185181067 8.8507000898
11.3909152687 51.4539462920 9.9940318141
11.4232795252 51.4331496672 11.1090571395
11.6712839386 51.8720389316 12.0949984453
11.4946244847 51.6331973840 12.6323812108
11.3581733983 51.4211451163 13.2209351459
11.6311770064 51.8839666658 12.9696987414
11.2556157752 51.3404237933 14.2817775632
11.5299010502 51.7002328045 15.0850659484
11.7697069698 51.7386767025 15.9256139083
11.3944178413 51.8398685408 22.1386792128
11.6651645719 52.1522678092 21.4187125699
11.0394919437 51.6157349642 23.0051684281
10.9999798040 51.6216662020 27.8223770211
11.3765650359 51.5344631373 28.2631867410
11.5400896080 51.2131611068 28.9466407728
11.4175427131 50.8507402572 29.6985490941
11.7465505494 51.5587139827 61.0513988707
10.8941136574 51.5943534452 65.3278113114
11.7511816452 51.5938095457 65.0968506856
11.4088591516 52.7670329747 1.4173212116
11.8698150307 52.9162749767 1.1914371713
11.7832896846 52.4072871249 1.2612231088
11.1969017827 52.9899256484 3.9230588431
11.6457669872 52.6209073343 4.5265509400
11.7106130811 52.0555030350 9.5828318194
11.7398464889 52.1078958491 10.5248474043
11.8043465532 52.1481407637 11.3332049326
11.7001738019 51.9778839410 13.6080498667
11.8854438484 52.2047690981 14.6143315490
11.7832477538 52.0487443422 15.2987189026
11.5861021151 52.5047573894 21.9856796234
11.8332926025 52.8055740692 21.5468809288
11.4431471633 52.4494698379 22.6919825013
11.2252927064 52.3841904836 23.6602743274
11.2971828806 52.5496411224 24.6279414142
11.4784866360 52.6016086132 25.3265760277
11.5954100844 52.4051918821 26.0388738684
11.5939825636 52.0768267488 26.9208186120
11.5540475040 51.7906693562 27.7071409615
11.1110293956 52.4181619042 61.2990495646
11.3084011465 53.1410556419 61.6236886448
11.2690062205 52.1946079855 65.4061130262
11.3817896047 53.0345506718 65.6397238672
11.3368145252 53.4281535915 1.5676063830
12.0941339950 53.5555366807 1.2737662691
11.3226276611 53.5113690864 3.8780333575
11.5819162382 53.3544636722 4.1911935207
11.9625802988 53.0959284220 22.2887459032
11.8939052171 52.9861674712 23.2651320021
11.8648334031 52.9084127394 24.1999218704
11.8992546583 52.8474114490 25.0269749736
11.3650282792 53.9373320633 61.9271217812
10.6626535612 53.8666786728 66.3482040103
11.3168257297 53.9878431862 66.0545434847
11.6909303941 54.0991850216 1.7097712871
11.5518025397 54.4687464502 2.1618564892
12.1162308606 54.5769763316 1.9643539553
11.3933139421 54.4658740066 2.6383083430
11.4607128455 54.2860069670 3.2047629088
11.7323834066 53.9076582679 3.8395757340
11.4785851917 54.7170164120 62.2653346748
10.9669882778 54.4550850759 66.3898893075
10.9196009323 55.3005781058 66.4874914797
11.9158993586 54.7506370662 2.4783842201
11.8132806493 54.6784368261 2.9426841582
11.3040077470 55.3720855015 62.4903231767
10.9643501117 55.7024351015 62.6216356789
11.5213064712 55.7100796476 62.9492245817
10.8179052664 56.1329675340 66.4358543733
10.8341333052 56.8278361215 64.0432808965
11.2321759954 56.3559432579 63.5626688923
11.0768050402 56.9252632736 64.5511374937
11.4481954026 56.6219130525 64.2909727463
11.4476487786 56.7738819481 64.8386247607
10.9516819120 56.5856079696 66.1487794555
11.0203391047 56.9881343960 65.0671944458
10.9918483450 56.8953742476 65.6658172137
11.4696718871 14.0140306896 48.7107968164
11.7519174988 14.6435829722 48.1442145866
11.9605301116 14.6811453118 48.7816065337
11.7614692959 14.4570252028 49.5534591677
11.5700740077 14.6332096103 50.6006975389
12.1180284914 15.6006277788 47.6115326184
12.2897824979 15.2565299813 48.4391721617
12.2895039677 15.1770323573 49.2400026177
12.1245538691 15.1644132475 50.1026930363
11.9184116974 15.3505732327 50.8734892390
11.7051226274 15.6733306565 51.4172431601
12.1416760380 16.0444358693 51.0537873487
11.9715939592 16.7810414952 46.5828525664
12.2899259337 16.4005067598 47.0365415730
11.7554506674 16.3822621675 51.6582972936
12.2968085088 16.8687949120 51.1751204505
12.4671536923 17.6207374347 46.4697320337
11.8855807067 17.3543008609 51.8498255362
12.4859385426 17.8338985878 51.2909336486
12.0717158640 18.8521346753 45.6618929494
12.4373358424 18.4583660699 46.0712642622
12.1090233126 18.4296214179 52.0618641246
12.7682751290 18.8042658126 51.4080213837
12.3082150664 19.6462110446 45.3898504530
12.6987376957 19.2722143443 45.8152705152
12.4863622217 19.1543434875 52.0232914324
12.8861932930 19.4445968913 51.7474719095
12.1263478588 19.2238732039 52.6942131927
11.9343425637 19.5856079766 53.6084675526
11.7429036234 19.8148684317 54.4875214424
12.1432420181 19.9342416203 59.5034159541
12.3827413636 19.9194139678 58.7603788909
13.0480727910 19.6844428898 59.2256873537
12.8035509382 19.7529194255 60.0171740508
12.0841842678 20.0746926246 60.2052278700
12.5987585020 20.0813410387 60.6457347273
11.9482554611 21.0379292623 44.5796320982
12.3320672533 20.5876425851 44.9215353483
12.6927543142 19.6198565717 52.2472006893
12.7169994431 19.9965648694 52.9764783529
12.4864360840 20.1798138977 54.1030543003
12.3058205075 20.2824265754 55.1919866133
12.6189391450 20.4167321545 56.2000463138
12.1691457599 20.2941138010 56.8381133908
12.3018580532 20.1424563682 57.8566273963
12.3945363275 20.5403514482 61.0339501189
12.1902556829 21.8273570386 44.3049426095
12.5619869346 21.3362590247 44.6374163659
11.9370257316 21.0802157827 61.2373677545
12.3518631882 21.7441715796 61.5212401416
12.0403731205 23.2349787120 43.6589667341
12.1871555208 22.6753038595 43.9109390956
12.6804323168 22.9122135827 61.5486579001
12.0704046090 23.9956322295 43.4629944505
12.7222430984 23.3398814533 43.6834949940
12.6621440682 23.7481713253 61.2992012858
12.2710278780 24.3755094969 60.9594943860
12.2477346145 25.0064874266 43.1886481932
12.3946740555 25.1819263312 60.5532148615
12.2677484278 26.0161545615 42.8504119652
12.4818717409 25.7834090164 60.2513978101
12.1319323373 26.3665193733 59.9487521364
12.0401142152 26.7779993799 42.6136822969
12.3899145840 27.1656841152 42.3659106356
12.6044891396 26.4459365895 42.5738554444
12.0748531211 27.1305691121 59.6831269065
12.4545985447 28.0033028814 42.0550883982
12.3780188002 27.9269956181 59.5355319168
12.5943102363 28.7860763418 41.7540256296
12.5814403368 28.9249105077 59.4145455103
12.1212501534 30.3011222232 41.2407084474
12.8197480627 29.4880179001 41.4756582554
12.7358523160 29.7010330661 59.3377305568
12.4185504577 31.0812276315 40.9705264483
12.0949262407 31.0946619903 58.9717045280
12.5619405219 30.4806477212 59.1768799125
12.7041471073 31.9265396632 40.7052136628
12.7892042821 31.3005751207 58.9903365070
12.0190549443 31.9830806493 58.7456284629
12.4518964670 33.4955113881 40.0014317940
13.0177726390 32.7485784830 40.4379091128
12.3482588374 33.1375747248 58.6642023735
12.1683075477 34.7785835715 39.2484134180
12.5194040670 34.2062759596 39.6151722898
12.5275541553 34.2168037340 58.6597167203
12.3295656599 35.4065634367 39.0003785782
12.7327718460 35.0384585160 58.6863474568
12.1089851788 36.6143008188 38.4038414666
12.5375855050 36.1497612615 38.7794918257
11.7340924134 36.2383876438 58.8604159488
12.4656422165 36.0390091418 58.7574620287
12.2443242060 37.3157358261 38.1434224820
12.6524537974 36.9303876019 38.4887220503
11.8347462651 36.7519015836 58.8879453275
12.3689632702 37.1951213302 58.7584128291
11.7987406406 38.3426163654 37.3346095711
12.1786483365 38.1425209738 37.7027124060
12.5068520201 38.3240981048 58.7048623791
11.6407358101 39.4337396577 36.3734033758
11.8727987815 39.2371912373 36.7640857744
12.1590278341 38.8373299982 37.2932343041
12.7810088756 39.1864213174 58.7240867906
11.6794518554 40.5029354388 35.3242714209
11.8281183735 40.3016054145 35.7829643251
12.0013943413 39.8634637986 36.3959590036
11.9169710768 40.3425399892 59.0689212825
12.7082753018 40.1166560226 58.9231633658
11.6462028206 41.4342567891 34.3234811695
11.8591648965 41.2955038079 34.7887421481
12.0220678717 40.9073239641 35.4299832950
12.3348642625 40.7568950453 59.2208777953
12.4368148411 41.4221854960 59.5605126726
11.6123006767 42.4431651178 33.2572804293
11.8070874749 42.2798963878 33.7351766129
11.9735208392 41.8817229361 34.4073752532
12.1115673781 42.1529186731 60.0469077343
12.6980941033 42.9101447008 60.5421467483
11.4919064296 43.5177202505 31.8780221960
11.7903286306 43.3163794723 32.5510827893
11.9642422660 42.8997981993 33.3148033538
11.9175381340 43.5144157002 50.5117267093
12.3453298831 43.4297932203 50.9582024438
12.6300686654 43.1612522849 51.7370888839
12.5204120111 42.9418069187 52.9199089233
12.3371987181 42.9934752778 54.0590929729
12.0351940629 43.2665785441 55.0414833385
12.5888223010 43.6162846326 55.6658293253
12.0588359629 43.4493459692 60.9975898266
12.4955339413 44.1389668159 61.4524246131
11.6789749550 44.7908942316 29.8724312713
11.9904283489 44.7264519302 30.3818635706
12.0451476295 44.4589611865 31.0873001345
12.0465534813 43.9805369373 31.9826933555
11.5602367605 45.0119023250 40.5964934896
11.7135826676 44.9500639196 41.3196204223
11.7195425060 44.9499615847 42.4109955389
11.4918658944 44.8967502254 43.5121178783
11.9081391402 44.4788359379 48.5163156770
12.3531080809 44.4059000907 48.9802021533
12.6431901947 44.0894127357 49.6570870570
12.5549684054 43.7040581623 50.4270129795
12.1687478345 44.0842533252 56.2812973818
12.5537257008 44.5208239412 56.7463392626
12.5590056230 44.7795802475 61.9049100487
11.9306367371 46.0393342793 28.2562532395
12.4172393374 45.9980755575 28.7508126646
12.2369294810 45.5152125962 29.2886038328
12.1533375925 45.0936503710 29.9166595063
12.1845402942 45.7892490099 40.0407380698
11.8893444727 45.9234392450 39.5649673142
12.1602583581 45.4837223508 40.7635761398
12.2680643897 45.4195914046 41.8143623650
12.2775108326 45.4766289093 42.6080280163
12.0622400363 45.4188254193 43.3130966655
12.5168716844 45.8280125588 43.0938169054
11.8182927842 45.4539128036 44.3751621785
12.1824357506 45.8832860756 46.3338410924
12.5965925079 45.8095992762 47.0867466440
12.7032012814 45.3119706449 47.8021870992
12.5755317637 44.7890752912 48.4927875847
12.1663838948 45.0414643466 57.2556031336
12.4924448150 45.5200470138 57.6816195045
12.1066257915 45.1957741194 62.2455167423
12.5169766495 45.7187130238 62.6579686861
11.8762093096 46.9765184182 26.9286713803
12.0138906043 46.6751539265 27.4369574803
12.2145009345 46.3508330517 28.0510721816
11.5889774781 47.1274053253 38.5406372854
11.9446651459 46.5635888728 39.2079154090
12.4611875233 45.9722158650 43.8658996980
12.3767660588 46.1102140780 44.8026707009
12.4465148901 46.2539036886 45.6451754244
12.8743156046 46.5342912966 45.1437714509
12.6208569699 46.3518332205 46.2237218283
12.6797960180 46.2030712187 46.6618700077
12.0178933289 46.0604864912 58.1179493143
12.2539973968 46.6699197761 58.5370226101
12.0805030518 46.2864957527 63.1188162210
12.5527420186 46.8435898883 63.5496620169
12.1091311080 47.8480722035 25.7788134265
12.5834449159 47.6071211527 26.3986587813
12.4814152249 47.1441270171 27.1041076689
11.8883991986 48.1253256343 38.3414024545
12.2611197174 47.4998838458 39.1292178314
13.1037711757 46.6284800474 45.8577800318
13.0044271086 46.4716063194 46.4756414114
12.5155375923 47.2691415466 58.9276793684
12.0790686155 47.5104693133 64.0282999486
12.4072390923 48.2019280849 64.3834362499
12.4385516659 49.1922774000 6.5185532326
12.7235328588 49.1839093323 5.7644109153
13.2111489585 48.7262390534 6.3273055211
12.8444009005 48.7058712289 7.5180874584
12.0657728401 49.2026012206 7.3527429271
12.9602072481 48.5347077337 8.5943321156
12.7620099204 48.5700626030 9.4236223536
12.5829847514 48.6340049729 10.4740591633
12.0111548066 48.9024216993 10.9636445642
12.6769353288 48.6124007291 11.6431317859
12.0250708528 48.9071030817 11.8783864039
12.6087850556 48.6150271666 12.7401019292
11.9345797312 48.9125034581 12.6222087468
12.7930017409 48.5457964124 13.6738313005
12.5630317493 48.6589941235 14.3176619390
12.2989297754 48.8737873813 14.9536468687
12.0590686560 49.1121615669 15.2827819293
12.7051821973 49.1124307491 15.7081397193
12.2519094345 49.0941208687 23.7230517086
12.6114907187 48.7267532458 24.4068013345
12.4422345987 48.2944482665 25.1766810783
11.5110434511 49.0088229074 33.0044337117
12.1637030963 48.5784208047 33.2324777998
12.1110867105 48.9870355158 32.5666016841
12.2793858627 48.2930331498 34.2843713045
12.2301067018 48.5577994843 35.2483085819
12.8430998335 48.2990103747 35.0589444289
12.0344344517 48.8264092540 36.1784992046
11.8788255800 48.7564685456 37.4002211188
12.1518933597 49.0017697952 38.3075417182
12.4371467679 48.2804628255 39.1561812491
12.4134428614 48.9356525120 38.9440037415
12.8533370918 48.8695108602 39.5624415362
12.0714344026 47.9174081628 59.2447851240
12.5457557318 48.4179687974 59.6457896240
12.5651231882 48.8736368623 64.6339379263
12.2513077440 50.2236097393 4.5285358864
12.4849251449 50.1539954415 3.7223872037
12.9627861951 49.7276249252 4.0847965703
12.8694603847 49.4164227900 4.9714851948
12.2367559520 49.9040615423 5.6967439224
11.9351630599 49.7888003229 6.6978941145
12.5497511730 49.6825161828 16.5349019521
12.1711601051 50.4219077252 16.9603747643
12.7138125737 49.9714496732 17.3548166854
12.3693899679 49.9426637758 22.4831925003
12.8027805723 49.4593819025 23.2702824901
11.7321586201 49.3952447636 32.2323362425
12.2669508937 49.2643466271 31.9860196057
11.9922767397 49.6466301518 31.6384636470
12.5625959645 48.8222301196 35.6932171595
12.6279686214 49.2857366731 36.3176298868
12.3936779145 49.4893592016 37.1246178473
12.7101086911 49.6810197506 36.7570843582
12.2657649324 49.4360724965 37.9466423313
12.5113237929 49.6772553849 38.6786507637
12.8468284128 49.6050790962 39.3320420180
12.6894314535 49.2408141664 60.1188787438
11.6885097777 49.5990309748 64.9995350539
12.2432573530 49.6958441950 64.8537621586
12.1806474374 51.4230182008 1.7659264610
12.6677065698 50.8399788311 2.2015945206
12.5499229560 50.4496073396 2.9518113970
11.9101073593 51.0388011237 5.2233219013
11.8850050642 50.7883303547 6.4000170449
11.9522421500 51.3147241692 16.9123132509
12.5632961712 50.3402987867 17.7964973517
12.2611802191 51.0560591237 17.9932780450
12.8295945345 50.4755403458 18.7312511126
12.3620221617 51.1636180156 19.2305869936
12.8443829673 50.6504473385 19.9076025511
12.2762348978 51.1445257491 20.2783054341
12.6752382826 50.5841732946 21.0506262720
12.0663750901 51.0423091053 21.0540310909
12.7135773962 50.2155218008 21.9211798546
11.8377516186 49.9920569717 31.1315796060
11.9017213151 50.3944408078 30.3835987577
12.9173452923 50.0857582502 37.1461109051
12.6764342223 50.0805202362 38.0018772602
13.1266949230 50.5282143213 37.7188158310
12.8019696554 50.2697382930 38.7021956967
12.8499223239 50.1111420500 39.0987557397
12.0253381117 49.9917485404 60.3475088736
12.4738013088 50.6354089540 60.7753165031
12.4729612661 50.7266644257 64.8363320624
12.0752619603 51.9676631485 1.3478542812
12.3416456193 52.3477996608 1.1215742738
12.7533841271 51.7537355094 1.3254693633
11.8468708537 51.9866249199 5.1057405399
12.0802505322 51.9183020175 5.9319211286
12.0059151733 51.7912385946 7.1376766488
11.8377145592 51.9279629446 8.1778805573
11.6896831000 51.9490067237 12.6177441178
12.0319867137 52.0289332808 16.8396071142
12.1256170961 51.9621108027 17.7039856583
12.1685349193 51.9317870918 18.7897505688
12.0919230167 51.8779793937 19.8695323879
11.9059843849 51.6922386500 20.7783049819
12.1594473023 51.1626111171 29.0112636920
12.1106028337 51.4640273489 28.4077836300
12.1115421310 50.8548836573 29.5453541762
13.2166455578 50.6523629765 38.4401593079
12.7263488495 51.3513344837 61.2239503197
12.6839378751 51.6609924616 64.7896778871
12.6067667812 52.9253328669 1.0462077156
12.1742988257 52.6640052234 5.2587111154
12.4700195076 52.6485187548 5.8879017044
12.4447306753 52.4519611083 6.5563991336
12.4694527095 52.4923603078 7.2354389698
12.3210694272 52.4392098861 7.9202529938
12.7867225192 52.7955727059 7.6234126083
12.1861831772 52.4847515866 8.9282653292
12.2431078655 52.6311241089 10.0358226529
12.2373052283 52.6057599208 11.0147197673
12.1781892106 52.4777243088 11.8842131067
12.0466672246 52.3100349948 12.8121444770
12.2331217950 52.5036960190 13.7632003031
12.3978973463 52.6725382939 14.3915150203
12.7250298012 52.8296996452 13.9679869812
12.3589909111 52.6605784915 14.9147214721
12.1356802968 52.4305488386 15.4939683765
12.2178048248 52.4703257900 16.3550706292
12.5395033242 52.8151023397 15.9024748686
12.3196507845 52.6384547820 17.2851630500
12.3166040523 52.8384000745 18.4528165761
12.1722088931 52.7302137942 19.5908649186
11.9890495413 52.6249538517 20.7004218263
11.9199396530 52.7288902308 25.6202968924
12.2592392446 52.6076692836 26.0498029181
12.3076818573 52.3026176469 26.6580558723
12.3901951876 51.8580654842 27.5281546809
12.3008009574 52.2378082497 61.5528401027
12.1705090227 53.2029208106 61.9338424836
11.8293893314 52.5896704434 65.2846859156
12.5638855974 52.7415818829 64.8952022685
12.9545386015 53.5324087711 1.1802289056
12.8894371418 53.1899226540 5.4682850643
12.2471794086 53.4383320810 4.5777114280
12.8615405515 52.9241054503 8.3972752233
13.0081400776 53.1432870958 9.4760987078
12.9002120152 53.0140490283 10.6146125027
12.8066709050 52.8860026964 11.6352906911
12.8758738348 52.9433674430 14.6958745083
12.7057187520 53.0300870593 16.6080663518
12.7711149157 53.4133789056 17.7100691130
12.5953283415 53.5917175661 18.6684870293
12.4383063507 53.4987460506 19.3869431322
12.7511449084 54.0152059546 19.1986885169
12.3760300057 53.4806439050 20.3586648620
12.3023719021 53.4495120380 21.4399903132
12.5028171713 53.6219746108 22.2345034046
12.6057318751 53.4849324231 22.9527179146
12.5912072767 53.2291892346 23.8603877695
12.5675677375 53.0230402406 24.7552449249
12.4754971069 52.8134499668 25.5395630757
12.1605898888 53.9200001872 62.2166495961
12.0981485563 53.2726179805 65.3162171510
11.9902482935 53.9740725829 65.5889660788
12.4822918746 54.1406286876 1.5162116807
12.8417401433 54.5742274907 1.8930098090
12.6343474559 54.1572805408 3.9542879417
12.1362167037 54.5099215704 3.3947999416
12.7897278062 54.1291428991 19.9680116910
12.9332844324 54.1700406931 21.0142053826
12.9171205556 53.9691652667 21.9307654116
12.3578254209 54.4087106083 62.6249565549
11.8129607099 55.0964322048 62.6087961385
12.2684884379 55.0837361531 63.0359454887
11.4359116930 54.7626235368 66.2472570491
11.8924016636 54.7332623899 65.9147774287
12.5498293670 54.8215812968 2.3432653690
12.3814071238 54.8066258186 2.8815055318
12.1687385646 55.5700223556 63.3444396406
11.6605586888 55.2758224848 66.1799021565
11.4911660570 55.9703908781 66.1561987071
11.8775616077 55.9660920248 63.4810268019
11.9196820869 56.1666795028 64.0253179296
11.5261593524 56.6827988708 65.3676490239
11.9246964387 56.2962144992 64.8270388875
11.4572484968 56.5313786789 65.8723211866
11.8938240886 56.1497953854 65.5936797763
12.5745724999 15.7320152100 48.2370870067
12.7262880817 15.8875983455 48.8978789375
12.5480159843 15.7971316699 49.8143481002
12.3165539628 15.7218809967 50.4885389921
12.6706637628 17.0825563953 46.8996723732
12.8152855182 16.6397217119 47.4558746195
12.9219841502 16.3220201865 48.1963197223
13.1066873874 16.5529632039 48.8945633403
13.3207388769 17.1808349073 49.2163731641
12.9355017733 16.6269617063 49.6837141442
12.5510287489 16.3674462469 50.4821523034
13.0027722806 17.7009603888 46.8218094961
13.1968182218 17.4389506023 47.2856368998
13.1879267651 17.5330841426 49.9378769765
13.4811725285 17.8320211720 49.5000266181
12.7773528514 17.2376924336 50.5494331018
13.1105180433 18.3469872211 46.5973624064
13.3722440591 18.0595762600 47.0602755095
13.3999525859 18.1680377339 50.0059388263
13.4540916306 18.6787999492 50.3244895201
13.0536981020 18.1896844494 50.6316397561
13.1276513126 19.8878100616 45.7332679514
13.5687980621 19.4944531389 46.3376130335
13.2515093227 18.9282648338 50.8348035475
13.2064617931 19.3683180245 51.2655091866
13.0132162807 19.8694484784 58.4869554482
13.6151091904 20.0777907210 57.9649495823
13.8016351227 19.7175299545 58.6840336307
13.8629289701 19.4741870657 59.3357813316
13.5284385049 19.4830776110 59.8304763190
13.5874631966 19.5676977346 60.6395151166
13.0211686030 20.2631829085 61.1315241354
13.6663496401 19.9310370500 61.3874866763
13.3385414978 20.6540268343 45.3837050098
13.7450924191 20.3505801223 45.8564086379
13.4062213572 20.0226454147 51.8163619345
13.3684670663 20.4725844781 52.7252675920
13.8180543918 20.6391125355 52.2523917228
13.2098176689 20.6016449295 53.5810789923
13.1434873407 20.7009699005 54.6481039912
13.1923909791 20.7006329072 55.6605025419
13.3404354893 20.6355281187 56.3918990215
13.1613469971 20.3917163225 57.0653884815
12.6116109567 20.8689529516 61.3285439586
13.3143274940 20.8241117366 61.6464163813
13.0175936557 21.8675640211 44.5147901019
13.2628391464 21.3946358281 44.8924301843
13.8554501819 20.9179322868 52.9516643209
13.9210710631 21.1699858882 54.0046781263
13.9533234155 21.1743738108 55.2481027734
13.9113023603 20.9416982082 56.1794840054
13.3637768115 21.9355702868 61.8393123968
13.1791902261 22.6158244363 44.1356647958
13.8457527550 22.1815406878 44.6386653641
13.6916189515 22.8549597138 61.8760181762
13.0589071288 24.1957507916 43.3678661602
13.7178037070 23.5156333342 43.7352047743
13.0528863835 24.2174894564 61.1859132164
13.4641702666 23.7135349792 61.5279460603
13.2889860936 25.1568690179 42.9766758565
13.6306531111 24.4147731561 61.2506921171
13.2405783840 24.8923785190 60.8685175344
13.0533992755 25.9258207546 42.6796572456
13.2302217420 26.4359273711 42.4503102464
13.8008134372 25.7310750183 42.6536121530
12.9195656529 26.2083172328 60.1109349467
13.1511212546 25.6429274858 60.4205322125
13.3398485056 27.1646560616 42.1963231876
13.6839468196 26.2807820838 60.1327515074
13.0326805867 27.0232389229 59.8032681788
13.4574472771 27.9835721539 41.9277752003
13.5497051442 28.2247635142 59.4789796837
13.5182601936 28.7568842038 41.6666366979
13.2508809167 29.2275681403 59.3866777909
13.3041052000 30.1406075966 41.2243368598
13.6113535723 29.3384402680 41.4557595681
13.3989149922 29.9962442609 59.2476463174
13.5318991288 31.0975943827 40.9626415940
13.2369024607 30.7465113386 59.1229716347
13.8806867328 32.0711152886 40.7513648022
13.5320529747 31.1873638573 58.9673884607
13.2918097537 32.0542917998 58.7838074793
13.4856546262 33.4709122452 40.2510631211
13.8434087424 32.9043222528 40.5269860645
13.4353744692 33.2213812226 58.6535468161
12.9264700580 34.6967597627 39.4886896268
13.3564501621 34.2719979416 39.8677565869
13.5154713824 34.2417721982 58.6247557823
13.0006920261 35.4133511016 39.2299284696
13.5266459211 35.0225956944 39.5959881109
13.5044905586 35.2367877263 58.6299396485
13.5303203672 36.3157157038 39.1383991410
13.4340449171 36.3052431980 58.6234157979
12.9575680804 37.4766754991 38.4144387385
13.3604779218 37.1265003144 38.7807313458
13.4369237018 37.4115958484 58.5764906794
12.9541294106 38.0984646478 38.1851380730
13.4470902957 37.8888949328 38.5560210420
13.4916770617 38.4793947375 58.5469037739
12.6228265594 39.8232813861 37.1483841495
13.0117749895 39.0641406375 37.8810605955
13.5354068044 39.4964986160 58.6123884845
12.5465025329 40.8715737803 36.4381840411
13.0625073633 40.7323952530 37.3805562168
13.3640147898 40.1964409764 37.9199147692
13.6847078815 40.5619880253 58.8060691599
12.4753595418 41.9056731139 35.4713615462
12.8653048431 41.9225035857 36.5566953099
13.1491536296 41.6600839039 37.3820798129
13.4913953940 41.1581835551 38.0143631993
12.9962741422 40.9597645957 59.2140137700
13.0912796104 41.4767786276 59.4827465320
12.4593934191 42.9187733020 34.4037354337
12.7926894056 42.9395751628 35.5102277021
12.9231608840 42.6858263899 36.2991732005
13.1397888947 42.5801073582 37.1469074839
13.5065678606 41.8947632199 38.1059485687
13.4144531327 42.5202230482 37.9102023934
13.7132129943 42.3893313747 38.4645249397
13.2162071421 42.1135841313 59.8417448594
13.6087041921 42.9365555386 60.3154480464
12.5317371122 43.9376209181 33.2266203679
12.8180653237 43.9434865388 34.3761505676
12.9159226828 43.7240363291 35.2044706880
13.0585700615 43.5596596550 36.1276741814
13.1586970205 43.2866700520 36.8688383290
13.4155939877 43.4162097081 37.6525493850
13.7456326745 43.1307148688 38.4187627681
13.7675365212 43.2194444963 51.5515238089
13.1152551947 43.4912267601 51.0148208677
13.6824181677 42.9129644961 52.5699476175
13.4863521113 42.8487586730 53.8044917796
13.1594705835 43.1498392383 54.9679939868
13.3331771909 43.5344249311 55.8222007537
12.8048917620 43.5696573796 61.0426769162
13.4083990932 43.5069744659 60.8198087586
12.5037194646 45.0041135817 30.7357503499
12.7559601055 44.8330906821 31.9251050086
13.0283893769 45.0307660193 33.0889642509
12.9950049342 44.7578798498 34.0647825719
13.0466411854 44.4922811802 34.8978781446
13.2272967677 44.5818201913 35.8014616565
13.3636646398 44.1597971479 36.9059991837
13.6090368988 44.2161425225 37.6938351449
13.7565171719 43.8841825447 38.2073446332
13.5739196330 44.2413571739 49.6582921645
13.1339708440 44.5475474304 49.1103017227
13.5154447866 43.8412795997 50.3183073505
12.9605097698 44.0053799765 56.2753347594
13.1826066773 44.4182698564 56.8132955241
13.2254168754 44.0120071170 61.2443114735
13.3838464901 44.7973123354 61.7008579930
12.6556631407 45.8116025915 29.3538534426
12.7453342952 45.5855208669 30.0287214139
13.0252716887 45.4720263322 31.0315717650
13.2119948606 45.5120701447 31.7097322524
13.2277359077 45.4678560329 32.3910066374
13.2618994534 45.6375759028 33.0153760601
13.3050664051 46.1225238286 33.1050191624
13.1882029245 45.7667245773 33.7260401548
13.2502338506 45.5228705851 34.9214329268
13.4533211366 45.4645591433 35.8017797326
13.5864417299 45.1303084305 36.5546169131
13.7092782335 44.7997739856 37.3261884414
12.3516830784 46.2475195318 39.7763717611
12.7122330430 46.2256637085 40.4591603570
12.8282094730 46.0450443127 41.4730113605
12.7036331964 45.9106386330 42.4158245776
13.1517808558 45.7969267005 47.5137342877
13.4832873008 45.5464813638 47.9315890035
13.5445884937 45.0586633655 48.5035982506
12.8901177804 44.9518247346 57.2403286631
13.1066586119 45.3984141691 57.7309933690
12.8978828289 45.2847304793 62.2540489814
13.0581062575 45.7016082008 62.5736507229
12.5775667646 46.7568712778 27.7735450307
12.8534076827 46.6007166511 28.4640949287
13.0357908621 46.2800203148 29.4449160488
13.2475775366 46.0818483798 30.5016892910
13.3408440913 45.8970104785 31.2541098642
13.1717421552 46.8875150609 33.2961047497
13.3749673157 46.5034711494 32.7170295365
13.3502357126 46.9990198426 32.4635086787
13.2154233749 46.6087718140 34.3755192824
13.4010408805 46.4838430207 35.0724192554
13.5069372850 46.0545636772 35.5062529172
12.7612829811 47.0349635289 39.9063201208
13.1435359914 46.8224774575 40.5295616956
13.2259241189 46.6005643348 41.0738680952
13.3114216923 46.5738236867 41.6812191040
13.1935809016 46.4498744585 42.2851293570
13.5760523906 46.9011647037 42.1114891091
13.0442813513 46.3953758560 43.2451254603
13.0130426608 46.5250518332 44.3335051504
13.8204032602 45.9245850169 47.5759124595
13.2607905071 46.2182931264 47.0109715577
12.7826411266 46.0121526920 58.1495256045
13.0134709430 46.5891257513 58.6478287913
13.1123328983 46.2419254535 62.9678109069
13.1835484623 46.8058685626 63.4412669188
12.6936004911 47.9355201463 25.8726447611
13.0598236383 47.8862496068 26.3314370953
13.1335808332 47.6604803921 27.0259435097
13.0973105275 47.2190543878 27.8651555320
13.1430155316 47.7311174400 32.3272429727
13.4198248889 47.3201071360 31.8667209169
13.3743926631 47.8443183980 31.5227741756
12.7391652055 47.9474744256 33.2767713857
12.9356188977 47.5802078162 34.2080714052
13.3505078414 47.4133719907 35.0231633333
12.8190663603 48.0353068831 39.6939402583
13.3044366439 47.3278993981 40.4672776735
13.2881761071 47.9182525885 40.2679394527
13.6883293661 47.8682698263 40.8216818774
13.6582565797 46.9787030813 42.8240273099
13.8361014590 47.0307162946 43.8762281431
13.6772820053 46.8718916904 45.0491578591
13.8597648160 46.8168212803 45.8819818907
13.6141532889 46.5973796564 46.4696945887
13.1086395909 47.1640730124 59.0596463595
12.7621081506 47.7031996657 59.2610996976
13.4310789275 47.5406945585 59.5177727440
13.1772072298 47.4430517111 63.8463710531
13.3120584469 48.3930950932 64.2959790638
13.1575370240 48.9470384238 5.5014094779
13.4767085841 48.9904210763 5.0446383246
13.7643982717 48.6756198276 5.6072872922
14.1389922034 48.3583911400 6.3486881301
13.8224286781 48.4295519394 7.2873075283
13.6804207967 48.4270334978 8.3678385665
13.6128952089 48.4133153971 9.3795312137
13.5325860865 48.4413595006 10.3800879169
13.5006741687 48.4649069238 11.4437679059
13.4752338857 48.4685703852 12.5068226037
13.4308960318 48.4680972689 13.4698922354
13.3575937961 48.5356085020 14.3054358525
13.1377008376 48.7353537138 15.0565083298
13.7916151147 48.9576431440 15.7838619554
12.8724409853 49.0355769312 23.9452968859
13.1657904345 48.8703874166 24.4447979051
13.1460918934 48.5923034094 25.0559801000
13.1430936462 48.2330693862 25.7923809721
13.1199755623 48.5056997285 31.4747223543
13.4446302200 48.2292431206 30.9256387411
13.2966831510 48.9640132680 30.5909298786
12.6306452996 48.6545329860 32.2914167900
13.4195111438 48.2573594806 35.4005968296
13.3226334939 48.7300521477 40.1064725533
13.8095072361 48.6490486564 40.6460206187
13.4804912763 48.4840516860 60.0402409791
13.0643406341 49.1843053172 64.5781933731
13.0100036803 49.9526405090 3.4410784020
13.4233032320 50.0623699351 3.0078858459
13.7807722703 49.6438349269 3.6036699494
13.5990711774 49.2682822995 4.4300058213
13.5324796889 49.3082182816 16.5693983493
13.4007928115 49.6699807515 17.4614955843
13.0527139049 50.0151065743 18.0480688469
13.6102296170 49.8549311973 18.2506211270
13.3970048917 50.0851051031 18.6992954136
14.0267496115 50.0073513553 18.8493371342
13.1127699539 49.8921179386 22.5634600129
13.5796701830 49.6973195012 23.3110706725
13.4867538196 49.2725490425 24.1167959383
12.5916722748 49.5236648101 31.1034364734
13.1271062712 49.6866594837 30.2005553022
13.1705156405 48.9813800196 35.7816172958
13.1041451887 49.6822580615 36.4505487131
13.9601508944 49.5702387999 36.1339678031
13.8276206511 49.3032689150 40.4222997513
13.4357148817 49.6107104280 39.9066437927
13.5019701912 49.2499649488 60.4573707281
12.8284490033 49.8567009908 60.4658192298
13.3495009448 50.0373740991 60.8134258539
13.1757913039 49.9799518516 64.5788651450
13.1918524508 51.1602029050 1.7382391734
13.5878527937 50.5294515674 2.3658647261
13.6245170028 50.3029874485 19.5692650417
13.5295874009 50.4305467371 20.7288790429
13.4825155797 50.2569557915 21.8719215965
12.7705719521 50.8976374829 29.0096606572
13.3916249130 50.5632074628 28.7690076268
13.2605297392 50.9877038918 28.4255511836
12.6765127352 50.2938395418 29.9892700449
13.2539388913 50.1445857592 29.4542385137
13.4808158801 50.2047548989 36.7229619098
13.3609705435 50.5427405960 37.2446082634
13.7660622170 50.6445873809 37.0000496078
13.0946022946 50.4718863409 39.0149068795
13.2707549615 50.2230888033 39.4404729706
13.2889261969 50.6958114729 61.1355727029
13.3236083430 51.0509273693 64.4766259389
13.1220511014 52.2764686201 1.0787882724
13.6375982283 51.6731391158 1.3373820384
12.8776120522 51.3693785337 28.2009519592
13.3129018988 51.1961598567 28.0708954604
13.2069713003 51.5270260925 27.6242379678
13.8012543799 50.9388149011 37.7206447415
13.8334032445 51.0266678928 38.5965287602
13.5881178686 50.7278829439 39.1284079583
13.4504982093 51.1656581536 61.5647471193
12.9621456843 51.6731307865 61.5217910136
13.2376684285 51.8518793788 61.9132306151
13.1942380508 52.1055011111 64.4911146327
13.4393159518 52.8709856521 1.0424458768
12.8392007489 52.8888871646 6.2366265176
12.9137135116 52.8435805149 6.9350314464
12.6311083574 52.7417265655 12.4100789505
12.7398746788 52.7798930196 13.2083897726
12.5958211113 52.8374312866 15.3407839747
12.9584963244 52.0200769618 27.0075606039
12.9882142437 52.4267907670 26.2278173880
12.7442413267 53.3597253717 62.3480805787
12.9361554857 52.6109098345 62.1500523272
13.2242286810 52.9217277603 62.6496807857
13.1716654892 52.9006062041 64.4040647237
13.7829050165 53.3879727717 1.2298411806
13.8042943349 53.4770547543 5.3103200198
13.2109729306 53.7735239210 4.6105410736
13.5367486630 53.1562353172 6.3475497631
13.5005253163 53.0735933801 7.6118637188
13.5704254669 53.2813340620 8.8104751744
13.4293116699 53.4766574151 9.2998932602
13.6784222551 53.5040466752 9.2858604244
13.4581574144 53.4804176658 9.5709555343
13.7007609454 53.2979928408 10.1365080757
13.5878657051 53.1082868285 11.3297533405
13.3869442880 52.9881915494 12.5242028036
13.3961901319 53.0100949084 13.8077089535
13.5588639113 53.1333126524 14.7981634135
13.1166225802 53.1264263644 15.6570226851
13.4133263643 53.5483607969 16.6880141220
13.3696348008 54.0365942370 17.6859608150
13.8171626421 54.0080449983 17.0999050608
12.9911345328 54.0707773455 18.5207849259
12.9224275009 53.8268237473 22.5230445307
13.2246724551 53.7667050371 22.9167174672
13.3000879235 53.4920583751 23.4952301433
13.4174452572 53.1116412521 24.3978430609
13.2146595745 52.7916867039 25.3486310603
12.6224082627 53.8431364709 62.4725473900
12.9966366556 53.6602939407 62.8523486300
12.5087322322 53.8994676375 65.0738370655
12.9529557590 53.6784750270 64.5011902138
13.4760324652 54.0436440287 1.5927295705
13.4090305098 54.5312739675 2.0495534270
13.5599513703 54.2345795912 3.7717033560
12.8937814899 54.6081669641 3.3277574019
13.5510070695 53.5760641462 9.4150499444
13.9576440984 54.4602536692 17.6636174129
13.5619182341 54.6063869879 18.4291592684
14.2784787831 55.1122293688 18.2829063295
13.2662709119 54.6060186826 19.3665819617
13.3626875557 54.6956477100 20.3812365798
13.5475516349 54.6624643343 21.1019278776
13.5904486663 54.3604045264 21.7855529030
13.4203041648 54.0199037088 22.4621661117
12.5964752205 55.1013003401 63.7319361413
12.8203848562 54.3940659929 63.2483568012
12.6787493662 54.7441091076 64.6029624810
13.0191387790 54.2043963457 63.9225133472
12.3352277581 54.7721670992 65.3861981109
13.0959471846 54.7665982594 2.2746294030
13.0215850954 54.7999573524 2.7370537468
13.9136127271 55.1747482553 19.0528252971
13.9749535469 55.2214844251 19.9313120408
14.0172830631 54.9972454771 20.7823131578
12.2644006003 55.7457757009 63.7579404862
12.3726093124 55.6587319142 64.3498875723
12.3117457799 55.5696161086 65.1319887316
12.0427055624 55.4599331698 65.7881996304
13.3200373241 17.1705271269 47.9684883814
13.3200073616 16.9556064778 48.5812234488
13.6717067304 18.1250824328 47.7414595919
13.6062212008 17.7752727771 48.7329983642
13.6918658500 18.7480450511 47.0470274383
14.1551870803 19.0576282372 47.6937971858
14.0725554438 18.8009181026 48.5999303671
13.7362195775 18.5723318969 49.5902456315
14.3404902351 19.2050172308 61.3795581606
14.4657208968 19.0415055168 60.6719822348
15.0562152403 18.6534873403 60.9706157154
15.1064725941 18.4364168865 61.7563208101
14.6287525118 19.1498750122 62.0530188804
14.9969823054 18.7372957018 62.3985518531
14.1513519173 19.4592363021 47.0794241055
14.7132238001 19.8625197100 47.6432980675
14.5167273015 19.4606033250 48.2602414833
14.4400822368 19.4141308486 48.8405228173
14.5322119801 19.6630675739 49.1947628814
14.2128457683 19.3230148252 49.4187342057
13.7747129493 19.4283539487 50.5004120113
14.1424719236 19.9066257837 58.2935260163
14.4912197172 19.7985330905 58.5354854068
14.5774891247 19.5345949959 59.0676398312
14.4932178582 19.2358454371 59.9108872640
14.1934275238 20.0446373476 62.0072022273
14.8233223180 19.5509880802 62.5702019722
14.1517435859 20.9624643151 45.6996885601
14.5528955798 20.7247529030 46.2491705754
14.5795497349 20.1724593889 46.8854251535
14.6292135441 20.0461282031 49.7509471768
14.2509119998 20.2848179078 50.9115785057
14.1042339018 20.5825440108 51.6663251592
14.6134781934 20.7904470715 51.2449847238
13.8392346042 20.7001845289 56.7762941174
14.2117809262 20.5246846723 57.3674177114
14.7033696453 20.1782292253 58.0647439760
14.0530808949 21.2078772840 62.1566093562
14.8000796051 20.7204380983 62.6350583237
14.4427503502 21.7181276130 45.3012591791
14.6810766937 21.3268260232 45.8052284980
14.4712572178 21.0406888205 52.0657710725
14.5627151765 21.4231801787 53.0443807092
14.5769359147 21.6134360687 53.8638911658
15.0039523400 21.8000741194 53.4379033169
14.5051712404 21.5979257377 54.6525446345
14.6205436977 21.5879211521 55.4050291653
14.6670721861 21.3792625972 56.0926588971
14.5579131345 20.9764664799 56.8015750023
14.1409988500 22.1791573886 62.1792081762
14.6332031007 21.6812419418 62.4772214189
14.5016210684 23.0200770576 44.2740937098
14.6347491937 22.4633428775 44.7781435120
15.1837720697 21.9825827857 54.2004279401
15.1340263630 21.9200717567 55.1652775378
14.3262501782 22.8836848314 62.1489909373
14.8682743593 22.5389309242 62.4417306219
14.1866489630 24.3584740422 43.3261303625
14.5702153290 23.7288014587 43.7571384844
14.7480326544 23.2540643809 62.2125530981
14.2374547178 23.5111714714 61.9101755739
14.2669603600 25.1109385032 42.9255869523
14.0489704507 24.8801016649 61.0760194872
14.3283299582 24.3194955112 61.5290602423
14.1134213453 26.3786292708 42.3794221326
14.7365458279 25.6508763267 42.6663540357
14.9299254472 25.0952734817 61.0479290603
14.0662065842 25.5553156520 60.5988730410
14.3324653722 27.1704864076 42.1099107824
14.4350002611 26.2025015346 60.1632241016
14.3555699852 27.0454911329 59.6999542972
14.4959810986 28.0903298654 41.8154621635
14.4425068880 27.9248496487 59.3548491410
15.0748240179 27.5536790379 59.2685290406
14.9003012340 28.3133321580 59.1085700249
14.1676934339 28.8677157646 41.5702723887
14.2729389424 29.4585824445 41.3715811338
14.9565084662 28.7613589142 41.5719075474
14.3085867740 28.5062376902 59.2587397263
13.9829732281 29.1752253951 59.2542866273
14.3827788548 30.2573182360 41.1550597008
14.1071804332 29.8588436313 59.1242645399
14.5468419356 29.4221576536 59.0489812445
14.6260664250 30.0529606825 58.9123033589
14.5873828318 31.1218707411 40.9800455761
13.8960657742 30.5275173587 59.0499293754
14.4008624390 31.1146993773 58.7742081413
14.8758285793 31.8436980794 40.8830811239
14.4385637709 32.2911811832 58.5999061429
14.1923765587 33.4003879112 40.4540394325
14.8142968732 32.8151301801 40.7189622601
14.4252699508 33.3889798708 58.5423590168
14.1914580384 34.0750057950 40.2460627433
14.7584067864 33.7088321278 40.5220970498
14.4189387830 34.3958729955 58.5169717030
13.8873298363 35.7410014516 39.5054461303
14.3929151308 35.1278090765 39.9835489983
14.4055086195 35.4421214328 58.4754099249
14.1696568168 36.4419604002 39.4229206796
14.6041250137 36.2006199589 39.7616319382
14.3544371052 36.5377500352 58.4164279141
14.1177159668 37.0767010343 39.2199958753
14.6050575504 36.8781411470 39.5679787163
14.4080371035 37.6735447218 58.2913699979
13.6593716454 38.6558976214 38.4972341988
14.1159322842 38.0312830349 38.9878498324
14.2437215701 38.8459370591 58.2949980044
13.8293122608 39.6528585209 38.4823641413
14.3353613156 39.1260546604 38.9791083128
14.2371471713 39.8396548469 58.3473847979
13.9838377664 40.7422447420 38.6359892242
14.4163241718 40.0718340555 39.0339462314
14.3500408667 40.6820216094 58.4135705016
13.8613409525 41.7303119511 38.6001856104
14.4998619862 40.7877316997 39.1938174517
14.3789912875 41.5343011606 39.1678493258
14.8944809185 41.1074351576 39.6260283786
13.5725428705 41.4393393839 59.2781066983
14.1842692354 41.4392673895 58.8554488666
14.2159301738 42.6120032369 39.0365995648
14.9359700720 42.1373372467 39.7578934310
14.3117872880 42.6026671623 53.3390303473
15.0677984891 42.3391070744 53.0768879187
14.5601900964 42.6637591977 52.6495582413
14.2871263051 42.5598013680 54.0595957269
14.8887421153 42.2463450569 53.8753933994
14.6781842092 42.3252421125 54.5429800834
13.9955900652 42.1191690601 59.4473502026
13.8959987992 42.5764291585 59.9012595663
14.2551299430 42.7287984651 59.6984878228
14.2382849564 43.8472828127 38.8461048186
14.9309741317 43.4022262540 39.6312568834
13.8975078120 43.5128525539 50.9055131764
14.7231411887 43.3017789689 51.0156369103
14.3371032134 43.6894267430 50.4869872316
14.5906994007 42.9063869675 51.9341147397
14.0895561643 42.7090984053 54.7514408605
13.7022402461 43.8605824663 56.5807578842
14.0445333582 43.0523863623 55.7814582202
14.1525052723 44.0388373607 57.3844487284
14.3395202891 43.2843735825 56.7798515770
14.4987894307 43.5360157642 57.5062332777
14.1095459841 43.0470004410 60.0945557774
14.0184699914 43.5727761810 60.5133146235
14.0300836682 44.6821306734 38.0847040999
14.5456250846 44.7668332069 38.7787953424
14.8284474113 44.3008583215 39.3004662514
14.4130213058 44.0800538367 49.8608838927
14.0727284587 44.5746646088 49.2007625767
13.5768329398 44.7401926220 57.4298218432
14.4182715508 44.0815266182 57.9491954806
14.1315145162 44.8152244212 58.1697014453
14.4771380577 44.4399935658 58.4769119471
13.8111266459 44.1759161115 61.0725138286
14.0926858957 44.8860561232 61.3054755956
13.4164440074 45.9840791733 31.8580704909
13.3909373970 46.0228052349 32.5515580487
13.7630760103 45.9936813056 36.1585744387
14.1592737757 45.6888666768 37.1904776141
14.5535297439 45.3941246624 38.1948567715
14.8723927068 45.2862979052 38.7392767261
15.0943199226 44.9363761845 39.1879790842
14.5668190517 44.9837530350 48.6849695187
14.2186965203 45.4918635785 48.1154996138
13.5250247193 45.6996889190 58.2759085066
14.3872946337 45.0345831226 58.8214154447
14.0868221664 45.7111893415 58.8793433202
14.4142019721 45.5608614645 59.3468459564
13.4697514225 45.6405359259 62.3431275905
14.0446737048 45.6203012073 61.8774745194
13.4393632130 47.2151505698 28.9660568159
13.4686923929 46.8295307701 30.1418840738
13.4834442550 46.4711754228 31.1234902908
13.4788254459 46.6542586050 31.9636055031
13.7017301617 46.7632815357 35.5997899046
14.2680019514 46.7946151008 36.3236675345
14.7002167061 46.4850123374 37.0323656438
14.9643704815 46.0888804951 37.7688737882
15.0665057168 45.6946612498 38.4400393196
13.5164652020 47.1944127959 40.9531095246
13.6260828728 47.0567169498 41.5637678883
14.6529526532 45.8891812511 47.6419074930
14.1660059727 46.3155498353 47.0554697342
13.6055946293 46.5631568914 58.9984766878
14.1533030139 46.5808753214 59.6412950501
13.8984795560 46.3058407727 62.5992477003
13.6618652809 46.8352636348 63.2411975686
14.1726583176 46.9594337642 62.9261036431
14.5275600483 48.1484236799 6.4506104179
14.5152274471 48.1820289393 6.1799319306
14.6194217643 48.0936997651 6.3041402427
14.7651979988 48.1579546442 6.4821451760
13.5323656879 48.1873798995 26.6051817228
13.7606166492 48.1497145662 27.8511549374
13.7458094027 48.0256143134 29.1054685819
13.6383988953 47.5606266148 29.8480069237
13.5514347618 47.4091345342 30.9430799593
13.9570262732 47.7541663483 35.6810341016
14.6331068068 47.6619611783 36.1252118008
15.1048000552 47.1549723935 36.6907850679
13.9461138775 47.7284284396 41.4390897866
14.0710976902 47.5182696275 42.2449592564
14.3168759763 47.5127408578 43.1671740765
14.6153188283 47.4664521561 43.8379931991
14.7280885241 47.2159928127 44.6323728037
14.5845395159 46.9423938565 45.5749306512
14.4760584426 46.6628787876 46.3841429982
14.0553231362 47.7089992159 60.0998664054
13.9894204967 47.4270762286 63.4862523076
13.8035694856 47.8724046163 63.9279633864
14.1953323393 47.9442575156 63.6844919039
14.1614762065 48.8729596835 4.9382395460
14.6489750281 48.4762263920 5.7493220690
14.7328601212 48.3028436708 7.0557948329
14.5951100773 48.4041037957 8.2115014219
14.4809923014 48.4204133727 9.2703166265
14.4243575856 48.4430813156 10.2780425680
14.4010548377 48.4832894294 11.3255910919
14.3412356086 48.4991385757 12.3760707470
14.2375611369 48.5046251594 13.3654750734
14.0344446808 48.5216803376 14.1178206213
14.1260244892 48.6984593912 14.9561014480
14.5887755574 48.9596093811 15.6474071910
13.5693100991 48.9373615695 24.8828199687
13.7336699052 48.7200332223 25.7856465911
14.0294412126 48.6773779300 26.8089108128
14.2302530349 48.8803620289 27.3872256719
14.1574313558 48.8340461557 27.9789599899
14.2255905828 49.2126300808 28.0858720702
13.9173179247 48.9304415154 28.7460132422
13.6487240327 48.3559291616 30.0031466782
13.8056774935 48.6635974642 35.7256972521
14.5703460115 48.5807617074 35.9353412007
14.5143792473 48.3032633274 41.8957742977
14.2089992877 48.5151786887 41.2267362414
14.9143168420 48.1278001790 42.7215820365
14.9689691558 47.7915446109 43.4331797787
14.0272805563 48.3720402522 60.3344873889
13.8272710832 48.7334364442 60.3391128179
14.0878512763 48.8155444607 60.6682657928
13.9710652893 48.3423857589 64.0242149353
13.8034426647 49.1334442907 64.2021949367
14.2619413791 50.0059417445 2.8926827964
14.8152615390 49.5977893745 3.4906708073
14.4731619645 49.2155626437 4.2027166213
14.5932175454 49.2704672625 16.4603957613
14.1735799493 49.4854170373 17.2401745217
14.2753404560 49.7520171694 18.0723816681
14.6778026828 50.0082807302 18.7469978907
13.7222436480 50.0035179604 22.7229667636
14.0765892873 50.0172906826 23.2947254529
14.0953660164 49.7933319945 24.0679091570
14.0740422734 49.3986180892 25.1205700773
14.2355208988 49.2022744434 26.2582840917
14.2935187621 49.0615904218 26.8798348802
14.2588070490 50.1708452462 27.4291959867
14.0845042886 49.7424513648 28.1598600061
14.3258212251 49.5453656388 27.7001838722
13.7055652221 49.9194374747 28.8311414179
13.5453742134 49.3468512381 29.6759705632
14.8764797409 49.4355023168 36.0205517971
14.0700398647 49.8901150885 40.3468470473
14.5639389903 49.5691988165 40.9723913830
13.8197594514 50.2085908287 61.2505906195
13.9656732589 49.5049216088 60.9893617413
14.2260118557 49.7896400227 61.5084772584
13.8774031539 50.1693180808 64.1651806816
14.2944819068 51.1166558700 1.7867106872
14.7103090615 50.4716966277 2.3384734338
14.6526744559 50.3107378529 19.5872286915
14.2458329683 50.4278635929 20.4489632696
14.3710617909 50.5557364866 21.5635002881
14.2163726598 50.3478257838 22.6592165034
13.7295264379 50.7612787993 27.9460800254
14.1557446145 50.9045837567 27.0769410004
14.0434561959 50.3723620521 36.5673917615
14.8088046021 50.3120418203 36.3068316263
14.5399534278 50.3669713617 40.4435615856
14.0010128142 50.4771169078 39.8324262836
13.7032169150 50.6629751684 61.4053427330
14.0454313336 50.5124784560 61.7852773007
13.9213778167 51.0032393911 63.9817638794
14.2399839679 50.3840826306 63.7304208157
14.1930779500 50.9340769051 63.4986333267
13.9410717903 52.2536603691 1.1471030070
14.3827884619 51.7542439966 1.4024554199
13.7146428444 51.6709853685 26.8331025812
14.2799474668 51.2715860509 26.4792555835
14.1838445489 51.7739762349 26.0931638759
14.3521605161 50.8685681466 36.9376357538
14.6631590975 51.3798870207 37.5408278773
14.4331490365 51.3806702755 38.4055621543
14.2826757099 51.1213877235 39.2282351291
13.6033651527 52.0769073524 62.6648223663
13.8611397327 51.2546002756 62.2063851578
13.8529944645 51.7613251158 63.5350115230
14.1184181366 51.1739776567 62.9258666897
13.6211523896 51.6898649407 64.1427412303
14.2112170479 52.7933202735 1.1883880862
13.9142737462 52.6610892679 25.0462608896
14.3861714773 52.4623551582 24.6646779522
14.1249242700 52.8871076374 24.3551062671
13.7695850138 52.2966280158 25.8679919869
14.3037853359 52.0928621780 25.3627142228
13.4699240766 52.8719836288 63.3113510647
13.5083521930 52.4700129918 64.0067063951
14.5181714895 53.1872609168 1.5098959492
14.0420237446 53.6480690098 1.4581568273
14.3087220627 53.7534242946 1.8557702539
14.7065079811 53.4060834574 4.9924673029
14.0685548858 53.8139315003 4.4537635200
14.3486544788 53.2629380069 5.9193933887
14.4792183516 53.0800959549 6.9368318865
14.4358267365 53.0976541717 8.2402542784
13.7072679995 53.5078069259 9.5569226986
14.1856880174 53.2840142987 9.4092265181
14.3454419695 53.2075368223 10.1474457065
14.4532889250 53.0669748741 10.9270126735
14.2752588760 52.9960758822 12.0690164311
14.1969226098 52.9724391151 13.1829413988
14.1990137675 53.0491809503 14.2937261084
14.1467194031 53.3030483627 15.5529029214
14.1097046631 53.7487503092 16.5106906524
14.8299600150 53.6189743655 16.2733791906
14.0400003732 53.3026875871 23.6606689101
13.8137641507 53.7641421094 22.9827247522
13.2126037738 53.7251852502 63.4590472476
13.3080965714 53.3437734375 63.9567257028
13.5544662163 54.6104451193 2.5448666969
13.9536960716 54.2338852445 2.2294330873
13.4742378546 54.5812026060 3.0902985677
14.0860701483 54.2415670628 3.0512899773
14.2770260978 54.0038054527 3.7816466190
14.3961690060 54.1586398149 16.9968954996
14.6280465261 54.7312566242 17.5455009263
14.9781132442 55.3191151210 17.9492988140
14.0361985291 54.7343961078 21.4032260692
14.3712193160 54.4005729754 21.9335177702
14.0008479568 54.0922309915 22.4139524025
14.4286286818 55.5570092991 18.8807920938
14.9365080926 55.6918452523 18.5386387013
14.4041437897 55.6223298307 19.4314061750
14.5957078447 55.6193431288 19.9271925313
14.6579905644 55.3460557271 20.4673229217
14.7515145168 54.8820419032 21.2285424109
14.9495671643 55.8684454120 19.1464119677
14.9094291921 55.8279453221 19.6375763000
15.8008850158 17.1991030152 62.7879913986
15.9285630027 17.2142195679 62.3114568926
16.3046564822 16.7356005050 62.6134880510
16.1372234671 16.7927820583 63.0303889201
15.9033504515 17.1540523449 63.2072232767
16.2610991383 16.8669153705 63.3750365899
15.4435215972 17.9244045243 62.4662178646
15.8415317205 17.6307945005 61.8279011982
15.6702342451 17.7778437255 63.1429417303
16.1394454529 17.4400318578 63.6319950413
15.0192204999 18.8482932455 60.3982192494
15.4541804930 18.9809429449 59.9906526906
15.7557230047 18.6204869596 60.4692959748
15.9114125305 18.1050379450 61.1323673053
15.3700285024 18.8182104776 63.0205918419
15.9309929359 18.3760049303 63.6316413190
14.8296960927 19.8675458770 48.1917344639
14.7860589578 19.8769646107 48.7745065607
15.2798748231 19.8594232260 58.6646419923
15.6156352957 19.4215121141 59.3709003323
15.3249568623 19.9986775008 63.0945734324
15.9556691028 19.4970347006 63.6222483119
15.0097365456 20.7257434042 46.7898538807
15.4162729891 20.7770092229 47.4490180725
15.2165309544 20.3464919927 48.2570592021
15.1936754483 20.4179273172 49.0819580740
15.2037838906 20.6152787894 49.6799574499
15.4676111300 20.7621319546 49.3352009003
14.9527045113 20.6992889800 50.4271286639
15.3428014952 20.8620675119 57.4962945848
15.8106577644 20.3994445565 58.2096676589
15.4270627378 20.8688958864 63.0731908323
15.9093834432 20.5366550837 63.4109120529
15.0161275909 21.6844986659 45.7448673502
15.2168622375 21.4933917658 46.1161491766
15.4208778963 21.2177246504 46.7055720278
15.6670076697 21.1338598861 49.8269712290
15.2684984976 21.2613350247 51.1172016206
15.1639505180 21.5494386319 52.1696578938
15.1989611057 21.7746341862 52.8550959327
15.6559515404 21.9317286071 52.4091572549
15.0709504207 21.7519723160 55.7975142112
15.3300913947 21.6991504087 56.2771493208
15.3458199437 21.3996162290 56.7878457289
15.8712774586 21.2587031904 63.2078374413
15.4028690122 21.7715518786 62.8251284388
15.0321722612 22.8151033842 44.6700562517
15.3231107749 22.5657814240 45.0803427917
15.6840767274 22.1554065325 45.8137282340
15.7173548109 22.1591730951 53.2816521149
15.7529882487 22.2866285199 54.0961639805
15.9569313633 22.4096408237 54.9274151595
15.7394905042 22.0768445486 55.9372006072
15.4553019099 22.5745834430 62.6356719525
15.0545236928 24.1771256886 43.5524737855
15.3264136232 23.7083887042 43.9972149589
15.6361900410 23.2114975723 44.6151307118
14.8988607271 23.8776800236 62.0000892960
15.4250395844 23.2655838674 62.3724082511
15.2236687921 24.8937264162 43.1275074236
15.9048011857 24.3622849112 43.6638648550
15.0721029049 24.4776963645 61.6765423242
15.5645046615 24.0973880256 62.0045821411
15.1188659382 26.3989568134 42.3631965220
15.7730348502 25.7187890345 42.7213794302
14.8358112371 25.7833310182 60.4344356226
15.5239594827 25.6638393179 60.3814012075
15.1086941327 26.2991541437 59.9639387456
15.8616193378 25.0740247901 60.9393066140
15.6178534913 24.6727177490 61.5389958586
15.3701821157 27.2330026532 42.0796125477
15.3850171065 26.8576210606 59.4832589676
15.6399303418 28.0365013693 41.8250991728
15.7071130705 27.2595870904 59.1369034084
15.6192945380 27.9493601427 58.9325806608
15.2095791872 29.5106760598 41.3431033349
15.9425493395 28.8068307886 41.5849447934
14.6218541004 28.8993398197 59.0969965559
15.2901267838 29.0808289299 58.8200836509
15.3715658126 30.3463999884 41.1489344703
15.3896956653 30.2376085216 58.5995437185
15.5168168793 31.1735973279 41.0204421945
15.5091090606 31.3645278614 58.4172787041
15.6573108643 32.0043676448 40.9327855080
15.4567497707 32.6473349302 58.3532289938
15.8447636752 32.7517595678 40.8811144332
15.1602638744 33.6602131651 58.4022194674
15.0342718882 34.4730751309 40.4271858516
15.6650680097 33.6870725774 40.7452685112
15.3667959101 34.5512986892 58.2829988784
15.2824818944 35.2559888943 40.3595561245
15.9872534006 34.8534289455 40.6953261156
15.2104772076 35.7734533583 58.1997302313
15.2198498353 35.9879220301 40.1748399276
15.8033173915 35.7128286209 40.5123392509
15.0906585273 36.7803674803 58.1277597629
14.7630561048 37.6333363076 39.5205045289
15.2512748329 36.9985002363 39.9812618343
15.1212690833 37.4632700636 57.9896733366
15.4351268579 37.0334123105 57.8934198161
15.5816577787 37.6083467042 57.5719175130
14.8700100454 38.6329287650 39.4718404832
15.4393781012 38.1182650842 39.9699091768
14.9784541200 38.3885647840 57.8677775156
15.4703929663 38.5452490332 57.3481345146
14.9046438655 39.6372337746 39.4719930526
15.4719046027 39.1908370438 39.9644874907
15.1918963301 39.4399589023 57.4133094151
15.6489928639 39.0794805097 56.8953781595
15.5536485940 39.9259272113 56.6485498363
14.7031444134 39.3249398114 57.9844827529
14.8257192250 40.4024598469 39.4594930875
15.3692276592 40.3318081470 39.9515196532
15.1175272478 40.7305728190 57.1809651548
15.4230658157 40.7505268068 56.3907823114
14.7477854400 40.2197236742 57.9171128867
15.4145935188 41.3570048057 40.1211253555
15.0824287843 41.6808308820 56.3996951930
15.4821477609 41.0858296882 55.8777285383
15.2997763135 41.5755557713 55.5041038016
14.9201039729 41.8095530845 57.4174922547
14.6989038345 41.4071410938 58.1413515967
15.5015775994 42.0546272624 40.2614796131
15.4544599917 42.7835032661 40.1894828307
15.9716641279 42.3130419095 40.5725261598
15.7780317545 42.1390116671 52.6923135713
15.2422623973 42.5416006861 52.3105690069
15.7245668699 41.7811884466 53.6055213387
14.7652616908 42.2519463846 55.4063671399
15.3211308683 41.7711889875 54.6513148549
14.6361981173 42.5890635169 56.3042939284
14.7396635124 42.7181200206 57.2467317694
14.7471280536 42.5907618236 58.1942435157
14.4912000598 42.4679462867 59.0551334400
15.6046573721 43.5639815603 40.1325350918
16.0649756728 43.1419935691 40.5113906962
15.7463167405 43.3000768040 50.4439195322
15.0355181678 43.7132996787 50.2122344380
15.6210416288 42.7831418364 51.4398340206
14.6396407703 43.6449000764 58.2362242472
14.6532996789 43.5626917606 59.1115361913
14.4290265648 43.4690671337 59.9072557291
15.6079920027 44.4389495503 39.7576247534
16.2286931963 43.9670319611 40.3380907543
15.0913391552 44.0337233863 49.7469430653
15.0279399392 44.4440135399 49.2367474538
14.5934191370 44.6589275755 59.1821639965
14.5903318875 44.5649861671 60.0396984291
14.3234167708 44.3610604915 60.6811446557
15.3640969134 45.4896797692 38.9200311867
15.6290531778 45.1715534221 39.3609493693
15.1877571662 44.8604366380 48.7240469490
15.1393498663 45.3224468137 48.1988284264
14.5579565078 45.8251121435 60.1582952443
14.4755180508 45.5203946273 61.0815563763
15.1879341376 46.6462183536 37.2877053674
15.5714990338 46.5023943035 37.7558234364
15.8031571415 46.0730207969 38.4983118631
15.2725338197 45.7546057032 47.6765436544
15.1888917040 46.1770303701 47.0734314570
14.4844816432 47.1433236741 60.5207234276
14.6368143878 46.7811208729 61.2437329853
14.4294610996 46.6441630225 62.1493602583
14.7528653976 48.1915599036 6.2114666887
15.3415947121 48.0131860855 36.2587982786
16.0003540848 47.5627067974 36.7812203741
15.7826844356 46.9625369093 37.3072215302
15.7817206742 47.2555445342 44.6930942918
15.3640885191 47.5972466426 44.0105183397
15.3621536433 47.0336472464 45.2991837104
15.4863648325 46.6628680168 46.1072045761
14.3686327537 48.1334842412 60.6992443744
14.6381430481 47.8956726105 61.3574054278
14.6704826269 47.7152431588 62.1732662076
14.4387211377 47.6762189930 63.0429138103
15.0451072476 48.8910355537 4.8940193739
15.5570965460 48.7249016000 5.6603230632
15.2488070821 48.4150144666 6.4978357082
15.3702559898 48.4402253585 7.2289282056
15.4816065246 48.5504054277 8.0290520604
15.4208454911 48.6097483620 9.2371273158
15.1362119493 48.5544877962 10.0904178113
15.2989925988 48.7029345016 11.1562954475
15.1618611984 48.7198322310 12.2501453901
15.0613759549 48.7262361782 13.2775004232
14.8313432392 48.7179833143 14.2966179260
14.9127673251 48.8778963489 15.1295238333
15.4097540290 49.0347943702 14.8693491265
14.3349596276 49.1721290835 27.6614648128
15.4888622738 48.8724186200 36.0338174950
14.7377340597 48.9680978424 41.5817205238
15.2593602700 48.9125534712 42.1473869840
15.6590491089 48.6052591376 42.7264745861
15.7616636421 48.0922909817 43.3345710265
14.4338854089 48.9408491222 61.3617195122
14.6720948887 48.7217119897 62.1700299234
14.6143573204 48.5931397466 62.9617945465
14.3265958472 48.5210228305 63.6517888791
15.1997529476 50.0249241273 2.8902710682
15.6682665444 49.7063030094 3.5319327236
15.3737953956 49.2889221117 4.1725118109
15.3454860543 49.2393574721 15.6900448825
15.5211455284 49.5981576134 16.6022875062
15.0117609101 49.6733064990 17.4479198947
14.9956850535 49.9053808461 18.2475384743
15.4973397746 50.0324751572 18.0032752120
14.5262157766 50.4565529821 23.7596111098
14.4826201492 50.1472243224 24.8728705859
14.4560501049 49.8913606081 25.9012815863
14.3978954293 49.5453173298 26.9899699206
15.6097659636 49.7501737276 36.0023091305
15.1813430506 49.4706888282 41.6339475397
15.8502136064 49.6415101886 41.9601371537
16.0802320164 49.1236976398 42.4236492074
14.4754795771 49.7642247147 62.1889217955
14.6091342862 49.3877203726 62.8457666190
14.3642904485 49.4997039168 63.5903009749
15.1579549518 50.9227458127 2.0407400269
15.5519243143 50.5103378563 2.4631429914
15.3863035803 50.2889402142 18.8175174787
15.5163477107 50.7114782608 19.8150696491
15.0216384086 50.7123905616 20.7425590983
15.0496791808 50.9272263322 21.7006972617
15.4126594599 51.1353358575 21.3346832924
14.8783666905 51.0197785700 22.7266631253
14.8182440662 51.1954760657 23.8609414151
14.6810553824 50.9038386835 24.7431834702
14.6043361237 50.5584311676 25.5656384843
14.4608728793 50.5329659550 26.4831699376
15.7526823167 50.6875963278 36.1256352906
14.8573833796 51.1174507126 40.0704058996
15.1807507605 50.6542949059 40.8472002500
15.5485918523 50.1579303733 41.4453541486
14.2724796312 50.6193261852 62.4499509252
14.4185622274 50.2723270399 63.0790547369
14.6659124452 52.2651132050 1.3733737725
15.1360092716 51.6094732454 1.7639764128
15.3644944179 51.3677307041 22.0373030664
15.2820683419 51.6544101956 22.6554208125
15.3540330878 52.1270416403 22.7508508238
15.0215346307 51.8751862171 23.3639559034
14.6856962715 51.8024255765 24.5375050640
14.5300597037 51.3013476300 25.6581838036
15.1889625352 51.2644220572 36.7747403312
15.2253262553 51.7566585626 37.4294555148
15.6206235483 51.9309462029 37.0606114172
15.0855578514 51.8329861772 38.1675475934
15.0361624982 51.7287907903 39.2092258357
15.3773212208 51.7840903405 40.0501344949
15.5742190785 51.5059072029 40.6732830741
14.7195479963 52.7040878180 1.3950815439
15.2689919942 52.4926153820 1.8540538396
15.0862472464 52.8578613554 7.5931081077
15.5459216285 52.5842521520 7.2568022611
15.2159917928 52.8373355241 6.8614523192
15.1423011789 52.8360769838 8.2986924261
15.5716692210 52.5229991180 7.9523343874
15.4873650815 52.5981701540 8.6570318589
14.9883594215 52.7620686000 11.7017471307
15.4875875255 52.4149565246 11.3693626456
15.1496978056 52.7463369677 10.9269345286
14.9003817178 52.7274377061 12.6661312986
15.4629096284 52.3270121043 12.1589380983
14.8722970435 52.7438634371 13.6898833545
15.4242977924 52.3011736881 13.1039967573
14.8841687907 52.8678826905 14.7151961191
15.4547506631 52.3292383576 14.0950670636
14.9879879154 53.0883200243 15.5140321677
15.5038391518 52.5481142431 15.0841807840
15.4974061543 53.0299166482 15.9309903287
15.1585990578 52.6698938758 22.9181452314
15.5320481802 52.4904610681 22.3828691011
15.4642911138 53.1293205083 22.2467363633
14.6367387742 52.6860143279 23.7868060812
15.6139160369 52.2410977210 37.7755419963
15.5937138167 52.3594364966 38.7449264692
15.6721514755 52.3368081963 39.7267766993
15.8007827325 52.1432641135 40.4355520447
14.6206122830 53.8154078876 2.5896698506
15.0026774022 53.2631220664 2.1802683657
14.7553151708 53.7745556965 3.4349414457
15.2585763279 53.3240579757 3.0262948852
14.6619992549 53.7007690903 4.1539478432
15.2747638214 53.2858955248 4.0680954574
15.4304335778 53.0152788088 4.9997072626
15.1427807496 52.9853536847 5.9715271280
14.9954845403 52.9206201262 9.0220547686
14.9486910569 52.9178410942 10.0630918933
15.4794209241 53.6029142501 16.5089607495
14.6988153237 53.6173250907 22.6895962514
15.3882036880 53.7883409850 22.0357570585
15.1780680643 54.2870443939 16.9915616344
15.2227791695 54.9459830989 17.4992433746
15.9556327403 54.8944467455 17.3872194254
15.0949114893 54.3077823163 21.8277754552
15.6551683505 54.1352045197 21.5880921037
15.5734812602 54.6532552520 21.2323141108
15.5259219958 55.4010442537 17.7444391209
15.5656064094 55.8437477069 18.1849529597
15.5179820921 55.2277758565 20.6683449252
15.2137606833 55.6644183620 20.0805090367
15.7499076554 56.0969536764 18.8504640456
15.5407961224 55.9220125408 19.5470755890
16.6631080801 16.9138964299 61.9841582489
16.8918047998 16.3822503737 62.5338308954
16.8683562867 16.3997195652 63.1617251998
16.6649148584 16.8858418744 63.7245512672
16.4132728699 17.5114769859 61.4417628185
16.7466720214 17.8161203878 61.0542182205
17.1622624150 17.3316772636 61.3889120577
16.6267160157 17.3361477305 64.0114962965
16.4805313965 17.9560452200 64.0519344340
17.0660838565 17.5460874490 64.2635779703
16.4359300797 19.0466036229 59.8972003179
16.7955001464 18.3982527041 60.5557226081
16.4547335527 18.8117819375 64.0581530390
17.0574725137 18.2856466145 64.3419238111
16.4486348060 20.0543530393 58.8558997104
16.5879024381 19.5671918129 59.3660270321
16.5992902435 19.5455614442 64.0324568540
17.1146309476 19.0895187183 64.3023407474
15.6612181022 20.8284648033 48.1353555818
15.6897774956 20.8900732919 48.8149884859
16.3656232846 20.9909724229 57.9168891051
16.5824323433 20.6057963430 58.3563601249
17.2128076931 19.8730927825 64.1054880547
16.5515804411 20.2603053616 63.7774332162
15.8535476467 21.7902046111 46.4731405419
16.3207030525 21.7618386319 47.2967923749
16.1425107449 21.3433207276 48.1945380173
16.2060950980 21.4506315830 49.0863189444
16.2762375221 21.6535588884 49.7062782094
16.5258374832 21.7924684804 49.3306159919
16.0889264394 21.7234120022 50.5108988741
15.8618245993 21.8462106204 51.5733051271
15.8388193821 21.8164650165 56.6210462256
16.2495997980 21.6111908565 57.2889953598
16.1511513051 21.7937048668 63.0973279217
16.5575913879 21.1844541508 63.4278375993
16.4382231379 23.0088257684 45.4046694291
16.5507222145 22.6426986457 45.9990588755
16.4719606205 22.2844542325 46.5081094998
16.7917934474 22.1580123652 49.8149743418
16.5967224737 22.2690245349 51.0363605263
16.3586351324 22.3458495317 52.2235764852
16.4711155496 22.5758076090 53.1226338852
16.2978609965 22.5873692561 53.9849819135
16.5413256050 22.8055147019 54.6624513734
16.8198228911 22.9674795438 54.2393649842
16.7669492855 22.9728866971 55.3503109830
16.4755572678 22.6078984617 55.9258875528
16.4396106288 22.2473123372 56.6609643622
16.7976569358 22.0013024466 63.0745591883
16.1080649308 22.5687404623 62.7282266560
16.2314510015 23.8648624776 44.2438762096
16.5069988073 23.5324944699 44.7737500250
16.9595404188 23.1215818566 54.7379210947
16.2694238617 23.5749819837 62.2153558104
16.5449035707 25.2009324822 43.2253151954
17.0045345171 24.5125604222 44.0012199338
16.2011680673 24.6118359315 61.4152184882
16.5849207239 24.4330737459 61.3292195077
16.5201020619 24.7576463467 60.8913234661
16.0475681385 24.2867057958 61.8366032890
16.5284245583 24.1409767917 61.6976162045
16.2508643648 26.5827029572 42.3842563882
16.6606905119 25.9390610783 42.7493520950
16.3167856440 25.4099857526 60.2098552556
15.9609189561 26.2065585948 59.6654798734
16.2775343890 27.4182752703 42.0779377209
15.9836146752 26.7957906289 59.2548348380
16.3345469358 26.5125098147 59.2275293190
16.4001623245 27.1620600045 58.8394088207
16.7520869073 28.1792359693 41.8884327777
16.2676491639 28.3638414462 58.5245801125
16.2761363059 29.6830364021 41.3634196867
16.7811336931 28.9684600117 41.6248418204
16.1821374351 29.4426336624 58.3743354103
16.1683825330 30.5458136709 41.1641578756
16.1873484288 30.4068848107 58.2561892367
16.3830327355 31.2711771877 41.0858669966
16.3205394046 31.0845248345 58.1313323573
16.7418426082 30.5882362837 57.9679199509
16.8678111318 31.2821385285 57.8392518888
16.5152747780 32.1209389624 41.0198143350
16.2388472343 31.8702166321 58.1109385272
16.9188123883 32.3109163106 57.7466116251
16.6089820379 33.0065089125 40.9781372837
16.2684049192 32.6564401668 58.0782323169
15.9755778118 33.4771611380 58.1646370410
16.7187530047 33.9763425975 40.9623761238
16.1504417441 34.2247923728 58.0270068922
16.5569697373 33.7100869761 57.8776349962
16.6609908643 34.4190504140 57.6824264781
16.8909449079 34.8307033587 40.9919487622
16.0124280910 35.1197655587 57.9248623663
16.6507299057 35.5266694744 57.3832633114
15.9451984233 36.5176627742 40.4727396770
16.6018323217 35.7900757692 40.8565662056
15.8538323359 36.4190454904 57.7119052739
16.4677091167 36.4701933993 57.1977964099
16.0541328552 37.5513999729 40.4552253281
16.7065004177 36.9127914488 40.8782509739
16.2113796256 37.2745592515 57.0678293269
16.5861765241 36.8425898028 56.9188488632
16.6716749075 37.2831043990 56.5750305468
16.0956088915 38.6424027260 40.4691028658
16.8228276576 38.0244107269 40.9903084633
16.3886718159 38.0687544532 56.4399555276
16.7326949884 37.8008960101 56.1961158118
16.7566883093 38.4842370674 55.7555475743
15.9016638140 38.2964854885 56.9180851049
16.0441037215 39.7473070522 40.4765582672
16.6935811986 39.1891759081 40.9773211881
16.0967028587 39.2398524115 56.1394625817
16.5425238660 39.4339954914 55.3832979983
15.9845730546 40.8271565603 40.5076650508
16.6296973101 40.3106092482 40.9874270032
16.2114811343 40.1971198941 55.2317400186
16.6056500380 39.8306220629 55.0015802580
16.6141700558 40.2623410149 54.5934354158
15.7621440200 40.3772186900 55.9113831441
15.8777337837 41.6317459644 40.5039578670
16.5923910499 41.5983213483 40.9610035331
16.1034322646 41.0192890621 54.4386712759
16.5878462851 40.7129440189 54.1542678031
16.5134821668 41.1124646945 53.6747191397
15.7141768829 41.0269476186 55.2552783593
16.5233075116 42.6348882687 40.8328206030
15.8915753732 42.3756635707 52.0566552368
16.3391057080 42.0420774518 52.2480553302
16.4669834263 42.2979233468 51.6016829111
16.4307780633 41.6476438576 52.8806628864
16.8615852668 43.5215344184 40.7980784455
15.7082623049 43.9199521182 49.5995787421
16.6047853401 43.4007856311 49.6471899900
16.3322912105 44.0046049538 49.0942207683
16.6487446226 42.7119661401 50.6699973229
16.5823454950 44.7439264702 40.1374549630
16.8722601906 44.3062486965 40.5176031036
15.8387942878 44.6058514651 48.7069250719
16.4390135008 44.2609373670 48.7151802493
16.5653881838 44.5611504735 48.2802972845
15.9260948323 45.6017989727 39.1474770868
16.2806998697 45.2568217411 39.6352484730
16.0064110379 45.3956078821 47.7074601293
16.8564666215 44.8825924177 47.7143160956
16.8638927776 45.4251996874 47.1192045321
16.2706350144 46.6976484081 37.9901321554
16.8145200478 46.4763955256 38.7077488809
16.6120129023 45.8970366631 39.2413314007
16.1611497102 46.0765139415 46.7628338632
16.9903922215 45.9806593588 46.3234878496
16.3523319032 46.4565991026 46.0855109233
16.3108616648 48.3522500538 36.3289385218
16.8190345103 47.8238294821 36.8615353519
16.7032596019 47.2764396311 37.5062609190
16.5781430797 47.0822783720 44.7058178651
16.4023654249 47.5638494114 44.0252588633
16.2183609295 46.8420302664 45.4001569919
15.8580126674 49.1091608750 4.9533138860
16.1735187143 49.0463385958 5.6955199940
16.0478948399 48.8475649572 6.4369167971
15.9198947035 48.7252033304 7.3602823714
16.1002690567 48.8587946989 8.1892634136
16.3707359571 49.1238687236 7.9535227173
16.0368170739 48.8623186007 8.8805434695
16.0910748906 48.9459670558 9.6450693279
15.8739969051 48.8997102519 10.4130302058
16.0216299475 49.1975415423 11.4718501551
16.3061572305 49.3304473766 10.9428920203
15.7529955960 49.0831450802 12.1252322266
15.8120638002 49.2139275503 13.1245377779
15.6215946947 49.0797521088 14.1193683645
16.2321899636 49.1782950591 36.0261420744
16.7187610305 48.1222678297 43.3657340953
16.3718404337 48.6372226367 42.8984260314
15.9444540171 50.1773986705 3.0423409417
16.2345291406 49.9631749972 3.6848611810
16.1080246155 49.5618177509 4.2944084827
16.4220259428 49.2393313848 8.7048799661
16.3864111174 49.2119426934 9.3989630141
16.3508329989 49.6497069577 11.5433405284
16.4068726727 50.2646100137 11.6777013127
16.2025232437 49.8909813335 12.5427670147
16.2622220181 49.7829248344 13.4435339438
16.1701898816 49.6007085146 14.0765127853
15.9909392647 49.5248335616 15.0233372215
16.0125381426 49.7405307917 15.9954521901
16.0602079156 49.9503669594 16.6706980933
16.3396466582 50.2222335838 16.3921269847
15.7994836123 49.9911118026 17.3253848287
16.5329137906 50.0164903204 35.8640436273
16.8698842474 49.1436790078 42.5119379891
16.5572163151 49.6395776619 42.1844914157
15.7881312354 51.0857556958 2.2441881424
16.1098228112 50.6658356642 2.7102362894
16.1573614617 51.0286517205 12.3965272009
16.3447981564 50.9141858309 11.4901335520
16.3687476506 50.2405383846 13.5004429965
16.2396311291 50.8821578468 13.5291492502
16.4350567941 50.5870587583 14.0022360352
16.3018875894 50.4402132120 17.1274255847
16.0732261775 50.5346702576 18.1221730645
16.0445072755 50.8444898636 19.1359709201
16.0807600493 51.2103860636 19.9427239605
16.3978873987 51.3472709656 19.4498830188
15.6914474282 51.1689967614 20.6645304357
16.4653183865 51.0323942606 35.7894328598
16.9497119381 51.3660249652 35.4546878269
17.1239252093 50.6518169240 35.5368082911
16.0000239337 51.0831918783 41.3030636713
16.5620813497 50.3982890018 41.8281934012
15.8946270024 51.7512921744 2.2077762840
16.2148979083 52.0073692958 6.2775121711
16.5439316435 51.5130226254 5.9301498096
16.3868774766 51.9138868058 5.5244402713
16.0222590205 52.0778979519 7.3152194840
16.4833652855 51.4115567666 6.7345485863
15.9795485539 52.0509723581 8.5393819806
16.4221577443 51.3542363301 7.7874725459
16.0861226437 51.8673852988 9.6365871811
16.4207997086 51.2830801205 8.8738734476
16.1596400716 51.6725137910 10.4803513678
16.4401867479 51.1889363740 9.8752463617
15.9745710723 51.7252538739 11.4850701344
16.3999389684 51.0956122921 10.7727520178
15.8081340941 51.8328175973 12.5245224435
15.8764442492 51.6926549998 13.3752333410
16.3574144645 51.0343834646 14.3571729120
16.0106273161 51.7206179371 14.4808797258
16.0597804159 52.2137082305 15.6704742409
16.3665816385 51.3212808925 15.1170897272
16.3587143895 52.2814202649 16.4085715786
16.4542995973 51.5674123147 16.0140959181
16.5733106710 51.9186711657 16.7245606299
16.4103428837 51.6531573433 19.9653893022
16.5046576911 52.1054624301 20.2456580065
16.1437405778 51.8026428948 20.6709116404
15.7267893965 51.6433571285 21.4366719140
15.5714642989 51.9608042181 22.1830328805
16.6038243744 51.8696799236 35.7642380500
17.1937882235 52.1546640063 35.3118712239
16.0075130644 51.7049754615 36.3686865171
16.3066406400 52.1455815950 41.1209182527
16.9234460126 51.5291531262 41.7054223447
15.9557250650 52.2492001474 2.4003046389
15.6646490739 52.7673307244 2.6037659963
15.8376699458 52.7988886235 3.4671993512
16.1834180666 52.2931622119 2.9937821010
15.9104037199 52.6883767030 4.4324739627
16.3105830641 52.2226516691 3.8168850650
15.9194715210 52.4939723878 5.5077699288
16.3597502274 52.0737639531 4.7462725768
15.7069011587 52.5232926440 6.5390667520
15.5709138880 52.4871762728 9.4169102486
15.6691177393 52.3064654508 10.4988932127
16.0413017820 53.0856971521 16.5247846788
16.5247998894 52.7207877553 17.0106352541
16.3674367270 52.4658322705 20.7640332318
16.3588342340 53.1968825899 20.9467723925
15.9199406535 52.5301209002 21.5708143044
16.7929733464 52.5317208514 35.7586609462
16.4628378214 52.5058535416 36.2787934168
16.7898659708 53.0606406276 36.1116245304
16.1235694656 52.5783105147 37.1544066359
16.0756470708 52.8806499924 38.2504950103
16.1331379991 53.0556764762 39.3783956881
16.2089059218 52.8700706922 40.4440526553
16.6629404042 53.0408895497 41.1941669594
17.2580720700 52.7405836631 41.7963688876
15.8217480595 53.9505120176 16.9071231041
16.4476594860 53.8368950804 17.2456238417
15.8679969613 53.5201591667 21.6116935413
16.1902133117 54.1623621813 21.0068441888
16.6415597035 53.2622145312 36.8063572317
16.5283069865 53.4277928205 37.7768396826
16.4936027635 53.5738734841 38.7711470797
16.5215105103 53.7101362070 39.5219779666
16.4936763135 53.6163610829 40.1447884998
16.7415312683 54.0976175897 39.9344031104
16.6980586924 53.6470621670 40.8698919384
17.1654519648 53.6938931616 41.4776910072
16.8299831228 54.9355256189 17.5567849713
16.0589314959 54.8568467384 20.7921257900
16.8968554311 54.2362010872 40.5305231445
17.1477348098 54.2597026457 41.1075003028
16.0877542402 55.8271798778 17.8170481956
16.6803144196 55.7733642125 17.6124311128
16.1268354193 55.1691441204 20.5045349990
16.0820184841 55.5459517708 20.0660286750
16.6593731508 56.3237785458 17.8559211298
17.2792264505 56.4925855291 17.6919810456
16.3727581760 56.3669085347 18.2805708061
16.6854277553 56.3940361059 18.8102630169
16.3776116441 56.0054834798 19.3835114468
17.1108758987 56.7529927193 18.0228459889
17.0050497160 56.7001995171 18.4165867843
17.3884560704 16.0339990301 62.7696575147
17.4869509159 16.2867101678 62.2826566310
18.0283600336 15.9251370409 62.6429159365
17.8030816476 15.8705131874 62.9960638882
17.4430638377 15.9940462584 63.0920295122
17.8334734775 16.1175369399 63.3993513615
17.6961910738 16.7702948985 61.7925611115
17.3622871845 16.6040686838 63.8074276957
17.0464962194 17.0358266902 64.0734018682
17.6589876716 17.0759036336 64.2103851686
17.6257293555 17.9432323997 60.9547651869
18.0091517038 17.3279033148 61.3850544600
17.7404718904 17.7587324567 64.4317063138
17.4491077136 18.9966333058 60.1374128292
17.7322510430 18.5519032977 60.5386399249
17.7774530683 18.5224277143 64.4848295970
16.9719652127 19.8570906682 59.2298163159
17.3370389487 19.6457641881 59.6382396439
17.8915780043 19.3015275809 64.3547408676
16.9469429166 21.0077354322 58.2538747166
17.1373017964 20.7076810460 58.6791686006
17.3591089807 20.2828178994 59.1916157935
18.0324806423 20.0956437537 64.0161489487
17.3024208296 20.6844897199 63.7484756574
16.6350854616 21.8302032900 48.0483818589
16.7184383344 21.9081482216 48.7672259173
17.0095165962 21.5505698674 57.9771890737
17.3706450566 21.2808520105 58.4847382675
17.3575272471 21.4874262325 63.3351849531
16.9252798402 22.9535330943 45.9401172126
17.0832522579 22.8110796610 46.4141453964
17.1119557548 22.5233077981 47.1383667419
17.1287252279 22.3209188372 48.0403580052
17.2967082507 22.4810975178 48.9944005351
17.4115591727 22.6852064284 49.6977290414
17.7555001127 22.9242558885 49.2343149978
17.3012972598 22.7370374071 50.5206381143
17.1541966034 22.8014436359 51.5840653760
17.0458582559 22.8783290399 52.5977704513
16.9520856255 22.9621654561 53.5382451232
16.8992263014 22.9816581251 55.9700148762
17.0542792662 22.9198795444 56.5651927346
17.1352198266 22.4033855647 57.4778602294
17.3292120868 22.0391061209 63.0221497536
17.1326579453 22.6870388178 62.5194271360
16.9442870069 23.9512161676 44.5670024372
17.1833648537 23.6583553945 45.1550359880
17.4930010962 23.3678623945 46.0157541557
17.6949888481 23.1067171951 46.9700533876
17.8683334442 23.1282919157 49.9474212386
17.9913395624 23.3851281653 51.0609021696
17.6267650888 23.2290415283 52.0870381123
17.6786190460 23.4303815636 53.0477888961
17.3926077905 23.4189925403 54.2149978127
17.3206831537 23.4745644384 55.1497944710
17.2810962662 23.3955913255 55.9579651881
17.6663014564 23.9054923241 55.6594632089
17.4927078073 23.5084202418 56.6481385763
17.4842257281 23.2175321002 57.2004042848
17.0389403973 24.0765494534 61.1642907675
17.6047845299 23.5119814943 60.9304313565
17.4406202922 24.0215001409 60.4252599551
16.9221040060 23.5751864582 61.9107547547
17.4909168311 23.1957918895 61.6783718317
17.6549576353 25.2844310411 43.5693464526
18.0020683583 24.8734201002 44.1927480030
17.7114289642 24.2569441873 44.8020113070
17.6960338429 23.9144016878 56.2876064196
17.3537296337 24.9695618656 59.3272818266
17.6453588341 24.5990886765 58.9382036687
17.5304153778 25.2971871238 58.6226497812
17.0361317330 24.7803910155 60.1431604735
17.5503635015 24.2735784061 59.6566945511
17.1178357396 26.4687619896 42.5860587444
17.5459289443 26.0215384661 42.9934161711
16.8701235560 25.9029421991 59.1968593415
17.4548975377 26.0265328204 58.3640199249
17.2944869441 27.3317815648 42.2918123498
17.7515428222 26.7566901463 42.6539402915
17.2048028938 26.7722676892 58.3613209452
17.6911265505 26.4824294963 57.8715425862
17.6661479522 27.2838001213 57.7237229679
17.5428005644 28.1153420585 42.0629916779
17.0334810555 27.7761053547 58.1827000561
17.6059988534 28.2741586866 57.6384207520
17.1646166069 29.5123218371 41.5304886112
17.7153711249 28.9108847846 41.8464930424
16.9378232481 28.8207988327 58.0473134469
17.5386532425 29.2964184554 57.5912376128
17.1575831990 30.4495001205 41.3247345820
17.7878364606 29.7798495858 41.5976236364
16.8552569858 29.8180645805 57.9771469112
17.4146592038 30.4243104527 57.5811314978
17.1198975378 31.4476425105 41.1644378595
17.5251068303 31.5083012912 57.4290449381
17.3605608470 32.2169244735 41.1500443618
17.5918509863 32.4273973506 57.2976494078
17.5064134469 33.1553411709 41.1595246332
16.6165197689 33.0994031493 57.8915606844
17.2026425608 33.4581541926 57.4446252321
17.6812861758 34.1438802412 41.2444141470
17.2100364112 34.6375043437 57.2053186653
17.5075864909 35.2364491094 41.2420322302
17.2208778569 35.4289439551 56.9440473325
17.5975614328 34.9739024153 56.7548258349
17.5694583096 35.7464869139 56.4618091693
17.3997858270 36.2596574763 41.2461936718
16.9804774007 36.3788130766 56.7408529225
17.4562155489 36.5095224823 56.2007096889
17.3853262615 37.2127206964 41.2985439714
17.1530768717 37.3327751098 56.0317934560
17.5719344549 36.8395143625 55.8972123964
17.6942645100 37.2311897846 55.5315099306
17.4698011242 37.9076816830 41.4382266975
17.3431273999 38.6897767728 41.4551477112
17.9255225338 38.1413435403 41.8383643704
17.3836534445 38.1126797642 55.3068060437
17.8913776381 37.7418625878 55.0163403969
17.7744426362 38.5241801232 54.6505415837
17.2631135233 39.7284442707 41.4915937913
17.9324173494 39.1478178526 42.0209172875
17.0540197450 39.3115178641 54.8496749625
17.6568446386 39.4023278270 54.1766093915
17.2539716355 40.8207983698 41.5011311899
17.8195969857 40.2517544008 42.0131916270
17.1105364115 40.2793118061 53.9581694970
17.6403954151 39.8986609135 53.8000499756
17.6790867861 40.2818577169 53.3407317478
17.3533328094 41.7081622474 41.4894889418
17.9509581918 41.3824804221 42.0786008536
17.1048158733 41.6412546393 52.0400663148
17.8891996371 41.3028238220 51.5977161905
17.5350704222 41.7692026175 51.3141917819
17.1182451229 40.9900473640 53.0623497535
17.8489063291 40.7737798795 52.4777178720
17.2436602723 42.5892702860 41.2358275305
17.7580422135 42.1966340641 41.7117342446
17.1399869539 42.1265360496 51.1823844707
17.5349439374 41.9829366329 50.9624972748
17.4626116833 42.2557998057 50.5662813083
17.6757342014 43.5573099127 41.2448372437
16.8955750370 43.8955435101 48.7641723479
17.3319027113 43.2708731517 49.1200197960
17.6031741127 43.5642083417 48.4627829072
17.3786463981 42.7612624129 49.8178327228
17.2142784469 44.8367824019 40.4247539296
17.5355870360 44.4007193518 40.8467234064
17.2290394036 44.2506222933 48.0668747527
17.8126439344 43.8980441449 47.8589324007
17.5638896254 44.6190157778 47.3703081234
17.3557453362 45.5610784161 40.0530642191
17.6692847148 45.0950378568 40.5725880990
17.5429355150 45.3115503841 46.6984595948
17.0244558262 46.9415063339 38.2431166823
17.6951214095 46.9359768025 38.9187700164
17.4384707732 46.3273557392 39.3820247508
17.0169612360 46.6756810249 45.0935585788
17.5005588652 46.4623554054 44.9015683573
17.3598122673 46.9749929081 44.2730965546
16.8277134275 46.4543413569 45.7050816611
17.4590981292 46.1394675934 45.5250493560
17.6228350354 45.6791968820 46.1441910692
17.0575513153 48.2816693848 36.5339322775
17.3563360689 48.0528145399 36.8739734956
17.4374505559 47.7697041732 37.3783844494
17.6135467916 47.4291534701 38.1366456487
17.1501690001 47.6671069994 43.6784903629
16.4756532857 49.5731478020 5.2924427988
16.5152054291 49.3774307715 6.3251689914
16.4418350820 49.2377353507 7.2486864193
16.4202616733 49.3825221666 10.2004133688
17.1826545562 49.0495283810 36.1967285888
17.5209905570 48.4460876766 36.6434971564
17.3663552407 48.0494073117 43.2316276278
17.1531793438 48.5575441487 42.8849292384
16.4608447294 50.5597539780 3.4259259092
16.5889295950 50.1470579944 4.4354614808
16.7423847928 50.2066181064 5.3600420662
16.7238431824 50.0510421784 6.1863604516
16.6891191192 49.9125500631 7.1946540933
16.6218142783 49.7546036567 8.2702465688
16.6082808885 49.7890436065 9.4851952399
16.6205110727 49.9700887277 10.3817030143
16.5146226013 49.8039797080 10.9778036551
16.4314366975 50.1431127926 14.0516999024
16.4191763787 50.1189386079 14.8016136516
16.3903779297 50.1940149210 15.6917797771
17.4063545604 49.9397447388 35.7855358066
17.5711645936 48.9709899860 42.4583988464
17.4698529913 49.7663325975 42.1108995216
16.3426716472 51.2381261962 2.7904926023
16.6249593213 51.1823157569 3.5172303488
16.7083547225 50.8924874243 4.2337813697
16.7665935807 50.6606929064 5.0006167640
16.7263509020 50.8253810093 5.9175880811
16.6833430506 50.6763149187 7.0086308343
16.6464206731 50.5838087942 8.0745363497
16.6280702929 50.5299020272 9.1490811715
16.6116992966 50.5122377280 10.1380811407
16.5488680147 50.4250086102 10.9452082685
16.4922436662 50.6547700449 14.6249079784
16.5211524701 50.7874501749 15.4695927210
16.5565557860 51.0218310607 16.5851709901
16.5694372741 51.2073130748 17.7682310476
16.4958748575 51.2856589539 18.7474334171
17.5738421526 51.2794814166 35.2104721628
17.9664980896 50.4919565700 35.4960220956
17.6709996959 50.8428531999 41.9224161688
16.2813661430 51.8567710044 2.6675086661
16.4931949720 51.7332415555 3.2695385248
16.6107464474 51.5849881117 4.0939522620
16.6548221809 51.3583239650 5.0731672788
16.7570310677 52.1485361037 17.5190014472
16.8286068628 52.0895030205 18.5529560020
16.6776950473 51.9924930147 19.5170583904
17.9303276845 52.0151797683 34.8641203301
17.9223700878 51.9088480930 42.0336484909
16.8105289071 53.1721782935 17.5974371461
17.0838504893 53.1475107836 18.3513244074
17.0220782706 52.9986792927 19.3824989229
16.6816858275 52.7320948417 20.2160850829
17.1276576689 53.1090956492 35.6112521498
17.7055022193 53.0737871491 34.9626753345
17.8942468143 52.6579210607 42.2002994884
17.8185121072 53.1279036909 42.2022993997
18.2508420739 53.0193291086 42.3756545019
17.0927051561 54.1088021145 17.8821754601
17.3833394087 53.9977181108 18.4754286786
17.3635584336 53.7247012637 19.0244352708
17.2587510583 53.7790758139 19.6003778757
17.2447200753 54.3769794121 19.8056798185
16.8350118457 53.7225296031 20.2280226580
17.4558063393 53.9771955619 35.4859472426
17.8946895367 54.1619463674 34.8793292249
17.0942440135 53.8795845311 36.3192759628
16.9628665337 54.0624486340 37.3778971355
16.8989104294 54.1709745931 38.4021636788
16.8310340909 54.1961666095 39.3121568543
18.1494206371 53.4397815941 42.3164706357
17.8361486052 53.7052708300 41.9989618483
17.3831490644 55.0439007677 17.8378754948
17.5644394214 54.7200660173 18.2798241212
16.6480725480 54.8279109947 20.2840855456
17.2444446455 55.0112621047 19.7259949498
17.7004176007 54.7048591197 35.3205545976
18.0729022477 55.0159043079 34.9006914434
17.5454711154 54.8380882545 36.0230876314
17.3794815974 54.7590279056 36.9995231934
17.3169848324 54.8121051790 38.0242986817
17.2993630970 54.9241684945 39.1273069129
17.1193947268 54.6695839720 40.0004784830
17.5081334974 54.9512385127 40.8102440035
17.8134659737 54.5545569108 41.5209067276
17.4710136693 55.8773841135 17.6505578987
17.9114339171 55.6082540949 18.0331434280
16.8977865867 55.5355515418 19.6899082134
17.5080977394 55.4832146160 19.2419250463
17.1840776726 56.0798810538 19.1104743656
17.9046361411 55.3379512397 35.4691676714
18.3012612347 55.6418418547 35.0569360632
17.8998045034 55.5355397381 36.0297738227
17.7910963703 55.4202172109 36.6932442753
17.7500222490 55.4025228028 37.6058251860
17.7141288394 55.4616397777 38.5842783199
17.7122014870 55.5707944285 39.3454506672
17.6768963124 55.4646786117 40.0145876132
17.9123716430 55.8485078618 39.6680486501
18.2358137405 55.8106674290 40.7832455579
18.0899375032 55.3144779971 41.2546392550
17.9334992877 56.6809480165 17.5552685681
17.4328409530 56.5937905550 18.6094528938
18.3993509527 55.9514211913 35.6946654581
18.3083379485 56.1955964501 39.9850206688
18.0719047071 57.1740743758 17.6964498685
17.5348493672 56.9095905818 18.2172207137
18.3837627942 16.2618298662 62.2176189729
18.7126081855 15.9164167330 62.6629183161
18.3902208440 15.8875988396 63.0526403882
18.7997744732 16.2382437956 63.5105042228
18.5308846080 16.9027559730 61.7936857706
18.2109028927 16.5866208551 63.9274418770
18.5517176336 17.2728205995 64.2857294453
18.3820114616 17.8312376394 61.1844611983
18.6459772248 17.4497454557 61.4973881450
18.3972325981 18.0032265013 64.4951485421
18.1336601273 18.9810158234 60.3885571168
18.5907654360 18.5939849739 60.9257407749
18.5913691077 18.6468132246 64.4717866189
18.1207009718 19.5445897671 60.1087307587
18.5925284188 19.3161618378 60.5155855101
18.7392209693 19.3964324086 64.2480844197
17.8041067763 21.1470158469 59.1331673367
18.1528043167 20.4031548770 59.8252392272
18.9246858659 20.1362057766 63.7102504363
18.1324285360 20.9673159147 63.4636454108
17.6465991774 22.0567418083 58.5364253580
18.1279336071 21.9863655062 59.5103799461
18.4072616046 21.3352327320 59.9391615579
17.8709952779 21.8321840781 62.9275181530
18.3814958356 21.3792334591 63.0457022243
18.4833749141 21.6697046595 62.5549459604
17.6523708797 22.8541983236 47.6809277246
17.7790458418 22.9044660748 48.4708877571
17.7174944270 23.1893349992 58.0851636471
17.9391141484 22.8434741138 59.2107700516
18.4425437223 21.9256651137 60.1914191184
18.2001196178 22.5231056137 60.1643895245
18.0642318512 22.7543488752 61.1133928973
18.5301317926 22.0629558940 60.8491005097
17.9745692383 22.3857607968 62.1367591484
18.5449665119 21.9710826630 61.7230278689
17.8306109171 23.8864527244 45.4981926112
18.1957224278 23.9008838807 46.0572119962
18.2509722762 23.6819001444 46.7889958293
18.2547601119 23.4406694427 47.8283531366
18.3097588791 23.4521049914 49.0909823157
18.4114159844 23.6267322845 50.1098965526
18.5888854866 23.8477400363 50.6790280871
18.7489133172 23.9439575090 50.2499356414
18.7433437486 24.0831163909 51.4384337092
18.2336572699 23.7189475966 52.1842909488
18.2796576737 23.8928524979 52.9233453794
18.5118400185 24.0102105910 52.5838829817
18.1469283463 24.0270168975 53.8236324099
17.8496102000 24.0125075886 54.9184101610
17.8090255288 24.0074329965 57.1946288565
17.8353901468 23.9184872769 58.0762064194
17.8066272771 23.8397857220 58.8918634787
17.8369804751 23.4097905669 60.0792825006
18.3454291194 25.3776683370 43.8333292151
18.7626339777 25.2804575336 44.3541146428
18.4922204400 24.7542833556 44.8651117845
18.3774735545 24.3166063618 45.5337102373
19.0501486914 24.2774113261 50.5597483749
18.7412046481 24.3809155610 53.0512197131
18.6190819692 24.5568899522 53.9491850876
18.7262666033 24.8482461780 54.3596945777
18.3911465683 24.5662155654 54.6683547047
18.1338455700 24.6602592230 55.9527171472
18.0031512287 24.9302406005 57.1530251813
17.8213776203 24.6144093763 58.1004332732
18.4687325290 25.9658102496 43.4481752694
18.7982051462 25.6837895568 43.8592142288
18.8279467306 25.2792043038 54.9509664903
18.5798156345 25.5730699666 55.9132637446
18.7000556978 26.2951009391 56.2510000704
18.2572785001 25.6382283250 56.7127468781
17.8700679517 25.6682801736 57.7258028580
18.1705508591 27.3276854290 42.5580156807
18.5427203082 26.8524583806 42.9780876191
18.1903268541 26.6392848412 57.1373619521
18.8907288480 27.3289282634 56.4074702699
18.3497964200 28.1924272871 42.2834459357
18.8177176079 27.6600488916 42.7059510621
18.2086335446 27.7490033734 57.1406951159
18.6960887209 28.2469529682 56.7349509994
18.5395017362 28.9928824331 42.0513808182
18.1730512753 28.7311566035 57.1600790047
18.7865053500 29.1058755140 56.7081808226
18.0919357547 30.3832069682 41.5318335442
18.6662046261 29.8019575399 41.8503472539
18.1538061313 29.7418723765 57.1385522223
18.8022650931 30.1347450996 56.6862337754
17.9780697159 31.2778054752 41.3671292004
18.6673893317 30.7274539919 41.6331086145
18.1491668069 30.8020174642 57.0776304792
18.7875617213 31.1895098331 56.6064242621
18.2199744883 32.3147049673 41.3547874327
18.1624362932 31.8720463650 56.9557445626
18.7857144481 32.3161311922 56.3995859302
18.3268782802 33.2150933133 41.3971992902
18.0838656817 33.0461651260 56.8126651448
18.6196968646 33.2246452983 56.2986971820
18.4748226333 33.8520745337 41.5172624456
18.3279263283 34.6380241391 41.5773195694
19.0795543327 33.9425665598 41.8449158819
18.3576981435 33.9066632787 56.3279863218
18.7232703607 33.6680367506 56.0493821016
18.7812605627 34.3338561458 55.7002113693
17.7790882577 34.1581569373 56.8154525134
18.1733080359 35.6550402387 41.6386734089
19.0972049029 34.9627539819 42.1184426348
18.1045206657 34.9885790337 56.1961633928
18.5787348222 35.5320211041 55.3964112937
18.0097540605 36.6715825087 41.6650788976
18.7338917461 36.1533599999 42.1288338068
17.9652688671 36.2848470166 55.7636994640
18.4657974937 36.3801577773 55.1380722924
17.8609770364 37.4482184415 41.6612156001
18.4771291562 37.3136082075 42.1569067135
18.1850303668 37.0513292244 55.1087115998
18.6234171728 36.8744810752 54.6459745447
18.3949942034 37.7730505508 54.4212926088
18.4681674755 38.3703589699 42.3752487885
18.2261326177 38.7813583328 54.0441007886
18.4624764896 39.1066603199 42.5236548078
18.3156122576 39.8033135533 42.4847193383
18.7141184987 39.4868296763 42.8619218026
18.0852326617 39.5511432052 53.6421950813
18.4652888283 39.0270001721 53.6538019004
18.5838291942 39.3543787960 53.2410644924
18.3017417272 40.6624026672 42.5182728720
18.7242979078 40.2131563840 42.9798102523
18.2273302801 40.0352125879 53.0030738089
18.6517974160 39.8088023112 52.7214789532
18.4196326465 40.2939749458 52.4389085619
18.3673383399 41.2382141139 42.5733889411
18.6992188895 41.0863375267 43.0077624012
17.9322216671 41.7273771828 50.8394679580
18.3930666967 41.1344636603 51.1283402814
18.5479092562 41.4280366961 50.3805284889
18.4293802836 40.6869179671 51.8026651983
17.9524383178 42.9372804771 41.6640348172
18.2583836011 42.4058649077 42.1878359444
18.5368396446 41.8093551139 42.7342268916
18.0678247812 42.7589449204 48.9639903604
18.7103194870 42.3180557412 48.6339369618
18.5281152007 42.7954877292 48.2502373904
18.0246249904 42.1477872306 49.9909680670
18.6311272090 41.9035555785 49.4364602895
18.1877769517 43.6092013810 41.6378358881
18.4521313780 43.2934340251 42.1336408410
18.1819983712 43.3015869042 48.1068689564
18.5582544358 43.0792167409 47.8537623832
18.4099184880 43.6767873128 47.3412432643
18.1601725137 44.2589914989 41.4049002585
18.4974109010 43.9926961006 41.9121992580
18.1328681495 44.6572985908 46.7027114415
17.8968364991 45.4441162577 40.5539965379
18.1601156339 45.1320897941 41.0361948694
18.0474986474 46.0450651472 44.6721465492
18.5792316186 45.4263439051 44.2656535127
18.4809462515 45.9690619578 43.8461294318
18.0349195983 45.5362273144 45.6570991590
18.5023500653 45.1283963820 45.0703118236
17.9775152342 45.2439717325 46.2865136783
18.4065673470 44.8414250577 45.9518123612
17.9212019383 46.6719403021 39.4569681553
18.0375095765 46.3964221413 39.9480064637
18.1895748565 45.8963510130 40.6048627157
18.1885885127 46.7180112077 43.6157232350
18.5969242275 46.2619443466 43.2244284863
18.5396883349 46.8074588996 42.8975557280
17.8575892203 48.2645279204 37.1169197272
18.2186316189 48.0778141036 37.8841808907
18.5259048450 47.7581070616 38.9349619330
18.3301240699 47.0250101758 39.6207411887
18.2981098041 47.4251749987 42.8677950417
18.6446196632 47.2011583746 42.3669437088
18.5530786814 47.9657257599 42.1360618169
17.7462105360 47.5282497780 43.4109186456
18.0452785578 48.8640070885 36.6935759793
18.4873272433 48.6510969962 37.3683272416
18.7507287440 48.5354570356 37.9293832713
18.7838894148 48.3131248484 38.3837275336
17.8977531493 48.2405994225 42.7231331432
18.3649072284 49.0221548411 41.9855738206
18.2444016839 49.6707898136 36.1195402430
18.9088821320 49.3061148536 36.9488528095
19.1194958927 48.9692068791 37.7719094458
18.6530500279 50.2349267545 41.7527365803
18.5017191315 51.2264926848 34.9934154277
19.0570712185 50.4042756584 35.6852935445
18.5401549286 51.2145489300 41.9232752566
18.5145589510 51.9235342462 34.5827934231
18.8455070323 52.2487285612 34.3378248776
19.1213891693 51.6817526916 34.5413407937
18.8784167629 51.9329134022 42.0736346026
18.3383750125 52.6016564737 34.5020464182
18.9255670959 52.9091539457 34.1832827975
18.4518610355 52.4973118769 42.2924218417
18.7298378800 52.9327737334 42.4181290935
17.5863680880 54.4199700962 18.8698803859
17.4751758918 54.1900164180 19.3588882081
18.3488935352 53.5263919374 34.4434961218
19.0581300515 53.8301551587 34.0351567604
18.4029713933 53.7900882139 42.2572908866
18.6682394276 53.4147910212 42.4046818119
17.8091215481 55.2702083633 18.6860817132
17.5525525489 54.7782362408 19.3223259006
18.4887324555 54.5177920576 34.4024552042
19.3352730109 54.9194780194 33.9144086795
18.8693150832 53.8449365276 42.2643373887
18.6352062729 54.3174113312 41.9713311729
18.3619192900 56.5020076817 17.6321185272
18.3970281137 56.1548717535 17.9954313647
18.1650895108 55.8620368167 18.3193201344
17.9633428324 56.1578212158 18.6097497260
18.6592540223 55.4195055178 34.5270381927
19.3520489040 55.8901414993 34.2772303057
18.1941155809 55.8587547327 36.4116157364
18.2502789686 55.8856909000 37.1852306595
18.2089449874 55.9120196170 38.1497296081
18.1508615881 56.0090568735 39.1364371955
18.4666984821 55.6713422216 41.2562048053
18.6981212316 55.2430704492 41.5451680544
18.6000335410 57.2366868760 17.3335369436
18.1552652154 56.9166110631 18.1940283876
18.5801807085 56.7308983999 18.1411569252
18.6724910897 57.1052454331 18.0097842395
18.9157007208 56.1432238285 34.9300923055
19.1852635157 56.4456321233 35.6394755216
18.8984777477 56.2388816617 36.5863624514
18.8579580851 56.2465525422 37.7477055362
18.6757522466 56.2871110716 38.6214845829
18.7830885845 56.5517393277 39.4054006437
18.8152026997 56.7195097617 39.9980924368
19.0019484993 56.8716360272 39.7769439911
18.9661956111 56.5950942032 40.5348682424
19.0234572405 56.0178974353 41.1550494139
18.8480299369 57.8220809779 17.1489854819
19.4250874889 58.4128938726 16.6838493880
19.2299501734 57.8572355309 16.9141695060
18.7638932913 57.7974614394 17.4082504026
18.7277978998 57.4635335629 17.7473665434
19.2880929210 57.0617064984 40.0740470166
19.2791091598 58.3133863419 17.0018141701
19.0921575086 57.9584130071 17.3968093493
18.9956380757 16.1104809473 62.4318000205
19.1820995496 16.0173025162 62.6935028359
19.0491949855 16.0037883198 63.0239990651
19.3938363905 16.3496820752 63.2661307042
19.0622668858 16.5587388786 62.2056741114
19.3309544174 16.2809406479 62.5268177665
18.9464253862 16.7293711689 63.9504995028
19.4770972797 16.7316173000 63.6502706492
18.9465318993 17.9753288407 61.4119516595
19.2136097189 17.3686927515 61.9543473267
19.4322393799 17.2244532495 64.0730609976
19.2374244854 17.9272404503 64.3647884155
19.1350109581 18.4367669738 61.3639681379
19.4527441784 18.2491101672 61.8277864670
19.3924316359 18.7091078316 64.3318425689
18.7487262893 19.9903406882 60.4634709603
19.0869134243 19.4836454378 60.9732263269
19.3387715351 18.9228402039 61.4736030953
19.4832733784 19.3368379469 64.0352884468
18.8544603803 20.8554092560 60.5976841759
19.2547558369 20.2518364013 61.0636357522
18.8526458137 20.9553568182 62.9943684949
19.4116526316 20.2597267248 63.0656588733
19.3077126476 20.7620467489 62.5208357763
19.5777700793 19.7227479250 63.5702939009
18.6951820442 21.5564498327 60.5585376561
19.2629435695 20.8082049040 61.2690798859
18.9507515455 21.3961818545 61.2955533868
18.9743118739 21.3115137484 62.1930051881
19.3456896877 20.8687933235 61.8731077699
18.7926725299 24.3282409676 46.4678295847
18.7623835838 24.0342941716 47.3894218963
18.9745535831 24.1463126416 48.4069681553
18.9341307435 24.0936088852 49.6553042296
18.7076946267 24.1458205916 52.2637423157
18.9424705162 25.0936113328 44.9080144544
19.0282544469 24.9010320272 45.5837170827
19.3385389184 24.9279167310 46.4830043422
19.3079246979 24.6638082536 47.4116693007
19.5282087598 24.7885371989 48.2935197388
19.4797069547 24.6848146459 49.1350069609
19.4468668817 24.6595213924 50.0235957911
19.4814689991 24.7416882580 50.6344684730
19.7603837686 25.0583593874 50.4013315502
19.3526816167 24.6759310604 51.2352909038
19.2009947776 24.6526184621 52.1615138664
19.2628973723 24.9162250336 52.9775918524
19.6181345762 25.2115252400 52.5595099855
19.0399290524 24.9962031460 53.8369811565
19.0671124687 26.0898361509 43.7321749211
19.2385408015 25.8647389303 44.1704275887
19.3849127464 25.5777485782 44.9486457192
19.6591366409 25.4876349621 45.9696707943
19.7707491797 25.3403055963 46.9720760983
19.7810533645 25.1834919633 47.8057108767
19.7337698710 25.0788942428 50.9299336975
19.5835934057 25.4355205257 53.3487043631
19.4083505011 25.6307595166 54.2388027058
19.3298951249 25.9960606337 54.9494252867
19.6318603322 26.0418402250 54.4655193300
18.9529625733 25.9537826173 55.5605894300
19.2074944890 26.6530407041 43.4941559920
19.4583825712 26.3685768656 43.9125409730
19.7806892001 26.4902799011 54.7786785776
19.7380279024 26.8933748985 55.2678584119
19.3082313782 26.6203134375 55.5817857376
19.2239531576 28.2605802112 42.6194251696
19.6942222941 27.7337603675 43.2336742928
19.6963979523 27.4333099646 55.6283297253
19.3839757589 28.3678670427 56.1904367222
19.3256364827 29.1160900667 42.2916064845
19.8015985452 28.6181271184 42.7290130157
19.4328350447 29.4951834960 56.2548655482
19.4480042752 29.8970884205 42.0743616096
19.4164565993 30.5719926974 56.2233647315
18.8949562637 31.5467843966 41.6096166669
19.4762017276 30.6808813686 41.9260884021
19.3336150284 31.5394157835 56.1563998933
19.0064106732 32.5190236791 41.6253043748
19.7380061788 31.7975457419 41.9260856160
19.3283052507 32.2350390232 55.9823290547
19.6089445489 31.8286461677 55.8664829432
19.7307160564 32.3973204363 55.5271008289
18.9361316486 33.2981224539 41.6486615150
19.7196788212 32.9464872053 41.9990407027
19.1214181982 33.1774138782 55.8215128639
19.6033731138 33.2694648919 55.2760537601
19.9446546020 33.9206809468 42.3710745642
19.3547684247 33.9627946516 55.2010600163
19.6941097664 33.6572584459 54.9666161126
19.7087790724 34.2067448058 54.5484366820
20.0502121850 34.7512742666 42.7996784887
19.4851773772 35.6894198784 42.6608731772
20.0946629153 35.4487528198 43.1696784896
19.7413931520 35.7302155286 52.1751286344
19.9837594122 35.2186350022 51.8438980393
19.9087834691 35.6224742431 51.5009440153
19.6484153627 35.5223207357 53.0705722512
19.9291254707 35.0468112883 52.5640889419
19.8440185266 34.9695325343 53.2513794327
19.1831435790 35.0175628845 54.8076263737
19.5540058204 35.0084761210 54.1585779337
19.2112556394 36.6995046426 42.7036142221
19.8422750881 36.2267442681 43.2227764940
19.8211210563 36.1142254979 51.5167517915
20.0252801628 35.8999283411 51.0751013185
20.0034743169 36.4223111141 51.0619714200
19.6847883224 36.3534135850 52.0536791252
19.5114961126 36.3384138503 52.8781401435
19.6453488632 35.2149166654 53.6510974833
19.3588607983 35.7721036244 53.8732682099
18.8959079301 36.1156496252 54.6343043986
19.1041902376 37.8064878715 42.8944007185
19.6650833194 37.1488100508 43.3410450065
19.8334538765 36.7392998136 51.5865359853
19.6655067696 36.8934384627 52.2949112901
19.4788519297 37.0809084640 52.9182810473
19.3835288437 37.7354953292 53.0246725540
19.0824954203 37.0184727994 53.7697926879
18.8912274752 38.8021265499 42.9097065344
19.5937164675 37.8944303979 43.4948380513
19.3852511754 38.5834451514 43.4442457037
19.7870197403 38.3686730625 43.9322605132
18.8521292620 38.4186426256 53.5024098092
19.3424632176 38.4403875883 52.7999625343
19.1748626674 39.5797382997 43.4326391940
19.7048640345 39.1734348180 44.0959280942
19.3205325287 39.5661689353 51.8092116280
19.6766570817 39.1300954245 51.5085326806
19.5473328613 39.6927801610 51.1743028084
19.0554396517 39.2132109716 52.6661346626
19.5317576898 38.7892456589 52.1527324917
19.1487549039 40.6903734936 43.5976178947
19.5876821795 40.1956936345 44.2077866275
19.0585286498 40.4735533876 51.0253326268
19.6055550119 39.9927713089 50.6425582901
19.4805113275 40.4806879777 50.1959200773
18.8493188877 40.0279468003 52.1014236999
19.0999539897 41.8953240091 43.7084932097
19.5156161406 41.1879497371 44.3306177081
19.5049524054 41.6328505060 47.9804018009
19.8352472119 41.2007654755 47.6396675630
19.6114167145 41.8217207869 47.2436148939
19.2115290526 41.6073027628 48.7917943854
19.7709074671 40.9632821454 48.4330796661
19.1127412353 41.1187794418 49.8763119815
19.6209761388 40.7276668891 49.3898903563
18.7775396262 42.8592174101 42.9651122803
19.0898013810 42.9445182662 43.9073793364
19.4918448764 41.9272785556 44.5588665163
19.3325091681 42.6601602224 44.7046539381
19.5963365108 42.2137660671 45.0796512018
19.0270323571 42.5137380383 47.7455653978
19.4234669277 42.4419680871 46.8655321893
18.7835078669 43.9966183492 42.6320995558
18.9658415424 43.7383358698 43.6084722644
19.0879507970 43.5928543770 44.5906935985
19.5065289078 42.6228231536 45.4538401466
19.1913896270 43.3104437830 45.6330923755
19.0798244892 43.1346819051 46.6969849898
19.4843569721 42.6356262506 46.1396693120
18.6248701029 44.8038516964 41.9135932022
18.8491461122 44.8381215081 42.7038310891
18.9077442504 44.5082987032 43.3090858066
18.8584367783 44.5844543486 44.2447450851
18.8378758906 44.2694421954 45.3445656405
18.7163360651 44.0183714818 46.3176098072
18.6443515535 45.8942941316 41.4761785179
18.8045964838 45.4751350984 42.3522764101
18.7863806379 45.4278226029 43.3089855004
18.6583353276 46.8331898243 40.6398731788
18.7979339923 46.6296849222 41.5002885862
18.7660627012 46.3895383844 42.3444060873
18.8225756946 47.5494007115 39.9048658313
19.0531393858 47.8355776244 40.6090100587
18.8435279453 47.3440155978 41.5535822112
19.1225411782 48.6965581102 38.2983379918
19.2119622241 48.5280655069 38.9068378796
19.2413171523 48.2900181338 39.7927761067
19.3484537396 48.5070329667 40.5327262826
19.5071853894 49.0697766314 40.7829677177
19.0270404558 48.4598752327 41.2824883206
19.1401851884 49.8360207298 36.3856750826
19.5663177562 49.7277597225 36.9069798553
19.7347921168 49.5142876786 37.6568075872
19.6606867930 49.1425799962 38.5654005285
19.1777522314 49.4219158671 41.3350471528
19.6194831657 49.5614792504 40.9263505643
19.5400083665 51.0583493926 35.0109059231
20.1504484818 50.6142441926 35.6663920221
19.9406568286 50.1513983817 36.4880033128
19.6635838975 50.1721172208 41.1495773903
19.5343010365 51.2257076389 41.6432032631
19.4709443889 52.2629984055 34.2050173697
19.9833459352 51.6142036654 34.5088504921
19.6120403631 52.2693778411 41.9599882372
19.6968916530 53.0472812852 33.9274190064
19.0974050165 52.5951506849 42.2816600484
19.1604400750 53.1273775587 42.3735038551
19.8633175057 53.9697320367 33.6492750960
19.1667609918 53.5568606284 42.3245187346
19.5352930499 53.3279514474 42.1994695776
19.4533829224 53.9117808010 42.0319195949
19.8866486052 54.6383342033 33.5094554152
20.3627241572 54.7454096228 33.3511512632
20.2293318098 54.3062908762 33.3852360019
19.4655197511 54.7800144603 41.7199646522
18.8228235006 56.7362351251 17.8102235919
18.4513584030 56.2903862833 18.2025310560
19.9610706801 55.0867970348 33.5503376754
19.9679730947 55.6196186074 33.8178541485
19.5437334152 55.5649356116 41.4413197670
19.2369493645 57.3843393115 17.2764213846
19.1988031273 57.1390635830 17.5980572419
19.0772624727 57.2499482803 17.7393019979
19.5238609598 56.4424532718 34.5961816650
20.1269113419 56.3127025906 34.2435596487
19.5143401329 56.6470811017 35.0620369754
19.7573997398 56.7284888050 35.5068412177
19.9238733021 56.5386038091 36.2017091649
19.7373661111 56.3878784670 37.3551464418
19.4895953396 56.5514207394 38.6416404538
19.3155827338 56.9118695439 39.5160166372
19.7887463581 56.9053849584 39.3318929978
19.7365317560 56.1063174685 41.1763238508
19.6542879700 56.6119659248 40.8605021747
19.6812266837 58.3871907435 16.5381081284
19.6618693934 58.0425006280 16.7405651553
19.2258685663 57.7619633976 17.5074798744
19.9911387947 56.7310747140 34.7321365910
19.9856128670 56.8387682611 35.1496784896
19.7129435668 57.1915947627 39.8018866273
19.7572761316 57.3714413856 40.1745308535
20.1134244729 57.3634627016 40.0494901804
19.7128041812 57.1914321457 40.4821204622
19.7581415448 58.9622056475 16.4669210156
20.0300194849 59.1159130659 16.2032304678
19.8180557200 58.7683268401 16.7057578840
19.5201323847 58.2158394823 17.1445843967
20.0134414371 57.4988958995 40.3304738497
20.1604160869 59.6452959282 15.9699785093
20.4155206287 59.9203057175 15.6447065062
20.2960778847 59.5905374519 15.9012434895
20.1234466051 59.3779206214 16.2441999438
20.3701579108 59.9800410074 15.8815821673
20.5165114641 60.4355812462 15.5177572164
20.5238516798 62.2732277956 14.6016767844
20.7279164281 62.3858339098 14.3939626232
20.6050685002 61.9254414164 14.6497313361
20.6519327703 62.1560385281 14.8328376907
20.6153376373 62.5905583178 14.5782016057
19.4677831516 16.3125914958 62.8684350571
19.5459480149 16.8258526786 62.5430285946
19.8047248325 16.9428565763 63.1518565223
19.8926228849 17.8226829770 62.6823662118
20.1817865106 17.5974474833 63.3003800193
20.0188939914 17.3736733007 63.7284504983
19.8817089207 17.6721329277 64.1242940178
19.9459156509 18.1822191238 64.2105009048
19.7970620443 18.9629323777 62.2986749676
20.2979535929 18.0658249194 63.2961642133
20.1491214167 18.6698047927 63.2116611249
20.3847476550 18.3292292397 63.6069551842
19.9822775282 18.7361763285 64.0821608585
19.5676200095 19.7335747996 61.6951769703
19.7866281705 19.6500062908 62.3151089297
19.8310445921 19.5529798826 62.9590033986
20.2566400091 18.6573839695 63.7670255029
19.9562744423 19.1464318817 63.6804216933
19.4980313858 20.4226227923 61.6221201144
19.6161968837 20.2190429036 62.3047119490
19.9723371573 25.3451990434 48.6704431035
19.8821583292 25.1939595725 49.7312925981
19.8076412838 25.2875666002 51.6999325419
19.7552102191 26.3285447288 44.4551935100
20.0964552873 26.2772791220 45.3841813208
20.1943185336 26.0151210959 46.5009085035
20.2418254081 25.8352790114 47.6544994636
20.4375720555 25.9895787963 48.5788730073
20.3513313002 25.8413979726 49.4739453267
20.1812603223 25.6625204079 50.6670140379
20.3047541641 25.9612635483 51.7153255952
20.0788426781 25.8635947349 52.6789937069
19.9223205251 26.1057662090 53.8656330286
19.8215192631 26.9421162638 43.9081319300
20.3075510351 27.0056891136 44.5974766335
20.5728023873 26.9402484285 45.3021134224
20.6102322762 26.6971901691 46.0482516598
20.6876842363 26.5479462398 47.0217433307
20.7806859460 26.5122726393 48.0421214433
20.8096814150 26.4817414058 49.0618089058
20.7638105922 26.4592797910 50.1424012725
20.7079829419 26.5119551440 51.2640367200
20.6120818571 26.5632611643 52.3208461384
20.4559818157 26.6261362843 53.3336071003
20.2784462097 26.7976043190 54.2441841890
20.0790220977 27.0863133890 54.9596699700
20.4607766354 27.3313832585 54.5768643363
20.2932986854 27.5333589007 43.9843980061
20.6686618158 27.6290607500 44.4314805880
20.7398490882 27.3727476213 44.9406701417
20.2837176476 27.7026999188 55.1200732971
20.0102403311 28.1562064829 55.6181996355
20.4644930832 28.4518471231 55.1753374476
20.1459472878 29.2019675662 42.6057922924
20.4470411808 28.7618486009 43.0761018833
20.8289954329 28.2953233348 43.9558608106
20.0207903843 28.9485354069 55.7509146833
20.5617006475 29.3895899959 55.2017639905
20.1442628765 29.9695215788 42.3338902468
20.7763337584 29.5400235586 42.8087788773
20.0319445677 29.9908535039 55.7636979443
20.5737462975 30.4684221720 55.1824915325
20.4308477199 31.0090314206 42.2618802017
19.9692666500 31.2367425981 55.6614077917
20.5380294617 31.2919184315 55.1179089743
20.6384462678 32.0644949561 42.3472516158
20.3043326199 31.9899516114 55.1061916557
20.6689982492 31.6731981430 54.8532581472
20.6979581736 32.2651737173 54.4684756491
20.5604287083 33.0322251803 42.4647836546
20.0711535038 33.1069909774 54.7764770608
20.5134706953 33.1044761038 54.1257770178
20.7653533775 33.6110045275 42.8352612480
20.3649959133 34.1386038828 42.7537936466
20.7097023396 34.2486691679 43.1237880752
20.6086929108 34.5009704309 51.1047385699
20.8887705571 34.0294520016 51.0471697929
20.9272518361 34.3450905995 50.5731966615
20.3288567627 34.5510508425 51.9723246057
20.8081897613 33.9058142184 51.6036253336
20.2069884517 34.3270777706 53.0935535875
20.7081760154 33.7155313483 52.5266652920
20.1782222183 33.8336750667 53.9891135042
20.6258508444 33.4403631073 53.4410942763
20.4274715672 35.8018226243 43.7146014663
20.7486067921 34.8927631284 43.5829108958
20.9098680273 35.4955232998 44.1718632166
20.6463772239 35.0656662382 50.4787364409
20.9428629205 34.7861175423 50.1297725481
20.9724851765 35.4509364518 49.7614746305
20.2296301202 35.2650132170 51.1572631404
19.8587163908 34.6302298313 53.8033922611
20.2502562624 36.7465125873 43.9328859376
20.7519664771 36.1914460398 44.3625032678
20.3933780308 36.1500095989 50.4706903671
20.8593666447 36.6273415905 49.5907662439
19.9952318874 37.6891936561 43.9755919760
20.6481283156 36.8571483717 44.5585807940
20.4344451690 37.5164165289 44.5586662045
20.7794758496 37.2933398287 45.0207165653
20.5178264211 37.2899115705 50.1100137572
20.8232460078 37.4763057547 49.5277808298
20.1065659962 37.2351215169 50.9693740989
19.8190057949 37.4413464108 51.8680107501
19.6358473287 37.4332525114 52.5179316059
20.2112506325 38.5937106635 44.7398148906
20.6799718648 38.0140166918 45.2678410579
20.6334416445 37.9612669062 49.8190808466
20.5820401795 38.5232168612 49.7511353852
20.2982874486 38.2682964656 50.3925194496
19.8886659691 38.3129872240 51.4565359543
19.6472745055 38.0278102565 52.3508131473
19.9983190641 39.7844888605 44.9105125764
20.5933024320 38.7403131887 45.5715855790
20.3911576220 39.4905221753 45.7476746915
20.7007000875 39.0675440992 46.1235758666
20.3196194518 39.2184451716 49.7831946886
20.6686354602 38.8687492304 49.3533369606
20.5548874123 39.3648356378 49.0622062990
19.9171826121 39.2443845737 50.7362921655
19.8423701582 40.7761436795 44.9889175917
20.1101075447 40.4551504673 45.7907387386
20.6222031222 39.5015438986 46.5182546876
20.3545584443 40.1282451124 46.6438254364
20.2173166859 40.4122001778 47.7343971063
20.6559871481 39.6148562861 47.2976751479
20.1608690919 40.0712041815 48.9772950982
20.6167351272 39.5710882060 48.2862798687
19.8767340351 39.9826036024 49.9771954308
19.7207232694 41.6149732611 45.0483618053
19.8946011000 41.3546738680 45.7674260580
19.9933614994 41.0732213458 46.7520513051
19.7046916280 42.1022729407 45.6540831336
19.7280692745 41.9409298682 46.4141256489
19.7000947666 48.9983644671 39.5263888927
19.6105341969 48.8847646948 40.1980262010
20.0853337963 49.8944351829 37.2277526562
20.3664223558 49.9137730140 37.8256578392
20.2875065416 49.7558025239 38.5171170041
20.1791276326 49.6184614825 39.3777164004
20.4348007668 50.1215186928 39.9973275266
19.9376887363 49.5930805913 40.3425738257
20.5104585375 51.0792310981 35.0255048517
21.0420717158 50.7671364477 35.6570666386
20.8346741831 50.4947165939 36.4032433106
20.7323696893 50.2805210350 37.3662563017
20.2922550267 50.4097181113 40.6574444948
20.1052303018 50.8087522083 41.1648532622
20.4791018401 50.9795264200 40.8864737057
20.3489233343 52.2845258353 34.1085709825
20.9326265647 51.6216477835 34.5378167104
20.2609318709 51.3032832295 41.2687883888
20.2066662041 51.9784676244 41.4808920241
20.6551483597 53.1303645283 33.7125457593
19.5537201847 52.8782153773 42.1791056133
20.0626396521 53.0793375088 41.7426765644
20.5114473571 53.8548090830 33.4337139340
20.7820922456 54.2481684237 33.2936097633
21.1842949254 53.6478926162 33.4188734390
20.1540924250 54.2098794950 41.5302457439
21.0524479688 54.7427534678 33.3088870788
20.1260980631 55.1240953237 41.3736513853
20.5502018262 55.2629078267 33.4905480762
20.7873435007 55.8235729044 33.8341834629
20.0758216355 55.7627254735 41.2381058314
20.4597682292 55.5216117266 41.0010146757
20.2561349388 56.2526931439 40.8454610997
19.3449502441 57.3572522431 17.4950447727
20.9876697422 56.3295590777 34.3047986738
20.8486971268 56.5363094360 35.8984990774
20.3019342502 56.7793616755 35.5124442562
20.8150059841 56.2462867757 36.9109187088
20.4708494528 56.2614513441 38.0625972386
20.0914793014 57.0561031776 39.6187436920
20.3336267428 56.5597518188 39.1053263736
20.4217007694 56.9238071124 39.8200926201
20.1578709149 57.0134841672 40.6055084709
20.1014931010 58.6756798382 16.3441295456
19.8949154559 58.1656269238 16.7833867536
19.5450508129 57.7956835203 17.2731845564
20.0326030289 58.5462716865 16.7429386849
20.5074016136 56.6752966834 34.5741723562
20.4418697638 56.8315722861 34.9970745533
20.3924464860 57.2648453338 40.1950993530
20.1419632046 57.4259632150 40.4680898421
20.3510833289 59.3441144963 15.9972373076
20.5263612443 59.6372937141 15.7265324767
20.4763057283 59.1803287511 16.0033455603
20.2056342149 59.0560948238 16.4467317691
20.2513226056 57.4980831417 40.3165580147
20.7925496017 60.3106336798 15.2730591777
20.2748389364 59.5862618112 16.0348641325
20.5313161011 59.8796393698 15.8740639076
20.4544999039 59.4861400796 16.0629936440
20.6969417871 61.2502664798 15.0046430370
20.9448257586 61.5892100934 14.5340838088
20.9795852357 60.9018862357 14.8226575083
20.6912975824 61.0602508380 15.3399919382
20.8648992852 60.7942018905 15.5593156782
21.1243126808 62.1771324994 14.2160971677
20.8987938756 61.6810826414 15.2155822890
21.0035397533 62.4054314842 15.0006006597
20.8774859615 63.1690821258 14.3414091521
21.1365314984 62.9431158990 14.0237766707
20.8942103590 62.8380821473 14.7157349803
21.1867007242 63.7391932831 13.9416592793
21.6608662147 64.2438017112 13.5717729997
21.3905146000 63.5537919050 13.7265945821
21.1395122744 63.8402521347 14.2121156982
21.1890527869 63.5062387901 14.5176407663
21.5193093443 64.3550283074 13.9100238291
21.4128535050 64.0500800522 14.2834190770
20.3577350866 17.9060017120 63.6595827968
20.2289764113 17.8581654845 63.9749380619
20.3113264281 18.2812690267 63.9393682074
20.9868434294 27.3911704136 45.6466152134
21.0023898924 27.1090973173 46.5057674741
21.2217415311 27.2187684314 47.4119773669
21.2444710370 27.0995703063 48.5465141829
21.2421880888 27.0999383770 49.6159097184
21.2273982537 27.2758791420 50.8124509200
21.0429445048 27.2710255244 51.9899881382
20.8799197486 27.2840851842 53.0215601213
20.6848879419 27.3018036783 53.9223235356
21.0449763363 27.8853173825 44.8723383122
21.3702127489 28.0178802584 45.5408693154
21.4236828936 27.7660774294 46.4326583764
21.6604696904 27.8857690543 47.2636723801
21.6655028686 27.7367871495 48.0859905969
21.6808256288 27.6991487129 49.0831770447
21.6555531494 27.7686475795 50.0814514538
21.6256051972 27.9625192565 50.8802389028
21.8146127507 28.5546986849 51.2361137405
21.4664649840 28.0775694835 51.7525712956
21.2333983993 28.0575768398 52.8051118107
20.9995091263 28.0278864662 53.7627244668
20.6921075538 27.9045498548 54.5445447902
21.1739901110 29.1903244754 43.4072959801
21.5038664827 29.0324107919 44.0884977264
21.5291369946 28.5902250345 44.9043729687
21.7618878422 28.4757852664 45.9340503165
21.8509570364 28.3299155819 46.7584877332
21.7179297924 28.7895370673 51.9142158716
21.9301004835 29.1744135780 51.6102360328
21.5471096832 28.8049532553 52.6099441262
21.3119331301 28.9747784571 53.6218038897
20.9049238121 28.7517836635 54.5121249490
21.0111445262 30.3406852595 42.6673857719
21.3618700156 29.8533599568 43.1030422341
21.8134675116 29.4129939719 52.3298510623
21.6561005829 29.5573520630 53.1365913980
21.4935275350 29.8158613839 53.7863155207
21.4731090341 30.5197617244 53.9726050599
21.0934742307 29.8580558070 54.4633208615
21.2153217956 31.2201139891 42.6682856428
21.0100077497 31.1604301276 54.5279087861
21.4674482341 31.2312329949 53.8799712063
21.3332864457 31.9115930590 42.7373387969
21.1401351453 32.5523782588 42.7159145367
21.6052945989 32.2653419304 43.0808679297
21.5128642600 32.6291333068 51.9524174180
21.8436928351 32.1048095069 51.5685131030
21.7036492118 32.6288230263 51.1862697004
21.7891780887 31.9527677369 52.1475550213
21.2322999153 31.9890005062 53.8002109164
21.6051991981 31.5593991741 53.4434038685
21.5190973273 32.0432612393 53.1640045002
21.0053969966 33.0567678008 42.7614487650
21.4147793374 33.0231522957 43.1936658353
21.2939254858 33.4845148667 50.9953965735
21.7645861197 32.9150381493 50.5622123449
21.6503715547 33.4874821887 50.1307609209
21.1020509995 33.2918692564 52.0182733187
21.5884871196 32.2077090883 52.6314262592
21.1686869474 32.7743464760 52.9493616013
20.8761681127 32.7406598864 53.7952456964
21.0384141582 34.3013204234 43.4963838062
21.2137176297 33.8252062451 43.4042559560
21.3600549933 34.2929895377 43.9302549900
21.3293751343 34.3463428828 49.8982607454
21.7685531060 33.8153842521 49.5097838982
21.6897853568 34.3943312998 49.1574176569
21.2505947626 35.7723970843 44.8942018930
21.3175780798 34.9691501032 44.3961601378
21.6157983878 35.1447135177 45.0573741079
21.4627135439 35.1158376965 49.1103561259
21.7980467647 34.7796163103 48.6293242857
21.6785488877 35.6055842784 48.3871779838
20.9989818256 36.6561215799 45.0474777638
21.6107372158 35.6449671793 45.5226093324
21.4166020614 36.4428306795 45.7790791831
21.6449799875 36.4998395585 46.4919105514
21.7549272251 35.8319384596 46.1831604113
21.8099455054 36.1027589521 46.8200809113
21.2933961246 36.1236797440 48.9778344473
21.5513214219 36.6494726708 48.2765795842
21.0827829656 37.4687765728 45.7762063423
21.4596839453 37.1934038658 46.5337407584
21.6874233575 36.8037637320 47.0678430254
21.1783381877 37.2763402020 48.8950020874
21.4736806182 37.5705279353 48.1807797953
20.8873836809 38.4352893022 46.0434490214
21.2294463188 38.1391477435 46.8065261047
21.5467161419 37.5920501236 47.2342440517
21.1883108523 38.1836962574 48.4800795788
21.3987246671 38.1554570374 47.9488329300
20.8754374357 38.1905498805 49.2465129082
20.8916802125 38.9765368605 46.7619781678
21.4148617107 38.1578056320 47.5088647129
21.0743420221 38.7716603869 47.7484098755
20.8651214104 38.8728402685 48.7299703938
20.8078394595 50.2897789559 38.4044466021
20.6669133647 50.2442512194 39.3041350133
21.3924404222 51.1445238654 35.1081223779
21.7673874247 50.9330147862 35.7225030143
21.4973677805 50.7242282756 36.2523980957
21.5436016650 50.7503800967 37.1145941168
21.3306603896 50.7792188109 38.1222511276
21.6534106187 51.5035313797 38.6180988210
21.1470141480 51.0367391190 39.2310582772
20.7406905528 50.8573296383 40.2096334669
21.3332054214 52.2988795729 34.1120280516
21.9086370260 51.6705756677 34.7197474562
21.4147570889 52.0766224977 39.5064213220
21.8155986914 52.4411217291 38.8158349892
21.0249267676 51.7838787776 40.2419319332
20.6432260180 51.5568237063 40.9029405147
21.6722336802 53.0043312208 33.7164687190
21.4867997065 53.0827894214 39.5965725004
21.8040909714 53.4255571588 38.9032407952
21.1325775592 52.7859078940 40.3237040579
20.7029215016 52.4562932925 41.0107312549
21.5116902023 54.1596476999 33.2931657151
21.9470997037 53.6076158872 33.4409500547
21.4476218977 54.0651924475 39.5576541944
21.6976231163 54.3317428065 38.8489290005
21.1484646499 53.8042236204 40.2940733592
20.7189801216 53.5163702094 41.0225751559
21.8061121367 54.6470651901 33.3811006174
21.2548172338 55.1051723303 39.4195389594
21.5550239009 55.0304346681 38.6242236613
21.1207672342 54.6658489920 40.1367504496
20.7115236028 54.6628372529 40.8748893248
21.3529368978 55.2550656199 33.5367679357
21.7906794331 55.7260751306 34.0501745849
21.2560762705 55.8422933310 37.6964086535
21.7025009758 55.5115237936 37.5044804275
21.6636422414 55.7488518702 37.0080003094
21.0797548357 55.7772560786 38.6540872760
21.6414454766 55.3136977597 37.9940261199
20.7897661975 56.1557559695 39.6214384593
20.7952194454 55.6176387981 40.3533781793
21.6361520391 56.2533873054 34.6682499746
20.9951612464 56.6386839576 34.8268097118
20.8259900258 56.7293963468 35.3045645345
21.4011143269 56.4489856217 35.3220331142
21.6766625764 56.0919370659 36.1056524604
20.5217349307 56.7196798690 40.2926380152
20.3667916448 58.8361582802 16.3205410023
20.3591574901 57.2975021670 40.4073057245
20.8121312389 59.6652279763 15.7500680021
20.4394583677 59.0899820318 16.2899006625
21.1417586968 60.5890310160 14.9148731759
21.3916948099 61.0293526923 14.6643901232
21.3149567057 60.3880885840 15.1312171815
21.2898611580 60.1652679265 15.4261980221
21.1587382985 60.3216350763 15.5863971969
21.4116492663 61.7018792407 14.3229689858
21.4758024974 61.1391554612 15.4160195751
21.6263083176 62.3753248836 14.0442070858
21.2930600189 62.2332996887 15.1691139533
21.3719174419 61.6789876825 15.3406582013
21.5527497483 63.0918134228 13.7738134438
21.7857364241 63.6112230489 13.5813563147
21.9845892422 62.9740024362 13.7779326083
21.6809758286 62.2767769209 15.1239090761
21.5047719742 62.9369477169 14.8429395484
22.0534458724 64.1830886669 13.4235669207
21.6908117651 63.7966219529 14.4797876739
21.9038775003 64.8797064827 13.5113281985
22.2421001973 65.1056864965 13.2150913015
22.0249482287 64.8891847482 13.7034531989
21.8298104249 64.3610181014 14.1239980070
22.3217699012 65.5518109311 13.2249696013
22.0665337320 28.4540139691 47.6238849817
22.0173913071 28.2197340493 48.5840960631
22.1397175644 28.4960261934 49.5847512565
21.9047041794 28.3457977194 50.5071107783
21.7853299449 29.7867545153 43.7494064226
21.9658663224 29.4135883176 44.6544580683
22.0146619826 29.0745538054 45.4864216212
22.2608588356 29.1166549242 46.5471527539
22.4558889501 29.1446874364 47.6008254785
22.4089347321 28.8814953249 48.5250317581
22.5324763277 29.0624523818 49.2637546683
22.4746104553 29.1670511510 49.8454135995
22.5715165819 29.7662646221 50.1236688324
22.1854509270 29.1888197689 50.7136236753
21.7023508200 30.5742874785 43.2138498044
22.0622093770 30.4075049801 43.7518398160
22.2929151125 30.3104397378 44.4239038878
22.4112706415 29.8429849257 45.4932588648
22.6413378858 29.9361600625 46.3743144106
22.6839092300 29.7690092559 47.1979794888
22.7094075598 29.5883013059 48.1347155165
22.6925392314 29.4095675919 48.8493641829
22.3536885815 30.2987571914 50.8574020021
22.6343384419 30.5197035209 50.1004859021
22.0547425605 30.0257389932 51.8072562923
21.8648970167 30.1435017630 52.7984654102
21.6998821256 30.1842091818 53.4572477313
21.7592932977 31.5515538859 43.1722155462
22.2094389750 31.1313451040 43.8639517417
22.5664295736 31.0854553232 44.5764077471
22.6795885182 30.7234568543 45.2276833982
22.7601851722 30.4448437581 45.9510433670
22.3910961483 31.1943601973 50.5509836241
22.6319749058 31.1644950206 49.8535437999
22.0623698797 31.2488461188 51.6542155971
21.9529971315 30.7761916606 52.5087988761
21.7508165195 30.8653284298 53.3183606019
22.0796090547 32.3826454221 43.8545024416
22.5594123520 31.8195692964 44.4847799735
22.5268666430 32.4456320258 48.8912657234
22.8037926415 31.8681081612 48.4416105213
22.7354127601 32.4327700599 48.0881548586
22.4238471926 31.8967714254 49.8508348276
22.7200581357 31.5263797675 49.1732801328
22.0562826154 32.1213590600 50.7502295944
21.7975852422 31.5430429469 52.7457008050
21.7558807673 33.5207529052 43.9743297318
22.5400398909 32.5412629515 44.6439355472
22.3056671059 33.3081209972 44.8092297641
22.6661609986 32.8710216076 45.1523096152
22.4822671935 33.2551666942 48.0214461115
22.7764688224 32.6866741335 47.4871839354
22.6648691616 33.2131405406 47.1216432125
22.3018425355 33.1511221986 48.8289557142
22.0814122042 32.9623447163 49.6690322572
21.8361565360 34.3388370440 44.8053667240
22.5938317833 33.3193610874 45.5648970679
22.2800024203 34.1065986600 45.8553761666
22.3687120301 34.0249788002 47.1134565571
22.6444797829 33.3721021901 46.3366340190
22.2553248214 34.0269918520 47.9154091501
22.0640825497 33.9116657366 48.6967337541
21.8889684362 35.0476147436 45.6926773419
22.0220541422 35.1682786741 46.7279525527
22.0242470359 34.8207906924 47.8544771299
21.8101443643 36.0682897060 47.5509433178
21.6543460401 37.1229693233 47.6843521872
21.5573003713 37.7820931193 47.7271907531
22.0155028437 51.2167382934 35.2876504427
22.2718211241 51.1787994278 35.7621662815
22.1204523487 51.0387221372 36.4442102106
22.1651811638 51.2483181965 37.2840165770
22.5117663580 51.4269769365 36.8278960027
21.8168065621 51.1596409519 37.8546276311
22.2795473790 52.3961532142 34.2210966016
22.5664807918 51.9388839306 34.8223435014
22.4683575754 51.5427438062 35.3263453476
22.4960589690 51.6999677994 37.3145674395
22.5796294364 52.3435775350 37.4549171820
22.1517377213 51.8496755274 37.9634499259
22.3782011566 53.1772977247 33.7378914265
22.2274458853 52.9503814702 38.1136803842
22.6183797483 53.0895559073 37.4416795397
22.1838485772 54.0919622103 33.3787605827
22.4343121829 53.7108359742 33.4902664736
22.3771570025 53.9073001185 37.6241309043
22.7785657948 53.5779926418 37.0202454089
22.6739354198 54.3638889912 36.8339899217
22.0323935252 53.8227249102 38.3477528399
22.4512847294 54.4841230839 33.6181390786
22.0359973646 55.0761034920 33.6453972541
22.4863496042 55.1301681294 34.0323345563
22.1300904189 55.0218184914 37.2855371427
22.5450160785 55.0404691327 36.5812768924
21.9350966532 54.5748545462 38.1372720547
22.4598941869 55.5582224930 34.3790540126
22.2077200342 55.5393385358 36.4990778434
22.5965628918 55.3385161958 36.1103890332
22.3349539324 55.7250204566 35.8749196849
22.1929310090 55.9037774321 34.5727303429
22.1451228495 55.9898612152 35.2321303059
21.7839819430 60.9340415707 14.8722636241
21.5660092193 60.5203676932 15.2362804310
21.9109606280 61.6044268242 14.4250024242
22.1268795833 61.4131091895 14.7385684485
22.2296537850 61.8650776743 14.7877036626
21.8412785109 61.0982225874 15.1438422310
22.1835532067 62.3577192529 14.1159107288
21.8686943767 61.7796991912 15.1569047570
22.1283549328 62.6243491900 14.7575493120
22.2191140403 63.5811452227 13.6026773891
22.3463048151 62.9731819327 13.8875802998
22.1125816163 63.4963890588 14.5113816490
22.3952285112 64.3214393865 13.4586285578
22.1101380162 64.0906228363 14.2774036309
22.3878607195 64.0016245400 14.1595296307
22.3067543895 64.6271115972 13.8643258847
22.5419794601 65.2160548565 13.2110703657
22.3786834775 65.2533804838 13.4796812506
22.5645150485 66.3136554968 12.7468492296
22.6921350023 66.6854170876 12.5457518391
22.5620605154 65.9355020583 12.8697289824
22.5455650878 65.7724353427 13.1356452129
22.6249337341 66.3932616385 12.7750944659
22.7652233281 67.3151425221 12.2813952947
22.8271000930 67.5153499057 12.1773661310
22.7321744233 67.0477336809 12.4327950449
22.9036339563 68.3578487472 11.8374589960
22.9613831759 68.7948404101 11.6316261199
22.9137157890 68.2745307406 11.8281546521
22.8646502253 67.8536649699 12.0626562385
22.9830642811 68.6647239028 11.7474682560
22.9629196535 69.1179623256 11.5610065387
23.0025171220 69.2674406501 11.4773448051
22.9841732725 69.0228634971 11.6336490659
23.0009615339 69.4086104565 11.4637539155
23.0625084241 69.4516920268 11.4450461512
23.0182557188 69.3602461778 11.5249369281
22.7065213478 29.5628561658 49.4412799949
22.9006966733 30.5658195525 46.7973423660
22.8964514128 30.3395016346 47.8072514769
22.8444432390 30.0950300997 48.8213451359
22.7722237521 30.1058550371 49.6049902363
22.8050159431 31.5289170031 45.1680901604
22.9330252072 31.2047070104 46.0298082768
23.0178729735 31.2954526490 46.8680343318
22.9941519484 31.0214553341 47.4802756635
22.9120623133 31.0597846258 48.3977674443
22.8052759536 30.7326330096 49.3658153796
22.7835993117 32.2821594785 45.1355876775
22.9347483175 32.0496540094 45.8570024584
23.0051562922 31.8109825737 46.5714576380
22.9420537151 31.8544063736 47.5104148207
22.8096213113 32.7777522389 45.7619020359
22.8785556268 32.5680395213 46.6578192079
22.6574079935 51.5647549219 36.1300304933
22.8152699127 52.2737653640 34.6620227647
22.9480560091 52.1121906781 35.4370912767
22.9651597998 52.1905952077 36.2611034920
22.7591540674 51.9468411136 36.8318737682
22.7426894723 52.7668503030 34.1918293615
23.0331510957 52.4005193030 34.9133479476
23.1896244122 52.6159538409 35.5469014672
23.2394562140 53.3068070695 35.8750859836
23.1381679314 52.7732059930 36.0339540933
22.9086476257 52.7876340758 36.7911376293
22.5346885560 54.0037305548 33.4865340429
22.6690307343 53.7800389726 33.7222208729
23.0567838274 53.7923904001 36.2492113437
23.2053723851 54.1032332976 35.6606620160
22.8409869016 55.1258355796 34.7288250356
22.8158844750 54.6413232307 34.1677736486
23.0526290227 54.6580236995 35.5288502933
23.0867619965 54.6449927800 34.9964851605
22.8454828826 54.7876443603 36.1322314324
22.5610822118 55.6487762166 34.8280237153
22.7116445908 55.3734171201 35.4699058541
22.2928737556 61.9076557301 14.4649518327
22.4196975170 62.6242204156 14.2986609214
22.4899897155 63.5175437746 13.8430346842
22.4522108864 63.4190578050 14.2375553883
22.5323122275 64.3364411800 13.7319398345
22.5558085399 65.2629791025 13.3721658663
22.6786147674 66.2709132166 12.7863508544
22.8002932846 67.2548091159 12.3312398302
22.9483824235 68.3280419411 11.8366819615
23.0420061693 69.1045784766 11.5384452096
23.0404642832 68.8924206032 11.6457739992
23.0596545038 69.2348016303 11.5711585162
23.0966334965 69.4293654170 11.4774445592
23.0854578486 69.4871503529 11.4827077053
3 2 1 0
3 4 3 0
3 0 3 2
3 4 5 3
3 0 1 6
3 6 1 7
3 0 8 4
3 0 6 8
3 5 4 9
3 9 4 8
3 6 7 10
3 10 7 11
3 13 8 12
3 8 10 12
3 8 6 10
3 8 13 9
3 11 14 10
3 10 14 12
3 17 16 15
3 15 18 17
3 16 19 15
3 15 19 18
3 22 21 20
3 20 23 22
3 21 24 20
3 20 24 23
3 27 26 25
3 25 28 27
3 26 29 25
3 25 29 28
3 32 31 30
3 34 33 30
3 30 33 32
3 34 35 33
3 30 31 36
3 36 31 37
3 30 38 34
3 30 36 38
3 35 34 39
3 39 34 38
3 42 41 40
3 42 40 37
3 40 36 37
3 40 43 36
3 36 44 38
3 36 43 44
3 39 38 45
3 45 38 44
3 40 41 46
3 46 41 47
3 40 48 43
3 40 46 48
3 43 49 44
3 43 48 49
3 45 44 50
3 50 44 49
3 46 47 51
3 51 47 52
3 46 53 48
3 46 51 53
3 48 54 49
3 48 53 54
3 50 49 55
3 55 49 54
3 51 52 56
3 56 52 57
3 51 58 53
3 51 56 58
3 60 54 59
3 54 58 59
3 54 53 58
3 54 60 55
3 56 57 61
3 61 57 62
3 64 58 63
3 58 61 63
3 58 56 61
3 58 64 59
3 62 65 61
3 61 65 63
3 68 67 66
3 1 2 66
3 2 68 66
3 2 69 68
3 70 2 3
3 70 69 2
3 3 5 70
3 70 5 71
3 74 73 72
3 74 72 67
3 72 66 67
3 72 75 66
3 75 7 1
3 75 1 66
3 9 77 76
3 71 9 76
3 5 9 71
3 73 78 72
3 80 79 78
3 79 72 78
3 79 75 72
3 79 11 7
3 79 7 75
3 12 81 13
3 81 82 13
3 13 82 9
3 82 83 9
3 83 77 9
3 80 84 79
3 84 86 85
3 84 85 14
3 79 84 14
3 11 79 14
3 85 87 14
3 14 87 12
3 87 88 12
3 88 81 12
3 81 88 82
3 86 89 85
3 85 89 87
3 92 91 90
3 94 93 90
3 90 93 92
3 96 95 94
3 94 95 93
3 96 97 95
3 90 91 98
3 98 91 99
3 98 16 17
3 94 98 17
3 90 98 94
3 94 17 18
3 100 94 18
3 96 94 100
3 97 96 101
3 101 96 100
3 104 103 102
3 104 102 99
3 102 98 99
3 102 105 98
3 106 19 16
3 98 106 16
3 105 106 98
3 100 18 19
3 106 100 19
3 107 100 106
3 101 100 108
3 100 109 108
3 100 107 109
3 109 110 108
3 113 112 111
3 113 111 103
3 111 102 103
3 111 114 102
3 102 115 105
3 102 114 115
3 105 116 106
3 105 115 116
3 106 117 107
3 106 116 117
3 107 118 109
3 107 117 118
3 110 109 119
3 119 109 118
3 111 112 120
3 120 112 121
3 120 21 22
3 114 120 22
3 111 120 114
3 114 22 23
3 122 114 23
3 115 114 122
3 115 123 116
3 115 122 123
3 116 124 117
3 116 123 124
3 126 118 125
3 118 124 125
3 118 117 124
3 118 126 119
3 120 121 127
3 127 121 128
3 129 24 21
3 120 129 21
3 127 129 120
3 122 23 24
3 129 122 24
3 130 122 129
3 122 131 123
3 122 130 131
3 123 132 124
3 123 131 132
3 125 124 133
3 133 124 132
3 128 134 127
3 127 134 129
3 129 134 135
3 129 135 130
3 130 135 136
3 130 136 131
3 131 136 137
3 131 137 132
3 132 137 138
3 132 138 133
3 141 140 139
3 143 142 139
3 139 142 141
3 143 144 142
3 147 146 145
3 149 148 145
3 145 148 147
3 148 149 140
3 140 149 139
3 149 26 139
3 26 27 139
3 139 27 28
3 150 139 28
3 143 139 150
3 144 143 151
3 151 143 150
3 145 146 152
3 152 146 153
3 145 154 149
3 145 152 154
3 155 29 26
3 149 155 26
3 154 155 149
3 155 156 29
3 29 156 28
3 156 157 28
3 157 150 28
3 150 157 151
3 152 153 158
3 158 153 159
3 152 160 154
3 152 158 160
3 162 155 161
3 155 160 161
3 155 154 160
3 155 162 156
3 165 164 163
3 165 163 159
3 163 158 159
3 163 166 158
3 158 167 160
3 158 166 167
3 161 160 168
3 168 160 167
3 171 170 169
3 171 169 164
3 164 169 163
3 169 31 163
3 31 32 163
3 163 32 33
3 163 33 166
3 167 166 172
3 166 35 172
3 35 173 172
3 35 166 33
3 167 172 168
3 169 170 174
3 174 170 175
3 174 37 31
3 174 31 169
3 39 173 35
3 39 176 173
3 174 175 42
3 175 41 42
3 175 177 41
3 174 42 37
3 45 176 39
3 45 178 176
3 181 180 179
3 177 181 179
3 47 177 179
3 41 177 47
3 50 178 45
3 50 182 178
3 179 180 183
3 183 180 184
3 183 52 47
3 183 47 179
3 55 182 50
3 55 185 182
3 183 184 186
3 186 184 187
3 186 57 52
3 186 52 183
3 59 188 60
3 188 189 60
3 189 55 60
3 189 185 55
3 186 187 190
3 190 187 191
3 190 62 57
3 190 57 186
3 63 192 64
3 188 59 64
3 192 188 64
3 193 188 192
3 189 188 194
3 194 188 193
3 190 191 195
3 195 191 196
3 197 65 62
3 190 197 62
3 195 197 190
3 192 63 65
3 197 192 65
3 198 192 197
3 192 199 193
3 192 198 199
3 194 193 200
3 200 193 199
3 196 201 195
3 195 201 197
3 197 201 202
3 197 202 198
3 198 202 203
3 205 204 203
3 204 198 203
3 204 199 198
3 200 199 206
3 206 199 204
3 209 208 207
3 67 68 207
3 68 209 207
3 68 210 209
3 211 68 69
3 211 210 68
3 212 69 70
3 212 211 69
3 70 71 212
3 212 71 213
3 205 214 204
3 204 214 206
3 207 208 74
3 208 73 74
3 208 215 73
3 207 74 67
3 71 76 216
3 217 71 216
3 213 71 217
3 78 73 218
3 73 219 218
3 73 215 219
3 218 80 78
3 217 216 83
3 82 217 83
3 220 217 82
3 218 219 221
3 221 219 222
3 223 84 80
3 218 223 80
3 221 223 218
3 223 86 84
3 87 224 88
3 224 225 88
3 225 82 88
3 225 220 82
3 222 226 221
3 221 226 223
3 223 226 227
3 223 227 86
3 227 89 86
3 227 228 89
3 87 89 224
3 89 229 224
3 89 228 229
3 224 229 225
3 232 231 230
3 230 233 232
3 235 234 92
3 92 234 91
3 93 230 231
3 235 93 231
3 92 93 235
3 236 233 230
3 93 236 230
3 95 236 93
3 95 97 236
3 236 97 237
3 240 239 238
3 234 240 238
3 99 234 238
3 91 234 99
3 101 242 241
3 237 101 241
3 97 101 237
3 242 243 241
3 246 245 244
3 246 244 239
3 239 244 238
3 244 103 238
3 103 104 238
3 238 104 99
3 108 242 101
3 108 110 242
3 110 243 242
3 110 247 243
3 244 245 113
3 245 112 113
3 245 248 112
3 244 113 103
3 119 250 249
3 247 119 249
3 110 119 247
3 250 251 249
3 248 121 112
3 252 121 248
3 125 253 126
3 253 254 126
3 126 254 119
3 254 255 119
3 255 250 119
3 250 255 251
3 252 128 121
3 256 128 252
3 133 257 253
3 133 253 125
3 254 253 258
3 258 253 257
3 134 128 259
3 128 260 259
3 128 256 260
3 261 135 134
3 261 134 259
3 262 136 135
3 262 135 261
3 263 137 136
3 263 136 262
3 264 138 137
3 264 137 263
3 264 265 138
3 138 265 133
3 265 266 133
3 266 257 133
3 257 266 258
3 260 267 259
3 259 267 261
3 261 267 268
3 261 268 262
3 262 268 269
3 262 269 263
3 263 269 270
3 263 270 264
3 264 270 271
3 264 271 265
3 274 273 272
3 272 275 274
3 277 276 141
3 141 276 140
3 142 272 273
3 277 142 273
3 141 142 277
3 142 144 272
3 144 275 272
3 144 278 275
3 280 279 147
3 147 279 146
3 281 147 148
3 281 280 147
3 148 140 276
3 148 276 281
3 151 278 144
3 151 282 278
3 285 284 283
3 279 285 283
3 153 279 283
3 146 279 153
3 156 286 157
3 286 287 157
3 287 151 157
3 287 282 151
3 283 284 288
3 288 284 289
3 288 159 153
3 288 153 283
3 161 290 162
3 290 291 162
3 162 291 156
3 291 292 156
3 292 286 156
3 286 292 287
3 295 294 293
3 295 293 289
3 289 293 288
3 293 164 288
3 164 165 288
3 288 165 159
3 297 296 290
3 161 297 290
3 168 297 161
3 290 296 291
3 300 299 298
3 300 298 294
3 294 298 293
3 298 170 293
3 170 171 293
3 293 171 164
3 173 301 172
3 301 302 172
3 302 168 172
3 302 297 168
3 298 299 303
3 303 299 304
3 303 175 170
3 303 170 298
3 176 305 301
3 176 301 173
3 302 301 306
3 306 301 305
3 303 304 307
3 307 304 308
3 307 177 175
3 307 175 303
3 178 309 305
3 178 305 176
3 306 305 310
3 310 305 309
3 313 312 311
3 313 311 308
3 308 311 307
3 311 180 307
3 180 181 307
3 307 181 177
3 182 314 309
3 182 309 178
3 310 309 315
3 315 309 314
3 311 312 316
3 316 312 317
3 316 184 180
3 316 180 311
3 185 318 314
3 185 314 182
3 315 314 319
3 319 314 318
3 316 317 320
3 320 317 321
3 320 187 184
3 320 184 316
3 189 322 318
3 189 318 185
3 319 318 323
3 323 318 322
3 320 321 324
3 324 321 325
3 324 191 187
3 324 187 320
3 194 326 322
3 194 322 189
3 323 322 327
3 327 322 326
3 324 325 328
3 328 325 329
3 328 196 191
3 328 191 324
3 200 330 326
3 200 326 194
3 327 326 331
3 331 326 330
3 328 329 332
3 332 329 333
3 334 201 196
3 328 334 196
3 332 334 328
3 335 202 201
3 335 201 334
3 336 203 202
3 336 202 335
3 336 205 203
3 206 337 330
3 206 330 200
3 331 330 338
3 338 330 337
3 340 339 209
3 209 339 208
3 341 209 210
3 341 340 209
3 342 210 211
3 342 341 210
3 343 211 212
3 343 342 211
3 212 213 343
3 343 213 344
3 333 345 332
3 347 346 345
3 346 332 345
3 346 334 332
3 334 348 335
3 334 346 348
3 335 349 336
3 335 348 349
3 350 214 205
3 336 350 205
3 349 350 336
3 337 206 214
3 350 337 214
3 351 337 350
3 338 337 352
3 352 337 351
3 355 354 353
3 339 355 353
3 215 339 353
3 208 339 215
3 217 344 213
3 217 356 344
3 347 357 346
3 359 358 357
3 358 346 357
3 358 348 346
3 348 360 349
3 348 358 360
3 349 361 350
3 349 360 361
3 363 351 362
3 351 361 362
3 351 350 361
3 351 363 352
3 366 365 364
3 366 364 354
3 364 353 354
3 364 367 353
3 367 219 215
3 367 215 353
3 220 356 217
3 220 368 356
3 359 369 358
3 358 369 360
3 360 369 370
3 360 370 361
3 361 370 371
3 361 371 362
3 365 372 364
3 374 373 372
3 373 364 372
3 373 367 364
3 373 222 219
3 373 219 367
3 225 368 220
3 225 375 368
3 373 374 376
3 376 374 377
3 378 226 222
3 373 378 222
3 376 378 373
3 379 227 226
3 379 226 378
3 227 379 380
3 381 227 380
3 228 227 381
3 228 382 229
3 381 382 228
3 225 229 375
3 375 229 382
3 377 383 376
3 376 383 378
3 378 383 384
3 378 384 379
3 379 384 385
3 379 385 380
3 388 387 386
3 231 232 386
3 232 388 386
3 232 389 388
3 391 390 233
3 390 232 233
3 390 389 232
3 391 392 390
3 395 394 393
3 395 393 387
3 387 393 386
3 393 234 386
3 234 235 386
3 386 235 231
3 236 391 233
3 397 396 237
3 237 396 236
3 396 392 236
3 392 391 236
3 397 398 396
3 401 400 399
3 401 399 394
3 394 399 393
3 399 239 393
3 239 240 393
3 393 240 234
3 241 397 237
3 403 402 243
3 243 402 241
3 402 398 241
3 398 397 241
3 403 404 402
3 399 400 246
3 400 245 246
3 400 405 245
3 399 246 239
3 247 406 403
3 247 403 243
3 404 403 407
3 407 403 406
3 410 409 408
3 405 410 408
3 248 405 408
3 245 405 248
3 249 406 247
3 412 411 251
3 251 411 249
3 411 407 249
3 407 406 249
3 412 413 411
3 408 409 414
3 414 409 415
3 414 252 248
3 414 248 408
3 254 416 255
3 412 251 255
3 416 412 255
3 417 412 416
3 413 412 418
3 418 412 417
3 414 415 419
3 419 415 420
3 419 256 252
3 419 252 414
3 258 421 416
3 258 416 254
3 423 417 422
3 417 421 422
3 417 416 421
3 417 423 418
3 419 420 424
3 424 420 425
3 424 260 256
3 424 256 419
3 265 426 266
3 421 258 266
3 426 421 266
3 427 421 426
3 422 421 428
3 428 421 427
3 424 425 429
3 429 425 430
3 431 267 260
3 424 431 260
3 429 431 424
3 432 268 267
3 432 267 431
3 433 269 268
3 433 268 432
3 434 270 269
3 434 269 433
3 435 271 270
3 435 270 434
3 435 436 271
3 271 436 265
3 436 437 265
3 437 426 265
3 426 437 427
3 427 437 438
3 427 438 428
3 430 439 429
3 429 439 431
3 431 439 440
3 431 440 432
3 432 440 441
3 432 441 433
3 433 441 442
3 433 442 434
3 434 442 443
3 434 443 435
3 435 443 444
3 435 444 436
3 445 273 274
3 275 445 274
3 447 446 277
3 277 446 276
3 277 273 445
3 448 277 445
3 447 277 448
3 445 275 448
3 275 449 448
3 275 278 449
3 450 279 280
3 450 280 451
3 280 452 451
3 280 281 452
3 281 276 446
3 281 446 452
3 282 449 278
3 282 453 449
3 454 284 285
3 455 454 285
3 455 285 279
3 456 455 279
3 450 456 279
3 456 450 451
3 459 458 457
3 458 453 457
3 453 287 457
3 453 282 287
3 461 460 454
3 460 284 454
3 460 289 284
3 461 454 455
3 464 463 462
3 462 463 459
3 462 459 457
3 291 462 457
3 292 291 457
3 292 457 287
3 466 465 295
3 295 465 294
3 295 289 460
3 295 460 466
3 464 462 296
3 297 464 296
3 467 464 297
3 296 462 291
3 469 468 300
3 300 468 299
3 300 294 465
3 300 465 469
3 302 467 297
3 302 470 467
3 473 472 471
3 468 473 471
3 304 468 471
3 299 468 304
3 306 470 302
3 306 474 470
3 471 472 475
3 475 472 476
3 475 308 304
3 475 304 471
3 310 474 306
3 310 477 474
3 475 476 313
3 476 312 313
3 476 478 312
3 475 313 308
3 315 477 310
3 315 479 477
3 478 317 312
3 480 317 478
3 319 479 315
3 319 481 479
3 484 483 482
3 480 484 482
3 321 480 482
3 317 480 321
3 323 481 319
3 323 485 481
3 482 483 486
3 486 483 487
3 486 325 321
3 486 321 482
3 327 485 323
3 327 488 485
3 486 487 489
3 489 487 490
3 489 329 325
3 489 325 486
3 331 488 327
3 331 491 488
3 489 490 492
3 492 490 493
3 492 333 329
3 492 329 489
3 338 491 331
3 338 494 491
3 495 339 340
3 341 496 340
3 340 496 495
3 342 497 341
3 341 497 496
3 343 498 342
3 342 498 497
3 344 498 343
3 492 493 499
3 499 493 500
3 501 345 333
3 492 501 333
3 499 501 492
3 501 347 345
3 352 494 338
3 352 502 494
3 504 503 355
3 355 503 354
3 355 339 495
3 505 355 495
3 504 355 505
3 505 495 496
3 505 496 506
3 506 496 497
3 506 497 507
3 509 508 507
3 497 509 507
3 498 509 497
3 356 509 344
3 344 509 498
3 500 510 499
3 512 511 510
3 511 499 510
3 511 501 499
3 513 357 347
3 501 513 347
3 511 513 501
3 513 359 357
3 515 514 363
3 515 363 362
3 352 363 502
3 502 363 514
3 517 516 366
3 366 516 365
3 366 354 503
3 366 503 517
3 508 509 518
3 508 518 519
3 368 518 356
3 356 518 509
3 512 520 511
3 522 521 520
3 521 511 520
3 521 513 511
3 523 369 359
3 513 523 359
3 521 523 513
3 524 370 369
3 524 369 523
3 370 524 525
3 526 370 525
3 371 370 526
3 362 371 515
3 515 371 526
3 372 365 527
3 365 528 527
3 365 516 528
3 527 374 372
3 519 518 529
3 519 529 530
3 375 529 368
3 368 529 518
3 522 531 521
3 521 531 523
3 523 531 532
3 523 532 524
3 524 532 533
3 524 533 525
3 527 528 534
3 534 528 535
3 534 377 374
3 534 374 527
3 537 536 381
3 537 381 380
3 529 382 530
3 382 536 530
3 382 381 536
3 382 529 375
3 534 535 538
3 538 535 539
3 540 383 377
3 534 540 377
3 538 540 534
3 541 384 383
3 541 383 540
3 384 541 542
3 543 384 542
3 385 384 543
3 380 385 537
3 537 385 543
3 539 544 538
3 538 544 540
3 540 544 545
3 540 545 541
3 541 545 546
3 541 546 542
3 549 548 547
3 551 550 547
3 547 550 549
3 553 552 551
3 551 552 550
3 553 554 552
3 557 556 555
3 387 388 555
3 388 557 555
3 388 558 557
3 389 547 548
3 558 389 548
3 388 389 558
3 547 389 390
3 547 390 551
3 551 390 392
3 559 551 392
3 553 551 559
3 554 553 560
3 553 561 560
3 553 559 561
3 561 562 560
3 555 556 395
3 556 394 395
3 556 563 394
3 555 395 387
3 396 559 392
3 559 396 398
3 564 559 398
3 561 559 564
3 562 561 565
3 561 566 565
3 561 564 566
3 566 567 565
3 569 568 401
3 401 568 400
3 401 394 563
3 401 563 569
3 402 564 398
3 564 402 404
3 570 564 404
3 566 564 570
3 567 566 571
3 571 566 570
3 574 573 572
3 568 574 572
3 405 568 572
3 400 568 405
3 407 575 570
3 407 570 404
3 571 570 576
3 570 577 576
3 570 575 577
3 579 578 577
3 577 578 576
3 579 580 578
3 572 573 410
3 573 409 410
3 573 581 409
3 572 410 405
3 411 575 407
3 575 411 413
3 582 575 413
3 577 575 582
3 577 583 579
3 577 582 583
3 580 579 584
3 584 579 583
3 587 586 585
3 581 587 585
3 415 581 585
3 409 581 415
3 418 588 582
3 418 582 413
3 582 589 583
3 582 588 589
3 584 583 590
3 590 583 589
3 593 592 591
3 593 591 586
3 591 585 586
3 591 594 585
3 594 420 415
3 594 415 585
3 422 595 423
3 588 418 423
3 595 588 423
3 596 588 595
3 588 597 589
3 588 596 597
3 590 589 598
3 598 589 597
3 591 592 599
3 599 592 600
3 591 601 594
3 591 599 601
3 601 425 420
3 601 420 594
3 428 602 595
3 428 595 422
3 595 603 596
3 595 602 603
3 605 597 604
3 597 603 604
3 597 596 603
3 597 605 598
3 599 600 606
3 606 600 607
3 599 608 601
3 599 606 608
3 608 430 425
3 608 425 601
3 436 609 437
3 610 438 437
3 610 437 609
3 602 428 438
3 610 602 438
3 611 602 610
3 613 603 612
3 603 611 612
3 603 602 611
3 603 613 604
3 606 607 614
3 614 607 615
3 606 616 608
3 606 614 616
3 617 439 430
3 608 617 430
3 616 617 608
3 618 440 439
3 618 439 617
3 619 441 440
3 619 440 618
3 620 442 441
3 620 441 619
3 621 443 442
3 621 442 620
3 622 444 443
3 622 443 621
3 622 623 444
3 444 623 436
3 623 624 436
3 624 609 436
3 609 624 610
3 610 624 625
3 610 625 611
3 611 625 626
3 611 626 612
3 615 627 614
3 614 627 616
3 616 627 628
3 616 628 617
3 617 628 629
3 617 629 618
3 618 629 630
3 618 630 619
3 619 630 631
3 619 631 620
3 620 631 632
3 620 632 621
3 621 632 633
3 621 633 622
3 622 633 634
3 622 634 623
3 637 636 635
3 635 638 637
3 636 639 635
3 635 639 638
3 642 641 640
3 640 643 642
3 646 645 644
3 646 644 641
3 644 640 641
3 644 647 640
3 643 640 648
3 648 640 647
3 645 649 644
3 644 649 647
3 647 649 650
3 647 650 648
3 653 652 651
3 651 654 653
3 657 656 655
3 657 655 652
3 655 651 652
3 655 658 651
3 654 651 659
3 651 660 659
3 651 658 660
3 660 661 659
3 655 656 662
3 662 656 663
3 655 664 658
3 655 662 664
3 658 665 660
3 658 664 665
3 661 660 666
3 666 660 665
3 663 667 662
3 669 668 667
3 668 662 667
3 668 664 662
3 664 670 665
3 664 668 670
3 666 665 671
3 671 665 670
3 669 672 668
3 674 673 672
3 673 668 672
3 673 670 668
3 671 670 675
3 675 670 673
3 674 676 673
3 673 676 675
3 677 446 447
3 448 678 447
3 447 678 677
3 449 678 448
3 679 451 452
3 446 677 452
3 677 679 452
3 677 680 679
3 681 677 678
3 680 677 681
3 453 681 449
3 449 681 678
3 682 455 456
3 451 679 456
3 679 682 456
3 679 683 682
3 684 679 680
3 683 679 684
3 459 684 458
3 684 681 458
3 684 680 681
3 458 681 453
3 685 460 461
3 455 682 461
3 682 685 461
3 682 686 685
3 687 682 683
3 686 682 687
3 464 687 463
3 687 684 463
3 687 683 684
3 463 684 459
3 688 465 466
3 689 688 466
3 689 466 460
3 690 689 460
3 685 690 460
3 690 685 686
3 690 686 691
3 693 692 691
3 686 693 691
3 687 693 686
3 467 693 464
3 464 693 687
3 695 694 469
3 469 694 468
3 469 465 688
3 696 469 688
3 695 469 696
3 696 688 689
3 692 693 697
3 692 697 698
3 470 697 467
3 467 697 693
3 700 699 473
3 473 699 472
3 473 468 694
3 473 694 700
3 698 697 701
3 698 701 702
3 474 701 470
3 470 701 697
3 699 476 472
3 703 476 699
3 702 701 704
3 702 704 705
3 477 704 474
3 474 704 701
3 703 478 476
3 706 478 703
3 705 704 707
3 705 707 708
3 479 707 477
3 477 707 704
3 711 710 709
3 706 711 709
3 480 706 709
3 478 706 480
3 708 707 712
3 708 712 713
3 481 712 479
3 479 712 707
3 709 710 484
3 710 483 484
3 710 714 483
3 709 484 480
3 713 712 715
3 713 715 716
3 485 715 481
3 481 715 712
3 719 718 717
3 714 719 717
3 487 714 717
3 483 714 487
3 720 716 715
3 715 485 720
3 485 721 720
3 485 488 721
3 717 718 722
3 722 718 723
3 722 490 487
3 722 487 717
3 491 721 488
3 491 724 721
3 722 723 725
3 725 723 726
3 725 493 490
3 725 490 722
3 494 724 491
3 494 727 724
3 725 726 728
3 728 726 729
3 728 500 493
3 728 493 725
3 502 727 494
3 502 730 727
3 731 503 504
3 731 504 732
3 504 733 732
3 504 505 733
3 735 733 734
3 733 506 734
3 733 505 506
3 507 736 506
3 506 736 734
3 508 736 507
3 728 729 737
3 737 729 738
3 739 510 500
3 728 739 500
3 737 739 728
3 739 512 510
3 515 740 514
3 740 741 514
3 741 502 514
3 741 730 502
3 742 516 517
3 743 742 517
3 743 517 503
3 744 743 503
3 731 744 503
3 744 731 732
3 745 735 734
3 747 746 745
3 734 747 745
3 736 747 734
3 519 747 508
3 508 747 736
3 738 748 737
3 750 749 748
3 749 737 748
3 749 739 737
3 751 520 512
3 739 751 512
3 749 751 739
3 751 522 520
3 753 752 526
3 753 526 525
3 515 526 740
3 526 754 740
3 526 752 754
3 740 754 741
3 756 755 742
3 755 516 742
3 755 528 516
3 756 742 743
3 746 747 757
3 746 757 758
3 530 757 519
3 519 757 747
3 749 750 759
3 759 750 760
3 749 761 751
3 749 759 761
3 762 531 522
3 751 762 522
3 761 762 751
3 763 532 531
3 763 531 762
3 764 533 532
3 764 532 763
3 764 765 533
3 765 525 533
3 765 753 525
3 768 767 766
3 755 768 766
3 535 755 766
3 528 755 535
3 758 757 536
3 537 758 536
3 769 758 537
3 536 757 530
3 759 760 770
3 770 760 771
3 759 772 761
3 759 770 772
3 761 773 762
3 761 772 773
3 762 774 763
3 762 773 774
3 776 764 775
3 764 774 775
3 764 763 774
3 764 776 765
3 766 767 777
3 777 767 778
3 777 539 535
3 777 535 766
3 780 779 543
3 780 543 542
3 537 543 769
3 769 543 779
3 770 771 781
3 781 771 782
3 770 783 772
3 770 781 783
3 785 773 784
3 773 783 784
3 773 772 783
3 773 785 774
3 774 785 786
3 774 786 775
3 777 778 787
3 787 778 788
3 789 544 539
3 777 789 539
3 787 789 777
3 790 545 544
3 790 544 789
3 545 790 791
3 792 545 791
3 546 545 792
3 542 546 780
3 780 546 792
3 782 793 781
3 781 793 783
3 783 793 794
3 783 794 784
3 797 796 795
3 795 798 797
3 787 788 799
3 799 788 800
3 787 801 789
3 787 799 801
3 803 790 802
3 790 801 802
3 790 789 801
3 790 803 791
3 806 805 804
3 808 807 804
3 804 807 806
3 810 809 808
3 808 809 807
3 809 810 796
3 810 795 796
3 810 811 795
3 798 795 812
3 795 813 812
3 795 811 813
3 813 814 812
3 800 815 799
3 799 815 801
3 801 815 816
3 801 816 802
3 819 818 817
3 819 817 805
3 817 804 805
3 817 820 804
3 804 821 808
3 804 820 821
3 808 822 810
3 808 821 822
3 810 823 811
3 810 822 823
3 811 824 813
3 811 823 824
3 814 813 825
3 813 826 825
3 813 824 826
3 826 827 825
3 817 818 828
3 828 818 829
3 817 830 820
3 817 828 830
3 820 831 821
3 820 830 831
3 821 832 822
3 821 831 832
3 822 833 823
3 822 832 833
3 823 834 824
3 823 833 834
3 824 835 826
3 824 834 835
3 827 826 836
3 826 837 836
3 826 835 837
3 837 838 836
3 841 840 839
3 841 839 829
3 839 828 829
3 839 842 828
3 828 843 830
3 828 842 843
3 830 844 831
3 830 843 844
3 831 845 832
3 831 844 845
3 832 846 833
3 832 845 846
3 833 847 834
3 833 846 847
3 834 848 835
3 834 847 848
3 835 849 837
3 835 848 849
3 838 837 850
3 850 837 849
3 853 852 851
3 853 851 840
3 840 851 839
3 851 548 839
3 548 549 839
3 839 549 550
3 839 550 842
3 842 550 552
3 842 552 843
3 843 552 554
3 854 843 554
3 844 843 854
3 844 855 845
3 844 854 855
3 845 856 846
3 845 855 856
3 846 857 847
3 846 856 857
3 847 858 848
3 847 857 858
3 848 859 849
3 848 858 859
3 850 849 860
3 860 849 859
3 862 861 557
3 557 861 556
3 558 851 852
3 862 558 852
3 557 558 862
3 851 558 548
3 560 854 554
3 854 560 562
3 863 854 562
3 855 854 863
3 855 864 856
3 855 863 864
3 856 865 857
3 856 864 865
3 857 866 858
3 857 865 866
3 858 867 859
3 858 866 867
3 860 859 868
3 868 859 867
3 871 870 869
3 861 871 869
3 563 861 869
3 556 861 563
3 565 863 562
3 863 565 567
3 872 863 567
3 864 863 872
3 864 873 865
3 864 872 873
3 865 874 866
3 865 873 874
3 876 867 875
3 867 874 875
3 867 866 874
3 867 876 868
3 879 878 877
3 879 877 870
3 870 877 869
3 877 568 869
3 568 569 869
3 869 569 563
3 571 880 872
3 571 872 567
3 872 881 873
3 872 880 881
3 873 882 874
3 873 881 882
3 875 874 883
3 883 874 882
3 886 885 884
3 886 884 878
3 878 884 877
3 884 573 877
3 573 574 877
3 877 574 568
3 576 880 571
3 880 576 578
3 880 578 881
3 881 578 580
3 887 881 580
3 882 881 887
3 883 882 888
3 888 882 887
3 884 885 889
3 889 885 890
3 889 581 573
3 889 573 884
3 584 891 887
3 584 887 580
3 888 887 892
3 892 887 891
3 895 894 893
3 895 893 890
3 890 893 889
3 893 586 889
3 586 587 889
3 889 587 581
3 590 896 891
3 590 891 584
3 892 891 897
3 897 891 896
3 900 899 898
3 900 898 894
3 894 898 893
3 898 592 893
3 592 593 893
3 893 593 586
3 598 901 896
3 598 896 590
3 897 896 902
3 902 896 901
3 898 899 903
3 903 899 904
3 903 600 592
3 903 592 898
3 604 905 605
3 901 598 605
3 905 901 605
3 906 901 905
3 902 901 907
3 907 901 906
3 910 909 908
3 910 908 904
3 908 903 904
3 908 911 903
3 911 607 600
3 911 600 903
3 612 912 613
3 905 604 613
3 912 905 613
3 913 905 912
3 915 906 914
3 906 913 914
3 906 905 913
3 906 915 907
3 918 917 916
3 918 916 909
3 916 908 909
3 916 919 908
3 908 920 911
3 908 919 920
3 920 615 607
3 920 607 911
3 623 921 624
3 922 625 624
3 922 624 921
3 923 626 625
3 923 625 922
3 923 924 626
3 626 924 612
3 924 925 612
3 925 912 612
3 912 925 913
3 913 925 926
3 913 926 914
3 916 917 927
3 927 917 928
3 916 929 919
3 916 927 929
3 919 930 920
3 919 929 930
3 931 627 615
3 920 931 615
3 930 931 920
3 932 628 627
3 932 627 931
3 933 629 628
3 933 628 932
3 934 630 629
3 934 629 933
3 935 631 630
3 935 630 934
3 936 632 631
3 936 631 935
3 937 633 632
3 937 632 936
3 938 634 633
3 938 633 937
3 938 939 634
3 634 939 623
3 939 940 623
3 940 921 623
3 921 940 922
3 922 940 941
3 922 941 923
3 923 941 942
3 923 942 924
3 945 944 943
3 945 943 928
3 943 927 928
3 943 946 927
3 927 947 929
3 927 946 947
3 929 948 930
3 929 947 948
3 930 949 931
3 930 948 949
3 951 932 950
3 932 949 950
3 932 931 949
3 932 951 933
3 933 951 952
3 933 952 934
3 934 952 953
3 934 953 935
3 935 953 954
3 935 954 936
3 936 954 955
3 936 955 937
3 937 955 956
3 937 956 938
3 938 956 957
3 938 957 939
3 960 959 958
3 960 958 944
3 958 943 944
3 958 961 943
3 961 636 637
3 946 961 637
3 943 961 946
3 946 637 638
3 962 946 638
3 947 946 962
3 947 963 948
3 947 962 963
3 965 949 964
3 949 963 964
3 949 948 963
3 949 965 950
3 968 967 966
3 968 966 959
3 966 958 959
3 966 969 958
3 958 970 961
3 958 969 970
3 971 639 636
3 961 971 636
3 970 971 961
3 962 638 639
3 971 962 639
3 972 962 971
3 962 973 963
3 962 972 973
3 964 963 974
3 974 963 973
3 966 967 975
3 975 967 976
3 966 977 969
3 966 975 977
3 969 978 970
3 969 977 978
3 970 979 971
3 970 978 979
3 971 980 972
3 971 979 980
3 982 973 981
3 973 980 981
3 973 972 980
3 973 982 974
3 985 984 983
3 985 983 976
3 983 975 976
3 983 986 975
3 986 641 642
3 977 986 642
3 975 986 977
3 977 642 643
3 987 977 643
3 978 977 987
3 978 988 979
3 978 987 988
3 990 980 989
3 980 988 989
3 980 979 988
3 980 990 981
3 983 984 991
3 991 984 992
3 991 645 646
3 986 991 646
3 983 991 986
3 986 646 641
3 648 993 987
3 648 987 643
3 995 988 994
3 988 993 994
3 988 987 993
3 988 995 989
3 991 992 996
3 996 992 997
3 998 649 645
3 991 998 645
3 996 998 991
3 999 650 649
3 999 649 998
3 999 1000 650
3 650 1000 648
3 1000 1001 648
3 1001 993 648
3 993 1001 994
3 1004 1003 1002
3 1002 1005 1004
3 997 1006 996
3 996 1006 998
3 998 1006 1007
3 998 1007 999
3 999 1007 1008
3 999 1008 1000
3 1011 1010 1009
3 1011 1009 1003
3 1009 1002 1003
3 1009 1012 1002
3 1005 1002 1013
3 1013 1002 1012
3 1010 1014 1009
3 1009 1014 1012
3 1012 1014 1015
3 1012 1015 1013
3 1018 1017 1016
3 1020 1019 1016
3 1016 1019 1018
3 1020 1021 1019
3 1016 1017 1022
3 1022 1017 1023
3 1016 1024 1020
3 1016 1022 1024
3 653 1025 652
3 1025 1020 652
3 1020 1024 652
3 1020 1025 1021
3 1027 1026 654
3 1026 653 654
3 1026 1025 653
3 1027 1028 1026
3 1022 1023 1029
3 1029 1023 1030
3 1029 656 657
3 1024 1029 657
3 1022 1029 1024
3 1024 657 652
3 659 1027 654
3 659 661 1027
3 661 1028 1027
3 661 1031 1028
3 1029 1030 1032
3 1032 1030 1033
3 1032 663 656
3 1032 656 1029
3 666 1035 1034
3 1031 666 1034
3 661 666 1031
3 1033 1036 1032
3 1036 1038 1037
3 1036 1037 667
3 1032 1036 667
3 663 1032 667
3 1037 669 667
3 671 1039 1035
3 671 1035 666
3 1038 1040 1037
3 1040 1042 1041
3 1040 1041 672
3 1037 1040 672
3 669 1037 672
3 1041 674 672
3 1044 1043 1039
3 671 1044 1039
3 675 1044 671
3 1042 1045 1041
3 1041 1045 674
3 1045 676 674
3 1045 1046 676
3 675 676 1044
3 1044 676 1046
3 1047 689 690
3 691 1048 690
3 690 1048 1047
3 692 1048 691
3 1049 694 695
3 1049 695 1050
3 695 1051 1050
3 695 696 1051
3 696 689 1047
3 1052 696 1047
3 1051 696 1052
3 1054 1053 1052
3 1047 1054 1052
3 1048 1054 1047
3 698 1054 692
3 692 1054 1048
3 1056 1055 700
3 700 1055 699
3 700 694 1049
3 1057 700 1049
3 1056 700 1057
3 1057 1049 1050
3 1058 1053 1054
3 1054 698 1058
3 698 1059 1058
3 698 702 1059
3 1055 703 699
3 1060 703 1055
3 705 1059 702
3 705 1061 1059
3 1060 706 703
3 1062 706 1060
3 708 1061 705
3 708 1063 1061
3 1065 1064 711
3 711 1064 710
3 711 706 1062
3 711 1062 1065
3 713 1063 708
3 713 1066 1063
3 1064 714 710
3 1067 714 1064
3 716 1066 713
3 716 1068 1066
3 1069 718 719
3 1070 1069 719
3 714 1070 719
3 1067 1070 714
3 716 720 1071
3 1072 716 1071
3 1068 716 1072
3 721 1071 720
3 1074 1073 1069
3 1073 718 1069
3 1073 723 718
3 1074 1069 1070
3 1075 1072 1071
3 1071 721 1075
3 721 1076 1075
3 721 724 1076
3 1073 726 723
3 1077 726 1073
3 727 1076 724
3 727 1078 1076
3 1077 729 726
3 1079 729 1077
3 730 1078 727
3 730 1080 1078
3 1081 732 733
3 735 1081 733
3 1079 738 729
3 1082 738 1079
3 741 1080 730
3 741 1083 1080
3 1085 1084 744
3 744 1084 743
3 744 732 1081
3 1086 744 1081
3 1085 744 1086
3 1088 1086 1087
3 1087 1086 745
3 1086 1081 745
3 1081 735 745
3 746 1087 745
3 748 738 1089
3 738 1090 1089
3 738 1082 1090
3 1089 750 748
3 753 1091 752
3 752 1091 1092
3 1093 752 1092
3 754 752 1093
3 741 754 1083
3 1083 754 1093
3 1095 1094 756
3 756 1094 755
3 756 743 1084
3 756 1084 1095
3 1088 1087 1096
3 1088 1096 1097
3 758 1096 746
3 746 1096 1087
3 1089 1090 1098
3 1098 1090 1099
3 1098 760 750
3 1098 750 1089
3 765 1100 1091
3 765 1091 753
3 1092 1091 1101
3 1101 1091 1100
3 1103 1102 768
3 768 1102 767
3 768 755 1094
3 768 1094 1103
3 1097 1096 1104
3 1097 1104 1105
3 769 1104 758
3 758 1104 1096
3 1098 1099 1106
3 1106 1099 1107
3 1106 771 760
3 1106 760 1098
3 775 1108 776
3 1100 765 776
3 1108 1100 776
3 1109 1100 1108
3 1101 1100 1110
3 1110 1100 1109
3 1113 1112 1111
3 1102 1113 1111
3 778 1102 1111
3 767 1102 778
3 1105 1104 779
3 780 1105 779
3 1114 1105 780
3 779 1104 769
3 1107 1115 1106
3 771 1106 1115
3 1116 771 1115
3 782 771 1116
3 784 1117 785
3 1118 786 785
3 1118 785 1117
3 1108 775 786
3 1118 1108 786
3 1119 1108 1118
3 1108 1120 1109
3 1108 1119 1120
3 1110 1109 1121
3 1121 1109 1120
3 1124 1123 1122
3 1124 1122 1112
3 1122 1111 1112
3 1122 1125 1111
3 1125 788 778
3 1125 778 1111
3 1127 1126 792
3 1127 792 791
3 780 792 1114
3 1114 792 1126
3 793 782 1128
3 782 1129 1128
3 782 1116 1129
3 1130 794 793
3 1130 793 1128
3 1117 784 794
3 1130 1117 794
3 1131 1117 1130
3 1117 1132 1118
3 1117 1131 1132
3 1118 1133 1119
3 1118 1132 1133
3 1133 796 797
3 1120 1133 797
3 1119 1133 1120
3 1135 1134 798
3 798 1134 797
3 1134 1121 797
3 1121 1120 797
3 1135 1136 1134
3 1123 1137 1122
3 1139 1138 1137
3 1138 1122 1137
3 1138 1125 1122
3 1138 800 788
3 1138 788 1125
3 802 1140 803
3 1140 1141 803
3 1141 791 803
3 1141 1127 791
3 1128 1129 1142
3 1142 1129 1143
3 1128 1144 1130
3 1128 1142 1144
3 1144 805 806
3 1131 1144 806
3 1130 1144 1131
3 1131 806 807
3 1131 807 1132
3 1132 807 809
3 1132 809 1133
3 1133 809 796
3 812 1135 798
3 812 814 1135
3 814 1136 1135
3 814 1145 1136
3 1138 1139 1146
3 1146 1139 1147
3 1148 815 800
3 1138 1148 800
3 1146 1148 1138
3 1149 816 815
3 1149 815 1148
3 1149 1150 816
3 816 1150 802
3 1150 1151 802
3 1151 1140 802
3 1140 1151 1141
3 1142 1143 1152
3 1152 1143 1153
3 1152 818 819
3 1144 1152 819
3 1142 1152 1144
3 1144 819 805
3 1154 1145 814
3 1154 814 825
3 1156 1155 827
3 1155 825 827
3 1155 1154 825
3 1158 1157 1156
3 1156 1157 1155
3 1158 1159 1157
3 1147 1160 1146
3 1146 1160 1148
3 1148 1160 1161
3 1148 1161 1149
3 1149 1161 1162
3 1149 1162 1150
3 1152 1153 1163
3 1163 1153 1164
3 1163 829 818
3 1163 818 1152
3 836 1156 827
3 1156 836 838
3 1165 1156 838
3 1158 1156 1165
3 1159 1158 1166
3 1166 1158 1165
3 1169 1168 1167
3 1169 1167 1164
3 1164 1167 1163
3 1167 840 1163
3 840 841 1163
3 1163 841 829
3 850 1170 1165
3 850 1165 838
3 1166 1165 1171
3 1171 1165 1170
3 1174 1173 1172
3 1174 1172 1168
3 1168 1172 1167
3 1172 852 1167
3 852 853 1167
3 1167 853 840
3 1176 1175 1170
3 850 1176 1170
3 860 1176 850
3 1170 1175 1171
3 1172 1173 862
3 1173 861 862
3 1173 1177 861
3 1172 862 852
3 868 1176 860
3 868 1178 1176
3 1180 1179 871
3 871 1179 870
3 871 861 1177
3 871 1177 1180
3 875 1181 876
3 1181 1182 876
3 1182 868 876
3 1182 1178 868
3 1184 1183 879
3 879 1183 878
3 879 870 1179
3 879 1179 1184
3 883 1185 1181
3 883 1181 875
3 1182 1181 1186
3 1186 1181 1185
3 1188 1187 886
3 886 1187 885
3 886 878 1183
3 886 1183 1188
3 888 1189 1185
3 888 1185 883
3 1186 1185 1190
3 1190 1185 1189
3 1193 1192 1191
3 1187 1193 1191
3 890 1187 1191
3 885 1187 890
3 892 1194 1189
3 892 1189 888
3 1190 1189 1195
3 1195 1189 1194
3 1191 1192 895
3 1192 894 895
3 1192 1196 894
3 1191 895 890
3 897 1197 1194
3 897 1194 892
3 1195 1194 1198
3 1198 1194 1197
3 1200 1199 900
3 900 1199 899
3 900 894 1196
3 900 1196 1200
3 902 1201 1197
3 902 1197 897
3 1198 1197 1202
3 1202 1197 1201
3 1205 1204 1203
3 1199 1205 1203
3 904 1199 1203
3 899 1199 904
3 907 1206 1201
3 907 1201 902
3 1202 1201 1207
3 1201 1208 1207
3 1201 1206 1208
3 1208 1209 1207
3 1212 1211 1210
3 1212 1210 1204
3 1204 1210 1203
3 1210 909 1203
3 909 910 1203
3 1203 910 904
3 914 1213 915
3 1206 907 915
3 1213 1206 915
3 1214 1206 1213
3 1206 1215 1208
3 1206 1214 1215
3 1209 1208 1216
3 1216 1208 1215
3 1219 1218 1217
3 1219 1217 1211
3 1211 1217 1210
3 1217 917 1210
3 917 918 1210
3 1210 918 909
3 924 1220 925
3 1221 926 925
3 1221 925 1220
3 1213 914 926
3 1221 1213 926
3 1222 1213 1221
3 1224 1214 1223
3 1214 1222 1223
3 1214 1213 1222
3 1214 1224 1215
3 1215 1224 1225
3 1215 1225 1216
3 1217 1218 1226
3 1226 1218 1227
3 1226 928 917
3 1226 917 1217
3 939 1228 940
3 1229 941 940
3 1229 940 1228
3 1230 942 941
3 1230 941 1229
3 1230 1231 942
3 942 1231 924
3 1231 1232 924
3 1232 1220 924
3 1220 1232 1221
3 1221 1232 1233
3 1221 1233 1222
3 1222 1233 1234
3 1222 1234 1223
3 1237 1236 1235
3 1237 1235 1227
3 1227 1235 1226
3 1235 944 1226
3 944 945 1226
3 1226 945 928
3 950 1238 951
3 1239 952 951
3 1239 951 1238
3 1240 953 952
3 1240 952 1239
3 1241 954 953
3 1241 953 1240
3 1242 955 954
3 1242 954 1241
3 1243 956 955
3 1243 955 1242
3 1244 957 956
3 1244 956 1243
3 1244 1245 957
3 957 1245 939
3 1245 1246 939
3 1246 1228 939
3 1228 1246 1229
3 1229 1246 1247
3 1229 1247 1230
3 1230 1247 1248
3 1230 1248 1231
3 1251 1250 1249
3 1251 1249 1236
3 1236 1249 1235
3 1249 959 1235
3 959 960 1235
3 1235 960 944
3 964 1252 965
3 1238 950 965
3 1252 1238 965
3 1253 1238 1252
3 1255 1239 1254
3 1239 1253 1254
3 1239 1238 1253
3 1239 1255 1240
3 1240 1255 1256
3 1240 1256 1241
3 1241 1256 1257
3 1241 1257 1242
3 1242 1257 1258
3 1242 1258 1243
3 1243 1258 1259
3 1243 1259 1244
3 1244 1259 1260
3 1244 1260 1245
3 1263 1262 1261
3 1263 1261 1250
3 1250 1261 1249
3 1261 967 1249
3 967 968 1249
3 1249 968 959
3 974 1264 1252
3 974 1252 964
3 1266 1253 1265
3 1253 1264 1265
3 1253 1252 1264
3 1253 1266 1254
3 1269 1268 1267
3 1269 1267 1262
3 1267 1261 1262
3 1267 1270 1261
3 1270 976 967
3 1270 967 1261
3 981 1271 982
3 1271 1272 982
3 982 1272 974
3 1272 1273 974
3 1273 1264 974
3 1264 1273 1265
3 1276 1275 1274
3 1276 1274 1268
3 1274 1267 1268
3 1274 1277 1267
3 1277 984 985
3 1270 1277 985
3 1267 1277 1270
3 1270 985 976
3 989 1278 990
3 1278 1279 990
3 990 1279 981
3 1279 1280 981
3 1280 1271 981
3 1271 1280 1272
3 1283 1282 1281
3 1283 1281 1275
3 1281 1274 1275
3 1281 1284 1274
3 1274 1285 1277
3 1274 1284 1285
3 1285 992 984
3 1285 984 1277
3 994 1286 995
3 1286 1287 995
3 995 1287 989
3 1287 1288 989
3 1288 1278 989
3 1278 1288 1279
3 1291 1290 1289
3 1291 1289 1282
3 1289 1281 1282
3 1289 1292 1281
3 1281 1293 1284
3 1281 1292 1293
3 1284 1294 1285
3 1284 1293 1294
3 1294 997 992
3 1294 992 1285
3 1296 1295 1001
3 1296 1001 1000
3 994 1001 1286
3 1001 1297 1286
3 1001 1295 1297
3 1286 1297 1287
3 1289 1290 1298
3 1298 1290 1299
3 1298 1003 1004
3 1292 1298 1004
3 1289 1298 1292
3 1292 1004 1005
3 1300 1292 1005
3 1293 1292 1300
3 1293 1301 1294
3 1293 1300 1301
3 1302 1006 997
3 1294 1302 997
3 1301 1302 1294
3 1006 1302 1303
3 1304 1006 1303
3 1007 1006 1304
3 1007 1305 1008
3 1304 1305 1007
3 1000 1008 1296
3 1296 1008 1305
3 1298 1299 1011
3 1299 1010 1011
3 1299 1306 1010
3 1298 1011 1003
3 1013 1307 1300
3 1013 1300 1005
3 1309 1301 1308
3 1301 1307 1308
3 1301 1300 1307
3 1301 1309 1302
3 1302 1309 1310
3 1302 1310 1303
3 1014 1010 1311
3 1010 1312 1311
3 1010 1306 1312
3 1313 1015 1014
3 1313 1014 1311
3 1313 1314 1015
3 1015 1314 1013
3 1314 1315 1013
3 1315 1307 1013
3 1307 1315 1308
3 1318 1317 1316
3 1316 1319 1318
3 1312 1320 1311
3 1311 1320 1313
3 1313 1320 1321
3 1313 1321 1314
3 1316 1317 1018
3 1317 1017 1018
3 1317 1322 1017
3 1323 1319 1316
3 1018 1323 1316
3 1019 1323 1018
3 1019 1021 1323
3 1323 1021 1324
3 1327 1326 1325
3 1322 1327 1325
3 1023 1322 1325
3 1017 1322 1023
3 1328 1324 1021
3 1328 1021 1025
3 1329 1025 1026
3 1329 1328 1025
3 1026 1028 1329
3 1329 1028 1330
3 1325 1326 1331
3 1331 1326 1332
3 1331 1030 1023
3 1331 1023 1325
3 1031 1330 1028
3 1031 1333 1330
3 1331 1332 1334
3 1334 1332 1335
3 1334 1033 1030
3 1334 1030 1331
3 1336 1333 1031
3 1336 1031 1034
3 1335 1337 1334
3 1337 1339 1338
3 1337 1338 1036
3 1334 1337 1036
3 1033 1334 1036
3 1338 1038 1036
3 1339 1340 1338
3 1340 1342 1341
3 1340 1341 1040
3 1338 1340 1040
3 1038 1338 1040
3 1341 1042 1040
3 1344 1343 1043
3 1344 1043 1044
3 1342 1345 1341
3 1341 1345 1042
3 1345 1045 1042
3 1345 1346 1045
3 1045 1347 1046
3 1346 1347 1045
3 1044 1046 1344
3 1344 1046 1347
3 1348 1050 1051
3 1052 1349 1051
3 1051 1349 1348
3 1053 1349 1052
3 1350 1055 1056
3 1350 1056 1351
3 1056 1352 1351
3 1056 1057 1352
3 1057 1050 1348
3 1353 1057 1348
3 1352 1057 1353
3 1353 1348 1349
3 1353 1349 1354
3 1356 1354 1355
3 1355 1354 1058
3 1354 1349 1058
3 1349 1053 1058
3 1059 1355 1058
3 1358 1357 1350
3 1357 1055 1350
3 1357 1060 1055
3 1358 1350 1351
3 1356 1355 1359
3 1356 1359 1360
3 1061 1359 1059
3 1059 1359 1355
3 1357 1062 1060
3 1361 1062 1357
3 1360 1359 1362
3 1360 1362 1363
3 1063 1362 1061
3 1061 1362 1359
3 1364 1064 1065
3 1365 1364 1065
3 1062 1365 1065
3 1361 1365 1062
3 1363 1362 1366
3 1363 1366 1367
3 1066 1366 1063
3 1063 1366 1362
3 1369 1368 1364
3 1368 1064 1364
3 1368 1067 1064
3 1369 1364 1365
3 1370 1367 1366
3 1366 1066 1370
3 1066 1371 1370
3 1066 1068 1371
3 1368 1070 1067
3 1372 1070 1368
3 1072 1371 1068
3 1072 1373 1371
3 1375 1374 1074
3 1074 1374 1073
3 1074 1070 1372
3 1074 1372 1375
3 1376 1373 1072
3 1376 1072 1075
3 1075 1076 1376
3 1376 1076 1377
3 1374 1077 1073
3 1378 1077 1374
3 1078 1377 1076
3 1078 1379 1377
3 1378 1079 1077
3 1380 1079 1378
3 1080 1379 1078
3 1080 1381 1379
3 1380 1082 1079
3 1382 1082 1380
3 1083 1381 1080
3 1083 1383 1381
3 1384 1084 1085
3 1086 1385 1085
3 1085 1385 1384
3 1088 1385 1086
3 1388 1387 1386
3 1382 1388 1386
3 1090 1382 1386
3 1082 1382 1090
3 1390 1389 1093
3 1390 1093 1092
3 1083 1093 1383
3 1383 1093 1389
3 1392 1391 1095
3 1095 1391 1094
3 1095 1084 1384
3 1393 1095 1384
3 1392 1095 1393
3 1395 1394 1393
3 1384 1395 1393
3 1385 1395 1384
3 1097 1395 1088
3 1088 1395 1385
3 1387 1396 1386
3 1090 1386 1396
3 1397 1090 1396
3 1099 1090 1397
3 1101 1399 1398
3 1390 1101 1398
3 1092 1101 1390
3 1399 1400 1398
3 1402 1401 1103
3 1103 1401 1102
3 1103 1094 1391
3 1103 1391 1402
3 1394 1395 1403
3 1394 1403 1404
3 1105 1403 1097
3 1097 1403 1395
3 1397 1107 1099
3 1405 1107 1397
3 1110 1406 1399
3 1110 1399 1101
3 1400 1399 1407
3 1407 1399 1406
3 1410 1409 1408
3 1112 1113 1408
3 1113 1410 1408
3 1113 1411 1410
3 1113 1102 1401
3 1113 1401 1411
3 1404 1403 1412
3 1404 1412 1413
3 1114 1412 1105
3 1105 1412 1403
3 1115 1107 1414
3 1107 1415 1414
3 1107 1405 1415
3 1414 1116 1115
3 1121 1416 1406
3 1121 1406 1110
3 1407 1406 1417
3 1406 1418 1417
3 1406 1416 1418
3 1418 1419 1417
3 1408 1409 1124
3 1409 1123 1124
3 1409 1420 1123
3 1408 1124 1112
3 1413 1412 1126
3 1127 1413 1126
3 1421 1413 1127
3 1126 1412 1114
3 1414 1415 1422
3 1422 1415 1423
3 1422 1129 1116
3 1422 1116 1414
3 1134 1416 1121
3 1416 1134 1136
3 1424 1416 1136
3 1418 1416 1424
3 1419 1418 1425
3 1425 1418 1424
3 1428 1427 1426
3 1426 1429 1137
3 1420 1426 1137
3 1123 1420 1137
3 1426 1420 1428
3 1429 1139 1137
3 1141 1421 1127
3 1141 1430 1421
3 1422 1423 1431
3 1431 1423 1432
3 1431 1143 1129
3 1431 1129 1422
3 1145 1433 1424
3 1145 1424 1136
3 1425 1424 1434
3 1424 1435 1434
3 1424 1433 1435
3 1437 1436 1435
3 1435 1436 1434
3 1436 1437 1427
3 1437 1426 1427
3 1437 1438 1426
3 1426 1439 1429
3 1426 1438 1439
3 1439 1147 1139
3 1439 1139 1429
3 1441 1440 1151
3 1441 1151 1150
3 1141 1151 1430
3 1430 1151 1440
3 1431 1432 1442
3 1442 1432 1443
3 1442 1153 1143
3 1442 1143 1431
3 1154 1433 1145
3 1433 1154 1155
3 1433 1155 1435
3 1435 1155 1157
3 1435 1157 1437
3 1437 1157 1159
3 1444 1437 1159
3 1438 1437 1444
3 1438 1445 1439
3 1438 1444 1445
3 1446 1160 1147
3 1439 1446 1147
3 1445 1446 1439
3 1447 1161 1160
3 1447 1160 1446
3 1161 1447 1448
3 1449 1161 1448
3 1162 1161 1449
3 1150 1162 1441
3 1441 1162 1449
3 1442 1443 1450
3 1450 1443 1451
3 1450 1164 1153
3 1450 1153 1442
3 1166 1452 1444
3 1166 1444 1159
3 1454 1445 1453
3 1445 1452 1453
3 1445 1444 1452
3 1445 1454 1446
3 1446 1454 1455
3 1446 1455 1447
3 1447 1455 1456
3 1447 1456 1448
3 1459 1458 1457
3 1459 1457 1451
3 1451 1457 1450
3 1457 1168 1450
3 1168 1169 1450
3 1450 1169 1164
3 1461 1460 1452
3 1166 1461 1452
3 1171 1461 1166
3 1452 1460 1453
3 1457 1458 1174
3 1458 1173 1174
3 1458 1462 1173
3 1457 1174 1168
3 1176 1463 1175
3 1463 1464 1175
3 1464 1171 1175
3 1464 1461 1171
3 1467 1466 1465
3 1462 1467 1465
3 1177 1462 1465
3 1173 1462 1177
3 1178 1468 1463
3 1178 1463 1176
3 1464 1463 1469
3 1469 1463 1468
3 1472 1471 1470
3 1472 1470 1466
3 1466 1470 1465
3 1470 1179 1465
3 1179 1180 1465
3 1465 1180 1177
3 1182 1473 1468
3 1182 1468 1178
3 1469 1468 1474
3 1474 1468 1473
3 1477 1476 1475
3 1477 1475 1471
3 1471 1475 1470
3 1475 1183 1470
3 1183 1184 1470
3 1470 1184 1179
3 1186 1478 1473
3 1186 1473 1182
3 1474 1473 1479
3 1479 1473 1478
3 1475 1476 1188
3 1476 1187 1188
3 1476 1480 1187
3 1475 1188 1183
3 1190 1481 1478
3 1190 1478 1186
3 1479 1478 1482
3 1482 1478 1481
3 1484 1483 1193
3 1193 1483 1192
3 1193 1187 1480
3 1193 1480 1484
3 1195 1485 1481
3 1195 1481 1190
3 1482 1481 1486
3 1486 1481 1485
3 1489 1488 1487
3 1483 1489 1487
3 1196 1483 1487
3 1192 1483 1196
3 1198 1490 1485
3 1198 1485 1195
3 1486 1485 1491
3 1491 1485 1490
3 1487 1488 1200
3 1488 1199 1200
3 1488 1492 1199
3 1487 1200 1196
3 1202 1493 1490
3 1202 1490 1198
3 1491 1490 1494
3 1490 1495 1494
3 1490 1493 1495
3 1495 1496 1494
3 1498 1497 1205
3 1205 1497 1204
3 1205 1199 1492
3 1205 1492 1498
3 1207 1493 1202
3 1493 1207 1209
3 1499 1493 1209
3 1495 1493 1499
3 1496 1495 1500
3 1500 1495 1499
3 1502 1501 1212
3 1212 1501 1211
3 1212 1204 1497
3 1212 1497 1502
3 1216 1503 1499
3 1216 1499 1209
3 1500 1499 1504
3 1504 1499 1503
3 1506 1505 1219
3 1219 1505 1218
3 1219 1211 1501
3 1219 1501 1506
3 1223 1507 1224
3 1508 1225 1224
3 1508 1224 1507
3 1503 1216 1225
3 1508 1503 1225
3 1509 1503 1508
3 1504 1503 1510
3 1510 1503 1509
3 1513 1512 1511
3 1505 1513 1511
3 1227 1505 1511
3 1218 1505 1227
3 1231 1514 1232
3 1515 1233 1232
3 1515 1232 1514
3 1516 1234 1233
3 1516 1233 1515
3 1507 1223 1234
3 1516 1507 1234
3 1517 1507 1516
3 1507 1518 1508
3 1507 1517 1518
3 1508 1519 1509
3 1508 1518 1519
3 1510 1509 1520
3 1520 1509 1519
3 1523 1522 1521
3 1523 1521 1512
3 1512 1521 1511
3 1521 1236 1511
3 1236 1237 1511
3 1511 1237 1227
3 1245 1524 1246
3 1525 1247 1246
3 1525 1246 1524
3 1526 1248 1247
3 1526 1247 1525
3 1526 1527 1248
3 1248 1527 1231
3 1527 1528 1231
3 1528 1514 1231
3 1514 1528 1515
3 1515 1528 1529
3 1515 1529 1516
3 1516 1529 1530
3 1516 1530 1517
3 1517 1530 1531
3 1517 1531 1518
3 1518 1531 1532
3 1518 1532 1519
3 1519 1532 1533
3 1519 1533 1520
3 1536 1535 1534
3 1536 1534 1522
3 1522 1534 1521
3 1534 1250 1521
3 1250 1251 1521
3 1521 1251 1236
3 1254 1537 1255
3 1538 1256 1255
3 1538 1255 1537
3 1539 1257 1256
3 1539 1256 1538
3 1540 1258 1257
3 1540 1257 1539
3 1541 1259 1258
3 1541 1258 1540
3 1542 1260 1259
3 1542 1259 1541
3 1524 1245 1260
3 1542 1524 1260
3 1543 1524 1542
3 1545 1525 1544
3 1525 1543 1544
3 1525 1524 1543
3 1525 1545 1526
3 1526 1545 1546
3 1526 1546 1527
3 1549 1548 1547
3 1549 1547 1535
3 1535 1547 1534
3 1547 1262 1534
3 1262 1263 1534
3 1534 1263 1250
3 1265 1550 1266
3 1550 1551 1266
3 1266 1551 1254
3 1551 1552 1254
3 1552 1537 1254
3 1537 1552 1538
3 1538 1552 1553
3 1538 1553 1539
3 1539 1553 1554
3 1539 1554 1540
3 1540 1554 1555
3 1540 1555 1541
3 1541 1555 1556
3 1541 1556 1542
3 1542 1556 1557
3 1542 1557 1543
3 1543 1557 1558
3 1543 1558 1544
3 1561 1560 1559
3 1561 1559 1548
3 1548 1559 1547
3 1559 1268 1547
3 1268 1269 1547
3 1547 1269 1262
3 1563 1562 1273
3 1563 1273 1272
3 1265 1273 1550
3 1273 1564 1550
3 1273 1562 1564
3 1550 1564 1551
3 1567 1566 1565
3 1567 1565 1560
3 1560 1565 1559
3 1565 1275 1559
3 1275 1276 1559
3 1559 1276 1268
3 1569 1568 1280
3 1569 1280 1279
3 1272 1280 1563
3 1563 1280 1568
3 1572 1571 1570
3 1572 1570 1566
3 1566 1570 1565
3 1570 1282 1565
3 1282 1283 1565
3 1565 1283 1275
3 1287 1573 1288
3 1573 1574 1288
3 1574 1279 1288
3 1574 1569 1279
3 1570 1571 1291
3 1571 1290 1291
3 1571 1575 1290
3 1570 1291 1282
3 1296 1576 1295
3 1295 1576 1577
3 1578 1295 1577
3 1297 1295 1578
3 1287 1297 1573
3 1297 1579 1573
3 1297 1578 1579
3 1573 1579 1574
3 1582 1581 1580
3 1575 1582 1580
3 1299 1575 1580
3 1290 1575 1299
3 1303 1583 1304
3 1304 1583 1584
3 1585 1304 1584
3 1305 1304 1585
3 1296 1305 1576
3 1305 1586 1576
3 1305 1585 1586
3 1576 1586 1577
3 1580 1581 1587
3 1587 1581 1588
3 1587 1306 1299
3 1587 1299 1580
3 1308 1589 1309
3 1309 1589 1590
3 1591 1309 1590
3 1310 1309 1591
3 1303 1310 1583
3 1310 1592 1583
3 1310 1591 1592
3 1583 1592 1584
3 1595 1594 1593
3 1593 1596 1595
3 1588 1597 1587
3 1306 1587 1597
3 1598 1306 1597
3 1312 1306 1598
3 1314 1599 1315
3 1599 1600 1315
3 1315 1600 1308
3 1600 1601 1308
3 1601 1589 1308
3 1589 1601 1590
3 1593 1594 1602
3 1602 1594 1603
3 1318 1604 1317
3 1604 1593 1317
3 1593 1602 1317
3 1593 1604 1596
3 1318 1319 1604
3 1604 1319 1605
3 1598 1606 1312
3 1312 1606 1320
3 1320 1607 1321
3 1606 1607 1320
3 1314 1321 1599
3 1321 1608 1599
3 1321 1607 1608
3 1599 1608 1600
3 1602 1603 1609
3 1609 1603 1610
3 1609 1322 1317
3 1609 1317 1602
3 1611 1605 1319
3 1611 1319 1323
3 1613 1612 1324
3 1612 1323 1324
3 1612 1611 1323
3 1613 1614 1612
3 1609 1610 1327
3 1610 1326 1327
3 1610 1615 1326
3 1609 1327 1322
3 1328 1613 1324
3 1616 1614 1613
3 1328 1616 1613
3 1329 1616 1328
3 1329 1330 1616
3 1616 1330 1617
3 1615 1332 1326
3 1618 1332 1615
3 1333 1620 1619
3 1617 1333 1619
3 1330 1333 1617
3 1618 1335 1332
3 1621 1335 1618
3 1336 1620 1333
3 1337 1335 1622
3 1335 1623 1622
3 1335 1621 1623
3 1622 1339 1337
3 1623 1624 1622
3 1624 1626 1625
3 1624 1625 1340
3 1622 1624 1340
3 1339 1622 1340
3 1625 1342 1340
3 1344 1627 1343
3 1626 1628 1625
3 1625 1628 1342
3 1628 1345 1342
3 1628 1629 1345
3 1629 1631 1630
3 1346 1629 1630
3 1345 1629 1346
3 1632 1347 1346
3 1632 1346 1630
3 1632 1633 1347
3 1347 1633 1344
3 1633 1634 1344
3 1634 1627 1344
3 1631 1635 1630
3 1630 1635 1632
3 1632 1635 1636
3 1632 1636 1633
3 1637 1351 1352
3 1353 1638 1352
3 1352 1638 1637
3 1354 1639 1353
3 1353 1639 1638
3 1356 1639 1354
3 1640 1357 1358
3 1351 1637 1358
3 1637 1640 1358
3 1637 1641 1640
3 1642 1637 1638
3 1641 1637 1642
3 1643 1638 1639
3 1642 1638 1643
3 1360 1643 1356
3 1356 1643 1639
3 1644 1361 1640
3 1640 1361 1357
3 1641 1646 1645
3 1644 1641 1645
3 1640 1641 1644
3 1646 1641 1642
3 1646 1642 1647
3 1649 1648 1647
3 1642 1649 1647
3 1643 1649 1642
3 1363 1649 1360
3 1360 1649 1643
3 1651 1650 1644
3 1650 1361 1644
3 1650 1365 1361
3 1651 1644 1645
3 1652 1648 1649
3 1649 1363 1652
3 1363 1653 1652
3 1363 1367 1653
3 1654 1368 1369
3 1655 1654 1369
3 1365 1655 1369
3 1650 1655 1365
3 1367 1370 1656
3 1657 1367 1656
3 1653 1367 1657
3 1371 1656 1370
3 1659 1658 1654
3 1658 1368 1654
3 1658 1372 1368
3 1659 1654 1655
3 1660 1657 1656
3 1656 1371 1660
3 1371 1661 1660
3 1371 1373 1661
3 1662 1374 1375
3 1663 1662 1375
3 1372 1663 1375
3 1658 1663 1372
3 1373 1376 1664
3 1665 1373 1664
3 1661 1373 1665
3 1377 1664 1376
3 1666 1378 1662
3 1662 1378 1374
3 1662 1663 1667
3 1662 1667 1666
3 1668 1665 1664
3 1664 1377 1668
3 1377 1669 1668
3 1377 1379 1669
3 1671 1670 1666
3 1670 1378 1666
3 1670 1380 1378
3 1671 1666 1667
3 1381 1669 1379
3 1381 1672 1669
3 1670 1382 1380
3 1673 1382 1670
3 1383 1672 1381
3 1383 1674 1672
3 1676 1675 1388
3 1388 1675 1387
3 1388 1382 1673
3 1388 1673 1676
3 1390 1677 1389
3 1677 1678 1389
3 1678 1383 1389
3 1678 1674 1383
3 1679 1391 1392
3 1393 1680 1392
3 1392 1680 1679
3 1394 1680 1393
3 1396 1387 1681
3 1387 1682 1681
3 1387 1675 1682
3 1681 1397 1396
3 1398 1677 1390
3 1398 1400 1677
3 1400 1678 1677
3 1400 1683 1678
3 1685 1684 1402
3 1402 1684 1401
3 1402 1391 1679
3 1686 1402 1679
3 1685 1402 1686
3 1686 1679 1680
3 1686 1680 1687
3 1680 1394 1687
3 1394 1688 1687
3 1394 1404 1688
3 1681 1682 1689
3 1689 1682 1690
3 1689 1405 1397
3 1689 1397 1681
3 1407 1692 1691
3 1683 1407 1691
3 1400 1407 1683
3 1694 1693 1692
3 1692 1693 1691
3 1694 1695 1693
3 1697 1696 1410
3 1410 1696 1409
3 1698 1410 1411
3 1698 1697 1410
3 1411 1401 1684
3 1411 1684 1698
3 1413 1688 1404
3 1413 1699 1688
3 1689 1690 1700
3 1700 1690 1701
3 1700 1415 1405
3 1700 1405 1689
3 1417 1692 1407
3 1692 1417 1419
3 1702 1692 1419
3 1694 1692 1702
3 1695 1694 1703
3 1694 1704 1703
3 1694 1702 1704
3 1706 1705 1704
3 1704 1705 1703
3 1696 1705 1706
3 1420 1696 1706
3 1409 1696 1420
3 1421 1699 1413
3 1421 1707 1699
3 1700 1701 1708
3 1708 1701 1709
3 1708 1423 1415
3 1708 1415 1700
3 1425 1710 1702
3 1425 1702 1419
3 1702 1711 1704
3 1702 1710 1711
3 1711 1427 1428
3 1706 1711 1428
3 1704 1711 1706
3 1706 1428 1420
3 1714 1713 1712
3 1713 1707 1712
3 1707 1430 1712
3 1707 1421 1430
3 1708 1709 1715
3 1715 1709 1716
3 1715 1432 1423
3 1715 1423 1708
3 1434 1710 1425
3 1710 1434 1436
3 1710 1436 1711
3 1711 1436 1427
3 1714 1712 1440
3 1441 1714 1440
3 1717 1714 1441
3 1440 1712 1430
3 1715 1716 1718
3 1718 1716 1719
3 1718 1443 1432
3 1718 1432 1715
3 1721 1720 1449
3 1721 1449 1448
3 1441 1449 1717
3 1717 1449 1720
3 1718 1719 1722
3 1722 1719 1723
3 1722 1451 1443
3 1722 1443 1718
3 1453 1724 1454
3 1725 1455 1454
3 1725 1454 1724
3 1455 1725 1726
3 1727 1455 1726
3 1456 1455 1727
3 1448 1456 1721
3 1721 1456 1727
3 1722 1723 1459
3 1723 1458 1459
3 1723 1728 1458
3 1722 1459 1451
3 1461 1729 1460
3 1724 1453 1460
3 1729 1724 1460
3 1730 1724 1729
3 1732 1725 1731
3 1725 1730 1731
3 1725 1724 1730
3 1725 1732 1726
3 1735 1734 1733
3 1728 1735 1733
3 1462 1728 1733
3 1458 1728 1462
3 1464 1736 1729
3 1464 1729 1461
3 1738 1730 1737
3 1730 1736 1737
3 1730 1729 1736
3 1730 1738 1731
3 1741 1740 1739
3 1741 1739 1734
3 1734 1739 1733
3 1739 1466 1733
3 1466 1467 1733
3 1733 1467 1462
3 1469 1742 1736
3 1469 1736 1464
3 1737 1736 1743
3 1743 1736 1742
3 1739 1740 1472
3 1740 1471 1472
3 1740 1744 1471
3 1739 1472 1466
3 1474 1745 1742
3 1474 1742 1469
3 1743 1742 1746
3 1746 1742 1745
3 1748 1747 1477
3 1477 1747 1476
3 1477 1471 1744
3 1477 1744 1748
3 1479 1749 1745
3 1479 1745 1474
3 1746 1745 1750
3 1750 1745 1749
3 1747 1480 1476
3 1751 1480 1747
3 1482 1752 1749
3 1482 1749 1479
3 1750 1749 1753
3 1753 1749 1752
3 1755 1754 1484
3 1484 1754 1483
3 1484 1480 1751
3 1484 1751 1755
3 1486 1756 1752
3 1486 1752 1482
3 1753 1752 1757
3 1757 1752 1756
3 1759 1758 1489
3 1489 1758 1488
3 1489 1483 1754
3 1489 1754 1759
3 1491 1760 1756
3 1491 1756 1486
3 1757 1756 1761
3 1761 1756 1760
3 1758 1492 1488
3 1762 1492 1758
3 1494 1760 1491
3 1764 1763 1496
3 1496 1763 1494
3 1763 1761 1494
3 1761 1760 1494
3 1764 1765 1763
3 1767 1766 1498
3 1498 1766 1497
3 1498 1492 1762
3 1498 1762 1767
3 1500 1768 1764
3 1500 1764 1496
3 1765 1764 1769
3 1769 1764 1768
3 1771 1770 1502
3 1502 1770 1501
3 1502 1497 1766
3 1502 1766 1771
3 1504 1772 1768
3 1504 1768 1500
3 1769 1768 1773
3 1773 1768 1772
3 1775 1774 1506
3 1506 1774 1505
3 1506 1501 1770
3 1506 1770 1775
3 1510 1776 1772
3 1510 1772 1504
3 1773 1772 1777
3 1777 1772 1776
3 1779 1778 1513
3 1513 1778 1512
3 1513 1505 1774
3 1513 1774 1779
3 1520 1780 1776
3 1520 1776 1510
3 1777 1776 1781
3 1781 1776 1780
3 1783 1782 1523
3 1523 1782 1522
3 1523 1512 1778
3 1523 1778 1783
3 1527 1784 1528
3 1785 1529 1528
3 1785 1528 1784
3 1786 1530 1529
3 1786 1529 1785
3 1787 1531 1530
3 1787 1530 1786
3 1788 1532 1531
3 1788 1531 1787
3 1789 1533 1532
3 1789 1532 1788
3 1780 1520 1533
3 1789 1780 1533
3 1790 1780 1789
3 1781 1780 1791
3 1791 1780 1790
3 1793 1792 1536
3 1536 1792 1535
3 1536 1522 1782
3 1536 1782 1793
3 1544 1794 1545
3 1795 1546 1545
3 1795 1545 1794
3 1784 1527 1546
3 1795 1784 1546
3 1796 1784 1795
3 1798 1785 1797
3 1785 1796 1797
3 1785 1784 1796
3 1800 1799 1798
3 1799 1785 1798
3 1799 1786 1785
3 1786 1801 1787
3 1786 1799 1801
3 1787 1802 1788
3 1787 1801 1802
3 1788 1803 1789
3 1788 1802 1803
3 1789 1804 1790
3 1789 1803 1804
3 1791 1790 1805
3 1805 1790 1804
3 1807 1806 1549
3 1549 1806 1548
3 1549 1535 1792
3 1549 1792 1807
3 1551 1808 1552
3 1809 1553 1552
3 1809 1552 1808
3 1810 1554 1553
3 1810 1553 1809
3 1811 1555 1554
3 1811 1554 1810
3 1812 1556 1555
3 1812 1555 1811
3 1813 1557 1556
3 1813 1556 1812
3 1814 1558 1557
3 1814 1557 1813
3 1814 1815 1558
3 1558 1815 1544
3 1815 1816 1544
3 1816 1794 1544
3 1794 1816 1795
3 1795 1816 1817
3 1795 1817 1796
3 1796 1817 1818
3 1796 1818 1797
3 1800 1819 1799
3 1799 1819 1801
3 1801 1819 1820
3 1822 1821 1820
3 1821 1801 1820
3 1821 1802 1801
3 1802 1823 1803
3 1802 1821 1823
3 1803 1824 1804
3 1803 1823 1824
3 1805 1804 1825
3 1804 1826 1825
3 1804 1824 1826
3 1826 1827 1825
3 1829 1828 1561
3 1561 1828 1560
3 1561 1548 1806
3 1561 1806 1829
3 1563 1830 1562
3 1562 1830 1831
3 1832 1562 1831
3 1564 1562 1832
3 1551 1564 1808
3 1564 1833 1808
3 1564 1832 1833
3 1808 1833 1809
3 1809 1833 1834
3 1809 1834 1810
3 1810 1834 1835
3 1810 1835 1811
3 1811 1835 1836
3 1811 1836 1812
3 1812 1836 1837
3 1812 1837 1813
3 1813 1837 1838
3 1813 1838 1814
3 1814 1838 1839
3 1814 1839 1815
3 1822 1840 1821
3 1821 1840 1823
3 1823 1840 1841
3 1843 1842 1841
3 1842 1823 1841
3 1842 1824 1823
3 1824 1844 1826
3 1824 1842 1844
3 1827 1826 1845
3 1845 1826 1844
3 1848 1847 1846
3 1566 1567 1846
3 1567 1848 1846
3 1567 1849 1848
3 1567 1560 1828
3 1567 1828 1849
3 1569 1850 1568
3 1850 1851 1568
3 1568 1851 1563
3 1851 1852 1563
3 1852 1830 1563
3 1830 1852 1831
3 1843 1853 1842
3 1855 1854 1853
3 1854 1842 1853
3 1854 1844 1842
3 1845 1844 1856
3 1844 1857 1856
3 1844 1854 1857
3 1857 1858 1856
3 1846 1847 1572
3 1847 1571 1572
3 1847 1859 1571
3 1846 1572 1566
3 1861 1860 1850
3 1569 1861 1850
3 1574 1861 1569
3 1850 1860 1851
3 1854 1855 1862
3 1862 1855 1863
3 1854 1864 1857
3 1854 1862 1864
3 1858 1857 1865
3 1857 1866 1865
3 1857 1864 1866
3 1866 1867 1865
3 1870 1869 1868
3 1859 1870 1868
3 1575 1859 1868
3 1571 1859 1575
3 1577 1871 1578
3 1578 1871 1872
3 1873 1578 1872
3 1579 1578 1873
3 1574 1579 1861
3 1861 1579 1873
3 1863 1874 1862
3 1876 1875 1874
3 1875 1862 1874
3 1875 1864 1862
3 1864 1877 1866
3 1864 1875 1877
3 1867 1866 1878
3 1866 1879 1878
3 1866 1877 1879
3 1879 1880 1878
3 1868 1869 1582
3 1869 1581 1582
3 1869 1881 1581
3 1868 1582 1575
3 1584 1882 1585
3 1585 1882 1883
3 1884 1585 1883
3 1586 1585 1884
3 1577 1586 1871
3 1586 1885 1871
3 1586 1884 1885
3 1871 1885 1872
3 1875 1876 1886
3 1886 1876 1887
3 1875 1888 1877
3 1875 1886 1888
3 1877 1889 1879
3 1877 1888 1889
3 1880 1879 1890
3 1879 1891 1890
3 1879 1889 1891
3 1891 1892 1890
3 1895 1894 1893
3 1881 1895 1893
3 1588 1881 1893
3 1581 1881 1588
3 1590 1896 1591
3 1591 1896 1897
3 1898 1591 1897
3 1592 1591 1898
3 1584 1592 1882
3 1592 1899 1882
3 1592 1898 1899
3 1882 1899 1883
3 1886 1887 1900
3 1900 1887 1901
3 1886 1902 1888
3 1886 1900 1902
3 1902 1594 1595
3 1889 1902 1595
3 1888 1902 1889
3 1889 1595 1596
3 1903 1889 1596
3 1891 1889 1903
3 1892 1891 1904
3 1904 1891 1903
3 1907 1906 1905
3 1907 1905 1894
3 1905 1893 1894
3 1905 1908 1893
3 1909 1597 1588
3 1893 1909 1588
3 1908 1909 1893
3 1909 1598 1597
3 1911 1910 1601
3 1911 1601 1600
3 1590 1601 1896
3 1601 1912 1896
3 1601 1910 1912
3 1896 1912 1897
3 1901 1913 1900
3 1915 1914 1913
3 1914 1900 1913
3 1914 1902 1900
3 1914 1603 1594
3 1914 1594 1902
3 1604 1903 1596
3 1917 1916 1605
3 1605 1916 1604
3 1916 1904 1604
3 1904 1903 1604
3 1917 1918 1916
3 1906 1919 1905
3 1905 1919 1908
3 1908 1919 1920
3 1908 1920 1909
3 1909 1920 1921
3 1909 1921 1598
3 1921 1606 1598
3 1921 1922 1606
3 1606 1923 1607
3 1922 1923 1606
3 1607 1924 1608
3 1923 1924 1607
3 1600 1608 1911
3 1911 1608 1924
3 1914 1915 1925
3 1925 1915 1926
3 1925 1610 1603
3 1925 1603 1914
3 1611 1917 1605
3 1927 1918 1917
3 1611 1927 1917
3 1612 1927 1611
3 1612 1614 1927
3 1927 1614 1928
3 1925 1926 1929
3 1929 1926 1930
3 1929 1615 1610
3 1929 1610 1925
3 1614 1616 1931
3 1932 1614 1931
3 1928 1614 1932
3 1617 1931 1616
3 1929 1930 1933
3 1933 1930 1934
3 1933 1618 1615
3 1933 1615 1929
3 1935 1932 1931
3 1937 1935 1936
3 1936 1935 1619
3 1935 1931 1619
3 1931 1617 1619
3 1934 1938 1933
3 1618 1933 1938
3 1939 1618 1938
3 1621 1618 1939
3 1937 1936 1940
3 1937 1940 1941
3 1939 1623 1621
3 1942 1623 1939
3 1941 1940 1943
3 1941 1943 1944
3 1624 1623 1945
3 1623 1946 1945
3 1623 1942 1946
3 1945 1626 1624
3 1944 1943 1947
3 1944 1947 1948
3 1946 1949 1945
3 1945 1949 1626
3 1949 1628 1626
3 1949 1950 1628
3 1950 1952 1951
3 1629 1950 1951
3 1628 1950 1629
3 1951 1631 1629
3 1948 1947 1634
3 1633 1948 1634
3 1953 1948 1633
3 1952 1954 1951
3 1951 1954 1631
3 1954 1635 1631
3 1954 1955 1635
3 1635 1956 1636
3 1955 1956 1635
3 1633 1636 1953
3 1953 1636 1956
3 1957 1645 1646
3 1647 1958 1646
3 1646 1958 1957
3 1648 1958 1647
3 1959 1650 1651
3 1645 1957 1651
3 1957 1959 1651
3 1957 1960 1959
3 1961 1957 1958
3 1960 1957 1961
3 1652 1962 1648
3 1962 1958 1648
3 1962 1961 1958
3 1653 1962 1652
3 1963 1655 1959
3 1959 1655 1650
3 1960 1965 1964
3 1963 1960 1964
3 1959 1960 1963
3 1965 1960 1961
3 1965 1961 1966
3 1968 1967 1966
3 1961 1968 1966
3 1962 1968 1961
3 1657 1968 1653
3 1653 1968 1962
3 1969 1658 1659
3 1970 1969 1659
3 1970 1659 1655
3 1971 1970 1655
3 1963 1971 1655
3 1971 1963 1964
3 1972 1967 1968
3 1974 1972 1973
3 1973 1972 1660
3 1972 1968 1660
3 1968 1657 1660
3 1661 1973 1660
3 1975 1663 1969
3 1969 1663 1658
3 1969 1970 1976
3 1969 1976 1975
3 1977 1974 1973
3 1973 1661 1977
3 1661 1978 1977
3 1661 1665 1978
3 1980 1979 1975
3 1979 1663 1975
3 1979 1667 1663
3 1980 1975 1976
3 1665 1668 1981
3 1982 1665 1981
3 1978 1665 1982
3 1669 1981 1668
3 1983 1670 1671
3 1984 1983 1671
3 1667 1984 1671
3 1979 1984 1667
3 1985 1982 1981
3 1981 1669 1985
3 1669 1986 1985
3 1669 1672 1986
3 1988 1987 1983
3 1987 1670 1983
3 1987 1673 1670
3 1988 1983 1984
3 1674 1986 1672
3 1674 1989 1986
3 1990 1675 1676
3 1991 1990 1676
3 1673 1991 1676
3 1987 1991 1673
3 1678 1993 1992
3 1989 1678 1992
3 1674 1678 1989
3 1993 1994 1992
3 1996 1995 1990
3 1995 1675 1990
3 1995 1682 1675
3 1996 1990 1991
3 1683 1997 1993
3 1683 1993 1678
3 1994 1993 1998
3 1993 1999 1998
3 1993 1997 1999
3 1999 2000 1998
3 2001 1684 1685
3 1686 2002 1685
3 1685 2002 2001
3 1687 2003 1686
3 1686 2003 2002
3 1688 2003 1687
3 1995 1690 1682
3 2004 1690 1995
3 1691 1997 1683
3 1997 1691 1693
3 1997 1693 1999
3 2006 2005 1695
3 1695 2005 1693
3 2005 2000 1693
3 2000 1999 1693
3 2006 2007 2005
3 2009 2008 1697
3 1697 2008 1696
3 2010 1697 1698
3 2010 2009 1697
3 1698 1684 2001
3 2011 1698 2001
3 2010 1698 2011
3 2011 2001 2002
3 2011 2002 2012
3 2014 2013 2012
3 2002 2014 2012
3 2003 2014 2002
3 1699 2014 1688
3 1688 2014 2003
3 2004 1701 1690
3 2015 1701 2004
3 1703 2006 1695
3 2016 2007 2006
3 1703 2016 2006
3 1705 2016 1703
3 1705 1696 2008
3 1705 2008 2016
3 2013 2014 2017
3 2013 2017 2018
3 1707 2017 1699
3 1699 2017 2014
3 2015 1709 1701
3 2019 1709 2015
3 2018 2017 1713
3 1714 2018 1713
3 2020 2018 1714
3 1713 2017 1707
3 2019 1716 1709
3 2021 1716 2019
3 1717 2020 1714
3 1717 2022 2020
3 2021 1719 1716
3 2023 1719 2021
3 2025 2024 1720
3 2025 1720 1721
3 1717 1720 2022
3 2022 1720 2024
3 2023 1723 1719
3 2026 1723 2023
3 2028 2027 1727
3 2028 1727 1726
3 1721 1727 2025
3 2025 1727 2027
3 2031 2030 2029
3 2026 2031 2029
3 1728 2026 2029
3 1723 2026 1728
3 1731 2032 1732
3 2032 2033 1732
3 2033 1726 1732
3 2033 2028 1726
3 2029 2030 1735
3 2030 1734 1735
3 2030 2034 1734
3 2029 1735 1728
3 1737 2035 1738
3 2035 2036 1738
3 1738 2036 1731
3 2036 2037 1731
3 2037 2032 1731
3 2032 2037 2033
3 2039 2038 1741
3 1741 2038 1740
3 1741 1734 2034
3 1741 2034 2039
3 1743 2040 2035
3 1743 2035 1737
3 2036 2035 2041
3 2041 2035 2040
3 2044 2043 2042
3 2038 2044 2042
3 1744 2038 2042
3 1740 2038 1744
3 1746 2045 2040
3 1746 2040 1743
3 2041 2040 2046
3 2046 2040 2045
3 2042 2043 1748
3 2043 1747 1748
3 2043 2047 1747
3 2042 1748 1744
3 1750 2048 2045
3 1750 2045 1746
3 2046 2045 2049
3 2049 2045 2048
3 2047 1751 1747
3 2050 1751 2047
3 2052 2051 2048
3 1750 2052 2048
3 1753 2052 1750
3 2048 2051 2049
3 2054 2053 1755
3 1755 2053 1754
3 1755 1751 2050
3 1755 2050 2054
3 1757 2056 2055
3 2052 1757 2055
3 1753 1757 2052
3 2056 2057 2055
3 2059 2058 1759
3 1759 2058 1758
3 1759 1754 2053
3 1759 2053 2059
3 1761 2060 2056
3 1761 2056 1757
3 2057 2056 2061
3 2061 2056 2060
3 2058 1762 1758
3 2062 1762 2058
3 1763 2060 1761
3 1763 1765 2060
3 1765 2061 2060
3 1765 2063 2061
3 2065 2064 1767
3 1767 2064 1766
3 1767 1762 2062
3 1767 2062 2065
3 1769 2063 1765
3 1769 2066 2063
3 2068 2067 1771
3 1771 2067 1770
3 1771 1766 2064
3 1771 2064 2068
3 1773 2066 1769
3 1773 2069 2066
3 2070 1774 1775
3 2071 2070 1775
3 1770 2071 1775
3 2067 2071 1770
3 1777 2069 1773
3 1777 2072 2069
3 2073 1778 1779
3 2074 2073 1779
3 2074 1779 1774
3 2075 2074 1774
3 2070 2075 1774
3 2075 2070 2071
3 1781 2072 1777
3 1781 2076 2072
3 2078 2077 1783
3 1783 2077 1782
3 1783 1778 2073
3 2079 1783 2073
3 2078 1783 2079
3 2079 2073 2074
3 1791 2076 1781
3 1791 2080 2076
3 2082 2081 1793
3 1793 2081 1792
3 1793 1782 2077
3 1793 2077 2082
3 1797 2083 1798
3 2083 1800 1798
3 1805 2085 2084
3 2080 1805 2084
3 1791 1805 2080
3 2085 2086 2084
3 2088 2087 1807
3 1807 2087 1806
3 1807 1792 2081
3 1807 2081 2088
3 1815 2089 1816
3 2090 1817 1816
3 2090 1816 2089
3 1817 2090 2091
3 2092 1817 2091
3 1818 1817 2092
3 1797 1818 2083
3 1818 2093 2083
3 1818 2092 2093
3 2083 2093 1800
3 2093 1819 1800
3 2093 2094 1819
3 2094 2096 2095
3 1820 2094 2095
3 1819 2094 1820
3 2095 1822 1820
3 1825 2085 1805
3 2098 2097 1827
3 1827 2097 1825
3 2097 2086 1825
3 2086 2085 1825
3 2098 2099 2097
3 2101 2100 1829
3 1829 2100 1828
3 1829 1806 2087
3 1829 2087 2101
3 1831 2102 1832
3 1832 2102 2103
3 2104 1832 2103
3 1833 1832 2104
3 2104 2106 2105
3 1834 2104 2105
3 1833 2104 1834
3 2107 1835 1834
3 2107 1834 2105
3 2108 1836 1835
3 2108 1835 2107
3 2109 1837 1836
3 2109 1836 2108
3 2110 1838 1837
3 2110 1837 2109
3 1838 2110 2111
3 2112 1838 2111
3 1839 1838 2112
3 1815 1839 2089
3 1839 2113 2089
3 1839 2112 2113
3 2089 2113 2090
3 2090 2113 2114
3 2090 2114 2091
3 2096 2115 2095
3 2095 2115 1822
3 2115 1840 1822
3 2115 2116 1840
3 2116 2118 2117
3 1841 2116 2117
3 1840 2116 1841
3 2117 1843 1841
3 1845 2119 2098
3 1845 2098 1827
3 2099 2098 2120
3 2120 2098 2119
3 2122 2121 1848
3 1848 2121 1847
3 2123 1848 1849
3 2123 2122 1848
3 1849 1828 2100
3 1849 2100 2123
3 2125 2124 1852
3 2125 1852 1851
3 1831 1852 2102
3 1852 2126 2102
3 1852 2124 2126
3 2102 2126 2103
3 2106 2127 2105
3 2105 2127 2107
3 2107 2127 2128
3 2107 2128 2108
3 2108 2128 2129
3 2108 2129 2109
3 2109 2129 2130
3 2109 2130 2110
3 2110 2130 2131
3 2110 2131 2111
3 2118 2132 2117
3 2132 2134 2133
3 2132 2133 1853
3 2117 2132 1853
3 1843 2117 1853
3 2133 1855 1853
3 1856 2119 1845
3 2136 2135 1858
3 1858 2135 1856
3 2135 2120 1856
3 2120 2119 1856
3 2136 2137 2135
3 2140 2139 2138
3 2121 2140 2138
3 1859 2121 2138
3 1847 2121 1859
3 2142 2141 1860
3 2142 1860 1861
3 1851 1860 2125
3 2125 1860 2141
3 2134 2143 2133
3 1855 2133 2143
3 2144 1855 2143
3 1863 1855 2144
3 1865 2136 1858
3 2146 2145 1867
3 1867 2145 1865
3 2145 2137 1865
3 2137 2136 1865
3 2146 2147 2145
3 2138 2139 1870
3 2139 1869 1870
3 2139 2148 1869
3 2138 1870 1859
3 2150 2149 1873
3 2150 1873 1872
3 1861 1873 2142
3 2142 1873 2149
3 1874 1863 2151
3 1863 2152 2151
3 1863 2144 2152
3 2151 1876 1874
3 1878 2146 1867
3 2154 2153 1880
3 1880 2153 1878
3 2153 2147 1878
3 2147 2146 1878
3 2154 2155 2153
3 2158 2157 2156
3 2148 2158 2156
3 1881 2148 2156
3 1869 2148 1881
3 2160 2159 1884
3 2160 1884 1883
3 1884 2161 1885
3 2159 2161 1884
3 1872 1885 2150
3 2150 1885 2161
3 2151 2152 2162
3 2162 2152 2163
3 2162 1887 1876
3 2162 1876 2151
3 1890 2154 1880
3 1890 1892 2154
3 1892 2155 2154
3 1892 2164 2155
3 2167 2166 2165
3 2169 2168 2165
3 2165 2168 2167
3 2168 2169 2157
3 2157 2169 2156
3 2169 1894 2156
3 1894 1895 2156
3 2156 1895 1881
3 2171 2170 1898
3 2171 1898 1897
3 1898 2172 1899
3 2170 2172 1898
3 1883 1899 2160
3 2160 1899 2172
3 2163 2173 2162
3 1887 2162 2173
3 2174 1887 2173
3 1901 1887 2174
3 1904 2176 2175
3 2164 1904 2175
3 1892 1904 2164
3 2176 2177 2175
3 2180 2179 2178
3 2178 2181 2180
3 2184 2183 2182
3 2184 2182 2166
3 2182 2165 2166
3 2182 2185 2165
3 2185 1906 1907
3 2169 2185 1907
3 2165 2185 2169
3 2169 1907 1894
3 1911 2186 1910
3 1910 2186 2187
3 2188 1910 2187
3 1912 1910 2188
3 1897 1912 2171
3 2171 1912 2188
3 2174 2189 1901
3 1901 2189 1913
3 1915 1913 2189
3 1915 2189 2190
3 1916 2176 1904
3 1916 1918 2176
3 1918 2177 2176
3 1918 2191 2177
3 2178 2179 2192
3 2192 2179 2193
3 2181 2178 2194
3 2194 2178 2192
3 2182 2183 2195
3 2195 2183 2196
3 2182 2197 2185
3 2182 2195 2197
3 2198 1919 1906
3 2185 2198 1906
3 2197 2198 2185
3 2199 1920 1919
3 2199 1919 2198
3 2200 1921 1920
3 2200 1920 2199
3 2201 1922 1921
3 2201 1921 2200
3 1922 2201 2202
3 2203 1922 2202
3 1923 1922 2203
3 1923 2204 1924
3 2203 2204 1923
3 1911 1924 2186
3 1924 2205 2186
3 1924 2204 2205
3 2186 2205 2187
3 2190 1926 1915
3 2206 1926 2190
3 1918 1927 2207
3 2208 1918 2207
3 2191 1918 2208
3 1928 2207 1927
3 2211 2210 2209
3 2213 2212 2209
3 2209 2212 2211
3 2213 2214 2212
3 2193 2215 2192
3 2192 2215 2194
3 2195 2196 2216
3 2216 2196 2217
3 2195 2218 2197
3 2195 2216 2218
3 2197 2219 2198
3 2197 2218 2219
3 2198 2220 2199
3 2198 2219 2220
3 2222 2200 2221
3 2200 2220 2221
3 2200 2199 2220
3 2200 2222 2201
3 2201 2222 2223
3 2201 2223 2202
3 2206 1930 1926
3 2224 1930 2206
3 2225 2208 2207
3 2207 1928 2225
3 1928 2226 2225
3 1928 1932 2226
3 2209 2210 2227
3 2227 2210 2228
3 2209 2229 2213
3 2209 2227 2229
3 2214 2213 2230
3 2230 2213 2229
3 2217 2231 2216
3 2216 2231 2218
3 2218 2231 2232
3 2218 2232 2219
3 2219 2232 2233
3 2219 2233 2220
3 2220 2233 2234
3 2220 2234 2221
3 2236 1934 2235
3 1934 2224 2235
3 1934 1930 2224
3 2237 2236 2235
3 1932 1935 2238
3 2239 1932 2238
3 2226 1932 2239
3 1937 2238 1935
3 2227 2228 2240
3 2240 2228 2241
3 2227 2242 2229
3 2227 2240 2242
3 2230 2229 2243
3 2243 2229 2242
3 2236 1938 1934
3 1939 1938 2236
3 2237 1939 2236
3 2244 1939 2237
3 2245 2239 2238
3 2238 1937 2245
3 1937 2246 2245
3 1937 1941 2246
3 2241 2247 2240
3 2240 2247 2242
3 2242 2247 2248
3 2242 2248 2243
3 2244 1942 1939
3 2249 1942 2244
3 1944 2246 1941
3 1944 2250 2246
3 2249 1946 1942
3 2251 1946 2249
3 1948 2250 1944
3 1948 2252 2250
3 2251 2253 1946
3 1946 2253 1949
3 2253 2255 2254
3 1950 2253 2254
3 1949 2253 1950
3 2254 1952 1950
3 1953 2252 1948
3 1953 2256 2252
3 2255 2257 2254
3 2254 2257 1952
3 2257 1954 1952
3 2257 2258 1954
3 1954 2259 1955
3 2258 2259 1954
3 1955 2260 1956
3 2259 2260 1955
3 1953 1956 2256
3 2256 1956 2260
3 2261 1964 1965
3 1966 2262 1965
3 1965 2262 2261
3 1967 2262 1966
3 2263 1970 1971
3 2264 2263 1971
3 2264 1971 1964
3 2265 2264 1964
3 2261 2265 1964
3 2267 2266 2265
3 2261 2267 2265
3 2262 2267 2261
3 1972 2268 1967
3 2268 2262 1967
3 2268 2267 2262
3 1974 2268 1972
3 2270 2269 2263
3 2269 1970 2263
3 2269 1976 1970
3 2270 2263 2264
3 2271 2266 2267
3 2271 2267 2268
3 2271 2268 2272
3 2274 2272 2273
3 2273 2272 1977
3 2272 2268 1977
3 2268 1974 1977
3 1978 2273 1977
3 2275 1979 1980
3 2276 2275 1980
3 1976 2276 1980
3 2269 2276 1976
3 2277 2274 2273
3 2273 1978 2277
3 1978 2278 2277
3 1978 1982 2278
3 2280 2279 2275
3 2279 1979 2275
3 2279 1984 1979
3 2280 2275 2276
3 1982 1985 2281
3 2282 1982 2281
3 2278 1982 2282
3 1986 2281 1985
3 2283 1987 1988
3 2284 2283 1988
3 1984 2284 1988
3 2279 2284 1984
3 2282 2281 2285
3 2282 2285 2286
3 1989 2285 1986
3 1986 2285 2281
3 2288 2287 2283
3 2287 1987 2283
3 2287 1991 1987
3 2288 2283 2284
3 2286 2285 2289
3 2286 2289 2290
3 1992 2291 1989
3 2291 2285 1989
3 2291 2289 2285
3 1994 2291 1992
3 2292 1995 1996
3 2293 2292 1996
3 1991 2293 1996
3 2287 2293 1991
3 2294 2290 2289
3 2294 2289 2291
3 2294 2291 2295
3 2295 2291 1994
3 1998 2295 1994
3 2296 2295 1998
3 1998 2000 2296
3 2296 2000 2297
3 2299 2298 2292
3 2298 1995 2292
3 2298 2004 1995
3 2299 2292 2293
3 2300 2297 2000
3 2300 2000 2005
3 2302 2301 2007
3 2301 2005 2007
3 2301 2300 2005
3 2008 2009 2302
3 2009 2301 2302
3 2009 2303 2301
3 2304 2009 2010
3 2304 2303 2009
3 2305 2010 2011
3 2305 2304 2010
3 2307 2305 2306
3 2305 2012 2306
3 2305 2011 2012
3 2013 2306 2012
3 2298 2015 2004
3 2308 2015 2298
3 2016 2302 2007
3 2302 2016 2008
3 2309 2307 2306
3 2306 2013 2309
3 2013 2310 2309
3 2013 2018 2310
3 2313 2312 2311
3 2308 2313 2311
3 2019 2308 2311
3 2015 2308 2019
3 2020 2310 2018
3 2020 2314 2310
3 2311 2312 2315
3 2315 2312 2316
3 2315 2021 2019
3 2315 2019 2311
3 2319 2318 2317
3 2318 2314 2317
3 2314 2022 2317
3 2314 2020 2022
3 2315 2316 2320
3 2320 2316 2321
3 2320 2023 2021
3 2320 2021 2315
3 2319 2317 2024
3 2025 2319 2024
3 2322 2319 2025
3 2024 2317 2022
3 2320 2321 2323
3 2323 2321 2324
3 2323 2026 2023
3 2323 2023 2320
3 2326 2325 2027
3 2326 2027 2028
3 2025 2027 2322
3 2322 2027 2325
3 2323 2324 2031
3 2324 2030 2031
3 2324 2327 2030
3 2323 2031 2026
3 2033 2326 2028
3 2033 2328 2326
3 2331 2330 2329
3 2327 2331 2329
3 2034 2327 2329
3 2030 2327 2034
3 2036 2332 2037
3 2332 2333 2037
3 2333 2033 2037
3 2333 2328 2033
3 2329 2330 2039
3 2330 2038 2039
3 2330 2334 2038
3 2329 2039 2034
3 2041 2335 2332
3 2041 2332 2036
3 2333 2332 2336
3 2336 2332 2335
3 2338 2337 2044
3 2044 2337 2043
3 2044 2038 2334
3 2044 2334 2338
3 2046 2339 2335
3 2046 2335 2041
3 2336 2335 2340
3 2340 2335 2339
3 2337 2047 2043
3 2341 2047 2337
3 2343 2342 2339
3 2046 2343 2339
3 2049 2343 2046
3 2339 2342 2340
3 2341 2050 2047
3 2344 2050 2341
3 2052 2345 2051
3 2345 2346 2051
3 2346 2049 2051
3 2346 2343 2049
3 2348 2347 2054
3 2054 2347 2053
3 2054 2050 2344
3 2054 2344 2348
3 2055 2345 2052
3 2055 2057 2345
3 2057 2346 2345
3 2057 2349 2346
3 2351 2350 2059
3 2059 2350 2058
3 2059 2053 2347
3 2059 2347 2351
3 2061 2349 2057
3 2061 2352 2349
3 2350 2062 2058
3 2353 2062 2350
3 2063 2352 2061
3 2063 2354 2352
3 2356 2355 2065
3 2065 2355 2064
3 2065 2062 2353
3 2065 2353 2356
3 2066 2358 2357
3 2354 2066 2357
3 2063 2066 2354
3 2358 2359 2357
3 2360 2067 2068
3 2361 2360 2068
3 2064 2361 2068
3 2355 2361 2064
3 2069 2362 2358
3 2069 2358 2066
3 2359 2358 2363
3 2363 2358 2362
3 2365 2364 2360
3 2364 2067 2360
3 2364 2071 2067
3 2365 2360 2361
3 2367 2366 2362
3 2069 2367 2362
3 2072 2367 2069
3 2362 2366 2363
3 2369 2368 2075
3 2075 2368 2074
3 2075 2071 2364
3 2075 2364 2369
3 2076 2367 2072
3 2076 2370 2367
3 2371 2077 2078
3 2371 2078 2372
3 2078 2373 2372
3 2078 2079 2373
3 2079 2074 2368
3 2079 2368 2373
3 2080 2375 2374
3 2370 2080 2374
3 2076 2080 2370
3 2375 2376 2374
3 2377 2081 2082
3 2378 2377 2082
3 2378 2082 2077
3 2379 2378 2077
3 2371 2379 2077
3 2379 2371 2372
3 2084 2375 2080
3 2084 2086 2375
3 2086 2376 2375
3 2086 2380 2376
3 2381 2087 2088
3 2382 2381 2088
3 2382 2088 2081
3 2383 2382 2081
3 2377 2383 2081
3 2383 2377 2378
3 2091 2384 2092
3 2385 2093 2092
3 2385 2092 2384
3 2386 2094 2093
3 2386 2093 2385
3 2386 2096 2094
3 2387 2380 2086
3 2387 2086 2097
3 2097 2099 2387
3 2387 2099 2388
3 2389 2100 2101
3 2390 2389 2101
3 2390 2101 2087
3 2391 2390 2087
3 2381 2391 2087
3 2391 2381 2382
3 2103 2392 2104
3 2392 2106 2104
3 2111 2393 2112
3 2394 2113 2112
3 2394 2112 2393
3 2113 2394 2395
3 2396 2113 2395
3 2114 2113 2396
3 2091 2114 2384
3 2114 2397 2384
3 2114 2396 2397
3 2384 2397 2385
3 2385 2397 2398
3 2385 2398 2386
3 2386 2398 2399
3 2386 2399 2096
3 2399 2115 2096
3 2399 2400 2115
3 2400 2402 2401
3 2116 2400 2401
3 2115 2400 2116
3 2401 2118 2116
3 2120 2404 2403
3 2388 2120 2403
3 2099 2120 2388
3 2404 2405 2403
3 2406 2121 2122
3 2406 2122 2407
3 2122 2408 2407
3 2122 2123 2408
3 2123 2100 2389
3 2409 2123 2389
3 2408 2123 2409
3 2409 2389 2390
3 2411 2410 2124
3 2411 2124 2125
3 2124 2412 2126
3 2410 2412 2124
3 2103 2126 2392
3 2126 2413 2392
3 2126 2412 2413
3 2392 2413 2106
3 2413 2127 2106
3 2413 2414 2127
3 2414 2416 2415
3 2128 2414 2415
3 2127 2414 2128
3 2417 2129 2128
3 2417 2128 2415
3 2418 2130 2129
3 2418 2129 2417
3 2419 2131 2130
3 2419 2130 2418
3 2419 2420 2131
3 2131 2420 2111
3 2420 2421 2111
3 2421 2393 2111
3 2393 2421 2394
3 2394 2421 2422
3 2394 2422 2395
3 2402 2423 2401
3 2423 2425 2424
3 2423 2424 2132
3 2401 2423 2132
3 2118 2401 2132
3 2424 2134 2132
3 2135 2404 2120
3 2135 2137 2404
3 2137 2405 2404
3 2137 2426 2405
3 2428 2427 2140
3 2140 2427 2139
3 2140 2121 2406
3 2429 2140 2406
3 2428 2140 2429
3 2429 2406 2407
3 2431 2430 2141
3 2431 2141 2142
3 2125 2141 2411
3 2411 2141 2430
3 2416 2432 2415
3 2434 2433 2432
3 2433 2415 2432
3 2433 2417 2415
3 2436 2418 2435
3 2418 2433 2435
3 2418 2417 2433
3 2418 2436 2419
3 2419 2436 2437
3 2419 2437 2420
3 2425 2438 2424
3 2438 2440 2439
3 2438 2439 2143
3 2424 2438 2143
3 2134 2424 2143
3 2439 2144 2143
3 2441 2426 2137
3 2441 2137 2145
3 2145 2147 2441
3 2441 2147 2442
3 2445 2444 2443
3 2427 2445 2443
3 2148 2427 2443
3 2139 2427 2148
3 2447 2446 2149
3 2447 2149 2150
3 2142 2149 2431
3 2431 2149 2446
3 2434 2448 2433
3 2433 2448 2435
3 2440 2449 2439
3 2144 2439 2449
3 2450 2144 2449
3 2152 2144 2450
3 2451 2442 2147
3 2451 2147 2153
3 2153 2155 2451
3 2451 2155 2452
3 2455 2454 2453
3 2455 2453 2444
3 2444 2453 2443
3 2453 2157 2443
3 2157 2158 2443
3 2443 2158 2148
3 2160 2456 2159
3 2457 2161 2159
3 2457 2159 2456
3 2457 2458 2161
3 2458 2150 2161
3 2458 2447 2150
3 2450 2163 2152
3 2459 2163 2450
3 2164 2461 2460
3 2452 2164 2460
3 2155 2164 2452
3 2461 2462 2460
3 2465 2464 2463
3 2467 2466 2463
3 2463 2466 2465
3 2467 2468 2466
3 2471 2470 2469
3 2473 2472 2469
3 2469 2472 2471
3 2473 2474 2472
3 2477 2476 2475
3 2166 2167 2475
3 2167 2477 2475
3 2167 2478 2477
3 2168 2453 2454
3 2478 2168 2454
3 2167 2168 2478
3 2453 2168 2157
3 2480 2479 2170
3 2480 2170 2171
3 2170 2481 2172
3 2479 2481 2170
3 2160 2172 2456
3 2172 2482 2456
3 2172 2481 2482
3 2456 2482 2457
3 2457 2482 2483
3 2457 2483 2458
3 2459 2484 2163
3 2163 2484 2173
3 2174 2173 2484
3 2174 2484 2485
3 2175 2461 2164
3 2175 2177 2461
3 2177 2462 2461
3 2177 2486 2462
3 2489 2488 2487
3 2489 2487 2464
3 2487 2463 2464
3 2487 2490 2463
3 2463 2491 2467
3 2463 2490 2491
3 2468 2467 2492
3 2467 2493 2492
3 2467 2491 2493
3 2495 2494 2493
3 2493 2494 2492
3 2497 2496 2495
3 2495 2496 2494
3 2496 2497 2470
3 2497 2469 2470
3 2497 2498 2469
3 2498 2179 2180
3 2473 2498 2180
3 2469 2498 2473
3 2500 2499 2181
3 2181 2499 2180
3 2499 2474 2180
3 2474 2473 2180
3 2500 2501 2499
3 2504 2503 2502
3 2504 2502 2476
3 2476 2502 2475
3 2502 2183 2475
3 2183 2184 2475
3 2475 2184 2166
3 2506 2505 2188
3 2506 2188 2187
3 2171 2188 2480
3 2480 2188 2505
3 2189 2174 2507
3 2174 2508 2507
3 2174 2485 2508
3 2507 2190 2189
3 2191 2510 2509
3 2486 2191 2509
3 2177 2191 2486
3 2510 2511 2509
3 2514 2513 2512
3 2516 2515 2512
3 2512 2515 2514
3 2518 2517 2516
3 2516 2517 2515
3 2518 2519 2517
3 2487 2488 2520
3 2520 2488 2521
3 2487 2522 2490
3 2487 2520 2522
3 2490 2523 2491
3 2490 2522 2523
3 2491 2524 2493
3 2491 2523 2524
3 2493 2525 2495
3 2493 2524 2525
3 2495 2526 2497
3 2495 2525 2526
3 2497 2527 2498
3 2497 2526 2527
3 2527 2193 2179
3 2527 2179 2498
3 2194 2528 2500
3 2194 2500 2181
3 2501 2500 2529
3 2529 2500 2528
3 2532 2531 2530
3 2532 2530 2503
3 2530 2502 2503
3 2530 2533 2502
3 2533 2196 2183
3 2533 2183 2502
3 2202 2534 2203
3 2203 2534 2535
3 2536 2203 2535
3 2204 2203 2536
3 2204 2537 2205
3 2536 2537 2204
3 2187 2205 2506
3 2506 2205 2537
3 2508 2538 2507
3 2190 2507 2538
3 2539 2190 2538
3 2206 2190 2539
3 2541 2540 2510
3 2191 2541 2510
3 2208 2541 2191
3 2510 2540 2511
3 2512 2513 2211
3 2513 2210 2211
3 2513 2542 2210
3 2512 2211 2212
3 2512 2212 2516
3 2516 2212 2214
3 2543 2516 2214
3 2518 2516 2543
3 2519 2518 2544
3 2544 2518 2543
3 2521 2545 2520
3 2520 2545 2522
3 2522 2545 2546
3 2548 2547 2546
3 2547 2522 2546
3 2547 2523 2522
3 2523 2549 2524
3 2523 2547 2549
3 2524 2550 2525
3 2524 2549 2550
3 2552 2526 2551
3 2526 2550 2551
3 2526 2525 2550
3 2554 2553 2552
3 2553 2526 2552
3 2553 2527 2526
3 2555 2215 2193
3 2527 2555 2193
3 2553 2555 2527
3 2528 2194 2215
3 2555 2528 2215
3 2556 2528 2555
3 2529 2528 2557
3 2557 2528 2556
3 2530 2531 2558
3 2558 2531 2559
3 2530 2560 2533
3 2530 2558 2560
3 2560 2217 2196
3 2560 2196 2533
3 2221 2561 2222
3 2222 2561 2562
3 2563 2222 2562
3 2223 2222 2563
3 2202 2223 2534
3 2223 2564 2534
3 2223 2563 2564
3 2534 2564 2535
3 2539 2224 2206
3 2565 2224 2539
3 2208 2225 2566
3 2567 2208 2566
3 2541 2208 2567
3 2226 2566 2225
3 2570 2569 2568
3 2542 2570 2568
3 2228 2542 2568
3 2210 2542 2228
3 2230 2571 2543
3 2230 2543 2214
3 2544 2543 2572
3 2572 2543 2571
3 2548 2573 2547
3 2547 2573 2549
3 2549 2573 2574
3 2549 2574 2550
3 2550 2574 2575
3 2550 2575 2551
3 2554 2576 2553
3 2553 2576 2555
3 2555 2576 2577
3 2555 2577 2556
3 2556 2577 2578
3 2556 2578 2557
3 2558 2559 2579
3 2579 2559 2580
3 2558 2581 2560
3 2558 2579 2581
3 2582 2231 2217
3 2560 2582 2217
3 2581 2582 2560
3 2583 2232 2231
3 2583 2231 2582
3 2232 2583 2584
3 2585 2232 2584
3 2233 2232 2585
3 2233 2586 2234
3 2585 2586 2233
3 2221 2234 2561
3 2234 2587 2561
3 2234 2586 2587
3 2561 2587 2562
3 2565 2588 2224
3 2224 2588 2235
3 2237 2235 2588
3 2237 2588 2589
3 2590 2567 2566
3 2566 2226 2590
3 2226 2591 2590
3 2226 2239 2591
3 2568 2569 2592
3 2592 2569 2593
3 2592 2241 2228
3 2592 2228 2568
3 2243 2594 2571
3 2243 2571 2230
3 2572 2571 2595
3 2595 2571 2594
3 2580 2596 2579
3 2579 2596 2581
3 2581 2596 2597
3 2581 2597 2582
3 2582 2597 2598
3 2582 2598 2583
3 2583 2598 2599
3 2583 2599 2584
3 2589 2244 2237
3 2600 2244 2589
3 2239 2245 2601
3 2602 2239 2601
3 2591 2239 2602
3 2246 2601 2245
3 2593 2603 2592
3 2603 2605 2604
3 2603 2604 2247
3 2592 2603 2247
3 2241 2592 2247
3 2606 2248 2247
3 2606 2247 2604
3 2606 2607 2248
3 2248 2607 2243
3 2607 2608 2243
3 2608 2594 2243
3 2594 2608 2595
3 2600 2249 2244
3 2609 2249 2600
3 2610 2602 2601
3 2601 2246 2610
3 2246 2611 2610
3 2246 2250 2611
3 2605 2612 2604
3 2604 2612 2606
3 2606 2612 2613
3 2606 2613 2607
3 2615 2251 2614
3 2251 2609 2614
3 2251 2249 2609
3 2616 2615 2614
3 2252 2611 2250
3 2252 2617 2611
3 2615 2253 2251
3 2619 2618 2255
3 2619 2255 2253
3 2616 2619 2253
3 2615 2616 2253
3 2621 2620 2618
3 2621 2618 2619
3 2622 2620 2621
3 2256 2617 2252
3 2256 2623 2617
3 2618 2257 2255
3 2257 2618 2258
3 2258 2618 2620
3 2622 2624 2620
3 2624 2258 2620
3 2624 2259 2258
3 2259 2625 2260
3 2624 2625 2259
3 2256 2260 2623
3 2623 2260 2625
3 2626 2264 2265
3 2266 2626 2265
3 2627 2269 2270
3 2264 2626 2270
3 2626 2627 2270
3 2626 2628 2627
3 2271 2629 2266
3 2629 2626 2266
3 2629 2628 2626
3 2272 2630 2271
3 2271 2630 2629
3 2274 2630 2272
3 2632 2631 2627
3 2631 2269 2627
3 2631 2276 2269
3 2632 2627 2628
3 2632 2628 2633
3 2633 2628 2629
3 2633 2629 2634
3 2634 2629 2630
3 2634 2630 2635
3 2637 2635 2636
3 2636 2635 2277
3 2635 2630 2277
3 2630 2274 2277
3 2278 2636 2277
3 2639 2638 2280
3 2280 2638 2279
3 2280 2276 2631
3 2280 2631 2639
3 2637 2636 2640
3 2637 2640 2641
3 2282 2640 2278
3 2278 2640 2636
3 2638 2284 2279
3 2642 2284 2638
3 2641 2640 2643
3 2641 2643 2644
3 2286 2643 2282
3 2282 2643 2640
3 2645 2287 2288
3 2646 2645 2288
3 2284 2646 2288
3 2642 2646 2284
3 2644 2643 2647
3 2644 2647 2648
3 2290 2647 2286
3 2286 2647 2643
3 2650 2649 2645
3 2649 2287 2645
3 2649 2293 2287
3 2650 2645 2646
3 2648 2647 2651
3 2648 2651 2652
3 2294 2653 2290
3 2653 2647 2290
3 2653 2651 2647
3 2295 2654 2294
3 2294 2654 2653
3 2296 2655 2295
3 2295 2655 2654
3 2297 2655 2296
3 2658 2657 2656
3 2660 2659 2656
3 2656 2659 2658
3 2660 2661 2659
3 2662 2298 2299
3 2663 2662 2299
3 2293 2663 2299
3 2649 2663 2293
3 2664 2652 2651
3 2664 2651 2653
3 2664 2653 2665
3 2665 2653 2654
3 2665 2654 2666
3 2666 2654 2655
3 2666 2655 2667
3 2667 2655 2297
3 2300 2667 2297
3 2668 2667 2300
3 2669 2300 2301
3 2669 2668 2300
3 2670 2301 2303
3 2670 2669 2301
3 2304 2656 2657
3 2670 2304 2657
3 2303 2304 2670
3 2656 2304 2305
3 2656 2305 2660
3 2305 2307 2660
3 2307 2661 2660
3 2307 2671 2661
3 2673 2672 2662
3 2672 2298 2662
3 2672 2308 2298
3 2673 2662 2663
3 2674 2671 2307
3 2674 2307 2309
3 2309 2310 2674
3 2674 2310 2675
3 2676 2312 2313
3 2677 2676 2313
3 2308 2677 2313
3 2672 2677 2308
3 2314 2675 2310
3 2314 2678 2675
3 2680 2679 2676
3 2679 2312 2676
3 2679 2316 2312
3 2680 2676 2677
3 2682 2681 2318
3 2682 2318 2319
3 2314 2318 2678
3 2678 2318 2681
3 2679 2321 2316
3 2683 2321 2679
3 2322 2682 2319
3 2322 2684 2682
3 2683 2324 2321
3 2685 2324 2683
3 2687 2686 2325
3 2687 2325 2326
3 2322 2325 2684
3 2684 2325 2686
3 2690 2689 2688
3 2685 2690 2688
3 2327 2685 2688
3 2324 2685 2327
3 2328 2687 2326
3 2328 2691 2687
3 2688 2689 2331
3 2689 2330 2331
3 2689 2692 2330
3 2688 2331 2327
3 2333 2691 2328
3 2333 2693 2691
3 2692 2334 2330
3 2694 2334 2692
3 2336 2693 2333
3 2336 2695 2693
3 2697 2696 2338
3 2338 2696 2337
3 2338 2334 2694
3 2338 2694 2697
3 2340 2695 2336
3 2340 2698 2695
3 2696 2341 2337
3 2699 2341 2696
3 2343 2700 2342
3 2700 2701 2342
3 2701 2340 2342
3 2701 2698 2340
3 2699 2344 2341
3 2702 2344 2699
3 2704 2703 2700
3 2343 2704 2700
3 2346 2704 2343
3 2700 2703 2701
3 2706 2705 2348
3 2348 2705 2347
3 2348 2344 2702
3 2348 2702 2706
3 2349 2704 2346
3 2349 2707 2704
3 2709 2708 2351
3 2351 2708 2350
3 2351 2347 2705
3 2351 2705 2709
3 2352 2707 2349
3 2352 2710 2707
3 2708 2353 2350
3 2711 2353 2708
3 2354 2710 2352
3 2354 2712 2710
3 2713 2355 2356
3 2714 2713 2356
3 2353 2714 2356
3 2711 2714 2353
3 2354 2357 2715
3 2716 2354 2715
3 2712 2354 2716
3 2359 2715 2357
3 2718 2717 2713
3 2717 2355 2713
3 2717 2361 2355
3 2718 2713 2714
3 2716 2715 2719
3 2716 2719 2720
3 2363 2719 2359
3 2359 2719 2715
3 2721 2364 2365
3 2722 2721 2365
3 2361 2722 2365
3 2717 2722 2361
3 2720 2719 2366
3 2367 2720 2366
3 2723 2720 2367
3 2366 2719 2363
3 2724 2368 2369
3 2725 2724 2369
3 2725 2369 2364
3 2726 2725 2364
3 2721 2726 2364
3 2726 2721 2722
3 2370 2723 2367
3 2370 2727 2723
3 2728 2372 2373
3 2729 2728 2373
3 2729 2373 2368
3 2730 2729 2368
3 2724 2730 2368
3 2730 2724 2725
3 2370 2374 2731
3 2732 2370 2731
3 2727 2370 2732
3 2376 2731 2374
3 2733 2378 2379
3 2734 2733 2379
3 2734 2379 2372
3 2735 2734 2372
3 2728 2735 2372
3 2735 2728 2729
3 2736 2732 2731
3 2731 2376 2736
3 2376 2737 2736
3 2376 2380 2737
3 2738 2382 2383
3 2739 2738 2383
3 2739 2383 2378
3 2740 2739 2378
3 2733 2740 2378
3 2740 2733 2734
3 2741 2737 2380
3 2741 2380 2387
3 2387 2388 2741
3 2741 2388 2742
3 2743 2390 2391
3 2744 2743 2391
3 2744 2391 2382
3 2745 2744 2382
3 2738 2745 2382
3 2745 2738 2739
3 2395 2746 2396
3 2396 2746 2747
3 2748 2396 2747
3 2397 2396 2748
3 2397 2749 2398
3 2748 2749 2397
3 2398 2750 2399
3 2749 2750 2398
3 2399 2751 2400
3 2750 2751 2399
3 2402 2400 2751
3 2402 2751 2752
3 2753 2742 2388
3 2753 2388 2403
3 2403 2405 2753
3 2753 2405 2754
3 2755 2407 2408
3 2755 2408 2756
3 2408 2757 2756
3 2408 2409 2757
3 2409 2390 2743
3 2758 2409 2743
3 2757 2409 2758
3 2758 2743 2744
3 2411 2759 2410
3 2760 2412 2410
3 2760 2410 2759
3 2761 2413 2412
3 2761 2412 2760
3 2762 2414 2413
3 2762 2413 2761
3 2762 2416 2414
3 2420 2763 2421
3 2421 2763 2764
3 2765 2421 2764
3 2422 2421 2765
3 2395 2422 2746
3 2422 2766 2746
3 2422 2765 2766
3 2746 2766 2747
3 2752 2767 2402
3 2402 2767 2423
3 2425 2423 2767
3 2425 2767 2768
3 2426 2754 2405
3 2426 2769 2754
3 2770 2427 2428
3 2770 2428 2771
3 2428 2772 2771
3 2428 2429 2772
3 2429 2407 2755
3 2773 2429 2755
3 2772 2429 2773
3 2773 2755 2756
3 2775 2774 2430
3 2775 2430 2431
3 2411 2430 2759
3 2430 2776 2759
3 2430 2774 2776
3 2759 2776 2760
3 2760 2776 2777
3 2760 2777 2761
3 2761 2777 2778
3 2780 2779 2778
3 2779 2761 2778
3 2779 2762 2761
3 2781 2432 2416
3 2762 2781 2416
3 2779 2781 2762
3 2781 2434 2432
3 2435 2782 2436
3 2436 2782 2783
3 2784 2436 2783
3 2437 2436 2784
3 2420 2437 2763
3 2437 2785 2763
3 2437 2784 2785
3 2763 2785 2764
3 2768 2786 2425
3 2425 2786 2438
3 2440 2438 2786
3 2440 2786 2787
3 2788 2769 2426
3 2788 2426 2441
3 2441 2442 2788
3 2788 2442 2789
3 2790 2444 2445
3 2791 2790 2445
3 2791 2445 2427
3 2792 2791 2427
3 2770 2792 2427
3 2792 2770 2771
3 2447 2793 2446
3 2793 2794 2446
3 2794 2431 2446
3 2794 2775 2431
3 2780 2795 2779
3 2779 2795 2781
3 2781 2795 2796
3 2796 2798 2797
3 2796 2797 2448
3 2781 2796 2448
3 2434 2781 2448
3 2782 2435 2448
3 2797 2782 2448
3 2799 2782 2797
3 2783 2782 2800
3 2800 2782 2799
3 2787 2801 2440
3 2440 2801 2449
3 2450 2449 2801
3 2450 2801 2802
3 2803 2789 2442
3 2803 2442 2451
3 2451 2452 2803
3 2803 2452 2804
3 2806 2805 2455
3 2455 2805 2454
3 2455 2444 2790
3 2807 2455 2790
3 2806 2455 2807
3 2807 2790 2791
3 2458 2808 2793
3 2458 2793 2447
3 2794 2793 2809
3 2809 2793 2808
3 2798 2810 2797
3 2797 2810 2799
3 2799 2810 2811
3 2799 2811 2800
3 2802 2459 2450
3 2812 2459 2802
3 2813 2804 2452
3 2813 2452 2460
3 2460 2462 2813
3 2813 2462 2814
3 2817 2816 2815
3 2819 2818 2815
3 2815 2818 2817
3 2464 2465 2819
3 2465 2818 2819
3 2465 2820 2818
3 2821 2465 2466
3 2821 2820 2465
3 2823 2822 2468
3 2822 2466 2468
3 2822 2821 2466
3 2825 2824 2823
3 2823 2824 2822
3 2827 2826 2825
3 2825 2826 2824
3 2470 2471 2827
3 2471 2826 2827
3 2471 2828 2826
3 2829 2471 2472
3 2829 2828 2471
3 2831 2830 2474
3 2830 2472 2474
3 2830 2829 2472
3 2831 2832 2830
3 2834 2833 2477
3 2477 2833 2476
3 2835 2477 2478
3 2835 2834 2477
3 2478 2454 2805
3 2478 2805 2835
3 2838 2837 2836
3 2479 2480 2836
3 2837 2479 2836
3 2839 2479 2837
3 2839 2841 2840
3 2481 2839 2840
3 2479 2839 2481
3 2842 2482 2481
3 2842 2481 2840
3 2843 2483 2482
3 2843 2482 2842
3 2808 2458 2483
3 2843 2808 2483
3 2844 2808 2843
3 2809 2808 2845
3 2808 2846 2845
3 2808 2844 2846
3 2846 2847 2845
3 2812 2848 2459
3 2459 2848 2484
3 2485 2484 2848
3 2485 2848 2849
3 2486 2814 2462
3 2486 2850 2814
3 2853 2852 2851
3 2855 2854 2851
3 2851 2854 2853
3 2854 2855 2816
3 2855 2815 2816
3 2855 2856 2815
3 2856 2488 2489
3 2819 2856 2489
3 2815 2856 2819
3 2819 2489 2464
3 2492 2823 2468
3 2823 2492 2494
3 2823 2494 2825
3 2825 2494 2496
3 2825 2496 2827
3 2827 2496 2470
3 2499 2831 2474
3 2858 2857 2501
3 2501 2857 2499
3 2857 2832 2499
3 2832 2831 2499
3 2858 2859 2857
3 2861 2860 2504
3 2504 2860 2503
3 2504 2476 2833
3 2504 2833 2861
3 2864 2863 2862
3 2862 2863 2838
3 2862 2838 2836
3 2506 2862 2836
3 2505 2506 2836
3 2505 2836 2480
3 2841 2865 2840
3 2840 2865 2842
3 2842 2865 2866
3 2868 2867 2866
3 2867 2842 2866
3 2867 2843 2842
3 2843 2869 2844
3 2843 2867 2869
3 2844 2870 2846
3 2844 2869 2870
3 2847 2846 2871
3 2871 2846 2870
3 2849 2508 2485
3 2872 2508 2849
3 2486 2509 2873
3 2874 2486 2873
3 2850 2486 2874
3 2511 2873 2509
3 2876 2875 2514
3 2514 2875 2513
3 2877 2514 2515
3 2877 2876 2514
3 2517 2851 2852
3 2877 2517 2852
3 2515 2517 2877
3 2851 2517 2519
3 2878 2851 2519
3 2855 2851 2878
3 2855 2879 2856
3 2855 2878 2879
3 2879 2521 2488
3 2879 2488 2856
3 2529 2880 2858
3 2529 2858 2501
3 2859 2858 2881
3 2858 2882 2881
3 2858 2880 2882
3 2884 2883 2882
3 2882 2883 2881
3 2886 2885 2884
3 2884 2885 2883
3 2888 2887 2886
3 2886 2887 2885
3 2531 2532 2888
3 2532 2887 2888
3 2532 2889 2887
3 2532 2503 2860
3 2532 2860 2889
3 2891 2890 2536
3 2891 2536 2535
3 2862 2537 2864
3 2537 2890 2864
3 2537 2536 2890
3 2537 2862 2506
3 2868 2892 2867
3 2894 2893 2892
3 2893 2867 2892
3 2893 2869 2867
3 2896 2870 2895
3 2870 2893 2895
3 2870 2869 2893
3 2870 2896 2871
3 2872 2897 2508
3 2508 2897 2538
3 2539 2538 2897
3 2539 2897 2898
3 2874 2873 2540
3 2541 2874 2540
3 2899 2874 2541
3 2540 2873 2511
3 2902 2901 2900
3 2875 2902 2900
3 2542 2875 2900
3 2513 2875 2542
3 2544 2903 2878
3 2544 2878 2519
3 2878 2904 2879
3 2878 2903 2904
3 2905 2545 2521
3 2879 2905 2521
3 2904 2905 2879
3 2906 2546 2545
3 2906 2545 2905
3 2906 2548 2546
3 2551 2907 2552
3 2907 2554 2552
3 2557 2908 2880
3 2557 2880 2529
3 2880 2909 2882
3 2880 2908 2909
3 2882 2910 2884
3 2882 2909 2910
3 2884 2911 2886
3 2884 2910 2911
3 2886 2912 2888
3 2886 2911 2912
3 2912 2559 2531
3 2912 2531 2888
3 2914 2913 2563
3 2914 2563 2562
3 2563 2915 2564
3 2913 2915 2563
3 2535 2564 2891
3 2891 2564 2915
3 2894 2916 2893
3 2893 2916 2895
3 2898 2565 2539
3 2917 2565 2898
3 2567 2899 2541
3 2567 2918 2899
3 2900 2901 2570
3 2901 2569 2570
3 2901 2919 2569
3 2900 2570 2542
3 2572 2920 2903
3 2572 2903 2544
3 2922 2904 2921
3 2904 2920 2921
3 2904 2903 2920
3 2904 2922 2905
3 2905 2922 2923
3 2925 2924 2923
3 2924 2905 2923
3 2924 2906 2905
3 2926 2573 2548
3 2906 2926 2548
3 2924 2926 2906
3 2927 2574 2573
3 2927 2573 2926
3 2928 2575 2574
3 2928 2574 2927
3 2928 2929 2575
3 2575 2929 2551
3 2929 2930 2551
3 2930 2907 2551
3 2907 2930 2554
3 2930 2576 2554
3 2930 2931 2576
3 2931 2933 2932
3 2577 2931 2932
3 2576 2931 2577
3 2577 2932 2934
3 2935 2577 2934
3 2578 2577 2935
3 2578 2935 2557
3 2935 2936 2557
3 2936 2908 2557
3 2936 2935 2937
3 2908 2938 2909
3 2908 2936 2938
3 2909 2939 2910
3 2909 2938 2939
3 2910 2940 2911
3 2910 2939 2940
3 2911 2941 2912
3 2911 2940 2941
3 2941 2580 2559
3 2941 2559 2912
3 2584 2942 2585
3 2585 2942 2943
3 2944 2585 2943
3 2586 2585 2944
3 2586 2945 2587
3 2944 2945 2586
3 2562 2587 2914
3 2914 2587 2945
3 2917 2946 2565
3 2565 2946 2588
3 2589 2588 2946
3 2589 2946 2947
3 2567 2590 2948
3 2949 2567 2948
3 2918 2567 2949
3 2591 2948 2590
3 2919 2593 2569
3 2950 2593 2919
3 2952 2951 2920
3 2572 2952 2920
3 2595 2952 2572
3 2920 2951 2921
3 2925 2953 2924
3 2924 2953 2926
3 2926 2953 2954
3 2926 2954 2927
3 2927 2954 2955
3 2927 2955 2928
3 2928 2955 2956
3 2928 2956 2929
3 2933 2957 2932
3 2932 2957 2934
3 2937 2958 2936
3 2936 2958 2938
3 2938 2958 2959
3 2938 2959 2939
3 2939 2959 2960
3 2962 2961 2960
3 2961 2939 2960
3 2961 2940 2939
3 2940 2963 2941
3 2940 2961 2963
3 2964 2596 2580
3 2941 2964 2580
3 2963 2964 2941
3 2596 2964 2965
3 2966 2596 2965
3 2597 2596 2966
3 2597 2967 2598
3 2966 2967 2597
3 2598 2968 2599
3 2967 2968 2598
3 2584 2599 2942
3 2599 2969 2942
3 2599 2968 2969
3 2942 2969 2943
3 2947 2600 2589
3 2970 2600 2947
3 2971 2949 2948
3 2948 2591 2971
3 2591 2972 2971
3 2591 2602 2972
3 2950 2973 2593
3 2593 2973 2603
3 2605 2603 2973
3 2605 2973 2974
3 2976 2975 2608
3 2976 2608 2607
3 2595 2608 2952
3 2952 2608 2975
3 2962 2977 2961
3 2961 2977 2963
3 2963 2977 2978
3 2963 2978 2964
3 2964 2978 2979
3 2964 2979 2965
3 2981 2609 2980
3 2609 2970 2980
3 2609 2600 2970
3 2982 2981 2980
3 2602 2610 2983
3 2984 2602 2983
3 2972 2602 2984
3 2611 2983 2610
3 2974 2985 2605
3 2605 2985 2612
3 2612 2986 2613
3 2985 2986 2612
3 2607 2613 2976
3 2976 2613 2986
3 2981 2614 2609
3 2616 2614 2981
3 2982 2616 2981
3 2987 2616 2982
3 2988 2984 2983
3 2983 2611 2988
3 2611 2989 2988
3 2611 2617 2989
3 2987 2990 2616
3 2616 2990 2619
3 2619 2991 2621
3 2990 2991 2619
3 2993 2992 2622
3 2621 2993 2622
3 2991 2993 2621
3 2995 2994 2992
3 2995 2992 2993
3 2995 2989 2994
3 2989 2623 2994
3 2989 2617 2623
3 2992 2624 2622
3 2624 2992 2625
3 2625 2992 2994
3 2625 2994 2623
3 2996 2631 2632
3 2633 2997 2632
3 2632 2997 2996
3 2634 2998 2633
3 2633 2998 2997
3 2635 2999 2634
3 2634 2999 2998
3 2637 2999 2635
3 3000 2638 2639
3 3001 3000 2639
3 3001 2639 2631
3 3002 3001 2631
3 2996 3002 2631
3 3002 2996 2997
3 3002 2997 3003
3 3005 3004 3003
3 2997 3005 3003
3 2998 3005 2997
3 3006 2998 2999
3 3005 2998 3006
3 2641 3006 2637
3 2637 3006 2999
3 3007 2642 3000
3 3000 2642 2638
3 3000 3001 3008
3 3000 3008 3007
3 3004 3005 3009
3 3004 3009 3010
3 3011 3005 3006
3 3009 3005 3011
3 2644 3011 2641
3 2641 3011 3006
3 3013 3012 3007
3 3012 2642 3007
3 3012 2646 2642
3 3013 3007 3008
3 3014 3010 3009
3 3016 3015 3014
3 3009 3016 3014
3 3011 3016 3009
3 2648 3016 2644
3 2644 3016 3011
3 3017 2649 2650
3 3018 3017 2650
3 2646 3018 2650
3 3012 3018 2646
3 3019 3015 3016
3 3016 2648 3019
3 2648 3020 3019
3 2648 2652 3020
3 3023 3022 3021
3 2657 2658 3021
3 2658 3023 3021
3 2658 3024 3023
3 3025 2658 2659
3 3025 3024 2658
3 3027 3026 2661
3 3026 2659 2661
3 3026 3025 2659
3 3027 3028 3026
3 3030 3029 3017
3 3029 2649 3017
3 3029 2663 2649
3 3030 3017 3018
3 3031 3020 2652
3 3031 2652 2664
3 3033 3031 3032
3 3031 2665 3032
3 3031 2664 2665
3 2666 3034 2665
3 2665 3034 3032
3 2667 3035 2666
3 2666 3035 3034
3 2668 3036 2667
3 2667 3036 3035
3 3036 2668 3037
3 2668 3038 3037
3 2668 2669 3038
3 2670 3021 3022
3 3038 2670 3022
3 2669 2670 3038
3 3021 2670 2657
3 2671 3039 3027
3 2671 3027 2661
3 3028 3027 3040
3 3040 3027 3039
3 3041 2672 2673
3 3042 3041 2673
3 2663 3042 2673
3 3029 3042 2663
3 3043 3033 3032
3 3043 3032 3034
3 3043 3034 3044
3 3044 3034 3035
3 3044 3035 3045
3 3045 3035 3036
3 3045 3036 3046
3 3046 3036 3037
3 2674 3039 2671
3 2674 2675 3039
3 2675 3040 3039
3 2675 3047 3040
3 3049 3048 3041
3 3048 2672 3041
3 3048 2677 2672
3 3049 3041 3042
3 2678 3047 2675
3 2678 3050 3047
3 3052 3051 2680
3 2680 3051 2679
3 2680 2677 3048
3 2680 3048 3052
3 2682 3053 2681
3 3053 3054 2681
3 3054 2678 2681
3 3054 3050 2678
3 3051 2683 2679
3 3055 2683 3051
3 3057 3056 3053
3 2682 3057 3053
3 2684 3057 2682
3 3053 3056 3054
3 3060 3059 3058
3 3055 3060 3058
3 2685 3055 3058
3 2683 3055 2685
3 2687 3061 2686
3 3061 3062 2686
3 3062 2684 2686
3 3062 3057 2684
3 3058 3059 2690
3 3059 2689 2690
3 3059 3063 2689
3 3058 2690 2685
3 3065 3064 3061
3 2687 3065 3061
3 2691 3065 2687
3 3061 3064 3062
3 3063 2692 2689
3 3066 2692 3063
3 2693 3065 2691
3 2693 3067 3065
3 3066 2694 2692
3 3068 2694 3066
3 2695 3067 2693
3 2695 3069 3067
3 3071 3070 2697
3 2697 3070 2696
3 2697 2694 3068
3 2697 3068 3071
3 2698 3069 2695
3 2698 3072 3069
3 3070 2699 2696
3 3073 2699 3070
3 2701 3072 2698
3 2701 3074 3072
3 3073 2702 2699
3 3075 2702 3073
3 3077 3076 2703
3 3077 2703 2704
3 2701 2703 3074
3 3074 2703 3076
3 3079 3078 2706
3 2706 3078 2705
3 2706 2702 3075
3 2706 3075 3079
3 2707 3077 2704
3 2707 3080 3077
3 3081 2708 2709
3 3082 3081 2709
3 2705 3082 2709
3 3078 3082 2705
3 2710 3080 2707
3 2710 3083 3080
3 3085 3084 3081
3 3084 2708 3081
3 3084 2711 2708
3 3085 3081 3082
3 2712 3083 2710
3 2712 3086 3083
3 3084 2714 2711
3 3087 2714 3084
3 2716 3086 2712
3 2716 3088 3086
3 3089 2717 2718
3 3090 3089 2718
3 2714 3090 2718
3 3087 3090 2714
3 2720 3088 2716
3 2720 3091 3088
3 3093 3092 3089
3 3092 2717 3089
3 3092 2722 2717
3 3093 3089 3090
3 2723 3091 2720
3 2723 3094 3091
3 3095 2725 2726
3 3096 3095 2726
3 2722 3096 2726
3 3092 3096 2722
3 2727 3094 2723
3 2727 3097 3094
3 3098 2729 2730
3 2725 3095 2730
3 3095 3098 2730
3 3095 3099 3098
3 3095 3096 3100
3 3095 3100 3099
3 2732 3097 2727
3 2732 3101 3097
3 3102 2734 2735
3 2729 3098 2735
3 3098 3102 2735
3 3098 3103 3102
3 3104 3098 3099
3 3103 3098 3104
3 3099 3100 3105
3 3099 3105 3104
3 3106 3101 2732
3 3106 2732 2736
3 2736 2737 3106
3 3106 2737 3107
3 3108 2739 2740
3 2734 3102 2740
3 3102 3108 2740
3 3102 3109 3108
3 3110 3102 3103
3 3109 3102 3110
3 3111 3103 3104
3 3110 3103 3111
3 3104 3105 3112
3 3113 3104 3112
3 3111 3104 3113
3 3114 3113 3112
3 3115 3107 2737
3 3115 2737 2741
3 2741 2742 3115
3 3115 2742 3116
3 3117 2744 2745
3 2739 3108 2745
3 3108 3117 2745
3 3108 3118 3117
3 3119 3108 3109
3 3118 3108 3119
3 3120 3109 3110
3 3119 3109 3120
3 3121 3110 3111
3 3120 3110 3121
3 3122 3111 3113
3 3121 3111 3122
3 3113 3114 3123
3 3113 3123 3122
3 3125 3124 2748
3 3125 2748 2747
3 2748 3126 2749
3 3124 3126 2748
3 2749 3127 2750
3 3126 3127 2749
3 2750 3128 2751
3 3127 3128 2750
3 2752 2751 3128
3 2752 3128 3129
3 2742 2753 3130
3 3131 2742 3130
3 3116 2742 3131
3 2754 3130 2753
3 3132 2756 2757
3 2758 3133 2757
3 2757 3133 3132
3 2744 3117 2758
3 3117 3133 2758
3 3117 3134 3133
3 3135 3117 3118
3 3134 3117 3135
3 3136 3118 3119
3 3135 3118 3136
3 3137 3119 3120
3 3136 3119 3137
3 3138 3120 3121
3 3137 3120 3138
3 3122 3140 3139
3 3138 3122 3139
3 3121 3122 3138
3 3140 3122 3123
3 3142 3141 2765
3 3142 2765 2764
3 2765 3143 2766
3 3141 3143 2765
3 2747 2766 3125
3 3125 2766 3143
3 3129 3144 2752
3 2752 3144 2767
3 2768 2767 3144
3 2768 3144 3145
3 3146 3131 3130
3 3130 2754 3146
3 2754 3147 3146
3 2754 2769 3147
3 3148 2771 2772
3 2773 3149 2772
3 2772 3149 3148
3 2756 3132 2773
3 3132 3149 2773
3 3132 3150 3149
3 3133 3152 3151
3 3150 3133 3151
3 3132 3133 3150
3 3152 3133 3134
3 3152 3134 3153
3 3155 3154 3153
3 3134 3155 3153
3 3135 3155 3134
3 3156 3135 3136
3 3155 3135 3156
3 3137 3158 3157
3 3156 3137 3157
3 3136 3137 3156
3 3158 3137 3138
3 3158 3138 3159
3 3159 3138 3139
3 2775 3160 2774
3 3161 2776 2774
3 3161 2774 3160
3 3162 2777 2776
3 3162 2776 3161
3 3163 2778 2777
3 3163 2777 3162
3 3163 2780 2778
3 2783 3164 2784
3 2784 3164 3165
3 3166 2784 3165
3 2785 2784 3166
3 2764 2785 3142
3 3142 2785 3166
3 3145 3167 2768
3 2768 3167 2786
3 2787 2786 3167
3 2787 3167 3168
3 3169 3147 2769
3 3169 2769 2788
3 2788 2789 3169
3 3169 2789 3170
3 3171 2791 2792
3 3172 3171 2792
3 3172 2792 2771
3 3173 3172 2771
3 3148 3173 2771
3 3173 3148 3149
3 3173 3149 3174
3 3174 3149 3150
3 3174 3150 3175
3 3175 3150 3151
3 3178 3177 3176
3 3176 3177 3154
3 3155 3176 3154
3 3179 3176 3155
3 3156 3181 3180
3 3179 3156 3180
3 3155 3156 3179
3 3181 3156 3157
3 2794 3182 3160
3 2794 3160 2775
3 3184 3161 3183
3 3161 3182 3183
3 3161 3160 3182
3 3161 3184 3162
3 3162 3184 3185
3 3187 3186 3185
3 3186 3162 3185
3 3186 3163 3162
3 3188 2795 2780
3 3163 3188 2780
3 3186 3188 3163
3 3189 2796 2795
3 3189 2795 3188
3 3189 2798 2796
3 3191 3190 3164
3 2783 3191 3164
3 2800 3191 2783
3 3164 3190 3165
3 3168 3192 2787
3 2787 3192 2801
3 2802 2801 3192
3 2802 3192 3193
3 3194 3170 2789
3 3194 2789 2803
3 2803 2804 3194
3 3194 2804 3195
3 3196 2805 2806
3 3196 2806 3197
3 2806 3198 3197
3 2806 2807 3198
3 2807 2791 3171
3 3199 2807 3171
3 3198 2807 3199
3 3199 3171 3172
3 3202 3201 3200
3 3200 3201 3178
3 3176 3200 3178
3 3203 3200 3176
3 3204 3176 3179
3 3203 3176 3204
3 3179 3180 3205
3 3179 3205 3204
3 2809 3206 3182
3 2809 3182 2794
3 3183 3182 3207
3 3182 3208 3207
3 3182 3206 3208
3 3208 3209 3207
3 3187 3210 3186
3 3186 3210 3188
3 3188 3210 3211
3 3188 3211 3189
3 3189 3211 3212
3 3189 3212 2798
3 3212 2810 2798
3 3212 3213 2810
3 2810 3214 2811
3 3213 3214 2810
3 2800 2811 3191
3 3191 2811 3214
3 3216 2812 3215
3 2812 3193 3215
3 2812 2802 3193
3 3217 3216 3215
3 3218 3195 2804
3 3218 2804 2813
3 2813 2814 3218
3 3218 2814 3219
3 3222 3221 3220
3 2816 2817 3220
3 2817 3222 3220
3 2817 3223 3222
3 3224 2817 2818
3 3224 3223 2817
3 3225 2818 2820
3 3225 3224 2818
3 3226 2820 2821
3 3226 3225 2820
3 3227 2821 2822
3 3227 3226 2821
3 3228 2822 2824
3 3228 3227 2822
3 3229 2824 2826
3 3229 3228 2824
3 3230 2826 2828
3 3230 3229 2826
3 3231 2828 2829
3 3231 3230 2828
3 3232 2829 2830
3 3232 3231 2829
3 2830 2832 3232
3 3232 2832 3233
3 3234 2833 2834
3 3234 2834 3235
3 2834 3236 3235
3 2834 2835 3236
3 2835 2805 3196
3 3237 2835 3196
3 3236 2835 3237
3 3237 3196 3197
3 3240 3239 3238
3 3238 3239 3202
3 3200 3238 3202
3 3241 3238 3200
3 2838 3241 2837
3 3241 3203 2837
3 3241 3200 3203
3 2837 3203 2839
3 2839 3203 3204
3 2841 2839 3204
3 3205 2841 3204
3 3242 2841 3205
3 2845 3206 2809
3 3206 2845 2847
3 3243 3206 2847
3 3208 3206 3243
3 3209 3208 3244
3 3244 3208 3243
3 3216 2848 2812
3 2849 2848 3216
3 3217 2849 3216
3 3245 2849 3217
3 2850 3219 2814
3 2850 3246 3219
3 3249 3248 3247
3 2852 2853 3247
3 2853 3249 3247
3 2853 3250 3249
3 2854 3220 3221
3 3250 2854 3221
3 2853 2854 3250
3 3220 2854 2816
3 3251 3233 2832
3 3251 2832 2857
3 3253 3252 2859
3 3252 2857 2859
3 3252 3251 2857
3 3255 3254 3253
3 3253 3254 3252
3 3255 3256 3254
3 3258 3257 2861
3 2861 3257 2860
3 2861 2833 3234
3 3259 2861 3234
3 3258 2861 3259
3 3259 3234 3235
3 3240 3238 3260
3 3240 3260 3261
3 2864 3260 2863
3 3260 3241 2863
3 3260 3238 3241
3 2863 3241 2838
3 3242 3262 2841
3 2841 3262 2865
3 3262 3264 3263
3 2866 3262 3263
3 2865 3262 2866
3 3263 2868 2866
3 3266 3265 3243
3 2847 3266 3243
3 2871 3266 2847
3 3243 3265 3244
3 3268 2872 3267
3 2872 3245 3267
3 2872 2849 3245
3 3269 3268 3267
3 2874 3246 2850
3 2874 3270 3246
3 3272 3271 2876
3 2876 3271 2875
3 2877 3247 3248
3 3272 2877 3248
3 2876 2877 3272
3 3247 2877 2852
3 2881 3253 2859
3 3253 2881 2883
3 3253 2883 3255
3 3273 3256 3255
3 2883 3273 3255
3 2885 3273 2883
3 3274 2885 2887
3 3274 3273 2885
3 3275 2887 2889
3 3275 3274 2887
3 2889 2860 3257
3 2889 3257 3275
3 3278 3277 3276
3 3280 3279 3276
3 3280 3276 3277
3 3279 3280 3261
3 3279 3261 3260
3 2891 3279 3260
3 2890 2891 3260
3 2890 3260 2864
3 3264 3281 3263
3 3281 3283 3282
3 3281 3282 2892
3 3263 3281 2892
3 2868 3263 2892
3 3282 2894 2892
3 2895 3284 2896
3 3284 3285 2896
3 3285 2871 2896
3 3285 3266 2871
3 3268 2897 2872
3 2898 2897 3268
3 3269 2898 3268
3 3286 2898 3269
3 2899 3270 2874
3 2899 3287 3270
3 3289 3288 2902
3 2902 3288 2901
3 2902 2875 3271
3 2902 3271 3289
3 3292 3291 3290
3 3290 3291 3278
3 3290 3278 3276
3 2914 3290 3276
3 2913 2914 3276
3 2913 3276 2915
3 2915 3276 3279
3 2915 3279 2891
3 3283 3293 3282
3 3282 3293 2894
3 3293 2916 2894
3 3293 3294 2916
3 2895 2916 3284
3 2916 3295 3284
3 2916 3294 3295
3 3284 3295 3285
3 3297 2917 3296
3 2917 3286 3296
3 2917 2898 3286
3 3298 3297 3296
3 2918 3287 2899
3 2918 3299 3287
3 3288 2919 2901
3 3300 2919 3288
3 2921 3301 2922
3 3302 2923 2922
3 3302 2922 3301
3 3302 2925 2923
3 2929 3303 2930
3 3304 2931 2930
3 3304 2930 3303
3 3304 2933 2931
3 2934 3305 2935
3 3305 2937 2935
3 3307 3306 2944
3 3307 2944 2943
3 3290 2945 3292
3 2945 3306 3292
3 2945 2944 3306
3 2945 3290 2914
3 3297 2946 2917
3 3309 3308 2947
3 3309 2947 2946
3 3298 3309 2946
3 3297 3298 2946
3 3310 3308 3309
3 2949 3299 2918
3 2949 3311 3299
3 3300 2950 2919
3 3312 2950 3300
3 3314 3313 2951
3 3314 2951 2952
3 2921 2951 3301
3 2951 3315 3301
3 2951 3313 3315
3 3301 3315 3302
3 3302 3315 3316
3 3302 3316 2925
3 3316 2953 2925
3 3316 3317 2953
3 3317 3319 3318
3 2954 3317 3318
3 2953 3317 2954
3 2954 3318 3320
3 3321 2954 3320
3 2955 2954 3321
3 2955 3322 2956
3 3321 3322 2955
3 2929 2956 3303
3 2956 3323 3303
3 2956 3322 3323
3 3303 3323 3304
3 3304 3323 3324
3 3304 3324 2933
3 3324 2957 2933
3 3324 3325 2957
3 2934 2957 3305
3 2957 3326 3305
3 2957 3325 3326
3 3305 3326 2937
3 3326 2958 2937
3 3326 3327 2958
3 3327 3329 3328
3 2959 3327 3328
3 2958 3327 2959
3 3330 2960 2959
3 3330 2959 3328
3 3330 2962 2960
3 2965 3331 2966
3 2966 3331 3332
3 3333 2966 3332
3 2967 2966 3333
3 2967 3334 2968
3 3333 3334 2967
3 2968 3335 2969
3 3334 3335 2968
3 2943 2969 3307
3 3307 2969 3335
3 3336 2970 3308
3 3308 2970 2947
3 3308 3310 3337
3 3308 3337 3336
3 2949 2971 3338
3 3339 2949 3338
3 3311 2949 3339
3 2972 3338 2971
3 3312 3340 2950
3 2950 3340 2973
3 2974 2973 3340
3 2974 3340 3341
3 3343 3342 2975
3 3343 2975 2976
3 2952 2975 3314
3 3314 2975 3342
3 3319 3344 3318
3 3318 3344 3320
3 3329 3345 3328
3 3347 3346 3345
3 3346 3328 3345
3 3346 3330 3328
3 3348 2977 2962
3 3330 3348 2962
3 3346 3348 3330
3 3349 2978 2977
3 3349 2977 3348
3 2978 3349 3350
3 3351 2978 3350
3 2979 2978 3351
3 2965 2979 3331
3 2979 3352 3331
3 2979 3351 3352
3 3331 3352 3332
3 3336 2980 2970
3 3354 3353 2982
3 3354 2982 2980
3 3337 3354 2980
3 3336 3337 2980
3 3356 3355 3353
3 3356 3353 3354
3 3355 3356 3339
3 3338 3355 3339
3 3357 3355 3338
3 2984 3357 2972
3 2972 3357 3338
3 3341 3358 2974
3 2974 3358 2985
3 2985 3359 2986
3 3358 3359 2985
3 2976 2986 3343
3 3343 2986 3359
3 3347 3360 3346
3 3346 3360 3348
3 3348 3360 3361
3 3348 3361 3349
3 3349 3361 3362
3 3349 3362 3350
3 3363 2987 3353
3 3353 2987 2982
3 3364 3353 3355
3 3363 3353 3364
3 3365 3355 3357
3 3364 3355 3365
3 2988 3366 2984
3 3366 3357 2984
3 3366 3365 3357
3 2989 3366 2988
3 3363 2990 2987
3 2990 3363 2991
3 2991 3363 3364
3 2991 3364 2993
3 2993 3364 3365
3 2993 3365 2995
3 2995 3365 3366
3 2995 3366 2989
3 3367 3001 3002
3 3003 3368 3002
3 3002 3368 3367
3 3004 3368 3003
3 3369 3008 3367
3 3367 3008 3001
3 3370 3367 3368
3 3369 3367 3370
3 3010 3370 3004
3 3004 3370 3368
3 3371 3012 3013
3 3008 3369 3013
3 3369 3371 3013
3 3369 3372 3371
3 3373 3369 3370
3 3372 3369 3373
3 3014 3374 3010
3 3374 3370 3010
3 3374 3373 3370
3 3015 3374 3014
3 3377 3376 3375
3 3379 3378 3375
3 3375 3378 3377
3 3379 3380 3378
3 3381 3018 3371
3 3371 3018 3012
3 3372 3383 3382
3 3381 3372 3382
3 3371 3372 3381
3 3383 3372 3373
3 3383 3373 3384
3 3386 3385 3384
3 3373 3386 3384
3 3374 3386 3373
3 3019 3387 3015
3 3387 3374 3015
3 3387 3386 3374
3 3020 3387 3019
3 3388 3022 3023
3 3388 3023 3389
3 3023 3390 3389
3 3023 3024 3390
3 3391 3024 3025
3 3391 3390 3024
3 3026 3375 3376
3 3391 3026 3376
3 3025 3026 3391
3 3375 3026 3028
3 3392 3375 3028
3 3379 3375 3392
3 3380 3379 3393
3 3393 3379 3392
3 3394 3029 3030
3 3395 3394 3030
3 3395 3030 3018
3 3396 3395 3018
3 3381 3396 3018
3 3396 3381 3382
3 3397 3385 3386
3 3397 3386 3387
3 3397 3387 3398
3 3400 3398 3399
3 3399 3398 3031
3 3398 3387 3031
3 3387 3020 3031
3 3033 3399 3031
3 3401 3037 3038
3 3402 3401 3038
3 3402 3038 3022
3 3403 3402 3022
3 3388 3403 3022
3 3403 3388 3389
3 3040 3404 3392
3 3040 3392 3028
3 3393 3392 3405
3 3405 3392 3404
3 3407 3406 3394
3 3406 3029 3394
3 3406 3042 3029
3 3407 3394 3395
3 3408 3400 3399
3 3408 3399 3033
3 3043 3408 3033
3 3409 3408 3043
3 3411 3409 3410
3 3409 3044 3410
3 3409 3043 3044
3 3045 3412 3044
3 3044 3412 3410
3 3412 3045 3413
3 3045 3414 3413
3 3045 3046 3414
3 3046 3037 3401
3 3415 3046 3401
3 3414 3046 3415
3 3415 3401 3402
3 3047 3416 3404
3 3047 3404 3040
3 3405 3404 3417
3 3417 3404 3416
3 3419 3418 3049
3 3049 3418 3048
3 3049 3042 3406
3 3049 3406 3419
3 3420 3411 3410
3 3420 3410 3412
3 3420 3412 3421
3 3421 3412 3413
3 3050 3422 3416
3 3050 3416 3047
3 3417 3416 3423
3 3423 3416 3422
3 3425 3424 3052
3 3052 3424 3051
3 3052 3048 3418
3 3052 3418 3425
3 3427 3426 3422
3 3050 3427 3422
3 3054 3427 3050
3 3422 3426 3423
3 3424 3055 3051
3 3428 3055 3424
3 3057 3429 3056
3 3429 3430 3056
3 3430 3054 3056
3 3430 3427 3054
3 3432 3431 3060
3 3060 3431 3059
3 3060 3055 3428
3 3060 3428 3432
3 3434 3433 3429
3 3057 3434 3429
3 3062 3434 3057
3 3429 3433 3430
3 3431 3063 3059
3 3435 3063 3431
3 3437 3436 3064
3 3437 3064 3065
3 3062 3064 3434
3 3434 3064 3436
3 3435 3066 3063
3 3438 3066 3435
3 3441 3440 3439
3 3440 3437 3439
3 3437 3067 3439
3 3437 3065 3067
3 3444 3443 3442
3 3438 3444 3442
3 3068 3438 3442
3 3066 3438 3068
3 3445 3441 3439
3 3439 3067 3445
3 3067 3446 3445
3 3067 3069 3446
3 3442 3443 3071
3 3443 3070 3071
3 3443 3447 3070
3 3442 3071 3068
3 3450 3449 3448
3 3449 3446 3448
3 3446 3072 3448
3 3446 3069 3072
3 3447 3073 3070
3 3451 3073 3447
3 3450 3448 3452
3 3450 3452 3453
3 3074 3452 3072
3 3072 3452 3448
3 3451 3075 3073
3 3454 3075 3451
3 3453 3452 3076
3 3077 3453 3076
3 3455 3453 3077
3 3076 3452 3074
3 3456 3078 3079
3 3457 3456 3079
3 3075 3457 3079
3 3454 3457 3075
3 3080 3455 3077
3 3080 3458 3455
3 3460 3459 3456
3 3459 3078 3456
3 3459 3082 3078
3 3460 3456 3457
3 3083 3458 3080
3 3083 3461 3458
3 3462 3084 3085
3 3463 3462 3085
3 3082 3463 3085
3 3459 3463 3082
3 3086 3461 3083
3 3086 3464 3461
3 3465 3087 3462
3 3462 3087 3084
3 3462 3463 3466
3 3462 3466 3465
3 3088 3464 3086
3 3088 3467 3464
3 3469 3468 3465
3 3468 3087 3465
3 3468 3090 3087
3 3469 3465 3466
3 3091 3467 3088
3 3091 3470 3467
3 3471 3092 3093
3 3472 3471 3093
3 3090 3472 3093
3 3468 3472 3090
3 3094 3470 3091
3 3094 3473 3470
3 3474 3096 3471
3 3471 3096 3092
3 3471 3472 3475
3 3471 3475 3474
3 3097 3473 3094
3 3097 3476 3473
3 3477 3100 3474
3 3474 3100 3096
3 3474 3475 3478
3 3474 3478 3477
3 3101 3476 3097
3 3101 3479 3476
3 3480 3105 3477
3 3477 3105 3100
3 3477 3478 3481
3 3482 3477 3481
3 3480 3477 3482
3 3483 3482 3481
3 3101 3106 3484
3 3485 3101 3484
3 3479 3101 3485
3 3107 3484 3106
3 3480 3112 3105
3 3112 3480 3114
3 3480 3486 3114
3 3480 3482 3486
3 3482 3483 3487
3 3482 3487 3486
3 3490 3489 3488
3 3492 3491 3488
3 3492 3488 3489
3 3493 3491 3492
3 3494 3485 3484
3 3496 3494 3495
3 3495 3494 3115
3 3494 3484 3115
3 3484 3107 3115
3 3116 3495 3115
3 3497 3123 3486
3 3486 3123 3114
3 3486 3487 3498
3 3486 3498 3497
3 3501 3500 3499
3 3124 3125 3499
3 3500 3124 3499
3 3502 3124 3500
3 3488 3126 3490
3 3126 3502 3490
3 3126 3124 3502
3 3126 3488 3127
3 3127 3488 3491
3 3493 3503 3491
3 3503 3127 3491
3 3503 3128 3127
3 3505 3504 3129
3 3128 3505 3129
3 3503 3505 3128
3 3507 3506 3504
3 3507 3504 3505
3 3508 3506 3507
3 3509 3496 3495
3 3495 3116 3509
3 3116 3510 3509
3 3116 3131 3510
3 3511 3139 3140
3 3123 3497 3140
3 3497 3511 3140
3 3497 3512 3511
3 3497 3498 3513
3 3497 3513 3512
3 3515 3514 3141
3 3515 3141 3142
3 3499 3143 3501
3 3143 3514 3501
3 3143 3141 3514
3 3143 3499 3125
3 3504 3144 3129
3 3144 3504 3145
3 3504 3516 3145
3 3504 3506 3516
3 3506 3508 3517
3 3518 3506 3517
3 3516 3506 3518
3 3519 3518 3517
3 3520 3510 3131
3 3520 3131 3146
3 3146 3147 3520
3 3520 3147 3521
3 3522 3151 3152
3 3153 3523 3152
3 3152 3523 3522
3 3154 3523 3153
3 3524 3157 3158
3 3159 3525 3158
3 3158 3525 3524
3 3139 3511 3159
3 3511 3525 3159
3 3511 3526 3525
3 3512 3528 3527
3 3526 3512 3527
3 3511 3512 3526
3 3528 3512 3513
3 3530 3529 3166
3 3530 3166 3165
3 3142 3166 3515
3 3515 3166 3529
3 3516 3167 3145
3 3167 3516 3168
3 3516 3531 3168
3 3516 3518 3531
3 3518 3519 3532
3 3533 3518 3532
3 3531 3518 3533
3 3534 3533 3532
3 3147 3169 3535
3 3536 3147 3535
3 3521 3147 3536
3 3170 3535 3169
3 3537 3172 3173
3 3174 3538 3173
3 3173 3538 3537
3 3175 3539 3174
3 3174 3539 3538
3 3151 3522 3175
3 3522 3539 3175
3 3522 3540 3539
3 3178 3540 3177
3 3540 3523 3177
3 3540 3522 3523
3 3177 3523 3154
3 3541 3180 3181
3 3157 3524 3181
3 3524 3541 3181
3 3524 3542 3541
3 3525 3544 3543
3 3542 3525 3543
3 3524 3525 3542
3 3544 3525 3526
3 3544 3526 3545
3 3545 3526 3527
3 3183 3546 3184
3 3547 3185 3184
3 3547 3184 3546
3 3547 3187 3185
3 3549 3548 3190
3 3549 3190 3191
3 3165 3190 3530
3 3530 3190 3548
3 3531 3192 3168
3 3192 3531 3193
3 3531 3550 3193
3 3531 3533 3550
3 3533 3534 3551
3 3533 3551 3550
3 3552 3536 3535
3 3554 3552 3553
3 3553 3552 3194
3 3552 3535 3194
3 3535 3170 3194
3 3195 3553 3194
3 3557 3556 3555
3 3555 3558 3557
3 3559 3197 3198
3 3199 3560 3198
3 3198 3560 3559
3 3172 3537 3199
3 3537 3560 3199
3 3537 3561 3560
3 3562 3537 3538
3 3561 3537 3562
3 3563 3538 3539
3 3562 3538 3563
3 3202 3563 3201
3 3563 3540 3201
3 3563 3539 3540
3 3201 3540 3178
3 3564 3205 3541
3 3541 3205 3180
3 3542 3566 3565
3 3564 3542 3565
3 3541 3542 3564
3 3566 3542 3543
3 3207 3546 3183
3 3546 3207 3209
3 3567 3546 3209
3 3547 3546 3567
3 3568 3210 3187
3 3547 3568 3187
3 3567 3568 3547
3 3569 3211 3210
3 3569 3210 3568
3 3211 3569 3570
3 3571 3211 3570
3 3212 3211 3571
3 3212 3572 3213
3 3571 3572 3212
3 3213 3573 3214
3 3572 3573 3213
3 3191 3214 3549
3 3549 3214 3573
3 3550 3215 3193
3 3217 3215 3550
3 3551 3217 3550
3 3574 3217 3551
3 3575 3554 3553
3 3577 3575 3576
3 3576 3575 3218
3 3575 3553 3218
3 3553 3195 3218
3 3219 3576 3218
3 3579 3578 3222
3 3222 3578 3221
3 3223 3555 3556
3 3579 3223 3556
3 3222 3223 3579
3 3580 3558 3555
3 3223 3580 3555
3 3224 3580 3223
3 3581 3224 3225
3 3581 3580 3224
3 3582 3225 3226
3 3582 3581 3225
3 3583 3226 3227
3 3583 3582 3226
3 3584 3227 3228
3 3584 3583 3227
3 3585 3228 3229
3 3585 3584 3228
3 3586 3229 3230
3 3586 3585 3229
3 3587 3230 3231
3 3587 3586 3230
3 3588 3231 3232
3 3588 3587 3231
3 3232 3233 3588
3 3588 3233 3589
3 3590 3235 3236
3 3237 3591 3236
3 3236 3591 3590
3 3197 3559 3237
3 3559 3591 3237
3 3559 3592 3591
3 3560 3594 3593
3 3592 3560 3593
3 3559 3560 3592
3 3596 3595 3594
3 3560 3596 3594
3 3561 3596 3560
3 3597 3561 3562
3 3596 3561 3597
3 3240 3597 3239
3 3597 3563 3239
3 3597 3562 3563
3 3239 3563 3202
3 3598 3242 3564
3 3564 3242 3205
3 3564 3565 3599
3 3564 3599 3598
3 3601 3600 3567
3 3209 3601 3567
3 3244 3601 3209
3 3567 3600 3568
3 3568 3600 3602
3 3568 3602 3569
3 3569 3602 3603
3 3569 3603 3570
3 3605 3245 3604
3 3245 3574 3604
3 3245 3217 3574
3 3606 3605 3604
3 3607 3577 3576
3 3576 3219 3607
3 3219 3608 3607
3 3219 3246 3608
3 3610 3609 3249
3 3249 3609 3248
3 3611 3249 3250
3 3611 3610 3249
3 3250 3221 3578
3 3250 3578 3611
3 3612 3589 3233
3 3612 3233 3251
3 3613 3251 3252
3 3613 3612 3251
3 3614 3252 3254
3 3614 3613 3252
3 3254 3256 3614
3 3614 3256 3615
3 3616 3257 3258
3 3616 3258 3617
3 3258 3618 3617
3 3258 3259 3618
3 3259 3235 3590
3 3619 3259 3590
3 3618 3259 3619
3 3619 3590 3591
3 3619 3591 3620
3 3620 3591 3592
3 3620 3592 3621
3 3624 3623 3622
3 3593 3621 3592
3 3623 3624 3595
3 3596 3623 3595
3 3625 3623 3596
3 3626 3596 3597
3 3625 3596 3626
3 3261 3626 3240
3 3240 3626 3597
3 3598 3262 3242
3 3264 3262 3598
3 3599 3264 3598
3 3627 3264 3599
3 3266 3628 3265
3 3628 3629 3265
3 3629 3244 3265
3 3629 3601 3244
3 3605 3267 3245
3 3631 3630 3269
3 3631 3269 3267
3 3606 3631 3267
3 3605 3606 3267
3 3632 3630 3631
3 3270 3608 3246
3 3270 3633 3608
3 3635 3634 3272
3 3272 3634 3271
3 3272 3248 3609
3 3272 3609 3635
3 3636 3615 3256
3 3636 3256 3273
3 3637 3273 3274
3 3637 3636 3273
3 3638 3274 3275
3 3638 3637 3274
3 3275 3257 3616
3 3639 3275 3616
3 3638 3275 3639
3 3639 3616 3617
3 3622 3623 3640
3 3622 3640 3641
3 3278 3640 3277
3 3640 3625 3277
3 3640 3623 3625
3 3277 3625 3280
3 3280 3625 3626
3 3280 3626 3261
3 3281 3264 3642
3 3264 3643 3642
3 3264 3627 3643
3 3642 3283 3281
3 3645 3644 3628
3 3266 3645 3628
3 3285 3645 3266
3 3628 3644 3629
3 3646 3286 3630
3 3630 3286 3269
3 3630 3632 3647
3 3630 3647 3646
3 3650 3649 3648
3 3649 3633 3648
3 3633 3287 3648
3 3633 3270 3287
3 3652 3651 3289
3 3289 3651 3288
3 3289 3271 3634
3 3289 3634 3652
3 3655 3654 3653
3 3653 3654 3641
3 3653 3641 3640
3 3292 3653 3640
3 3291 3292 3640
3 3291 3640 3278
3 3643 3656 3642
3 3642 3656 3283
3 3656 3293 3283
3 3656 3657 3293
3 3293 3658 3294
3 3657 3658 3293
3 3294 3659 3295
3 3658 3659 3294
3 3285 3295 3645
3 3645 3295 3659
3 3646 3296 3286
3 3661 3660 3298
3 3661 3298 3296
3 3647 3661 3296
3 3646 3647 3296
3 3663 3662 3660
3 3663 3660 3661
3 3662 3663 3650
3 3648 3662 3650
3 3664 3662 3648
3 3299 3664 3287
3 3287 3664 3648
3 3651 3300 3288
3 3665 3300 3651
3 3668 3667 3666
3 3670 3669 3666
3 3670 3666 3667
3 3669 3670 3655
3 3669 3655 3653
3 3307 3669 3653
3 3306 3307 3653
3 3306 3653 3292
3 3660 3309 3298
3 3309 3660 3310
3 3660 3671 3310
3 3660 3662 3671
3 3672 3662 3664
3 3671 3662 3672
3 3311 3672 3299
3 3299 3672 3664
3 3674 3312 3673
3 3312 3665 3673
3 3312 3300 3665
3 3675 3674 3673
3 3677 3676 3313
3 3677 3313 3314
3 3313 3678 3315
3 3676 3678 3313
3 3315 3679 3316
3 3678 3679 3315
3 3316 3680 3317
3 3679 3680 3316
3 3682 3681 3319
3 3317 3682 3319
3 3680 3682 3317
3 3321 3320 3681
3 3682 3321 3681
3 3683 3321 3682
3 3321 3684 3322
3 3683 3684 3321
3 3322 3685 3323
3 3684 3685 3322
3 3323 3686 3324
3 3685 3686 3323
3 3324 3687 3325
3 3686 3687 3324
3 3325 3688 3326
3 3687 3688 3325
3 3688 3690 3689
3 3327 3688 3689
3 3326 3688 3327
3 3689 3329 3327
3 3692 3691 3333
3 3692 3333 3332
3 3666 3334 3668
3 3334 3691 3668
3 3334 3333 3691
3 3334 3666 3335
3 3335 3666 3669
3 3335 3669 3307
3 3693 3337 3671
3 3671 3337 3310
3 3694 3671 3672
3 3693 3671 3694
3 3339 3694 3311
3 3311 3694 3672
3 3674 3340 3312
3 3696 3695 3341
3 3696 3341 3340
3 3675 3696 3340
3 3674 3675 3340
3 3698 3697 3695
3 3698 3695 3696
3 3342 3343 3697
3 3698 3342 3697
3 3699 3342 3698
3 3314 3342 3677
3 3677 3342 3699
3 3681 3344 3319
3 3344 3681 3320
3 3690 3700 3689
3 3689 3700 3329
3 3700 3345 3329
3 3700 3701 3345
3 3347 3345 3701
3 3347 3701 3702
3 3350 3703 3351
3 3351 3703 3704
3 3705 3351 3704
3 3352 3351 3705
3 3332 3352 3692
3 3692 3352 3705
3 3693 3354 3337
3 3354 3693 3356
3 3356 3693 3694
3 3356 3694 3339
3 3695 3358 3341
3 3358 3695 3359
3 3359 3695 3697
3 3359 3697 3343
3 3360 3347 3706
3 3347 3707 3706
3 3347 3702 3707
3 3708 3361 3360
3 3708 3360 3706
3 3361 3708 3709
3 3710 3361 3709
3 3362 3361 3710
3 3350 3362 3703
3 3362 3711 3703
3 3362 3710 3711
3 3703 3711 3704
3 3707 3712 3706
3 3706 3712 3708
3 3708 3712 3713
3 3708 3713 3709
3 3716 3715 3714
3 3718 3717 3714
3 3714 3717 3716
3 3718 3719 3717
3 3714 3715 3720
3 3720 3715 3721
3 3714 3722 3718
3 3714 3720 3722
3 3719 3718 3723
3 3723 3718 3722
3 3726 3725 3724
3 3376 3377 3724
3 3377 3726 3724
3 3377 3727 3726
3 3378 3720 3721
3 3727 3378 3721
3 3377 3378 3727
3 3720 3378 3380
3 3728 3720 3380
3 3722 3720 3728
3 3723 3722 3729
3 3729 3722 3728
3 3730 3382 3383
3 3384 3731 3383
3 3383 3731 3730
3 3385 3731 3384
3 3733 3732 3390
3 3390 3732 3389
3 3391 3724 3725
3 3733 3391 3725
3 3390 3391 3733
3 3724 3391 3376
3 3393 3734 3728
3 3393 3728 3380
3 3729 3728 3735
3 3735 3728 3734
3 3736 3395 3396
3 3737 3736 3396
3 3737 3396 3382
3 3738 3737 3382
3 3730 3738 3382
3 3738 3730 3731
3 3738 3731 3739
3 3741 3739 3740
3 3740 3739 3397
3 3739 3731 3397
3 3731 3385 3397
3 3398 3742 3397
3 3397 3742 3740
3 3400 3742 3398
3 3744 3743 3403
3 3403 3743 3402
3 3403 3389 3732
3 3403 3732 3744
3 3405 3745 3734
3 3405 3734 3393
3 3735 3734 3746
3 3746 3734 3745
3 3747 3406 3407
3 3748 3747 3407
3 3748 3407 3395
3 3749 3748 3395
3 3736 3749 3395
3 3749 3736 3737
3 3750 3741 3740
3 3750 3740 3742
3 3750 3742 3751
3 3751 3742 3400
3 3408 3751 3400
3 3752 3751 3408
3 3754 3752 3753
3 3752 3409 3753
3 3752 3408 3409
3 3411 3753 3409
3 3755 3413 3414
3 3755 3414 3756
3 3414 3757 3756
3 3414 3415 3757
3 3415 3402 3743
3 3415 3743 3757
3 3759 3758 3745
3 3405 3759 3745
3 3417 3759 3405
3 3745 3758 3746
3 3760 3418 3419
3 3761 3760 3419
3 3761 3419 3406
3 3762 3761 3406
3 3747 3762 3406
3 3762 3747 3748
3 3763 3754 3753
3 3763 3753 3411
3 3420 3763 3411
3 3764 3763 3420
3 3765 3420 3421
3 3765 3764 3420
3 3421 3413 3755
3 3766 3421 3755
3 3765 3421 3766
3 3766 3755 3756
3 3423 3759 3417
3 3423 3767 3759
3 3768 3424 3425
3 3769 3768 3425
3 3769 3425 3418
3 3770 3769 3418
3 3760 3770 3418
3 3770 3760 3761
3 3427 3771 3426
3 3771 3772 3426
3 3772 3423 3426
3 3772 3767 3423
3 3774 3773 3768
3 3773 3424 3768
3 3773 3428 3424
3 3774 3768 3769
3 3430 3775 3771
3 3430 3771 3427
3 3772 3771 3776
3 3776 3771 3775
3 3778 3777 3432
3 3432 3777 3431
3 3432 3428 3773
3 3432 3773 3778
3 3781 3780 3779
3 3433 3434 3779
3 3780 3433 3779
3 3782 3433 3780
3 3430 3433 3775
3 3433 3783 3775
3 3433 3782 3783
3 3775 3783 3776
3 3777 3435 3431
3 3784 3435 3777
3 3781 3779 3436
3 3437 3781 3436
3 3785 3781 3437
3 3436 3779 3434
3 3784 3438 3435
3 3786 3438 3784
3 3788 3787 3440
3 3788 3440 3441
3 3437 3440 3785
3 3785 3440 3787
3 3790 3789 3444
3 3444 3789 3443
3 3444 3438 3786
3 3444 3786 3790
3 3441 3445 3791
3 3792 3441 3791
3 3788 3441 3792
3 3446 3791 3445
3 3789 3447 3443
3 3793 3447 3789
3 3792 3791 3449
3 3450 3792 3449
3 3794 3792 3450
3 3449 3791 3446
3 3793 3451 3447
3 3795 3451 3793
3 3453 3794 3450
3 3453 3796 3794
3 3795 3454 3451
3 3797 3454 3795
3 3455 3796 3453
3 3455 3798 3796
3 3797 3457 3454
3 3799 3457 3797
3 3458 3798 3455
3 3458 3800 3798
3 3801 3459 3460
3 3802 3801 3460
3 3457 3802 3460
3 3799 3802 3457
3 3461 3800 3458
3 3461 3803 3800
3 3804 3463 3801
3 3801 3463 3459
3 3801 3802 3805
3 3801 3805 3804
3 3464 3803 3461
3 3464 3806 3803
3 3808 3807 3804
3 3807 3463 3804
3 3807 3466 3463
3 3808 3804 3805
3 3467 3806 3464
3 3467 3809 3806
3 3810 3468 3469
3 3811 3810 3469
3 3466 3811 3469
3 3807 3811 3466
3 3814 3813 3812
3 3813 3809 3812
3 3809 3470 3812
3 3809 3467 3470
3 3815 3472 3810
3 3810 3472 3468
3 3810 3811 3816
3 3810 3816 3815
3 3814 3812 3817
3 3814 3817 3818
3 3473 3817 3470
3 3470 3817 3812
3 3819 3475 3815
3 3815 3475 3472
3 3815 3816 3820
3 3815 3820 3819
3 3823 3822 3821
3 3821 3822 3818
3 3817 3821 3818
3 3824 3821 3817
3 3476 3824 3473
3 3473 3824 3817
3 3825 3478 3819
3 3819 3478 3475
3 3819 3820 3826
3 3819 3826 3825
3 3823 3821 3827
3 3823 3827 3828
3 3829 3821 3824
3 3827 3821 3829
3 3479 3829 3476
3 3476 3829 3824
3 3825 3481 3478
3 3483 3481 3825
3 3826 3483 3825
3 3830 3483 3826
3 3833 3832 3831
3 3831 3832 3828
3 3827 3831 3828
3 3834 3831 3827
3 3835 3827 3829
3 3834 3827 3835
3 3485 3835 3479
3 3479 3835 3829
3 3837 3487 3836
3 3487 3830 3836
3 3487 3483 3830
3 3838 3837 3836
3 3840 3839 3489
3 3840 3489 3490
3 3489 3841 3492
3 3839 3841 3489
3 3843 3842 3493
3 3492 3843 3493
3 3841 3843 3492
3 3842 3843 3833
3 3831 3842 3833
3 3844 3842 3831
3 3845 3831 3834
3 3844 3831 3845
3 3846 3834 3835
3 3845 3834 3846
3 3494 3847 3485
3 3847 3835 3485
3 3847 3846 3835
3 3496 3847 3494
3 3848 3498 3837
3 3837 3498 3487
3 3837 3838 3849
3 3837 3849 3848
3 3851 3850 3500
3 3851 3500 3501
3 3500 3852 3502
3 3850 3852 3500
3 3490 3502 3840
3 3840 3502 3852
3 3842 3503 3493
3 3503 3842 3505
3 3505 3842 3844
3 3505 3844 3507
3 3507 3844 3845
3 3507 3845 3508
3 3845 3853 3508
3 3845 3846 3853
3 3854 3846 3847
3 3853 3846 3854
3 3509 3855 3496
3 3855 3847 3496
3 3855 3854 3847
3 3510 3855 3509
3 3857 3856 3848
3 3856 3498 3848
3 3856 3513 3498
3 3857 3848 3849
3 3859 3858 3514
3 3859 3514 3515
3 3501 3514 3851
3 3851 3514 3858
3 3853 3517 3508
3 3517 3853 3519
3 3853 3860 3519
3 3853 3854 3860
3 3861 3854 3855
3 3860 3854 3861
3 3520 3862 3510
3 3862 3855 3510
3 3862 3861 3855
3 3521 3862 3520
3 3864 3863 3528
3 3528 3863 3527
3 3528 3513 3856
3 3528 3856 3864
3 3866 3865 3529
3 3866 3529 3530
3 3515 3529 3859
3 3859 3529 3865
3 3860 3532 3519
3 3532 3860 3534
3 3860 3867 3534
3 3860 3861 3867
3 3868 3861 3862
3 3867 3861 3868
3 3536 3868 3521
3 3521 3868 3862
3 3869 3543 3544
3 3869 3544 3870
3 3544 3871 3870
3 3544 3545 3871
3 3545 3527 3863
3 3545 3863 3871
3 3873 3872 3548
3 3873 3548 3549
3 3530 3548 3866
3 3866 3548 3872
3 3874 3551 3867
3 3867 3551 3534
3 3875 3867 3868
3 3874 3867 3875
3 3552 3876 3536
3 3876 3868 3536
3 3876 3875 3868
3 3554 3876 3552
3 3877 3556 3557
3 3558 3877 3557
3 3879 3878 3566
3 3566 3878 3565
3 3566 3543 3869
3 3880 3566 3869
3 3879 3566 3880
3 3880 3869 3870
3 3882 3881 3571
3 3882 3571 3570
3 3571 3883 3572
3 3881 3883 3571
3 3572 3884 3573
3 3883 3884 3572
3 3549 3573 3873
3 3873 3573 3884
3 3885 3574 3874
3 3874 3574 3551
3 3886 3874 3875
3 3885 3874 3886
3 3887 3875 3876
3 3886 3875 3887
3 3575 3888 3554
3 3888 3876 3554
3 3888 3887 3876
3 3577 3888 3575
3 3890 3889 3579
3 3579 3889 3578
3 3579 3556 3877
3 3891 3579 3877
3 3890 3579 3891
3 3891 3877 3558
3 3580 3891 3558
3 3892 3891 3580
3 3893 3580 3581
3 3893 3892 3580
3 3894 3581 3582
3 3894 3893 3581
3 3895 3582 3583
3 3895 3894 3582
3 3896 3583 3584
3 3896 3895 3583
3 3897 3584 3585
3 3897 3896 3584
3 3898 3585 3586
3 3898 3897 3585
3 3899 3586 3587
3 3899 3898 3586
3 3901 3899 3900
3 3899 3588 3900
3 3899 3587 3588
3 3589 3900 3588
3 3902 3593 3594
3 3595 3902 3594
3 3878 3599 3565
3 3903 3599 3878
3 3601 3904 3600
3 3905 3602 3600
3 3905 3600 3904
3 3602 3905 3906
3 3907 3602 3906
3 3603 3602 3907
3 3570 3603 3882
3 3882 3603 3907
3 3885 3604 3574
3 3604 3885 3606
3 3885 3908 3606
3 3885 3886 3908
3 3909 3886 3887
3 3908 3886 3909
3 3910 3887 3888
3 3909 3887 3910
3 3607 3911 3577
3 3911 3888 3577
3 3911 3910 3888
3 3608 3911 3607
3 3913 3912 3610
3 3610 3912 3609
3 3914 3610 3611
3 3914 3913 3610
3 3611 3578 3889
3 3611 3889 3914
3 3915 3901 3900
3 3915 3900 3589
3 3612 3915 3589
3 3916 3915 3612
3 3917 3612 3613
3 3917 3916 3612
3 3919 3917 3918
3 3917 3614 3918
3 3917 3613 3614
3 3615 3918 3614
3 3920 3617 3618
3 3619 3921 3618
3 3618 3921 3920
3 3620 3922 3619
3 3619 3922 3921
3 3621 3923 3620
3 3620 3923 3922
3 3621 3593 3923
3 3593 3902 3923
3 3624 3622 3923
3 3624 3923 3902
3 3624 3902 3595
3 3903 3627 3599
3 3924 3627 3903
3 3629 3925 3904
3 3629 3904 3601
3 3927 3905 3926
3 3905 3925 3926
3 3905 3904 3925
3 3905 3927 3906
3 3908 3631 3606
3 3631 3908 3632
3 3908 3928 3632
3 3908 3909 3928
3 3929 3909 3910
3 3928 3909 3929
3 3930 3910 3911
3 3929 3910 3930
3 3633 3930 3608
3 3608 3930 3911
3 3932 3931 3635
3 3635 3931 3634
3 3635 3609 3912
3 3635 3912 3932
3 3933 3919 3918
3 3933 3918 3615
3 3636 3933 3615
3 3934 3933 3636
3 3935 3636 3637
3 3935 3934 3636
3 3937 3935 3936
3 3935 3638 3936
3 3935 3637 3638
3 3639 3938 3638
3 3638 3938 3936
3 3617 3920 3639
3 3920 3938 3639
3 3920 3939 3938
3 3940 3920 3921
3 3939 3920 3940
3 3941 3921 3922
3 3940 3921 3941
3 3942 3922 3923
3 3941 3922 3942
3 3641 3942 3622
3 3622 3942 3923
3 3924 3643 3627
3 3943 3643 3924
3 3645 3944 3644
3 3944 3945 3644
3 3644 3945 3629
3 3945 3946 3629
3 3946 3925 3629
3 3925 3946 3926
3 3947 3647 3928
3 3928 3647 3632
3 3948 3928 3929
3 3947 3928 3948
3 3650 3948 3649
3 3948 3930 3649
3 3948 3929 3930
3 3649 3930 3633
3 3949 3651 3652
3 3950 3949 3652
3 3634 3950 3652
3 3931 3950 3634
3 3951 3937 3936
3 3951 3936 3938
3 3951 3938 3952
3 3954 3953 3952
3 3938 3954 3952
3 3939 3954 3938
3 3955 3939 3940
3 3954 3939 3955
3 3956 3940 3941
3 3955 3940 3956
3 3655 3956 3654
3 3956 3942 3654
3 3956 3941 3942
3 3654 3942 3641
3 3943 3957 3643
3 3643 3957 3656
3 3957 3959 3958
3 3657 3957 3958
3 3656 3957 3657
3 3960 3658 3657
3 3960 3657 3958
3 3961 3659 3658
3 3961 3658 3960
3 3944 3645 3659
3 3961 3944 3659
3 3962 3944 3961
3 3945 3944 3963
3 3963 3944 3962
3 3947 3661 3647
3 3661 3947 3663
3 3663 3947 3948
3 3663 3948 3650
3 3964 3665 3949
3 3949 3665 3651
3 3949 3950 3965
3 3949 3965 3964
3 3968 3967 3966
3 3970 3969 3966
3 3970 3966 3967
3 3971 3969 3970
3 3974 3973 3972
3 3976 3975 3972
3 3976 3972 3973
3 3978 3977 3975
3 3978 3975 3976
3 3980 3979 3977
3 3980 3977 3978
3 3982 3981 3979
3 3982 3979 3980
3 3983 3981 3982
3 3986 3985 3984
3 3984 3985 3953
3 3954 3984 3953
3 3987 3984 3954
3 3668 3987 3667
3 3987 3955 3667
3 3987 3954 3955
3 3667 3955 3670
3 3670 3955 3956
3 3670 3956 3655
3 3959 3988 3958
3 3958 3988 3960
3 3960 3988 3989
3 3960 3989 3961
3 3961 3989 3990
3 3961 3990 3962
3 3962 3990 3991
3 3962 3991 3963
3 3964 3673 3665
3 3993 3992 3675
3 3993 3675 3673
3 3965 3993 3673
3 3964 3965 3673
3 3995 3994 3992
3 3995 3992 3993
3 3997 3996 3994
3 3997 3994 3995
3 3676 3677 3996
3 3997 3676 3996
3 3998 3676 3997
3 3676 3999 3678
3 3998 3999 3676
3 3966 3679 3968
3 3679 3999 3968
3 3679 3678 3999
3 3679 3966 3680
3 3680 3966 3969
3 3971 4000 3969
3 4000 3680 3969
3 4000 3682 3680
3 3682 4001 3683
3 4000 4001 3682
3 3972 3684 3974
3 3684 4001 3974
3 3684 3683 4001
3 3684 3972 3685
3 3685 3972 3975
3 3685 3975 3686
3 3686 3975 3977
3 3686 3977 3687
3 3687 3977 3979
3 3687 3979 3688
3 3688 3979 3981
3 3690 3688 3981
3 3983 3690 3981
3 4002 3690 3983
3 3986 3984 4003
3 3986 4003 4004
3 3692 4003 3691
3 4003 3987 3691
3 4003 3984 3987
3 3691 3987 3668
3 3992 3696 3675
3 3696 3992 3698
3 3698 3992 3994
3 3698 3994 3699
3 3699 3994 3996
3 3699 3996 3677
3 4002 4005 3690
3 3690 4005 3700
3 4005 4007 4006
3 3701 4005 4006
3 3700 4005 3701
3 4006 3702 3701
3 4010 4009 4008
3 4008 4009 4004
3 4008 4004 4003
3 3704 4008 4003
3 3705 3704 4003
3 3705 4003 3692
3 4007 4011 4006
3 3702 4006 4011
3 4012 3702 4011
3 3707 3702 4012
3 4014 4013 3710
3 4014 3710 3709
3 4008 3711 4010
3 3711 4013 4010
3 3711 3710 4013
3 3711 4008 3704
3 4012 4015 3707
3 3707 4015 3712
3 3712 4016 3713
3 4015 4016 3712
3 3709 3713 4014
3 4014 3713 4016
3 4018 4017 3716
3 3716 4017 3715
3 4019 3716 3717
3 4019 4018 3716
3 3717 3719 4019
3 4019 3719 4020
3 4023 4022 4021
3 4017 4023 4021
3 3721 4017 4021
3 3715 4017 3721
3 3723 4025 4024
3 4020 3723 4024
3 3719 3723 4020
3 4025 4026 4024
3 4028 4027 3726
3 3726 4027 3725
3 3727 4021 4022
3 4028 3727 4022
3 3726 3727 4028
3 4021 3727 3721
3 3729 4029 4025
3 3729 4025 3723
3 4026 4025 4030
3 4030 4025 4029
3 4032 4031 3733
3 3733 4031 3732
3 3733 3725 4027
3 3733 4027 4032
3 3735 4033 4029
3 3735 4029 3729
3 4030 4029 4034
3 4034 4029 4033
3 4035 3737 3738
3 3739 4036 3738
3 3738 4036 4035
3 3741 4036 3739
3 4038 4037 3744
3 3744 4037 3743
3 3744 3732 4031
3 3744 4031 4038
3 4040 4039 4033
3 3735 4040 4033
3 3746 4040 3735
3 4033 4039 4034
3 4041 3748 3749
3 4042 4041 3749
3 4042 3749 3737
3 4043 4042 3737
3 4035 4043 3737
3 4043 4035 4036
3 4043 4036 4044
3 4046 4044 4045
3 4045 4044 3750
3 4044 4036 3750
3 4036 3741 3750
3 3751 4047 3750
3 3750 4047 4045
3 3752 4048 3751
3 3751 4048 4047
3 3754 4048 3752
3 4049 3756 3757
3 4050 4049 3757
3 3743 4050 3757
3 4037 4050 3743
3 3759 4051 3758
3 4051 4052 3758
3 4052 3746 3758
3 4052 4040 3746
3 4054 4053 3762
3 3762 4053 3761
3 3762 3748 4041
3 4055 3762 4041
3 4054 3762 4055
3 4055 4041 4042
3 4056 4046 4045
3 4056 4045 4047
3 4056 4047 4057
3 4057 4047 4048
3 4057 4048 4058
3 4058 4048 3754
3 3763 4058 3754
3 4059 4058 3763
3 4060 3763 3764
3 4060 4059 3763
3 4062 4060 4061
3 4060 3765 4061
3 4060 3764 3765
3 4061 3765 4063
3 3765 4064 4063
3 3765 3766 4064
3 3766 3756 4049
3 4065 3766 4049
3 4064 3766 4065
3 4065 4049 4050
3 4067 4066 4051
3 3759 4067 4051
3 3767 4067 3759
3 4051 4066 4052
3 4069 4068 3770
3 3770 4068 3769
3 3770 3761 4053
3 3770 4053 4069
3 4070 4062 4061
3 4070 4061 4063
3 3772 4067 3767
3 3772 4071 4067
3 4073 4072 3774
3 3774 4072 3773
3 3774 3769 4068
3 3774 4068 4073
3 4076 4075 4074
3 4078 4077 4074
3 4078 4074 4075
3 4078 4071 4077
3 4071 3776 4077
3 4071 3772 3776
3 4080 4079 3778
3 3778 4079 3777
3 3778 3773 4072
3 3778 4072 4080
3 4082 4081 3780
3 4082 3780 3781
3 4074 3782 4076
3 3782 4081 4076
3 3782 3780 4081
3 3782 4074 3783
3 3783 4074 4077
3 3783 4077 3776
3 4079 3784 3777
3 4083 3784 4079
3 4086 4085 4084
3 4085 4082 4084
3 4082 3785 4084
3 4082 3781 3785
3 4083 3786 3784
3 4087 3786 4083
3 4086 4084 3787
3 3788 4086 3787
3 4088 4086 3788
3 3787 4084 3785
3 4090 4089 3790
3 3790 4089 3789
3 3790 3786 4087
3 3790 4087 4090
3 3792 4088 3788
3 3792 4091 4088
3 4089 3793 3789
3 4092 3793 4089
3 3794 4091 3792
3 3794 4093 4091
3 4092 3795 3793
3 4094 3795 4092
3 4097 4096 4095
3 4096 4093 4095
3 4093 3796 4095
3 4093 3794 3796
3 4094 3797 3795
3 4098 3797 4094
3 4097 4095 4099
3 4097 4099 4100
3 3798 4099 3796
3 3796 4099 4095
3 4098 3799 3797
3 4101 3799 4098
3 4102 4100 4099
3 4099 3798 4102
3 3798 4103 4102
3 3798 3800 4103
3 4101 3802 3799
3 4104 3802 4101
3 4107 4106 4105
3 4106 4103 4105
3 4103 3803 4105
3 4103 3800 3803
3 4104 3805 3802
3 4108 3805 4104
3 4107 4105 4109
3 4107 4109 4110
3 3806 4109 3803
3 3803 4109 4105
3 4111 3807 3808
3 4112 4111 3808
3 3805 4112 3808
3 4108 4112 3805
3 4110 4109 4113
3 4110 4113 4114
3 3809 4113 3806
3 3806 4113 4109
3 4115 3811 4111
3 4111 3811 3807
3 4111 4112 4116
3 4111 4116 4115
3 4119 4118 4117
3 4117 4118 4114
3 4117 4114 4113
3 3814 4117 4113
3 3813 3814 4113
3 3813 4113 3809
3 4120 3816 4115
3 4115 3816 3811
3 4115 4116 4121
3 4115 4121 4120
3 4124 4123 4122
3 4122 4123 4119
3 4117 4122 4119
3 4125 4122 4117
3 3818 4125 3814
3 3814 4125 4117
3 4126 3820 4120
3 4120 3820 3816
3 4120 4121 4127
3 4120 4127 4126
3 4124 4122 4128
3 4124 4128 4129
3 3823 4128 3822
3 4128 4125 3822
3 4128 4122 4125
3 3822 4125 3818
3 4130 3826 4126
3 4126 3826 3820
3 4126 4127 4131
3 4126 4131 4130
3 4134 4133 4132
3 4132 4133 4129
3 4128 4132 4129
3 4135 4132 4128
3 3828 4135 3823
3 3823 4135 4128
3 4136 3830 4130
3 4130 3830 3826
3 4130 4131 4137
3 4130 4137 4136
3 4140 4139 4138
3 4138 4139 4134
3 4132 4138 4134
3 4141 4138 4132
3 3833 4141 3832
3 4141 4135 3832
3 4141 4132 4135
3 3832 4135 3828
3 4136 3836 3830
3 3838 3836 4136
3 4137 3838 4136
3 4142 3838 4137
3 4145 4144 4143
3 3839 3840 4143
3 4144 3839 4143
3 4146 3839 4144
3 4138 3841 4140
3 3841 4146 4140
3 3841 3839 4146
3 3841 4138 3843
3 3843 4138 4141
3 3843 4141 3833
3 4142 3849 3838
3 4147 3849 4142
3 4150 4149 4148
3 3850 3851 4148
3 4149 3850 4148
3 4151 3850 4149
3 4143 3852 4145
3 3852 4151 4145
3 3852 3850 4151
3 3852 4143 3840
3 4153 4152 3857
3 3857 4152 3856
3 3857 3849 4147
3 3857 4147 4153
3 4156 4155 4154
3 4154 4155 4150
3 4154 4150 4148
3 3859 4154 4148
3 3858 3859 4148
3 3858 4148 3851
3 4157 3863 3864
3 4158 4157 3864
3 3856 4158 3864
3 4152 4158 3856
3 4161 4160 4159
3 4159 4160 4156
3 4159 4156 4154
3 3866 4159 4154
3 3865 3866 4154
3 3865 4154 3859
3 4163 4162 3871
3 3871 4162 3870
3 3871 3863 4157
3 4164 3871 4157
3 4163 3871 4164
3 4164 4157 4158
3 4167 4166 4165
3 4165 4166 4161
3 4165 4161 4159
3 3873 4165 4159
3 3872 3873 4159
3 3872 4159 3866
3 4169 4168 3879
3 3879 4168 3878
3 4170 3879 3880
3 4170 4169 3879
3 3880 3870 4162
3 3880 4162 4170
3 4172 4171 3881
3 4172 3881 3882
3 3881 4173 3883
3 4171 4173 3881
3 4165 3884 4167
3 3884 4173 4167
3 3884 3883 4173
3 3884 4165 3873
3 4175 4174 3890
3 3890 4174 3889
3 4176 3890 3891
3 4176 4175 3890
3 4177 3891 3892
3 4177 4176 3891
3 4179 4177 4178
3 4177 3893 4178
3 4177 3892 3893
3 3894 4180 3893
3 3893 4180 4178
3 4180 3894 4181
3 3894 4182 4181
3 3894 3895 4182
3 4184 4182 4183
3 4182 3896 4183
3 4182 3895 3896
3 3897 4185 3896
3 3896 4185 4183
3 3898 4186 3897
3 3897 4186 4185
3 3899 4187 3898
3 3898 4187 4186
3 3901 4187 3899
3 4168 3903 3878
3 4188 3903 4168
3 4190 4189 3907
3 4190 3907 3906
3 3882 3907 4172
3 4172 3907 4189
3 4192 4191 3913
3 3913 4191 3912
3 4193 3913 3914
3 4193 4192 3913
3 3914 3889 4174
3 3914 4174 4193
3 4194 4179 4178
3 4194 4178 4180
3 4194 4180 4195
3 4195 4180 4181
3 4196 4184 4183
3 4198 4197 4196
3 4183 4198 4196
3 4185 4198 4183
3 4186 4200 4199
3 4198 4186 4199
3 4185 4186 4198
3 4200 4186 4187
3 4200 4187 4201
3 4201 4187 3901
3 3915 4201 3901
3 4202 4201 3915
3 4204 4202 4203
3 4202 3916 4203
3 4202 3915 3916
3 3917 4205 3916
3 3916 4205 4203
3 3919 4205 3917
3 4188 3924 3903
3 4206 3924 4188
3 4208 4207 3927
3 4208 3927 3926
3 3906 3927 4190
3 4190 3927 4207
3 4210 4209 3932
3 3932 4209 3931
3 3932 3912 4191
3 3932 4191 4210
3 4197 4198 4211
3 4197 4211 4212
3 4198 4199 4213
3 4214 4198 4213
3 4211 4198 4214
3 4215 4214 4213
3 4216 4204 4203
3 4216 4203 4205
3 4216 4205 4217
3 4217 4205 3919
3 3933 4217 3919
3 4218 4217 3933
3 4220 4218 4219
3 4218 3934 4219
3 4218 3933 3934
3 3935 4221 3934
3 3934 4221 4219
3 3937 4221 3935
3 4224 4223 4222
3 4206 4224 4222
3 3943 4206 4222
3 3924 4206 3943
3 3945 4225 3946
3 4225 4226 3946
3 4226 3926 3946
3 4226 4208 3926
3 4209 3950 3931
3 4227 3950 4209
3 4230 4229 4228
3 4232 4231 4228
3 4232 4228 4229
3 4234 4233 4231
3 4234 4231 4232
3 4236 4235 4233
3 4236 4233 4234
3 4238 4237 4235
3 4238 4235 4236
3 4240 4239 4237
3 4240 4237 4238
3 4239 4240 4212
3 4211 4239 4212
3 4241 4239 4211
3 4242 4211 4214
3 4241 4211 4242
3 4214 4215 4243
3 4244 4214 4243
3 4242 4214 4244
3 4246 4245 4244
3 4246 4244 4243
3 4248 4247 4245
3 4248 4245 4246
3 4249 4247 4248
3 4250 4220 4219
3 4252 4251 4250
3 4219 4252 4250
3 4221 4252 4219
3 3951 4253 3937
3 4253 4221 3937
3 4253 4252 4221
3 3952 4254 3951
3 3951 4254 4253
3 3953 4254 3952
3 4222 4223 4255
3 4255 4223 4256
3 4257 3957 3943
3 4222 4257 3943
3 4255 4257 4222
3 4257 3959 3957
3 3963 4258 4225
3 3963 4225 3945
3 4226 4225 4259
3 4259 4225 4258
3 4261 3965 4260
3 3965 4227 4260
3 3965 3950 4227
3 4263 4262 4261
3 4263 4261 4260
3 4265 4264 4262
3 4265 4262 4263
3 4267 4266 4264
3 4267 4264 4265
3 4266 4267 4230
3 4228 4266 4230
3 4268 4266 4228
3 3968 4268 3967
3 4268 4231 3967
3 4268 4228 4231
3 3967 4231 3970
3 3970 4231 4233
3 3970 4233 3971
3 4233 4269 3971
3 4233 4235 4269
3 4270 4235 4237
3 4269 4235 4270
3 3974 4270 3973
3 4270 4239 3973
3 4270 4237 4239
3 3973 4239 3976
3 3976 4239 4241
3 3976 4241 3978
3 3978 4241 4242
3 3978 4242 3980
3 3980 4242 4244
3 3980 4244 3982
3 3982 4244 4245
3 3982 4245 3983
3 4245 4271 3983
3 4245 4247 4271
3 4247 4249 4272
3 4247 4272 4271
3 4273 4251 4252
3 4275 4274 4273
3 4252 4275 4273
3 4253 4275 4252
3 3986 4275 3985
3 4275 4254 3985
3 4275 4253 4254
3 3985 4254 3953
3 4256 4276 4255
3 4278 4277 4276
3 4277 4255 4276
3 4277 4257 4255
3 4279 3988 3959
3 4257 4279 3959
3 4277 4279 4257
3 4280 3989 3988
3 4280 3988 4279
3 4281 3990 3989
3 4281 3989 4280
3 4282 3991 3990
3 4282 3990 4281
3 4258 3963 3991
3 4282 4258 3991
3 4283 4258 4282
3 4259 4258 4284
3 4284 4258 4283
3 4261 3993 3965
3 3993 4261 3995
3 3995 4261 4262
3 3995 4262 3997
3 3997 4262 4264
3 3997 4264 3998
3 3998 4264 4266
3 3998 4266 3999
3 3999 4266 4268
3 3999 4268 3968
3 4269 4000 3971
3 4000 4269 4001
3 4001 4269 4270
3 4001 4270 3974
3 4285 4002 4271
3 4271 4002 3983
3 4271 4272 4286
3 4271 4286 4285
3 4274 4275 4287
3 4274 4287 4288
3 4004 4287 3986
3 3986 4287 4275
3 4278 4289 4277
3 4277 4289 4279
3 4279 4289 4290
3 4279 4290 4280
3 4280 4290 4291
3 4280 4291 4281
3 4281 4291 4292
3 4294 4293 4292
3 4293 4281 4292
3 4293 4282 4281
3 4282 4295 4283
3 4282 4293 4295
3 4284 4283 4296
3 4296 4283 4295
3 4285 4005 4002
3 4007 4005 4285
3 4286 4007 4285
3 4297 4007 4286
3 4288 4287 4009
3 4010 4288 4009
3 4298 4288 4010
3 4009 4287 4004
3 4294 4299 4293
3 4293 4299 4295
3 4295 4299 4300
3 4295 4300 4296
3 4011 4007 4301
3 4007 4302 4301
3 4007 4297 4302
3 4301 4012 4011
3 4304 4303 4013
3 4304 4013 4014
3 4010 4013 4298
3 4298 4013 4303
3 4301 4302 4305
3 4305 4302 4306
3 4307 4015 4012
3 4301 4307 4012
3 4305 4307 4301
3 4015 4307 4308
3 4309 4015 4308
3 4016 4015 4309
3 4014 4016 4304
3 4304 4016 4309
3 4306 4310 4305
3 4305 4310 4307
3 4307 4310 4311
3 4307 4311 4308
3 4314 4313 4312
3 4316 4315 4312
3 4312 4315 4314
3 4316 4317 4315
3 4312 4313 4018
3 4313 4017 4018
3 4313 4318 4017
3 4312 4018 4019
3 4312 4019 4316
3 4320 4319 4020
3 4020 4319 4019
3 4319 4317 4019
3 4317 4316 4019
3 4320 4321 4319
3 4323 4322 4023
3 4023 4322 4022
3 4023 4017 4318
3 4023 4318 4323
3 4024 4320 4020
3 4024 4026 4320
3 4026 4321 4320
3 4026 4324 4321
3 4326 4325 4028
3 4028 4325 4027
3 4028 4022 4322
3 4028 4322 4326
3 4030 4324 4026
3 4030 4327 4324
3 4328 4031 4032
3 4329 4328 4032
3 4027 4329 4032
3 4325 4329 4027
3 4034 4327 4030
3 4034 4330 4327
3 4331 4037 4038
3 4332 4331 4038
3 4332 4038 4031
3 4333 4332 4031
3 4328 4333 4031
3 4333 4328 4329
3 4335 4334 4039
3 4335 4039 4040
3 4034 4039 4330
3 4330 4039 4334
3 4336 4042 4043
3 4044 4337 4043
3 4043 4337 4336
3 4046 4337 4044
3 4339 4338 4331
3 4338 4037 4331
3 4338 4050 4037
3 4339 4331 4332
3 4052 4335 4040
3 4052 4340 4335
3 4341 4053 4054
3 4055 4342 4054
3 4054 4342 4341
3 4343 4342 4055
3 4343 4055 4042
3 4344 4343 4042
3 4336 4344 4042
3 4344 4336 4337
3 4344 4337 4345
3 4347 4345 4346
3 4346 4345 4056
3 4345 4337 4056
3 4337 4046 4056
3 4057 4348 4056
3 4056 4348 4346
3 4058 4349 4057
3 4057 4349 4348
3 4059 4350 4058
3 4058 4350 4349
3 4060 4351 4059
3 4059 4351 4350
3 4062 4351 4060
3 4352 4063 4064
3 4065 4353 4064
3 4064 4353 4352
3 4354 4353 4065
3 4050 4354 4065
3 4338 4354 4050
3 4356 4355 4066
3 4356 4066 4067
3 4052 4066 4340
3 4340 4066 4355
3 4357 4068 4069
3 4358 4357 4069
3 4358 4069 4053
3 4359 4358 4053
3 4341 4359 4053
3 4359 4341 4342
3 4359 4342 4360
3 4360 4342 4343
3 4361 4347 4346
3 4361 4346 4348
3 4361 4348 4362
3 4362 4348 4349
3 4362 4349 4363
3 4363 4349 4350
3 4363 4350 4364
3 4364 4350 4351
3 4364 4351 4365
3 4365 4351 4062
3 4070 4365 4062
3 4366 4365 4070
3 4366 4070 4063
3 4367 4366 4063
3 4352 4367 4063
3 4366 4367 4368
3 4353 4370 4369
3 4367 4353 4369
3 4352 4353 4367
3 4370 4353 4354
3 4373 4372 4371
3 4375 4374 4371
3 4375 4371 4372
3 4375 4356 4374
3 4356 4071 4374
3 4356 4067 4071
3 4377 4376 4073
3 4073 4376 4072
3 4073 4068 4357
3 4378 4073 4357
3 4377 4073 4378
3 4378 4357 4358
3 4379 4368 4367
3 4379 4367 4369
3 4382 4381 4380
3 4384 4383 4380
3 4384 4380 4381
3 4383 4384 4373
3 4383 4373 4371
3 4076 4383 4371
3 4075 4076 4371
3 4075 4371 4078
3 4078 4371 4374
3 4078 4374 4071
3 4385 4079 4080
3 4386 4385 4080
3 4072 4386 4080
3 4376 4386 4072
3 4382 4380 4387
3 4382 4387 4388
3 4082 4387 4081
3 4387 4383 4081
3 4387 4380 4383
3 4081 4383 4076
3 4390 4389 4385
3 4389 4079 4385
3 4389 4083 4079
3 4390 4385 4386
3 4393 4392 4391
3 4391 4392 4388
3 4391 4388 4387
3 4086 4391 4387
3 4085 4086 4387
3 4085 4387 4082
3 4389 4087 4083
3 4394 4087 4389
3 4393 4391 4395
3 4393 4395 4396
3 4088 4395 4086
3 4086 4395 4391
3 4397 4089 4090
3 4398 4397 4090
3 4087 4398 4090
3 4394 4398 4087
3 4396 4395 4399
3 4396 4399 4400
3 4091 4399 4088
3 4088 4399 4395
3 4402 4401 4397
3 4401 4089 4397
3 4401 4092 4089
3 4402 4397 4398
3 4400 4399 4403
3 4400 4403 4404
3 4093 4403 4091
3 4091 4403 4399
3 4401 4094 4092
3 4405 4094 4401
3 4404 4403 4096
3 4097 4404 4096
3 4406 4404 4097
3 4096 4403 4093
3 4405 4098 4094
3 4407 4098 4405
3 4100 4406 4097
3 4100 4408 4406
3 4407 4101 4098
3 4409 4101 4407
3 4100 4102 4410
3 4411 4100 4410
3 4408 4100 4411
3 4103 4410 4102
3 4409 4104 4101
3 4412 4104 4409
3 4411 4410 4106
3 4107 4411 4106
3 4413 4411 4107
3 4106 4410 4103
3 4412 4108 4104
3 4414 4108 4412
3 4417 4416 4415
3 4416 4413 4415
3 4413 4110 4415
3 4413 4107 4110
3 4414 4112 4108
3 4418 4112 4414
3 4417 4415 4419
3 4417 4419 4420
3 4114 4419 4110
3 4110 4419 4415
3 4418 4116 4112
3 4421 4116 4418
3 4424 4423 4422
3 4422 4423 4420
3 4422 4420 4419
3 4119 4422 4419
3 4118 4119 4419
3 4118 4419 4114
3 4426 4121 4425
3 4121 4421 4425
3 4121 4116 4421
3 4427 4426 4425
3 4430 4429 4428
3 4428 4429 4424
3 4428 4424 4422
3 4124 4428 4422
3 4123 4124 4422
3 4123 4422 4119
3 4431 4127 4426
3 4426 4127 4121
3 4426 4427 4432
3 4426 4432 4431
3 4430 4428 4433
3 4430 4433 4434
3 4129 4433 4124
3 4124 4433 4428
3 4435 4131 4431
3 4431 4131 4127
3 4431 4432 4436
3 4431 4436 4435
3 4439 4438 4437
3 4437 4438 4434
3 4437 4434 4433
3 4134 4437 4433
3 4133 4134 4433
3 4133 4433 4129
3 4440 4137 4435
3 4435 4137 4131
3 4435 4436 4441
3 4435 4441 4440
3 4444 4443 4442
3 4446 4445 4442
3 4446 4442 4443
3 4445 4446 4439
3 4445 4439 4437
3 4140 4445 4437
3 4139 4140 4437
3 4139 4437 4134
3 4448 4447 4440
3 4447 4137 4440
3 4447 4142 4137
3 4448 4440 4441
3 4451 4450 4449
3 4449 4450 4444
3 4449 4444 4442
3 4145 4449 4442
3 4144 4145 4442
3 4144 4442 4146
3 4146 4442 4445
3 4146 4445 4140
3 4447 4147 4142
3 4452 4147 4447
3 4455 4454 4453
3 4149 4150 4453
3 4454 4149 4453
3 4456 4149 4454
3 4449 4151 4451
3 4151 4456 4451
3 4151 4149 4456
3 4151 4449 4145
3 4457 4152 4153
3 4458 4457 4153
3 4147 4458 4153
3 4452 4458 4147
3 4461 4460 4459
3 4459 4460 4455
3 4459 4455 4453
3 4156 4459 4453
3 4155 4156 4453
3 4155 4453 4150
3 4463 4462 4457
3 4462 4152 4457
3 4462 4158 4152
3 4463 4457 4458
3 4461 4459 4160
3 4161 4461 4160
3 4464 4461 4161
3 4160 4459 4156
3 4465 4162 4163
3 4465 4163 4466
3 4163 4467 4466
3 4163 4164 4467
3 4164 4158 4462
3 4164 4462 4467
3 4470 4469 4468
3 4472 4471 4468
3 4472 4468 4469
3 4166 4167 4471
3 4472 4166 4471
3 4473 4166 4472
3 4161 4166 4464
3 4464 4166 4473
3 4474 4168 4169
3 4474 4169 4475
3 4169 4476 4475
3 4169 4170 4476
3 4170 4162 4465
3 4477 4170 4465
3 4476 4170 4477
3 4477 4465 4466
3 4470 4468 4171
3 4172 4470 4171
3 4478 4470 4172
3 4171 4468 4173
3 4173 4468 4471
3 4173 4471 4167
3 4479 4174 4175
3 4176 4480 4175
3 4175 4480 4479
3 4177 4481 4176
3 4176 4481 4480
3 4179 4481 4177
3 4482 4181 4182
3 4184 4482 4182
3 4484 4483 4474
3 4483 4168 4474
3 4483 4188 4168
3 4484 4474 4475
3 4486 4485 4189
3 4486 4189 4190
3 4172 4189 4478
3 4478 4189 4485
3 4487 4191 4192
3 4193 4488 4192
3 4192 4488 4487
3 4174 4479 4193
3 4479 4488 4193
3 4479 4489 4488
3 4490 4479 4480
3 4489 4479 4490
3 4491 4480 4481
3 4490 4480 4491
3 4194 4492 4179
3 4492 4481 4179
3 4492 4491 4481
3 4195 4493 4194
3 4194 4493 4492
3 4181 4482 4195
3 4482 4493 4195
3 4482 4494 4493
3 4196 4495 4184
3 4495 4482 4184
3 4495 4494 4482
3 4197 4495 4196
3 4496 4199 4200
3 4201 4497 4200
3 4200 4497 4496
3 4202 4498 4201
3 4201 4498 4497
3 4204 4498 4202
3 4483 4206 4188
3 4499 4206 4483
3 4501 4500 4207
3 4501 4207 4208
3 4190 4207 4486
3 4486 4207 4500
3 4502 4209 4210
3 4191 4487 4210
3 4487 4502 4210
3 4487 4503 4502
3 4504 4487 4488
3 4503 4487 4504
3 4505 4488 4489
3 4504 4488 4505
3 4506 4489 4490
3 4505 4489 4506
3 4507 4490 4491
3 4506 4490 4507
3 4508 4491 4492
3 4507 4491 4508
3 4509 4492 4493
3 4508 4492 4509
3 4510 4493 4494
3 4509 4493 4510
3 4511 4494 4495
3 4510 4494 4511
3 4212 4511 4197
3 4197 4511 4495
3 4496 4213 4199
3 4213 4496 4215
3 4496 4512 4215
3 4496 4497 4512
3 4513 4497 4498
3 4512 4497 4513
3 4216 4514 4204
3 4514 4498 4204
3 4514 4513 4498
3 4217 4515 4216
3 4216 4515 4514
3 4218 4516 4217
3 4217 4516 4515
3 4220 4516 4218
3 4518 4517 4224
3 4224 4517 4223
3 4224 4206 4499
3 4224 4499 4518
3 4226 4501 4208
3 4226 4519 4501
3 4520 4227 4502
3 4502 4227 4209
3 4521 4502 4503
3 4520 4502 4521
3 4522 4503 4504
3 4521 4503 4522
3 4523 4504 4505
3 4522 4504 4523
3 4230 4523 4229
3 4523 4506 4229
3 4523 4505 4506
3 4229 4506 4232
3 4232 4506 4507
3 4232 4507 4234
3 4234 4507 4508
3 4234 4508 4236
3 4236 4508 4509
3 4236 4509 4238
3 4238 4509 4510
3 4238 4510 4240
3 4240 4510 4511
3 4240 4511 4212
3 4512 4243 4215
3 4243 4512 4246
3 4246 4512 4513
3 4246 4513 4248
3 4248 4513 4514
3 4248 4514 4249
3 4514 4524 4249
3 4514 4515 4524
3 4525 4515 4516
3 4524 4515 4525
3 4250 4526 4220
3 4526 4516 4220
3 4526 4525 4516
3 4251 4526 4250
3 4517 4256 4223
3 4527 4256 4517
3 4259 4519 4226
3 4259 4528 4519
3 4520 4260 4227
3 4260 4520 4263
3 4263 4520 4521
3 4263 4521 4265
3 4265 4521 4522
3 4265 4522 4267
3 4267 4522 4523
3 4267 4523 4230
3 4529 4272 4524
3 4524 4272 4249
3 4530 4524 4525
3 4529 4524 4530
3 4531 4525 4526
3 4530 4525 4531
3 4273 4532 4251
3 4532 4526 4251
3 4532 4531 4526
3 4274 4532 4273
3 4276 4256 4533
3 4256 4534 4533
3 4256 4527 4534
3 4533 4278 4276
3 4284 4536 4535
3 4528 4284 4535
3 4259 4284 4528
3 4536 4537 4535
3 4538 4286 4529
3 4529 4286 4272
3 4530 4540 4539
3 4538 4530 4539
3 4529 4530 4538
3 4540 4530 4531
3 4540 4531 4541
3 4543 4542 4541
3 4531 4543 4541
3 4532 4543 4531
3 4288 4543 4274
3 4274 4543 4532
3 4533 4534 4544
3 4544 4534 4545
3 4546 4289 4278
3 4533 4546 4278
3 4544 4546 4533
3 4547 4290 4289
3 4547 4289 4546
3 4548 4291 4290
3 4548 4290 4547
3 4549 4292 4291
3 4549 4291 4548
3 4549 4294 4292
3 4551 4550 4536
3 4284 4551 4536
3 4296 4551 4284
3 4536 4550 4537
3 4552 4297 4538
3 4538 4297 4286
3 4538 4539 4553
3 4538 4553 4552
3 4542 4543 4554
3 4542 4554 4555
3 4298 4554 4288
3 4288 4554 4543
3 4544 4545 4556
3 4556 4545 4557
3 4544 4558 4546
3 4544 4556 4558
3 4546 4559 4547
3 4546 4558 4559
3 4547 4560 4548
3 4547 4559 4560
3 4548 4561 4549
3 4548 4560 4561
3 4562 4299 4294
3 4549 4562 4294
3 4561 4562 4549
3 4563 4300 4299
3 4563 4299 4562
3 4563 4564 4300
3 4564 4296 4300
3 4564 4551 4296
3 4566 4565 4552
3 4565 4297 4552
3 4565 4302 4297
3 4566 4552 4553
3 4569 4568 4567
3 4567 4568 4555
3 4567 4555 4554
3 4304 4567 4554
3 4303 4304 4554
3 4303 4554 4298
3 4556 4557 4570
3 4570 4557 4571
3 4573 4558 4572
3 4558 4570 4572
3 4558 4556 4570
3 4558 4573 4559
3 4559 4573 4574
3 4559 4574 4560
3 4560 4574 4575
3 4560 4575 4561
3 4561 4575 4576
3 4578 4577 4576
3 4577 4561 4576
3 4577 4562 4561
3 4580 4563 4579
3 4563 4577 4579
3 4563 4562 4577
3 4563 4580 4564
3 4565 4306 4302
3 4581 4306 4565
3 4569 4567 4309
3 4308 4569 4309
3 4582 4569 4308
3 4309 4567 4304
3 4571 4583 4570
3 4570 4583 4572
3 4578 4584 4577
3 4577 4584 4579
3 4581 4585 4306
3 4306 4585 4310
3 4310 4586 4311
3 4585 4586 4310
3 4308 4311 4582
3 4582 4311 4586
3 4588 4587 4314
3 4314 4587 4313
3 4589 4314 4315
3 4589 4588 4314
3 4315 4317 4589
3 4589 4317 4590
3 4587 4318 4313
3 4591 4318 4587
3 4592 4590 4317
3 4592 4317 4319
3 4319 4321 4592
3 4592 4321 4593
3 4595 4594 4323
3 4323 4594 4322
3 4323 4318 4591
3 4323 4591 4595
3 4324 4593 4321
3 4324 4596 4593
3 4597 4325 4326
3 4598 4597 4326
3 4322 4598 4326
3 4594 4598 4322
3 4327 4596 4324
3 4327 4599 4596
3 4601 4600 4597
3 4600 4325 4597
3 4600 4329 4325
3 4601 4597 4598
3 4330 4599 4327
3 4330 4602 4599
3 4603 4332 4333
3 4604 4603 4333
3 4329 4604 4333
3 4600 4604 4329
3 4606 4605 4334
3 4606 4334 4335
3 4330 4334 4602
3 4602 4334 4605
3 4607 4338 4339
3 4332 4603 4339
3 4603 4607 4339
3 4603 4608 4607
3 4603 4604 4609
3 4603 4609 4608
3 4612 4611 4610
3 4611 4606 4610
3 4606 4340 4610
3 4606 4335 4340
3 4613 4343 4344
3 4345 4614 4344
3 4344 4614 4613
3 4347 4614 4345
3 4615 4354 4607
3 4607 4354 4338
3 4616 4607 4608
3 4615 4607 4616
3 4608 4609 4617
3 4618 4608 4617
3 4616 4608 4618
3 4620 4619 4618
3 4620 4618 4617
3 4622 4621 4619
3 4622 4619 4620
3 4621 4622 4612
3 4621 4612 4610
3 4356 4621 4610
3 4355 4356 4610
3 4355 4610 4340
3 4623 4358 4359
3 4623 4359 4624
3 4359 4625 4624
3 4359 4360 4625
3 4360 4343 4613
3 4626 4360 4613
3 4625 4360 4626
3 4626 4613 4614
3 4626 4614 4627
3 4627 4614 4347
3 4361 4627 4347
3 4628 4627 4361
3 4630 4628 4629
3 4628 4362 4629
3 4628 4361 4362
3 4629 4362 4631
3 4362 4632 4631
3 4362 4363 4632
3 4634 4632 4633
3 4632 4364 4633
3 4632 4363 4364
3 4365 4635 4364
3 4364 4635 4633
3 4366 4636 4365
3 4365 4636 4635
3 4368 4636 4366
3 4637 4369 4370
3 4354 4615 4370
3 4615 4637 4370
3 4615 4638 4637
3 4639 4615 4616
3 4638 4615 4639
3 4640 4616 4618
3 4639 4616 4640
3 4373 4640 4372
3 4640 4619 4372
3 4640 4618 4619
3 4372 4619 4375
3 4375 4619 4621
3 4375 4621 4356
3 4641 4376 4377
3 4641 4377 4642
3 4377 4643 4642
3 4377 4378 4643
3 4378 4358 4623
3 4644 4378 4623
3 4643 4378 4644
3 4644 4623 4624
3 4645 4630 4629
3 4645 4629 4631
3 4646 4634 4633
3 4646 4633 4635
3 4646 4635 4647
3 4649 4648 4647
3 4635 4649 4647
3 4636 4649 4635
3 4379 4650 4368
3 4650 4636 4368
3 4650 4649 4636
3 4369 4637 4379
3 4637 4650 4379
3 4637 4651 4650
3 4652 4637 4638
3 4651 4637 4652
3 4382 4652 4381
3 4652 4639 4381
3 4652 4638 4639
3 4381 4639 4384
3 4384 4639 4640
3 4384 4640 4373
3 4654 4653 4641
3 4653 4376 4641
3 4653 4386 4376
3 4654 4641 4642
3 4655 4648 4649
3 4655 4649 4650
3 4655 4650 4656
3 4658 4657 4656
3 4650 4658 4656
3 4651 4658 4650
3 4659 4651 4652
3 4658 4651 4659
3 4388 4659 4382
3 4382 4659 4652
3 4660 4389 4390
3 4661 4660 4390
3 4386 4661 4390
3 4653 4661 4386
3 4657 4658 4662
3 4657 4662 4663
3 4393 4662 4392
3 4662 4659 4392
3 4662 4658 4659
3 4392 4659 4388
3 4665 4664 4660
3 4664 4389 4660
3 4664 4394 4389
3 4665 4660 4661
3 4663 4662 4666
3 4663 4666 4667
3 4396 4666 4393
3 4393 4666 4662
3 4664 4398 4394
3 4668 4398 4664
3 4667 4666 4669
3 4667 4669 4670
3 4400 4669 4396
3 4396 4669 4666
3 4671 4401 4402
3 4672 4671 4402
3 4398 4672 4402
3 4668 4672 4398
3 4670 4669 4673
3 4670 4673 4674
3 4404 4673 4400
3 4400 4673 4669
3 4676 4675 4671
3 4675 4401 4671
3 4675 4405 4401
3 4676 4671 4672
3 4674 4673 4677
3 4674 4677 4678
3 4406 4677 4404
3 4404 4677 4673
3 4675 4407 4405
3 4679 4407 4675
3 4678 4677 4680
3 4678 4680 4681
3 4408 4680 4406
3 4406 4680 4677
3 4679 4409 4407
3 4682 4409 4679
3 4681 4680 4683
3 4681 4683 4684
3 4411 4683 4408
3 4408 4683 4680
3 4686 4412 4685
3 4412 4682 4685
3 4412 4409 4682
3 4687 4686 4685
3 4690 4689 4688
3 4688 4689 4684
3 4683 4688 4684
3 4691 4688 4683
3 4413 4691 4411
3 4411 4691 4683
3 4692 4414 4686
3 4686 4414 4412
3 4686 4687 4693
3 4686 4693 4692
3 4690 4688 4694
3 4690 4694 4695
3 4417 4694 4416
3 4694 4691 4416
3 4694 4688 4691
3 4416 4691 4413
3 4696 4418 4692
3 4692 4418 4414
3 4692 4693 4697
3 4692 4697 4696
3 4695 4694 4698
3 4695 4698 4699
3 4420 4698 4417
3 4417 4698 4694
3 4700 4421 4696
3 4696 4421 4418
3 4696 4697 4701
3 4696 4701 4700
3 4704 4703 4702
3 4702 4703 4699
3 4702 4699 4698
3 4424 4702 4698
3 4423 4424 4698
3 4423 4698 4420
3 4700 4425 4421
3 4427 4425 4700
3 4701 4427 4700
3 4705 4427 4701
3 4704 4702 4429
3 4430 4704 4429
3 4706 4704 4430
3 4429 4702 4424
3 4708 4432 4707
3 4432 4705 4707
3 4432 4427 4705
3 4709 4708 4707
3 4712 4711 4710
3 4711 4706 4710
3 4706 4434 4710
3 4706 4430 4434
3 4713 4436 4708
3 4708 4436 4432
3 4708 4709 4714
3 4708 4714 4713
3 4717 4716 4715
3 4715 4716 4712
3 4715 4712 4710
3 4439 4715 4710
3 4438 4439 4710
3 4438 4710 4434
3 4718 4441 4713
3 4713 4441 4436
3 4713 4714 4719
3 4713 4719 4718
3 4722 4721 4720
3 4443 4444 4720
3 4721 4443 4720
3 4723 4443 4721
3 4715 4446 4717
3 4446 4723 4717
3 4446 4443 4723
3 4446 4715 4439
3 4724 4447 4448
3 4725 4724 4448
3 4725 4448 4441
3 4726 4725 4441
3 4718 4726 4441
3 4726 4718 4719
3 4729 4728 4727
3 4731 4730 4727
3 4731 4727 4728
3 4730 4731 4722
3 4730 4722 4720
3 4451 4730 4720
3 4450 4451 4720
3 4450 4720 4444
3 4732 4452 4724
3 4724 4452 4447
3 4724 4725 4733
3 4724 4733 4732
3 4736 4735 4734
3 4734 4735 4729
3 4734 4729 4727
3 4455 4734 4727
3 4454 4455 4727
3 4454 4727 4456
3 4456 4727 4730
3 4456 4730 4451
3 4738 4737 4732
3 4737 4452 4732
3 4737 4458 4452
3 4738 4732 4733
3 4736 4734 4460
3 4461 4736 4460
3 4739 4736 4461
3 4460 4734 4455
3 4740 4462 4463
3 4741 4740 4463
3 4458 4741 4463
3 4737 4741 4458
3 4744 4743 4742
3 4746 4745 4742
3 4746 4742 4743
3 4748 4747 4745
3 4748 4745 4746
3 4748 4739 4747
3 4739 4464 4747
3 4739 4461 4464
3 4749 4466 4467
3 4750 4749 4467
3 4750 4467 4462
3 4751 4750 4462
3 4740 4751 4462
3 4751 4740 4741
3 4754 4753 4752
3 4752 4753 4744
3 4752 4744 4742
3 4470 4752 4742
3 4469 4470 4742
3 4469 4742 4472
3 4472 4742 4745
3 4472 4745 4473
3 4473 4745 4747
3 4473 4747 4464
3 4755 4475 4476
3 4477 4756 4476
3 4476 4756 4755
3 4757 4756 4477
3 4757 4477 4466
3 4758 4757 4466
3 4749 4758 4466
3 4758 4749 4750
3 4761 4760 4759
3 4759 4760 4754
3 4752 4759 4754
3 4762 4759 4752
3 4478 4762 4470
3 4470 4762 4752
3 4763 4483 4484
3 4475 4755 4484
3 4755 4763 4484
3 4755 4764 4763
3 4756 4766 4765
3 4764 4756 4765
3 4755 4756 4764
3 4766 4756 4757
3 4761 4759 4767
3 4761 4767 4768
3 4486 4767 4485
3 4767 4762 4485
3 4767 4759 4762
3 4485 4762 4478
3 4770 4769 4763
3 4769 4483 4763
3 4769 4499 4483
3 4770 4763 4764
3 4770 4764 4771
3 4771 4764 4765
3 4768 4767 4500
3 4501 4768 4500
3 4772 4768 4501
3 4500 4767 4486
3 4774 4773 4518
3 4518 4773 4517
3 4518 4499 4769
3 4518 4769 4774
3 4519 4772 4501
3 4519 4775 4772
3 4778 4777 4776
3 4773 4778 4776
3 4527 4773 4776
3 4517 4773 4527
3 4528 4775 4519
3 4528 4779 4775
3 4776 4777 4780
3 4780 4777 4781
3 4780 4534 4527
3 4780 4527 4776
3 4782 4779 4528
3 4782 4528 4535
3 4535 4537 4782
3 4782 4537 4783
3 4784 4539 4540
3 4541 4785 4540
3 4540 4785 4784
3 4542 4785 4541
3 4780 4781 4786
3 4786 4781 4787
3 4786 4545 4534
3 4786 4534 4780
3 4551 4788 4550
3 4788 4789 4550
3 4789 4537 4550
3 4789 4783 4537
3 4790 4553 4784
3 4784 4553 4539
3 4791 4784 4785
3 4790 4784 4791
3 4555 4791 4542
3 4542 4791 4785
3 4786 4787 4792
3 4792 4787 4793
3 4792 4557 4545
3 4792 4545 4786
3 4795 4794 4788
3 4551 4795 4788
3 4564 4795 4551
3 4788 4794 4789
3 4797 4796 4566
3 4566 4796 4565
3 4566 4553 4790
3 4798 4566 4790
3 4797 4566 4798
3 4569 4799 4568
3 4799 4790 4568
3 4790 4791 4568
3 4799 4798 4790
3 4568 4791 4555
3 4792 4793 4800
3 4800 4793 4801
3 4800 4571 4557
3 4800 4557 4792
3 4572 4802 4573
3 4803 4574 4573
3 4803 4573 4802
3 4804 4575 4574
3 4804 4574 4803
3 4805 4576 4575
3 4805 4575 4804
3 4805 4578 4576
3 4579 4806 4580
3 4806 4807 4580
3 4807 4564 4580
3 4807 4795 4564
3 4796 4581 4565
3 4808 4581 4796
3 4811 4810 4809
3 4810 4799 4809
3 4799 4582 4809
3 4799 4569 4582
3 4801 4812 4800
3 4800 4812 4571
3 4812 4583 4571
3 4812 4813 4583
3 4572 4583 4802
3 4583 4814 4802
3 4583 4813 4814
3 4802 4814 4803
3 4803 4814 4815
3 4803 4815 4804
3 4804 4815 4816
3 4804 4816 4805
3 4805 4816 4817
3 4817 4819 4818
3 4817 4818 4584
3 4805 4817 4584
3 4578 4805 4584
3 4818 4820 4584
3 4584 4820 4579
3 4820 4821 4579
3 4821 4806 4579
3 4806 4821 4807
3 4824 4823 4822
3 4822 4825 4585
3 4808 4822 4585
3 4581 4808 4585
3 4822 4808 4824
3 4826 4811 4809
3 4585 4826 4809
3 4586 4585 4809
3 4826 4585 4825
3 4586 4809 4582
3 4819 4827 4818
3 4818 4827 4820
3 4823 4828 4822
3 4822 4828 4825
3 4825 4828 4829
3 4825 4829 4826
3 4830 4587 4588
3 4830 4588 4831
3 4588 4832 4831
3 4588 4589 4832
3 4589 4590 4832
3 4832 4590 4833
3 4835 4834 4830
3 4834 4587 4830
3 4834 4591 4587
3 4835 4830 4831
3 4590 4592 4836
3 4837 4590 4836
3 4833 4590 4837
3 4593 4836 4592
3 4838 4594 4595
3 4839 4838 4595
3 4591 4839 4595
3 4834 4839 4591
3 4840 4837 4836
3 4836 4593 4840
3 4593 4841 4840
3 4593 4596 4841
3 4842 4598 4838
3 4838 4598 4594
3 4838 4839 4843
3 4838 4843 4842
3 4599 4841 4596
3 4599 4844 4841
3 4845 4600 4601
3 4846 4845 4601
3 4846 4601 4598
3 4847 4846 4598
3 4842 4847 4598
3 4847 4842 4843
3 4602 4844 4599
3 4602 4848 4844
3 4849 4604 4845
3 4845 4604 4600
3 4845 4846 4850
3 4845 4850 4849
3 4853 4852 4851
3 4605 4606 4851
3 4852 4605 4851
3 4854 4605 4852
3 4602 4605 4848
3 4848 4605 4854
3 4855 4609 4849
3 4849 4609 4604
3 4849 4850 4856
3 4857 4849 4856
3 4855 4849 4857
3 4859 4858 4857
3 4859 4857 4856
3 4858 4859 4853
3 4858 4853 4851
3 4612 4858 4851
3 4611 4612 4851
3 4611 4851 4606
3 4855 4617 4609
3 4617 4855 4620
3 4620 4855 4857
3 4620 4857 4622
3 4622 4857 4858
3 4622 4858 4612
3 4860 4624 4625
3 4626 4861 4625
3 4625 4861 4860
3 4627 4862 4626
3 4626 4862 4861
3 4628 4863 4627
3 4627 4863 4862
3 4630 4863 4628
3 4864 4631 4632
3 4634 4864 4632
3 4865 4642 4643
3 4644 4866 4643
3 4643 4866 4865
3 4624 4860 4644
3 4860 4866 4644
3 4860 4867 4866
3 4868 4860 4861
3 4867 4860 4868
3 4862 4870 4869
3 4868 4862 4869
3 4861 4862 4868
3 4870 4862 4863
3 4870 4863 4871
3 4873 4871 4872
3 4872 4871 4645
3 4871 4863 4645
3 4863 4630 4645
3 4874 4872 4645
3 4874 4645 4631
3 4875 4874 4631
3 4864 4875 4631
3 4877 4875 4876
3 4876 4875 4646
3 4875 4864 4646
3 4864 4634 4646
3 4647 4878 4646
3 4646 4878 4876
3 4648 4878 4647
3 4879 4653 4654
3 4880 4879 4654
3 4880 4654 4642
3 4881 4880 4642
3 4865 4881 4642
3 4881 4865 4866
3 4881 4866 4882
3 4882 4866 4867
3 4882 4867 4883
3 4883 4867 4868
3 4883 4868 4884
3 4884 4868 4869
3 4885 4873 4872
3 4885 4872 4874
3 4886 4877 4876
3 4886 4876 4878
3 4886 4878 4887
3 4889 4887 4888
3 4888 4887 4655
3 4887 4878 4655
3 4878 4648 4655
3 4656 4890 4655
3 4655 4890 4888
3 4657 4890 4656
3 4892 4891 4879
3 4891 4653 4879
3 4891 4661 4653
3 4892 4879 4880
3 4893 4889 4888
3 4895 4894 4893
3 4888 4895 4893
3 4890 4895 4888
3 4663 4895 4657
3 4657 4895 4890
3 4896 4664 4665
3 4897 4896 4665
3 4661 4897 4665
3 4891 4897 4661
3 4898 4894 4895
3 4895 4663 4898
3 4663 4899 4898
3 4663 4667 4899
3 4901 4900 4896
3 4900 4664 4896
3 4900 4668 4664
3 4901 4896 4897
3 4670 4899 4667
3 4670 4902 4899
3 4900 4672 4668
3 4903 4672 4900
3 4674 4902 4670
3 4674 4904 4902
3 4905 4675 4676
3 4906 4905 4676
3 4672 4906 4676
3 4903 4906 4672
3 4678 4904 4674
3 4678 4907 4904
3 4908 4679 4905
3 4905 4679 4675
3 4905 4906 4909
3 4905 4909 4908
3 4912 4911 4910
3 4911 4907 4910
3 4907 4681 4910
3 4907 4678 4681
3 4913 4682 4908
3 4908 4682 4679
3 4908 4909 4914
3 4908 4914 4913
3 4912 4910 4915
3 4912 4915 4916
3 4684 4915 4681
3 4681 4915 4910
3 4913 4685 4682
3 4687 4685 4913
3 4914 4687 4913
3 4917 4687 4914
3 4920 4919 4918
3 4918 4919 4916
3 4918 4916 4915
3 4690 4918 4915
3 4689 4690 4915
3 4689 4915 4684
3 4922 4693 4921
3 4693 4917 4921
3 4693 4687 4917
3 4923 4922 4921
3 4926 4925 4924
3 4928 4927 4924
3 4928 4924 4925
3 4929 4927 4928
3 4920 4918 4930
3 4920 4930 4931
3 4695 4930 4690
3 4690 4930 4918
3 4932 4697 4922
3 4922 4697 4693
3 4922 4923 4933
3 4922 4933 4932
3 4936 4935 4934
3 4934 4935 4926
3 4924 4934 4926
3 4937 4934 4924
3 4938 4924 4927
3 4937 4924 4938
3 4927 4929 4939
3 4940 4927 4939
3 4938 4927 4940
3 4940 4939 4931
3 4930 4940 4931
3 4941 4940 4930
3 4699 4941 4695
3 4695 4941 4930
3 4942 4701 4932
3 4932 4701 4697
3 4932 4933 4943
3 4932 4943 4942
3 4944 4936 4934
3 4944 4934 4937
3 4944 4937 4945
3 4945 4937 4938
3 4945 4938 4946
3 4948 4947 4946
3 4938 4948 4946
3 4940 4948 4938
3 4704 4948 4703
3 4948 4941 4703
3 4948 4940 4941
3 4703 4941 4699
3 4949 4705 4942
3 4942 4705 4701
3 4942 4943 4950
3 4951 4942 4950
3 4949 4942 4951
3 4952 4951 4950
3 4947 4948 4953
3 4947 4953 4954
3 4706 4953 4704
3 4704 4953 4948
3 4949 4707 4705
3 4707 4949 4709
3 4949 4955 4709
3 4949 4951 4955
3 4951 4952 4956
3 4951 4956 4955
3 4959 4958 4957
3 4961 4960 4957
3 4961 4957 4958
3 4960 4961 4954
3 4960 4954 4953
3 4712 4960 4953
3 4711 4712 4953
3 4711 4953 4706
3 4962 4714 4955
3 4955 4714 4709
3 4955 4956 4963
3 4955 4963 4962
3 4966 4965 4964
3 4964 4965 4959
3 4957 4964 4959
3 4967 4964 4957
3 4717 4967 4716
3 4967 4960 4716
3 4967 4957 4960
3 4716 4960 4712
3 4968 4719 4962
3 4962 4719 4714
3 4962 4963 4969
3 4962 4969 4968
3 4972 4971 4970
3 4974 4973 4970
3 4974 4970 4971
3 4976 4975 4973
3 4976 4973 4974
3 4975 4976 4966
3 4975 4966 4964
3 4722 4975 4964
3 4721 4722 4964
3 4721 4964 4723
3 4723 4964 4967
3 4723 4967 4717
3 4977 4725 4726
3 4719 4968 4726
3 4968 4977 4726
3 4968 4978 4977
3 4968 4969 4979
3 4980 4968 4979
3 4978 4968 4980
3 4981 4980 4979
3 4972 4970 4982
3 4972 4982 4983
3 4729 4982 4728
3 4982 4973 4728
3 4982 4970 4973
3 4728 4973 4731
3 4731 4973 4975
3 4731 4975 4722
3 4984 4733 4977
3 4977 4733 4725
3 4985 4977 4978
3 4984 4977 4985
3 4986 4978 4980
3 4985 4978 4986
3 4980 4981 4987
3 4988 4980 4987
3 4986 4980 4988
3 4990 4989 4988
3 4990 4988 4987
3 4989 4990 4983
3 4989 4983 4982
3 4736 4989 4982
3 4735 4736 4982
3 4735 4982 4729
3 4991 4737 4738
3 4733 4984 4738
3 4984 4991 4738
3 4984 4992 4991
3 4993 4984 4985
3 4992 4984 4993
3 4994 4985 4986
3 4993 4985 4994
3 4995 4986 4988
3 4994 4986 4995
3 4996 4988 4989
3 4995 4988 4996
3 4739 4996 4736
3 4736 4996 4989
3 4997 4741 4991
3 4991 4741 4737
3 4998 4991 4992
3 4997 4991 4998
3 4999 4992 4993
3 4998 4992 4999
3 4744 4999 4743
3 4999 4994 4743
3 4999 4993 4994
3 4743 4994 4746
3 4746 4994 4995
3 4746 4995 4748
3 4748 4995 4996
3 4748 4996 4739
3 5000 4750 4751
3 4741 4997 4751
3 4997 5000 4751
3 4997 5001 5000
3 5002 4997 4998
3 5001 4997 5002
3 4754 5002 4753
3 5002 4999 4753
3 5002 4998 4999
3 4753 4999 4744
3 5003 4757 4758
3 4750 5000 4758
3 5000 5003 4758
3 5000 5004 5003
3 5005 5000 5001
3 5004 5000 5005
3 4761 5005 4760
3 5005 5002 4760
3 5005 5001 5002
3 4760 5002 4754
3 5006 4765 4766
3 5007 5006 4766
3 5007 4766 4757
3 5008 5007 4757
3 5003 5008 4757
3 5008 5003 5004
3 5008 5004 5009
3 5011 5010 5009
3 5004 5011 5009
3 5005 5011 5004
3 4768 5011 4761
3 4761 5011 5005
3 5012 4769 4770
3 5012 4770 5013
3 4770 5014 5013
3 4770 4771 5014
3 4771 4765 5006
3 5015 4771 5006
3 5014 4771 5015
3 5015 5006 5007
3 5010 5011 5016
3 5010 5016 5017
3 4772 5016 4768
3 4768 5016 5011
3 5019 5018 4774
3 4774 5018 4773
3 4774 4769 5012
3 5020 4774 5012
3 5019 4774 5020
3 5020 5012 5013
3 5021 5017 5016
3 5016 4772 5021
3 4772 5022 5021
3 4772 4775 5022
3 5024 5023 4778
3 4778 5023 4777
3 4778 4773 5018
3 4778 5018 5024
3 4779 5022 4775
3 4779 5025 5022
3 5023 4781 4777
3 5026 4781 5023
3 5027 5025 4779
3 5027 4779 4782
3 4782 4783 5027
3 5027 4783 5028
3 5026 4787 4781
3 5029 4787 5026
3 5032 5031 5030
3 5031 5028 5030
3 5028 4789 5030
3 5028 4783 4789
3 5035 5034 5033
3 5029 5035 5033
3 4793 5029 5033
3 4787 5029 4793
3 5032 5030 4794
3 4795 5032 4794
3 5036 5032 4795
3 4794 5030 4789
3 5037 4796 4797
3 4798 5038 4797
3 4797 5038 5037
3 4799 5038 4798
3 5034 5039 5033
3 4793 5033 5039
3 5040 4793 5039
3 4801 4793 5040
3 4807 5036 4795
3 4807 5041 5036
3 5043 5042 5037
3 5042 4796 5037
3 5042 4808 4796
3 4811 5044 4810
3 5044 5037 4810
3 5037 5038 4810
3 5044 5043 5037
3 4810 5038 4799
3 4812 4801 5045
3 4801 5046 5045
3 4801 5040 5046
3 5047 4813 4812
3 5047 4812 5045
3 4813 5047 5048
3 5049 4813 5048
3 4814 4813 5049
3 4814 5050 4815
3 5049 5050 4814
3 4815 5051 4816
3 5050 5051 4815
3 5051 5053 5052
3 4817 5051 5052
3 4816 5051 4817
3 5052 4819 4817
3 5055 5054 4821
3 5055 4821 4820
3 4807 4821 5041
3 5041 4821 5054
3 5057 5056 4824
3 4824 5056 4823
3 4824 4808 5042
3 4824 5042 5057
3 4826 5044 4811
3 4826 5058 5044
3 5046 5059 5045
3 5045 5059 5047
3 5047 5059 5060
3 5047 5060 5048
3 5053 5061 5052
3 5061 5063 5062
3 5061 5062 4827
3 5052 5061 4827
3 4819 5052 4827
3 5062 5064 4827
3 5064 4820 4827
3 5064 5055 4820
3 4828 4823 5065
3 4823 5066 5065
3 4823 5056 5066
3 4828 5065 5067
3 5068 4828 5067
3 4829 4828 5068
3 4826 4829 5058
3 5058 4829 5068
3 5063 5069 5062
3 5062 5069 5064
3 5072 5071 5070
3 5074 5073 5070
3 5073 5065 5070
3 5066 5072 5070
3 5066 5070 5065
3 5065 5073 5067
3 5071 5075 5070
3 5070 5075 5074
3 5078 5077 5076
3 5076 5079 5078
3 5077 5080 5076
3 5076 5080 5079
3 5081 4831 4832
3 4833 5081 4832
3 5082 4834 4835
3 4831 5081 4835
3 5081 5082 4835
3 5081 5083 5082
3 4837 5083 4833
3 4833 5083 5081
3 5084 4839 5082
3 5082 4839 4834
3 5083 5086 5085
3 5084 5083 5085
3 5082 5083 5084
3 5086 5083 4837
3 4840 5086 4837
3 5087 5086 4840
3 4840 4841 5087
3 5087 4841 5088
3 5089 4843 5084
3 5084 4843 4839
3 5084 5085 5090
3 5091 5084 5090
3 5089 5084 5091
3 5092 5091 5090
3 4844 5088 4841
3 4844 5093 5088
3 5094 4846 4847
3 4843 5089 4847
3 5089 5094 4847
3 5089 5095 5094
3 5096 5089 5091
3 5095 5089 5096
3 5091 5092 5097
3 5098 5091 5097
3 5096 5091 5098
3 5097 5093 5098
3 5093 4848 5098
3 5093 4844 4848
3 5099 4850 5094
3 5094 4850 4846
3 5100 5094 5095
3 5099 5094 5100
3 4853 5100 4852
3 5100 5096 4852
3 5100 5095 5096
3 4852 5096 4854
3 4854 5096 5098
3 4854 5098 4848
3 5099 4856 4850
3 4856 5099 4859
3 4859 5099 5100
3 4859 5100 4853
3 5101 4869 4870
3 4871 5102 4870
3 4870 5102 5101
3 4873 5102 4871
3 5103 4874 4875
3 4877 5103 4875
3 5104 4880 4881
3 4882 5105 4881
3 4881 5105 5104
3 4883 5106 4882
3 4882 5106 5105
3 4884 5107 4883
3 4883 5107 5106
3 4869 5101 4884
3 5101 5107 4884
3 5101 5108 5107
3 5109 5101 5102
3 5108 5101 5109
3 4885 5110 4873
3 5110 5102 4873
3 5110 5109 5102
3 4874 5103 4885
3 5103 5110 4885
3 5103 5111 5110
3 4886 5112 4877
3 5112 5103 4877
3 5112 5111 5103
3 4887 5113 4886
3 4886 5113 5112
3 4889 5113 4887
3 5114 4891 4892
3 4880 5104 4892
3 5104 5114 4892
3 5104 5115 5114
3 5105 5117 5116
3 5115 5105 5116
3 5104 5105 5115
3 5117 5105 5106
3 5117 5106 5118
3 5118 5106 5107
3 5118 5107 5119
3 5119 5107 5108
3 5119 5108 5120
3 5120 5108 5109
3 5120 5109 5121
3 5121 5109 5110
3 5121 5110 5122
3 5122 5110 5111
3 5122 5111 5123
3 5123 5111 5112
3 5123 5112 5124
3 5124 5112 5113
3 5124 5113 5125
3 5127 5125 5126
3 5126 5125 4893
3 5125 5113 4893
3 5113 4889 4893
3 4894 5126 4893
3 5128 4897 5114
3 5114 4897 4891
3 5115 5130 5129
3 5128 5115 5129
3 5114 5115 5128
3 5130 5115 5116
3 5131 5127 5126
3 5133 5131 5132
3 5132 5131 4898
3 5131 5126 4898
3 5126 4894 4898
3 4899 5132 4898
3 5134 4900 4901
3 5135 5134 4901
3 5135 4901 4897
3 5136 5135 4897
3 5128 5136 4897
3 5136 5128 5129
3 5133 5132 5137
3 5133 5137 5138
3 4902 5137 4899
3 4899 5137 5132
3 5140 5139 5134
3 5139 4900 5134
3 5139 4903 4900
3 5140 5134 5135
3 5138 5137 5141
3 5138 5141 5142
3 4904 5141 4902
3 4902 5141 5137
3 5139 4906 4903
3 5143 4906 5139
3 5142 5141 5144
3 5142 5144 5145
3 4907 5144 4904
3 4904 5144 5141
3 5143 4909 4906
3 5146 4909 5143
3 5149 5148 5147
3 5147 5148 5145
3 5147 5145 5144
3 4912 5147 5144
3 4911 4912 5144
3 4911 5144 4907
3 5146 4914 4909
3 5150 4914 5146
3 5149 5147 5151
3 5149 5151 5152
3 4916 5151 4912
3 4912 5151 5147
3 5154 4917 5153
3 4917 5150 5153
3 4917 4914 5150
3 5155 5154 5153
3 5158 5157 5156
3 5160 5159 5156
3 5160 5156 5157
3 5162 5161 5159
3 5162 5159 5160
3 5164 5163 5161
3 5164 5161 5162
3 5163 5164 5152
3 5163 5152 5151
3 4920 5163 5151
3 4919 4920 5151
3 4919 5151 4916
3 5154 4921 4917
3 5166 5165 4923
3 5166 4923 4921
3 5155 5166 4921
3 5154 5155 4921
3 5167 5165 5166
3 5170 5169 5168
3 5168 5169 5158
3 5156 5168 5158
3 5171 5168 5156
3 4926 5171 4925
3 5171 5159 4925
3 5171 5156 5159
3 4925 5159 4928
3 4928 5159 5161
3 4928 5161 4929
3 5161 5172 4929
3 5161 5163 5172
3 4931 5172 4920
3 4920 5172 5163
3 5173 4933 5165
3 5165 4933 4923
3 5165 5167 5174
3 5165 5174 5173
3 5170 5168 5175
3 5170 5175 5176
3 4936 5175 4935
3 5175 5171 4935
3 5175 5168 5171
3 4935 5171 4926
3 5172 4939 4929
3 4939 5172 4931
3 5177 4943 5173
3 5173 4943 4933
3 5173 5174 5178
3 5179 5173 5178
3 5177 5173 5179
3 5180 5179 5178
3 5176 5175 5181
3 5176 5181 5182
3 4944 5183 4936
3 5183 5175 4936
3 5183 5181 5175
3 4945 5184 4944
3 4944 5184 5183
3 4946 5185 4945
3 4945 5185 5184
3 4947 5185 4946
3 5177 4950 4943
3 4950 5177 4952
3 5177 5186 4952
3 5177 5179 5186
3 5179 5180 5187
3 5179 5187 5186
3 5188 5182 5181
3 5190 5189 5188
3 5181 5190 5188
3 5183 5190 5181
3 5191 5183 5184
3 5190 5183 5191
3 5192 5184 5185
3 5191 5184 5192
3 4954 5192 4947
3 4947 5192 5185
3 5193 4956 5186
3 5186 4956 4952
3 5186 5187 5194
3 5195 5186 5194
3 5193 5186 5195
3 5196 5195 5194
3 5199 5198 5197
3 5197 5198 5189
3 5190 5197 5189
3 5200 5197 5190
3 4959 5200 4958
3 5200 5191 4958
3 5200 5190 5191
3 4958 5191 4961
3 4961 5191 5192
3 4961 5192 4954
3 5201 4963 5193
3 5193 4963 4956
3 5202 5193 5195
3 5201 5193 5202
3 5195 5196 5203
3 5204 5195 5203
3 5202 5195 5204
3 5206 5205 5204
3 5206 5204 5203
3 5208 5207 5205
3 5208 5205 5206
3 5207 5208 5199
3 5197 5207 5199
3 5209 5207 5197
3 4966 5209 4965
3 5209 5200 4965
3 5209 5197 5200
3 4965 5200 4959
3 5210 4969 5201
3 5201 4969 4963
3 5211 5201 5202
3 5210 5201 5211
3 5212 5202 5204
3 5211 5202 5212
3 4972 5212 4971
3 5212 5205 4971
3 5212 5204 5205
3 4971 5205 4974
3 4974 5205 5207
3 4974 5207 4976
3 4976 5207 5209
3 4976 5209 4966
3 5210 4979 4969
3 4979 5210 4981
3 5210 5213 4981
3 5210 5211 5213
3 5214 5211 5212
3 5213 5211 5214
3 4983 5214 4972
3 4972 5214 5212
3 5213 4987 4981
3 4987 5213 4990
3 4990 5213 5214
3 4990 5214 4983
3 5215 5007 5008
3 5009 5216 5008
3 5008 5216 5215
3 5010 5216 5009
3 5217 5013 5014
3 5217 5014 5218
3 5014 5219 5218
3 5014 5015 5219
3 5015 5007 5215
3 5220 5015 5215
3 5219 5015 5220
3 5222 5221 5220
3 5215 5222 5220
3 5216 5222 5215
3 5017 5222 5010
3 5010 5222 5216
3 5224 5223 5019
3 5019 5223 5018
3 5225 5019 5020
3 5225 5224 5019
3 5020 5013 5217
3 5226 5020 5217
3 5225 5020 5226
3 5226 5217 5218
3 5227 5221 5222
3 5229 5227 5228
3 5228 5227 5021
3 5227 5222 5021
3 5222 5017 5021
3 5022 5228 5021
3 5231 5230 5024
3 5024 5230 5023
3 5024 5018 5223
3 5024 5223 5231
3 5232 5229 5228
3 5228 5022 5232
3 5022 5233 5232
3 5022 5025 5233
3 5230 5026 5023
3 5234 5026 5230
3 5025 5027 5235
3 5236 5025 5235
3 5233 5025 5236
3 5028 5235 5027
3 5239 5238 5237
3 5234 5239 5237
3 5029 5234 5237
3 5026 5234 5029
3 5236 5235 5031
3 5032 5236 5031
3 5240 5236 5032
3 5031 5235 5028
3 5237 5238 5035
3 5238 5034 5035
3 5238 5241 5034
3 5237 5035 5029
3 5036 5240 5032
3 5036 5242 5240
3 5241 5243 5034
3 5034 5243 5039
3 5040 5039 5243
3 5040 5243 5244
3 5247 5246 5245
3 5246 5242 5245
3 5242 5041 5245
3 5242 5036 5041
3 5248 5042 5043
3 5044 5248 5043
3 5244 5046 5040
3 5249 5046 5244
3 5251 5250 5049
3 5251 5049 5048
3 5049 5252 5050
3 5250 5252 5049
3 5050 5253 5051
3 5252 5253 5050
3 5255 5254 5053
3 5051 5255 5053
3 5253 5255 5051
3 5256 5254 5255
3 5247 5245 5054
3 5055 5247 5054
3 5257 5247 5055
3 5054 5245 5041
3 5259 5258 5057
3 5057 5258 5056
3 5259 5057 5042
3 5260 5259 5042
3 5248 5260 5042
3 5259 5260 5261
3 5058 5260 5044
3 5044 5260 5248
3 5249 5262 5046
3 5046 5262 5059
3 5059 5263 5060
3 5262 5263 5059
3 5048 5060 5251
3 5251 5060 5263
3 5254 5061 5053
3 5063 5061 5254
3 5256 5063 5254
3 5264 5063 5256
3 5064 5257 5055
3 5064 5265 5257
3 5268 5267 5266
3 5258 5268 5266
3 5066 5258 5266
3 5056 5258 5066
3 5261 5260 5068
3 5067 5261 5068
3 5269 5261 5067
3 5068 5260 5058
3 5264 5270 5063
3 5063 5270 5069
3 5064 5069 5265
3 5265 5069 5270
3 5266 5267 5072
3 5267 5071 5072
3 5267 5271 5071
3 5273 5272 5074
3 5273 5072 5272
3 5072 5273 5266
3 5274 5266 5273
3 5266 5274 5066
3 5272 5066 5274
3 5274 5073 5272
3 5272 5073 5074
3 5072 5066 5272
3 5067 5073 5269
3 5269 5073 5274
3 5277 5276 5275
3 5275 5278 5075
3 5271 5275 5075
3 5071 5271 5075
3 5275 5271 5277
3 5278 5279 5075
3 5279 5074 5075
3 5279 5273 5074
3 5275 5276 5078
3 5276 5077 5078
3 5276 5280 5077
3 5278 5275 5281
3 5275 5079 5281
3 5079 5282 5281
3 5079 5275 5078
3 5278 5281 5279
3 5080 5077 5283
3 5077 5284 5283
3 5077 5280 5284
3 5283 5285 5080
3 5285 5079 5080
3 5285 5282 5079
3 5288 5287 5286
3 5288 5286 5284
3 5286 5283 5284
3 5286 5289 5283
3 5285 5283 5290
3 5290 5283 5289
3 5287 5291 5286
3 5286 5291 5289
3 5289 5291 5292
3 5289 5292 5290
3 5293 5085 5086
3 5087 5294 5086
3 5086 5294 5293
3 5088 5294 5087
3 5293 5090 5085
3 5090 5293 5092
3 5293 5295 5092
3 5293 5294 5295
3 5093 5295 5088
3 5088 5295 5294
3 5295 5097 5092
3 5097 5295 5093
3 5296 5116 5117
3 5118 5297 5117
3 5117 5297 5296
3 5119 5298 5118
3 5118 5298 5297
3 5120 5299 5119
3 5119 5299 5298
3 5121 5300 5120
3 5120 5300 5299
3 5122 5301 5121
3 5121 5301 5300
3 5123 5302 5122
3 5122 5302 5301
3 5124 5303 5123
3 5123 5303 5302
3 5125 5304 5124
3 5124 5304 5303
3 5127 5304 5125
3 5305 5129 5130
3 5116 5296 5130
3 5296 5305 5130
3 5296 5306 5305
3 5307 5296 5297
3 5306 5296 5307
3 5298 5309 5308
3 5307 5298 5308
3 5297 5298 5307
3 5309 5298 5299
3 5309 5299 5310
3 5310 5299 5300
3 5310 5300 5311
3 5311 5300 5301
3 5311 5301 5312
3 5314 5313 5312
3 5301 5314 5312
3 5302 5314 5301
3 5315 5302 5303
3 5314 5302 5315
3 5316 5303 5304
3 5315 5303 5316
3 5131 5317 5127
3 5317 5304 5127
3 5317 5316 5304
3 5133 5317 5131
3 5319 5318 5136
3 5136 5318 5135
3 5136 5129 5305
3 5320 5136 5305
3 5319 5136 5320
3 5320 5305 5306
3 5320 5306 5321
3 5321 5306 5307
3 5321 5307 5322
3 5322 5307 5308
3 5313 5314 5323
3 5313 5323 5324
3 5325 5314 5315
3 5323 5314 5325
3 5326 5315 5316
3 5325 5315 5326
3 5327 5316 5317
3 5326 5316 5327
3 5138 5327 5133
3 5133 5327 5317
3 5329 5328 5140
3 5140 5328 5139
3 5140 5135 5318
3 5140 5318 5329
3 5330 5324 5323
3 5330 5323 5325
3 5330 5325 5331
3 5331 5325 5326
3 5331 5326 5332
3 5334 5333 5332
3 5326 5334 5332
3 5327 5334 5326
3 5142 5334 5138
3 5138 5334 5327
3 5328 5143 5139
3 5335 5143 5328
3 5333 5334 5336
3 5333 5336 5337
3 5145 5336 5142
3 5142 5336 5334
3 5339 5146 5338
3 5146 5335 5338
3 5146 5143 5335
3 5340 5339 5338
3 5343 5342 5341
3 5344 5341 5342
3 5347 5346 5345
3 5345 5346 5337
3 5345 5337 5336
3 5149 5345 5336
3 5148 5149 5336
3 5148 5336 5145
3 5348 5150 5339
3 5339 5150 5146
3 5339 5340 5349
3 5339 5349 5348
3 5352 5351 5350
3 5350 5351 5343
3 5341 5350 5343
3 5353 5350 5341
3 5341 5344 5354
3 5355 5341 5354
3 5353 5341 5355
3 5355 5354 5347
3 5345 5355 5347
3 5356 5355 5345
3 5152 5356 5149
3 5149 5356 5345
3 5348 5153 5150
3 5358 5357 5155
3 5358 5155 5153
3 5349 5358 5153
3 5348 5349 5153
3 5359 5357 5358
3 5362 5361 5360
3 5360 5361 5352
3 5360 5352 5350
3 5158 5360 5350
3 5157 5158 5350
3 5157 5350 5160
3 5160 5350 5353
3 5160 5353 5162
3 5162 5353 5355
3 5162 5355 5164
3 5164 5355 5356
3 5164 5356 5152
3 5357 5166 5155
3 5364 5363 5167
3 5364 5167 5166
3 5359 5364 5166
3 5357 5359 5166
3 5365 5363 5364
3 5368 5367 5366
3 5366 5367 5362
3 5366 5362 5360
3 5170 5366 5360
3 5169 5170 5360
3 5169 5360 5158
3 5369 5174 5363
3 5363 5174 5167
3 5363 5365 5370
3 5371 5363 5370
3 5369 5363 5371
3 5373 5372 5371
3 5373 5371 5370
3 5374 5372 5373
3 5368 5366 5375
3 5368 5375 5376
3 5176 5375 5170
3 5170 5375 5366
3 5369 5178 5174
3 5178 5369 5180
3 5369 5377 5180
3 5369 5371 5377
3 5378 5371 5372
3 5377 5371 5378
3 5372 5374 5379
3 5372 5379 5378
3 5376 5375 5380
3 5376 5380 5381
3 5182 5380 5176
3 5176 5380 5375
3 5382 5187 5377
3 5377 5187 5180
3 5383 5377 5378
3 5382 5377 5383
3 5378 5379 5384
3 5378 5384 5383
3 5381 5380 5385
3 5381 5385 5386
3 5188 5387 5182
3 5387 5380 5182
3 5387 5385 5380
3 5189 5387 5188
3 5382 5194 5187
3 5194 5382 5196
3 5382 5388 5196
3 5382 5383 5388
3 5383 5384 5389
3 5390 5383 5389
3 5388 5383 5390
3 5390 5389 5386
3 5385 5390 5386
3 5391 5390 5385
3 5199 5391 5198
3 5391 5387 5198
3 5391 5385 5387
3 5198 5387 5189
3 5388 5203 5196
3 5203 5388 5206
3 5206 5388 5390
3 5206 5390 5208
3 5208 5390 5391
3 5208 5391 5199
3 5392 5218 5219
3 5220 5393 5219
3 5219 5393 5392
3 5221 5393 5220
3 5395 5394 5224
3 5224 5394 5223
3 5396 5224 5225
3 5396 5395 5224
3 5397 5225 5226
3 5397 5396 5225
3 5226 5218 5392
3 5398 5226 5392
3 5397 5226 5398
3 5400 5399 5398
3 5392 5400 5398
3 5393 5400 5392
3 5227 5401 5221
3 5401 5393 5221
3 5401 5400 5393
3 5229 5401 5227
3 5403 5402 5231
3 5231 5402 5230
3 5231 5223 5394
3 5231 5394 5403
3 5399 5400 5404
3 5399 5404 5405
3 5406 5400 5401
3 5404 5400 5406
3 5232 5407 5229
3 5407 5401 5229
3 5407 5406 5401
3 5233 5407 5232
3 5402 5234 5230
3 5408 5234 5402
3 5405 5404 5409
3 5405 5409 5410
3 5411 5404 5406
3 5409 5404 5411
3 5412 5406 5407
3 5411 5406 5412
3 5236 5412 5233
3 5233 5412 5407
3 5414 5413 5239
3 5239 5413 5238
3 5239 5234 5408
3 5239 5408 5414
3 5410 5409 5415
3 5410 5415 5416
3 5417 5409 5411
3 5415 5409 5417
3 5418 5411 5412
3 5417 5411 5418
3 5240 5418 5236
3 5236 5418 5412
3 5413 5241 5238
3 5419 5241 5413
3 5416 5415 5420
3 5416 5420 5421
3 5422 5415 5417
3 5420 5415 5422
3 5423 5417 5418
3 5422 5417 5423
3 5242 5423 5240
3 5240 5423 5418
3 5419 5424 5241
3 5241 5424 5243
3 5244 5243 5424
3 5244 5424 5425
3 5428 5427 5426
3 5430 5429 5426
3 5430 5426 5427
3 5429 5430 5421
3 5420 5429 5421
3 5431 5429 5420
3 5432 5420 5422
3 5431 5420 5432
3 5247 5432 5246
3 5432 5423 5246
3 5432 5422 5423
3 5246 5423 5242
3 5434 5249 5433
3 5249 5425 5433
3 5249 5244 5425
3 5436 5435 5434
3 5436 5434 5433
3 5250 5251 5435
3 5436 5250 5435
3 5437 5250 5436
3 5426 5252 5428
3 5252 5437 5428
3 5252 5250 5437
3 5252 5426 5253
3 5253 5426 5429
3 5253 5429 5255
3 5255 5429 5431
3 5255 5431 5256
3 5431 5438 5256
3 5431 5432 5438
3 5257 5438 5247
3 5247 5438 5432
3 5439 5258 5259
3 5261 5439 5259
3 5434 5262 5249
3 5262 5434 5263
3 5263 5434 5435
3 5263 5435 5251
3 5440 5264 5438
3 5438 5264 5256
3 5265 5440 5257
3 5257 5440 5438
3 5441 5267 5268
3 5258 5439 5268
3 5439 5441 5268
3 5439 5442 5441
3 5269 5442 5261
3 5261 5442 5439
3 5440 5270 5264
3 5270 5440 5265
3 5445 5444 5443
3 5446 5445 5441
3 5445 5271 5441
3 5271 5267 5441
3 5445 5443 5271
3 5273 5447 5274
3 5447 5441 5274
3 5441 5442 5274
3 5447 5446 5441
3 5274 5442 5269
3 5443 5444 5277
3 5444 5276 5277
3 5444 5448 5276
3 5443 5277 5271
3 5279 5447 5273
3 5279 5449 5447
3 5448 5280 5276
3 5450 5280 5448
3 5282 5451 5281
3 5451 5452 5281
3 5452 5279 5281
3 5452 5449 5279
3 5455 5454 5453
3 5450 5455 5453
3 5284 5450 5453
3 5280 5450 5284
3 5457 5456 5451
3 5282 5457 5451
3 5285 5457 5282
3 5451 5456 5452
3 5453 5454 5288
3 5454 5287 5288
3 5454 5458 5287
3 5453 5288 5284
3 5290 5457 5285
3 5290 5459 5457
3 5291 5287 5460
3 5287 5461 5460
3 5287 5458 5461
3 5291 5460 5462
3 5463 5291 5462
3 5292 5291 5463
3 5290 5292 5459
3 5459 5292 5463
3 5461 5464 5460
3 5460 5464 5462
3 5465 5308 5309
3 5310 5466 5309
3 5309 5466 5465
3 5311 5467 5310
3 5310 5467 5466
3 5312 5468 5311
3 5311 5468 5467
3 5313 5468 5312
3 5469 5318 5319
3 5320 5470 5319
3 5319 5470 5469
3 5321 5471 5320
3 5320 5471 5470
3 5322 5472 5321
3 5321 5472 5471
3 5308 5465 5322
3 5465 5472 5322
3 5465 5473 5472
3 5474 5465 5466
3 5473 5465 5474
3 5467 5476 5475
3 5474 5467 5475
3 5466 5467 5474
3 5478 5477 5476
3 5467 5478 5476
3 5468 5478 5467
3 5324 5478 5313
3 5313 5478 5468
3 5479 5328 5329
3 5318 5469 5329
3 5469 5479 5329
3 5469 5480 5479
3 5481 5469 5470
3 5480 5469 5481
3 5482 5470 5471
3 5481 5470 5482
3 5472 5484 5483
3 5482 5472 5483
3 5471 5472 5482
3 5484 5472 5473
3 5484 5473 5485
3 5485 5473 5474
3 5485 5474 5486
3 5486 5474 5475
3 5477 5478 5487
3 5477 5487 5488
3 5330 5489 5324
3 5489 5478 5324
3 5489 5487 5478
3 5331 5490 5330
3 5330 5490 5489
3 5332 5491 5331
3 5331 5491 5490
3 5333 5491 5332
3 5492 5335 5479
3 5479 5335 5328
3 5493 5479 5480
3 5492 5479 5493
3 5481 5495 5494
3 5493 5481 5494
3 5480 5481 5493
3 5495 5481 5482
3 5495 5482 5496
3 5496 5482 5483
3 5488 5487 5497
3 5488 5497 5498
3 5499 5487 5489
3 5497 5487 5499
3 5500 5489 5490
3 5499 5489 5500
3 5501 5490 5491
3 5500 5490 5501
3 5337 5501 5333
3 5333 5501 5491
3 5492 5338 5335
3 5338 5492 5340
3 5492 5502 5340
3 5492 5493 5502
3 5493 5494 5503
3 5493 5503 5502
3 5506 5505 5504
3 5508 5507 5504
3 5508 5504 5505
3 5507 5508 5498
3 5497 5507 5498
3 5509 5507 5497
3 5343 5509 5342
3 5509 5499 5342
3 5509 5497 5499
3 5342 5499 5344
3 5499 5510 5344
3 5499 5500 5510
3 5347 5510 5346
3 5510 5501 5346
3 5510 5500 5501
3 5346 5501 5337
3 5511 5349 5502
3 5502 5349 5340
3 5502 5503 5512
3 5513 5502 5512
3 5511 5502 5513
3 5514 5513 5512
3 5517 5516 5515
3 5515 5516 5506
3 5504 5515 5506
3 5518 5515 5504
3 5519 5504 5507
3 5518 5504 5519
3 5352 5519 5351
3 5519 5509 5351
3 5519 5507 5509
3 5351 5509 5343
3 5510 5354 5344
3 5354 5510 5347
3 5511 5358 5349
3 5358 5511 5359
3 5511 5520 5359
3 5511 5513 5520
3 5513 5514 5521
3 5522 5513 5521
3 5520 5513 5522
3 5524 5523 5522
3 5524 5522 5521
3 5523 5524 5517
3 5515 5523 5517
3 5525 5523 5515
3 5526 5515 5518
3 5525 5515 5526
3 5362 5526 5361
3 5526 5519 5361
3 5526 5518 5519
3 5361 5519 5352
3 5520 5364 5359
3 5364 5520 5365
3 5520 5527 5365
3 5520 5522 5527
3 5528 5522 5523
3 5527 5522 5528
3 5529 5523 5525
3 5528 5523 5529
3 5368 5529 5367
3 5529 5526 5367
3 5529 5525 5526
3 5367 5526 5362
3 5527 5370 5365
3 5370 5527 5373
3 5373 5527 5528
3 5373 5528 5374
3 5528 5530 5374
3 5528 5529 5530
3 5376 5530 5368
3 5368 5530 5529
3 5531 5379 5530
3 5530 5379 5374
3 5381 5531 5376
3 5376 5531 5530
3 5532 5384 5531
3 5531 5384 5379
3 5386 5532 5381
3 5381 5532 5531
3 5532 5389 5384
3 5389 5532 5386
3 5533 5394 5395
3 5533 5395 5534
3 5395 5535 5534
3 5395 5396 5535
3 5537 5535 5536
3 5535 5397 5536
3 5535 5396 5397
3 5398 5538 5397
3 5397 5538 5536
3 5399 5538 5398
3 5540 5539 5403
3 5403 5539 5402
3 5403 5394 5533
3 5541 5403 5533
3 5540 5403 5541
3 5541 5533 5534
3 5542 5537 5536
3 5544 5543 5542
3 5536 5544 5542
3 5538 5544 5536
3 5405 5544 5399
3 5399 5544 5538
3 5539 5408 5402
3 5545 5408 5539
3 5543 5544 5546
3 5543 5546 5547
3 5410 5546 5405
3 5405 5546 5544
3 5549 5548 5414
3 5414 5548 5413
3 5414 5408 5545
3 5414 5545 5549
3 5552 5551 5550
3 5550 5551 5547
3 5546 5550 5547
3 5553 5550 5546
3 5416 5553 5410
3 5410 5553 5546
3 5555 5419 5554
3 5419 5548 5554
3 5419 5413 5548
3 5556 5555 5554
3 5552 5550 5557
3 5552 5557 5558
3 5559 5550 5553
3 5557 5550 5559
3 5421 5559 5416
3 5416 5559 5553
3 5555 5424 5419
3 5425 5424 5555
3 5556 5425 5555
3 5560 5425 5556
3 5563 5562 5561
3 5561 5562 5558
3 5561 5558 5557
3 5428 5561 5557
3 5427 5428 5557
3 5427 5557 5430
3 5430 5557 5559
3 5430 5559 5421
3 5560 5564 5425
3 5425 5564 5433
3 5433 5565 5436
3 5564 5565 5433
3 5561 5437 5563
3 5437 5565 5563
3 5437 5436 5565
3 5437 5561 5428
3 5566 5444 5445
3 5446 5567 5445
3 5445 5567 5566
3 5447 5567 5446
3 5569 5568 5566
3 5568 5444 5566
3 5568 5448 5444
3 5571 5570 5569
3 5566 5571 5569
3 5567 5571 5566
3 5449 5571 5447
3 5447 5571 5567
3 5568 5450 5448
3 5572 5450 5568
3 5570 5571 5573
3 5570 5573 5574
3 5452 5573 5449
3 5449 5573 5571
3 5576 5575 5455
3 5455 5575 5454
3 5455 5450 5572
3 5455 5572 5576
3 5574 5573 5456
3 5457 5574 5456
3 5577 5574 5457
3 5456 5573 5452
3 5575 5458 5454
3 5578 5458 5575
3 5581 5580 5579
3 5580 5577 5579
3 5577 5459 5579
3 5577 5457 5459
3 5578 5461 5458
3 5582 5461 5578
3 5581 5579 5463
3 5462 5581 5463
3 5583 5581 5462
3 5463 5579 5459
3 5586 5585 5584
3 5464 5588 5587
3 5588 5464 5584
3 5461 5584 5464
3 5584 5461 5586
3 5582 5586 5461
3 5462 5464 5583
3 5583 5464 5587
3 5584 5585 5589
3 5589 5585 5590
3 5588 5584 5591
3 5591 5584 5589
3 5594 5593 5592
3 5596 5595 5592
3 5595 5589 5592
3 5590 5594 5592
3 5590 5592 5589
3 5589 5595 5591
3 5592 5593 5597
3 5597 5593 5598
3 5596 5592 5599
3 5599 5592 5597
3 5597 5598 5600
3 5600 5598 5601
3 5599 5597 5602
3 5602 5597 5600
3 5603 5475 5476
3 5477 5603 5476
3 5604 5483 5484
3 5485 5605 5484
3 5484 5605 5604
3 5486 5606 5485
3 5485 5606 5605
3 5475 5603 5486
3 5603 5606 5486
3 5603 5607 5606
3 5488 5607 5477
3 5477 5607 5603
3 5608 5494 5495
3 5496 5609 5495
3 5495 5609 5608
3 5483 5604 5496
3 5604 5609 5496
3 5604 5610 5609
3 5611 5604 5605
3 5610 5604 5611
3 5612 5605 5606
3 5611 5605 5612
3 5613 5606 5607
3 5612 5606 5613
3 5498 5613 5488
3 5488 5613 5607
3 5614 5503 5608
3 5608 5503 5494
3 5615 5608 5609
3 5614 5608 5615
3 5616 5609 5610
3 5615 5609 5616
3 5617 5610 5611
3 5616 5610 5617
3 5506 5617 5505
3 5617 5612 5505
3 5617 5611 5612
3 5505 5612 5508
3 5508 5612 5613
3 5508 5613 5498
3 5614 5512 5503
3 5512 5614 5514
3 5614 5618 5514
3 5614 5615 5618
3 5619 5615 5616
3 5618 5615 5619
3 5517 5619 5516
3 5619 5617 5516
3 5619 5616 5617
3 5516 5617 5506
3 5618 5521 5514
3 5521 5618 5524
3 5524 5618 5619
3 5524 5619 5517
3 5620 5534 5535
3 5537 5620 5535
3 5621 5539 5540
3 5541 5622 5540
3 5540 5622 5621
3 5534 5620 5541
3 5620 5622 5541
3 5620 5623 5622
3 5542 5624 5537
3 5624 5620 5537
3 5624 5623 5620
3 5543 5624 5542
3 5626 5625 5621
3 5625 5539 5621
3 5625 5545 5539
3 5626 5621 5622
3 5626 5622 5627
3 5629 5628 5627
3 5622 5629 5627
3 5623 5629 5622
3 5630 5623 5624
3 5629 5623 5630
3 5547 5630 5543
3 5543 5630 5624
3 5631 5548 5549
3 5632 5631 5549
3 5545 5632 5549
3 5625 5632 5545
3 5628 5629 5633
3 5628 5633 5634
3 5552 5633 5551
3 5633 5630 5551
3 5633 5629 5630
3 5551 5630 5547
3 5631 5554 5548
3 5636 5635 5556
3 5636 5556 5554
3 5632 5636 5554
3 5631 5632 5554
3 5638 5637 5635
3 5638 5635 5636
3 5637 5638 5634
3 5633 5637 5634
3 5639 5637 5633
3 5558 5639 5552
3 5552 5639 5633
3 5640 5560 5635
3 5635 5560 5556
3 5641 5635 5637
3 5640 5635 5641
3 5563 5641 5562
3 5641 5639 5562
3 5641 5637 5639
3 5562 5639 5558
3 5640 5564 5560
3 5564 5640 5565
3 5565 5640 5641
3 5565 5641 5563
3 5642 5568 5569
3 5570 5642 5569
3 5643 5572 5642
3 5642 5572 5568
3 5574 5643 5570
3 5570 5643 5642
3 5644 5575 5576
3 5572 5643 5576
3 5643 5644 5576
3 5643 5645 5644
3 5577 5645 5574
3 5574 5645 5643
3 5646 5578 5644
3 5644 5578 5575
3 5581 5646 5580
3 5646 5645 5580
3 5646 5644 5645
3 5580 5645 5577
3 5647 5582 5646
3 5646 5582 5578
3 5583 5647 5581
3 5581 5647 5646
3 5648 5585 5586
3 5586 5582 5648
3 5582 5647 5648
3 5587 5588 5648
3 5587 5648 5647
3 5587 5647 5583
3 5649 5590 5648
3 5648 5590 5585
3 5591 5649 5588
3 5588 5649 5648
3 5650 5593 5594
3 5594 5590 5650
3 5590 5649 5650
3 5595 5596 5650
3 5595 5650 5649
3 5595 5649 5591
3 5652 5651 5650
3 5651 5593 5650
3 5651 5598 5593
3 5650 5596 5652
3 5596 5653 5652
3 5596 5599 5653
3 5655 5601 5654
3 5601 5651 5654
3 5601 5598 5651
3 5654 5653 5655
3 5653 5602 5655
3 5653 5599 5602