OFF
4155 8204 0
1.5792288094 7.2052085238 6.5839555881
1.7930645965 7.1737259673 6.2901601378
1.6657553906 6.9025456176 6.3662969146
1.6114557934 6.9200554574 6.8259311024
1.6265230425 7.3410272127 6.9075112294
1.8268202343 7.2186422966 7.3738722095
1.8189466611 7.4600482910 6.6335510361
1.8697299249 7.6349164749 7.0868006561
2.2296027017 4.7821988777 7.6264570260
2.4161595025 4.7140203962 6.8498022992
2.7719137479 4.2121713833 7.1614647610
2.7240338736 3.9351289674 8.1212786607
2.2672343717 4.6476600253 8.5574467297
2.5428917979 4.0514138428 9.0550465623
2.3659880467 4.6735229512 9.2587858031
2.5684258635 4.3108323138 9.6888321805
2.2166137749 5.6329796266 6.0103156827
2.4568619564 5.7750499810 5.5812147707
2.6620464711 5.3503238752 5.6931008135
2.5969939729 4.9576359480 6.2012863518
2.0639872302 5.4417617361 6.8412426834
1.9462474647 5.5646906351 7.6595056489
2.0529047898 5.2707620080 8.2264611677
2.2563035074 5.3997843731 8.9629592851
2.6340784101 5.0913062378 9.9089664981
2.1508823283 6.1348798791 5.7943436385
2.5824654976 6.2230570177 5.5101048035
1.8435520633 6.3081342752 6.3989659425
1.8117056904 6.3460247697 7.3307268462
2.0358912877 6.0660771404 8.2295159737
2.4313530474 6.2428292059 8.9010863936
2.5796865912 5.8274928310 9.4499749697
2.0831869583 6.7296170433 5.9426997174
2.8232309227 6.7930950751 5.6427676086
2.0056987634 6.7912499492 7.8922253239
2.3021189650 6.7221523620 8.3891099848
2.3705161351 7.3033641001 6.2048644230
2.2924341636 7.7112959619 6.8998146930
2.0945548995 7.8827008113 7.2218127604
2.3290148119 7.9030280062 7.2871009517
2.0649641108 7.7337081920 7.4387258546
2.3980764362 7.3511041200 7.9123218815
2.1726012039 7.9403703887 7.3761819509
2.9559718616 3.4015965594 8.8807977246
3.3445203520 3.2006915008 8.2716845231
3.3249689570 2.9842534131 8.7954434117
3.3236223712 2.9477336680 9.3649377253
2.8800813551 3.6100668498 9.7603574746
3.3394756080 2.9841736760 10.2553650695
3.0708801126 3.6035668257 10.6857550042
3.3598155333 3.1090372713 10.9842886517
2.8008288097 4.4463194921 6.5545292056
3.1363201613 4.5163943264 6.1554780039
3.3652146090 4.1151972229 6.5876883257
3.5131667344 3.6047198789 7.3635642442
2.8008201146 4.2702410241 10.3662166859
3.2380966600 3.5476183394 11.3470686685
3.0965549225 4.2681169658 11.3256881193
3.3408701719 3.7638684295 11.9697666622
3.2938870223 4.3045488836 12.1086289410
3.4642624638 4.0792550706 12.5493261926
3.0157151798 5.6304409634 5.4301873395
3.2981096052 4.9529593345 5.7010879955
2.9076997202 4.8282046482 10.7256713075
3.1489761535 5.0163049076 11.2644692117
3.3268843642 4.8479183162 11.9413878077
3.4643025901 4.5828729264 12.5498694473
3.3685702248 6.1848821472 5.3751560457
2.8520347232 6.3486260776 9.3720090074
3.0031685086 5.9491797577 9.9658015209
3.0890709334 5.4620878538 10.6896278469
3.6512994574 6.7657921908 5.5657190942
3.5250739291 6.6497963059 9.6306408824
2.8876827123 6.8846811832 8.7681565132
3.2293563301 7.2196487589 5.9477036661
3.0402417291 7.5324268151 6.6064767138
2.3448948936 7.8175311902 7.5075093535
2.8804495170 7.6528120904 7.4307530595
3.1323309201 7.3534145992 8.1821775163
3.9042627479 2.6136570676 8.7892582653
4.5167478489 2.5630630079 8.2120566435
4.8242211739 2.1890696020 8.8301138798
4.4407058155 2.0973597957 9.4703445070
3.8545459949 2.4353027219 9.8413657532
4.5546990142 1.8500871443 10.4117852682
3.8203436411 2.4920942586 10.9416671430
4.4211940908 1.8482970365 11.5118871426
3.9495958573 2.4940504716 12.0407866231
4.4232378521 1.8887336928 12.5357533117
4.0681352108 2.5772624842 13.0311075483
4.4665091811 1.9977858455 13.4892743586
4.2145938053 2.6345615297 13.8855492439
4.5002197940 2.1920758625 14.2026902248
4.0145743209 2.9733236565 7.8736156430
4.3337876630 3.2790501233 7.2471345525
4.7923659017 2.8683052305 7.6467595183
3.5269634531 3.0974362054 11.6625472491
3.6819753166 3.3744840015 12.6178482389
3.9695541072 3.3860302842 13.6190747012
4.3848200944 2.6499396444 14.4963901560
4.2363301640 3.2668074853 14.4236689256
4.5071539082 3.0142638961 14.9630249930
3.7859548976 4.3745401292 6.0100384540
4.4069369390 3.8463552568 6.5388730883
3.7727532114 4.4211329086 13.2691679060
4.1750867378 4.1928199418 14.3126179465
4.5171584551 3.8102336594 15.0904004920
3.9703500772 5.4044790118 5.4025557196
4.0666692582 4.7428001842 5.6201773988
3.5001918959 5.6187552600 11.5678321594
3.6900622826 5.2678511879 12.6544827585
3.9141839609 5.2426493159 13.3834489164
4.2244236651 5.2736190231 14.0944374012
4.6546704731 4.9742575168 15.1262332249
4.3673905650 6.1556850562 5.4477338890
3.5448382452 6.1656339726 10.6437731188
3.9235279076 6.3334166288 11.3875462859
3.9779374190 6.1399727333 12.2808501485
4.1633514574 5.9665689710 13.3216374389
4.6018183871 6.2422641314 14.2224375405
4.6108225267 5.7462830117 14.7077242191
4.3889985572 6.7765016389 5.7932984864
3.8703481311 7.1148672725 5.8774717017
4.3174138866 7.1125609590 6.1838626311
4.4143773640 6.9867486670 9.2443362627
3.6962972083 7.1215450303 8.7178213401
4.3543176183 6.8538914089 10.5638703352
4.3650928419 6.8115070288 11.8149265345
4.4336011553 6.7474546177 12.7786609964
4.5983213773 6.7155924680 13.5535655638
3.7874451104 7.3480285575 6.3573139847
3.7603714436 7.4629180077 7.1063041669
3.7534422555 7.3925083956 7.9264218371
5.0484296370 1.3937014392 11.2041576859
5.2641737017 1.4333170594 10.5033003981
5.6790989033 1.1964813577 11.0559769148
5.5757376505 1.1365276084 11.8790705049
4.9556859240 1.3914802859 12.1496301400
5.5284898552 1.1412846109 12.8451611095
4.9370821246 1.4582335341 13.1559149460
5.5214992982 1.2086079948 13.8653766399
4.9483809302 1.6512534896 14.2233386402
5.5592952439 1.2936345364 14.8476054427
5.1875162271 1.6564589772 15.1793712769
5.5795059283 1.3721931981 15.5479288595
5.3013192792 2.4633279235 8.1997804483
5.7680197109 2.0615698938 8.9315639565
5.2664005299 1.7452412570 9.7129055613
4.7475137318 2.3008141289 14.9409827345
5.3932803553 1.6257359868 15.8130860079
5.1256034157 2.1268076517 15.7474809418
5.4803958304 1.8740515096 16.3546181264
5.2851726275 2.4720798351 16.3786685196
5.6032187575 2.1928293004 16.8459538505
5.1338116978 3.3198590227 7.0695127313
5.7056915052 2.9129150660 7.6134130341
4.9172835990 3.1001837032 15.7538515182
5.2971473878 3.0576082736 16.5279711748
5.5265925464 2.6660947904 16.8827417533
4.4750930787 4.3722378206 5.8755581922
4.7353900903 4.8359082298 5.5815514165
5.2859823548 4.3175428721 6.0434492754
5.4455298071 3.7741977476 6.5874437671
4.9079816769 4.2493353994 15.7756204042
5.2818702523 3.8085123179 16.4661063147
4.9245987364 5.4633250103 5.4485303489
4.9791996480 4.8960562898 15.7807361859
5.2861282482 4.7559244705 16.3256342593
5.1534640806 5.9313140210 5.5366383283
4.7812698634 6.1569390317 14.7526607519
4.9400265910 5.9317789855 15.1709144000
5.1584986188 5.4716590215 15.8232503273
5.0726751062 6.3715361102 5.8061436436
4.4384943867 7.2098948291 6.7977856303
5.0036820829 6.8057562373 6.4333690954
4.4902037726 7.2298734333 7.6413958428
5.0485117839 6.9797744459 7.2735552756
4.3672257755 7.1652308838 8.3942261972
5.3299643394 6.9222717267 8.3614777763
5.1745508066 7.0828855375 9.7149089349
5.1041086691 7.2802415113 10.5722572061
5.7489107002 7.4255315490 10.2418868388
4.9439040967 7.4003026314 11.4331403011
4.7622311952 7.2838052693 12.3252213196
4.9741077519 7.4250303865 13.1847924747
4.9973278149 7.0582175812 14.0920552246
5.0444316723 6.5823295193 14.7998867819
5.4406618830 7.6058067609 10.9171996190
5.5394997759 7.9250176246 11.4769887842
5.3025946027 7.9020212821 12.2863862676
5.7695700164 8.2853673256 11.8781950242
5.6204160326 8.2922311053 13.1834973047
5.3642928116 7.7504117938 13.8872370761
5.8146474047 8.4567742462 12.3864230907
5.8595148228 1.3770603254 10.3960741311
6.1808547370 1.2168643892 10.9696212704
6.1763713418 1.1378531917 11.6514869540
6.1552943713 1.1064712123 12.5714505850
6.1416497952 1.1193030393 13.5814219027
6.1386755074 1.1701775594 14.6180050137
6.1145887051 1.2708144083 15.6942717879
5.7709708025 1.4635118740 16.2076289999
6.2722360249 1.4369269231 16.7322345404
5.9243051203 1.7480199138 16.9734139763
6.3177668300 1.5792714658 17.3453943370
6.2270062391 1.8348660635 17.5452533283
6.4586434839 1.7113297707 17.6593494201
6.4273680705 2.5560166059 8.3205771824
6.6102554928 2.1019760825 9.0534512841
6.3068553487 1.7186449751 9.8200010956
5.9776979527 2.4727608240 17.4416425832
6.5684950438 2.1388764514 17.9616761189
6.2236898947 3.5209996681 7.1086039123
6.4765974427 3.0672982573 7.6607141025
5.6342969017 3.2817450129 17.0687816519
6.0633371884 3.4145604551 17.7166616161
6.4727338376 2.9231898464 18.2041137989
5.5044950764 4.9689743118 5.7011204127
6.0966486333 4.6610877417 6.0920081064
6.1228870428 4.1168858234 6.4714413299
5.7900089669 4.3379135610 17.3028242887
6.1721783618 3.9816557628 17.9742225624
6.4058681038 3.5709271664 18.2827530719
5.6259542501 5.5461862955 5.6746371561
6.0743945063 5.1793853412 5.9258480181
5.6985217346 5.6295109193 16.7642812866
6.1755444823 4.4889901096 18.1154663079
6.1216975219 5.2868061638 18.0433783174
6.4162354562 4.7216628840 18.7913818294
6.4383967613 5.4063598955 19.1187776024
6.8074520313 4.8024271850 19.7355484153
6.6439448722 5.4745236824 19.8186493140
6.8956880372 5.3020038228 20.2422584046
5.6033658061 6.0030737486 5.8200236206
6.1887539823 5.7002146569 6.1805523311
6.2400082862 6.6596166319 8.4946641928
6.6989146889 6.3306589130 8.0870382960
6.1230039079 6.5418756749 7.9372930358
6.8725608641 6.5947874785 8.7411037501
5.4769507489 6.4869618779 15.6744478455
5.9964039824 6.7306192032 16.5724717960
6.1797855674 6.2844538384 17.5632501233
6.4267674706 6.0940510041 18.6126553321
6.6487656933 5.9790020232 19.5250935688
6.8795055426 5.7763900701 20.1838519682
5.7269674645 6.2933027855 6.3300362029
5.7718829496 6.5747194745 7.2239342954
6.1689085893 7.0307092222 9.2950830198
6.7202535985 7.6297616005 10.1149442521
5.5360571758 7.4602895650 14.7682660900
6.0153421389 7.5111402901 15.7470753428
6.2811896280 7.4014323333 16.4646920439
6.4331267759 7.1189217379 17.1782689243
6.6532430858 6.8628096585 18.1241923720
6.9598363512 6.6560197241 19.1363921288
7.1206055844 6.2694215434 19.9789200185
6.0317165068 7.9366291978 10.8874853628
5.9734836675 8.2620675584 11.4400770701
6.2619782698 8.3204664004 11.2281367914
5.8325868520 8.3478554777 14.1284589708
6.1316873721 8.3157851478 14.9905534457
6.3922350064 8.2618210887 15.6442577993
6.3971860458 7.8858253990 16.1233821082
6.4171107386 8.6929238295 11.7679050051
6.1759851606 8.8924889198 12.7605097119
6.1685766514 8.9688524823 13.5330305235
6.4541254348 9.2731258026 13.1132025252
6.3934816581 9.0484661070 14.3502200759
6.8146309168 9.0576443567 15.2967221995
6.8317876516 9.6301649948 13.5861933467
6.8983867727 9.6183032375 14.4945847455
6.4397936322 1.4163513126 10.6004860287
6.6722917728 1.3568312385 11.3086948651
6.7455514958 1.3146203335 12.2444321068
6.7580291687 1.3032590892 13.2583554923
6.7572547998 1.3186197874 14.3011406347
6.7553868490 1.3665392689 15.3598822154
6.7776872620 1.4731911693 16.4238112162
6.7873011412 1.7097505890 17.4780264557
6.9201358830 2.3518545218 8.7644618088
7.1446212810 2.2605046322 9.1086632888
7.0865572132 2.0279343279 9.6928871845
7.0707423823 1.7574089764 10.6629154955
7.2773392973 1.6929606030 11.7926793556
7.3358216205 1.6703627894 12.8492840571
7.3480870649 1.6686997643 13.9019369936
7.3497544557 1.6840690394 14.9575252829
7.3542513169 1.7298101518 16.0130842460
7.3663085180 1.8415602358 17.0363120772
7.4197308335 2.0486437518 17.8632135095
7.1660534649 2.2016185828 18.2921731723
7.0035864338 2.6608098121 18.6371201747
7.3963833366 2.5390945774 18.7699778685
6.7902846577 3.3618113494 7.5103543421
7.2207355412 3.2293987320 7.9930395329
7.4787205338 2.7154821734 8.7928613225
6.9017125507 3.4963849320 18.9796073735
7.5790195410 2.9791182368 19.2511839390
6.6112701431 4.5174397875 6.4638259734
6.8346651129 4.1782331757 6.8905267067
7.1583781388 3.7950502576 7.4509566307
6.4527900022 4.0827767337 18.5420187027
6.7060993105 4.2322116974 19.1560428414
7.6049746713 3.6135722663 19.8760908582
7.0670036143 4.0739716352 19.6420184197
7.4154352232 4.2924975271 20.2375917865
6.6442266322 5.0710476838 6.3908323800
7.0382257301 4.6971566948 6.7721000854
7.2852129216 4.9005603964 20.4857564057
7.2522810368 5.4639843663 20.6033024229
7.8148374335 5.0327380532 20.8548279182
6.7829028276 5.5884447428 6.7442861421
6.4019065020 6.0679861962 6.8780158736
6.4624210569 6.2727058306 7.5157621162
7.1116685785 5.8462728680 7.5226877359
7.2857296903 6.1994789503 8.2887017375
7.6887950736 6.4959972565 8.8345490651
7.2885074947 5.9323515062 20.4831701037
7.7706331414 5.6586393462 20.7946484107
7.1853710197 7.0301293157 9.3679942658
7.6392492793 7.5139504475 9.8094675367
6.6571198234 7.8226154215 16.7029187722
7.0384262782 7.6746957607 17.5818566721
7.2444624093 7.3007664467 18.5314673429
7.5284513980 7.1066278848 19.1595095256
7.6501279705 6.7238883226 19.7373142881
7.8290861147 6.2218500476 20.4248766902
6.7183990780 8.2862705142 10.8956893331
7.6906275912 8.2089291049 10.3956021668
6.7452588118 8.4255563614 16.0960137848
7.2288883078 8.4387571451 16.7798014843
7.5844791648 8.2426434844 17.4855485514
7.7961439180 7.8758852262 18.1771644078
7.8454123024 7.4692209567 18.8318499372
7.3167743881 8.8104822718 11.1457915316
7.1685096682 9.2060211683 11.7651614956
7.8664712274 9.3478891103 11.4675766010
6.8390767938 9.3725584202 12.5442013076
7.1901541332 8.9441737828 16.0676501809
7.6594216842 9.0424455815 16.4288633888
8.0293991916 8.7506717238 17.1003397559
7.5598511104 9.6003793321 12.0910671256
7.5707954574 9.9527725791 12.8193317518
7.4666452488 10.1682990478 13.5599983193
7.9075729339 10.3344326082 13.2650860286
7.3466318596 10.0933648250 14.2010788627
7.4170533858 9.8724691497 14.9357016831
7.7211436486 9.5236477070 15.7473579386
8.0031645854 10.4381747236 13.9308168453
7.8455449910 10.2964779079 14.5809990978
7.5527887979 2.3737451362 9.4698754664
7.7164833443 2.2685307459 10.2468182207
7.8219167742 2.1666618804 11.2890653664
7.8926651410 2.1292528903 12.3710888280
7.9157070984 2.1195591293 13.4363669652
7.9207608495 2.1214358485 14.4943914569
7.9223375373 2.1356917660 15.5501941815
7.9250453196 2.1800170476 16.5967524088
7.9266948668 2.2917872004 17.6059313431
7.8635624221 2.5457059364 18.6262881655
7.9420893235 3.3275814023 8.4466700469
8.2462144919 3.1745748798 8.9329281213
8.2245754107 2.8223029438 9.6698142862
8.4110968660 2.6770445973 10.7939889383
8.4730848286 2.6088672551 11.8775900575
8.4959209966 2.5879769797 12.9482700456
8.5022754497 2.5841178521 14.0088687036
8.5036443472 2.5867940348 15.0655180012
8.5045476108 2.5997594546 16.1191592411
8.5071216851 2.6398482552 17.1609013411
8.5154244933 2.7370483166 18.1653810779
8.5965600717 2.9063815130 19.0004332918
8.3476953770 3.0696883672 19.6209705382
7.9581379506 3.2383802499 19.8132257605
8.2780481425 3.4734215999 20.2183105773
7.5296379715 4.5968630134 7.3633373994
8.1037927776 4.0576945256 8.0896343252
8.0434244695 3.9768352632 20.5261168956
7.7945306875 4.5035383944 20.7031398508
8.4675927339 4.4221261488 20.8959006207
7.2045105858 5.1845106381 7.0178890174
7.6738525871 5.2985300200 7.5996875712
8.2305070467 5.0268320956 8.0117309241
8.4972214994 5.2174283363 20.9890782183
7.9715916761 5.8281516080 8.2368402108
8.6853304686 6.3762278677 8.9493802136
8.2596349526 5.8286736189 20.8200641581
8.8505953273 5.6822001934 20.8652457956
8.5308388821 6.1175181857 20.6022395493
8.1021336776 7.0281208432 9.3710419157
8.5801072887 7.6746238087 9.8318387784
8.5988385238 6.5878806923 20.0663061669
8.2346203103 7.1599886820 19.3716838182
8.8217310017 8.4812611001 10.3534606350
8.0679687376 8.3564097574 17.7369459268
8.4578458162 8.1789698975 18.1502199216
8.6500656167 7.7014177228 18.7586621821
8.1872316971 8.9293421836 10.8421887746
8.5973250394 9.4077754140 11.2335871560
8.9332049903 9.0375318952 17.0875306822
8.3477769925 9.3277965589 16.4522920236
8.6953110676 8.5715194990 17.6877202292
8.5411399435 9.8947533398 12.0695578635
8.2195956686 10.2567653711 12.7982525272
8.7447212109 10.3195562356 12.7252465745
8.7068402227 9.8369758920 15.8255734886
8.1846380957 10.1286853134 15.1600201215
8.5634459111 10.4933395733 13.3304340775
8.7359403726 10.5848897824 14.0022110073
8.5035006159 10.4665126048 14.5691291125
8.4825224982 3.6310119498 8.6518090297
8.9650165249 3.5573365865 9.3139920323
9.0890313849 3.2165092556 10.3446383656
9.1265912446 3.0633458609 11.4215095540
9.1369255442 3.0135234810 12.4903285051
9.1400719902 3.0018243212 13.5513313845
9.1406412048 3.0004650036 14.6082221021
9.1400898988 3.0032790082 15.6630687120
9.1389012423 3.0144639974 16.7134499892
9.1387653680 3.0453356296 17.7464662032
9.1479853370 3.1096274567 18.7244779372
9.1379797042 3.2307882838 19.6497794357
8.9690076860 3.4534295228 20.3058499334
9.3652289205 3.3977200475 20.1819795589
8.6379847708 3.8073725418 20.6467220169
9.2770370758 4.0051451504 20.7448933276
8.9714007009 4.1625195224 8.6997609735
9.6742392950 4.2601850517 9.1981229110
9.9606850485 3.7943544858 10.0101561416
9.9076031909 3.4630704950 11.0629426214
9.8844904406 3.3549231164 12.1162942529
9.8770717843 3.3267951278 13.1733560808
9.8747047824 3.3216707966 14.2293671526
9.8718011845 3.3221983506 15.2832795321
9.8648791677 3.3266084428 16.3332054465
9.8489511064 3.3394526237 17.3726272506
9.8150636743 3.3669212111 18.3793922481
9.7556794356 3.4122374416 19.2939054217
9.7079672715 3.5039144033 20.0159795315
9.1059263619 4.6488316270 20.9912077794
8.8984390523 4.7982600605 8.4360538350
9.4750886114 4.7071292026 8.7942434291
9.2764881028 5.1699053397 20.9542178204
8.8477284262 5.5377642557 8.5311721115
9.5711306177 5.8480147306 8.9760177847
9.3311520394 5.5645121060 20.8310550583
9.2633564775 5.9869145454 20.5300765718
8.8635516429 7.0576465468 9.4153636827
9.6099421628 6.7051515681 9.3319553648
9.5294950472 6.4459737155 20.0478636875
9.3579285075 7.0599462808 19.4707271074
9.3355195064 7.3553854496 9.6208550709
9.7153801819 7.8865275135 9.9624574247
9.7952852535 7.6576703018 18.8437784748
9.2588058494 8.1956294643 18.2631832338
8.9869495871 9.0917067242 10.7980741599
9.9304876629 8.8327159391 10.5568029692
9.8397898547 9.1794316007 17.0383444548
9.2457535734 9.5079249270 16.4810774605
9.6479490151 8.6889051628 17.6652352300
9.5412464733 9.5473549406 11.3254639588
9.6654747322 9.9731360173 12.0725319050
9.1717211487 10.4609178908 13.0789811399
9.3799330057 10.2421798831 12.6034495513
9.8360296753 10.4188711813 13.2068484773
9.7650599903 9.9191045681 15.8295116522
9.0686972225 10.2706804731 15.1697636870
9.4005156876 10.5626530408 13.7243760683
9.2926690706 10.5269217620 14.4767907230
9.7732800066 47.8560871527 14.7738792194
9.8850753652 47.9880510537 14.4102557327
9.8866944915 47.4596432424 14.5156259132
9.8428814511 47.5362171871 14.9597523936
9.7748429086 48.2325187857 14.8029441097
9.8865350381 48.5742494737 14.6369301538
9.8173465517 48.1125125724 15.1707834878
9.8528050017 48.6391059380 15.0610314245
9.5206817012 3.6003353590 20.4213425676
10.3790576061 4.3469433695 9.5552258980
10.9724566904 4.1001991442 10.1137755774
10.8269075589 3.7532975427 10.8865005817
10.7581727967 3.5913270945 11.8722402019
10.7325064138 3.5403832004 12.9129861253
10.7239525858 3.5294415220 13.9654920387
10.7163240183 3.5296059894 15.0169002423
10.7007906593 3.5351907695 16.0615213402
10.6674882894 3.5496652054 17.0920806707
10.5991360898 3.5827767654 18.0985873974
10.4532992356 3.6386437239 19.0470827290
10.2121188645 3.6730952270 19.7560812428
10.0613691181 3.9146574078 20.3675720887
9.8633753365 4.5701880139 20.7822705797
9.4425603964 5.2123935328 8.7360147664
10.1790131365 5.0507373852 9.1585277028
9.8987477846 5.3278537228 20.6857057927
10.5120296207 4.8008602431 20.5657735615
10.7429589250 5.2648397547 20.3499461199
10.4424993484 6.0327931269 9.3335933905
10.1330805823 5.9058974188 20.2692420558
10.9948110237 5.7972024397 19.9978382856
10.3246143300 6.4664974768 19.7757372337
10.3328127686 6.7600991910 9.5114063705
9.9401545793 7.2270084422 9.6266806369
10.7203960235 7.1803094452 9.7815151398
10.4640470856 7.0622605751 19.2667722188
10.8276573256 8.0884908135 10.1561843630
10.6587329804 7.5351857853 18.8518932444
10.4551220171 8.1178723143 18.2977273244
11.1513269928 8.8562072483 10.5813199503
9.9991829860 9.5393107938 16.5182694882
10.4879259383 9.3164139800 16.8398916787
10.8762997014 8.8167766089 17.4359578197
10.6928633399 9.4162287591 11.1241197346
10.5251266219 9.8265583410 11.8834365379
10.3784907121 10.1464572652 12.7534801756
10.4839679982 10.3334250131 13.4818281631
10.6389213777 10.0288728421 15.3617889931
9.9241175926 10.3137856850 15.0064113125
10.7148918869 9.6330689192 16.2083321849
10.1170715885 10.4831357570 13.7591329823
10.0296152340 10.4839892488 14.3098191320
10.5181243476 41.7179532844 16.3330310274
10.6290422727 41.8077088946 15.4856364415
10.7282075306 41.1383277648 15.8885656972
10.7078128672 40.9491563925 16.5933516537
10.5326403059 41.5902984145 17.1338510841
10.7445375987 40.9252638780 17.4021545289
10.6307000519 41.5385718550 17.7479171048
10.8402639738 41.1775985179 18.0653822945
10.3826941725 42.6961273403 16.0020323907
10.5319373655 42.5434398968 15.1197863490
10.3988415204 42.4306261522 16.9569407330
10.5340987125 42.2228430031 17.7113685245
10.7868591176 41.8990978130 18.2892692162
10.3443366433 43.5735703285 15.1666090946
10.5251896497 43.4521349634 14.1793908534
10.5928634006 42.8381550093 14.5102166794
10.2514110739 43.6834483107 16.1683901241
10.3117673644 43.3990146249 16.8797090641
10.4736777913 43.1456392885 17.6618355616
10.7530030418 42.8169573567 18.3411273744
10.5338002486 44.6872546610 13.2596779379
10.8802187790 44.8931714158 12.4272264775
10.8309862490 44.0904181315 12.6379553700
10.6449613783 43.7510626258 13.3963404378
10.3401198947 44.4287268095 14.2754519921
10.1937940785 44.6772328956 15.2315155640
10.1962178620 44.5096874002 16.0011088416
10.2642247725 44.3850163559 16.8453722492
10.4493164251 44.1615436332 17.6236852364
10.7615587934 43.8448047008 18.3394675744
10.5293543229 45.6049574116 13.0754698797
10.9979545213 45.9258744101 12.3256586301
10.2585553517 45.5118256383 13.9485713843
10.1347462224 45.5256469100 14.9343407791
10.1396415670 45.4850980902 15.8806280371
10.2488649929 45.3862282778 16.7614618424
10.4595510625 45.2130241232 17.5807804329
10.7764626178 44.9159020464 18.2923351611
10.5491884984 46.5117945074 13.0352152262
10.9584505100 46.9001473698 12.5039544624
10.2635475955 46.2982203977 13.6727418586
10.0344832430 46.6983475806 14.6437564387
10.0791254351 46.4917395769 15.7094139749
10.2319022468 46.4093241324 16.6314591276
10.5100319307 46.3183915020 17.5085673342
10.8561405309 46.0118128943 18.2572276507
10.6011292949 47.2298192876 13.0232387740
10.1963982536 47.3160152167 13.7965945338
10.5466741932 47.9814957887 13.2183946798
9.9950182412 47.6083024990 15.6405586730
10.1813802236 47.2741984185 16.4296194313
10.5099488417 47.4829308685 17.3083634047
11.0855582039 47.3112273148 18.2672773876
10.1640568378 48.5737806774 14.0112680758
10.5751682992 48.9572451489 13.2542499573
10.0308140869 48.7954155732 15.7411664817
10.3036440766 48.3534147351 16.6765595736
10.6573138124 48.4581473699 17.4513716104
10.9259150811 48.1748732618 17.8967614536
10.2931405226 49.8578832180 13.9404768999
10.6124891715 49.7673147548 13.1654056161
10.0499769375 49.4531567941 14.9847324043
10.1737606579 49.8115847770 15.9468198888
10.3596412636 49.5259337568 16.6110570667
10.6841174118 49.2556755389 17.3119159256
10.5003925872 50.6909103059 13.3578829378
10.8982654189 50.8421412078 12.6314828519
10.8449666644 50.0999548820 12.7679573061
10.2461367564 50.9351287397 14.1538435157
10.1628065952 50.7112531777 14.8609772537
10.2143033563 50.6493571841 15.7473542814
10.4445515330 50.5739865180 16.5658497698
10.7794420658 50.2752159406 17.2505503817
10.5717637114 51.6821164242 13.1598252924
10.9330438801 51.7124899333 12.4995820183
10.3108620942 51.7413837464 13.9627142337
10.1984765941 51.7046241232 14.7816714158
10.2546282611 51.6581726558 15.5961291694
10.4906163552 51.6167141393 16.4228519653
10.9337290137 51.4540015250 17.2271991773
10.6559889372 52.3903477998 12.9622055998
10.3986585009 52.7833814092 13.7551226782
10.6250681724 53.2530023254 13.0688297012
10.2605310617 52.6725075222 14.7072177177
10.2687718297 52.4691032303 15.4081343527
10.4990754297 52.7043523690 16.2073943973
10.8926549033 52.5287220052 16.9660674187
10.4005755078 54.0099705632 13.8113141061
10.6170666030 54.2747567583 13.0490896792
10.3188712533 53.7627080002 14.6648909128
10.3989001269 53.5069104936 15.6061568690
10.6584487875 53.6495204857 16.3709547214
10.8616911243 53.3230019863 16.7857943002
10.3994174819 55.1455867337 13.6893987302
10.6029947853 55.1087839994 12.9477030640
10.3428827742 54.8665754312 14.5481220117
10.4479989289 54.6685367511 15.4093475139
10.6995717513 54.4515870835 16.2064321302
10.5000938290 55.9729364062 13.1420772154
10.7869710332 56.3659123912 12.4309276786
10.7618381915 55.5408430901 12.5259216107
10.3634838024 56.0557562962 13.8514483180
10.3502683553 55.7334149864 14.3593425281
10.4886570473 55.8132607920 15.1537728440
10.7572977704 55.4775066525 16.0186179167
10.5608122236 56.9145799248 13.0036361017
10.8244975244 57.3095400195 12.4278471902
10.4221302138 56.6450737441 13.6025013953
10.4633662542 56.7059001066 14.4169538538
10.6482425639 56.7382141487 15.2570489074
10.7879055385 56.3570867931 15.7939623608
10.6520101962 57.6221821823 12.9653557318
10.8542245689 58.0513613849 12.6581433885
10.5473621633 57.4515157851 13.6518627107
10.6354354514 57.6221359430 14.3974434967
10.7037515318 57.3614572093 14.9749003080
10.7597648049 58.2386994761 13.3209353226
10.7347214505 58.1512421244 14.0396942592
11.0676644911 4.6480127986 9.6410128972
11.8403834942 4.3487067783 10.1661357400
11.8168366071 3.9481926327 10.8529251446
11.7342778765 3.7358922166 11.7607578041
11.6904724216 3.6583947765 12.7730431365
11.6733042872 3.6393586030 13.8183466879
11.6579023276 3.6398682793 14.8667153272
11.6259412545 3.6500384527 15.9021727380
11.5670185886 3.6747192701 16.9142370031
11.4603472705 3.7218849356 17.8827061694
11.2910522831 3.8255352225 18.8217669269
10.8870350449 4.0006366499 19.7725538352
10.5748583688 4.3433598685 20.4216464837
11.2356044013 4.6136453676 20.1335917304
11.1008617640 5.3378493543 9.4731423599
11.5091588537 5.1725298011 20.0573495772
11.1868742653 5.9330874512 9.5348039716
10.8862266329 6.4616852161 9.5678580236
11.6354849380 6.3031592315 9.7715853139
11.7202749587 5.5820970691 19.8227635137
11.4662336682 6.3286504120 19.4790673007
11.7358197829 7.2626604868 10.0049058827
11.1984760593 7.0963742017 19.0706234272
11.9992823199 6.8584082377 18.9981676041
11.4141063270 7.5401290114 18.6738469565
11.9023893755 8.1544456798 10.2984333011
11.6517248444 8.1056481554 18.1314364462
12.1204120346 8.8585443864 10.6810161071
11.0988785933 9.2754638874 16.7676680133
12.0183112993 9.0313234800 16.8181495666
11.4784587206 9.4331324538 16.3074752872
12.0054274826 8.5523548590 17.5988455454
11.6497683716 9.3317999723 11.0594505153
11.4675266998 9.6666443306 11.7214332482
11.3784665074 9.8960950906 12.6009168507
10.6495892361 10.3361540870 14.1043566125
11.2402098714 10.0716826079 13.6429745806
10.5352482923 10.2956124111 14.7156497181
11.1620255253 10.0649224219 14.6686212892
11.5165985725 9.7083315749 15.5307800466
11.4703929504 38.6408636320 17.1497476920
11.6249775078 38.5040475664 16.3097726290
11.7447237610 37.9385200207 16.6937023195
11.7298497956 37.7376229148 17.4717530436
11.5468532457 38.4351159329 18.1063299409
11.7851554424 37.7087082549 18.3510112423
11.6853796457 38.3592363684 18.7452381540
11.9115900688 37.9492422228 19.0117990286
11.3398027791 39.3969013762 16.1937004539
11.5952193742 39.3349648385 15.3183257470
11.6957150550 38.7979771613 15.6823716449
11.2014654744 39.5274748063 17.2246788252
11.3293967718 39.3067156814 17.9967295824
11.5574885601 39.0748128548 18.7464243433
11.8845156170 38.7044081530 19.2836567421
11.3371145227 40.0781642057 15.1248376839
11.6690191823 39.9432767974 14.3478023773
11.6449310599 39.5680135659 14.8785474885
10.9828997928 40.4252473147 15.9563032737
10.9741755839 40.2099836163 16.8764301336
11.0609380092 40.3256741066 17.8973487250
11.4011537741 40.0498120103 18.7497205151
11.8027249548 39.6660414579 19.3891402894
11.5197325812 41.6329013869 12.1182747697
11.8804301491 41.4082369281 11.4330302000
11.8147552913 41.0730486499 11.9297840791
11.7797361285 40.8346926686 12.5132851550
11.3954243224 41.3189195194 13.0830883311
11.7131457399 40.4638899075 13.4402246497
11.2681214359 40.9496045612 14.1646215446
10.9457689606 41.0336997301 15.1669484591
11.2212821743 41.2997493049 18.8296102446
11.6998459472 40.6652362198 19.4556246999
11.6276653142 42.2778115630 11.3362838253
12.1542167242 42.5036550617 10.4708648265
11.9622791294 41.8395465092 10.9411922783
11.2843492519 42.4521273780 12.0513275774
11.1567569808 42.1938920485 12.8101627627
11.0777231260 41.8380677246 13.6219186200
10.8249997511 41.9543151497 14.5138072368
11.0615969461 42.3657804159 18.8263778868
11.7115436113 41.5147393397 19.5964918874
11.5561933143 42.4036956984 19.4498059438
12.2088519763 42.0172164704 20.0714790410
11.6605193136 43.2139602444 11.0622587129
12.0889734325 43.5700870458 10.4879276602
11.3269902915 43.0207148991 11.6935951313
11.0152356362 43.1780147214 12.5337167051
10.8166607183 42.7430879973 13.6361436769
11.2239498752 43.3763362258 19.0287598499
11.7328076455 43.3189734316 19.5993112463
12.0357637814 42.8774009407 19.9043444341
11.7682029579 43.9514646502 10.9580312651
11.2983509924 44.0238294657 11.7295748132
11.8666251678 44.7562041519 11.0617600909
11.2023154546 44.5417703866 18.9080914844
11.7984729451 44.2615179014 19.5038724705
11.3762796402 45.1887774324 11.7402003195
11.8919748335 45.7149520094 11.2778644133
11.2433323285 45.5699337848 18.8352507059
11.6493657128 45.1601653645 19.2672813541
11.4955679687 45.9533227167 11.7449061293
11.4338399944 46.6519783809 11.9447968423
11.3940535978 46.5850005857 18.8117842568
11.8443347125 46.0468580013 19.2699652523
10.8864234848 47.6012565010 12.6914324602
11.3875446898 47.6653326718 12.1389716670
11.5463842631 47.2610742744 18.8135979405
12.0827884552 47.1400960403 19.2034466946
10.9718622077 48.3675240897 12.6687790796
11.4565387920 48.8075028707 12.1255337734
11.0513325439 48.9782639651 17.8764294184
11.5122446810 48.5959953481 18.3944103302
11.8145332848 47.8983588048 18.8245504252
10.9645880948 49.3115182879 12.6727705186
11.3437914202 49.9628324349 12.1764395677
11.1640384755 49.8712669894 17.8069254849
11.5207886104 49.4712076881 18.2139393946
11.3522436735 50.9963202633 12.0407357335
11.3300946936 50.8610872712 17.7843095046
11.7710124022 50.3153124804 18.2374543846
11.3471288070 51.8781620833 11.9437990660
11.8222896762 52.0345587103 11.3737727722
11.7489439370 51.2731232757 11.5684004702
11.4886341350 51.7119630639 17.7885880485
12.0379268028 51.4211376158 18.2318813477
11.3649964756 52.7999286631 11.8367963851
11.8731384793 53.0587686412 11.1512155037
10.9514762229 52.5821150931 12.4389939162
11.9008786541 52.2603896775 18.0038857365
11.4064757599 52.4435949277 17.5693699132
11.3567484412 53.8055866570 11.7435703934
11.7694165249 54.1617863798 11.1344501172
10.9506044326 53.5487107173 12.4082033595
11.0315178774 54.1303234912 16.8342071573
11.3927800576 53.4783744980 17.3477242182
11.3659338129 54.6790016463 11.6307259113
11.7011036006 55.1708424418 11.1451805088
10.9465258517 54.6480943207 12.3082413822
11.1449796137 55.1359048502 16.7388649002
11.5933192548 54.6215254211 17.3294703409
11.1718417290 55.6319155148 11.8458403758
11.6566267195 56.2312804797 11.1757171782
11.2359887062 56.3361679713 16.5388398929
11.7398067677 55.7200373659 17.2666869872
11.1860502677 56.8152126067 11.8099841644
11.6707276546 57.3479141949 11.2035354621
11.0294436010 57.3655033376 15.7998449548
11.5079090640 57.3661940266 16.6233897780
11.9669039858 56.9131576280 17.2493402848
11.2130926395 58.0254020015 11.9765979724
11.7506506364 58.4711337723 11.2326512611
10.9530708462 58.2716538280 14.9424978691
11.1961757198 58.2310983917 15.7152310072
11.5296868147 58.2584106588 16.3274273330
12.0104630302 57.9984995775 17.0153617197
11.4239138994 59.2198620461 11.9424339174
11.8890430138 59.5595077945 11.2351284726
11.0671727943 58.9575087798 12.8484192955
10.9887865594 58.9888527736 13.9980935699
11.2003774592 59.2753570300 14.8772335880
11.4362831324 59.0506552990 15.7008341831
11.8291421937 59.1192259458 16.4023848930
12.0354416683 58.7555673605 16.8060772192
11.5958314861 60.2491594587 11.8880762828
12.0791805027 60.6536057250 11.2383580488
11.3214052865 60.0616619327 12.6592428903
11.2208454500 59.9685527526 13.6050359882
11.2543668134 59.8507583594 14.4365998238
11.5659708423 60.1299559017 15.2402484195
12.0913750177 60.0719385038 16.2196613523
11.7300416308 61.1495087385 11.9384887786
12.0989586272 61.6301996394 11.5181715648
11.4869770875 60.8434792238 12.4664728984
11.4570559596 61.0049006221 13.3064458869
11.4995681894 60.7527401080 14.3900898820
11.7772452379 60.9802298250 15.1452912847
12.0121394873 60.8244599078 15.6913989379
11.8329125903 61.8203980578 12.0638177185
11.6372409062 61.6302356895 12.6291003977
11.8452117994 62.2136825117 12.4552415438
11.6697385948 61.8466368896 13.3420974720
11.7050549432 61.6498002258 14.0596029968
11.8126747648 61.4600578819 14.7769100476
11.7966004706 62.2424524423 12.9805794188
11.8031932793 4.9343736039 9.7940888945
12.4728765064 4.6486896657 10.1787372046
12.8697055604 4.1787323045 10.8255348605
12.7758728451 3.8391312575 11.7331404529
12.7149373621 3.7194567907 12.7202716673
12.6881308237 3.6876664002 13.7560353036
12.6649500457 3.6885080645 14.8028085726
12.6101568070 3.7082081799 15.8343941867
12.4969925699 3.7469556866 16.8136752866
12.3449889961 3.8293558894 17.7516862151
12.0765821949 3.9188213033 18.5300688503
11.9545326948 4.2114056447 19.3653681159
12.0545912139 4.7232074277 19.8124083574
11.6780971638 5.5494651977 9.6721136385
12.4615078583 5.3905455487 9.9717713203
12.0920640720 5.1494536389 19.8302845423
12.5299595779 4.9058126159 19.6124762101
12.4235010920 5.4844618001 19.5097604695
12.6370142402 6.3630584806 10.0241229336
12.5369043024 6.1503166750 19.1943316919
12.7751703185 7.3165769987 10.1792160220
12.8035943328 6.5825388638 18.9119632203
12.5704315678 7.3236852591 18.5635455552
13.0131938800 8.2218403117 10.5160690492
12.6995665385 8.0674005112 18.0160117967
12.8759033814 8.9488142207 10.9755049108
12.3186005297 9.2477527808 11.0713079664
12.7668722333 9.2974894155 11.3954133169
12.0577853140 9.3817770380 16.0283616246
12.9494040962 9.1414242929 15.9668415318
12.3041690411 9.4944407107 15.4182095945
12.9225763451 8.8731981763 16.7861475235
12.9099420200 8.5662556144 17.3960705855
12.2435058347 9.4965704358 11.5646558415
12.2499852007 9.6681894906 12.3684436566
12.2084500054 9.7589997513 13.3760348431
12.0747252856 9.7391763086 14.5389691743
12.5468592535 34.3833446665 17.2374889923
12.7312840055 34.1810388317 16.3496366850
12.8019744549 33.6173658803 16.6710655661
12.7605829363 33.4826254251 17.5146070984
12.5547703206 34.2555217226 18.2446468615
12.7912155931 33.5067150793 18.4988566754
12.6572388406 34.2740320537 19.0768708187
12.8772034429 33.7353850097 19.2664386283
12.5317279632 35.0852805663 16.4632974189
12.8133737927 35.3776912975 15.5086652668
12.8522042247 34.5067014923 15.7666659172
12.3339517132 35.2797794050 17.3567232766
12.3598308884 35.1106653791 18.1120509872
12.4778791266 35.0294479468 18.9513333703
12.8476264990 34.3204696277 19.6603787795
12.7001864955 34.9618505239 19.6339222440
13.0612542658 34.8477989247 20.1423053285
12.4261699274 36.1294026828 16.0888792588
12.7268226272 36.3690961210 15.2431632809
12.2225555063 36.0381140079 17.0441905376
12.1860090151 36.0166062378 17.9929651696
12.3243981534 35.9417899876 18.8694689773
12.5902433928 35.7780318989 19.5994671313
12.8967447169 35.5515500487 20.0820042561
12.3503890298 37.0542698093 15.6507189125
12.6350188815 37.1177823538 15.0151055034
12.0400848897 37.0711360377 16.6546855006
11.9819239824 36.8993864953 17.7382722510
12.1062296188 37.0268530699 18.7835312008
12.4973936206 36.7690165159 19.5980279642
12.9414678313 36.3742971531 20.1774234342
12.3819769335 37.8108707604 15.0329749284
12.5936005657 38.2730943934 14.3067339278
12.7562646864 37.5526795114 14.5507542152
11.9667440348 37.9835777608 15.8349228115
12.3268654003 37.9612307453 19.6386667984
12.9305168507 37.4300372752 20.2326170098
12.0046117277 38.9235789641 14.7910459216
12.4140329265 38.9667677771 13.9643258002
12.3114227938 39.1669643020 19.8944992026
12.9070598903 38.5416654933 20.3345393935
12.2480978462 40.5374385925 11.8317871866
12.7874238106 40.2576712046 11.2251336595
12.7123720100 39.9357330948 11.7745868199
12.6627141271 39.6486670117 12.3780346604
12.1624841522 40.0680008900 12.8570734447
12.5468851744 39.2891608417 13.2542870926
12.0858593134 39.6259924188 13.7748697965
12.2240185496 40.2518166734 19.9795089524
12.9413281044 39.7222968169 20.5046861348
12.4194206888 41.2647326198 10.7620789849
13.0062425910 41.1774043215 10.0154082956
12.9726424319 40.6062895340 10.5584755273
12.0762054610 41.1163531157 19.9536407815
12.7334394663 41.0214336385 20.4521275346
12.6876051584 41.9487029822 9.9237363172
12.9348185782 42.3930256057 9.3946313106
13.2231325999 41.7397628213 9.3199004295
13.0085032442 42.1014890130 20.5721007624
12.6249829994 42.6556491813 9.7549685409
12.5478770851 43.3692806743 9.8829254207
12.2490179847 43.6449693536 19.9385533963
12.6488797364 42.9501903338 20.2659329492
12.0959333648 44.2370626838 10.6163402362
12.4889960650 44.1942370378 10.1419212614
12.4414879286 44.4211627760 19.9138434877
13.0588424679 43.9584157381 20.2623452956
12.3347386767 44.7425836679 10.5149279963
12.3980529623 45.5025070206 10.6729564141
12.9284576612 44.8645909229 20.0607768416
12.3166980426 45.2829668480 19.6888180409
11.8369793765 46.4030306500 11.4908911007
12.3746975168 46.5630080365 10.9477805803
12.5936406044 46.3885349395 19.6457748215
11.9394766215 47.1989021927 11.5209908491
12.4815558671 47.6968681579 10.9936631885
12.9675755473 47.3493999521 19.6171005969
11.9918342574 48.2487191914 11.5602684665
12.5400649025 48.7799425164 10.9632032063
12.1704814567 48.7035751542 18.8466209489
12.6845161707 48.2375968789 19.2388084132
11.9800610534 49.3531529564 11.5582035559
12.5067944383 49.9309126774 10.9284170390
12.7229907603 49.1378006665 19.0297710343
12.1696104979 49.5568764401 18.6376394348
11.8903850183 50.4275539093 11.5422619795
12.3164644108 51.1565380177 10.9660650474
12.4916983997 50.6297677121 18.6277769404
12.3002655688 52.2038356163 10.7897662420
12.7536021096 51.4968998088 18.6331744296
12.3379454946 52.8943709501 10.5994916916
12.6567037552 53.1747197187 10.1331983452
12.6246098990 52.4895769649 10.3257325273
12.0013508132 53.0810606543 17.9129116314
12.6906094879 52.5211297476 18.4125310279
12.2390298312 53.6601032551 10.5948388680
12.6633174350 54.0989207372 10.0040691844
12.1046646311 54.0713112085 17.8146357622
12.6033067632 53.5683433268 18.1899116942
12.1894582637 54.6506262976 10.5663241001
12.6661406061 55.1424957569 9.9702310843
12.2675632332 55.1027560898 17.7734305162
12.8438064866 54.4470622824 18.1666542562
12.1641286864 55.6924587318 10.5691024509
12.6655727646 56.2078295412 9.9978463675
12.4360432049 56.1539566685 17.7424563341
13.0404817178 55.4795206149 18.1176924085
12.1641136779 56.7590183106 10.5850418510
12.6952636282 57.2586134992 10.0173260090
12.6084986820 57.0005301237 17.7419453634
13.2605868953 56.5782115681 18.0788628198
12.2094911553 57.8345975426 10.5979867457
12.7920959705 58.2994197256 10.0169808487
13.0836269416 57.4561156814 17.9057189039
12.5703253536 57.7796255225 17.5458547200
12.3205734971 58.9100317617 10.6057975169
13.0310637756 59.4201413427 9.9740883965
12.3070972631 59.4937565047 16.7903923182
12.7599565591 58.9312949951 17.3225225277
12.4495914447 59.9396898636 10.6509768189
13.0053125546 60.4701370662 10.2302882505
12.4918486315 60.0561942987 16.7286240344
12.9205424863 60.0033910757 17.0619696116
12.5757041171 60.7136843035 10.6883143656
12.5307020086 61.4066102198 10.9158622522
12.1988849577 61.6368389709 15.4420190008
12.6221550972 61.2474599317 16.2148201692
12.8101091371 60.6138528979 16.7090098925
12.0945391095 62.3324650626 11.9462727092
12.5614311723 62.3403486213 11.1833347854
11.9425988020 62.4256390909 13.7612647549
12.0541508784 62.1299937614 14.6981390377
12.4837641720 62.4750120358 15.3535040474
12.8225803734 62.1797743662 15.9682857573
12.3572588038 62.9125227667 11.8265872843
12.7554850099 63.0741162544 11.1300636082
12.0571916551 62.7657152663 12.7941209364
12.1533725517 62.9782098450 13.7667760837
12.3244831519 62.8526837203 14.6545901708
12.6936120048 62.9748800719 15.3910637672
12.9027653246 62.7716804543 15.7946034020
12.5293394576 63.2381673379 11.6018489903
12.8141488983 63.3143198163 11.0938698619
12.2632487813 63.1374065222 12.3801874434
12.1858733433 63.1373198099 13.3084683708
12.3319953278 63.1647703423 14.2548684320
12.7121199445 63.2051674959 15.2068185988
13.2934087591 4.7403629153 10.4228044776
14.0539179577 4.2713327470 11.0483844998
13.8648680064 3.9201247758 11.7747882137
13.7750142755 3.7580196674 12.7171583334
13.7362760968 3.7078936555 13.7388331782
13.7094027751 3.7060939756 14.7840467904
13.6437026059 3.7386593936 15.8230060682
13.4662764800 3.8135459211 16.8136255891
13.1388960056 3.8957902736 17.5982315616
12.9779799204 4.1800880256 18.5894099784
12.6137129407 4.5225217332 19.3852408038
13.1402215509 4.8463671605 19.1583278066
13.5121983439 5.5335969011 10.2222583337
13.2050661783 5.5396822941 19.1354294676
13.6483352429 6.4586011911 10.1915459098
13.2133967457 6.0822179668 18.9944221667
13.7500939152 5.7044329922 18.9082230523
13.6631446161 6.4409724966 18.7480007376
13.8098539592 7.3362205999 10.3179356931
13.8048978825 7.5105892218 18.3390882197
14.0919817777 8.0282591042 10.6038331284
13.3685341179 8.1605263933 17.8805971850
13.8826250692 8.1191051941 17.9355314049
13.6254862415 8.4041390829 17.5746473242
13.7053880077 8.6678901288 10.9960191252
12.9542714871 9.4434723235 12.0518386506
13.4396185942 9.1509837496 11.5664793000
13.0600777559 9.5341696264 13.0393476477
13.8711859009 9.3752982159 12.5570836837
12.9764789885 9.5197805850 14.1159633740
13.9321262078 9.4002819277 13.8551151078
12.8036603594 9.4324928256 14.9925353312
13.5770235311 9.2585937474 14.9572645529
14.0147275864 8.9453360749 15.8266522044
13.8884259355 8.6887968612 16.8805405491
13.6504036914 30.1462096452 18.1875529614
13.7253345184 29.8411415038 17.3349164960
13.8732326945 29.4015268652 17.7351866363
13.9290780284 29.4090968850 18.4747198657
13.7765944143 30.0324186972 18.9191322420
14.0178340472 29.6253334055 19.1998711455
13.6747317189 31.0379927914 14.3078834783
13.9163691329 31.1688719441 13.4854126601
13.9348628727 30.4399758897 13.7267228641
13.8324192915 30.2198724767 14.4790857543
13.5503512758 30.9211691231 15.2136648836
13.7656494867 30.0726704956 15.4664375172
13.4875097049 30.8360714552 16.2355710615
13.7338577789 29.9522050934 16.5023265993
13.4746924688 30.7301729427 17.3773194503
13.4345340250 31.0261307495 18.3574198168
13.6108990846 30.8375549028 19.1057058077
13.9104071711 30.3205434541 19.5595977907
13.6154519235 31.8745161194 14.1409205119
13.9142733923 32.0938115937 13.4108373061
13.4183192946 31.7520231109 14.9759486978
13.2980692810 31.7158049159 15.9230106237
13.2362418973 31.7147732153 16.9959227112
13.2452990632 31.7687975262 18.0888959285
13.3842189171 31.7965253449 19.0559282801
13.8019769789 31.0215497926 19.8063466208
13.6419032119 31.6770651519 19.7927676145
13.9300736204 31.4787755862 20.2383497812
13.6289985413 32.6926147354 14.0364402233
13.8966853075 32.8480658366 13.5074020943
13.3644262980 32.6108302313 14.8104175134
13.2100121780 32.4467213146 15.5845418885
13.0334261618 32.7110814053 16.5932888061
13.0059091700 32.6455067220 17.7865348217
13.1091496460 32.8416627366 18.9666395313
13.5068599028 32.7141507407 19.9621866284
13.8882743993 32.1848080205 20.4309177760
13.7234388504 33.3142106507 13.9092132072
13.4341690384 33.4503249191 14.5572629051
13.7085547908 34.0603427126 14.0527887939
13.0615810096 33.4926296103 15.6528499082
13.2022230707 33.8296428100 19.9402450398
13.8912224230 32.9124599127 20.6505385090
13.7562580136 33.6572400237 20.6174321297
14.3196088620 33.2855173590 21.0596985594
13.2402770342 34.5276607501 14.8986603831
13.6853774935 35.0440755389 14.0956698545
13.5915429260 34.6430405249 20.6217932553
14.3416571456 34.3549116166 21.1222409669
13.2229041438 35.7970718884 14.6233005786
13.6778799552 35.8432348480 13.9885793543
14.0440379339 35.2832740316 20.9845846338
13.4247194633 35.7054346108 20.5805891352
13.4718048966 36.5736051224 14.0021525734
13.8333313545 36.9513303583 13.3488470643
13.9017179099 36.2313000041 13.5924501181
12.9938415824 36.8509619616 14.5492726157
13.5198155426 36.8401907736 20.6703764570
13.1700969515 37.6821558947 13.7865965990
13.7204435126 37.7958995783 12.8795207431
13.5403665685 37.9014424164 20.7240259550
13.2085738016 39.3862537583 11.7047284333
13.6163795746 39.3744808512 11.0048955803
13.7741005729 38.8685273265 11.4100372702
13.7084031043 38.4516723613 12.1296650701
13.1251557040 38.7068345559 12.8455579618
12.7838785347 38.6082312590 13.6473184841
13.5276824471 38.8847717805 20.8041768595
13.2896260306 39.9513116516 10.8222025320
13.4656117382 40.4427181268 10.0457742664
13.7156473214 39.7232880883 10.4229261440
13.6080314115 39.6018927774 20.9277276927
13.4755260889 40.3921247495 20.8964868433
14.1487509523 39.7853113679 21.1643197193
13.4167850762 41.0685757684 9.5600017850
13.4892003273 41.3526915092 20.8922459801
14.1481561294 40.6905804657 21.1648582052
13.3127181741 42.5396731886 8.8158626297
13.7344538626 42.6855532685 8.0063465734
13.6973152411 41.7803052847 8.5286105816
13.6488430400 41.2158446722 9.0482656259
13.6684133512 42.1093079949 20.8714143393
14.1920208544 41.5657260127 21.0994512023
13.4267902923 43.5550765081 8.4374082237
13.7607166491 43.5139874747 7.6463719667
12.9709143495 43.1125491680 9.2551987859
14.3123895293 42.3315051214 20.9479284119
13.5901362386 42.9479417848 20.6302590172
13.7014183766 44.4569750553 7.5974296461
13.9139617191 44.4603229672 6.8751868449
13.9330117931 43.9079675610 7.1113234654
13.5108437013 44.4669422460 8.4281599969
13.6496750712 44.7309028059 8.0439666978
13.0765552133 44.2477469960 9.3224555933
13.5097536949 45.0510890988 8.8311612515
13.9761600832 43.8204988189 20.5264417065
13.8559435402 45.0259150256 6.8321398174
14.1630680103 45.2265784645 6.2843997055
14.0036641968 44.7350491188 6.5584604623
13.7874372447 45.3775932930 7.2425918095
13.7266280669 45.1629909810 7.8447455316
13.2791729519 45.3657471020 9.4891333479
13.5894644596 45.6999774292 9.0282705143
12.7908081752 45.0391702275 10.0570830042
13.1497049346 45.6885548882 20.0064545841
13.8075972821 44.8250575610 20.3224493026
13.9481024412 45.7049897166 6.6585276369
14.1585033885 45.8731327148 6.2721108256
13.9154479239 46.0141616026 7.0905788573
13.8280743453 45.7906815901 7.6004441958
13.4627633350 46.0500831992 9.4439826472
13.0324869044 46.2160130756 10.0818618192
13.4813538300 46.6258066678 9.5243238138
13.3962242511 46.6369089997 19.9459878789
14.0317814508 45.9221611077 20.2312989754
14.2030840882 46.4170876855 6.5513496921
13.3381599377 47.3739666421 9.8180752605
13.6956077598 47.8641181345 9.1692323922
13.6615616299 47.0976053002 9.2042649061
12.8732109117 47.2076656447 10.4690537693
13.6597819339 47.3684204171 19.8845578065
14.2049872856 46.8463940950 20.1304106308
13.4239433786 48.4152139151 9.7501134301
13.7151616837 48.6382104396 9.2146800491
12.9890099991 48.1380958136 10.3903057596
14.3413955288 47.6774519925 19.9591534065
13.5901520894 48.0918156867 19.6479723684
13.5417597119 49.1290706273 9.5877411273
13.1073392888 49.2842683856 10.2279707076
13.5071071630 49.9221865536 9.5970805379
13.0178320496 49.9553758330 18.9889036997
13.5715534700 49.1271611767 19.3578381029
13.0362348630 50.6288464116 10.1803064402
13.5090139904 50.7532558763 9.4795525531
13.2551050744 50.9240776206 18.9406619515
13.8944534211 50.2246497822 19.2495226129
13.3228487942 51.6238881274 9.5375217539
13.6632314418 51.8281454458 8.8369054605
13.6876323900 51.1914986696 9.0150933127
12.7848868048 51.7549084855 10.2832718139
13.3923188221 51.8599985963 18.8570177238
14.0650342925 51.2085780621 19.1637307292
13.4521420950 52.6503533149 9.0001441345
13.7940126898 53.0955911287 8.2278294793
13.8105530728 52.2658890769 8.3597371558
12.9955393161 52.5197900484 9.7981479241
13.5700497629 52.6612498338 18.7744047415
14.1904839263 52.1268307198 19.0550771846
13.4773507711 53.6800261847 8.7958472919
13.7729148707 53.8922344015 8.2384913830
13.0721113769 53.4468978021 9.4941596567
14.2978532675 53.0092064113 18.8827762972
13.4349882471 53.5827176414 18.5260423571
13.5825253945 54.3814313044 8.6230020436
13.1735351705 54.5206396424 9.2843804866
13.5654686400 55.1500331416 8.7227809521
13.7119550040 54.7007387495 18.4158168480
13.1467928761 55.6580500262 9.3793523381
13.5907133630 56.1388949357 8.7855566688
13.9181330176 55.6965019368 18.3398693083
13.1655852358 56.7045597462 9.4286055354
13.6408161122 57.1514844378 8.8375183932
14.1375082057 56.5107378393 18.3049244104
13.2276398330 57.7121896854 9.4540560047
13.7218464442 58.1056329388 8.9066089817
13.3157607012 58.2667320469 17.8256976292
13.9429756052 57.4748831348 18.1539104222
13.3802942486 58.6300605942 9.4365351671
13.7754043022 58.7272035933 9.0000117836
13.5941759871 59.0890746493 17.7523983463
14.2577881000 58.6369254946 18.0573408247
13.7921886694 59.3857292565 9.1846586590
13.6024628186 60.2976264688 9.6410199285
14.1640427519 59.4716013863 17.8632884405
13.7044945483 59.9100797554 17.5188409612
12.9305103668 61.1656595393 10.4550385520
13.5110794656 61.3234496353 9.9356020958
13.2367518130 61.3094909043 16.7200363445
13.6577689571 60.8760278826 17.1193672008
13.0537626031 61.9224877434 10.5013544389
13.6308241709 62.3769775644 9.9595793694
13.7984232845 61.6806503642 16.9027890800
13.3363002416 61.9642911114 16.5158229802
13.1427161858 62.7515286184 10.5556110751
13.6428717031 63.0794136372 10.0049970771
13.0942759515 63.1439513196 15.8224473562
13.4563605226 62.7420340375 16.3067197159
13.1954386749 63.2308360389 10.5632500580
13.6231057912 63.3230333074 10.0425037165
13.1552339456 63.3156444989 15.7984859134
13.6688826229 63.2112482455 16.3040339271
14.3035046684 4.8555331782 10.6066109103
15.0612646166 4.3817278359 11.1395569057
14.9580441194 3.9966421354 11.8326094066
14.8506728313 3.7937572297 12.7355400088
14.7981949590 3.7202225886 13.7400000601
14.7706615488 3.7096770202 14.7809497387
14.7170269023 3.7452059799 15.8251832940
14.5489529171 3.8632706630 16.8539596033
14.0700963524 4.1005009747 17.8566099092
13.8214704176 4.5136452297 18.6220905147
14.6198524739 4.6298707131 18.4377554245
14.6249103342 5.7002817611 10.3829782560
13.9118616858 5.0780077819 18.8603890936
14.5845092739 5.4710940949 18.7336512982
14.5082234962 6.6160035212 10.3001938036
14.8348779501 6.4287531991 18.7381668872
14.8944283548 7.3428389215 10.4577131700
14.9610378722 7.3971739027 18.5865629062
14.8074668554 8.0559597066 10.7173640165
14.4316031469 8.4766225871 10.9675293442
15.1434628219 8.5442307423 11.0768665014
14.3881162645 8.7073716917 16.3110918699
14.7331717964 8.7299779685 16.1877271001
14.5644147972 8.8456058301 15.8413904329
14.4228502403 8.6563490023 16.6551499125
14.6725047841 8.6728839498 16.5003673056
14.1446483869 8.3753645484 17.6469938625
14.7304966504 8.7145223301 16.8866127134
14.5062238290 8.0322526171 18.1152710543
14.4897040117 9.0766708783 11.6660356354
14.6566625065 9.5066236367 12.5569124924
15.2733476812 9.7148894185 12.2630726390
14.5560030674 9.5401836929 13.2881993886
14.7011806406 9.4784055664 14.0442211032
14.6823456997 9.2251719167 15.0786153685
14.8353384674 8.5524163561 17.6158743924
15.1629670599 9.8502050761 13.0710478428
15.0387584063 9.6987460520 13.6948195734
14.6942362413 27.9420448050 13.1946632849
14.9210713749 28.0924879247 12.3523512196
15.0076551083 27.3419196995 12.6750006386
14.9019831460 27.1254486610 13.4248417541
14.6026483313 27.8078323033 14.1214216862
14.8459095529 27.0537171657 14.3539789626
14.6003148940 27.7007910885 15.0442895935
14.8247349342 27.0968395868 15.1406239748
14.5139419770 27.8436245339 17.0779513005
14.6606250720 27.5202879017 16.2824932913
14.8071527278 27.1187674848 16.6983394617
14.8193022556 27.0864638079 17.5292986503
14.5361032801 27.8927363534 18.1770070246
14.8595939304 27.1699954050 18.5301897385
14.6594977594 27.9477252159 19.0983648931
14.9310292942 27.3989155732 19.3006167737
14.5338099691 28.8525937345 12.8654623801
14.8168605589 28.8066442893 12.1317534591
14.3742023994 28.6527800840 13.8748493120
14.3288288545 28.4881078827 14.9139869495
14.6768176857 27.4981540840 15.6812620077
14.3808748062 28.2303233035 16.0736202133
14.2631485958 28.4519623665 16.9542393657
14.1833631942 28.6737427422 17.7629678951
14.3029824924 28.8099895183 18.9479867457
14.8541828026 27.9453918376 19.6982779798
14.6445716183 28.6227495506 19.7557347077
14.9758866008 28.3161611948 20.1570880307
14.6145855483 29.5339710258 12.2693265637
15.0356224020 29.7442001277 11.5197847161
14.9026419319 29.1409786771 11.8232519179
14.3606869377 29.5490567300 12.8739759580
14.1659155213 29.6026295352 13.6023985474
14.0658622259 29.3623581820 14.6699415553
14.0371784139 29.2001431826 15.7483094227
14.0144995355 29.0964048794 16.8770189252
14.3905582023 29.6995107547 19.9726267140
14.8931111277 29.0558430621 20.4083934663
14.6199954097 30.4747100354 12.0756713942
14.9488231521 30.6934154586 11.4950417613
14.2465853254 30.2934298909 12.9129587879
14.1409488000 30.7962177142 20.2119720198
14.8654725482 29.7890416448 20.6657977183
14.6752471164 30.5588562028 20.7031033564
15.3100111917 30.1129717560 21.0827075332
14.7018479972 31.2121406278 11.8909867396
14.3164767412 31.4084332632 12.6313234613
14.6726154435 32.0357930188 12.0366376946
14.3942110560 31.6211562270 20.7626739436
15.2113111977 31.1544747863 21.2112975537
14.2778002611 32.6532602842 12.8402456951
14.7143480865 33.0539112493 12.1541853683
14.2454764253 32.5264474088 20.8969290827
14.9817551850 32.4189278434 21.2947962806
14.4374673293 33.6587001870 12.8123246434
14.7603095483 33.8772215467 12.2909002828
14.0325067445 33.5059927493 13.4189250571
15.0122984125 33.5790668651 21.4209272032
14.8762923354 35.3058390073 8.6700528387
15.1625072405 34.9212656752 8.2496101632
15.0866221391 34.6826845147 8.6634628343
15.0481616182 34.6793934565 9.0955675994
14.8805049910 35.2504848344 9.2424832833
15.0116802876 34.8891994403 9.6185429098
14.5893507428 34.3683546003 12.7244491001
14.1689947531 34.4805708712 13.3756481615
14.5469596946 35.1630197225 12.8409259928
15.1039029022 34.4031380004 21.4508060108
14.9361235665 35.8444618247 8.0307396523
15.3081975030 36.0136349006 7.3992124511
15.3102032377 35.2989708685 7.7398185525
14.7674563825 35.9587214023 8.4924693330
14.7987951595 35.9547735414 9.0197454565
14.9487723190 35.5376803641 9.7430825153
14.0776146292 35.5062159601 13.5091854058
14.3605948669 36.1985757326 12.9504919997
14.1614654175 36.1875072405 21.0256466342
14.8748844606 35.3381542866 21.3194988488
14.9478178348 36.7012974187 7.6271750576
15.2767883284 37.0109074252 7.0323163102
14.7769685086 36.7465824032 8.3336592820
14.8137859218 36.6581442820 9.0534215249
14.9047441535 36.2492968089 9.6028568228
14.2442963676 37.1161160388 12.6642414159
14.2262365012 37.2513623671 21.0490803920
14.9900195867 36.5120922815 21.3065015065
14.8398564744 37.8249997142 7.5889582928
15.0784389084 37.9528105381 6.9016234267
14.7736107665 37.6636310926 8.3131641557
14.8048579456 37.2259095200 8.7974091525
14.5023671354 38.2915303861 10.5932741094
14.6737903696 38.3269555365 9.9972634169
14.7558792060 37.8479827957 10.3686511176
14.6929651349 37.5488515797 11.0870873358
14.2217884085 38.1730618388 11.4732461046
14.5340140574 37.2988808033 11.9302563898
14.1142234948 37.7748220668 12.2669847631
14.1918833144 38.2884959646 21.0741839263
14.9939548171 37.6256287301 21.2982429743
14.8757222966 38.8814858185 7.0489976583
15.3014830749 39.0917883500 6.4691785769
15.2669011855 38.3359894105 6.5818778018
14.7034954022 38.9097965752 7.6843093858
14.7452421930 38.4417199524 8.1998612727
14.4537409128 38.9097811770 9.9137409246
14.5334012596 39.2960709062 9.2020548853
14.6797317067 38.6629988833 9.5005781193
14.0692101472 39.0191587189 10.6399138963
14.0519525056 39.1014291764 21.0883068685
14.8404809135 38.8394763769 21.2918840416
14.8107653439 39.9577199446 6.9005010659
15.2961306272 40.0842108474 6.3506742107
14.5657793492 39.8155074836 7.6739211214
14.6491197403 39.2878225284 8.1880420939
14.0919278467 39.8506865008 9.6026827360
14.4073615884 39.8953486195 8.8300116793
14.9075418449 39.9289171680 21.3229528449
14.7226954489 40.9589431651 6.8088742420
15.2558125326 41.1195848743 6.2447926967
14.4519079553 40.6718625295 7.4361672879
14.4935019956 39.9006462354 8.3305818354
14.1483681956 40.6625075468 8.4672489214
13.7641263949 40.6782632121 9.3486468538
14.9011689637 40.8909232174 21.2665252378
14.6465786198 42.0018194575 6.6741569357
15.2020209145 42.1530401941 6.1036880623
14.1916615859 41.7117665189 7.5503836207
14.9028197751 41.7099853984 21.1376822621
14.6403116016 42.9077835740 6.4237761066
15.0857988613 43.1775173102 5.9521155845
14.1427042280 42.9905073124 7.1003544952
15.0238036612 42.2752717639 20.9825922770
14.7413964037 43.0370337213 20.7592545675
14.3519043249 44.0739685687 6.3962251316
15.0525059544 44.0560847536 5.7233248850
13.6517270790 44.9907556188 8.2999726731
14.8256890757 44.0899896637 20.5646496732
14.7245123184 44.8990792841 5.7967938130
15.2923660038 45.2771895154 5.3870437205
15.2653436047 44.5667675534 5.4490574174
13.7649861174 45.7545419164 8.3151248631
14.8721606317 45.1239791095 20.4480565830
14.6071928911 45.9064780418 5.8711080429
15.4227077752 46.3481834562 5.3522155013
14.0005004792 46.6237995982 7.5992350186
13.8792203514 46.4918860159 8.3382827533
13.7187020209 46.4068322726 8.9286239325
14.9722690874 46.1222949554 20.3557865049
14.7424522844 46.9542687243 5.9653459929
14.3803968254 47.5565634347 6.8296086583
14.8494950084 47.9415635554 6.0597204561
14.1161053624 47.6800258704 7.7646071796
13.8941695275 47.2226341592 8.4984601837
15.0936770140 47.0358287955 20.2176372370
14.5832461137 48.6249327155 6.6699973240
14.9080073550 48.7242168293 6.1051746254
14.2682340289 48.5732217334 7.5127781081
13.9674371247 48.4020362955 8.4853448840
15.2560388489 47.8919115569 20.0143690435
14.4646330890 48.5397278627 19.7272390535
14.7337157783 49.2660820417 6.4688820204
14.4260892144 49.6910398041 7.2093465771
14.7352960463 49.8695593682 6.4983210983
14.0962649094 49.4568607876 8.1992425024
13.8090862603 49.3292480260 9.0154231007
14.6506026808 49.4860122161 19.5322471047
14.5801194346 50.6834305232 6.7776367991
14.9411837384 51.1048513126 6.0708651779
14.9295720263 50.2769903740 6.1408003412
14.2870805812 50.6922103782 7.5198980042
14.1422006388 50.3196656598 8.0183667645
13.8466321688 50.3458285968 8.8319870662
14.8367394221 50.4612515445 19.4080807838
14.5476833659 51.7513216090 6.7231489160
14.9241654081 52.1551204753 6.0152406128
14.3019111625 51.3707677100 7.3503590014
13.9931339955 51.3161792812 8.2031838468
14.9604228437 51.4162287731 19.2992090705
14.5110673589 52.8429599464 6.7185408432
14.9184613172 53.2289443846 5.9908554929
14.1456904237 52.3403944293 7.5685682734
15.0741522478 52.3238236746 19.1496711888
14.5283322719 53.9549919201 6.6857452296
14.9339085776 54.2943251622 5.9952777242
14.1159968021 53.6460231735 7.5376968745
15.2405566570 53.1784254832 18.9483967812
14.4614572752 53.9243739936 18.6879847913
14.5803661032 55.0000177936 6.6711021291
14.9596209948 55.3123151547 6.0515176748
14.2199050571 54.7528303026 7.3980546614
13.8749259367 54.5735228376 8.0984087727
14.6833480920 54.8699475331 18.5410942555
14.6547647183 55.9367530699 6.6834434612
14.9629178364 56.1030644626 6.1849988236
14.3032439186 55.7713857705 7.3798086134
13.9376551604 55.5071176235 8.0948884336
14.8501494108 55.8086757225 18.4457881659
14.7916882890 56.6098149654 6.6212498055
14.4531308113 56.8243578141 7.3460768978
14.8461524094 57.3763816211 6.8529851473
14.0093000421 56.5189071494 8.1227581702
14.9082762744 56.7693308564 18.3664429366
14.5300528554 57.8842966445 7.6029785658
14.8953904944 58.1637537563 7.1421635810
14.0967315200 57.5555080450 8.2134194883
14.9764099218 57.7636999507 18.2833682881
14.6868851654 58.5928349916 7.6845150099
14.2163660586 58.6632123643 8.4077686592
14.6787044946 59.1736478162 7.9982095221
15.1629691409 58.5749524518 18.2093572609
14.4066837415 59.6534700438 8.5800004230
14.1229583312 60.1795471731 9.1002086103
14.6008234785 60.5318636010 8.6428193907
14.4991408667 60.0019216746 17.7805773211
14.9702666854 59.4131136968 18.0232700305
14.1321946591 60.9790664510 9.2708465786
14.6838490142 61.5193318155 8.7139956435
15.2436919620 60.2128840409 17.8120981315
14.5643217212 60.6577885843 17.5265341509
14.1569021159 61.9618708548 9.3578775291
14.6717331871 62.4791538045 8.7554903408
14.0930508945 62.3427800679 16.8228528244
14.6669576132 61.6362595190 17.2204810274
14.1976119051 62.8841824723 9.3288336769
14.6599318468 63.0930857114 8.7165598525
14.2913317136 62.9788990047 16.7469274701
15.0169320470 62.5458007024 17.1049172033
14.5177464494 63.3274963611 8.8629448962
14.8461855186 63.4540547644 8.3447045967
14.8460939292 63.3441110874 8.3858547131
14.0060790385 63.2730802055 9.5604922247
14.3724096707 63.2261305212 16.7300948686
15.2079960367 63.0400521282 17.0583840840
15.2306837088 4.9314562706 10.7253847679
15.7921373565 4.5319637565 11.1049617193
16.0796596384 4.1270601517 11.7816938066
15.9384474714 3.8405756854 12.7447048055
15.8664339050 3.7345160702 13.7454139716
15.8355360790 3.7093026638 14.7818909579
15.8007539120 3.7320231750 15.8247672958
15.6992652228 3.8398307629 16.8503278335
15.4273090689 4.1659910913 17.8606697435
15.5346070549 4.7865168065 18.5635804568
15.5613477430 5.4791596685 10.5438545644
16.0537178521 4.9826559312 10.8045509031
15.5347251023 5.4935452274 18.8364313219
15.5632473222 6.3271994404 10.4092112122
16.3529788320 5.6225623066 10.5612681168
15.6738807025 6.0503432202 18.9669749457
15.5988947438 6.7638975349 18.9484624357
16.2608499474 6.1724245970 19.2234190352
15.9946421420 7.1805424004 10.4977886212
15.6510477934 7.4764323740 18.8649430610
16.3002186859 7.1241801954 19.2774915570
15.5382351394 7.9048536373 10.7080095555
16.1533411757 8.6239339006 11.0024029543
14.9212519326 8.9240606013 15.8943471252
15.0236266750 8.8451153696 16.4366998214
16.0577020109 7.9208040551 19.0088103223
15.4112973249 8.1494645747 18.4581729836
15.4944918381 9.2042445027 11.5505890696
15.8147325140 9.8385552612 11.8953547937
15.5146423215 9.6229847267 15.0881356506
15.2403591840 9.6598130642 14.3522381301
15.4586146877 9.3226672817 16.0013409745
15.4652662409 9.0813662597 17.1522596524
15.6407671991 8.8325340346 18.0608168929
15.5441926821 10.1682513596 12.7791853707
15.8481568382 10.3514906190 12.4280252251
15.6209324429 10.2690545234 13.2444754969
15.5032848466 10.0315486137 13.7545719252
15.8626780488 10.5703862654 12.9954829061
16.0844151940 21.7063918125 19.9643351781
16.1046282336 21.8298297560 19.4732933223
16.2267313891 21.1967241006 19.7684987098
16.2673979533 21.2474206682 20.1823283778
15.9642269777 22.5117976064 19.8562967540
15.9640571818 22.5420765368 19.2657082638
16.2191076315 21.9560498933 20.3728002176
15.8334403218 23.8127333404 13.0407289412
15.9746064344 23.8448879603 12.2502318609
16.0495613777 23.2060724909 12.5399940814
15.9917090815 23.1965805091 13.1031664900
15.8004548815 23.4586059465 19.2776257099
15.9617442239 23.2689873385 18.4752958465
15.9547756060 22.8507173051 18.9402147978
15.9002177867 23.3900724928 20.0155497492
16.1689740735 22.9020035367 20.4503976231
15.6512073279 24.7153081975 12.8706862521
15.8916036703 24.5611065014 12.0185026528
15.8619456282 23.6473525987 13.6275805550
15.6436819943 24.4590618951 13.9329336366
15.8731963164 23.8092255992 14.3715858888
15.6684039039 24.5519684832 14.9928190407
15.8988432493 23.9767470730 15.1476503099
15.6527963601 24.4551856649 18.3741045764
15.7846470874 24.3315327846 17.3669814388
15.9552221864 23.7370776922 17.7732555306
15.6379284162 24.5614187918 19.3282242916
15.8062342909 24.2326362643 19.9257115373
16.1200887374 23.8735418525 20.4797086690
15.6710124363 25.4447140110 12.1537546804
16.0315841700 25.6846190679 11.3780673251
16.0507557265 24.9055081343 11.5415521550
15.3935174031 25.6512795508 13.0105348845
15.3667083961 25.4491695417 13.8354319756
15.4000838438 25.3376745465 14.8485674881
15.7695484124 24.4376407974 15.6944973043
15.4822461486 25.2119440935 15.9563693432
15.7742717424 24.4773604566 16.5104649339
15.4631314719 25.2459191556 17.3072237088
15.3640321649 25.5925390145 18.3570201661
15.4844863557 25.4536669053 19.1732088186
15.7038152501 25.2267915714 19.9214069509
16.0548524583 24.8532948553 20.4821577805
15.6340344945 26.2868990176 11.8300167081
15.9566539742 26.6423245398 11.2570686937
15.2769665165 26.4638181230 12.6392395127
15.1291187427 26.3229637968 13.6593535602
15.0933790519 26.3090524384 14.7595278871
15.2030164107 26.0134184375 15.6276803784
15.1172003340 26.2711079415 16.7034783815
15.1262318731 26.3071290510 17.9168219234
15.1974608242 26.5302278584 19.0528548993
15.5732015734 26.3622493101 20.0284022578
15.9701763024 25.8085659673 20.5382435817
15.3888592577 27.2697208940 11.8893828591
15.8549227867 27.6462500921 11.1345819974
14.9163093996 26.8507215713 15.8490265251
15.2151463899 27.4807078199 19.9807477808
15.9540231408 26.5700088860 20.6962270303
15.7573317209 27.3219076469 20.6537352612
16.3560420771 26.9324027769 21.0704942190
15.2676377490 28.5434415296 11.5535679444
15.8270482555 28.4474652585 10.9388884218
15.4425345037 28.4141632254 20.6934059005
16.2391143720 27.9403796204 21.1361545276
15.6251131610 29.2740673922 10.9302326068
16.1758516069 29.5199457358 10.3805142683
16.1531489464 28.7502851060 10.5914473635
15.2651071532 29.3527338725 20.8778483829
16.0164705865 29.1832773496 21.2330606498
15.4756615516 30.5700281695 10.8079252053
16.1811606645 30.4384357840 10.0555333346
16.0885073588 30.3952895835 21.4590675209
15.7540138062 31.6066808705 10.1387535808
16.2859269396 31.7919554525 9.4204921164
16.3386101226 30.9922556402 9.6867741188
15.3027954573 31.7621906371 10.8606863505
15.0115384171 31.4560544557 11.3904003519
16.0856930368 31.6225708957 21.6514285046
15.6226989942 32.9649283449 9.7051789351
16.1960110064 32.7005777907 8.9416645593
15.3241545454 32.7189180391 10.6793634796
15.0165839447 32.4472120221 11.4269864193
15.9158535388 32.9095726664 21.6964802154
15.5542262155 33.9460820051 8.7265412172
16.2223100162 33.7979329889 8.0754676622
16.2512000420 33.2137048884 8.4769481508
15.2376687776 34.1907784348 9.6565262321
15.2552799440 33.9009843593 10.5214947925
15.0410377202 33.6634707395 11.5124397577
15.6502434952 33.8817313555 21.6134945779
15.6831042217 34.5742872490 7.9106294861
15.8511689026 35.1979239277 7.3866603393
16.3763706297 34.3788110279 7.5705128500
15.1232138925 34.9156871267 10.2570589068
15.1745203348 35.0342146020 11.2822092642
14.8881350203 34.6416093822 12.1556653096
15.7876084287 34.6679028017 21.5683819366
15.9927278464 36.0392575135 6.9065898275
15.1048710818 36.0314459159 10.5855154529
15.3340562044 35.7334430312 11.2992132912
15.3120597447 35.6745897622 11.6043754289
14.9671765904 35.7363165179 12.0780487787
15.2796561937 35.9821148329 11.6468512115
15.8494490508 35.7011252925 21.4844577478
15.7819486194 36.8776028810 6.6191032248
16.0344550217 37.2249537124 6.3717741533
16.3951001153 36.5290997161 6.4776292255
14.9013418259 37.0389124065 9.5671612899
14.9204746535 37.1637149652 10.4719526724
15.3016526533 36.0409681019 11.3416890738
14.9960816243 36.5548298820 11.4736771588
14.6754958640 36.5917776641 12.2786729279
15.8800995738 36.8094434730 21.4338343351
15.4959883565 37.5876523326 6.5678441576
15.9232786999 38.0742096612 6.2647170697
14.8113980873 37.8829351718 8.8618644567
14.8181162369 37.9629908598 9.6458037085
15.8516307817 37.9399435997 21.3970087195
16.0151714407 39.1078006199 6.0895457238
14.7253188625 38.7602669419 8.8565550388
15.7884846376 39.0735554763 21.3707436273
16.0220699476 40.1658513295 5.9554737280
14.5999973368 39.4904775209 8.6494163754
15.7187308952 40.1245905880 21.3231120168
15.9514504739 41.2486239497 5.8243327727
15.6916603781 41.0712328094 21.2000065557
15.8905606138 42.3364800952 5.6439286482
15.4790237341 41.8008943603 21.0738184806
16.0431606649 41.4917117768 21.0435843783
15.8199063777 42.2268029946 20.8847647371
15.6290894319 43.3652118055 5.5336082547
15.8214964616 43.2186946403 20.6873467394
15.5530075244 44.0257330402 5.3996345208
15.9758191221 44.3742663232 5.1803298724
16.0479300829 43.6015465677 5.2731101782
15.8533897048 44.2442075679 20.5741060056
16.1138318930 45.3256386952 5.0652515869
15.8922586409 45.2630686379 20.5016500793
16.2811150256 46.1360708778 4.9992460013
15.9583873423 46.2371604758 20.4091297861
15.2488509504 47.3851494886 5.5461870717
16.0359368058 47.2255832908 5.1115835052
16.0759448038 47.1398395416 20.2529638926
15.3856384478 48.3520493204 5.5489453093
16.1647504468 48.4229429929 5.0130917997
16.2641509688 47.9838810511 20.0385411534
15.4626305533 48.7496435734 19.7925771810
15.6165558638 49.2346648502 5.3451425183
16.1908624405 49.5912601822 4.8622858622
15.0822422820 49.4344381506 5.9263122471
15.6700119118 49.6501907316 19.6129320111
15.4188820074 50.2867212919 5.4983762437
15.9841756464 50.8114336058 4.8848160347
15.8224841581 50.5906259239 19.4808918054
15.3999642246 51.4780056680 5.4195106287
15.9299993371 51.9132663989 4.8569002865
15.9243812885 51.5294291674 19.3476639353
15.3837011864 52.5645941861 5.3815763467
15.9169313907 52.9837570844 4.8427867542
16.0305565575 52.4073326634 19.1684055336
15.3827255925 53.6354958351 5.3776128815
15.9175662866 54.0582718290 4.8545408919
16.2236013369 53.1812148284 18.9531433826
15.4969803518 54.0116265321 18.7416562878
15.3912367703 54.7174710951 5.4216337618
15.9262572102 55.1579630703 4.9086502058
15.7265767900 54.9128291697 18.5777653964
15.3926359184 55.8896340256 5.5780729941
15.9633615656 56.2411914968 4.9960122445
15.8333354119 55.8986682891 18.4685615527
15.5811999980 56.9304092495 5.5959977984
15.9860887470 57.0859266064 5.1317727085
15.1343279795 56.8031862979 6.1661076903
15.8800165469 56.9114381221 18.3861027216
15.7791897949 57.6401363320 5.5690173971
15.3383407817 57.9265792287 6.3491116006
15.8664095824 58.4455242054 5.8014387124
15.9171863449 57.9075357377 18.2906487659
15.5820675547 59.0555234783 6.5480273078
15.9550845585 59.2646002619 6.0653331744
15.0866655810 58.9761257187 7.2785390831
15.8639527152 58.8493374237 18.1583307749
15.7936537128 59.7422695294 6.5782817314
15.4466206307 59.9568483949 7.2348615884
15.8103422369 60.3157372077 6.8398932007
14.9227614802 59.8811702602 7.9769192600
15.8306188097 59.6569979170 17.9893610200
15.6311736047 60.7518199386 7.2955743947
15.1870213411 60.9133262306 7.9514238344
15.6325043330 61.5218443275 7.4234721753
16.0028782883 60.1996338834 17.8130967899
15.7123652187 60.9066315155 17.5739227321
15.2103583059 62.1213942849 8.0256321936
15.6516432542 62.2663495037 7.3702620946
15.8689888863 61.9075130976 17.3606238597
15.4927516838 62.8846828697 7.4338839340
15.8445085925 63.0280433430 6.7229670367
15.8342526712 62.6173401149 6.9517008620
15.0172194710 62.9575520976 8.2066120221
16.0752087240 62.6766868746 17.2847173842
16.1781570724 63.4911227925 5.8818320709
16.6842238011 63.5420499388 5.2606220415
16.4682733051 63.4042750643 5.5139227422
16.1075330183 63.2368389511 6.1096083578
15.7254745095 63.3023771527 6.7834435210
15.1782054888 63.3039580505 7.8260818494
16.4430385769 63.0301505068 17.2944412657
16.5931527811 4.5170022581 11.2265477612
17.2983914145 4.1278945460 11.8770247859
17.0497285283 3.8736683764 12.7572884587
16.9410778158 3.7495498916 13.7507514805
16.8994339968 3.7104486012 14.7838005341
16.8739883854 3.7165684279 15.8259119488
16.8171488503 3.7815809989 16.8477596444
16.6773009780 3.9806638822 17.7988719304
16.4747326753 4.3802868161 18.5125069726
16.3130507221 4.9653022325 18.9226277543
17.0473937765 4.6335392168 19.0306457210
16.8522708375 5.0253740794 10.8064597606
16.1573930211 5.5568252648 19.0793425068
16.9865227169 5.3453478659 19.3927488358
17.0225705138 6.4939684146 10.3973234354
17.1195337812 5.5291707530 10.5502295368
16.9397748530 6.3482163514 19.5975172818
16.6950089859 7.3527289093 10.5274059440
16.2604028768 7.7892666670 10.6698438411
16.8992316727 8.0333874660 10.6708315103
16.9962662713 7.1484149123 19.6996942161
16.8502698058 8.6820535111 10.8553678365
16.2317181191 8.7666359570 18.8818060709
16.7596851043 8.0249872127 19.5252954245
16.1393397053 9.5099664122 11.4613705521
16.8908189329 9.5195466396 11.0492348627
15.8422538245 10.1055700668 14.5200016899
16.1419328417 10.0848672146 15.5621536027
16.1935898007 9.9222978936 16.8759160647
16.2053604952 9.6334323696 18.1677652988
16.6688424660 9.7279400081 19.2801842084
16.9198931882 9.0070125973 19.6590522064
16.3679306560 10.4329963464 11.8373508466
17.0238098212 10.8283789866 11.2489150100
16.0190716610 10.6569997369 13.7259241591
16.4109556216 10.7996872404 14.7448102718
16.6252401060 10.7247404461 15.5455672601
16.6199042340 10.5384521625 16.3052698461
16.6523570817 10.5642597913 17.0837185568
16.5799881194 10.6322390990 17.9370687426
16.7999133799 10.9842304649 17.4896637207
16.6361606131 10.6029341960 19.0043782035
17.2222208591 9.7453989139 20.0944860541
16.9403413790 10.5562781590 19.8679847123
17.3237928425 10.4957944716 20.4434773261
16.6659897576 11.6715857920 11.9869929386
17.1501671033 11.9877191318 11.3026451930
16.2918706760 11.3132390017 12.9340288776
16.4861203769 11.5224006073 14.0713470626
16.7189177890 11.5363938274 14.7748560991
16.7760965397 11.2228819831 15.2565203120
16.7932126311 11.3551399807 18.0400378869
16.7416378790 11.6473691000 18.9199203657
16.8680981008 12.1325309501 18.2970570638
16.8698998877 11.4587635051 19.8429627297
17.2055944855 11.2041939768 20.4824442631
16.7983297371 12.8349244271 11.9868765298
17.2584858097 13.1689096268 11.2885451903
16.5635835991 12.6292366760 12.8164390225
16.6068035888 12.5865770868 13.8375899730
16.7851438051 12.2603788312 14.6196120367
16.7880312862 12.8440147304 19.1820346356
16.9182335464 13.1207893010 18.4367897642
16.8840666292 12.6185324698 20.0917239624
17.1490771365 12.0396348113 20.6273849660
16.8203588575 13.9004068938 12.0094291481
17.0957735640 14.1784759833 11.4939721938
16.6256553546 13.6955232689 12.7302127933
16.6193299397 13.6266530121 13.5562357154
16.8240450066 13.0120752936 14.6010419988
16.7709955866 13.6508165200 14.3727306968
16.9486396770 13.5847329208 14.9953252291
16.7953914450 13.8890889454 19.2544128872
16.9654515859 14.1281396173 18.5326344280
16.7848897878 13.7379556009 20.0451754088
17.2956650894 12.8424014337 21.0809713214
17.0033940838 13.6701563950 20.8432397630
17.3526345681 13.6527496530 21.4427912036
16.8217183900 14.9017777494 12.0191626334
17.1753443779 14.9982374360 11.3788151268
16.6551031213 14.7050875359 12.7343075813
16.6236946583 14.4491699756 13.3716012118
16.7656550591 14.6357030072 14.1937452684
16.9694408830 14.3517830339 14.9855238582
16.8369225987 14.8292627633 19.2705121588
17.0052725274 14.9385316312 18.6777839294
16.7679071694 14.7628570270 20.0241985920
16.9009790053 14.6229259438 20.7897421636
17.2442119036 14.4180120148 21.4433847061
16.8463376793 15.9384693264 11.9397378700
17.2429832178 16.0118328933 11.1879476110
16.6836338081 15.7683884858 12.7375340582
16.7101690827 15.4833272900 13.6223707924
16.8929001107 15.5709515776 14.4475476823
16.9937298130 15.1506058547 14.8889639650
16.9304831611 15.5077638290 19.1560900028
16.8239902207 15.8475010120 19.9227295645
16.9876661641 16.3645774371 19.2725856271
16.8927571049 15.6593402189 20.7622378366
17.1938151948 15.3932087628 21.4411787155
16.8353181561 17.1169989844 11.8050551992
17.1631021099 16.9329343583 11.1052950700
16.6888044582 16.8769098192 12.6806537326
16.7377293386 16.6567740404 13.5177948845
16.9267696276 16.4267871831 14.3381017297
16.8506951479 17.0877789382 20.0363662373
16.9915370891 17.4251047295 19.3296680959
16.9282802723 16.7869305069 20.7586413636
17.2117105807 16.4698181407 21.4300954726
17.0170024701 17.8900676581 11.2553349614
17.5950391329 18.0011390781 10.6248138850
17.4456069398 17.2228944211 10.7753224907
16.7127099880 18.2200936505 12.0150502401
16.6600686528 17.9800181584 12.6921752729
16.7383731533 17.7521025992 13.4900012934
16.9452973665 17.4897631455 14.2676119910
16.8059048779 18.2874437340 19.9943420100
16.9320281470 18.2674119689 19.2972265278
16.9205676200 17.9108559172 20.7310253750
17.3131280869 17.7053515500 21.4272690502
17.0955806416 18.6687498817 11.0392893621
16.7608072449 19.1039773868 11.7658923921
17.0097540300 19.4754385561 11.1069079100
16.6310970726 19.0517619383 12.7278655697
16.7194198943 18.8373938283 13.5444745071
16.9382608482 18.5462947390 14.2775136566
16.7752412909 19.1833550176 19.4611093490
17.0142632115 19.4765689484 18.7038479976
17.0448329014 18.6899111852 18.8866782972
16.6939755656 19.3408710967 20.1891722318
16.8718858338 18.9535090627 20.7128736143
17.1697467636 18.6282448937 21.1999453243
16.6889689178 20.3688448549 11.7565954422
16.9973624493 20.2062829388 11.0270251076
16.5807081873 20.1493719803 12.7237031150
16.6795778255 20.0323922447 13.7448878862
16.9065722421 19.5634229272 14.3810024372
16.7070842547 20.0737908453 19.1560255926
16.9109152846 20.4461496597 18.5136600229
16.5166952843 20.3772658553 19.9356169254
16.8029461575 19.9937519847 20.6953944912
17.2222944891 19.5381307551 21.2111877334
16.8217887898 21.1023502084 11.1972010277
17.3015953621 21.2632188856 10.5356013098
17.2681903867 20.4759217548 10.6600873986
16.5092210092 21.4016842710 11.9715152996
16.4512992148 21.2577565032 12.7409987937
16.5286749171 21.1271573249 13.7238610449
16.8727728958 20.3656662714 14.5885823319
16.7356371709 21.0281721104 14.5725594540
16.9760371770 20.8555527417 15.1270568090
16.4635797975 21.0484581508 19.1408976168
16.7394879648 21.4094901374 18.3151274425
16.6408658746 21.1563568635 20.6796251670
17.2238636394 20.5627799027 21.1821820951
16.7865806402 22.1021033979 11.0416343623
17.2732456268 22.2866871038 10.4276851029
16.5049944598 21.9726811636 11.6837102942
16.2550282040 22.3847713866 12.6381308083
16.3221121874 22.1769042324 13.7423900719
16.5408733109 22.0542350290 14.8566128040
16.8825085164 21.5290767277 15.4019076235
16.2454685208 22.2333466962 18.6911629738
16.6112957019 22.1316127599 17.9866790979
16.6322373802 22.3027002479 20.8576848448
17.2522917183 21.6230419724 21.2040594849
16.7466891669 23.0866152161 10.9175114354
17.2727160559 23.2756773239 10.3538548525
16.3367944051 22.9306568454 11.7531397836
16.0663584995 23.0547477919 13.7129951429
16.1644414262 23.1410729944 14.8087188619
16.7400944591 22.1857751975 15.7776688041
16.4216850876 22.9159853039 15.9535820933
16.7848457399 22.3315178922 16.5181870727
16.4932168768 22.8740757998 16.9079273930
16.7431046151 22.2975245868 17.3241544733
16.3091940927 22.9097121972 17.7440470046
16.6126500078 23.3551805995 20.9112360778
17.2734091703 22.7026502831 21.2389573632
16.7833258880 23.9082347668 10.7521200050
17.2651850340 24.2613621542 10.3513814232
16.2941017600 24.0090708040 11.4164209968
16.0291690191 23.8057399113 15.8411044534
16.1152395098 23.6230402837 16.8822945761
16.5721887108 24.3921211468 20.9288573005
17.2627057913 23.7744638265 21.2511993253
16.5556912307 24.8675926990 10.9095799155
17.2026607644 25.2790599771 10.3866782714
16.4827537858 25.4076361301 20.9478302053
17.2039043575 24.8636315812 21.2593470661
16.5322849421 25.9669576012 10.8007010706
17.1597810707 26.2686285920 10.3758976209
16.3187465555 26.2048689945 20.9538661822
17.0283662271 26.0642958193 21.2667788172
16.4738825267 26.9761256377 10.7215238299
17.1185845034 27.2716638544 10.3189860015
17.0686684334 27.2074761871 21.3680389174
16.3667036204 27.9466297564 10.6280756862
16.9124696664 28.4506484706 10.2097361789
17.0209102976 28.3224462475 21.4401425652
16.9111884823 29.5292778901 9.8680736142
17.0211445120 29.4701660117 21.5517050439
16.6868954691 30.3434955492 9.6658214767
17.0272763694 30.7624729898 9.3430713463
17.1950858677 29.9610270320 9.5385230713
17.1194458997 30.6725698308 21.7423050470
17.0649365972 31.7660946730 8.9034083704
16.8904385720 31.5403424450 21.9093887061
16.6351245379 32.1982728568 21.9275769729
17.1706161749 31.8903985971 22.0338164525
16.7093576134 32.6107526925 8.5720949931
16.8396963018 33.0945616533 8.1945216025
17.4414175284 32.3471443632 8.4338612205
16.6991608349 32.8538555178 21.9183864901
17.1798941291 32.4097104888 22.0418484571
16.9253943316 33.6743492992 7.7689543719
17.2935249997 33.0199920736 21.9343629284
16.5422589873 33.7090130715 21.7502614736
16.7862977230 34.9500122979 7.1027957491
17.0364292728 34.1655443951 7.4163870171
16.7696079770 34.7991398191 21.5914586187
16.9170299680 35.7467395729 6.6563342149
15.3976563862 35.8650072178 11.5117686080
16.8096760188 35.9326998610 21.4718806086
16.8033939131 37.0836027344 6.2060854965
17.0589320591 36.2749042539 6.3756892973
16.7743426149 37.0486857526 21.3983611410
16.8726479235 38.0996610186 6.0003113294
16.8180039723 38.1721683315 21.3113982019
16.9313738908 39.1491314982 5.8267919133
16.5886616523 39.3436595642 21.2664461054
16.9253705214 40.2905658616 5.6269442641
16.4475954173 40.2864514156 21.1924138404
16.6205788112 41.3950676296 5.5018313885
16.4050158638 40.9390028273 21.0896079279
16.9743638037 40.4679803936 21.0239877690
16.8440315296 41.2629803915 20.8983345188
16.5982933670 42.0795944270 5.3662582707
17.1100026108 42.2305673915 5.1649785897
17.1019631686 41.5693126802 5.2820881035
16.8660029432 42.2569259647 20.7273165672
16.3408219930 42.8327130736 5.3217023007
16.8823549037 43.2929707918 5.0721932322
16.8806896408 43.2768960000 20.6235848294
16.9577462795 44.3405632949 4.9414589572
16.8972485297 44.3081212687 20.5682283569
17.0240696150 45.3236303284 4.8719851417
16.9224473692 45.3231032863 20.5161384887
17.0213999465 46.3374998943 4.8494597302
16.9788820746 46.2873140233 20.4201433785
17.0016045697 47.4394465415 4.7859720846
17.0975495031 47.1746829033 20.2534648490
16.9821546608 48.5743971143 4.5975808341
17.3003683462 47.9899760508 20.0316077067
16.5005125928 48.8181360333 19.8165842403
16.8235553134 49.4329829023 4.4522216264
17.2638521448 49.6687106396 4.2133224566
17.2797896800 49.0309137020 4.3248371446
16.7143537876 49.6994078046 19.6339947736
16.6346419876 50.2332698822 4.4523389296
17.2531176121 50.5282919938 4.1371525092
16.8492597012 50.6395203411 19.4860629045
16.5595031499 51.2422178109 4.4268286787
17.2563257833 51.5162143013 4.0926305557
16.9208357573 51.5839872215 19.3229149251
16.5394831839 52.2902921383 4.4059997496
17.2613345216 52.5580236059 4.0686160586
16.9414644136 52.4281480114 19.1254645281
16.5360219789 53.3539089547 4.3981810571
17.2632178955 53.6322226985 4.0451970157
17.0248876392 53.0376611426 18.9412404856
16.6889061382 53.8785179067 18.7401399284
16.5361368803 54.4399884520 4.4048644353
17.2557364270 54.7498586718 4.0128982591
16.8070788255 54.9205554644 18.5483918795
16.5336798289 55.5625269201 4.4428037837
17.2060676911 55.9094210684 4.0058066361
16.8600645706 55.9479830814 18.4301283573
16.5134689998 56.7928027175 4.5695430057
17.1831388908 57.0121101433 4.0105567435
16.8727095372 56.9950246389 18.3130237708
16.7174080530 57.8714289927 4.5466744747
17.2443514567 57.9659532402 3.9974466778
16.1936427716 57.8059559032 5.1181941994
16.8691652877 58.0862729037 18.1514868048
16.9054485867 58.6393912878 4.4866832053
16.4046066792 58.9743870138 5.2691192110
16.9378254787 59.4920016107 4.6855339175
16.5573405336 59.1105306582 18.0256318177
16.6087152696 60.1573270684 5.3851440828
16.9888053747 60.3064210980 4.8568806768
16.1398250649 60.0994696300 6.1467762601
16.4425266544 59.7547042389 17.8965977406
17.0189390567 59.3894509622 17.8585463815
16.8352980543 60.1378739848 17.6990773190
16.7916588497 60.8358603014 5.2912525053
16.4054953330 61.2154583836 5.9793612487
16.7927690082 61.4234246189 5.3653802629
15.9576149136 60.9890692594 6.7868757058
16.8689219456 61.1097319563 17.5031552169
16.6001424646 62.1201954179 5.6485218370
17.0631155229 62.5098994207 5.0044718064
17.0196339197 61.8185932170 5.0491962128
16.2968208655 62.0157008006 6.2023145439
16.0059263643 61.9335994516 6.7624246198
16.9700960501 62.0322637182 17.4030116217
16.5514051849 62.9410072973 5.5671014197
17.1598124376 63.2653477201 4.9306569638
16.1639032818 62.6258354088 6.2962193144
17.1659366210 62.7342539793 17.3745422544
17.2305526732 63.5413520461 4.8809738384
17.5429499926 63.0543028509 17.3805844215
17.5758101251 4.5559597658 11.1263103285
18.4726925032 4.0993847138 11.7765359549
18.1627217552 3.8685928511 12.7607176409
18.0180888821 3.7554968423 13.7544638610
17.9617007907 3.7125657860 14.7850861879
17.9353671697 3.7087833299 15.8264239061
17.8957325333 3.7446568689 16.8527227217
17.7979689928 3.8709157982 17.8278784217
17.5998860166 4.1966349227 18.7173888003
17.7234746395 4.6558778796 19.3995317012
17.4896648754 5.0700738517 10.6934010219
17.9267192947 5.5003939133 10.4116131565
18.0173208574 4.8511336286 10.7161255877
17.7997331759 5.0909408130 19.7455838882
17.6503231581 5.7493940804 19.8659807297
18.3542194276 5.2407308983 20.0099127287
18.1884372399 6.2984299432 10.1665281722
17.5978103216 6.6314792698 19.9860997829
18.3467279437 6.0199361543 20.1962336499
17.2682847602 7.4143228059 10.4542733255
18.1143827741 7.3884015556 10.2009814535
17.5280708281 7.5683375947 20.0413415057
18.3165328115 6.9613561888 20.3531429773
17.5590146283 7.9344238053 10.4795112229
17.4207331596 8.6558565299 10.6523240641
17.4150865799 8.5070149124 20.0680590839
18.2435112542 8.0340448830 20.5292497920
17.6204317657 9.3550831108 10.6422064640
18.1849997856 9.5632237437 10.3819555826
18.0254604869 8.8991633746 10.4201611672
17.3264752763 9.1252469966 20.0907139086
17.8259906230 9.1194732785 20.5110052342
17.5841028425 10.1601948567 10.7259918319
18.2488567960 10.4807630738 10.3996398279
16.9201180363 11.2915102697 16.0311705397
16.8828991988 11.0651844062 16.8684635664
17.7665688208 10.0125605809 20.7296686932
17.7151341532 10.8339108648 20.9409641484
18.3829588975 10.2344665932 21.2426515593
17.6521612841 11.1990877729 10.7728191337
18.3643131913 11.4556406848 10.4130999295
16.9672644833 11.9984206635 15.4097103188
17.1101963662 12.0936464605 16.2111514382
17.0640195475 11.8121211822 16.8444809547
16.9417297201 11.5823619267 17.5300551349
17.5648704684 11.6721863144 21.0584682196
18.3058794064 11.2294040692 21.5205281828
17.7606230170 12.2435660454 10.7852421185
18.5213049989 12.5259737600 10.4258851072
16.9976036458 12.9369645589 15.2195604916
17.1501928704 12.8809289760 16.0309541754
17.1660326569 12.7054641274 16.8641097550
17.0410754246 12.4319743712 17.6175181592
17.4215361673 12.2465153441 21.0982124115
17.8710067748 12.2761840896 21.5301645971
17.8550368931 13.0929885162 10.7686787866
17.6305747992 14.0281488177 10.9592693250
17.1569644071 13.9479784143 15.7662478444
17.2375347686 13.7701315124 16.8159429301
17.1109611291 13.4464697022 17.6901425851
17.7863622878 13.1708967622 21.7395732637
17.7437252851 14.0270074163 21.9115583805
18.3807941085 13.3974303237 22.2093326596
17.6819909592 15.0217484350 10.8691816407
17.2121791743 15.0840403252 15.5983117792
17.4227923801 15.1112692652 16.7008211452
17.2132384701 14.6735317318 17.8256098747
17.6944326264 15.0001714055 21.9827977392
18.3094829861 14.3787752208 22.3581394682
17.7579898421 15.6774021692 10.7298850437
18.2625937021 15.7769714024 10.4628507441
18.1719155916 15.1111977890 10.5615880122
17.1791214963 16.0364277641 15.1595159664
17.4808387650 15.9292360729 16.0523097215
17.6679164744 15.9643701665 16.6590884735
17.6747224032 15.8905407519 17.1122102853
17.4925709601 15.8267574010 17.7244744288
17.7467757489 16.3002673715 17.4328786824
17.1607989740 15.6606471588 18.5444399929
17.6616983930 16.0522206155 21.9764769463
18.3448808852 15.5918564650 22.4617132564
17.6179609271 16.4194082214 10.7358943895
18.1648498605 16.8344123538 10.4186885964
17.2211843988 17.1675043751 15.0282475918
17.5061320234 16.8456761406 15.7786273140
17.7260975262 16.5981450354 16.4428468888
17.6634786415 16.5694554408 17.8229535588
17.3521667611 16.8000737566 18.4655119585
17.6777438565 17.1089142294 17.9203547476
17.7181834748 17.0873881061 21.9384283532
18.1645046619 16.6186123221 22.2980171265
18.3676914126 17.6743358437 10.2652400705
17.2258638167 18.2251447133 14.9878099150
17.5171995262 17.8526830689 15.6874727621
17.7462989068 17.4400516923 16.3507975821
17.5480964302 17.7374888317 18.1136920751
17.7139617710 18.3553046364 17.5808994576
17.7766360991 17.5854633284 17.6299207526
17.2040341752 17.9187550048 18.7365850810
17.8771051530 17.9628523197 21.9251874034
18.4448734287 17.5357470129 22.2745866289
17.3914139831 18.9133091954 10.6883506368
18.0849389331 18.7655261557 10.2830383274
17.1955203072 19.2472540627 15.0294353600
17.4975516779 18.8762865496 15.6841366758
17.7324062005 18.4124083974 16.3379403972
17.3752930531 18.7546587631 18.2208992515
17.6386408303 19.3389138897 17.5064791337
18.3491139749 18.3827877832 22.0732474850
17.8243270963 18.9229260089 21.6815171091
17.4188651232 19.6645040229 10.6112955603
18.0167193811 20.1654442597 10.1352307727
17.1152021536 20.1836977794 15.1334363681
17.4283122901 19.8782437306 15.7560283914
17.6885142099 19.4134647797 16.3429146336
17.3168532215 19.8614205400 18.0058724376
17.5684794326 20.2509207886 17.3710411019
17.7357740395 19.9979774745 21.5104275778
17.9092664395 21.4604482446 10.0214127360
17.2423836586 20.9328104456 15.9466428242
17.6033892275 20.3056715589 16.4265842860
17.2000894442 20.8923519074 17.7209536404
17.4814814324 20.8703279952 17.1316784740
17.9425031171 20.8762109355 21.5012880803
17.8910697217 22.5234775405 9.9609041613
16.9903609685 21.7721361471 16.1201723395
17.4928902767 20.8972590367 16.6754256072
17.1549203835 21.5246771294 16.9101586807
16.9261065325 21.6893755132 17.6840020801
18.0544105780 21.9268814689 21.4698040278
17.9356292700 23.5429808767 9.9483289305
18.0875157673 23.0055170656 21.4480739616
18.0651853580 24.6244843260 9.9714605980
18.0698134125 24.0989748945 21.4348835298
17.8088692183 25.6067608170 10.1141367024
18.0095098375 25.2199612758 21.4351187533
17.9453504465 26.4185737018 10.0861351347
17.9671788101 26.3437889286 21.4611501884
17.9584510123 27.4616376566 10.0133320314
17.9626900002 27.4437825550 21.5034255458
17.8706760309 28.5555268455 9.7949311415
17.9803844310 28.5365960187 21.5568605780
17.5884261221 29.3706460385 9.5976910632
17.9247247749 29.8091829970 9.3528692222
18.1548193113 29.0376701227 9.5362523103
18.0631881275 29.6273028798 21.6481424328
17.9711638569 30.7227381849 9.0437554945
18.2912138122 30.6904406400 21.7714367520
18.1224316662 31.5168006703 8.6985538507
17.5403744983 31.3764367459 21.9511726965
17.6541765105 31.9859658620 22.0431907853
17.7440919101 33.0122059834 7.9526638090
18.3960725532 32.1659230950 8.3257403098
17.6627491106 32.5042699204 22.0259373476
17.5216151854 33.6956890895 7.5579913575
17.6806971738 34.2264233377 7.2317434869
18.3016495165 33.5188438953 7.5318732969
17.9406765365 32.8441745700 21.8875003258
17.7224445118 33.7122340724 21.6848268230
17.8473769701 35.0268968617 6.8050946056
17.8751529681 34.9657040118 21.4132727111
17.5667570258 35.7770940592 6.4779998476
17.6977488594 36.3521195902 6.2528445516
18.3578876960 35.6398578326 6.4597847318
17.6624637500 36.2032415892 21.3108093863
17.7817238173 37.1775259822 6.0385030656
17.5764497816 37.1968581961 21.2363996484
17.8786851665 38.1362396329 5.8461401071
17.6493749597 37.8796644523 21.1462810183
18.1611616128 37.3324748756 21.0459050777
18.2303915828 38.0002578469 20.9508098002
17.9921781183 39.2020145648 5.6231163172
17.4510952038 38.6738442817 21.1176791633
18.1335194971 38.9509798051 20.8878176633
17.7442722944 40.1058405746 5.4312377122
18.0231944201 40.4899189832 5.2670199697
18.4908545187 39.8023377942 5.3828124140
17.2545160185 39.6524867004 21.0649597847
17.8682242537 40.1303719567 20.8326876858
17.3667966672 40.8475082584 5.3524666156
17.8612522424 41.3099762253 5.1412487481
17.9039994597 41.2276371200 20.7032101337
17.9209301708 42.2928799309 4.9886306476
17.9184188364 42.2686527422 20.6203440098
17.9293097564 43.3164695445 4.8886138349
17.9263840765 43.3093177841 20.5773498026
17.9609061632 44.3448562189 4.8217938139
17.9331907923 44.3473414265 20.5489897765
17.9786594062 45.3737433512 4.7813165130
17.9488585196 45.3598012740 20.5000228628
17.9879760928 46.4290392542 4.7194424089
17.9944909362 46.3128725228 20.3944050840
18.0206149061 47.5581361040 4.5505379653
18.1000494747 47.1705935306 20.2171424564
17.6832818617 48.4731769858 4.3659962410
17.8613169433 49.0060043645 4.1796362678
18.4579253936 48.2306830817 4.3034021613
18.3169135806 47.9148819480 19.9902564476
17.5796199598 48.7856088659 19.8010324324
17.9752074236 49.7604935196 4.0261400418
17.8011414379 49.6781019705 19.6016830354
18.0470472030 50.6694860750 3.9291753460
17.8950407682 50.6654757931 19.4274317868
18.0855948644 51.6697586395 3.8779578234
17.9435470107 51.6840890676 19.2141707011
18.1042845787 52.7205817572 3.8365196883
17.5904948851 52.5240417765 19.0322522758
18.3616774771 52.3016819801 18.9886827363
17.7159932525 53.0990923445 18.8405807828
18.1152776702 53.8224854609 3.7601132982
17.8075924418 53.9365040562 18.6307477231
18.1074167448 55.0282416946 3.6158905337
17.8673163978 54.9358162467 18.4629785512
17.8427516496 56.2492227276 3.5804969102
17.8751389425 55.9726761922 18.3160367060
17.7462930047 57.2467117855 3.5504518130
17.8678678505 57.0191283901 18.1353721965
17.7468135551 58.1298293323 3.5196731810
18.2919037192 58.2177914187 3.0340722616
18.2155769710 57.4893045659 3.1711670919
17.7097573936 57.8542241516 18.0036324783
18.2867154132 57.3800305676 17.9425923332
18.2162958803 58.0531868499 17.8190003699
17.8304866879 58.9938978188 3.4847493129
18.3254508944 59.0631061152 2.9489016049
17.3314354196 58.8715795118 4.0295517585
17.3717407482 58.6305253040 17.9334626567
17.9081203759 59.1149778149 17.6992439684
18.0008929052 59.6808230994 3.3862579146
17.4811783400 59.9862146748 4.1038165312
18.0879622003 60.4580532986 3.5291698952
17.9229285640 60.1741484987 17.5378685213
17.6933885531 60.9767822901 4.1110234850
18.3040613289 61.4373174731 3.7132071873
17.1745962056 61.0426378502 4.7577075356
17.9574234926 61.1774924963 17.4452034677
17.5591238679 61.8580771617 4.4456905048
18.1721463343 62.2498836512 4.0685815032
18.0397414693 62.0859706402 17.4077488062
17.6964922818 62.7218341629 4.4763950118
18.4727154283 62.8217212398 4.1265688158
18.2285618817 62.7692221504 17.4002643724
17.9910291331 63.2108193385 4.4432818620
18.0393860010 63.4698774297 4.5543013065
18.5985089116 63.0830100050 17.4004925811
18.4122708502 4.4712833574 11.0110113595
18.7225907578 4.8554620547 10.5460923795
19.3558193072 4.2634160141 11.1331039226
19.4824745935 3.9333989338 12.0225405258
19.2251550741 3.8272440322 12.7835318357
19.0827124323 3.7477239408 13.7582345235
19.0195379544 3.7130952487 14.7850625711
18.9875035978 3.7081402726 15.8240809006
18.9462639864 3.7306719951 16.8469751282
18.8643265434 3.8119729184 17.8227363320
18.7019321202 4.0150015672 18.7012848691
18.4882395073 4.3615051244 19.3858957264
18.2807447947 4.7470732695 19.7588525486
18.9516100296 4.7387095237 19.8706441143
18.9734553746 5.5916578416 10.0631427987
19.1268608183 5.3977239151 20.2094407328
18.9289035098 6.6122290465 9.9002707318
19.1835809268 6.2669894350 20.4649724921
19.0510836789 7.4992722027 9.8607840076
19.1729102045 7.2449703968 20.7309111687
18.0089133987 8.2945721662 10.3674244101
18.8513501002 8.6492424690 10.0540478039
18.9730235345 8.0133525566 20.9089183596
18.6364656569 8.7367012571 20.9403043886
19.4085484975 8.3685003014 21.1664942894
18.8180498915 9.8165282141 10.1504803630
18.3306479104 9.5051503051 20.9866896789
19.1668162750 9.3516009098 21.3471864801
19.0194609711 10.6446480215 10.1469177240
19.1954013846 10.3978991337 21.7234503840
19.1644361836 11.5640187916 10.1831063194
18.9938861530 11.1725029331 21.9359582403
18.6559097887 11.8968429106 21.9670657384
19.4214767828 11.4918498002 22.2033174658
19.3606086381 12.3363141203 10.1999895170
18.3418305811 12.6644725907 22.0045952542
19.1722017967 12.4748027454 22.3410536222
18.2533917589 13.4801475927 10.5756594276
19.0630884312 13.3880890346 10.3166443641
19.1167558647 13.5443481783 22.5845788040
18.2833019730 14.3018726939 10.5720681267
18.9781639424 14.7100586967 10.3247770140
18.7525327039 14.5835974824 22.6655099294
19.0797252452 15.8144728615 10.2350273428
17.8084389733 16.4306149834 16.9909701425
18.7001660048 15.2236500571 22.7058975669
18.8296447253 16.0210028844 22.6779459764
19.1113677324 16.8362332714 10.1493487898
17.8531376944 17.0411223537 16.8483867314
17.8278358075 16.9587287100 17.4037845669
19.4656873146 16.5277009921 22.7341456849
18.8925572916 16.6856126755 22.5718542010
19.0936686570 17.8748182643 10.0452913554
17.8402470146 17.8184023524 17.0227676926
19.2679783068 17.4573596974 22.5003962521
19.0011418830 19.0186691986 9.8682917345
17.7890843695 18.8888482264 16.9511900444
18.6450459344 18.9776188090 22.0031893165
19.1502938672 18.2936772990 22.2705964812
18.8299178787 19.9075751026 9.7188560785
19.3279294183 20.1232091856 9.4968180470
19.3434300930 19.4769423662 9.6045352868
17.7291198275 19.8286053238 16.9183821260
19.4162549809 19.1679716520 22.0484052980
18.6075899039 19.8872521749 21.7699986964
18.6295486953 20.7402297759 9.6920499709
19.3166291340 20.9902917613 9.4257488537
17.6517060302 20.4932748080 16.9114670773
18.9027770354 21.0171683826 21.6386785345
18.5806648348 21.7544849113 9.6378712082
19.3310655233 21.9682385724 9.3963333812
18.9929716519 22.1189619631 21.5454194241
18.6088379091 22.7638138747 9.6220079101
19.3922446336 22.9417301821 9.4155247444
19.0093255232 23.2252146064 21.4839311426
18.7182208410 23.7201747443 9.6479110861
19.5194971556 23.8228096705 9.4879300558
18.9670241172 24.3560493080 21.4503347578
18.9306666721 24.4636536749 9.6888619057
18.7381171049 25.3941771196 9.8689221602
18.9050625360 25.4807810097 21.4452597304
18.9296839023 26.4629892291 9.9069178089
18.8858613832 26.5737358303 21.4545531812
19.0400846016 27.5924532182 9.8016721444
18.9059539470 27.6534977834 21.4748760296
18.6593225811 28.4912829627 9.6157632621
18.8075075890 29.0837493960 9.4154447553
19.4932548740 28.3399979444 9.5910497664
18.9699624480 28.7310876429 21.5156881736
18.8582178951 29.8926967166 9.1709500009
19.0453347974 29.7402629208 21.5891828665
18.9574833037 30.7331460037 8.8968026996
19.1838899868 30.5079837634 21.6275753030
19.0608997250 31.4724482292 8.5988737468
18.1337028728 31.5390699000 21.9235885746
18.9128732100 31.4590489049 21.7054660774
18.9597960730 32.7325971248 7.9395343606
19.2005238227 32.0206101936 8.3175679638
18.1956234766 32.1850503812 21.9201950030
18.7415191311 32.6989118848 21.6319901024
18.6490158919 34.1807517798 7.1341480558
19.3099526905 33.4704620704 7.4878267341
18.8071918623 33.8427798155 21.3595306674
19.0302769263 34.9098946192 6.7670933207
18.7637646510 34.6900309430 21.1956463389
19.2908425496 34.2175568250 21.0906533505
19.3085573745 34.8928148753 20.9465257391
18.6306784664 36.3850733407 6.1913439328
19.3737990040 35.6685718604 6.4488125575
18.5342461030 35.5256015828 21.1350945807
19.2350617092 35.8737908011 20.8335101647
18.7759193147 37.2523113995 5.9695578572
18.3609749133 36.5293071660 21.0682449485
18.9878644046 37.0551809526 20.7990452749
18.8958328448 38.1495316856 5.7774490169
18.9927276887 38.1135250501 20.7186140744
19.1352525364 38.9680759188 5.5754139544
18.9577349936 39.1424515184 20.6662051474
18.7026124775 40.5007947380 5.1805769293
19.4048050718 39.7218852754 5.3534812535
18.9250692548 40.2166867142 20.6149305057
18.8123435864 41.3598041810 5.0159833226
18.9311461471 41.2768001357 20.5651991964
18.9012678882 42.3264178448 4.9010713256
18.9355630379 42.3280166487 20.5348484038
18.9448682282 43.3477369547 4.8330491764
18.9348841071 43.3780561652 20.5167690758
18.9617309189 44.3794030307 4.7900201090
18.9305602823 44.4161890736 20.4924031479
18.9816342853 45.4055933781 4.7466810743
18.9306225655 45.4187749196 20.4325525778
19.0350486742 46.4231670325 4.6575134431
18.9514078770 46.3515622162 20.3082543758
19.1995170277 47.3405073340 4.4912551285
18.9928321653 47.1506122902 20.1299265154
18.6989946389 48.9612928700 4.0882223489
19.4445695796 48.1543894890 4.2732249644
19.1309080044 47.7175292563 19.9332590948
18.7950849894 48.5992048702 19.7230135884
18.8615787558 49.8064880571 3.9232991461
18.8748575039 49.6872365967 19.4870045895
18.9565003910 50.7480632038 3.8235124348
18.9220435968 50.6857727615 19.3061650974
19.0116166369 51.7529884566 3.7630869784
18.9870620851 51.5127206636 19.1160857219
19.0537854155 52.8095868365 3.6824260709
19.1219735779 52.0704902609 18.9312812354
18.8027780565 52.9041735129 18.7374842230
19.1108079748 53.9346582583 3.5027855475
18.8707675376 53.9276662430 18.4971257847
18.8843154406 54.8561233534 3.3311999422
19.2165497568 55.2076533825 3.1264208618
19.5768802829 54.5062856015 3.2303390995
18.8806413882 54.9493027733 18.3153062729
18.5792806184 55.6536949193 3.2739904317
19.1924431911 55.9920436764 2.9484514574
18.8597379685 55.9718235219 18.1184931302
18.4079996398 56.6383378478 3.1796982362
19.0218379133 57.2546976610 2.6980976380
18.6530439229 56.7791826326 17.9822726621
19.2424647455 56.3575745707 17.9156042908
19.0582351980 57.1416852460 17.7818806195
18.8058305315 58.4189016797 2.5402721132
19.0311177647 58.1303730148 17.6137654831
18.7977606518 59.1992803746 2.4676866238
19.3749105532 59.1696268658 1.9788333398
19.0838906688 58.7228196928 2.2218706438
18.9877808816 59.1722609719 17.5015469861
19.0270491284 59.9105692400 2.4006238164
19.5718204327 59.8946204576 1.9643631063
18.4616766425 59.8522950590 2.9291986175
18.9920081744 60.2224563801 17.4275399302
19.4985503506 60.4700315035 2.3438283386
18.8090593071 60.6945398494 2.9722945759
19.5560934288 61.0772399996 2.7909291934
19.0127413786 61.2371391581 17.3945635422
19.0520955837 61.4398672321 3.2566498496
18.9992564394 62.1527367283 3.6904460797
19.0843193044 62.1432668673 17.3866327557
19.3786330694 62.8464063812 3.9683183048
19.2629406074 62.8184295878 17.3893756305
18.7883796265 63.2862149317 4.2619242702
19.2442204320 63.4735343928 4.3585212193
19.6199760581 63.1321623546 17.3848053495
19.7163650035 4.7692480362 10.2663190435
20.5420788935 4.2343610167 10.8717829496
20.3204108986 3.9436620958 11.8496069815
20.2196780066 3.7965766225 12.7923708225
20.1221575755 3.7376878084 13.7618032177
20.0669512909 3.7141713333 14.7833478962
20.0303878625 3.7140414935 15.8180689525
19.9760956679 3.7382542260 16.8365152513
19.8693452864 3.8023392188 17.7899181701
19.7265001289 3.9705718101 18.6637522226
19.4367664839 4.2934343863 19.4022131531
19.8827946785 4.8271182932 19.9459487762
19.7557550770 5.3276462576 9.8129905103
20.2620216056 5.5143337478 9.5840187423
20.2245779876 4.9807307100 9.8200727658
20.0502054724 5.6003860449 20.3496962944
19.6354468700 6.0221178370 9.6820487450
20.2849322864 6.2819306450 9.4603554126
20.1870861062 6.5513430264 20.6824466190
19.6600779796 6.9214291870 9.6180291180
20.3943548718 7.1799626493 9.4376168669
19.9297603039 7.2864854525 20.9451880262
19.5063515997 7.7247720346 21.0174970857
20.1179650780 7.8560050612 21.1576674820
19.7328256397 7.8820054136 9.6520368705
20.5871525763 8.1775926128 9.4876549478
20.1443350560 8.6642932430 21.3928282752
19.8899963491 8.7186863762 9.7046186627
19.8036894594 9.7107943960 9.8932803824
20.2012125727 9.6222300480 21.7128904671
19.7704785220 10.7820272963 10.0247426859
19.9433771669 10.3828271131 21.9863061316
19.5187822401 10.8541265981 22.0550108576
20.1233129564 10.9190597741 22.2098321336
20.0263319243 11.5509216105 10.0807642638
20.1803344706 11.6956710256 22.4163506367
20.0739290073 12.5573262054 10.1565707605
20.2469730107 12.5842182781 22.6294207542
20.0291529211 13.6751618322 10.1937627079
19.8455134839 13.2555961902 22.7364603035
19.1618694052 14.0207238681 22.7498673925
20.0287216459 14.8048676159 10.1676772677
18.8857470876 14.6272540974 22.7700037942
20.0478683336 15.8684605874 10.1038589280
20.0660129660 16.9062378808 10.0122946493
20.2748733736 16.5091280770 22.7915117832
19.9457041963 16.9070839589 22.6717550910
20.0991821546 18.0150055463 9.8379549780
20.0308870464 17.7062252546 22.4655596659
19.7605544910 18.9169551101 9.6528679579
19.9464261700 19.4470046291 9.4865340344
20.5336163413 18.6842963732 9.6196984679
20.0642774693 18.5038963426 22.2405786147
20.0663688641 20.2000570742 9.3706244421
20.2133062296 19.1080514071 22.0342563028
19.8710257059 19.9713669469 21.8017439337
20.1161013880 21.1294948089 9.3175479723
19.9548998383 21.1551368452 21.5794828458
20.1281992223 22.1298019289 9.3165358018
19.9620975936 22.2778912314 21.4502098021
20.1856286610 23.0776494708 9.3681302926
20.0048253221 23.4337924855 21.3363033578
20.2913887459 23.9090776169 9.4792938162
19.8148071780 24.6613346399 21.3124415232
19.6459277466 24.6349736057 9.6308069497
19.8228828094 25.4781779055 9.7982148874
19.7599053378 25.7603100900 21.2994261358
20.0514327849 26.4497233134 9.8770025993
19.7693102624 26.8388833958 21.2947492927
20.3835052103 27.5139623184 9.8155914367
19.8290801513 27.9244798568 21.3066578168
19.8106964029 29.1912101731 9.3560242573
20.3342494266 28.4158379433 9.6078003995
19.9568763761 29.0739516136 21.3401596456
19.7007416347 30.0826927898 9.0840023239
19.7330734381 29.9872077003 21.4730902721
20.0737167286 30.9135120511 8.8208323787
19.8221483252 30.7800936186 21.4555076061
19.7114466173 31.6207726790 8.4980864910
19.9680471927 32.2306771653 8.2025642902
20.3193579534 31.6120225893 8.5266354272
19.8316268171 31.8453386965 21.3610302710
19.9041487280 32.9305902825 7.8085756890
19.5935074214 32.9424198789 21.2638413961
19.7357949962 34.1983345142 7.1208766476
20.3316601830 33.5431591025 7.5024441350
19.5682208696 33.6457851709 21.1118614185
20.0836228086 33.2202634457 20.9713266894
19.9901681653 34.0394380932 20.8171378574
20.2174047834 35.0543965772 6.7807673065
20.0500319381 35.0606647097 20.6112868280
19.7308555939 36.5493814936 6.1857183862
20.2431081638 35.8274677298 6.4705515581
20.1733403318 36.2510185338 20.4435729443
19.6223517495 37.4336662170 5.9460658205
19.7379835381 37.3746495198 20.5436558851
19.8898471499 38.1561758613 5.7940375630
19.8374940267 38.2607301244 20.4872768982
20.1258100408 38.9797566183 5.5936474813
19.8686990813 39.3040638782 20.4590692749
19.6121906182 40.5190683736 5.1533930271
20.3391645691 39.7813857991 5.3858918471
19.8777473410 40.3636695248 20.4380736407
19.7760324720 41.4104483974 5.0108299637
19.8806368174 41.4216952334 20.4202607446
19.8957933740 42.4054180018 4.9254074231
19.8765507188 42.4807851063 20.4036734250
19.9146345762 43.4433922911 4.8620593909
19.8601537848 43.5328345426 20.3852743310
19.9177772704 44.4408088762 4.8150379516
19.8329085480 44.5560865198 20.3504829704
19.9856027147 45.4230655939 4.7690347379
19.8094011468 45.5315171182 20.2679602715
20.0913794858 46.4049020768 4.6753775490
19.8141133534 46.4599366200 20.1156030921
20.2659675131 47.3428156395 4.5149300992
19.6088792103 47.1929024989 19.9938421512
20.1253191838 46.9160673847 19.8983772348
19.8821254933 47.6852890472 19.7068705527
19.6721911323 48.9909179136 4.0610514196
20.4553735316 48.2314720583 4.3024546874
19.8390264423 48.7465544877 19.4327141229
19.8066921523 49.8888688115 3.8966198629
19.8326771504 49.8009917782 19.2679967141
19.8893073747 50.8202839754 3.7989304512
19.8820256319 50.7826839773 19.0965548853
19.9911885296 51.8071293176 3.7274012836
19.6346010087 51.5548700174 18.9803137524
20.3113704836 51.3400580301 18.8370741834
19.7717489623 52.1136912051 18.7614301852
20.0836620135 52.8529381817 3.5987108483
19.8530569793 52.9652357019 18.5014526129
20.1557997451 53.7305031189 3.3857827818
19.8565099835 53.9764221598 18.2898079035
19.9958773315 55.1276299077 2.9681682044
20.2763416378 54.3171448594 3.1735292585
19.8320472593 54.9726553970 18.0918597538
20.0760127205 56.2067438476 2.5993934960
19.6413217966 55.7549039080 17.9566086790
20.2206082291 55.3569996737 17.8729789391
20.0183417298 56.1558826276 17.7306343661
19.8683314100 57.1311878026 2.2670482026
20.2317707510 57.4682528057 1.9376623263
20.6243735706 56.7982001827 2.1785977061
20.0118117627 57.1620789301 17.5420081959
19.5423866347 58.1022713334 2.0610325358
20.3052323698 58.0268397623 1.6119878358
20.0125234187 58.1885277623 17.4260128694
19.9908426011 58.7238835833 1.5595222717
20.5442485049 59.0213613469 1.2456028675
20.4967775295 58.4668965482 1.3158305077
20.0400070494 59.2585480937 17.3524088789
20.0218928599 59.4885437774 1.5717257631
20.7620509422 59.6618939972 1.3364140096
20.0200047983 60.3411026394 17.3251182223
20.2591452600 60.2184577208 1.8604085272
20.0911545897 60.7798037792 2.3704375740
20.3336383018 61.2207449390 2.7752421866
20.0304441507 61.3599833940 17.3204079364
19.7530926833 61.6715137100 3.2098554628
20.0319373578 62.2725983621 3.6298774242
20.0913358946 62.2573059440 17.3297188195
20.3089951664 62.8332205782 3.9877288927
20.2368525835 62.9117819173 17.3466276827
19.7750068720 63.2689732177 4.2055325663
20.4801356227 63.4093019366 4.4156395104
20.5932732622 63.2126263545 17.3302278682
20.5185105671 4.6115542613 10.1195952112
20.8702890327 5.0314644919 9.7503352333
21.2435760918 4.4857601536 10.3345780511
21.4490264238 4.1851245609 11.0873763273
21.3035245022 3.9879937008 11.8185228111
21.1989287532 3.8281679944 12.7649922314
21.1373369971 3.7530356470 13.7596912978
21.0950485125 3.7289591974 14.7799478067
21.0540111119 3.7316144461 15.8048034526
20.9892663775 3.7656321069 16.8139663733
20.8501547076 3.8492670251 17.7791733762
20.5729063614 3.9627471687 18.5222450018
20.5749430703 4.3311412719 19.3337346862
20.9703844602 5.0636969875 20.0067176473
20.7853300466 5.7190163965 9.4812750154
20.8958638711 5.8620451063 20.4191872117
20.9714024630 6.4181871070 9.4204003512
21.3827227789 6.6634394996 20.6284572996
21.1347737451 7.3184656026 9.4156618113
20.6940101458 7.2652114685 20.9655203092
21.0437225233 8.0950424318 21.2222018034
21.3062207822 8.0562253973 9.4641843267
20.9507061087 8.9234681331 21.5084587473
20.4484512660 9.0285446524 9.6273726465
21.1427317713 8.8432484873 9.5725926011
21.3096907287 9.6008498933 21.7404902437
20.7243673116 9.5231514586 9.7172755469
20.7899418709 10.3903784812 9.9515749426
20.7124748324 10.2729352696 22.0323607809
20.9954668820 11.0064969621 22.2847715647
20.9363752358 11.6150609885 10.1366912728
21.1689847724 11.8126903883 22.5106418458
20.9793038001 12.7274606865 10.2040967038
21.4325796316 12.4816380211 22.6749666173
21.0110803514 13.8486685221 10.2040179356
20.8388214468 12.8146651675 22.7495180999
21.0024433948 14.9412491810 10.1487317869
21.0022588627 15.9514171100 10.0695419578
20.8486521553 16.2885845349 22.8107200923
21.3951885718 16.0767998021 22.7402658732
20.8721063666 16.4503747768 22.7340091282
21.0825760952 16.9266422522 9.9663591105
20.8893269237 17.0267569534 22.5446615724
21.2609852755 17.8363602571 9.8177345690
20.9013441765 17.8859978110 22.2968277163
20.7600663004 19.3878812687 9.4624235798
21.4355168436 18.6290849985 9.6507257977
20.6962212509 18.6151983701 22.1203362961
21.2531679233 18.3299373320 22.0500504616
21.0029372848 19.1107309742 21.8377752738
21.0004274364 20.2201745848 9.4044858693
20.9432520914 20.1958214228 21.5543076429
20.9200223206 21.3024654583 9.3823846911
20.9773817002 21.3200162695 21.3323571266
20.9034535594 22.3075114002 9.4140434572
20.7812213958 22.4312623352 21.2284677791
20.9125647981 23.2326359916 9.4839526267
20.8257306817 23.1546817614 21.1112245366
21.3242297681 22.6315573279 20.9618534212
21.3614201820 23.3608998048 20.8200649376
20.9053831208 23.9382222205 9.5751530667
20.6462781505 23.9839276890 21.0862537183
21.2871223483 24.3554121789 20.7414768026
20.4974656741 24.6102133887 9.6588462747
20.9557112680 25.2912510269 9.9106544455
20.5596537884 25.0243385078 21.0522790833
21.2432250240 25.3970972118 20.6926948811
21.1325465601 26.4262542793 10.0180351981
20.5471784343 26.0892271923 21.0247696495
21.2704674153 26.4538225116 20.6367539366
21.3699046320 27.2645776515 10.0042620790
20.6060094932 27.1778970361 20.9957187976
21.4684540749 27.6350433658 20.5055830611
20.7195644525 28.9648367154 9.5089453553
21.3261098207 28.2742979270 9.8235710207
20.6797042453 28.2620055410 21.0152713228
21.3365897668 28.8072022480 20.6815622700
20.7858645971 29.9267889309 9.2447734025
21.3745369185 29.2228430723 9.5860075561
20.7651742973 29.1259836369 21.0521980681
20.5048284412 30.0122176581 21.1902167220
20.9636570986 30.7269979804 8.9959031273
20.5304686637 31.0228874375 21.1639861478
20.7831860653 32.0478621617 8.3719597721
21.1054494057 31.4238319248 8.7378785223
20.5826006718 31.6703699761 21.0674167003
20.9033327012 31.2903049080 20.9488249289
21.0635255590 31.8644050802 20.6954094412
20.9862435404 32.9003507511 7.9746828676
21.5792438094 32.2605229311 8.4404201845
20.3592147427 32.4277321376 21.0125422547
20.7860385216 33.1057228851 20.5854604754
20.8650306836 34.3588307558 7.1826282934
21.1822126503 33.7214759935 7.5533776583
20.7684590341 34.2377848242 20.3751916522
21.0403095234 35.0218617975 6.9270931549
20.7954710069 35.1992812796 20.2419216377
20.6504074854 36.3744180550 6.3540086349
21.2042052340 35.7795113159 6.6915146313
20.9634632276 35.8554655989 20.1110759370
21.3450541161 35.3694909813 19.9230165785
21.5323771782 36.1275752778 19.7778367455
20.6956491798 37.3281851681 6.1013094311
21.3056603929 36.6503887407 6.4175707859
20.9327516456 36.4729184678 20.1132960551
20.6069451329 37.3387090231 20.2476898531
20.7470787185 38.3289816054 5.8402965958
20.6792275028 38.4926895923 20.2215429375
21.1507136890 39.1352822400 5.6965695600
20.7108216380 39.5673355826 20.2115638528
20.5207268159 40.6045531799 5.2179416215
21.0943096428 39.9734873631 5.4616782304
20.7157791823 40.6286685732 20.2023296686
20.7219772692 41.5232286450 5.1204290044
20.7086174606 41.6910920368 20.1847088391
20.9165406721 42.6248951541 5.0550812129
20.6900670852 42.7612618983 20.1479040648
20.6662660733 43.6544552134 4.9276851845
20.6302798196 43.7998915027 20.1217967578
20.8362012383 44.4767593542 4.9143507755
20.5666510461 44.7713990791 20.0699951733
20.9580461468 45.4768181500 4.8690961915
20.5228218504 45.6839595655 19.9672163409
21.1108625538 46.4951492128 4.7793181794
20.4772803344 46.3803938047 19.8725227048
21.0196095385 46.0021604107 19.5216299371
20.6632649445 46.8787221496 19.5804008433
21.3511399070 47.5442784995 4.6259229880
20.7796121353 47.7775861027 19.1573012419
20.7187380272 49.1565158877 4.1043178481
21.2664021283 48.4079128623 4.3793094845
21.4355148779 48.4906255315 17.9109412262
21.5299447316 48.3052941238 17.7658124597
21.5265423424 48.6337869006 17.7883433394
21.4318632798 48.3080517693 18.0068201620
20.6222628110 49.0055452006 19.0305072404
20.5828630324 50.0706442361 3.9179701896
21.4284608906 48.6365445461 18.0293510417
20.6056806714 49.9732202045 18.9534999536
20.8201296960 50.8604535585 3.8658293022
20.6466307037 50.6703720532 18.8543287962
21.0052585146 51.8962356484 3.7752461470
20.9526768212 51.0519979259 18.5978937520
20.7443171601 51.9476979607 18.4537075188
21.2213738454 53.0661976709 3.5809855574
20.8577499746 53.0611267484 18.1547645565
20.7894084546 53.8631777853 3.2960913698
20.9715952406 54.5398612469 3.0853325053
21.3920635003 53.8566158959 3.3457160887
20.6402376828 54.1081122226 18.0299379530
20.8022537429 55.3804322978 2.7977477118
20.5777667419 54.7819953343 17.8991817272
21.1078079123 54.3726663805 17.7680447017
20.9502622993 55.2016504516 17.6224023592
21.1643175582 56.0488527736 2.5223354180
20.9425725649 56.2422459170 17.4242868903
20.9982464257 57.4621094902 1.7457225893
21.5523438773 56.7564346028 2.1699307957
20.9447109253 57.2688721331 17.3075622396
20.8341550101 58.0634677800 1.3797809040
21.0473827144 58.5308558321 1.1755323008
21.4899588768 57.9860174390 1.3912977127
20.9825287964 58.3120026989 17.2307817605
21.2451209698 59.1344620235 1.0990763343
21.1760783825 59.4789033520 17.1373697808
21.5231183066 59.6694901600 1.2219629733
20.8239415744 60.6095946202 17.2117943788
21.2185912820 60.1575913779 1.6414026702
20.9683481744 60.7346288479 2.3233257926
21.0483966287 61.2373516743 2.8938312708
21.1565100451 61.5605064369 17.1503112530
20.6241595088 61.7019624645 3.2450316228
21.1383273183 62.2068647188 3.7747781670
20.8765254926 62.4872227145 17.2544492721
20.9914893761 62.8596594461 4.1428268345
20.5541031526 63.1870995343 4.2442603793
21.2603754111 63.1678119071 4.4450180813
21.1621858828 63.0180519599 17.2444808264
21.6570049722 63.4488964165 4.7661895942
21.4723099654 63.3274016281 17.2224203237
21.4859424021 4.8878440246 9.9262099201
21.8049391088 4.7043093503 10.2969839110
21.9498935971 4.4721940236 10.8930213137
22.2210779818 4.2384198260 11.8462167009
22.1696296003 3.9735933278 12.7956122209
22.1190251926 3.8385411055 13.7693862933
22.0833592392 3.7895680881 14.7784135687
22.0349894827 3.7850086567 15.7900405224
21.9466629901 3.8158740309 16.7597177672
21.8297122405 3.9305827533 17.7082549452
21.5382197967 4.1778085477 18.7121465183
21.5031041702 4.5921599488 19.5057049853
22.3247015283 4.7738845210 19.2670868901
21.4410661059 5.5906940958 9.6725186337
21.8814469677 5.1329701103 10.0572053853
21.8332670699 5.0342003195 19.8122717207
21.7964399480 5.7505415468 20.1703056819
21.6549649715 6.5653589881 9.6167695966
22.3163782674 6.6355314145 20.2857788040
21.7620141587 7.5006853386 9.6060948373
21.4540796469 7.4494505451 20.9390764709
22.1918749651 7.4618019026 20.6614272509
21.7595457352 8.3604329306 9.6632475313
21.8498812713 7.9835140127 21.0331742019
21.9957826339 8.8566657018 21.2852016744
21.6655632238 9.0548672828 9.7477099163
21.2620301221 9.5162443621 9.7517289642
21.7417965534 9.6895116731 10.0047705855
22.2282164484 9.8237026350 21.6683079299
21.7613165665 10.6810455335 10.2451736749
21.6503126068 10.3593186822 22.0179499118
22.0805633739 11.2137876613 22.2301120366
21.8115210647 11.8154836455 10.3582766759
22.0439903260 12.0403379644 22.5033553776
21.8798134455 12.9384924110 10.3832401685
22.4405748756 12.7723232050 22.5808445300
22.0310681435 14.1413854539 10.3449879445
21.8148621712 12.9037649678 22.7240538631
21.7766435127 15.1899819870 10.1876361578
21.9309595112 16.0110469231 10.1206519651
21.9631464984 15.6495233222 22.6576104568
21.8447378537 16.1345112912 22.5256948869
22.0716991318 16.9403866706 10.0202287397
21.6624871145 17.1183203527 22.2921341210
22.3101398859 17.9270422861 9.9286938087
21.6080742861 17.7824788469 22.1046654257
22.1206004380 17.3684760032 21.9694522766
21.9459760802 18.2013051864 21.7453141819
21.5704393308 19.3218560631 9.5448205672
22.1114204955 18.7716395495 9.7429013078
21.9550296907 19.2895598394 21.3889371754
21.7970056131 19.8226897206 9.5683249729
21.7087705859 20.5701459037 9.5743826688
22.3927529570 19.8619919737 9.8210322341
21.7509491241 20.3625211581 21.2329816180
21.6542305237 21.5522289276 9.6149468165
22.4007267125 20.8147809418 9.9134922345
21.7683514519 21.0626544896 21.0704335407
22.2248822024 20.5836607153 20.9098871443
22.2132623012 21.3007565277 20.7160419899
21.6121185535 22.5706127723 9.6825187212
22.3337750274 21.8590362456 9.9942575491
21.5408863870 21.8472739904 21.0014429479
22.0775229848 22.4508977014 20.5268342196
21.4959969928 23.5527953031 9.7461963641
22.2944971207 22.9899439892 10.1283122633
21.9733121895 23.7069708700 20.3702686937
21.1866815837 24.3352141923 9.7649053041
21.9088384822 24.2829146048 10.1099627181
21.8818008107 24.7849048112 20.3016485440
21.9098816806 25.4988151635 10.2446273920
21.8335310271 25.7953532892 20.2507962249
22.0751668476 26.6247932582 10.2848964677
21.8572335513 26.7305539785 20.1856400397
21.9383869138 27.5483042182 10.1205139191
21.9603989620 27.3366616054 20.0885794581
22.2073084211 26.9887266614 19.8110431602
22.2367734044 27.4918492559 19.7810960123
22.2310746911 28.1825520628 10.1214638326
22.0057450687 27.8331206026 20.0548318102
21.9458880805 28.5640650070 20.1460844542
21.7512725289 29.8528399369 9.5049431687
22.3076273070 29.2245298751 9.9220260424
21.1766608992 29.6462044155 20.8341574192
21.8217038998 29.7225495659 20.2999524514
21.8705531674 30.7846722464 9.2116279203
22.4088886008 30.2047464406 9.6422643911
21.2468938209 30.6967299944 20.7318374778
21.9007223763 30.6979087195 20.1965260497
22.1534466685 31.8467979352 8.8350506129
21.7227219456 31.4810774951 20.2310934056
22.1882869958 31.1839021376 19.8305723187
22.1736191758 31.9894488801 19.6799692116
22.1178739985 33.0093298146 8.2293336823
22.3367011123 32.5218342890 8.5535001389
21.5811192026 32.4940555482 20.1372156175
22.1119219780 33.0096978056 19.5649998855
21.6516009057 34.2590397929 7.4085535841
22.0356352213 33.7974237754 7.7944719613
21.4751551838 33.5689526683 20.0221550571
22.0499956837 34.0658311586 19.4968705882
21.8337323689 35.0832608486 7.1253503036
22.2566687238 34.5535749540 7.4872022433
21.4170953714 34.5864353722 19.9348963528
21.9692647040 35.1959961906 19.4858174114
22.0335955428 35.8594325269 6.8991958539
22.1479337641 36.1208100184 19.3222786367
21.6782544622 37.2707599677 6.3293348459
22.2049473377 36.6841366520 6.6946743294
21.3071456574 36.9412134754 19.9170198900
21.9595260648 37.0782700360 19.4616231522
21.7398119629 38.2263728506 6.0847962269
22.3073427138 37.6014646642 6.4387687352
21.3703698574 37.8134575769 19.8822588738
22.0123683937 38.2848250554 19.4021702144
21.8793938847 39.0441745067 5.8981756131
21.4124209647 38.8898315592 19.8668068363
21.9873515813 39.3749366233 19.3962269860
21.3848977281 40.7111772523 5.3990920377
21.9109976925 39.8309112506 5.7447948347
21.4132776323 39.9529199251 19.8611228970
21.9304393367 40.3971711052 19.3909008632
21.6161282395 41.6742385796 5.3419939834
22.2306708733 40.9023206275 5.6901214755
22.2653080811 41.8003391113 17.2632093749
22.4818398980 41.3092843953 16.8992935954
22.4259810697 41.9457531542 16.6337349518
22.3870546347 41.2737823903 17.3888462355
21.3943034927 41.0059258912 19.8452592270
21.8737418372 41.4258507585 19.3499306448
21.7922240324 42.5043596584 5.3031748250
22.4604934987 42.0072686709 5.6648492416
22.1539564323 42.5627835038 17.2362369983
22.3273967259 42.8433723483 16.5346816240
22.2507000797 41.6699322642 17.7201805035
22.1263891670 42.2788999323 17.8077404787
22.1933665741 41.9166266281 18.1482789142
21.3679973282 42.0658466840 19.8034130506
21.8098363923 42.4051963889 19.3163344377
21.5506542989 43.4701498320 5.1439994183
22.2628682644 42.9230374369 5.4627541613
22.0580198316 43.5098075645 17.2352344065
22.2592218077 43.7841274778 16.4962271601
21.9591524467 43.1963485573 18.0689134895
22.0663233108 42.5420436782 18.4194619713
21.3512635082 43.1782411653 19.6689127044
21.7898053407 43.1024815728 19.1690817627
21.7209915276 44.5779090606 5.1182455889
22.0090663022 44.5020479098 17.1834173590
22.2420406102 44.7710142495 16.4375932119
21.8386871978 44.3203492590 18.0192351154
21.9151677506 43.1331041962 18.7411943828
21.6235912420 43.9675904051 19.0047094643
21.1205275098 44.1403471825 19.7468843969
21.8615016531 45.6219709534 5.0749935748
21.9842800684 45.5184513232 17.1728954375
22.2287577852 45.8074399207 16.3964146778
21.8302703665 45.2293846285 17.8482369627
21.5951702977 45.5327947825 18.7710178528
21.1307642813 45.0134860980 19.5706289127
22.0882766100 46.6895310988 5.0111226125
21.9450579422 46.5794468905 17.1333837595
22.2148168170 46.8230243803 16.3620777155
21.7491094654 46.3041080545 18.0976229528
21.7368023693 46.1926671104 18.6864234723
21.6731464993 46.1721088661 18.8749319652
21.3822903310 46.5605900391 19.0442194666
22.0830888166 47.4744134897 4.8467975447
21.9433236877 47.4442631159 16.9910386283
22.2046855499 47.8074664036 16.4043793797
21.6326593939 47.6242580869 17.7977055861
21.6637492915 46.5352928609 18.6839406853
21.4522188874 47.2054107856 18.5692919153
21.5778632925 48.9667830850 4.3139375036
22.1412109558 48.3087675251 4.7000329968
21.8157395563 48.3928430685 17.2830228485
22.2617899898 48.7768628429 16.4957596636
21.2738833661 48.4055629774 18.4273733058
21.4642702137 49.8706567233 4.1198382468
22.1237491198 49.2790679105 4.4518712001
22.0042556575 49.2017762335 17.1382958926
22.3075222366 49.5696202411 16.7034734341
21.5878243063 49.2457596383 17.9097136608
21.1080573961 49.3780815186 18.6135039142
21.7479094577 50.9471095323 4.0461784634
22.0505353381 49.9157842286 17.3330496565
21.7414979008 50.2468136446 17.9000741623
21.5552386690 51.1092281209 18.0868849211
21.2253824738 50.2416666848 18.4726788129
22.0337292823 52.0401443994 3.9602644591
21.5611463293 52.1329887083 17.9485791947
22.0622187218 52.8520243598 3.7907398212
21.6304886518 52.8598810166 17.8107509093
22.0505273260 52.4146671642 17.5319322039
22.0442579262 53.1869242419 17.4111984552
21.7638781654 54.3349815953 3.2481375014
22.2352959466 53.6779758997 3.6411472535
21.3902118572 53.6192449653 17.7916967301
21.8034173317 54.2764433759 17.3715417175
21.8420242777 55.2212273771 2.9592866813
22.3666805461 54.5776200367 3.3652692156
21.7882147264 55.4119879126 17.1948953387
22.1331470993 56.2218792606 2.5963795445
21.7799310627 56.4628754056 17.0956057688
22.1149043686 57.4516587957 1.8699895300
22.3203117130 56.8470029268 2.3025734908
21.7762243874 57.4799580359 17.0379630560
21.8325799069 58.6038510951 1.1746816910
22.1444949167 58.0670683966 1.4387731413
21.8124403236 58.4236196010 16.9863017444
21.8670096911 59.2160129957 1.1097164268
21.9841128483 59.0683921730 16.8946426553
22.3759533428 58.5897642976 16.7241916294
22.5415087131 59.3429162016 16.5965343161
22.1732913895 59.5799223923 1.2981062455
21.9470452573 59.6512927460 16.8942013945
21.6761657122 60.4300347361 16.9911647188
21.8839763935 59.9858948119 1.5056444673
21.9786871485 60.3523583625 2.1018651136
21.3619622798 61.5327513150 3.2904410689
21.8566695906 60.9631201504 2.9377024563
21.9817053265 61.5648721747 3.6450851130
21.9453361611 61.1440667635 16.9044882891
22.2925727408 60.6650568203 16.7329223597
22.5531451479 61.3863604533 16.6178356540
21.9651660659 62.1041083295 4.0528741357
21.9785704063 61.7426775308 16.9219078273
21.7576542440 62.4575269980 17.0538804625
21.6680782827 62.6509882252 4.2673972871
22.2325681817 63.0181623387 4.7842004124
22.0683077899 63.1877436301 17.0432543464
22.2535068649 63.5239464476 5.0414682828
22.1333259516 63.6434793036 5.0467315301
22.5462124842 63.6183210570 5.2485207052
22.0594477818 63.4267685627 17.0941377124
22.2894860966 5.0844219029 10.6684970644
22.5821842626 4.7542898423 11.4800533933
22.9267200709 4.5964847395 12.1945046941
23.0793009846 4.3331245712 12.9367757379
23.0146630323 4.0607411691 13.8246486002
22.9818643048 3.9524194835 14.7859341585
22.9304351058 3.9220241214 15.7741982248
22.8173937116 3.9443501282 16.7290908327
22.6000223301 3.9977629789 17.4940948602
22.6538843454 4.3193022847 18.3605033157
23.0359486909 4.8879155948 18.8563612202
22.1439741628 5.8826126155 10.1339341400
22.5921601881 5.8050218164 10.7862191052
22.8268783490 5.4650344518 11.3698180153
23.1452477447 5.1673135042 12.0669367712
22.3458364481 5.3695905035 19.7607233825
22.9572817525 5.5538051381 19.3526817397
22.2131498733 6.9204322561 9.9982364673
22.6057991106 6.5689154631 10.5950877099
22.9489525350 6.3250718981 11.2836055975
23.2845674744 5.9960225319 11.9772805643
22.5977261005 6.0229154611 19.9034938116
23.0646225222 6.3265069575 19.6212212275
22.2444139943 7.8676022922 9.9996288456
22.5832991633 7.3816583645 10.4295063650
22.9683642731 7.3484795212 11.1040257078
23.3428092566 6.9449115730 11.8479861456
22.8607383986 6.6819221440 19.9535663716
22.8568688740 7.3775235830 20.1533600250
22.1543030616 8.8240339407 10.0436366515
22.7084163453 8.3347911328 10.6258013618
23.1479105922 8.2108915817 11.2754518136
23.3494012090 7.7471544332 11.6880759776
22.4156611196 8.2254064873 20.8662948161
22.8270098902 8.0539114564 20.4589467677
22.4958856997 9.6811346748 10.5316635629
23.1398101646 9.0935835375 11.1887481218
23.6093860201 9.4690251704 17.9968219329
23.6846694618 9.2952713241 17.8512633089
23.6976490308 9.6221415772 17.8873967648
23.6579414314 9.3002228347 18.1402897554
23.0079707712 8.8647296707 20.7028890448
22.8930810153 9.6053994009 21.2473823376
22.5303279542 10.9676760719 10.6643855813
23.1488912363 10.2411491746 11.1592833790
23.6709210003 9.6270930877 18.1764232113
22.4229185702 10.4907345666 21.9054986199
22.8731094295 10.2277883350 21.6024610983
22.5862274105 12.1046012545 10.7037721030
23.1821896194 11.3921698683 11.1499674856
23.0856543202 10.9912462311 21.8146994154
22.9992238392 12.0411838054 22.2293208718
22.7114175433 13.1935546723 10.6972217409
23.2693533130 12.4871161848 11.1440362854
23.0666423741 12.8291839948 22.4010065319
22.8924153917 14.0646591834 10.6422361727
23.5019742901 13.6266663604 11.1593829436
22.4964701508 13.5405544632 22.6335431231
23.0445097863 13.6491420510 22.4227452966
22.7507858738 15.0862270495 10.4097501089
23.3367518516 14.4559774122 10.7865894453
22.5812504123 14.8588893543 22.5157730412
23.1841641397 14.7046484598 22.2189320078
22.6891411070 16.1467218713 10.2255593722
22.7701868749 15.5669086889 22.2207434325
23.2178789969 15.2762404605 22.0121467050
23.1724109068 15.9066908203 21.6439059573
22.9671284129 16.9148677634 10.2127290848
22.4256525025 16.5462997637 22.0631286751
22.7628118059 17.2179872913 21.4565154283
23.1988860107 17.7092969426 10.2262298000
22.6600557525 18.3428689418 21.1801269746
22.1885708601 19.2912351689 9.7101021175
22.9106933697 18.8100385716 10.0741027425
22.6694887157 19.0798187085 20.9911519216
23.0515218514 18.6275510633 20.7046147750
22.9876069382 19.3862957608 20.5217579969
23.1860839223 20.0028325340 10.3138681966
23.3441192638 20.6508105831 17.6704342195
23.4833964654 20.0887205967 17.5584632007
23.4220849039 20.4990112862 17.2475576281
23.4460798126 20.1691929691 18.0258478149
22.4381469920 19.8400649652 20.9471149840
22.7668961784 20.4606327305 20.4091844492
23.0307939275 21.1706974855 10.3794985587
23.3437198957 21.1186201069 17.2022588263
23.5107571002 20.7711382748 16.8274470438
23.5113265303 21.5181407851 16.6180959200
23.2871978432 21.3573567474 17.6934280755
23.3489047664 20.8439963529 18.1872133391
22.7080265008 21.5351425741 20.1871846477
22.9282987549 22.1765160785 10.4617984425
23.3281272300 22.0411476579 17.1776520437
23.5206714988 22.4952448220 16.4964711235
23.2896937968 22.0015516142 17.7760353145
23.3097960324 21.5539881792 18.1414665626
22.7275630881 22.2934853772 20.0061866574
23.0265343157 21.8650939566 19.7100296441
23.0187521345 22.6236351069 19.5140020028
22.9231384679 22.9282199486 10.5767067806
22.7132032936 23.6996198155 10.5403797210
23.1997192205 23.3155534022 10.9005025417
23.3706694174 23.0219542427 16.9828754802
23.5456141921 23.4130382161 16.4849417661
23.3169026726 22.7341088038 17.5975516851
22.5877994800 23.1352155651 19.9405020396
22.9799897716 23.5865149917 19.3020933544
22.6174344912 24.7213746391 10.5909330991
23.2036227104 24.1077911852 11.0192824256
23.4161799469 23.6782174117 16.9003365735
23.5466340651 24.0353963928 16.6720980823
23.3664798191 23.5569409766 17.3630143375
22.5300785537 24.3166185803 19.7469711834
22.9761149567 24.4569874675 19.0976556516
22.6501998797 25.7502349302 10.6271051201
23.1990018541 25.1210918957 11.0632395257
23.4538587483 24.0864617258 17.0824777726
22.7888012467 25.4190076898 19.1597100640
23.1419481525 24.9198601805 18.6264868181
23.1496070052 25.5503257859 18.4224686543
22.2999336576 25.2891722055 19.8532520166
22.7748914461 26.5486497379 10.6337798600
23.2198680360 26.1006205697 11.0233290230
23.0068046821 26.3636557591 18.5716642420
23.3450886723 25.9577082643 17.8994348862
23.3867998044 26.7909775549 17.7847001502
22.6944844313 26.2895228910 19.1643772791
22.3415847867 26.2298291254 19.6822532591
22.6590446509 27.4292181728 10.4572825765
23.1749582612 26.9118982960 10.8788717624
23.0710264611 27.3771533999 18.4281175629
23.3831734821 27.6186232044 17.8748911789
22.6051523858 27.1450381782 19.2490066537
22.8832983421 28.4442269642 10.3952313293
23.2040873685 28.0656133737 18.2954079465
23.1932170010 28.6325451201 18.4681010204
22.8683673710 28.2478579884 18.9274792341
22.3797132272 28.1056227682 19.6294234427
23.1537477639 29.2799459271 10.3607170351
23.0098918138 29.0375943018 18.8658545252
23.0114997357 29.6167671979 18.9266478881
22.5529741428 29.2649178160 19.4924127565
22.7843730945 30.8344780985 9.5648462477
23.2993714603 30.3514154352 10.0968299735
22.8495757587 30.2750924177 19.1169842863
23.2023036367 30.0666746729 18.5962713284
23.1711579014 30.8504123772 18.5299759631
22.3565663227 30.4190235759 19.7260260570
22.9444050671 31.6286898901 9.2853067003
23.3194859485 31.2082846297 9.6855454692
22.6637326118 31.3065511320 19.2168171630
23.1158268549 31.8846071673 18.4603584134
22.7607096127 33.0122820436 8.4789497629
23.0220826010 32.5757695586 8.8646750717
22.6474800589 32.4483223194 19.0539458096
23.0827844847 32.9433328086 18.3900612242
22.9494016655 33.7150329598 8.2423639109
23.2667162690 33.2937978307 8.6191673276
22.6132431028 33.5084107734 18.9750208626
23.0587335850 33.9856606834 18.3472331777
22.6486580698 35.1245539299 7.4041476246
22.9743844483 34.6468539902 7.8132060842
22.5807660211 34.5688998783 18.9378750121
23.0461046071 35.0268562249 18.3170876193
22.7898467545 35.9741368792 7.1638375874
23.1951896985 35.4448249712 7.5611189566
22.5883193021 35.6064116979 18.8980988978
23.0367072730 36.0670132828 18.2958248496
22.9655421994 36.7913797593 6.9722508426
22.5824091523 36.6226911796 18.8829768605
23.0127630865 37.1120666500 18.2722028284
22.6169889027 38.2302244622 6.3828284267
23.1119809020 37.6668852677 6.8216874661
22.5512957393 37.6978370932 18.8650473993
22.9663714621 38.1298252057 18.2191460875
22.5440624974 39.0747193432 6.1564389460
23.1426947269 38.6420196274 6.5626147409
23.0505242115 39.5737781375 17.0243025430
23.3433860612 38.9803640350 16.5972331330
23.2840370218 39.4724241533 16.3166137761
23.2479749088 38.8546852431 17.1090596516
22.5332640379 38.8910059724 18.7356786059
22.9211337969 38.9242530962 18.0717448137
22.8064564118 40.1568332897 6.0881263500
23.0761795258 40.1666220834 16.3208202730
23.4013241181 39.7880940029 15.8050379636
23.3199282536 40.5929205483 15.5384343616
22.6827222743 40.6138577388 17.1179554907
23.0431377809 39.1512767268 17.5956998434
22.6740560156 39.8729528791 18.0475491865
22.3227654315 39.8691488146 18.8984964978
23.0000826941 41.1833038837 6.0630797265
22.8212155299 41.1732419649 16.2107771101
23.1906902584 41.6083103376 15.3045999623
22.3767178086 41.1416584523 17.9983405618
22.2605598719 40.7741378977 18.7646008816
23.1628209560 42.0372926125 6.0899870564
22.7404784607 42.3118433729 15.8325712061
23.1158041090 42.4305909448 15.1183584492
22.1218287582 41.8658308126 18.7301348940
22.3850407202 43.7919247340 5.4583956055
22.9718489601 42.9837621198 5.8934851227
22.9097753870 43.2663531532 15.2543348464
23.2858196598 42.9087617165 14.6881972566
23.2963842151 43.7250655079 14.4815841621
22.5368010631 43.2165244487 15.9545604401
21.9872325051 42.6548241151 18.9093435316
22.5050900803 44.8291919879 5.4365629595
23.0806973645 44.1454713076 5.8867208630
22.9088247364 44.3840520375 15.0616342923
23.3031443640 44.7964775684 14.2912623561
22.5518005089 44.0603296623 15.7946637607
22.6256403687 45.8214503420 5.4008669024
23.1546734580 45.1871680861 5.8664511933
22.8993823839 45.4713027742 14.9469808301
23.2614864111 45.8747636325 14.2088424331
22.5483989572 45.0905792912 15.6987394153
22.7795265199 46.5818474424 5.3780481560
23.2136818973 46.1498585447 5.8217528770
22.8989162035 46.6190158491 14.8453114276
23.2371851188 46.6850313222 14.1397765172
22.5395082814 46.1554005673 15.6412359640
21.6914566945 46.3737908162 18.8581200519
22.6805681119 47.4043752880 5.1715805015
23.1758876055 46.9138082576 5.6567655898
23.1280594268 47.4565302933 14.3672186013
23.4156468770 47.1191705526 13.7895574263
23.4260189767 47.7091159598 13.8289818631
22.8041681693 47.5699889971 15.0754528160
22.5247800102 47.1923722191 15.6594762118
22.9580487896 48.2653331659 5.1833055014
23.2659118924 48.1492759866 14.2274495031
23.2802894730 48.7265623451 14.4314758332
22.9756978839 48.3881733443 14.9128982119
22.5712420096 48.1964891661 15.7106982459
22.3524441982 50.1251071544 4.4102175264
22.8701540761 49.2730802193 4.9086593114
23.1322090744 49.1940008377 14.9404305305
23.2148576789 50.0109999645 15.1836374255
22.7325319968 49.4042239465 15.8250272748
22.5621223571 51.1179327248 4.3393704838
23.0749374707 50.4457283856 4.8113263159
22.9405661006 50.5612419341 15.9531481084
23.2855563134 50.8025923654 15.4172981873
22.4586250563 50.4448145816 16.7627085285
22.0486838435 50.6576215116 17.5216852477
22.7589035260 51.8795115632 4.2904059368
23.1840157778 51.4297303010 4.6934722376
23.1135719445 51.2600057490 15.9122466595
23.0890085658 52.0067277723 16.1140252436
22.7571948484 51.3824450794 16.5303503226
22.1927581264 51.5133202469 17.3666356470
22.6980816803 52.7151528120 4.0862785519
23.1721859753 52.1908061498 4.5090563861
22.5768813525 52.4441574716 16.8966117334
23.0816491231 52.9910866515 16.2155949550
23.0688120979 53.5555013833 4.0951320987
22.5586176757 53.6038886016 16.8462949889
23.1135867354 54.0580677663 16.2082250564
22.7048314805 55.1406895453 3.2924475873
23.2183418443 54.6365481780 3.8633007137
22.5205217476 54.6987814235 16.7914802056
23.1333490078 55.1515917034 16.2219371763
22.7657659304 55.8386249600 3.0286210934
23.2077806857 55.5070804005 3.4360012929
22.5107204597 55.7743651755 16.7427948655
23.1230961513 56.2304049300 16.2583822928
22.6464882920 57.1566782944 2.2693315467
23.0783497681 56.8334544881 2.7863604556
22.4914734691 56.8177136234 16.7182910437
23.0889208042 57.2907052761 16.2743991834
22.4483462416 58.4426288956 1.3810952937
22.6898279951 58.0867917314 1.7652524735
22.9536876244 57.6203063273 2.2834170926
22.4522691831 57.8129670798 16.7054310245
23.0051016406 58.4208773405 16.3013828732
22.4583902201 59.0072900416 1.3252972302
22.8491630425 58.6194924260 1.6521294883
23.1637675103 59.3591233130 16.1566220183
22.6534797769 59.4795591084 1.5408588904
22.4232339845 59.8988502560 1.6990279558
22.6458481004 60.0778058944 2.1734666782
22.8989740413 59.6771981327 1.9855211366
23.0005146049 59.9363032997 2.4937400895
22.2906193739 60.0715192324 16.7288581290
22.9249035729 60.3646484606 16.3272633134
22.6333253390 60.3898815742 2.7449577198
22.5545285374 61.7354810575 4.1758502789
22.7637316573 60.9012979299 3.6405821958
23.1339241404 61.3314476602 4.4506901853
23.1768298414 61.3702628815 16.1809312566
22.3015129352 62.3577828554 4.4195233389
22.9236463125 62.2148337761 4.8312579448
22.3971682101 62.1457527951 16.7694340703
23.0304260431 62.2329526147 16.3699255883
22.9560312124 62.9200758555 5.2060457725
22.5452599059 62.7676846694 16.7712076175
23.0709647379 62.9422990391 16.4555288732
22.7402836444 63.3803022177 5.2555495869
23.0683645984 63.4737109040 5.5593937621
22.7363512668 63.2148307161 16.7403174292
22.5607045644 63.3909618295 16.8593473966
23.4596015820 4.8933182407 12.7474240848
23.7383625381 4.7225528939 13.3802445555
23.7215238446 4.4527684258 13.9525764297
23.7094219081 4.2798943423 14.8083675484
23.6666138756 4.2020776142 15.7444597784
23.5586270784 4.1921053417 16.6694434649
23.3406551247 4.3026534995 17.6137043804
23.3609494735 4.6972289926 18.3458554005
23.8104842061 4.9019653043 17.9095180055
23.6410430355 5.6510462491 12.6640291170
23.9568565609 5.3228405909 13.3442641653
23.5552076864 5.4475798835 18.5841916482
23.9875369514 5.5629513184 17.9360109466
23.7238052754 6.5950818411 12.5697340096
24.0726394602 6.1917313895 13.2986129642
23.8854350848 6.5285158841 18.1572655490
24.1815406615 5.9453216019 17.4825638287
24.1932556699 6.5666928882 17.2959448322
23.4307463555 6.3643293364 19.0843616370
23.7547571024 7.7007155400 12.3780378843
24.1271008438 7.1966094856 13.2104725429
24.0527572138 7.4940521464 17.4337886908
24.3054442413 6.9450566550 16.7362090990
24.2800827824 7.7705262477 16.5317088288
23.8168350124 7.6587284820 18.2498895892
23.6146964401 7.3750352946 18.9491996402
23.2534789227 7.0806348458 19.6139129802
23.5146308299 8.5134453925 11.7939931635
23.9411162966 8.7331193592 12.4100780483
24.1963329538 8.2182361891 13.0916852106
24.0541179998 8.4146903609 17.1310337074
24.2510045420 8.7773070323 16.4589516733
23.8099991429 8.6578435187 17.9515585130
23.6974722374 8.2944742972 18.7393283932
23.4327217151 8.3699385164 19.7315944225
23.6914490698 9.5764985688 11.8499426820
24.1154900242 9.4458074196 12.4848722659
24.2618625657 8.9995636877 12.9289608775
23.9386504980 9.4159698573 17.3768208346
24.2727086534 9.8168019003 16.5119558621
23.7719612574 9.4234326890 18.7873835061
23.8235771446 9.4804808941 19.6970051152
23.6607939574 9.4014779567 20.2887253474
23.4502910278 9.6515286074 20.8314291778
23.8581899855 10.1513530242 20.6079509528
23.7017846338 10.7675691940 11.7087687282
24.1375325780 10.2517558800 12.3397900584
24.1070300275 10.4867931161 17.2670368511
24.3206263210 10.6539024767 16.6314143092
23.8853880229 10.2648216672 18.1395195484
23.9839963977 10.5182953033 18.9733056697
24.0172982919 10.2429330659 19.5641588548
23.4841563035 10.3510318977 21.2223223818
23.9663107836 10.8118635466 20.9142219314
23.7426826467 11.8549450265 11.6576167823
24.1767037997 11.2965251739 12.2284066167
24.2397932304 11.2184185077 17.1162349607
24.2782036755 12.0559681470 17.2634740711
24.1002682043 11.5381064271 17.9358195882
24.0721970937 11.3869759154 18.8383001794
24.1546620906 11.1928979762 19.5814415774
23.7807564017 11.1799820686 21.4195632299
23.5761012900 11.6082943138 21.8356327408
23.9449900181 11.7840307110 21.5848734134
23.8209305574 12.8445344532 11.6370086418
24.2059665133 12.3453132005 12.1885894939
24.1487673372 12.8086246559 18.1159228201
24.2965208634 13.1033845886 17.3271421690
24.1320813127 12.4890246336 18.8769778515
24.2252751365 12.1906691095 19.5899024895
23.7133830907 12.1381449777 21.9124313371
23.5895477660 12.9126642619 22.0726249902
23.9198276981 13.4543841264 11.6516891066
24.2119273626 13.2994793593 12.1286191391
24.1204058696 13.9511143589 18.1636073726
24.2768854115 14.1597082171 17.2817728233
24.0988376465 13.7145636186 19.1303976266
24.2266215945 13.1737260857 19.7028395071
23.6446156527 13.9731017815 21.9919627959
23.5208183497 15.0535193885 10.7455433525
23.8346561803 14.6059164561 11.1870276963
24.0869057521 14.0536580173 11.7654027328
24.0625789204 15.1304112125 18.0434242258
24.2475962471 15.0079974864 17.1609490991
23.9754883131 14.8528679507 19.0617192887
24.1769168140 13.9358341674 19.9514492868
24.0110698360 14.6653346998 20.0532043776
24.1802079769 14.2505597204 20.4583872830
23.6028145072 14.8906259228 21.7229777469
23.9677990393 14.2327683514 21.5623602258
23.9639237741 14.6754212716 21.2556023876
23.4635962199 15.9243236988 10.5646481315
23.9356143608 15.3638866805 11.0442406127
24.1275824238 15.9508754725 17.3973606486
24.3421944212 15.3982333305 16.6507908760
24.3169280525 16.2425463632 16.5036301477
23.9684818839 16.1692389932 18.2413672346
23.8826597870 15.9508153391 18.9949513287
23.7926774088 15.6885434022 19.9550670719
24.0560671937 14.6478481946 20.7776079515
23.7471417692 15.3095760290 20.9236509541
23.7401453617 16.9679178658 10.5966382678
24.0985946952 17.0276463773 17.2484315065
24.2836803823 17.2805344217 16.3540530084
23.9848937266 16.8031649039 17.9743488324
23.8887254232 17.1031832049 18.8284044596
23.6843271376 16.7957269331 19.7947381961
23.4359355990 16.4532967885 20.7598073973
23.7906281470 18.0144120396 10.5956989721
24.0309886759 18.1200579981 17.0896909603
24.2451196762 18.2869717223 16.1683325834
23.9180574931 17.8435718018 18.2032755251
23.9605863326 17.7321802482 18.7834543767
23.9283982750 17.7314263279 19.0552107900
23.8964983702 18.0536195503 19.1009320391
23.7186964034 17.8283377926 19.5177878977
23.2862019034 17.7071063581 20.5396845956
23.7669116624 19.0614631249 10.6341932554
23.9747589510 19.0832190091 16.7026477908
24.2074819270 19.0606600741 15.9856739690
23.7028560022 19.2540461289 17.8077563465
23.9286864278 18.0543734706 18.8291756259
23.6955710643 18.6956707819 19.0318445903
23.3880540427 18.6617574567 20.0557642746
23.8463978117 19.8226472833 10.7929952361
23.7132241626 20.6498477912 10.8852024121
24.1035573226 20.1231231562 11.1859413565
24.0324853379 19.7905670472 16.1294571840
24.3022879049 19.4696744925 15.5164420284
24.2291972672 20.2700457302 15.3970075150
23.6798916844 20.0227245288 16.9293622334
23.4474733969 20.1277340752 18.7572354656
23.2908995824 19.7152278804 19.7615829250
23.4989833531 21.6710529681 10.9089831393
24.1249185881 20.6460799873 11.4183930128
23.9732067951 21.3335830590 11.4279852370
24.2707797447 21.0459333125 11.8737904283
23.8301244622 20.7997955392 16.1597635836
24.1623146981 21.3044038585 15.2953487810
23.3322414795 21.2935357795 18.7032132903
23.1662272084 20.9863469798 19.5564649233
23.3682266777 22.5962329753 10.9505552243
23.8415061235 22.2739267784 11.4888630270
24.2231498538 21.8727314938 12.0764406091
23.8143752293 21.9199880094 15.9391758263
24.1474095708 22.3826410684 15.2275879457
23.3156381838 22.2813504438 18.3202190835
23.2355475899 21.9973110235 19.1280864794
23.6787260214 23.3780572521 11.4656305583
24.1508549235 22.9271993584 12.1629395427
23.8225627108 22.9737639251 15.9008204528
24.1666686584 23.4670859636 15.2497961988
23.3371610755 23.3338600356 18.0439527101
23.2378553426 22.9862074233 18.8224432175
23.6937211938 24.5413709113 11.5814295687
24.1138467027 24.0204146350 12.1942490580
23.8422998277 24.0551227151 16.0706280120
24.2394749419 24.5226217934 15.3043461239
23.4150987578 24.1800414244 17.6269037170
23.2500792443 24.0879598389 18.5036014266
23.7022397185 25.6104374372 11.5663554773
24.1195015921 25.0904095161 12.1861778300
24.0245458688 25.0742455365 16.0505790040
24.3040397417 25.2029960454 15.4046814882
23.6306794110 24.6812930450 16.8932132553
23.4012421038 25.0707470045 17.8495911392
23.7065123842 26.7494491128 11.4376554220
24.1394076741 26.1172312572 12.1107908603
24.3158738146 25.8838647056 15.7235670053
24.2223197094 26.8708075686 16.3005357421
23.7698231972 25.9796274912 16.9436707059
23.4097901302 27.7884369958 10.9383951288
23.9318558023 27.6631168406 11.5231808346
24.2162245634 27.0977316270 12.0439275549
23.7782204110 27.4498854959 17.1622613058
24.2413163743 27.9580852636 16.4484981421
23.4454350322 28.7451895167 10.7268728011
23.9303101959 28.5970902353 11.2681200085
24.2989102781 28.0722705056 11.9050523758
23.9056551509 28.5941149743 17.1017138859
24.2587709040 29.0050280756 16.4701183873
23.4987444722 28.4172729984 17.8397850998
23.7662310295 29.5779855420 10.7734696566
24.1981108671 29.3807857634 11.3166411807
24.3403352842 28.8702867861 11.6953364350
23.9327151341 29.5959243434 17.1009305321
24.2455034465 29.9992572414 16.4375334448
23.6544668393 29.2214245244 17.6625692023
23.3216471720 29.3239989423 18.3478400480
23.8897952710 30.3106844071 10.6079556232
24.3139243970 30.2183570567 11.1004541280
23.9069318333 30.6487275295 17.0721059097
24.2280707632 31.0243438725 16.3113759348
23.5478748978 30.1558657177 17.8859514506
23.5977432015 31.7672560532 9.6028757529
23.8194445047 31.4250149562 9.9719050557
24.0671966607 30.9640209663 10.4686747065
23.8818747303 31.8410752003 16.9267449583
24.2048302154 31.8974410760 16.1532393088
23.5325890606 31.3019839736 17.7769104185
23.6651849058 32.4103777154 9.3751510813
24.0058774230 32.1335289591 9.7831231731
24.0261077207 32.8391343447 16.3306779257
24.3303806395 32.3699714037 15.7031653263
24.2941154868 33.2140100089 15.4947917116
23.7227764037 32.8343195582 17.1306025796
23.4802681398 32.3746377172 17.7376259456
23.5925151696 33.8127696842 8.5927499329
23.8107873700 33.3547086567 9.0523603279
23.9928584440 34.0810753918 16.0575279350
24.2667742281 34.0423981423 15.2581324463
23.7256272403 33.7193454188 16.9583346442
23.4372604187 33.3880615669 17.7108568164
23.6560027636 34.4891727704 8.3635605260
24.0165694934 34.1902235385 8.8368239496
24.1126607949 34.9864116445 15.4283880090
24.3937858261 34.4718747723 14.8165458654
24.3769413248 35.3317261647 14.6906126821
23.8575637325 35.1011910536 16.2341377255
23.6860482791 34.7575766541 16.8949174155
23.4182769990 34.4010737848 17.6549522695
23.5224221075 36.0243344554 7.5513385023
23.7779515098 35.4792528292 8.0412464253
24.1090807926 36.0738468733 15.2364930962
24.3729424782 36.3331812382 14.5971281213
23.8622305974 35.9451441767 16.0432875153
23.6471105249 35.7662192399 16.8621149923
23.3981473054 35.4365163388 17.6228967467
23.5635448830 36.8479124108 7.3470578584
23.9744206340 36.3869098264 7.8550703742
24.1361006751 36.9907140418 15.0700810201
24.3645238647 37.1159428334 14.5829885182
23.8598221334 36.9672478141 15.8557232706
23.6144749238 36.8079199920 16.7660909092
23.3724779845 36.4787270820 17.5902301181
23.8784487804 37.8044769056 7.3794601641
24.2172888370 37.5990992475 14.8607212215
24.1942427532 38.1539602902 14.8563383912
23.9347507674 37.9357064654 15.4495707946
23.5280105655 38.0729980634 16.6146857338
23.3186647665 37.5367010189 17.5436068760
23.3552555084 39.5127334798 6.5449773418
23.7969340562 38.7852432681 7.1040527941
24.0208296711 38.8188236692 15.0282473111
24.3197057583 38.5920719307 14.5411513617
24.2608666058 39.4114371879 14.4085591228
23.6087874240 38.9785326745 15.8438142260
23.2032378504 38.4674105039 17.5668836006
23.5163725996 40.5493730891 6.5214121169
23.9706833978 39.9832112399 7.0899739128
23.7856582888 39.8701027215 15.0574402900
24.1657443266 40.4567651501 14.1760321044
23.6122070724 41.5510209106 6.5099946736
24.0500067332 41.0473763712 7.0783433751
23.7187222109 41.1469057728 14.6280216007
24.1207055268 41.2968885983 13.8952455416
23.6237751998 42.5380280774 6.4707791333
24.0799040457 42.0811336204 7.0664515906
23.9420203028 42.1102819113 13.8469021800
24.2718346714 41.7264596567 13.3696961033
24.2477544674 42.3067933209 13.1256559408
23.4820504383 42.1883126339 14.5990890692
23.6187840684 43.5764552737 6.4269518750
24.0847328188 43.1167174265 7.0506882203
24.0662900430 43.0673232734 13.2471842840
24.3630502695 42.7125710765 12.6392489299
24.3211283706 43.3299500080 12.5657631849
23.6390571647 43.0075321481 14.0684871495
23.6517963197 44.6324092802 6.4154980502
24.0865605518 44.1574466062 7.0413464837
24.1416026289 43.8342816353 12.9194793647
24.1054313185 44.6259294578 12.8758164309
23.7582600368 44.0589990988 13.6188675577
23.6805484304 45.6621796553 6.4084257489
24.0843285408 45.1705259097 7.0419528351
23.7267169281 45.3415409811 13.4790725778
24.1104679942 45.4253905706 12.7687357254
23.7282671016 46.8227405225 6.4017950385
24.0802293769 46.0945700323 7.0606873995
23.9581322560 46.2002772671 12.9477694882
24.2641990149 45.8742920813 12.3393196886
24.2279442011 46.7249432176 12.2901183326
23.5602233260 46.4227934432 13.6088009542
23.3583445151 47.6661781433 5.6937995895
23.8686792539 47.9425754273 6.3455785409
24.1346483577 46.7670870034 7.2255776783
24.1525902998 47.4996059159 7.2136014309
24.3552009572 47.5642825127 7.9506340934
24.3244733006 47.0301669454 7.8216995098
24.4550444844 47.3541313078 8.4005443754
23.8027420343 47.3692464543 13.1776534019
24.2390459854 47.8013677046 12.3233494754
23.5693673728 48.7284348822 5.6656116869
24.0413728841 48.7188596680 6.3455476550
24.2299618807 48.3802297079 7.0133067487
24.3861861386 48.1394993555 7.8311670677
24.4784796840 47.8808348650 8.4440601240
24.0118494937 48.4986736555 13.0398431521
24.2939577844 48.6755502680 12.4621232090
23.5906801430 48.4766097029 13.7948883768
23.5901809728 49.8829635175 5.4201212043
24.0429820368 49.5042853304 6.1189027690
24.1867384832 49.1849352840 12.9501191289
24.2070269101 49.7787407912 13.1695557564
23.9027985628 49.4692682170 13.6497388691
23.4719304965 49.4226282372 14.4131274174
23.6585866688 50.9658674255 5.2802933949
24.0801851118 50.5133007685 5.9799482013
24.0683552748 50.2570831414 13.6616033497
24.0944672501 50.8891399059 13.7877717968
23.6939839617 50.6554113280 14.5248396254
23.6894081576 52.0863057803 5.0748782465
24.1174707354 51.5669349210 5.8624713028
24.0073573369 51.7340775486 14.1538614288
24.2712798521 51.3035084885 13.4203385970
24.3131592988 52.1030198193 13.4271609892
23.6839925215 51.7895081090 14.9071090813
23.4029752503 51.4947693006 15.4227834792
23.3957297016 52.9076948517 4.5309378149
23.9092129409 53.0824932192 5.0719588488
24.1786921397 52.5883865019 5.7384010127
24.1189182948 52.7346149802 14.1239220547
24.3445449025 52.9193477087 13.5729526591
23.8039109718 52.6156820093 14.8360041967
23.4510070543 52.3943165819 15.5251695001
23.6785279696 53.8537447389 4.5366809304
24.0911771485 53.7762508594 5.1425205090
24.2385229214 53.3687408822 5.5934882206
24.2360432101 53.3934768089 14.0592028700
24.2381834708 53.9494860662 14.3005086600
23.9710790907 53.5791872447 14.7370101223
23.5355785644 53.3727522939 15.5214070856
23.7682209437 54.5371844987 4.4082450992
24.0786393673 54.4679955661 4.9272879782
24.5444102471 54.9395772040 7.4108914929
24.5552750465 54.7797595597 7.2319183584
24.5621327326 55.1004093196 7.2926601372
24.5758468621 54.8237720243 7.5523368205
24.0882004656 54.3733655658 14.7799496068
24.0778742825 55.1499703639 14.9754675729
23.6799799698 54.4935718464 15.4740961712
23.4370208170 56.1995363392 3.3205464758
23.7091834781 55.7208711659 3.8729764742
23.9417490811 55.1568004764 4.4854452144
24.5827045482 55.1444217843 7.6130785993
23.6590353428 55.6605676773 15.6612468766
24.0893341355 56.1464727124 15.0780554577
23.6262695534 56.7096605883 3.2800283462
23.9048924432 56.5588418856 3.7510133010
23.6482241192 56.7256205051 15.7267337210
24.0904883763 57.1860638109 15.1174289576
23.3020751984 58.5487973745 2.3785039834
23.5819941570 57.7977243503 2.9276448805
23.8198857398 57.2097255077 3.4176784355
24.3659018360 58.2970947642 5.7475961311
24.3934997737 57.9505306048 5.3756494839
24.3645433467 58.3948478007 5.3600415753
24.3924226872 58.2941071718 6.1771221048
24.4269496898 57.8240235525 5.8841551117
24.4731477277 58.0383116183 6.4798648785
23.6247846081 57.7892287703 15.7447986518
24.0869982889 58.2350961474 15.1233563822
22.9819625775 59.1264481421 1.8226716371
23.2571341395 59.4385558010 2.4928498356
23.8151450795 58.5136898045 3.1930371820
23.6768225108 59.3052970323 3.3296138054
24.0310961895 58.8425172426 3.7570944167
24.3518915259 58.7034836076 5.6894078201
24.3691963387 59.1369886854 5.9885953989
24.3695954310 58.7146570375 6.1155571690
24.4546469349 58.6553155337 6.6568323476
23.6275964097 58.8319776524 15.7250357356
24.0838368764 59.2806320592 15.1202512137
23.2217032405 60.0498666071 3.1649742862
23.9959614495 59.4309903444 4.1791999216
23.6140110703 60.3592128687 4.3204710297
23.9965549204 60.6461916055 5.4235890282
24.1429215742 59.7975761616 5.1147725744
24.4212382844 59.2047756430 6.4892529074
24.2035536898 60.2791097769 5.7385531978
23.6137462363 59.8534233035 15.7250237568
24.0825536381 60.3234115756 15.1221348833
23.6119468878 61.5131217953 5.2494874950
24.2051004219 60.6660229973 6.0290011557
24.0649574355 61.3274620094 6.0298483050
24.3019084672 61.0617989963 6.5277114344
23.6181090322 60.8815153114 15.7346722569
24.0887358474 61.3507318540 15.1319162345
23.4468437545 62.5286943652 5.5325127626
23.9195055754 62.1776876225 6.1046490270
24.2670206808 61.8722133007 6.7566905555
23.6382507738 61.8737524806 15.7666105925
24.0990383886 62.2991401544 15.1482633851
23.2986875599 63.1714130809 5.6322092154
23.7975742468 62.9187018794 6.1698952927
24.2033645636 62.6829532053 6.8386922648
23.6145113172 62.7837113732 15.8715110750
24.1420599942 62.9877059142 15.1100533000
23.6061207589 63.2904654878 6.0544813652
24.1330092354 63.1665365996 6.8327654625
23.8284377870 63.1997297473 15.6457305440
24.1798191993 63.2338158027 15.0628563141
23.2096051966 63.2312334420 16.3569528180
24.1419751299 5.0347017884 14.0448118323
24.1935311399 4.8084625153 14.8331713035
24.1715373571 4.6616446308 15.6965537633
24.0789414266 4.6014999607 16.5572430414
23.9018295829 4.5761165131 17.2706562392
24.3201551477 5.8253716296 14.0463448804
24.4353171221 5.5192078445 14.8290889437
24.4311867069 5.3142733586 15.6675704015
24.3467476399 5.1159543529 16.3908351440
24.1869180516 5.2004855669 17.2256154413
24.3841724767 6.7780933625 14.0157873756
24.5084792736 6.3902089128 14.8449201954
24.5195784519 6.0121529004 15.5567620616
24.3920106308 5.9889939139 16.5566657923
24.4227718903 7.8233774972 13.9309249449
24.5178110170 7.4060990393 14.8319440597
24.4733616542 6.9375085390 15.8220612929
24.4915972229 8.9767376126 13.7381147849
24.5434289018 8.5020362361 14.7516380793
24.4577930955 8.0909591746 15.6657605334
24.4111346767 9.7329000724 13.0101293066
24.6802558113 10.1311524433 13.8109523903
24.6242381653 9.6320605049 14.7507803691
24.4757134910 9.1925683019 15.6452046237
23.9723553165 10.0045492899 20.0877990196
24.5359830057 10.7380538909 12.9069482868
24.7467037592 10.6902522591 13.4414981375
24.8215887315 10.6704501225 14.1598416061
24.8718552936 11.3204294930 14.6688498169
24.7607352260 10.7523132501 14.8417501640
24.5325679692 10.4052745498 15.7990194581
24.1335968539 10.8383880270 20.2890916753
24.5353029186 11.8216138846 12.6868450868
24.6966004588 11.3655369931 12.9936940359
24.8213922982 11.8575489777 15.0909171483
24.8867567255 12.2161311684 14.7076898686
24.6533444344 11.5328553255 15.7565195399
24.4325045344 11.3603107074 16.5190331003
24.2854617533 11.8977367624 20.2870123688
24.1568311675 11.6406738813 21.0146022486
24.5752380894 12.9248273334 12.8818083809
24.7077199540 12.2600957859 13.0088661846
24.8164542208 12.9380282880 14.9169459498
24.8560206502 12.9112161614 14.2615468713
24.6907077547 12.5964001282 15.7598527549
24.4911590488 12.3306173430 16.5379852686
24.3346183202 12.8449034450 20.3016511831
24.2989366076 12.6059695076 20.9441989451
24.0598952814 12.4112641895 21.5524214263
24.5143745452 14.1697732651 12.7548471608
24.7773537412 12.9298754154 13.5195354996
24.7549994556 13.6474535624 13.9822725438
24.7568853953 13.8492396793 14.9913777365
24.6776459174 13.6071022849 15.6996267815
24.4999280419 13.3744309560 16.5198276044
24.2880222101 13.6540876950 20.3938896159
24.3215178319 13.3517195952 20.8584827651
24.0962913605 13.3878402603 21.4877948594
24.3645501216 15.2461655359 11.8864048816
24.6379388104 15.2422884534 12.9731054289
24.7021409818 14.8724769353 13.8257481071
24.7115361294 14.6370726708 14.8087979487
24.6592000593 14.3939588182 15.5433559886
24.4761738962 14.4709663830 16.3919888973
24.1897050724 14.0770075659 21.0139156156
24.1665728041 16.1684349502 11.1306111421
24.6301955010 16.5054742717 11.8293570711
24.6909426064 16.1385185174 12.7538224543
24.7169311746 15.9165991958 13.7600278091
24.6683912324 15.6679147916 14.7379132505
24.5442966798 15.3378113079 15.7591525740
24.4226360819 17.2479751639 11.2580558767
24.7218835102 16.9476773637 11.6145202195
24.8032775629 16.9356639641 11.9565569838
24.8167694114 17.3036955796 11.9991969841
24.7853814831 17.1975012335 12.5675796217
24.7424551493 16.9270420433 13.6533100546
24.6571856908 16.7181089723 14.6401840803
24.5103361633 16.4746584617 15.5907216242
24.3058914275 18.4476346429 11.1998618195
24.7353753587 17.3157089791 11.6571602197
24.6935222522 17.9507973236 11.9941029430
24.7666484098 18.1743264913 12.9245262424
24.7485771012 17.9090606560 13.6364374001
24.6509336832 17.7265764848 14.5365061945
24.4865355119 17.5323975609 15.4555422221
23.9765164869 17.9034610953 18.9572227336
24.2165308107 19.4420767544 11.2042385914
24.5393966362 19.1689787931 11.9183612553
24.7001111650 19.0095587288 12.8060704550
24.7021818609 18.8492587555 13.6919324683
24.6444850832 18.5459199080 14.3888717643
24.4568049875 18.6129241901 15.2784152456
24.3804505946 20.2273223270 11.8304681373
24.5957217834 20.0764852467 12.7418074901
24.6291021168 19.8560160151 13.6841122567
24.5166992532 19.4931839245 14.6645825311
24.4706467168 21.2474928806 12.6634142585
24.5603990173 20.9529435875 13.6328654300
24.4531688033 20.6274183884 14.5392438622
24.4259528652 22.4892204468 12.8599044983
24.5152582311 22.0849737751 13.6438482280
24.4141837074 21.7167074883 14.4817333437
24.4061911397 23.5985333459 12.9085415914
24.5073280721 23.2149895671 13.6852962879
24.4072775785 22.8172372902 14.4768361771
24.4137393008 24.6462001982 12.8696693100
24.5333939134 24.3217712692 13.6678619683
24.4410335183 23.9483980685 14.4975670395
24.4429629756 25.6417873696 12.7785597688
24.5744203310 25.2298688937 13.4579356663
24.5377811573 25.2896713612 14.5378791989
24.4553376423 26.5145283400 12.5995664540
24.6689271066 26.2343061685 13.3737934657
24.7173136452 26.0541782007 14.1771290157
24.6085642825 26.1595730144 15.1490823844
24.5204733149 26.6422031951 15.7220384121
24.6581680145 27.0011286571 15.5976675044
24.5888503366 27.4235936216 12.5779780592
24.7653232422 27.0926406133 13.0758100656
24.7883939010 26.4869940579 13.5750052464
24.5402311616 27.4501601703 15.9147126667
24.7061077258 27.9188679732 15.6938228583
24.6271277009 28.6786935076 12.1690343864
24.7555138750 28.0941248190 12.5949810779
24.5875709226 28.5702790956 15.8918131975
24.7864533952 28.8575758067 15.5360946299
24.5223641227 29.4867120784 11.6977454822
24.7657546302 29.5068549271 12.0376864229
24.8095729598 29.0158872443 12.3107711500
24.7491904870 29.6311072480 15.4952288603
24.8600704909 29.5144175883 15.3150399947
24.8640845881 30.2060645548 15.1505645370
24.5071962801 29.4802080168 15.9810368387
24.6559779937 29.9803256222 11.6601843324
24.7868423299 29.9401426192 11.8664665507
24.8521948934 29.5580997541 12.1466789407
24.7591081573 30.7262994965 15.2350447146
24.8700630555 31.1349641072 14.8785871990
24.5299928648 30.3644848650 15.8000582675
24.3421026830 32.0373850951 10.2237753653
24.4601442762 31.2541312628 10.7555374687
24.6160316380 30.4147202955 11.3843006494
24.7724826177 31.7394190179 14.9009038049
24.8865156699 32.0268188433 14.5507808380
24.5084536492 31.4945092459 15.5657867724
24.2938951452 32.9845947205 9.7504497111
24.6266780747 32.9376407175 10.2087431985
24.6316180592 32.4278518444 10.4329758014
24.8039928586 32.7364868062 14.4851982066
24.9056156491 32.6383989762 14.2973991502
24.8743864145 33.2510742709 14.1668113444
24.5666418180 32.4990793272 15.0989565307
24.4275423091 34.1883099526 9.4328476528
24.6977664507 33.7762215027 10.0303089009
24.7790144600 33.3851310253 10.2978175999
24.7778527563 33.6214911316 14.2536178701
24.8084525605 34.1160027268 14.0749059437
24.5540559617 33.5690706904 14.7459588426
24.2882424096 35.0836727202 8.8344806609
24.6578960674 35.1266772111 9.4592112146
24.7909614336 34.7509921348 9.8901528136
24.8573533039 34.3110304241 10.1671407255
24.6401364295 34.5455225155 14.3062102323
24.7458721974 35.1348148935 14.0318020126
24.4024996048 36.2945581942 8.5458710416
24.6527461595 35.8048070194 9.1937623333
24.8574841833 35.7429317270 9.7150008377
24.9128768629 35.2100225904 10.0327906251
24.6107122215 35.7237296538 14.2042325374
24.7296963415 36.2395779411 13.9854788416
24.2681092963 37.3157316033 8.0097208291
24.6411198348 37.2840353630 8.7266254095
24.7923263349 36.7242730576 9.2633590355
24.9191023290 36.4839882847 9.6782651338
24.9423704441 35.8633067401 9.9156330517
24.6018902034 36.8894301794 14.1756976902
24.7483937746 37.2886225841 13.9271893010
24.3254167919 38.4705993612 7.8779062009
24.6443956781 38.2147335515 8.6339646203
24.8349438840 37.8896611222 9.2190458115
24.9081310629 37.4313313901 9.4935456661
24.6765301059 37.7996917384 14.0224940711
24.7444507231 38.2797962974 13.8475388667
24.4468616013 37.8364070885 14.4113041517
24.3522716122 39.5537924617 7.8029321815
24.6465908632 39.2957991170 8.6289366990
24.8491366871 39.1197448808 9.4666353786
24.9208558512 38.5032295751 9.6030351879
24.5784207987 38.7453870501 14.0417413257
24.7221155432 39.3089419662 13.6205917214
24.3954339168 40.6332206433 7.7847351790
24.6377283888 40.3565441920 8.6223037746
24.7976128784 40.2119457606 9.5416111877
24.9417161054 39.4989615442 10.0839565173
24.9014032647 40.2316382263 10.4759405444
24.9562941670 40.0943452689 10.6480770591
24.5610074127 39.9996343891 13.6350974725
24.7637634776 40.2027881757 13.0548559091
24.4163545831 41.6873186703 7.7777524345
24.6330255009 41.4060669357 8.6180835917
24.7525811097 41.2288535442 9.5571502210
24.8117238510 41.1084008732 10.5330840548
24.9177576230 40.5139264338 11.2669835820
24.8105187680 41.0120087559 11.6146520015
24.7008947568 40.8032789923 12.7528463272
24.8461024066 40.6518803379 12.1952951792
24.4232853341 41.0285007271 13.4048290322
24.4222935640 42.7351014581 7.7722435199
24.6305971206 42.4566035555 8.6136577253
24.7263770843 42.2680204040 9.5576635056
24.7377969899 42.0944315142 10.5587889980
24.7180972749 41.8126932677 11.4057711287
24.5379270202 41.8142673894 12.5194415724
24.4195128314 43.7812833446 7.7676197139
24.6270752807 43.5068977834 8.6079478273
24.7173091509 43.3175655038 9.5415726179
24.7036906740 43.1581530834 10.5508474030
24.5687625306 42.9034849088 11.7490349287
24.4039198984 44.8123070159 7.7619253171
24.6134031357 44.5544674840 8.6009352981
24.7077539614 44.3596007831 9.5253332042
24.7030275167 44.1890011269 10.4627968290
24.5939164484 44.0608841326 11.4117603238
24.3811547888 43.9907886222 12.2829146469
24.3642454030 45.7724014731 7.7353588046
24.5747717966 45.5952781201 8.5702186327
24.6812580496 45.4121024197 9.5158270377
24.6777202551 45.1953101264 10.4638425535
24.6116308407 44.9059507441 11.2110293360
24.3985815441 45.0016198544 12.0847483136
24.3060759612 46.4458479647 7.6524589090
24.4928100965 46.6216687860 8.4229141185
24.6363486635 46.5086124722 9.4629284200
24.6375052175 46.2749325140 10.4877530633
24.5046629211 45.8987454147 11.4959242926
24.5968745205 47.7350697411 9.2831783430
24.6194490047 47.4389916684 10.4766405394
24.4859136759 47.1043692487 11.4500937694
24.3305181887 49.2339853031 6.8758094491
24.4858248262 48.9845880223 7.7383589676
24.5883777560 48.7012429548 8.7346664021
24.6771089650 48.8634038699 9.7458160666
24.6526281450 48.5921183708 10.5363339984
24.5061769879 48.3790988754 11.6003499743
24.3891870747 50.1726225832 6.7578493863
24.5705182920 49.9355156560 7.6318731060
24.6635417865 49.7732131631 8.6028571572
24.7120280862 49.7076816320 9.6174803612
24.7077243247 49.6347187321 10.5841274571
24.6177648867 49.4871131771 11.5006212609
24.4159103235 49.4753258942 12.4402473885
24.4235515773 51.1943850761 6.6757162092
24.6164477128 50.9409782070 7.5660532149
24.7136622584 50.7930820656 8.5345119812
24.7496712453 50.7148867771 9.5530394893
24.7383619454 50.6436490717 10.5716157034
24.6654131793 50.4974185523 11.5261030759
24.5438321206 50.2606542836 12.2454446028
24.3313204297 50.4739563514 13.0689579550
24.4458698533 52.2537502422 6.5781680939
24.6324592785 51.9909955998 7.5120622254
24.7344981365 51.8357083098 8.4996859391
24.7720029375 51.7585357372 9.5250316457
24.7596064249 51.7008171422 10.5658645574
24.6813272218 51.5852501275 11.6001984652
24.5070506656 51.2757815312 12.5857086573
24.4624015844 53.3655198464 6.3924079104
24.6269894606 53.0849919383 7.4239014707
24.7325729494 52.9063524091 8.4615569076
24.7792873222 52.8196110089 9.5083483610
24.7779243512 52.7737262779 10.5579247001
24.7169187119 52.7124577607 11.6103790372
24.5452779835 52.5942586984 12.7150060623
24.3698708056 54.1699673173 5.7812440497
24.5267958583 54.1383528602 6.5100618127
24.5987781428 54.2467911277 7.2916036795
24.7095926863 54.0108241800 8.3919197108
24.7727797133 53.8947712975 9.4852285036
24.7881746484 53.8437781638 10.5492966571
24.7565414965 53.8033032485 11.5935679112
24.6505515967 53.7426299191 12.6139495458
24.4426738303 53.7174259285 13.5870120849
24.3622177134 55.3346738340 5.4780187996
24.5450160828 54.9319097091 6.6855988160
24.6711524552 55.1389862634 8.2568707447
24.7573700492 54.9818718530 9.4560567125
24.7883076242 54.9128618119 10.5414625162
24.7774789934 54.8706599650 11.5895330030
24.7118884245 54.8079136773 12.5949984631
24.5629175748 54.7077760233 13.5184643224
24.3368426461 54.5905893410 14.2795462764
24.2072775635 56.2310540231 4.6269213707
24.4688919516 56.4111137578 5.6085944326
24.5696135149 56.1113071199 6.5046376393
24.6391921954 55.8246026311 7.6107181154
24.7237822282 56.2128165701 8.6839794296
24.7583680070 56.0565879777 9.5078690166
24.7864962827 55.9795707537 10.5462116813
24.7840472041 55.9313733094 11.5909060464
24.7369722703 55.8616233056 12.5999368029
24.6154966639 55.7268296349 13.5325788603
24.3939511064 55.5027512212 14.3371250648
24.1985810411 57.2373282592 4.2278843638
24.4104109603 57.2624652911 5.2373474173
24.5376308762 57.2551420267 6.3431983626
24.6531350042 57.0826681926 7.4494345089
24.7287051227 57.0544736105 8.5365299008
24.7720444495 57.0768003858 9.5577060572
24.7895940627 57.0333028339 10.5628075883
24.7858979406 56.9887227306 11.5948472687
24.7442097097 56.9161356644 12.6046592629
24.6334295757 56.7695984669 13.5476657809
24.4190796254 56.5160297777 14.3802296291
24.0771685565 58.0841599397 3.7839663731
24.3331593404 58.1024537726 4.7931886013
24.5953758159 58.2505495444 7.3103937084
24.7202405098 58.1323756412 8.4559287164
24.7752379633 58.0940595401 9.5251139622
24.7936141147 58.0758867812 10.5663766962
24.7873900764 58.0420930624 11.5978977465
24.7458179895 57.9710785699 12.6066735329
24.6375379284 57.8214849793 13.5531520423
24.4254188968 57.5598606208 14.3966348524
24.2124585812 58.8746202249 4.4681246388
24.3331163294 59.0026294171 5.3689082315
24.5601889649 59.4540256363 7.3372041390
24.7013177457 59.2438849126 8.4326636115
24.7712704914 59.1565423209 9.5035974071
24.7943559906 59.1233049140 10.5576670527
24.7883310456 59.0933541467 11.5969160518
24.7462706881 59.0251308911 12.6069606176
24.6380123995 58.8754535990 13.5541482596
24.4254698323 58.6109428686 14.3993419897
24.3817043861 60.0455518863 6.3601284655
24.5912231740 60.4981660316 7.6137981898
24.6991193466 60.3214746542 8.4792587549
24.7678425885 60.2177662823 9.5019186933
24.7935472823 60.1716538774 10.5497117311
24.7884832960 60.1394971739 11.5917726823
24.7464837456 60.0741745791 12.6048478362
24.6381408757 59.9271838916 13.5538333083
24.4248363802 59.6621627302 14.3993527162
24.5078159407 61.3673668630 7.3997139716
24.6887158441 61.3125337135 8.4829447868
24.7658787373 61.2314139066 9.4926568317
24.7930639171 61.1856000950 10.5301579875
24.7886134376 61.1548300999 11.5730802320
24.7468757195 61.0970918197 12.5926938205
24.6388884326 60.9617897275 13.5495026243
24.4258683600 60.7060880661 14.4004284878
24.4853379575 62.4248360693 7.5659475503
24.6649652656 62.2247187767 8.4333923266
24.7592086498 62.1378509669 9.4298013399
24.7921953389 62.0942947742 10.4605745989
24.7896892102 62.0687536182 11.5055640312
24.7487387903 62.0273359765 12.5406871494
24.6415392450 61.9239366995 13.5231413105
24.4299144876 61.7075054948 14.3976577246
24.4514139966 63.0723445157 7.5483098696
24.6421246274 62.9326079486 8.3403920095
24.7466138067 62.8282295000 9.2683511092
24.7889473735 62.7778155667 10.2798180890
24.7920254780 62.7546343763 11.3232679923
24.7560674527 62.7308063483 12.3755932116
24.6496069499 62.6807751595 13.4199835683
24.4408832310 62.5563706945 14.3645847434
24.4329903222 63.2967046946 7.5125967058
24.5974598919 63.2486539797 8.1139944938
24.7179121694 63.1592747299 8.9546037252
24.7775524539 63.0970465894 9.9238786529
24.7928121378 63.0674303771 10.9536035552
24.7699727932 63.0498904135 12.0082108433
24.6817298891 63.0319303521 13.0888694679
24.4537232768 63.0480919341 14.2706752839
3 2 1 0
3 4 3 0
3 0 3 2
3 4 5 3
3 1 6 0
3 0 6 4
3 4 6 7
3 4 7 5
3 10 9 8
3 12 11 8
3 8 11 10
3 14 13 12
3 12 13 11
3 14 15 13
3 18 17 16
3 20 19 16
3 16 19 18
3 19 20 9
3 20 8 9
3 20 21 8
3 8 22 12
3 8 21 22
3 12 23 14
3 12 22 23
3 15 14 24
3 24 14 23
3 16 17 25
3 25 17 26
3 16 27 20
3 16 25 27
3 20 28 21
3 20 27 28
3 21 29 22
3 21 28 29
3 31 23 30
3 23 29 30
3 23 22 29
3 23 31 24
3 25 26 32
3 32 26 33
3 32 1 2
3 27 32 2
3 25 32 27
3 27 2 3
3 27 3 28
3 28 3 5
3 34 28 5
3 29 28 34
3 30 29 35
3 35 29 34
3 33 36 32
3 32 36 1
3 36 6 1
3 36 37 6
3 37 39 38
3 7 37 38
3 6 37 7
3 38 40 7
3 7 40 5
3 40 41 5
3 41 34 5
3 34 41 35
3 39 42 38
3 38 42 40
3 45 44 43
3 47 46 43
3 43 46 45
3 49 48 47
3 47 48 46
3 49 50 48
3 53 52 51
3 9 10 51
3 10 53 51
3 10 54 53
3 11 43 44
3 54 11 44
3 10 11 54
3 43 11 13
3 43 13 47
3 47 13 15
3 55 47 15
3 49 47 55
3 50 49 56
3 49 57 56
3 49 55 57
3 59 58 57
3 57 58 56
3 59 60 58
3 62 61 18
3 18 61 17
3 19 51 52
3 62 19 52
3 18 19 62
3 51 19 9
3 24 63 55
3 24 55 15
3 65 57 64
3 57 63 64
3 57 55 63
3 57 65 59
3 59 65 66
3 59 66 60
3 61 26 17
3 67 26 61
3 30 68 31
3 68 69 31
3 31 69 24
3 69 70 24
3 70 63 24
3 63 70 64
3 67 33 26
3 71 33 67
3 73 72 68
3 30 73 68
3 35 73 30
3 68 72 69
3 71 74 33
3 33 74 36
3 36 75 37
3 74 75 36
3 77 76 39
3 37 77 39
3 75 77 37
3 41 40 76
3 77 41 76
3 78 41 77
3 35 41 73
3 73 41 78
3 76 42 39
3 42 76 40
3 81 80 79
3 83 82 79
3 79 82 81
3 85 84 83
3 83 84 82
3 87 86 85
3 85 86 84
3 89 88 87
3 87 88 86
3 91 90 89
3 89 90 88
3 91 92 90
3 95 94 93
3 95 93 80
3 80 93 79
3 93 44 79
3 44 45 79
3 79 45 46
3 79 46 83
3 83 46 48
3 83 48 85
3 85 48 50
3 96 85 50
3 87 85 96
3 87 97 89
3 87 96 97
3 89 98 91
3 89 97 98
3 92 91 99
3 91 100 99
3 91 98 100
3 100 101 99
3 103 102 53
3 53 102 52
3 54 93 94
3 103 54 94
3 53 54 103
3 93 54 44
3 56 96 50
3 96 56 58
3 96 58 97
3 97 58 60
3 104 97 60
3 98 97 104
3 98 105 100
3 98 104 105
3 101 100 106
3 106 100 105
3 108 107 62
3 62 107 61
3 62 52 102
3 62 102 108
3 64 109 65
3 110 66 65
3 110 65 109
3 104 60 66
3 110 104 66
3 111 104 110
3 104 112 105
3 104 111 112
3 106 105 113
3 113 105 112
3 107 67 61
3 114 67 107
3 69 115 70
3 109 64 70
3 115 109 70
3 116 109 115
3 109 117 110
3 109 116 117
3 110 118 111
3 110 117 118
3 120 112 119
3 112 118 119
3 112 111 118
3 112 120 113
3 122 71 121
3 71 114 121
3 71 67 114
3 123 122 121
3 125 124 72
3 125 72 73
3 69 72 115
3 72 126 115
3 72 124 126
3 115 126 116
3 116 126 127
3 116 127 117
3 117 127 128
3 117 128 118
3 118 128 129
3 118 129 119
3 122 74 71
3 123 130 122
3 130 74 122
3 130 75 74
3 75 131 77
3 130 131 75
3 77 132 78
3 131 132 77
3 73 78 125
3 125 78 132
3 135 134 133
3 137 136 133
3 133 136 135
3 139 138 137
3 137 138 136
3 141 140 139
3 139 140 138
3 143 142 141
3 141 142 140
3 143 144 142
3 146 145 81
3 81 145 80
3 147 81 82
3 147 146 81
3 84 133 134
3 147 84 134
3 82 84 147
3 133 84 86
3 133 86 137
3 137 86 88
3 137 88 139
3 139 88 90
3 139 90 141
3 141 90 92
3 148 141 92
3 143 141 148
3 144 143 149
3 143 150 149
3 143 148 150
3 152 151 150
3 150 151 149
3 152 153 151
3 155 154 95
3 95 154 94
3 95 80 145
3 95 145 155
3 99 148 92
3 148 99 101
3 156 148 101
3 150 148 156
3 158 152 157
3 152 156 157
3 152 150 156
3 152 158 153
3 161 160 159
3 102 103 159
3 103 161 159
3 103 162 161
3 103 94 154
3 103 154 162
3 106 163 156
3 106 156 101
3 157 156 164
3 164 156 163
3 159 160 108
3 160 107 108
3 160 165 107
3 159 108 102
3 113 166 163
3 113 163 106
3 164 163 167
3 167 163 166
3 165 114 107
3 168 114 165
3 119 169 120
3 169 170 120
3 120 170 113
3 170 171 113
3 171 166 113
3 166 171 167
3 168 172 114
3 114 172 121
3 174 173 123
3 121 174 123
3 172 174 121
3 176 175 173
3 176 173 174
3 178 177 175
3 178 175 176
3 124 125 177
3 178 124 177
3 179 124 178
3 179 181 180
3 126 179 180
3 124 179 126
3 182 127 126
3 182 126 180
3 183 128 127
3 183 127 182
3 184 129 128
3 184 128 183
3 184 185 129
3 129 185 119
3 185 186 119
3 186 169 119
3 169 186 170
3 173 130 123
3 130 173 131
3 131 173 175
3 131 175 132
3 132 175 177
3 132 177 125
3 181 187 180
3 180 187 182
3 182 187 188
3 190 189 188
3 189 182 188
3 189 183 182
3 192 184 191
3 184 189 191
3 184 183 189
3 184 192 185
3 190 193 189
3 189 193 191
3 195 194 135
3 135 194 134
3 196 135 136
3 196 195 135
3 197 136 138
3 197 196 136
3 198 138 140
3 198 197 138
3 199 140 142
3 199 198 140
3 201 200 144
3 200 142 144
3 200 199 142
3 203 202 201
3 201 202 200
3 205 204 203
3 203 204 202
3 205 206 204
3 208 207 146
3 146 207 145
3 209 146 147
3 209 208 146
3 147 134 194
3 147 194 209
3 149 201 144
3 201 149 151
3 201 151 203
3 203 151 153
3 210 203 153
3 205 203 210
3 206 205 211
3 211 205 210
3 213 212 155
3 155 212 154
3 155 145 207
3 155 207 213
3 157 214 158
3 210 153 158
3 214 210 158
3 215 210 214
3 211 210 216
3 216 210 215
3 217 160 161
3 217 161 218
3 161 219 218
3 161 162 219
3 162 154 212
3 162 212 219
3 164 220 214
3 164 214 157
3 222 215 221
3 215 220 221
3 215 214 220
3 215 222 216
3 223 165 217
3 217 165 160
3 217 218 224
3 217 224 223
3 167 225 220
3 167 220 164
3 221 220 226
3 220 227 226
3 220 225 227
3 229 228 227
3 227 228 226
3 231 230 229
3 229 230 228
3 231 232 230
3 233 168 223
3 223 168 165
3 223 224 234
3 223 234 233
3 237 236 235
3 238 235 236
3 170 239 171
3 225 167 171
3 239 225 171
3 240 225 239
3 225 241 227
3 225 240 241
3 227 242 229
3 227 241 242
3 229 243 231
3 229 242 243
3 232 231 244
3 244 231 243
3 233 172 168
3 234 245 233
3 245 172 233
3 245 174 172
3 174 246 176
3 245 246 174
3 235 178 237
3 178 246 237
3 178 176 246
3 238 247 235
3 247 178 235
3 247 179 178
3 181 179 247
3 181 247 248
3 185 249 186
3 239 170 186
3 249 239 186
3 250 239 249
3 252 240 251
3 240 250 251
3 240 239 250
3 240 252 241
3 241 252 253
3 241 253 242
3 242 253 254
3 242 254 243
3 243 254 255
3 243 255 244
3 248 256 181
3 181 256 187
3 256 258 257
3 188 256 257
3 187 256 188
3 257 190 188
3 191 259 192
3 249 185 192
3 259 249 192
3 260 249 259
3 262 250 261
3 250 260 261
3 250 249 260
3 250 262 251
3 258 263 257
3 257 263 190
3 263 193 190
3 263 264 193
3 193 264 191
3 264 265 191
3 265 259 191
3 265 264 266
3 259 267 260
3 259 265 267
3 261 260 268
3 268 260 267
3 266 269 265
3 265 269 267
3 267 269 270
3 267 270 268
3 271 194 195
3 196 272 195
3 195 272 271
3 197 273 196
3 196 273 272
3 198 274 197
3 197 274 273
3 199 275 198
3 198 275 274
3 200 276 199
3 199 276 275
3 202 277 200
3 200 277 276
3 204 278 202
3 202 278 277
3 206 278 204
3 279 207 208
3 279 208 280
3 208 281 280
3 208 209 281
3 209 194 271
3 282 209 271
3 281 209 282
3 282 271 272
3 282 272 283
3 283 272 273
3 283 273 284
3 284 273 274
3 284 274 285
3 285 274 275
3 285 275 286
3 286 275 276
3 286 276 287
3 287 276 277
3 287 277 288
3 288 277 278
3 288 278 289
3 206 211 278
3 211 290 278
3 290 289 278
3 290 211 291
3 291 292 290
3 293 212 213
3 294 293 213
3 294 213 207
3 295 294 207
3 279 295 207
3 295 279 280
3 216 296 291
3 216 291 211
3 292 291 297
3 297 291 296
3 298 218 219
3 299 298 219
3 299 219 212
3 300 299 212
3 293 300 212
3 300 293 294
3 221 301 222
3 296 216 222
3 301 296 222
3 302 296 301
3 297 296 303
3 296 304 303
3 296 302 304
3 304 305 303
3 307 306 298
3 306 218 298
3 306 224 218
3 307 298 299
3 226 301 221
3 301 226 228
3 301 228 302
3 302 228 230
3 302 230 304
3 309 308 232
3 232 308 230
3 308 305 230
3 305 304 230
3 309 310 308
3 312 234 311
3 234 306 311
3 234 224 306
3 314 313 312
3 314 312 311
3 236 237 313
3 314 236 313
3 315 236 314
3 238 236 315
3 238 315 316
3 244 317 309
3 244 309 232
3 310 309 318
3 318 309 317
3 312 245 234
3 245 312 246
3 246 312 313
3 246 313 237
3 316 319 238
3 238 319 247
3 248 247 319
3 248 319 320
3 251 321 252
3 322 253 252
3 322 252 321
3 323 254 253
3 323 253 322
3 254 323 324
3 325 254 324
3 255 254 325
3 244 255 317
3 255 326 317
3 255 325 326
3 317 326 318
3 256 248 327
3 248 328 327
3 248 320 328
3 327 258 256
3 261 329 262
3 321 251 262
3 329 321 262
3 330 321 329
3 332 322 331
3 322 330 331
3 322 321 330
3 322 332 323
3 323 332 333
3 323 333 324
3 328 334 327
3 334 336 335
3 334 335 263
3 327 334 263
3 258 327 263
3 337 264 263
3 337 263 335
3 337 266 264
3 268 338 329
3 268 329 261
3 340 330 339
3 330 338 339
3 330 329 338
3 330 340 331
3 336 341 335
3 335 341 337
3 337 341 342
3 342 344 343
3 342 343 269
3 337 342 269
3 266 337 269
3 345 270 269
3 345 269 343
3 345 346 270
3 270 346 268
3 346 347 268
3 347 338 268
3 338 347 339
3 344 348 343
3 343 348 345
3 345 348 349
3 345 349 346
3 350 280 281
3 282 351 281
3 281 351 350
3 283 352 282
3 282 352 351
3 284 353 283
3 283 353 352
3 285 354 284
3 284 354 353
3 286 355 285
3 285 355 354
3 287 356 286
3 286 356 355
3 288 357 287
3 287 357 356
3 289 358 288
3 288 358 357
3 290 359 289
3 289 359 358
3 292 359 290
3 361 360 295
3 295 360 294
3 295 280 350
3 362 295 350
3 361 295 362
3 362 350 351
3 362 351 363
3 363 351 352
3 363 352 364
3 364 352 353
3 364 353 365
3 365 353 354
3 365 354 366
3 366 354 355
3 366 355 367
3 367 355 356
3 367 356 368
3 368 356 357
3 368 357 369
3 369 357 358
3 369 358 370
3 370 358 359
3 370 359 371
3 292 297 359
3 297 372 359
3 372 371 359
3 372 297 373
3 373 374 372
3 375 299 300
3 376 375 300
3 294 376 300
3 360 376 294
3 303 373 297
3 378 377 305
3 305 377 303
3 377 374 303
3 374 373 303
3 378 379 377
3 380 306 307
3 299 375 307
3 375 380 307
3 375 381 380
3 375 376 382
3 375 382 381
3 308 378 305
3 308 310 378
3 310 379 378
3 310 383 379
3 380 311 306
3 311 380 314
3 314 380 381
3 382 384 381
3 384 314 381
3 384 315 314
3 316 315 384
3 316 384 385
3 388 387 386
3 387 383 386
3 383 318 386
3 383 310 318
3 385 389 316
3 316 389 319
3 320 319 389
3 320 389 390
3 392 391 325
3 392 325 324
3 386 326 388
3 326 391 388
3 326 325 391
3 326 386 318
3 390 328 320
3 393 328 390
3 331 394 332
3 332 394 395
3 396 332 395
3 333 332 396
3 324 333 392
3 392 333 396
3 393 397 328
3 328 397 334
3 336 334 397
3 336 397 398
3 400 399 340
3 400 340 339
3 331 340 394
3 340 401 394
3 340 399 401
3 394 401 395
3 398 402 336
3 336 402 341
3 402 404 403
3 342 402 403
3 341 402 342
3 403 344 342
3 406 405 347
3 406 347 346
3 339 347 400
3 400 347 405
3 404 407 403
3 403 407 344
3 407 348 344
3 407 408 348
3 348 409 349
3 408 409 348
3 346 349 406
3 406 349 409
3 410 360 361
3 362 411 361
3 361 411 410
3 363 412 362
3 362 412 411
3 364 413 363
3 363 413 412
3 365 414 364
3 364 414 413
3 366 415 365
3 365 415 414
3 367 416 366
3 366 416 415
3 368 417 367
3 367 417 416
3 369 418 368
3 368 418 417
3 370 419 369
3 369 419 418
3 371 420 370
3 370 420 419
3 372 421 371
3 371 421 420
3 423 421 422
3 421 372 422
3 374 424 422
3 374 422 372
3 424 425 422
3 426 376 410
3 410 376 360
3 411 428 427
3 426 411 427
3 410 411 426
3 428 411 412
3 428 412 429
3 429 412 413
3 429 413 430
3 430 413 414
3 430 414 431
3 431 414 415
3 431 415 432
3 432 415 416
3 432 416 433
3 433 416 417
3 433 417 434
3 434 417 418
3 434 418 435
3 435 418 419
3 435 419 436
3 436 419 420
3 436 420 437
3 437 420 421
3 437 421 438
3 374 377 424
3 421 423 438
3 377 379 424
3 379 425 424
3 379 439 425
3 441 440 426
3 440 376 426
3 440 382 376
3 441 426 427
3 383 439 379
3 383 442 439
3 440 443 382
3 382 443 384
3 385 384 443
3 385 443 444
3 446 445 387
3 446 387 388
3 383 387 442
3 442 387 445
3 389 385 447
3 385 448 447
3 385 444 448
3 447 390 389
3 450 449 391
3 450 391 392
3 388 391 446
3 446 391 449
3 448 451 447
3 390 447 451
3 452 390 451
3 393 390 452
3 454 453 396
3 454 396 395
3 392 396 450
3 450 396 453
3 397 393 455
3 393 456 455
3 393 452 456
3 455 398 397
3 458 457 399
3 458 399 400
3 399 459 401
3 457 459 399
3 395 401 454
3 454 401 459
3 456 460 455
3 455 460 398
3 460 402 398
3 460 461 402
3 463 462 404
3 402 463 404
3 461 463 402
3 464 462 463
3 466 465 405
3 466 405 406
3 400 405 458
3 458 405 465
3 462 407 404
3 464 467 462
3 467 407 462
3 467 408 407
3 408 468 409
3 467 468 408
3 406 409 466
3 466 409 468
3 471 470 469
3 469 472 471
3 469 470 473
3 473 470 474
3 472 469 475
3 475 469 473
3 474 476 473
3 473 476 475
3 477 423 422
3 425 477 422
3 479 478 428
3 428 478 427
3 480 428 429
3 480 479 428
3 481 429 430
3 481 480 429
3 482 430 431
3 482 481 430
3 483 431 432
3 483 482 431
3 484 432 433
3 484 483 432
3 485 433 434
3 485 484 433
3 486 434 435
3 486 485 434
3 487 435 436
3 487 486 435
3 488 436 437
3 488 487 436
3 489 437 438
3 489 488 437
3 438 423 477
3 490 438 477
3 489 438 490
3 477 425 490
3 425 491 490
3 425 439 491
3 492 440 441
3 493 492 441
3 427 493 441
3 478 493 427
3 496 495 494
3 495 491 494
3 491 442 494
3 491 439 442
3 492 443 440
3 444 443 492
3 493 444 492
3 497 444 493
3 500 499 498
3 498 499 496
3 498 496 494
3 446 498 494
3 445 446 494
3 445 494 442
3 502 448 501
3 448 497 501
3 448 444 497
3 503 502 501
3 500 498 449
3 450 500 449
3 504 500 450
3 449 498 446
3 502 451 448
3 452 451 502
3 503 452 502
3 505 452 503
3 507 506 453
3 507 453 454
3 450 453 504
3 504 453 506
3 505 456 452
3 508 456 505
3 458 509 457
3 457 509 510
3 511 457 510
3 459 457 511
3 454 459 507
3 507 459 511
3 508 512 456
3 456 512 460
3 460 513 461
3 512 513 460
3 461 514 463
3 513 514 461
3 464 463 514
3 464 514 515
3 517 516 465
3 517 465 466
3 458 465 509
3 465 518 509
3 465 516 518
3 509 518 510
3 515 519 464
3 464 519 467
3 467 520 468
3 519 520 467
3 466 468 517
3 517 468 520
3 523 522 521
3 525 524 521
3 521 524 523
3 527 526 525
3 525 526 524
3 527 528 526
3 521 522 529
3 529 522 530
3 521 531 525
3 521 529 531
3 525 532 527
3 525 531 532
3 528 527 533
3 533 527 532
3 536 535 534
3 536 534 530
3 534 529 530
3 534 537 529
3 529 538 531
3 529 537 538
3 531 539 532
3 531 538 539
3 533 532 540
3 540 532 539
3 543 542 541
3 545 544 541
3 541 544 543
3 544 545 535
3 545 534 535
3 545 546 534
3 534 547 537
3 534 546 547
3 537 548 538
3 537 547 548
3 538 549 539
3 538 548 549
3 540 539 550
3 550 539 549
3 541 542 551
3 551 542 552
3 541 553 545
3 541 551 553
3 545 554 546
3 545 553 554
3 546 555 547
3 546 554 555
3 547 556 548
3 547 555 556
3 548 557 549
3 548 556 557
3 550 549 558
3 558 549 557
3 551 552 559
3 559 552 560
3 551 561 553
3 551 559 561
3 553 562 554
3 553 561 562
3 554 563 555
3 554 562 563
3 555 564 556
3 555 563 564
3 556 565 557
3 556 564 565
3 558 557 566
3 566 557 565
3 560 567 559
3 569 568 567
3 568 559 567
3 568 561 559
3 568 470 471
3 562 568 471
3 561 568 562
3 562 471 472
3 570 562 472
3 563 562 570
3 563 571 564
3 563 570 571
3 564 572 565
3 564 571 572
3 566 565 573
3 573 565 572
3 568 569 574
3 574 569 575
3 574 474 470
3 574 470 568
3 475 576 570
3 475 570 472
3 570 577 571
3 570 576 577
3 579 572 578
3 572 577 578
3 572 571 577
3 572 579 573
3 574 575 580
3 580 575 581
3 582 476 474
3 574 582 474
3 580 582 574
3 576 475 476
3 582 576 476
3 583 576 582
3 576 584 577
3 576 583 584
3 578 577 585
3 585 577 584
3 588 587 586
3 588 586 581
3 586 580 581
3 586 589 580
3 580 590 582
3 580 589 590
3 582 591 583
3 582 590 591
3 583 592 584
3 583 591 592
3 585 584 593
3 593 584 592
3 586 587 594
3 594 587 595
3 586 596 589
3 586 594 596
3 589 597 590
3 589 596 597
3 590 598 591
3 590 597 598
3 591 599 592
3 591 598 599
3 593 592 600
3 600 592 599
3 595 601 594
3 603 602 601
3 602 594 601
3 602 596 594
3 596 604 597
3 596 602 604
3 597 605 598
3 597 604 605
3 598 606 599
3 598 605 606
3 600 599 607
3 607 599 606
3 602 603 608
3 608 603 609
3 602 610 604
3 602 608 610
3 604 611 605
3 604 610 611
3 613 606 612
3 606 611 612
3 606 605 611
3 606 613 607
3 608 609 614
3 614 609 615
3 608 616 610
3 608 614 616
3 610 617 611
3 610 616 617
3 612 611 618
3 618 611 617
3 621 620 619
3 621 619 615
3 619 614 615
3 619 622 614
3 614 623 616
3 614 622 623
3 616 624 617
3 616 623 624
3 618 617 625
3 625 617 624
3 619 620 626
3 626 620 627
3 619 628 622
3 619 626 628
3 622 629 623
3 622 628 629
3 631 624 630
3 624 629 630
3 624 623 629
3 624 631 625
3 626 627 632
3 632 627 633
3 626 634 628
3 626 632 634
3 636 629 635
3 629 634 635
3 629 628 634
3 629 636 630
3 633 637 632
3 632 637 634
3 634 637 638
3 634 638 635
3 640 639 479
3 479 639 478
3 641 479 480
3 641 640 479
3 642 480 481
3 642 641 480
3 643 481 482
3 643 642 481
3 644 482 483
3 644 643 482
3 645 483 484
3 645 644 483
3 646 484 485
3 646 645 484
3 647 485 486
3 647 646 485
3 648 486 487
3 648 647 486
3 649 487 488
3 649 648 487
3 650 488 489
3 650 649 488
3 652 650 651
3 650 490 651
3 650 489 490
3 491 651 490
3 639 493 478
3 653 493 639
3 652 651 495
3 496 652 495
3 654 652 496
3 495 651 491
3 656 497 655
3 497 653 655
3 497 493 653
3 657 656 655
3 659 658 499
3 659 499 500
3 496 499 654
3 654 499 658
3 656 501 497
3 503 501 656
3 657 503 656
3 660 503 657
3 663 662 661
3 662 659 661
3 659 504 661
3 659 500 504
3 660 505 503
3 664 505 660
3 663 661 506
3 507 663 506
3 665 663 507
3 506 661 504
3 664 508 505
3 666 508 664
3 669 668 667
3 511 510 667
3 668 511 667
3 670 511 668
3 507 511 665
3 665 511 670
3 666 671 508
3 508 671 512
3 512 672 513
3 671 672 512
3 513 673 514
3 672 673 513
3 675 674 515
3 514 675 515
3 673 675 514
3 677 676 674
3 677 674 675
3 516 517 676
3 677 516 676
3 678 516 677
3 667 518 669
3 518 678 669
3 518 516 678
3 518 667 510
3 674 519 515
3 519 674 520
3 520 674 676
3 520 676 517
3 681 680 679
3 683 682 679
3 679 682 681
3 685 684 683
3 683 684 682
3 685 686 684
3 689 688 687
3 689 687 680
3 687 679 680
3 687 690 679
3 679 691 683
3 679 690 691
3 683 692 685
3 683 691 692
3 686 685 693
3 693 685 692
3 696 695 694
3 696 694 688
3 694 687 688
3 694 697 687
3 687 698 690
3 687 697 698
3 690 699 691
3 690 698 699
3 691 700 692
3 691 699 700
3 693 692 701
3 701 692 700
3 704 703 702
3 706 705 702
3 702 705 704
3 708 707 706
3 706 707 705
3 707 708 695
3 708 694 695
3 708 709 694
3 709 522 523
3 697 709 523
3 694 709 697
3 697 523 524
3 697 524 698
3 698 524 526
3 698 526 699
3 699 526 528
3 710 699 528
3 700 699 710
3 701 700 711
3 711 700 710
3 714 713 712
3 714 712 703
3 712 702 703
3 712 715 702
3 702 716 706
3 702 715 716
3 706 717 708
3 706 716 717
3 708 718 709
3 708 717 718
3 718 530 522
3 718 522 709
3 533 719 710
3 533 710 528
3 711 710 720
3 710 721 720
3 710 719 721
3 721 722 720
3 712 713 723
3 723 713 724
3 712 725 715
3 712 723 725
3 715 726 716
3 715 725 726
3 716 727 717
3 716 726 727
3 727 535 536
3 718 727 536
3 717 727 718
3 718 536 530
3 540 728 719
3 540 719 533
3 730 721 729
3 721 728 729
3 721 719 728
3 721 730 722
3 724 731 723
3 733 732 731
3 732 723 731
3 732 725 723
3 732 542 543
3 726 732 543
3 725 732 726
3 726 543 544
3 726 544 727
3 727 544 535
3 550 734 728
3 550 728 540
3 729 728 735
3 735 728 734
3 732 733 736
3 736 733 737
3 736 552 542
3 736 542 732
3 558 738 734
3 558 734 550
3 735 734 739
3 739 734 738
3 737 740 736
3 552 736 740
3 741 552 740
3 560 552 741
3 566 742 738
3 566 738 558
3 739 738 743
3 743 738 742
3 567 560 744
3 560 745 744
3 560 741 745
3 744 569 567
3 573 746 742
3 573 742 566
3 743 742 747
3 747 742 746
3 744 745 748
3 748 745 749
3 748 575 569
3 748 569 744
3 578 750 579
3 750 751 579
3 579 751 573
3 751 752 573
3 752 746 573
3 746 752 747
3 748 749 753
3 753 749 754
3 753 581 575
3 753 575 748
3 585 755 750
3 585 750 578
3 751 750 756
3 756 750 755
3 753 754 588
3 754 587 588
3 754 757 587
3 753 588 581
3 593 758 755
3 593 755 585
3 756 755 759
3 759 755 758
3 762 761 760
3 757 762 760
3 595 757 760
3 587 757 595
3 600 763 758
3 600 758 593
3 759 758 764
3 764 758 763
3 760 761 765
3 765 761 766
3 767 601 595
3 760 767 595
3 765 767 760
3 767 603 601
3 769 768 763
3 600 769 763
3 607 769 600
3 763 768 764
3 765 766 770
3 770 766 771
3 765 772 767
3 765 770 772
3 772 609 603
3 772 603 767
3 612 773 613
3 773 774 613
3 774 607 613
3 774 769 607
3 770 771 775
3 775 771 776
3 770 777 772
3 770 775 777
3 777 615 609
3 777 609 772
3 618 778 773
3 618 773 612
3 774 773 779
3 779 773 778
3 775 776 780
3 780 776 781
3 780 620 621
3 777 780 621
3 775 780 777
3 777 621 615
3 625 782 778
3 625 778 618
3 779 778 783
3 783 778 782
3 780 781 784
3 784 781 785
3 784 627 620
3 784 620 780
3 630 786 631
3 782 625 631
3 786 782 631
3 787 782 786
3 783 782 788
3 788 782 787
3 784 785 789
3 789 785 790
3 789 633 627
3 789 627 784
3 635 791 636
3 786 630 636
3 791 786 636
3 792 786 791
3 786 793 787
3 786 792 793
3 788 787 794
3 794 787 793
3 789 790 795
3 795 790 796
3 797 637 633
3 789 797 633
3 795 797 789
3 798 638 637
3 798 637 797
3 791 635 638
3 798 791 638
3 799 791 798
3 791 800 792
3 791 799 800
3 802 793 801
3 793 800 801
3 793 792 800
3 793 802 794
3 795 796 803
3 803 796 804
3 795 805 797
3 795 803 805
3 797 806 798
3 797 805 806
3 798 807 799
3 798 806 807
3 799 808 800
3 799 807 808
3 801 800 809
3 809 800 808
3 803 804 810
3 810 804 811
3 803 812 805
3 803 810 812
3 805 813 806
3 805 812 813
3 806 814 807
3 806 813 814
3 816 808 815
3 808 814 815
3 808 807 814
3 808 816 809
3 811 817 810
3 819 818 817
3 818 810 817
3 818 812 810
3 821 813 820
3 813 818 820
3 813 812 818
3 813 821 814
3 814 821 822
3 814 822 815
3 819 823 818
3 818 823 820
3 824 639 640
3 824 640 825
3 640 826 825
3 640 641 826
3 827 641 642
3 827 826 641
3 828 642 643
3 828 827 642
3 829 643 644
3 829 828 643
3 830 644 645
3 830 829 644
3 831 645 646
3 831 830 645
3 832 646 647
3 832 831 646
3 833 647 648
3 833 832 647
3 834 648 649
3 834 833 648
3 835 649 650
3 835 834 649
3 650 652 835
3 835 652 836
3 837 653 824
3 824 653 639
3 824 825 838
3 824 838 837
3 841 840 839
3 840 836 839
3 836 654 839
3 836 652 654
3 837 655 653
3 657 655 837
3 838 657 837
3 842 657 838
3 841 839 658
3 659 841 658
3 843 841 659
3 658 839 654
3 842 660 657
3 844 660 842
3 846 845 662
3 846 662 663
3 659 662 843
3 843 662 845
3 844 664 660
3 847 664 844
3 665 846 663
3 665 848 846
3 850 666 849
3 666 847 849
3 666 664 847
3 851 850 849
3 854 853 852
3 668 669 852
3 853 668 852
3 855 668 853
3 668 856 670
3 855 856 668
3 665 670 848
3 848 670 856
3 850 671 666
3 851 857 850
3 857 671 850
3 857 672 671
3 672 858 673
3 857 858 672
3 673 859 675
3 858 859 673
3 675 860 677
3 859 860 675
3 852 678 854
3 678 860 854
3 678 677 860
3 678 852 669
3 863 862 861
3 865 864 861
3 861 864 863
3 867 866 865
3 865 866 864
3 867 868 866
3 871 870 869
3 871 869 862
3 869 861 862
3 869 872 861
3 861 873 865
3 861 872 873
3 865 874 867
3 865 873 874
3 868 867 875
3 867 876 875
3 867 874 876
3 876 877 875
3 869 870 878
3 878 870 879
3 869 880 872
3 869 878 880
3 872 881 873
3 872 880 881
3 873 882 874
3 873 881 882
3 874 883 876
3 874 882 883
3 877 876 884
3 884 876 883
3 878 879 885
3 885 879 886
3 878 887 880
3 878 885 887
3 880 888 881
3 880 887 888
3 881 889 882
3 881 888 889
3 882 890 883
3 882 889 890
3 884 883 891
3 891 883 890
3 894 893 892
3 894 892 886
3 892 885 886
3 892 895 885
3 895 680 681
3 887 895 681
3 885 895 887
3 887 681 682
3 887 682 888
3 888 682 684
3 888 684 889
3 889 684 686
3 896 889 686
3 890 889 896
3 891 890 897
3 897 890 896
3 892 893 898
3 898 893 899
3 898 688 689
3 895 898 689
3 892 898 895
3 895 689 680
3 693 900 896
3 693 896 686
3 897 896 901
3 901 896 900
3 904 903 902
3 906 905 902
3 902 905 904
3 908 907 906
3 906 907 905
3 907 908 899
3 899 908 898
3 908 695 898
3 695 696 898
3 898 696 688
3 701 909 900
3 701 900 693
3 901 900 910
3 910 900 909
3 913 912 911
3 913 911 903
3 903 911 902
3 911 703 902
3 703 704 902
3 902 704 705
3 902 705 906
3 906 705 707
3 906 707 908
3 908 707 695
3 711 914 909
3 711 909 701
3 910 909 915
3 915 909 914
3 918 917 916
3 918 916 912
3 912 916 911
3 916 713 911
3 713 714 911
3 911 714 703
3 720 914 711
3 720 722 914
3 722 915 914
3 722 919 915
3 917 920 916
3 713 916 920
3 921 713 920
3 724 713 921
3 729 922 730
3 922 923 730
3 923 722 730
3 923 919 722
3 731 724 924
3 724 925 924
3 724 921 925
3 924 733 731
3 735 926 922
3 735 922 729
3 923 922 927
3 927 922 926
3 925 928 924
3 733 924 928
3 929 733 928
3 737 733 929
3 931 930 926
3 735 931 926
3 739 931 735
3 926 930 927
3 740 737 932
3 737 933 932
3 737 929 933
3 932 741 740
3 743 931 739
3 743 934 931
3 932 933 935
3 935 933 936
3 935 745 741
3 935 741 932
3 747 934 743
3 747 937 934
3 935 936 938
3 938 936 939
3 938 749 745
3 938 745 935
3 751 940 752
3 940 941 752
3 941 747 752
3 941 937 747
3 938 939 942
3 942 939 943
3 942 754 749
3 942 749 938
3 945 944 940
3 751 945 940
3 756 945 751
3 940 944 941
3 942 943 946
3 946 943 947
3 946 757 754
3 946 754 942
3 759 945 756
3 759 948 945
3 946 947 762
3 947 761 762
3 947 949 761
3 946 762 757
3 764 948 759
3 764 950 948
3 953 952 951
3 949 953 951
3 766 949 951
3 761 949 766
3 769 954 768
3 954 955 768
3 955 764 768
3 955 950 764
3 951 952 956
3 956 952 957
3 956 771 766
3 956 766 951
3 774 958 954
3 774 954 769
3 955 954 959
3 959 954 958
3 956 957 960
3 960 957 961
3 960 776 771
3 960 771 956
3 779 962 958
3 779 958 774
3 959 958 963
3 963 958 962
3 960 961 964
3 964 961 965
3 964 781 776
3 964 776 960
3 783 966 962
3 783 962 779
3 963 962 967
3 967 962 966
3 964 965 968
3 968 965 969
3 968 785 781
3 968 781 964
3 788 970 966
3 788 966 783
3 967 966 971
3 971 966 970
3 968 969 972
3 972 969 973
3 972 790 785
3 972 785 968
3 975 974 970
3 788 975 970
3 794 975 788
3 970 974 971
3 972 973 976
3 976 973 977
3 976 796 790
3 976 790 972
3 801 978 802
3 978 979 802
3 979 794 802
3 979 975 794
3 976 977 980
3 980 977 981
3 980 804 796
3 980 796 976
3 809 982 978
3 809 978 801
3 979 978 983
3 983 978 982
3 981 984 980
3 804 980 984
3 985 804 984
3 811 804 985
3 815 986 816
3 986 987 816
3 816 987 809
3 987 988 809
3 988 982 809
3 982 988 983
3 817 811 989
3 811 990 989
3 811 985 990
3 989 819 817
3 820 991 821
3 992 822 821
3 992 821 991
3 986 815 822
3 992 986 822
3 993 986 992
3 987 986 994
3 994 986 993
3 989 990 995
3 995 990 996
3 997 823 819
3 989 997 819
3 995 997 989
3 991 820 823
3 997 991 823
3 998 991 997
3 991 999 992
3 991 998 999
3 1001 993 1000
3 993 999 1000
3 993 992 999
3 993 1001 994
3 995 996 1002
3 1002 996 1003
3 995 1004 997
3 995 1002 1004
3 997 1005 998
3 997 1004 1005
3 998 1006 999
3 998 1005 1006
3 1000 999 1007
3 1007 999 1006
3 1009 1008 826
3 826 1008 825
3 1010 826 827
3 1010 1009 826
3 1011 827 828
3 1011 1010 827
3 1012 828 829
3 1012 1011 828
3 1013 829 830
3 1013 1012 829
3 1014 830 831
3 1014 1013 830
3 1015 831 832
3 1015 1014 831
3 1016 832 833
3 1016 1015 832
3 1017 833 834
3 1017 1016 833
3 1019 1017 1018
3 1017 835 1018
3 1017 834 835
3 836 1018 835
3 1008 838 825
3 1020 838 1008
3 1019 1018 840
3 841 1019 840
3 1021 1019 841
3 840 1018 836
3 1020 842 838
3 1022 842 1020
3 1025 1024 1023
3 1024 1021 1023
3 1021 843 1023
3 1021 841 843
3 1022 844 842
3 1026 844 1022
3 1025 1023 845
3 846 1025 845
3 1027 1025 846
3 845 1023 843
3 1026 847 844
3 1028 847 1026
3 1031 1030 1029
3 1030 1027 1029
3 1027 848 1029
3 1027 846 848
3 1028 1032 847
3 847 1032 849
3 1034 1033 851
3 849 1034 851
3 1032 1034 849
3 1036 1035 1033
3 1036 1033 1034
3 1038 1037 1035
3 1038 1035 1036
3 1040 1039 1037
3 1040 1037 1038
3 853 854 1039
3 1040 853 1039
3 1041 853 1040
3 853 1042 855
3 1041 1042 853
3 1029 856 1031
3 856 1042 1031
3 856 855 1042
3 856 1029 848
3 1033 857 851
3 857 1033 858
3 858 1033 1035
3 858 1035 859
3 859 1035 1037
3 859 1037 860
3 860 1037 1039
3 860 1039 854
3 1045 1044 1043
3 1047 1046 1043
3 1043 1046 1045
3 1047 1048 1046
3 1051 1050 1049
3 1053 1052 1049
3 1049 1052 1051
3 1055 1054 1053
3 1053 1054 1052
3 1057 1056 1055
3 1055 1056 1054
3 1056 1057 1044
3 1057 1043 1044
3 1057 1058 1043
3 1043 1059 1047
3 1043 1058 1059
3 1048 1047 1060
3 1060 1047 1059
3 1049 1050 1061
3 1061 1050 1062
3 1049 1063 1053
3 1049 1061 1063
3 1053 1064 1055
3 1053 1063 1064
3 1055 1065 1057
3 1055 1064 1065
3 1057 1066 1058
3 1057 1065 1066
3 1058 1067 1059
3 1058 1066 1067
3 1060 1059 1068
3 1059 1069 1068
3 1059 1067 1069
3 1069 1070 1068
3 1061 1062 1071
3 1071 1062 1072
3 1061 1073 1063
3 1061 1071 1073
3 1063 1074 1064
3 1063 1073 1074
3 1064 1075 1065
3 1064 1074 1075
3 1065 1076 1066
3 1065 1075 1076
3 1066 1077 1067
3 1066 1076 1077
3 1067 1078 1069
3 1067 1077 1078
3 1070 1069 1079
3 1079 1069 1078
3 1072 1080 1071
3 1082 1081 1080
3 1081 1071 1080
3 1081 1073 1071
3 1073 1083 1074
3 1073 1081 1083
3 1083 862 863
3 1075 1083 863
3 1074 1083 1075
3 1075 863 864
3 1075 864 1076
3 1076 864 866
3 1076 866 1077
3 1077 866 868
3 1084 1077 868
3 1078 1077 1084
3 1079 1078 1085
3 1078 1086 1085
3 1078 1084 1086
3 1086 1087 1085
3 1081 1082 1088
3 1088 1082 1089
3 1088 870 871
3 1083 1088 871
3 1081 1088 1083
3 1083 871 862
3 875 1084 868
3 1084 875 877
3 1090 1084 877
3 1086 1084 1090
3 1087 1086 1091
3 1091 1086 1090
3 1088 1089 1092
3 1092 1089 1093
3 1092 879 870
3 1092 870 1088
3 1095 1094 1090
3 877 1095 1090
3 884 1095 877
3 1090 1094 1091
3 1098 1097 1096
3 1098 1096 1093
3 1096 1092 1093
3 1096 1099 1092
3 1099 886 879
3 1099 879 1092
3 891 1095 884
3 891 1100 1095
3 1096 1097 1101
3 1101 1097 1102
3 1101 893 894
3 1099 1101 894
3 1096 1101 1099
3 1099 894 886
3 897 1100 891
3 897 1103 1100
3 1106 1105 1104
3 1108 1107 1104
3 1104 1107 1106
3 1107 1108 1102
3 1108 1101 1102
3 1108 1109 1101
3 1109 899 893
3 1109 893 1101
3 901 1103 897
3 901 1110 1103
3 1113 1112 1111
3 1113 1111 1105
3 1105 1111 1104
3 1111 903 1104
3 903 904 1104
3 1104 904 905
3 1104 905 1108
3 1108 905 907
3 1108 907 1109
3 1109 907 899
3 910 1115 1114
3 1110 910 1114
3 901 910 1110
3 1115 1116 1114
3 1111 1112 913
3 1112 912 913
3 1112 1117 912
3 1111 913 903
3 915 1118 1115
3 915 1115 910
3 1116 1115 1119
3 1119 1115 1118
3 1122 1121 1120
3 917 918 1120
3 918 1122 1120
3 918 1123 1122
3 918 912 1117
3 918 1117 1123
3 919 1124 1118
3 919 1118 915
3 1119 1118 1125
3 1125 1118 1124
3 1120 1121 1126
3 1126 1121 1127
3 1128 920 917
3 1120 1128 917
3 1126 1128 1120
3 1128 921 920
3 1130 1129 1124
3 919 1130 1124
3 923 1130 919
3 1124 1129 1125
3 1133 1132 1131
3 1135 1134 1131
3 1134 1126 1131
3 1127 1133 1131
3 1127 1131 1126
3 1137 1136 1134
3 1136 1126 1134
3 1136 1128 1126
3 1136 925 921
3 1136 921 1128
3 927 1130 923
3 927 1138 1130
3 1141 1140 1139
3 1141 1139 1132
3 1139 1131 1132
3 1139 1142 1131
3 1135 1131 1143
3 1143 1131 1142
3 1136 1137 1144
3 1144 1137 1145
3 1146 928 925
3 1136 1146 925
3 1144 1146 1136
3 1146 929 928
3 931 1147 930
3 1147 1148 930
3 1148 927 930
3 1148 1138 927
3 1139 1140 1149
3 1149 1140 1150
3 1152 1142 1151
3 1142 1149 1151
3 1142 1139 1149
3 1142 1152 1143
3 1145 1153 1144
3 1155 1154 1153
3 1154 1144 1153
3 1154 1146 1144
3 1154 933 929
3 1154 929 1146
3 934 1156 1147
3 934 1147 931
3 1148 1147 1157
3 1157 1147 1156
3 1150 1158 1149
3 1149 1158 1151
3 1161 1160 1159
3 1161 1159 1155
3 1159 1154 1155
3 1159 1162 1154
3 1162 936 933
3 1162 933 1154
3 937 1163 1156
3 937 1156 934
3 1157 1156 1164
3 1164 1156 1163
3 1159 1160 1165
3 1165 1160 1166
3 1159 1167 1162
3 1159 1165 1167
3 1167 939 936
3 1167 936 1162
3 1169 1168 1163
3 937 1169 1163
3 941 1169 937
3 1163 1168 1164
3 1166 1170 1165
3 1172 1171 1170
3 1171 1165 1170
3 1171 1167 1165
3 1171 943 939
3 1171 939 1167
3 945 1173 944
3 1173 1174 944
3 1174 941 944
3 1174 1169 941
3 1171 1172 1175
3 1175 1172 1176
3 1175 947 943
3 1175 943 1171
3 948 1177 1173
3 948 1173 945
3 1174 1173 1178
3 1178 1173 1177
3 1181 1180 1179
3 1181 1179 1176
3 1179 1175 1176
3 1179 1182 1175
3 1182 949 947
3 1182 947 1175
3 950 1183 1177
3 950 1177 948
3 1178 1177 1184
3 1184 1177 1183
3 1187 1186 1185
3 1187 1185 1180
3 1185 1179 1180
3 1185 1188 1179
3 1188 952 953
3 1182 1188 953
3 1179 1188 1182
3 1182 953 949
3 955 1189 1183
3 955 1183 950
3 1184 1183 1190
3 1190 1183 1189
3 1185 1186 1191
3 1191 1186 1192
3 1185 1193 1188
3 1185 1191 1193
3 1193 957 952
3 1193 952 1188
3 1195 1194 1189
3 955 1195 1189
3 959 1195 955
3 1189 1194 1190
3 1192 1196 1191
3 1198 1197 1196
3 1197 1191 1196
3 1197 1193 1191
3 1197 961 957
3 1197 957 1193
3 963 1195 959
3 963 1199 1195
3 1197 1198 1200
3 1200 1198 1201
3 1200 965 961
3 1200 961 1197
3 967 1199 963
3 967 1202 1199
3 1200 1201 1203
3 1203 1201 1204
3 1203 969 965
3 1203 965 1200
3 971 1202 967
3 971 1205 1202
3 1203 1204 1206
3 1206 1204 1207
3 1206 973 969
3 1206 969 1203
3 975 1208 974
3 1208 1209 974
3 1209 971 974
3 1209 1205 971
3 1206 1207 1210
3 1210 1207 1211
3 1210 977 973
3 1210 973 1206
3 979 1212 1208
3 979 1208 975
3 1209 1208 1213
3 1213 1208 1212
3 1211 1214 1210
3 977 1210 1214
3 1215 977 1214
3 981 977 1215
3 1217 1216 1212
3 979 1217 1212
3 983 1217 979
3 1212 1216 1213
3 984 981 1218
3 981 1219 1218
3 981 1215 1219
3 1218 985 984
3 987 1220 988
3 1220 1221 988
3 1221 983 988
3 1221 1217 983
3 1218 1219 1222
3 1222 1219 1223
3 1222 990 985
3 1222 985 1218
3 1225 1224 1220
3 987 1225 1220
3 994 1225 987
3 1220 1224 1221
3 1222 1223 1226
3 1226 1223 1227
3 1226 996 990
3 1226 990 1222
3 1000 1228 1001
3 1228 1229 1001
3 1229 994 1001
3 1229 1225 994
3 1226 1227 1230
3 1230 1227 1231
3 1230 1003 996
3 1230 996 1226
3 1007 1232 1228
3 1007 1228 1000
3 1229 1228 1233
3 1233 1228 1232
3 1235 1234 1009
3 1009 1234 1008
3 1236 1009 1010
3 1236 1235 1009
3 1237 1010 1011
3 1237 1236 1010
3 1238 1011 1012
3 1238 1237 1011
3 1239 1012 1013
3 1239 1238 1012
3 1240 1013 1014
3 1240 1239 1013
3 1241 1014 1015
3 1241 1240 1014
3 1242 1015 1016
3 1242 1241 1015
3 1244 1242 1243
3 1242 1017 1243
3 1242 1016 1017
3 1019 1243 1017
3 1234 1020 1008
3 1245 1020 1234
3 1244 1243 1246
3 1244 1246 1247
3 1021 1246 1019
3 1019 1246 1243
3 1245 1022 1020
3 1248 1022 1245
3 1247 1246 1024
3 1025 1247 1024
3 1249 1247 1025
3 1024 1246 1021
3 1248 1026 1022
3 1250 1026 1248
3 1027 1249 1025
3 1027 1251 1249
3 1253 1028 1252
3 1028 1250 1252
3 1028 1026 1250
3 1254 1253 1252
3 1257 1256 1255
3 1259 1258 1255
3 1259 1255 1256
3 1260 1030 1031
3 1261 1258 1259
3 1260 1262 1030
3 1262 1027 1030
3 1262 1251 1027
3 1253 1032 1028
3 1254 1263 1253
3 1263 1032 1253
3 1263 1034 1032
3 1263 1265 1264
3 1036 1263 1264
3 1034 1263 1036
3 1266 1038 1036
3 1266 1036 1264
3 1038 1266 1267
3 1268 1038 1267
3 1040 1038 1268
3 1255 1041 1257
3 1041 1268 1257
3 1041 1040 1268
3 1041 1255 1042
3 1042 1255 1258
3 1258 1261 1042
3 1261 1269 1042
3 1260 1031 1042
3 1260 1042 1269
3 1260 1269 1262
3 1265 1270 1264
3 1264 1270 1266
3 1266 1270 1271
3 1266 1271 1267
3 1274 1273 1272
3 1276 1275 1272
3 1272 1275 1274
3 1278 1277 1276
3 1276 1277 1275
3 1278 1279 1277
3 1282 1281 1280
3 1284 1283 1280
3 1280 1283 1282
3 1286 1285 1284
3 1284 1285 1283
3 1286 1287 1285
3 1272 1273 1288
3 1288 1273 1289
3 1272 1290 1276
3 1272 1288 1290
3 1276 1291 1278
3 1276 1290 1291
3 1279 1278 1292
3 1278 1293 1292
3 1278 1291 1293
3 1292 1293 1281
3 1293 1280 1281
3 1293 1294 1280
3 1280 1295 1284
3 1280 1294 1295
3 1284 1296 1286
3 1284 1295 1296
3 1287 1286 1297
3 1286 1298 1297
3 1286 1296 1298
3 1298 1299 1297
3 1302 1301 1300
3 1302 1300 1289
3 1300 1288 1289
3 1300 1303 1288
3 1288 1304 1290
3 1288 1303 1304
3 1290 1305 1291
3 1290 1304 1305
3 1291 1306 1293
3 1291 1305 1306
3 1293 1307 1294
3 1293 1306 1307
3 1307 1044 1045
3 1295 1307 1045
3 1294 1307 1295
3 1295 1045 1046
3 1295 1046 1296
3 1296 1046 1048
3 1308 1296 1048
3 1298 1296 1308
3 1299 1298 1309
3 1309 1298 1308
3 1300 1301 1310
3 1310 1301 1311
3 1300 1312 1303
3 1300 1310 1312
3 1312 1050 1051
3 1304 1312 1051
3 1303 1312 1304
3 1304 1051 1052
3 1304 1052 1305
3 1305 1052 1054
3 1305 1054 1306
3 1306 1054 1056
3 1306 1056 1307
3 1307 1056 1044
3 1060 1313 1308
3 1060 1308 1048
3 1309 1308 1314
3 1308 1315 1314
3 1308 1313 1315
3 1315 1316 1314
3 1311 1317 1310
3 1319 1318 1317
3 1318 1310 1317
3 1318 1312 1310
3 1318 1062 1050
3 1318 1050 1312
3 1068 1313 1060
3 1313 1068 1070
3 1320 1313 1070
3 1315 1313 1320
3 1316 1315 1321
3 1321 1315 1320
3 1318 1319 1322
3 1322 1319 1323
3 1322 1072 1062
3 1322 1062 1318
3 1079 1324 1320
3 1079 1320 1070
3 1321 1320 1325
3 1325 1320 1324
3 1322 1323 1326
3 1326 1323 1327
3 1328 1080 1072
3 1322 1328 1072
3 1326 1328 1322
3 1328 1082 1080
3 1085 1324 1079
3 1085 1087 1324
3 1087 1325 1324
3 1087 1329 1325
3 1332 1331 1330
3 1334 1333 1330
3 1330 1333 1332
3 1334 1335 1333
3 1327 1336 1326
3 1338 1337 1336
3 1337 1326 1336
3 1337 1328 1326
3 1337 1089 1082
3 1337 1082 1328
3 1091 1329 1087
3 1091 1339 1329
3 1342 1341 1340
3 1342 1340 1331
3 1340 1330 1331
3 1340 1343 1330
3 1330 1344 1334
3 1330 1343 1344
3 1335 1334 1345
3 1345 1334 1344
3 1337 1338 1346
3 1346 1338 1347
3 1346 1093 1089
3 1346 1089 1337
3 1095 1348 1094
3 1348 1349 1094
3 1349 1091 1094
3 1349 1339 1091
3 1340 1341 1350
3 1350 1341 1351
3 1340 1352 1343
3 1340 1350 1352
3 1354 1344 1353
3 1344 1352 1353
3 1344 1343 1352
3 1344 1354 1345
3 1346 1347 1098
3 1347 1097 1098
3 1347 1355 1097
3 1346 1098 1093
3 1100 1356 1348
3 1100 1348 1095
3 1349 1348 1357
3 1357 1348 1356
3 1350 1351 1358
3 1358 1351 1359
3 1361 1352 1360
3 1352 1358 1360
3 1352 1350 1358
3 1352 1361 1353
3 1364 1363 1362
3 1366 1365 1362
3 1362 1365 1364
3 1368 1367 1366
3 1366 1367 1365
3 1355 1367 1368
3 1102 1355 1368
3 1097 1355 1102
3 1103 1369 1356
3 1103 1356 1100
3 1357 1356 1370
3 1370 1356 1369
3 1373 1372 1371
3 1373 1371 1359
3 1371 1358 1359
3 1371 1374 1358
3 1360 1358 1375
3 1375 1358 1374
3 1378 1377 1376
3 1378 1376 1363
3 1376 1362 1363
3 1376 1379 1362
3 1379 1105 1106
3 1366 1379 1106
3 1362 1379 1366
3 1366 1106 1107
3 1366 1107 1368
3 1368 1107 1102
3 1110 1380 1369
3 1110 1369 1103
3 1370 1369 1381
3 1381 1369 1380
3 1371 1372 1382
3 1382 1372 1383
3 1371 1384 1374
3 1371 1382 1384
3 1375 1374 1385
3 1385 1374 1384
3 1376 1377 1386
3 1386 1377 1387
3 1386 1112 1113
3 1379 1386 1113
3 1376 1386 1379
3 1379 1113 1105
3 1114 1380 1110
3 1114 1116 1380
3 1116 1381 1380
3 1116 1388 1381
3 1382 1383 1389
3 1389 1383 1390
3 1382 1391 1384
3 1382 1389 1391
3 1385 1384 1392
3 1384 1393 1392
3 1384 1391 1393
3 1392 1393 1387
3 1393 1386 1387
3 1393 1394 1386
3 1394 1117 1112
3 1394 1112 1386
3 1119 1388 1116
3 1119 1395 1388
3 1389 1390 1396
3 1396 1390 1397
3 1389 1398 1391
3 1389 1396 1398
3 1398 1121 1122
3 1393 1398 1122
3 1391 1398 1393
3 1393 1122 1123
3 1393 1123 1394
3 1394 1123 1117
3 1125 1395 1119
3 1125 1399 1395
3 1396 1397 1400
3 1400 1397 1401
3 1396 1402 1398
3 1396 1400 1402
3 1402 1127 1121
3 1402 1121 1398
3 1404 1403 1129
3 1404 1129 1130
3 1125 1129 1399
3 1399 1129 1403
3 1400 1401 1405
3 1405 1401 1406
3 1405 1132 1133
3 1402 1405 1133
3 1400 1405 1402
3 1127 1402 1133
3 1134 1135 1407
3 1407 1137 1134
3 1138 1404 1130
3 1138 1408 1404
3 1411 1410 1409
3 1411 1409 1406
3 1406 1409 1405
3 1409 1140 1405
3 1140 1141 1405
3 1405 1141 1132
3 1143 1412 1407
3 1143 1407 1135
3 1412 1145 1137
3 1412 1137 1407
3 1148 1408 1138
3 1148 1413 1408
3 1409 1410 1414
3 1414 1410 1415
3 1414 1150 1140
3 1414 1140 1409
3 1151 1416 1152
3 1412 1143 1152
3 1416 1412 1152
3 1417 1412 1416
3 1418 1153 1145
3 1412 1418 1145
3 1417 1418 1412
3 1418 1155 1153
3 1157 1413 1148
3 1157 1419 1413
3 1415 1420 1414
3 1420 1422 1421
3 1420 1421 1158
3 1414 1420 1158
3 1150 1414 1158
3 1416 1151 1158
3 1421 1416 1158
3 1423 1416 1421
3 1416 1424 1417
3 1416 1423 1424
3 1424 1160 1161
3 1418 1424 1161
3 1417 1424 1418
3 1418 1161 1155
3 1164 1419 1157
3 1164 1425 1419
3 1421 1422 1426
3 1426 1422 1427
3 1421 1428 1423
3 1421 1426 1428
3 1423 1429 1424
3 1423 1428 1429
3 1429 1166 1160
3 1429 1160 1424
3 1431 1430 1168
3 1431 1168 1169
3 1164 1168 1425
3 1425 1168 1430
3 1427 1432 1426
3 1434 1433 1432
3 1433 1426 1432
3 1433 1428 1426
3 1428 1435 1429
3 1428 1433 1435
3 1436 1170 1166
3 1429 1436 1166
3 1435 1436 1429
3 1436 1172 1170
3 1174 1431 1169
3 1174 1437 1431
3 1440 1439 1438
3 1440 1438 1434
3 1438 1433 1434
3 1438 1441 1433
3 1433 1442 1435
3 1433 1441 1442
3 1435 1443 1436
3 1435 1442 1443
3 1443 1176 1172
3 1443 1172 1436
3 1178 1437 1174
3 1178 1444 1437
3 1438 1439 1445
3 1445 1439 1446
3 1438 1447 1441
3 1438 1445 1447
3 1441 1448 1442
3 1441 1447 1448
3 1448 1180 1181
3 1443 1448 1181
3 1442 1448 1443
3 1443 1181 1176
3 1184 1444 1178
3 1184 1449 1444
3 1445 1446 1450
3 1450 1446 1451
3 1445 1452 1447
3 1445 1450 1452
3 1452 1186 1187
3 1448 1452 1187
3 1447 1452 1448
3 1448 1187 1180
3 1190 1449 1184
3 1190 1453 1449
3 1450 1451 1454
3 1454 1451 1455
3 1450 1456 1452
3 1450 1454 1456
3 1456 1192 1186
3 1456 1186 1452
3 1458 1457 1194
3 1458 1194 1195
3 1190 1194 1453
3 1453 1194 1457
3 1454 1455 1459
3 1459 1455 1460
3 1454 1461 1456
3 1454 1459 1461
3 1462 1196 1192
3 1456 1462 1192
3 1461 1462 1456
3 1462 1198 1196
3 1199 1458 1195
3 1199 1463 1458
3 1459 1460 1464
3 1464 1460 1465
3 1459 1466 1461
3 1459 1464 1466
3 1461 1467 1462
3 1461 1466 1467
3 1467 1201 1198
3 1467 1198 1462
3 1202 1463 1199
3 1202 1468 1463
3 1465 1469 1464
3 1471 1470 1469
3 1470 1464 1469
3 1470 1466 1464
3 1466 1472 1467
3 1466 1470 1472
3 1472 1204 1201
3 1472 1201 1467
3 1205 1468 1202
3 1205 1473 1468
3 1470 1471 1474
3 1474 1471 1475
3 1470 1476 1472
3 1470 1474 1476
3 1476 1207 1204
3 1476 1204 1472
3 1209 1473 1205
3 1209 1477 1473
3 1475 1478 1474
3 1480 1479 1478
3 1479 1474 1478
3 1479 1476 1474
3 1479 1211 1207
3 1479 1207 1476
3 1213 1477 1209
3 1213 1481 1477
3 1480 1482 1479
3 1482 1484 1483
3 1482 1483 1214
3 1479 1482 1214
3 1211 1479 1214
3 1483 1215 1214
3 1217 1485 1216
3 1485 1486 1216
3 1486 1213 1216
3 1486 1481 1213
3 1483 1484 1487
3 1487 1484 1488
3 1487 1219 1215
3 1487 1215 1483
3 1490 1489 1485
3 1217 1490 1485
3 1221 1490 1217
3 1485 1489 1486
3 1487 1488 1491
3 1491 1488 1492
3 1491 1223 1219
3 1491 1219 1487
3 1225 1493 1224
3 1493 1494 1224
3 1494 1221 1224
3 1494 1490 1221
3 1491 1492 1495
3 1495 1492 1496
3 1495 1227 1223
3 1495 1223 1491
3 1229 1497 1493
3 1229 1493 1225
3 1494 1493 1498
3 1498 1493 1497
3 1501 1500 1499
3 1501 1499 1496
3 1499 1495 1496
3 1499 1502 1495
3 1502 1231 1227
3 1502 1227 1495
3 1233 1503 1497
3 1233 1497 1229
3 1498 1497 1504
3 1504 1497 1503
3 1505 1234 1235
3 1505 1235 1506
3 1235 1507 1506
3 1235 1236 1507
3 1508 1236 1237
3 1508 1507 1236
3 1509 1237 1238
3 1509 1508 1237
3 1510 1238 1239
3 1510 1509 1238
3 1511 1239 1240
3 1511 1510 1239
3 1512 1240 1241
3 1512 1511 1240
3 1513 1241 1242
3 1513 1512 1241
3 1242 1244 1513
3 1513 1244 1514
3 1515 1245 1505
3 1505 1245 1234
3 1505 1506 1516
3 1505 1516 1515
3 1247 1514 1244
3 1247 1517 1514
3 1519 1518 1515
3 1518 1245 1515
3 1518 1248 1245
3 1519 1515 1516
3 1249 1521 1520
3 1517 1249 1520
3 1247 1249 1517
3 1521 1522 1520
3 1518 1250 1248
3 1523 1250 1518
3 1251 1524 1521
3 1251 1521 1249
3 1522 1521 1525
3 1525 1521 1524
3 1523 1526 1250
3 1250 1526 1252
3 1254 1252 1526
3 1254 1526 1527
3 1257 1528 1256
3 1529 1259 1256
3 1529 1256 1528
3 1529 1261 1259
3 1531 1530 1524
3 1251 1531 1524
3 1262 1531 1251
3 1524 1530 1525
3 1527 1532 1254
3 1254 1532 1263
3 1265 1263 1532
3 1265 1532 1533
3 1535 1534 1268
3 1535 1268 1267
3 1257 1268 1528
3 1268 1536 1528
3 1268 1534 1536
3 1528 1536 1529
3 1529 1536 1537
3 1529 1537 1261
3 1537 1269 1261
3 1537 1538 1269
3 1262 1269 1531
3 1531 1269 1538
3 1270 1265 1539
3 1265 1540 1539
3 1265 1533 1540
3 1270 1539 1541
3 1542 1270 1541
3 1271 1270 1542
3 1267 1271 1535
3 1535 1271 1542
3 1540 1543 1539
3 1539 1543 1541
3 1546 1545 1544
3 1544 1547 1546
3 1544 1545 1548
3 1548 1545 1549
3 1547 1544 1550
3 1550 1544 1548
3 1553 1552 1551
3 1551 1554 1553
3 1557 1556 1555
3 1557 1555 1549
3 1555 1548 1549
3 1555 1558 1548
3 1550 1548 1559
3 1559 1548 1558
3 1551 1552 1560
3 1560 1552 1561
3 1554 1551 1562
3 1551 1563 1562
3 1551 1560 1563
3 1565 1564 1563
3 1563 1564 1562
3 1565 1566 1564
3 1569 1568 1567
3 1569 1567 1556
3 1567 1555 1556
3 1567 1570 1555
3 1555 1571 1558
3 1555 1570 1571
3 1559 1558 1572
3 1572 1558 1571
3 1575 1574 1573
3 1575 1573 1561
3 1573 1560 1561
3 1573 1576 1560
3 1560 1577 1563
3 1560 1576 1577
3 1563 1578 1565
3 1563 1577 1578
3 1566 1565 1579
3 1565 1580 1579
3 1565 1578 1580
3 1582 1581 1580
3 1580 1581 1579
3 1581 1582 1568
3 1582 1567 1568
3 1582 1583 1567
3 1567 1584 1570
3 1567 1583 1584
3 1570 1585 1571
3 1570 1584 1585
3 1572 1571 1586
3 1586 1571 1585
3 1573 1574 1587
3 1587 1574 1588
3 1573 1589 1576
3 1573 1587 1589
3 1576 1590 1577
3 1576 1589 1590
3 1577 1591 1578
3 1577 1590 1591
3 1578 1592 1580
3 1578 1591 1592
3 1580 1593 1582
3 1580 1592 1593
3 1582 1594 1583
3 1582 1593 1594
3 1583 1595 1584
3 1583 1594 1595
3 1584 1596 1585
3 1584 1595 1596
3 1586 1585 1597
3 1597 1585 1596
3 1587 1588 1598
3 1598 1588 1599
3 1598 1273 1274
3 1589 1598 1274
3 1587 1598 1589
3 1589 1274 1275
3 1589 1275 1590
3 1590 1275 1277
3 1590 1277 1591
3 1591 1277 1279
3 1600 1591 1279
3 1592 1591 1600
3 1600 1281 1282
3 1593 1600 1282
3 1592 1600 1593
3 1593 1282 1283
3 1593 1283 1594
3 1594 1283 1285
3 1594 1285 1595
3 1595 1285 1287
3 1601 1595 1287
3 1596 1595 1601
3 1597 1596 1602
3 1596 1603 1602
3 1596 1601 1603
3 1603 1604 1602
3 1598 1599 1605
3 1605 1599 1606
3 1605 1289 1273
3 1605 1273 1598
3 1292 1600 1279
3 1600 1292 1281
3 1297 1601 1287
3 1601 1297 1299
3 1607 1601 1299
3 1603 1601 1607
3 1604 1603 1608
3 1608 1603 1607
3 1611 1610 1609
3 1611 1609 1606
3 1606 1609 1605
3 1609 1301 1605
3 1301 1302 1605
3 1605 1302 1289
3 1309 1612 1607
3 1309 1607 1299
3 1608 1607 1613
3 1613 1607 1612
3 1609 1610 1614
3 1614 1610 1615
3 1614 1311 1301
3 1614 1301 1609
3 1314 1612 1309
3 1314 1316 1612
3 1316 1613 1612
3 1316 1616 1613
3 1619 1618 1617
3 1619 1617 1615
3 1617 1614 1615
3 1617 1620 1614
3 1621 1317 1311
3 1614 1621 1311
3 1620 1621 1614
3 1621 1319 1317
3 1321 1616 1316
3 1321 1622 1616
3 1617 1618 1623
3 1623 1618 1624
3 1617 1625 1620
3 1617 1623 1625
3 1620 1626 1621
3 1620 1625 1626
3 1626 1323 1319
3 1626 1319 1621
3 1325 1622 1321
3 1325 1627 1622
3 1630 1629 1628
3 1630 1628 1624
3 1628 1623 1624
3 1628 1631 1623
3 1623 1632 1625
3 1623 1631 1632
3 1625 1633 1626
3 1625 1632 1633
3 1633 1327 1323
3 1633 1323 1626
3 1329 1627 1325
3 1329 1634 1627
3 1637 1636 1635
3 1637 1635 1629
3 1629 1635 1628
3 1635 1331 1628
3 1331 1332 1628
3 1628 1332 1333
3 1628 1333 1631
3 1631 1333 1335
3 1638 1631 1335
3 1632 1631 1638
3 1632 1639 1633
3 1632 1638 1639
3 1640 1336 1327
3 1633 1640 1327
3 1639 1640 1633
3 1640 1338 1336
3 1339 1634 1329
3 1339 1641 1634
3 1635 1636 1342
3 1636 1341 1342
3 1636 1642 1341
3 1635 1342 1331
3 1345 1643 1638
3 1345 1638 1335
3 1645 1639 1644
3 1639 1643 1644
3 1639 1638 1643
3 1647 1646 1645
3 1646 1639 1645
3 1646 1640 1639
3 1646 1347 1338
3 1646 1338 1640
3 1349 1641 1339
3 1349 1648 1641
3 1651 1650 1649
3 1642 1651 1649
3 1351 1642 1649
3 1341 1642 1351
3 1353 1652 1354
3 1643 1345 1354
3 1652 1643 1354
3 1653 1643 1652
3 1644 1643 1654
3 1643 1655 1654
3 1643 1653 1655
3 1654 1655 1647
3 1655 1646 1647
3 1655 1656 1646
3 1656 1355 1347
3 1656 1347 1646
3 1357 1648 1349
3 1357 1657 1648
3 1649 1650 1658
3 1658 1650 1659
3 1658 1359 1351
3 1658 1351 1649
3 1360 1660 1361
3 1652 1353 1361
3 1660 1652 1361
3 1661 1652 1660
3 1661 1363 1364
3 1653 1661 1364
3 1652 1661 1653
3 1653 1364 1365
3 1653 1365 1655
3 1655 1365 1367
3 1655 1367 1656
3 1656 1367 1355
3 1370 1657 1357
3 1370 1662 1657
3 1658 1659 1373
3 1659 1372 1373
3 1659 1663 1372
3 1658 1373 1359
3 1375 1664 1660
3 1375 1660 1360
3 1664 1377 1378
3 1661 1664 1378
3 1660 1664 1661
3 1661 1378 1363
3 1381 1662 1370
3 1381 1665 1662
3 1663 1383 1372
3 1666 1383 1663
3 1385 1667 1664
3 1385 1664 1375
3 1667 1387 1377
3 1667 1377 1664
3 1388 1665 1381
3 1388 1668 1665
3 1666 1390 1383
3 1669 1390 1666
3 1392 1667 1385
3 1667 1392 1387
3 1395 1668 1388
3 1395 1670 1668
3 1669 1397 1390
3 1671 1397 1669
3 1674 1673 1672
3 1673 1670 1672
3 1670 1399 1672
3 1670 1395 1399
3 1671 1401 1397
3 1675 1401 1671
3 1674 1672 1403
3 1404 1674 1403
3 1676 1674 1404
3 1403 1672 1399
3 1679 1678 1677
3 1675 1679 1677
3 1406 1675 1677
3 1401 1675 1406
3 1408 1676 1404
3 1408 1680 1676
3 1677 1678 1411
3 1678 1410 1411
3 1678 1681 1410
3 1677 1411 1406
3 1413 1680 1408
3 1413 1682 1680
3 1681 1415 1410
3 1683 1415 1681
3 1419 1682 1413
3 1419 1684 1682
3 1420 1415 1685
3 1415 1686 1685
3 1415 1683 1686
3 1685 1422 1420
3 1425 1684 1419
3 1425 1687 1684
3 1685 1686 1688
3 1688 1686 1689
3 1688 1427 1422
3 1688 1422 1685
3 1691 1690 1430
3 1691 1430 1431
3 1425 1430 1687
3 1687 1430 1690
3 1688 1689 1692
3 1692 1689 1693
3 1694 1432 1427
3 1688 1694 1427
3 1692 1694 1688
3 1694 1434 1432
3 1437 1691 1431
3 1437 1695 1691
3 1692 1693 1696
3 1696 1693 1697
3 1696 1439 1440
3 1694 1696 1440
3 1692 1696 1694
3 1694 1440 1434
3 1444 1695 1437
3 1444 1698 1695
3 1696 1697 1699
3 1699 1697 1700
3 1699 1446 1439
3 1699 1439 1696
3 1449 1698 1444
3 1449 1701 1698
3 1699 1700 1702
3 1702 1700 1703
3 1702 1451 1446
3 1702 1446 1699
3 1453 1701 1449
3 1453 1704 1701
3 1702 1703 1705
3 1705 1703 1706
3 1705 1455 1451
3 1705 1451 1702
3 1708 1707 1457
3 1708 1457 1458
3 1453 1457 1704
3 1704 1457 1707
3 1705 1706 1709
3 1709 1706 1710
3 1709 1460 1455
3 1709 1455 1705
3 1463 1708 1458
3 1463 1711 1708
3 1709 1710 1712
3 1712 1710 1713
3 1712 1465 1460
3 1712 1460 1709
3 1468 1711 1463
3 1468 1714 1711
3 1712 1713 1715
3 1715 1713 1716
3 1717 1469 1465
3 1712 1717 1465
3 1715 1717 1712
3 1717 1471 1469
3 1473 1714 1468
3 1473 1718 1714
3 1716 1719 1715
3 1721 1720 1719
3 1720 1715 1719
3 1720 1717 1715
3 1720 1475 1471
3 1720 1471 1717
3 1477 1718 1473
3 1477 1722 1718
3 1720 1721 1723
3 1723 1721 1724
3 1725 1478 1475
3 1720 1725 1475
3 1723 1725 1720
3 1725 1480 1478
3 1481 1722 1477
3 1481 1726 1722
3 1724 1727 1723
3 1729 1728 1727
3 1728 1723 1727
3 1728 1725 1723
3 1730 1482 1480
3 1725 1730 1480
3 1728 1730 1725
3 1730 1484 1482
3 1486 1726 1481
3 1486 1731 1726
3 1729 1732 1728
3 1734 1733 1732
3 1733 1728 1732
3 1733 1730 1728
3 1733 1488 1484
3 1733 1484 1730
3 1736 1735 1489
3 1736 1489 1490
3 1486 1489 1731
3 1731 1489 1735
3 1733 1734 1737
3 1737 1734 1738
3 1737 1492 1488
3 1737 1488 1733
3 1494 1736 1490
3 1494 1739 1736
3 1742 1741 1740
3 1742 1740 1738
3 1740 1737 1738
3 1740 1743 1737
3 1743 1496 1492
3 1743 1492 1737
3 1498 1739 1494
3 1498 1744 1739
3 1747 1746 1745
3 1749 1748 1745
3 1745 1748 1747
3 1748 1749 1741
3 1749 1740 1741
3 1749 1750 1740
3 1750 1500 1501
3 1743 1750 1501
3 1740 1750 1743
3 1743 1501 1496
3 1504 1744 1498
3 1504 1751 1744
3 1753 1752 1507
3 1507 1752 1506
3 1754 1507 1508
3 1754 1753 1507
3 1755 1508 1509
3 1755 1754 1508
3 1756 1509 1510
3 1756 1755 1509
3 1757 1510 1511
3 1757 1756 1510
3 1758 1511 1512
3 1758 1757 1511
3 1759 1512 1513
3 1759 1758 1512
3 1761 1760 1514
3 1760 1513 1514
3 1760 1759 1513
3 1761 1762 1760
3 1752 1516 1506
3 1763 1516 1752
3 1517 1764 1761
3 1517 1761 1514
3 1762 1761 1765
3 1765 1761 1764
3 1767 1766 1519
3 1519 1766 1518
3 1519 1516 1763
3 1519 1763 1767
3 1520 1764 1517
3 1520 1522 1764
3 1522 1765 1764
3 1522 1768 1765
3 1770 1523 1769
3 1523 1766 1769
3 1523 1518 1766
3 1771 1770 1769
3 1525 1768 1522
3 1525 1772 1768
3 1770 1526 1523
3 1527 1526 1770
3 1771 1527 1770
3 1773 1527 1771
3 1531 1774 1530
3 1774 1775 1530
3 1775 1525 1530
3 1775 1772 1525
3 1532 1527 1776
3 1527 1777 1776
3 1527 1773 1777
3 1776 1533 1532
3 1535 1778 1534
3 1779 1536 1534
3 1779 1534 1778
3 1780 1537 1536
3 1780 1536 1779
3 1781 1538 1537
3 1781 1537 1780
3 1774 1531 1538
3 1781 1774 1538
3 1782 1774 1781
3 1775 1774 1783
3 1783 1774 1782
3 1776 1777 1784
3 1784 1777 1785
3 1784 1540 1533
3 1784 1533 1776
3 1541 1786 1542
3 1778 1535 1542
3 1786 1778 1542
3 1787 1778 1786
3 1789 1779 1788
3 1779 1787 1788
3 1779 1778 1787
3 1779 1789 1780
3 1780 1789 1790
3 1792 1791 1790
3 1791 1780 1790
3 1791 1781 1780
3 1781 1793 1782
3 1781 1791 1793
3 1783 1782 1794
3 1782 1795 1794
3 1782 1793 1795
3 1795 1796 1794
3 1784 1785 1797
3 1797 1785 1798
3 1799 1543 1540
3 1784 1799 1540
3 1797 1799 1784
3 1786 1541 1543
3 1799 1786 1543
3 1800 1786 1799
3 1802 1787 1801
3 1787 1800 1801
3 1787 1786 1800
3 1787 1802 1788
3 1792 1803 1791
3 1805 1804 1803
3 1804 1791 1803
3 1804 1793 1791
3 1793 1806 1795
3 1793 1804 1806
3 1796 1795 1807
3 1807 1795 1806
3 1797 1798 1808
3 1808 1798 1809
3 1797 1810 1799
3 1797 1808 1810
3 1799 1811 1800
3 1799 1810 1811
3 1801 1800 1812
3 1812 1800 1811
3 1804 1805 1813
3 1813 1805 1814
3 1804 1815 1806
3 1804 1813 1815
3 1807 1806 1816
3 1816 1806 1815
3 1808 1809 1817
3 1817 1809 1818
3 1808 1819 1810
3 1808 1817 1819
3 1810 1820 1811
3 1810 1819 1820
3 1812 1811 1821
3 1811 1822 1821
3 1811 1820 1822
3 1822 1823 1821
3 1813 1814 1824
3 1824 1814 1825
3 1813 1826 1815
3 1813 1824 1826
3 1816 1815 1827
3 1815 1828 1827
3 1815 1826 1828
3 1828 1829 1827
3 1817 1818 1830
3 1830 1818 1831
3 1817 1832 1819
3 1817 1830 1832
3 1819 1833 1820
3 1819 1832 1833
3 1820 1834 1822
3 1820 1833 1834
3 1823 1822 1835
3 1835 1822 1834
3 1824 1825 1836
3 1836 1825 1837
3 1824 1838 1826
3 1824 1836 1838
3 1826 1839 1828
3 1826 1838 1839
3 1829 1828 1840
3 1840 1828 1839
3 1830 1831 1841
3 1841 1831 1842
3 1830 1843 1832
3 1830 1841 1843
3 1832 1844 1833
3 1832 1843 1844
3 1846 1834 1845
3 1834 1844 1845
3 1834 1833 1844
3 1834 1846 1835
3 1837 1847 1836
3 1849 1848 1847
3 1848 1836 1847
3 1848 1838 1836
3 1838 1850 1839
3 1838 1848 1850
3 1840 1839 1851
3 1851 1839 1850
3 1841 1842 1852
3 1852 1842 1853
3 1841 1854 1843
3 1841 1852 1854
3 1843 1855 1844
3 1843 1854 1855
3 1845 1844 1856
3 1856 1844 1855
3 1848 1849 1857
3 1857 1849 1858
3 1848 1859 1850
3 1848 1857 1859
3 1851 1850 1860
3 1860 1850 1859
3 1863 1862 1861
3 1863 1861 1853
3 1861 1852 1853
3 1861 1864 1852
3 1852 1865 1854
3 1852 1864 1865
3 1854 1866 1855
3 1854 1865 1866
3 1856 1855 1867
3 1867 1855 1866
3 1857 1858 1868
3 1868 1858 1869
3 1857 1870 1859
3 1857 1868 1870
3 1860 1859 1871
3 1871 1859 1870
3 1862 1872 1861
3 1874 1873 1872
3 1873 1861 1872
3 1873 1864 1861
3 1864 1875 1865
3 1864 1873 1875
3 1865 1876 1866
3 1865 1875 1876
3 1867 1866 1877
3 1877 1866 1876
3 1880 1879 1878
3 1880 1878 1869
3 1878 1868 1869
3 1878 1881 1868
3 1868 1882 1870
3 1868 1881 1882
3 1871 1870 1883
3 1883 1870 1882
3 1873 1874 1884
3 1884 1874 1885
3 1873 1886 1875
3 1873 1884 1886
3 1875 1887 1876
3 1875 1886 1887
3 1877 1876 1888
3 1888 1876 1887
3 1878 1879 1889
3 1889 1879 1890
3 1878 1891 1881
3 1878 1889 1891
3 1881 1892 1882
3 1881 1891 1892
3 1883 1882 1893
3 1893 1882 1892
3 1896 1895 1894
3 1896 1894 1885
3 1894 1884 1885
3 1894 1897 1884
3 1884 1898 1886
3 1884 1897 1898
3 1886 1899 1887
3 1886 1898 1899
3 1888 1887 1900
3 1887 1901 1900
3 1887 1899 1901
3 1901 1902 1900
3 1889 1890 1903
3 1903 1890 1904
3 1903 1545 1546
3 1891 1903 1546
3 1889 1903 1891
3 1891 1546 1547
3 1905 1891 1547
3 1892 1891 1905
3 1893 1892 1906
3 1906 1892 1905
3 1894 1895 1907
3 1907 1895 1908
3 1894 1909 1897
3 1894 1907 1909
3 1897 1910 1898
3 1897 1909 1910
3 1898 1911 1899
3 1898 1910 1911
3 1899 1912 1901
3 1899 1911 1912
3 1902 1901 1913
3 1913 1901 1912
3 1903 1904 1914
3 1914 1904 1915
3 1914 1549 1545
3 1914 1545 1903
3 1550 1916 1905
3 1550 1905 1547
3 1906 1905 1917
3 1917 1905 1916
3 1907 1908 1918
3 1918 1908 1919
3 1907 1920 1909
3 1907 1918 1920
3 1920 1552 1553
3 1910 1920 1553
3 1909 1920 1910
3 1910 1553 1554
3 1921 1910 1554
3 1911 1910 1921
3 1911 1922 1912
3 1911 1921 1922
3 1913 1912 1923
3 1912 1924 1923
3 1912 1922 1924
3 1926 1925 1924
3 1924 1925 1923
3 1928 1927 1926
3 1926 1927 1925
3 1927 1928 1915
3 1915 1928 1914
3 1928 1556 1914
3 1556 1557 1914
3 1914 1557 1549
3 1559 1929 1916
3 1559 1916 1550
3 1917 1916 1930
3 1930 1916 1929
3 1918 1919 1931
3 1931 1919 1932
3 1918 1933 1920
3 1918 1931 1933
3 1933 1561 1552
3 1933 1552 1920
3 1562 1921 1554
3 1921 1562 1564
3 1921 1564 1922
3 1922 1564 1566
3 1934 1922 1566
3 1924 1922 1934
3 1924 1935 1926
3 1924 1934 1935
3 1935 1568 1569
3 1928 1935 1569
3 1926 1935 1928
3 1928 1569 1556
3 1572 1936 1929
3 1572 1929 1559
3 1930 1929 1937
3 1937 1929 1936
3 1931 1932 1938
3 1938 1932 1939
3 1938 1574 1575
3 1933 1938 1575
3 1931 1938 1933
3 1933 1575 1561
3 1579 1934 1566
3 1934 1579 1581
3 1934 1581 1935
3 1935 1581 1568
3 1586 1940 1936
3 1586 1936 1572
3 1937 1936 1941
3 1941 1936 1940
3 1938 1939 1942
3 1942 1939 1943
3 1942 1588 1574
3 1942 1574 1938
3 1597 1944 1940
3 1597 1940 1586
3 1941 1940 1945
3 1945 1940 1944
3 1942 1943 1946
3 1946 1943 1947
3 1946 1599 1588
3 1946 1588 1942
3 1602 1944 1597
3 1602 1604 1944
3 1604 1945 1944
3 1604 1948 1945
3 1946 1947 1949
3 1949 1947 1950
3 1949 1606 1599
3 1949 1599 1946
3 1608 1948 1604
3 1608 1951 1948
3 1949 1950 1611
3 1950 1610 1611
3 1950 1952 1610
3 1949 1611 1606
3 1613 1951 1608
3 1613 1953 1951
3 1956 1955 1954
3 1952 1956 1954
3 1615 1952 1954
3 1610 1952 1615
3 1616 1953 1613
3 1616 1957 1953
3 1954 1955 1619
3 1955 1618 1619
3 1955 1958 1618
3 1954 1619 1615
3 1622 1960 1959
3 1957 1622 1959
3 1616 1622 1957
3 1960 1961 1959
3 1964 1963 1962
3 1958 1964 1962
3 1624 1958 1962
3 1618 1958 1624
3 1627 1965 1960
3 1627 1960 1622
3 1961 1960 1966
3 1966 1960 1965
3 1962 1963 1630
3 1963 1629 1630
3 1963 1967 1629
3 1962 1630 1624
3 1969 1968 1965
3 1627 1969 1965
3 1634 1969 1627
3 1965 1968 1966
3 1971 1970 1637
3 1637 1970 1636
3 1637 1629 1967
3 1637 1967 1971
3 1641 1969 1634
3 1641 1972 1969
3 1970 1642 1636
3 1973 1642 1970
3 1644 1974 1645
3 1974 1647 1645
3 1648 1972 1641
3 1648 1975 1972
3 1977 1976 1651
3 1651 1976 1650
3 1651 1642 1973
3 1651 1973 1977
3 1654 1974 1644
3 1974 1654 1647
3 1657 1975 1648
3 1657 1978 1975
3 1976 1659 1650
3 1979 1659 1976
3 1662 1978 1657
3 1662 1980 1978
3 1979 1663 1659
3 1981 1663 1979
3 1665 1980 1662
3 1665 1982 1980
3 1981 1666 1663
3 1983 1666 1981
3 1668 1982 1665
3 1668 1984 1982
3 1983 1669 1666
3 1985 1669 1983
3 1988 1987 1986
3 1987 1984 1986
3 1984 1670 1986
3 1984 1668 1670
3 1991 1990 1989
3 1985 1991 1989
3 1671 1985 1989
3 1669 1985 1671
3 1988 1986 1673
3 1674 1988 1673
3 1992 1988 1674
3 1673 1986 1670
3 1989 1990 1993
3 1993 1990 1994
3 1993 1675 1671
3 1993 1671 1989
3 1676 1992 1674
3 1676 1995 1992
3 1993 1994 1679
3 1994 1678 1679
3 1994 1996 1678
3 1993 1679 1675
3 1680 1995 1676
3 1680 1997 1995
3 1996 1681 1678
3 1998 1681 1996
3 1682 1997 1680
3 1682 1999 1997
3 1998 1683 1681
3 2000 1683 1998
3 1684 1999 1682
3 1684 2001 1999
3 2000 1686 1683
3 2002 1686 2000
3 1687 2001 1684
3 1687 2003 2001
3 2002 1689 1686
3 2004 1689 2002
3 2006 2005 1690
3 2006 1690 1691
3 1687 1690 2003
3 2003 1690 2005
3 2009 2008 2007
3 2004 2009 2007
3 1693 2004 2007
3 1689 2004 1693
3 1695 2006 1691
3 1695 2010 2006
3 2007 2008 2011
3 2011 2008 2012
3 2011 1697 1693
3 2011 1693 2007
3 1698 2010 1695
3 1698 2013 2010
3 2011 2012 2014
3 2014 2012 2015
3 2014 1700 1697
3 2014 1697 2011
3 1701 2013 1698
3 1701 2016 2013
3 2014 2015 2017
3 2017 2015 2018
3 2017 1703 1700
3 2017 1700 2014
3 1704 2016 1701
3 1704 2019 2016
3 2017 2018 2020
3 2020 2018 2021
3 2020 1706 1703
3 2020 1703 2017
3 2023 2022 1707
3 2023 1707 1708
3 1704 1707 2019
3 2019 1707 2022
3 2020 2021 2024
3 2024 2021 2025
3 2024 1710 1706
3 2024 1706 2020
3 1711 2023 1708
3 1711 2026 2023
3 2024 2025 2027
3 2027 2025 2028
3 2027 1713 1710
3 2027 1710 2024
3 1714 2026 1711
3 1714 2029 2026
3 2027 2028 2030
3 2030 2028 2031
3 2030 1716 1713
3 2030 1713 2027
3 1718 2029 1714
3 1718 2032 2029
3 2030 2031 2033
3 2033 2031 2034
3 2035 1719 1716
3 2030 2035 1716
3 2033 2035 2030
3 2035 1721 1719
3 1722 2032 1718
3 1722 2036 2032
3 2034 2037 2033
3 2039 2038 2037
3 2038 2033 2037
3 2038 2035 2033
3 2038 1724 1721
3 2038 1721 2035
3 1726 2036 1722
3 1726 2040 2036
3 2038 2039 2041
3 2041 2039 2042
3 2043 1727 1724
3 2038 2043 1724
3 2041 2043 2038
3 2043 1729 1727
3 2046 2045 2044
3 2045 2040 2044
3 2040 1731 2044
3 2040 1726 1731
3 2042 2047 2041
3 2049 2048 2047
3 2048 2041 2047
3 2048 2043 2041
3 2050 1732 1729
3 2043 2050 1729
3 2048 2050 2043
3 2050 1734 1732
3 2046 2044 1735
3 1736 2046 1735
3 2051 2046 1736
3 1735 2044 1731
3 2054 2053 2052
3 2054 2052 2049
3 2052 2048 2049
3 2052 2055 2048
3 2048 2056 2050
3 2048 2055 2056
3 2056 1738 1734
3 2056 1734 2050
3 1739 2051 1736
3 1739 2057 2051
3 2052 2053 2058
3 2058 2053 2059
3 2052 2060 2055
3 2052 2058 2060
3 2060 1741 1742
3 2056 2060 1742
3 2055 2060 2056
3 2056 1742 1738
3 1744 2057 1739
3 1744 2061 2057
3 2058 2059 1747
3 2059 1746 1747
3 2059 2062 1746
3 2058 1747 1748
3 2058 1748 2060
3 2060 1748 1741
3 1751 2061 1744
3 1751 2063 2061
3 2065 2064 1753
3 1753 2064 1752
3 2066 1753 1754
3 2066 2065 1753
3 2067 1754 1755
3 2067 2066 1754
3 2068 1755 1756
3 2068 2067 1755
3 2069 1756 1757
3 2069 2068 1756
3 2070 1757 1758
3 2070 2069 1757
3 2071 1758 1759
3 2071 2070 1758
3 2072 1759 1760
3 2072 2071 1759
3 1760 1762 2072
3 2072 1762 2073
3 2076 2075 2074
3 2064 2076 2074
3 1763 2064 2074
3 1752 2064 1763
3 1765 2078 2077
3 2073 1765 2077
3 1762 1765 2073
3 2078 2079 2077
3 2074 2075 1767
3 2075 1766 1767
3 2075 2080 1766
3 2074 1767 1763
3 1768 2081 2078
3 1768 2078 1765
3 2079 2078 2082
3 2082 2078 2081
3 1769 1766 2083
3 1766 2084 2083
3 1766 2080 2084
3 2083 1771 1769
3 1772 2085 2081
3 1772 2081 1768
3 2082 2081 2086
3 2086 2081 2085
3 2084 2087 2083
3 1771 2083 2087
3 2088 1771 2087
3 1773 1771 2088
3 1775 2089 2085
3 1775 2085 1772
3 2086 2085 2090
3 2090 2085 2089
3 2093 2092 2091
3 2088 2093 2091
3 1777 2088 2091
3 1773 2088 1777
3 1783 2094 2089
3 1783 2089 1775
3 2090 2089 2095
3 2095 2089 2094
3 2091 2092 2096
3 2096 2092 2097
3 2096 1785 1777
3 2096 1777 2091
3 1788 2098 1789
3 2099 1790 1789
3 2099 1789 2098
3 2099 1792 1790
3 1794 2094 1783
3 2101 2100 1796
3 1796 2100 1794
3 2100 2095 1794
3 2095 2094 1794
3 2101 2102 2100
3 2096 2097 2103
3 2103 2097 2104
3 2103 1798 1785
3 2103 1785 2096
3 1801 2105 1802
3 2098 1788 1802
3 2105 2098 1802
3 2106 2098 2105
3 2098 2107 2099
3 2098 2106 2107
3 2108 1803 1792
3 2099 2108 1792
3 2107 2108 2099
3 2108 1805 1803
3 1807 2109 2101
3 1807 2101 1796
3 2102 2101 2110
3 2110 2101 2109
3 2103 2104 2111
3 2111 2104 2112
3 2111 1809 1798
3 2111 1798 2103
3 1812 2113 2105
3 1812 2105 1801
3 2105 2114 2106
3 2105 2113 2114
3 2106 2115 2107
3 2106 2114 2115
3 2107 2116 2108
3 2107 2115 2116
3 2116 1814 1805
3 2116 1805 2108
3 1816 2117 2109
3 1816 2109 1807
3 2110 2109 2118
3 2118 2109 2117
3 2112 2119 2111
3 1809 2111 2119
3 2120 1809 2119
3 1818 1809 2120
3 1821 2113 1812
3 2113 1821 1823
3 2121 2113 1823
3 2114 2113 2121
3 2114 2122 2115
3 2114 2121 2122
3 2115 2123 2116
3 2115 2122 2123
3 2123 1825 1814
3 2123 1814 2116
3 1827 2117 1816
3 2125 2124 1829
3 1829 2124 1827
3 2124 2118 1827
3 2118 2117 1827
3 2125 2126 2124
3 2120 1831 1818
3 2127 1831 2120
3 1835 2128 2121
3 1835 2121 1823
3 2121 2129 2122
3 2121 2128 2129
3 2122 2130 2123
3 2122 2129 2130
3 2130 1837 1825
3 2130 1825 2123
3 1840 2131 2125
3 1840 2125 1829
3 2126 2125 2132
3 2132 2125 2131
3 2135 2134 2133
3 2127 2135 2133
3 1842 2127 2133
3 1831 2127 1842
3 1845 2136 1846
3 2128 1835 1846
3 2136 2128 1846
3 2137 2128 2136
3 2139 2129 2138
3 2129 2137 2138
3 2129 2128 2137
3 2141 2140 2139
3 2140 2129 2139
3 2140 2130 2129
3 2142 1847 1837
3 2130 2142 1837
3 2140 2142 2130
3 2142 1849 1847
3 1851 2143 2131
3 1851 2131 1840
3 2132 2131 2144
3 2144 2131 2143
3 2133 2134 2145
3 2145 2134 2146
3 2145 1853 1842
3 2145 1842 2133
3 1856 2147 2136
3 1856 2136 1845
3 2136 2148 2137
3 2136 2147 2148
3 2138 2137 2149
3 2149 2137 2148
3 2141 2150 2140
3 2152 2151 2150
3 2151 2140 2150
3 2151 2142 2140
3 2151 1858 1849
3 2151 1849 2142
3 1860 2153 2143
3 1860 2143 1851
3 2144 2143 2154
3 2154 2143 2153
3 2145 2146 1863
3 2146 1862 1863
3 2146 2155 1862
3 2145 1863 1853
3 1867 2156 2147
3 1867 2147 1856
3 2147 2157 2148
3 2147 2156 2157
3 2149 2148 2158
3 2158 2148 2157
3 2161 2160 2159
3 2161 2159 2152
3 2159 2151 2152
3 2159 2162 2151
3 2162 1869 1858
3 2162 1858 2151
3 1871 2163 2153
3 1871 2153 1860
3 2154 2153 2164
3 2164 2153 2163
3 1872 1862 2165
3 1862 2166 2165
3 1862 2155 2166
3 2165 1874 1872
3 1877 2167 2156
3 1877 2156 1867
3 2156 2168 2157
3 2156 2167 2168
3 2158 2157 2169
3 2169 2157 2168
3 2159 2160 2170
3 2170 2160 2171
3 2170 1879 1880
3 2162 2170 1880
3 2159 2170 2162
3 2162 1880 1869
3 2173 2172 2163
3 1871 2173 2163
3 1883 2173 1871
3 2163 2172 2164
3 2165 2166 2174
3 2174 2166 2175
3 2174 1885 1874
3 2174 1874 2165
3 1888 2176 2167
3 1888 2167 1877
3 2167 2177 2168
3 2167 2176 2177
3 2169 2168 2178
3 2178 2168 2177
3 2170 2171 2179
3 2179 2171 2180
3 2179 1890 1879
3 2179 1879 2170
3 1893 2173 1883
3 1893 2181 2173
3 2174 2175 1896
3 2175 1895 1896
3 2175 2182 1895
3 2174 1896 1885
3 1900 2176 1888
3 2176 1900 1902
3 2183 2176 1902
3 2177 2176 2183
3 2178 2177 2184
3 2184 2177 2183
3 2179 2180 2185
3 2185 2180 2186
3 2185 1904 1890
3 2185 1890 2179
3 1906 2181 1893
3 1906 2187 2181
3 2182 1908 1895
3 2188 1908 2182
3 1913 2189 2183
3 1913 2183 1902
3 2184 2183 2190
3 2183 2191 2190
3 2183 2189 2191
3 2190 2191 2186
3 2191 2185 2186
3 2191 2192 2185
3 2192 1915 1904
3 2192 1904 2185
3 1917 2187 1906
3 1917 2193 2187
3 2188 1919 1908
3 2194 1919 2188
3 1923 2189 1913
3 2189 1923 1925
3 2189 1925 2191
3 2191 1925 1927
3 2191 1927 2192
3 2192 1927 1915
3 1930 2193 1917
3 1930 2195 2193
3 2194 1932 1919
3 2196 1932 2194
3 1937 2195 1930
3 1937 2197 2195
3 2196 1939 1932
3 2198 1939 2196
3 1941 2197 1937
3 1941 2199 2197
3 2198 1943 1939
3 2200 1943 2198
3 1945 2199 1941
3 1945 2201 2199
3 2200 1947 1943
3 2202 1947 2200
3 1948 2201 1945
3 1948 2203 2201
3 2202 1950 1947
3 2204 1950 2202
3 1951 2203 1948
3 1951 2205 2203
3 2208 2207 2206
3 2204 2208 2206
3 1952 2204 2206
3 1950 2204 1952
3 1953 2205 1951
3 1953 2209 2205
3 2206 2207 1956
3 2207 1955 1956
3 2207 2210 1955
3 2206 1956 1952
3 1957 2209 1953
3 1957 2211 2209
3 2210 1958 1955
3 2212 1958 2210
3 2213 2211 1957
3 2213 1957 1959
3 1959 1961 2213
3 2213 1961 2214
3 2216 2215 1964
3 1964 2215 1963
3 1964 1958 2212
3 1964 2212 2216
3 1966 2214 1961
3 1966 2217 2214
3 2220 2219 2218
3 2215 2220 2218
3 1967 2215 2218
3 1963 2215 1967
3 2222 2221 1968
3 2222 1968 1969
3 1966 1968 2217
3 2217 1968 2221
3 2218 2219 1971
3 2219 1970 1971
3 2219 2223 1970
3 2218 1971 1967
3 1972 2222 1969
3 1972 2224 2222
3 2227 2226 2225
3 2223 2227 2225
3 1973 2223 2225
3 1970 2223 1973
3 1975 2224 1972
3 1975 2228 2224
3 2225 2226 1977
3 2226 1976 1977
3 2226 2229 1976
3 2225 1977 1973
3 1978 2228 1975
3 1978 2230 2228
3 2229 1979 1976
3 2231 1979 2229
3 2234 2233 2232
3 2233 2230 2232
3 2230 1980 2232
3 2230 1978 1980
3 2231 1981 1979
3 2235 1981 2231
3 2234 2232 2236
3 2234 2236 2237
3 1982 2236 1980
3 1980 2236 2232
3 2240 2239 2238
3 2235 2240 2238
3 1983 2235 2238
3 1981 2235 1983
3 2237 2236 2241
3 2237 2241 2242
3 1984 2241 1982
3 1982 2241 2236
3 2238 2239 2243
3 2243 2239 2244
3 2243 1985 1983
3 2243 1983 2238
3 2242 2241 1987
3 1988 2242 1987
3 2245 2242 1988
3 1987 2241 1984
3 2243 2244 1991
3 2244 1990 1991
3 2244 2246 1990
3 2243 1991 1985
3 1992 2245 1988
3 1992 2247 2245
3 2246 1994 1990
3 2248 1994 2246
3 1995 2247 1992
3 1995 2249 2247
3 2248 1996 1994
3 2250 1996 2248
3 1997 2249 1995
3 1997 2251 2249
3 2250 1998 1996
3 2252 1998 2250
3 1999 2251 1997
3 1999 2253 2251
3 2252 2000 1998
3 2254 2000 2252
3 2001 2253 1999
3 2001 2255 2253
3 2254 2002 2000
3 2256 2002 2254
3 2003 2255 2001
3 2003 2257 2255
3 2260 2259 2258
3 2256 2260 2258
3 2004 2256 2258
3 2002 2256 2004
3 2262 2261 2005
3 2262 2005 2006
3 2003 2005 2257
3 2257 2005 2261
3 2258 2259 2009
3 2259 2008 2009
3 2259 2263 2008
3 2258 2009 2004
3 2010 2262 2006
3 2010 2264 2262
3 2263 2012 2008
3 2265 2012 2263
3 2013 2264 2010
3 2013 2266 2264
3 2265 2015 2012
3 2267 2015 2265
3 2016 2266 2013
3 2016 2268 2266
3 2267 2018 2015
3 2269 2018 2267
3 2272 2271 2270
3 2271 2268 2270
3 2268 2019 2270
3 2268 2016 2019
3 2269 2021 2018
3 2273 2021 2269
3 2272 2270 2022
3 2023 2272 2022
3 2274 2272 2023
3 2022 2270 2019
3 2273 2025 2021
3 2275 2025 2273
3 2026 2274 2023
3 2026 2276 2274
3 2275 2028 2025
3 2277 2028 2275
3 2029 2276 2026
3 2029 2278 2276
3 2277 2031 2028
3 2279 2031 2277
3 2032 2278 2029
3 2032 2280 2278
3 2283 2282 2281
3 2279 2283 2281
3 2034 2279 2281
3 2031 2279 2034
3 2286 2285 2284
3 2285 2280 2284
3 2280 2036 2284
3 2280 2032 2036
3 2281 2282 2287
3 2287 2282 2288
3 2289 2037 2034
3 2281 2289 2034
3 2287 2289 2281
3 2289 2039 2037
3 2286 2284 2290
3 2286 2290 2291
3 2040 2290 2036
3 2036 2290 2284
3 2288 2292 2287
3 2294 2293 2292
3 2293 2287 2292
3 2293 2289 2287
3 2293 2042 2039
3 2293 2039 2289
3 2291 2290 2045
3 2046 2291 2045
3 2295 2291 2046
3 2045 2290 2040
3 2293 2294 2296
3 2296 2294 2297
3 2298 2047 2042
3 2293 2298 2042
3 2296 2298 2293
3 2298 2049 2047
3 2051 2295 2046
3 2051 2299 2295
3 2296 2297 2300
3 2300 2297 2301
3 2300 2053 2054
3 2298 2300 2054
3 2296 2300 2298
3 2298 2054 2049
3 2057 2299 2051
3 2057 2302 2299
3 2300 2301 2303
3 2303 2301 2304
3 2303 2059 2053
3 2303 2053 2300
3 2061 2302 2057
3 2061 2305 2302
3 2304 2306 2303
3 2059 2303 2306
3 2307 2059 2306
3 2062 2059 2307
3 2063 2305 2061
3 2063 2308 2305
3 2311 2310 2309
3 2064 2065 2309
3 2065 2311 2309
3 2065 2312 2311
3 2313 2065 2066
3 2313 2312 2065
3 2314 2066 2067
3 2314 2313 2066
3 2315 2067 2068
3 2315 2314 2067
3 2316 2068 2069
3 2316 2315 2068
3 2317 2069 2070
3 2317 2316 2069
3 2318 2070 2071
3 2318 2317 2070
3 2319 2071 2072
3 2319 2318 2071
3 2321 2320 2073
3 2320 2072 2073
3 2320 2319 2072
3 2321 2322 2320
3 2309 2310 2076
3 2310 2075 2076
3 2310 2323 2075
3 2309 2076 2064
3 2077 2321 2073
3 2077 2079 2321
3 2079 2322 2321
3 2079 2324 2322
3 2323 2080 2075
3 2325 2080 2323
3 2082 2324 2079
3 2082 2326 2324
3 2325 2084 2080
3 2327 2084 2325
3 2086 2326 2082
3 2086 2328 2326
3 2087 2084 2329
3 2084 2330 2329
3 2084 2327 2330
3 2329 2088 2087
3 2090 2332 2331
3 2328 2090 2331
3 2086 2090 2328
3 2332 2333 2331
3 2329 2330 2093
3 2330 2092 2093
3 2330 2334 2092
3 2329 2093 2088
3 2095 2335 2332
3 2095 2332 2090
3 2333 2332 2336
3 2336 2332 2335
3 2334 2097 2092
3 2337 2097 2334
3 2100 2335 2095
3 2100 2102 2335
3 2102 2336 2335
3 2102 2338 2336
3 2337 2104 2097
3 2339 2104 2337
3 2110 2341 2340
3 2338 2110 2340
3 2102 2110 2338
3 2341 2342 2340
3 2339 2112 2104
3 2343 2112 2339
3 2118 2344 2341
3 2118 2341 2110
3 2342 2341 2345
3 2345 2341 2344
3 2119 2112 2346
3 2112 2347 2346
3 2112 2343 2347
3 2346 2120 2119
3 2124 2344 2118
3 2124 2126 2344
3 2126 2345 2344
3 2126 2348 2345
3 2346 2347 2349
3 2349 2347 2350
3 2349 2127 2120
3 2349 2120 2346
3 2132 2348 2126
3 2132 2351 2348
3 2349 2350 2135
3 2350 2134 2135
3 2350 2352 2134
3 2349 2135 2127
3 2138 2353 2139
3 2353 2141 2139
3 2144 2355 2354
3 2351 2144 2354
3 2132 2144 2351
3 2352 2146 2134
3 2356 2146 2352
3 2149 2357 2353
3 2149 2353 2138
3 2358 2150 2141
3 2353 2358 2141
3 2357 2358 2353
3 2358 2152 2150
3 2360 2359 2355
3 2144 2360 2355
3 2154 2360 2144
3 2356 2155 2146
3 2361 2155 2356
3 2158 2362 2357
3 2158 2357 2149
3 2362 2160 2161
3 2358 2362 2161
3 2357 2362 2358
3 2358 2161 2152
3 2164 2360 2154
3 2164 2363 2360
3 2361 2166 2155
3 2364 2166 2361
3 2169 2365 2362
3 2169 2362 2158
3 2365 2171 2160
3 2365 2160 2362
3 2173 2366 2172
3 2366 2367 2172
3 2367 2164 2172
3 2367 2363 2164
3 2370 2369 2368
3 2364 2370 2368
3 2175 2364 2368
3 2166 2364 2175
3 2178 2371 2365
3 2178 2365 2169
3 2371 2180 2171
3 2371 2171 2365
3 2373 2372 2366
3 2173 2373 2366
3 2181 2373 2173
3 2366 2372 2367
3 2368 2369 2374
3 2374 2369 2375
3 2374 2182 2175
3 2374 2175 2368
3 2184 2376 2371
3 2184 2371 2178
3 2376 2186 2180
3 2376 2180 2371
3 2187 2373 2181
3 2187 2377 2373
3 2374 2375 2378
3 2378 2375 2379
3 2378 2188 2182
3 2378 2182 2374
3 2190 2376 2184
3 2376 2190 2186
3 2193 2377 2187
3 2193 2380 2377
3 2378 2379 2381
3 2381 2379 2382
3 2381 2194 2188
3 2381 2188 2378
3 2195 2380 2193
3 2195 2383 2380
3 2381 2382 2384
3 2384 2382 2385
3 2384 2196 2194
3 2384 2194 2381
3 2197 2383 2195
3 2197 2386 2383
3 2385 2387 2384
3 2196 2384 2387
3 2388 2196 2387
3 2198 2196 2388
3 2199 2386 2197
3 2199 2389 2386
3 2388 2200 2198
3 2390 2200 2388
3 2201 2389 2199
3 2201 2391 2389
3 2390 2202 2200
3 2392 2202 2390
3 2203 2391 2201
3 2203 2393 2391
3 2396 2395 2394
3 2392 2396 2394
3 2204 2392 2394
3 2202 2392 2204
3 2205 2393 2203
3 2205 2397 2393
3 2394 2395 2208
3 2395 2207 2208
3 2395 2398 2207
3 2394 2208 2204
3 2209 2397 2205
3 2209 2399 2397
3 2398 2210 2207
3 2400 2210 2398
3 2211 2399 2209
3 2211 2401 2399
3 2400 2212 2210
3 2402 2212 2400
3 2211 2213 2403
3 2404 2211 2403
3 2401 2211 2404
3 2214 2403 2213
3 2406 2405 2216
3 2216 2405 2215
3 2216 2212 2402
3 2216 2402 2406
3 2404 2403 2407
3 2404 2407 2408
3 2217 2407 2214
3 2214 2407 2403
3 2410 2409 2220
3 2220 2409 2219
3 2220 2215 2405
3 2220 2405 2410
3 2408 2407 2221
3 2222 2408 2221
3 2411 2408 2222
3 2221 2407 2217
3 2409 2223 2219
3 2412 2223 2409
3 2415 2414 2413
3 2414 2411 2413
3 2411 2224 2413
3 2411 2222 2224
3 2417 2416 2227
3 2227 2416 2226
3 2227 2223 2412
3 2227 2412 2417
3 2415 2413 2418
3 2415 2418 2419
3 2228 2418 2224
3 2224 2418 2413
3 2416 2229 2226
3 2420 2229 2416
3 2419 2418 2421
3 2419 2421 2422
3 2230 2421 2228
3 2228 2421 2418
3 2420 2231 2229
3 2423 2231 2420
3 2422 2421 2233
3 2234 2422 2233
3 2424 2422 2234
3 2233 2421 2230
3 2423 2235 2231
3 2425 2235 2423
3 2237 2424 2234
3 2237 2426 2424
3 2428 2427 2240
3 2240 2427 2239
3 2240 2235 2425
3 2240 2425 2428
3 2242 2426 2237
3 2242 2429 2426
3 2427 2244 2239
3 2430 2244 2427
3 2245 2429 2242
3 2245 2431 2429
3 2430 2246 2244
3 2432 2246 2430
3 2247 2431 2245
3 2247 2433 2431
3 2432 2248 2246
3 2434 2248 2432
3 2249 2433 2247
3 2249 2435 2433
3 2434 2250 2248
3 2436 2250 2434
3 2251 2435 2249
3 2251 2437 2435
3 2436 2252 2250
3 2438 2252 2436
3 2253 2437 2251
3 2253 2439 2437
3 2438 2254 2252
3 2440 2254 2438
3 2255 2439 2253
3 2255 2441 2439
3 2440 2256 2254
3 2442 2256 2440
3 2257 2441 2255
3 2257 2443 2441
3 2445 2444 2260
3 2260 2444 2259
3 2260 2256 2442
3 2260 2442 2445
3 2447 2446 2261
3 2447 2261 2262
3 2257 2261 2443
3 2443 2261 2446
3 2444 2263 2259
3 2448 2263 2444
3 2264 2447 2262
3 2264 2449 2447
3 2448 2265 2263
3 2450 2265 2448
3 2266 2449 2264
3 2266 2451 2449
3 2450 2267 2265
3 2452 2267 2450
3 2268 2451 2266
3 2268 2453 2451
3 2452 2269 2267
3 2454 2269 2452
3 2456 2455 2271
3 2456 2271 2272
3 2268 2271 2453
3 2453 2271 2455
3 2454 2273 2269
3 2457 2273 2454
3 2274 2456 2272
3 2274 2458 2456
3 2461 2460 2459
3 2457 2461 2459
3 2275 2457 2459
3 2273 2457 2275
3 2276 2458 2274
3 2276 2462 2458
3 2459 2460 2463
3 2463 2460 2464
3 2463 2277 2275
3 2463 2275 2459
3 2278 2462 2276
3 2278 2465 2462
3 2463 2464 2466
3 2466 2464 2467
3 2466 2279 2277
3 2466 2277 2463
3 2470 2469 2468
3 2469 2465 2468
3 2465 2280 2468
3 2465 2278 2280
3 2466 2467 2283
3 2467 2282 2283
3 2467 2471 2282
3 2466 2283 2279
3 2470 2468 2285
3 2286 2470 2285
3 2472 2470 2286
3 2285 2468 2280
3 2475 2474 2473
3 2471 2475 2473
3 2288 2471 2473
3 2282 2471 2288
3 2291 2472 2286
3 2291 2476 2472
3 2473 2474 2477
3 2477 2474 2478
3 2479 2292 2288
3 2473 2479 2288
3 2477 2479 2473
3 2479 2294 2292
3 2295 2476 2291
3 2295 2480 2476
3 2478 2481 2477
3 2483 2482 2481
3 2482 2477 2481
3 2482 2479 2477
3 2482 2297 2294
3 2482 2294 2479
3 2299 2480 2295
3 2299 2484 2480
3 2483 2485 2482
3 2297 2482 2485
3 2486 2297 2485
3 2301 2297 2486
3 2302 2484 2299
3 2302 2487 2484
3 2486 2304 2301
3 2488 2304 2486
3 2305 2487 2302
3 2305 2489 2487
3 2488 2490 2304
3 2304 2490 2306
3 2307 2306 2490
3 2307 2490 2491
3 2308 2489 2305
3 2308 2492 2489
3 2494 2493 2311
3 2311 2493 2310
3 2495 2311 2312
3 2495 2494 2311
3 2496 2312 2313
3 2496 2495 2312
3 2497 2313 2314
3 2497 2496 2313
3 2498 2314 2315
3 2498 2497 2314
3 2499 2315 2316
3 2499 2498 2315
3 2500 2316 2317
3 2500 2499 2316
3 2501 2317 2318
3 2501 2500 2317
3 2502 2318 2319
3 2502 2501 2318
3 2503 2319 2320
3 2503 2502 2319
3 2320 2322 2503
3 2503 2322 2504
3 2507 2506 2505
3 2493 2507 2505
3 2323 2493 2505
3 2310 2493 2323
3 2324 2504 2322
3 2324 2508 2504
3 2505 2506 2509
3 2509 2506 2510
3 2509 2325 2323
3 2509 2323 2505
3 2326 2508 2324
3 2326 2511 2508
3 2509 2510 2512
3 2512 2510 2513
3 2512 2327 2325
3 2512 2325 2509
3 2328 2515 2514
3 2511 2328 2514
3 2326 2328 2511
3 2515 2516 2514
3 2512 2513 2517
3 2517 2513 2518
3 2517 2330 2327
3 2517 2327 2512
3 2331 2515 2328
3 2331 2333 2515
3 2333 2516 2515
3 2333 2519 2516
3 2518 2520 2517
3 2330 2517 2520
3 2521 2330 2520
3 2334 2330 2521
3 2336 2519 2333
3 2336 2522 2519
3 2521 2337 2334
3 2523 2337 2521
3 2338 2525 2524
3 2522 2338 2524
3 2336 2338 2522
3 2525 2526 2524
3 2523 2339 2337
3 2527 2339 2523
3 2340 2525 2338
3 2340 2342 2525
3 2342 2526 2525
3 2342 2528 2526
3 2527 2343 2339
3 2529 2343 2527
3 2345 2528 2342
3 2345 2530 2528
3 2529 2347 2343
3 2531 2347 2529
3 2348 2533 2532
3 2530 2348 2532
3 2345 2348 2530
3 2531 2350 2347
3 2534 2350 2531
3 2351 2535 2533
3 2351 2533 2348
3 2534 2352 2350
3 2536 2352 2534
3 2354 2535 2351
3 2536 2356 2352
3 2537 2356 2536
3 2539 2538 2359
3 2539 2359 2360
3 2537 2361 2356
3 2540 2361 2537
3 2363 2539 2360
3 2363 2541 2539
3 2544 2543 2542
3 2540 2544 2542
3 2364 2540 2542
3 2361 2540 2364
3 2367 2541 2363
3 2367 2545 2541
3 2542 2543 2370
3 2543 2369 2370
3 2543 2546 2369
3 2542 2370 2364
3 2548 2547 2372
3 2548 2372 2373
3 2367 2372 2545
3 2545 2372 2547
3 2546 2375 2369
3 2549 2375 2546
3 2377 2548 2373
3 2377 2550 2548
3 2549 2379 2375
3 2551 2379 2549
3 2380 2550 2377
3 2380 2552 2550
3 2551 2382 2379
3 2553 2382 2551
3 2383 2552 2380
3 2383 2554 2552
3 2553 2385 2382
3 2555 2385 2553
3 2386 2554 2383
3 2386 2556 2554
3 2555 2557 2385
3 2385 2557 2387
3 2388 2387 2557
3 2388 2557 2558
3 2389 2556 2386
3 2389 2559 2556
3 2558 2390 2388
3 2560 2390 2558
3 2391 2559 2389
3 2391 2561 2559
3 2560 2392 2390
3 2562 2392 2560
3 2393 2561 2391
3 2393 2563 2561
3 2565 2564 2396
3 2396 2564 2395
3 2396 2392 2562
3 2396 2562 2565
3 2397 2563 2393
3 2397 2566 2563
3 2564 2398 2395
3 2567 2398 2564
3 2399 2566 2397
3 2399 2568 2566
3 2567 2400 2398
3 2569 2400 2567
3 2401 2568 2399
3 2401 2570 2568
3 2573 2572 2571
3 2569 2573 2571
3 2402 2569 2571
3 2400 2569 2402
3 2404 2570 2401
3 2404 2574 2570
3 2571 2572 2406
3 2572 2405 2406
3 2572 2575 2405
3 2571 2406 2402
3 2408 2574 2404
3 2408 2576 2574
3 2578 2577 2410
3 2410 2577 2409
3 2410 2405 2575
3 2410 2575 2578
3 2581 2580 2579
3 2580 2576 2579
3 2576 2411 2579
3 2576 2408 2411
3 2577 2412 2409
3 2582 2412 2577
3 2581 2579 2414
3 2415 2581 2414
3 2583 2581 2415
3 2414 2579 2411
3 2585 2584 2417
3 2417 2584 2416
3 2417 2412 2582
3 2417 2582 2585
3 2419 2583 2415
3 2419 2586 2583
3 2584 2420 2416
3 2587 2420 2584
3 2422 2586 2419
3 2422 2588 2586
3 2587 2423 2420
3 2589 2423 2587
3 2424 2588 2422
3 2424 2590 2588
3 2589 2425 2423
3 2591 2425 2589
3 2426 2590 2424
3 2426 2592 2590
3 2594 2593 2428
3 2428 2593 2427
3 2428 2425 2591
3 2428 2591 2594
3 2429 2592 2426
3 2429 2595 2592
3 2593 2430 2427
3 2596 2430 2593
3 2431 2595 2429
3 2431 2597 2595
3 2596 2432 2430
3 2598 2432 2596
3 2433 2597 2431
3 2433 2599 2597
3 2598 2434 2432
3 2600 2434 2598
3 2435 2599 2433
3 2435 2601 2599
3 2600 2436 2434
3 2602 2436 2600
3 2437 2601 2435
3 2437 2603 2601
3 2602 2438 2436
3 2604 2438 2602
3 2439 2603 2437
3 2439 2605 2603
3 2604 2440 2438
3 2606 2440 2604
3 2441 2605 2439
3 2441 2607 2605
3 2606 2442 2440
3 2608 2442 2606
3 2611 2610 2609
3 2610 2607 2609
3 2607 2443 2609
3 2607 2441 2443
3 2613 2612 2445
3 2445 2612 2444
3 2445 2442 2608
3 2445 2608 2613
3 2611 2609 2446
3 2447 2611 2446
3 2614 2611 2447
3 2446 2609 2443
3 2612 2448 2444
3 2615 2448 2612
3 2449 2614 2447
3 2449 2616 2614
3 2615 2450 2448
3 2617 2450 2615
3 2451 2616 2449
3 2451 2618 2616
3 2617 2452 2450
3 2619 2452 2617
3 2622 2621 2620
3 2621 2618 2620
3 2618 2453 2620
3 2618 2451 2453
3 2619 2454 2452
3 2623 2454 2619
3 2622 2620 2455
3 2456 2622 2455
3 2624 2622 2456
3 2455 2620 2453
3 2623 2457 2454
3 2625 2457 2623
3 2458 2624 2456
3 2458 2626 2624
3 2628 2627 2461
3 2461 2627 2460
3 2461 2457 2625
3 2461 2625 2628
3 2462 2626 2458
3 2462 2629 2626
3 2627 2464 2460
3 2630 2464 2627
3 2633 2632 2631
3 2632 2629 2631
3 2629 2465 2631
3 2629 2462 2465
3 2636 2635 2634
3 2630 2636 2634
3 2467 2630 2634
3 2464 2630 2467
3 2633 2631 2469
3 2470 2633 2469
3 2637 2633 2470
3 2469 2631 2465
3 2634 2635 2638
3 2638 2635 2639
3 2638 2471 2467
3 2638 2467 2634
3 2472 2637 2470
3 2472 2640 2637
3 2643 2642 2641
3 2643 2641 2639
3 2639 2641 2638
3 2641 2474 2638
3 2474 2475 2638
3 2638 2475 2471
3 2476 2640 2472
3 2476 2644 2640
3 2641 2642 2645
3 2645 2642 2646
3 2645 2478 2474
3 2645 2474 2641
3 2480 2644 2476
3 2480 2647 2644
3 2646 2648 2645
3 2645 2648 2478
3 2648 2481 2478
3 2648 2649 2481
3 2483 2481 2649
3 2483 2649 2650
3 2484 2647 2480
3 2484 2651 2647
3 2650 2652 2483
3 2483 2652 2485
3 2486 2485 2652
3 2486 2652 2653
3 2487 2651 2484
3 2487 2654 2651
3 2653 2488 2486
3 2655 2488 2653
3 2489 2654 2487
3 2489 2656 2654
3 2655 2657 2488
3 2488 2657 2490
3 2491 2490 2657
3 2491 2657 2658
3 2492 2656 2489
3 2492 2659 2656
3 2662 2661 2660
3 2493 2494 2660
3 2494 2662 2660
3 2494 2663 2662
3 2664 2494 2495
3 2664 2663 2494
3 2665 2495 2496
3 2665 2664 2495
3 2666 2496 2497
3 2666 2665 2496
3 2667 2497 2498
3 2667 2666 2497
3 2668 2498 2499
3 2668 2667 2498
3 2669 2499 2500
3 2669 2668 2499
3 2670 2500 2501
3 2670 2669 2500
3 2671 2501 2502
3 2671 2670 2501
3 2672 2502 2503
3 2672 2671 2502
3 2503 2504 2672
3 2672 2504 2673
3 2660 2661 2507
3 2661 2506 2507
3 2661 2674 2506
3 2660 2507 2493
3 2508 2673 2504
3 2508 2675 2673
3 2674 2510 2506
3 2676 2510 2674
3 2511 2675 2508
3 2511 2677 2675
3 2676 2513 2510
3 2678 2513 2676
3 2679 2677 2511
3 2679 2511 2514
3 2514 2516 2679
3 2679 2516 2680
3 2678 2518 2513
3 2681 2518 2678
3 2519 2680 2516
3 2519 2682 2680
3 2520 2518 2683
3 2518 2684 2683
3 2518 2681 2684
3 2683 2521 2520
3 2522 2682 2519
3 2522 2685 2682
3 2684 2686 2683
3 2521 2683 2686
3 2687 2521 2686
3 2523 2521 2687
3 2688 2685 2522
3 2688 2522 2524
3 2524 2526 2688
3 2688 2526 2689
3 2687 2527 2523
3 2690 2527 2687
3 2528 2689 2526
3 2528 2691 2689
3 2690 2529 2527
3 2692 2529 2690
3 2530 2691 2528
3 2530 2693 2691
3 2692 2531 2529
3 2694 2531 2692
3 2695 2693 2530
3 2695 2530 2532
3 2694 2534 2531
3 2696 2534 2694
3 2696 2536 2534
3 2697 2536 2696
3 2700 2699 2698
3 2697 2537 2536
3 2701 2537 2697
3 2700 2698 2538
3 2539 2700 2538
3 2702 2700 2539
3 2701 2540 2537
3 2703 2540 2701
3 2541 2702 2539
3 2541 2704 2702
3 2706 2705 2544
3 2544 2705 2543
3 2544 2540 2703
3 2544 2703 2706
3 2709 2708 2707
3 2708 2704 2707
3 2704 2545 2707
3 2704 2541 2545
3 2705 2546 2543
3 2710 2546 2705
3 2709 2707 2547
3 2548 2709 2547
3 2711 2709 2548
3 2547 2707 2545
3 2710 2549 2546
3 2712 2549 2710
3 2550 2711 2548
3 2550 2713 2711
3 2712 2551 2549
3 2714 2551 2712
3 2552 2713 2550
3 2552 2715 2713
3 2714 2553 2551
3 2716 2553 2714
3 2719 2718 2717
3 2718 2715 2717
3 2715 2554 2717
3 2715 2552 2554
3 2716 2555 2553
3 2720 2555 2716
3 2719 2717 2721
3 2719 2721 2722
3 2556 2721 2554
3 2554 2721 2717
3 2720 2723 2555
3 2555 2723 2557
3 2558 2557 2723
3 2558 2723 2724
3 2722 2721 2725
3 2722 2725 2726
3 2559 2725 2556
3 2556 2725 2721
3 2724 2560 2558
3 2727 2560 2724
3 2726 2725 2728
3 2726 2728 2729
3 2561 2728 2559
3 2559 2728 2725
3 2727 2562 2560
3 2730 2562 2727
3 2729 2728 2731
3 2729 2731 2732
3 2563 2731 2561
3 2561 2731 2728
3 2733 2564 2565
3 2734 2733 2565
3 2562 2734 2565
3 2730 2734 2562
3 2732 2731 2735
3 2732 2735 2736
3 2566 2735 2563
3 2563 2735 2731
3 2738 2737 2733
3 2737 2564 2733
3 2737 2567 2564
3 2738 2733 2734
3 2739 2736 2735
3 2735 2566 2739
3 2566 2740 2739
3 2566 2568 2740
3 2737 2569 2567
3 2741 2569 2737
3 2570 2740 2568
3 2570 2742 2740
3 2743 2572 2573
3 2744 2743 2573
3 2569 2744 2573
3 2741 2744 2569
3 2747 2746 2745
3 2746 2742 2745
3 2742 2574 2745
3 2742 2570 2574
3 2749 2748 2743
3 2748 2572 2743
3 2748 2575 2572
3 2749 2743 2744
3 2747 2745 2750
3 2747 2750 2751
3 2576 2750 2574
3 2574 2750 2745
3 2753 2752 2578
3 2578 2752 2577
3 2578 2575 2748
3 2578 2748 2753
3 2751 2750 2580
3 2581 2751 2580
3 2754 2751 2581
3 2580 2750 2576
3 2752 2582 2577
3 2755 2582 2752
3 2583 2754 2581
3 2583 2756 2754
3 2757 2584 2585
3 2758 2757 2585
3 2582 2758 2585
3 2755 2758 2582
3 2761 2760 2759
3 2760 2756 2759
3 2756 2586 2759
3 2756 2583 2586
3 2763 2762 2757
3 2762 2584 2757
3 2762 2587 2584
3 2763 2757 2758
3 2764 2761 2759
3 2759 2586 2764
3 2586 2765 2764
3 2586 2588 2765
3 2762 2589 2587
3 2766 2589 2762
3 2590 2765 2588
3 2590 2767 2765
3 2766 2591 2589
3 2768 2591 2766
3 2592 2767 2590
3 2592 2769 2767
3 2771 2770 2594
3 2594 2770 2593
3 2594 2591 2768
3 2594 2768 2771
3 2595 2769 2592
3 2595 2772 2769
3 2770 2596 2593
3 2773 2596 2770
3 2597 2772 2595
3 2597 2774 2772
3 2773 2598 2596
3 2775 2598 2773
3 2599 2774 2597
3 2599 2776 2774
3 2775 2600 2598
3 2777 2600 2775
3 2601 2776 2599
3 2601 2778 2776
3 2777 2602 2600
3 2779 2602 2777
3 2603 2778 2601
3 2603 2780 2778
3 2779 2604 2602
3 2781 2604 2779
3 2605 2780 2603
3 2605 2782 2780
3 2781 2606 2604
3 2783 2606 2781
3 2786 2785 2784
3 2785 2782 2784
3 2782 2607 2784
3 2782 2605 2607
3 2783 2608 2606
3 2787 2608 2783
3 2786 2784 2610
3 2611 2786 2610
3 2788 2786 2611
3 2610 2784 2607
3 2790 2789 2613
3 2613 2789 2612
3 2613 2608 2787
3 2613 2787 2790
3 2793 2792 2791
3 2794 2791 2792
3 2614 2788 2611
3 2614 2795 2788
3 2789 2615 2612
3 2796 2615 2789
3 2797 2793 2791
3 2797 2791 2794
3 2616 2795 2614
3 2616 2798 2795
3 2796 2617 2615
3 2799 2617 2796
3 2618 2798 2616
3 2618 2800 2798
3 2799 2619 2617
3 2801 2619 2799
3 2803 2802 2621
3 2803 2621 2622
3 2618 2621 2800
3 2800 2621 2802
3 2801 2623 2619
3 2804 2623 2801
3 2624 2803 2622
3 2624 2805 2803
3 2808 2807 2806
3 2804 2808 2806
3 2625 2804 2806
3 2623 2804 2625
3 2626 2805 2624
3 2626 2809 2805
3 2806 2807 2628
3 2807 2627 2628
3 2807 2810 2627
3 2806 2628 2625
3 2813 2812 2811
3 2812 2809 2811
3 2809 2629 2811
3 2809 2626 2629
3 2810 2630 2627
3 2814 2630 2810
3 2813 2811 2632
3 2633 2813 2632
3 2815 2813 2633
3 2632 2811 2629
3 2817 2816 2636
3 2636 2816 2635
3 2636 2630 2814
3 2636 2814 2817
3 2637 2815 2633
3 2637 2818 2815
3 2821 2820 2819
3 2816 2821 2819
3 2639 2816 2819
3 2635 2816 2639
3 2640 2818 2637
3 2640 2822 2818
3 2819 2820 2643
3 2820 2642 2643
3 2820 2823 2642
3 2819 2643 2639
3 2644 2822 2640
3 2644 2824 2822
3 2823 2646 2642
3 2825 2646 2823
3 2647 2824 2644
3 2647 2826 2824
3 2825 2827 2646
3 2646 2827 2648
3 2648 2828 2649
3 2827 2828 2648
3 2650 2649 2828
3 2650 2828 2829
3 2651 2826 2647
3 2651 2830 2826
3 2829 2831 2650
3 2650 2831 2652
3 2653 2652 2831
3 2653 2831 2832
3 2654 2830 2651
3 2654 2833 2830
3 2835 2655 2834
3 2655 2832 2834
3 2655 2653 2832
3 2836 2835 2834
3 2656 2833 2654
3 2656 2837 2833
3 2835 2657 2655
3 2658 2657 2835
3 2836 2658 2835
3 2838 2658 2836
3 2659 2837 2656
3 2659 2839 2837
3 2840 2661 2662
3 2840 2662 2841
3 2662 2842 2841
3 2662 2663 2842
3 2843 2663 2664
3 2843 2842 2663
3 2844 2664 2665
3 2844 2843 2664
3 2845 2665 2666
3 2845 2844 2665
3 2846 2666 2667
3 2846 2845 2666
3 2847 2667 2668
3 2847 2846 2667
3 2848 2668 2669
3 2848 2847 2668
3 2849 2669 2670
3 2849 2848 2669
3 2850 2670 2671
3 2850 2849 2670
3 2852 2850 2851
3 2850 2672 2851
3 2850 2671 2672
3 2673 2851 2672
3 2854 2853 2840
3 2853 2661 2840
3 2853 2674 2661
3 2854 2840 2841
3 2855 2852 2851
3 2851 2673 2855
3 2673 2856 2855
3 2673 2675 2856
3 2853 2676 2674
3 2857 2676 2853
3 2677 2856 2675
3 2677 2858 2856
3 2857 2678 2676
3 2859 2678 2857
3 2677 2679 2860
3 2861 2677 2860
3 2858 2677 2861
3 2680 2860 2679
3 2859 2681 2678
3 2862 2681 2859
3 2863 2861 2860
3 2860 2680 2863
3 2680 2864 2863
3 2680 2682 2864
3 2866 2684 2865
3 2684 2862 2865
3 2684 2681 2862
3 2867 2866 2865
3 2685 2864 2682
3 2685 2868 2864
3 2866 2686 2684
3 2687 2686 2866
3 2867 2687 2866
3 2869 2687 2867
3 2870 2868 2685
3 2870 2685 2688
3 2688 2689 2870
3 2870 2689 2871
3 2869 2690 2687
3 2872 2690 2869
3 2691 2871 2689
3 2691 2873 2871
3 2872 2692 2690
3 2874 2692 2872
3 2693 2873 2691
3 2693 2875 2873
3 2874 2694 2692
3 2876 2694 2874
3 2877 2875 2693
3 2877 2693 2695
3 2876 2696 2694
3 2878 2696 2876
3 2878 2697 2696
3 2879 2697 2878
3 2881 2880 2699
3 2881 2699 2700
3 2879 2701 2697
3 2882 2701 2879
3 2702 2881 2700
3 2702 2883 2881
3 2882 2703 2701
3 2884 2703 2882
3 2887 2886 2885
3 2886 2883 2885
3 2883 2704 2885
3 2883 2702 2704
3 2889 2888 2706
3 2706 2888 2705
3 2706 2703 2884
3 2706 2884 2889
3 2887 2885 2708
3 2709 2887 2708
3 2890 2887 2709
3 2708 2885 2704
3 2892 2710 2891
3 2710 2888 2891
3 2710 2705 2888
3 2893 2892 2891
3 2711 2890 2709
3 2711 2894 2890
3 2895 2712 2892
3 2892 2712 2710
3 2892 2893 2896
3 2892 2896 2895
3 2899 2898 2897
3 2898 2894 2897
3 2894 2713 2897
3 2894 2711 2713
3 2900 2714 2895
3 2895 2714 2712
3 2895 2896 2901
3 2895 2901 2900
3 2899 2897 2902
3 2899 2902 2903
3 2715 2902 2713
3 2713 2902 2897
3 2904 2716 2900
3 2900 2716 2714
3 2900 2901 2905
3 2900 2905 2904
3 2903 2902 2718
3 2719 2903 2718
3 2906 2903 2719
3 2718 2902 2715
3 2907 2720 2904
3 2904 2720 2716
3 2904 2905 2908
3 2904 2908 2907
3 2722 2906 2719
3 2722 2909 2906
3 2907 2723 2720
3 2724 2723 2907
3 2908 2724 2907
3 2910 2724 2908
3 2726 2909 2722
3 2726 2911 2909
3 2910 2727 2724
3 2912 2727 2910
3 2729 2911 2726
3 2729 2913 2911
3 2912 2730 2727
3 2914 2730 2912
3 2917 2916 2915
3 2916 2913 2915
3 2913 2732 2915
3 2913 2729 2732
3 2914 2734 2730
3 2918 2734 2914
3 2919 2917 2915
3 2915 2732 2919
3 2732 2920 2919
3 2732 2736 2920
3 2921 2737 2738
3 2922 2921 2738
3 2734 2922 2738
3 2918 2922 2734
3 2736 2739 2923
3 2924 2736 2923
3 2920 2736 2924
3 2740 2923 2739
3 2926 2925 2921
3 2925 2737 2921
3 2925 2741 2737
3 2926 2921 2922
3 2924 2923 2927
3 2924 2927 2928
3 2742 2927 2740
3 2740 2927 2923
3 2925 2744 2741
3 2929 2744 2925
3 2932 2931 2930
3 2930 2931 2928
3 2930 2928 2927
3 2747 2930 2927
3 2746 2747 2927
3 2746 2927 2742
3 2934 2933 2749
3 2749 2933 2748
3 2749 2744 2929
3 2749 2929 2934
3 2932 2930 2935
3 2932 2935 2936
3 2751 2935 2747
3 2747 2935 2930
3 2937 2752 2753
3 2938 2937 2753
3 2748 2938 2753
3 2933 2938 2748
3 2936 2935 2939
3 2936 2939 2940
3 2754 2939 2751
3 2751 2939 2935
3 2942 2941 2937
3 2941 2752 2937
3 2941 2755 2752
3 2942 2937 2938
3 2940 2939 2943
3 2940 2943 2944
3 2756 2943 2754
3 2754 2943 2939
3 2941 2758 2755
3 2945 2758 2941
3 2944 2943 2760
3 2761 2944 2760
3 2946 2944 2761
3 2760 2943 2756
3 2947 2762 2763
3 2948 2947 2763
3 2758 2948 2763
3 2945 2948 2758
3 2761 2764 2949
3 2950 2761 2949
3 2946 2761 2950
3 2765 2949 2764
3 2952 2951 2947
3 2951 2762 2947
3 2951 2766 2762
3 2952 2947 2948
3 2950 2949 2953
3 2950 2953 2954
3 2767 2953 2765
3 2765 2953 2949
3 2951 2768 2766
3 2955 2768 2951
3 2954 2953 2956
3 2954 2956 2957
3 2769 2956 2767
3 2767 2956 2953
3 2958 2770 2771
3 2959 2958 2771
3 2768 2959 2771
3 2955 2959 2768
3 2957 2956 2960
3 2957 2960 2961
3 2772 2960 2769
3 2769 2960 2956
3 2962 2773 2958
3 2958 2773 2770
3 2958 2959 2963
3 2958 2963 2962
3 2966 2965 2964
3 2967 2964 2965
3 2961 2960 2968
3 2961 2968 2969
3 2774 2968 2772
3 2772 2968 2960
3 2970 2775 2962
3 2962 2775 2773
3 2962 2963 2971
3 2962 2971 2970
3 2966 2964 2972
3 2966 2972 2973
3 2964 2967 2974
3 2975 2964 2974
3 2972 2964 2975
3 2976 2975 2974
3 2969 2968 2977
3 2969 2977 2978
3 2776 2977 2774
3 2774 2977 2968
3 2980 2979 2970
3 2979 2775 2970
3 2979 2777 2775
3 2980 2970 2971
3 2973 2972 2981
3 2973 2981 2982
3 2983 2972 2975
3 2981 2972 2983
3 2975 2976 2984
3 2975 2984 2983
3 2978 2977 2985
3 2978 2985 2986
3 2778 2985 2776
3 2776 2985 2977
3 2979 2779 2777
3 2987 2779 2979
3 2982 2981 2988
3 2982 2988 2989
3 2990 2981 2983
3 2988 2981 2990
3 2983 2984 2991
3 2992 2983 2991
3 2990 2983 2992
3 2992 2991 2986
3 2985 2992 2986
3 2993 2992 2985
3 2780 2993 2778
3 2778 2993 2985
3 2987 2781 2779
3 2994 2781 2987
3 2989 2988 2995
3 2989 2995 2996
3 2997 2988 2990
3 2995 2988 2997
3 2998 2990 2992
3 2997 2990 2998
3 2999 2992 2993
3 2998 2992 2999
3 2782 2999 2780
3 2780 2999 2993
3 2994 2783 2781
3 3000 2783 2994
3 2996 2995 3001
3 2996 3001 3002
3 3003 2995 2997
3 3001 2995 3003
3 2998 3005 3004
3 3003 2998 3004
3 2997 2998 3003
3 2786 3006 2785
3 3006 2998 2785
3 2998 2999 2785
3 3006 3005 2998
3 2785 2999 2782
3 3000 2787 2783
3 3007 2787 3000
3 3002 3001 3008
3 3002 3008 3009
3 3010 3001 3003
3 3008 3001 3010
3 3003 3004 3011
3 3012 3003 3011
3 3010 3003 3012
3 3011 3006 3012
3 3006 2788 3012
3 3006 2786 2788
3 3013 2789 2790
3 3014 3013 2790
3 2787 3014 2790
3 3007 3014 2787
3 3009 3008 3015
3 3009 3015 3016
3 2793 3015 2792
3 3015 3010 2792
3 3015 3008 3010
3 2792 3010 2794
3 3010 3017 2794
3 3010 3012 3017
3 2795 3017 2788
3 2788 3017 3012
3 3019 3018 3013
3 3018 2789 3013
3 3018 2796 2789
3 3019 3013 3014
3 3016 3015 3020
3 3016 3020 3021
3 2797 3022 2793
3 3022 3015 2793
3 3022 3020 3015
3 2794 3017 2797
3 3017 3022 2797
3 3017 3023 3022
3 2798 3023 2795
3 2795 3023 3017
3 3018 2799 2796
3 3024 2799 3018
3 3025 3021 3020
3 3025 3020 3022
3 3025 3022 3026
3 3028 3027 3026
3 3022 3028 3026
3 3023 3028 3022
3 2800 3028 2798
3 2798 3028 3023
3 3024 2801 2799
3 3029 2801 3024
3 3027 3028 2802
3 2803 3027 2802
3 3030 3027 2803
3 2802 3028 2800
3 3029 2804 2801
3 3031 2804 3029
3 3034 3033 3032
3 3033 3030 3032
3 3030 2805 3032
3 3030 2803 2805
3 3035 2807 2808
3 3036 3035 2808
3 2804 3036 2808
3 3031 3036 2804
3 3034 3032 3037
3 3034 3037 3038
3 2809 3037 2805
3 2805 3037 3032
3 3040 3039 3035
3 3039 2807 3035
3 3039 2810 2807
3 3040 3035 3036
3 3038 3037 2812
3 2813 3038 2812
3 3041 3038 2813
3 2812 3037 2809
3 3039 2814 2810
3 3042 2814 3039
3 2815 3041 2813
3 2815 3043 3041
3 3045 3044 2817
3 2817 3044 2816
3 2817 2814 3042
3 2817 3042 3045
3 2818 3043 2815
3 2818 3046 3043
3 3048 3047 2821
3 2821 3047 2820
3 2821 2816 3044
3 2821 3044 3048
3 2822 3046 2818
3 2822 3049 3046
3 3047 2823 2820
3 3050 2823 3047
3 3053 3052 3051
3 3052 3049 3051
3 3049 2824 3051
3 3049 2822 2824
3 3050 2825 2823
3 3054 2825 3050
3 3055 3053 3051
3 3051 2824 3055
3 2824 3056 3055
3 2824 2826 3056
3 3054 3057 2825
3 2825 3057 2827
3 2827 3058 2828
3 3057 3058 2827
3 3060 3059 2829
3 2828 3060 2829
3 3058 3060 2828
3 3061 3059 3060
3 3064 3063 3062
3 3063 3056 3062
3 3056 2830 3062
3 3056 2826 2830
3 3059 2831 2829
3 2832 2831 3059
3 3061 2832 3059
3 3065 2832 3061
3 3066 3064 3062
3 3062 2830 3066
3 2830 3067 3066
3 2830 2833 3067
3 3065 3068 2832
3 2832 3068 2834
3 2836 2834 3068
3 2836 3068 3069
3 2837 3067 2833
3 2837 3070 3067
3 3072 2838 3071
3 2838 3069 3071
3 2838 2836 3069
3 3073 3072 3071
3 2839 3070 2837
3 2839 3074 3070
3 3075 2841 2842
3 2843 3076 2842
3 2842 3076 3075
3 3076 2843 3077
3 2843 3078 3077
3 2843 2844 3078
3 3079 2844 2845
3 3079 3078 2844
3 3080 2845 2846
3 3080 3079 2845
3 3081 2846 2847
3 3081 3080 2846
3 3082 2847 2848
3 3082 3081 2847
3 3083 2848 2849
3 3083 3082 2848
3 3084 2849 2850
3 3084 3083 2849
3 2850 2852 3084
3 3084 2852 3085
3 3086 2853 2854
3 2841 3075 2854
3 3075 3086 2854
3 3075 3087 3086
3 3088 3075 3076
3 3087 3075 3088
3 3076 3077 3089
3 3076 3089 3088
3 2852 2855 3090
3 3091 2852 3090
3 3085 2852 3091
3 2856 3090 2855
3 3092 2857 3086
3 3086 2857 2853
3 3093 3086 3087
3 3092 3086 3093
3 3094 3087 3088
3 3093 3087 3094
3 3088 3089 3095
3 3088 3095 3094
3 3091 3090 3096
3 3091 3096 3097
3 2858 3096 2856
3 2856 3096 3090
3 3098 2859 3092
3 3092 2859 2857
3 3099 3092 3093
3 3098 3092 3099
3 3100 3093 3094
3 3099 3093 3100
3 3094 3095 3101
3 3094 3101 3100
3 3102 3097 3096
3 3096 2858 3102
3 2858 3103 3102
3 2858 2861 3103
3 3104 2862 3098
3 3098 2862 2859
3 3105 3098 3099
3 3104 3098 3105
3 3100 3107 3106
3 3105 3100 3106
3 3099 3100 3105
3 3107 3100 3101
3 2861 2863 3108
3 3109 2861 3108
3 3103 2861 3109
3 2864 3108 2863
3 3104 2865 2862
3 2865 3104 2867
3 3104 3110 2867
3 3104 3105 3110
3 3105 3106 3111
3 3105 3111 3110
3 3114 3113 3112
3 3115 3112 3113
3 3116 3109 3108
3 3108 2864 3116
3 2864 3117 3116
3 2864 2868 3117
3 3118 2869 3110
3 3110 2869 2867
3 3110 3111 3119
3 3110 3119 3118
3 3120 3114 3112
3 3120 3112 3115
3 2868 2870 3121
3 3122 2868 3121
3 3117 2868 3122
3 2871 3121 2870
3 3123 2872 3118
3 3118 2872 2869
3 3118 3119 3124
3 3118 3124 3123
3 3125 3122 3121
3 3121 2871 3125
3 2871 3126 3125
3 2871 2873 3126
3 3127 2874 3123
3 3123 2874 2872
3 3123 3124 3128
3 3123 3128 3127
3 2875 3126 2873
3 2875 3129 3126
3 3130 2876 3127
3 3127 2876 2874
3 3127 3128 3131
3 3127 3131 3130
3 2875 2877 3132
3 3133 2875 3132
3 3129 2875 3133
3 3135 3134 3130
3 3134 2876 3130
3 3134 2878 2876
3 3135 3130 3131
3 3133 3132 3136
3 3133 3136 3137
3 3134 2879 2878
3 3138 2879 3134
3 3141 3140 3139
3 3139 3140 3137
3 3139 3137 3136
3 2881 3139 3136
3 2880 2881 3136
3 3138 2882 2879
3 3142 2882 3138
3 3141 3139 3143
3 3141 3143 3144
3 2883 3143 2881
3 2881 3143 3139
3 3142 2884 2882
3 3145 2884 3142
3 3144 3143 2886
3 2887 3144 2886
3 3146 3144 2887
3 2886 3143 2883
3 3147 2888 2889
3 3148 3147 2889
3 2884 3148 2889
3 3145 3148 2884
3 3151 3150 3149
3 3150 3146 3149
3 3146 2890 3149
3 3146 2887 2890
3 3147 2891 2888
3 2893 2891 3147
3 3148 2893 3147
3 3152 2893 3148
3 3155 3154 3153
3 3156 3153 3154
3 3151 3149 3157
3 3151 3157 3158
3 2894 3157 2890
3 2890 3157 3149
3 3152 2896 2893
3 3159 2896 3152
3 3162 3161 3160
3 3160 3161 3155
3 3153 3160 3155
3 3163 3160 3153
3 3153 3156 3164
3 3153 3164 3163
3 3158 3157 2898
3 2899 3158 2898
3 3165 3158 2899
3 2898 3157 2894
3 3159 2901 2896
3 3166 2901 3159
3 3162 3160 3167
3 3162 3167 3168
3 3163 3170 3169
3 3167 3163 3169
3 3160 3163 3167
3 3170 3163 3164
3 3173 3172 3171
3 3172 3165 3171
3 3165 2903 3171
3 3165 2899 2903
3 3175 2905 3174
3 2905 3166 3174
3 2905 2901 3166
3 3176 3175 3174
3 3168 3167 3177
3 3168 3177 3178
3 3167 3169 3179
3 3167 3179 3177
3 3173 3171 3180
3 3173 3180 3181
3 2906 3180 2903
3 2903 3180 3171
3 3182 2908 3175
3 3175 2908 2905
3 3175 3176 3183
3 3175 3183 3182
3 3178 3177 3184
3 3178 3184 3185
3 3177 3179 3186
3 3177 3186 3184
3 3181 3180 3187
3 3181 3187 3188
3 2909 3187 2906
3 2906 3187 3180
3 3189 2910 3182
3 3182 2910 2908
3 3182 3183 3190
3 3182 3190 3189
3 3191 3185 3184
3 3191 3184 3186
3 3194 3193 3192
3 3192 3193 3188
3 3187 3192 3188
3 3195 3192 3187
3 2911 3195 2909
3 2909 3195 3187
3 3196 2912 3189
3 3189 2912 2910
3 3189 3190 3197
3 3189 3197 3196
3 3200 3199 3198
3 3198 3199 3194
3 3192 3198 3194
3 3201 3198 3192
3 3202 3192 3195
3 3201 3192 3202
3 2913 3202 2911
3 2911 3202 3195
3 3204 3203 3196
3 3203 2912 3196
3 3203 2914 2912
3 3204 3196 3197
3 3200 3198 3205
3 3200 3205 3206
3 3207 3198 3201
3 3205 3198 3207
3 2917 3207 2916
3 3207 3202 2916
3 3207 3201 3202
3 2916 3202 2913
3 3203 2918 2914
3 3208 2918 3203
3 3209 3206 3205
3 3211 3210 3209
3 3205 3211 3209
3 3207 3211 3205
3 2919 3212 2917
3 3212 3207 2917
3 3212 3211 3207
3 2920 3212 2919
3 3208 2922 2918
3 3213 2922 3208
3 3214 3210 3211
3 3216 3215 3214
3 3211 3216 3214
3 3212 3216 3211
3 2924 3216 2920
3 2920 3216 3212
3 3217 2925 2926
3 3218 3217 2926
3 2922 3218 2926
3 3213 3218 2922
3 3221 3220 3219
3 3219 3220 3215
3 3216 3219 3215
3 3222 3219 3216
3 2928 3222 2924
3 2924 3222 3216
3 3224 3223 3217
3 3223 2925 3217
3 3223 2929 2925
3 3224 3217 3218
3 3221 3219 3225
3 3221 3225 3226
3 2932 3225 2931
3 3225 3222 2931
3 3225 3219 3222
3 2931 3222 2928
3 3227 2933 2934
3 3228 3227 2934
3 2929 3228 2934
3 3223 3228 2929
3 3226 3225 3229
3 3226 3229 3230
3 2936 3229 2932
3 2932 3229 3225
3 3232 3231 3227
3 3231 2933 3227
3 3231 2938 2933
3 3232 3227 3228
3 3230 3229 3233
3 3230 3233 3234
3 2940 3233 2936
3 2936 3233 3229
3 3235 2941 2942
3 3236 3235 2942
3 2938 3236 2942
3 3231 3236 2938
3 3234 3233 3237
3 3234 3237 3238
3 2944 3237 2940
3 2940 3237 3233
3 3240 3239 3235
3 3239 2941 3235
3 3239 2945 2941
3 3240 3235 3236
3 3238 3237 3241
3 3238 3241 3242
3 2946 3241 2944
3 2944 3241 3237
3 3239 2948 2945
3 3243 2948 3239
3 3242 3241 3244
3 3242 3244 3245
3 2950 3244 2946
3 2946 3244 3241
3 3246 2951 2952
3 3247 3246 2952
3 2948 3247 2952
3 3243 3247 2948
3 3245 3244 3248
3 3245 3248 3249
3 2954 3248 2950
3 2950 3248 3244
3 3251 3250 3246
3 3250 2951 3246
3 3250 2955 2951
3 3251 3246 3247
3 3254 3253 3252
3 3255 3252 3253
3 3249 3248 3256
3 3249 3256 3257
3 2957 3256 2954
3 2954 3256 3248
3 3250 2959 2955
3 3258 2959 3250
3 3261 3260 3259
3 3259 3260 3254
3 3252 3259 3254
3 3262 3259 3252
3 3252 3255 3263
3 3264 3252 3263
3 3262 3252 3264
3 3264 3263 3257
3 3256 3264 3257
3 3265 3264 3256
3 2961 3265 2957
3 2957 3265 3256
3 3258 2963 2959
3 3266 2963 3258
3 3261 3259 3267
3 3261 3267 3268
3 2966 3267 2965
3 3267 3262 2965
3 3267 3259 3262
3 2965 3262 2967
3 3262 3269 2967
3 3262 3264 3269
3 3270 3264 3265
3 3269 3264 3270
3 2969 3270 2961
3 2961 3270 3265
3 3266 2971 2963
3 3271 2971 3266
3 3268 3267 3272
3 3268 3272 3273
3 2973 3272 2966
3 2966 3272 3267
3 3269 2974 2967
3 2974 3269 2976
3 3269 3274 2976
3 3269 3270 3274
3 2978 3274 2969
3 2969 3274 3270
3 3275 2979 2980
3 3276 3275 2980
3 2971 3276 2980
3 3271 3276 2971
3 3279 3278 3277
3 3277 3278 3273
3 3272 3277 3273
3 3280 3277 3272
3 2982 3280 2973
3 2973 3280 3272
3 3281 2984 3274
3 3274 2984 2976
3 2986 3281 2978
3 2978 3281 3274
3 3282 2987 3275
3 3275 2987 2979
3 3275 3276 3283
3 3275 3283 3282
3 3279 3277 3284
3 3279 3284 3285
3 3286 3277 3280
3 3284 3277 3286
3 2989 3286 2982
3 2982 3286 3280
3 3281 2991 2984
3 2991 3281 2986
3 3287 2994 3282
3 3282 2994 2987
3 3282 3283 3288
3 3282 3288 3287
3 3285 3284 3289
3 3285 3289 3290
3 3291 3284 3286
3 3289 3284 3291
3 2996 3291 2989
3 2989 3291 3286
3 3292 3000 3287
3 3287 3000 2994
3 3287 3288 3293
3 3287 3293 3292
3 3290 3289 3294
3 3290 3294 3295
3 3296 3289 3291
3 3294 3289 3296
3 3002 3296 2996
3 2996 3296 3291
3 3297 3004 3005
3 3006 3297 3005
3 3299 3298 3292
3 3298 3000 3292
3 3298 3007 3000
3 3299 3292 3293
3 3302 3301 3300
3 3300 3301 3295
3 3294 3300 3295
3 3303 3300 3294
3 3304 3294 3296
3 3303 3294 3304
3 3009 3304 3002
3 3002 3304 3296
3 3297 3011 3004
3 3011 3297 3006
3 3298 3014 3007
3 3305 3014 3298
3 3306 3302 3300
3 3308 3307 3306
3 3300 3308 3306
3 3303 3308 3300
3 3309 3303 3304
3 3308 3303 3309
3 3016 3309 3009
3 3009 3309 3304
3 3310 3018 3019
3 3311 3310 3019
3 3014 3311 3019
3 3305 3311 3014
3 3312 3307 3308
3 3314 3313 3312
3 3308 3314 3312
3 3309 3314 3308
3 3021 3314 3016
3 3016 3314 3309
3 3315 3024 3310
3 3310 3024 3018
3 3310 3311 3316
3 3310 3316 3315
3 3313 3314 3317
3 3313 3317 3318
3 3025 3319 3021
3 3319 3314 3021
3 3319 3317 3314
3 3026 3320 3025
3 3025 3320 3319
3 3027 3320 3026
3 3321 3029 3315
3 3315 3029 3024
3 3315 3316 3322
3 3315 3322 3321
3 3323 3318 3317
3 3325 3324 3323
3 3317 3325 3323
3 3319 3325 3317
3 3326 3319 3320
3 3325 3319 3326
3 3030 3326 3027
3 3027 3326 3320
3 3328 3327 3321
3 3327 3029 3321
3 3327 3031 3029
3 3328 3321 3322
3 3324 3325 3329
3 3324 3329 3330
3 3034 3329 3033
3 3329 3326 3033
3 3329 3325 3326
3 3033 3326 3030
3 3327 3036 3031
3 3331 3036 3327
3 3330 3329 3332
3 3330 3332 3333
3 3038 3332 3034
3 3034 3332 3329
3 3334 3039 3040
3 3335 3334 3040
3 3036 3335 3040
3 3331 3335 3036
3 3333 3332 3336
3 3333 3336 3337
3 3041 3336 3038
3 3038 3336 3332
3 3339 3338 3334
3 3338 3039 3334
3 3338 3042 3039
3 3339 3334 3335
3 3337 3336 3340
3 3337 3340 3341
3 3043 3340 3041
3 3041 3340 3336
3 3342 3044 3045
3 3343 3342 3045
3 3042 3343 3045
3 3338 3343 3042
3 3341 3340 3344
3 3341 3344 3345
3 3046 3344 3043
3 3043 3344 3340
3 3346 3047 3048
3 3347 3346 3048
3 3347 3048 3044
3 3348 3347 3044
3 3342 3348 3044
3 3348 3342 3343
3 3345 3344 3349
3 3345 3349 3350
3 3049 3349 3046
3 3046 3349 3344
3 3352 3351 3346
3 3351 3047 3346
3 3351 3050 3047
3 3352 3346 3347
3 3350 3349 3052
3 3053 3350 3052
3 3353 3350 3053
3 3052 3349 3049
3 3355 3054 3354
3 3054 3351 3354
3 3054 3050 3351
3 3357 3356 3355
3 3357 3355 3354
3 3358 3356 3357
3 3053 3055 3359
3 3360 3053 3359
3 3353 3053 3360
3 3056 3359 3055
3 3355 3057 3054
3 3057 3355 3058
3 3058 3355 3356
3 3358 3361 3356
3 3361 3058 3356
3 3361 3060 3058
3 3363 3362 3061
3 3060 3363 3061
3 3361 3363 3060
3 3364 3362 3363
3 3360 3359 3063
3 3064 3360 3063
3 3365 3360 3064
3 3063 3359 3056
3 3366 3065 3362
3 3362 3065 3061
3 3362 3364 3367
3 3362 3367 3366
3 3064 3066 3368
3 3369 3064 3368
3 3365 3064 3369
3 3067 3368 3066
3 3366 3068 3065
3 3069 3068 3366
3 3367 3069 3366
3 3370 3069 3367
3 3369 3368 3371
3 3369 3371 3372
3 3070 3371 3067
3 3067 3371 3368
3 3370 3373 3069
3 3069 3373 3071
3 3073 3071 3373
3 3073 3373 3374
3 3375 3372 3371
3 3371 3070 3375
3 3070 3376 3375
3 3070 3074 3376
3 3377 3077 3078
3 3377 3078 3378
3 3078 3379 3378
3 3078 3079 3379
3 3380 3079 3080
3 3380 3379 3079
3 3381 3080 3081
3 3381 3380 3080
3 3382 3081 3082
3 3382 3381 3081
3 3383 3082 3083
3 3383 3382 3082
3 3385 3383 3384
3 3383 3084 3384
3 3383 3083 3084
3 3085 3384 3084
3 3386 3089 3377
3 3377 3089 3077
3 3377 3378 3387
3 3377 3387 3386
3 3385 3384 3388
3 3385 3388 3389
3 3091 3388 3085
3 3085 3388 3384
3 3390 3095 3386
3 3386 3095 3089
3 3386 3387 3391
3 3386 3391 3390
3 3394 3393 3392
3 3392 3393 3389
3 3388 3392 3389
3 3395 3392 3388
3 3097 3395 3091
3 3091 3395 3388
3 3396 3101 3390
3 3390 3101 3095
3 3390 3391 3397
3 3390 3397 3396
3 3400 3399 3398
3 3398 3399 3394
3 3392 3398 3394
3 3401 3398 3392
3 3402 3392 3395
3 3401 3392 3402
3 3102 3403 3097
3 3403 3395 3097
3 3403 3402 3395
3 3103 3403 3102
3 3404 3106 3107
3 3101 3396 3107
3 3396 3404 3107
3 3396 3405 3404
3 3396 3397 3406
3 3396 3406 3405
3 3400 3398 3407
3 3400 3407 3408
3 3409 3398 3401
3 3407 3398 3409
3 3410 3401 3402
3 3409 3401 3410
3 3411 3402 3403
3 3410 3402 3411
3 3109 3411 3103
3 3103 3411 3403
3 3412 3111 3404
3 3404 3111 3106
3 3405 3414 3413
3 3412 3405 3413
3 3404 3405 3412
3 3414 3405 3406
3 3408 3407 3415
3 3408 3415 3416
3 3114 3415 3113
3 3415 3409 3113
3 3415 3407 3409
3 3113 3409 3115
3 3409 3417 3115
3 3409 3410 3417
3 3411 3419 3418
3 3417 3411 3418
3 3410 3411 3417
3 3421 3419 3420
3 3420 3419 3116
3 3419 3411 3116
3 3411 3109 3116
3 3117 3420 3116
3 3422 3119 3412
3 3412 3119 3111
3 3412 3413 3423
3 3412 3423 3422
3 3416 3415 3424
3 3416 3424 3425
3 3120 3426 3114
3 3426 3415 3114
3 3426 3424 3415
3 3115 3417 3120
3 3417 3426 3120
3 3417 3427 3426
3 3417 3418 3428
3 3417 3428 3427
3 3421 3420 3429
3 3421 3429 3430
3 3122 3429 3117
3 3117 3429 3420
3 3431 3124 3422
3 3422 3124 3119
3 3422 3423 3432
3 3422 3432 3431
3 3433 3425 3424
3 3435 3434 3433
3 3424 3435 3433
3 3426 3435 3424
3 3436 3426 3427
3 3435 3426 3436
3 3427 3428 3437
3 3427 3437 3436
3 3438 3430 3429
3 3440 3438 3439
3 3439 3438 3125
3 3438 3429 3125
3 3429 3122 3125
3 3126 3439 3125
3 3441 3128 3431
3 3431 3128 3124
3 3431 3432 3442
3 3431 3442 3441
3 3434 3435 3443
3 3434 3443 3444
3 3445 3435 3436
3 3443 3435 3445
3 3436 3437 3446
3 3436 3446 3445
3 3447 3440 3439
3 3439 3126 3447
3 3126 3448 3447
3 3126 3129 3448
3 3449 3131 3441
3 3441 3131 3128
3 3441 3442 3450
3 3441 3450 3449
3 3444 3443 3451
3 3444 3451 3452
3 3453 3443 3445
3 3451 3443 3453
3 3445 3446 3454
3 3445 3454 3453
3 3133 3448 3129
3 3133 3455 3448
3 3456 3134 3135
3 3457 3456 3135
3 3457 3135 3131
3 3458 3457 3131
3 3449 3458 3131
3 3458 3449 3450
3 3452 3451 3459
3 3452 3459 3460
3 3461 3451 3453
3 3459 3451 3461
3 3453 3454 3462
3 3463 3453 3462
3 3461 3453 3463
3 3464 3463 3462
3 3467 3466 3465
3 3466 3455 3465
3 3455 3137 3465
3 3455 3133 3137
3 3469 3468 3456
3 3468 3134 3456
3 3468 3138 3134
3 3469 3456 3457
3 3472 3471 3470
3 3470 3471 3460
3 3459 3470 3460
3 3473 3470 3459
3 3474 3459 3461
3 3473 3459 3474
3 3475 3461 3463
3 3474 3461 3475
3 3463 3464 3476
3 3477 3463 3476
3 3475 3463 3477
3 3477 3476 3467
3 3477 3467 3465
3 3141 3477 3465
3 3140 3141 3465
3 3140 3465 3137
3 3468 3142 3138
3 3478 3142 3468
3 3472 3470 3479
3 3472 3479 3480
3 3481 3470 3473
3 3479 3470 3481
3 3482 3473 3474
3 3481 3473 3482
3 3483 3474 3475
3 3482 3474 3483
3 3484 3475 3477
3 3483 3475 3484
3 3144 3484 3141
3 3141 3484 3477
3 3478 3145 3142
3 3485 3145 3478
3 3480 3479 3486
3 3480 3486 3487
3 3488 3479 3481
3 3486 3479 3488
3 3482 3490 3489
3 3488 3482 3489
3 3481 3482 3488
3 3492 3491 3490
3 3482 3492 3490
3 3483 3492 3482
3 3493 3483 3484
3 3492 3483 3493
3 3146 3493 3144
3 3144 3493 3484
3 3485 3148 3145
3 3494 3148 3485
3 3487 3486 3495
3 3487 3495 3496
3 3497 3486 3488
3 3495 3486 3497
3 3488 3489 3498
3 3499 3488 3498
3 3497 3488 3499
3 3499 3498 3491
3 3492 3499 3491
3 3500 3499 3492
3 3151 3500 3150
3 3500 3493 3150
3 3500 3492 3493
3 3150 3493 3146
3 3502 3152 3501
3 3152 3494 3501
3 3152 3148 3494
3 3503 3502 3501
3 3506 3505 3504
3 3504 3505 3496
3 3495 3504 3496
3 3507 3504 3495
3 3155 3507 3154
3 3507 3497 3154
3 3507 3495 3497
3 3154 3497 3156
3 3497 3508 3156
3 3497 3499 3508
3 3509 3499 3500
3 3508 3499 3509
3 3158 3509 3151
3 3151 3509 3500
3 3510 3159 3502
3 3502 3159 3152
3 3502 3503 3511
3 3512 3502 3511
3 3510 3502 3512
3 3513 3512 3511
3 3506 3504 3514
3 3506 3514 3515
3 3162 3514 3161
3 3514 3507 3161
3 3514 3504 3507
3 3161 3507 3155
3 3516 3164 3508
3 3508 3164 3156
3 3517 3508 3509
3 3516 3508 3517
3 3165 3517 3158
3 3158 3517 3509
3 3518 3166 3510
3 3510 3166 3159
3 3519 3510 3512
3 3518 3510 3519
3 3512 3513 3520
3 3512 3520 3519
3 3515 3514 3521
3 3515 3521 3522
3 3168 3521 3162
3 3162 3521 3514
3 3523 3169 3170
3 3164 3516 3170
3 3516 3523 3170
3 3516 3524 3523
3 3173 3524 3172
3 3524 3517 3172
3 3524 3516 3517
3 3172 3517 3165
3 3518 3174 3166
3 3174 3518 3176
3 3518 3525 3176
3 3518 3519 3525
3 3519 3520 3526
3 3519 3526 3525
3 3522 3521 3527
3 3522 3527 3528
3 3178 3527 3168
3 3168 3527 3521
3 3529 3179 3523
3 3523 3179 3169
3 3530 3523 3524
3 3529 3523 3530
3 3181 3530 3173
3 3173 3530 3524
3 3531 3183 3525
3 3525 3183 3176
3 3525 3526 3532
3 3525 3532 3531
3 3528 3527 3533
3 3528 3533 3534
3 3185 3533 3178
3 3178 3533 3527
3 3535 3186 3529
3 3529 3186 3179
3 3536 3529 3530
3 3535 3529 3536
3 3188 3536 3181
3 3181 3536 3530
3 3537 3190 3531
3 3531 3190 3183
3 3531 3532 3538
3 3531 3538 3537
3 3534 3533 3539
3 3534 3539 3540
3 3191 3541 3185
3 3541 3533 3185
3 3541 3539 3533
3 3186 3535 3191
3 3535 3541 3191
3 3535 3542 3541
3 3194 3542 3193
3 3542 3536 3193
3 3542 3535 3536
3 3193 3536 3188
3 3543 3197 3537
3 3537 3197 3190
3 3537 3538 3544
3 3537 3544 3543
3 3545 3540 3539
3 3547 3546 3545
3 3539 3547 3545
3 3541 3547 3539
3 3200 3547 3199
3 3547 3542 3199
3 3547 3541 3542
3 3199 3542 3194
3 3548 3203 3204
3 3197 3543 3204
3 3543 3548 3204
3 3543 3549 3548
3 3543 3544 3550
3 3543 3550 3549
3 3546 3547 3551
3 3546 3551 3552
3 3206 3551 3200
3 3200 3551 3547
3 3553 3208 3548
3 3548 3208 3203
3 3554 3548 3549
3 3553 3548 3554
3 3549 3550 3555
3 3549 3555 3554
3 3552 3551 3556
3 3552 3556 3557
3 3209 3558 3206
3 3558 3551 3206
3 3558 3556 3551
3 3210 3558 3209
3 3559 3213 3553
3 3553 3213 3208
3 3554 3561 3560
3 3559 3554 3560
3 3553 3554 3559
3 3561 3554 3555
3 3557 3556 3562
3 3557 3562 3563
3 3564 3556 3558
3 3562 3556 3564
3 3214 3565 3210
3 3565 3558 3210
3 3565 3564 3558
3 3215 3565 3214
3 3566 3218 3559
3 3559 3218 3213
3 3559 3560 3567
3 3559 3567 3566
3 3563 3562 3568
3 3563 3568 3569
3 3570 3562 3564
3 3568 3562 3570
3 3221 3570 3220
3 3570 3565 3220
3 3570 3564 3565
3 3220 3565 3215
3 3571 3223 3224
3 3572 3571 3224
3 3572 3224 3218
3 3573 3572 3218
3 3566 3573 3218
3 3573 3566 3567
3 3569 3568 3574
3 3569 3574 3575
3 3576 3568 3570
3 3574 3568 3576
3 3226 3576 3221
3 3221 3576 3570
3 3578 3577 3571
3 3577 3223 3571
3 3577 3228 3223
3 3578 3571 3572
3 3581 3580 3579
3 3579 3580 3575
3 3574 3579 3575
3 3582 3579 3574
3 3583 3574 3576
3 3582 3574 3583
3 3230 3583 3226
3 3226 3583 3576
3 3584 3231 3232
3 3585 3584 3232
3 3228 3585 3232
3 3577 3585 3228
3 3581 3579 3586
3 3581 3586 3587
3 3588 3579 3582
3 3586 3579 3588
3 3589 3582 3583
3 3588 3582 3589
3 3234 3589 3230
3 3230 3589 3583
3 3591 3590 3584
3 3590 3231 3584
3 3590 3236 3231
3 3591 3584 3585
3 3594 3593 3592
3 3592 3593 3587
3 3586 3592 3587
3 3595 3592 3586
3 3596 3586 3588
3 3595 3586 3596
3 3597 3588 3589
3 3596 3588 3597
3 3238 3597 3234
3 3234 3597 3589
3 3598 3239 3240
3 3599 3598 3240
3 3236 3599 3240
3 3590 3599 3236
3 3594 3592 3600
3 3594 3600 3601
3 3602 3592 3595
3 3600 3592 3602
3 3603 3595 3596
3 3602 3595 3603
3 3604 3596 3597
3 3603 3596 3604
3 3242 3604 3238
3 3238 3604 3597
3 3606 3605 3598
3 3605 3239 3598
3 3605 3243 3239
3 3606 3598 3599
3 3601 3600 3607
3 3601 3607 3608
3 3609 3600 3602
3 3607 3600 3609
3 3610 3602 3603
3 3609 3602 3610
3 3611 3603 3604
3 3610 3603 3611
3 3245 3611 3242
3 3242 3611 3604
3 3605 3247 3243
3 3612 3247 3605
3 3613 3608 3607
3 3615 3614 3613
3 3607 3615 3613
3 3609 3615 3607
3 3616 3609 3610
3 3615 3609 3616
3 3617 3610 3611
3 3616 3610 3617
3 3249 3617 3245
3 3245 3617 3611
3 3618 3250 3251
3 3619 3618 3251
3 3247 3619 3251
3 3612 3619 3247
3 3622 3621 3620
3 3620 3621 3614
3 3615 3620 3614
3 3623 3620 3615
3 3254 3623 3253
3 3623 3616 3253
3 3623 3615 3616
3 3253 3616 3255
3 3616 3624 3255
3 3616 3617 3624
3 3257 3624 3249
3 3249 3624 3617
3 3625 3258 3618
3 3618 3258 3250
3 3618 3619 3626
3 3618 3626 3625
3 3622 3620 3627
3 3622 3627 3628
3 3261 3627 3260
3 3627 3623 3260
3 3627 3620 3623
3 3260 3623 3254
3 3624 3263 3255
3 3263 3624 3257
3 3629 3266 3625
3 3625 3266 3258
3 3625 3626 3630
3 3625 3630 3629
3 3628 3627 3631
3 3628 3631 3632
3 3268 3631 3261
3 3261 3631 3627
3 3633 3271 3629
3 3629 3271 3266
3 3629 3630 3634
3 3629 3634 3633
3 3637 3636 3635
3 3635 3636 3632
3 3631 3635 3632
3 3638 3635 3631
3 3273 3638 3268
3 3268 3638 3631
3 3639 3276 3633
3 3633 3276 3271
3 3633 3634 3640
3 3633 3640 3639
3 3643 3642 3641
3 3641 3642 3637
3 3635 3641 3637
3 3644 3641 3635
3 3279 3644 3278
3 3644 3638 3278
3 3644 3635 3638
3 3278 3638 3273
3 3645 3283 3639
3 3639 3283 3276
3 3639 3640 3646
3 3639 3646 3645
3 3647 3643 3641
3 3649 3648 3647
3 3641 3649 3647
3 3644 3649 3641
3 3285 3649 3279
3 3279 3649 3644
3 3650 3288 3645
3 3645 3288 3283
3 3645 3646 3651
3 3645 3651 3650
3 3648 3649 3652
3 3648 3652 3653
3 3290 3652 3285
3 3285 3652 3649
3 3654 3293 3650
3 3650 3293 3288
3 3650 3651 3655
3 3650 3655 3654
3 3658 3657 3656
3 3656 3657 3653
3 3652 3656 3653
3 3659 3656 3652
3 3295 3659 3290
3 3290 3659 3652
3 3660 3298 3299
3 3293 3654 3299
3 3654 3660 3299
3 3654 3661 3660
3 3654 3655 3662
3 3663 3654 3662
3 3661 3654 3663
3 3665 3664 3663
3 3665 3663 3662
3 3666 3664 3665
3 3658 3656 3667
3 3658 3667 3668
3 3302 3667 3301
3 3667 3659 3301
3 3667 3656 3659
3 3301 3659 3295
3 3669 3305 3660
3 3660 3305 3298
3 3661 3671 3670
3 3669 3661 3670
3 3660 3661 3669
3 3671 3661 3663
3 3671 3663 3672
3 3672 3663 3664
3 3672 3664 3673
3 3673 3664 3666
3 3668 3667 3674
3 3668 3674 3675
3 3306 3676 3302
3 3676 3667 3302
3 3676 3674 3667
3 3307 3676 3306
3 3677 3311 3669
3 3669 3311 3305
3 3669 3670 3678
3 3669 3678 3677
3 3679 3675 3674
3 3681 3680 3679
3 3674 3681 3679
3 3676 3681 3674
3 3312 3682 3307
3 3682 3676 3307
3 3682 3681 3676
3 3313 3682 3312
3 3683 3316 3677
3 3677 3316 3311
3 3677 3678 3684
3 3677 3684 3683
3 3685 3680 3681
3 3687 3686 3685
3 3681 3687 3685
3 3682 3687 3681
3 3318 3687 3313
3 3313 3687 3682
3 3688 3322 3683
3 3683 3322 3316
3 3683 3684 3689
3 3683 3689 3688
3 3692 3691 3690
3 3690 3691 3686
3 3687 3690 3686
3 3693 3690 3687
3 3323 3694 3318
3 3694 3687 3318
3 3694 3693 3687
3 3324 3694 3323
3 3695 3327 3328
3 3322 3688 3328
3 3688 3695 3328
3 3688 3696 3695
3 3688 3689 3697
3 3688 3697 3696
3 3692 3690 3698
3 3692 3698 3699
3 3700 3690 3693
3 3698 3690 3700
3 3701 3693 3694
3 3700 3693 3701
3 3330 3701 3324
3 3324 3701 3694
3 3702 3331 3695
3 3695 3331 3327
3 3696 3704 3703
3 3702 3696 3703
3 3695 3696 3702
3 3704 3696 3697
3 3705 3699 3698
3 3707 3706 3705
3 3698 3707 3705
3 3700 3707 3698
3 3708 3700 3701
3 3707 3700 3708
3 3333 3708 3330
3 3330 3708 3701
3 3709 3335 3702
3 3702 3335 3331
3 3702 3703 3710
3 3702 3710 3709
3 3713 3712 3711
3 3714 3711 3712
3 3715 3706 3707
3 3717 3716 3715
3 3707 3717 3715
3 3708 3717 3707
3 3337 3717 3333
3 3333 3717 3708
3 3718 3338 3339
3 3719 3718 3339
3 3719 3339 3335
3 3720 3719 3335
3 3709 3720 3335
3 3720 3709 3710
3 3721 3713 3711
3 3721 3711 3714
3 3716 3717 3722
3 3716 3722 3723
3 3341 3722 3337
3 3337 3722 3717
3 3724 3343 3718
3 3718 3343 3338
3 3718 3719 3725
3 3718 3725 3724
3 3723 3722 3726
3 3723 3726 3727
3 3345 3726 3341
3 3341 3726 3722
3 3728 3347 3348
3 3729 3728 3348
3 3729 3348 3343
3 3730 3729 3343
3 3724 3730 3343
3 3730 3724 3725
3 3733 3732 3731
3 3735 3734 3731
3 3735 3731 3732
3 3736 3734 3735
3 3727 3726 3737
3 3727 3737 3738
3 3350 3737 3345
3 3345 3737 3726
3 3739 3351 3352
3 3347 3728 3352
3 3728 3739 3352
3 3728 3740 3739
3 3728 3729 3741
3 3742 3728 3741
3 3740 3728 3742
3 3743 3742 3741
3 3744 3733 3731
3 3746 3745 3744
3 3731 3746 3744
3 3734 3746 3731
3 3734 3736 3747
3 3734 3747 3746
3 3738 3737 3748
3 3738 3748 3749
3 3353 3748 3350
3 3350 3748 3737
3 3739 3354 3351
3 3354 3739 3357
3 3357 3739 3740
3 3357 3740 3358
3 3740 3750 3358
3 3740 3742 3750
3 3742 3743 3751
3 3752 3742 3751
3 3750 3742 3752
3 3754 3753 3752
3 3754 3752 3751
3 3745 3746 3755
3 3754 3756 3753
3 3755 3746 3747
3 3749 3748 3757
3 3749 3757 3758
3 3360 3757 3353
3 3353 3757 3748
3 3750 3361 3358
3 3361 3750 3363
3 3363 3750 3752
3 3363 3752 3364
3 3752 3759 3364
3 3752 3753 3759
3 3753 3756 3760
3 3761 3753 3760
3 3759 3753 3761
3 3762 3761 3760
3 3758 3757 3763
3 3758 3763 3764
3 3365 3763 3360
3 3360 3763 3757
3 3765 3367 3759
3 3759 3367 3364
3 3766 3759 3761
3 3765 3759 3766
3 3761 3762 3767
3 3761 3767 3766
3 3764 3763 3768
3 3764 3768 3769
3 3369 3768 3365
3 3365 3768 3763
3 3770 3370 3765
3 3765 3370 3367
3 3771 3765 3766
3 3770 3765 3771
3 3766 3767 3772
3 3766 3772 3771
3 3769 3768 3773
3 3769 3773 3774
3 3372 3773 3369
3 3369 3773 3768
3 3770 3373 3370
3 3373 3770 3374
3 3770 3775 3374
3 3770 3771 3775
3 3771 3772 3776
3 3771 3776 3775
3 3774 3773 3777
3 3774 3777 3778
3 3375 3779 3372
3 3779 3773 3372
3 3779 3777 3773
3 3376 3779 3375
3 3780 3378 3379
3 3380 3781 3379
3 3379 3781 3780
3 3381 3782 3380
3 3380 3782 3781
3 3382 3783 3381
3 3381 3783 3782
3 3383 3784 3382
3 3382 3784 3783
3 3385 3784 3383
3 3785 3387 3780
3 3780 3387 3378
3 3786 3780 3781
3 3785 3780 3786
3 3787 3781 3782
3 3786 3781 3787
3 3788 3782 3783
3 3787 3782 3788
3 3789 3783 3784
3 3788 3783 3789
3 3389 3789 3385
3 3385 3789 3784
3 3790 3391 3785
3 3785 3391 3387
3 3791 3785 3786
3 3790 3785 3791
3 3792 3786 3787
3 3791 3786 3792
3 3793 3787 3788
3 3792 3787 3793
3 3394 3793 3393
3 3793 3789 3393
3 3793 3788 3789
3 3393 3789 3389
3 3794 3397 3790
3 3790 3397 3391
3 3795 3790 3791
3 3794 3790 3795
3 3796 3791 3792
3 3795 3791 3796
3 3400 3796 3399
3 3796 3793 3399
3 3796 3792 3793
3 3399 3793 3394
3 3797 3406 3794
3 3794 3406 3397
3 3798 3794 3795
3 3797 3794 3798
3 3799 3795 3796
3 3798 3795 3799
3 3408 3799 3400
3 3400 3799 3796
3 3800 3413 3414
3 3406 3797 3414
3 3797 3800 3414
3 3797 3801 3800
3 3802 3797 3798
3 3801 3797 3802
3 3803 3798 3799
3 3802 3798 3803
3 3416 3803 3408
3 3408 3803 3799
3 3804 3418 3419
3 3421 3804 3419
3 3805 3423 3800
3 3800 3423 3413
3 3801 3807 3806
3 3805 3801 3806
3 3800 3801 3805
3 3809 3808 3807
3 3801 3809 3807
3 3802 3809 3801
3 3810 3802 3803
3 3809 3802 3810
3 3425 3810 3416
3 3416 3810 3803
3 3811 3428 3804
3 3804 3428 3418
3 3430 3811 3421
3 3421 3811 3804
3 3812 3432 3805
3 3805 3432 3423
3 3805 3806 3813
3 3805 3813 3812
3 3808 3809 3814
3 3808 3814 3815
3 3816 3809 3810
3 3814 3809 3816
3 3433 3817 3425
3 3817 3810 3425
3 3817 3816 3810
3 3434 3817 3433
3 3818 3437 3811
3 3811 3437 3428
3 3438 3819 3430
3 3819 3811 3430
3 3819 3818 3811
3 3440 3819 3438
3 3820 3442 3812
3 3812 3442 3432
3 3812 3813 3821
3 3812 3821 3820
3 3815 3814 3822
3 3815 3822 3823
3 3824 3814 3816
3 3822 3814 3824
3 3825 3816 3817
3 3824 3816 3825
3 3444 3825 3434
3 3434 3825 3817
3 3826 3446 3818
3 3818 3446 3437
3 3827 3818 3819
3 3826 3818 3827
3 3447 3828 3440
3 3828 3819 3440
3 3828 3827 3819
3 3448 3828 3447
3 3829 3450 3820
3 3820 3450 3442
3 3820 3821 3830
3 3831 3820 3830
3 3829 3820 3831
3 3831 3830 3823
3 3822 3831 3823
3 3832 3831 3822
3 3833 3822 3824
3 3832 3822 3833
3 3834 3824 3825
3 3833 3824 3834
3 3452 3834 3444
3 3444 3834 3825
3 3835 3454 3826
3 3826 3454 3446
3 3836 3826 3827
3 3835 3826 3836
3 3837 3827 3828
3 3836 3827 3837
3 3455 3837 3448
3 3448 3837 3828
3 3838 3457 3458
3 3450 3829 3458
3 3829 3838 3458
3 3829 3839 3838
3 3840 3829 3831
3 3839 3829 3840
3 3841 3831 3832
3 3840 3831 3841
3 3842 3832 3833
3 3841 3832 3842
3 3843 3833 3834
3 3842 3833 3843
3 3460 3843 3452
3 3452 3843 3834
3 3835 3462 3454
3 3462 3835 3464
3 3835 3844 3464
3 3835 3836 3844
3 3467 3844 3466
3 3844 3837 3466
3 3844 3836 3837
3 3466 3837 3455
3 3845 3468 3469
3 3457 3838 3469
3 3838 3845 3469
3 3838 3846 3845
3 3847 3838 3839
3 3846 3838 3847
3 3848 3839 3840
3 3847 3839 3848
3 3849 3840 3841
3 3848 3840 3849
3 3850 3841 3842
3 3849 3841 3850
3 3472 3850 3471
3 3850 3843 3471
3 3850 3842 3843
3 3471 3843 3460
3 3844 3476 3464
3 3476 3844 3467
3 3851 3478 3845
3 3845 3478 3468
3 3846 3853 3852
3 3851 3846 3852
3 3845 3846 3851
3 3855 3854 3853
3 3846 3855 3853
3 3847 3855 3846
3 3856 3847 3848
3 3855 3847 3856
3 3857 3848 3849
3 3856 3848 3857
3 3858 3849 3850
3 3857 3849 3858
3 3480 3858 3472
3 3472 3858 3850
3 3859 3485 3851
3 3851 3485 3478
3 3851 3852 3860
3 3861 3851 3860
3 3859 3851 3861
3 3861 3860 3854
3 3855 3861 3854
3 3862 3861 3855
3 3863 3855 3856
3 3862 3855 3863
3 3864 3856 3857
3 3863 3856 3864
3 3865 3857 3858
3 3864 3857 3865
3 3487 3865 3480
3 3480 3865 3858
3 3866 3489 3490
3 3491 3866 3490
3 3867 3494 3859
3 3859 3494 3485
3 3868 3859 3861
3 3867 3859 3868
3 3869 3861 3862
3 3868 3861 3869
3 3870 3862 3863
3 3869 3862 3870
3 3871 3863 3864
3 3870 3863 3871
3 3872 3864 3865
3 3871 3864 3872
3 3496 3872 3487
3 3487 3872 3865
3 3866 3498 3489
3 3498 3866 3491
3 3867 3501 3494
3 3501 3867 3503
3 3867 3873 3503
3 3867 3868 3873
3 3874 3868 3869
3 3873 3868 3874
3 3875 3869 3870
3 3874 3869 3875
3 3876 3870 3871
3 3875 3870 3876
3 3506 3876 3505
3 3876 3872 3505
3 3876 3871 3872
3 3505 3872 3496
3 3873 3511 3503
3 3511 3873 3513
3 3873 3877 3513
3 3873 3874 3877
3 3878 3874 3875
3 3877 3874 3878
3 3879 3875 3876
3 3878 3875 3879
3 3515 3879 3506
3 3506 3879 3876
3 3880 3520 3877
3 3877 3520 3513
3 3881 3877 3878
3 3880 3877 3881
3 3882 3878 3879
3 3881 3878 3882
3 3522 3882 3515
3 3515 3882 3879
3 3883 3526 3880
3 3880 3526 3520
3 3884 3880 3881
3 3883 3880 3884
3 3885 3881 3882
3 3884 3881 3885
3 3528 3885 3522
3 3522 3885 3882
3 3886 3532 3883
3 3883 3532 3526
3 3887 3883 3884
3 3886 3883 3887
3 3888 3884 3885
3 3887 3884 3888
3 3534 3888 3528
3 3528 3888 3885
3 3889 3538 3886
3 3886 3538 3532
3 3890 3886 3887
3 3889 3886 3890
3 3891 3887 3888
3 3890 3887 3891
3 3540 3891 3534
3 3534 3891 3888
3 3892 3544 3889
3 3889 3544 3538
3 3893 3889 3890
3 3892 3889 3893
3 3891 3895 3894
3 3893 3891 3894
3 3890 3891 3893
3 3897 3895 3896
3 3896 3895 3545
3 3895 3891 3545
3 3891 3540 3545
3 3546 3896 3545
3 3898 3550 3892
3 3892 3550 3544
3 3893 3900 3899
3 3898 3893 3899
3 3892 3893 3898
3 3900 3893 3894
3 3897 3896 3901
3 3897 3901 3902
3 3552 3901 3546
3 3546 3901 3896
3 3903 3555 3898
3 3898 3555 3550
3 3898 3899 3904
3 3898 3904 3903
3 3902 3901 3905
3 3902 3905 3906
3 3557 3905 3552
3 3552 3905 3901
3 3907 3560 3561
3 3555 3903 3561
3 3903 3907 3561
3 3903 3908 3907
3 3903 3904 3909
3 3903 3909 3908
3 3912 3911 3910
3 3910 3911 3906
3 3905 3910 3906
3 3913 3910 3905
3 3563 3913 3557
3 3557 3913 3905
3 3914 3567 3907
3 3907 3567 3560
3 3908 3916 3915
3 3914 3908 3915
3 3907 3908 3914
3 3916 3908 3909
3 3912 3910 3917
3 3912 3917 3918
3 3919 3910 3913
3 3917 3910 3919
3 3569 3919 3563
3 3563 3919 3913
3 3920 3572 3573
3 3921 3920 3573
3 3921 3573 3567
3 3922 3921 3567
3 3914 3922 3567
3 3922 3914 3915
3 3918 3917 3923
3 3918 3923 3924
3 3925 3917 3919
3 3923 3917 3925
3 3575 3925 3569
3 3569 3925 3919
3 3926 3577 3578
3 3572 3920 3578
3 3920 3926 3578
3 3920 3927 3926
3 3920 3921 3928
3 3920 3928 3927
3 3931 3930 3929
3 3929 3930 3924
3 3923 3929 3924
3 3932 3929 3923
3 3581 3932 3580
3 3932 3925 3580
3 3932 3923 3925
3 3580 3925 3575
3 3933 3585 3926
3 3926 3585 3577
3 3934 3926 3927
3 3933 3926 3934
3 3927 3928 3935
3 3927 3935 3934
3 3931 3929 3936
3 3931 3936 3937
3 3938 3929 3932
3 3936 3929 3938
3 3587 3938 3581
3 3581 3938 3932
3 3939 3590 3591
3 3585 3933 3591
3 3933 3939 3591
3 3933 3940 3939
3 3941 3933 3934
3 3940 3933 3941
3 3934 3935 3942
3 3934 3942 3941
3 3937 3936 3943
3 3937 3943 3944
3 3594 3943 3593
3 3943 3938 3593
3 3943 3936 3938
3 3593 3938 3587
3 3945 3599 3939
3 3939 3599 3590
3 3946 3939 3940
3 3945 3939 3946
3 3947 3940 3941
3 3946 3940 3947
3 3941 3942 3948
3 3941 3948 3947
3 3944 3943 3949
3 3944 3949 3950
3 3601 3949 3594
3 3594 3949 3943
3 3951 3605 3606
3 3599 3945 3606
3 3945 3951 3606
3 3945 3952 3951
3 3953 3945 3946
3 3952 3945 3953
3 3947 3955 3954
3 3953 3947 3954
3 3946 3947 3953
3 3955 3947 3948
3 3950 3949 3956
3 3950 3956 3957
3 3608 3956 3601
3 3601 3956 3949
3 3958 3612 3951
3 3951 3612 3605
3 3959 3951 3952
3 3958 3951 3959
3 3960 3952 3953
3 3959 3952 3960
3 3953 3954 3961
3 3953 3961 3960
3 3957 3956 3962
3 3957 3962 3963
3 3613 3964 3608
3 3964 3956 3608
3 3964 3962 3956
3 3614 3964 3613
3 3965 3619 3958
3 3958 3619 3612
3 3966 3958 3959
3 3965 3958 3966
3 3967 3959 3960
3 3966 3959 3967
3 3960 3961 3968
3 3960 3968 3967
3 3963 3962 3969
3 3963 3969 3970
3 3622 3969 3621
3 3969 3964 3621
3 3969 3962 3964
3 3621 3964 3614
3 3971 3626 3965
3 3965 3626 3619
3 3972 3965 3966
3 3971 3965 3972
3 3973 3966 3967
3 3972 3966 3973
3 3967 3968 3974
3 3975 3967 3974
3 3973 3967 3975
3 3976 3975 3974
3 3970 3969 3977
3 3970 3977 3978
3 3628 3977 3622
3 3622 3977 3969
3 3979 3630 3971
3 3971 3630 3626
3 3980 3971 3972
3 3979 3971 3980
3 3981 3972 3973
3 3980 3972 3981
3 3982 3973 3975
3 3981 3973 3982
3 3975 3976 3983
3 3984 3975 3983
3 3982 3975 3984
3 3986 3985 3984
3 3986 3984 3983
3 3985 3986 3978
3 3977 3985 3978
3 3987 3985 3977
3 3632 3987 3628
3 3628 3987 3977
3 3988 3634 3979
3 3979 3634 3630
3 3989 3979 3980
3 3988 3979 3989
3 3990 3980 3981
3 3989 3980 3990
3 3991 3981 3982
3 3990 3981 3991
3 3992 3982 3984
3 3991 3982 3992
3 3993 3984 3985
3 3992 3984 3993
3 3637 3993 3636
3 3993 3987 3636
3 3993 3985 3987
3 3636 3987 3632
3 3994 3640 3988
3 3988 3640 3634
3 3995 3988 3989
3 3994 3988 3995
3 3996 3989 3990
3 3995 3989 3996
3 3997 3990 3991
3 3996 3990 3997
3 3998 3991 3992
3 3997 3991 3998
3 3643 3998 3642
3 3998 3993 3642
3 3998 3992 3993
3 3642 3993 3637
3 3999 3646 3994
3 3994 3646 3640
3 4000 3994 3995
3 3999 3994 4000
3 4001 3995 3996
3 4000 3995 4001
3 4002 3996 3997
3 4001 3996 4002
3 4003 3997 3998
3 4002 3997 4003
3 3647 4004 3643
3 4004 3998 3643
3 4004 4003 3998
3 3648 4004 3647
3 4005 3651 3999
3 3999 3651 3646
3 4006 3999 4000
3 4005 3999 4006
3 4007 4000 4001
3 4006 4000 4007
3 4008 4001 4002
3 4007 4001 4008
3 4009 4002 4003
3 4008 4002 4009
3 4010 4003 4004
3 4009 4003 4010
3 3653 4010 3648
3 3648 4010 4004
3 4011 3655 4005
3 4005 3655 3651
3 4012 4005 4006
3 4011 4005 4012
3 4013 4006 4007
3 4012 4006 4013
3 4014 4007 4008
3 4013 4007 4014
3 4015 4008 4009
3 4014 4008 4015
3 3658 4015 3657
3 4015 4010 3657
3 4015 4009 4010
3 3657 4010 3653
3 4011 3662 3655
3 3662 4011 3665
3 3665 4011 4012
3 3665 4012 3666
3 4012 4016 3666
3 4012 4013 4016
3 4017 4013 4014
3 4016 4013 4017
3 4018 4014 4015
3 4017 4014 4018
3 3668 4018 3658
3 3658 4018 4015
3 4019 3670 3671
3 3672 4020 3671
3 3671 4020 4019
3 3673 4021 3672
3 3672 4021 4020
3 3666 4016 3673
3 4016 4021 3673
3 4016 4022 4021
3 4023 4016 4017
3 4022 4016 4023
3 4024 4017 4018
3 4023 4017 4024
3 3675 4024 3668
3 3668 4024 4018
3 4025 3678 4019
3 4019 3678 3670
3 4026 4019 4020
3 4025 4019 4026
3 4027 4020 4021
3 4026 4020 4027
3 4028 4021 4022
3 4027 4021 4028
3 4029 4022 4023
3 4028 4022 4029
3 4030 4023 4024
3 4029 4023 4030
3 3679 4031 3675
3 4031 4024 3675
3 4031 4030 4024
3 3680 4031 3679
3 4032 3684 4025
3 4025 3684 3678
3 4033 4025 4026
3 4032 4025 4033
3 4034 4026 4027
3 4033 4026 4034
3 4035 4027 4028
3 4034 4027 4035
3 4036 4028 4029
3 4035 4028 4036
3 4037 4029 4030
3 4036 4029 4037
3 4038 4030 4031
3 4037 4030 4038
3 3685 4039 3680
3 4039 4031 3680
3 4039 4038 4031
3 3686 4039 3685
3 4040 3689 4032
3 4032 3689 3684
3 4041 4032 4033
3 4040 4032 4041
3 4042 4033 4034
3 4041 4033 4042
3 4043 4034 4035
3 4042 4034 4043
3 4044 4035 4036
3 4043 4035 4044
3 4045 4036 4037
3 4044 4036 4045
3 4046 4037 4038
3 4045 4037 4046
3 3692 4046 3691
3 4046 4039 3691
3 4046 4038 4039
3 3691 4039 3686
3 4047 3697 4040
3 4040 3697 3689
3 4048 4040 4041
3 4047 4040 4048
3 4049 4041 4042
3 4048 4041 4049
3 4050 4042 4043
3 4049 4042 4050
3 4051 4043 4044
3 4050 4043 4051
3 4052 4044 4045
3 4051 4044 4052
3 4053 4045 4046
3 4052 4045 4053
3 3699 4053 3692
3 3692 4053 4046
3 4054 3703 3704
3 3697 4047 3704
3 4047 4054 3704
3 4047 4055 4054
3 4056 4047 4048
3 4055 4047 4056
3 4057 4048 4049
3 4056 4048 4057
3 4058 4049 4050
3 4057 4049 4058
3 4059 4050 4051
3 4058 4050 4059
3 4060 4051 4052
3 4059 4051 4060
3 4061 4052 4053
3 4060 4052 4061
3 3705 4062 3699
3 4062 4053 3699
3 4062 4061 4053
3 3706 4062 3705
3 4063 3710 4054
3 4054 3710 3703
3 4064 4054 4055
3 4063 4054 4064
3 3713 4064 3712
3 4064 4056 3712
3 4064 4055 4056
3 3712 4056 3714
3 4056 4065 3714
3 4056 4057 4065
3 4066 4057 4058
3 4065 4057 4066
3 4067 4058 4059
3 4066 4058 4067
3 4068 4059 4060
3 4067 4059 4068
3 4069 4060 4061
3 4068 4060 4069
3 4070 4061 4062
3 4069 4061 4070
3 3715 4071 3706
3 4071 4062 3706
3 4071 4070 4062
3 3716 4071 3715
3 4072 3719 3720
3 3710 4063 3720
3 4063 4072 3720
3 4063 4073 4072
3 4074 4063 4064
3 4073 4063 4074
3 3721 4075 3713
3 4075 4064 3713
3 4075 4074 4064
3 3714 4065 3721
3 4065 4075 3721
3 4065 4076 4075
3 4077 4065 4066
3 4076 4065 4077
3 4078 4066 4067
3 4077 4066 4078
3 4079 4067 4068
3 4078 4067 4079
3 4080 4068 4069
3 4079 4068 4080
3 4081 4069 4070
3 4080 4069 4081
3 4082 4070 4071
3 4081 4070 4082
3 3723 4082 3716
3 3716 4082 4071
3 4083 3725 4072
3 4072 3725 3719
3 4084 4072 4073
3 4083 4072 4084
3 4085 4073 4074
3 4084 4073 4085
3 4086 4074 4075
3 4085 4074 4086
3 4087 4075 4076
3 4086 4075 4087
3 4088 4076 4077
3 4087 4076 4088
3 4089 4077 4078
3 4088 4077 4089
3 4090 4078 4079
3 4089 4078 4090
3 4091 4079 4080
3 4090 4079 4091
3 4092 4080 4081
3 4091 4080 4092
3 4093 4081 4082
3 4092 4081 4093
3 3727 4093 3723
3 3723 4093 4082
3 4094 3729 3730
3 3725 4083 3730
3 4083 4094 3730
3 4083 4095 4094
3 3733 4095 3732
3 4095 4084 3732
3 4095 4083 4084
3 3732 4084 3735
3 3735 4084 4085
3 3735 4085 3736
3 4085 4096 3736
3 4085 4086 4096
3 4097 4086 4087
3 4096 4086 4097
3 4098 4087 4088
3 4097 4087 4098
3 4099 4088 4089
3 4098 4088 4099
3 4100 4089 4090
3 4099 4089 4100
3 4101 4090 4091
3 4100 4090 4101
3 4102 4091 4092
3 4101 4091 4102
3 4103 4092 4093
3 4102 4092 4103
3 3738 4103 3727
3 3727 4103 4093
3 4094 3741 3729
3 3741 4094 3743
3 4094 4104 3743
3 4094 4095 4104
3 3744 4105 3733
3 4105 4095 3733
3 4105 4104 4095
3 3745 4105 3744
3 4106 3747 4096
3 4096 3747 3736
3 4107 4096 4097
3 4106 4096 4107
3 4108 4097 4098
3 4107 4097 4108
3 4109 4098 4099
3 4108 4098 4109
3 4110 4099 4100
3 4109 4099 4110
3 4111 4100 4101
3 4110 4100 4111
3 4112 4101 4102
3 4111 4101 4112
3 4113 4102 4103
3 4112 4102 4113
3 3749 4113 3738
3 3738 4113 4103
3 4104 3751 3743
3 3751 4104 3754
3 3754 4104 4105
3 3756 3754 4114
3 3754 4105 4114
3 3745 3755 4114
3 3745 4114 4105
3 3747 4106 3755
3 4106 4114 3755
3 4106 4115 4114
3 4116 4106 4107
3 4115 4106 4116
3 4117 4107 4108
3 4116 4107 4117
3 4118 4108 4109
3 4117 4108 4118
3 4119 4109 4110
3 4118 4109 4119
3 4120 4110 4111
3 4119 4110 4120
3 4121 4111 4112
3 4120 4111 4121
3 4122 4112 4113
3 4121 4112 4122
3 3758 4122 3749
3 3749 4122 4113
3 4114 3760 3756
3 3760 4114 3762
3 4114 4123 3762
3 4114 4115 4123
3 4124 4115 4116
3 4123 4115 4124
3 4125 4116 4117
3 4124 4116 4125
3 4126 4117 4118
3 4125 4117 4126
3 4127 4118 4119
3 4126 4118 4127
3 4128 4119 4120
3 4127 4119 4128
3 4129 4120 4121
3 4128 4120 4129
3 4130 4121 4122
3 4129 4121 4130
3 3764 4130 3758
3 3758 4130 4122
3 4131 3767 4123
3 4123 3767 3762
3 4132 4123 4124
3 4131 4123 4132
3 4133 4124 4125
3 4132 4124 4133
3 4134 4125 4126
3 4133 4125 4134
3 4135 4126 4127
3 4134 4126 4135
3 4136 4127 4128
3 4135 4127 4136
3 4137 4128 4129
3 4136 4128 4137
3 4138 4129 4130
3 4137 4129 4138
3 3769 4138 3764
3 3764 4138 4130
3 4139 3772 4131
3 4131 3772 3767
3 4140 4131 4132
3 4139 4131 4140
3 4141 4132 4133
3 4140 4132 4141
3 4142 4133 4134
3 4141 4133 4142
3 4143 4134 4135
3 4142 4134 4143
3 4144 4135 4136
3 4143 4135 4144
3 4145 4136 4137
3 4144 4136 4145
3 4146 4137 4138
3 4145 4137 4146
3 3774 4146 3769
3 3769 4146 4138
3 4147 3776 4139
3 4139 3776 3772
3 4148 4139 4140
3 4147 4139 4148
3 4149 4140 4141
3 4148 4140 4149
3 4150 4141 4142
3 4149 4141 4150
3 4151 4142 4143
3 4150 4142 4151
3 4152 4143 4144
3 4151 4143 4152
3 4153 4144 4145
3 4152 4144 4153
3 4154 4145 4146
3 4153 4145 4154
3 3778 4154 3774
3 3774 4154 4146