OFF
3307 6594 0
1.8524701850 2.3181015302 17.6249524312
1.8930101308 2.4176871767 17.4254935617
2.1065433610 2.2009744878 17.4984644222
2.0819211911 2.3073323672 17.8644174750
1.9148687680 2.4768110963 17.6202437664
1.5967283858 10.6308794697 34.6520774445
1.7005736580 10.7513204413 34.5231578104
1.7521581039 10.6070103466 34.6514744106
1.7372177874 10.5521470267 34.7753124692
1.6560081792 10.6614963411 34.7619992657
1.9752483349 10.6648769210 34.9374414613
1.7117605471 10.8722761560 34.5803651941
1.8389041606 10.8505032629 34.7776496636
1.6065860279 20.6080840508 14.5403648891
1.7346540208 20.5417021896 14.4829705445
1.6449621463 20.5010515899 14.5729259085
1.7169159795 20.5922629762 14.6622300880
1.8569475102 20.7680985297 14.5337227425
2.1602513190 2.4828053728 17.0535632255
2.5033251325 2.7119501474 16.5050175635
2.7383268102 2.1608840016 16.8577973241
2.5560393883 2.0010277192 17.5791268059
2.3220359351 2.0900417563 17.9371912650
2.3070995129 2.2019262305 18.1110719750
2.5785506772 2.1361802819 18.1611795097
2.3010256208 2.8896483540 16.8426710927
2.5741713326 3.2277140085 16.5019444625
2.1452165585 2.7556131366 17.3130846787
2.2945480363 2.6428464694 17.7553999067
2.6158299715 2.3911417642 18.1017042844
2.6685665388 3.3446848662 16.9873675510
2.6178369725 3.0263874996 17.4963930367
1.8183332258 10.8012250327 34.5589685713
1.9623704580 10.7482523230 34.6541899416
2.2501255838 10.5393962874 34.7795858914
2.5021910171 10.6495289941 35.0846485033
2.0796453957 11.0808301323 34.2896517074
1.9420941365 11.3838785450 34.4929106738
2.0759124161 10.8723549708 34.4983038773
1.8290295567 10.9851683882 34.6150059430
2.0370823262 11.2750390878 34.7876584232
2.4329187288 11.0841825846 35.1766405140
2.2325190328 11.9202494305 34.0537685959
2.1485380664 12.2303112913 34.6005048440
2.1501039201 12.5628517525 34.1298696286
2.6104178166 12.1849058566 35.3103442199
2.1593217664 13.8378502748 32.7679260950
2.4589817943 13.8288049563 32.0928089757
2.3416360862 13.3740999504 32.5389095858
2.2780648793 13.1363056319 33.0287865873
2.0983642908 13.6626309130 33.4887954908
2.1889336903 12.9046499826 33.7053813061
2.1642482669 13.2940072682 34.3085779684
2.3157218239 12.9383673916 34.8988971533
2.3288556851 13.4734348268 34.8181411574
2.1754080160 14.6098968420 32.4506655032
2.4500378121 14.8016914816 31.8038294881
2.0863372564 14.4942943974 33.1786663497
2.1625551138 14.2880223574 33.9317373596
2.4500572115 14.1346112412 34.6637586110
2.2616420283 15.2849805783 32.1973834136
2.5600736531 15.6134076447 31.7477967109
2.2351170569 15.3581384498 32.8407289905
2.2733062251 15.0827917653 33.6195187098
2.4145573934 14.8399302573 34.2091442288
2.4416052750 15.8764453351 32.2865069802
2.8135672208 16.2076425551 31.8654303586
2.5183318085 16.0186625163 32.7867597796
2.6431391276 15.8031947381 33.4161922028
2.6555893180 15.3762187538 34.0300124083
2.9331772880 16.4185365561 32.4174921571
2.0367453569 20.2773076542 14.6798765752
2.4773922532 20.1440235213 14.2842161745
2.6312346953 19.7746894782 14.5661843417
2.5844817470 19.5846767367 15.1295922430
2.2612658559 20.1906178305 15.2833531437
2.5624424759 19.8482278281 15.6885725030
2.1382244128 20.5490160720 14.2543474044
2.5045219644 20.7345471151 13.9950169770
2.6863712781 20.3927833395 14.0058738998
2.0640657094 20.7730722945 15.0486398916
2.5080241930 20.5481798352 15.7790578996
2.3069781683 20.9650423498 14.2693742577
2.2407019528 21.1688078234 14.7308830087
2.7699306568 21.3118947520 14.5121789535
2.3220467858 21.2809453735 15.1717746139
2.4070088439 21.1148918306 15.5187850175
2.7070661944 21.4992298251 15.0711535145
2.6564197605 21.4370335788 15.4964478592
2.4601907445 24.3642864442 29.7737826689
2.4333760707 24.2980634809 29.4352175327
2.6067379197 23.8913702407 29.5853729204
2.8699641561 23.7392413527 29.9191095018
2.3631008739 24.9161586868 29.4825179674
2.7532686028 24.9809390575 28.9392865882
2.4832262110 24.5173781761 29.2156389032
2.4269271812 24.9278724492 29.8836775637
2.7841820370 24.4487815079 30.0961465700
2.4488585073 25.6701725700 29.3494872401
2.8186264995 25.8773843344 29.0649641688
2.4206114172 25.5331921211 29.7619017849
2.7547456231 25.2159694932 30.1010611990
2.5615125230 26.1915618735 29.3333296157
2.5235716470 26.1352862955 29.6252209582
2.7204695915 26.4477123734 29.4930510554
2.7924954664 25.9256007127 29.9769956656
2.9245426774 26.4184279737 29.7797267724
2.9528638807 2.5357293253 16.1005332766
3.3665669713 2.7629506782 15.4956866828
3.6702898135 2.1246406713 15.9911619898
3.4649808123 1.8998733619 16.8369127214
3.1394208573 1.9097143137 17.4301623206
2.8491772091 1.9944982143 17.9439045957
3.1105993095 2.1764643706 18.1684096384
2.8905816825 3.2568055381 15.9473151932
3.3396540569 3.5646859083 15.2704180089
3.4041763887 2.4836933200 18.1299277899
3.0050007697 2.8272864523 17.8576655727
3.1113154784 4.2423521354 15.7022807209
3.4234292565 4.4735329995 15.1453642253
2.9874631587 4.0064370939 16.4008634176
3.2852762388 3.9681311624 16.9522675159
3.3913720304 3.4075732405 17.4317799533
3.2582415713 5.0517740368 15.5201187417
3.5413197134 5.4065242443 15.1269795996
3.2969161741 5.1355903436 16.0753086149
3.6909254787 4.8021994935 16.7144105325
3.3930613557 5.9216993267 15.6175175996
3.7158165133 6.3579073259 15.1998410011
3.5518631161 6.0888603365 16.0927373856
3.7241419429 5.6409706391 16.4450926745
3.5259594752 6.5803564157 15.5483956056
3.7470939595 6.8966655273 15.4733314784
3.5283639135 6.5161157888 15.8160560981
3.6823733223 6.8764166871 15.7277689046
2.4103609338 10.6420747762 34.5071686052
2.7162911687 10.8404474754 34.1434048333
3.1864221262 10.5276534130 34.4595721973
2.9627185963 10.5175000727 34.9510275769
3.1904609441 10.7751159944 35.2799610063
2.8237949563 11.4389409929 33.5948769500
3.3611509700 11.4455248890 35.6730699066
2.7146093163 12.8022297347 32.4219026760
3.2636768856 12.4858188346 31.8734257765
3.1471315491 12.2145112591 32.3149593031
3.0392173995 11.9532428029 32.8089102404
2.4798426248 12.3534366438 33.3498095127
2.2337477931 12.4330057328 33.8319378058
3.2823220648 12.1927025430 35.8802205595
2.9888055167 13.2729779771 31.6282065105
3.4129420599 13.5715289391 30.9918633662
3.4707318220 12.8340439228 31.3237555642
2.6625436724 13.4116468315 35.2593277528
3.1525557517 12.9028220174 35.8223154814
3.2654212499 13.7464193451 35.7656950523
3.8047148296 13.2656673306 36.2305136843
2.8807589781 14.2114003196 31.3565202624
3.4341822769 14.6152532372 30.6716034086
2.9908086216 14.3197231145 35.2400617939
3.6480081044 14.4551169218 35.6835613303
3.7449113585 13.9510510486 36.0619980042
3.4740594806 15.4993068087 20.6267328868
3.5195283461 15.5961288580 20.4533150098
3.5192174437 15.3075207429 20.4461728834
3.5817872816 15.3732965054 20.7296952130
2.9168752464 15.1981753890 31.2211974744
3.5363651215 15.7573518423 30.6387102979
3.3728085752 14.8951741741 35.1793836552
2.9191925433 15.0170548297 34.6443731273
3.5820981840 15.6619046205 20.7368373394
3.0996308275 16.0742400669 31.3209191479
3.7376251587 16.6512494094 30.9251670463
2.8461323987 16.2760029593 33.0022256793
3.1599695811 16.2230136547 33.4179984190
3.3801006763 15.7923997102 34.1069797540
3.5445320715 16.7519875584 31.7080149942
3.6275007348 16.7566439330 32.4263319631
3.3709175864 16.5283364040 32.9556602916
2.9002816942 19.1602891891 15.7854849522
3.0446261177 18.9330063914 15.1986557987
3.2276030515 18.5390272997 15.5142056687
3.2280884212 18.5103455355 16.1059802428
3.0827495637 19.1187798793 16.4119456841
3.2952081883 18.7208258231 16.7235477606
3.2520308320 19.8542271487 14.1932495489
3.1299569810 19.2152345308 14.6904725624
2.9155569616 19.8912670758 16.3289303452
3.2817892848 19.4624718752 16.9731281966
2.8601590236 20.6813118152 13.8934138253
3.1920672413 20.4338522527 13.9513640805
2.9726200451 20.6737545950 16.3770919141
3.4753585182 20.4665515390 17.0614445661
2.8278991773 20.9881254167 14.0694652854
3.5412610299 21.1796610459 14.3751620987
3.3055052817 21.0679598139 16.5649206747
2.8971471627 21.2005632867 15.9913676937
3.3929677402 21.5819578704 14.9865215762
3.3015317828 21.6059576377 15.7001851219
3.1069386126 23.0449085195 29.1751053794
3.3743125137 22.9910886195 28.7315143252
3.3519128622 22.6131311728 29.0442648219
3.3728274263 22.5685267470 29.3830886286
2.9689383662 23.2951496980 29.5516383331
3.5351656756 22.8133602254 29.9079577249
2.8210785103 23.8886137984 29.0651235722
3.2741546454 23.7062091176 28.5165107236
3.4435288955 23.7110885129 30.2174864906
3.1716164126 24.3393649531 28.5121263965
3.7114045308 24.4140500030 28.2097740844
3.5727851458 23.9218274945 28.2416542759
3.3883484848 24.6061146913 30.3020355987
3.3202499863 24.8906280486 28.4687270024
3.3750332479 25.4608990145 28.7086414606
3.3676421148 25.4607851442 30.2386515269
2.8711870203 26.3485101303 29.2624278859
3.4700202122 26.1468121891 29.0874902640
3.3756229801 26.1515923899 30.0674068760
3.2258451203 26.5426900328 29.5058857641
3.4189043056 26.5178761925 29.8465145048
3.9311062810 2.4452122646 15.1904140636
4.4297259702 2.5621883642 14.7408862921
4.6560310246 2.0866543290 15.2234630629
4.5221832157 1.8679608510 15.9915525559
4.1449983757 1.8490350888 16.6542969816
3.7766082926 1.8517770113 17.2593886777
3.6177892741 1.9894936154 17.8343281432
3.6921865563 2.2232367831 18.1376508278
3.8384400124 3.0108948167 14.9115885205
4.4892031326 3.1643079418 14.4812032853
4.0342701565 2.4134663715 18.0455214910
4.0069826504 2.8573747563 17.8273568190
3.8540059376 3.8223911679 14.7591540926
4.4953961288 4.0377081110 14.3907455031
4.4587200688 3.4669727617 17.5002128544
4.0293235599 4.1108389718 17.1694492894
3.9266650540 4.7575917989 14.7111769478
4.6135882980 4.9989632799 14.3794257761
4.4923913893 4.7619532759 17.0295855692
4.0611332642 5.7291512724 14.7384915969
4.8067474033 6.1386611953 14.4194062316
3.9575717400 6.2269617665 16.4261880603
4.5081442492 5.7283182579 16.8238245539
4.2027224833 6.5459091565 14.8486133726
4.1044478665 7.1006414694 15.2679198210
4.4143489329 6.6314466019 16.5801344885
3.9111490576 6.7784903517 16.1177314763
4.0574075723 7.2470842550 15.7644482545
3.7703256815 10.7913376562 33.5690087138
4.4111766143 10.3919140402 34.2402330188
3.8318561526 10.4971330298 34.9157951731
4.2621487681 10.8389183044 35.5233830991
4.0607872292 12.0297811187 16.9223413032
4.2266485316 11.8371915169 16.0429504456
4.3182100572 11.2977693209 16.3778753426
4.3139238172 11.1860174080 17.2123330418
4.0800883819 11.8797617227 17.8910952779
4.3213080157 11.2590663228 18.0252397793
3.6242631216 11.7336778242 32.2600746976
4.1652015857 11.5919660461 31.7678607150
4.1223128636 11.2892738323 32.2355332641
4.0181928158 11.0886599955 32.7102624404
3.4671261404 11.3571857586 32.9847634715
4.1711934673 11.3657285054 35.9986788588
3.8851941585 11.9299991793 36.1535188938
4.5485326133 11.6934837845 36.3203894957
4.0351358484 12.7286675824 16.1551128192
4.2683422762 12.9859880878 15.1883609164
4.3345295120 12.1561190329 15.4276626974
3.8593868935 12.9002017112 17.0737539080
3.8674373203 12.7066266322 17.8473236401
4.1848925845 11.7389799919 18.5567019810
3.9689771447 12.5503716150 18.8432965161
4.2665062644 11.9079641919 19.3077500262
4.1134863120 12.7098753168 19.9100138151
4.4646774989 12.0340654327 20.1557534609
4.3553813746 12.6997440644 20.6254607538
4.7647873832 12.1996715264 20.9233075447
3.7756269876 12.2009439705 31.5233621301
4.0523143266 12.7226739164 30.8258115575
4.1565246471 12.0033084997 31.2936093766
3.6758151499 12.5531278836 36.1815283100
4.5343684281 12.4986717477 36.5542697177
3.9638708976 13.8493858824 15.8256870896
4.2053476881 13.7584395384 15.0053571712
3.8027787326 13.6745661578 16.8425597959
3.7348315501 13.6006729160 17.7820862535
3.7522671815 13.5073073158 18.7122968874
3.8482755191 13.5498180082 19.7030846679
4.1408161036 13.5801371513 20.7549301190
4.6124341514 13.0045640352 21.3207553409
3.8654690329 13.8331885798 30.3928963134
4.3677181380 13.2388034218 36.5131790863
4.0796863771 14.5690729333 15.1657582722
4.3384607860 14.6968179881 14.5417787845
4.3550356205 14.1271911950 14.5863305147
3.8545633081 14.8458984879 15.9763089347
3.7548361245 14.6579343559 16.7476303718
3.6834103813 14.5484090912 17.7058214827
3.6528320256 14.4466130842 18.6832160234
3.6800151648 14.3003705957 19.4801671396
3.7524899943 14.7095236002 20.4659387648
4.5461843712 13.8129828970 21.7197473293
4.1761124183 14.6073764574 21.4073835510
4.5516397209 14.5773562100 22.0748950723
3.8763896796 14.5243439253 30.1499826586
4.1800195550 14.8156679942 29.7238915012
4.1529735854 14.1685714565 29.9059635642
4.0136280106 14.2629129569 36.0371531001
4.3363715793 13.8455070867 36.3206539608
4.1604930705 15.2368068173 14.8772886260
3.9022431847 15.6729837293 15.6482677072
4.1520558546 16.0189435992 14.8694199487
3.7325831462 15.6467868658 16.6821221717
3.6718754697 15.5533398469 17.6497389340
3.6441479577 15.4539388316 18.6616112402
3.6089263148 15.3001439655 19.7994415133
3.9541150456 15.6331307543 21.1822678702
4.4656529488 15.3433342755 22.0295902034
3.8408391201 15.1861894233 30.1502752491
4.1826477910 15.4707258288 29.7242556822
3.5580262815 15.3399016776 34.8253266276
3.9867412620 15.0801691765 35.2999653425
4.5767999752 14.6225274388 35.8761237111
3.8231617261 16.8911866769 15.5442581255
4.1505817130 16.7642867711 14.7534283560
3.6907081341 16.6972971791 16.5874005042
3.6681562022 16.5823847038 17.5920181558
3.6826119390 16.4625320138 18.5571652328
3.7272382087 16.3583976125 19.5451267019
3.7559228452 16.1243245281 20.4968751682
4.2294271508 16.7448660497 21.2050472851
4.6299534205 16.4086432190 22.0354583410
3.9858943583 15.8466483315 30.0667960171
4.1030491968 16.5380563929 30.2290170046
4.2876062845 16.0908725099 34.0499773997
3.8244171020 16.3572530671 33.5190876604
4.3059343360 15.6292252827 34.7095108767
3.9575646921 17.5052755678 14.8813643785
4.3972001746 18.0348154844 14.2331229848
4.3754909211 17.1628562649 14.3435765554
3.5339969479 17.9147882977 15.5773405958
3.5106409837 17.8558629167 16.5209697492
3.6258231126 17.6546681247 17.5302234457
3.7309932868 17.4821192037 18.4863839231
3.8121501219 17.2352669690 19.2879543469
4.1047590022 17.4170982134 20.2938522555
4.6664193359 17.6232753701 21.2637367791
4.6362984189 17.1226753349 21.7055515133
4.0566835481 17.1487093201 31.1660998538
4.4652781619 17.3520301844 30.5700522842
4.2628099755 17.2309916265 31.5429545680
4.4224872673 17.0425618652 32.1700368169
4.1595895371 16.7132143581 32.9193350104
3.5793626415 18.4106659814 14.8973591932
3.9188087057 18.9889086436 14.2974526569
3.5251639953 18.7766478870 17.4592942219
3.7656435754 18.5260449841 18.3730252396
4.0140820071 18.2883041936 19.3609675681
4.4588440256 18.5373871004 20.1610196007
4.6009484926 18.1588511950 20.7133397887
4.5741424808 17.4759584970 31.1425614662
4.2232232108 19.6113342007 14.0670773582
3.6240186567 19.8016319128 17.6483235646
3.7831758133 19.3701228652 18.1842828522
4.1316799895 19.3969710404 18.9290074164
4.4195145996 19.1161460541 19.6480045694
4.4509539854 20.2410109265 29.0322471292
4.5304690748 19.9984699264 28.6018267732
4.6733657093 19.5549849148 28.8927498258
4.8722002771 19.6583736096 29.3872431155
3.2651175433 20.7768910796 13.9858975787
4.0271349478 20.4420036228 14.1260473454
3.8310590968 20.3800962383 17.7095446235
4.0678096156 20.1426308764 18.2633616352
4.4761555388 20.1371318015 18.8669946052
4.7207143872 19.7924733321 19.4247328785
4.3127128634 20.7913731837 28.5920943263
4.7923949366 20.8778594140 28.0668762610
4.7131959831 20.1567634740 28.2554590596
4.1606446669 21.0746534035 29.2202696290
4.6442136213 20.5308080360 29.5714892906
4.5479908390 21.1209069063 14.5615415331
3.4773535641 21.4356694821 16.3415596789
3.8410001755 21.2291102110 16.9106049045
4.2887528028 20.8893119004 17.7101173532
4.6121084409 20.5871573389 18.4610444936
4.2587104269 21.4094733633 28.3433979184
3.8043019273 21.9501327556 28.8309276522
4.1399303024 21.9042530521 28.3074456175
4.2994348843 21.2377694065 29.6860970718
3.8687825591 21.8815247243 29.5491255254
4.3935614012 21.8332287646 30.0032986376
4.1866377682 21.5509263843 14.9489806358
4.1008072144 21.7267461329 15.6118122857
4.1278337810 21.6262423138 16.4379629549
3.9339917298 22.4925061596 28.3428794530
4.3890719416 22.7095844130 28.0579499252
4.4018992856 22.0938546972 28.0990593824
4.2729280235 22.8397530790 30.2572455013
3.7486261257 23.2721415661 28.2678731977
4.2138449568 23.6574962806 28.0630185124
4.2121364129 23.8005358126 30.3778095254
4.3431720764 24.3744077429 28.1197913633
4.1636464761 24.7489378683 30.3558921398
3.9056468950 24.9704402004 28.3486843105
4.3340695553 25.4768075833 28.7407507699
4.0888456440 25.6139789662 30.2148448865
4.2226487752 26.1448193363 29.2297226315
3.7663954741 26.4752554085 29.4036435684
4.1856704423 26.4033389959 29.5507776132
3.9579877067 26.2538402670 29.9920959723
3.8050744133 26.5414513270 29.7055783632
5.5201326674 2.3503557896 14.3009430858
5.5706317704 1.8951043600 15.0523802221
5.2537619147 1.8145532328 15.7468549010
4.9644161682 1.8309419059 16.5118067102
4.4618500477 1.9633726212 17.3283302800
4.1581604259 2.1625197052 17.9107313202
4.7334897742 2.3886880155 17.6785862605
5.1209887108 3.3437091211 14.2005606509
4.9860608018 2.9143380999 17.6183129657
5.2851907533 4.1201625070 14.1410641211
5.2745136683 3.3300252329 17.4557656467
5.1137974078 4.0265812763 17.2599714700
5.4511462302 5.0986292994 14.1486907004
5.3386645434 4.9363193370 17.1065194200
5.6457990683 5.9924342906 14.1042109614
5.5404096170 5.7206772867 17.1129039639
4.6369632388 7.2342629090 14.8322467313
5.4227794589 7.2218881855 14.1703459548
4.6015190316 7.4272211290 16.4274505373
5.3197813296 6.7359679498 17.0794329285
4.9513516968 8.1940865484 14.8028543525
5.3018717155 8.3220947850 14.2430279203
4.5832568311 8.0532476992 15.7014434505
4.8739459364 8.3228580653 16.6470805356
5.2606699091 7.8934053369 17.1785772055
5.0809882253 8.8827057921 14.6147696398
4.8188100722 9.3671457678 15.3649983179
5.0610439853 9.4722636034 14.5833739547
4.8161096823 9.2814034113 16.6718767569
5.1829135301 8.7891515526 17.3430374208
5.1831936777 10.6028698803 13.9711518273
5.6280766771 10.8983516705 13.2719524122
5.5128451741 10.1234827697 13.5262323568
5.2468262162 9.8067695995 14.0661527915
4.8958848698 10.2644865711 14.7617189493
4.6952474140 10.3054285409 15.4704674768
4.5834830101 10.4216946378 16.3251587343
5.0569709501 9.4978575859 17.6402191181
4.7017311998 10.3928490160 17.7571627423
5.2528123752 9.7761886497 18.4722391199
4.9699815812 10.5390199716 19.0268951052
5.7066043362 9.8783366649 19.6139068543
5.2361472511 10.7095364319 19.9963254449
5.7510203114 10.3196608606 20.3847915615
4.6635548115 10.9660211156 32.2434886002
5.1733930290 10.9840835077 31.5314610545
5.7226334372 10.4992433664 32.1764597192
5.0455951788 10.4170661617 33.4273143157
4.3876049524 10.7488044112 32.9864869737
5.2725050229 10.2445588846 34.0636439463
4.9827139417 10.2773413336 34.0605790065
4.9771152402 10.2704940303 34.3443765096
5.0050210033 10.3803155273 34.8117121397
5.4203543378 10.6756022800 35.5815826961
5.1544349041 11.4432043136 13.8439510622
5.5130684452 11.8323275089 13.3127556057
4.8759738436 11.1316981225 14.4730832893
4.5578598432 11.1848064428 15.4109790490
4.4843901634 11.1823779978 18.7178138881
4.6811583004 11.2958511638 19.6195309411
5.6691088250 10.8239854765 20.8674870464
4.9772562671 11.4395612186 20.4810386204
5.3980051758 11.6344551611 21.3198040039
4.6688328528 11.6375960073 31.1713034248
5.2198416291 11.5808469885 30.5753756833
5.1764369078 11.2241357243 31.0711441390
5.1409167820 10.2363178572 34.2082068847
4.9375548841 11.1689701484 36.0715290908
5.3707974268 11.7111357701 36.5669004280
5.1617096012 12.0659456838 13.7367077887
4.7454609344 12.2122409544 14.4456509225
5.1012899682 12.5252974382 13.7669679485
5.1115405688 12.4380893627 21.6297005341
4.8141571226 12.4199039910 30.1849318317
5.2918027400 12.3977530627 29.5273935869
5.2625169122 11.9645581700 30.0603048246
5.3336126820 12.2557966633 36.8747550624
5.2316703915 12.6737641816 36.9103093609
5.7161274907 12.4659536056 37.0528818014
4.9547773916 13.1415303698 13.8787895150
5.3512927730 13.5797459956 13.3244189130
5.3172973347 12.8603741821 13.4479133403
4.5240604907 13.4052736926 14.4759200349
4.9354098004 13.0107040734 21.8185083098
4.7399262876 13.3204225500 21.7549746680
4.9646076109 13.4682282946 22.1620740494
4.9076920259 13.3259180751 29.2489526436
5.1884860905 13.5135069804 28.4549924059
5.3244731422 12.9142312729 28.8264211662
4.3751299353 13.4445471224 29.9703590165
5.7891467622 12.9302398011 37.0231297126
5.0166066502 13.2728745029 36.7115934796
4.7706755682 14.2972467272 13.9563597600
5.4308298599 14.6770429805 13.1042477464
4.9066722216 14.1751144507 22.4427242351
4.8791747655 14.9941058499 22.6003557142
5.2266003795 14.5920163935 23.0246247780
5.2081458878 14.6156955345 27.5938641400
5.4128431286 14.7497293295 26.9896991306
5.4176186083 14.2366414943 27.0943902468
5.2991338621 13.8954981307 27.7616303539
4.9448346772 14.3213624277 28.4940438186
4.5135810332 14.2299149826 29.3892013316
5.2240241924 14.0527506233 36.4309758407
4.9236199261 15.4658947979 13.6654560980
5.4411950988 15.8102482681 13.0525595799
4.4586561016 15.3319371751 14.3203188092
4.9202827295 15.8373440539 22.6067070958
5.3876921872 15.4980791640 23.2241977433
5.2912984158 15.1290183477 27.3687710131
5.0633074712 15.3228750452 28.0760956961
5.3071390435 15.4970431912 27.5030790617
4.5838140061 15.2478016124 29.1045021960
4.6805430447 15.2378955458 35.2962741666
5.5294966969 15.1017520757 35.5229923475
5.1373376714 15.5437028842 34.9402003416
5.5335510822 14.5815993434 36.0990483308
5.0591161525 16.3467494561 13.5179791064
5.6120750296 16.8719888267 13.0389192616
4.5524101709 16.3276792825 14.1615262260
4.9997052067 16.3802707663 22.5715260880
5.3659004896 16.3543299761 22.9334075745
5.3511434612 16.0792882072 27.7992477802
4.9017462937 16.2856032705 28.7846439770
5.2313318480 16.7340371134 28.3844075510
4.3956225666 16.1389519411 29.5880248669
5.2461157167 16.0015703692 34.2525108427
4.7326651638 16.4471374790 33.5323012239
4.9345605144 17.2346478262 13.7447918590
5.6223292154 17.8060893042 13.3062243966
4.8946613448 17.4895100340 21.7558638359
5.0178369123 17.2163874232 22.0860938100
5.2019420741 16.8288532427 22.5348729554
5.0320573498 17.0722209153 28.8611948491
4.7197084731 17.2549075599 29.5462152403
5.0381346965 17.6656285479 28.9331706940
5.5088904428 17.2185227136 32.1804657653
4.9742100855 17.4620300555 31.5799380106
5.1364400778 16.8269527051 32.8530073333
5.1027363563 18.0929153268 13.7184494513
5.0214982743 18.9517831471 13.8927485254
4.8898961902 18.7005934840 20.5988879608
5.1118362267 18.3614990060 21.1167829981
5.4096013408 17.8829926029 21.8613204504
5.1817942975 18.6000382686 28.3858285295
5.4692875992 18.8591358851 27.8920439723
5.4783434151 18.2204086820 28.0354289610
5.2443016031 18.0009661325 28.5014761923
4.9797883103 18.5966928059 29.1232587396
5.0427506150 18.1424371540 30.0752152610
5.3345854847 17.9358120834 30.8620302271
5.4531716297 18.4605667794 30.3466963914
4.9354731178 19.8512597901 14.0361684108
5.4337893147 18.9944166846 20.7862803875
5.0010753127 19.2936741803 20.1312014758
4.9240780490 19.3608219778 28.3999634819
5.3616633766 19.8602763038 27.8360471056
5.5335027314 19.0810173501 29.9182793238
5.3268592985 20.0500126555 29.7870224631
5.3873726077 20.5267798822 14.3739510487
5.4607203111 20.0362925870 19.7195923842
5.0534852040 20.4207227302 19.0116043473
5.5515027392 20.7010329401 27.7404871057
5.0930436487 20.6495279733 29.8845467417
4.6896837771 21.0510358954 29.8851496113
5.1748374977 21.2222638584 30.0615875165
5.4123089463 21.1781444326 14.9413753685
4.8474289052 21.4782743467 15.0088611896
5.3429905216 21.4989621500 15.3914649182
4.4131531780 21.4184922836 17.1588624733
4.8670311453 21.3365500542 17.5581832294
5.3053974715 21.0033615823 18.2362935852
4.5172356431 21.5994840736 28.1024219169
5.1937364271 21.7540809571 27.9330283514
5.1285447499 22.0505248540 30.2373509112
4.8052505892 21.6728010843 15.5017420538
4.8413877829 21.7082103955 16.2390103158
4.8814288093 21.5900027730 16.9882196668
5.0076471708 22.9099492947 28.0159989029
5.0698510349 22.9575015613 30.3565595847
4.8927743633 23.7645128312 28.0794477686
5.0447750309 23.8977713275 30.3416948809
4.8636293865 24.3468833084 28.1968078553
4.5259593018 24.8174801154 28.3171779677
5.1611903952 24.6494243167 28.5428786564
4.9373079011 24.8596919927 30.2213266432
5.2183512103 25.2545686908 28.9713031586
4.7338972079 25.7211979447 29.9810040441
4.7988589148 25.7645964875 29.1556073124
4.3127499372 26.2912191254 29.7989783114
4.7358540767 26.0007103674 29.5641120076
6.4683087059 1.6862953260 13.8351267127
6.8353889524 1.6147291434 13.3983443653
7.0552819500 1.3340485929 13.4247075117
7.0641686604 1.4551227239 13.8895650799
6.2709672286 1.9682406786 13.7071670632
6.6024695164 2.0105014187 13.5448427497
6.4545402561 1.7453260509 14.6114213953
6.1071176981 1.7805945901 15.5779258695
5.7092059410 1.8317514489 16.2634656824
5.5160597773 2.0649825223 17.0044105057
5.5985561636 2.5168497343 17.4154814200
6.1994167572 2.3436997287 13.7847219675
6.0128599053 3.0857346495 13.9646943274
5.6561784956 2.9296964630 17.4550384265
6.1357351798 2.6843879816 17.2660426016
6.0825077936 3.2743474818 17.2496600380
6.2311420194 4.1030558065 14.0186818788
6.2130817833 4.1417300932 17.1748710801
6.3780528295 5.1520379219 14.0323024701
6.3395132532 5.0392071187 17.2056418618
6.4020173078 6.2994463063 13.8910141776
6.3609650741 5.9795081464 17.3525133699
6.1306749027 7.2721839194 13.6853382172
6.4279462331 7.6508425087 13.3565834410
6.7868959668 6.9661882216 13.5206641073
6.1872849652 6.7368033771 17.5249665104
5.9483667440 7.4515756522 17.6684172808
6.7192957166 6.9782307229 17.9208999450
5.8313389075 8.2560544880 13.6104583518
6.4880788105 8.2263023109 13.0385927558
5.7694580187 8.4091150618 18.0067326103
6.6262239271 7.7708235027 18.3949726058
6.1791919876 8.9765505893 13.0142170503
6.6628321574 9.3509542008 12.5654602215
6.6538881218 8.6951909568 12.7067307131
5.6566319957 9.3610817321 13.5155391763
5.3415606449 9.0210038147 14.0968108649
5.4020497634 9.1456919180 18.0374380261
6.3124303550 8.4802362329 18.7494640498
5.8480631785 9.1267587163 18.8292339185
6.6365177564 8.7883603610 19.5076458650
6.1112921866 9.2963648945 19.5004435620
6.4365154788 9.3723158018 20.0434074110
6.0471444115 9.9745329705 12.9508918875
6.7939540578 10.3245874540 12.3575116574
6.4236953376 9.8765604971 20.6759586370
6.0000709020 10.3457442434 20.7934590856
6.3603765461 10.3995682067 21.2680733356
5.7016599204 10.9497347619 31.0301744747
6.3434412253 10.8551849978 30.5101496008
6.6429790218 10.3863564475 31.3900396938
6.6639155224 10.1306201240 32.3956547128
6.2759547508 10.1460118881 33.2395584794
5.8460146343 10.2128398716 34.2604550448
5.2669063214 10.2377115813 34.3474414494
5.9159229358 10.3686452666 35.0729903674
6.4263812001 10.5952938158 35.6254371362
6.1859671523 10.8008466497 12.7212848213
6.0341786043 11.5959875004 12.8056813747
6.3180461768 11.0063273174 21.8953795495
5.7918251299 11.9980169167 22.2135234132
6.4110942672 11.5063240982 22.6371144166
5.7814566970 11.5553056312 29.9490898086
6.1860826615 11.6126785415 29.2197206909
6.6370976976 11.0772259270 29.6836114879
5.9311827657 11.0597776003 36.1571243392
6.4629187581 11.5124403918 36.6547094985
5.3769350121 12.3853313078 13.4221359100
5.8147886437 12.7081379513 12.9336773047
5.3364103435 12.8657930770 22.2857544101
6.2021015246 12.0008002000 22.9045017160
5.8562508097 12.6953223654 23.0604235683
6.2792513023 12.2375123104 23.4150704410
5.9836252772 12.7408592567 27.2031601189
6.2084339749 12.6257846743 26.4326980789
6.3786865279 12.2437141277 26.9244599624
6.3494761797 12.0610500794 27.6836177396
5.9625865975 12.3868526615 28.0711304807
6.2503502498 11.8614809701 28.5209818489
5.7501666448 12.2483818011 28.8894312208
6.0206018549 12.0515868590 36.9552622713
6.4108354574 12.5202486797 37.1466214885
5.8594391456 13.8379216487 12.7427955564
5.3926027486 13.6937649967 22.9691956467
6.1451320291 12.6807921027 23.8163388237
5.8543560587 13.4976812185 24.0499715880
6.2371627953 12.7855786835 24.6361738676
5.9499098222 13.5162749638 25.2715658276
6.2615046770 12.7377090862 25.6360275348
5.9331637952 13.2589416496 26.2859043997
5.6247366928 13.5867490233 27.0765337105
5.5699294153 13.0465109787 28.0312932834
6.6406382949 13.1148709586 37.1125138727
5.9372680048 13.5728979771 36.8211819983
5.9237926399 14.5076054337 12.5721951855
6.3461854026 14.6809124553 12.1242783395
6.1543341505 14.1210350567 12.3994435898
5.6254790332 14.6703975833 23.8160915281
5.8106205955 14.4484768852 24.9270532392
5.6846577108 14.3198283174 26.2395733937
6.1336488139 14.2076665484 36.4830496505
5.8797479915 15.2695956769 12.5581772743
6.3404833439 15.7388774120 12.0662229348
5.8186679479 15.6264441288 23.9110811299
5.9251849610 15.3790740489 24.6348797856
5.8818716085 15.2952769721 25.6602044934
5.5932919170 15.4439250000 26.8399979788
6.6101044657 15.1824509073 35.4611271409
5.9999584325 15.5948792357 34.8543574252
6.3178951547 14.7289772556 36.0263246236
5.9389130259 16.2011956710 12.5398170260
6.3727700393 16.5227908317 12.1319467310
6.1863423704 16.1730422384 24.3498913401
5.9505451049 16.4206937438 23.5496843388
6.2205501219 16.0814820330 25.2232711825
6.0649915893 16.1223650325 26.1959965388
5.8122995518 16.3950332958 27.1023962274
5.5575616648 16.8742886766 27.8535582531
5.9703488478 17.1893361838 27.2690461714
6.5227432783 16.0584977095 34.1174704130
5.7626163385 16.4686012180 33.4911093801
6.1676186513 16.9300110826 12.4848566081
6.3221238047 17.7096391079 12.7101882899
5.5008600761 17.3754042043 22.4281785927
5.7837850565 17.0431232990 22.9297842345
5.5935762845 17.6038206874 27.9469652681
5.9676833297 18.1198934355 27.4212587586
5.2874283110 17.3269732470 28.4526968605
6.3915685160 17.3196327016 32.1144713348
5.9197181613 17.6366797967 31.5776552939
6.2763598301 16.8916333508 32.7757562869
5.5940825049 18.4493819377 13.5156566999
6.2422386769 18.4459492457 13.1810124128
6.2621002747 18.4004388007 22.1083800072
5.8054275753 18.6713073718 21.4157121374
6.0651729189 17.7342920371 22.6040354664
6.0728082009 19.1144436513 27.3656130408
6.4439407364 18.1174679159 31.0564533738
6.0355308234 18.5882076684 30.4945764577
5.9707533393 18.9451611921 13.5553459785
6.0222946167 19.6819558602 13.9159346552
6.0264333472 19.2194830046 21.0243588587
5.8020110874 19.6009993145 20.4368793869
6.3019654783 20.0936801189 27.3812235542
6.5647590503 19.1958730374 30.1780547243
6.2631486387 19.9344624180 29.9366234679
6.5662825049 20.3564703785 14.4270278897
6.3723663943 20.2760040437 20.0787646646
5.8625089411 20.6273395238 19.1624941052
6.2626200954 21.0133729787 27.6838069571
5.7296977927 20.6188094635 29.9724758210
6.0066743842 21.4238646067 30.0881841980
6.2666237861 20.8598476461 14.9501330230
5.5000452272 21.5793141507 16.0437864503
6.1501086418 21.2890717401 15.7017665634
5.5193019992 21.5584300593 16.8661712929
6.2368271293 21.4182791885 16.6958742790
5.3639579935 21.4184394113 17.4955476945
6.1127229858 21.3131025333 17.6779853970
6.2280143041 21.0248469302 18.5674487003
6.2126865031 21.6523750768 27.9535371608
5.8238806484 22.3378823077 28.1156494457
6.5684709278 21.9453696627 28.2219371261
5.7661726876 22.2818001876 30.2566912623
5.5717035481 23.2285129652 28.2400331280
6.3857939833 22.6551493790 28.5650019012
5.8492262980 23.0242034589 30.2373972899
5.3066079056 23.9658061885 28.2887457670
5.8954333619 23.7711308559 28.6898419265
5.8245750251 23.9773330126 30.0679378306
5.7476080704 24.6278564201 28.9794004967
5.4972918538 24.9739867575 29.9304520324
5.6659958051 25.0954105936 29.2358024672
5.3018408211 25.5264081525 29.3724821225
5.2711519360 25.5271359491 29.7231081640
5.7089878141 25.0912243505 29.5697665414
7.2715446986 1.3018961769 13.1496049442
7.6397449072 1.2414774251 13.0379413107
7.6278915407 1.1577119568 13.1784113860
7.4396129445 1.2391850774 13.5034458356
7.6782355392 1.4702844139 13.7877666018
7.4181749515 1.4682271861 13.2052104550
7.1227395699 1.8361500344 13.4678803229
7.5734779469 1.6847106451 14.3603228559
7.0800033414 1.7899151321 15.4191157382
6.4957450384 1.9995402848 16.3757519729
6.1928911232 2.3136287445 17.0495394927
6.8586304101 2.5739462262 16.8693360580
6.7428175136 2.3723259788 13.6961244898
7.1119611592 2.9890246361 13.9159874300
7.1311755360 3.3504423990 17.0245557030
7.2350988055 4.1349300672 14.0640237022
7.2795637204 4.2159673120 17.1477946940
7.4824342578 5.2494671463 14.0644978247
7.4087472306 5.1480371477 17.3675183289
7.2578279944 6.2536681705 13.7633915519
7.1593346621 5.9170121225 17.5857254912
6.7438250060 6.4095446040 17.6490535926
7.4301490280 6.3609172225 17.9151211319
7.1111196668 7.6010121775 13.0801035514
7.6365387085 6.8047476774 13.4489337360
7.5881614957 7.0253878390 18.4695131794
6.9745783036 8.2442179156 12.7401109454
7.1752321048 8.7287768392 12.4785356142
7.6164290843 8.0762936251 12.6590219148
7.4401490435 7.6927265418 19.0120745631
6.8785516927 8.2088472514 19.0913520227
7.4220579569 8.0798903586 19.4545862287
7.0891237980 8.3730832400 19.5066615105
7.5778558989 8.4000247583 19.9831527777
7.3667294987 9.4389683069 12.2375884586
7.1594191869 8.9990137183 20.3555660915
6.8298965494 9.4003595092 20.5507041207
7.4195292265 9.3623688911 21.0799269677
7.5730703135 10.1717447112 12.0071226383
7.1897971255 9.9686467234 21.6555650439
6.7594776523 10.4387367440 21.7709573534
7.2255760938 10.4230929341 22.3130497337
7.0752105618 10.5446534199 30.4400013781
7.7278021591 10.1209877019 31.0675933565
7.4593566842 9.9778100207 32.0793950948
7.3297500241 9.9223680654 33.0772230151
7.0658858936 10.0349068291 34.0666798737
6.7803073376 10.2639274516 34.9422403639
7.4435551176 10.5231390426 35.6016187923
6.5717767563 11.2371807427 12.3993184442
7.3552379204 11.3034738495 11.8925189722
7.0829631020 10.9664437802 22.9564123339
6.6841521921 11.6677780081 23.4169296318
7.3205917164 11.1835198735 23.9197623362
6.9687585781 11.6634409310 24.2908467875
7.3768101059 11.3153105596 24.5522558350
7.1126605102 11.6143783795 26.0873487790
7.2366391606 11.5299963158 25.3681978854
7.7197288892 11.1204624118 25.8105530812
7.6102845441 11.1721255779 26.9344817938
6.8714567917 11.6893089736 27.1480726083
7.4260876849 11.1464308871 27.9936119321
6.7584618572 11.5241153348 28.2146751929
7.1384821533 11.0735693597 28.9149517994
6.5832504421 11.4112688185 28.9358635138
7.4502831574 10.6782828250 29.6620863286
6.9765726899 10.9783704373 36.1954753291
7.5375001186 11.4536231222 36.7174395857
6.5698034352 12.1696054820 12.3221914781
7.1593349976 12.6925736601 11.7374007706
6.5087205252 12.1831791689 24.0810921247
7.1612410647 11.5727670892 24.8525726134
6.7493588980 12.0374613855 25.1207025661
6.5795310530 12.1549185848 26.2082437362
7.0006228615 12.0133216750 37.0514930191
7.4711460539 12.6610439014 37.2863611310
6.4892115319 13.5097219053 12.1829992008
7.0864404208 13.5968855526 11.5827200778
7.4016445471 13.2677517936 37.1908540701
6.9477615585 13.7798107923 36.8658111283
6.8863970882 14.3422392080 11.6104962310
7.2721057704 14.8714512600 11.0574351910
7.3227101254 14.0943356164 11.1863782118
6.9005074903 14.3642090372 36.4387779904
6.8066999950 15.3145081557 11.5572469310
7.2363992387 15.8277355424 11.0002719188
7.6029210835 15.2190860605 35.4752164330
7.0192722537 15.5952862003 34.8534647562
7.2568371755 14.7742620018 36.0341318433
6.8235768754 16.3968651363 11.5894698939
7.3221346549 16.7834276307 10.9766407687
6.4764780185 16.8194983549 24.0649859528
6.6041041917 16.7623157730 24.7947087093
6.5473426985 16.8524011177 25.7708079724
6.2156709103 16.7869439888 26.5948051145
6.6486195762 16.4916807990 33.4054347829
7.5283669890 16.3284092290 33.7001090859
7.1524151996 16.7154783679 33.0405100651
7.4797648599 15.9112680670 34.3781908907
7.0952349222 17.2054043447 11.4630259097
7.4393918211 17.5704664039 11.0949490163
6.7035822967 17.2600551415 12.0360395275
6.9352374035 17.4200722761 24.2775288732
6.4958491620 17.3934940607 23.4121552308
7.0169089337 17.4016926554 25.1418048760
6.9273808672 17.5258911712 25.8367939188
6.5081799270 17.5490147461 26.5660010198
7.0574219881 18.1478578574 26.1210159051
7.3328642098 17.1615636141 32.4071025408
6.9276270879 17.6740883874 31.6693667019
7.2534103943 17.8789587983 11.6440773358
6.9613622173 18.0141362018 12.2268611343
6.9774959331 18.5405294548 12.6873739951
6.5259746177 19.1110590708 21.6269933242
6.8299758779 18.7761349909 22.3247552900
6.7365399537 18.2075442098 22.8315106542
6.6166479974 18.5153367456 26.8022976141
7.2052481499 18.9730396574 26.3373112497
7.4908891928 18.1581473935 31.1512519462
7.0082516866 18.6617960188 30.6104212434
6.8974537933 19.1968820332 13.3232061499
7.3074983688 19.9272606307 13.9413132496
6.4822214983 19.7002499503 20.9257114898
6.9381195505 19.6900103704 21.5018981463
7.1308409351 19.3653910020 22.1708994363
6.7658569113 19.3834300558 26.9064360009
7.3107417942 19.6670449205 26.5652426436
7.5155457351 19.2236213134 30.2159446294
7.0801043845 19.7012669561 29.9780074297
7.4518764379 20.4301712800 14.6173732774
6.9847624922 20.6758483512 14.9189215573
7.5283503564 20.7214927805 15.1335330731
7.0850547812 20.7747040594 20.0942813623
6.6978635771 20.8585083772 19.3005260091
7.1030748938 20.3406890706 20.9855902447
7.3310310124 19.9959278985 21.8655154385
7.0495007696 20.0301285868 26.9531600744
7.1424015713 20.6549364844 27.2950712642
6.4559511467 20.6843479165 29.9364685818
7.1273928968 20.3414088283 29.8159044138
7.1610045685 20.9953847725 15.5755307612
7.0956210094 21.2848612287 16.5394584499
6.8915828400 21.3406792348 17.3830310128
7.0471711091 21.2490886426 18.4047956925
7.2551370447 21.3221015341 27.9400180803
7.1321078697 21.8656238246 28.6138185027
6.9718926304 21.2573565561 29.7942061702
6.5120039459 22.1518303830 30.0294867745
6.9306316796 22.3851598686 29.0216200825
6.5721644310 23.1363040734 29.1836596748
6.9800698664 22.5206447696 29.3993526567
6.4708783616 23.0028678321 29.9517738590
6.1793553514 24.0634978605 29.2582806217
6.7599065583 22.9300328098 29.6253375013
6.3947901946 23.5984826942 29.6663168343
5.9549679784 24.6996887257 29.3445145973
6.0205827964 24.4267201317 29.6744832236
7.9653082842 1.1810502639 13.0533014347
8.1861351785 1.1595929112 13.2367414870
7.9573435238 1.1994270307 13.4849612640
8.2460332082 1.3919445078 13.9093333241
7.9507584221 1.3762637987 13.1809381466
7.4292317727 1.9970046130 13.7845473288
7.7616790587 1.6628696695 13.5681654203
7.9564122980 1.6116316272 14.0010160015
8.4143338896 1.6390981108 14.5495248702
7.9054882967 2.1130614525 13.9080704714
8.0821558380 1.8214617711 15.3165252536
7.5914608762 2.1090789138 16.1436255371
7.9646954205 2.6905457424 16.6199795260
8.1066146406 3.1461281634 14.1327288696
8.2064328761 3.4538928149 16.9128743362
8.0848701627 4.1750469320 14.2591027349
8.3513534111 4.2842662304 17.1727750999
8.2445446966 4.7424070596 14.3216855346
8.2947863403 5.2456967074 14.2322605494
8.8093082301 4.7677811668 14.4656237475
8.4894390966 4.9755751574 17.4744954652
8.1670087412 5.9774084641 13.8944946794
8.9334576581 5.4321178589 14.2740388299
7.9513002441 5.6558491273 17.7125184015
8.5831934641 6.1369246104 18.2601167284
8.0772619868 7.3929207909 13.0163472026
8.6056619479 6.7149783018 13.4560289181
8.5223639869 6.8537234123 18.8936707075
8.0492543014 7.3066055856 19.0614875116
8.5526459679 7.2246706649 19.3262409004
7.9490953472 8.6934084750 12.3093357700
8.5198938494 7.9825459620 12.5792730728
8.3048786961 7.7025375262 19.7241628821
8.4003776244 8.1758122314 20.4193565392
8.1803642948 9.4498992268 11.9934033485
8.2064909090 8.6675797987 20.9147735303
8.2405480655 9.1065607477 21.5589856720
8.2582645789 10.3642643997 11.6865995085
7.9557392268 9.4978878584 21.8310339031
8.2383137316 9.7944299004 22.6861561293
7.7468484662 10.4042226586 23.0093083645
8.2591225571 10.1897616345 23.4727003463
7.7687031653 10.3533789110 30.2475625662
8.1012480990 10.4177305868 29.7038097313
8.5176228060 10.0787305184 30.2985039240
8.5518898257 9.8406928871 31.1596862626
8.1981192067 9.8246278755 31.7829684405
8.3276283389 9.6906750127 32.6954056796
8.2452296478 9.7962660968 33.8907599606
7.8578018323 10.1339372689 34.8541013291
8.5069095570 10.4484520964 35.5911149178
8.1298709737 11.2188413696 11.4469958138
8.6080613921 11.4189094660 11.0545502835
8.6293675852 10.7546076740 11.3461438691
7.8253242106 10.6470070461 23.7115716034
7.9202243985 10.8538144911 24.7740875931
7.4829266195 11.2832086741 25.0537181165
8.3333883236 10.6685239864 25.7577520153
8.3852950201 10.7048972265 26.7438126385
8.1975569427 10.7760186776 27.7958098488
7.9919620409 10.6910001490 28.8671047839
8.0242064370 10.9293941855 36.2094077587
8.5777111414 11.4007392103 36.7494640531
7.9063876255 12.2093580197 11.2317417016
8.5546884864 12.2563612431 10.6400630170
8.1908788236 12.0155789708 37.2050722613
8.5681489850 12.6209698213 37.5135642402
8.1191127285 13.1317324362 10.6393441257
8.4324316135 13.6578583751 10.0683996755
8.5948369081 12.9039550007 10.2303000628
7.5609051211 13.3466891685 11.1573495188
7.8019151135 13.6397907981 37.0779767972
8.1887057675 13.1626682553 37.3455923194
7.8264622596 14.2894820654 10.5422513543
8.3448991839 14.4358678354 9.8855488372
8.6398346065 13.7255876739 37.1174444923
7.8370660724 14.2273606607 36.6413801741
8.1059329639 15.3187205394 9.9614349322
8.6999475462 15.5876788131 9.3326817297
8.6451551811 14.7937741711 9.5169395094
7.6056846150 15.3172588962 10.5622758981
8.5307383694 15.3085151204 35.5104659755
7.9509437415 15.6082191644 34.9334838557
8.2786694328 14.8332743909 36.0775252015
8.1599111902 16.4610211959 9.7767520568
8.7108456143 16.6516816968 9.1430847380
7.6757394877 16.1985764837 10.4142254451
8.5332396219 16.4447096447 33.7048017244
7.9834925284 16.7495694355 33.0701818841
8.4070371195 16.0078120511 34.4162472967
8.2538577799 17.5348785514 9.6258501830
8.7973125191 17.7683906285 8.9450355773
7.7837339553 17.3568425251 10.4115958340
7.1727728938 18.1399192894 23.6363068623
7.5016219019 18.2146084964 24.6507540203
7.2682874265 17.9348565314 25.4805685879
8.6145854826 17.1807051147 32.5782165430
7.9917653310 17.6647067762 31.7949774101
8.3991216035 18.5562358398 9.5162572770
8.8979484108 18.9426407491 8.9608348764
8.0647730783 18.2778589009 10.1250341855
7.8365975576 18.4735476921 11.0072089562
7.5087519370 18.5785673850 11.9930914702
7.2662099733 18.8566861695 22.9191619929
7.7249751450 18.9402664445 23.7500164852
7.9338868613 18.8515244206 24.4161509394
7.8958442049 18.8110082695 24.9066416166
7.5759649253 18.6694369404 25.5478653580
8.0212400248 19.3403407224 25.2378527234
8.5522009528 18.1724368344 31.2386203017
8.0277449435 18.6909992075 30.6558450193
8.5386174992 19.3166448070 9.4473989059
8.8630822440 19.6647429659 9.1909194001
8.3555455022 19.2834249881 10.1383222909
8.3354676478 19.3667436167 10.9618562439
8.1340268151 19.2095889197 11.6891322222
7.7977449083 19.2503415172 12.6155771801
7.7598102338 19.6264682530 13.3337219645
8.1478667445 19.9996270873 13.6799384172
7.6916113744 19.8480772643 22.8373877773
8.0234268699 19.6637138202 23.6972832205
8.0782606603 19.2997454801 24.1422919521
7.7576983916 19.6188554469 25.9689847739
8.1990871690 20.0866534465 25.4319145175
8.5111356838 19.2785969240 30.1705250326
7.8705738790 19.8603582366 29.8503088734
8.6718481309 19.8589901891 9.5864349407
9.1376699803 20.1383714600 9.3185431478
8.7250468481 20.0195900433 9.9840227604
8.8168461239 19.9629468804 10.6274225860
8.1503469537 20.3215073143 14.2846665643
7.9022879347 20.8959698295 15.5448867539
8.1591733407 20.6704058775 15.0259109351
8.4359395644 20.9571863081 15.6084215491
7.4545742064 21.2415993627 19.5214384110
7.7049560492 21.2515180676 20.6496603280
7.7048054811 20.7973154045 21.8696775303
8.0062411168 20.8926273677 22.9081104002
8.1221357817 20.3890411892 23.5540444919
8.1073893309 20.3675691144 25.9790932517
8.4165114120 20.7644599828 25.6139344202
7.7240287323 20.3579190555 26.6105117460
7.9231065763 20.7039969421 29.4390517923
8.9629481982 20.2567350898 9.6738212092
8.1982350492 21.2242557367 16.3302364019
7.8242177998 21.4266278770 17.5763312343
7.9498571298 21.5703203529 18.7832839162
8.6370830941 21.7745809516 18.2380359721
8.1682029624 21.8268159771 19.9427081413
8.0254778615 21.6781719831 20.5432249593
8.0033634495 21.6663839974 20.8469479819
8.0698166790 21.7622655364 21.4278172608
8.1164923129 21.8631561495 20.8756998575
8.0581090943 21.5002620525 22.3822685214
8.2314749337 21.0841873715 23.5296511603
8.2718581096 21.6714364783 23.1803370289
8.3934862324 21.4856449471 23.8128174897
8.4002547112 20.9948119098 26.2523382600
8.2831614670 21.1224478180 27.2254813242
8.2442098670 21.2133476408 27.9421720653
7.3196102536 21.7654399712 29.3155420007
8.1630073467 21.1858741326 28.6224853667
7.0193085841 21.8742744817 29.7567760925
8.5506449563 21.9292818670 19.0425386240
8.7636622674 22.2071700896 19.5008317115
8.7573124141 22.4228583010 20.1809319881
8.3282208620 22.1665779383 20.7849296374
8.1386067249 21.8749441353 20.5719768348
8.4661641674 22.4345876207 21.5147325026
8.4102021475 22.2529319896 22.4047618707
8.5337182684 22.2718508419 23.2583191920
8.5038649497 21.9516636329 23.7298280194
6.9340452166 22.3703875097 29.7249810524
8.8605868287 22.7336627291 21.0050099213
8.9651068772 22.9960084627 21.9371429467
8.9005184903 22.7862913278 22.9821193235
8.2775031979 1.2841526863 13.2041597347
8.5115041299 1.3186512503 13.4179281723
8.4721315726 1.2836941842 13.6117776873
8.7458472988 1.5821414001 14.1407594031
8.4184634687 1.6761823260 13.6193699637
8.5305726008 2.3445518432 14.0396354980
9.0933123939 1.9490371330 14.8013418243
8.8256263365 1.9121431445 15.2621222195
8.6948602480 2.2396489087 15.9705193729
8.9702960318 2.8655979806 16.5071854674
8.8155553229 2.8150386084 14.3143550002
8.7527676159 3.5591949400 14.4352688423
9.3131704191 3.0504427097 14.6487730802
9.3680509875 3.6556579009 16.8370281745
8.6445956887 4.2509029939 14.4612218619
9.3201539093 4.0230503666 14.6876973942
9.3144793470 4.4613739272 17.2809653315
9.5316819409 4.8501301953 14.6024328296
9.2067580545 5.0034116657 17.6085475987
8.7298026296 5.4261548319 17.7868107715
9.4822970841 5.4318329453 17.9818386284
9.1892834258 6.1035874068 13.9129162682
9.7945836217 5.5381690367 14.3379006809
9.7880278088 5.9035805464 18.5517993258
9.0701233238 7.3227737034 12.9881018539
9.6166321161 6.7217747632 13.4598672668
9.3828179649 6.4445139504 18.9759722053
9.1533764615 6.9521946963 19.4266497691
8.8489084996 7.2912749396 19.6224475063
9.4387244468 7.2739290254 20.0713427097
8.8798875160 8.6693135489 12.1562675394
9.5292958809 7.9411359572 12.5044929742
9.1831352074 7.8423356141 20.6809611416
8.7492326454 8.2447964257 20.8263159363
9.1740556291 8.2687980921 21.3257360670
9.0832546286 9.4852020340 11.7264555090
8.9251916680 8.7403827182 21.8007692714
8.6423950879 9.2161358438 22.2092431548
9.4713213397 8.8099428362 22.7241508788
8.9076326140 9.2903268849 22.7197196743
9.1851542535 9.3132118991 23.2969302932
9.0105551842 9.4771430094 33.3891830441
9.1291455249 9.4175467748 32.6562670335
9.7591988348 9.1774237388 33.0264157762
9.5614045000 9.3564064915 33.7781470199
9.1119127045 9.5895863416 34.0955330855
9.7779717192 9.5372168696 34.3888346131
8.9398839565 10.1961953362 11.4434876375
9.3024287937 10.5744879691 11.0806519471
9.4582259581 9.8661842368 11.3862932179
8.8480276114 9.7943180159 23.7664266389
8.4863826116 10.2754240939 24.2693650886
9.1738161931 9.8202624021 24.7303849442
8.7266306105 10.3024901982 25.2513707816
9.4555456141 9.8210632300 25.7952393433
8.9040607685 10.3208503189 26.2240140525
9.4667768375 9.9938373739 26.7782086637
9.0197257167 10.3459388399 26.9823487054
9.3816224077 10.1448454933 27.4507345219
8.7106167088 10.2847352772 29.3561558631
9.3469211696 9.8782418344 29.7112203114
9.3355153030 9.6272489437 30.7537283329
8.9873834810 9.5595905193 31.8354446108
9.0283736489 9.9460109832 34.8283013719
9.5758533475 10.3969188012 35.6395086917
9.2791509072 11.4597526240 10.5308325571
8.8942654682 10.4457475196 27.6301523627
8.7936792380 10.4278517580 28.4879880654
9.0603278462 10.8968404342 36.2264626255
9.5471939694 11.3869606575 36.7746485167
9.3631262393 12.3654337322 9.7540387762
9.6804335362 12.5920244104 9.4464394548
9.7517390950 12.0612179624 9.6373229875
9.5389893786 11.8315177680 9.9858801896
9.0203720858 12.3197788457 10.1344311108
9.0726865267 11.7956309726 37.1650648247
9.1280941735 12.2556856938 37.5553131817
9.1744959355 12.6014666436 37.7130697423
9.3651741132 12.4596948686 37.7682310368
9.0374845666 13.0458407882 9.7413224185
9.5684596781 13.4106493494 9.2697594273
9.5245814109 12.6102566273 37.7398435451
9.3000228169 13.0474676092 37.5292154269
8.8683942787 13.9966485270 9.5503533271
9.3753280188 14.5308007721 9.0975172034
9.7244397823 13.8169989582 37.1812771516
9.0086064197 14.3738020394 36.6614033486
9.4455070302 15.6903681301 8.7609329788
8.6916288028 15.6536266521 35.0528795382
9.2289410238 15.5062144542 35.4433273933
9.4254884702 15.0513848185 36.0532776890
9.2508471273 16.8078319253 8.6200952713
8.7713834745 16.7655188231 33.2367208362
9.1888037076 16.6026631023 33.6887030257
9.3424582607 16.3079256811 34.2999257299
9.3254659355 15.8787101269 34.9603667208
9.3050288477 17.5108833229 8.4607328360
9.8282630079 17.6826367363 8.1262257152
9.6977676872 16.9930426340 8.2516420445
9.6551720963 17.3831993648 32.5639459383
9.0473528482 17.7064903572 31.9043137156
9.5743893515 16.9293006928 33.3188208546
9.3060497257 18.2760631378 8.4929583545
10.0162893142 18.6390729397 8.1320355234
8.1385491654 19.2990768763 24.6398307424
9.6958260768 18.1744807103 31.4028384861
9.0840907982 18.7106795127 30.6994835909
9.4654537177 19.0214187207 8.5283592877
9.5466923197 19.7506555432 8.8526755235
8.6450730728 19.7352513416 11.3681278245
8.6135973277 19.7720814274 12.1387642563
8.4402599232 19.8717992733 13.0379524934
8.2569656095 19.9841331474 24.2634779257
8.2646022052 19.8438856766 24.8899040488
9.5856847041 19.2941423604 30.1508278306
8.9384856936 19.9827203834 29.6107293152
9.7552019602 20.3449261361 9.2618205629
9.3819050858 20.3969446578 10.5794371792
9.1516723840 20.3517351267 10.0694194892
9.3155473295 20.2897353508 11.4375180297
9.1835502558 20.3253897727 12.6394763821
8.8870540279 20.4168236484 13.7273360486
8.8008641012 20.6841871108 14.6425760131
8.7610554113 20.8852287543 15.2496808130
9.2225206810 21.0314250470 15.0763729874
8.3692237669 20.8929825720 24.0836357425
8.4569395525 20.6953949869 24.8856829436
8.7942234473 20.6081022077 29.0797446334
9.6324885793 20.3955335849 29.0967367086
9.1928198676 20.8347685985 28.6653048002
9.4723528263 20.4732367126 9.6515514791
9.0860570934 21.2350934962 15.7872675868
9.1382692689 21.5002775455 16.5969616758
8.8163224154 21.5999617782 17.3162903196
9.3461862369 21.9143424028 17.9128521867
8.0807707262 21.7744385738 20.7133044050
8.6419928725 21.6778422187 24.3818165375
8.8803438831 21.6485136324 25.5013614049
9.0154149556 21.6054759230 26.5472506833
9.2530458443 21.5287651440 27.2124003067
9.2341189955 21.2184748431 27.9703054812
9.3447405054 22.2144449818 18.8181900083
9.2100219410 22.5023311885 19.6377668775
9.9021877215 22.6293271678 19.5008621921
8.8311885172 22.4269376216 23.8338701482
9.1178985505 22.4433172788 24.6576929556
9.4155979891 22.5353261298 25.3890070389
9.6549715889 22.3107614907 26.1755678862
9.6784847768 21.9159689178 26.8582624200
9.5302703553 22.8379735483 20.3679462440
9.4755956221 23.1916829964 21.3774021055
9.2929495123 23.3733477237 21.7580067647
9.5292462631 23.4462396489 21.7689259552
9.2923632785 23.3905865065 21.9983446207
9.4597860540 23.2907978531 22.5414985187
9.5166429373 23.1405104070 23.8426130015
9.5964312318 23.0195044575 24.8810921019
9.3852334868 23.4890127508 21.8542040065
8.7341965253 1.5319743830 13.7748705658
9.0007246387 2.1334223324 14.2831734801
9.5676605386 2.5555492408 14.9798651936
9.4636678946 2.3249504225 15.5189318598
9.4600891441 2.5740326038 16.0869970536
9.9941232355 2.8275471357 15.8767879270
9.9922411789 3.4474701812 15.0954884908
9.8054074031 3.0663640044 16.3436700331
10.3617191973 3.2900250488 16.0824284625
10.0343398253 4.3064907527 14.9010768107
10.3443948225 3.6377689565 16.4815513362
10.3879279106 4.2204357220 17.0112553471
10.3462124542 4.9582150258 14.7396758678
10.0438307531 4.8501690689 17.5884170658
10.6477518459 5.3672630258 18.2195432780
10.1700198256 6.1609572094 13.9377354921
10.7016765670 5.6108828299 14.3963389601
10.6780670497 5.8681993357 18.9477248930
10.1294163087 6.1999466359 19.1051995043
10.6605243262 6.1817690918 19.4194146000
10.0975889962 7.2995497633 12.9685108095
10.6359921014 6.7312094927 13.4656892440
10.2714040635 6.6022337545 19.7970347289
10.3262939112 7.0542490437 20.5385494776
9.9697218722 8.6676078362 11.9612026034
10.5919666427 7.8842980796 12.4570100209
9.9824622375 7.4346887766 20.8224702717
10.1743220369 7.7530545282 21.6587710994
9.7140087585 8.3302536860 22.1361300376
10.4227344644 8.0244381337 22.6595164769
9.9968798627 8.3777416144 22.6947425579
10.2970821086 8.3616243451 23.2699985318
9.8590173006 9.3632410530 11.5364312017
10.0935382946 9.8430054228 11.1667475189
10.6408241090 9.1331330215 11.4849758983
9.9217890159 8.8374402676 23.7203801134
9.5560296890 9.3321752355 24.2115013315
10.2153731096 8.8686327305 24.6551274208
9.8185378459 9.3569111872 25.1341442612
10.3755642146 8.9400792902 25.5440453753
10.0153510454 9.3534723748 25.8631911682
10.3735063584 9.0983325751 26.2405490717
9.7660473299 9.2692895546 31.4811764859
10.0177642430 9.2581854466 30.7699518317
10.3121008383 8.9762683187 31.2097405676
10.2739108970 8.9090877500 32.1006924808
9.5850283911 9.2572940232 32.2300177709
10.5985274171 8.8335746281 33.0619699746
10.2423687052 9.1769138684 33.8004605224
10.6830926395 9.4391271290 34.5092041884
10.1969301810 10.5817458139 10.6157437768
9.9825273269 9.5204562526 26.5536353836
9.9539183158 9.6684468044 27.5723162979
9.4273493964 10.1052721528 28.1797433097
9.9673154698 9.6160850024 28.8503028692
9.2999322261 10.0980094841 28.9402047177
10.0194214947 9.3990535612 29.9882246890
10.1341369110 9.9089515033 35.0722063397
10.6224195324 10.3795724578 35.7067952858
10.1140666871 11.5919712498 9.7797021469
10.2465073904 12.0545043716 9.4303046062
10.6871589987 11.5533447741 9.5922538797
10.6957176280 11.0101163440 10.0244174929
9.9374527097 11.2692729924 10.1812911695
10.0859161124 10.8883528667 36.2510926067
10.5404011971 11.4195319387 36.7886019838
10.2969144042 12.7317360943 9.1636119249
9.8719415516 11.9620562248 37.3014480290
9.6185456973 12.3674226253 37.6704953686
10.1531340225 12.5464376719 37.5680800072
10.2861982466 13.6086710802 8.9226015251
10.4740644652 13.2165066587 37.5286651413
11.3939827195 13.5225973370 38.8528671602
11.1783321857 13.5744377082 38.9727229973
11.2929535037 13.6189239955 38.9061293462
10.2969777505 14.6049191195 8.6216805491
10.8236501638 13.9469621815 37.3093719992
10.1495186826 14.5137486093 36.7369574666
11.2362417522 13.6505435025 38.9443890165
10.1530403414 15.4267752383 8.3987002818
10.6088517375 15.6586525327 8.0888547426
10.6543760700 14.9965548490 8.2982040792
10.6163081973 15.1534268732 36.2491994666
10.1266550420 15.6574588489 35.5595820289
9.8993890329 16.2171183166 8.3093251332
10.4979265358 16.7389323914 7.8521085908
9.7367873295 16.6167924146 33.9707717685
10.0663700737 16.4700846788 34.4269109746
10.0824788254 16.1593598146 34.9055131291
10.5518895194 17.8881890793 7.7288750938
9.8339251809 17.7367339859 32.0408854454
10.3286126430 17.5682668395 32.4718692361
10.6086231373 17.2276447178 33.2062397447
10.4895923676 16.7607681681 34.0836977673
10.8830052495 18.7395372414 7.7350096336
10.7694512828 18.3396096535 31.4002485529
10.1540594091 18.7531939622 30.7566152556
10.5158480601 17.9016939354 31.9844364951
9.9316645678 19.3497893720 8.3969359091
10.6023888927 19.3541359836 8.1414454802
10.6951122706 19.3171183008 30.2186968419
10.1353167841 19.8663685462 29.6186381039
10.3089897274 19.7945549387 8.5246678470
10.5250444259 20.3204656911 9.0012379021
9.8770911428 20.6255200491 10.7671308047
9.7492574388 20.6020325340 10.1558017546
10.0126008716 20.7181386545 11.3332296474
10.3805489398 20.8765395484 10.8886780039
9.8974196352 20.7719979174 12.1335927179
9.7905841663 20.9592433716 13.3178547525
9.4737112123 20.9862046897 14.3832529744
10.6036442101 20.3892654909 29.1056151327
10.0486502052 20.8225818624 28.5851851871
10.2905013094 20.6938968305 9.7491387470
10.5053589277 21.0616160235 11.5227642597
10.5126693961 21.3603760168 12.5683303184
10.3749407248 21.5046944169 13.4860879460
10.1537646672 21.4661275226 14.2185583461
10.6559164008 21.8489748847 13.9806388677
9.8967873219 21.4810451648 15.2309869954
9.8445558781 21.6734954154 16.2938915408
9.6685363021 21.8131334668 17.1887985931
10.5354366596 21.3329842982 28.0857601700
10.0564311341 21.7244036074 27.4362541092
10.8083124826 21.9979398414 14.8374831604
10.7006648301 21.9714380280 15.9502580861
10.5581688356 22.0308960424 16.9764659335
10.2668758605 22.1722518632 18.0250865493
10.2950366860 22.4482438027 18.8787782418
10.7606326386 22.6758316167 19.4343628787
9.9785558514 23.1264813464 25.6357351761
10.3006633634 22.8853544859 26.3178698360
10.4352302936 22.3683518475 26.8926854676
10.4887078543 22.8873011210 20.1392646837
10.3392246014 23.1378605382 21.0445838403
9.5286600293 23.4634784317 22.0092638112
10.0794547793 23.3967478608 22.0229098713
10.1679798567 23.4987893307 23.0993871421
10.2224708664 23.6462781969 23.9140902353
10.8315294696 23.8000101044 23.6272311797
10.1653503374 23.6846352903 24.7995120828
10.4009270340 23.7811300997 25.6068542146
10.5951190510 23.5030156441 26.1427491977
10.6274856025 23.9555943173 24.2788637045
10.7734723879 24.2511197648 24.8117061692
10.6585268870 24.2329548656 25.3664031104
10.9858605823 24.5533448971 25.2270468783
10.9034093800 24.1581489016 25.9620817417
11.1518573323 24.6133783108 25.6845124050
10.8749992709 29.3485566239 28.6676111837
11.0508379766 29.0867309605 28.4078954237
10.9786832977 29.1047922616 28.6714256526
11.0614670757 29.1886352002 28.7872448884
10.9360113219 29.4953759525 28.4059011764
11.2641898560 29.5889087612 28.1361110087
11.1690900411 29.2705035413 28.1330229389
10.9033764890 29.6277807735 28.6399220631
11.0722139873 29.4768398980 28.8044907180
11.1094703583 29.7661598315 28.4443386760
11.1455839281 29.7279873268 28.6896936786
9.9776618699 2.8303668476 15.4395791598
10.4227834803 3.3684771134 15.6357785062
10.8427344472 4.2931796958 15.2633706080
10.9321269738 3.8735072125 16.0047749216
10.9563753997 4.0500758572 16.5333386072
11.3005379276 4.3921352999 16.8435797627
11.1114118635 5.1061054407 14.8158512598
11.2352225982 4.7971238581 17.4750910843
11.8503745027 5.2328764622 18.1984419517
11.1594043738 6.1873576365 13.9715230606
11.6277939682 5.6397896989 14.5021206017
11.6001460155 5.6062897464 18.9237207987
11.4182407753 5.9953021378 19.6429918707
10.9110336989 6.2676006119 19.7523288356
11.3387508083 6.3216894440 20.2484153537
11.1376242832 7.2797310386 12.9613778415
11.6614607499 6.7347110513 13.4830266547
11.1681948201 6.7184893211 20.8603906901
10.7102489989 7.2120365696 21.2438733645
11.4844208762 6.9523400063 21.7730068102
11.0104223343 7.3298293503 21.9186372082
11.5431392135 7.1665720369 22.4103194075
11.1224497300 8.4411418729 11.9442253700
11.6540432836 7.8195365956 12.4471766463
11.0397957526 7.5523907056 22.5701280427
11.1822794029 7.7906503235 23.6386461870
10.6412247431 8.3671407229 24.1803848351
11.2363921384 7.9827000776 24.6436973275
10.8358896760 8.4223433749 25.1360766160
11.5263486525 7.8784838072 25.5665053483
10.9020136910 8.5623306880 26.1967704287
11.5181585040 7.9852068542 26.6540825340
11.0766125446 8.5362943327 27.2102993270
11.4969420791 8.0835551905 27.4349859569
11.0766440186 8.4248705544 30.2173248710
11.2568431824 8.3186723410 29.4667802333
11.5110418490 7.9352088501 29.9510376687
11.5024244623 7.8947787681 30.7849197641
10.9012873840 8.4952858119 31.2873015197
11.6238524215 7.9353530847 31.8678812860
11.0125488430 8.4610673340 32.3737866911
11.5753118484 8.2209704528 32.7130089146
11.2222919516 8.5420567508 33.0971968841
11.8555537332 8.4344729330 33.3535025920
11.0967817879 9.7434026416 10.9239202396
11.6603482839 8.9712854974 11.4316560825
10.5191382359 9.0809192368 26.9868826634
11.2409255213 8.4227944684 27.9028898211
10.6996669043 8.9852007154 28.0874071957
11.2242265682 8.4247061285 28.6783714991
10.7108035034 8.9045710679 29.3884873102
10.5282061952 8.9275189128 30.4649644211
11.1952692713 8.9217520599 33.8169257808
11.6806175570 9.3656133861 34.5961865936
11.0722937840 10.3805972946 10.4108843287
11.6032724395 10.6780355640 10.0576753261
11.8320148904 10.0786526771 10.4810027648
11.1546964408 9.8743081050 35.1615169643
11.6569821682 10.3713550513 35.7372198130
11.0639003444 12.0662781057 9.2623767321
11.3843241439 11.3062461756 9.6451317797
11.1182758039 10.8915773588 36.2658282418
11.5900272619 11.4290064190 36.7785121781
10.9712104609 12.8788435809 8.9578589820
10.9324135843 11.9887289380 37.2380509243
11.2924197154 12.6017976483 37.5592338997
11.2282858808 13.6261177902 8.6472848591
11.5810220780 13.2956367082 37.7962045481
11.6188523807 13.6455659435 38.6689254617
11.8934833274 13.3609688689 38.5828658476
11.0361886278 14.4367263041 8.3715941262
11.2674194937 14.9206217560 8.0752959478
11.7629840558 14.1280467609 8.2651347750
11.7494158181 14.1222247540 37.6446245565
11.3130608587 14.7182794504 36.8593914254
11.5901760202 13.8180794815 38.7390405663
11.3566114064 15.7094953473 7.6946116231
11.4435943299 15.2959126097 36.3242533154
11.1740568299 15.6861863749 35.8445797971
11.2633722991 16.4870640686 7.4371625322
11.7823131828 16.6813209058 7.0822257424
11.7208190662 16.0553371628 7.3180247137
10.5948186767 16.4406973500 34.7263507895
10.8967427582 16.1319809982 35.2488648930
11.1751987209 17.2761696488 7.3497756213
12.0044556885 17.6481660808 6.8028384916
11.6897772616 17.3461683247 33.3436401184
11.0992948490 17.6255219843 32.6356021168
11.4709494914 16.9690805331 34.0219260284
11.3121446428 16.5568496027 34.7417090385
11.2868324594 18.1609894558 7.3255296742
11.8914012460 18.4721787523 7.0466592803
11.7295462305 18.4676299292 31.4880857307
11.1713688843 18.8210374280 30.8583812351
11.4588775369 18.0306553763 32.0702939318
11.5561633531 18.8075271566 7.4020983182
11.5981259392 19.4215680028 7.8153611945
11.8535768124 19.3616020478 30.4446601949
11.3419865910 19.9983488040 29.6707687941
11.1257752986 19.9595664412 8.4254151899
11.6444901731 20.5179079956 8.9493297079
10.3002675638 20.8121903227 10.3870507754
11.4112078768 20.5559116269 29.1136123743
11.0105234680 20.8889565277 28.6591707351
11.1433226966 20.7961527570 9.5546809903
11.0993079887 21.1486925205 10.5758424566
11.0789905962 21.5164692486 11.7381537526
11.1534282341 21.8570913775 12.4924664409
11.4332805282 21.8486253815 11.9707179314
10.8626420701 21.8758532647 13.2837901193
11.6155000188 21.4628034282 28.3200563359
11.1456055081 22.0177924257 27.6267958597
11.7723909756 22.1781014035 12.3189546063
11.4444537838 22.2692199314 13.1067356480
11.9437041733 22.5121446960 12.9113891092
11.2543458098 22.2845868428 14.0035837068
11.5196395490 22.4087404119 14.7646590999
11.6893460098 22.3178751569 15.6528409127
11.5003658431 22.2296685869 16.7256066804
11.4014913721 22.2838041459 17.7251183431
11.3100931286 22.4621589900 18.7893025683
11.5054956051 22.6572885731 19.5762758091
11.2575830731 22.6940911347 27.1662832988
10.9202367108 23.1058077147 26.6869062677
11.9638114900 22.6292690571 13.6259324783
11.8372576161 22.5984225701 14.3329334674
11.1864614542 22.8186167511 19.9925600860
11.3576306903 22.9866201720 20.8057639651
11.2089796424 23.2685864998 21.8320144613
11.0273567157 23.5429078865 22.7872602169
11.7002533030 23.7969116568 23.5273597485
11.2702121544 23.8604132353 26.5249653775
11.3691003336 24.2219529998 24.3380313859
11.1960372303 24.5426616384 24.9056579366
11.6102782027 24.6129703933 24.8848489465
11.6831258857 24.6907629652 26.2933312206
11.4858216360 24.7860775417 25.3600263753
11.5805920409 24.8575046828 25.8067025377
11.4726214856 28.6665933252 28.2059024230
11.6774280940 28.6619918499 27.8876307315
11.8992974174 28.3662900052 27.9487148875
11.9628837376 28.3945963027 28.2781345574
11.3401667878 28.9427749890 28.0626554638
11.7957850822 29.1332156178 27.7883326957
11.3713910148 28.8661537090 28.5990556351
11.5052617134 29.1689080891 28.8123067056
11.6805574051 29.6465592199 28.0113283178
11.5382406386 29.5553263854 28.7835365528
11.4430899094 29.8159699289 28.2425812246
11.5629443608 29.8077251559 28.5241705817
11.5971739235 4.4429081611 15.7326027893
11.6073464050 4.3492315840 16.3199944278
11.9218439585 5.0262719644 15.1714290940
12.4166985544 4.8290893976 15.9848165126
12.1509437003 4.7450661253 16.8822726958
12.2119106150 4.9930866621 17.6080645615
12.8333106850 5.2502121298 18.1208800356
12.1659262290 6.2057341599 14.0365160253
12.6222954688 5.6896065241 14.6714589157
12.6675166854 5.4894444871 18.9077785750
12.4969180611 5.7549844000 19.7469222367
12.3621509407 6.0496295170 20.6197508745
11.9004738207 6.3594537014 20.9365026772
12.5232043885 6.2328559986 21.4072785160
12.4991710528 6.8411687175 31.1185769589
12.7428446851 6.3263824409 30.3091171205
12.8845654762 6.3735133669 30.9348786812
13.0968137050 6.5107710696 31.3792612052
12.1775245264 7.2666012059 12.9715327425
12.6936530527 6.7434226951 13.5281885632
12.0546947976 6.5433121400 21.6240662928
12.3073224355 6.7455282814 22.6719277338
11.7718549574 7.2505184629 23.1609110225
12.4412331031 6.9250463641 23.7523839452
11.9605592511 7.3174203944 23.9304286142
12.3743967263 7.1011297046 24.4149554877
12.0808022730 7.3883251372 26.2137083836
12.1246647691 7.3607297155 25.4203838850
12.6004715923 6.9282052899 25.6497180554
12.6595588329 6.7226969703 26.6868377620
11.9923907252 7.4585937692 27.3123301263
12.4925158986 6.7356544746 27.7660963921
12.0630269305 7.2948913300 28.3552795110
12.4495843766 6.6604246682 28.6538348128
12.1358377959 7.1100467292 29.1634252888
12.4818597524 6.5510162172 29.4828209080
12.0415789087 7.2222188070 30.1564298325
11.9587119808 7.4225339896 31.1828099702
12.8071165607 6.9363003686 31.7721554943
12.3131020063 7.3576885810 31.8667837363
12.9530935409 7.3252024106 32.3462332349
12.1796218006 8.3508973499 11.9326954858
12.7004413792 7.7950933087 12.4552962656
11.8650460804 7.5043995142 24.6638725948
11.6259790800 7.9345867432 28.1281514082
11.6952565770 7.7699042269 29.1275829249
12.3061154323 7.8899676381 32.7038556607
12.7569068076 8.3368722771 33.5118545352
12.2074495720 9.4760859853 10.9363539788
12.7093913518 8.8786786123 11.4261331550
12.2234402318 8.8542133632 34.0465450712
12.7053790990 9.3397080382 34.6710941416
12.3281724234 10.4355203387 10.1526744720
12.7372324770 9.9588715354 10.4970611577
12.1817762561 9.8551123377 35.2045932828
12.6934019235 10.3674452669 35.7493899043
11.9128742691 11.7294887068 9.3561149168
12.3716116551 11.0729465450 9.7346046801
12.1608642910 10.8910698074 36.2698100196
12.6592655810 11.4211678586 36.7842203107
11.9231591936 12.5590821076 8.9609581131
12.7829441291 11.8331378355 9.2865897048
12.0426534840 11.9895239513 37.2567696754
12.5288286420 12.5712568646 37.7756779907
12.2668608479 13.3476876670 8.5360037293
12.3865707739 13.0724152678 38.2834801056
11.8600625106 13.5826346913 38.2578992791
12.4371454903 13.1054565251 38.5107338008
12.2594304185 14.7068665074 7.7969685163
12.4967954430 13.8713000723 8.1935443973
12.3756596154 14.5248599885 37.7192455215
12.2513463349 14.7871195734 37.1618284313
12.0815223043 14.1309763001 38.2916826458
12.0686083811 14.1546705517 38.5386848529
12.0554487282 15.5091173516 7.4149030093
12.2952667881 15.9641336994 7.0648912304
12.7106911833 15.2321397098 7.2738511045
11.9043637690 15.6556058686 36.0506904528
12.1321997408 15.2622475677 36.5352370373
12.4892045062 16.6747406194 6.6462099093
12.7478920536 15.8159269691 35.9871323629
11.9152362697 16.1514807829 35.4447843557
12.5594548670 17.3240847694 6.3555318304
12.9271500731 17.3548938216 6.0344488620
12.8499789938 16.9260907987 6.2360157545
12.6026548273 17.4188412700 33.4349374341
12.0556325269 17.7212405679 32.7766096294
12.3095770422 17.1113708146 33.9376929050
12.3735941058 16.7054681123 34.6697169299
12.7483690730 17.9561186989 6.1483175562
12.4922802768 18.5200653149 6.6074000501
11.9546134702 18.8576668761 31.0310655598
12.4816824059 18.6766218063 31.4767433879
12.6714004238 18.2092092340 32.2198734750
12.3297112717 19.1048946884 7.1526153442
12.6713833086 19.6808357542 7.6511811075
12.8619275735 19.6374204370 30.5342526693
12.4312672464 20.0393442273 29.9938925937
12.6655741073 19.1076837433 31.0180451646
12.1937102229 20.0814516115 8.2962900704
12.7682176472 20.6050514419 8.9067381301
11.7679805158 20.9724947676 28.8424027766
12.3036708412 20.7132867173 29.3741319284
12.1587385566 21.0681708886 9.7235269474
12.1574760189 21.5167128311 10.5579933148
12.9934445494 21.5238498253 10.2727193707
11.8273942886 21.7861434602 11.4176619093
12.3223351229 21.8512819769 28.3552637600
11.9427564751 22.0326995702 27.9865029866
12.4452368545 21.4335142522 28.8126808318
12.7796906047 21.8821759847 11.0710578166
12.6034609582 22.2474907390 11.9738707634
12.2741812587 22.4885666296 12.5286402086
12.7531030323 22.5558110379 12.5654078226
12.7755800802 22.4730194017 15.7033876666
12.1884584030 22.5816579063 14.9393398140
12.4867425241 22.3622088903 16.6470171739
12.2360637155 22.3445297034 17.4561442497
12.5660354375 22.4268126613 18.4431050094
11.8898631186 22.7475582767 20.2347161661
12.4396999159 22.5020487082 19.5944407076
12.1822690006 22.8331209268 20.9361724154
12.7200375303 22.5929807499 20.6593367828
12.7164199750 22.7502021257 21.3401115935
11.6744717947 23.3948630826 27.0636147120
12.0226896489 22.7368763720 27.6282969957
12.4983210113 22.6946360289 13.0714067235
12.6014509997 22.7905830936 13.6982102989
12.4313587779 22.7376191515 14.2685089861
12.2470042298 23.0152612453 21.7249410729
12.1734611025 23.3762755208 22.7996783464
12.5099002530 23.6716942033 23.6325008259
11.9928735569 24.2528681367 26.9178714841
12.5638614217 23.8542150165 27.4791453814
12.2741622667 24.0564069188 24.1598208863
11.9927301580 24.7910449065 25.2087153483
12.1322721381 24.4788851370 24.7461542001
12.6044260242 24.7574088795 25.2849447882
12.2933675740 24.9706805886 26.8595775566
12.6185291482 24.7322886318 27.2172194053
12.1994705311 25.0814858108 25.8523547114
12.4362217938 25.3963642498 26.5904327822
12.9488557947 25.8348208658 26.4100832287
12.9412398842 25.6741931554 27.1761348455
12.8023179681 25.9027620126 26.8294528391
12.2278399882 28.4059561894 27.5509966012
12.4257422338 28.0118119542 27.8232613649
12.7609474258 28.1064653874 28.2365504208
12.4646187492 28.7948961611 27.3340616539
13.0781241501 28.8216143115 26.9861226412
12.7770178485 28.3820529210 27.0867384722
12.0925621513 28.7059188211 28.6218077616
12.2218654714 29.1952902195 28.7363201388
12.6656881629 29.1770653137 27.4721942458
12.2310840030 29.5230874069 27.8935049483
12.0052189857 29.6138139444 28.6558056064
12.6107066329 29.4389084803 28.4496519027
12.1011749693 29.7408151317 28.4379411723
11.8896427074 29.7874540294 28.2049355954
13.5799976632 5.0100026695 29.0602297981
13.6440770124 4.8628193604 28.3300619917
14.0536732525 4.5065385061 28.5875287332
14.1906960344 4.5982177153 29.2755440379
12.9736295626 5.2914570935 15.3696049379
13.2501549741 5.1436776024 15.9680713393
13.1068526514 5.0302251076 16.6126833364
12.9609976933 5.0736427782 17.3814925007
13.5813058766 5.3045389776 17.8973353307
13.2172051290 5.4895792100 28.3047083328
13.3967301086 5.4562084382 27.5098159444
13.5833819044 5.0595469014 27.8135328637
13.1178293606 5.5726879252 29.1681452026
13.8605297463 5.0079452169 29.7184941732
13.3196458183 5.5560696676 29.8811562239
13.9978319742 5.3681915514 30.3210403321
13.1996217844 6.2431194023 14.1560897854
13.7407340863 5.7881737325 14.9671220237
13.7874248871 5.4893259305 18.7781636563
13.5748598981 5.6477688564 19.7643829164
13.4621447531 5.8130235705 20.7122869656
13.3939852644 5.9972020293 21.7308259794
12.8462467390 6.3093092998 22.1790900990
13.6134728421 6.0791261720 22.7639818460
13.0964541042 6.3512135422 22.9240221764
13.5727111411 6.1752893638 23.4205849428
13.0210501901 6.0507736150 27.4261657392
13.1906523962 6.1080003461 26.6412701283
13.4095814856 5.6846904215 26.9814059674
12.7855074254 6.1893990058 28.2103099239
12.7975398077 6.0552182241 28.9132094264
12.8580349586 5.9821636653 29.5783116251
13.4145442679 5.9958097144 30.7889962924
13.8530280915 6.3393540902 31.4838360641
13.2193168645 7.2709336045 13.0094329434
13.7390188119 6.7686102876 13.6218410893
13.0525798068 6.4867220530 23.6137709599
12.9935126820 6.6071748500 24.7283898497
12.4260086075 7.1080924436 24.9800595221
13.1779439825 6.3243773665 25.8846837971
13.4291062473 6.8343809746 31.9645395324
13.8036578312 7.2908208986 32.5434495220
13.2304930077 8.3300624840 11.9421569205
13.7535707423 7.8078177592 12.4924429844
13.2834903920 7.8081356444 33.0048015793
13.7446046026 8.3098462525 33.6212958998
13.2356735768 9.4139511702 10.9444176407
13.7621763724 8.8807400983 11.4428111530
13.2285296935 8.8245212717 34.1427326521
13.7315818432 9.3349415071 34.7029754007
13.1274952501 10.5249140030 10.0876798576
13.7181904589 9.9880444094 10.4969862129
13.2144232786 9.8494542469 35.2264992088
13.7289803798 10.3675215159 35.7538489237
13.4642842937 11.1968437736 9.6750493317
13.2063430118 10.8877242829 36.2727146382
13.7268109390 11.4065998915 36.7910090238
13.1341203991 12.6716498996 8.7948497985
13.8453340896 11.9115423207 9.2514688979
13.1783248721 11.9424435581 37.2984749343
13.7968489655 12.3621481252 37.7891040190
12.9783415352 13.3856756428 8.3752918025
13.1658787154 13.9271958132 8.0012157045
13.7658650229 13.2590464272 8.3552682852
13.3894893210 12.7337053575 38.2019705702
13.0673803082 12.9255371246 38.4255180404
13.2552848157 14.5908876924 7.5098746088
12.8435369081 14.8991019303 37.4207018448
12.9479796613 14.8200585435 37.9884761253
12.6109099016 14.5780236809 38.3725092413
13.1329029192 15.7501470983 6.7488417596
13.2587237039 15.0738200966 7.1471189662
13.5675615744 15.1710651289 37.3990794521
13.0413066143 15.3020723823 36.7739863148
13.8210727289 15.2965894136 38.0227530956
13.4106385726 15.2676910307 38.4040513485
14.0420208305 15.7050843973 38.5593701415
13.0354385277 16.4549817078 6.3472492743
13.4099642682 16.8078866202 5.8797058580
13.3915940686 16.1739020888 6.2897708647
12.8212010317 16.3146627288 35.3202493170
13.6684655550 16.1687927692 35.4879285225
13.2918171184 16.5881175420 34.8952843916
13.6052388378 15.7294653309 36.1753120231
13.8096721826 15.8617629544 38.7580354585
14.0371706922 16.0589962244 38.8646435581
13.2463254784 17.7077830164 5.6476057154
12.8444646847 17.7497764653 32.9587597419
13.3193428747 17.5256441013 33.4083969526
13.3687475865 17.0580149142 34.1222962275
13.9662084816 16.1297170785 38.9240279288
13.2473898554 18.3817050594 5.6329786173
13.5935773464 18.7008368546 5.1825792750
13.5395174570 18.1635648514 5.1954273473
13.0017192408 18.6328773838 6.0922900086
13.8257026278 18.3653370860 32.3904505996
13.5019204697 18.8456096010 31.6982196350
13.5787014459 17.8963883248 32.9187407224
13.4566410514 19.0269268624 5.6857482002
13.1470870508 19.1850794631 6.4607672860
13.0727128159 19.4917059497 7.0972026836
13.4405763898 19.7563680006 7.4060945532
13.1465947281 20.1118493342 30.2283639263
13.7107319320 19.9649689445 30.6231449381
13.4832021257 19.4278631023 31.0331013523
13.8773978247 20.6389763580 4.1372512531
13.9877417818 20.7462140801 4.0095124177
13.9566678042 20.4646731218 4.0086676910
13.9429802686 20.4750221813 4.2644996685
13.4094234205 20.0871248944 8.1233404902
13.8991410483 20.5563627668 8.9440925086
13.6370250058 20.4324331578 30.2271562412
13.1604555500 20.6240411249 29.8638120650
13.9740542462 20.7565631396 4.2653443953
13.3688532554 21.0757853356 9.5807292468
13.9465935999 21.4758902636 10.2038089557
12.4769044323 22.3428171330 28.1166476717
13.0380342226 22.2316991699 28.6159210758
13.5716808269 21.5894339463 29.4057568228
13.6825897681 21.8412244070 10.8654164852
13.5500383126 22.1409604051 11.6894117733
13.0573877902 22.6645810569 12.9348653836
13.4544278561 22.4413915419 12.5667912144
13.5307828791 22.6191398509 13.2285262585
13.8061043482 22.4339857748 15.4945925954
12.9895679136 22.6420252088 14.8611875696
13.5183191975 22.3544949862 16.5987042834
13.2258804879 22.3804856091 17.7513929348
13.2001608574 22.4860030503 18.3841931513
13.4801364918 22.4585808926 18.3951555258
13.2387203077 22.4815396634 18.6621061036
13.4157143526 22.3538099151 19.1180040388
13.6918005869 22.2131000997 20.3639567641
12.9963607547 22.7868003009 21.8876619047
13.4322472465 22.4729642500 21.4915378917
13.4944112865 22.6510371881 22.2804671206
12.9673026705 23.1070383718 28.0680703271
13.6698469526 23.0381235461 28.5630153441
13.7885530149 22.4906055501 28.9634255095
13.0830893458 22.7527594244 13.4652814779
13.0826692810 22.7529650271 14.1259682653
13.3859058799 22.5138268119 18.5570942336
13.0298174756 22.9798550340 22.5605291196
12.9306537658 23.8052542991 24.1200084279
13.3672678234 23.2442309527 23.6486019559
13.4262560364 23.7458853998 24.4670358406
13.2802743952 23.9906752645 27.8597177386
13.7157234899 23.7594808607 28.1924272263
12.9324317230 24.2355828724 24.7515169888
13.2442893644 24.6155932664 25.3695183063
13.7728482496 24.3801668390 27.9168513401
13.4508263322 24.8914157203 27.5733923696
13.0770001239 25.1468180939 25.8227325832
13.6941644223 25.6473380776 26.1799670933
13.8035485436 26.0921598965 27.5404103029
13.0427486198 26.5892301593 27.0532779267
13.5684524522 26.8773173448 26.4401708474
13.3602032775 26.6947771424 27.5548692598
12.9913189819 27.4102339931 27.6637390886
13.5510455353 27.5278741835 27.9601933064
12.8914569176 27.6830623220 27.1643222757
13.4228498278 28.2034274601 26.5534658141
13.4547497433 28.2768978320 28.3053298266
13.8018283538 29.0247827335 26.4941173833
12.8332144808 28.6761099663 28.5836238619
12.9265322971 29.0547751618 28.5879274210
13.5371562939 29.1901113858 27.1548789674
12.3908725287 29.6445791481 28.1822719275
13.0220894031 29.3566288811 27.8619328438
13.3831195033 29.0849272286 28.2377759663
14.3677372690 4.5201256921 27.1932918028
14.8080831685 4.3828333130 26.6147167409
14.9426168375 4.0908903228 27.3242779725
14.6432855933 4.2010498367 28.0658844321
13.9802261187 4.6392013686 27.8487246414
14.5686830718 4.2804468700 28.8345114555
14.9031493596 4.4344219398 29.3767157316
13.7091005704 5.4121983849 15.6714463505
13.8766459440 5.3104820089 16.3598075938
13.8012078500 5.2677704482 17.2005713450
14.2460523496 5.0199404701 26.2968183501
14.6619397479 5.0585475198 25.5765271515
14.7218388401 4.6900678514 26.0940837421
13.7894749088 5.1243018468 27.1181184088
14.4801335950 4.8562362219 29.8880158556
14.8351370747 5.2977140012 30.4746042576
14.2188376000 6.3191593663 14.2976469462
14.8032103708 6.0380418527 14.9983869530
14.6060607500 5.6574517419 15.8878171400
14.6778498343 5.5019537188 16.9877006755
14.5413434105 5.4910306730 18.0544976004
14.8109972357 5.5975292682 19.0213802700
14.6177649465 5.6465504013 19.7823412945
14.5063871650 5.7238663419 20.7248092835
14.4490646739 5.8012310718 21.7151384525
14.4314434078 5.8456439443 22.7349280747
14.2509901449 5.8875937536 23.6067463557
13.7550807327 6.0868351970 24.2178508454
14.6588959952 5.5332220615 24.6356512928
13.8829952149 5.7740949192 25.3604744326
13.6238951866 5.6842192474 26.3502938231
14.3255575325 5.8156175980 30.9721384608
14.7471613651 6.3044762975 31.5556714875
14.2739094873 7.2992964459 13.0976152297
14.8589750014 6.8047242677 13.8139279261
14.2805936391 6.7924682467 32.0632668747
14.7233618450 7.3054643051 32.6002653059
14.3033975661 8.3747202159 11.9797392265
14.8319806681 7.8640655775 12.5828523837
14.2472419231 7.8005563752 33.1095270241
14.7316902401 8.3302826423 33.6446387068
14.2988224390 9.4640294598 10.9738378031
14.8190902744 8.9632202462 11.4881179828
14.2413417420 8.8269604968 34.1772264516
14.7476411096 9.3517760018 34.7057150740
14.1420063748 10.6325769243 10.0770797044
14.7565970437 10.0970984438 10.5243420092
14.2431463347 9.8540100774 35.2327639915
14.7521402174 10.3778453976 35.7522664760
14.4927715671 11.3172337957 9.6695234475
14.2448412155 10.8885983554 36.2728492669
14.7703132679 11.4094970460 36.7852424948
14.3037495295 12.5898928585 8.8210076071
14.8654814677 11.9786132880 9.2827354763
14.2838144238 11.9003035319 37.3001804803
14.8989039543 12.3369028325 37.7582372873
14.1676494898 13.9762018023 7.7885875776
14.7760435077 13.2271149143 8.3751106667
14.4671419610 12.6317100239 38.1604288811
14.0179048189 12.7833990795 38.3663250510
13.9000269139 14.8913189721 7.0588802932
14.5914199583 14.9947408925 6.7199894538
14.8120252290 14.4294974035 7.2848735680
14.0280138684 15.7731579882 6.2181974246
14.6938620129 15.9013605497 5.6175081813
14.9525376075 15.3543173088 6.2154760005
14.7187563605 15.3038955178 37.3841333075
14.0401362417 15.4750255214 36.6839394916
14.4021007530 15.4942347473 38.1520357497
14.8634485330 15.4309339462 38.1079345002
14.2199855203 16.6145257898 5.2393050126
14.5818302588 16.8064357539 4.5214459794
14.9926846413 16.2738499724 4.8482212059
14.4969229126 16.1927222631 35.2774116741
14.1205324565 16.5693395979 34.7970471226
14.4224936256 15.8272332619 35.9017672404
14.7024121372 15.6485494863 38.5014034518
14.3836591428 15.9800702668 38.8089238142
14.4173066046 17.8627383183 3.8118781506
14.8266472068 18.0043882402 3.0995259592
14.7275908593 17.5002730579 3.5017426257
14.6484218561 17.1934616297 3.9389973053
14.2326652099 17.3905278586 4.5037095661
13.7460900063 17.5207955679 5.1412698372
14.6347799090 16.9358071448 34.1767159234
14.1679516186 17.4764978176 33.5374769051
14.1983789583 16.1612575766 38.9386163955
14.3544929293 18.7802776857 3.5791427101
14.7625280072 18.9998897745 2.8753163769
13.9471760101 18.4542210046 4.5324052052
14.1103863072 18.6749355449 32.1209254329
14.5037834593 18.5151210948 32.3896776953
14.6549839266 18.0176025293 32.9163790241
14.3978248703 19.6173462683 3.3466451266
14.7985831355 19.9341340632 2.8385519248
14.0667023877 19.8034800274 4.1152627018
13.8492610753 19.4034156014 5.0076491584
13.9575349418 19.7447121864 5.8215988064
13.7468194800 19.6475012434 6.7642706805
14.0078288468 19.6960506719 30.9949046355
14.2408515594 19.4105375775 31.3586141492
14.6574480794 18.9416063408 31.9420481933
14.3133091789 20.5434221810 3.5684307447
15.0320677462 20.9059933652 2.8778180965
14.2233874060 20.5827509296 4.7829622699
14.7999378433 20.3943003471 5.6067826019
14.5575180485 19.8215785355 6.3961923396
14.2643334932 19.7748771984 7.3494305234
14.6487610228 19.9427268437 8.3505899601
14.7088602418 20.4386850028 9.1336582544
13.9189633889 20.9711357965 30.0090016955
14.2855791428 20.5434129965 30.4384462821
14.6155955172 19.9972459790 30.9405480667
14.6147168221 21.4882634333 3.5068470889
15.1351153584 21.8189301623 3.1616402861
14.2534506979 21.1731283628 4.1030833211
14.5996014460 21.7299698604 4.5943127537
15.0601535505 21.4987398209 5.1245070225
14.5529060234 20.9457280235 9.7186022224
14.6944159811 21.4114556034 10.3435857340
14.4178838856 21.8643746220 20.8045021624
14.9694974575 21.5440961325 20.6413162334
14.4798381975 21.8598841847 20.2571968048
14.7521542341 21.6653647790 21.2779169096
14.2292215523 21.4191374481 29.8681312407
14.6516293400 21.1632871180 30.1719440331
14.7942917292 22.1145751796 3.5493865293
14.6299173151 22.0806448382 4.0054500533
14.8278847004 22.4252657793 3.7604936954
14.8409277267 22.4590372935 4.4890123283
15.0282802558 22.3415795295 4.8617214617
14.4903467599 21.7275056166 10.7879438657
14.4361143398 21.9792629600 11.5192560264
14.3993923474 22.1963813707 12.4263915495
13.6957484923 22.6268741579 13.8988282887
14.2905156370 22.3932560732 13.4300109653
13.6203130640 22.6048202573 14.6002181551
14.4149464639 22.3804436015 14.6044305933
14.7266207878 22.2221974722 15.5722171768
14.4962727341 22.2006021154 16.4402726780
14.2556443999 22.1840312518 17.4979258723
13.5186959421 22.4541175057 18.6730684780
13.9309140252 22.2663450241 18.4904658815
14.4048633930 21.9810470861 19.4488014646
14.2124190787 22.0269197646 21.4110724948
13.7567559257 22.7144890960 22.9849751092
14.1503671727 22.2394557779 22.3892218923
13.9618652880 22.7613043230 23.5383882437
14.3456780938 22.3437459159 23.3812423058
14.2312798145 22.7170473610 24.0642145278
14.1900187918 23.0274695340 28.8751775645
14.4973070951 22.5936930863 29.2327274429
14.7789383861 21.8453727357 29.7654300758
15.0467270177 22.8013032738 4.0880413567
13.7343592537 24.0728213517 25.1794766570
13.9882134360 23.3406021049 24.6270226055
14.2108654550 24.2532035096 25.7625100892
14.3641923026 23.5458478957 25.4138634198
14.6090380364 23.9445777285 26.0262194788
14.6476584610 23.2822233368 28.9048664485
14.3475142673 23.6752060777 28.5344690309
13.7580603206 24.7895610054 25.7845528400
14.4784778580 24.9861946211 26.3015155711
14.1840447729 24.8407756952 27.7671763492
14.3000178347 24.3554490297 28.0760714806
14.3371207663 26.2020751717 26.2485980756
14.8200868183 24.9454023468 27.6674780878
14.5813337270 25.5087585122 27.4885972247
14.2769341633 26.9907725493 26.0374374018
14.5891171828 27.3469943678 25.6926367955
14.8262830284 26.7588311739 25.9630051341
13.9115475764 26.9070678458 27.7315425973
14.6101252903 26.8300884755 27.5628621037
14.0952795608 27.8353977285 25.8607417077
14.6371080536 27.9126614822 25.2407852161
14.1775343601 27.4003052810 27.8478568666
14.0793895622 27.9947067975 28.0105069174
14.7278631695 29.2380219605 23.4979327629
15.0571684509 29.3548223106 22.9006724341
15.0417604126 28.8412878023 23.2902969029
14.8659881777 28.6472252250 23.8518829866
14.5620734426 29.1050101856 24.2232683492
14.7288737043 28.3892354528 24.5674623488
14.3814028069 28.7810064448 25.1636941772
13.9902912559 28.7075121035 25.9568572764
13.3542074701 28.7583751101 28.4579086140
13.8910866781 28.6137848689 28.1153891105
14.8134514893 29.8543278278 23.2244882091
15.2044346266 30.0670016367 22.4685286855
14.5958463763 29.6950170288 23.8421617566
14.5806396870 29.8174233452 24.6313643994
14.4687930705 29.5631348140 25.7540114188
14.5091215755 29.4485504288 26.6001543530
14.8650834306 29.8309223960 26.1154193961
14.1784739260 29.0323987286 27.5185684915
15.0847992191 30.3699017919 23.0722593017
14.8273932593 30.3208550952 23.8285748009
15.3521997988 30.7566376968 23.4906252734
14.8681653779 30.5224891852 24.5169839943
14.9698971805 30.4267078275 25.2040466340
15.0489244323 30.1485835453 25.8133844737
14.9018011281 32.1610654153 19.8877522199
15.0617299523 32.2804808986 19.5057713704
15.0485978903 31.8491187556 19.7493152296
15.0384761065 31.7527154012 20.2269826559
14.9917769722 32.2398144010 20.2031104966
15.2399739495 31.8161597751 20.6682571516
15.2079844639 30.8680967282 24.2150358936
14.9851186262 32.5199105337 19.7955392035
15.2176778889 32.6465266005 19.4478439717
15.1315008553 32.5886956429 20.0696282213
15.3303948151 32.3276574318 20.4325576973
15.3116925092 32.7810248807 19.7259117788
15.5176989578 3.8849051603 26.9132239720
15.9012804222 3.8810301190 26.4415367263
16.1603091418 3.6218520501 26.8310923887
16.2463760587 3.5851216716 27.3567733025
15.3217129918 4.4108072626 26.0267006334
15.8969780826 4.6743286194 25.5224901662
16.1448195854 4.1737139682 26.0313102866
15.6021924708 3.8584320175 27.8836270341
15.2581263636 4.1161072873 28.7318492478
15.7726871208 4.3932578586 29.3693032161
15.2647696666 4.9841800246 25.2273007468
15.3932076053 5.2995159307 24.6811533218
15.7694727767 5.0611981402 25.0446117602
15.3218688562 4.8202191762 29.9549761126
15.7461806198 5.3864021764 30.4921946130
15.0076765564 6.3774364742 14.4479321174
15.5152472422 6.2466659213 14.8986002200
15.7803347793 5.9883911651 15.7179815949
15.6470980499 5.7265829003 16.7716795864
15.5886398306 5.6404219051 17.8133220263
15.5826270183 5.6504895929 18.8175800228
15.5711034501 5.6920895040 19.7598863726
15.4943526213 5.7334860769 20.7005074296
15.4146477839 5.7680401395 21.6622093560
15.4000204597 5.7762660094 22.6667568433
15.3781552703 5.6378411690 23.8713845987
15.2323026489 5.8367904130 31.0356454289
15.6020666470 6.4110154509 31.5580979917
15.2960590240 7.3730276990 13.2249257617
15.8541348893 7.0396015915 13.8236426291
15.7029271415 6.5966195450 14.3941142539
15.1710031858 6.8371187817 32.0827413053
15.5762484502 7.3878395065 32.5636309018
15.4553482342 8.5245624782 12.0476371986
15.9636091921 7.9325816254 12.8132397711
15.1826036057 7.8468716495 33.1031530697
15.6600399647 8.4151098534 33.5809490124
15.4879850566 9.6066245551 11.0653775524
15.5966691687 9.0726668009 11.5385392678
15.2296853916 8.8717986460 34.1606141818
15.7180477723 9.4175114210 34.6784793718
15.2478735135 10.8174325317 10.1058010082
15.5792907971 10.2539385593 10.5527115738
15.2473460453 9.8813400206 35.2256942581
15.7279906037 10.4193888114 35.7392442624
15.3420202495 11.4930390695 9.6808711450
15.2549040759 10.9088966228 36.2650680618
15.7546585951 11.4550115027 36.7606233801
15.3836379390 12.6668074032 8.9041058798
15.7621335105 12.0340877654 9.4274977773
15.3265436268 11.9281930677 37.2706128994
15.9405979768 12.4525148900 37.6700183800
15.3888928272 13.8528010411 7.9674903761
15.5416174840 13.2618598552 8.4804669508
15.5390789724 12.6904168162 38.0832990978
15.0541233263 12.7700148625 38.3082999723
15.2538387250 14.8056358555 6.8346597842
15.4805042415 14.3984321638 7.3738299522
15.3581848934 15.7014587219 5.5602210479
15.8154811288 15.2670255422 6.3696202523
14.8030457061 15.5161225201 36.4183241328
15.6040229959 15.2959220770 36.2618714146
15.1360512526 15.6790997747 35.8486036809
15.9463101242 14.8596300710 37.2293977235
15.0853260808 15.4479841556 38.3215156528
15.4638292914 15.1791411876 38.0134499974
15.2952580892 15.4366431448 38.4830355255
15.1879325383 17.1014489869 3.3460300158
15.6788077423 17.1013926355 2.6592085474
16.0548275508 16.6602039259 3.1062905448
15.5207845190 16.4528615773 4.0392320185
14.9557777019 16.7201605195 4.1285129550
15.7659874945 16.0250412987 4.8249827786
15.0060424620 15.9728994097 35.4133052348
15.0981442013 16.3513855168 34.7987990216
14.4975811009 16.0608384017 38.8905321501
14.8891838882 15.7698816945 38.7249882121
15.4028067917 17.5970389554 2.5761830040
15.9757426366 17.8505959308 1.9940886756
15.7662323424 17.3610121409 2.2983150472
15.5182732968 16.7072234376 34.1825651456
15.3811967585 17.3142199032 33.5794206832
15.2767374683 18.4006084420 2.4184390654
15.7434146081 18.7289933337 2.0361529540
15.3907614703 19.1222118830 7.4247907581
15.7766006237 18.6632162597 7.1733869955
15.5992932501 18.9612419622 6.8559826364
15.7357821420 18.7332874098 7.6581522699
15.8068190321 17.9133586497 32.9670675407
15.3036739346 18.4896607998 32.4632036911
15.2618161020 19.2894378673 2.3549123691
15.9063062404 19.4452168216 2.0198339912
15.1218168583 19.4585096328 6.8376154594
15.7014373708 19.1439226283 6.3873523934
15.4712231831 19.8064965886 5.9799923846
14.9124368457 19.5626022432 7.5771133377
15.5140174323 19.0974236664 7.9724349115
15.1697313779 19.4442939514 7.9633670220
15.4207623607 19.4360722561 8.4817509709
15.7558527361 19.0119283139 31.9397083641
15.1895861437 19.5253138725 31.4608579223
15.4060907293 20.1265699306 2.3681320080
16.0841952002 20.1969399431 2.1182715405
15.6713255716 20.7813257253 5.4078283031
15.0253663315 20.5405647744 9.4792907512
15.4195648098 20.0062367190 9.2630068530
15.3784647283 20.6112523092 9.8698408268
15.3775775316 21.3172252665 25.0962663416
15.6705604871 20.6092355228 24.6889588777
15.4333615532 21.0353595334 24.2744006815
15.5786291658 21.2030739831 25.8444300556
15.7699458706 20.5857312844 25.4273726655
15.8676145115 20.7988860766 26.1641694607
15.6440827402 20.0916329875 31.0095918656
15.1655221792 20.6602181032 30.5744939912
15.6659245452 20.7407302173 2.4116592106
15.7351272562 21.3709526655 2.7065396057
15.7463062408 21.7316721066 5.1997187064
15.0636324133 21.5441349303 10.7662096504
15.4077432630 21.0871296845 10.4744324278
15.5055149972 21.4594968041 11.0806608444
14.9039340742 21.6694587651 19.9780434073
15.3367602672 21.3782944406 20.1030549695
15.2667026379 21.5370523467 19.4404396194
15.5256958038 21.1533297622 20.6063352694
14.7981854129 21.6738650149 22.0233131597
15.3462125233 21.1933799686 21.4520190381
14.8543802121 21.7346929340 23.0103527290
15.3696499698 21.1338152278 22.5207518435
14.9240902848 21.8814126623 24.1888413179
15.3763758122 21.1185279056 23.4886558446
15.0290010899 22.1666436414 25.2177098756
15.3359598680 22.0136020853 25.9926210833
15.7069262294 21.5008497112 26.4979270251
15.4852386925 21.3349493722 30.1744061175
15.1449698431 22.4607509039 3.5283460852
15.8591277881 22.2222285411 3.1689187952
15.2802201140 23.1284865622 4.7445490573
15.6754536303 22.7275430867 5.0787168716
15.1220593571 21.7503162630 11.3237034840
15.3135660992 21.8911427048 12.2239541747
15.2164088228 22.0727670684 13.2205117827
15.1062667754 22.1670235162 14.0914587957
15.4488885400 22.0089212882 15.0460470110
15.3568387459 21.9581047944 16.1573482408
15.1950967461 21.9064606011 17.2019583211
15.0030848741 21.8381147417 18.4026464985
14.5960144605 22.7581602515 24.9091081173
14.9018035767 23.0237224276 25.8577207520
15.5591676244 22.2023382845 26.7158137550
15.3183923445 22.8950846652 26.6397310553
15.6311421691 22.6781921200 27.1715902597
15.6891990079 22.0090185789 29.7445593223
15.2365063057 22.5120344879 29.4394389779
15.5772595940 23.0134181944 3.7556429505
15.5137908907 23.6866660813 4.4189047214
15.9316982646 23.6426124796 4.0513437210
15.5744384685 23.9768964229 4.9135359041
15.7049025553 23.6958188663 5.0706105309
15.0086764374 24.0139354423 26.6771080221
15.4700305055 23.4948782752 27.2977447644
14.9143628118 23.7325418666 28.6730733920
15.1986837105 23.2050801861 28.9738143112
15.8346704884 24.2703994244 4.4911634881
15.7466174976 24.7189989789 4.9392629831
15.9885968422 24.9444763689 4.7951589328
15.8940151079 24.5336393384 5.1812385024
14.9327112548 25.0874013148 27.0575331874
15.2200497226 24.6917390965 27.4076109145
15.2708562190 23.8908342114 28.5048047252
14.9215570840 24.3602242124 28.1944335352
15.8345030001 25.7397468515 5.2374860695
16.0999234340 25.6516561343 5.0458425653
15.9610123781 25.6147390059 5.3853498197
15.1219826538 26.0233339056 26.5441244162
15.0758788789 25.3714319336 27.2222723492
15.0385237533 25.3102396940 27.4881606486
15.1314298597 26.0194817359 27.3758815093
15.1489231420 25.1384969433 27.6839728929
15.8949170091 26.1778861097 5.2859136506
16.1331482453 26.1687439926 5.2186865148
15.7942799562 26.1879576779 5.5342629461
15.7907429236 26.3600873461 5.4872824424
15.7878355113 26.4474019890 5.6172632024
15.1234370842 27.3389124865 25.3944916281
15.3722279716 26.8256838394 25.8783235403
15.2987635812 27.0175054304 27.2009025667
15.9238673675 26.4421252677 5.4016002951
15.9010742994 26.4815327660 5.5456030143
15.3524094685 28.3922174562 23.6060514420
15.5497720117 28.8351903457 22.9513214423
15.9489658927 28.3549328767 23.5304216910
15.7396574402 27.9903269828 24.1559104750
15.1802203203 28.1083334598 24.2590278089
15.5051066398 27.6623802525 24.7929816215
15.0272860540 27.8510945461 24.8318338722
14.5593741148 27.7094019293 27.7431423407
15.1200917704 27.8428150923 27.3444744665
15.4690713510 29.5076197960 22.3251807160
14.5353477640 28.3456336406 27.7234261612
14.9996253703 28.6277772902 27.2900802753
15.5352824499 30.4784711984 20.9928911666
15.7715515276 30.5576713522 20.2767112413
16.0434963080 30.1330118373 20.8619467382
15.7801624736 29.8044516700 21.6561351732
15.4274406504 30.0723540493 21.8026738497
15.2085124131 29.1814181139 26.8136533124
15.5404233035 30.0074473837 26.1832755645
15.6549169963 31.2994026208 19.3164324982
15.8036535222 31.5807512058 18.9896402870
16.0112668495 31.2469300437 19.1026220822
15.9649632489 30.8720850557 19.6185448399
15.3863956853 31.1976233310 19.9978454484
15.2922376219 31.1987678423 20.8166247290
15.4170899320 30.6744250227 21.6685985463
15.6698172769 30.6911872091 22.4758235991
15.5953297504 30.9405251358 21.8075590383
16.0381679212 30.9055128210 23.4502664459
15.1904950752 30.8759721278 24.7759771030
15.4819148444 31.0099142996 25.2148320998
15.5833934502 30.7354315954 25.6884073793
15.3926835370 31.8131548455 19.2918918852
15.8583485965 32.0416331024 18.8899620778
15.5679358584 31.3047567888 21.2656022385
15.6789848984 31.9194090784 20.8217699812
15.7199286692 31.0779244866 24.0314501953
15.7638479648 31.2800094927 24.7748604639
15.4782483037 32.4140938764 19.1436975825
16.0259584816 32.5129757241 18.9198214386
15.8247824690 32.3689292181 20.4703922241
15.5353189138 32.6732506443 20.1024295113
15.7196005169 32.7863245825 19.3060085382
15.7637660693 32.8358241897 19.7251811481
16.6026555597 3.8036669315 26.4989212817
16.7497754058 3.5175590308 27.0092009676
17.0056016905 3.5309390690 27.4897144490
16.5738173918 4.5602249904 25.7335914458
16.7505736790 4.1811567880 26.1052997846
16.6251117770 3.7301769329 28.0284486512
16.1905491982 4.0299243884 28.6965217392
16.7108714959 4.4673661407 29.3037825128
15.8922783952 5.3368417657 24.6533031677
16.4308106284 5.1214151296 25.1839688194
16.2432504882 4.9155025693 29.9161216128
16.6783045581 5.7040398882 30.3639298749
16.3395794097 6.3853982310 15.0900271616
16.9189224330 6.1852316778 15.8989105145
16.6783865612 5.9276499973 16.7096270003
16.5661530632 5.7900451991 17.6881931136
16.5062878834 5.7485540871 18.6914218879
16.4486518290 5.7567324469 19.6526754270
16.4144784494 5.8004844692 20.6118870977
16.3332411380 5.8448875320 21.6069569195
16.1498206022 5.8401188118 22.4327456633
16.4159309896 5.8693371776 23.4306638167
16.4395129325 5.6233898701 24.4514509442
16.0779417127 6.0687054244 31.0120442406
16.2409810514 6.6683169474 31.5039744684
16.0712196555 7.4398883865 13.3902594319
16.5545738621 7.2882245447 13.8166670601
16.6957782558 6.8986000359 14.4498750455
15.9436864908 6.9999390878 32.0242742160
16.1963550904 7.5363388581 32.4361258296
16.4684809414 8.5876785929 12.3322522913
16.9230915628 8.2375366254 12.9195828015
16.7364204670 7.7119223066 13.4011641147
15.9960437759 7.9595619116 32.9762239923
16.4680222643 8.6154643455 33.3704495425
15.9662262064 9.3278048901 11.4203011122
16.1914931241 9.0480199842 11.7723771314
16.1451093629 9.0077494651 34.0749793176
16.5721691367 9.5876390253 34.6125273646
16.0379606085 10.6839782906 10.3766736410
16.2517193968 10.2109243393 10.8091315310
16.4932371800 9.6590841009 11.3812536739
16.1733643903 9.9677393300 35.1971911998
16.5755418410 10.5296619966 35.6975082784
16.2468063897 11.4400004254 10.0054399915
16.6925190867 10.8298314285 10.5567565978
16.1812081710 10.9755955449 36.2366033531
16.5947820063 11.5595404471 36.7028265379
16.1297609534 12.5730706262 9.2201881473
16.4353558265 12.2064352484 9.6100907096
16.2680396951 12.0399024070 37.2035632567
16.8369618081 12.7460869472 37.5086736851
15.8620841648 13.5299553848 8.4036423831
16.1471212847 13.2153457612 8.8388686434
16.6516311448 12.9799437626 37.8905481902
16.0644910925 12.8884038002 38.2203658069
15.7984899505 14.7385578488 7.1027262260
16.0202940228 14.4325382253 7.7374609214
16.2150690557 13.9308717051 8.4001122379
16.4801837582 14.4473907616 37.5672168577
16.8343097746 13.9852907032 37.6106806073
16.6270299498 14.2799187141 37.0724345511
16.6786877840 14.2998772069 37.8986205692
15.9696015790 15.7005570945 5.5152501384
16.4816273330 16.0850072874 4.9909847622
16.3661881206 15.7318843258 5.9266475814
16.3991374504 15.5153440511 6.6915159353
16.2804356784 15.0541621175 7.2837788743
15.6842615484 15.7739148981 35.2772515996
16.3742017704 15.2078663235 35.4131816154
16.3537356386 15.6795323510 34.7868923771
16.4451411934 14.7122322385 36.2911637651
16.2368231908 14.7061626812 37.9227498185
15.4464377340 15.4248583091 38.5986925489
16.0111535863 14.9489738974 38.3425184120
16.1992417114 17.0789130470 2.2094961722
16.7103634951 16.9531406773 1.8094174810
16.9056586044 16.6567175715 2.3920229507
16.7468058293 16.4392328510 3.2846558685
16.2908035925 16.2907288719 4.0273747716
15.9709862822 16.1935336273 34.5138612952
16.6050363240 15.9461348945 34.2664456622
16.3398297115 16.6290334532 33.8416183847
16.5599944165 17.3459282539 1.6613991258
17.0552289074 17.4288371754 1.4254835660
16.9301117735 17.0954143872 1.5090978880
16.4154822573 17.8627210517 6.5855071290
16.6900074796 17.4542776304 6.1690853420
16.5831960738 18.0993225091 5.9465769570
16.1648601559 18.1316557842 7.4192297774
16.5664948839 17.3225106405 6.8767063622
16.3454808328 18.0902491734 8.3768401986
16.5535227796 17.3864473085 7.8143460463
16.6370113971 17.5995043013 8.6108302904
16.3897527035 17.3340370663 33.3053953092
16.6788087222 17.8279751448 1.5925732439
16.5065437281 18.6086303448 1.7745587585
16.0673601677 18.5245612978 6.5758674739
16.2715117862 19.0461672215 5.8035303147
15.8981173905 18.7675116648 8.2878885916
16.5429323933 18.1201645345 9.0071738268
16.2528508701 18.6885748154 9.0051488947
16.5640299184 18.5510466823 9.5232015077
16.3862624021 19.2244273069 24.0715466690
16.7377104399 18.5814791140 23.7622536107
16.5640596421 19.0626442698 23.3081067898
16.4367205173 19.1622118147 25.0795514351
16.7236942983 18.4998696880 24.5567746020
16.7266581309 18.5865117264 25.3055652736
16.6001812831 17.7674991211 32.9045805054
16.4003234590 18.3633442818 32.4236176720
16.6406757465 19.5286197001 1.9103943291
16.2135576135 19.9770687322 5.4372527860
15.8587771351 19.2647760615 8.9714897616
16.2233941354 19.3659964629 9.7110724568
16.2005327474 19.8034538837 23.1519436911
16.5924397093 19.2702923809 22.6872619865
16.4142744079 19.7525702405 22.2377658560
16.0999039994 19.8021848820 23.9569162403
16.0416486024 19.9177922331 24.7319239538
16.6249861884 19.0362971148 25.8072461385
16.2671520346 19.9302199490 25.9929468578
16.5585258314 20.0614266462 26.9581868101
16.8716219907 19.1815642219 26.6985409046
16.8847975292 19.8345961587 27.4335064440
16.7388640448 18.9987496267 31.7231440076
16.1204725111 19.5626550994 31.4136174255
16.7532553385 20.2216986857 2.0882816780
16.3119089270 20.6269565050 5.1994522068
16.6949783075 20.1876331282 5.0638979331
16.7594496750 20.8397281286 4.8876115497
15.7476508894 20.6615060765 10.2725366366
15.9328924563 20.2172636700 10.0778956498
16.0614059037 20.6172627826 10.6837837010
15.9405645869 20.9483763621 19.8892424203
16.5519505498 20.4126056243 19.6510448295
16.3483535180 20.8085991257 19.1229037446
15.9656066698 20.6725842049 20.9804687678
16.4838914101 20.2269904935 20.4498764784
15.9456703948 20.4557899697 22.1068121152
16.4307596297 19.9986452085 21.4195110807
15.7567122152 20.5791417608 23.0286473715
15.7996404259 20.3869066046 23.8997271826
16.1923778663 20.9485394424 27.0091958061
16.6685581125 20.5071551414 27.6140829716
16.3952851683 19.9936239407 30.9702438525
16.1700127934 20.6367200573 30.5142732622
16.2866212328 20.8184312578 2.3252565497
16.6518775594 21.3498225990 2.7001496399
16.2312889010 21.3269426452 5.1146536322
16.7242653679 21.6798331308 4.7868986215
15.7535944882 21.5488919174 11.6976522503
15.9739126005 21.1144232867 11.2213471744
15.9988193739 21.5908778175 12.3338412892
16.2870938302 21.1841170339 11.9736566339
16.3726920462 21.3462090766 12.6456374353
16.1228464583 21.6346382521 15.7474403058
16.7505551496 21.2522426928 15.2029628001
16.2298711399 21.6452048817 14.8949179086
16.0076432646 21.5660626784 16.7713372790
16.7707844789 21.1100671855 16.2367491295
15.8771628976 21.4719186044 17.8240183230
16.5763448374 21.0542901894 17.3451095467
15.8472975871 21.2867722618 18.8336127307
16.4478871135 20.9282964251 18.3345941851
15.8698289694 21.9820001254 27.1950556430
16.4971583671 21.1465427419 27.7923283031
16.2453091072 21.7678985240 27.7784278858
16.5521461187 21.5257288718 28.2306771722
16.2614225736 21.3994834310 29.9730097701
16.7344580111 22.1532667928 3.2273303009
16.2269598014 22.1960153823 5.0273016624
16.6839859223 22.5405191847 4.7342667051
15.9566780253 21.7201476871 12.9991509173
15.9358183055 21.7930136289 14.0201456910
15.9032178816 22.7758722963 27.8899074714
16.3665190978 22.1080549663 28.4344131485
16.2558378083 21.9674475309 29.5515191665
15.8528966736 22.6216580086 29.1910355479
16.2159607624 22.9419354835 3.5934377837
16.3756688652 23.5025997569 3.9832707872
16.3131760867 23.0110091993 4.9922570504
16.2486656835 24.0143768355 5.1153040807
15.5781856848 23.8062983815 27.8386264590
16.1010348890 22.6670194082 28.6605428092
15.6713214697 23.4058867624 28.4788297026
16.1987579423 24.1911245815 4.3739081050
16.4313893117 24.8444827407 4.7710831736
16.2455944892 25.0164207410 5.3025361947
15.3631470041 24.4490116332 27.9490286707
16.4836706276 25.6120576429 5.0594034374
16.3532954879 25.6868684578 5.3553445708
15.2950482997 25.5021249479 27.2969964833
16.3664556976 26.0995893850 5.2282175039
15.8769114578 26.2943563462 5.5873591916
16.1021139884 26.2029867526 5.4775277206
15.7389662482 27.2856388512 25.4180684735
15.7632420119 26.9342980499 26.0786964664
15.5663862195 26.6594345855 26.8040640458
16.0738835716 27.4859998869 26.2317635701
16.1291379486 26.3786447500 5.3789734985
16.1419120054 28.7090919804 23.0413007835
16.5665661728 28.6152880907 23.6070587028
16.3188906696 28.1478113287 24.2032004687
16.0691303083 27.7344264907 24.8365614395
15.7301993628 27.6379891549 26.8072243077
16.1867550346 28.2579943336 26.2741746173
16.0622145934 29.2334629402 22.4225994151
16.5100240981 28.9844489461 22.9734895716
15.6345765950 28.4931242340 26.8284462018
16.1310038753 29.2250918171 26.2129343137
16.1426722188 30.4364583717 20.1410611803
16.5395139488 30.7223615938 19.7900255488
16.4391700004 30.3120000657 20.4505125335
16.4242992567 30.0888830895 21.0863375484
16.2791248175 29.7721141611 21.7015447130
16.4425463231 30.1418565717 25.9599985223
16.3045847230 31.6305115766 18.8733147936
16.4416813454 31.1256350170 19.2029428317
15.8444435540 31.0470380177 21.7137681081
16.2693643295 30.8059209914 21.7804340975
16.1315856797 31.4468641994 21.0882303176
16.5178600987 30.5065651318 22.8307659309
16.5922008326 30.8793350507 23.6361660147
16.1362296467 31.5492428672 25.6160622418
16.4723862437 31.1070493565 25.9632166119
16.3332479881 32.1547797074 18.7844014610
16.1096102859 32.0376725597 20.6835215299
16.4806041983 31.3112083271 24.3595690904
16.4435340057 31.9482264591 25.3423240387
16.7707273782 31.8688468354 25.0434922591
16.5841616978 32.3677306671 26.1031011722
16.7839137960 32.2169997530 26.1896594079
16.5642820477 32.4508003891 18.9054245006
16.1986988493 32.2925802408 20.4348091766
16.1423499111 32.5688167773 20.0606215933
16.8427378451 32.2974173310 25.5810996449
16.6896772816 32.6844091189 26.1314659482
16.8703260843 32.6969120745 26.0908471531
16.9085354537 32.7166453384 26.6187269804
16.7217110125 32.9012867178 26.6736545400
16.8663144249 33.0170756368 27.0616605394
16.8068432890 33.1987870867 27.1064478652
16.9539111899 33.1559443721 27.2877443805
16.2689506200 32.7367641057 19.0954095650
16.2397439021 32.7782073703 19.4917828228
16.8693259531 33.0086950898 26.4913044122
16.7502623735 33.1497742455 26.7505068319
16.8717479140 33.2745864875 26.8138446411
16.8236150736 33.3358070127 27.1073605226
16.9670455638 33.2782487897 27.2182677444
17.2766853410 3.7238973967 26.8292814908
17.2727182695 3.5167284147 27.1574948984
17.5454658364 3.6258450521 27.4451379784
17.0886620218 4.5055078180 25.9866501094
17.3398981899 4.2263724282 26.4143271552
17.5375201668 3.8272771624 27.9872702771
17.1418481344 4.0891740913 28.6590709300
17.6263981177 4.6950809243 29.1218581311
17.1310654995 5.0030516816 25.6938583421
17.5157858707 4.7846397516 26.1244924284
17.0963741610 5.1018915532 29.7421837736
17.3241807068 5.7303640135 29.9304745061
17.4252714234 6.6386387420 15.3524515652
17.6033556086 6.3279240980 15.9967061621
17.6291680504 6.1621010344 16.6902499926
17.4812940942 5.9859013163 17.6137150870
17.4001802176 5.9024080078 18.6071469563
17.2991023642 5.8799567139 19.5997600437
17.1252543051 5.8806528356 20.4066532406
17.2875088649 6.0238529580 21.4418938843
16.9943690781 6.0437619276 22.6151738285
17.1829236697 6.1685830929 23.4805468452
17.4676630612 6.2946381765 23.1328869934
17.1347547841 6.0687127903 24.2295815286
17.2385715209 5.7276966004 25.2004162744
16.7606799497 6.7175760895 30.9531377477
17.2346480153 6.4142586118 30.1970079337
17.4035737250 7.5080896572 14.1306646282
17.5136448844 7.0838462943 14.7136448218
17.7226999762 6.6174039388 23.7871989340
17.6188153615 6.3941588248 24.8318061902
17.2521659713 7.5047830505 30.3134468471
17.5134537221 6.8700031115 29.7726267357
17.5237226255 7.4424122116 29.4791995308
16.9884507583 7.6137632240 31.2398514402
16.5832550077 7.3777264922 31.8430576381
17.1638159890 8.7257830786 12.5649007761
17.6622509117 8.6266909598 13.0946636079
17.4687055462 8.0683915687 13.4936842931
17.6352617426 8.7257060261 26.3754172798
17.7968894798 8.2618531995 25.8771844313
17.7801658849 8.8793360053 25.6433470305
17.7462696866 8.1480885996 26.4324602131
17.4835195563 8.6215479105 28.2740569120
17.7075770857 7.9127299851 27.9210209989
17.6008480375 8.3981390923 27.4753156313
17.3997320065 8.3046573387 29.4162556221
17.6483659678 7.6991971824 28.7168057536
17.3021521456 8.5071661117 30.2709052097
17.2120736685 8.3710739430 31.0535206428
17.0062021911 8.2511313065 31.9280850032
16.6137232943 8.1048882602 32.6086167319
17.0358101324 9.2491049089 12.0474693913
17.6000354304 9.1238444266 12.5761039590
17.5791132995 9.4987844755 26.3086803047
17.7958222102 9.7342048887 25.5667369677
17.6312506448 8.4496440539 26.9055955874
17.4779691834 9.1878901628 27.2592509843
17.3898942166 9.5097218021 28.1773527429
17.3834230425 9.3082083440 29.0196022768
17.3556938651 9.0844574373 29.8420935750
17.3894322552 9.3181390009 30.7118632770
17.3267274291 9.1257553098 31.7865943568
17.1402290578 9.0417377777 32.8939980248
16.9630959024 9.3372692428 33.8953474226
17.3368254708 9.4996311590 33.5480912037
17.1629900783 9.8880426913 34.5554697252
16.9959394442 10.3685758375 11.0857887881
17.2576865167 9.9446879975 11.6244905198
17.6025169802 10.3110611629 26.2020492370
17.8017901730 10.4745628144 25.6610438867
17.4702377536 10.2037207617 26.9728582409
17.4075488528 10.0727060760 27.7401878346
17.4497398041 10.3145857052 28.6357764344
17.4719129436 9.9850642981 29.7963609579
17.5839486249 10.1836705760 30.6941309035
17.5902483154 10.0061995455 31.5385809412
17.5571286228 9.8454656909 32.5467808787
17.5125876626 9.7580476093 33.2983620350
16.9261951587 10.1689903898 35.1327143576
17.1569965535 10.7271452847 35.6040499155
17.0484296027 11.4185704038 10.4419127892
17.2753102496 10.9854810357 10.8527599623
17.6893964485 10.9262987606 26.1056573527
17.7416660568 11.6048842542 26.3674670507
17.5662503765 11.0042435536 26.7249346310
17.5252936054 11.0666546280 27.7036828775
17.6102814494 11.2150273119 28.6126306064
17.6500085186 10.9550981769 29.4327703736
17.6853140332 10.7211009019 30.2642932718
16.9265661024 11.1244660302 36.1515123545
17.1505449204 11.7190295460 36.5791442636
16.7230350159 12.8772095193 9.4530505057
17.0879880739 12.2335684335 10.1117980576
17.6517608238 11.7641643958 27.0860754420
17.8060826221 12.3053893905 26.7663691037
17.6885941207 11.9655251257 27.7015044252
17.6973758043 11.7761025716 28.2475478248
16.9694473566 12.1895016978 37.1074870481
17.1786086883 12.7636408898 37.5527855923
16.8851809955 13.8741686087 9.1619925776
17.3545581736 13.3123395085 9.9578322134
17.7846509085 12.4218480968 27.3605550514
16.9812242074 13.5103915348 37.2836208067
17.2479208593 13.0873016472 37.2342045908
17.2934747001 13.4656318436 36.5773471211
17.0758902445 13.0002039603 37.7104227519
17.0989429109 13.0550534237 37.9731579970
17.0585246263 13.3882910360 37.6959482122
16.8171672484 13.0621112928 38.1722055787
16.7281219161 14.8866781676 8.3982079004
17.2166676280 14.7660945167 9.3248374170
17.5030211964 14.3128196698 9.9152839940
17.7501735554 15.1052674377 25.8777013361
17.8610458652 14.6006605677 25.6566760378
17.7782356840 15.1819773203 25.3363431009
17.8539769170 14.6801791471 26.1545344252
17.4011410959 14.5692613749 34.5395641890
17.7385115707 14.2164251266 34.0814589021
17.5835347147 14.9381158772 33.8765910406
17.0463678752 14.4992646705 35.3883089378
17.5788803322 13.9212312608 34.7836899179
16.9932962750 14.0475026046 36.4016475451
17.4174335707 13.6793671872 35.7258532540
16.6638825223 14.3734746315 38.1963799799
16.9823086505 13.8724066244 37.9648739379
16.6488977388 14.4166238801 38.3503097168
17.0261498360 13.8559694934 38.1931143086
16.6890119131 16.1824865045 5.6968436723
16.6487271370 16.0392044912 6.4976683914
16.6913542342 15.7854495343 7.5531114824
16.9651905471 15.9217866024 8.6019181384
17.2299965469 15.6031802900 9.2879744665
17.5738774162 15.2648954658 9.9670374986
17.6269980540 15.8925656491 25.7691310829
17.6567092487 15.8614184160 25.0692990836
17.7800889062 15.4122661671 26.4179979989
16.9665398535 15.2560900720 34.5556868627
17.2136888577 15.9498020449 33.6873943461
17.0860448159 16.8577193580 1.7222232765
17.3259090932 17.0842452566 1.4776198138
17.5672895952 16.8166988892 1.9195846464
17.5711053870 16.6075477037 2.5242365620
17.2774866133 16.4956739388 3.0319286096
17.1426322143 16.5179731418 3.9736484176
16.9663823975 16.6270032894 5.0959379941
17.4397478734 17.1354606410 4.4882216535
16.7883105056 16.7605864637 6.1135114680
16.7098847510 16.6299371517 7.1927141956
16.8257516227 16.7906094219 8.3762647207
17.1924828802 16.7043511848 9.4885847460
17.5468434695 16.2024262791 10.0814780645
17.4120810672 16.8224153363 25.0935766141
17.6626774518 16.1767637196 24.5418898754
17.5280255811 16.7673999648 24.1644295213
17.5011531818 16.7687868792 26.0088347175
17.6921404973 16.3469406519 26.5497780751
17.0394879205 16.8556031284 33.3051543154
17.4748401746 17.3977076460 1.3986234019
17.0224684856 17.4592201310 5.3813079389
17.5066924131 17.9855880898 4.6481796568
16.8578997686 17.7563462215 9.4112039380
17.4988184088 16.9899614167 10.3268838599
17.2830173593 17.7983383484 10.4427961330
17.6112762588 17.4671778823 10.8802337219
17.3592596488 17.7854101198 22.8412261257
17.6752327869 17.2847397648 22.5923533156
17.5648633418 17.7518016269 22.1327489422
17.1510858133 17.7273299303 23.9848039625
17.5853082139 17.0446255604 23.3663265026
17.0218233044 17.9297841123 25.1475671185
17.2833533759 17.6326030211 26.0116307411
17.5664946188 17.2419611031 26.6520930042
16.9661527079 17.3802726771 33.0508661831
17.3057143092 17.1524890431 32.9716502568
17.2665040372 17.6931454894 32.5652685166
17.3681279282 17.9317388368 1.5793825754
17.2985301400 18.8741669731 1.8419435459
16.9717561104 18.4722299588 5.2546488955
17.4498379199 18.9777240425 4.6435522030
16.8322783849 18.8540440484 10.3828703767
17.5577458419 18.0489871127 11.2335060764
17.3166863952 18.8284011641 11.4338832083
17.6513227702 18.4638482605 11.8235831709
17.2543294502 18.8894661299 20.9765113989
17.6396121627 18.3916189808 20.6325108685
17.4908211066 18.8811503413 20.1473052213
17.2598444894 18.3777339315 22.0202313072
17.6030799782 18.0679504273 21.3853992541
16.9256700572 18.5597168047 22.9200275327
16.9366880387 18.4404561345 25.9214850886
17.4188753296 17.9306719595 26.7445032600
17.1748985716 18.3491881809 26.5205142992
17.3513642071 18.5648721532 27.1947700072
17.1249327374 18.4127370427 32.1007802964
17.2793633713 19.6531561051 2.0245211729
16.8371382836 19.4412552632 5.1368159497
17.2732906814 20.0868559295 4.6155049674
16.4599256472 19.9119831483 10.6321041419
16.9000640152 19.7843711907 11.4647719497
17.5697283929 19.0492973580 12.2332140151
17.2859283961 19.7923618053 12.4560026111
17.6331923741 19.4339657417 12.8447685754
17.3027954895 19.7743975528 18.7780084495
17.6979692960 19.2868652778 18.5216997076
17.5168279703 19.7684498347 18.0420288238
17.0558580396 19.6621988137 19.8936883319
17.5945530028 19.0823564964 19.3361859194
16.8278235500 19.6066368534 20.9152882790
16.8267109233 19.2117676894 21.8743463436
17.0962585222 20.1492836636 28.1717496031
17.2337844452 19.3352241749 27.6800880802
17.4335400696 19.5701282211 28.3892696296
16.7688485693 19.5653152035 31.1852819690
17.3089622220 19.1449493695 31.0939996431
17.0030339664 19.9446796075 30.5681144970
17.3908090750 18.6486947942 31.6343512306
17.2583136280 20.2081945675 2.1986494826
16.9094115178 20.6714054292 2.3152455686
17.4918363465 20.5081694598 2.5411766743
17.2286767074 21.1071111142 4.4577461245
16.4720164961 20.5719395701 11.4102171849
16.7642098407 20.6917732761 12.4158435191
17.4993115542 19.9774440159 13.2726938239
17.1097044301 20.6347050841 13.4720291362
17.4945128445 20.2809195362 13.9147542429
17.1588602339 20.6074193069 16.9204396794
17.5593783943 20.2308546614 16.5358778640
17.3297329364 20.5960049055 16.1623574787
17.0665729497 20.3883539002 17.9482686845
17.5376555937 20.0173715993 17.2897601637
16.8154458805 20.3502550605 18.9474184028
16.7958122415 20.9482058169 28.2692703071
17.3776060379 20.0722828331 28.7934328323
17.0955684326 20.7490527524 28.9300472891
17.3903245865 20.2643756814 29.2690159791
16.8596575762 20.7395415527 30.0289747449
17.4664587574 21.2711998350 3.0522074953
17.0987142748 21.9604730043 4.3777693255
16.5298821089 21.2977994970 13.3396509388
17.2024098868 20.7866314774 14.5025369813
16.6770476988 21.2900850810 14.2714461001
17.2769228925 20.7226076458 15.4156721017
16.7117027275 21.5122005873 28.7686611066
17.1661794333 20.6919737437 29.5459056877
16.7484469057 21.3657162808 29.4633958973
17.2519429319 21.9720288939 3.4601145112
16.8115665234 22.7870043309 3.7890825873
16.9075696765 22.7906368385 4.3172655472
17.2697857623 22.0776586291 3.9033227210
16.4046624224 22.1055306903 29.0648347146
16.6239588903 23.7474616636 4.3912791116
16.6281086353 23.4508630146 4.7648293390
16.6634713796 24.4681324502 4.9068070012
16.7183436601 25.0673028729 4.9736776294
16.6046838274 25.0560712231 5.1817122824
16.7377727923 25.3167080162 5.0998146802
16.5587806011 25.7127173366 5.2143542141
16.3469505828 26.1180882800 5.3416545329
16.1963657094 27.5530579395 25.5600673844
16.7628816093 28.5137017530 24.3263092685
16.5606280441 28.1796556917 25.0167015414
16.4208827532 28.0049234016 25.7584074923
16.6408433123 29.5687613267 22.5788638770
16.9067345421 29.2215776874 23.4008941395
17.0388682247 28.9982784685 24.0904438126
17.2728592950 29.4177790510 24.4959473535
16.9921323296 28.9828247862 24.8610479634
16.6101236182 28.7033632681 25.6293451934
16.7018688044 30.6151098849 20.3020075937
16.6188641784 30.3747341943 20.8345439849
16.5772880802 30.2193323454 21.7586924607
16.7476487050 30.0267206086 22.6121772423
16.9774494160 29.9495129171 23.3078945271
17.2450900815 29.6632171234 24.9539005118
17.2589859524 30.3129337379 25.2220829519
16.8791423678 29.6648344242 25.5328403061
16.7746262512 31.4633877397 19.0019844453
16.9038066511 31.1919696530 19.3542094101
16.9292198052 31.0462855372 19.9071772117
17.0446362295 31.5663540346 19.9751583134
16.6777087042 30.9737329343 20.7447066942
16.8185260139 30.9606271422 23.9721422866
16.9409869699 30.6012324102 23.6826090823
17.0477836033 30.9604506601 24.3169456980
16.9621395377 30.6146341906 25.7051901349
17.2480430283 31.0104167645 25.5017398455
16.8137479798 31.9492241391 18.9024086289
17.0716403722 31.5929592535 19.1231341232
16.5749350731 31.9592252531 20.3424685230
17.0326137689 32.0607420152 19.8091395922
16.9669791485 31.9976847548 25.2158893230
17.0379488423 31.5870527054 24.9730522937
17.0591759346 31.3465447755 25.8548461773
17.0691023917 32.0712728522 25.4784800549
17.0390114825 32.0781741428 26.2484313180
16.9568092095 32.2974627927 19.0635925212
16.7015866208 32.5915544321 19.2287132475
16.7026065318 32.4494682855 19.7201847381
17.0729410079 32.2598774825 19.4072710224
16.9288621957 32.7055180401 26.3242853456
17.0316781841 32.4683287075 26.0903914154
17.0280201987 32.5262539405 26.4271639387
17.1192823358 32.6791896539 26.7527613375
17.0252867343 32.8089391087 26.5011994951
17.0489308606 32.9649342792 27.1288553261
17.0957422824 33.1307520597 27.2930930683
16.9112772716 33.3635115830 27.0600275745
17.0164609337 33.1591155057 26.8703087032
17.1385090911 33.0988043907 27.1079172976
17.6525867688 3.7131307558 27.1499375924
17.8497212202 4.1339334619 26.9486684854
18.0147208162 4.0110250200 27.5419446490
18.1412229740 4.1422022803 28.1054262166
17.9105836314 4.2461799267 28.5533758280
18.1955064878 4.6792013812 28.7403266256
17.7370918093 5.4288236149 26.0228183172
18.0093393850 4.8764421796 26.6450338045
17.7144239751 5.4703421783 29.4407904426
18.1610628707 5.2352541915 28.9181748586
17.8612119535 6.5172585380 15.8633864343
18.0432132505 6.4408112879 16.3021924539
18.2468796048 6.4027368909 16.8601313494
18.2155051760 6.2830676046 17.5076708383
18.1725957374 6.1584322960 18.4635502514
18.0773900803 6.0980988018 19.5323143846
17.8925680148 6.1007831013 20.6169784543
18.0356291103 6.3030077179 21.5220149147
18.3288881806 6.3673503939 21.1317882899
17.8065336931 6.4217855190 22.4970190313
17.9247469280 6.4158491428 25.9255023777
18.2305995357 5.7342633452 26.6391373060
18.0658820118 6.0870694180 28.8944432825
18.4018334130 5.6380588612 28.5070396380
18.3440010634 6.1766746273 28.2135408862
17.6502150276 6.2155276557 29.6106274870
17.8244218457 7.3559885108 14.6412841558
18.0126548644 7.2163531256 15.1347607016
18.2154317718 6.8916639886 15.9064236017
18.4370791648 6.6928922791 16.5711410667
18.5000913809 6.7992737675 21.8003454953
18.2632170478 7.0797641338 22.9912110215
18.1327721777 7.5027819239 24.0189765572
18.4960570232 7.8618026449 23.2789739229
17.9060386246 7.0931301699 24.9374801020
17.9089672192 7.5371732665 26.0204680140
18.2840131120 6.3121707690 26.8502799299
18.0919715033 6.9328756384 26.9181907470
18.0090534249 7.0019171540 28.0689026152
18.3577782747 6.3706618239 27.5395060060
17.7654399457 6.8834462486 29.1184994799
17.8876988614 8.3768174273 13.5526209103
18.0123801533 8.1738418323 14.0333961091
18.1435111501 7.7660159147 14.7033391783
18.2896844877 8.4004838825 24.1073737078
18.6183012379 8.7196325067 23.4168723438
17.9823705702 8.0918714700 25.0470915556
17.8179217353 7.7820360611 27.0960992084
17.8178095015 9.8694687207 12.2518193111
18.1129295801 9.3518272768 13.0554779794
18.2145758627 8.7947682012 13.7107257197
18.3886834870 9.2924276224 24.1296107152
18.6602040848 9.4579564324 23.5716682374
18.0543188237 9.0855680029 24.8696494721
17.4975968125 10.0129430835 34.0279921951
17.6885077987 10.7059645487 11.4867060952
18.2516233519 10.7461581893 12.2184539931
18.4269090853 10.2257159883 12.9501182466
18.5131583138 9.9662328488 24.0438753616
18.5275746187 10.7698690602 24.1903614218
18.1503118315 10.2363736206 24.8742706165
17.8261048098 10.9369018187 31.2013169320
17.8188633684 10.7231556326 32.3387132224
17.7720242862 10.5532566017 33.4328238893
17.7638368772 10.7725081586 34.3693903202
17.4787250510 10.5874949362 34.9831485922
17.6615115152 11.7120529115 10.9153754295
18.1862725468 11.5077448615 11.7189598881
18.5152673779 11.4095872150 12.3399300091
18.6057451963 10.9829189617 12.7934753042
18.2452827524 11.4780793608 24.9829314746
18.5667594260 11.7931187032 24.2203111458
17.9196719387 11.1761438905 25.6479854249
17.8483101658 11.9020568080 29.0866686160
17.9257250849 11.6066994079 30.2438191166
18.0753165270 11.8489190878 31.2497487727
18.0313306727 11.6489596061 32.1581775797
17.9730651894 11.5113855667 33.2156885305
17.9142637226 11.4586088189 34.2305622213
17.7796068219 11.4090367474 35.0996643465
17.4615807330 11.4160163260 35.9076071346
17.7798332201 12.8292774265 10.6845900480
18.2019160543 12.4610522690 11.4360932219
18.5506570062 12.1773924622 12.1893923053
18.2883010963 12.6200841694 24.9767856346
18.5706866393 12.8093292250 24.1061180221
17.9892784123 12.3213984867 25.9551481203
17.9067915096 12.6369411011 28.2080409055
18.0712047814 12.7238415224 29.1433164466
18.0951937742 12.4249132144 29.7959554449
18.2556591188 12.6183830609 30.7303646593
18.2565786489 12.6082736804 31.9294625848
18.0983807967 12.4523315926 33.0258129159
17.9709165294 12.3554662499 34.0914207538
17.8559687652 12.2245176262 35.0867195141
17.7037375441 12.0750592810 35.8422137876
17.4015184101 12.4167538419 36.8164659245
17.8748398836 13.8787377345 10.6033230017
18.2418190339 13.4939104326 11.3146969298
18.5712847483 13.1639087077 12.0590476226
18.2930762980 13.6372528335 24.6604557058
18.5330553829 13.6403070149 23.9058081079
18.0204214824 13.7701036551 25.8246415775
17.9577039204 13.2872290712 27.1536803106
18.0959754920 13.5968246412 28.2437524568
18.1490469931 13.3144070091 28.8741571097
18.3272437893 13.3647673850 29.8073891454
18.4941243467 13.4237911098 30.6881133684
18.4859819664 13.2633101669 31.3988328959
18.4404459847 13.3483198933 32.0794515506
18.4488071661 13.9673023835 32.3959312716
18.2408934063 13.3163761037 32.7851297543
17.9524983516 13.3778181618 33.8815214763
17.7723505175 13.0951935612 34.9740847706
17.5933859908 12.8844262985 36.0796039963
17.2296503266 13.2238910915 37.7812701249
17.1418136078 13.3061340411 38.1461482299
17.9155955759 14.8948353977 10.6218557608
18.2628070170 14.5270396685 11.3008531228
18.5811984693 14.1889437257 12.0152905631
18.2946097709 14.5963676010 23.9607315877
18.6229522860 14.0252031169 23.3654419428
18.5505429661 14.6517124670 23.0879799343
18.0157570957 14.4975509610 25.0154836104
17.9643882383 14.7188091634 26.9617072409
18.1396223361 14.4662833062 28.0278225554
18.3187289711 14.2211923304 29.0387297369
18.5279672670 14.2914409825 29.8743620434
18.5813148303 13.9672865820 30.3929072085
18.0782910381 14.2807562428 33.2530044380
18.4155214724 14.8460149154 32.4860442949
17.8931032336 15.8985093093 10.7287683546
18.2471127837 15.5614952363 11.3875997348
18.5700648265 15.2065712140 12.0484584010
18.2838330812 15.5395145446 23.0220543654
18.6250938140 14.9640580271 22.4690693760
18.5392364865 15.5442337242 22.0819893005
18.0901280722 15.4142038423 23.8425116599
17.9018281181 15.3890525304 24.5267604082
17.9120683347 15.9372866896 27.2083813122
18.1358001515 15.5907486887 27.9928837764
18.3556180152 15.3244497015 28.8603072643
18.5666055391 15.0922509861 29.6920001323
17.9427416481 15.4041450939 33.1016861325
18.3518382077 15.8408704790 32.3546590349
17.7409402292 17.1843583490 1.5760448559
18.0085738683 17.0613334284 1.9393650648
18.0083373627 16.8335138560 2.3954272616
17.8218784454 16.7312460404 3.1155102336
17.7725694666 16.9770961630 3.7972685335
18.1726899336 17.2775003320 3.3571256284
17.7822135330 16.8208663552 10.8559580316
18.1763469022 16.6948876164 11.6526303574
18.5285484217 16.1850236156 12.1757385392
18.3383063728 16.8332670623 20.8739006001
18.6724406074 16.2174850426 20.3922182306
18.5732937108 16.7835469855 19.9905528426
18.2808565874 16.2896179864 21.9847703149
18.6072294694 15.8782838044 21.2322162493
17.9391579858 16.5956111106 22.7707348433
17.8584006938 16.1309493936 23.7670383085
17.8195998608 16.9563827810 27.3207497986
18.0769115231 16.6805712159 28.1002030549
18.3320792004 16.3724211467 28.8846413632
18.5659943847 16.0500803626 29.6161157211
17.7359815318 16.6332707989 32.7992375531
18.3061877966 16.6563511157 32.1193242288
17.7064764464 17.4906669326 1.4964884583
17.9963555146 17.5685397183 1.8278277571
17.9257694347 17.6030001801 3.9934650471
18.2780788270 18.0746780662 3.4799074446
17.8647562949 17.7020334714 11.6423545905
18.4860268795 16.9672780008 12.4258294771
18.2792885710 17.7323268699 12.5774573190
18.5824394674 17.4088461031 12.9583186104
18.2897944253 17.5650954838 19.8134103166
18.6223518596 17.0360814092 19.3421094000
18.4914891202 17.5984006505 18.9197842100
17.9485763142 17.7482325278 20.7434894620
17.9133349138 17.2322353891 21.7947143616
17.6476945762 17.8571706327 27.3604787910
17.9232871062 17.7080773545 28.1793864564
18.2257600689 17.4563791492 29.1283432049
18.5096007077 16.9303417014 29.6961228845
18.0076228791 17.4612641550 31.9733736000
18.4539548570 17.0153293332 31.6389546899
18.3443429121 17.5436147392 31.3092879571
17.8189658561 19.1593071658 2.1478763834
17.9212134556 18.3511620511 1.9786715984
18.2085126596 18.7195713754 2.3832502775
17.9532115593 18.5011703977 4.0827728322
18.2574359961 19.0440191125 3.5584516513
17.8873393404 18.6718438569 12.6124348574
18.5218704496 17.9400233578 13.3178547386
18.2685347534 18.6370316294 13.5763408661
18.5762884988 18.2353386470 13.8781647682
18.3265551581 18.8479875663 16.7447436644
18.6483276948 18.2424368262 16.3013769102
18.5190871036 18.6752608874 15.8947271557
18.3195681357 18.5208575099 17.6947588342
18.6166069572 18.0485368133 17.0947350514
18.1030866079 18.4607097037 18.7601700923
18.5488526345 17.8317773510 18.0762822192
17.8547316479 18.3624565604 19.9109390493
17.6317692143 18.7303868939 28.1457598416
17.9197856010 18.4873756911 29.1196066678
18.4194638493 17.5581597691 29.9644984395
18.1449855215 18.1632408581 30.0272871690
17.9176968398 18.2968494937 31.1249580889
18.3971831901 17.6934842199 30.6404554276
17.5966167442 18.1470793555 31.9254026072
17.6522071954 19.8314471892 2.2660114851
18.0765211392 19.5640269559 2.6007597513
17.8846631288 19.5171547965 4.0868723062
18.1800666687 19.9718234710 3.5911849735
17.8226228681 19.5516021112 13.6491268881
18.4691933426 18.6839043138 14.3542922328
18.1286792349 19.3632792905 14.6911384431
18.2154402671 19.2760910124 15.8007594632
18.5002517223 18.7518478803 15.1185562619
17.9066748208 19.6546153934 16.6250736824
17.9274706325 19.2510194117 17.6758617279
17.6044375758 19.5122342120 29.1094118740
17.6743835447 19.1402065970 30.1408556598
18.0175898133 20.3955764809 2.9479747957
17.7623998174 20.5908083184 3.9830616512
18.0669904692 20.6354136233 3.5179279072
17.6497746394 20.1868887105 14.6463552573
17.7535469399 20.0587900120 15.6954622091
17.3602048547 20.0956660922 29.8107180979
17.9877726318 20.8313226515 3.2442945153
17.6914250525 21.2997708528 3.5753045187
17.4777341394 21.4306852245 4.0522693311
16.7983707039 24.9892530998 5.0542708439
17.2371220257 29.6138716436 23.9940969506
17.2485589986 30.3256756572 24.1297880166
17.3663516042 30.0182618905 24.6184695012
17.1748258895 31.5157158100 19.4875666980
17.3005748911 30.8718773762 24.9211920433
17.1693053663 31.9357470543 19.2088374770
17.2240797785 31.8837442722 19.5649463635
17.2009165996 31.7976554561 25.7125927753
17.1627691085 32.6785555721 26.5931702851
17.1790971104 32.9470947043 27.0812837338
18.3308447190 4.6132628518 27.3272701483
18.4252156023 4.4994937408 27.9313521966
18.3364397959 4.4615270696 28.3891640716
18.4623037802 5.3130886576 27.2366076355
18.5633272317 5.0105829637 27.7572198659
18.4795351675 5.0058472448 28.3547078434
18.6413700745 6.7141913067 17.1913172063
18.7630063799 6.5949047872 18.1260136711
18.6607183704 6.3724685055 19.2668512472
18.5510301424 6.4360235272 20.5132388926
18.4648956595 5.9136432317 27.2286395003
18.5360304688 5.6544544935 27.8620673379
18.6026623185 7.8155324442 15.6721419673
18.7351284687 7.2569464833 16.5910399312
19.0299719092 7.3010620279 17.3929169742
19.0706569245 6.9636034739 18.0165738863
18.9431627311 6.6008745649 18.8669146174
18.8629211647 6.5747121508 19.9681506182
18.8703224147 7.0352357025 21.1866550508
18.9017252812 7.6248254030 21.9860554495
19.0813980940 7.9836370875 21.7256863121
18.6516262049 7.4706332376 22.5367220648
18.6252033943 8.7606808263 14.7971802037
18.9487398680 8.7593613854 15.9279002228
19.0796686177 8.3371267256 16.8308904429
19.2042584585 7.9507922521 17.3122177181
19.1816448759 7.4039467988 17.5894483020
19.0658822369 8.5665292521 22.1278821536
19.1944649245 8.9495111616 21.7505789746
18.8203374777 8.2087818117 22.6775094381
18.6432529241 9.7398544419 13.9354102243
18.9213620452 9.8062674633 14.9368641435
19.0220024541 9.5931322103 15.7573008211
19.1469659567 9.4907539283 16.7380272553
19.2625112720 8.7862761223 17.4162706897
19.2614040812 9.5310388873 17.6807308287
19.3156753491 9.3868149147 17.8487604201
19.1538958594 9.6851497994 21.9917743372
19.2572504156 9.8116110949 21.3311966428
18.9058044051 9.2696863729 22.8443287701
18.8295468118 10.9419583110 13.6639892368
18.9829650030 10.6480397699 14.7104916161
19.0888029732 10.5388128185 15.6875275463
19.1551027700 10.4640177556 16.6698590331
19.2193312804 10.4571517846 17.7011251219
19.3167097698 9.9102660895 18.4511486930
19.2746131838 10.5258768009 18.8362709880
19.2739231620 10.7368671155 20.1045676059
19.3111595585 10.3251536907 19.4587910548
19.2351725136 10.5404237226 21.2314923953
19.2949805936 10.3014712083 20.5037137358
19.1402534817 10.6316062042 22.1027925522
19.0004978459 10.3298763651 22.7672175839
18.7651147345 10.1314130390 23.4842548715
18.7973601246 11.8128779153 13.0181190196
18.9916749224 11.8934544130 13.8976122399
19.0569627932 11.6412097419 14.6524515922
19.1188981719 11.5093269859 15.6192011599
19.1580956069 11.4527810525 16.6246754539
19.1870551211 11.4335655566 17.6542131444
19.2137985599 11.4446140827 18.7190729266
19.2250259036 11.4814127716 19.8195092904
19.2065970918 11.4646235268 20.8947771066
19.1445428879 11.4065137727 21.8669296887
19.0201225898 11.2876659965 22.7175015158
18.8147879078 11.0601291801 23.4859815373
18.8291626403 12.8770376136 12.8616852766
19.0043801517 12.7033013924 13.7359916913
19.0990278532 12.6038857488 14.6437416594
19.1398457203 12.5095274808 15.5931328589
19.1602796853 12.4599195730 16.5969666597
19.1702544715 12.4382157973 17.6205577884
19.1761106692 12.4274518942 18.6564360554
19.1766894482 12.4131630285 19.6973025825
19.1612380456 12.3775270740 20.7198417315
19.1162005933 12.3024649477 21.6770165133
19.0110515384 12.2203437656 22.5707158281
18.8264245989 12.0586713072 23.4227942233
18.8385977923 13.9025214397 12.7960382036
19.0129961926 13.6954047432 13.6610640436
19.1077900461 13.5769015706 14.5971365162
19.1474458641 13.5118954722 15.5759791819
19.1592219793 13.4709115207 16.5790789564
19.1586090564 13.4429525729 17.5909745376
19.1493474965 13.4214329553 18.6059886376
19.1327838616 13.3860938090 19.6252742479
19.1096902757 13.3028681183 20.6125657224
19.0578812785 13.2052421843 21.5583068122
18.9911890239 13.0117482944 22.3311606116
18.7972612633 13.1323720660 23.2106319631
18.6654396082 14.0334463129 31.1298533051
18.5895644003 13.7694124670 31.7839553959
18.8308776580 14.9210570085 12.7904576656
19.0084859698 14.7111339282 13.6333075168
19.1030496236 14.5842202715 14.5652779876
19.1398935373 14.5172501481 15.5528620612
19.1473266239 14.4711377042 16.5575350143
19.1388208810 14.4270280703 17.5553748125
19.1187894323 14.3748752297 18.5284820909
19.0776053706 14.3478163910 19.5152021582
19.0269133355 14.2460332215 20.5352086597
18.9945911284 13.9808429847 21.3756011159
18.8333903716 14.0212910874 22.4164163553
18.7147055780 14.7798099066 30.5289431592
18.7701328999 14.7926108031 31.2793999505
18.6574436030 14.4201809839 31.8315750076
18.7938685961 15.9038821769 12.8357889864
18.9803215287 15.7057191441 13.6318026640
19.0791623026 15.5798832324 14.5342441804
19.1108742393 15.5142480671 15.5135921420
19.1108136694 15.4545770877 16.5236179502
19.0982404014 15.3665767391 17.5016614446
19.0611349371 15.2898648602 18.4547629445
19.0249967309 15.1331199390 19.2755192965
18.8924236946 15.3059080076 20.3083957203
18.8132804816 14.8922327510 21.5337966694
18.7385374227 15.7436713409 30.3393640769
18.7904803025 15.5242149280 31.0751837648
18.6769231364 15.2708953334 31.7956833683
18.2786238600 17.2889184675 2.3342074912
18.2486079606 17.0699625836 2.8057159430
18.7124635839 16.7833643140 12.9222515961
18.9032868969 16.6479175384 13.6538991666
19.0209130936 16.5105274508 14.4916762411
19.0480873068 16.4623775940 15.4191678760
19.0286120773 16.4223198416 16.4390076118
19.0057881469 16.2818561912 17.4576782866
18.9908522495 16.0490278494 18.2846039685
18.8543009551 16.1347475107 19.3561503623
18.6888046906 16.5831883769 30.3038357351
18.7678547867 16.2520407804 30.8683895459
18.6413993794 16.2422464878 31.5830565159
18.3134072687 17.9930795923 2.3638661217
18.3973985873 17.6608435223 2.8767558374
18.7410819501 17.5365321776 13.6627000919
18.8950538977 17.3784974727 14.4944245643
18.9629922871 17.1924240257 15.2250582658
18.8774854311 17.4104827290 16.2086236498
18.8408129272 17.1989074197 17.3282781474
18.7927418651 16.9233808820 18.4391809508
18.5834845318 17.2175000659 30.3233933307
18.6221404788 16.9876866035 30.9780277010
18.3749177182 18.6456864796 2.9151754909
18.6993276076 18.1520533308 14.4936554736
18.7666360844 18.0197895771 15.4131072666
18.2961599360 19.6641373376 3.1408204977
18.2177769481 20.3288217400 3.2721041052
3 2 1 0
3 0 3 2
3 1 4 0
3 0 4 3
3 7 6 5
3 9 8 5
3 5 8 7
3 9 10 8
3 6 11 5
3 5 11 9
3 9 11 12
3 9 12 10
3 15 14 13
3 13 16 15
3 14 17 13
3 13 17 16
3 20 19 18
3 1 2 18
3 2 20 18
3 2 21 20
3 23 22 3
3 22 2 3
3 22 21 2
3 23 24 22
3 18 19 25
3 25 19 26
3 27 4 1
3 18 27 1
3 25 27 18
3 27 28 4
3 4 28 3
3 28 29 3
3 29 23 3
3 23 29 24
3 26 30 25
3 25 30 27
3 27 30 31
3 27 31 28
3 32 6 7
3 32 7 33
3 7 34 33
3 7 8 34
3 8 10 34
3 34 10 35
3 37 11 36
3 11 6 36
3 36 6 32
3 38 36 32
3 11 39 12
3 39 32 12
3 33 12 32
3 12 33 40
3 38 40 33
3 40 38 39
3 39 37 40
3 11 37 39
3 39 38 32
3 40 41 12
3 41 10 12
3 41 35 10
3 36 42 37
3 44 43 42
3 43 37 42
3 43 40 37
3 41 40 45
3 45 40 43
3 48 47 46
3 50 49 46
3 46 49 48
3 52 51 50
3 50 51 49
3 54 53 52
3 53 43 52
3 44 51 52
3 44 52 43
3 43 53 45
3 46 47 55
3 55 47 56
3 46 57 50
3 46 55 57
3 50 58 52
3 50 57 58
3 54 52 59
3 59 52 58
3 55 56 60
3 60 56 61
3 55 62 57
3 55 60 62
3 57 63 58
3 57 62 63
3 59 58 64
3 64 58 63
3 60 61 65
3 65 61 66
3 68 62 67
3 62 65 67
3 62 60 65
3 62 68 63
3 63 68 69
3 63 69 64
3 66 70 65
3 65 70 67
3 73 72 71
3 75 74 71
3 71 74 73
3 75 76 74
3 79 78 77
3 79 77 72
3 72 77 71
3 77 14 71
3 14 15 71
3 71 15 16
3 80 71 16
3 75 71 80
3 76 75 81
3 81 75 80
3 78 82 77
3 82 84 83
3 82 83 17
3 77 82 17
3 14 77 17
3 80 16 17
3 83 80 17
3 85 80 83
3 81 80 86
3 86 80 85
3 84 87 83
3 83 87 85
3 85 87 88
3 85 88 86
3 91 90 89
3 89 92 91
3 95 94 93
3 95 93 90
3 93 89 90
3 93 96 89
3 92 89 97
3 97 89 96
3 93 94 98
3 98 94 99
3 93 100 96
3 93 98 100
3 97 96 101
3 101 96 100
3 99 102 98
3 104 103 102
3 103 98 102
3 103 100 98
3 101 100 105
3 105 100 103
3 104 106 103
3 103 106 105
3 109 108 107
3 19 20 107
3 20 109 107
3 20 110 109
3 111 20 21
3 111 110 20
3 112 21 22
3 112 111 21
3 22 24 112
3 112 24 113
3 107 108 114
3 114 108 115
3 114 26 19
3 114 19 107
3 117 116 29
3 117 29 28
3 24 29 113
3 113 29 116
3 114 115 118
3 118 115 119
3 120 30 26
3 114 120 26
3 118 120 114
3 30 120 121
3 122 30 121
3 31 30 122
3 28 31 117
3 117 31 122
3 118 119 123
3 123 119 124
3 118 125 120
3 118 123 125
3 121 120 126
3 126 120 125
3 123 124 127
3 127 124 128
3 130 125 129
3 125 127 129
3 125 123 127
3 125 130 126
3 127 128 131
3 131 128 132
3 129 127 133
3 133 127 131
3 132 134 131
3 131 134 133
3 137 136 135
3 33 34 135
3 34 137 135
3 34 138 137
3 34 35 138
3 138 35 139
3 135 136 38
3 136 36 38
3 136 140 36
3 135 38 33
3 41 139 35
3 41 141 139
3 144 143 142
3 146 145 142
3 142 145 144
3 146 147 42
3 140 146 42
3 36 140 42
3 146 140 145
3 147 44 42
3 45 141 41
3 45 148 141
3 151 150 149
3 151 149 143
3 143 149 142
3 149 47 142
3 47 48 142
3 142 48 49
3 142 49 146
3 146 49 51
3 146 51 147
3 44 147 51
3 53 54 152
3 148 45 153
3 45 152 153
3 152 154 153
3 45 53 152
3 154 155 153
3 149 150 156
3 156 150 157
3 156 56 47
3 156 47 149
3 59 158 152
3 59 152 54
3 160 154 159
3 154 158 159
3 154 152 158
3 154 160 155
3 163 162 161
3 161 164 163
3 156 157 165
3 165 157 166
3 165 61 56
3 165 56 156
3 168 167 158
3 59 168 158
3 64 168 59
3 158 167 159
3 162 169 161
3 161 169 164
3 165 166 170
3 170 166 171
3 170 66 61
3 170 61 165
3 67 172 68
3 68 172 173
3 174 68 173
3 69 68 174
3 64 69 168
3 168 69 174
3 171 175 170
3 170 175 66
3 175 70 66
3 175 176 70
3 67 70 172
3 70 177 172
3 70 176 177
3 172 177 173
3 180 179 178
3 182 181 178
3 178 181 180
3 182 183 181
3 185 184 73
3 73 184 72
3 74 178 179
3 185 74 179
3 73 74 185
3 178 74 76
3 186 178 76
3 182 178 186
3 183 182 187
3 187 182 186
3 189 188 79
3 79 188 78
3 79 72 184
3 79 184 189
3 81 190 186
3 81 186 76
3 187 186 191
3 191 186 190
3 188 192 78
3 78 192 82
3 84 82 192
3 84 192 193
3 195 194 190
3 81 195 190
3 86 195 81
3 190 194 191
3 193 196 84
3 84 196 87
3 87 197 88
3 196 197 87
3 86 88 195
3 195 88 197
3 200 199 198
3 202 201 198
3 198 201 200
3 202 203 201
3 198 199 204
3 204 199 205
3 204 90 91
3 202 204 91
3 198 204 202
3 91 92 202
3 92 203 202
3 92 206 203
3 209 208 207
3 209 207 205
3 205 207 204
3 207 94 204
3 94 95 204
3 204 95 90
3 97 206 92
3 97 210 206
3 208 211 207
3 94 207 211
3 212 94 211
3 99 94 212
3 101 210 97
3 101 213 210
3 102 99 214
3 99 215 214
3 99 212 215
3 214 104 102
3 105 213 101
3 105 216 213
3 215 217 214
3 214 217 104
3 217 106 104
3 217 218 106
3 105 106 216
3 216 106 218
3 221 220 219
3 108 109 219
3 109 221 219
3 109 222 221
3 223 109 110
3 223 222 109
3 224 110 111
3 224 223 110
3 225 111 112
3 225 224 111
3 112 113 225
3 225 113 226
3 219 220 227
3 227 220 228
3 227 115 108
3 227 108 219
3 230 229 116
3 230 116 117
3 113 116 226
3 226 116 229
3 227 228 231
3 231 228 232
3 231 119 115
3 231 115 227
3 234 233 122
3 234 122 121
3 117 122 230
3 230 122 233
3 231 232 235
3 235 232 236
3 235 124 119
3 235 119 231
3 126 234 121
3 126 237 234
3 235 236 238
3 238 236 239
3 238 128 124
3 238 124 235
3 129 240 130
3 240 241 130
3 241 126 130
3 241 237 126
3 239 242 238
3 128 238 242
3 243 128 242
3 132 128 243
3 245 244 240
3 129 245 240
3 133 245 129
3 240 244 241
3 243 246 132
3 132 246 134
3 133 134 245
3 245 134 246
3 248 247 137
3 137 247 136
3 249 137 138
3 249 248 137
3 138 139 249
3 249 139 250
3 253 252 251
3 255 254 251
3 251 254 253
3 255 256 254
3 259 258 257
3 261 260 257
3 257 260 259
3 247 260 261
3 140 247 261
3 136 247 140
3 141 263 262
3 250 141 262
3 139 141 250
3 263 264 262
3 267 266 265
3 267 265 252
3 265 251 252
3 265 268 251
3 251 269 255
3 251 268 269
3 256 255 270
3 255 271 270
3 255 269 271
3 273 272 271
3 271 272 270
3 275 274 273
3 273 274 272
3 275 276 274
3 279 278 277
3 279 277 258
3 258 277 257
3 277 143 257
3 143 144 257
3 257 144 145
3 257 145 261
3 261 145 140
3 148 280 263
3 148 263 141
3 264 263 281
3 281 263 280
3 265 266 282
3 282 266 283
3 265 284 268
3 265 282 284
3 268 285 269
3 268 284 285
3 269 286 271
3 269 285 286
3 271 287 273
3 271 286 287
3 273 288 275
3 273 287 288
3 276 275 289
3 289 275 288
3 277 278 151
3 278 150 151
3 278 290 150
3 277 151 143
3 153 280 148
3 153 155 280
3 155 281 280
3 155 291 281
3 294 293 292
3 294 292 283
3 292 282 283
3 292 295 282
3 282 296 284
3 282 295 296
3 284 297 285
3 284 296 297
3 285 298 286
3 285 297 298
3 286 299 287
3 286 298 299
3 287 300 288
3 287 299 300
3 289 288 301
3 288 302 301
3 288 300 302
3 302 303 301
3 306 305 304
3 290 306 304
3 157 290 304
3 150 290 157
3 159 307 160
3 307 308 160
3 308 155 160
3 308 291 155
3 293 309 292
3 311 310 309
3 310 292 309
3 310 295 292
3 295 312 296
3 295 310 312
3 296 313 297
3 296 312 313
3 297 314 298
3 297 313 314
3 298 315 299
3 298 314 315
3 315 162 163
3 300 315 163
3 299 315 300
3 300 163 164
3 316 300 164
3 302 300 316
3 303 302 317
3 317 302 316
3 304 305 318
3 318 305 319
3 318 166 157
3 318 157 304
3 168 320 167
3 320 321 167
3 167 321 159
3 321 322 159
3 322 307 159
3 307 322 308
3 310 311 323
3 323 311 324
3 310 325 312
3 310 323 325
3 312 326 313
3 312 325 326
3 313 327 314
3 313 326 327
3 314 328 315
3 314 327 328
3 329 169 162
3 315 329 162
3 328 329 315
3 316 164 169
3 329 316 169
3 330 316 329
3 317 316 331
3 331 316 330
3 319 332 318
3 166 318 332
3 333 166 332
3 171 166 333
3 335 334 174
3 335 174 173
3 168 174 320
3 174 336 320
3 174 334 336
3 320 336 321
3 339 338 337
3 339 337 324
3 337 323 324
3 337 340 323
3 323 341 325
3 323 340 341
3 325 342 326
3 325 341 342
3 326 343 327
3 326 342 343
3 327 344 328
3 327 343 344
3 328 345 329
3 328 344 345
3 347 330 346
3 330 345 346
3 330 329 345
3 330 347 331
3 175 171 348
3 171 349 348
3 171 333 349
3 175 348 350
3 351 175 350
3 176 175 351
3 176 352 177
3 351 352 176
3 173 177 335
3 335 177 352
3 337 338 353
3 353 338 354
3 353 179 180
3 340 353 180
3 337 353 340
3 340 180 181
3 340 181 341
3 341 181 183
3 355 341 183
3 342 341 355
3 342 356 343
3 342 355 356
3 343 357 344
3 343 356 357
3 359 345 358
3 345 357 358
3 345 344 357
3 345 359 346
3 349 360 348
3 348 360 350
3 353 354 185
3 354 184 185
3 354 361 184
3 353 185 179
3 187 362 355
3 187 355 183
3 355 363 356
3 355 362 363
3 356 364 357
3 356 363 364
3 358 357 365
3 365 357 364
3 368 367 366
3 366 369 368
3 370 188 189
3 371 370 189
3 184 371 189
3 361 371 184
3 191 372 362
3 191 362 187
3 362 373 363
3 362 372 373
3 375 364 374
3 364 373 374
3 364 363 373
3 364 375 365
3 378 377 376
3 378 376 367
3 376 366 367
3 376 379 366
3 369 366 380
3 380 366 379
3 370 192 188
3 193 192 370
3 371 193 370
3 381 193 371
3 195 382 194
3 382 383 194
3 194 383 191
3 383 384 191
3 384 372 191
3 372 384 373
3 373 384 385
3 373 385 374
3 377 386 376
3 388 387 386
3 387 376 386
3 387 379 376
3 380 379 389
3 379 390 389
3 379 387 390
3 390 391 389
3 381 392 193
3 193 392 196
3 196 393 197
3 392 393 196
3 195 197 382
3 197 394 382
3 197 393 394
3 382 394 383
3 397 396 395
3 397 395 388
3 388 395 387
3 395 199 387
3 199 200 387
3 387 200 201
3 387 201 390
3 201 203 390
3 203 391 390
3 203 398 391
3 395 396 399
3 399 396 400
3 399 205 199
3 399 199 395
3 206 398 203
3 206 401 398
3 399 400 209
3 400 208 209
3 400 402 208
3 399 209 205
3 210 401 206
3 210 403 401
3 402 404 208
3 208 404 211
3 212 211 404
3 212 404 405
3 213 403 210
3 213 406 403
3 408 215 407
3 215 405 407
3 215 212 405
3 409 408 407
3 216 406 213
3 216 410 406
3 408 217 215
3 409 411 408
3 411 217 408
3 411 218 217
3 216 218 410
3 410 218 411
3 413 412 221
3 221 412 220
3 414 221 222
3 414 413 221
3 415 222 223
3 415 414 222
3 416 223 224
3 416 415 223
3 418 416 417
3 416 225 417
3 416 224 225
3 226 417 225
3 412 228 220
3 419 228 412
3 418 417 229
3 230 418 229
3 420 418 230
3 229 417 226
3 419 232 228
3 421 232 419
3 423 422 233
3 423 233 234
3 230 233 420
3 420 233 422
3 421 236 232
3 424 236 421
3 237 423 234
3 237 425 423
3 424 239 236
3 426 239 424
3 241 425 237
3 241 427 425
3 242 239 428
3 239 429 428
3 239 426 429
3 428 243 242
3 245 430 244
3 430 431 244
3 431 241 244
3 431 427 241
3 428 429 432
3 432 429 433
3 434 246 243
3 428 434 243
3 432 434 428
3 430 245 246
3 434 430 246
3 435 430 434
3 431 430 436
3 436 430 435
3 433 437 432
3 439 438 437
3 438 432 437
3 438 434 432
3 434 440 435
3 434 438 440
3 436 435 441
3 441 435 440
3 444 443 442
3 446 445 442
3 442 445 444
3 445 446 439
3 446 438 439
3 446 447 438
3 438 448 440
3 438 447 448
3 441 440 449
3 440 450 449
3 440 448 450
3 452 451 450
3 450 451 449
3 454 453 452
3 452 453 451
3 454 455 453
3 458 457 456
3 460 459 456
3 456 459 458
3 460 247 459
3 247 248 459
3 462 461 459
3 462 459 248
3 462 248 463
3 248 464 463
3 248 249 464
3 249 250 464
3 464 250 465
3 442 443 466
3 466 443 467
3 442 468 446
3 442 466 468
3 446 469 447
3 446 468 469
3 469 252 253
3 448 469 253
3 447 469 448
3 448 253 254
3 448 254 450
3 450 254 256
3 470 450 256
3 452 450 470
3 452 471 454
3 452 470 471
3 455 454 472
3 454 473 472
3 454 471 473
3 473 474 472
3 477 476 475
3 477 475 457
3 457 475 456
3 475 258 456
3 258 259 456
3 456 259 260
3 456 260 460
3 462 478 461
3 247 460 260
3 478 462 463
3 479 465 250
3 479 250 262
3 262 264 479
3 479 264 480
3 467 481 466
3 483 482 481
3 482 466 481
3 482 468 466
3 482 266 267
3 469 482 267
3 468 482 469
3 469 267 252
3 270 470 256
3 470 270 272
3 470 272 471
3 471 272 274
3 471 274 473
3 274 276 473
3 276 474 473
3 276 484 474
3 487 486 485
3 487 485 476
3 476 485 475
3 485 278 475
3 278 279 475
3 475 279 258
3 281 489 488
3 480 281 488
3 264 281 480
3 489 490 488
3 493 492 491
3 493 491 483
3 491 482 483
3 491 494 482
3 494 283 266
3 494 266 482
3 289 496 495
3 484 289 495
3 276 289 484
3 496 497 495
3 500 499 498
3 500 498 486
3 498 485 486
3 498 501 485
3 501 290 278
3 501 278 485
3 503 502 489
3 281 503 489
3 291 503 281
3 489 502 490
3 491 492 504
3 504 492 505
3 504 293 294
3 494 504 294
3 491 504 494
3 494 294 283
3 301 496 289
3 507 506 303
3 303 506 301
3 506 497 301
3 497 496 301
3 507 508 506
3 511 510 509
3 513 512 509
3 509 512 511
3 512 513 499
3 513 498 499
3 513 514 498
3 514 305 306
3 501 514 306
3 498 514 501
3 501 306 290
3 308 503 291
3 308 515 503
3 504 505 516
3 516 505 517
3 518 309 293
3 504 518 293
3 516 518 504
3 518 311 309
3 317 519 507
3 317 507 303
3 508 507 520
3 520 507 519
3 510 521 509
3 523 522 521
3 522 509 521
3 522 513 509
3 513 524 514
3 513 522 524
3 524 319 305
3 524 305 514
3 527 526 525
3 322 321 525
3 526 322 525
3 528 322 526
3 308 322 515
3 515 322 528
3 516 517 529
3 529 517 530
3 516 531 518
3 516 529 531
3 531 324 311
3 531 311 518
3 331 532 519
3 331 519 317
3 520 519 533
3 533 519 532
3 523 534 522
3 536 535 534
3 535 522 534
3 535 524 522
3 537 332 319
3 524 537 319
3 535 537 524
3 537 333 332
3 539 538 334
3 539 334 335
3 525 336 527
3 336 538 527
3 336 334 538
3 336 525 321
3 529 530 540
3 540 530 541
3 540 338 339
3 531 540 339
3 529 540 531
3 531 339 324
3 346 542 347
3 542 543 347
3 347 543 331
3 543 544 331
3 544 532 331
3 532 544 533
3 536 545 535
3 547 546 545
3 546 535 545
3 546 537 535
3 546 349 333
3 546 333 537
3 549 548 351
3 549 351 350
3 351 550 352
3 548 550 351
3 335 352 539
3 539 352 550
3 541 551 540
3 338 540 551
3 552 338 551
3 354 338 552
3 358 553 359
3 553 554 359
3 359 554 346
3 554 555 346
3 555 542 346
3 542 555 543
3 558 557 556
3 560 559 556
3 556 559 558
3 559 560 547
3 560 546 547
3 560 561 546
3 546 561 349
3 561 562 349
3 562 360 349
3 561 563 562
3 350 360 549
3 549 360 562
3 552 361 354
3 564 361 552
3 566 565 553
3 358 566 553
3 365 566 358
3 553 565 554
3 556 557 567
3 567 557 568
3 567 367 368
3 560 567 368
3 556 567 560
3 561 560 569
3 560 369 569
3 369 570 569
3 369 560 368
3 561 569 563
3 564 371 361
3 571 371 564
3 573 572 375
3 573 375 374
3 365 375 566
3 566 375 572
3 567 568 378
3 568 377 378
3 568 574 377
3 567 378 367
3 380 576 575
3 570 380 575
3 369 380 570
3 576 577 575
3 579 381 578
3 381 571 578
3 381 371 571
3 580 579 578
3 383 581 384
3 384 581 582
3 583 384 582
3 385 384 583
3 374 385 573
3 573 385 583
3 386 377 584
3 377 585 584
3 377 574 585
3 584 388 386
3 389 576 380
3 389 391 576
3 391 577 576
3 391 586 577
3 579 392 381
3 580 587 579
3 587 392 579
3 587 393 392
3 393 588 394
3 587 588 393
3 383 394 581
3 394 589 581
3 394 588 589
3 581 589 582
3 584 585 397
3 585 396 397
3 585 590 396
3 584 397 388
3 398 586 391
3 398 591 586
3 590 400 396
3 592 400 590
3 401 591 398
3 401 593 591
3 595 402 594
3 402 592 594
3 402 400 592
3 596 595 594
3 403 593 401
3 403 597 593
3 595 404 402
3 405 404 595
3 596 405 595
3 598 405 596
3 406 597 403
3 406 599 597
3 598 600 405
3 405 600 407
3 602 601 409
3 407 602 409
3 600 602 407
3 602 599 601
3 599 410 601
3 599 406 410
3 601 411 409
3 411 601 410
3 605 604 603
3 603 606 605
3 603 604 607
3 607 604 608
3 413 609 412
3 609 603 412
3 603 607 412
3 603 609 606
3 610 413 414
3 610 609 413
3 611 414 415
3 611 610 414
3 612 415 416
3 612 611 415
3 416 418 612
3 612 418 613
3 608 614 607
3 412 607 614
3 615 412 614
3 419 412 615
3 618 617 616
3 617 613 616
3 613 420 616
3 613 418 420
3 615 421 419
3 619 421 615
3 618 616 422
3 423 618 422
3 620 618 423
3 422 616 420
3 619 424 421
3 621 424 619
3 425 620 423
3 425 622 620
3 621 426 424
3 623 426 621
3 427 622 425
3 427 624 622
3 627 626 625
3 623 627 625
3 429 623 625
3 426 623 429
3 431 629 628
3 624 431 628
3 427 431 624
3 629 630 628
3 625 626 631
3 631 626 632
3 631 433 429
3 631 429 625
3 436 633 629
3 436 629 431
3 630 629 634
3 634 629 633
3 637 636 635
3 637 635 632
3 635 631 632
3 635 638 631
3 639 437 433
3 631 639 433
3 638 639 631
3 639 439 437
3 441 640 633
3 441 633 436
3 634 633 641
3 633 642 641
3 633 640 642
3 644 643 642
3 642 643 641
3 644 645 643
3 635 636 646
3 646 636 647
3 646 443 444
3 638 646 444
3 635 646 638
3 638 444 445
3 638 445 639
3 639 445 439
3 449 640 441
3 640 449 451
3 640 451 642
3 642 451 453
3 642 453 644
3 649 648 455
3 455 648 453
3 648 645 453
3 645 644 453
3 649 650 648
3 653 652 651
3 457 458 651
3 458 653 651
3 458 654 653
3 655 458 459
3 655 654 458
3 657 656 461
3 656 459 461
3 656 655 459
3 463 464 657
3 464 656 657
3 464 658 656
3 464 465 658
3 658 465 659
3 647 660 646
3 443 646 660
3 661 443 660
3 467 443 661
3 472 649 455
3 663 662 474
3 474 662 472
3 662 650 472
3 650 649 472
3 663 664 662
3 667 666 665
3 667 665 652
3 652 665 651
3 665 476 651
3 476 477 651
3 651 477 457
3 478 657 461
3 657 478 463
3 668 659 465
3 668 465 479
3 479 480 668
3 668 480 669
3 481 467 670
3 467 671 670
3 467 661 671
3 670 483 481
3 484 672 663
3 484 663 474
3 664 663 673
3 663 674 673
3 663 672 674
3 674 675 673
3 678 677 676
3 680 679 676
3 676 679 678
3 682 681 680
3 680 681 679
3 681 682 666
3 666 682 665
3 682 486 665
3 486 487 665
3 665 487 476
3 683 669 480
3 683 480 488
3 488 490 683
3 683 490 684
3 670 671 493
3 671 492 493
3 671 685 492
3 670 493 483
3 495 672 484
3 672 495 497
3 686 672 497
3 674 672 686
3 675 674 687
3 674 688 687
3 674 686 688
3 690 689 688
3 688 689 687
3 692 691 690
3 690 691 689
3 691 692 677
3 692 676 677
3 692 693 676
3 676 694 680
3 676 693 694
3 694 499 500
3 682 694 500
3 680 694 682
3 682 500 486
3 696 695 502
3 696 502 503
3 490 502 684
3 684 502 695
3 699 698 697
3 685 699 697
3 505 685 697
3 492 685 505
3 506 686 497
3 686 506 508
3 700 686 508
3 688 686 700
3 688 701 690
3 688 700 701
3 690 702 692
3 690 701 702
3 702 510 511
3 693 702 511
3 692 702 693
3 693 511 512
3 693 512 694
3 694 512 499
3 515 696 503
3 515 703 696
3 697 698 704
3 704 698 705
3 704 517 505
3 704 505 697
3 520 706 700
3 520 700 508
3 700 707 701
3 700 706 707
3 701 708 702
3 701 707 708
3 709 521 510
3 702 709 510
3 708 709 702
3 709 523 521
3 711 710 526
3 711 526 527
3 526 712 528
3 710 712 526
3 515 528 703
3 703 528 712
3 704 705 713
3 713 705 714
3 713 530 517
3 713 517 704
3 716 715 706
3 520 716 706
3 533 716 520
3 706 715 707
3 707 715 717
3 707 717 708
3 708 717 718
3 708 718 709
3 709 718 719
3 719 721 720
3 719 720 534
3 709 719 534
3 523 709 534
3 720 536 534
3 723 722 538
3 723 538 539
3 527 538 711
3 711 538 722
3 714 724 713
3 530 713 724
3 725 530 724
3 541 530 725
3 543 726 544
3 726 727 544
3 727 533 544
3 727 716 533
3 720 721 728
3 728 721 729
3 730 545 536
3 720 730 536
3 728 730 720
3 730 547 545
3 732 731 548
3 732 548 549
3 548 733 550
3 731 733 548
3 539 550 723
3 723 550 733
3 551 541 734
3 541 735 734
3 541 725 735
3 734 552 551
3 737 736 555
3 737 555 554
3 543 555 726
3 555 738 726
3 555 736 738
3 726 738 727
3 728 729 558
3 729 557 558
3 729 739 557
3 728 558 559
3 728 559 730
3 730 559 547
3 741 740 562
3 741 562 563
3 549 562 732
3 732 562 740
3 735 742 734
3 552 734 742
3 743 552 742
3 564 552 743
3 745 744 565
3 745 565 566
3 554 565 737
3 737 565 744
3 739 568 557
3 746 568 739
3 748 747 569
3 748 569 570
3 563 569 741
3 741 569 747
3 743 571 564
3 749 571 743
3 751 750 572
3 751 572 573
3 566 572 745
3 745 572 750
3 746 574 568
3 752 574 746
3 753 748 570
3 753 570 575
3 575 577 753
3 753 577 754
3 749 755 571
3 571 755 578
3 757 756 580
3 578 757 580
3 755 757 578
3 759 758 756
3 759 756 757
3 761 760 758
3 761 758 759
3 583 582 760
3 761 583 760
3 762 583 761
3 573 583 751
3 751 583 762
3 764 585 763
3 585 752 763
3 585 574 752
3 765 764 763
3 586 754 577
3 586 766 754
3 756 587 580
3 587 756 588
3 588 756 758
3 588 758 589
3 589 758 760
3 589 760 582
3 767 590 764
3 764 590 585
3 764 765 768
3 764 768 767
3 591 766 586
3 591 769 766
3 770 592 767
3 767 592 590
3 767 768 771
3 767 771 770
3 593 769 591
3 593 772 769
3 770 594 592
3 596 594 770
3 771 596 770
3 773 596 771
3 597 772 593
3 597 774 772
3 776 598 775
3 598 773 775
3 598 596 773
3 778 777 776
3 778 776 775
3 778 774 777
3 774 599 777
3 774 597 599
3 776 600 598
3 600 776 602
3 602 776 777
3 602 777 599
3 781 780 779
3 604 605 779
3 605 781 779
3 605 782 781
3 605 606 782
3 782 606 783
3 780 784 779
3 604 779 784
3 785 604 784
3 608 604 785
3 786 783 606
3 786 606 609
3 787 609 610
3 787 786 609
3 788 610 611
3 788 787 610
3 790 788 789
3 788 612 789
3 788 611 612
3 613 789 612
3 785 791 608
3 608 791 614
3 615 614 791
3 615 791 792
3 790 789 617
3 618 790 617
3 793 790 618
3 617 789 613
3 792 619 615
3 794 619 792
3 620 793 618
3 620 795 793
3 794 621 619
3 796 621 794
3 622 795 620
3 622 797 795
3 796 623 621
3 798 623 796
3 624 800 799
3 797 624 799
3 622 624 797
3 800 801 799
3 803 802 627
3 627 802 626
3 627 623 798
3 627 798 803
3 628 800 624
3 628 630 800
3 630 801 800
3 630 804 801
3 807 806 805
3 802 807 805
3 632 802 805
3 626 802 632
3 634 809 808
3 804 634 808
3 630 634 804
3 811 810 809
3 809 810 808
3 811 812 810
3 805 806 637
3 806 636 637
3 806 813 636
3 805 637 632
3 641 809 634
3 809 641 643
3 809 643 811
3 815 814 645
3 645 814 643
3 814 812 643
3 812 811 643
3 815 816 814
3 813 647 636
3 817 647 813
3 648 815 645
3 819 818 650
3 650 818 648
3 818 816 648
3 816 815 648
3 819 820 818
3 822 821 653
3 653 821 652
3 823 653 654
3 823 822 653
3 824 654 655
3 824 823 654
3 825 655 656
3 825 824 655
3 826 656 658
3 826 825 656
3 658 659 826
3 826 659 827
3 660 647 828
3 647 829 828
3 647 817 829
3 828 661 660
3 662 819 650
3 831 830 664
3 664 830 662
3 830 820 662
3 820 819 662
3 833 832 831
3 831 832 830
3 833 834 832
3 837 836 835
3 839 838 835
3 835 838 837
3 841 840 839
3 839 840 838
3 843 842 841
3 841 842 840
3 666 667 843
3 667 842 843
3 667 844 842
3 667 652 821
3 667 821 844
3 845 827 659
3 845 659 668
3 668 669 845
3 845 669 846
3 828 829 847
3 847 829 848
3 847 671 661
3 847 661 828
3 673 831 664
3 831 673 675
3 849 831 675
3 833 831 849
3 834 833 850
3 833 851 850
3 833 849 851
3 850 851 836
3 851 835 836
3 851 852 835
3 852 677 678
3 839 852 678
3 835 852 839
3 839 678 679
3 839 679 841
3 841 679 681
3 841 681 843
3 843 681 666
3 853 846 669
3 853 669 683
3 683 684 853
3 853 684 854
3 847 848 855
3 855 848 856
3 855 685 671
3 855 671 847
3 687 849 675
3 849 687 689
3 849 689 851
3 851 689 691
3 851 691 852
3 852 691 677
3 858 857 695
3 858 695 696
3 684 695 854
3 854 695 857
3 861 860 859
3 861 859 856
3 856 859 855
3 859 698 855
3 698 699 855
3 855 699 685
3 703 858 696
3 703 862 858
3 859 860 863
3 863 860 864
3 863 705 698
3 863 698 859
3 866 865 710
3 866 710 711
3 710 867 712
3 865 867 710
3 703 712 862
3 862 712 867
3 863 864 868
3 868 864 869
3 868 714 705
3 868 705 863
3 716 870 715
3 871 717 715
3 871 715 870
3 872 718 717
3 872 717 871
3 873 719 718
3 873 718 872
3 873 721 719
3 876 875 874
3 722 723 874
3 875 722 874
3 877 722 875
3 711 722 866
3 866 722 877
3 868 869 878
3 878 869 879
3 880 724 714
3 868 880 714
3 878 880 868
3 880 725 724
3 882 881 870
3 716 882 870
3 727 882 716
3 870 881 871
3 871 881 883
3 871 883 872
3 872 883 884
3 886 885 884
3 885 872 884
3 885 873 872
3 885 729 721
3 885 721 873
3 888 887 731
3 888 731 732
3 874 733 876
3 733 887 876
3 733 731 887
3 733 874 723
3 879 889 878
3 878 889 880
3 880 889 890
3 725 880 890
3 891 725 890
3 735 725 891
3 737 892 736
3 736 892 893
3 894 736 893
3 738 736 894
3 727 738 882
3 882 738 894
3 885 886 895
3 895 886 896
3 895 739 729
3 895 729 885
3 898 897 740
3 898 740 741
3 732 740 888
3 888 740 897
3 891 899 735
3 735 899 742
3 743 742 899
3 743 899 900
3 745 901 744
3 892 737 744
3 901 892 744
3 902 892 901
3 893 892 903
3 903 892 902
3 895 896 904
3 904 896 905
3 904 746 739
3 904 739 895
3 907 906 747
3 907 747 748
3 741 747 898
3 898 747 906
3 909 749 908
3 749 900 908
3 749 743 900
3 910 909 908
3 912 911 750
3 912 750 751
3 745 750 901
3 750 913 901
3 750 911 913
3 901 913 902
3 902 913 914
3 902 914 903
3 905 915 904
3 746 904 915
3 916 746 915
3 752 746 916
3 748 753 917
3 918 748 917
3 907 748 918
3 754 917 753
3 909 755 749
3 910 919 909
3 919 755 909
3 919 757 755
3 757 920 759
3 919 920 757
3 759 921 761
3 920 921 759
3 761 922 762
3 921 922 761
3 751 762 912
3 912 762 922
3 916 923 752
3 752 923 763
3 765 763 923
3 765 923 924
3 925 918 917
3 917 754 925
3 754 926 925
3 754 766 926
3 928 768 927
3 768 924 927
3 768 765 924
3 929 928 927
3 769 926 766
3 769 930 926
3 931 771 928
3 928 771 768
3 928 929 932
3 933 928 932
3 931 928 933
3 932 930 933
3 930 772 933
3 930 769 772
3 934 773 931
3 931 773 771
3 935 931 933
3 934 931 935
3 774 935 772
3 772 935 933
3 934 775 773
3 775 934 778
3 778 934 935
3 778 935 774
3 937 936 781
3 781 936 780
3 938 781 782
3 938 937 781
3 782 783 938
3 938 783 939
3 936 940 780
3 780 940 784
3 942 941 785
3 784 942 785
3 940 942 784
3 944 943 786
3 943 945 786
3 941 786 945
3 786 941 783
3 942 783 941
3 783 942 943
3 943 939 783
3 944 939 943
3 943 942 945
3 946 786 787
3 946 944 786
3 947 787 788
3 947 946 787
3 788 790 947
3 947 790 948
3 941 791 785
3 792 791 941
3 945 792 941
3 949 792 945
3 793 948 790
3 793 950 948
3 949 794 792
3 951 794 949
3 795 950 793
3 795 952 950
3 954 796 953
3 796 951 953
3 796 794 951
3 955 954 953
3 797 952 795
3 797 956 952
3 958 957 954
3 957 796 954
3 957 798 796
3 958 954 955
3 959 956 797
3 959 797 799
3 799 801 959
3 959 801 960
3 962 961 803
3 803 961 802
3 803 798 957
3 803 957 962
3 804 964 963
3 960 804 963
3 801 804 960
3 964 965 963
3 967 966 807
3 807 966 806
3 807 802 961
3 807 961 967
3 808 964 804
3 968 965 964
3 808 968 964
3 810 968 808
3 810 812 968
3 968 812 969
3 966 813 806
3 970 813 966
3 971 969 812
3 971 812 814
3 814 816 971
3 971 816 972
3 970 817 813
3 973 817 970
3 974 972 816
3 974 816 818
3 976 975 820
3 975 818 820
3 975 974 818
3 976 977 975
3 980 979 978
3 821 822 978
3 822 980 978
3 822 981 980
3 982 822 823
3 982 981 822
3 983 823 824
3 983 982 823
3 984 824 825
3 984 983 824
3 985 825 826
3 985 984 825
3 826 827 985
3 985 827 986
3 989 988 987
3 973 989 987
3 829 973 987
3 817 973 829
3 830 976 820
3 990 977 976
3 830 990 976
3 832 990 830
3 992 991 834
3 991 832 834
3 991 990 832
3 836 837 992
3 837 991 992
3 837 993 991
3 994 837 838
3 994 993 837
3 995 838 840
3 995 994 838
3 996 840 842
3 996 995 840
3 844 978 979
3 996 844 979
3 842 844 996
3 978 844 821
3 997 986 827
3 997 827 845
3 845 846 997
3 997 846 998
3 987 988 999
3 999 988 1000
3 999 848 829
3 999 829 987
3 850 992 834
3 992 850 836
3 1001 998 846
3 1001 846 853
3 853 854 1001
3 1001 854 1002
3 1005 1004 1003
3 1005 1003 1000
3 1003 999 1000
3 1003 1006 999
3 1006 856 848
3 1006 848 999
3 858 1007 857
3 1007 1008 857
3 1008 854 857
3 1008 1002 854
3 1003 1004 1009
3 1009 1004 1010
3 1009 860 861
3 1006 1009 861
3 1003 1009 1006
3 1006 861 856
3 1012 1011 1007
3 858 1012 1007
3 862 1012 858
3 1007 1011 1008
3 1015 1014 1013
3 1015 1013 1010
3 1013 1009 1010
3 1013 1016 1009
3 1016 864 860
3 1016 860 1009
3 1018 1017 865
3 1018 865 866
3 865 1019 867
3 1017 1019 865
3 862 867 1012
3 1012 867 1019
3 1013 1014 1020
3 1020 1014 1021
3 1013 1022 1016
3 1013 1020 1022
3 1022 869 864
3 1022 864 1016
3 1024 1023 875
3 1024 875 876
3 875 1025 877
3 1023 1025 875
3 866 877 1018
3 1018 877 1025
3 1020 1021 1026
3 1026 1021 1027
3 1020 1028 1022
3 1020 1026 1028
3 1028 879 869
3 1028 869 1022
3 882 1029 881
3 1030 883 881
3 1030 881 1029
3 1031 884 883
3 1031 883 1030
3 1031 886 884
3 1033 1032 887
3 1033 887 888
3 876 887 1024
3 1024 887 1032
3 1026 1027 1034
3 1034 1027 1035
3 1026 1036 1028
3 1026 1034 1036
3 1037 889 879
3 1028 1037 879
3 1036 1037 1028
3 1038 890 889
3 1038 889 1037
3 1038 891 890
3 893 1039 894
3 1029 882 894
3 1039 1029 894
3 1040 1029 1039
3 1042 1030 1041
3 1030 1040 1041
3 1030 1029 1040
3 1044 1043 1042
3 1043 1030 1042
3 1043 1031 1030
3 1043 896 886
3 1043 886 1031
3 1046 1045 897
3 1046 897 898
3 888 897 1033
3 1033 897 1045
3 1034 1035 1047
3 1047 1035 1048
3 1034 1049 1036
3 1034 1047 1049
3 1051 1037 1050
3 1037 1049 1050
3 1037 1036 1049
3 1037 1051 1038
3 1038 1051 1052
3 1038 1052 891
3 1052 899 891
3 1052 1053 899
3 900 899 1053
3 900 1053 1054
3 903 1055 1039
3 903 1039 893
3 1057 1040 1056
3 1040 1055 1056
3 1040 1039 1055
3 1040 1057 1041
3 1043 1044 1058
3 1058 1044 1059
3 1058 905 896
3 1058 896 1043
3 1061 1060 906
3 1061 906 907
3 898 906 1046
3 1046 906 1060
3 1047 1048 1062
3 1062 1048 1063
3 1065 1049 1064
3 1049 1062 1064
3 1049 1047 1062
3 1049 1065 1050
3 1054 1066 900
3 900 1066 908
3 1068 1067 910
3 908 1068 910
3 1066 1068 908
3 1069 1067 1068
3 912 1070 911
3 1071 913 911
3 1071 911 1070
3 1072 914 913
3 1072 913 1071
3 1055 903 914
3 1072 1055 914
3 1073 1055 1072
3 1056 1055 1074
3 1074 1055 1073
3 1058 1059 1075
3 1075 1059 1076
3 1077 915 905
3 1058 1077 905
3 1075 1077 1058
3 1077 916 915
3 918 1061 907
3 918 1078 1061
3 1063 1079 1062
3 1062 1079 1064
3 1067 919 910
3 1069 1080 1067
3 1080 919 1067
3 1080 920 919
3 920 1081 921
3 1080 1081 920
3 1081 1083 1082
3 922 1081 1082
3 921 1081 922
3 1070 912 922
3 1082 1070 922
3 1084 1070 1082
3 1086 1071 1085
3 1071 1084 1085
3 1071 1070 1084
3 1088 1087 1086
3 1087 1071 1086
3 1087 1072 1071
3 1072 1089 1073
3 1072 1087 1089
3 1074 1073 1090
3 1073 1091 1090
3 1073 1089 1091
3 1091 1092 1090
3 1076 1093 1075
3 1075 1093 1077
3 1077 1093 1094
3 1077 1094 916
3 1094 923 916
3 1094 1095 923
3 1097 1096 924
3 923 1097 924
3 1095 1097 923
3 1098 1096 925
3 1096 1078 925
3 1078 918 925
3 1078 1096 1097
3 926 1098 925
3 1083 1099 1082
3 1082 1099 1084
3 1084 1099 1100
3 1100 1101 1084
3 1101 1102 1084
3 1103 1085 1084
3 1103 1084 1102
3 1103 1102 1088
3 1102 1087 1088
3 1102 1104 1087
3 1087 1105 1089
3 1087 1104 1105
3 1107 1091 1106
3 1091 1105 1106
3 1091 1089 1105
3 1091 1107 1092
3 1096 927 924
3 927 1096 929
3 1096 1108 929
3 1096 1098 1108
3 930 1108 926
3 926 1108 1098
3 1101 1109 1102
3 1102 1109 1104
3 1104 1109 1110
3 1104 1110 1105
3 1105 1110 1111
3 1105 1111 1106
3 1108 932 929
3 932 1108 930
3 1112 936 937
3 1112 937 1113
3 937 1114 1113
3 937 938 1114
3 938 939 1114
3 1114 939 1115
3 1112 940 936
3 1113 1116 1112
3 1116 940 1112
3 1116 942 940
3 1116 945 942
3 945 1116 1117
3 939 944 1115
3 1118 1115 944
3 1119 944 946
3 1119 1118 944
3 1120 946 947
3 1120 1119 946
3 947 948 1120
3 1120 948 1121
3 1123 949 1122
3 949 1117 1122
3 949 945 1117
3 1124 1123 1122
3 950 1121 948
3 950 1125 1121
3 1126 951 1123
3 1123 951 949
3 1123 1124 1127
3 1123 1127 1126
3 952 1125 950
3 952 1128 1125
3 1126 953 951
3 955 953 1126
3 1127 955 1126
3 1129 955 1127
3 956 1131 1130
3 1128 956 1130
3 952 956 1128
3 1131 1132 1130
3 1134 1133 958
3 958 1133 957
3 958 955 1129
3 958 1129 1134
3 959 1131 956
3 959 960 1131
3 960 1132 1131
3 960 1135 1132
3 1137 1136 962
3 962 1136 961
3 962 957 1133
3 962 1133 1137
3 1138 1135 960
3 1138 960 963
3 1140 1139 965
3 1139 963 965
3 1139 1138 963
3 1140 1141 1139
3 1143 1142 967
3 967 1142 966
3 967 961 1136
3 967 1136 1143
3 968 1140 965
3 1145 1144 969
3 969 1144 968
3 1144 1141 968
3 1141 1140 968
3 1145 1146 1144
3 1142 970 966
3 1147 970 1142
3 971 1145 969
3 1149 1148 972
3 972 1148 971
3 1148 1146 971
3 1146 1145 971
3 1151 1150 1149
3 1149 1150 1148
3 1151 1152 1150
3 1155 1154 1153
3 1157 1156 1153
3 1153 1156 1155
3 1157 1158 1156
3 1161 1160 1159
3 1147 1161 1159
3 973 1147 1159
3 970 1147 973
3 974 1149 972
3 1149 974 975
3 1149 975 1151
3 1163 1162 977
3 977 1162 975
3 1162 1152 975
3 1152 1151 975
3 1165 1164 1163
3 1163 1164 1162
3 1167 1166 1165
3 1165 1166 1164
3 1169 1168 1167
3 1167 1168 1166
3 1169 1170 1168
3 1172 1171 980
3 980 1171 979
3 1173 980 981
3 1173 1172 980
3 1174 981 982
3 1174 1173 981
3 983 1153 1154
3 1174 983 1154
3 982 983 1174
3 1153 983 984
3 1153 984 1157
3 1175 1158 1157
3 984 1175 1157
3 985 1175 984
3 985 986 1175
3 1175 986 1176
3 1159 1160 989
3 1160 988 989
3 1160 1177 988
3 1159 989 973
3 990 1163 977
3 1163 990 991
3 1163 991 1165
3 1165 991 993
3 1165 993 1167
3 1167 993 994
3 1167 994 1169
3 1178 1170 1169
3 994 1178 1169
3 995 1178 994
3 1179 995 996
3 1179 1178 995
3 996 979 1171
3 996 1171 1179
3 1180 1176 986
3 1180 986 997
3 997 998 1180
3 1180 998 1181
3 1184 1183 1182
3 1186 1185 1182
3 1182 1185 1184
3 1177 1185 1186
3 1000 1177 1186
3 988 1177 1000
3 1187 1181 998
3 1187 998 1001
3 1189 1188 1002
3 1188 1001 1002
3 1188 1187 1001
3 1189 1190 1188
3 1182 1183 1191
3 1191 1183 1192
3 1191 1004 1005
3 1186 1191 1005
3 1182 1191 1186
3 1186 1005 1000
3 1194 1193 1189
3 1002 1194 1189
3 1008 1194 1002
3 1189 1193 1190
3 1191 1192 1195
3 1195 1192 1196
3 1195 1010 1004
3 1195 1004 1191
3 1198 1197 1011
3 1198 1011 1012
3 1008 1011 1194
3 1194 1011 1197
3 1195 1196 1015
3 1196 1014 1015
3 1196 1199 1014
3 1195 1015 1010
3 1018 1200 1017
3 1017 1200 1201
3 1202 1017 1201
3 1019 1017 1202
3 1012 1019 1198
3 1198 1019 1202
3 1199 1021 1014
3 1203 1021 1199
3 1024 1204 1023
3 1023 1204 1205
3 1206 1023 1205
3 1025 1023 1206
3 1018 1025 1200
3 1025 1207 1200
3 1025 1206 1207
3 1200 1207 1201
3 1210 1209 1208
3 1203 1210 1208
3 1027 1203 1208
3 1021 1203 1027
3 1212 1211 1032
3 1212 1032 1033
3 1024 1032 1204
3 1032 1213 1204
3 1032 1211 1213
3 1204 1213 1205
3 1208 1209 1214
3 1214 1209 1215
3 1214 1035 1027
3 1214 1027 1208
3 1041 1216 1042
3 1216 1044 1042
3 1218 1217 1045
3 1218 1045 1046
3 1033 1045 1212
3 1212 1045 1217
3 1215 1219 1214
3 1035 1214 1219
3 1220 1035 1219
3 1048 1035 1220
3 1050 1221 1051
3 1222 1052 1051
3 1222 1051 1221
3 1223 1053 1052
3 1223 1052 1222
3 1223 1054 1053
3 1056 1224 1057
3 1216 1041 1057
3 1224 1216 1057
3 1225 1216 1224
3 1225 1059 1044
3 1225 1044 1216
3 1227 1226 1060
3 1227 1060 1061
3 1046 1060 1218
3 1218 1060 1226
3 1220 1063 1048
3 1228 1063 1220
3 1230 1229 1065
3 1230 1065 1064
3 1050 1065 1221
3 1065 1231 1221
3 1065 1229 1231
3 1221 1231 1222
3 1222 1231 1232
3 1222 1232 1223
3 1223 1232 1233
3 1223 1233 1054
3 1233 1066 1054
3 1233 1234 1066
3 1234 1236 1235
3 1068 1234 1235
3 1066 1234 1068
3 1235 1069 1068
3 1074 1237 1224
3 1074 1224 1056
3 1224 1238 1225
3 1224 1237 1238
3 1238 1076 1059
3 1238 1059 1225
3 1241 1240 1239
3 1240 1227 1239
3 1227 1078 1239
3 1227 1061 1078
3 1228 1242 1063
3 1063 1242 1079
3 1064 1079 1230
3 1230 1079 1242
3 1236 1243 1235
3 1235 1243 1069
3 1243 1080 1069
3 1243 1244 1080
3 1080 1245 1081
3 1244 1245 1080
3 1083 1081 1245
3 1083 1245 1246
3 1085 1247 1086
3 1247 1088 1086
3 1090 1237 1074
3 1237 1090 1092
3 1248 1237 1092
3 1238 1237 1248
3 1249 1093 1076
3 1238 1249 1076
3 1248 1249 1238
3 1250 1094 1093
3 1250 1093 1249
3 1094 1250 1251
3 1252 1094 1251
3 1095 1094 1252
3 1239 1097 1241
3 1097 1252 1241
3 1097 1095 1252
3 1097 1239 1078
3 1246 1253 1083
3 1083 1253 1099
3 1253 1255 1254
3 1100 1253 1254
3 1099 1253 1100
3 1103 1247 1085
3 1101 1100 1254
3 1247 1103 1088
3 1106 1256 1107
3 1248 1092 1107
3 1256 1248 1107
3 1257 1248 1256
3 1259 1249 1258
3 1249 1257 1258
3 1249 1248 1257
3 1249 1259 1250
3 1250 1259 1260
3 1250 1260 1251
3 1255 1261 1254
3 1254 1261 1101
3 1261 1109 1101
3 1261 1262 1109
3 1262 1264 1263
3 1110 1262 1263
3 1109 1262 1110
3 1110 1263 1265
3 1266 1110 1265
3 1111 1110 1266
3 1106 1111 1256
3 1111 1267 1256
3 1111 1266 1267
3 1256 1267 1257
3 1257 1267 1268
3 1257 1268 1258
3 1264 1269 1263
3 1263 1269 1265
3 1270 1113 1114
3 1115 1270 1114
3 1270 1116 1113
3 1117 1116 1271
3 1116 1270 1271
3 1115 1118 1271
3 1115 1271 1270
3 1271 1118 1272
3 1118 1273 1272
3 1118 1119 1273
3 1275 1273 1274
3 1273 1120 1274
3 1273 1119 1120
3 1121 1274 1120
3 1271 1122 1117
3 1124 1122 1271
3 1272 1124 1271
3 1276 1124 1272
3 1275 1274 1277
3 1275 1277 1278
3 1125 1277 1121
3 1121 1277 1274
3 1276 1127 1124
3 1279 1127 1276
3 1280 1278 1277
3 1277 1125 1280
3 1125 1281 1280
3 1125 1128 1281
3 1279 1129 1127
3 1282 1129 1279
3 1283 1281 1128
3 1283 1128 1130
3 1130 1132 1283
3 1283 1132 1284
3 1286 1285 1134
3 1134 1285 1133
3 1134 1129 1282
3 1134 1282 1286
3 1135 1288 1287
3 1284 1135 1287
3 1132 1135 1284
3 1288 1289 1287
3 1291 1290 1137
3 1137 1290 1136
3 1137 1133 1285
3 1137 1285 1291
3 1138 1288 1135
3 1292 1289 1288
3 1138 1292 1288
3 1139 1292 1138
3 1139 1141 1292
3 1292 1141 1293
3 1295 1294 1143
3 1143 1294 1142
3 1143 1136 1290
3 1143 1290 1295
3 1296 1293 1141
3 1296 1141 1144
3 1298 1297 1146
3 1297 1144 1146
3 1297 1296 1144
3 1300 1299 1298
3 1298 1299 1297
3 1300 1301 1299
3 1304 1303 1302
3 1294 1304 1302
3 1147 1294 1302
3 1142 1294 1147
3 1148 1298 1146
3 1298 1148 1150
3 1298 1150 1300
3 1306 1305 1152
3 1152 1305 1150
3 1305 1301 1150
3 1301 1300 1150
3 1308 1307 1306
3 1306 1307 1305
3 1310 1309 1308
3 1308 1309 1307
3 1310 1311 1309
3 1314 1313 1312
3 1316 1315 1312
3 1312 1315 1314
3 1154 1155 1316
3 1155 1315 1316
3 1155 1317 1315
3 1318 1155 1156
3 1318 1317 1155
3 1156 1158 1318
3 1318 1158 1319
3 1302 1303 1161
3 1303 1160 1161
3 1303 1320 1160
3 1302 1161 1147
3 1162 1306 1152
3 1306 1162 1164
3 1306 1164 1308
3 1308 1164 1166
3 1308 1166 1310
3 1321 1311 1310
3 1166 1321 1310
3 1168 1321 1166
3 1323 1322 1170
3 1322 1168 1170
3 1322 1321 1168
3 1325 1324 1323
3 1323 1324 1322
3 1171 1172 1325
3 1172 1324 1325
3 1172 1326 1324
3 1173 1312 1313
3 1326 1173 1313
3 1172 1173 1326
3 1312 1173 1174
3 1312 1174 1316
3 1316 1174 1154
3 1327 1319 1158
3 1327 1158 1175
3 1175 1176 1327
3 1327 1176 1328
3 1331 1330 1329
3 1333 1332 1329
3 1329 1332 1331
3 1320 1332 1333
3 1177 1320 1333
3 1160 1320 1177
3 1178 1323 1170
3 1323 1178 1179
3 1323 1179 1325
3 1325 1179 1171
3 1334 1328 1176
3 1334 1176 1180
3 1180 1181 1334
3 1334 1181 1335
3 1329 1330 1184
3 1330 1183 1184
3 1330 1336 1183
3 1329 1184 1185
3 1329 1185 1333
3 1333 1185 1177
3 1337 1335 1181
3 1337 1181 1187
3 1339 1337 1338
3 1337 1188 1338
3 1337 1187 1188
3 1190 1338 1188
3 1336 1192 1183
3 1340 1192 1336
3 1339 1338 1193
3 1194 1339 1193
3 1341 1339 1194
3 1193 1338 1190
3 1344 1343 1342
3 1340 1196 1192
3 1345 1196 1340
3 1347 1346 1197
3 1347 1197 1198
3 1194 1197 1341
3 1341 1197 1346
3 1344 1348 1343
3 1351 1350 1349
3 1345 1351 1349
3 1199 1345 1349
3 1196 1345 1199
3 1353 1352 1202
3 1353 1202 1201
3 1198 1202 1347
3 1347 1202 1352
3 1349 1350 1354
3 1354 1350 1355
3 1354 1203 1199
3 1354 1199 1349
3 1205 1356 1206
3 1206 1356 1357
3 1358 1206 1357
3 1207 1206 1358
3 1201 1207 1353
3 1353 1207 1358
3 1354 1355 1210
3 1355 1209 1210
3 1355 1359 1209
3 1354 1210 1203
3 1212 1360 1211
3 1211 1360 1361
3 1362 1211 1361
3 1213 1211 1362
3 1205 1213 1356
3 1213 1363 1356
3 1213 1362 1363
3 1356 1363 1357
3 1359 1215 1209
3 1364 1215 1359
3 1366 1365 1217
3 1366 1217 1218
3 1212 1217 1360
3 1217 1367 1360
3 1217 1365 1367
3 1360 1367 1361
3 1219 1215 1368
3 1215 1369 1368
3 1215 1364 1369
3 1368 1220 1219
3 1371 1370 1226
3 1371 1226 1227
3 1218 1226 1366
3 1366 1226 1370
3 1369 1372 1368
3 1220 1368 1372
3 1373 1220 1372
3 1228 1220 1373
3 1375 1374 1229
3 1375 1229 1230
3 1374 1377 1376
3 1231 1374 1376
3 1229 1374 1231
3 1378 1232 1231
3 1378 1231 1376
3 1379 1233 1232
3 1379 1232 1378
3 1380 1234 1233
3 1380 1233 1379
3 1380 1236 1234
3 1382 1381 1240
3 1382 1240 1241
3 1227 1240 1371
3 1371 1240 1381
3 1373 1383 1228
3 1228 1383 1242
3 1230 1242 1375
3 1375 1242 1383
3 1377 1384 1376
3 1376 1384 1378
3 1378 1384 1385
3 1378 1385 1379
3 1379 1385 1386
3 1388 1387 1386
3 1387 1379 1386
3 1387 1380 1379
3 1389 1243 1236
3 1380 1389 1236
3 1387 1389 1380
3 1390 1244 1243
3 1390 1243 1389
3 1391 1245 1244
3 1391 1244 1390
3 1391 1246 1245
3 1393 1392 1252
3 1393 1252 1251
3 1241 1252 1382
3 1382 1252 1392
3 1388 1394 1387
3 1387 1394 1389
3 1389 1394 1395
3 1389 1395 1390
3 1390 1395 1396
3 1390 1396 1391
3 1391 1396 1397
3 1391 1397 1246
3 1397 1253 1246
3 1397 1398 1253
3 1255 1253 1398
3 1255 1398 1399
3 1258 1400 1259
3 1259 1400 1401
3 1402 1259 1401
3 1260 1259 1402
3 1251 1260 1393
3 1393 1260 1402
3 1399 1403 1255
3 1255 1403 1261
3 1261 1404 1262
3 1403 1404 1261
3 1406 1405 1264
3 1262 1406 1264
3 1404 1406 1262
3 1266 1265 1405
3 1406 1266 1405
3 1407 1266 1406
3 1407 1409 1408
3 1267 1407 1408
3 1266 1407 1267
3 1410 1268 1267
3 1410 1267 1408
3 1400 1258 1268
3 1410 1400 1268
3 1411 1400 1410
3 1401 1400 1412
3 1412 1400 1411
3 1405 1269 1264
3 1269 1405 1265
3 1409 1413 1408
3 1408 1413 1410
3 1410 1413 1414
3 1416 1415 1414
3 1415 1410 1414
3 1415 1411 1410
3 1412 1411 1417
3 1417 1411 1415
3 1416 1418 1415
3 1415 1418 1417
3 1421 1420 1419
3 1419 1422 1421
3 1425 1424 1423
3 1425 1423 1420
3 1423 1419 1420
3 1423 1426 1419
3 1422 1419 1427
3 1427 1419 1426
3 1424 1428 1423
3 1423 1428 1426
3 1426 1428 1429
3 1426 1429 1427
3 1430 1272 1273
3 1275 1430 1273
3 1431 1276 1430
3 1430 1276 1272
3 1278 1431 1275
3 1275 1431 1430
3 1433 1432 1431
3 1432 1276 1431
3 1432 1279 1276
3 1433 1431 1278
3 1280 1433 1278
3 1434 1433 1280
3 1280 1281 1434
3 1434 1281 1435
3 1432 1282 1279
3 1436 1282 1432
3 1437 1435 1281
3 1437 1281 1283
3 1283 1284 1437
3 1437 1284 1438
3 1440 1439 1286
3 1286 1439 1285
3 1286 1282 1436
3 1286 1436 1440
3 1441 1438 1284
3 1441 1284 1287
3 1443 1442 1289
3 1442 1287 1289
3 1442 1441 1287
3 1443 1444 1442
3 1446 1445 1291
3 1291 1445 1290
3 1291 1285 1439
3 1291 1439 1446
3 1292 1443 1289
3 1448 1447 1293
3 1293 1447 1292
3 1447 1444 1292
3 1444 1443 1292
3 1450 1449 1448
3 1448 1449 1447
3 1450 1451 1449
3 1453 1452 1295
3 1295 1452 1294
3 1295 1290 1445
3 1295 1445 1453
3 1296 1448 1293
3 1448 1296 1297
3 1448 1297 1450
3 1454 1451 1450
3 1297 1454 1450
3 1299 1454 1297
3 1456 1455 1301
3 1455 1299 1301
3 1455 1454 1299
3 1458 1457 1456
3 1456 1457 1455
3 1460 1459 1458
3 1458 1459 1457
3 1462 1461 1460
3 1460 1461 1459
3 1462 1463 1461
3 1466 1465 1464
3 1468 1467 1464
3 1464 1467 1466
3 1470 1469 1468
3 1468 1469 1467
3 1472 1471 1470
3 1470 1471 1469
3 1472 1473 1471
3 1475 1474 1304
3 1304 1474 1303
3 1304 1294 1452
3 1304 1452 1475
3 1305 1456 1301
3 1456 1305 1307
3 1456 1307 1458
3 1458 1307 1309
3 1458 1309 1460
3 1460 1309 1311
3 1476 1460 1311
3 1462 1460 1476
3 1463 1462 1477
3 1462 1478 1477
3 1462 1476 1478
3 1480 1479 1478
3 1478 1479 1477
3 1479 1480 1465
3 1480 1464 1465
3 1480 1481 1464
3 1481 1313 1314
3 1468 1481 1314
3 1464 1481 1468
3 1468 1314 1315
3 1468 1315 1470
3 1470 1315 1317
3 1470 1317 1472
3 1482 1473 1472
3 1317 1482 1472
3 1318 1482 1317
3 1318 1319 1482
3 1482 1319 1483
3 1486 1485 1484
3 1474 1486 1484
3 1320 1474 1484
3 1303 1474 1320
3 1321 1476 1311
3 1476 1321 1322
3 1476 1322 1478
3 1478 1322 1324
3 1478 1324 1480
3 1480 1324 1326
3 1480 1326 1481
3 1481 1326 1313
3 1487 1483 1319
3 1487 1319 1327
3 1327 1328 1487
3 1487 1328 1488
3 1490 1489 1331
3 1331 1489 1330
3 1332 1484 1485
3 1490 1332 1485
3 1331 1332 1490
3 1484 1332 1320
3 1491 1488 1328
3 1491 1328 1334
3 1334 1335 1491
3 1491 1335 1492
3 1489 1336 1330
3 1493 1336 1489
3 1494 1492 1335
3 1494 1335 1337
3 1337 1339 1494
3 1494 1339 1495
3 1493 1340 1336
3 1496 1340 1493
3 1341 1495 1339
3 1341 1497 1495
3 1499 1498 1342
3 1342 1498 1344
3 1502 1501 1500
3 1496 1502 1500
3 1345 1496 1500
3 1340 1496 1345
3 1504 1503 1346
3 1504 1346 1347
3 1341 1346 1497
3 1497 1346 1503
3 1498 1505 1344
3 1344 1505 1348
3 1500 1501 1351
3 1501 1350 1351
3 1501 1506 1350
3 1500 1351 1345
3 1508 1507 1352
3 1508 1352 1353
3 1347 1352 1504
3 1504 1352 1507
3 1511 1510 1509
3 1506 1511 1509
3 1355 1506 1509
3 1350 1506 1355
3 1357 1512 1358
3 1512 1513 1358
3 1513 1353 1358
3 1513 1508 1353
3 1509 1510 1514
3 1514 1510 1515
3 1514 1359 1355
3 1514 1355 1509
3 1517 1516 1362
3 1517 1362 1361
3 1362 1518 1363
3 1516 1518 1362
3 1357 1363 1512
3 1363 1519 1512
3 1363 1518 1519
3 1512 1519 1513
3 1514 1515 1520
3 1520 1515 1521
3 1520 1364 1359
3 1520 1359 1514
3 1523 1522 1365
3 1523 1365 1366
3 1365 1524 1367
3 1522 1524 1365
3 1361 1367 1517
3 1517 1367 1524
3 1521 1525 1520
3 1364 1520 1525
3 1526 1364 1525
3 1369 1364 1526
3 1528 1527 1370
3 1528 1370 1371
3 1366 1370 1523
3 1523 1370 1527
3 1526 1529 1369
3 1369 1529 1372
3 1373 1372 1529
3 1373 1529 1530
3 1375 1531 1374
3 1531 1377 1374
3 1533 1532 1381
3 1533 1381 1382
3 1371 1381 1528
3 1528 1381 1532
3 1530 1534 1373
3 1373 1534 1383
3 1375 1383 1531
3 1383 1535 1531
3 1383 1534 1535
3 1531 1535 1377
3 1535 1384 1377
3 1535 1536 1384
3 1536 1538 1537
3 1385 1536 1537
3 1384 1536 1385
3 1539 1386 1385
3 1539 1385 1537
3 1539 1388 1386
3 1541 1540 1392
3 1541 1392 1393
3 1382 1392 1533
3 1533 1392 1540
3 1538 1542 1537
3 1544 1543 1542
3 1543 1537 1542
3 1543 1539 1537
3 1545 1394 1388
3 1539 1545 1388
3 1543 1545 1539
3 1394 1545 1546
3 1547 1394 1546
3 1395 1394 1547
3 1395 1548 1396
3 1547 1548 1395
3 1396 1549 1397
3 1548 1549 1396
3 1397 1550 1398
3 1549 1550 1397
3 1399 1398 1550
3 1399 1550 1551
3 1553 1552 1402
3 1553 1402 1401
3 1393 1402 1541
3 1541 1402 1552
3 1544 1554 1543
3 1543 1554 1545
3 1545 1554 1555
3 1545 1555 1546
3 1551 1556 1399
3 1399 1556 1403
3 1403 1557 1404
3 1556 1557 1403
3 1404 1558 1406
3 1557 1558 1404
3 1406 1559 1407
3 1558 1559 1406
3 1409 1407 1559
3 1409 1559 1560
3 1412 1553 1401
3 1412 1561 1553
3 1560 1562 1409
3 1409 1562 1413
3 1562 1564 1563
3 1414 1562 1563
3 1413 1562 1414
3 1563 1416 1414
3 1417 1561 1412
3 1417 1565 1561
3 1564 1566 1563
3 1563 1566 1416
3 1566 1418 1416
3 1566 1567 1418
3 1417 1418 1565
3 1565 1418 1567
3 1570 1569 1568
3 1568 1571 1570
3 1568 1569 1572
3 1572 1569 1573
3 1421 1574 1420
3 1574 1568 1420
3 1568 1572 1420
3 1568 1574 1571
3 1421 1422 1574
3 1574 1422 1575
3 1572 1573 1425
3 1573 1424 1425
3 1573 1576 1424
3 1572 1425 1420
3 1427 1575 1422
3 1427 1577 1575
3 1576 1578 1424
3 1424 1578 1428
3 1428 1579 1429
3 1578 1579 1428
3 1427 1429 1577
3 1577 1429 1579
3 1580 1432 1433
3 1434 1581 1433
3 1433 1581 1580
3 1435 1581 1434
3 1583 1582 1580
3 1582 1432 1580
3 1582 1436 1432
3 1583 1580 1581
3 1583 1581 1584
3 1584 1581 1435
3 1437 1584 1435
3 1585 1584 1437
3 1437 1438 1585
3 1585 1438 1586
3 1588 1587 1440
3 1440 1587 1439
3 1440 1436 1582
3 1440 1582 1588
3 1589 1586 1438
3 1589 1438 1441
3 1590 1441 1442
3 1590 1589 1441
3 1592 1591 1444
3 1591 1442 1444
3 1591 1590 1442
3 1592 1593 1591
3 1596 1595 1594
3 1594 1597 1596
3 1599 1598 1446
3 1446 1598 1445
3 1446 1439 1587
3 1446 1587 1599
3 1447 1592 1444
3 1600 1593 1592
3 1447 1600 1592
3 1449 1600 1447
3 1602 1601 1451
3 1601 1449 1451
3 1601 1600 1449
3 1604 1603 1602
3 1602 1603 1601
3 1604 1605 1603
3 1608 1607 1606
3 1610 1609 1606
3 1606 1609 1608
3 1612 1611 1610
3 1610 1611 1609
3 1614 1613 1612
3 1612 1613 1611
3 1616 1615 1614
3 1614 1615 1613
3 1615 1616 1595
3 1616 1594 1595
3 1616 1617 1594
3 1597 1594 1618
3 1594 1619 1618
3 1594 1617 1619
3 1619 1620 1618
3 1622 1621 1453
3 1453 1621 1452
3 1453 1445 1598
3 1453 1598 1622
3 1454 1602 1451
3 1602 1454 1455
3 1602 1455 1604
3 1623 1605 1604
3 1455 1623 1604
3 1457 1623 1455
3 1459 1606 1607
3 1623 1459 1607
3 1457 1459 1623
3 1606 1459 1461
3 1606 1461 1610
3 1610 1461 1463
3 1624 1610 1463
3 1612 1610 1624
3 1612 1625 1614
3 1612 1624 1625
3 1625 1465 1466
3 1616 1625 1466
3 1614 1625 1616
3 1616 1466 1467
3 1616 1467 1617
3 1617 1467 1469
3 1617 1469 1619
3 1626 1620 1619
3 1469 1626 1619
3 1471 1626 1469
3 1471 1473 1626
3 1626 1473 1627
3 1629 1628 1475
3 1475 1628 1474
3 1475 1452 1621
3 1475 1621 1629
3 1477 1624 1463
3 1624 1477 1479
3 1624 1479 1625
3 1625 1479 1465
3 1630 1627 1473
3 1630 1473 1482
3 1482 1483 1630
3 1630 1483 1631
3 1633 1632 1486
3 1486 1632 1485
3 1486 1474 1628
3 1486 1628 1633
3 1634 1631 1483
3 1634 1483 1487
3 1487 1488 1634
3 1634 1488 1635
3 1636 1489 1490
3 1637 1636 1490
3 1485 1637 1490
3 1632 1637 1485
3 1638 1635 1488
3 1638 1488 1491
3 1491 1492 1638
3 1638 1492 1639
3 1641 1640 1636
3 1640 1489 1636
3 1640 1493 1489
3 1641 1636 1637
3 1642 1639 1492
3 1642 1492 1494
3 1494 1495 1642
3 1642 1495 1643
3 1640 1496 1493
3 1644 1496 1640
3 1497 1646 1645
3 1643 1497 1645
3 1495 1497 1643
3 1498 1499 1646
3 1499 1645 1646
3 1499 1647 1645
3 1649 1648 1502
3 1502 1648 1501
3 1502 1496 1644
3 1502 1644 1649
3 1651 1650 1503
3 1651 1503 1504
3 1497 1503 1646
3 1503 1652 1646
3 1503 1650 1652
3 1646 1652 1498
3 1652 1505 1498
3 1652 1653 1505
3 1656 1655 1654
3 1648 1656 1654
3 1506 1648 1654
3 1501 1648 1506
3 1508 1657 1507
3 1657 1658 1507
3 1658 1504 1507
3 1658 1651 1504
3 1654 1655 1511
3 1655 1510 1511
3 1655 1659 1510
3 1654 1511 1506
3 1661 1660 1657
3 1508 1661 1657
3 1513 1661 1508
3 1657 1660 1658
3 1664 1663 1662
3 1659 1664 1662
3 1515 1659 1662
3 1510 1659 1515
3 1666 1665 1516
3 1666 1516 1517
3 1516 1667 1518
3 1665 1667 1516
3 1518 1668 1519
3 1667 1668 1518
3 1513 1519 1661
3 1661 1519 1668
3 1663 1669 1662
3 1515 1662 1669
3 1670 1515 1669
3 1521 1515 1670
3 1523 1671 1522
3 1522 1671 1672
3 1673 1522 1672
3 1524 1522 1673
3 1517 1524 1666
3 1666 1524 1673
3 1670 1674 1521
3 1521 1674 1525
3 1526 1525 1674
3 1526 1674 1675
3 1677 1676 1527
3 1677 1527 1528
3 1523 1527 1671
3 1527 1678 1671
3 1527 1676 1678
3 1671 1678 1672
3 1675 1679 1526
3 1526 1679 1529
3 1530 1529 1679
3 1530 1679 1680
3 1533 1681 1532
3 1681 1682 1532
3 1682 1528 1532
3 1682 1677 1528
3 1680 1683 1530
3 1530 1683 1534
3 1683 1685 1684
3 1535 1683 1684
3 1534 1683 1535
3 1686 1536 1535
3 1686 1535 1684
3 1686 1538 1536
3 1688 1687 1540
3 1688 1540 1541
3 1533 1540 1681
3 1540 1689 1681
3 1540 1687 1689
3 1681 1689 1682
3 1685 1690 1684
3 1684 1690 1686
3 1686 1690 1691
3 1691 1693 1692
3 1691 1692 1542
3 1686 1691 1542
3 1538 1686 1542
3 1692 1544 1542
3 1695 1694 1547
3 1695 1547 1546
3 1547 1696 1548
3 1694 1696 1547
3 1548 1697 1549
3 1696 1697 1548
3 1549 1698 1550
3 1697 1698 1549
3 1700 1699 1551
3 1550 1700 1551
3 1698 1700 1550
3 1702 1701 1699
3 1702 1699 1700
3 1703 1701 1702
3 1553 1704 1552
3 1704 1705 1552
3 1705 1541 1552
3 1705 1688 1541
3 1693 1706 1692
3 1692 1706 1544
3 1706 1554 1544
3 1706 1707 1554
3 1554 1708 1555
3 1707 1708 1554
3 1546 1555 1695
3 1695 1555 1708
3 1699 1556 1551
3 1556 1699 1557
3 1557 1699 1701
3 1703 1709 1701
3 1709 1557 1701
3 1709 1558 1557
3 1558 1710 1559
3 1709 1710 1558
3 1560 1559 1710
3 1560 1710 1711
3 1561 1712 1704
3 1561 1704 1553
3 1705 1704 1713
3 1713 1704 1712
3 1711 1714 1560
3 1560 1714 1562
3 1716 1715 1564
3 1562 1716 1564
3 1714 1716 1562
3 1717 1715 1716
3 1565 1718 1712
3 1565 1712 1561
3 1713 1712 1719
3 1719 1712 1718
3 1715 1566 1564
3 1717 1720 1715
3 1720 1566 1715
3 1720 1567 1566
3 1567 1720 1565
3 1720 1721 1565
3 1721 1718 1565
3 1721 1720 1722
3 1719 1718 1723
3 1723 1718 1721
3 1722 1724 1721
3 1721 1724 1723
3 1726 1725 1570
3 1570 1725 1569
3 1570 1571 1726
3 1726 1571 1727
3 1730 1729 1728
3 1725 1730 1728
3 1573 1725 1728
3 1569 1725 1573
3 1731 1727 1571
3 1731 1571 1574
3 1574 1575 1731
3 1731 1575 1732
3 1729 1733 1728
3 1573 1728 1733
3 1734 1573 1733
3 1576 1573 1734
3 1737 1736 1735
3 1736 1732 1735
3 1732 1577 1735
3 1732 1575 1577
3 1734 1738 1576
3 1576 1738 1578
3 1735 1579 1737
3 1579 1738 1737
3 1579 1578 1738
3 1579 1735 1577
3 1741 1740 1739
3 1739 1742 1741
3 1744 1743 1583
3 1583 1743 1582
3 1745 1583 1584
3 1745 1744 1583
3 1746 1584 1585
3 1746 1745 1584
3 1585 1586 1746
3 1746 1586 1747
3 1750 1749 1748
3 1750 1748 1740
3 1748 1739 1740
3 1748 1751 1739
3 1742 1739 1752
3 1739 1753 1752
3 1739 1751 1753
3 1753 1754 1752
3 1756 1755 1588
3 1588 1755 1587
3 1588 1582 1743
3 1588 1743 1756
3 1757 1747 1586
3 1757 1586 1589
3 1758 1589 1590
3 1758 1757 1589
3 1759 1590 1591
3 1759 1758 1590
3 1761 1760 1593
3 1760 1591 1593
3 1760 1759 1591
3 1763 1762 1761
3 1761 1762 1760
3 1763 1764 1762
3 1767 1766 1765
3 1767 1765 1749
3 1765 1748 1749
3 1765 1768 1748
3 1748 1769 1751
3 1748 1768 1769
3 1751 1770 1753
3 1751 1769 1770
3 1596 1771 1595
3 1771 1753 1595
3 1753 1770 1595
3 1753 1771 1754
3 1596 1597 1771
3 1771 1597 1772
3 1774 1773 1599
3 1599 1773 1598
3 1599 1587 1755
3 1599 1755 1774
3 1600 1761 1593
3 1761 1600 1601
3 1761 1601 1763
3 1775 1764 1763
3 1601 1775 1763
3 1603 1775 1601
3 1777 1776 1605
3 1776 1603 1605
3 1776 1775 1603
3 1607 1608 1777
3 1608 1776 1777
3 1608 1778 1776
3 1609 1765 1766
3 1778 1609 1766
3 1608 1609 1778
3 1765 1609 1611
3 1765 1611 1768
3 1768 1611 1613
3 1768 1613 1769
3 1769 1613 1615
3 1769 1615 1770
3 1770 1615 1595
3 1779 1772 1597
3 1779 1597 1618
3 1618 1620 1779
3 1779 1620 1780
3 1782 1781 1622
3 1622 1781 1621
3 1622 1598 1773
3 1622 1773 1782
3 1623 1777 1605
3 1777 1623 1607
3 1783 1780 1620
3 1783 1620 1626
3 1626 1627 1783
3 1783 1627 1784
3 1786 1785 1629
3 1629 1785 1628
3 1629 1621 1781
3 1629 1781 1786
3 1787 1784 1627
3 1787 1627 1630
3 1630 1631 1787
3 1787 1631 1788
3 1790 1789 1633
3 1633 1789 1632
3 1633 1628 1785
3 1633 1785 1790
3 1791 1788 1631
3 1791 1631 1634
3 1634 1635 1791
3 1791 1635 1792
3 1789 1637 1632
3 1793 1637 1789
3 1794 1792 1635
3 1794 1635 1638
3 1638 1639 1794
3 1794 1639 1795
3 1797 1796 1641
3 1641 1796 1640
3 1641 1637 1793
3 1641 1793 1797
3 1798 1795 1639
3 1798 1639 1642
3 1642 1643 1798
3 1798 1643 1799
3 1802 1801 1800
3 1796 1802 1800
3 1644 1796 1800
3 1640 1796 1644
3 1803 1799 1643
3 1803 1643 1645
3 1804 1645 1647
3 1804 1803 1645
3 1800 1801 1649
3 1801 1648 1649
3 1801 1805 1648
3 1800 1649 1644
3 1651 1806 1650
3 1807 1652 1650
3 1807 1650 1806
3 1808 1653 1652
3 1808 1652 1807
3 1810 1809 1656
3 1656 1809 1655
3 1656 1648 1805
3 1656 1805 1810
3 1812 1811 1806
3 1651 1812 1806
3 1658 1812 1651
3 1806 1811 1807
3 1807 1811 1813
3 1815 1814 1813
3 1814 1807 1813
3 1814 1808 1807
3 1818 1817 1816
3 1809 1818 1816
3 1659 1809 1816
3 1655 1809 1659
3 1821 1820 1819
3 1660 1661 1819
3 1820 1660 1819
3 1822 1660 1820
3 1658 1660 1812
3 1812 1660 1822
3 1814 1815 1823
3 1823 1815 1824
3 1816 1817 1664
3 1817 1663 1664
3 1817 1825 1663
3 1816 1664 1659
3 1666 1826 1665
3 1665 1826 1827
3 1828 1665 1827
3 1667 1665 1828
3 1819 1668 1821
3 1668 1828 1821
3 1668 1667 1828
3 1668 1819 1661
3 1824 1829 1823
3 1832 1831 1830
3 1830 1833 1669
3 1825 1830 1669
3 1663 1825 1669
3 1830 1825 1832
3 1833 1670 1669
3 1835 1834 1673
3 1835 1673 1672
3 1666 1673 1826
3 1673 1836 1826
3 1673 1834 1836
3 1826 1836 1827
3 1831 1837 1830
3 1830 1837 1833
3 1833 1837 1838
3 1833 1838 1670
3 1838 1674 1670
3 1838 1839 1674
3 1675 1674 1839
3 1675 1839 1840
3 1677 1841 1676
3 1676 1841 1842
3 1843 1676 1842
3 1678 1676 1843
3 1672 1678 1835
3 1835 1678 1843
3 1846 1845 1844
3 1844 1847 1846
3 1840 1848 1675
3 1675 1848 1679
3 1680 1679 1848
3 1680 1848 1849
3 1851 1850 1841
3 1677 1851 1841
3 1682 1851 1677
3 1841 1850 1842
3 1845 1852 1844
3 1844 1852 1847
3 1849 1853 1680
3 1680 1853 1683
3 1685 1683 1853
3 1685 1853 1854
3 1688 1855 1687
3 1856 1689 1687
3 1856 1687 1855
3 1856 1857 1689
3 1857 1682 1689
3 1857 1851 1682
3 1854 1858 1685
3 1685 1858 1690
3 1690 1859 1691
3 1858 1859 1690
3 1861 1860 1693
3 1691 1861 1693
3 1859 1861 1691
3 1862 1860 1861
3 1864 1863 1694
3 1864 1694 1695
3 1694 1865 1696
3 1863 1865 1694
3 1696 1866 1697
3 1865 1866 1696
3 1866 1868 1867
3 1698 1866 1867
3 1697 1866 1698
3 1698 1867 1869
3 1870 1698 1869
3 1700 1698 1870
3 1700 1871 1702
3 1870 1871 1700
3 1873 1872 1703
3 1702 1873 1703
3 1871 1873 1702
3 1874 1872 1873
3 1705 1875 1855
3 1705 1855 1688
3 1877 1856 1876
3 1856 1875 1876
3 1856 1855 1875
3 1856 1877 1857
3 1860 1706 1693
3 1862 1878 1860
3 1878 1706 1860
3 1878 1707 1706
3 1707 1879 1708
3 1878 1879 1707
3 1695 1708 1864
3 1864 1708 1879
3 1868 1880 1867
3 1867 1880 1869
3 1872 1709 1703
3 1874 1881 1872
3 1881 1709 1872
3 1881 1710 1709
3 1883 1882 1711
3 1710 1883 1711
3 1881 1883 1710
3 1884 1882 1883
3 1713 1885 1875
3 1713 1875 1705
3 1876 1875 1886
3 1886 1875 1885
3 1882 1714 1711
3 1884 1887 1882
3 1887 1714 1882
3 1887 1716 1714
3 1717 1716 1887
3 1717 1887 1888
3 1890 1889 1885
3 1713 1890 1885
3 1719 1890 1713
3 1885 1889 1886
3 1888 1891 1717
3 1717 1891 1720
3 1722 1720 1891
3 1722 1891 1892
3 1723 1890 1719
3 1723 1893 1890
3 1724 1722 1894
3 1722 1895 1894
3 1722 1892 1895
3 1893 1723 1896
3 1723 1894 1896
3 1894 1897 1896
3 1723 1724 1894
3 1897 1898 1896
3 1894 1895 1899
3 1899 1895 1900
3 1899 1725 1726
3 1897 1899 1726
3 1894 1899 1897
3 1726 1727 1897
3 1727 1898 1897
3 1727 1901 1898
3 1899 1900 1730
3 1900 1729 1730
3 1900 1902 1729
3 1899 1730 1725
3 1903 1901 1727
3 1903 1727 1731
3 1731 1732 1903
3 1903 1732 1904
3 1902 1905 1729
3 1729 1905 1733
3 1907 1906 1734
3 1733 1907 1734
3 1905 1907 1733
3 1736 1737 1906
3 1907 1736 1906
3 1908 1736 1907
3 1732 1736 1904
3 1904 1736 1908
3 1906 1738 1734
3 1738 1906 1737
3 1911 1910 1909
3 1913 1912 1909
3 1909 1912 1911
3 1740 1741 1913
3 1741 1912 1913
3 1741 1914 1912
3 1741 1742 1914
3 1914 1742 1915
3 1916 1743 1744
3 1745 1917 1744
3 1744 1917 1916
3 1746 1918 1745
3 1745 1918 1917
3 1747 1918 1746
3 1921 1920 1919
3 1921 1919 1910
3 1919 1909 1910
3 1919 1922 1909
3 1922 1749 1750
3 1913 1922 1750
3 1909 1922 1913
3 1913 1750 1740
3 1923 1915 1742
3 1923 1742 1752
3 1752 1754 1923
3 1923 1754 1924
3 1926 1925 1756
3 1756 1925 1755
3 1756 1743 1916
3 1927 1756 1916
3 1926 1756 1927
3 1927 1916 1917
3 1927 1917 1928
3 1928 1917 1918
3 1928 1918 1929
3 1929 1918 1747
3 1757 1929 1747
3 1930 1929 1757
3 1931 1757 1758
3 1931 1930 1757
3 1932 1758 1759
3 1932 1931 1758
3 1933 1759 1760
3 1933 1932 1759
3 1934 1760 1762
3 1934 1933 1760
3 1936 1935 1764
3 1935 1762 1764
3 1935 1934 1762
3 1938 1937 1936
3 1936 1937 1935
3 1937 1938 1920
3 1938 1919 1920
3 1938 1939 1919
3 1939 1766 1767
3 1922 1939 1767
3 1919 1939 1922
3 1922 1767 1749
3 1940 1924 1754
3 1940 1754 1771
3 1771 1772 1940
3 1940 1772 1941
3 1943 1942 1774
3 1774 1942 1773
3 1774 1755 1925
3 1774 1925 1943
3 1775 1936 1764
3 1936 1775 1776
3 1936 1776 1938
3 1938 1776 1778
3 1938 1778 1939
3 1939 1778 1766
3 1944 1941 1772
3 1944 1772 1779
3 1779 1780 1944
3 1944 1780 1945
3 1947 1946 1782
3 1782 1946 1781
3 1782 1773 1942
3 1782 1942 1947
3 1948 1945 1780
3 1948 1780 1783
3 1783 1784 1948
3 1948 1784 1949
3 1951 1950 1786
3 1786 1950 1785
3 1786 1781 1946
3 1786 1946 1951
3 1952 1949 1784
3 1952 1784 1787
3 1787 1788 1952
3 1952 1788 1953
3 1955 1954 1790
3 1790 1954 1789
3 1790 1785 1950
3 1790 1950 1955
3 1956 1953 1788
3 1956 1788 1791
3 1791 1792 1956
3 1956 1792 1957
3 1954 1793 1789
3 1958 1793 1954
3 1959 1957 1792
3 1959 1792 1794
3 1794 1795 1959
3 1959 1795 1960
3 1962 1961 1797
3 1797 1961 1796
3 1797 1793 1958
3 1797 1958 1962
3 1963 1960 1795
3 1963 1795 1798
3 1798 1799 1963
3 1963 1799 1964
3 1966 1965 1802
3 1802 1965 1801
3 1802 1796 1961
3 1802 1961 1966
3 1967 1964 1799
3 1967 1799 1803
3 1968 1803 1804
3 1968 1967 1803
3 1971 1970 1969
3 1965 1971 1969
3 1805 1965 1969
3 1801 1965 1805
3 1974 1973 1972
3 1974 1972 1970
3 1970 1972 1969
3 1972 1809 1969
3 1809 1810 1969
3 1969 1810 1805
3 1976 1975 1811
3 1976 1811 1812
3 1975 1978 1977
3 1813 1975 1977
3 1811 1975 1813
3 1977 1815 1813
3 1981 1980 1979
3 1981 1979 1973
3 1973 1979 1972
3 1979 1817 1972
3 1817 1818 1972
3 1972 1818 1809
3 1983 1982 1820
3 1983 1820 1821
3 1820 1984 1822
3 1982 1984 1820
3 1812 1822 1976
3 1976 1822 1984
3 1978 1985 1977
3 1815 1977 1985
3 1986 1815 1985
3 1824 1815 1986
3 1989 1988 1987
3 1991 1990 1987
3 1987 1990 1989
3 1990 1991 1980
3 1991 1979 1980
3 1991 1992 1979
3 1992 1825 1817
3 1992 1817 1979
3 1994 1993 1828
3 1994 1828 1827
3 1821 1828 1983
3 1983 1828 1993
3 1986 1995 1824
3 1824 1995 1829
3 1987 1988 1996
3 1996 1988 1997
3 1987 1998 1991
3 1987 1996 1998
3 1998 1831 1832
3 1992 1998 1832
3 1991 1998 1992
3 1992 1832 1825
3 1835 1999 1834
3 1834 1999 2000
3 2001 1834 2000
3 1836 1834 2001
3 1827 1836 1994
3 1994 1836 2001
3 1996 1997 2002
3 2002 1997 2003
3 1996 2004 1998
3 1996 2002 2004
3 2005 1837 1831
3 1998 2005 1831
3 2004 2005 1998
3 2006 1838 1837
3 2006 1837 2005
3 2007 1839 1838
3 2007 1838 2006
3 2007 1840 1839
3 1842 2008 1843
3 2008 2009 1843
3 1843 2009 1835
3 2009 2010 1835
3 2010 1999 1835
3 1999 2010 2000
3 2002 2003 2011
3 2011 2003 2012
3 2011 1845 1846
3 2004 2011 1846
3 2002 2011 2004
3 2004 1846 1847
3 2013 2004 1847
3 2005 2004 2013
3 2015 2006 2014
3 2006 2013 2014
3 2006 2005 2013
3 2006 2015 2007
3 2007 2015 2016
3 2007 2016 1840
3 2016 1848 1840
3 2016 2017 1848
3 1849 1848 2017
3 1849 2017 2018
3 1851 2019 1850
3 2019 2020 1850
3 1850 2020 1842
3 2020 2021 1842
3 2021 2008 1842
3 2008 2021 2009
3 2011 2012 2022
3 2022 2012 2023
3 2024 1852 1845
3 2011 2024 1845
3 2022 2024 2011
3 2013 1847 1852
3 2024 2013 1852
3 2025 2013 2024
3 2014 2013 2026
3 2026 2013 2025
3 2018 2027 1849
3 1849 2027 1853
3 1854 1853 2027
3 1854 2027 2028
3 2031 2030 2029
3 2032 2029 2030
3 1857 2033 2019
3 1857 2019 1851
3 2020 2019 2034
3 2034 2019 2033
3 2023 2035 2022
3 2037 2036 2035
3 2036 2022 2035
3 2036 2024 2022
3 2039 2025 2038
3 2025 2036 2038
3 2025 2024 2036
3 2025 2039 2026
3 2028 2040 1854
3 1854 2040 1858
3 1858 2041 1859
3 2040 2041 1858
3 1859 2042 1861
3 2041 2042 1859
3 2044 2043 1862
3 1861 2044 1862
3 2042 2044 1861
3 2046 2045 2043
3 2046 2043 2044
3 1863 1864 2045
3 2046 1863 2045
3 2047 1863 2046
3 1863 2048 1865
3 2047 2048 1863
3 1865 2049 1866
3 2048 2049 1865
3 2051 2050 1868
3 1866 2051 1868
3 2049 2051 1866
3 1870 1869 2050
3 2051 1870 2050
3 2052 1870 2051
3 2029 1871 2031
3 1871 2052 2031
3 1871 1870 2052
3 2032 2053 2029
3 2053 1871 2029
3 2053 1873 1871
3 2055 2054 1874
3 1873 2055 1874
3 2053 2055 1873
3 2057 2056 2054
3 2057 2054 2055
3 2058 2056 2057
3 1876 2059 1877
3 2059 2060 1877
3 1877 2060 1857
3 2060 2061 1857
3 2061 2033 1857
3 2033 2061 2034
3 2037 2062 2036
3 2036 2062 2038
3 2043 1878 1862
3 1878 2043 1879
3 1879 2043 2045
3 1879 2045 1864
3 2050 1880 1868
3 1880 2050 1869
3 2054 1881 1874
3 1881 2054 1883
3 1883 2054 2056
3 2064 2063 1884
3 2064 1884 1883
3 2058 2064 1883
3 2056 2058 1883
3 2066 2065 2063
3 2066 2063 2064
3 2067 2065 2066
3 2069 2068 2059
3 1876 2069 2059
3 1886 2069 1876
3 2059 2068 2060
3 2063 1887 1884
3 1887 2063 1888
3 2063 2070 1888
3 2063 2065 2070
3 2065 2067 2071
3 2065 2071 2070
3 1890 2072 1889
3 2072 2073 1889
3 2073 1886 1889
3 2073 2069 1886
3 2070 1891 1888
3 1892 1891 2070
3 2071 1892 2070
3 2074 1892 2071
3 2076 2075 2072
3 1890 2076 2072
3 1893 2076 1890
3 2072 2075 2073
3 2079 2078 2077
3 2074 2079 2077
3 1895 2074 2077
3 1892 2074 1895
3 1893 1896 2080
3 2081 1893 2080
3 2076 1893 2081
3 1898 2080 1896
3 2077 2078 2082
3 2082 2078 2083
3 2082 1900 1895
3 2082 1895 2077
3 2084 2081 2080
3 2080 1898 2084
3 1898 2085 2084
3 1898 1901 2085
3 2088 2087 2086
3 2090 2089 2086
3 2086 2089 2088
3 2092 2091 2090
3 2090 2091 2089
3 2091 2092 2083
3 2092 2082 2083
3 2092 2093 2082
3 2093 1902 1900
3 2093 1900 2082
3 1901 1903 2094
3 2095 1901 2094
3 2085 1901 2095
3 1904 2094 1903
3 2086 2087 2096
3 2096 2087 2097
3 2086 2098 2090
3 2086 2096 2098
3 2090 2099 2092
3 2090 2098 2099
3 2092 2100 2093
3 2092 2099 2100
3 2093 2100 1902
3 2100 2101 1902
3 2101 1905 1902
3 2100 2102 2101
3 1905 2103 1907
3 2101 2103 1905
3 2094 1908 2095
3 1908 2103 2095
3 1908 1907 2103
3 1908 2094 1904
3 2097 2104 2096
3 2106 2105 2104
3 2105 2096 2104
3 2105 2098 2096
3 2108 2099 2107
3 2099 2105 2107
3 2099 2098 2105
3 2099 2108 2100
3 2100 2108 2109
3 2100 2109 2102
3 2112 2111 2110
3 2114 2113 2110
3 2110 2113 2112
3 2114 2115 2113
3 2106 2116 2105
3 2105 2116 2107
3 2110 2111 2117
3 2117 2111 2118
3 2120 2114 2119
3 2114 2117 2119
3 2114 2110 2117
3 2114 2120 2115
3 2118 2121 2117
3 2117 2121 2119
3 2124 2123 2122
3 2122 2125 2124
3 2128 2127 2126
3 2128 2126 2123
3 2123 2126 2122
3 2126 1910 2122
3 1910 1911 2122
3 2129 2125 2122
3 1911 2129 2122
3 1912 2129 1911
3 2130 1912 1914
3 2130 2129 1912
3 1914 1915 2130
3 2130 1915 2131
3 2134 2133 2132
3 2134 2132 2127
3 2127 2132 2126
3 2132 1920 2126
3 1920 1921 2126
3 2126 1921 1910
3 2135 2131 1915
3 2135 1915 1923
3 1923 1924 2135
3 2135 1924 2136
3 2137 1925 1926
3 2137 1926 2138
3 1926 2139 2138
3 1926 1927 2139
3 2140 1927 1928
3 2140 2139 1927
3 2141 1928 1929
3 2141 2140 1928
3 2142 1929 1930
3 2142 2141 1929
3 2143 1930 1931
3 2143 2142 1930
3 2144 1931 1932
3 2144 2143 1931
3 2145 1932 1933
3 2145 2144 1932
3 2146 1933 1934
3 2146 2145 1933
3 2147 1934 1935
3 2147 2146 1934
3 1937 2132 2133
3 2147 1937 2133
3 1935 1937 2147
3 2132 1937 1920
3 2148 2136 1924
3 2148 1924 1940
3 1940 1941 2148
3 2148 1941 2149
3 2151 2150 1943
3 1943 2150 1942
3 1943 1925 2137
3 2152 1943 2137
3 2151 1943 2152
3 2152 2137 2138
3 2153 2149 1941
3 2153 1941 1944
3 1944 1945 2153
3 2153 1945 2154
3 2156 2155 1947
3 1947 2155 1946
3 1947 1942 2150
3 1947 2150 2156
3 2157 2154 1945
3 2157 1945 1948
3 1948 1949 2157
3 2157 1949 2158
3 2160 2159 1951
3 1951 2159 1950
3 1951 1946 2155
3 1951 2155 2160
3 2161 2158 1949
3 2161 1949 1952
3 1952 1953 2161
3 2161 1953 2162
3 2164 2163 1955
3 1955 2163 1954
3 1955 1950 2159
3 1955 2159 2164
3 2165 2162 1953
3 2165 1953 1956
3 1956 1957 2165
3 2165 1957 2166
3 2163 1958 1954
3 2167 1958 2163
3 2168 2166 1957
3 2168 1957 1959
3 1959 1960 2168
3 2168 1960 2169
3 2171 2170 1962
3 1962 2170 1961
3 1962 1958 2167
3 1962 2167 2171
3 2172 2169 1960
3 2172 1960 1963
3 1963 1964 2172
3 2172 1964 2173
3 2175 2174 1966
3 1966 2174 1965
3 1966 1961 2170
3 1966 2170 2175
3 2176 2173 1964
3 2176 1964 1967
3 2177 1967 1968
3 2177 2176 1967
3 2179 2178 1971
3 1971 2178 1970
3 1971 1965 2174
3 1971 2174 2179
3 2181 2180 1974
3 1974 2180 1973
3 1974 1970 2178
3 1974 2178 2181
3 2184 2183 2182
3 1975 1976 2182
3 2183 1975 2182
3 2185 1975 2183
3 2187 2186 1978
3 1975 2187 1978
3 2185 2187 1975
3 2188 2186 2187
3 2191 2190 2189
3 2193 2192 2189
3 2189 2192 2191
3 1980 1981 2193
3 1981 2192 2193
3 1981 2194 2192
3 1981 1973 2180
3 1981 2180 2194
3 2196 2195 1982
3 2196 1982 1983
3 2182 1984 2184
3 1984 2195 2184
3 1984 1982 2195
3 1984 2182 1976
3 2186 1985 1978
3 2198 2197 1986
3 2198 1986 1985
3 2188 2198 1985
3 2186 2188 1985
3 2201 2200 2199
3 2201 2199 2190
3 2190 2199 2189
3 2199 1988 2189
3 1988 1989 2189
3 2189 1989 1990
3 2189 1990 2193
3 2193 1990 1980
3 2203 2202 1993
3 2203 1993 1994
3 1983 1993 2196
3 2196 1993 2202
3 2197 1995 1986
3 2199 2200 2204
3 2204 2200 2205
3 2204 1997 1988
3 2204 1988 2199
3 2208 2207 2206
3 2209 2206 2207
3 2211 2210 2001
3 2211 2001 2000
3 1994 2001 2203
3 2203 2001 2210
3 2204 2205 2212
3 2212 2205 2213
3 2212 2003 1997
3 2212 1997 2204
3 2216 2215 2214
3 2214 2215 2208
3 2206 2214 2208
3 2217 2214 2206
3 2206 2209 2218
3 2219 2206 2218
3 2217 2206 2219
3 2220 2219 2218
3 2222 2221 2010
3 2222 2010 2009
3 2000 2010 2211
3 2211 2010 2221
3 2212 2213 2223
3 2223 2213 2224
3 2223 2012 2003
3 2223 2003 2212
3 2216 2214 2015
3 2014 2216 2015
3 2225 2216 2014
3 2015 2214 2016
3 2016 2214 2217
3 2016 2217 2017
3 2017 2217 2219
3 2227 2226 2018
3 2227 2018 2017
3 2220 2227 2017
3 2219 2220 2017
3 2228 2226 2227
3 2231 2230 2229
3 2233 2232 2229
3 2233 2229 2230
3 2234 2232 2233
3 2236 2235 2021
3 2236 2021 2020
3 2009 2021 2222
3 2222 2021 2235
3 2224 2237 2223
3 2012 2223 2237
3 2238 2012 2237
3 2023 2012 2238
3 2026 2225 2014
3 2026 2239 2225
3 2226 2027 2018
3 2241 2240 2028
3 2241 2028 2027
3 2228 2241 2027
3 2226 2228 2027
3 2242 2240 2241
3 2245 2244 2243
3 2030 2031 2243
3 2244 2030 2243
3 2246 2030 2244
3 2248 2247 2032
3 2030 2248 2032
3 2246 2248 2030
3 2250 2249 2247
3 2250 2247 2248
3 2252 2251 2249
3 2252 2249 2250
3 2251 2252 2231
3 2229 2251 2231
3 2253 2251 2229
3 2254 2229 2232
3 2253 2229 2254
3 2232 2234 2255
3 2232 2255 2254
3 2034 2236 2020
3 2034 2256 2236
3 2035 2023 2257
3 2023 2258 2257
3 2023 2238 2258
3 2257 2037 2035
3 2038 2259 2039
3 2259 2260 2039
3 2260 2026 2039
3 2260 2239 2026
3 2240 2040 2028
3 2242 2261 2240
3 2261 2040 2240
3 2261 2041 2040
3 2041 2262 2042
3 2261 2262 2041
3 2042 2263 2044
3 2262 2263 2042
3 2044 2264 2046
3 2263 2264 2044
3 2046 2265 2047
3 2264 2265 2046
3 2047 2266 2048
3 2265 2266 2047
3 2048 2267 2049
3 2266 2267 2048
3 2049 2268 2051
3 2267 2268 2049
3 2243 2052 2245
3 2052 2268 2245
3 2052 2051 2268
3 2052 2243 2031
3 2247 2053 2032
3 2053 2247 2055
3 2055 2247 2249
3 2055 2249 2057
3 2057 2249 2251
3 2057 2251 2058
3 2251 2269 2058
3 2251 2253 2269
3 2270 2253 2254
3 2269 2253 2270
3 2254 2255 2271
3 2272 2254 2271
3 2270 2254 2272
3 2273 2272 2271
3 2275 2274 2061
3 2275 2061 2060
3 2034 2061 2256
3 2256 2061 2274
3 2258 2276 2257
3 2276 2278 2277
3 2276 2277 2062
3 2257 2276 2062
3 2037 2257 2062
3 2259 2038 2062
3 2277 2259 2062
3 2279 2259 2277
3 2260 2259 2280
3 2280 2259 2279
3 2269 2064 2058
3 2064 2269 2066
3 2066 2269 2270
3 2066 2270 2067
3 2270 2281 2067
3 2270 2272 2281
3 2272 2273 2282
3 2272 2282 2281
3 2069 2283 2068
3 2283 2284 2068
3 2284 2060 2068
3 2284 2275 2060
3 2278 2285 2277
3 2287 2286 2285
3 2286 2277 2285
3 2286 2279 2277
3 2280 2279 2288
3 2288 2279 2286
3 2289 2071 2281
3 2281 2071 2067
3 2281 2282 2290
3 2281 2290 2289
3 2292 2291 2283
3 2069 2292 2283
3 2073 2292 2069
3 2283 2291 2284
3 2286 2287 2293
3 2293 2287 2294
3 2288 2286 2295
3 2295 2286 2293
3 2297 2296 2289
3 2296 2071 2289
3 2296 2074 2071
3 2299 2298 2076
3 2298 2297 2076
3 2289 2076 2297
3 2076 2289 2075
3 2290 2075 2289
3 2075 2290 2298
3 2298 2300 2075
3 2299 2300 2298
3 2298 2290 2297
3 2073 2075 2292
3 2292 2075 2300
3 2293 2294 2301
3 2301 2294 2302
3 2295 2293 2303
3 2293 2304 2303
3 2293 2301 2304
3 2304 2305 2303
3 2307 2306 2079
3 2079 2306 2078
3 2079 2074 2296
3 2079 2296 2307
3 2081 2299 2076
3 2081 2308 2299
3 2302 2309 2301
3 2301 2309 2304
3 2304 2309 2310
3 2304 2310 2305
3 2313 2312 2311
3 2315 2314 2311
3 2311 2314 2313
3 2317 2316 2315
3 2315 2316 2314
3 2306 2316 2317
3 2083 2306 2317
3 2078 2306 2083
3 2081 2084 2318
3 2319 2081 2318
3 2308 2081 2319
3 2085 2318 2084
3 2311 2312 2088
3 2312 2087 2088
3 2312 2320 2087
3 2311 2088 2089
3 2311 2089 2315
3 2315 2089 2091
3 2315 2091 2317
3 2317 2091 2083
3 2319 2318 2321
3 2319 2321 2322
3 2095 2321 2085
3 2085 2321 2318
3 2325 2324 2323
3 2327 2326 2323
3 2323 2326 2325
3 2320 2326 2327
3 2097 2320 2327
3 2087 2320 2097
3 2329 2328 2101
3 2329 2101 2102
3 2321 2103 2322
3 2103 2328 2322
3 2103 2101 2328
3 2103 2321 2095
3 2332 2331 2330
3 2334 2333 2330
3 2330 2333 2332
3 2333 2334 2324
3 2334 2323 2324
3 2334 2335 2323
3 2323 2336 2327
3 2323 2335 2336
3 2327 2336 2097
3 2336 2337 2097
3 2337 2104 2097
3 2336 2338 2337
3 2106 2104 2337
3 2106 2337 2339
3 2107 2340 2108
3 2108 2340 2341
3 2342 2108 2341
3 2109 2108 2342
3 2102 2109 2329
3 2329 2109 2342
3 2330 2331 2343
3 2343 2331 2344
3 2343 2111 2112
3 2334 2343 2112
3 2330 2343 2334
3 2334 2112 2113
3 2334 2113 2335
3 2336 2335 2345
3 2335 2115 2345
3 2115 2346 2345
3 2115 2335 2113
3 2336 2345 2338
3 2339 2347 2106
3 2106 2347 2116
3 2107 2116 2340
3 2116 2348 2340
3 2116 2347 2348
3 2340 2348 2341
3 2343 2344 2349
3 2349 2344 2350
3 2349 2118 2111
3 2349 2111 2343
3 2352 2351 2120
3 2352 2120 2119
3 2115 2120 2346
3 2346 2120 2351
3 2350 2353 2349
3 2349 2353 2118
3 2353 2121 2118
3 2353 2354 2121
3 2119 2121 2352
3 2352 2121 2354
3 2356 2355 2124
3 2124 2355 2123
3 2124 2125 2356
3 2356 2125 2357
3 2359 2358 2128
3 2128 2358 2127
3 2128 2123 2355
3 2128 2355 2359
3 2360 2357 2125
3 2360 2125 2129
3 2361 2129 2130
3 2361 2360 2129
3 2130 2131 2361
3 2361 2131 2362
3 2363 2133 2134
3 2364 2363 2134
3 2127 2364 2134
3 2358 2364 2127
3 2365 2362 2131
3 2365 2131 2135
3 2135 2136 2365
3 2365 2136 2366
3 2368 2367 2139
3 2139 2367 2138
3 2369 2139 2140
3 2369 2368 2139
3 2370 2140 2141
3 2370 2369 2140
3 2371 2141 2142
3 2371 2370 2141
3 2372 2142 2143
3 2372 2371 2142
3 2373 2143 2144
3 2373 2372 2143
3 2374 2144 2145
3 2374 2373 2144
3 2375 2145 2146
3 2375 2374 2145
3 2376 2146 2147
3 2376 2375 2146
3 2147 2133 2363
3 2377 2147 2363
3 2376 2147 2377
3 2377 2363 2364
3 2378 2366 2136
3 2378 2136 2148
3 2148 2149 2378
3 2378 2149 2379
3 2380 2150 2151
3 2380 2151 2381
3 2151 2382 2381
3 2151 2152 2382
3 2152 2138 2367
3 2152 2367 2382
3 2383 2379 2149
3 2383 2149 2153
3 2153 2154 2383
3 2383 2154 2384
3 2386 2385 2156
3 2156 2385 2155
3 2156 2150 2380
3 2387 2156 2380
3 2386 2156 2387
3 2387 2380 2381
3 2388 2384 2154
3 2388 2154 2157
3 2157 2158 2388
3 2388 2158 2389
3 2390 2159 2160
3 2391 2390 2160
3 2155 2391 2160
3 2385 2391 2155
3 2392 2389 2158
3 2392 2158 2161
3 2161 2162 2392
3 2392 2162 2393
3 2394 2163 2164
3 2395 2394 2164
3 2395 2164 2159
3 2396 2395 2159
3 2390 2396 2159
3 2396 2390 2391
3 2397 2393 2162
3 2397 2162 2165
3 2165 2166 2397
3 2397 2166 2398
3 2400 2399 2394
3 2399 2163 2394
3 2399 2167 2163
3 2400 2394 2395
3 2401 2398 2166
3 2401 2166 2168
3 2168 2169 2401
3 2401 2169 2402
3 2404 2403 2171
3 2171 2403 2170
3 2171 2167 2399
3 2171 2399 2404
3 2405 2402 2169
3 2405 2169 2172
3 2172 2173 2405
3 2405 2173 2406
3 2407 2174 2175
3 2408 2407 2175
3 2170 2408 2175
3 2403 2408 2170
3 2409 2406 2173
3 2409 2173 2176
3 2410 2176 2177
3 2410 2409 2176
3 2411 2178 2179
3 2412 2411 2179
3 2412 2179 2174
3 2413 2412 2174
3 2407 2413 2174
3 2413 2407 2408
3 2416 2415 2414
3 2417 2414 2415
3 2420 2419 2418
3 2180 2181 2418
3 2181 2420 2418
3 2181 2421 2420
3 2181 2178 2411
3 2422 2181 2411
3 2421 2181 2422
3 2422 2411 2412
3 2425 2424 2423
3 2183 2184 2423
3 2424 2183 2423
3 2426 2183 2424
3 2414 2185 2416
3 2185 2426 2416
3 2185 2183 2426
3 2417 2427 2414
3 2427 2185 2414
3 2427 2187 2185
3 2429 2428 2188
3 2187 2429 2188
3 2427 2429 2187
3 2432 2431 2430
3 2190 2191 2430
3 2191 2432 2430
3 2191 2433 2432
3 2434 2191 2192
3 2434 2433 2191
3 2194 2418 2419
3 2434 2194 2419
3 2192 2194 2434
3 2418 2194 2180
3 2437 2436 2435
3 2435 2436 2425
3 2435 2425 2423
3 2196 2435 2423
3 2195 2196 2423
3 2195 2423 2184
3 2428 2198 2188
3 2440 2439 2438
3 2440 2438 2431
3 2431 2438 2430
3 2438 2200 2430
3 2200 2201 2430
3 2430 2201 2190
3 2443 2442 2441
3 2445 2444 2441
3 2445 2441 2442
3 2447 2446 2444
3 2447 2444 2445
3 2448 2446 2447
3 2437 2435 2202
3 2203 2437 2202
3 2449 2437 2203
3 2202 2435 2196
3 2439 2450 2438
3 2200 2438 2450
3 2451 2200 2450
3 2205 2200 2451
3 2443 2441 2452
3 2443 2452 2453
3 2208 2452 2207
3 2452 2444 2207
3 2452 2441 2444
3 2207 2444 2209
3 2444 2454 2209
3 2444 2446 2454
3 2446 2448 2455
3 2456 2446 2455
3 2454 2446 2456
3 2457 2456 2455
3 2460 2459 2458
3 2462 2461 2458
3 2462 2458 2459
3 2463 2461 2462
3 2465 2464 2210
3 2465 2210 2211
3 2203 2210 2449
3 2449 2210 2464
3 2451 2213 2205
3 2466 2213 2451
3 2453 2452 2215
3 2216 2453 2215
3 2467 2453 2216
3 2215 2452 2208
3 2454 2218 2209
3 2218 2454 2220
3 2454 2468 2220
3 2454 2456 2468
3 2456 2457 2469
3 2456 2469 2468
3 2472 2471 2470
3 2470 2471 2460
3 2458 2470 2460
3 2473 2470 2458
3 2474 2458 2461
3 2473 2458 2474
3 2461 2463 2475
3 2476 2461 2475
3 2474 2461 2476
3 2478 2477 2476
3 2478 2476 2475
3 2479 2477 2478
3 2481 2480 2221
3 2481 2221 2222
3 2211 2221 2465
3 2465 2221 2480
3 2466 2224 2213
3 2482 2224 2466
3 2485 2484 2483
3 2484 2467 2483
3 2467 2225 2483
3 2467 2216 2225
3 2468 2227 2220
3 2487 2486 2228
3 2487 2228 2227
3 2469 2487 2227
3 2468 2469 2227
3 2488 2486 2487
3 2491 2490 2489
3 2493 2492 2489
3 2493 2489 2490
3 2495 2494 2492
3 2495 2492 2493
3 2494 2495 2472
3 2470 2494 2472
3 2496 2494 2470
3 2497 2470 2473
3 2496 2470 2497
3 2231 2497 2230
3 2497 2474 2230
3 2497 2473 2474
3 2230 2474 2233
3 2233 2474 2476
3 2233 2476 2234
3 2476 2498 2234
3 2476 2477 2498
3 2477 2479 2499
3 2477 2499 2498
3 2501 2500 2235
3 2501 2235 2236
3 2222 2235 2481
3 2481 2235 2500
3 2482 2502 2224
3 2224 2502 2237
3 2238 2237 2502
3 2238 2502 2503
3 2485 2483 2504
3 2485 2504 2505
3 2239 2504 2225
3 2225 2504 2483
3 2486 2241 2228
3 2507 2506 2242
3 2507 2242 2241
3 2488 2507 2241
3 2486 2488 2241
3 2509 2508 2506
3 2509 2506 2507
3 2510 2508 2509
3 2513 2512 2511
3 2515 2514 2511
3 2515 2511 2512
3 2517 2516 2514
3 2517 2514 2515
3 2519 2518 2516
3 2519 2516 2517
3 2518 2519 2491
3 2518 2491 2489
3 2245 2518 2489
3 2244 2245 2489
3 2244 2489 2246
3 2246 2489 2492
3 2246 2492 2248
3 2248 2492 2494
3 2248 2494 2250
3 2250 2494 2496
3 2250 2496 2252
3 2252 2496 2497
3 2252 2497 2231
3 2520 2255 2498
3 2498 2255 2234
3 2498 2499 2521
3 2522 2498 2521
3 2520 2498 2522
3 2523 2522 2521
3 2256 2501 2236
3 2256 2524 2501
3 2503 2258 2238
3 2525 2258 2503
3 2505 2504 2526
3 2505 2526 2527
3 2260 2526 2239
3 2239 2526 2504
3 2506 2261 2242
3 2261 2506 2262
3 2262 2506 2508
3 2510 2528 2508
3 2528 2262 2508
3 2528 2263 2262
3 2263 2529 2264
3 2528 2529 2263
3 2511 2265 2513
3 2265 2529 2513
3 2265 2264 2529
3 2265 2511 2266
3 2266 2511 2514
3 2266 2514 2267
3 2267 2514 2516
3 2267 2516 2268
3 2268 2516 2518
3 2268 2518 2245
3 2520 2271 2255
3 2271 2520 2273
3 2520 2530 2273
3 2520 2522 2530
3 2522 2523 2531
3 2522 2531 2530
3 2533 2532 2274
3 2533 2274 2275
3 2256 2274 2524
3 2524 2274 2532
3 2525 2534 2258
3 2258 2534 2276
3 2278 2276 2534
3 2278 2534 2535
3 2536 2527 2526
3 2526 2260 2536
3 2260 2537 2536
3 2260 2280 2537
3 2538 2282 2530
3 2530 2282 2273
3 2530 2531 2539
3 2540 2530 2539
3 2538 2530 2540
3 2539 2533 2540
3 2533 2284 2540
3 2533 2275 2284
3 2535 2541 2278
3 2278 2541 2285
3 2287 2285 2541
3 2287 2541 2542
3 2288 2537 2280
3 2288 2543 2537
3 2544 2290 2538
3 2538 2290 2282
3 2292 2544 2291
3 2544 2540 2291
3 2544 2538 2540
3 2291 2540 2284
3 2542 2294 2287
3 2545 2294 2542
3 2295 2543 2288
3 2295 2546 2543
3 2547 2296 2297
3 2297 2290 2547
3 2290 2544 2547
3 2300 2299 2547
3 2300 2547 2544
3 2300 2544 2292
3 2545 2302 2294
3 2548 2302 2545
3 2295 2303 2549
3 2550 2295 2549
3 2546 2295 2550
3 2305 2549 2303
3 2552 2551 2307
3 2307 2551 2306
3 2552 2307 2296
3 2553 2552 2296
3 2547 2553 2296
3 2552 2553 2554
3 2308 2553 2299
3 2299 2553 2547
3 2548 2555 2302
3 2302 2555 2309
3 2549 2310 2550
3 2310 2555 2550
3 2310 2309 2555
3 2310 2549 2305
3 2556 2312 2313
3 2556 2313 2557
3 2313 2558 2557
3 2313 2314 2558
3 2559 2314 2316
3 2559 2558 2314
3 2316 2306 2551
3 2316 2551 2559
3 2554 2553 2560
3 2554 2560 2561
3 2319 2560 2308
3 2308 2560 2553
3 2563 2562 2556
3 2562 2312 2556
3 2562 2320 2312
3 2563 2556 2557
3 2561 2560 2564
3 2561 2564 2565
3 2322 2564 2319
3 2319 2564 2560
3 2568 2567 2566
3 2324 2325 2566
3 2325 2568 2566
3 2325 2569 2568
3 2570 2325 2326
3 2570 2569 2325
3 2326 2320 2562
3 2326 2562 2570
3 2565 2564 2328
3 2329 2565 2328
3 2571 2565 2329
3 2328 2564 2322
3 2573 2572 2332
3 2332 2572 2331
3 2333 2566 2567
3 2573 2333 2567
3 2332 2333 2573
3 2566 2333 2324
3 2576 2575 2574
3 2337 2338 2574
3 2575 2337 2574
3 2577 2337 2575
3 2339 2337 2577
3 2339 2577 2578
3 2341 2579 2342
3 2579 2580 2342
3 2580 2329 2342
3 2580 2571 2329
3 2572 2344 2331
3 2581 2344 2572
3 2576 2574 2345
3 2346 2576 2345
3 2582 2576 2346
3 2345 2574 2338
3 2578 2583 2339
3 2339 2583 2347
3 2583 2585 2584
3 2348 2583 2584
3 2347 2583 2348
3 2579 2341 2348
3 2584 2579 2348
3 2586 2579 2584
3 2580 2579 2587
3 2587 2579 2586
3 2581 2350 2344
3 2588 2350 2581
3 2590 2589 2351
3 2590 2351 2352
3 2346 2351 2582
3 2582 2351 2589
3 2585 2591 2584
3 2593 2592 2591
3 2592 2584 2591
3 2592 2586 2584
3 2587 2586 2594
3 2586 2595 2594
3 2586 2592 2595
3 2597 2596 2595
3 2595 2596 2594
3 2597 2598 2596
3 2588 2599 2350
3 2350 2599 2353
3 2353 2600 2354
3 2599 2600 2353
3 2352 2354 2590
3 2590 2354 2600
3 2593 2601 2592
3 2603 2602 2601
3 2602 2592 2601
3 2602 2595 2592
3 2605 2597 2604
3 2597 2602 2604
3 2597 2595 2602
3 2597 2605 2598
3 2607 2606 2356
3 2356 2606 2355
3 2356 2357 2607
3 2607 2357 2608
3 2609 2358 2359
3 2610 2609 2359
3 2355 2610 2359
3 2606 2610 2355
3 2611 2608 2357
3 2611 2357 2360
3 2612 2360 2361
3 2612 2611 2360
3 2361 2362 2612
3 2612 2362 2613
3 2615 2614 2609
3 2614 2358 2609
3 2614 2364 2358
3 2615 2609 2610
3 2616 2613 2362
3 2616 2362 2365
3 2365 2366 2616
3 2616 2366 2617
3 2619 2618 2368
3 2368 2618 2367
3 2620 2368 2369
3 2620 2619 2368
3 2621 2369 2370
3 2621 2620 2369
3 2622 2370 2371
3 2622 2621 2370
3 2623 2371 2372
3 2623 2622 2371
3 2624 2372 2373
3 2624 2623 2372
3 2625 2373 2374
3 2625 2624 2373
3 2626 2374 2375
3 2626 2625 2374
3 2628 2626 2627
3 2626 2376 2627
3 2626 2375 2376
3 2377 2629 2376
3 2376 2629 2627
3 2630 2629 2377
3 2364 2630 2377
3 2614 2630 2364
3 2366 2378 2631
3 2632 2366 2631
3 2617 2366 2632
3 2379 2631 2378
3 2634 2633 2382
3 2382 2633 2381
3 2382 2367 2618
3 2382 2618 2634
3 2635 2628 2627
3 2635 2627 2629
3 2635 2629 2636
3 2636 2629 2630
3 2639 2638 2637
3 2637 2638 2632
3 2631 2637 2632
3 2640 2637 2631
3 2383 2641 2379
3 2641 2631 2379
3 2641 2640 2631
3 2384 2641 2383
3 2642 2385 2386
3 2642 2386 2643
3 2386 2644 2643
3 2386 2387 2644
3 2387 2381 2633
3 2387 2633 2644
3 2647 2646 2645
3 2648 2645 2646
3 2651 2650 2649
3 2653 2652 2649
3 2653 2649 2650
3 2652 2653 2639
3 2637 2652 2639
3 2654 2652 2637
3 2655 2637 2640
3 2654 2637 2655
3 2656 2640 2641
3 2655 2640 2656
3 2388 2657 2384
3 2657 2641 2384
3 2657 2656 2641
3 2389 2657 2388
3 2659 2658 2642
3 2658 2385 2642
3 2658 2391 2385
3 2659 2642 2643
3 2647 2645 2660
3 2647 2660 2661
3 2645 2648 2662
3 2663 2645 2662
3 2660 2645 2663
3 2663 2662 2651
3 2649 2663 2651
3 2664 2663 2649
3 2665 2649 2652
3 2664 2649 2665
3 2666 2652 2654
3 2665 2652 2666
3 2667 2654 2655
3 2666 2654 2667
3 2668 2655 2656
3 2667 2655 2668
3 2669 2656 2657
3 2668 2656 2669
3 2669 2657 2389
3 2670 2669 2389
3 2392 2670 2389
3 2671 2669 2670
3 2392 2393 2670
3 2670 2393 2672
3 2674 2673 2396
3 2396 2673 2395
3 2396 2391 2658
3 2396 2658 2674
3 2661 2660 2675
3 2661 2675 2676
3 2677 2660 2663
3 2675 2660 2677
3 2678 2663 2664
3 2677 2663 2678
3 2679 2664 2665
3 2678 2664 2679
3 2680 2665 2666
3 2679 2665 2680
3 2667 2682 2681
3 2680 2667 2681
3 2666 2667 2680
3 2682 2667 2668
3 2682 2668 2683
3 2683 2668 2669
3 2683 2669 2684
3 2684 2669 2671
3 2685 2672 2393
3 2685 2393 2397
3 2397 2398 2685
3 2685 2398 2686
3 2688 2687 2400
3 2400 2687 2399
3 2400 2395 2673
3 2400 2673 2688
3 2689 2676 2675
3 2691 2690 2689
3 2675 2691 2689
3 2677 2691 2675
3 2692 2677 2678
3 2691 2677 2692
3 2679 2694 2693
3 2692 2679 2693
3 2678 2679 2692
3 2694 2679 2680
3 2694 2680 2695
3 2695 2680 2681
3 2696 2686 2398
3 2696 2398 2401
3 2401 2402 2696
3 2696 2402 2697
3 2698 2403 2404
3 2699 2698 2404
3 2399 2699 2404
3 2687 2699 2399
3 2690 2691 2700
3 2690 2700 2701
3 2692 2703 2702
3 2700 2692 2702
3 2691 2692 2700
3 2703 2692 2693
3 2704 2697 2402
3 2704 2402 2405
3 2405 2406 2704
3 2704 2406 2705
3 2706 2408 2698
3 2698 2408 2403
3 2698 2699 2707
3 2698 2707 2706
3 2708 2701 2700
3 2708 2700 2702
3 2711 2710 2709
3 2713 2712 2409
3 2712 2714 2409
3 2709 2409 2714
3 2409 2709 2406
3 2710 2406 2709
3 2406 2710 2712
3 2712 2705 2406
3 2713 2705 2712
3 2712 2710 2714
3 2715 2409 2410
3 2715 2713 2409
3 2716 2412 2413
3 2408 2706 2413
3 2706 2716 2413
3 2706 2717 2716
3 2706 2707 2718
3 2706 2718 2717
3 2721 2720 2719
3 2722 2719 2720
3 2725 2724 2723
3 2727 2726 2723
3 2727 2723 2724
3 2729 2728 2726
3 2729 2726 2727
3 2728 2729 2711
3 2728 2711 2709
3 2416 2728 2709
3 2415 2416 2709
3 2731 2730 2417
3 2731 2417 2415
3 2714 2731 2415
3 2709 2714 2415
3 2733 2732 2730
3 2733 2730 2731
3 2734 2419 2420
3 2421 2735 2420
3 2420 2735 2734
3 2422 2736 2421
3 2421 2736 2735
3 2412 2716 2422
3 2716 2736 2422
3 2716 2737 2736
3 2738 2716 2717
3 2737 2716 2738
3 2717 2718 2739
3 2717 2739 2738
3 2721 2719 2740
3 2721 2740 2741
3 2719 2722 2742
3 2719 2742 2740
3 2725 2723 2743
3 2725 2743 2744
3 2425 2743 2424
3 2743 2726 2424
3 2743 2723 2726
3 2424 2726 2426
3 2426 2726 2728
3 2426 2728 2416
3 2730 2427 2417
3 2427 2730 2429
3 2429 2730 2732
3 2747 2746 2745
3 2431 2432 2745
3 2432 2747 2745
3 2432 2748 2747
3 2749 2432 2433
3 2749 2748 2432
3 2750 2433 2434
3 2750 2749 2433
3 2750 2434 2419
3 2751 2750 2419
3 2734 2751 2419
3 2750 2751 2752
3 2753 2734 2735
3 2751 2734 2753
3 2754 2735 2736
3 2753 2735 2754
3 2755 2736 2737
3 2754 2736 2755
3 2756 2737 2738
3 2755 2737 2756
3 2738 2739 2757
3 2738 2757 2756
3 2760 2759 2758
3 2758 2759 2741
3 2740 2758 2741
3 2761 2758 2740
3 2740 2742 2762
3 2740 2762 2761
3 2744 2743 2436
3 2437 2744 2436
3 2763 2744 2437
3 2436 2743 2425
3 2745 2746 2440
3 2746 2439 2440
3 2746 2764 2439
3 2745 2440 2431
3 2752 2751 2765
3 2752 2765 2766
3 2443 2765 2442
3 2765 2753 2442
3 2765 2751 2753
3 2442 2753 2445
3 2445 2753 2754
3 2445 2754 2447
3 2447 2754 2755
3 2447 2755 2448
3 2755 2767 2448
3 2755 2756 2767
3 2756 2757 2768
3 2769 2756 2768
3 2767 2756 2769
3 2770 2769 2768
3 2773 2772 2771
3 2775 2774 2771
3 2775 2771 2772
3 2774 2775 2760
3 2758 2774 2760
3 2776 2774 2758
3 2777 2758 2761
3 2776 2758 2777
3 2761 2762 2778
3 2761 2778 2777
3 2781 2780 2779
3 2780 2763 2779
3 2763 2449 2779
3 2763 2437 2449
3 2764 2782 2439
3 2439 2782 2450
3 2451 2450 2782
3 2451 2782 2783
3 2766 2765 2784
3 2766 2784 2785
3 2453 2784 2443
3 2443 2784 2765
3 2767 2455 2448
3 2455 2767 2457
3 2767 2786 2457
3 2767 2769 2786
3 2769 2770 2787
3 2788 2769 2787
3 2786 2769 2788
3 2789 2788 2787
3 2792 2791 2790
3 2794 2793 2790
3 2794 2790 2791
3 2793 2794 2773
3 2771 2793 2773
3 2795 2793 2771
3 2460 2795 2459
3 2795 2774 2459
3 2795 2771 2774
3 2459 2774 2462
3 2462 2774 2776
3 2462 2776 2463
3 2776 2796 2463
3 2776 2777 2796
3 2777 2778 2797
3 2798 2777 2797
3 2796 2777 2798
3 2799 2798 2797
3 2781 2779 2464
3 2465 2781 2464
3 2800 2781 2465
3 2464 2779 2449
3 2783 2466 2451
3 2801 2466 2783
3 2785 2784 2802
3 2785 2802 2803
3 2467 2802 2453
3 2453 2802 2784
3 2804 2469 2786
3 2786 2469 2457
3 2805 2786 2788
3 2804 2786 2805
3 2788 2789 2806
3 2807 2788 2806
3 2805 2788 2807
3 2808 2807 2806
3 2811 2810 2809
3 2813 2812 2809
3 2813 2809 2810
3 2812 2813 2792
3 2790 2812 2792
3 2814 2812 2790
3 2815 2790 2793
3 2814 2790 2815
3 2472 2815 2471
3 2815 2795 2471
3 2815 2793 2795
3 2471 2795 2460
3 2796 2475 2463
3 2475 2796 2478
3 2478 2796 2798
3 2817 2816 2479
3 2817 2479 2478
3 2799 2817 2478
3 2798 2799 2478
3 2818 2816 2817
3 2821 2820 2819
3 2480 2481 2819
3 2820 2480 2819
3 2822 2480 2820
3 2465 2480 2800
3 2800 2480 2822
3 2824 2482 2823
3 2482 2801 2823
3 2482 2466 2801
3 2825 2824 2823
3 2803 2802 2484
3 2485 2803 2484
3 2826 2803 2485
3 2484 2802 2467
3 2804 2487 2469
3 2487 2804 2488
3 2804 2827 2488
3 2804 2805 2827
3 2828 2805 2807
3 2827 2805 2828
3 2807 2808 2829
3 2830 2807 2829
3 2828 2807 2830
3 2831 2830 2829
3 2834 2833 2832
3 2836 2835 2832
3 2836 2832 2833
3 2835 2836 2811
3 2809 2835 2811
3 2837 2835 2809
3 2491 2837 2490
3 2837 2812 2490
3 2837 2809 2812
3 2490 2812 2493
3 2493 2812 2814
3 2493 2814 2495
3 2495 2814 2815
3 2495 2815 2472
3 2838 2499 2816
3 2816 2499 2479
3 2816 2818 2839
3 2840 2816 2839
3 2838 2816 2840
3 2841 2840 2839
3 2821 2819 2500
3 2501 2821 2500
3 2842 2821 2501
3 2500 2819 2481
3 2824 2502 2482
3 2503 2502 2824
3 2825 2503 2824
3 2843 2503 2825
3 2505 2826 2485
3 2505 2844 2826
3 2827 2507 2488
3 2507 2827 2509
3 2509 2827 2828
3 2509 2828 2510
3 2828 2845 2510
3 2828 2830 2845
3 2830 2831 2846
3 2847 2830 2846
3 2845 2830 2847
3 2512 2513 2847
3 2846 2512 2847
3 2848 2512 2846
3 2832 2515 2834
3 2515 2848 2834
3 2515 2512 2848
3 2515 2832 2517
3 2517 2832 2835
3 2517 2835 2519
3 2519 2835 2837
3 2519 2837 2491
3 2838 2521 2499
3 2521 2838 2523
3 2838 2849 2523
3 2838 2840 2849
3 2840 2841 2850
3 2851 2840 2850
3 2849 2840 2851
3 2850 2842 2851
3 2842 2524 2851
3 2842 2501 2524
3 2853 2525 2852
3 2525 2843 2852
3 2525 2503 2843
3 2855 2854 2853
3 2855 2853 2852
3 2855 2844 2854
3 2844 2527 2854
3 2844 2505 2527
3 2845 2528 2510
3 2528 2845 2529
3 2529 2845 2847
3 2529 2847 2513
3 2856 2531 2849
3 2849 2531 2523
3 2533 2856 2532
3 2856 2851 2532
3 2856 2849 2851
3 2532 2851 2524
3 2853 2534 2525
3 2534 2853 2535
3 2853 2857 2535
3 2853 2854 2857
3 2536 2858 2527
3 2858 2854 2527
3 2858 2857 2854
3 2537 2858 2536
3 2856 2539 2531
3 2539 2856 2533
3 2857 2541 2535
3 2857 2858 2859
3 2542 2857 2859
3 2860 2542 2859
3 2857 2542 2541
3 2858 2537 2859
3 2537 2861 2859
3 2537 2543 2861
3 2863 2545 2862
3 2545 2860 2862
3 2545 2542 2860
3 2862 2861 2863
3 2861 2546 2863
3 2861 2543 2546
3 2864 2548 2863
3 2863 2548 2545
3 2550 2864 2546
3 2546 2864 2863
3 2865 2551 2552
3 2554 2865 2552
3 2864 2555 2548
3 2555 2864 2550
3 2866 2557 2558
3 2559 2867 2558
3 2558 2867 2866
3 2551 2865 2559
3 2865 2867 2559
3 2865 2868 2867
3 2561 2868 2554
3 2554 2868 2865
3 2869 2562 2563
3 2870 2869 2563
3 2870 2563 2557
3 2871 2870 2557
3 2866 2871 2557
3 2873 2872 2871
3 2866 2873 2871
3 2867 2873 2866
3 2874 2867 2868
3 2873 2867 2874
3 2565 2874 2561
3 2561 2874 2868
3 2875 2567 2568
3 2569 2876 2568
3 2568 2876 2875
3 2570 2877 2569
3 2569 2877 2876
3 2562 2869 2570
3 2869 2877 2570
3 2869 2878 2877
3 2869 2870 2879
3 2869 2879 2878
3 2880 2872 2873
3 2882 2881 2880
3 2873 2882 2880
3 2874 2882 2873
3 2571 2882 2565
3 2565 2882 2874
3 2883 2572 2573
3 2884 2883 2573
3 2884 2573 2567
3 2885 2884 2567
3 2875 2885 2567
3 2887 2886 2885
3 2875 2887 2885
3 2876 2887 2875
3 2576 2887 2575
3 2887 2877 2575
3 2887 2876 2877
3 2575 2877 2577
3 2577 2877 2878
3 2889 2888 2578
3 2889 2578 2577
3 2879 2889 2577
3 2878 2879 2577
3 2890 2888 2889
3 2881 2882 2891
3 2881 2891 2892
3 2580 2891 2571
3 2571 2891 2882
3 2894 2893 2883
3 2893 2572 2883
3 2893 2581 2572
3 2894 2883 2884
3 2886 2887 2895
3 2886 2895 2896
3 2582 2895 2576
3 2576 2895 2887
3 2888 2583 2578
3 2898 2897 2585
3 2898 2585 2583
3 2890 2898 2583
3 2888 2890 2583
3 2892 2891 2899
3 2898 2900 2897
3 2891 2580 2899
3 2580 2901 2899
3 2580 2587 2901
3 2903 2588 2902
3 2588 2893 2902
3 2588 2581 2893
3 2905 2904 2903
3 2905 2903 2902
3 2904 2905 2896
3 2904 2896 2895
3 2590 2904 2895
3 2589 2590 2895
3 2589 2895 2582
3 2897 2591 2585
3 2907 2906 2593
3 2907 2593 2591
3 2900 2907 2591
3 2897 2900 2591
3 2909 2908 2594
3 2908 2910 2594
3 2906 2594 2910
3 2594 2906 2587
3 2907 2587 2906
3 2587 2907 2908
3 2908 2901 2587
3 2909 2901 2908
3 2908 2907 2910
3 2911 2594 2596
3 2911 2909 2594
3 2596 2598 2911
3 2911 2598 2912
3 2903 2599 2588
3 2599 2903 2600
3 2600 2903 2904
3 2600 2904 2590
3 2906 2601 2593
3 2914 2913 2603
3 2914 2603 2601
3 2910 2914 2601
3 2906 2910 2601
3 2605 2604 2913
3 2914 2605 2913
3 2915 2605 2914
3 2598 2605 2912
3 2912 2605 2915
3 2916 2606 2607
3 2608 2916 2607
3 2918 2917 2916
3 2917 2606 2916
3 2917 2610 2606
3 2918 2916 2608
3 2611 2918 2608
3 2919 2918 2611
3 2920 2611 2612
3 2920 2919 2611
3 2612 2613 2920
3 2920 2613 2921
3 2922 2614 2615
3 2923 2922 2615
3 2610 2923 2615
3 2917 2923 2610
3 2613 2616 2924
3 2925 2613 2924
3 2921 2613 2925
3 2617 2924 2616
3 2926 2618 2619
3 2620 2927 2619
3 2619 2927 2926
3 2927 2620 2928
3 2620 2929 2928
3 2620 2621 2929
3 2930 2621 2622
3 2930 2929 2621
3 2931 2622 2623
3 2931 2930 2622
3 2932 2623 2624
3 2932 2931 2623
3 2934 2932 2933
3 2932 2625 2933
3 2932 2624 2625
3 2626 2935 2625
3 2625 2935 2933
3 2628 2935 2626
3 2936 2630 2922
3 2922 2630 2614
3 2922 2923 2937
3 2922 2937 2936
3 2940 2939 2938
3 2938 2939 2925
3 2924 2938 2925
3 2941 2938 2924
3 2632 2941 2617
3 2617 2941 2924
3 2942 2633 2634
3 2943 2942 2634
3 2943 2634 2618
3 2944 2943 2618
3 2926 2944 2618
3 2944 2926 2927
3 2944 2927 2945
3 2945 2927 2928
3 2946 2934 2933
3 2946 2933 2935
3 2946 2935 2947
3 2949 2947 2948
3 2948 2947 2635
3 2947 2935 2635
3 2935 2628 2635
3 2636 2950 2635
3 2635 2950 2948
3 2630 2936 2636
3 2936 2950 2636
3 2936 2951 2950
3 2936 2937 2952
3 2953 2936 2952
3 2951 2936 2953
3 2955 2954 2953
3 2955 2953 2952
3 2954 2955 2940
3 2938 2954 2940
3 2956 2954 2938
3 2639 2956 2638
3 2956 2941 2638
3 2956 2938 2941
3 2638 2941 2632
3 2957 2643 2644
3 2958 2957 2644
3 2958 2644 2633
3 2959 2958 2633
3 2942 2959 2633
3 2959 2942 2943
3 2949 2948 2960
3 2949 2960 2961
3 2962 2948 2950
3 2960 2948 2962
3 2647 2962 2646
3 2962 2951 2646
3 2962 2950 2951
3 2646 2951 2648
3 2951 2963 2648
3 2951 2953 2963
3 2651 2963 2650
3 2963 2954 2650
3 2963 2953 2954
3 2650 2954 2653
3 2653 2954 2956
3 2653 2956 2639
3 2964 2658 2659
3 2965 2964 2659
3 2965 2659 2643
3 2966 2965 2643
3 2957 2966 2643
3 2966 2957 2958
3 2961 2960 2967
3 2961 2967 2968
3 2969 2960 2962
3 2967 2960 2969
3 2661 2969 2647
3 2647 2969 2962
3 2963 2662 2648
3 2662 2963 2651
3 2970 2671 2670
3 2672 2970 2670
3 2971 2673 2674
3 2658 2964 2674
3 2964 2971 2674
3 2964 2972 2971
3 2964 2965 2973
3 2964 2973 2972
3 2974 2968 2967
3 2976 2975 2974
3 2967 2976 2974
3 2969 2976 2967
3 2676 2976 2661
3 2661 2976 2969
3 2977 2681 2682
3 2683 2978 2682
3 2682 2978 2977
3 2684 2979 2683
3 2683 2979 2978
3 2671 2970 2684
3 2970 2979 2684
3 2970 2980 2979
3 2685 2981 2672
3 2981 2970 2672
3 2981 2980 2970
3 2686 2981 2685
3 2982 2687 2688
3 2673 2971 2688
3 2971 2982 2688
3 2971 2983 2982
3 2972 2985 2984
3 2983 2972 2984
3 2971 2972 2983
3 2985 2972 2973
3 2975 2976 2986
3 2975 2986 2987
3 2689 2988 2676
3 2988 2976 2676
3 2988 2986 2976
3 2690 2988 2689
3 2989 2693 2694
3 2695 2990 2694
3 2694 2990 2989
3 2681 2977 2695
3 2977 2990 2695
3 2977 2991 2990
3 2992 2977 2978
3 2991 2977 2992
3 2993 2978 2979
3 2992 2978 2993
3 2994 2979 2980
3 2993 2979 2994
3 2995 2980 2981
3 2994 2980 2995
3 2696 2996 2686
3 2996 2981 2686
3 2996 2995 2981
3 2697 2996 2696
3 2997 2699 2982
3 2982 2699 2687
3 2998 2982 2983
3 2997 2982 2998
3 2983 2984 2999
3 2983 2999 2998
3 2987 2986 3000
3 2987 3000 3001
3 3002 2986 2988
3 3000 2986 3002
3 2701 3002 2690
3 2690 3002 2988
3 3003 2702 2703
3 2693 2989 2703
3 2989 3003 2703
3 2989 3004 3003
3 3005 2989 2990
3 3004 2989 3005
3 3006 2990 2991
3 3005 2990 3006
3 3007 2991 2992
3 3006 2991 3007
3 3008 2992 2993
3 3007 2992 3008
3 3009 2993 2994
3 3008 2993 3009
3 3010 2994 2995
3 3009 2994 3010
3 3011 2995 2996
3 3010 2995 3011
3 2704 3012 2697
3 3012 2996 2697
3 3012 3011 2996
3 2705 3012 2704
3 3013 2707 2997
3 2997 2707 2699
3 3014 2997 2998
3 3013 2997 3014
3 2998 2999 3015
3 2998 3015 3014
3 3001 3000 3016
3 3001 3016 3017
3 3018 3000 3002
3 3016 3000 3018
3 2708 3019 2701
3 3019 3002 2701
3 3019 3018 3002
3 2702 3003 2708
3 3003 3019 2708
3 3003 3020 3019
3 3021 3003 3004
3 3020 3003 3021
3 3022 3004 3005
3 3021 3004 3022
3 3006 3024 3023
3 3022 3006 3023
3 3005 3006 3022
3 3024 3006 3007
3 3024 3007 3025
3 3027 3026 3025
3 3007 3027 3025
3 3008 3027 3007
3 3028 3008 3009
3 3027 3008 3028
3 3029 3009 3010
3 3028 3009 3029
3 3030 3010 3011
3 3029 3010 3030
3 2711 3030 2710
3 3030 3012 2710
3 3030 3011 3012
3 2714 2710 3031
3 2710 3012 3031
3 2705 2713 3031
3 2705 3031 3012
3 2715 3032 2713
3 2713 3032 3031
3 3033 2718 3013
3 3013 2718 2707
3 3034 3013 3014
3 3033 3013 3034
3 3014 3015 3035
3 3014 3035 3034
3 3038 3037 3036
3 3036 3037 3017
3 3016 3036 3017
3 3039 3036 3016
3 2721 3039 2720
3 3039 3018 2720
3 3039 3016 3018
3 2720 3018 2722
3 3018 3040 2722
3 3018 3019 3040
3 3041 3019 3020
3 3040 3019 3041
3 3042 3020 3021
3 3041 3020 3042
3 3022 3044 3043
3 3042 3022 3043
3 3021 3022 3042
3 3044 3022 3023
3 3026 3027 3045
3 3026 3045 3046
3 2725 3045 2724
3 3045 3028 2724
3 3045 3027 3028
3 2724 3028 2727
3 2727 3028 3029
3 2727 3029 2729
3 2729 3029 3030
3 2729 3030 2711
3 3031 2731 2714
3 2731 3031 2733
3 2733 3031 3032
3 3047 2739 3033
3 3033 2739 2718
3 3048 3033 3034
3 3047 3033 3048
3 3034 3035 3049
3 3034 3049 3048
3 3052 3051 3050
3 3050 3051 3038
3 3036 3050 3038
3 3053 3050 3036
3 3054 3036 3039
3 3053 3036 3054
3 2741 3054 2721
3 2721 3054 3039
3 3055 2742 3040
3 3040 2742 2722
3 3056 3040 3041
3 3055 3040 3056
3 3057 3041 3042
3 3056 3041 3057
3 3042 3043 3058
3 3042 3058 3057
3 3046 3045 3059
3 3046 3059 3060
3 2744 3059 2725
3 2725 3059 3045
3 3061 2746 2747
3 3061 2747 3062
3 2747 3063 3062
3 2747 2748 3063
3 3064 2748 2749
3 3064 3063 2748
3 3066 3064 3065
3 3064 2750 3065
3 3064 2749 2750
3 2752 3065 2750
3 3067 2757 3047
3 3047 2757 2739
3 3068 3047 3048
3 3067 3047 3068
3 3048 3049 3069
3 3048 3069 3068
3 3072 3071 3070
3 3074 3073 3070
3 3074 3070 3071
3 3073 3074 3052
3 3050 3073 3052
3 3075 3073 3050
3 3076 3050 3053
3 3075 3050 3076
3 2760 3076 2759
3 3076 3054 2759
3 3076 3053 3054
3 2759 3054 2741
3 3077 2762 3055
3 3055 2762 2742
3 3078 3055 3056
3 3077 3055 3078
3 3079 3056 3057
3 3078 3056 3079
3 3057 3058 3080
3 3057 3080 3079
3 3060 3059 3081
3 3060 3081 3082
3 2763 3081 2744
3 2744 3081 3059
3 3083 2764 3061
3 3061 2764 2746
3 3061 3062 3084
3 3061 3084 3083
3 3066 3065 3085
3 3066 3085 3086
3 2766 3085 2752
3 2752 3085 3065
3 3067 2768 2757
3 2768 3067 2770
3 3067 3087 2770
3 3067 3068 3087
3 3068 3069 3088
3 3089 3068 3088
3 3087 3068 3089
3 3090 3089 3088
3 3093 3092 3091
3 3091 3092 3072
3 3070 3091 3072
3 3094 3091 3070
3 3095 3070 3073
3 3094 3070 3095
3 2773 3095 2772
3 3095 3075 2772
3 3095 3073 3075
3 2772 3075 2775
3 2775 3075 3076
3 2775 3076 2760
3 3096 2778 3077
3 3077 2778 2762
3 3097 3077 3078
3 3096 3077 3097
3 3098 3078 3079
3 3097 3078 3098
3 3079 3080 3099
3 3079 3099 3098
3 3102 3101 3100
3 3100 3101 3082
3 3100 3082 3081
3 2781 3100 3081
3 2780 2781 3081
3 2780 3081 2763
3 3083 2782 2764
3 3104 3103 2783
3 3104 2783 2782
3 3084 3104 2782
3 3083 3084 2782
3 3105 3103 3104
3 3086 3085 3106
3 3086 3106 3107
3 2785 3106 2766
3 2766 3106 3085
3 3087 2787 2770
3 2787 3087 2789
3 3087 3108 2789
3 3087 3089 3108
3 3089 3090 3109
3 3110 3089 3109
3 3108 3089 3110
3 3111 3110 3109
3 3114 3113 3112
3 3116 3115 3112
3 3116 3112 3113
3 3118 3117 3115
3 3118 3115 3116
3 3117 3118 3093
3 3091 3117 3093
3 3119 3117 3091
3 2792 3119 2791
3 3119 3094 2791
3 3119 3091 3094
3 2791 3094 2794
3 2794 3094 3095
3 2794 3095 2773
3 3096 2797 2778
3 2797 3096 2799
3 3096 3120 2799
3 3096 3097 3120
3 3121 3097 3098
3 3120 3097 3121
3 3098 3099 3122
3 3123 3098 3122
3 3121 3098 3123
3 3125 3124 3123
3 3125 3123 3122
3 3124 3125 3102
3 3100 3124 3102
3 3126 3124 3100
3 2800 3126 2781
3 2781 3126 3100
3 3127 2801 3103
3 3103 2801 2783
3 3103 3105 3128
3 3103 3128 3127
3 3107 3106 3129
3 3107 3129 3130
3 2803 3129 2785
3 2785 3129 3106
3 3108 2806 2789
3 2806 3108 2808
3 3108 3131 2808
3 3108 3110 3131
3 3110 3111 3132
3 3133 3110 3132
3 3131 3110 3133
3 3135 3134 3133
3 3135 3133 3132
3 3134 3135 3114
3 3112 3134 3114
3 3136 3134 3112
3 3137 3112 3115
3 3136 3112 3137
3 2811 3137 2810
3 3137 3117 2810
3 3137 3115 3117
3 2810 3117 2813
3 2813 3117 3119
3 2813 3119 2792
3 3120 2817 2799
3 2817 3120 2818
3 3120 3138 2818
3 3120 3121 3138
3 3139 3121 3123
3 3138 3121 3139
3 2821 3139 2820
3 3139 3124 2820
3 3139 3123 3124
3 2820 3124 2822
3 2822 3124 3126
3 2822 3126 2800
3 3127 2823 2801
3 2825 2823 3127
3 3128 2825 3127
3 3140 2825 3128
3 3130 3129 3141
3 3130 3141 3142
3 2826 3141 2803
3 2803 3141 3129
3 3131 2829 2808
3 2829 3131 2831
3 3131 3143 2831
3 3131 3133 3143
3 3144 3133 3134
3 3143 3133 3144
3 2834 3144 2833
3 3144 3136 2833
3 3144 3134 3136
3 2833 3136 2836
3 2836 3136 3137
3 2836 3137 2811
3 3138 2839 2818
3 2839 3138 2841
3 3138 3145 2841
3 3138 3139 3145
3 2842 3145 2821
3 2821 3145 3139
3 3147 2843 3146
3 2843 3140 3146
3 2843 2825 3140
3 3147 3146 3142
3 3141 3147 3142
3 3148 3147 3141
3 2844 3148 2826
3 2826 3148 3141
3 3143 2846 2831
3 2846 3143 2848
3 2848 3143 3144
3 2848 3144 2834
3 3145 2850 2841
3 2850 3145 2842
3 3147 2852 2843
3 2852 3147 2855
3 2855 3147 3148
3 2855 3148 2844
3 3149 2860 2859
3 2861 3149 2859
3 3149 2862 2860
3 2862 3149 2861
3 3150 2870 2871
3 2872 3150 2871
3 3151 2879 3150
3 3150 2879 2870
3 2880 3152 2872
3 3152 3150 2872
3 3152 3151 3150
3 2881 3152 2880
3 3153 2884 2885
3 2886 3153 2885
3 3151 2889 2879
3 2889 3151 2890
3 3151 3154 2890
3 3151 3152 3154
3 2892 3154 2881
3 2881 3154 3152
3 3155 2893 2894
3 2884 3153 2894
3 3153 3155 2894
3 3153 3156 3155
3 2896 3156 2886
3 2886 3156 3153
3 3154 2898 2890
3 2900 2898 3157
3 2898 3154 3157
3 2892 2899 3157
3 2892 3157 3154
3 2901 3157 2899
3 3155 2902 2893
3 2902 3155 2905
3 2905 3155 3156
3 2905 3156 2896
3 3157 2907 2900
3 2910 2907 3158
3 2907 3157 3158
3 2901 2909 3158
3 2901 3158 3157
3 2911 3159 2909
3 2909 3159 3158
3 2912 3159 2911
3 3158 2914 2910
3 2914 3158 2915
3 2915 3158 3159
3 2915 3159 2912
3 3160 2917 2918
3 2919 3161 2918
3 2918 3161 3160
3 2920 3162 2919
3 2919 3162 3161
3 2921 3162 2920
3 3163 2923 3160
3 3160 2923 2917
3 3164 3160 3161
3 3163 3160 3164
3 3165 3161 3162
3 3164 3161 3165
3 2925 3165 2921
3 2921 3165 3162
3 3166 2928 2929
3 2930 3167 2929
3 2929 3167 3166
3 2931 3168 2930
3 2930 3168 3167
3 2932 3169 2931
3 2931 3169 3168
3 2934 3169 2932
3 3170 2937 3163
3 3163 2937 2923
3 3171 3163 3164
3 3170 3163 3171
3 2940 3171 2939
3 3171 3165 2939
3 3171 3164 3165
3 2939 3165 2925
3 3172 2943 2944
3 2945 3173 2944
3 2944 3173 3172
3 2928 3166 2945
3 3166 3173 2945
3 3166 3174 3173
3 3167 3176 3175
3 3174 3167 3175
3 3166 3167 3174
3 3176 3167 3168
3 3176 3168 3177
3 3177 3168 3169
3 3177 3169 3178
3 3180 3178 3179
3 3179 3178 2946
3 3178 3169 2946
3 3169 2934 2946
3 2947 3181 2946
3 2946 3181 3179
3 2949 3181 2947
3 3170 2952 2937
3 2952 3170 2955
3 2955 3170 3171
3 2955 3171 2940
3 3182 2958 2959
3 2943 3172 2959
3 3172 3182 2959
3 3172 3183 3182
3 3184 3172 3173
3 3183 3172 3184
3 3174 3186 3185
3 3184 3174 3185
3 3173 3174 3184
3 3186 3174 3175
3 3180 3179 3187
3 3180 3187 3188
3 3189 3179 3181
3 3187 3179 3189
3 2961 3189 2949
3 2949 3189 3181
3 3190 2965 2966
3 2958 3182 2966
3 3182 3190 2966
3 3182 3191 3190
3 3192 3182 3183
3 3191 3182 3192
3 3193 3183 3184
3 3192 3183 3193
3 3184 3185 3194
3 3195 3184 3194
3 3193 3184 3195
3 3196 3195 3194
3 3188 3187 3197
3 3188 3197 3198
3 3199 3187 3189
3 3197 3187 3199
3 2968 3199 2961
3 2961 3199 3189
3 3200 2973 3190
3 3190 2973 2965
3 3201 3190 3191
3 3200 3190 3201
3 3202 3191 3192
3 3201 3191 3202
3 3203 3192 3193
3 3202 3192 3203
3 3204 3193 3195
3 3203 3193 3204
3 3195 3196 3205
3 3206 3195 3205
3 3204 3195 3206
3 3208 3207 3206
3 3208 3206 3205
3 3210 3209 3207
3 3210 3207 3208
3 3209 3210 3198
3 3197 3209 3198
3 3211 3209 3197
3 3212 3197 3199
3 3211 3197 3212
3 2974 3213 2968
3 3213 3199 2968
3 3213 3212 3199
3 2975 3213 2974
3 3214 2984 2985
3 2973 3200 2985
3 3200 3214 2985
3 3200 3215 3214
3 3216 3200 3201
3 3215 3200 3216
3 3217 3201 3202
3 3216 3201 3217
3 3218 3202 3203
3 3217 3202 3218
3 3219 3203 3204
3 3218 3203 3219
3 3220 3204 3206
3 3219 3204 3220
3 3221 3206 3207
3 3220 3206 3221
3 3222 3207 3209
3 3221 3207 3222
3 3223 3209 3211
3 3222 3209 3223
3 3224 3211 3212
3 3223 3211 3224
3 3225 3212 3213
3 3224 3212 3225
3 2987 3225 2975
3 2975 3225 3213
3 3226 2999 3214
3 3214 2999 2984
3 3227 3214 3215
3 3226 3214 3227
3 3228 3215 3216
3 3227 3215 3228
3 3229 3216 3217
3 3228 3216 3229
3 3230 3217 3218
3 3229 3217 3230
3 3231 3218 3219
3 3230 3218 3231
3 3232 3219 3220
3 3231 3219 3232
3 3233 3220 3221
3 3232 3220 3233
3 3234 3221 3222
3 3233 3221 3234
3 3235 3222 3223
3 3234 3222 3235
3 3236 3223 3224
3 3235 3223 3236
3 3237 3224 3225
3 3236 3224 3237
3 3001 3237 2987
3 2987 3237 3225
3 3238 3015 3226
3 3226 3015 2999
3 3239 3226 3227
3 3238 3226 3239
3 3240 3227 3228
3 3239 3227 3240
3 3241 3228 3229
3 3240 3228 3241
3 3242 3229 3230
3 3241 3229 3242
3 3243 3230 3231
3 3242 3230 3243
3 3244 3231 3232
3 3243 3231 3244
3 3245 3232 3233
3 3244 3232 3245
3 3246 3233 3234
3 3245 3233 3246
3 3247 3234 3235
3 3246 3234 3247
3 3248 3235 3236
3 3247 3235 3248
3 3249 3236 3237
3 3248 3236 3249
3 3017 3249 3001
3 3001 3249 3237
3 3250 3023 3024
3 3025 3251 3024
3 3024 3251 3250
3 3026 3251 3025
3 3252 3035 3238
3 3238 3035 3015
3 3253 3238 3239
3 3252 3238 3253
3 3254 3239 3240
3 3253 3239 3254
3 3255 3240 3241
3 3254 3240 3255
3 3256 3241 3242
3 3255 3241 3256
3 3257 3242 3243
3 3256 3242 3257
3 3258 3243 3244
3 3257 3243 3258
3 3259 3244 3245
3 3258 3244 3259
3 3260 3245 3246
3 3259 3245 3260
3 3261 3246 3247
3 3260 3246 3261
3 3262 3247 3248
3 3261 3247 3262
3 3038 3262 3037
3 3262 3249 3037
3 3262 3248 3249
3 3037 3249 3017
3 3263 3043 3044
3 3023 3250 3044
3 3250 3263 3044
3 3250 3264 3263
3 3265 3250 3251
3 3264 3250 3265
3 3046 3265 3026
3 3026 3265 3251
3 3266 3049 3252
3 3252 3049 3035
3 3267 3252 3253
3 3266 3252 3267
3 3268 3253 3254
3 3267 3253 3268
3 3269 3254 3255
3 3268 3254 3269
3 3270 3255 3256
3 3269 3255 3270
3 3271 3256 3257
3 3270 3256 3271
3 3272 3257 3258
3 3271 3257 3272
3 3273 3258 3259
3 3272 3258 3273
3 3274 3259 3260
3 3273 3259 3274
3 3275 3260 3261
3 3274 3260 3275
3 3052 3275 3051
3 3275 3262 3051
3 3275 3261 3262
3 3051 3262 3038
3 3276 3058 3263
3 3263 3058 3043
3 3277 3263 3264
3 3276 3263 3277
3 3278 3264 3265
3 3277 3264 3278
3 3060 3278 3046
3 3046 3278 3265
3 3279 3062 3063
3 3064 3280 3063
3 3063 3280 3279
3 3066 3280 3064
3 3281 3069 3266
3 3266 3069 3049
3 3282 3266 3267
3 3281 3266 3282
3 3283 3267 3268
3 3282 3267 3283
3 3284 3268 3269
3 3283 3268 3284
3 3285 3269 3270
3 3284 3269 3285
3 3286 3270 3271
3 3285 3270 3286
3 3287 3271 3272
3 3286 3271 3287
3 3288 3272 3273
3 3287 3272 3288
3 3072 3288 3071
3 3288 3274 3071
3 3288 3273 3274
3 3071 3274 3074
3 3074 3274 3275
3 3074 3275 3052
3 3289 3080 3276
3 3276 3080 3058
3 3290 3276 3277
3 3289 3276 3290
3 3291 3277 3278
3 3290 3277 3291
3 3082 3291 3060
3 3060 3291 3278
3 3292 3084 3279
3 3279 3084 3062
3 3293 3279 3280
3 3292 3279 3293
3 3086 3293 3066
3 3066 3293 3280
3 3281 3088 3069
3 3088 3281 3090
3 3281 3294 3090
3 3281 3282 3294
3 3295 3282 3283
3 3294 3282 3295
3 3296 3283 3284
3 3295 3283 3296
3 3297 3284 3285
3 3296 3284 3297
3 3298 3285 3286
3 3297 3285 3298
3 3299 3286 3287
3 3298 3286 3299
3 3093 3299 3092
3 3299 3288 3092
3 3299 3287 3288
3 3092 3288 3072
3 3300 3099 3289
3 3289 3099 3080
3 3301 3289 3290
3 3300 3289 3301
3 3102 3301 3101
3 3301 3291 3101
3 3301 3290 3291
3 3101 3291 3082
3 3292 3104 3084
3 3104 3292 3105
3 3292 3302 3105
3 3292 3293 3302
3 3107 3302 3086
3 3086 3302 3293
3 3294 3109 3090
3 3109 3294 3111
3 3294 3303 3111
3 3294 3295 3303
3 3304 3295 3296
3 3303 3295 3304
3 3114 3304 3113
3 3304 3297 3113
3 3304 3296 3297
3 3113 3297 3116
3 3116 3297 3298
3 3116 3298 3118
3 3118 3298 3299
3 3118 3299 3093
3 3300 3122 3099
3 3122 3300 3125
3 3125 3300 3301
3 3125 3301 3102
3 3305 3128 3302
3 3302 3128 3105
3 3130 3305 3107
3 3107 3305 3302
3 3303 3132 3111
3 3132 3303 3135
3 3135 3303 3304
3 3135 3304 3114
3 3306 3140 3305
3 3305 3140 3128
3 3142 3306 3130
3 3130 3306 3305
3 3306 3146 3140
3 3146 3306 3142