OFF
2545 5010 0
1.2877249183 1.5443453014 15.7791491403
1.4646990907 1.4273008705 14.9414947058
1.8820641053 1.0543033271 15.6185527096
1.7032502964 1.0377639315 16.6732186474
1.2290875648 1.4570576435 16.9543796314
1.6357516692 1.0093910858 17.7282869196
1.2001544368 1.4258930801 18.0127050452
1.6093143479 0.9992643519 18.7557844835
1.1888601220 1.4198035142 19.0357259566
1.5881975513 1.0057081865 19.7397364124
1.1795352893 1.4292661052 20.0101347007
1.5443260944 1.0336450638 20.6249980571
1.1638309112 1.4524229214 20.8654364740
1.4518548255 1.0898056641 21.3139718781
1.1513314297 1.4700891158 21.4806682129
1.3436390808 1.1562134545 21.6971834657
1.4458751157 2.1869039052 13.0277541326
1.5445029373 2.5131496026 12.6270667851
1.8954204419 2.0373500587 12.6775191721
1.5924324019 1.8515365130 13.3393806273
1.3167384238 2.1165418155 13.6819061815
1.5843923890 1.5863988322 14.1189917698
1.2264421839 1.9882290666 14.6889848389
1.1078159185 2.1558571250 15.5327034491
1.0805643179 2.0472531236 16.3976530866
1.0572547226 2.0001573818 17.4222918019
1.0473253851 1.9840611591 18.4517215716
1.0446370767 1.9815693550 19.4593163964
1.0450673591 1.9838526745 20.3976935582
1.0509241054 1.9818816027 21.1611436708
1.1904012298 1.3942768230 21.7548341282
1.0726466451 1.9658198561 21.5933983555
1.3375965962 2.6460346060 13.2310983896
1.2334003897 2.6707460670 14.1170952125
1.1722816800 2.6924906336 15.0718500760
1.1349139794 2.7024214416 16.0194280254
1.1184372668 2.6742273061 17.0037755469
1.1106826107 2.6574425540 18.0226982816
1.1085626781 2.6492415208 19.0378602096
1.1088158128 2.6380839707 20.0095757757
1.1086986606 2.6086322395 20.8546162480
1.1060008396 2.5504671304 21.4378983472
1.1037946605 2.5138182972 21.6446371029
1.8209072188 1.2124104516 14.7475953848
2.1001552976 1.2600514588 14.2839207695
2.4817923071 0.9931482569 15.0208374208
2.5985340782 0.8077747814 15.8773776694
2.4173118080 0.7764202368 16.6159717986
2.3243140064 0.7556613941 17.5899292915
2.2822369081 0.7456837939 18.6024063516
2.2483803483 0.7473529226 19.5827133131
2.1916825999 0.7664703330 20.4667232088
2.0567733609 0.8178484430 21.1612261688
1.7515558300 0.9328365358 21.5891880186
1.3929802155 1.1180678768 21.8026069946
1.9104615319 2.6958889130 11.9534553104
2.4187861694 2.6059694800 11.2918120572
2.5948329982 2.1111616839 11.9936536335
2.5884941537 1.7287699792 12.8352847967
2.1812833054 1.5430564823 13.5333565991
2.1324241201 3.2759812855 11.1335653400
2.4375146805 3.4796905004 10.4792407976
2.7977721273 2.9260063414 10.6212331876
1.7602460932 3.4940267073 11.8950124324
1.5270431149 3.2656234321 12.7058076889
1.3610507057 3.3767086727 13.7376110594
1.3038721728 3.4159730324 14.7311708702
1.2798108258 3.4301238917 15.7280946107
1.2683431315 3.4282635813 16.7314543700
1.2637779837 3.4192077873 17.7466131643
1.2632486890 3.4098608196 18.7608109344
1.2648915860 3.3927507100 19.7410349775
1.2634480856 3.3455734515 20.6168810638
1.2469121414 3.2315487436 21.2658032607
1.2039613121 3.0259187315 21.5658534291
2.1713277516 3.8956035770 10.7759512294
1.8734962901 4.2620108627 11.5454551468
2.1729600170 4.6554273672 10.8203781262
1.6181592414 4.2391706328 12.5409258037
1.4894115397 4.2226097338 13.5203820516
1.4321521133 4.2524818337 14.5371592938
1.4131210602 4.2687143688 15.5556878385
1.4067309993 4.2729118646 16.5754326011
1.4053164196 4.2699664366 17.5960956661
1.4081033933 4.2602415053 18.6097180964
1.4154580470 4.2374093314 19.5878966849
1.4260260928 4.1896912695 20.4696538196
1.4213423306 4.0633349145 21.1398366958
1.3709370301 3.7823979718 21.4610044596
1.8861884399 5.3722211738 11.6055539984
2.2072203233 5.6438683543 10.8759943674
1.6776945945 5.2258696835 12.4730553240
1.5614090628 5.1914254214 13.4453965789
1.5122641374 5.1910813018 14.4542695154
1.4957003751 5.1998793050 15.4783916769
1.4915759307 5.2040853244 16.5048064053
1.4925739382 5.2028293739 17.5295525801
1.5000358707 5.1923839830 18.5444605842
1.5185203669 5.1599287713 19.5220340403
1.5474051017 5.0912907331 20.3919267484
1.5934772876 5.0232606714 21.0771068502
1.5752138139 4.7598599004 21.4113843044
1.9019948468 6.4125248370 11.6522000699
2.2171416210 6.6753153963 10.9373010460
1.6988165669 6.2646692277 12.4902600964
1.5921147642 6.2048305639 13.4313769731
1.5472445966 6.1911634751 14.4312300710
1.5326657062 6.1913980602 15.4530713619
1.5294884089 6.1932059775 16.4805859364
1.5318535718 6.1921848017 17.5065407402
1.5439366732 6.1823870557 18.5222402990
1.5781302384 6.1455552898 19.5044006117
1.6444997568 6.0462038215 20.3920427926
1.7029708596 5.8446777041 20.9991093009
1.9214348319 6.0997533754 21.5068675354
1.9076812157 7.4445556399 11.6785404937
2.2209417975 7.7043960951 10.9632790447
1.7062633820 7.2983015030 12.5084610013
1.6015707279 7.2344311333 13.4376008041
1.5585342814 7.2143058333 14.4288778420
1.5448296284 7.2105101091 15.4476975205
1.5420803972 7.2103740775 16.4745086580
1.5450686265 7.2092415024 17.5002687676
1.5600993864 7.2011248495 18.5150447855
1.6071648156 7.1680318885 19.4970585047
1.7178904210 7.0706018059 20.4069643142
1.9210189613 6.8479403635 21.2125018377
2.3095924333 7.0334990371 21.7709133245
2.5901931876 6.9838313134 21.9538996117
1.9086221537 8.4752103032 11.6864624068
2.2189258885 8.7368759277 10.9647000104
1.7081280857 8.3289868588 12.5163983611
1.6039054173 8.2648300590 13.4425929047
1.5612454209 8.2433639873 14.4305397150
1.5478038143 8.2381292633 15.4473589403
1.5452009638 8.2371354709 16.4733807930
1.5484167310 8.2358386638 17.4986182595
1.5646730287 8.2288802088 18.5119907982
1.6179472937 8.1999947367 19.4891736104
1.7513359121 8.1125636908 20.3857645530
2.0108955032 7.9253026873 21.1458773132
2.4148680367 7.7008493970 21.7069002953
1.9055940079 9.5085460063 11.6820616007
2.2054783228 9.7750926842 10.9439188703
1.7079014193 9.3597314443 12.5172195606
1.6042736854 9.2948222669 13.4441402195
1.5617448090 9.2730567679 14.4314782080
1.5483741764 9.2674394053 15.4475621436
1.5458583633 9.2659262201 16.4728992398
1.5492164387 9.2641394034 17.4971690511
1.5659105267 9.2574284235 18.5089872700
1.6213417409 9.2305353541 19.4828605088
1.7640923803 9.1458158722 20.3700741048
2.0521854723 8.9466955389 21.1081643873
2.5118117111 8.6034852059 21.6502073267
1.8929973590 10.5473179759 11.6608483336
2.1652292877 10.8154817607 10.8856436410
1.7050158912 10.3930781918 12.5116631996
1.6038396791 10.3253764798 13.4433132712
1.5617705776 10.3028228607 14.4315568001
1.5485363622 10.2969111947 15.4475500108
1.5462692941 10.2946621821 16.4722005193
1.5500238218 10.2909955419 17.4942617166
1.5672017380 10.2825313945 18.5018925239
1.6233886709 10.2567457447 19.4712837443
1.7687466760 10.1751462426 20.3539959295
2.0682003200 9.9722353385 21.0831406546
2.5626373027 9.5880724415 21.6104852272
1.8587041401 11.5924178828 11.6080998572
2.0746993898 11.7928390273 10.8052572411
1.6950434383 11.4324402059 12.4946041458
1.6017252828 11.3580471112 13.4392545611
1.5614770789 11.3330439035 14.4308478805
1.5486723569 11.3264966035 15.4473540371
1.5470382467 11.3233872209 16.4714831343
1.5522640205 11.3160676625 17.4907148568
1.5708381405 11.2987976687 18.4886127686
1.6280133398 11.2695005769 19.4432597118
1.7737981749 11.1964755105 20.3174380980
2.0739053154 11.0016607116 21.0445292852
2.5809161934 10.6114589946 21.5670338395
1.7958608000 12.6958728690 11.4709417403
1.9926233611 12.5278571277 10.6283270375
1.6713686652 12.4840268896 12.4618483016
1.5955309392 12.3946192732 13.4307899840
1.5603458625 12.3643009656 14.4289946174
1.5487122891 12.3563071606 15.4468336358
1.5481094199 12.3526294953 16.4706623762
1.5565686002 12.3423227858 17.4880701250
1.5816717425 12.3106486830 18.4779899319
1.6391202906 12.2451260635 19.3966299925
1.7862240028 12.1871931257 20.2345416470
2.0827424389 12.0266457371 20.9609336539
2.5803301449 11.6485857077 21.4872016372
2.2313357588 13.7238266287 8.9094526291
2.5463937457 13.9495752713 8.2561991444
2.6309328342 13.1629343283 8.3517865897
2.3438056267 12.9211173464 9.1478701032
1.9947495260 13.6285918375 9.7659504782
2.1277562009 12.7525918078 9.9774811303
1.8254242143 13.4493962735 10.7707118558
1.6750058816 13.7086826592 11.7121225468
1.6294096294 13.5226415754 12.4717917772
1.5830270781 13.4307784409 13.4258881700
1.5576084683 13.3961776900 14.4268263725
1.5484847142 13.3861201510 15.4457977710
1.5491307571 13.3818908297 16.4688144971
1.5614737181 13.3714993543 17.4841003485
1.5992373744 13.3337428839 18.4719684685
1.6825269598 13.2257660343 19.3885592627
1.7902648475 12.9987939017 20.0786838980
2.1256689786 13.1026872576 20.7947012194
2.5673744928 12.6299752497 21.3593279752
2.2296375104 14.3301677334 8.7203011332
1.9562623921 14.5920213721 9.4943741560
2.1824524723 15.0362249416 8.8433039765
1.7564594675 14.5023176822 10.5293732874
1.6491325912 14.4991058891 11.5219147078
1.5930006013 14.5030010340 12.4705658826
1.5677866976 14.4541150099 13.4247976670
1.5534624887 14.4260090357 14.4253724500
1.5480671665 14.4152240553 15.4442761659
1.5502082918 14.4092548209 16.4649023440
1.5654359755 14.3989415677 17.4742975124
1.6138394337 14.3668051009 18.4538503001
1.7335071919 14.2650860885 19.3749676474
1.9818147983 13.9875922951 20.2448142954
2.4279170089 13.9746913586 20.8692059143
2.7008031473 13.4489447763 21.2333315383
1.9120824001 15.6875524112 9.5769974602
2.2076349729 15.9601753706 8.8869417920
1.7255550690 15.5254342164 10.4364005843
1.6222868507 15.4806555200 11.4168859504
1.5759274466 15.4739545912 12.4149285708
1.5569416682 15.4652277333 13.4137394603
1.5496546300 15.4518047772 14.4227859078
1.5480110505 15.4428404329 15.4419159339
1.5525605263 15.4334729046 16.4588315047
1.5700478657 15.4159372875 17.4565710136
1.6232066642 15.3864436344 18.4144317492
1.7556735741 15.3137148192 19.3012205891
2.0253697577 15.1288001892 20.0640170229
2.4951912523 14.8188263340 20.6364791819
1.9337535984 16.6909568217 9.6002577982
2.2502629258 16.9369542057 8.9160346972
1.7264580414 16.5573679684 10.4322240722
1.6151865979 16.4993958113 11.3791868686
1.5679911868 16.4841179538 12.3813387622
1.5519433766 16.4803813872 13.3980600258
1.5477164742 16.4758910045 14.4180847018
1.5490385322 16.4684730268 15.4378346951
1.5576829740 16.4547099389 16.4494592886
1.5815399658 16.4231061764 17.4352774311
1.6351476744 16.3612059332 18.3541673874
1.7699773512 16.3121560171 19.1921919593
2.0381152326 16.1792399620 19.9172024299
2.4867120709 15.8771736435 20.4281637101
1.9992312863 17.6310995043 9.5856156432
2.3090041534 17.8598639277 8.9747824913
1.7745240603 17.5648291345 10.4099304240
1.6346171401 17.5238165150 11.3636063887
1.5718957881 17.5083390046 12.3675773580
1.5515059753 17.5046440093 13.3892535842
1.5478344606 17.5017458842 14.4138324459
1.5519935089 17.4928159698 15.4329775871
1.5661871116 17.4701877423 16.4343176304
1.6030567310 17.4259945329 17.4038552026
1.6785013024 17.3261336645 18.3134798770
1.7741406758 17.1145982172 19.0110056119
2.0659374592 17.2471122987 19.7044841337
2.4454920936 16.8541980034 20.2503261701
2.1059039877 18.3115869930 9.5214886219
2.3528322355 18.6014315610 9.1706473968
1.9082887923 18.5562248173 10.3030657137
1.7008656806 18.5475314234 11.3299799551
1.5954917100 18.5349438276 12.3561767312
1.5577399052 18.5319055331 13.3839201842
1.5502232110 18.5295655962 14.4106449845
1.5574233064 18.5186222017 15.4290966300
1.5814626887 18.4825355160 16.4214957489
1.6303970365 18.4031275700 17.3507049599
1.7436083869 18.3082618650 18.2289750406
1.9488041111 18.0690977631 19.1068338976
2.2943252316 18.0898591492 19.7077821355
2.5323209940 17.6584844957 20.0719487962
2.1844257972 18.9809501900 9.7568888958
2.0376875597 19.3607866666 10.4087986187
1.8403136288 19.6062806581 11.2789173332
2.1177386050 20.0771905981 10.7317023313
1.6520849665 19.5642676761 12.3427150862
1.5772501756 19.5574262035 13.3759002684
1.5576082244 19.5559440653 14.4040991037
1.5654978677 19.5462507632 15.4224846776
1.6035447543 19.5051071845 16.4136623021
1.6876224784 19.3832422016 17.3371409016
1.7813215644 19.1314704576 18.0433671289
2.0777459791 19.1689088637 18.8015635444
2.3580694974 18.7487046409 19.4249382955
1.9478908673 20.6429293928 11.5280560079
2.1945786296 20.7715165988 10.9831440258
1.7406394551 20.5908724298 12.3594441698
1.6203793110 20.5743867429 13.3604519074
1.5789489510 20.5722952977 14.3833454536
1.5814488724 20.5663573529 15.4008897431
1.6276098517 20.5343460195 16.3908049518
1.7524035356 20.4207085912 17.3239852727
2.0132882339 20.0971794751 18.2160776560
2.5553713524 19.9476362673 18.9097902744
2.5415240998 19.3350944533 19.2309610114
2.0892064698 21.2840757565 11.5032348387
1.8875547372 21.6105566978 12.3074768213
2.1795814849 22.0388017526 11.7015967290
1.7040107329 21.5680595351 13.3148137692
1.6338664973 21.5600431728 14.3249439248
1.6241538715 21.5568850239 15.3398344118
1.6661294264 21.5382011129 16.3292894733
1.7996206682 21.4636476503 17.2494757097
2.0872785599 21.2528229970 18.0459313731
2.5853621493 20.8853239081 18.6488166389
2.0135145799 22.6298485393 12.4526699721
2.3075946009 22.9225501763 11.8780339453
1.8376505984 22.5076729553 13.2402101176
1.7507207195 22.4866666292 14.1981671750
1.7274175110 22.4840966510 15.2022132311
1.7552197091 22.4751319317 16.1959702818
1.8718896209 22.4335899991 17.1247082077
2.1638986162 22.2992070807 17.9255430085
2.6564227532 21.9305633306 18.5203363979
2.1613989696 23.2951711222 12.4650541121
2.4106968999 23.6047860185 12.1431688435
2.0363764563 23.2997356464 13.0965807049
1.9571327929 23.3054355812 13.9753841011
1.9270084101 23.3110476860 14.9566703514
1.9379646308 23.3088564809 15.9547358963
2.0162814979 23.2876979470 16.9043437261
2.2482668742 23.2201349661 17.7314893062
2.8265147712 23.0788854362 18.4225858367
2.3340657707 23.8713117965 12.7773075556
2.2687924101 23.9801533852 13.6347569106
2.2388207424 24.0173876186 14.5992450574
2.2379095453 24.0249410908 15.6002715255
2.2777981956 24.0125708694 16.5771102060
2.4120945020 23.9657496146 17.4485347143
2.7096841717 23.8655557506 18.0874767069
2.7598543078 1.1913661223 14.2591525453
3.3171303047 0.9866238891 14.9661233668
3.2683610670 0.8149897699 15.7423615588
3.2221656742 0.7052404212 16.6061079412
3.1563445921 0.6643954923 17.5348778118
3.1131647748 0.6512580906 18.5267119307
3.0682199029 0.6498239874 19.5042837402
2.9887870705 0.6569099757 20.3733815847
2.8888769957 0.6876936710 21.0459570727
2.6218296785 0.7457840248 21.4033095876
3.0140638387 2.3511384901 11.2294255551
3.4501853390 2.0173485708 11.8577971891
3.3598296036 1.7485529731 12.6746455983
3.2299154540 1.4341580120 13.6325559047
2.8874774429 3.5259440112 10.0433733417
3.3647190338 3.7198869429 9.6274613851
3.5900112193 3.1178289084 10.0513985287
3.5577283273 2.5616071060 10.7744762738
2.9786895464 4.2002744674 9.7589949473
3.6088941013 4.4014230366 9.2921497559
2.5002517465 4.0688120326 10.2674143030
3.1260968303 4.8201821748 9.5971113656
2.6376863765 4.9567617316 10.1457384730
3.0677055161 5.5458435113 9.7026956341
2.6199994311 6.0288159895 10.2735124107
3.0845884375 6.4889260125 9.7589328585
2.6266258135 7.0501952066 10.3287156616
3.0953572652 7.5027766555 9.7790964146
3.3535387813 7.3825518472 22.1612006354
2.8882765059 7.4822854381 22.0290851084
2.6280440366 8.0787576235 10.3417607522
3.0866608699 8.5381083072 9.7658518972
3.0955486286 8.1591280863 21.9924407758
2.6155649427 9.1161211459 10.3244236411
3.0453555389 9.5777764997 9.7096620745
3.2240276173 9.0252156853 21.9418416125
2.5734644684 10.1552979526 10.2663292642
2.9426623973 10.5451079262 9.6251198185
3.2853388067 10.0020933128 21.8904226276
2.4815946500 11.2263338736 10.1043164089
2.8403920247 11.2647906966 9.4446818849
3.3072812946 11.0450913525 21.8067591986
3.1237871169 12.6788983854 7.7573515151
3.5389218801 12.8514732887 7.1410259945
3.6192521066 12.1129450203 7.2821725189
3.2852266882 11.8248347172 8.0596169222
2.7906392318 12.3538027563 8.5878293504
3.0199438282 11.5654685862 8.8507785276
2.5360281635 12.0202055298 9.4703368248
2.2329031271 12.0530441601 10.1936792245
3.2753507298 12.1491208664 21.6647690075
3.2486518827 13.0844197749 7.4139053081
3.0276227832 13.5383417764 7.6789864415
3.0278777099 12.9634174459 21.5006345095
2.4597692284 14.6031485832 8.3407551458
2.9363841431 14.5999070899 7.7921682143
3.2551665405 13.4222599818 21.3771845800
3.1432986197 14.1855424899 21.0603164205
2.5555236277 15.3334301508 8.2891423291
3.0499803196 15.7103140853 7.7462097103
3.2455945941 15.4087952441 20.7034096852
2.6181113847 16.3134060238 8.3004656983
3.1035834858 16.7629693742 7.7630001527
2.9739874012 16.5293585031 20.4616213158
2.6661191387 17.3376091483 8.3549369623
3.1501024946 17.8155456864 7.8274414298
2.8235813951 17.2561604415 20.3104026546
2.7304294866 18.4412199908 8.5328629995
3.2397476705 18.8109517319 7.9269317884
2.9703274869 17.7431419737 20.1137482037
2.7811890368 18.3427244863 19.8040605694
2.9810633614 19.2528398245 8.4763381374
3.3183287594 19.5919846991 8.1319181365
2.6153827677 19.4619478428 9.2525542599
2.2788544244 19.6663818939 10.0498646268
2.7836732715 18.9864100801 19.5026742061
3.2268452158 18.7110508241 19.5901881239
3.1809956104 19.4055732409 19.2831171446
3.1041403697 19.9601147564 8.7141266286
2.9027871608 20.3231947005 9.3499357308
2.5301000130 20.5244562546 10.1694765353
3.0259735571 21.0448589922 9.6584162346
3.2790705218 20.3227520771 19.0131539110
2.7789886084 21.5423273652 10.3699171051
3.1420464015 21.7384612982 9.9042844076
2.3815403260 21.4124517342 10.9719694619
3.3348875741 21.3029479075 18.8749877034
2.9918234487 22.2026212426 10.3887741173
2.6163795832 22.3718771169 11.0626483686
3.0788712754 22.9653865179 10.6227652825
3.4287493244 22.3064207713 18.8110379518
2.7436143814 23.4961748745 11.4530161185
3.2390577814 23.8951128199 10.8461334311
3.6332697777 23.1712125433 18.7975759963
3.0403136257 24.2698596732 11.4633439415
3.3777397185 24.6107430373 11.1202602205
2.7637410816 24.2830467729 12.1941144659
2.6807502416 24.5309435168 13.1743333261
2.6483424765 24.6174918686 14.1532182115
2.6411661918 24.6409468424 15.1596871463
2.6565614043 24.6353769860 16.1624512477
2.7241506654 24.5945823151 17.1038449890
2.9247680965 24.4853078252 17.8854133099
3.5566115177 24.2542600197 18.5703374375
3.2627273596 24.8893527497 11.7776882257
3.1607396033 25.0531281358 12.6718489632
3.1215625050 25.1573576250 13.6582037608
3.1106488991 25.1942980062 14.6704731704
3.1139621293 25.1968419350 15.6896755531
3.1406220147 25.1666331772 16.6882319914
3.2223948477 25.0648013376 17.5953034565
3.3223373388 24.8531647947 18.1370872517
3.4801645862 1.1672916379 14.4219919808
3.9198944229 1.0713638172 14.9396543244
4.0906064182 0.9331585526 15.6632505736
4.0390092979 0.7876377997 16.5415194012
4.0159125030 0.7173653619 17.4743279390
3.9905783074 0.6928412621 18.4583699443
3.9479262810 0.6882700520 19.4442086732
3.8501249716 0.6899906771 20.3410840892
3.6376889587 0.6863708997 20.9385088013
3.7408382435 0.7470871674 21.3299932094
3.6230894840 2.2258901041 11.3173764973
4.0530564768 2.0788202037 11.7495896053
4.3131421213 1.8663262282 12.5412685195
4.2377499448 1.5836966441 13.5263817704
4.2417539670 1.2978348777 14.5143036437
4.0132331527 3.6526034564 9.4310581145
4.5088937876 3.1494752812 9.8752361431
4.3784546038 2.7148403535 10.5975961361
4.2420247461 2.3308037150 11.2690105584
4.4790260449 4.2941395337 8.9060886543
3.4692837047 5.1718020704 9.3084958329
4.0799477501 5.2672748487 8.8622890457
3.5575313505 5.9578520547 9.2603458145
4.1049017892 6.4033958997 8.7647681390
3.5876871158 6.9616681998 9.2537330420
4.0986840605 7.4685410506 8.7251074994
4.2571287651 7.5519510412 22.2474078996
3.7046583635 7.7456947345 22.1750346672
3.5856352725 7.9997622348 9.2371925249
4.0583915015 8.5181586596 8.6645364924
3.9561615307 8.3871677631 22.1305379934
3.5463003106 9.0413076444 9.1814764212
3.9556125145 9.4894106105 8.5803191318
4.1032468695 9.2400432298 22.0733825128
3.4536376599 10.1160752126 9.0236531198
3.8526525222 10.2125449063 8.4019933312
4.1798368644 10.2181093579 21.9951421398
4.1447526833 11.6445057149 6.7193916654
4.5671485653 11.8210537888 6.1086218068
4.6480103561 11.0829849260 6.2475164645
4.3102017423 10.7921797496 7.0259381350
3.7958246895 11.3073971049 7.5421311280
4.0392462666 10.5257347034 7.8147788988
3.5202264941 10.9413345625 8.4103529230
3.1712116804 10.9057113522 9.0920826671
4.2450811515 11.3104920313 21.8470513823
4.2745737082 12.0512746027 6.3790439416
4.0446738242 12.4917301458 6.6298646771
3.9623232226 12.2112060913 21.6796234036
4.6786908415 11.9811744846 21.6763780375
4.1981769932 12.6366322679 21.5395015924
3.4286711422 13.3949500341 7.2067748550
3.9369483672 13.5084712635 6.7279480055
3.5877222217 12.8394919941 21.5457078488
4.0135298984 13.4083312570 21.3126021251
3.4798928437 14.1188897386 7.2011089927
4.0406728955 14.6187562670 6.6916478455
4.1770869461 14.4789513420 20.9336939457
3.5340485533 15.1490475799 7.2137891628
4.0904227599 15.6818209161 6.6932136044
4.0051513215 15.4208541791 20.6370648352
4.7116650712 15.0982890758 20.6372204238
4.3514685659 15.7802668462 20.4308027615
3.5857842345 16.2118830715 7.2179305874
4.1148733909 16.7320990190 6.7014529818
3.7284667578 16.2873827655 20.3979030559
4.4775531572 16.3917592444 20.1513334381
3.6170532548 17.2654731212 7.2425347149
4.1340108166 17.7802025347 6.7269131391
3.9607299467 17.1273338303 20.0140276869
4.7022378694 17.0802868947 19.8105282453
4.1895935481 17.7248808686 19.6971338129
3.3065161053 17.1950737903 20.2332934245
3.6588978728 18.3227796105 7.3099109803
4.1731355409 18.8367886284 6.7946781010
3.4797552007 17.9595948915 19.8518273906
3.9962267223 18.5703167098 19.4621060731
3.7350546424 19.4509655570 7.4977648725
4.2652325189 19.8371670354 6.8961972679
4.1038935657 19.5366248603 19.1893611130
4.0030762559 20.2772910328 7.4451733352
4.3461783151 20.6204952828 7.1019047172
3.6171249131 20.4759843740 8.2177111500
3.2392453626 20.6620532576 9.0046703665
4.1741721519 20.5034003311 19.0466876288
4.1292157682 20.9870188443 7.6835802295
3.9237613656 21.3471303193 8.3176512294
3.5266101549 21.5316342157 9.1261506837
4.0496982714 22.0698808639 8.6263847481
4.2284032790 21.4948504733 18.9857928993
3.7939585000 22.5590923376 9.3335832880
4.1684071027 22.7650731972 8.8732931722
3.3588552180 22.3958811989 9.9136986710
4.3095230053 22.4692529803 18.9662762501
4.0136676443 23.2254027523 9.3563736828
3.6103076562 23.3733450390 10.0221451024
4.1005706839 23.9888717406 9.5912074405
4.4131286207 23.4325414633 18.9567786605
3.7485785952 24.5120084869 10.4221363706
4.2645098246 24.9219729898 9.8158472538
4.6798917227 24.3412036032 19.0649701661
4.0625075005 25.2964307430 10.4337075716
4.4059308099 25.6393323903 10.0899349831
3.7675562347 25.3078775984 11.1686888891
3.6672104980 25.5688588423 12.1588789827
3.6246063439 25.6775556258 13.1472483418
3.6114956234 25.7198939182 14.1616087329
3.6101956204 25.7291145924 15.1867790770
3.6203819584 25.7148777458 16.2127217722
3.6673327629 25.6495667167 17.2283757594
3.8346259378 25.4178236314 18.2666760392
4.3341011754 25.1373204642 18.9640291110
4.3809975488 25.7546508300 18.9086866899
4.8767481447 25.7269810627 19.2736703298
4.2880619334 25.9179988712 10.7480058009
4.1807239857 26.0836997672 11.6440832443
4.1370827881 26.1931775971 12.6328715747
4.1231532407 26.2369660843 13.6475522603
4.1202512329 26.2494589282 14.6732745380
4.1231741071 26.2471159241 15.7026760371
4.1424271906 26.2267425155 16.7288530155
4.2200257810 26.1746791152 17.7263042304
4.4439107728 26.1713521740 18.5673925150
4.7896408142 26.1631962016 19.0924699198
4.4591988148 1.1125906518 15.2765743712
4.7881788641 1.0675992326 15.8413345373
4.7844977237 0.9581540374 16.4752936954
4.8219608429 0.8832748838 17.3573629137
4.8332480417 0.8462593429 18.3364779345
4.8104100649 0.8352252855 19.3326067369
4.7324734460 0.8364530528 20.2791919148
4.5493305964 0.8391957689 21.0878166841
4.8422834622 0.9437278776 21.5277392412
5.3442463535 1.0567884658 21.4668260418
4.7592148917 2.1276362573 11.9798070460
5.2673095420 1.9826719954 12.7472925076
5.1857055204 1.7706296676 13.5151266302
5.1897475203 1.5495312367 14.4827014878
5.1881044397 1.3036548467 15.4969820194
5.6403503834 1.1603505896 21.6779709532
4.7999112202 3.6012532518 9.3134966599
5.1598041058 3.2415088963 9.7701481747
5.3423384259 2.9233987764 10.4995353335
5.2413986655 2.4796747806 11.4758269418
4.9371824250 4.4462851997 8.5844370084
5.2499143978 4.6497640295 8.3766394415
5.3764510204 4.0887870518 8.8478190447
5.4691545744 3.5399996032 9.4389202462
4.7892176066 4.9479331643 8.4512263658
5.4818600562 5.3832237412 7.9734330080
4.7019593490 5.8770247105 8.3178201457
5.2300065271 6.4380372602 7.7982215762
4.6383083192 6.9387682950 8.2347507051
5.1248919727 7.4719717007 7.6737465389
5.2425996471 7.6103338001 22.2758531821
4.6511253449 7.8551883161 22.2333940111
4.5804152505 7.9949232330 8.1565085665
4.9994457102 8.4482733529 7.5603230764
4.9229024892 8.4770772120 22.1810332603
4.4821793060 9.0778860914 7.9922661793
4.8865518162 9.1781088252 7.3731016801
5.0825129616 9.3173645182 22.1128807991
5.1789071200 10.6162313381 5.6680909959
5.6112902950 10.8023165472 5.0310036216
5.7002502851 10.0553224775 5.1319245732
5.3492320709 9.7619392868 5.9707613869
4.8265127752 10.2770399420 6.5052789413
5.0747744011 9.4932150410 6.7811777593
4.5491064114 9.9089403522 7.3787077645
4.1957482184 9.8683589208 8.0584500192
5.1896194210 10.2549511843 22.0117841825
5.3085125363 11.0250901427 5.3332101137
5.0756122080 11.4635426754 5.5936586796
5.3632700515 11.1238862955 21.8540736030
4.4555977287 12.3615340772 6.1726373612
4.9661256912 12.4780442977 5.6954383536
5.5982350402 11.8854438985 21.6396220329
4.8734104708 12.6710001809 21.4511426419
4.5036276467 13.0775862129 6.1635637983
5.0686079864 13.5857709079 5.6594996454
5.0290352601 13.4790882737 21.1807198744
4.5539421646 14.1008154351 6.1750814922
5.1173841238 14.6471207151 5.6602579195
5.2996380798 14.2670090476 20.8884494182
4.6029458490 15.1627133594 6.1757477885
5.1391334511 15.6937807131 5.6622393080
5.6185727403 14.9616916909 20.5907056009
5.0265639821 15.6991893626 20.3375107787
4.6251934265 16.2104010935 6.1788826132
5.1467266339 16.7309351941 5.6645466280
5.2899757008 16.3606413087 20.0106181621
4.6353366514 17.2510460620 6.1867724410
5.1515957448 17.7674672848 5.6718642945
5.5525057451 17.0653349442 19.6873285002
4.8634992983 17.8171961160 19.5152518845
4.6497560252 18.2958278795 6.2119810329
5.1646019048 18.8117325885 5.6964893146
4.9760369032 18.6666524747 19.2848926103
4.6878852425 19.3519925949 6.2795847573
5.2020946469 19.8691308098 5.7631935665
5.0853818966 19.5967858120 19.1308438112
4.7638710272 20.4809836649 6.4676394093
5.2924246739 20.8712971034 5.8645760605
5.1514422315 20.5741636696 19.0583533470
5.0314369755 21.3081590193 6.4152901369
5.3711368946 21.6539833858 6.0721078667
4.6458599453 21.5054655360 7.1880293804
4.2668513156 21.6902998400 7.9744705097
5.1981330382 21.5709746476 19.0351480971
5.1558633919 22.0175794985 6.6547846604
4.9521555511 22.3768347877 7.2884188596
4.5551988828 22.5606002722 8.0963485485
5.0770365393 23.0991911485 7.5975667943
5.2626176221 22.5585856524 19.0426419849
4.8227776565 23.5883843282 8.3040477826
5.1954407805 23.7940273524 7.8444561060
4.3866128378 23.4238588681 8.8834974180
5.3998249285 23.5042479179 19.1044665206
5.0422878959 24.2543445166 8.3267223791
4.6387633728 24.4017952280 8.9920418088
5.1298343258 25.0155472672 8.5600860021
5.6489719130 24.3589991483 19.2523080055
4.7784536780 25.5399208416 9.3906226035
5.2976267237 25.9418564250 8.7788051825
5.1062534585 25.0888327555 19.3017284767
5.4974994747 25.6479692721 19.4763412759
5.0961933028 26.3215502529 9.3965845104
5.4486478235 26.6522719485 9.0396556172
4.7987299684 26.3358854379 10.1354859117
4.6961373551 26.5981208265 11.1280748023
4.6517500963 26.7079966377 12.1178151374
4.6374815517 26.7521130884 13.1327243097
4.6341139577 26.7655865629 14.1582432897
4.6344775585 26.7675545135 15.1871071124
4.6411212283 26.7627404184 16.2142808413
4.6731743782 26.7471821551 17.2222288838
4.7809981388 26.7188741064 18.1489250681
5.0371260757 26.6428660771 18.8866059825
5.5861971606 26.3726061275 19.4105579228
5.3300886697 26.9376991873 9.6999996488
5.2155311565 27.1102196789 10.6069303394
5.1678482333 27.2221964910 11.6012157102
5.1524954961 27.2668535106 12.6175411057
5.1488070903 27.2806053602 13.6432767937
5.1484015394 27.2836333679 14.6719480511
5.1505120272 27.2830342291 15.6999168998
5.1632337225 27.2781487418 16.7177573944
5.2147739640 27.2604644107 17.6910293907
5.3622220773 27.2017564290 18.5383760107
5.6502390547 27.0570934624 19.1251588473
5.3047889369 1.1558764670 16.3141509455
5.5221019294 1.1240818020 17.1294188886
5.6124234891 1.0811205237 18.1310858503
5.6247408083 1.0583510061 19.1419238465
5.5806682247 1.0527542765 20.1126045960
5.4662660778 1.0544133498 20.9546885032
5.4867204473 2.2045122056 12.2800370134
5.8860883920 2.1345191354 12.8304270119
5.9473402444 1.9817597456 13.4608695386
6.1529400983 1.8377185153 14.4472839978
6.1025000355 1.6227956959 15.4745695133
6.1142750440 1.4295190323 16.6064289449
6.3575262817 1.3706871201 17.8394541601
6.4082849467 1.3226404180 18.8985157672
6.4004386302 1.3011219096 19.8922910984
6.3205022924 1.2903769930 20.7825418286
6.1304838572 1.2738484436 21.4684549504
6.1976130301 1.3143564418 21.7159735129
5.8038376108 3.2733312076 9.9899656646
6.1393880484 3.0836967451 10.6282657712
6.2980453449 2.8332522228 11.4583086821
6.2546020466 2.4332538208 12.4670587095
5.8445915485 4.6292108097 8.3233914524
6.1587924246 4.2125308222 8.7770906078
6.3159625608 3.7650996080 9.5272608959
6.0086601737 5.5850087290 7.5997877588
6.4077360662 5.8964354945 7.3260967983
6.4704652178 5.1950627425 7.8694994593
6.5271790923 4.5767493359 8.4493328674
5.8193063565 6.0946988186 7.4647858743
6.2453904928 6.5430057700 7.0874555013
5.7027933965 6.9732711415 7.2703550463
6.2789497208 7.3617662928 6.6943183595
6.2607357486 7.6256191068 22.2829014831
5.6560229428 7.8891627057 22.2505386790
5.5722853229 8.0262731533 7.0059516374
6.0099723812 8.1482220379 6.3961194488
5.9360145824 8.5008321503 22.1932617721
6.6146877436 9.3983084701 3.8105048855
6.8386267006 9.6062784915 3.5213819574
6.9352611084 9.3499075633 3.6195968656
6.8379270659 9.0584390311 4.1455965031
6.2827968220 9.5613332363 4.4056234268
6.4625405931 8.8147412451 4.9720714230
5.8891162658 9.2561724775 5.4230380780
6.1824953814 8.5224289808 5.7915865186
5.6083625929 8.8777519933 6.3510816015
5.2411268489 8.8297256078 7.0347583524
6.1054862368 9.3225237933 22.1174654062
6.5938445520 9.7028361572 3.7619069988
6.5078272542 10.0389122418 3.9375639315
6.1652085502 10.4796859216 4.4065104810
6.2327920209 10.2080313719 22.0076950332
5.4908437327 11.3389223302 5.1252085895
6.0103919593 11.4773693156 4.6191837552
6.3885331763 11.0528340335 21.8401946837
5.5361849939 12.0533917156 5.1235319720
6.0993890818 12.5657013190 4.6126654345
6.5947777440 11.8439246893 21.6160115832
5.8229314585 12.6451662677 21.3893055690
5.5837518063 13.0724172051 5.1412985283
6.1461135316 13.6185595626 4.6220851316
6.0606141811 13.4238115653 21.1271960241
5.6320565604 14.1324064926 5.1439588551
6.1681249134 14.6637844210 4.6282676551
6.3205952923 14.1837110980 20.8561353955
5.6537529997 15.1786639498 5.1465627368
6.1752748874 15.6998687226 4.6314527828
6.5993311965 14.9094589808 20.5637224970
5.9177959636 15.6407109308 20.2736626707
5.6608501858 16.2147844875 5.1478560243
6.1769424568 16.7320311102 4.6321726625
6.2181771913 16.3326652072 19.9461216747
5.6630518931 17.2478196527 5.1494304474
6.1774149166 17.7654584462 4.6320106768
6.5158720115 17.0525903382 19.6363680492
5.7867098564 17.8314157201 19.4146229211
5.6662904981 18.2841505912 5.1556878041
6.1791964315 18.8048351494 4.6346372171
5.9741464483 18.6830666546 19.2205398812
5.6784237161 19.3307864153 5.1779844271
6.1900216895 19.8572494421 4.6493912818
6.0979531635 19.6138558784 19.1103201445
5.7143814929 20.3932455542 5.2414764307
6.2271532100 20.9341271425 4.7023039825
6.1633224703 20.5969436878 19.0640182320
5.7817461614 21.5258213181 5.4338566663
6.2892647817 21.9383427773 4.8337340040
6.2055235882 21.5990844707 19.0562319047
6.0276898341 22.3505696705 5.3970154711
6.3333968521 22.6885702746 5.0853958028
5.6598200320 22.5372249909 6.1641516533
5.2918997255 22.7201315401 6.9465210714
6.2715156003 22.5865919966 19.0838235285
6.1342417644 23.0355848702 5.6553160950
5.9486762012 23.3960986391 6.2742834009
5.5730283368 23.5864078627 7.0709688037
6.0681430583 24.0980074281 6.5841429631
6.4072880687 23.5215401284 19.1672680554
5.8379390364 24.6042521706 7.2767552068
6.1968079439 24.7765598007 6.8215559901
5.4123356830 24.4501917176 7.8541311713
6.6268814510 24.3722831668 19.3191257410
6.0662280338 25.2495707249 7.2931265117
5.6684047746 25.4143018944 7.9581858195
6.1780526567 25.9741811524 7.5318704460
5.9604583433 25.0996978059 19.4470333261
6.2329614073 25.7895733609 19.5938952684
5.8246459228 26.5195102552 8.3397420920
6.3544728190 26.8098084990 7.7723564889
6.5366623869 26.4180725141 19.6649380137
6.1766841904 27.2181908863 8.2963544724
6.4604721683 27.3306810445 7.9911821470
5.8810548939 27.3159084589 9.0407985336
5.7503407031 27.6116441339 10.0710251058
5.6893704954 27.7333650678 11.0794949044
5.6689871153 27.7808502547 12.1009403637
5.6639336371 27.7952839800 13.1280798624
5.6630545373 27.7986198415 14.1570884337
5.6636258341 27.7989797814 15.1859159803
5.6686396023 27.7975017005 16.2100103601
5.6933701086 27.7888734362 17.2109040573
5.7805103194 27.7510952890 18.1366812912
6.0118434092 27.6251951913 18.8997742368
6.5700325796 27.2577709546 19.4961390511
6.5977832190 27.8022695551 8.4360652270
6.3308998600 28.0823113919 9.5168774193
6.2293629437 28.2325208544 10.5498166896
6.1915843368 28.2908759394 11.5806822170
6.1808458396 28.3088215703 12.6114453400
6.1783561235 28.3131497020 13.6417595577
6.1780203469 28.3139208243 14.6714403957
6.1798166052 28.3135779989 15.6988939700
6.1910830473 28.3100303145 16.7149529013
6.2380019250 28.2908539006 17.6873148556
6.3777188467 28.2188892948 18.5415647254
6.6616908171 28.0427393883 19.1504705702
6.4123356141 2.2108312039 13.2586685838
6.7046367381 2.1305404408 14.0190788047
6.9524241115 2.0578528772 14.7722120390
6.8974550463 1.9171967853 15.4228103008
6.9809550047 1.7990671442 16.3838661181
7.2144751845 1.7293571931 17.5743330150
7.1910317389 1.6112428192 18.6645371304
7.2051585234 1.5627505562 19.6627437085
7.1907730446 1.5376938704 20.5871381174
7.0465393635 1.5021714888 21.2934428920
6.7804739596 1.4492207671 21.6211447175
6.4756857341 3.3691900770 10.3112836437
6.8203047768 3.2099348622 11.0225271217
7.1116024475 3.0608421829 11.7440701032
7.2105873108 2.8344379464 12.5113784545
7.1969487167 2.4954233051 13.5441546563
7.4743456398 2.3315452587 14.6311629194
6.8448095913 4.2602666204 9.0006308835
7.1728440066 4.0285185587 9.6492203882
7.3405691615 3.6978281853 10.5296048459
7.6003223184 3.3724101904 11.5749344996
6.9774172506 5.7339390018 7.3991339573
7.3470443938 5.3956632612 7.8090923159
7.4516988102 4.8650956475 8.5523651030
7.1224441961 6.5896717698 6.8584299274
7.7116571408 5.9401443919 7.4088745798
6.9361430827 7.4516357232 6.2076217364
7.5894683887 7.7011014193 5.8413484319
7.4893902203 7.1965185653 6.3102048720
7.2882148227 7.6283729063 22.2841060601
6.6804191896 7.8961762827 22.2539126034
7.0695658021 8.5330388491 4.7401233730
7.5863594347 8.8462486622 4.2568201646
7.5417514607 8.4614951088 4.6689514308
7.4940069699 8.1858133880 5.1588140638
6.8437257730 8.1326940402 5.5257474404
6.4337994371 7.9148536088 6.1169219289
6.9636135825 8.5016038002 22.1943628324
7.3439292758 9.7154558922 3.3820760883
7.4295635258 9.2975464962 3.6985708244
7.1373866264 9.3101494578 22.1155940488
7.0614324132 10.1731726408 3.4676272128
6.6619911026 10.5081292627 3.8409153650
7.0680853177 10.9062586606 3.5077678515
7.2641753736 10.1826752214 22.0027773050
6.5998498433 11.1583434522 3.9944785239
7.0879743341 11.6683206631 3.5495158108
7.4122639194 11.0289841851 21.8328123836
6.6102711716 12.0845112477 4.0694786084
7.1533432892 12.5953348469 3.5375731168
7.6164132877 11.8290142347 21.6076582213
6.8360849450 12.6180145383 21.3641388541
6.6566456037 13.1069613281 4.0857597343
7.1954857943 13.6268083263 3.5450515951
7.0874496256 13.3928514214 21.1086208881
6.6814394544 14.1482277729 4.0993587650
7.2017159692 14.6729740643 3.5774008707
7.3408730813 14.1564408591 20.8442871414
6.6889441752 15.1856382221 4.1106078690
7.2012724608 15.7057132211 3.5927668985
7.6135076031 14.8938780309 20.5548923994
6.8993256083 15.6155761883 20.2478912309
6.6903064874 16.2176644251 4.1145645646
7.1998379874 16.7341877038 3.5930956891
7.2149538212 16.3202562543 19.9250830858
6.6903308908 17.2500811903 4.1126901411
7.2012276434 17.7683945397 3.5818766101
7.5278254916 17.0466290436 19.6219188293
6.7859043471 17.8283120996 19.3797033132
6.6897989201 18.2881487463 4.1065916559
7.2033019427 18.8178540177 3.5613016382
6.9944880404 18.6839470935 19.2025626799
6.6874725116 19.3305492696 4.1017274823
7.1822321976 19.8391265109 3.5629805805
7.1230796922 19.6176453879 19.1056752748
6.7005590761 20.3803988651 4.0996461223
7.2034056514 20.7844386438 3.5463175057
7.1878927672 20.6033481158 19.0668394637
6.7865495437 21.5132320122 4.1013868842
7.3064292256 21.5310108619 3.4870042758
7.2294200483 21.6067993424 19.0648796626
7.2741451416 22.3407477391 3.7469218960
7.9497317047 22.3811532080 3.2472509559
7.6890424363 21.8156338535 3.2085561832
6.7123360138 22.5750171337 4.5135629714
7.2948314462 22.5932231419 19.0991800105
7.6504049199 22.9671098209 3.6815151884
7.2106243550 23.3635447208 4.3503749600
7.8746457793 23.5503384338 3.9458223128
6.5970522723 23.4804606807 5.2314195869
6.2589814511 23.7080726935 5.9535485419
7.4244661149 23.5275101451 19.1873790909
7.6028858967 24.0334374092 4.4876984196
7.1579592246 24.3684899698 5.1960203317
7.8468205944 24.5977855532 4.8733454386
6.5334204732 24.4742519272 6.0929511648
7.6290589646 24.3864194472 19.3416215864
7.5656816374 25.0533837904 5.4402295574
7.0710034486 25.3538673568 6.1023229716
7.7905256606 25.6275762092 5.8651107247
6.4628421885 25.3777785968 6.8105862125
6.8900497832 25.1443736388 19.5110065554
7.1466620972 25.8752670218 19.6828073006
7.4237992605 26.0738475275 6.4111593586
6.8136310248 26.2617896121 6.9973896423
7.5286872175 26.7174033554 6.8808282758
7.3481198918 26.6247980727 19.7642264060
6.9151565936 27.2256786397 7.5704660031
7.6855437866 27.3832370717 7.3077127956
7.6078495177 27.3249605627 19.7716470934
7.3020585258 27.8760759646 7.8612829065
7.1926926278 28.3145369616 8.4078551774
7.8778307951 28.3318917954 8.1623832983
6.9503854755 28.5098541879 9.0805014103
6.8154025590 28.6964251148 10.0332192180
6.7331433849 28.7842058045 11.0589589673
6.7050778739 28.8158923548 12.0914548764
6.6965143518 28.8255465688 13.1243808496
6.6937147586 28.8280297587 14.1558728548
6.6935480597 28.8285154373 15.1853768794
6.6981443424 28.8273714523 16.2093824997
6.7220336476 28.8186044660 17.2101018782
6.8075083668 28.7777965343 18.1376102375
7.0378914957 28.6399214596 18.9098076329
7.6046265166 28.2350414792 19.5380869661
7.5386804434 28.6991818622 8.7676963582
7.5423040484 29.0667211105 9.5464083762
7.3176041009 29.2252674615 10.5594152875
7.2506509585 29.2961171221 11.5706983747
7.2265428919 29.3268403201 12.6019765601
7.2143125362 29.3377204039 13.6373473470
7.2100699895 29.3413917835 14.6693125296
7.2104750798 29.3424313626 15.6977389465
7.2209973709 29.3394284122 16.7143926092
7.2673600396 29.3198910685 17.6873898312
7.4067055568 29.2451269766 18.5439448423
7.6916067587 29.0597774689 19.1605404179
7.4509096901 2.1679985018 15.3154367307
7.6475456630 2.1244361507 16.1049649495
7.8221765697 2.0520388422 17.0821621347
8.0151039577 2.0181655796 17.8768934222
7.9318029194 1.9039156790 18.5358099275
7.9646667101 1.8413856994 19.4451940621
8.0086454118 1.8037561953 20.3789370280
8.0436020100 1.7779700493 21.2088436493
7.6373172108 1.6563109548 21.5410400110
7.6461820280 3.1426243910 12.2095613638
7.9422241811 3.0876517493 12.7725990885
7.9835039975 2.9016305883 13.4327380071
8.2467398786 2.7450336635 14.5034244680
8.2067665566 2.4824072222 15.6118171958
8.4543629800 2.3996909665 16.7715355111
8.5642741820 2.2956616514 17.7473516139
7.5452449585 4.3918550413 9.3202273019
7.8833308253 4.2019788846 10.0377246721
8.1889175086 4.0363901232 10.7595476234
8.3581989335 3.7921624598 11.5365788295
8.3568439565 3.4167166769 12.4783105102
8.2883371146 5.5828527101 8.0973295766
8.3323053350 5.1508646814 8.7199487660
8.4638768197 4.7974126437 9.5468810474
8.7003058287 4.4126703859 10.5798930639
8.2310187588 6.5699527224 7.0590954686
8.4806417164 6.1652006329 7.5295103368
7.8799589101 7.3774416279 6.1943609182
8.0502135687 7.0822195488 6.5522010023
8.3176046401 7.6285981368 22.2841702780
7.7094319183 7.8965012776 22.2541888910
7.8416851043 8.6072489041 4.5454218841
7.9825090124 8.4292785481 4.8925762807
8.2105556114 8.1352887404 5.4770864325
8.4974776064 7.6960107130 6.1422012266
7.9935913427 8.4989875237 22.1939142863
7.9069667961 9.7350322614 3.4120357433
8.3114371913 9.4519813258 3.8656690620
8.4452733838 8.9226632754 4.5646059257
8.6132891346 8.5563771648 5.1539729129
8.1677373680 9.3036904846 22.1143348231
8.2060471727 10.5018739265 3.0931344529
7.5483200353 10.8281402061 3.1590256329
8.4111457213 9.9685188310 3.4039750924
8.2932909953 10.1746967129 22.0008925189
7.9900835640 11.4413268158 2.7983470696
8.5443246509 11.9433004437 2.3698806806
8.5605142413 11.3329232307 2.5832813742
7.4587130843 11.3452825988 3.1819556556
8.4400099154 11.0228670890 21.8306767213
8.1087863985 12.3480395932 2.5836229970
8.6219079748 12.6953017369 2.2381732360
7.5891341300 12.0572963190 3.0663831231
8.6445047532 11.8252115206 21.6057242597
7.8623993366 12.6070602488 21.3570655827
8.2460801170 13.0274536465 2.4554860249
7.7422152147 13.0714613916 2.9405038627
8.2118226582 13.7373512632 2.5392522935
8.1153520389 13.3832910457 21.1039733514
7.7167632250 14.1680528287 3.0312113785
8.2403036877 14.7102140856 2.5642819968
8.3673097614 14.1498222931 20.8414627036
7.7125519368 15.2020112892 3.0673554213
8.2090558705 15.7341597112 2.5758028400
8.6395897402 14.8904780290 20.5530111023
7.9162019779 15.6081249278 20.2409830035
7.7014612772 16.2221423577 3.0752385683
8.1740050757 16.7025804508 2.5655231371
8.2370251534 16.3166700498 19.9203162307
7.7016569607 17.2348932492 3.0613582375
8.2103882502 17.6613674104 2.5182571694
8.5540713103 17.0449947520 19.6190953251
7.8088672618 17.8260190593 19.3713080243
7.7173875661 18.2649278884 3.0308507323
8.2515429635 18.6299276090 2.4932655805
8.0222899254 18.6835888213 19.1989823235
7.7595709241 19.3703031540 2.9698260622
8.3040659670 19.3973001356 2.4591188247
8.1517539964 19.6184378952 19.1051002123
8.1639345136 20.1613700134 2.6235187435
8.8453062851 20.2234252326 2.2515187839
8.6743655834 19.6625772269 2.2357907006
7.5972019517 20.2708319594 3.1254393340
8.2164004381 20.6048197468 19.0679910895
8.4049633898 20.8244238901 2.5586803319
7.7852325132 21.0371159665 3.0125796364
8.3967858302 21.5762559344 2.7958591414
8.2577085462 21.6084326673 19.0675814651
8.7830993899 22.3249927135 2.9843701232
8.3220896344 22.5949080314 19.1033769004
8.2827580526 23.0082142384 3.4270148603
8.6556166658 23.6007444623 3.7629121709
8.4483933027 23.5310069097 19.1927987450
8.2317427072 24.1277183583 4.2924995028
8.6378768815 24.6739518365 4.7323259358
8.6468587514 24.3961668235 19.3492138431
8.2139338756 25.1668055263 5.2900757515
8.6156044094 25.7192923174 5.7701699776
7.8744487993 25.1795465910 19.5409016180
8.1026178619 25.9507476990 19.7279488451
8.1128506386 26.2400782091 6.3223529031
8.4573932306 26.9096422302 6.8820748246
8.2916866551 26.7342550113 19.8473695998
8.2963683255 27.5060129137 7.3415173675
7.8810248554 27.8407890854 7.6213293775
8.4877182178 27.9152702222 7.7406782615
8.4319065614 27.5543932184 19.8602626107
8.7064699258 28.3703000854 8.2555440498
8.6587618504 28.3043729717 19.8194689472
8.4219517828 28.9389794811 8.9252734392
8.1695618121 29.4157683246 9.5815296038
8.6754939103 29.4611437902 9.5300347688
7.9211600508 29.5630319555 10.1995499057
7.8314826368 29.6958841609 11.0772247205
7.7961888107 29.7881441827 12.0749586896
7.7522082374 29.8278309342 13.1156433390
7.7348719044 29.8442035940 14.1493365859
7.7294242499 29.8523046868 15.1802524341
7.7307039893 29.8549771180 16.2066109152
7.7525195145 29.8475121251 17.2091449623
7.8371504520 29.8064426461 18.1378284014
8.0674784249 29.6653838717 18.9127739993
8.6372339633 29.2462656117 19.5529673858
8.5387251295 29.7368985391 10.0470493595
8.3803933738 29.8937987633 10.6778493734
8.5013359265 30.1525495696 11.5391779280
8.3326943960 30.2594736363 12.6126456955
8.2810286185 30.3088416178 13.6322125597
8.2656673576 30.3406026535 14.6547620365
8.2555471108 30.3597164302 15.6867722215
8.2560612736 30.3644201883 16.7096702297
8.2980022491 30.3472570932 17.6858016066
8.4356119713 30.2719709067 18.5440392536
8.7194938173 30.0823238032 19.1630898980
8.4865577265 2.1581203675 18.4178988099
8.6358820342 2.1416394737 19.1908976017
8.7303033603 2.1007172117 20.1288004985
8.7940693693 2.0594054625 20.9632852968
8.8559449830 2.0350998570 21.4690943243
8.4992189585 1.9021389896 21.5861268274
8.4649153498 3.2006123339 13.2457724222
8.7568493395 3.1267963310 14.0210133390
9.0225226102 3.0668725898 14.7916462606
8.9869571362 2.9029540674 15.4730866748
9.1077112458 2.7841884453 16.4516342349
9.3353431794 2.7063943271 17.6051033768
9.2212222967 2.4836043412 18.7012337913
9.3945668382 2.4368821070 19.8176956903
9.4859132487 2.3860239401 20.7386364652
9.4668046837 2.3046689772 21.3866194093
8.7500417412 4.1467982050 11.2080733597
9.0864552133 4.0829772518 11.7729471416
9.2272219559 3.8654998000 12.5185215195
9.2139988964 3.5291995005 13.5222258629
9.5150351953 3.3963571356 14.6095886052
8.6568681227 5.4169959579 8.5730025081
8.9186194977 5.3287299712 9.0395167089
9.5099592808 5.3487069896 9.7819192838
9.5554609058 4.9413369490 10.5825904928
9.4890509323 4.4584825808 11.4680609338
8.9421553932 6.6351782249 7.3419286175
9.3544219125 6.3860198158 7.9755247404
9.1743169243 5.7853551798 8.5980306777
9.5021071286 5.6696156577 9.1938797812
9.2189975715 7.3373854851 6.8967858815
9.5301664276 6.9561957447 7.4519859319
9.3474510350 7.6286542789 22.2837286626
8.7391315169 7.8961484122 22.2540411710
9.2851606850 8.4711869969 5.7926365566
9.4109441331 8.0146829630 6.3578923997
9.0234695663 8.4979014328 22.1935423900
8.8068965636 9.3658833559 4.2731969387
9.3658315242 9.4458781820 4.6675707929
9.2831600825 8.9976388123 5.1491476598
9.1975117988 9.3020834523 22.1137685788
8.7573790896 10.2797212652 3.3230912710
8.9478219301 10.0447731493 3.6302415328
9.1516749020 9.7460077306 4.1161367534
9.3226925633 10.1732497588 22.0002740543
8.9836314494 11.7285348742 2.3557645351
9.1776829952 11.2760798501 2.7126082048
9.4935970064 10.7070306293 3.3805146146
9.4692099673 11.0219581896 21.8301555831
9.1156474683 12.3541555471 2.1732241615
9.6026936561 11.9718200540 2.3786918355
9.6738287997 11.8246692204 21.6053687233
8.8913849652 12.6043735983 21.3556850506
8.5991240522 13.3624217944 2.2408399153
9.1957993107 13.3066177251 2.0664927967
9.1444590568 13.3813343288 21.1031650468
8.7565966314 14.1294569384 2.1956229647
9.4658692756 14.4235098878 1.9427498494
9.3962577775 14.1486824995 20.8410122769
8.8535233534 15.3058774313 2.0934935873
9.6757476231 15.5529263922 1.7327686574
9.6686477364 14.8899718663 20.5527495304
8.9433945791 15.6065943518 20.2397325150
9.0976571695 16.3724859688 1.7516893916
9.3575553403 16.8347392802 1.4707123651
9.5969423022 16.3869959189 1.5249730032
8.5876729092 16.2416656539 2.1768777269
9.2654338708 16.3160229496 19.9195951575
9.0751096952 17.2044302581 1.6394107644
9.3871905565 17.2440467640 1.4322123766
8.6472494861 17.0434187075 2.0647571840
9.5832249800 17.0448644721 19.6188078915
8.8374264167 17.8254490918 19.3699355536
9.2544492174 17.6523163445 1.5756673355
8.8021893237 17.9404682284 1.9736429852
9.4675143427 18.2082348940 1.7174779989
9.0515970347 18.6835816349 19.1985782189
8.7983570573 18.9133652938 2.1024798352
9.4169036855 19.3389031057 1.9591923467
9.1810909651 19.6187693640 19.1052655360
9.5787644880 20.1738543414 2.0915485199
9.2456136031 20.6053641176 19.0685126423
9.0321435667 20.8735795946 2.3643860478
9.4680844370 21.4632311437 2.5610263965
9.2867201525 21.6090715179 19.0683762320
9.7565371526 22.2760682723 2.9015421688
9.3505808850 22.5957847336 19.1044104733
9.1541869601 22.9950316576 3.2929270779
9.5913902702 23.5847836019 3.6985713966
9.4756416556 23.5330329918 19.1942579620
9.0973406960 24.1544519255 4.1954906885
9.5890139849 24.6817009744 4.6966478868
9.6714289175 24.4015318601 19.3518359504
9.0996946084 25.2051297205 5.2265705945
9.6042549904 25.7223367157 5.7781478078
8.8819472236 25.2030441607 19.5537584564
9.0956215753 25.9961145134 19.7524799070
9.0711226212 26.2717030747 6.3109358024
9.5547420061 26.7655400767 6.8750618331
9.2541474510 26.8187932875 19.8883287865
9.1456778056 27.3904937022 7.4108788333
9.2410349089 27.9262372003 7.9636987473
9.3792168127 27.6701154391 19.9403238667
9.4931344779 28.3173346601 8.4646222947
8.9539771354 28.6284848642 8.5914728111
9.3448604333 28.7805401689 8.9239599343
9.4817919554 28.5416424626 19.9015689022
9.0575921645 29.6838635826 9.9370444016
9.4250432979 29.2566538569 9.5376915602
9.5490957532 29.6816628850 10.1529494694
9.6925857529 29.3140282903 19.8353515514
9.2943537730 30.0464884104 10.7802658240
9.1434172937 30.4564857937 11.5646822244
9.6270421940 30.4811144889 11.5087177878
8.9441280622 30.5807716183 12.2532298173
8.8568107883 30.6732673705 13.1664743470
8.8387335477 30.7565465618 14.1298255609
8.8225630700 30.8283515364 15.1509949689
8.7837253494 30.8607049464 16.1935305953
8.7876296993 30.8650397255 17.2028278374
8.8647766307 30.8270706497 18.1354952220
9.0911257521 30.6830357380 18.9129289740
9.6566291582 30.2513069045 19.5565511081
9.5145481324 30.7125247452 12.0431891913
9.4981575546 30.8777068640 12.8541419535
9.3943942323 30.9763537046 13.6629132648
9.5355817441 31.2060235717 14.5853812530
9.3563508104 31.3015381815 15.6800546936
9.3051622860 31.3424238847 16.6974775085
9.3226360078 31.3408253101 17.6770213463
9.4462297852 31.2666898107 18.5417597169
9.7235920144 31.0678046218 19.1631322721
9.2435752774 2.1784649627 21.6367497691
9.5353367198 3.2327305925 15.3262089987
9.7331195918 3.1856341302 16.1269345178
9.8847445903 3.0888560861 17.0977398819
10.0643852393 3.0484337994 17.8786005352
9.9909987841 2.9039073513 18.5526194111
10.0557066028 2.8144497182 19.5000458777
10.1606722115 2.7550344940 20.4647379590
10.2509586240 2.7004728132 21.2814051843
9.9477266724 2.5059701454 21.6024369153
9.6172591187 4.2035522605 12.1856830613
9.9237561045 4.1564273952 12.7534357937
9.9465928847 3.9721046918 13.3992119088
10.1164007269 3.8261703613 14.3570367385
10.3589711585 3.6865442190 15.6002853852
10.4722091208 3.4996566233 16.7837231311
10.5476387669 3.3707493904 17.7121911453
9.9310554397 5.3176123348 10.3541482459
10.4690152919 5.4041496866 10.8669014893
10.4581541773 5.0055269597 11.5992871681
10.3095772586 4.5327795576 12.4457625053
9.7160501162 6.2321250092 8.5369568323
9.9221767036 6.1004595747 9.0113501898
10.0772535739 5.8627807786 9.6299878378
10.2600407042 5.6448271318 10.2221461724
9.8441024081 7.3111485355 7.3497417793
10.3778790166 7.2880169241 7.8774433939
10.4879417840 6.7450319584 8.6997475476
10.6744335183 6.3676831787 9.5399713446
10.3784062402 7.6290312645 22.2807813386
9.7692384539 7.8962660390 22.2532265864
9.8153546369 8.3876668164 6.2723239780
10.3043587395 8.3135886573 6.7651057003
10.3031737971 7.7725316469 7.2942376041
10.0538190160 8.4983242854 22.1922604099
9.7848049493 9.3829694369 5.1309246695
10.2802082910 9.3496928672 5.6565778217
10.2961735422 8.8360015905 6.2231279948
10.2276311714 9.3030222137 22.1122920637
9.5826160415 10.2244335974 3.9339521589
9.8970640735 10.0238694604 4.4609693979
10.2116864445 9.7982809876 5.0553500826
10.3521649078 10.1744307342 21.9991089412
10.2859816336 11.6755306483 2.9170522202
10.6095033024 11.2150293198 3.6003344928
10.3928448566 10.6378734872 4.1717051690
10.4983393282 11.0228342015 21.8295179254
9.7974806929 12.7363531391 2.1482534442
10.2611562184 12.3562468039 2.4230348751
10.7031039614 11.8250639328 21.6051054301
9.9208607214 12.6039866986 21.3554836969
10.0222832223 13.6551953294 2.0159129070
10.1739683453 13.3810778712 21.1030659454
10.3023754941 14.7196765311 1.8813788228
10.4257881127 14.1485708586 20.8409690611
10.2647125797 15.4947328307 1.7255691590
10.6983039674 14.8900774863 20.5527723509
9.9727404566 15.6064851010 20.2396162982
9.7152322061 16.9421675359 1.4363988773
10.2039335161 16.2741665342 1.6120208448
10.2950343858 16.3163850305 19.9197100571
9.5976096712 17.5089815700 1.4740357346
10.1889901079 17.4085936794 1.5883042697
10.6126937383 17.0461275654 19.6195019306
9.8667703154 17.8257540749 19.3700798588
10.2635671733 18.4536558795 1.7459802260
10.0807131441 18.6844115609 19.1992383143
10.4061640616 19.4321764178 1.9378012912
10.2097648725 19.6202716143 19.1064004552
10.1776873835 20.2339056576 2.1047445095
9.7002868728 20.7274033350 2.2450486173
10.3365094697 20.7484247400 2.3166288395
10.2737579170 20.6073814739 19.0698129377
10.4966298437 21.4651238653 2.6167999752
10.3145082890 21.6109962253 19.0695088947
10.7300092436 22.2151765570 2.9403037217
10.3783987882 22.5971906433 19.1053432026
10.1251284401 22.9409098935 3.2667150484
10.6189357041 23.4926061743 3.7080854355
10.5034423661 23.5343574480 19.1952294795
10.0971004583 24.1228836066 4.1860378797
10.6435675984 24.6422343986 4.7470265095
10.6983304776 24.4040146545 19.3532665890
10.1197743087 25.1926584012 5.2573940626
10.6263512266 25.6674173080 5.8494170458
9.9013557831 25.2155156516 19.5592881286
10.1048295750 26.0223246376 19.7638055823
10.2031898326 26.2329168281 6.4235345791
10.3575977476 26.6897617066 6.9808910261
10.2482305027 26.8663522924 19.9114983263
10.1379134502 27.1051969963 7.3967451382
9.7761134753 27.9496928800 8.1945154854
9.9516819036 27.6060654218 7.8925182931
10.4543450291 27.9844425904 8.5055147452
10.3418985867 27.7565747980 19.9796359550
9.8275576465 28.8853751200 9.2601618887
10.1280014412 28.5461214900 9.0144620355
10.4977469825 28.9252326814 9.6867612768
10.4287730144 28.6581983869 19.9802736902
9.8286951868 29.7912584442 10.4892213403
10.2746799517 29.4736605680 10.3102645238
10.2711480081 29.8638755551 10.9079323897
10.5127765895 29.5501805720 19.9145972243
9.9790516068 30.6378699348 11.9165338944
10.3384792449 30.2617571777 11.5820054766
10.4452462519 30.6094083319 12.2371089199
10.7054671728 30.3073667819 19.8371868875
10.0704874998 30.8425113074 12.5559129464
10.3737075576 31.1190864709 13.7347831083
10.1939179473 31.5133350762 14.6202922256
10.7030696069 31.5370577499 14.5798581424
9.9554196610 31.6296922262 15.3048086996
9.8562049636 31.7246838977 16.2026458260
9.8141477685 31.7754510848 17.1801466552
9.8369635515 31.7501401002 18.1279548512
10.0480443339 31.6005789548 18.9119652457
10.6144120177 31.1526956490 19.5527325099
10.5682147295 31.7805074901 15.1490090158
10.3907341287 31.9073111776 15.7965389547
10.4170682466 32.0706144984 16.6285062548
10.2084468955 32.0965167765 17.6668438096
10.2787640159 32.0222554260 18.5397992091
10.5713689750 31.8169772796 19.1614846348
10.5030472565 3.2233537451 18.3880080927
10.6796210727 3.2198566601 19.1727754413
10.8053112272 3.1623416981 20.1450651865
10.8786492295 3.0847480964 20.9905327106
10.9476966213 3.0459842552 21.4888653694
10.6536313512 2.8641024244 21.6224069416
10.4060310881 4.3080208175 13.2083144387
10.6534319319 4.2655265917 13.9843556551
10.9122047328 4.2139090678 14.9570709625
11.3819931547 4.3117060543 15.9614048883
11.1134199391 3.9515969037 16.6246212019
11.1333690289 3.7950897555 17.5179329601
11.1540786512 3.6345784760 18.5608008686
11.4743532428 3.6673757647 19.7554230750
11.4954958020 3.5178403607 20.7238223303
11.4760143446 3.3934854771 21.3627819101
10.8988229853 5.3827035305 11.4264677599
11.3916792468 5.4774651744 11.9907502828
11.1022974309 5.0322332536 12.5201404008
11.0732531422 4.7276811958 13.4162329062
11.3530619873 4.6645304043 14.4740551117
11.5454390690 4.6166176820 15.2718249470
10.6749468340 6.0559986731 10.0722726793
10.9597234886 5.9189366080 10.6410341097
11.2720628505 5.7555677724 11.3049504742
10.9286847354 7.2943420517 8.4182875562
11.5294757195 7.4350707088 8.9004071441
11.5149590412 6.9796030726 9.5669806709
11.4245590444 6.4712309509 10.3244124028
11.4127707992 7.6288597068 22.2662992532
10.8013441145 7.8974287325 22.2482609893
10.8057792995 8.2589215873 7.2488644033
11.3045036033 8.2310902026 7.7621858774
11.3594051363 7.7657164323 8.3096669626
11.0864152087 8.5016749037 22.1854964536
10.8004186605 9.3062793961 6.1858139724
11.3079532397 9.2789288153 6.7094831264
11.3041192736 8.7498579708 7.2348167772
11.2579626565 9.3085960161 22.1059364344
10.6235765956 10.3217265452 4.8257007463
11.2725767304 10.3134255122 5.5478839493
11.3030066173 9.7979218965 6.1594060975
11.3798289651 10.1797256779 21.9950986357
10.8758138229 11.6028322428 3.3336264754
11.3655923792 11.6617697060 3.7520084743
11.2004550881 11.2016497340 4.2059853998
11.2816451933 10.8627690140 4.8304081506
11.5259790942 11.0258987972 21.8276388644
10.5270239114 13.0612340980 2.2629347410
11.0047150856 12.5932672932 2.7083881179
11.1902407499 12.0286404572 3.2015876090
11.7318435517 11.8263865300 21.6043535090
10.9503422189 12.6041068340 21.3553922609
10.7765080287 13.9210522583 2.1405336612
11.1550404483 13.3959380128 2.4447265341
11.2035421949 13.3811258381 21.1030413304
11.0019334332 14.6719801875 2.0619636330
11.5359270403 14.2506339742 2.4076935322
11.4554952080 14.1487287412 20.8410041420
10.8700256228 15.5267737005 1.8728414596
11.4534195080 15.0840439145 2.1608818073
11.7285893974 14.8910279404 20.5530918346
11.0027612300 15.6072943781 20.2398964704
11.0950003155 16.7162336049 1.8126794119
11.3254330830 16.3193387611 19.9209551067
10.9090428540 17.7292846464 1.7436022191
11.6414656566 17.0534722377 19.6233827937
10.8952578601 17.8285803621 19.3720652395
11.1211063665 18.4899094317 1.8587448296
11.1075850397 18.6896554025 19.2031265922
11.3369320281 19.2067977922 2.0137993170
11.2345232395 19.6282926816 19.1116462255
10.8792614525 19.9781651449 2.1330585465
11.3378193720 20.4899337262 2.4251926465
11.2960959365 20.6163405266 19.0748722896
11.4575710089 21.4007099265 2.7506208239
11.3362027527 21.6176521064 19.0735908612
11.5988479768 22.1260994057 3.0389741565
11.4018740742 22.6005558011 19.1088201751
11.0896347383 22.8130546078 3.2994416119
11.7737922561 23.2252452073 3.7591807798
11.5285334185 23.5359925251 19.1985443163
11.1959728911 24.0148380150 4.2517309787
11.7165954659 24.5424491867 4.8569447939
11.7232836205 24.4051286404 19.3566089604
11.2649691783 25.1642808890 5.4149403286
11.4134213547 25.6280272248 5.9770784641
10.9256053369 25.2211849961 19.5619540031
11.1238589159 26.0344926566 19.7693895126
11.1959798926 26.0177185556 6.3980232465
10.8306252322 26.8821598755 7.3469686956
11.0395182870 26.4812302049 6.9255784861
11.6081082864 26.8157382655 7.4984348263
11.2572262381 26.8915314254 19.9228160240
10.9719005045 27.3426957770 7.9349030622
11.6625650188 27.7968116692 8.7155407826
11.3359863753 27.8028409187 20.0026569753
11.2410744959 28.3889014132 9.3479048236
11.4164769204 28.7773264532 10.0056072520
11.3907907803 28.7432615606 20.0186922155
11.2540093079 29.1311893974 10.4672737992
10.7617870934 29.9220839017 11.3499097603
11.1790566773 29.5794095716 11.1620465910
11.2500487222 29.9424677443 11.8550756689
11.4558023759 29.6620836392 19.9897348155
10.7352596713 30.7586802202 12.9233439190
11.1532710231 30.3397699111 12.4922490521
10.9807429673 30.8587565542 13.4491750434
11.4493990686 30.5777188147 13.3450582645
11.4159109275 30.8708948387 13.9389283630
11.5105128737 30.5231961568 19.9042573333
11.0866469685 31.7069579127 15.0510683268
11.4508861941 31.2800304283 14.6450291971
11.5769278878 31.6558854581 15.3067679380
11.6399641534 31.1701415484 19.8032025751
11.2626264320 31.9878627846 15.8808348470
10.9415451286 32.2228340999 16.5206738511
11.6211310451 32.2336361958 16.4416648906
10.4974088026 32.2444052415 17.2428974351
10.4117623134 32.2103772600 18.1305324456
10.6506903806 32.0531791477 18.9083242287
11.3753553351 31.6732900536 19.5383968665
11.2951432496 3.2344073124 21.6262792976
11.5716736789 4.2742636717 16.6385211521
11.6644274233 4.2336470906 17.2359376494
11.7533062731 4.1535394801 18.1549773142
11.8779536076 4.0932009186 19.1033219064
12.0953685944 4.1354895101 19.8265603324
12.1111544594 4.0223402649 20.4897446919
12.1157025707 3.8890810117 21.1850588457
11.9359164154 3.6876400548 21.5307633994
11.5940913327 5.3557863107 12.5795983028
11.7019913445 5.2696570567 13.1549578117
11.8702906768 5.1741764101 14.0841213710
12.0168306783 5.0637878284 15.0336892348
12.0329503634 4.8634233990 15.8629115026
12.0403990269 4.6541364624 16.7318926606
12.2426433000 4.6403081789 17.7324188308
12.3396034146 4.5691936111 18.7027884684
12.3672229266 4.4527216925 19.4587666334
11.6440447919 6.2176222438 11.0464528902
12.2195959778 6.2469002404 11.8962518484
12.1098563153 5.7615739165 12.7148715596
12.3725599215 5.7057001321 13.6556784679
12.6673248043 5.6899087016 14.7374751255
12.6147195792 5.3977489177 15.7179188906
11.9277821591 7.3996057253 9.3916543105
12.3708717523 7.4845272939 9.8594244436
12.1924009348 7.0502832648 10.3435024501
12.2747888691 6.7429598812 11.0533174182
12.4511885010 7.6176609250 22.2129669551
11.8403973673 7.9001924580 22.2253949114
11.7841707540 8.2073508125 8.2568579671
12.2100079251 8.1739708418 8.7627923190
12.2664486102 7.7699888578 9.2964906293
12.1233339677 8.5139357074 22.1590433530
11.8026672567 9.2420020356 7.2269097523
12.2412487618 9.1723166959 7.7596053940
12.1875852819 8.6359256132 8.2379481460
12.2820045590 9.3273211659 22.0864936320
11.8055530806 10.2941518264 6.1396244191
12.2897295189 10.2671311315 6.6870452802
12.2886376750 9.7357342883 7.2329304541
12.3997700183 10.1937413535 21.9847828599
11.6390662154 11.5474911028 4.2183876291
11.8362338679 11.4523696548 4.6615046594
12.2764387856 11.3299851180 5.4703796565
12.2893931074 10.7950182533 6.1184186450
12.5509320392 11.0330606460 21.8226328732
11.6163940176 12.5943078192 3.1133789720
11.8274651247 12.2943033111 3.5702262337
12.0754690914 12.0113372267 4.2334284404
12.4238120797 11.9101500320 4.8955536958
12.7593916465 11.8303536119 21.6022513210
11.9796238564 12.6046949192 21.3551315077
11.7779548518 13.3413057460 2.8711729114
12.0675549917 12.8834462748 3.3411741146
12.2330828755 13.3814635451 21.1029780505
12.3237136519 14.3216344071 2.8875079253
12.4856317518 14.1494902255 20.8412128739
11.6763554642 15.8913822734 2.1158870460
12.0892164856 15.1760069547 2.4706477026
12.7610459395 14.8946612260 20.5545597516
12.0347600380 15.6115489562 20.2414916597
11.9069052342 16.6981560880 2.0892609887
12.4876644485 16.2404178336 2.4610344105
12.3591045012 16.3329359767 19.9264705969
11.7202090839 17.5894428820 1.9687498289
12.3661818301 17.1288947941 2.2583745933
12.6660886119 17.0827987665 19.6374505227
11.9190716830 17.8424679025 19.3810823989
11.8727867814 18.5058513082 2.0481757471
12.1262511097 18.7124786347 19.2182397340
11.9323028143 19.1255120217 2.1591571912
11.5837857927 19.6725630511 2.2025199973
12.2569659904 19.5344724885 2.4377604694
12.2448955687 19.6590043069 19.1289701119
12.2631411341 20.5236907866 2.7077964364
12.2972651612 20.6440910224 19.0899957634
12.3395512436 21.4037460114 2.9773833196
12.3398924154 21.6330928911 19.0870178074
12.2160794175 22.0892108963 3.1842712276
11.8381008706 22.5796281367 3.3233382152
12.6024913699 22.4091350466 3.5364689141
12.4136393252 22.6076022574 19.1219616652
12.7714030677 23.0948543185 4.0051634358
12.5429959403 23.5403001607 19.2113087698
12.4732978559 23.8399019154 4.4613212742
12.5417557217 24.4745923111 5.0302468629
12.7363068719 24.4054807249 19.3686815276
12.2983680751 24.9400937667 5.4497429020
11.8703416868 25.8226435942 6.3577917549
12.1088133422 25.4297204273 5.9660484331
12.5982082717 25.7635040235 6.5573689299
11.9491019597 25.2217436608 19.5655913528
12.1455172101 26.0349501519 19.7740254302
12.0021069705 26.2501240119 6.9363438131
12.6345315242 26.6806461242 7.6504648789
12.2760805210 26.8962199930 19.9300321367
12.1473648189 27.2452773339 8.1668416907
12.7871425257 27.6573367607 8.8704643023
12.3459421032 27.8222209942 20.0144988908
12.4224769982 28.1427680196 9.4836599108
11.9458499868 28.8802884914 10.4966409760
12.1577040731 28.5648180512 10.0702738026
12.6753075329 28.7692817800 10.7694422320
12.3830325314 28.7869647786 20.0381658067
12.2064244443 29.1387686332 11.2096961967
11.8234515943 29.9566218456 12.5179311316
12.1983264958 29.5560649376 12.1384583593
12.4413054400 29.7825506178 12.9505744540
12.4072453187 29.7432284185 20.0115421836
12.0189526173 30.1571835506 13.1938212218
11.9033797372 30.8689815173 14.4120713913
12.4149352192 30.4010394380 14.2113033739
12.3717083674 30.8736062826 14.9302893161
12.4263708092 30.6220303447 19.9302273716
11.8368683721 31.7327975879 15.6703969273
12.3140685568 31.3324431006 15.5475771048
12.2157947941 31.7668948612 16.1331644936
12.3993336866 31.3458031981 19.7669853091
12.2365278961 32.2776142859 16.9441444430
12.1271989766 32.1022222794 16.5832072182
12.5768872059 32.3083996982 17.4365765552
12.7532776307 32.1222479224 17.4242144240
12.8604870204 32.2539659722 17.9698216436
12.4936937356 31.7427600320 19.5923376143
12.5831080006 4.5190357588 20.1226697500
12.8108952334 4.5423832197 20.9602602814
12.7197743042 4.3259997750 21.4739530984
12.5284313493 5.1484349330 16.4322521921
12.7051101811 5.1466335315 17.2527669176
12.8272412989 5.1024856987 18.2751686659
12.8887618896 4.9838522051 19.3756301341
13.1682501906 5.0689308354 20.3396286907
13.5413186629 5.2688376785 21.0741397447
13.3179774501 4.8793796932 21.4878796819
13.2813959739 4.7895468260 21.6538390966
12.5764663119 6.2163448413 12.6131898545
12.7819624304 6.2044415779 13.2067383257
13.0531940431 6.2145920081 14.0636267731
13.4896707029 6.3730062100 14.9595493181
13.2325637769 5.9514428117 15.6425941416
13.1529316346 5.6808390919 16.6025669276
13.3110083184 5.6531896171 17.7359783198
13.3960137110 5.6053451521 18.7889167040
13.5040115607 5.5718499487 19.7521070818
13.6498023632 5.5745509130 20.4675361291
12.6458342657 7.4080239838 10.3725865247
12.8339197543 7.3269100138 10.8617665705
13.2109955625 7.2242710414 11.8093466461
13.0976474117 6.7057397789 12.6810809792
13.3836227950 6.6836708318 13.5558390263
13.5878572438 6.6736301561 14.2595646986
13.4646657878 7.5413099406 22.0647023768
12.9024557156 7.8998940296 22.1437112606
12.5980734435 8.1326693946 9.2423330062
12.8206288638 8.0578724904 9.6620926034
13.0920173548 7.8694527770 10.3860350315
13.4277338818 7.7912176440 11.1246353316
13.1520438063 8.5541971824 22.0861775928
12.6048293309 9.0575369704 8.2560933288
12.7874193351 8.8766908066 8.6716234755
12.9344536346 8.5317462318 9.2404108970
13.2699027687 9.3755195437 22.0473350636
12.7657842080 10.2289939504 7.2322865575
13.1744098961 10.1493137897 7.8133930580
13.0313669168 9.4445638153 8.3752147602
13.4108512102 10.2195657197 21.9613287996
12.7616197824 11.3070018706 6.0958147024
13.1833843699 11.2482598987 6.6670990146
13.1753719524 10.6974831243 7.2085699074
13.5718489343 11.0516325360 21.8109624919
12.4189380151 12.7908833497 3.8593781729
12.8213859854 12.6408109210 4.6155330938
12.9878636224 12.2252512243 5.3604070962
13.1759791384 11.8527006010 6.0370723530
13.7828213020 11.8420652794 21.5969091289
13.0081159660 12.6067910478 21.3542986526
12.4702740553 13.5249727547 3.3817749765
13.0355077312 13.5380334434 4.0477633625
13.3066532231 13.2715785642 4.6746979274
13.3410415830 12.8885569733 5.1344390499
13.2624282404 13.3826773153 21.1026874158
12.9834900411 14.3686783962 3.4224359881
13.5877156338 14.4703470191 4.0196948940
13.5189925675 13.8011707494 4.4740899090
13.5167857491 14.1516729569 20.8418718264
12.9014074977 15.3260469331 2.9489272167
13.4274504934 15.0748437397 3.4630886074
13.7980913236 14.9028210612 20.5592099418
13.0739626611 15.6261500102 20.2475350243
13.1864000562 16.2829279003 2.8849481037
13.4084847960 16.3785194532 19.9431357905
12.4466720784 17.9424140703 2.2762007679
13.0386029326 17.2449351433 2.6689053332
13.6675887478 17.1672421069 19.6710777186
12.9265360482 17.8894664439 19.4097035231
12.3574389942 18.7210598780 2.2797189616
12.9951792706 18.5519721368 2.6570095908
13.1296083186 18.7844613978 19.2610018335
13.0309097495 19.6804213768 2.8357521601
13.2092832179 19.7460711705 19.1694676573
13.0085993706 20.5866440005 3.0029624228
13.2401257852 20.6998780043 19.1260918683
13.0284790153 21.2046434845 3.1738352074
12.7307095272 21.7449285675 3.2429488945
13.4288526431 21.5002722025 3.5287446059
13.3138389236 21.6553636560 19.1264393208
13.5310367586 22.3675633630 3.9812781937
13.3991788842 22.6259442770 19.1612223716
13.3552805895 23.0556204844 4.2339246773
13.0367352125 23.4028211998 4.3061199625
13.6543609711 23.4420129474 4.6963128059
13.5268023255 23.5545236011 19.2491768447
13.0167636815 24.7022136041 5.4648343069
13.2982562760 24.1854917412 5.1100274891
13.8028550533 24.5764242154 5.7549246893
13.7117046745 24.4036372866 19.4029588913
13.1996097098 25.2006641281 6.1457982705
13.3385952842 25.7048985088 6.7959035675
12.9610087781 25.2126526713 19.5765463275
13.1641267856 26.0124526816 19.7840879124
13.0220656931 26.1377291573 7.1632688907
13.7862119751 26.4413054175 7.8039479639
13.3036194103 26.8718651763 19.9393811866
13.2698623120 27.1102222779 8.3418128341
13.8321941036 27.5290009909 9.0270209461
13.3687212103 27.8168752279 20.0208210996
13.4869815846 27.9726050728 9.6045617708
13.2515230154 28.3965965710 10.3828338651
13.4081664887 28.6659707769 11.1371011443
13.3836907836 28.8085490309 20.0326140194
13.0346648913 28.9028078168 11.3981060707
13.0840156499 29.1144800582 12.0862138071
12.7982255938 29.8844506427 13.6831015691
13.3217269091 29.3843160887 13.2128318773
13.0405513697 29.9738094364 14.2428060583
13.5335219908 29.6666942483 14.2449439469
13.4119219984 29.9997460638 14.7785976007
13.3673197520 29.7899665010 19.9723402545
12.8232494480 30.8859786783 15.4623380988
13.3300845891 30.4238746819 15.3903102788
13.2398928812 30.8989573418 16.0217337785
13.3057630207 30.7087935727 19.8098858804
12.7849756700 31.8029596534 16.8799387662
12.9851812550 31.3735351265 16.4526061085
13.1069295609 31.8143526875 17.4025777851
13.5464037073 31.3816071900 17.3825928413
13.3615629207 31.7770302340 17.9230174569
13.1999050653 31.5082262203 19.5106922247
13.0736044279 32.1448356035 18.6683820905
13.1551257989 32.0619832021 18.2986028693
13.0182429369 31.9407400116 19.2536557362
13.3039122865 31.8959803368 18.9836114660
13.6773356293 5.2650952241 21.5040747372
13.7099934662 5.2646297772 21.6515333311
13.6621066085 6.3416358103 15.6204095737
13.7379519672 6.2865008786 16.2386466792
13.8159368298 6.2109267551 17.2179747342
13.8844666983 6.1648368541 18.2609584802
13.9365261641 6.1150457083 19.2570964152
13.9876349469 6.0384258177 20.1209428106
14.0156826843 5.9125968617 20.8295499876
14.0061630564 5.7477731013 21.4216470520
14.0663486466 5.7874558530 21.6457394355
13.5660775612 7.2201837461 12.5572306320
13.7577403108 7.1995877312 13.1544254427
13.9320877966 7.1233316117 13.9476963480
14.0362308031 6.9930479675 14.7204730427
14.1282804562 6.8204764682 15.6480849122
14.3314370958 6.8011269320 16.7160754751
14.3899316737 6.7232183973 17.7566114628
14.4181944306 6.6641555442 18.7788186919
14.4206098440 6.5782538995 19.7480313007
14.3572608144 6.4068108839 20.4771916811
14.1981116249 7.1910711300 21.7860431342
14.0996623511 7.8779061148 21.8871927357
13.4339018337 8.6173237374 9.9026857345
13.8940593827 8.5416825576 10.8135755818
13.9547408640 8.0875002705 11.6670753916
14.0697865272 7.7777057483 12.5800851241
14.3483005069 7.7038044733 13.5798031258
14.3883587448 7.4916895976 14.3392448701
13.9889022732 8.7154208597 21.9943249083
13.4853037700 9.2961488055 9.1632928082
14.1579786270 9.4427754922 10.0680504604
14.6218261737 9.3639595195 10.9761759623
14.3901543155 8.7198016771 11.4660478366
14.2445659711 9.4286299399 21.9666510142
13.6339860925 9.9695619013 8.6116036941
14.1473354071 10.1005671760 9.2433882647
14.6990145858 10.3064610791 9.9029183712
14.6950544557 9.8848036212 10.4179609519
14.4166664708 10.2809352433 21.9148999546
13.5816142599 11.1649736939 7.1979286322
13.7997366067 11.0246891426 7.6497755346
14.1499377557 10.7603226780 8.4762261014
14.6311761908 10.7676893054 9.2282139022
14.5785868824 11.0994659130 21.7869539302
13.7581761324 12.8201225617 5.8363552168
13.9207147687 12.2100785371 6.6480668080
13.9671886708 11.6268301492 7.2502605881
14.7932676468 11.8688030784 21.5838352954
14.0339486501 12.6127594768 21.3515621883
13.7715615442 13.5693841094 5.0957023571
14.3491601016 13.7624604113 5.7892151076
14.6925889449 13.3086980340 6.6680063685
14.2910390590 13.3861638336 21.1009958781
13.8762841501 14.2153468194 4.6264188896
14.2745055001 14.3234579026 5.1410329325
14.8130016514 14.5475904176 5.7369179768
14.8645172602 14.0840333157 6.2270857770
14.5482878539 14.1559599081 20.8425306510
13.5920176818 15.8487181410 3.3057677721
13.9339822561 15.3919599760 3.8358723489
14.2393327612 14.9666016259 4.5170913266
14.6626437139 14.9614945053 5.1375244098
14.8341681547 14.9095336076 20.5693163878
14.1309321600 15.6563200746 20.2643359605
13.7181734398 16.7879843945 3.2064373498
14.1659707256 16.2715508102 3.7274526089
14.5515536053 16.5044376656 19.9780062109
13.7519897829 17.8668549081 3.1489000924
14.3317687819 17.2710727325 3.6837504316
14.4891606488 17.3482371925 19.7109047490
13.8928591079 17.9932801418 19.4762724310
13.7323454337 18.9775571065 3.1537171614
14.4464669550 18.4452572712 3.6768629285
14.1701226130 18.9680500566 19.3561425653
13.6721994971 19.9698242201 3.2272166514
14.2362607359 19.4394852111 3.5339339675
13.9630342108 19.9390363031 19.2237519641
13.5139595559 20.7423269794 3.2970414732
14.2551807370 20.4566993199 3.7211674207
14.1442080493 20.7287385753 19.2149150890
14.2229022958 21.4723628320 3.9971733745
14.2483297403 21.7017711647 19.2170215270
14.4841351143 22.0609741990 4.4452816519
13.8885944011 22.7741905881 4.3940997483
14.4628534483 22.8047925260 4.8141299899
14.3324154680 22.6779560972 19.2503993045
14.4499644629 23.3258135760 5.0933603541
14.4412990073 23.5944921734 19.3333559180
14.4000501722 23.8674859862 5.4892219523
14.6003223031 24.4172074219 6.0856325341
14.5937878629 24.3939833199 19.4731862276
14.3419764425 24.9104935032 6.4295462284
13.7531596202 25.9280976821 7.2338423319
14.0820140406 25.4557035929 6.8909017630
14.5295198860 25.8386752620 7.5414125618
13.9394854671 25.1733815812 19.6051890273
14.1898875537 25.9247055981 19.8085986189
14.8357310090 26.2982946774 8.1541204600
14.3558464649 26.8000500982 19.9571929760
14.5450308810 26.9318908942 8.6599210316
14.6425524258 27.4475068500 9.2651802871
14.3941627505 27.8019222806 20.0170918587
14.3864103830 27.7963489733 9.6667618492
14.3045001035 28.1093235566 10.3904178703
13.7357259888 28.7733776560 11.8549627681
14.2919543015 28.4180051720 11.3742267962
13.9463848660 28.9233117869 12.7494072647
14.5961767657 28.5842027463 12.4804935095
14.2113262853 29.0107212227 13.5304889829
14.7373595997 28.7292665269 13.3842029474
14.7591899866 28.8868430054 14.0122976038
14.3718464422 28.8193259803 19.9788443380
14.3410990924 29.2197109532 14.3015202359
13.8415086665 29.9938869057 15.3200326905
14.2732619656 29.6346384801 15.1640526309
14.2903145901 29.9841569660 15.8708551022
14.2854704578 29.8173081590 19.8170871432
13.7442675982 30.9445448636 16.8411495677
14.1390287413 30.4187072394 16.4740547669
14.0199510147 30.9648869026 17.3674104509
14.3933545176 30.6141929230 17.3245886751
14.2893652869 30.9007565938 17.8621416342
14.0955017456 30.7682131807 19.4862098152
13.6253729040 31.6715169345 18.6483202773
13.9575830667 31.3040328874 18.2644798333
13.7023724439 31.4690795940 19.1827713015
14.1488779947 31.1342094024 18.9501169371
14.4112351259 6.4417422423 21.0709353954
14.3263308837 6.4367298927 21.5443471736
14.6219434774 7.5157489018 15.0891249498
14.9249988333 7.5445508908 16.1682812608
14.9166071085 7.3174565241 17.2763226465
14.9266511000 7.2207659007 18.2920449019
14.9264855831 7.1512897728 19.3183149747
14.8384971168 7.0286029162 20.4043263553
14.6719231311 7.1959418550 21.3447858618
14.5648443786 8.5547867271 12.1435254470
14.8935957588 8.5118370317 13.1207359707
14.9448287496 8.1409742989 14.2885860340
15.2678948154 8.1700523050 15.3173946165
15.7201554405 8.3838184777 16.2172269645
15.4588434544 7.9253732217 16.9408529014
15.4357379432 7.7766840482 17.8292861344
15.4476616170 7.7129397216 18.8079493760
15.4497862493 7.6780609560 19.8145021725
15.4237386376 7.7835666710 20.7939599302
15.0247538456 7.9125638788 21.4688484136
14.9434863369 8.6398107160 21.7607637587
14.8117153943 9.1162946224 11.6948863030
15.1421426739 9.1868030502 12.3198571330
15.6166635686 9.3917558962 13.0901192136
15.4733209782 8.9013452945 13.8491785326
15.5968284003 8.7512857228 14.6953320933
15.8296967550 8.7577975348 15.4505093770
15.2412696370 9.5791099562 21.8303569521
14.9120775693 10.2284713866 10.3552024304
15.0481976408 10.0907368280 10.7725790013
15.2612789685 9.8123451261 11.5637493693
15.6194377473 9.8077554438 12.3152743346
15.3926499012 10.4283503383 21.8357256381
14.4790413059 11.6555765574 7.9522069751
14.9855676999 11.5666280836 8.8490751851
15.1167197175 11.0685391718 9.6700418138
15.1779060947 10.6250684838 10.3217892499
15.5370603383 11.1900474426 21.7426107666
14.5880419590 12.4018176363 7.3553577562
15.2189590732 12.5165481988 8.1394100729
15.7479017278 12.4494243893 9.0265913234
15.4905565328 11.7212900808 9.4932388465
15.7791880195 11.9126847521 21.5501070616
15.0537724118 12.6262711878 21.3418589534
15.1428842039 13.0840239819 7.4677498024
15.7327423453 13.4186929344 7.9344884047
15.8338043260 13.0424392550 8.4648582625
15.3173137731 13.3962714833 21.0921622780
15.1108440079 14.4848853150 6.2064948425
15.4335900742 14.3653128389 6.7112215239
15.4760384701 13.7700120501 7.2705954278
15.5752628407 14.1666833802 20.8378391131
14.4220724207 15.7781644347 4.2147101723
14.8494910748 15.7090223195 4.8259025785
15.1448113961 15.3355730063 5.5112281334
15.3826164179 14.9821672167 6.1353098932
15.8530953505 14.9188128335 20.5778211149
15.1701989037 15.6481967262 20.3047206919
14.7796111749 16.6097883345 4.3068253900
15.2189198452 16.4188914654 4.8951536333
15.3480453944 15.9917196351 5.2981808517
15.5388046448 16.2761194614 20.1239460797
14.9219523195 17.6929908465 4.1863821726
15.3439009607 17.1877319775 4.7659732394
14.8342368862 18.0579919851 19.6123565809
15.4552035655 17.1619710031 19.8993493898
15.0380534970 18.5211774642 4.1786348788
15.4377308368 18.1363817640 4.6472951170
15.0830045101 18.8069314124 19.5407730055
15.8419457218 18.2385240105 19.7781726437
14.8709524658 19.3952327929 4.0320845318
15.3768485738 18.9322460810 4.4874526038
15.6321930694 19.1568903043 19.6233033614
14.8598237674 19.7395965744 19.3972755118
14.9869016282 20.2215672616 4.1969704201
14.8091809097 20.9198492454 4.2084283235
15.2895571527 20.5741592068 4.5326046475
15.0380008535 20.8043943380 19.3729934745
14.7005437995 21.4525667788 4.3011598999
15.1765580637 21.3137353724 4.6742917836
15.1268073577 21.8158380311 19.3735270755
14.9700073194 22.9802620645 5.2804359386
15.3160275654 22.1283496604 5.1798445116
15.5005630995 22.7596458296 5.6292883289
15.1847197287 22.7950290088 19.4039748717
14.7714140137 23.4081573205 5.3709813211
15.2447781829 23.3629372308 5.7491903111
15.2331563297 23.6912752473 19.4733201615
15.0561105392 24.5987306300 6.5789276867
15.3998840879 23.9667434838 6.3333429157
15.6044698139 24.4751489994 6.9080213941
15.2518940189 24.3718030542 19.5677781848
15.2993770637 25.0653138970 7.2635143580
15.4493588111 25.7229103004 8.0035078169
14.8484256249 25.0478721515 19.6575825626
15.3489498322 25.6399151297 19.8588285951
15.6954562306 26.1385460640 8.5740041668
15.1294774506 26.5373233762 8.5442383651
15.5473181328 26.6414834715 8.9681805775
15.4145352908 26.7497365154 19.9841507382
15.0287359857 27.5978545199 9.7168597391
15.5096615342 27.1383252325 9.5206411682
15.5627464499 27.5330932325 10.1154054015
15.4024571535 27.7966190641 19.9774378045
15.0776416009 27.8335242620 10.2783284308
15.3161792030 28.0316039535 11.2290621895
15.3720943561 28.2562085963 12.2794299612
15.4840094330 28.4243886681 13.3001240688
15.0833816509 28.9265346077 14.5806615467
15.4833028383 28.6446123192 14.2488003826
15.6295397078 28.8105528888 14.9925878617
15.3179148171 28.8201898233 19.8246142767
15.2203452769 29.1408949070 15.2996064261
14.8223695632 29.9612942167 16.5701260209
15.1775320073 29.5409745512 16.1978768267
15.3686044461 29.7416903683 16.9949690145
15.1175304487 29.8062215259 19.4753198202
14.9379239209 30.1367770697 17.2160350261
14.5946171927 30.7515673239 18.5867218786
15.0172443727 30.3033637091 18.0634125979
14.6784814816 30.5568468817 19.1509218567
15.2035571449 30.1397681550 18.8933338649
15.8419212528 8.3343144152 16.8428853875
15.8992089618 8.2956893939 17.4203760928
15.9415693270 8.2457159615 18.3176428097
15.9654294797 8.2092605149 19.2820889699
15.9725460190 8.2012462041 20.1701409230
15.9990914807 8.3131437176 20.7753632393
15.6682612976 8.3597721681 21.2688288076
15.9156036740 9.0581613848 21.4969766377
15.8214639062 9.3642244691 13.6944189567
15.9578198333 9.3268205170 14.2383503567
16.1560001012 9.2725055483 15.0363713421
16.4496806292 9.2607902086 16.0035077249
16.2744337097 8.7939165167 16.8938542193
16.4019876638 8.7682786852 17.8327070525
16.4524403081 8.7353588459 18.7971888804
16.4437952116 8.6863125819 19.7422267977
16.3525571943 8.6076496123 20.4382917607
16.2759822318 9.9376034640 21.6143448239
15.5569381165 10.6438559637 10.9861911460
15.9315663291 10.5368709581 11.8618530092
16.0728945958 10.1757175590 12.7273600151
16.2171183863 9.9034637019 13.6261880418
16.4839140384 9.8494573095 14.5369413591
16.6378994525 9.7415560913 15.2724194266
16.1827960630 10.6777568582 21.7392229629
15.6762049731 11.3925505212 10.2378992275
16.1687035333 11.4087121940 11.1446007566
16.3728998581 11.1655637006 11.8735992208
16.3605841315 10.7922892530 12.3780574137
16.4432543156 11.2907133672 21.6487079105
15.9140630415 12.1035815277 9.7413785689
16.2642903787 12.1275949329 10.3584893132
16.7295971988 12.2725927289 11.0883219123
16.5947248437 11.6729013353 11.6414696379
16.7121822977 11.9777166044 21.4696778001
16.0622713940 12.6551239823 21.3080763847
16.0776145873 13.4421316610 8.3820255016
16.4036874295 13.3968513908 8.9474042611
16.3878954098 12.7807249439 9.6895639349
16.6913468313 12.7179856452 10.3593662751
16.3363750854 13.4267559261 21.0563518934
15.7832286849 14.2625683627 7.2207532844
16.0369082380 14.1520965994 7.6481235381
16.3251653844 13.9187162338 8.2647428267
16.5831388358 14.1996603622 20.8117957160
15.7753426071 15.9185186260 5.9446459829
16.0068807271 15.3056698440 6.6879025330
16.1168525702 14.7298776549 7.2622088546
16.8444798286 14.9522795438 20.5647070673
16.1493650043 15.6538887487 20.3370498428
15.6516105795 16.6600112132 5.3468735297
16.1798856776 16.8835857400 5.9189183467
16.5913812517 16.3721019450 6.7425533751
16.3663219900 16.4455917047 20.1346443752
15.9212513683 17.6513823964 5.3259756259
16.4044451264 17.5880831156 5.9055229902
16.6265787779 17.2148961598 6.3294849766
16.5538472803 17.3289280502 19.9940258565
15.8975586367 18.8408607958 5.0853717048
16.4116298603 18.3483462495 5.7444565096
16.7961866897 18.1014962978 19.9371888464
15.4969487420 19.7666320949 4.6351647725
16.0289987635 19.7714102036 5.2220731946
16.4437441578 19.3160458112 5.7029596115
15.7890608403 19.9822538955 19.5932909028
16.5476956292 19.0661665852 19.8204844151
15.7689726965 20.6411378588 5.0700490021
16.3839345807 20.3085908701 5.7210767479
15.8993339122 20.9953510129 19.5764381049
16.6883329870 20.1807187689 19.7893505650
15.6298251448 21.3692597720 5.1392894590
16.1099667456 21.3762487333 5.6870692011
15.9493239933 22.0105460893 19.5793113732
16.7475715465 21.2200231881 19.7798568924
15.8543482864 22.9828263978 6.0837661576
15.9826687471 22.3083838118 5.9011894910
16.3205444263 22.6533003865 6.4117520136
15.9546414509 23.0033206192 19.6057248376
16.7569330280 22.2501448900 19.7854933462
15.6969109808 23.4303587774 6.1897439133
16.1802358499 23.3190777841 6.6235195512
15.8745149691 23.9435221715 19.6577565794
16.6975309580 23.3007720850 19.8092405836
15.8915573713 24.5753660825 7.2497485534
16.2859819364 24.0132963422 7.1944602218
16.2748975731 24.6365085365 7.6647250294
15.5784567563 24.7155947802 19.7112073067
16.4398620079 24.5090550592 19.8599471558
15.9993069566 25.6974713213 8.3889080903
16.3660953348 25.1603766366 8.2377459232
16.4946588197 25.6817963053 8.8269627897
16.4499178334 25.6789699737 19.9681855522
16.0054474388 26.7062173928 9.4059190091
16.5226242685 26.2046946541 9.3706888463
16.4961828550 26.7319884578 9.9304322655
16.4417716222 26.7563546658 19.9834009323
15.8478536834 27.6789742027 10.7979536765
16.3510748352 27.2211378616 10.4916609527
16.1191744681 27.7882262274 11.4897073371
16.6159824862 27.4814860767 11.3753424264
16.6340111786 27.6837930831 11.9909701346
16.3794674230 27.7932476184 19.8528028742
16.1279146011 27.9476610573 12.1438549910
16.3635813012 28.0697806196 13.1844437367
16.3417104312 28.2895905456 14.2022168983
15.9599712170 28.8478352529 15.5591322035
16.3665967260 28.5274579445 15.2094976147
16.5080282703 28.7028895935 16.0267936245
16.2034590821 28.7918243621 19.5038803989
15.9765736554 29.0532462747 16.1940028685
15.6224599925 29.7548798900 17.7236561042
16.0568662726 29.2881795351 17.1529812439
15.7588351541 29.7108960481 18.5422424571
16.3174837514 29.2590790814 18.1723316000
15.7691075873 29.5415537555 19.1403341517
16.3586553290 29.1217438491 18.9319597955
16.3004625304 8.7770143336 20.9646014574
16.6974608067 9.2922221551 16.7259911686
16.8300306212 9.3000912394 17.3581072548
16.9306012378 9.2800964978 18.3061533591
16.9428091457 9.2352633657 19.3090042320
16.8189482932 9.1670494895 20.3332159451
16.6717243597 9.4188515983 21.1223866703
16.5870611982 10.7102218064 13.0539852122
16.8933498066 10.6240593105 14.0174174493
16.9922139267 10.3018438620 14.9639594409
17.0575527070 10.0606808676 15.7562134513
17.1530411709 9.8540066027 16.6997588110
17.3863398066 9.8746148818 17.7717349212
17.4462078509 9.8136779510 18.8076753456
17.4137086987 9.7740470171 19.8034641205
17.2915108604 9.8289685276 20.6705806688
17.0554296655 10.0252222013 21.2458245510
17.1045826648 10.7296996221 21.4757083815
16.7481150468 11.4133169967 12.3351702808
17.1191931824 11.4257655872 13.1931316408
17.3503553776 11.3116845128 13.9671820372
17.3801149454 10.9695098646 14.6872911282
17.3843923710 10.6297581312 15.3947918290
17.1680187213 11.4489652180 21.5127173365
16.9218522221 12.0482109181 11.8149684693
17.1933826066 12.0589465370 12.4092644159
17.4498069369 12.0816289926 12.9881203992
17.5127454441 11.8172591983 13.5573756524
17.5624054883 12.0283443145 21.2850368688
17.0622917230 12.7155738107 21.1970934414
16.7236237210 13.3339537128 9.5418898163
16.9122298695 13.2485111515 10.0242620613
17.1134397657 13.0581853593 10.7405925535
17.3093468551 12.7414119879 11.6748092658
17.5559666450 12.5768430343 12.5051713576
17.3235402997 13.5131193979 20.9504555000
16.6620680777 14.7757777783 7.9700062552
16.9151059225 14.3242659914 8.7826041088
17.0977217599 13.8681699490 9.5978141963
17.3119998573 13.6314906196 10.3268051909
17.5252490614 14.2764103583 20.7431430218
16.6146533284 15.4844995487 7.3403133370
17.0996493896 15.6135723276 7.9331043221
17.2725338134 15.1903998042 8.5742101931
17.8013353864 15.0098144660 20.4986926498
17.1186307245 15.7232544494 20.3258334432
17.0128173487 16.0924052416 7.4697369228
17.3474940033 16.2213430886 7.9087007286
17.4737323546 15.8993917074 8.3551715979
17.3488225507 16.5617121435 20.1408015297
16.7983044268 17.9348827180 6.3100249833
17.0531937948 17.3777881804 6.8743293978
17.2557987656 16.7516461403 7.4811110879
17.5082243685 17.4420414890 20.0393089313
16.8871568922 18.8393734361 6.2768526595
17.2670224378 18.3339825882 6.8901268296
17.5516689912 18.3623410346 19.9832411378
16.9044812503 19.8339778333 6.3026319961
17.3431520914 19.3380563613 6.8782959608
17.5597142101 19.3592194441 19.9475077299
16.8573372061 20.9366435369 6.4379004487
17.3439239979 20.3123229618 6.9331466186
17.6033597719 20.3918061296 19.9357007785
16.5729888688 21.9487695552 6.4113028042
17.3404374882 21.0677432922 7.0672225552
17.1268600033 21.7462297724 7.0059114559
17.5455561615 21.5249373425 7.4694729698
17.6220676876 21.4236431976 19.9342988054
16.8125581114 22.6814163115 6.9983409894
17.4541473922 22.3128291217 7.6330337779
17.6080850188 22.4665667187 19.9413352641
16.6414871552 23.3631189893 7.1367872195
17.1241756637 23.3475571355 7.7007837341
17.5464092339 23.5464284922 19.9608342599
16.7120184125 24.6621912785 8.0951197754
16.8939667255 24.2022018944 7.9464441618
17.1508891765 24.5683418329 8.5017358166
17.4927360399 24.6477158190 19.9948519137
16.9782571903 25.6809056364 9.2878024039
17.3928253818 25.0829317409 9.2013645402
17.4798264468 25.6724009466 9.7969358214
17.4748462461 25.7222810380 20.0031850958
17.0861835316 26.7753503639 10.6121800809
17.5343596194 26.2057617302 10.3956989718
17.7044945960 26.5905047652 11.0472740825
17.4359583368 26.7581106422 19.9068991638
17.3290840788 27.0227896271 11.3410443857
16.8900046411 27.7434323721 12.7255666600
17.3587799781 27.3638967847 12.2706076935
17.1424726271 27.7990992470 13.4698412830
17.6343260617 27.4987613587 13.2942215356
17.6484372099 27.6573543600 13.9860442934
17.3474042101 27.7627701313 19.5945468612
17.1038226593 27.9514080850 14.1246882351
17.1852804953 28.1069679595 15.0663468440
16.7527561344 28.7684328964 16.8309264567
17.3550075843 28.2839477784 16.2691744517
16.9050911358 28.8178850538 17.7960126287
17.5272994666 28.3879037015 17.4414831601
16.9797517686 28.7318682467 18.6422858009
17.6128471499 28.3488782124 18.3495864645
16.9236444216 28.5376187168 19.2169023395
17.6014625384 28.1438119457 19.0669296411
17.5911717085 10.6277784149 16.1162662263
17.8723339983 10.6534555304 17.1718149126
17.9206368890 10.4477200773 18.3195294722
17.9157588346 10.3562787387 19.3300577323
17.8330606215 10.3398745527 20.2365471587
17.6154487217 10.4280522329 20.9595421041
17.7644309852 11.7897023826 14.3254168357
17.7699967340 11.2432858158 15.3466497663
18.1408691397 11.4117424845 16.2498271012
18.3519447164 11.3801261732 17.1083904570
18.3574630157 11.1556711365 17.9293474985
18.3507099940 10.9906926028 18.9213491729
18.2863663627 10.8966463493 19.8340220895
18.1344780767 10.8855062463 20.5921182819
17.8575865911 10.9478549688 21.1095892148
17.7629627089 11.3965241810 21.2828452722
17.8229967872 12.5136419454 13.2903622772
18.1970040956 12.6427676253 14.1460780780
18.2345247154 12.1095004106 15.2128088800
18.4961799316 12.1252586611 16.0546770858
18.5358885594 11.8789089654 16.6897715999
18.1721895397 11.9714317673 20.9627177476
18.1485823660 12.8599577299 20.8454539735
17.6047051730 13.6153860028 11.0512480029
17.9597348607 13.4401372764 12.1988830415
18.2727700877 13.2644750059 13.3035394212
18.5010927360 13.2597957779 13.9753919537
18.5777028763 12.9719966397 14.7432738113
18.6502187296 12.6594650138 15.5783613365
18.0856582395 13.7313263522 20.7880563439
17.5032785381 14.7993271993 9.3843506853
17.6578265645 14.2967603432 10.2604135607
18.1134686258 14.4527548130 11.1312927761
18.3823486139 14.3178843892 11.9353144355
18.5092140156 14.0191927525 12.7193246029
18.6293493215 13.7544873909 13.4873916826
18.3619773249 14.3645607803 20.5975635857
17.7379722601 15.7390476270 9.0174402461
18.0917473445 15.3768041407 10.0825825043
18.4201176952 15.2272714668 10.9096296655
18.5052352238 14.8841429182 11.4831687933
18.6797726323 15.0661581283 20.3281096253
18.1191914048 15.8050658901 20.2366179508
17.7445978207 16.7293595168 8.3608150723
18.1482820518 16.4367386439 9.3595409674
18.4254123597 16.2333194286 10.0528928519
18.5111193827 15.7948984503 10.5682592341
18.3242363413 16.6926611043 20.0727338757
17.6135453594 17.7120195462 7.6536882435
17.9457909532 17.5747830461 8.2958820033
18.2379027890 17.4695620792 8.9278423110
18.5439185704 17.0202277180 9.7680468138
18.4023782487 17.6075794831 20.0268299495
17.7318470277 18.8556748538 7.5399735012
18.1118821122 18.3621058798 8.3270712253
18.4705035050 18.2698152874 9.0087742522
18.6234015179 17.7998339398 9.4938370619
18.4593769658 18.5403911071 20.0143174530
17.7563154855 19.8965313256 7.5045722354
18.1524235534 19.4897226755 8.1674158715
18.5298459327 19.0827726631 8.8675268915
18.4924757616 19.5261056718 20.0162322662
17.7049643555 20.8337259677 7.5250314039
18.1324436228 20.5400798023 8.1267302296
18.5688460282 20.1225322901 8.7820082183
18.5158508428 20.5409851229 20.0194167482
17.9944417559 21.6400674814 8.1197137251
18.5367328492 21.1667053386 8.7576106190
18.5211884610 21.5713065267 20.0227416702
17.9557233709 22.8595254724 8.4699481233
18.5125296857 22.1220584232 8.8888212459
18.5089842978 22.6142451049 20.0281710199
17.5510103367 23.8519193660 8.4670812945
18.6770319395 22.9116202376 9.3404152280
18.1906108078 23.6782972237 9.1147493080
18.6886755970 23.6503854655 9.6730631072
18.4883008457 23.6679823185 20.0356422705
17.7583069625 24.3262377415 9.0040559052
18.3389975908 24.3393280479 9.6739395618
18.4707853052 24.7190078281 20.0283837011
17.9859170038 25.6722401096 10.3149875390
18.4004558178 25.0596631648 10.2605693853
18.4630094839 25.6621229563 10.8331680712
18.4459401098 25.7469847666 19.9579179928
18.0399184206 26.6692121370 11.5828251992
18.4745886338 26.1708275369 11.4186233165
18.5215919773 26.5352899006 12.0384718003
18.3890205340 26.7110247097 19.7490826617
18.0667847912 26.9067104213 12.1637517805
18.2346926991 27.0851155152 13.0655565023
17.8437214832 27.7132374304 14.7686695501
18.4372915041 27.2546937121 14.2343945925
17.9906695846 27.8290626357 15.7385546106
18.5875812880 27.4141566182 15.3994340164
18.1807483188 27.8727756933 16.5214968689
18.6762251867 27.5338794994 16.3303125504
18.6348610026 27.6713875999 16.9978952162
18.3185881664 27.4467146540 19.3713669485
18.1446470241 27.9921073784 17.1894263245
18.2315051622 27.9885456906 18.0459125745
18.2782511621 27.8409109158 18.8072901209
18.7336286611 11.9600869785 17.5001409922
18.7267102697 11.7118115355 18.5637752717
18.6434872058 11.5501851694 19.5179533185
18.4882697187 11.3889909134 20.2394767081
18.2739227720 11.4511117701 20.8078148418
18.8841038886 12.6423846573 16.5344782401
19.0154515535 12.5655547812 17.4063427983
19.1213078601 12.6036631733 18.2655788709
18.9390859071 12.1868312139 19.1970478195
18.7383625360 12.2591477129 20.1899450272
18.8382057638 13.7158563624 14.1960483733
19.0545735976 13.5058797350 15.3561144220
19.2630234449 13.4478685500 16.4027760785
19.2744220109 13.1517031411 17.3229147568
19.4266222473 13.2904820505 18.0819760474
19.4211919262 13.2143741249 18.6586404018
19.5197961393 13.4868765755 19.0972791548
19.2431635862 12.8911376924 19.3111880500
19.1982871755 13.0625179949 19.9481956752
18.9181961457 13.1024255985 20.3658085095
18.8113888249 13.7652052158 20.4964436610
18.7415310408 14.8267817687 12.1513135117
19.0156158802 14.5749911991 13.2591937623
19.2463330029 14.3101608959 14.3970241303
19.4505976119 14.3094548039 15.1403964486
19.5121815171 14.1102757071 15.9498231543
19.5703490402 13.9095716397 16.9153266691
19.5732464756 13.7135533061 17.6842442497
19.4393352584 13.4312978788 19.5853186863
18.9701609428 14.4774692530 20.3634733000
18.7721214019 15.6263720473 11.3055733078
19.1762704795 15.6205144750 12.2518902718
19.4155264680 15.4333983581 13.0921970578
19.4942635983 15.0732321373 13.8796870346
19.5837278820 14.7960781255 14.6519653314
19.2823374541 14.9642607333 20.0432425818
19.2332134482 15.9288592072 19.9155160104
18.7544868039 16.4852037490 10.5403613682
19.1768014372 16.5884615319 11.3241002769
19.4620863363 16.4037476272 12.0930484117
19.5415440424 16.0394379519 12.6806146157
19.0997999526 16.9575670413 19.9638177457
19.0170493574 17.6159857601 10.3305982466
19.4102865914 17.4417244110 11.1749167908
19.5364846566 17.0046007212 11.7565413220
19.2522619591 17.7562236602 19.9673347096
18.8203100704 18.5374187879 9.5369954907
19.2328622721 18.7633527036 10.1487911276
19.4893535265 18.2559208518 10.8690512864
19.3019009867 18.6800306231 20.0160904255
19.0085485151 19.5960925596 9.5318018659
19.4165245626 19.5117061695 10.1904502106
19.5707700582 19.0470287229 10.6357216059
19.3459026865 19.6501944772 20.0419334646
18.9919907901 20.7287268939 9.3741425545
19.4156428958 20.3265129534 10.0426238358
19.3657148809 20.6686345972 20.0552490227
18.9392488576 21.6948308459 9.3448687847
19.3798961701 21.3446464586 9.9448402459
19.3697426420 21.7002395053 20.0601942489
18.8612400138 22.2982436743 9.3484059382
19.2233225502 22.3605195752 9.8628222247
19.3661002268 22.7362269961 20.0605021119
18.9640722280 23.9677588488 10.1527574928
19.1293137909 23.2598441394 10.0248885267
19.3999905155 23.6502909492 10.5281493507
19.3603828663 23.7724785953 20.0479399419
18.7707487166 24.4513763676 10.2142595018
19.2373592822 24.3428837926 10.7070384164
19.3522766415 24.7980499239 19.9889544707
18.9211209081 25.6657011286 11.3508757438
19.2977792916 25.0594614163 11.3006220492
19.2925533396 25.6785047367 11.8812727768
19.3274917123 25.7839721322 19.8144565478
18.7760057808 26.6322197745 12.7592464607
19.1003468782 26.1789062176 12.3390792560
19.0020125550 26.7547167833 13.6833749423
19.5406138541 26.2131672781 13.2992409535
19.2090898764 26.8235724187 14.4638195638
19.6570213831 26.4293316339 14.2466976341
19.6478372446 26.6226085484 14.9364529534
19.2369525412 26.6850278636 19.4441881899
19.1865862194 26.9909461610 15.1563080005
19.2693656411 27.1092773980 16.0976728796
18.7887291065 27.6301578261 17.7049647394
19.2633423741 27.2544470440 17.1317442735
18.8656887295 27.5382945205 18.5051395247
19.4092705413 27.1830755287 18.1331870172
18.8610310714 27.3444308216 19.0823973194
19.4146474656 27.0217781515 18.8812852374
19.6467981021 13.8170329409 18.4598518455
19.3049887995 13.6222532467 20.0156163244
19.8194261946 14.9262645196 15.4463674196
19.8761767721 14.6722724504 16.5470133683
19.8652078699 14.4398209714 17.6611280877
19.8644169994 14.5259128651 18.6169790533
19.6264397143 14.0506295322 19.3366789182
19.3763536028 14.3245184116 19.9931129527
19.7762052775 15.9994332930 13.4983656753
19.8525864984 15.4823215961 14.5029937253
20.1790520614 15.8201595357 15.2707278243
20.1999671372 15.4700524683 16.1948852893
20.2108481501 15.2769003153 17.1944487161
20.1483897504 15.1971153407 18.2121553645
19.8116612457 15.1152037671 19.3088729306
19.7952355681 16.8903582066 12.5921882400
20.0525254978 16.8374659992 13.4905841486
20.1820754887 16.4562332411 14.3836886840
20.4373050210 16.5252535816 15.2258811360
20.4916673312 16.2462500038 15.9561687930
20.5206593707 16.0189143659 16.8238511159
20.5111415214 15.9182227911 17.7295126362
20.3750420695 15.9076803625 18.6511011453
20.0634012060 16.0786268469 19.3567053956
19.9528230290 16.9888597502 19.6975670377
19.7526084325 17.8035254910 11.7503742161
20.0159631980 17.7850903754 12.5189980259
20.1130443820 17.4645806345 13.1075406227
20.3511560001 17.5087057483 13.9039792374
20.5427766525 17.2202577565 14.8477121195
19.8551055287 17.9837652547 19.9286133928
19.8622758565 18.9149597010 11.3659542775
20.0531219365 18.4569519318 12.1518621909
20.3209266446 18.3991385987 13.0428686977
20.5659070003 18.3325776782 13.9111010482
20.6442061008 17.9670033474 14.5038586099
19.9604390170 18.8151107511 19.9973454519
19.7705207706 19.8242089852 10.7867674042
20.0305117667 19.6483952693 11.4140054350
20.2656217610 19.4363919651 12.1541900382
20.5376403472 19.3145547175 13.0056532454
20.6308998580 18.9479008541 13.5961509303
20.0021089633 19.8340494493 20.0486222910
19.7990462612 20.9161517994 10.6475365005
20.1636599534 20.4331597410 11.4721710646
20.4785049967 20.3716072044 12.2163955703
20.5932276700 19.9496891399 12.7316989408
20.0181828811 20.8684973338 20.0671458278
19.7441289312 21.9692669412 10.5629464800
20.1603349020 21.5846915731 11.2817832059
20.5058487310 21.2311232336 12.0340060890
20.0223684676 21.9017079340 20.0702162199
19.6109433556 22.9349303080 10.5540838140
20.0769568130 22.6390002502 11.2145226114
20.4869802789 22.2873768412 11.9263771894
20.0235473742 22.9332788520 20.0599486125
19.8313667125 23.6766897800 11.1496001174
20.3636255332 23.3360404876 11.8940294193
20.0294590522 23.9584277897 20.0137326219
19.6700746546 24.3796961370 11.2627377502
20.0762512569 24.3505518350 11.8733738650
20.0526044457 24.9540731019 19.8715357447
19.7544992808 25.7218491398 12.6842588646
19.9121010367 25.1523251233 12.2307281190
20.0773450222 25.7335178506 13.3393871754
20.2700695797 25.2780051705 13.0054325541
20.4131210870 25.4554969965 13.6418409528
20.0948263405 25.8572947011 19.5274177245
20.1325902837 25.9243082197 13.9971296684
19.8208788133 26.6534611733 15.7174277404
20.2127170948 26.1494756662 14.9984004482
19.9054109861 26.7547177004 16.7411585281
20.4657098945 26.2347644074 16.2250265052
19.9285235521 26.8083110722 17.7273506811
20.4017720779 26.4326716547 17.3698333121
19.9532230359 26.7081713691 18.5559642987
20.3306318859 26.4709235431 18.1928555760
19.8862136818 26.5029461221 19.1368940275
20.4023706886 26.1929209519 18.9129322655
20.7023024827 17.0335669660 15.7053915203
20.7751338928 16.7699764803 16.5553863396
20.7640592655 16.5144748912 17.2992209290
20.7862728520 16.5999432961 18.0865640868
20.5178003422 16.5600060367 18.9997607300
20.8542038829 17.9597354696 15.3281986218
20.9631965532 17.6001719402 16.2687835308
20.9999760175 17.2585749532 17.1807532480
21.0153107323 17.1517301698 17.8360026849
20.8109763248 16.8379712318 18.6134799571
20.5093367383 17.0472256551 19.3271890595
20.2497967143 17.9357260401 19.8217315742
20.8551501810 18.8679522980 14.4530950448
21.0460601128 18.7371142758 15.3646907557
21.0751760395 18.3170563677 15.9595247609
21.1679434654 18.2008177331 16.6318454279
21.1607845053 17.7957700488 17.2129733804
20.2789176804 19.1293450437 19.9992630336
20.8313511343 19.8209652398 13.5492188763
21.0061700270 19.6556177541 14.2709058387
21.1234327412 19.4811337552 14.9361592049
21.1986065657 18.9370032618 15.9086873105
21.2553678794 18.7437160584 16.4542560929
21.2395249765 18.3317461637 16.8663025740
20.3047069411 20.1981876216 20.0556338162
20.7753521414 20.7636931333 12.8359676332
20.9727925023 20.6059639808 13.4497979115
21.1074938780 20.3744871053 14.0625950643
21.2059449698 20.0334194386 14.7180701032
21.2326667139 19.4725409741 15.4638936634
21.2639396457 19.1426686893 16.0276596413
20.3156429438 21.2387936832 20.0702831308
20.8077334270 21.8869303576 12.6437452822
21.0444018831 21.3807307152 13.3589455670
21.1728827546 21.1532573818 13.8101638158
21.2060341381 20.5741161450 14.2309901956
20.3198739092 22.2714350491 20.0664322918
20.7644429973 22.9925302016 12.6094989713
21.0295255920 22.5767374440 13.1825858576
21.1464011719 22.1049936777 13.4919411000
20.3282566725 23.2986026019 20.0354474321
20.6064609441 24.0098769845 12.6437034296
20.9666825731 23.7985022016 13.4050616518
21.1275653744 23.1747000646 13.5380914200
20.3643936423 24.3064047170 19.9340120547
20.3822490693 24.7291481684 12.6410185147
20.6740901245 24.8038168579 13.4424230579
21.1218629044 24.1388066771 13.9771329561
20.9838191575 24.8276324625 14.3261639834
21.1319249925 24.7234177370 14.4969003368
20.4998805643 25.2493201665 19.6785949997
20.6022512477 25.4746069490 14.3207591035
21.0675645908 25.2018585852 15.0434820344
20.8213576309 25.6312713272 15.3241568655
20.8913545712 25.8922860977 16.1938400293
21.0237635162 25.6404141156 15.8018715777
20.9786394103 25.8730596277 16.3765204014
20.6080065325 25.7349737288 19.3732536665
20.7371491363 25.5979089545 19.4166575212
20.7053575900 25.9136753190 19.0216001316
20.7533410457 26.1220062105 16.9207693511
20.6091468515 26.2170463289 18.1404268745
3 2 1 0
3 4 3 0
3 0 3 2
3 6 5 4
3 4 5 3
3 8 7 6
3 6 7 5
3 10 9 8
3 8 9 7
3 12 11 10
3 10 11 9
3 14 13 12
3 12 13 11
3 14 15 13
3 18 17 16
3 20 19 16
3 16 19 18
3 22 21 20
3 20 21 19
3 21 22 1
3 22 0 1
3 22 23 0
3 0 24 4
3 0 23 24
3 4 25 6
3 4 24 25
3 6 26 8
3 6 25 26
3 8 27 10
3 8 26 27
3 10 28 12
3 10 27 28
3 12 29 14
3 12 28 29
3 15 14 30
3 14 31 30
3 14 29 31
3 17 32 16
3 16 32 20
3 20 32 33
3 20 33 22
3 22 33 34
3 22 34 23
3 23 34 35
3 23 35 24
3 24 35 36
3 24 36 25
3 25 36 37
3 25 37 26
3 26 37 38
3 26 38 27
3 27 38 39
3 27 39 28
3 28 39 40
3 28 40 29
3 29 40 41
3 29 41 31
3 31 41 42
3 45 44 43
3 1 2 43
3 2 45 43
3 2 46 45
3 47 2 3
3 47 46 2
3 48 3 5
3 48 47 3
3 49 5 7
3 49 48 5
3 50 7 9
3 50 49 7
3 51 9 11
3 51 50 9
3 52 11 13
3 52 51 11
3 54 53 15
3 53 13 15
3 53 52 13
3 57 56 55
3 17 18 55
3 18 57 55
3 18 58 57
3 59 18 19
3 59 58 18
3 21 43 44
3 59 21 44
3 19 21 59
3 43 21 1
3 30 54 15
3 62 61 60
3 62 60 56
3 60 55 56
3 60 63 55
3 64 32 17
3 55 64 17
3 63 64 55
3 65 33 32
3 65 32 64
3 66 34 33
3 66 33 65
3 67 35 34
3 67 34 66
3 68 36 35
3 68 35 67
3 69 37 36
3 69 36 68
3 70 38 37
3 70 37 69
3 71 39 38
3 71 38 70
3 72 40 39
3 72 39 71
3 73 41 40
3 73 40 72
3 74 42 41
3 74 41 73
3 61 75 60
3 77 76 75
3 76 60 75
3 76 63 60
3 63 78 64
3 63 76 78
3 64 79 65
3 64 78 79
3 65 80 66
3 65 79 80
3 66 81 67
3 66 80 81
3 67 82 68
3 67 81 82
3 68 83 69
3 68 82 83
3 69 84 70
3 69 83 84
3 70 85 71
3 70 84 85
3 71 86 72
3 71 85 86
3 72 87 73
3 72 86 87
3 73 88 74
3 73 87 88
3 76 77 89
3 89 77 90
3 76 91 78
3 76 89 91
3 78 92 79
3 78 91 92
3 79 93 80
3 79 92 93
3 80 94 81
3 80 93 94
3 81 95 82
3 81 94 95
3 82 96 83
3 82 95 96
3 83 97 84
3 83 96 97
3 84 98 85
3 84 97 98
3 85 99 86
3 85 98 99
3 86 100 87
3 86 99 100
3 87 101 88
3 87 100 101
3 89 90 102
3 102 90 103
3 89 104 91
3 89 102 104
3 91 105 92
3 91 104 105
3 92 106 93
3 92 105 106
3 93 107 94
3 93 106 107
3 94 108 95
3 94 107 108
3 95 109 96
3 95 108 109
3 96 110 97
3 96 109 110
3 97 111 98
3 97 110 111
3 98 112 99
3 98 111 112
3 99 113 100
3 99 112 113
3 100 114 101
3 100 113 114
3 102 103 115
3 115 103 116
3 102 117 104
3 102 115 117
3 104 118 105
3 104 117 118
3 105 119 106
3 105 118 119
3 106 120 107
3 106 119 120
3 107 121 108
3 107 120 121
3 108 122 109
3 108 121 122
3 109 123 110
3 109 122 123
3 110 124 111
3 110 123 124
3 111 125 112
3 111 124 125
3 112 126 113
3 112 125 126
3 128 114 127
3 114 126 127
3 114 113 126
3 115 116 129
3 129 116 130
3 115 131 117
3 115 129 131
3 117 132 118
3 117 131 132
3 118 133 119
3 118 132 133
3 119 134 120
3 119 133 134
3 120 135 121
3 120 134 135
3 121 136 122
3 121 135 136
3 122 137 123
3 122 136 137
3 123 138 124
3 123 137 138
3 124 139 125
3 124 138 139
3 125 140 126
3 125 139 140
3 127 126 141
3 141 126 140
3 129 130 142
3 142 130 143
3 129 144 131
3 129 142 144
3 131 145 132
3 131 144 145
3 132 146 133
3 132 145 146
3 133 147 134
3 133 146 147
3 134 148 135
3 134 147 148
3 135 149 136
3 135 148 149
3 136 150 137
3 136 149 150
3 137 151 138
3 137 150 151
3 138 152 139
3 138 151 152
3 139 153 140
3 139 152 153
3 141 140 154
3 154 140 153
3 142 143 155
3 155 143 156
3 142 157 144
3 142 155 157
3 144 158 145
3 144 157 158
3 145 159 146
3 145 158 159
3 146 160 147
3 146 159 160
3 147 161 148
3 147 160 161
3 148 162 149
3 148 161 162
3 149 163 150
3 149 162 163
3 150 164 151
3 150 163 164
3 151 165 152
3 151 164 165
3 152 166 153
3 152 165 166
3 154 153 167
3 167 153 166
3 155 156 168
3 168 156 169
3 155 170 157
3 155 168 170
3 157 171 158
3 157 170 171
3 158 172 159
3 158 171 172
3 159 173 160
3 159 172 173
3 160 174 161
3 160 173 174
3 161 175 162
3 161 174 175
3 162 176 163
3 162 175 176
3 163 177 164
3 163 176 177
3 164 178 165
3 164 177 178
3 165 179 166
3 165 178 179
3 167 166 180
3 180 166 179
3 168 169 181
3 181 169 182
3 168 183 170
3 168 181 183
3 170 184 171
3 170 183 184
3 171 185 172
3 171 184 185
3 172 186 173
3 172 185 186
3 173 187 174
3 173 186 187
3 174 188 175
3 174 187 188
3 175 189 176
3 175 188 189
3 176 190 177
3 176 189 190
3 177 191 178
3 177 190 191
3 178 192 179
3 178 191 192
3 180 179 193
3 193 179 192
3 196 195 194
3 198 197 194
3 194 197 196
3 200 199 198
3 198 199 197
3 199 200 182
3 200 181 182
3 200 201 181
3 181 202 183
3 181 201 202
3 183 203 184
3 183 202 203
3 184 204 185
3 184 203 204
3 185 205 186
3 185 204 205
3 186 206 187
3 186 205 206
3 187 207 188
3 187 206 207
3 188 208 189
3 188 207 208
3 189 209 190
3 189 208 209
3 190 210 191
3 190 209 210
3 191 211 192
3 191 210 211
3 193 192 212
3 212 192 211
3 195 213 194
3 215 214 213
3 214 194 213
3 214 198 194
3 198 216 200
3 198 214 216
3 200 217 201
3 200 216 217
3 201 218 202
3 201 217 218
3 202 219 203
3 202 218 219
3 203 220 204
3 203 219 220
3 204 221 205
3 204 220 221
3 205 222 206
3 205 221 222
3 206 223 207
3 206 222 223
3 207 224 208
3 207 223 224
3 208 225 209
3 208 224 225
3 209 226 210
3 209 225 226
3 228 211 227
3 211 226 227
3 211 210 226
3 211 228 212
3 214 215 229
3 229 215 230
3 214 231 216
3 214 229 231
3 216 232 217
3 216 231 232
3 217 233 218
3 217 232 233
3 218 234 219
3 218 233 234
3 219 235 220
3 219 234 235
3 220 236 221
3 220 235 236
3 221 237 222
3 221 236 237
3 222 238 223
3 222 237 238
3 223 239 224
3 223 238 239
3 224 240 225
3 224 239 240
3 225 241 226
3 225 240 241
3 227 226 242
3 242 226 241
3 229 230 243
3 243 230 244
3 229 245 231
3 229 243 245
3 231 246 232
3 231 245 246
3 232 247 233
3 232 246 247
3 233 248 234
3 233 247 248
3 234 249 235
3 234 248 249
3 235 250 236
3 235 249 250
3 236 251 237
3 236 250 251
3 237 252 238
3 237 251 252
3 238 253 239
3 238 252 253
3 239 254 240
3 239 253 254
3 240 255 241
3 240 254 255
3 242 241 256
3 256 241 255
3 243 244 257
3 257 244 258
3 243 259 245
3 243 257 259
3 245 260 246
3 245 259 260
3 246 261 247
3 246 260 261
3 247 262 248
3 247 261 262
3 248 263 249
3 248 262 263
3 249 264 250
3 249 263 264
3 250 265 251
3 250 264 265
3 251 266 252
3 251 265 266
3 252 267 253
3 252 266 267
3 253 268 254
3 253 267 268
3 254 269 255
3 254 268 269
3 256 255 270
3 270 255 269
3 257 258 271
3 271 258 272
3 257 273 259
3 257 271 273
3 259 274 260
3 259 273 274
3 260 275 261
3 260 274 275
3 261 276 262
3 261 275 276
3 262 277 263
3 262 276 277
3 263 278 264
3 263 277 278
3 264 279 265
3 264 278 279
3 265 280 266
3 265 279 280
3 266 281 267
3 266 280 281
3 267 282 268
3 267 281 282
3 284 269 283
3 269 282 283
3 269 268 282
3 269 284 270
3 272 285 271
3 271 285 273
3 273 285 286
3 288 287 286
3 287 273 286
3 287 274 273
3 274 289 275
3 274 287 289
3 275 290 276
3 275 289 290
3 276 291 277
3 276 290 291
3 277 292 278
3 277 291 292
3 278 293 279
3 278 292 293
3 279 294 280
3 279 293 294
3 280 295 281
3 280 294 295
3 281 296 282
3 281 295 296
3 283 282 297
3 297 282 296
3 287 288 298
3 298 288 299
3 287 300 289
3 287 298 300
3 289 301 290
3 289 300 301
3 290 302 291
3 290 301 302
3 291 303 292
3 291 302 303
3 292 304 293
3 292 303 304
3 293 305 294
3 293 304 305
3 294 306 295
3 294 305 306
3 308 296 307
3 296 306 307
3 296 295 306
3 296 308 297
3 299 309 298
3 311 310 309
3 310 298 309
3 310 300 298
3 300 312 301
3 300 310 312
3 301 313 302
3 301 312 313
3 302 314 303
3 302 313 314
3 303 315 304
3 303 314 315
3 304 316 305
3 304 315 316
3 305 317 306
3 305 316 317
3 307 306 318
3 318 306 317
3 310 311 319
3 319 311 320
3 310 321 312
3 310 319 321
3 312 322 313
3 312 321 322
3 313 323 314
3 313 322 323
3 314 324 315
3 314 323 324
3 315 325 316
3 315 324 325
3 316 326 317
3 316 325 326
3 318 317 327
3 327 317 326
3 319 320 328
3 328 320 329
3 319 330 321
3 319 328 330
3 321 331 322
3 321 330 331
3 322 332 323
3 322 331 332
3 323 333 324
3 323 332 333
3 324 334 325
3 324 333 334
3 325 335 326
3 325 334 335
3 327 326 336
3 336 326 335
3 329 337 328
3 328 337 330
3 330 337 338
3 330 338 331
3 331 338 339
3 331 339 332
3 332 339 340
3 332 340 333
3 333 340 341
3 333 341 334
3 334 341 342
3 334 342 335
3 335 342 343
3 335 343 336
3 345 344 45
3 45 344 44
3 346 45 46
3 346 345 45
3 347 46 47
3 347 346 46
3 348 47 48
3 348 347 47
3 349 48 49
3 349 348 48
3 350 49 50
3 350 349 49
3 351 50 51
3 351 350 50
3 352 51 52
3 352 351 51
3 353 52 53
3 353 352 52
3 355 354 57
3 57 354 56
3 356 57 58
3 356 355 57
3 357 58 59
3 357 356 58
3 59 44 344
3 59 344 357
3 360 359 358
3 61 62 358
3 62 360 358
3 62 361 360
3 62 56 354
3 62 354 361
3 358 359 362
3 362 359 363
3 364 75 61
3 358 364 61
3 362 364 358
3 364 77 75
3 363 365 362
3 367 366 365
3 366 362 365
3 366 364 362
3 366 90 77
3 366 77 364
3 366 367 368
3 368 367 369
3 368 103 90
3 368 90 366
3 368 369 370
3 370 369 371
3 370 116 103
3 370 103 368
3 373 372 128
3 373 128 127
3 370 371 374
3 374 371 375
3 374 130 116
3 374 116 370
3 141 373 127
3 141 376 373
3 374 375 377
3 377 375 378
3 377 143 130
3 377 130 374
3 154 376 141
3 154 379 376
3 377 378 380
3 380 378 381
3 380 156 143
3 380 143 377
3 167 379 154
3 167 382 379
3 380 381 383
3 383 381 384
3 383 169 156
3 383 156 380
3 180 382 167
3 180 385 382
3 388 387 386
3 390 389 386
3 386 389 388
3 392 391 390
3 390 391 389
3 391 392 384
3 392 383 384
3 392 393 383
3 393 182 169
3 393 169 383
3 193 385 180
3 193 394 385
3 387 395 386
3 396 195 196
3 386 396 196
3 390 386 196
3 395 396 386
3 390 196 197
3 390 197 392
3 392 197 199
3 392 199 393
3 393 199 182
3 212 394 193
3 212 397 394
3 213 195 398
3 195 399 398
3 195 396 399
3 398 215 213
3 401 400 228
3 401 228 227
3 212 228 397
3 397 228 400
3 398 399 402
3 402 399 403
3 402 230 215
3 402 215 398
3 242 401 227
3 242 404 401
3 402 403 405
3 405 403 406
3 405 244 230
3 405 230 402
3 256 404 242
3 256 407 404
3 405 406 408
3 408 406 409
3 408 258 244
3 408 244 405
3 270 407 256
3 270 410 407
3 408 409 411
3 411 409 412
3 411 272 258
3 411 258 408
3 414 413 284
3 414 284 283
3 270 284 410
3 410 284 413
3 411 412 415
3 415 412 416
3 417 285 272
3 411 417 272
3 415 417 411
3 418 286 285
3 418 285 417
3 418 288 286
3 421 420 419
3 420 414 419
3 414 297 419
3 414 283 297
3 416 422 415
3 415 422 417
3 417 422 423
3 425 424 423
3 424 417 423
3 424 418 417
3 424 299 288
3 424 288 418
3 421 419 308
3 307 421 308
3 426 421 307
3 308 419 297
3 424 425 427
3 427 425 428
3 429 309 299
3 424 429 299
3 427 429 424
3 429 311 309
3 318 426 307
3 318 430 426
3 428 431 427
3 433 432 431
3 432 427 431
3 432 429 427
3 432 320 311
3 432 311 429
3 327 430 318
3 327 434 430
3 432 433 435
3 435 433 436
3 435 329 320
3 435 320 432
3 336 434 327
3 336 437 434
3 435 436 438
3 438 436 439
3 440 337 329
3 435 440 329
3 438 440 435
3 441 338 337
3 441 337 440
3 442 339 338
3 442 338 441
3 443 340 339
3 443 339 442
3 444 341 340
3 444 340 443
3 445 342 341
3 445 341 444
3 446 343 342
3 446 342 445
3 446 447 343
3 447 336 343
3 447 437 336
3 439 448 438
3 438 448 440
3 440 448 449
3 440 449 441
3 441 449 450
3 441 450 442
3 442 450 451
3 442 451 443
3 443 451 452
3 443 452 444
3 444 452 453
3 444 453 445
3 445 453 454
3 445 454 446
3 446 454 455
3 446 455 447
3 456 344 345
3 456 345 457
3 345 458 457
3 345 346 458
3 459 346 347
3 459 458 346
3 460 347 348
3 460 459 347
3 461 348 349
3 461 460 348
3 462 349 350
3 462 461 349
3 463 350 351
3 463 462 350
3 464 351 352
3 464 463 351
3 465 352 353
3 465 464 352
3 466 354 355
3 466 355 467
3 355 468 467
3 355 356 468
3 469 356 357
3 469 468 356
3 357 344 456
3 470 357 456
3 469 357 470
3 470 456 457
3 472 471 360
3 360 471 359
3 473 360 361
3 473 472 360
3 361 354 466
3 474 361 466
3 473 361 474
3 474 466 467
3 471 363 359
3 475 363 471
3 365 363 476
3 363 477 476
3 363 475 477
3 476 367 365
3 476 477 478
3 478 477 479
3 478 369 367
3 478 367 476
3 478 479 480
3 480 479 481
3 480 371 369
3 480 369 478
3 483 482 372
3 483 372 373
3 480 481 484
3 484 481 485
3 484 375 371
3 484 371 480
3 376 483 373
3 376 486 483
3 484 485 487
3 487 485 488
3 487 378 375
3 487 375 484
3 379 486 376
3 379 489 486
3 487 488 490
3 490 488 491
3 490 381 378
3 490 378 487
3 382 489 379
3 382 492 489
3 495 494 493
3 497 496 493
3 493 496 495
3 499 498 497
3 497 498 496
3 498 499 491
3 499 490 491
3 499 500 490
3 500 384 381
3 500 381 490
3 385 492 382
3 385 501 492
3 494 502 493
3 503 387 388
3 493 503 388
3 497 493 388
3 502 503 493
3 497 388 389
3 497 389 499
3 499 389 391
3 499 391 500
3 500 391 384
3 506 505 504
3 505 501 504
3 501 394 504
3 501 385 394
3 395 387 507
3 387 508 507
3 387 503 508
3 507 396 395
3 506 504 509
3 506 509 510
3 397 509 394
3 394 509 504
3 507 508 511
3 511 508 512
3 511 399 396
3 511 396 507
3 510 509 400
3 401 510 400
3 513 510 401
3 400 509 397
3 511 512 514
3 514 512 515
3 514 403 399
3 514 399 511
3 518 517 516
3 517 513 516
3 513 404 516
3 513 401 404
3 514 515 519
3 519 515 520
3 519 406 403
3 519 403 514
3 518 516 521
3 518 521 522
3 407 521 404
3 404 521 516
3 519 520 523
3 523 520 524
3 523 409 406
3 523 406 519
3 527 526 525
3 525 526 522
3 521 525 522
3 528 525 521
3 410 528 407
3 407 528 521
3 523 524 529
3 529 524 530
3 529 412 409
3 529 409 523
3 527 525 531
3 527 531 532
3 414 531 413
3 531 528 413
3 531 525 528
3 413 528 410
3 529 530 533
3 533 530 534
3 533 416 412
3 533 412 529
3 532 531 420
3 421 532 420
3 535 532 421
3 420 531 414
3 533 534 536
3 536 534 537
3 538 422 416
3 533 538 416
3 536 538 533
3 539 423 422
3 539 422 538
3 539 425 423
3 426 535 421
3 426 540 535
3 537 541 536
3 536 541 538
3 538 541 542
3 544 543 542
3 543 538 542
3 543 539 538
3 543 428 425
3 543 425 539
3 430 540 426
3 430 545 540
3 543 544 546
3 546 544 547
3 548 431 428
3 543 548 428
3 546 548 543
3 548 433 431
3 434 545 430
3 434 549 545
3 547 550 546
3 552 551 550
3 551 546 550
3 551 548 546
3 551 436 433
3 551 433 548
3 437 549 434
3 437 553 549
3 551 552 554
3 554 552 555
3 554 439 436
3 554 436 551
3 447 553 437
3 447 556 553
3 554 555 557
3 557 555 558
3 559 448 439
3 554 559 439
3 557 559 554
3 560 449 448
3 560 448 559
3 561 450 449
3 561 449 560
3 562 451 450
3 562 450 561
3 563 452 451
3 563 451 562
3 564 453 452
3 564 452 563
3 565 454 453
3 565 453 564
3 566 455 454
3 566 454 565
3 556 447 567
3 447 566 567
3 566 568 567
3 447 455 566
3 568 569 567
3 558 570 557
3 557 570 559
3 559 570 571
3 559 571 560
3 560 571 572
3 560 572 561
3 561 572 573
3 561 573 562
3 562 573 574
3 562 574 563
3 563 574 575
3 563 575 564
3 564 575 576
3 564 576 565
3 565 576 577
3 565 577 566
3 566 577 578
3 566 578 568
3 568 578 579
3 568 579 569
3 580 457 458
3 580 458 581
3 458 582 581
3 458 459 582
3 583 459 460
3 583 582 459
3 584 460 461
3 584 583 460
3 585 461 462
3 585 584 461
3 586 462 463
3 586 585 462
3 587 463 464
3 587 586 463
3 589 587 588
3 587 465 588
3 587 464 465
3 591 590 468
3 468 590 467
3 592 468 469
3 592 591 468
3 593 469 470
3 593 592 469
3 470 457 580
3 594 470 580
3 593 470 594
3 594 580 581
3 595 589 588
3 596 471 472
3 596 472 597
3 472 598 597
3 472 473 598
3 599 473 474
3 599 598 473
3 474 467 590
3 474 590 599
3 602 601 600
3 603 602 596
3 602 475 596
3 475 471 596
3 602 600 475
3 603 596 597
3 600 601 604
3 604 601 605
3 604 477 475
3 604 475 600
3 604 605 606
3 606 605 607
3 606 479 477
3 606 477 604
3 606 607 608
3 608 607 609
3 608 481 479
3 608 479 606
3 611 610 482
3 611 482 483
3 608 609 612
3 612 609 613
3 612 485 481
3 612 481 608
3 486 611 483
3 486 614 611
3 612 613 615
3 615 613 616
3 615 488 485
3 615 485 612
3 489 614 486
3 489 617 614
3 620 619 618
3 622 621 618
3 618 621 620
3 624 623 622
3 622 623 621
3 623 624 616
3 624 615 616
3 624 625 615
3 625 491 488
3 625 488 615
3 492 617 489
3 492 626 617
3 619 627 618
3 628 494 495
3 618 628 495
3 622 618 495
3 627 628 618
3 622 495 496
3 622 496 624
3 624 496 498
3 624 498 625
3 625 498 491
3 501 626 492
3 501 629 626
3 502 494 630
3 494 631 630
3 494 628 631
3 630 503 502
3 633 632 505
3 633 505 506
3 501 505 629
3 629 505 632
3 630 631 634
3 634 631 635
3 634 508 503
3 634 503 630
3 510 633 506
3 510 636 633
3 634 635 637
3 637 635 638
3 637 512 508
3 637 508 634
3 513 636 510
3 513 639 636
3 637 638 640
3 640 638 641
3 640 515 512
3 640 512 637
3 643 642 517
3 643 517 518
3 513 517 639
3 639 517 642
3 640 641 644
3 644 641 645
3 644 520 515
3 644 515 640
3 522 643 518
3 522 646 643
3 644 645 647
3 647 645 648
3 647 524 520
3 647 520 644
3 650 649 526
3 650 526 527
3 522 526 646
3 646 526 649
3 647 648 651
3 651 648 652
3 651 530 524
3 651 524 647
3 532 650 527
3 532 653 650
3 651 652 654
3 654 652 655
3 654 534 530
3 654 530 651
3 535 653 532
3 535 656 653
3 654 655 657
3 657 655 658
3 657 537 534
3 657 534 654
3 540 656 535
3 540 659 656
3 657 658 660
3 660 658 661
3 662 541 537
3 657 662 537
3 660 662 657
3 663 542 541
3 663 541 662
3 663 544 542
3 545 659 540
3 545 664 659
3 661 665 660
3 660 665 662
3 662 665 666
3 668 667 666
3 667 662 666
3 667 663 662
3 667 547 544
3 667 544 663
3 549 664 545
3 549 669 664
3 667 668 670
3 670 668 671
3 672 550 547
3 667 672 547
3 670 672 667
3 672 552 550
3 553 669 549
3 553 673 669
3 671 674 670
3 676 675 674
3 675 670 674
3 675 672 670
3 675 555 552
3 675 552 672
3 556 673 553
3 556 677 673
3 675 676 678
3 678 676 679
3 678 558 555
3 678 555 675
3 680 677 556
3 680 556 567
3 567 569 680
3 680 569 681
3 678 679 682
3 682 679 683
3 684 570 558
3 678 684 558
3 682 684 678
3 685 571 570
3 685 570 684
3 686 572 571
3 686 571 685
3 687 573 572
3 687 572 686
3 688 574 573
3 688 573 687
3 689 575 574
3 689 574 688
3 690 576 575
3 690 575 689
3 691 577 576
3 691 576 690
3 692 578 577
3 692 577 691
3 693 579 578
3 693 578 692
3 693 694 579
3 694 569 579
3 694 681 569
3 683 695 682
3 682 695 684
3 684 695 696
3 684 696 685
3 685 696 697
3 685 697 686
3 686 697 698
3 686 698 687
3 687 698 699
3 687 699 688
3 688 699 700
3 688 700 689
3 689 700 701
3 689 701 690
3 690 701 702
3 690 702 691
3 691 702 703
3 691 703 692
3 692 703 704
3 692 704 693
3 693 704 705
3 693 705 694
3 706 581 582
3 583 707 582
3 582 707 706
3 584 708 583
3 583 708 707
3 585 709 584
3 584 709 708
3 586 710 585
3 585 710 709
3 587 711 586
3 586 711 710
3 589 711 587
3 712 590 591
3 712 591 713
3 591 714 713
3 591 592 714
3 715 592 593
3 715 714 592
3 716 593 594
3 716 715 593
3 594 581 706
3 717 594 706
3 716 594 717
3 717 706 707
3 717 707 718
3 718 707 708
3 718 708 719
3 719 708 709
3 719 709 720
3 720 709 710
3 720 710 721
3 721 710 711
3 721 711 722
3 722 711 589
3 595 722 589
3 723 722 595
3 725 724 598
3 598 724 597
3 726 598 599
3 726 725 598
3 599 590 712
3 727 599 712
3 726 599 727
3 727 712 713
3 728 601 602
3 728 602 729
3 602 730 729
3 602 603 730
3 603 597 724
3 603 724 730
3 733 732 731
3 734 733 728
3 733 605 728
3 605 601 728
3 733 731 605
3 734 728 729
3 731 732 735
3 735 732 736
3 735 607 605
3 735 605 731
3 735 736 737
3 737 736 738
3 737 609 607
3 737 607 735
3 740 739 610
3 740 610 611
3 737 738 741
3 741 738 742
3 741 613 609
3 741 609 737
3 614 740 611
3 614 743 740
3 746 745 744
3 748 747 744
3 744 747 746
3 750 749 748
3 748 749 747
3 752 751 750
3 750 751 749
3 751 752 742
3 752 741 742
3 752 753 741
3 753 616 613
3 753 613 741
3 617 743 614
3 617 754 743
3 745 755 744
3 744 755 748
3 748 755 756
3 757 619 620
3 748 757 620
3 750 748 620
3 756 757 748
3 750 620 621
3 750 621 752
3 752 621 623
3 752 623 753
3 753 623 616
3 626 754 617
3 626 758 754
3 627 619 759
3 619 760 759
3 619 757 760
3 759 628 627
3 629 758 626
3 629 761 758
3 759 760 762
3 762 760 763
3 762 631 628
3 762 628 759
3 765 764 632
3 765 632 633
3 629 632 761
3 761 632 764
3 762 763 766
3 766 763 767
3 766 635 631
3 766 631 762
3 636 765 633
3 636 768 765
3 766 767 769
3 769 767 770
3 769 638 635
3 769 635 766
3 639 768 636
3 639 771 768
3 769 770 772
3 772 770 773
3 772 641 638
3 772 638 769
3 775 774 642
3 775 642 643
3 639 642 771
3 771 642 774
3 772 773 776
3 776 773 777
3 776 645 641
3 776 641 772
3 646 775 643
3 646 778 775
3 776 777 779
3 779 777 780
3 779 648 645
3 779 645 776
3 782 781 649
3 782 649 650
3 646 649 778
3 778 649 781
3 779 780 783
3 783 780 784
3 783 652 648
3 783 648 779
3 653 782 650
3 653 785 782
3 783 784 786
3 786 784 787
3 786 655 652
3 786 652 783
3 656 785 653
3 656 788 785
3 786 787 789
3 789 787 790
3 789 658 655
3 789 655 786
3 659 788 656
3 659 791 788
3 789 790 792
3 792 790 793
3 792 661 658
3 792 658 789
3 664 791 659
3 664 794 791
3 792 793 795
3 795 793 796
3 797 665 661
3 792 797 661
3 795 797 792
3 798 666 665
3 798 665 797
3 798 668 666
3 669 794 664
3 669 799 794
3 796 800 795
3 795 800 797
3 797 800 801
3 803 802 801
3 802 797 801
3 802 798 797
3 802 671 668
3 802 668 798
3 673 799 669
3 673 804 799
3 802 803 805
3 805 803 806
3 807 674 671
3 802 807 671
3 805 807 802
3 807 676 674
3 677 804 673
3 677 808 804
3 806 809 805
3 811 810 809
3 810 805 809
3 810 807 805
3 810 679 676
3 810 676 807
3 812 808 677
3 812 677 680
3 680 681 812
3 812 681 813
3 810 811 814
3 814 811 815
3 814 683 679
3 814 679 810
3 694 813 681
3 694 816 813
3 814 815 817
3 817 815 818
3 819 695 683
3 814 819 683
3 817 819 814
3 820 696 695
3 820 695 819
3 821 697 696
3 821 696 820
3 822 698 697
3 822 697 821
3 823 699 698
3 823 698 822
3 824 700 699
3 824 699 823
3 825 701 700
3 825 700 824
3 826 702 701
3 826 701 825
3 827 703 702
3 827 702 826
3 828 704 703
3 828 703 827
3 829 705 704
3 829 704 828
3 829 830 705
3 830 694 705
3 830 816 694
3 818 831 817
3 817 831 819
3 819 831 832
3 819 832 820
3 820 832 833
3 820 833 821
3 821 833 834
3 821 834 822
3 822 834 835
3 822 835 823
3 823 835 836
3 823 836 824
3 824 836 837
3 824 837 825
3 825 837 838
3 825 838 826
3 826 838 839
3 826 839 827
3 827 839 840
3 827 840 828
3 828 840 841
3 828 841 829
3 829 841 842
3 829 842 830
3 843 713 714
3 715 844 714
3 714 844 843
3 844 715 845
3 715 846 845
3 715 716 846
3 847 716 717
3 847 846 716
3 848 717 718
3 848 847 717
3 849 718 719
3 849 848 718
3 850 719 720
3 850 849 719
3 851 720 721
3 851 850 720
3 852 721 722
3 852 851 721
3 853 722 723
3 853 852 722
3 854 724 725
3 726 855 725
3 725 855 854
3 855 726 856
3 726 857 856
3 726 727 857
3 727 713 843
3 858 727 843
3 857 727 858
3 858 843 844
3 858 844 859
3 859 844 845
3 861 860 730
3 730 860 729
3 730 724 854
3 862 730 854
3 861 730 862
3 862 854 855
3 862 855 863
3 863 855 856
3 864 732 733
3 864 733 865
3 733 866 865
3 733 734 866
3 734 729 860
3 734 860 866
3 868 867 864
3 867 732 864
3 867 736 732
3 868 864 865
3 871 870 869
3 867 871 869
3 738 867 869
3 736 867 738
3 873 872 739
3 873 739 740
3 876 875 874
3 878 877 874
3 874 877 876
3 877 878 870
3 878 869 870
3 878 879 869
3 879 742 738
3 879 738 869
3 743 873 740
3 743 880 873
3 882 881 746
3 746 881 745
3 747 874 875
3 882 747 875
3 746 747 882
3 874 747 749
3 874 749 878
3 878 749 751
3 878 751 879
3 879 751 742
3 754 880 743
3 754 883 880
3 881 884 745
3 745 884 755
3 884 886 885
3 756 884 885
3 755 884 756
3 885 757 756
3 758 883 754
3 758 887 883
3 885 886 888
3 888 886 889
3 888 760 757
3 888 757 885
3 761 887 758
3 761 890 887
3 888 889 891
3 891 889 892
3 891 763 760
3 891 760 888
3 894 893 764
3 894 764 765
3 761 764 890
3 890 764 893
3 891 892 895
3 895 892 896
3 895 767 763
3 895 763 891
3 768 894 765
3 768 897 894
3 895 896 898
3 898 896 899
3 898 770 767
3 898 767 895
3 771 897 768
3 771 900 897
3 898 899 901
3 901 899 902
3 901 773 770
3 901 770 898
3 904 903 774
3 904 774 775
3 771 774 900
3 900 774 903
3 901 902 905
3 905 902 906
3 905 777 773
3 905 773 901
3 778 904 775
3 778 907 904
3 905 906 908
3 908 906 909
3 908 780 777
3 908 777 905
3 911 910 781
3 911 781 782
3 778 781 907
3 907 781 910
3 908 909 912
3 912 909 913
3 912 784 780
3 912 780 908
3 785 911 782
3 785 914 911
3 912 913 915
3 915 913 916
3 915 787 784
3 915 784 912
3 788 914 785
3 788 917 914
3 915 916 918
3 918 916 919
3 918 790 787
3 918 787 915
3 791 917 788
3 791 920 917
3 918 919 921
3 921 919 922
3 921 793 790
3 921 790 918
3 794 920 791
3 794 923 920
3 926 925 924
3 926 924 922
3 924 921 922
3 924 927 921
3 927 796 793
3 927 793 921
3 799 923 794
3 799 928 923
3 925 929 924
3 931 930 929
3 930 924 929
3 930 927 924
3 932 800 796
3 927 932 796
3 930 932 927
3 933 801 800
3 933 800 932
3 933 803 801
3 804 928 799
3 804 934 928
3 931 935 930
3 937 936 935
3 936 930 935
3 936 932 930
3 932 938 933
3 932 936 938
3 938 806 803
3 938 803 933
3 808 934 804
3 808 939 934
3 937 940 936
3 942 941 940
3 941 936 940
3 941 938 936
3 943 809 806
3 938 943 806
3 941 943 938
3 943 811 809
3 944 939 808
3 944 808 812
3 812 813 944
3 944 813 945
3 942 946 941
3 948 947 946
3 947 941 946
3 947 943 941
3 947 815 811
3 947 811 943
3 816 945 813
3 816 949 945
3 947 948 950
3 950 948 951
3 950 818 815
3 950 815 947
3 830 949 816
3 830 952 949
3 951 953 950
3 953 955 954
3 953 954 831
3 950 953 831
3 818 950 831
3 956 832 831
3 956 831 954
3 957 833 832
3 957 832 956
3 958 834 833
3 958 833 957
3 959 835 834
3 959 834 958
3 960 836 835
3 960 835 959
3 961 837 836
3 961 836 960
3 962 838 837
3 962 837 961
3 963 839 838
3 963 838 962
3 964 840 839
3 964 839 963
3 965 841 840
3 965 840 964
3 966 842 841
3 966 841 965
3 966 967 842
3 967 830 842
3 967 952 830
3 955 968 954
3 954 968 956
3 956 968 969
3 956 969 957
3 957 969 970
3 957 970 958
3 958 970 971
3 958 971 959
3 959 971 972
3 959 972 960
3 960 972 973
3 960 973 961
3 961 973 974
3 961 974 962
3 962 974 975
3 962 975 963
3 963 975 976
3 963 976 964
3 964 976 977
3 964 977 965
3 965 977 978
3 965 978 966
3 966 978 979
3 966 979 967
3 980 845 846
3 847 981 846
3 846 981 980
3 848 982 847
3 847 982 981
3 982 848 983
3 848 984 983
3 848 849 984
3 985 849 850
3 985 984 849
3 986 850 851
3 986 985 850
3 987 851 852
3 987 986 851
3 988 852 853
3 988 987 852
3 989 856 857
3 989 857 990
3 857 991 990
3 857 858 991
3 992 858 859
3 992 991 858
3 859 845 980
3 993 859 980
3 992 859 993
3 993 980 981
3 993 981 994
3 994 981 982
3 994 982 995
3 995 982 983
3 996 860 861
3 862 997 861
3 861 997 996
3 997 862 998
3 862 999 998
3 862 863 999
3 863 856 989
3 1000 863 989
3 999 863 1000
3 1000 989 990
3 1002 1001 866
3 866 1001 865
3 866 860 996
3 1003 866 996
3 1002 866 1003
3 1003 996 997
3 1003 997 1004
3 1004 997 998
3 1006 1005 868
3 868 1005 867
3 868 865 1001
3 868 1001 1006
3 1007 870 871
3 1008 1007 871
3 867 1008 871
3 1005 1008 867
3 1010 1009 872
3 1010 872 873
3 1011 875 876
3 877 1012 876
3 876 1012 1011
3 1013 1012 877
3 1013 877 870
3 1014 1013 870
3 1007 1014 870
3 1014 1007 1008
3 880 1010 873
3 880 1015 1010
3 1016 881 882
3 1017 1016 882
3 1017 882 875
3 1018 1017 875
3 1011 1018 875
3 1018 1011 1012
3 1018 1012 1019
3 1019 1012 1013
3 883 1015 880
3 883 1020 1015
3 1022 884 1021
3 884 881 1021
3 1021 881 1016
3 1023 1021 1016
3 1016 1017 1023
3 884 1022 886
3 887 1020 883
3 887 1024 1020
3 1027 1026 1025
3 1027 1025 1021
3 1025 1022 1021
3 1025 1028 1022
3 1028 889 886
3 1028 886 1022
3 890 1024 887
3 890 1029 1024
3 1025 1026 1030
3 1030 1026 1031
3 1025 1032 1028
3 1025 1030 1032
3 1032 892 889
3 1032 889 1028
3 1034 1033 893
3 1034 893 894
3 890 893 1029
3 1029 893 1033
3 1031 1035 1030
3 1037 1036 1035
3 1036 1030 1035
3 1036 1032 1030
3 1036 896 892
3 1036 892 1032
3 897 1034 894
3 897 1038 1034
3 1036 1037 1039
3 1039 1037 1040
3 1039 899 896
3 1039 896 1036
3 900 1038 897
3 900 1041 1038
3 1039 1040 1042
3 1042 1040 1043
3 1042 902 899
3 1042 899 1039
3 1045 1044 903
3 1045 903 904
3 900 903 1041
3 1041 903 1044
3 1042 1043 1046
3 1046 1043 1047
3 1046 906 902
3 1046 902 1042
3 907 1045 904
3 907 1048 1045
3 1046 1047 1049
3 1049 1047 1050
3 1049 909 906
3 1049 906 1046
3 1052 1051 910
3 1052 910 911
3 907 910 1048
3 1048 910 1051
3 1049 1050 1053
3 1053 1050 1054
3 1053 913 909
3 1053 909 1049
3 914 1052 911
3 914 1055 1052
3 1053 1054 1056
3 1056 1054 1057
3 1056 916 913
3 1056 913 1053
3 917 1055 914
3 917 1058 1055
3 1061 1060 1059
3 1061 1059 1057
3 1059 1056 1057
3 1059 1062 1056
3 1062 919 916
3 1062 916 1056
3 920 1058 917
3 920 1063 1058
3 1060 1064 1059
3 1066 1065 1064
3 1065 1059 1064
3 1065 1062 1059
3 1065 922 919
3 1065 919 1062
3 923 1063 920
3 923 1067 1063
3 1065 1066 926
3 1066 925 926
3 1066 1068 925
3 1065 926 922
3 928 1067 923
3 928 1069 1067
3 1068 1070 925
3 925 1070 929
3 931 929 1070
3 931 1070 1071
3 934 1069 928
3 934 1072 1069
3 1071 1073 931
3 931 1073 935
3 937 935 1073
3 937 1073 1074
3 939 1072 934
3 939 1075 1072
3 1074 1076 937
3 937 1076 940
3 942 940 1076
3 942 1076 1077
3 1078 1075 939
3 1078 939 944
3 944 945 1078
3 1078 945 1079
3 1077 1080 942
3 942 1080 946
3 948 946 1080
3 948 1080 1081
3 949 1079 945
3 949 1082 1079
3 1084 951 1083
3 951 1081 1083
3 951 948 1081
3 1085 1084 1083
3 952 1082 949
3 952 1086 1082
3 1084 953 951
3 955 953 1084
3 1085 955 1084
3 1087 955 1085
3 967 1086 952
3 967 1088 1086
3 1087 1089 955
3 955 1089 968
3 1089 1091 1090
3 969 1089 1090
3 968 1089 969
3 1092 970 969
3 1092 969 1090
3 1093 971 970
3 1093 970 1092
3 1094 972 971
3 1094 971 1093
3 1095 973 972
3 1095 972 1094
3 1096 974 973
3 1096 973 1095
3 1097 975 974
3 1097 974 1096
3 1098 976 975
3 1098 975 1097
3 1099 977 976
3 1099 976 1098
3 1100 978 977
3 1100 977 1099
3 1101 979 978
3 1101 978 1100
3 1101 1102 979
3 1102 967 979
3 1102 1088 967
3 1091 1103 1090
3 1090 1103 1092
3 1092 1103 1104
3 1092 1104 1093
3 1093 1104 1105
3 1093 1105 1094
3 1094 1105 1106
3 1094 1106 1095
3 1095 1106 1107
3 1095 1107 1096
3 1096 1107 1108
3 1096 1108 1097
3 1097 1108 1109
3 1097 1109 1098
3 1098 1109 1110
3 1098 1110 1099
3 1099 1110 1111
3 1099 1111 1100
3 1100 1111 1112
3 1100 1112 1101
3 1101 1112 1113
3 1101 1113 1102
3 1114 983 984
3 985 1115 984
3 984 1115 1114
3 986 1116 985
3 985 1116 1115
3 987 1117 986
3 986 1117 1116
3 1117 987 1118
3 987 1119 1118
3 987 988 1119
3 1120 990 991
3 992 1121 991
3 991 1121 1120
3 1121 992 1122
3 992 1123 1122
3 992 993 1123
3 1124 993 994
3 1124 1123 993
3 1125 994 995
3 1125 1124 994
3 995 983 1114
3 1126 995 1114
3 1125 995 1126
3 1126 1114 1115
3 1126 1115 1127
3 1127 1115 1116
3 1127 1116 1128
3 1128 1116 1117
3 1128 1117 1129
3 1129 1117 1118
3 1130 998 999
3 1130 999 1131
3 999 1132 1131
3 999 1000 1132
3 1000 990 1120
3 1133 1000 1120
3 1132 1000 1133
3 1133 1120 1121
3 1133 1121 1134
3 1134 1121 1122
3 1135 1001 1002
3 1003 1136 1002
3 1002 1136 1135
3 1136 1003 1137
3 1003 1138 1137
3 1003 1004 1138
3 1004 998 1130
3 1139 1004 1130
3 1138 1004 1139
3 1139 1130 1131
3 1140 1005 1006
3 1141 1140 1006
3 1141 1006 1001
3 1142 1141 1001
3 1135 1142 1001
3 1142 1135 1136
3 1142 1136 1143
3 1143 1136 1137
3 1145 1144 1140
3 1144 1005 1140
3 1144 1008 1005
3 1145 1140 1141
3 1147 1146 1009
3 1147 1009 1010
3 1149 1148 1014
3 1014 1148 1013
3 1014 1008 1144
3 1014 1144 1149
3 1015 1147 1010
3 1015 1150 1147
3 1151 1017 1018
3 1151 1018 1152
3 1018 1153 1152
3 1018 1019 1153
3 1019 1013 1148
3 1019 1148 1153
3 1020 1150 1015
3 1020 1154 1150
3 1155 1021 1023
3 1156 1155 1023
3 1156 1023 1017
3 1157 1156 1017
3 1151 1157 1017
3 1157 1151 1152
3 1024 1154 1020
3 1024 1158 1154
3 1159 1026 1027
3 1160 1159 1027
3 1160 1027 1021
3 1161 1160 1021
3 1155 1161 1021
3 1161 1155 1156
3 1029 1158 1024
3 1029 1162 1158
3 1164 1163 1159
3 1163 1026 1159
3 1163 1031 1026
3 1164 1159 1160
3 1166 1165 1033
3 1166 1033 1034
3 1029 1033 1162
3 1162 1033 1165
3 1035 1031 1167
3 1031 1168 1167
3 1031 1163 1168
3 1167 1037 1035
3 1038 1166 1034
3 1038 1169 1166
3 1167 1168 1170
3 1170 1168 1171
3 1170 1040 1037
3 1170 1037 1167
3 1041 1169 1038
3 1041 1172 1169
3 1170 1171 1173
3 1173 1171 1174
3 1173 1043 1040
3 1173 1040 1170
3 1176 1175 1044
3 1176 1044 1045
3 1041 1044 1172
3 1172 1044 1175
3 1179 1178 1177
3 1179 1177 1174
3 1177 1173 1174
3 1177 1180 1173
3 1180 1047 1043
3 1180 1043 1173
3 1048 1176 1045
3 1048 1181 1176
3 1177 1178 1182
3 1182 1178 1183
3 1177 1184 1180
3 1177 1182 1184
3 1184 1050 1047
3 1184 1047 1180
3 1186 1185 1051
3 1186 1051 1052
3 1048 1051 1181
3 1181 1051 1185
3 1183 1187 1182
3 1189 1188 1187
3 1188 1182 1187
3 1188 1184 1182
3 1188 1054 1050
3 1188 1050 1184
3 1055 1186 1052
3 1055 1190 1186
3 1188 1189 1191
3 1191 1189 1192
3 1191 1057 1054
3 1191 1054 1188
3 1058 1190 1055
3 1058 1193 1190
3 1191 1192 1061
3 1192 1060 1061
3 1192 1194 1060
3 1191 1061 1057
3 1063 1193 1058
3 1063 1195 1193
3 1194 1196 1060
3 1060 1196 1064
3 1066 1064 1196
3 1066 1196 1197
3 1067 1195 1063
3 1067 1198 1195
3 1197 1068 1066
3 1199 1068 1197
3 1069 1198 1067
3 1069 1200 1198
3 1199 1201 1068
3 1068 1201 1070
3 1071 1070 1201
3 1071 1201 1202
3 1072 1200 1069
3 1072 1203 1200
3 1202 1204 1071
3 1071 1204 1073
3 1074 1073 1204
3 1074 1204 1205
3 1075 1203 1072
3 1075 1206 1203
3 1205 1207 1074
3 1074 1207 1076
3 1077 1076 1207
3 1077 1207 1208
3 1209 1206 1075
3 1209 1075 1078
3 1078 1079 1209
3 1209 1079 1210
3 1208 1211 1077
3 1077 1211 1080
3 1081 1080 1211
3 1081 1211 1212
3 1082 1210 1079
3 1082 1213 1210
3 1212 1214 1081
3 1081 1214 1083
3 1085 1083 1214
3 1085 1214 1215
3 1086 1213 1082
3 1086 1216 1213
3 1218 1087 1217
3 1087 1215 1217
3 1087 1085 1215
3 1219 1218 1217
3 1088 1216 1086
3 1088 1220 1216
3 1218 1089 1087
3 1222 1221 1091
3 1222 1091 1089
3 1219 1222 1089
3 1218 1219 1089
3 1223 1221 1222
3 1102 1220 1088
3 1102 1224 1220
3 1221 1103 1091
3 1223 1225 1221
3 1225 1103 1221
3 1225 1104 1103
3 1225 1227 1226
3 1105 1225 1226
3 1104 1225 1105
3 1228 1106 1105
3 1228 1105 1226
3 1229 1107 1106
3 1229 1106 1228
3 1230 1108 1107
3 1230 1107 1229
3 1231 1109 1108
3 1231 1108 1230
3 1232 1110 1109
3 1232 1109 1231
3 1233 1111 1110
3 1233 1110 1232
3 1234 1112 1111
3 1234 1111 1233
3 1235 1113 1112
3 1235 1112 1234
3 1235 1236 1113
3 1236 1102 1113
3 1236 1224 1102
3 1227 1237 1226
3 1226 1237 1228
3 1228 1237 1238
3 1228 1238 1229
3 1229 1238 1239
3 1229 1239 1230
3 1230 1239 1240
3 1230 1240 1231
3 1231 1240 1241
3 1231 1241 1232
3 1232 1241 1242
3 1232 1242 1233
3 1233 1242 1243
3 1233 1243 1234
3 1234 1243 1244
3 1234 1244 1235
3 1235 1244 1245
3 1235 1245 1236
3 1246 1118 1119
3 1247 1122 1123
3 1124 1248 1123
3 1123 1248 1247
3 1125 1249 1124
3 1124 1249 1248
3 1249 1125 1250
3 1125 1251 1250
3 1125 1126 1251
3 1252 1126 1127
3 1252 1251 1126
3 1253 1127 1128
3 1253 1252 1127
3 1254 1128 1129
3 1254 1253 1128
3 1129 1118 1246
3 1255 1129 1246
3 1254 1129 1255
3 1256 1131 1132
3 1256 1132 1257
3 1132 1258 1257
3 1132 1133 1258
3 1259 1133 1134
3 1259 1258 1133
3 1134 1122 1247
3 1260 1134 1247
3 1259 1134 1260
3 1260 1247 1248
3 1260 1248 1261
3 1261 1248 1249
3 1261 1249 1262
3 1262 1249 1250
3 1263 1137 1138
3 1263 1138 1264
3 1138 1265 1264
3 1138 1139 1265
3 1139 1131 1256
3 1266 1139 1256
3 1265 1139 1266
3 1266 1256 1257
3 1267 1141 1142
3 1143 1268 1142
3 1142 1268 1267
3 1269 1268 1143
3 1269 1143 1137
3 1270 1269 1137
3 1263 1270 1137
3 1270 1263 1264
3 1271 1144 1145
3 1272 1271 1145
3 1272 1145 1141
3 1273 1272 1141
3 1267 1273 1141
3 1273 1267 1268
3 1273 1268 1274
3 1274 1268 1269
3 1276 1275 1146
3 1276 1146 1147
3 1277 1148 1149
3 1278 1277 1149
3 1278 1149 1144
3 1279 1278 1144
3 1271 1279 1144
3 1279 1271 1272
3 1150 1276 1147
3 1150 1280 1276
3 1281 1152 1153
3 1282 1281 1153
3 1282 1153 1148
3 1283 1282 1148
3 1277 1283 1148
3 1283 1277 1278
3 1154 1280 1150
3 1154 1284 1280
3 1285 1156 1157
3 1286 1285 1157
3 1286 1157 1152
3 1287 1286 1152
3 1281 1287 1152
3 1287 1281 1282
3 1158 1284 1154
3 1158 1288 1284
3 1290 1289 1161
3 1161 1289 1160
3 1161 1156 1285
3 1291 1161 1285
3 1290 1161 1291
3 1291 1285 1286
3 1162 1288 1158
3 1162 1292 1288
3 1294 1293 1164
3 1164 1293 1163
3 1164 1160 1289
3 1164 1289 1294
3 1296 1295 1165
3 1296 1165 1166
3 1162 1165 1292
3 1292 1165 1295
3 1293 1168 1163
3 1297 1168 1293
3 1169 1296 1166
3 1169 1298 1296
3 1297 1171 1168
3 1299 1171 1297
3 1172 1298 1169
3 1172 1300 1298
3 1299 1174 1171
3 1301 1174 1299
3 1303 1302 1175
3 1303 1175 1176
3 1172 1175 1300
3 1300 1175 1302
3 1304 1178 1179
3 1305 1304 1179
3 1174 1305 1179
3 1301 1305 1174
3 1181 1303 1176
3 1181 1306 1303
3 1307 1183 1304
3 1304 1183 1178
3 1304 1305 1308
3 1304 1308 1307
3 1310 1309 1185
3 1310 1185 1186
3 1181 1185 1306
3 1306 1185 1309
3 1307 1187 1183
3 1189 1187 1307
3 1308 1189 1307
3 1311 1189 1308
3 1190 1310 1186
3 1190 1312 1310
3 1311 1192 1189
3 1313 1192 1311
3 1193 1312 1190
3 1193 1314 1312
3 1316 1194 1315
3 1194 1313 1315
3 1194 1192 1313
3 1317 1316 1315
3 1195 1314 1193
3 1195 1318 1314
3 1316 1196 1194
3 1197 1196 1316
3 1317 1197 1316
3 1319 1197 1317
3 1198 1318 1195
3 1198 1320 1318
3 1319 1199 1197
3 1321 1199 1319
3 1200 1320 1198
3 1200 1322 1320
3 1321 1323 1199
3 1199 1323 1201
3 1202 1201 1323
3 1202 1323 1324
3 1203 1322 1200
3 1203 1325 1322
3 1324 1326 1202
3 1202 1326 1204
3 1205 1204 1326
3 1205 1326 1327
3 1206 1325 1203
3 1206 1328 1325
3 1327 1329 1205
3 1205 1329 1207
3 1208 1207 1329
3 1208 1329 1330
3 1331 1328 1206
3 1331 1206 1209
3 1209 1210 1331
3 1331 1210 1332
3 1330 1333 1208
3 1208 1333 1211
3 1212 1211 1333
3 1212 1333 1334
3 1213 1332 1210
3 1213 1335 1332
3 1334 1336 1212
3 1212 1336 1214
3 1338 1337 1215
3 1214 1338 1215
3 1336 1338 1214
3 1339 1337 1338
3 1216 1335 1213
3 1216 1340 1335
3 1337 1217 1215
3 1342 1341 1219
3 1342 1219 1217
3 1339 1342 1217
3 1337 1339 1217
3 1343 1341 1342
3 1220 1340 1216
3 1220 1344 1340
3 1341 1222 1219
3 1346 1345 1223
3 1346 1223 1222
3 1343 1346 1222
3 1341 1343 1222
3 1347 1345 1346
3 1224 1344 1220
3 1224 1348 1344
3 1345 1225 1223
3 1350 1349 1227
3 1350 1227 1225
3 1347 1350 1225
3 1345 1347 1225
3 1351 1349 1350
3 1236 1348 1224
3 1236 1352 1348
3 1349 1237 1227
3 1351 1353 1349
3 1353 1237 1349
3 1353 1238 1237
3 1238 1354 1239
3 1353 1354 1238
3 1354 1356 1355
3 1240 1354 1355
3 1239 1354 1240
3 1357 1241 1240
3 1357 1240 1355
3 1358 1242 1241
3 1358 1241 1357
3 1359 1243 1242
3 1359 1242 1358
3 1360 1244 1243
3 1360 1243 1359
3 1361 1245 1244
3 1361 1244 1360
3 1361 1362 1245
3 1362 1236 1245
3 1362 1352 1236
3 1356 1363 1355
3 1355 1363 1357
3 1357 1363 1364
3 1357 1364 1358
3 1358 1364 1365
3 1358 1365 1359
3 1359 1365 1366
3 1359 1366 1360
3 1360 1366 1367
3 1360 1367 1361
3 1361 1367 1368
3 1361 1368 1362
3 1369 1250 1251
3 1252 1370 1251
3 1251 1370 1369
3 1253 1371 1252
3 1252 1371 1370
3 1254 1372 1253
3 1253 1372 1371
3 1372 1254 1373
3 1254 1374 1373
3 1254 1255 1374
3 1375 1257 1258
3 1259 1376 1258
3 1258 1376 1375
3 1260 1377 1259
3 1259 1377 1376
3 1377 1260 1378
3 1260 1379 1378
3 1260 1261 1379
3 1380 1261 1262
3 1380 1379 1261
3 1262 1250 1369
3 1381 1262 1369
3 1380 1262 1381
3 1381 1369 1370
3 1381 1370 1382
3 1382 1370 1371
3 1382 1371 1383
3 1383 1371 1372
3 1383 1372 1384
3 1384 1372 1373
3 1385 1264 1265
3 1385 1265 1386
3 1265 1387 1386
3 1265 1266 1387
3 1266 1257 1375
3 1388 1266 1375
3 1387 1266 1388
3 1388 1375 1376
3 1388 1376 1389
3 1389 1376 1377
3 1389 1377 1390
3 1390 1377 1378
3 1391 1269 1270
3 1392 1391 1270
3 1392 1270 1264
3 1393 1392 1264
3 1385 1393 1264
3 1393 1385 1386
3 1394 1272 1273
3 1394 1273 1395
3 1273 1396 1395
3 1273 1274 1396
3 1274 1269 1391
3 1397 1274 1391
3 1396 1274 1397
3 1397 1391 1392
3 1399 1398 1275
3 1399 1275 1276
3 1400 1278 1279
3 1401 1400 1279
3 1401 1279 1272
3 1402 1401 1272
3 1394 1402 1272
3 1402 1394 1395
3 1280 1399 1276
3 1280 1403 1399
3 1404 1282 1283
3 1405 1404 1283
3 1405 1283 1278
3 1406 1405 1278
3 1400 1406 1278
3 1406 1400 1401
3 1284 1403 1280
3 1284 1407 1403
3 1408 1286 1287
3 1409 1408 1287
3 1409 1287 1282
3 1410 1409 1282
3 1404 1410 1282
3 1410 1404 1405
3 1288 1407 1284
3 1288 1411 1407
3 1412 1289 1290
3 1412 1290 1413
3 1290 1414 1413
3 1290 1291 1414
3 1291 1286 1408
3 1415 1291 1408
3 1414 1291 1415
3 1415 1408 1409
3 1292 1411 1288
3 1292 1416 1411
3 1417 1293 1294
3 1418 1417 1294
3 1418 1294 1289
3 1419 1418 1289
3 1412 1419 1289
3 1419 1412 1413
3 1421 1420 1295
3 1421 1295 1296
3 1292 1295 1416
3 1416 1295 1420
3 1422 1297 1417
3 1417 1297 1293
3 1417 1418 1423
3 1417 1423 1422
3 1298 1421 1296
3 1298 1424 1421
3 1425 1299 1422
3 1422 1299 1297
3 1422 1423 1426
3 1422 1426 1425
3 1300 1424 1298
3 1300 1427 1424
3 1429 1428 1425
3 1428 1299 1425
3 1428 1301 1299
3 1429 1425 1426
3 1431 1430 1302
3 1431 1302 1303
3 1300 1302 1427
3 1427 1302 1430
3 1428 1305 1301
3 1432 1305 1428
3 1306 1431 1303
3 1306 1433 1431
3 1432 1308 1305
3 1434 1308 1432
3 1436 1435 1309
3 1436 1309 1310
3 1306 1309 1433
3 1433 1309 1435
3 1434 1311 1308
3 1437 1311 1434
3 1312 1436 1310
3 1312 1438 1436
3 1437 1313 1311
3 1439 1313 1437
3 1314 1438 1312
3 1314 1440 1438
3 1439 1441 1313
3 1313 1441 1315
3 1317 1315 1441
3 1317 1441 1442
3 1318 1440 1314
3 1318 1443 1440
3 1442 1319 1317
3 1444 1319 1442
3 1320 1443 1318
3 1320 1445 1443
3 1444 1321 1319
3 1446 1321 1444
3 1322 1445 1320
3 1322 1447 1445
3 1446 1448 1321
3 1321 1448 1323
3 1324 1323 1448
3 1324 1448 1449
3 1325 1447 1322
3 1325 1450 1447
3 1449 1451 1324
3 1324 1451 1326
3 1327 1326 1451
3 1327 1451 1452
3 1328 1450 1325
3 1328 1453 1450
3 1452 1454 1327
3 1327 1454 1329
3 1330 1329 1454
3 1330 1454 1455
3 1456 1453 1328
3 1456 1328 1331
3 1331 1332 1456
3 1456 1332 1457
3 1455 1458 1330
3 1330 1458 1333
3 1460 1459 1334
3 1333 1460 1334
3 1458 1460 1333
3 1461 1459 1460
3 1335 1457 1332
3 1335 1462 1457
3 1459 1336 1334
3 1461 1463 1459
3 1463 1336 1459
3 1463 1338 1336
3 1339 1338 1463
3 1339 1463 1464
3 1340 1462 1335
3 1340 1465 1462
3 1464 1466 1339
3 1339 1466 1342
3 1343 1342 1466
3 1343 1466 1467
3 1344 1465 1340
3 1344 1468 1465
3 1467 1469 1343
3 1343 1469 1346
3 1471 1470 1347
3 1346 1471 1347
3 1469 1471 1346
3 1472 1470 1471
3 1348 1468 1344
3 1348 1473 1468
3 1470 1350 1347
3 1475 1474 1351
3 1475 1351 1350
3 1472 1475 1350
3 1470 1472 1350
3 1477 1476 1474
3 1477 1474 1475
3 1478 1476 1477
3 1352 1473 1348
3 1352 1479 1473
3 1474 1353 1351
3 1353 1474 1354
3 1354 1474 1476
3 1481 1480 1356
3 1481 1356 1354
3 1478 1481 1354
3 1476 1478 1354
3 1482 1480 1481
3 1362 1479 1352
3 1362 1483 1479
3 1480 1363 1356
3 1482 1484 1480
3 1484 1363 1480
3 1484 1364 1363
3 1484 1486 1485
3 1365 1484 1485
3 1364 1484 1365
3 1487 1366 1365
3 1487 1365 1485
3 1488 1367 1366
3 1488 1366 1487
3 1489 1368 1367
3 1489 1367 1488
3 1489 1490 1368
3 1490 1362 1368
3 1490 1483 1362
3 1491 1373 1374
3 1492 1378 1379
3 1380 1493 1379
3 1379 1493 1492
3 1381 1494 1380
3 1380 1494 1493
3 1382 1495 1381
3 1381 1495 1494
3 1495 1382 1496
3 1382 1497 1496
3 1382 1383 1497
3 1498 1383 1384
3 1498 1497 1383
3 1384 1373 1491
3 1499 1384 1491
3 1498 1384 1499
3 1500 1386 1387
3 1388 1501 1387
3 1387 1501 1500
3 1389 1502 1388
3 1388 1502 1501
3 1390 1503 1389
3 1389 1503 1502
3 1504 1503 1390
3 1504 1390 1378
3 1505 1504 1378
3 1492 1505 1378
3 1505 1492 1493
3 1505 1493 1506
3 1506 1493 1494
3 1506 1494 1507
3 1507 1494 1495
3 1507 1495 1508
3 1508 1495 1496
3 1509 1392 1393
3 1510 1509 1393
3 1510 1393 1386
3 1511 1510 1386
3 1500 1511 1386
3 1511 1500 1501
3 1511 1501 1512
3 1512 1501 1502
3 1512 1502 1513
3 1513 1502 1503
3 1513 1503 1514
3 1514 1503 1504
3 1515 1395 1396
3 1515 1396 1516
3 1396 1517 1516
3 1396 1397 1517
3 1397 1392 1509
3 1518 1397 1509
3 1517 1397 1518
3 1518 1509 1510
3 1520 1519 1398
3 1520 1398 1399
3 1521 1401 1402
3 1522 1521 1402
3 1522 1402 1395
3 1523 1522 1395
3 1515 1523 1395
3 1523 1515 1516
3 1403 1520 1399
3 1403 1524 1520
3 1525 1405 1406
3 1526 1525 1406
3 1526 1406 1401
3 1527 1526 1401
3 1521 1527 1401
3 1527 1521 1522
3 1407 1524 1403
3 1407 1528 1524
3 1529 1409 1410
3 1530 1529 1410
3 1530 1410 1405
3 1531 1530 1405
3 1525 1531 1405
3 1531 1525 1526
3 1411 1528 1407
3 1411 1532 1528
3 1533 1413 1414
3 1415 1534 1414
3 1414 1534 1533
3 1535 1534 1415
3 1535 1415 1409
3 1536 1535 1409
3 1529 1536 1409
3 1536 1529 1530
3 1416 1532 1411
3 1416 1537 1532
3 1538 1418 1419
3 1539 1538 1419
3 1539 1419 1413
3 1540 1539 1413
3 1533 1540 1413
3 1540 1533 1534
3 1540 1534 1541
3 1541 1534 1535
3 1543 1542 1420
3 1543 1420 1421
3 1416 1420 1537
3 1537 1420 1542
3 1545 1544 1538
3 1544 1418 1538
3 1544 1423 1418
3 1545 1538 1539
3 1424 1543 1421
3 1424 1546 1543
3 1544 1426 1423
3 1547 1426 1544
3 1427 1546 1424
3 1427 1548 1546
3 1549 1428 1429
3 1550 1549 1429
3 1426 1550 1429
3 1547 1550 1426
3 1552 1551 1430
3 1552 1430 1431
3 1427 1430 1548
3 1548 1430 1551
3 1553 1432 1549
3 1549 1432 1428
3 1549 1550 1554
3 1549 1554 1553
3 1433 1552 1431
3 1433 1555 1552
3 1557 1556 1553
3 1556 1432 1553
3 1556 1434 1432
3 1557 1553 1554
3 1559 1558 1435
3 1559 1435 1436
3 1433 1435 1555
3 1555 1435 1558
3 1556 1437 1434
3 1560 1437 1556
3 1438 1559 1436
3 1438 1561 1559
3 1563 1439 1562
3 1439 1560 1562
3 1439 1437 1560
3 1564 1563 1562
3 1440 1561 1438
3 1440 1565 1561
3 1563 1441 1439
3 1442 1441 1563
3 1564 1442 1563
3 1566 1442 1564
3 1443 1565 1440
3 1443 1567 1565
3 1566 1444 1442
3 1568 1444 1566
3 1445 1567 1443
3 1445 1569 1567
3 1571 1446 1570
3 1446 1568 1570
3 1446 1444 1568
3 1572 1571 1570
3 1447 1569 1445
3 1447 1573 1569
3 1571 1448 1446
3 1449 1448 1571
3 1572 1449 1571
3 1574 1449 1572
3 1450 1573 1447
3 1450 1575 1573
3 1574 1576 1449
3 1449 1576 1451
3 1452 1451 1576
3 1452 1576 1577
3 1453 1575 1450
3 1453 1578 1575
3 1577 1579 1452
3 1452 1579 1454
3 1581 1580 1455
3 1454 1581 1455
3 1579 1581 1454
3 1582 1580 1581
3 1583 1578 1453
3 1583 1453 1456
3 1456 1457 1583
3 1583 1457 1584
3 1580 1458 1455
3 1582 1585 1580
3 1585 1458 1580
3 1585 1460 1458
3 1461 1460 1585
3 1461 1585 1586
3 1462 1584 1457
3 1462 1587 1584
3 1586 1588 1461
3 1461 1588 1463
3 1464 1463 1588
3 1464 1588 1589
3 1465 1587 1462
3 1465 1590 1587
3 1589 1591 1464
3 1464 1591 1466
3 1593 1592 1467
3 1466 1593 1467
3 1591 1593 1466
3 1594 1592 1593
3 1468 1590 1465
3 1468 1595 1590
3 1592 1469 1467
3 1594 1596 1592
3 1596 1469 1592
3 1596 1471 1469
3 1598 1597 1472
3 1471 1598 1472
3 1596 1598 1471
3 1599 1597 1598
3 1473 1595 1468
3 1473 1600 1595
3 1597 1475 1472
3 1599 1601 1597
3 1601 1475 1597
3 1601 1477 1475
3 1603 1602 1478
3 1477 1603 1478
3 1601 1603 1477
3 1604 1602 1603
3 1479 1600 1473
3 1479 1605 1600
3 1602 1481 1478
3 1607 1606 1482
3 1607 1482 1481
3 1604 1607 1481
3 1602 1604 1481
3 1608 1606 1607
3 1483 1605 1479
3 1483 1609 1605
3 1606 1484 1482
3 1611 1610 1486
3 1611 1486 1484
3 1608 1611 1484
3 1606 1608 1484
3 1613 1612 1610
3 1613 1610 1611
3 1614 1612 1613
3 1490 1609 1483
3 1490 1615 1609
3 1616 1496 1497
3 1498 1617 1497
3 1497 1617 1616
3 1499 1618 1498
3 1498 1618 1617
3 1619 1504 1505
3 1506 1620 1505
3 1505 1620 1619
3 1507 1621 1506
3 1506 1621 1620
3 1508 1622 1507
3 1507 1622 1621
3 1496 1616 1508
3 1616 1622 1508
3 1616 1623 1622
3 1617 1625 1624
3 1623 1617 1624
3 1616 1617 1623
3 1625 1617 1618
3 1625 1618 1626
3 1627 1510 1511
3 1512 1628 1511
3 1511 1628 1627
3 1513 1629 1512
3 1512 1629 1628
3 1629 1513 1630
3 1513 1631 1630
3 1513 1514 1631
3 1514 1504 1619
3 1632 1514 1619
3 1631 1514 1632
3 1632 1619 1620
3 1632 1620 1633
3 1633 1620 1621
3 1633 1621 1634
3 1634 1621 1622
3 1634 1622 1635
3 1635 1622 1623
3 1635 1623 1636
3 1636 1623 1624
3 1637 1516 1517
3 1518 1638 1517
3 1517 1638 1637
3 1639 1638 1518
3 1639 1518 1510
3 1640 1639 1510
3 1627 1640 1510
3 1640 1627 1628
3 1640 1628 1641
3 1641 1628 1629
3 1641 1629 1642
3 1642 1629 1630
3 1644 1643 1519
3 1644 1519 1520
3 1645 1522 1523
3 1646 1645 1523
3 1646 1523 1516
3 1647 1646 1516
3 1637 1647 1516
3 1647 1637 1638
3 1647 1638 1648
3 1648 1638 1639
3 1524 1644 1520
3 1524 1649 1644
3 1650 1526 1527
3 1651 1650 1527
3 1651 1527 1522
3 1652 1651 1522
3 1645 1652 1522
3 1652 1645 1646
3 1528 1649 1524
3 1528 1653 1649
3 1654 1530 1531
3 1655 1654 1531
3 1655 1531 1526
3 1656 1655 1526
3 1650 1656 1526
3 1656 1650 1651
3 1532 1653 1528
3 1532 1657 1653
3 1658 1535 1536
3 1659 1658 1536
3 1659 1536 1530
3 1660 1659 1530
3 1654 1660 1530
3 1660 1654 1655
3 1537 1657 1532
3 1537 1661 1657
3 1662 1539 1540
3 1541 1663 1540
3 1540 1663 1662
3 1664 1663 1541
3 1664 1541 1535
3 1665 1664 1535
3 1658 1665 1535
3 1665 1658 1659
3 1667 1666 1542
3 1667 1542 1543
3 1537 1542 1661
3 1661 1542 1666
3 1668 1544 1545
3 1539 1662 1545
3 1662 1668 1545
3 1662 1669 1668
3 1663 1671 1670
3 1669 1663 1670
3 1662 1663 1669
3 1671 1663 1664
3 1546 1667 1543
3 1546 1672 1667
3 1673 1547 1668
3 1668 1547 1544
3 1669 1675 1674
3 1673 1669 1674
3 1668 1669 1673
3 1675 1669 1670
3 1548 1672 1546
3 1548 1676 1672
3 1678 1677 1673
3 1677 1547 1673
3 1677 1550 1547
3 1678 1673 1674
3 1680 1679 1551
3 1680 1551 1552
3 1548 1551 1676
3 1676 1551 1679
3 1677 1554 1550
3 1681 1554 1677
3 1555 1680 1552
3 1555 1682 1680
3 1683 1556 1557
3 1684 1683 1557
3 1554 1684 1557
3 1681 1684 1554
3 1686 1685 1558
3 1686 1558 1559
3 1555 1558 1682
3 1682 1558 1685
3 1687 1560 1683
3 1683 1560 1556
3 1683 1684 1688
3 1683 1688 1687
3 1561 1686 1559
3 1561 1689 1686
3 1687 1562 1560
3 1564 1562 1687
3 1688 1564 1687
3 1690 1564 1688
3 1565 1689 1561
3 1565 1691 1689
3 1690 1566 1564
3 1692 1566 1690
3 1567 1691 1565
3 1567 1693 1691
3 1695 1568 1694
3 1568 1692 1694
3 1568 1566 1692
3 1696 1695 1694
3 1569 1693 1567
3 1569 1697 1693
3 1695 1570 1568
3 1572 1570 1695
3 1696 1572 1695
3 1698 1572 1696
3 1573 1697 1569
3 1573 1699 1697
3 1701 1574 1700
3 1574 1698 1700
3 1574 1572 1698
3 1702 1701 1700
3 1575 1699 1573
3 1575 1703 1699
3 1701 1576 1574
3 1705 1704 1577
3 1705 1577 1576
3 1702 1705 1576
3 1701 1702 1576
3 1706 1704 1705
3 1578 1703 1575
3 1578 1707 1703
3 1704 1579 1577
3 1706 1708 1704
3 1708 1579 1704
3 1708 1581 1579
3 1582 1581 1708
3 1582 1708 1709
3 1710 1707 1578
3 1710 1578 1583
3 1583 1584 1710
3 1710 1584 1711
3 1709 1712 1582
3 1582 1712 1585
3 1586 1585 1712
3 1586 1712 1713
3 1587 1711 1584
3 1587 1714 1711
3 1713 1715 1586
3 1586 1715 1588
3 1589 1588 1715
3 1589 1715 1716
3 1590 1714 1587
3 1590 1717 1714
3 1716 1718 1589
3 1589 1718 1591
3 1591 1719 1593
3 1718 1719 1591
3 1594 1593 1719
3 1594 1719 1720
3 1595 1717 1590
3 1595 1721 1717
3 1720 1722 1594
3 1594 1722 1596
3 1596 1723 1598
3 1722 1723 1596
3 1725 1724 1599
3 1598 1725 1599
3 1723 1725 1598
3 1727 1726 1724
3 1727 1724 1725
3 1728 1726 1727
3 1600 1721 1595
3 1600 1729 1721
3 1724 1601 1599
3 1601 1724 1603
3 1603 1724 1726
3 1731 1730 1604
3 1731 1604 1603
3 1728 1731 1603
3 1726 1728 1603
3 1732 1730 1731
3 1605 1729 1600
3 1605 1733 1729
3 1730 1607 1604
3 1735 1734 1608
3 1735 1608 1607
3 1732 1735 1607
3 1730 1732 1607
3 1737 1736 1734
3 1737 1734 1735
3 1738 1736 1737
3 1609 1733 1605
3 1609 1739 1733
3 1734 1611 1608
3 1611 1734 1613
3 1613 1734 1736
3 1741 1740 1614
3 1741 1614 1613
3 1738 1741 1613
3 1736 1738 1613
3 1743 1742 1740
3 1743 1740 1741
3 1743 1739 1742
3 1739 1615 1742
3 1739 1609 1615
3 1744 1624 1625
3 1626 1745 1625
3 1625 1745 1744
3 1746 1630 1631
3 1632 1747 1631
3 1631 1747 1746
3 1633 1748 1632
3 1632 1748 1747
3 1634 1749 1633
3 1633 1749 1748
3 1635 1750 1634
3 1634 1750 1749
3 1636 1751 1635
3 1635 1751 1750
3 1752 1751 1636
3 1752 1636 1624
3 1753 1752 1624
3 1744 1753 1624
3 1753 1744 1745
3 1753 1745 1754
3 1755 1639 1640
3 1641 1756 1640
3 1640 1756 1755
3 1642 1757 1641
3 1641 1757 1756
3 1758 1757 1642
3 1758 1642 1630
3 1759 1758 1630
3 1746 1759 1630
3 1759 1746 1747
3 1759 1747 1760
3 1760 1747 1748
3 1760 1748 1761
3 1761 1748 1749
3 1761 1749 1762
3 1762 1749 1750
3 1762 1750 1763
3 1763 1750 1751
3 1763 1751 1764
3 1764 1751 1752
3 1766 1765 1643
3 1766 1643 1644
3 1767 1646 1647
3 1648 1768 1647
3 1647 1768 1767
3 1769 1768 1648
3 1769 1648 1639
3 1770 1769 1639
3 1755 1770 1639
3 1770 1755 1756
3 1770 1756 1771
3 1771 1756 1757
3 1771 1757 1772
3 1772 1757 1758
3 1649 1766 1644
3 1649 1773 1766
3 1774 1651 1652
3 1646 1767 1652
3 1767 1774 1652
3 1767 1775 1774
3 1768 1777 1776
3 1775 1768 1776
3 1767 1768 1775
3 1777 1768 1769
3 1653 1773 1649
3 1653 1778 1773
3 1779 1655 1656
3 1651 1774 1656
3 1774 1779 1656
3 1774 1780 1779
3 1775 1782 1781
3 1780 1775 1781
3 1774 1775 1780
3 1782 1775 1776
3 1657 1778 1653
3 1657 1783 1778
3 1784 1659 1660
3 1785 1784 1660
3 1785 1660 1655
3 1786 1785 1655
3 1779 1786 1655
3 1786 1779 1780
3 1786 1780 1787
3 1787 1780 1781
3 1661 1783 1657
3 1661 1788 1783
3 1789 1664 1665
3 1790 1789 1665
3 1790 1665 1659
3 1791 1790 1659
3 1784 1791 1659
3 1791 1784 1785
3 1793 1792 1666
3 1793 1666 1667
3 1661 1666 1788
3 1788 1666 1792
3 1794 1670 1671
3 1664 1789 1671
3 1789 1794 1671
3 1789 1795 1794
3 1789 1790 1796
3 1789 1796 1795
3 1672 1793 1667
3 1672 1797 1793
3 1798 1674 1675
3 1670 1794 1675
3 1794 1798 1675
3 1794 1799 1798
3 1795 1801 1800
3 1799 1795 1800
3 1794 1795 1799
3 1801 1795 1796
3 1676 1797 1672
3 1676 1802 1797
3 1803 1677 1678
3 1804 1803 1678
3 1804 1678 1674
3 1805 1804 1674
3 1798 1805 1674
3 1805 1798 1799
3 1805 1799 1806
3 1806 1799 1800
3 1808 1807 1679
3 1808 1679 1680
3 1676 1679 1802
3 1802 1679 1807
3 1809 1681 1803
3 1803 1681 1677
3 1803 1804 1810
3 1803 1810 1809
3 1682 1808 1680
3 1682 1811 1808
3 1812 1684 1809
3 1809 1684 1681
3 1809 1810 1813
3 1809 1813 1812
3 1815 1814 1685
3 1815 1685 1686
3 1682 1685 1811
3 1811 1685 1814
3 1816 1688 1812
3 1812 1688 1684
3 1812 1813 1817
3 1812 1817 1816
3 1689 1815 1686
3 1689 1818 1815
3 1819 1690 1816
3 1816 1690 1688
3 1816 1817 1820
3 1816 1820 1819
3 1691 1818 1689
3 1691 1821 1818
3 1822 1692 1819
3 1819 1692 1690
3 1819 1820 1823
3 1819 1823 1822
3 1693 1821 1691
3 1693 1824 1821
3 1822 1694 1692
3 1696 1694 1822
3 1823 1696 1822
3 1825 1696 1823
3 1697 1824 1693
3 1697 1826 1824
3 1828 1698 1827
3 1698 1825 1827
3 1698 1696 1825
3 1829 1828 1827
3 1699 1826 1697
3 1699 1830 1826
3 1828 1700 1698
3 1702 1700 1828
3 1829 1702 1828
3 1831 1702 1829
3 1703 1830 1699
3 1703 1832 1830
3 1831 1833 1702
3 1702 1833 1705
3 1706 1705 1833
3 1706 1833 1834
3 1707 1832 1703
3 1707 1835 1832
3 1834 1836 1706
3 1706 1836 1708
3 1838 1837 1709
3 1708 1838 1709
3 1836 1838 1708
3 1839 1837 1838
3 1840 1835 1707
3 1840 1707 1710
3 1710 1711 1840
3 1840 1711 1841
3 1837 1712 1709
3 1713 1712 1837
3 1839 1713 1837
3 1842 1713 1839
3 1714 1841 1711
3 1714 1843 1841
3 1842 1844 1713
3 1713 1844 1715
3 1716 1715 1844
3 1716 1844 1845
3 1717 1843 1714
3 1717 1846 1843
3 1845 1847 1716
3 1716 1847 1718
3 1718 1848 1719
3 1847 1848 1718
3 1850 1849 1720
3 1719 1850 1720
3 1848 1850 1719
3 1852 1851 1849
3 1852 1849 1850
3 1854 1853 1851
3 1854 1851 1852
3 1855 1853 1854
3 1721 1846 1717
3 1721 1856 1846
3 1849 1722 1720
3 1722 1849 1723
3 1723 1849 1851
3 1723 1851 1725
3 1725 1851 1853
3 1855 1857 1853
3 1857 1725 1853
3 1857 1727 1725
3 1859 1858 1728
3 1727 1859 1728
3 1857 1859 1727
3 1860 1858 1859
3 1729 1856 1721
3 1729 1861 1856
3 1858 1731 1728
3 1863 1862 1732
3 1863 1732 1731
3 1860 1863 1731
3 1858 1860 1731
3 1865 1864 1862
3 1865 1862 1863
3 1866 1864 1865
3 1733 1861 1729
3 1733 1867 1861
3 1862 1735 1732
3 1735 1862 1737
3 1737 1862 1864
3 1869 1868 1738
3 1869 1738 1737
3 1866 1869 1737
3 1864 1866 1737
3 1871 1870 1868
3 1871 1868 1869
3 1871 1867 1870
3 1867 1739 1870
3 1867 1733 1739
3 1868 1741 1738
3 1741 1868 1743
3 1743 1868 1870
3 1743 1870 1739
3 1872 1752 1753
3 1754 1873 1753
3 1753 1873 1872
3 1874 1758 1759
3 1760 1875 1759
3 1759 1875 1874
3 1761 1876 1760
3 1760 1876 1875
3 1762 1877 1761
3 1761 1877 1876
3 1763 1878 1762
3 1762 1878 1877
3 1764 1879 1763
3 1763 1879 1878
3 1752 1872 1764
3 1872 1879 1764
3 1872 1880 1879
3 1766 1880 1765
3 1880 1873 1765
3 1880 1872 1873
3 1881 1769 1770
3 1771 1882 1770
3 1770 1882 1881
3 1772 1883 1771
3 1771 1883 1882
3 1758 1874 1772
3 1874 1883 1772
3 1874 1884 1883
3 1875 1886 1885
3 1884 1875 1885
3 1874 1875 1884
3 1886 1875 1876
3 1886 1876 1887
3 1887 1876 1877
3 1887 1877 1888
3 1888 1877 1878
3 1888 1878 1889
3 1889 1878 1879
3 1889 1879 1890
3 1890 1879 1880
3 1890 1880 1891
3 1880 1766 1891
3 1766 1892 1891
3 1766 1773 1892
3 1893 1776 1777
3 1769 1881 1777
3 1881 1893 1777
3 1881 1894 1893
3 1882 1896 1895
3 1894 1882 1895
3 1881 1882 1894
3 1896 1882 1883
3 1896 1883 1897
3 1897 1883 1884
3 1897 1884 1898
3 1898 1884 1885
3 1778 1892 1773
3 1778 1899 1892
3 1900 1781 1782
3 1901 1900 1782
3 1901 1782 1776
3 1902 1901 1776
3 1893 1902 1776
3 1902 1893 1894
3 1902 1894 1903
3 1903 1894 1895
3 1783 1899 1778
3 1783 1904 1899
3 1905 1785 1786
3 1787 1906 1786
3 1786 1906 1905
3 1907 1906 1787
3 1907 1787 1781
3 1908 1907 1781
3 1900 1908 1781
3 1908 1900 1901
3 1788 1904 1783
3 1788 1909 1904
3 1910 1790 1791
3 1785 1905 1791
3 1905 1910 1791
3 1905 1911 1910
3 1906 1913 1912
3 1911 1906 1912
3 1905 1906 1911
3 1913 1906 1907
3 1915 1914 1792
3 1915 1792 1793
3 1788 1792 1909
3 1909 1792 1914
3 1916 1796 1910
3 1910 1796 1790
3 1911 1918 1917
3 1916 1911 1917
3 1910 1911 1916
3 1918 1911 1912
3 1797 1915 1793
3 1797 1919 1915
3 1920 1800 1801
3 1921 1920 1801
3 1921 1801 1796
3 1922 1921 1796
3 1916 1922 1796
3 1922 1916 1917
3 1802 1919 1797
3 1802 1923 1919
3 1924 1804 1805
3 1806 1925 1805
3 1805 1925 1924
3 1926 1925 1806
3 1926 1806 1800
3 1927 1926 1800
3 1920 1927 1800
3 1927 1920 1921
3 1929 1928 1807
3 1929 1807 1808
3 1802 1807 1923
3 1923 1807 1928
3 1930 1810 1924
3 1924 1810 1804
3 1925 1932 1931
3 1930 1925 1931
3 1924 1925 1930
3 1932 1925 1926
3 1811 1929 1808
3 1811 1933 1929
3 1934 1813 1930
3 1930 1813 1810
3 1930 1931 1935
3 1930 1935 1934
3 1815 1936 1814
3 1936 1937 1814
3 1937 1811 1814
3 1937 1933 1811
3 1938 1817 1934
3 1934 1817 1813
3 1934 1935 1939
3 1934 1939 1938
3 1818 1940 1936
3 1818 1936 1815
3 1937 1936 1941
3 1941 1936 1940
3 1943 1942 1938
3 1942 1817 1938
3 1942 1820 1817
3 1943 1938 1939
3 1945 1944 1940
3 1818 1945 1940
3 1821 1945 1818
3 1940 1944 1941
3 1947 1823 1946
3 1823 1942 1946
3 1823 1820 1942
3 1948 1947 1946
3 1824 1945 1821
3 1824 1949 1945
3 1950 1825 1947
3 1947 1825 1823
3 1947 1948 1951
3 1947 1951 1950
3 1826 1949 1824
3 1826 1952 1949
3 1950 1827 1825
3 1954 1953 1829
3 1954 1829 1827
3 1951 1954 1827
3 1950 1951 1827
3 1955 1953 1954
3 1830 1952 1826
3 1830 1956 1952
3 1957 1831 1953
3 1953 1831 1829
3 1953 1955 1958
3 1953 1958 1957
3 1832 1956 1830
3 1832 1959 1956
3 1957 1833 1831
3 1961 1960 1834
3 1961 1834 1833
3 1958 1961 1833
3 1957 1958 1833
3 1962 1960 1961
3 1835 1959 1832
3 1835 1963 1959
3 1960 1836 1834
3 1962 1964 1960
3 1964 1836 1960
3 1964 1838 1836
3 1839 1838 1964
3 1839 1964 1965
3 1966 1963 1835
3 1966 1835 1840
3 1840 1841 1966
3 1966 1841 1967
3 1969 1842 1968
3 1842 1965 1968
3 1842 1839 1965
3 1970 1969 1968
3 1843 1967 1841
3 1843 1971 1967
3 1969 1844 1842
3 1973 1972 1845
3 1973 1845 1844
3 1970 1973 1844
3 1969 1970 1844
3 1974 1972 1973
3 1846 1971 1843
3 1846 1975 1971
3 1972 1847 1845
3 1974 1976 1972
3 1976 1847 1972
3 1976 1848 1847
3 1848 1977 1850
3 1976 1977 1848
3 1850 1978 1852
3 1977 1978 1850
3 1852 1979 1854
3 1978 1979 1852
3 1981 1980 1855
3 1854 1981 1855
3 1979 1981 1854
3 1982 1980 1981
3 1856 1975 1846
3 1856 1983 1975
3 1980 1857 1855
3 1982 1984 1980
3 1984 1857 1980
3 1984 1859 1857
3 1986 1985 1860
3 1859 1986 1860
3 1984 1986 1859
3 1987 1985 1986
3 1861 1983 1856
3 1861 1988 1983
3 1985 1863 1860
3 1987 1989 1985
3 1989 1863 1985
3 1989 1865 1863
3 1991 1990 1866
3 1865 1991 1866
3 1989 1991 1865
3 1993 1992 1990
3 1993 1990 1991
3 1993 1988 1992
3 1988 1867 1992
3 1988 1861 1867
3 1990 1869 1866
3 1869 1990 1871
3 1871 1990 1992
3 1871 1992 1867
3 1994 1885 1886
3 1887 1995 1886
3 1886 1995 1994
3 1888 1996 1887
3 1887 1996 1995
3 1889 1997 1888
3 1888 1997 1996
3 1890 1998 1889
3 1889 1998 1997
3 1998 1890 1999
3 1890 2000 1999
3 1890 1891 2000
3 1891 1892 2000
3 2000 1892 2001
3 2002 1895 1896
3 1897 2003 1896
3 1896 2003 2002
3 1898 2004 1897
3 1897 2004 2003
3 2005 2004 1898
3 2005 1898 1885
3 2006 2005 1885
3 1994 2006 1885
3 2006 1994 1995
3 2006 1995 2007
3 2007 1995 1996
3 2007 1996 2008
3 2008 1996 1997
3 2008 1997 2009
3 2009 1997 1998
3 2009 1998 2010
3 2010 1998 1999
3 1899 2001 1892
3 1899 2011 2001
3 2012 1901 1902
3 1903 2013 1902
3 1902 2013 2012
3 2014 2013 1903
3 2014 1903 1895
3 2015 2014 1895
3 2002 2015 1895
3 2015 2002 2003
3 2015 2003 2016
3 2016 2003 2004
3 2016 2004 2017
3 2017 2004 2005
3 1904 2011 1899
3 1904 2018 2011
3 2019 1907 1908
3 1901 2012 1908
3 2012 2019 1908
3 2012 2020 2019
3 2013 2022 2021
3 2020 2013 2021
3 2012 2013 2020
3 2022 2013 2014
3 1909 2018 1904
3 1909 2023 2018
3 2024 1912 1913
3 1907 2019 1913
3 2019 2024 1913
3 2019 2025 2024
3 2020 2027 2026
3 2025 2020 2026
3 2019 2020 2025
3 2027 2020 2021
3 2029 2028 1914
3 2029 1914 1915
3 1909 1914 2023
3 2023 1914 2028
3 2030 1917 1918
3 2031 2030 1918
3 2031 1918 1912
3 2032 2031 1912
3 2024 2032 1912
3 2032 2024 2025
3 2032 2025 2033
3 2033 2025 2026
3 1919 2029 1915
3 1919 2034 2029
3 2035 1921 1922
3 2036 2035 1922
3 2036 1922 1917
3 2037 2036 1917
3 2030 2037 1917
3 2037 2030 2031
3 1923 2034 1919
3 1923 2038 2034
3 2039 1926 1927
3 2040 2039 1927
3 2040 1927 1921
3 2041 2040 1921
3 2035 2041 1921
3 2041 2035 2036
3 2043 2042 1928
3 2043 1928 1929
3 1923 1928 2038
3 2038 1928 2042
3 2044 1931 1932
3 1926 2039 1932
3 2039 2044 1932
3 2039 2045 2044
3 2039 2040 2046
3 2039 2046 2045
3 1933 2043 1929
3 1933 2047 2043
3 2048 1935 2044
3 2044 1935 1931
3 2045 2050 2049
3 2048 2045 2049
3 2044 2045 2048
3 2050 2045 2046
3 1937 2047 1933
3 1937 2051 2047
3 2052 1939 2048
3 2048 1939 1935
3 2048 2049 2053
3 2048 2053 2052
3 1941 2051 1937
3 1941 2054 2051
3 2055 1942 1943
3 1939 2052 1943
3 2052 2055 1943
3 2052 2056 2055
3 2052 2053 2057
3 2052 2057 2056
3 1945 2058 1944
3 2058 2059 1944
3 2059 1941 1944
3 2059 2054 1941
3 2055 1946 1942
3 1946 2055 1948
3 2055 2060 1948
3 2055 2056 2060
3 2056 2057 2061
3 2056 2061 2060
3 1949 2062 2058
3 1949 2058 1945
3 2059 2058 2063
3 2063 2058 2062
3 2064 1951 2060
3 2060 1951 1948
3 2060 2061 2065
3 2060 2065 2064
3 1952 2066 2062
3 1952 2062 1949
3 2063 2062 2067
3 2067 2062 2066
3 2064 1954 1951
3 2069 2068 1955
3 2069 1955 1954
3 2065 2069 1954
3 2064 2065 1954
3 2070 2068 2069
3 1956 2071 2066
3 1956 2066 1952
3 2067 2066 2072
3 2072 2066 2071
3 2073 1958 2068
3 2068 1958 1955
3 2068 2070 2074
3 2068 2074 2073
3 1959 2075 2071
3 1959 2071 1956
3 2072 2071 2076
3 2076 2071 2075
3 2073 1961 1958
3 2078 2077 1962
3 2078 1962 1961
3 2074 2078 1961
3 2073 2074 1961
3 2079 2077 2078
3 1963 2080 2075
3 1963 2075 1959
3 2076 2075 2081
3 2081 2075 2080
3 2077 1964 1962
3 2083 2082 1965
3 2083 1965 1964
3 2079 2083 1964
3 2077 2079 1964
3 2084 2082 2083
3 1966 2080 1963
3 1966 1967 2080
3 1967 2081 2080
3 1967 2085 2081
3 2082 1968 1965
3 2087 2086 1970
3 2087 1970 1968
3 2084 2087 1968
3 2082 2084 1968
3 2088 2086 2087
3 1971 2085 1967
3 1971 2089 2085
3 2086 1973 1970
3 2091 2090 1974
3 2091 1974 1973
3 2088 2091 1973
3 2086 2088 1973
3 2093 2092 2090
3 2093 2090 2091
3 2094 2092 2093
3 1975 2089 1971
3 1975 2095 2089
3 2090 1976 1974
3 1976 2090 1977
3 1977 2090 2092
3 2094 2096 2092
3 2096 1977 2092
3 2096 1978 1977
3 1978 2097 1979
3 2096 2097 1978
3 1979 2098 1981
3 2097 2098 1979
3 2100 2099 1982
3 1981 2100 1982
3 2098 2100 1981
3 2101 2099 2100
3 1983 2095 1975
3 1983 2102 2095
3 2099 1984 1982
3 2101 2103 2099
3 2103 1984 2099
3 2103 1986 1984
3 2105 2104 1987
3 1986 2105 1987
3 2103 2105 1986
3 2107 2106 2104
3 2107 2104 2105
3 2109 2108 2106
3 2109 2106 2107
3 2109 2102 2108
3 2102 1988 2108
3 2102 1983 1988
3 2104 1989 1987
3 1989 2104 1991
3 1991 2104 2106
3 1991 2106 1993
3 1993 2106 2108
3 1993 2108 1988
3 2110 1999 2000
3 2001 2110 2000
3 2111 2005 2006
3 2007 2112 2006
3 2006 2112 2111
3 2008 2113 2007
3 2007 2113 2112
3 2009 2114 2008
3 2008 2114 2113
3 2010 2115 2009
3 2009 2115 2114
3 1999 2110 2010
3 2110 2115 2010
3 2110 2116 2115
3 2011 2116 2001
3 2001 2116 2110
3 2117 2014 2015
3 2016 2118 2015
3 2015 2118 2117
3 2017 2119 2016
3 2016 2119 2118
3 2120 2119 2017
3 2120 2017 2005
3 2121 2120 2005
3 2111 2121 2005
3 2121 2111 2112
3 2121 2112 2122
3 2122 2112 2113
3 2122 2113 2123
3 2123 2113 2114
3 2123 2114 2124
3 2124 2114 2115
3 2124 2115 2125
3 2125 2115 2116
3 2125 2116 2126
3 2116 2011 2126
3 2011 2127 2126
3 2011 2018 2127
3 2128 2021 2022
3 2014 2117 2022
3 2117 2128 2022
3 2117 2129 2128
3 2118 2131 2130
3 2129 2118 2130
3 2117 2118 2129
3 2131 2118 2119
3 2131 2119 2132
3 2132 2119 2120
3 2023 2127 2018
3 2023 2133 2127
3 2134 2026 2027
3 2021 2128 2027
3 2128 2134 2027
3 2128 2135 2134
3 2129 2137 2136
3 2135 2129 2136
3 2128 2129 2135
3 2137 2129 2130
3 2139 2138 2028
3 2139 2028 2029
3 2023 2028 2133
3 2133 2028 2138
3 2140 2031 2032
3 2033 2141 2032
3 2032 2141 2140
3 2142 2141 2033
3 2142 2033 2026
3 2143 2142 2026
3 2134 2143 2026
3 2143 2134 2135
3 2143 2135 2144
3 2144 2135 2136
3 2034 2139 2029
3 2034 2145 2139
3 2146 2036 2037
3 2147 2146 2037
3 2147 2037 2031
3 2148 2147 2031
3 2140 2148 2031
3 2148 2140 2141
3 2148 2141 2149
3 2149 2141 2142
3 2038 2145 2034
3 2038 2150 2145
3 2151 2040 2041
3 2036 2146 2041
3 2146 2151 2041
3 2146 2152 2151
3 2146 2147 2153
3 2146 2153 2152
3 2155 2154 2042
3 2155 2042 2043
3 2038 2042 2150
3 2150 2042 2154
3 2156 2046 2151
3 2151 2046 2040
3 2152 2158 2157
3 2156 2152 2157
3 2151 2152 2156
3 2158 2152 2153
3 2047 2155 2043
3 2047 2159 2155
3 2160 2049 2050
3 2161 2160 2050
3 2161 2050 2046
3 2162 2161 2046
3 2156 2162 2046
3 2162 2156 2157
3 2051 2159 2047
3 2051 2163 2159
3 2164 2053 2160
3 2160 2053 2049
3 2160 2161 2165
3 2160 2165 2164
3 2054 2163 2051
3 2054 2166 2163
3 2167 2057 2164
3 2164 2057 2053
3 2164 2165 2168
3 2164 2168 2167
3 2059 2166 2054
3 2059 2169 2166
3 2170 2061 2167
3 2167 2061 2057
3 2167 2168 2171
3 2167 2171 2170
3 2063 2169 2059
3 2063 2172 2169
3 2173 2065 2170
3 2170 2065 2061
3 2170 2171 2174
3 2175 2170 2174
3 2173 2170 2175
3 2176 2175 2174
3 2067 2172 2063
3 2067 2177 2172
3 2173 2069 2065
3 2069 2173 2070
3 2173 2178 2070
3 2173 2175 2178
3 2175 2176 2179
3 2175 2179 2178
3 2072 2177 2067
3 2072 2180 2177
3 2181 2074 2178
3 2178 2074 2070
3 2178 2179 2182
3 2178 2182 2181
3 2076 2180 2072
3 2076 2183 2180
3 2181 2078 2074
3 2185 2184 2079
3 2185 2079 2078
3 2182 2185 2078
3 2181 2182 2078
3 2186 2184 2185
3 2081 2183 2076
3 2081 2187 2183
3 2184 2083 2079
3 2189 2188 2084
3 2189 2084 2083
3 2186 2189 2083
3 2184 2186 2083
3 2190 2188 2189
3 2085 2187 2081
3 2085 2191 2187
3 2188 2087 2084
3 2193 2192 2088
3 2193 2088 2087
3 2190 2193 2087
3 2188 2190 2087
3 2194 2192 2193
3 2089 2191 2085
3 2089 2195 2191
3 2192 2091 2088
3 2194 2196 2192
3 2196 2091 2192
3 2196 2093 2091
3 2198 2197 2094
3 2093 2198 2094
3 2196 2198 2093
3 2200 2199 2197
3 2200 2197 2198
3 2201 2199 2200
3 2095 2195 2089
3 2095 2202 2195
3 2197 2096 2094
3 2096 2197 2097
3 2097 2197 2199
3 2201 2203 2199
3 2203 2097 2199
3 2203 2098 2097
3 2098 2204 2100
3 2203 2204 2098
3 2206 2205 2101
3 2100 2206 2101
3 2204 2206 2100
3 2208 2207 2205
3 2208 2205 2206
3 2210 2209 2207
3 2210 2207 2208
3 2212 2211 2209
3 2212 2209 2210
3 2212 2202 2211
3 2202 2102 2211
3 2202 2095 2102
3 2205 2103 2101
3 2103 2205 2105
3 2105 2205 2207
3 2105 2207 2107
3 2107 2207 2209
3 2107 2209 2109
3 2109 2209 2211
3 2109 2211 2102
3 2213 2120 2121
3 2122 2214 2121
3 2121 2214 2213
3 2123 2215 2122
3 2122 2215 2214
3 2124 2216 2123
3 2123 2216 2215
3 2125 2217 2124
3 2124 2217 2216
3 2126 2218 2125
3 2125 2218 2217
3 2127 2218 2126
3 2219 2130 2131
3 2132 2220 2131
3 2131 2220 2219
3 2120 2213 2132
3 2213 2220 2132
3 2213 2221 2220
3 2214 2223 2222
3 2221 2214 2222
3 2213 2214 2221
3 2223 2214 2215
3 2223 2215 2224
3 2224 2215 2216
3 2224 2216 2225
3 2225 2216 2217
3 2225 2217 2226
3 2226 2217 2218
3 2226 2218 2227
3 2218 2127 2227
3 2127 2228 2227
3 2127 2133 2228
3 2229 2136 2137
3 2130 2219 2137
3 2219 2229 2137
3 2219 2230 2229
3 2231 2219 2220
3 2230 2219 2231
3 2221 2233 2232
3 2231 2221 2232
3 2220 2221 2231
3 2233 2221 2222
3 2235 2234 2138
3 2235 2138 2139
3 2133 2138 2228
3 2228 2138 2234
3 2236 2142 2143
3 2144 2237 2143
3 2143 2237 2236
3 2136 2229 2144
3 2229 2237 2144
3 2229 2238 2237
3 2230 2240 2239
3 2238 2230 2239
3 2229 2230 2238
3 2240 2230 2231
3 2240 2231 2241
3 2241 2231 2232
3 2145 2235 2139
3 2145 2242 2235
3 2243 2147 2148
3 2149 2244 2148
3 2148 2244 2243
3 2142 2236 2149
3 2236 2244 2149
3 2236 2245 2244
3 2237 2247 2246
3 2245 2237 2246
3 2236 2237 2245
3 2247 2237 2238
3 2247 2238 2248
3 2248 2238 2239
3 2150 2242 2145
3 2150 2249 2242
3 2250 2153 2243
3 2243 2153 2147
3 2251 2243 2244
3 2250 2243 2251
3 2245 2253 2252
3 2251 2245 2252
3 2244 2245 2251
3 2253 2245 2246
3 2255 2254 2154
3 2255 2154 2155
3 2150 2154 2249
3 2249 2154 2254
3 2256 2157 2158
3 2153 2250 2158
3 2250 2256 2158
3 2250 2257 2256
3 2251 2259 2258
3 2257 2251 2258
3 2250 2251 2257
3 2259 2251 2252
3 2159 2255 2155
3 2159 2260 2255
3 2261 2161 2162
3 2157 2256 2162
3 2256 2261 2162
3 2256 2262 2261
3 2263 2256 2257
3 2262 2256 2263
3 2257 2258 2264
3 2257 2264 2263
3 2163 2260 2159
3 2163 2265 2260
3 2266 2165 2261
3 2261 2165 2161
3 2267 2261 2262
3 2266 2261 2267
3 2263 2269 2268
3 2267 2263 2268
3 2262 2263 2267
3 2269 2263 2264
3 2166 2265 2163
3 2166 2270 2265
3 2271 2168 2266
3 2266 2168 2165
3 2272 2266 2267
3 2271 2266 2272
3 2267 2268 2273
3 2267 2273 2272
3 2169 2270 2166
3 2169 2274 2270
3 2275 2171 2271
3 2271 2171 2168
3 2276 2271 2272
3 2275 2271 2276
3 2272 2273 2277
3 2272 2277 2276
3 2172 2274 2169
3 2172 2278 2274
3 2275 2174 2171
3 2174 2275 2176
3 2275 2279 2176
3 2275 2276 2279
3 2276 2277 2280
3 2276 2280 2279
3 2177 2278 2172
3 2177 2281 2278
3 2282 2179 2279
3 2279 2179 2176
3 2279 2280 2283
3 2279 2283 2282
3 2180 2281 2177
3 2180 2284 2281
3 2285 2182 2282
3 2282 2182 2179
3 2282 2283 2286
3 2287 2282 2286
3 2285 2282 2287
3 2288 2287 2286
3 2183 2284 2180
3 2183 2289 2284
3 2285 2185 2182
3 2185 2285 2186
3 2285 2290 2186
3 2285 2287 2290
3 2287 2288 2291
3 2287 2291 2290
3 2187 2289 2183
3 2187 2292 2289
3 2290 2189 2186
3 2294 2293 2190
3 2294 2190 2189
3 2291 2294 2189
3 2290 2291 2189
3 2295 2293 2294
3 2191 2292 2187
3 2191 2296 2292
3 2293 2193 2190
3 2298 2297 2194
3 2298 2194 2193
3 2295 2298 2193
3 2293 2295 2193
3 2299 2297 2298
3 2195 2296 2191
3 2195 2300 2296
3 2297 2196 2194
3 2299 2301 2297
3 2301 2196 2297
3 2301 2198 2196
3 2198 2302 2200
3 2301 2302 2198
3 2304 2303 2201
3 2200 2304 2201
3 2302 2304 2200
3 2306 2305 2303
3 2306 2303 2304
3 2308 2307 2305
3 2308 2305 2306
3 2309 2307 2308
3 2202 2300 2195
3 2202 2310 2300
3 2303 2203 2201
3 2203 2303 2204
3 2204 2303 2305
3 2204 2305 2206
3 2206 2305 2307
3 2309 2311 2307
3 2311 2206 2307
3 2311 2208 2206
3 2208 2312 2210
3 2311 2312 2208
3 2210 2313 2212
3 2312 2313 2210
3 2202 2212 2310
3 2310 2212 2313
3 2314 2222 2223
3 2224 2315 2223
3 2223 2315 2314
3 2225 2316 2224
3 2224 2316 2315
3 2226 2317 2225
3 2225 2317 2316
3 2227 2318 2226
3 2226 2318 2317
3 2228 2318 2227
3 2319 2232 2233
3 2222 2314 2233
3 2314 2319 2233
3 2314 2320 2319
3 2321 2314 2315
3 2320 2314 2321
3 2322 2315 2316
3 2321 2315 2322
3 2323 2316 2317
3 2322 2316 2323
3 2235 2323 2234
3 2323 2318 2234
3 2323 2317 2318
3 2234 2318 2228
3 2324 2239 2240
3 2241 2325 2240
3 2240 2325 2324
3 2232 2319 2241
3 2319 2325 2241
3 2319 2326 2325
3 2327 2319 2320
3 2326 2319 2327
3 2321 2329 2328
3 2327 2321 2328
3 2320 2321 2327
3 2331 2330 2329
3 2321 2331 2329
3 2322 2331 2321
3 2323 2333 2332
3 2331 2323 2332
3 2322 2323 2331
3 2323 2235 2333
3 2235 2334 2333
3 2235 2242 2334
3 2335 2246 2247
3 2248 2336 2247
3 2247 2336 2335
3 2239 2324 2248
3 2324 2336 2248
3 2324 2337 2336
3 2325 2339 2338
3 2337 2325 2338
3 2324 2325 2337
3 2339 2325 2326
3 2339 2326 2340
3 2340 2326 2327
3 2340 2327 2341
3 2341 2327 2328
3 2342 2330 2331
3 2342 2331 2332
3 2249 2334 2242
3 2249 2343 2334
3 2344 2252 2253
3 2246 2335 2253
3 2335 2344 2253
3 2335 2345 2344
3 2336 2347 2346
3 2345 2336 2346
3 2335 2336 2345
3 2347 2336 2337
3 2347 2337 2348
3 2348 2337 2338
3 2350 2349 2254
3 2350 2254 2255
3 2249 2254 2343
3 2343 2254 2349
3 2351 2258 2259
3 2252 2344 2259
3 2344 2351 2259
3 2344 2352 2351
3 2345 2354 2353
3 2352 2345 2353
3 2344 2345 2352
3 2354 2345 2346
3 2260 2350 2255
3 2260 2355 2350
3 2356 2264 2351
3 2351 2264 2258
3 2352 2358 2357
3 2356 2352 2357
3 2351 2352 2356
3 2358 2352 2353
3 2265 2355 2260
3 2265 2359 2355
3 2360 2268 2269
3 2264 2356 2269
3 2356 2360 2269
3 2356 2361 2360
3 2356 2357 2362
3 2356 2362 2361
3 2270 2359 2265
3 2270 2363 2359
3 2364 2273 2360
3 2360 2273 2268
3 2361 2366 2365
3 2364 2361 2365
3 2360 2361 2364
3 2366 2361 2362
3 2274 2363 2270
3 2274 2367 2363
3 2368 2277 2364
3 2364 2277 2273
3 2364 2365 2369
3 2364 2369 2368
3 2278 2367 2274
3 2278 2370 2367
3 2371 2280 2368
3 2368 2280 2277
3 2368 2369 2372
3 2368 2372 2371
3 2281 2370 2278
3 2281 2373 2370
3 2374 2283 2371
3 2371 2283 2280
3 2371 2372 2375
3 2371 2375 2374
3 2284 2373 2281
3 2284 2376 2373
3 2374 2286 2283
3 2378 2377 2288
3 2378 2288 2286
3 2375 2378 2286
3 2374 2375 2286
3 2379 2377 2378
3 2289 2376 2284
3 2289 2380 2376
3 2381 2291 2377
3 2377 2291 2288
3 2377 2379 2382
3 2377 2382 2381
3 2292 2380 2289
3 2292 2383 2380
3 2381 2294 2291
3 2385 2384 2295
3 2385 2295 2294
3 2382 2385 2294
3 2381 2382 2294
3 2386 2384 2385
3 2296 2383 2292
3 2296 2387 2383
3 2384 2298 2295
3 2389 2388 2299
3 2389 2299 2298
3 2386 2389 2298
3 2384 2386 2298
3 2391 2390 2388
3 2391 2388 2389
3 2393 2392 2390
3 2393 2390 2391
3 2394 2392 2393
3 2300 2387 2296
3 2300 2395 2387
3 2388 2301 2299
3 2301 2388 2302
3 2302 2388 2390
3 2302 2390 2304
3 2304 2390 2392
3 2394 2396 2392
3 2396 2304 2392
3 2396 2306 2304
3 2306 2397 2308
3 2396 2397 2306
3 2399 2398 2309
3 2308 2399 2309
3 2397 2399 2308
3 2401 2400 2398
3 2401 2398 2399
3 2403 2402 2400
3 2403 2400 2401
3 2403 2395 2402
3 2395 2310 2402
3 2395 2300 2310
3 2398 2311 2309
3 2311 2398 2312
3 2312 2398 2400
3 2312 2400 2313
3 2313 2400 2402
3 2313 2402 2310
3 2404 2328 2329
3 2330 2404 2329
3 2405 2332 2333
3 2334 2405 2333
3 2406 2338 2339
3 2340 2407 2339
3 2339 2407 2406
3 2341 2408 2340
3 2340 2408 2407
3 2328 2404 2341
3 2404 2408 2341
3 2404 2409 2408
3 2342 2410 2330
3 2410 2404 2330
3 2410 2409 2404
3 2332 2405 2342
3 2405 2410 2342
3 2405 2411 2410
3 2343 2411 2334
3 2334 2411 2405
3 2412 2346 2347
3 2348 2413 2347
3 2347 2413 2412
3 2338 2406 2348
3 2406 2413 2348
3 2406 2414 2413
3 2415 2406 2407
3 2414 2406 2415
3 2416 2407 2408
3 2415 2407 2416
3 2417 2408 2409
3 2416 2408 2417
3 2418 2409 2410
3 2417 2409 2418
3 2350 2418 2349
3 2418 2411 2349
3 2418 2410 2411
3 2349 2411 2343
3 2419 2353 2354
3 2346 2412 2354
3 2412 2419 2354
3 2412 2420 2419
3 2421 2412 2413
3 2420 2412 2421
3 2414 2423 2422
3 2421 2414 2422
3 2413 2414 2421
3 2423 2414 2415
3 2423 2415 2424
3 2424 2415 2416
3 2424 2416 2425
3 2425 2416 2417
3 2425 2417 2426
3 2426 2417 2418
3 2426 2418 2427
3 2418 2350 2427
3 2350 2428 2427
3 2350 2355 2428
3 2429 2357 2358
3 2353 2419 2358
3 2419 2429 2358
3 2419 2430 2429
3 2431 2419 2420
3 2430 2419 2431
3 2432 2420 2421
3 2431 2420 2432
3 2421 2422 2433
3 2421 2433 2432
3 2359 2428 2355
3 2359 2434 2428
3 2435 2362 2429
3 2429 2362 2357
3 2436 2429 2430
3 2435 2429 2436
3 2437 2430 2431
3 2436 2430 2437
3 2432 2439 2438
3 2437 2432 2438
3 2431 2432 2437
3 2439 2432 2433
3 2363 2434 2359
3 2363 2440 2434
3 2441 2365 2366
3 2362 2435 2366
3 2435 2441 2366
3 2435 2442 2441
3 2443 2435 2436
3 2442 2435 2443
3 2437 2445 2444
3 2443 2437 2444
3 2436 2437 2443
3 2445 2437 2438
3 2367 2440 2363
3 2367 2446 2440
3 2447 2369 2441
3 2441 2369 2365
3 2448 2441 2442
3 2447 2441 2448
3 2443 2450 2449
3 2448 2443 2449
3 2442 2443 2448
3 2450 2443 2444
3 2370 2446 2367
3 2370 2451 2446
3 2452 2372 2447
3 2447 2372 2369
3 2453 2447 2448
3 2452 2447 2453
3 2448 2449 2454
3 2448 2454 2453
3 2373 2451 2370
3 2373 2455 2451
3 2456 2375 2452
3 2452 2375 2372
3 2457 2452 2453
3 2456 2452 2457
3 2453 2454 2458
3 2453 2458 2457
3 2376 2455 2373
3 2376 2459 2455
3 2456 2378 2375
3 2378 2456 2379
3 2456 2460 2379
3 2456 2457 2460
3 2457 2458 2461
3 2457 2461 2460
3 2380 2459 2376
3 2380 2462 2459
3 2463 2382 2460
3 2460 2382 2379
3 2460 2461 2464
3 2460 2464 2463
3 2383 2462 2380
3 2383 2465 2462
3 2463 2385 2382
3 2467 2466 2386
3 2467 2386 2385
3 2464 2467 2385
3 2463 2464 2385
3 2469 2468 2466
3 2469 2466 2467
3 2470 2468 2469
3 2387 2465 2383
3 2387 2471 2465
3 2466 2389 2386
3 2389 2466 2391
3 2391 2466 2468
3 2470 2472 2468
3 2472 2391 2468
3 2472 2393 2391
3 2474 2473 2394
3 2393 2474 2394
3 2472 2474 2393
3 2476 2475 2473
3 2476 2473 2474
3 2478 2477 2475
3 2478 2475 2476
3 2480 2479 2477
3 2480 2477 2478
3 2482 2481 2479
3 2482 2479 2480
3 2482 2471 2481
3 2471 2395 2481
3 2471 2387 2395
3 2473 2396 2394
3 2396 2473 2397
3 2397 2473 2475
3 2397 2475 2399
3 2399 2475 2477
3 2399 2477 2401
3 2401 2477 2479
3 2401 2479 2403
3 2403 2479 2481
3 2403 2481 2395
3 2483 2422 2423
3 2424 2484 2423
3 2423 2484 2483
3 2425 2485 2424
3 2424 2485 2484
3 2426 2486 2425
3 2425 2486 2485
3 2427 2487 2426
3 2426 2487 2486
3 2428 2487 2427
3 2488 2433 2483
3 2483 2433 2422
3 2489 2483 2484
3 2488 2483 2489
3 2490 2484 2485
3 2489 2484 2490
3 2486 2492 2491
3 2490 2486 2491
3 2485 2486 2490
3 2492 2486 2487
3 2492 2487 2493
3 2487 2428 2493
3 2428 2494 2493
3 2428 2434 2494
3 2495 2438 2439
3 2433 2488 2439
3 2488 2495 2439
3 2488 2496 2495
3 2497 2488 2489
3 2496 2488 2497
3 2498 2489 2490
3 2497 2489 2498
3 2490 2491 2499
3 2490 2499 2498
3 2440 2494 2434
3 2440 2500 2494
3 2501 2444 2445
3 2438 2495 2445
3 2495 2501 2445
3 2495 2502 2501
3 2503 2495 2496
3 2502 2495 2503
3 2504 2496 2497
3 2503 2496 2504
3 2498 2506 2505
3 2504 2498 2505
3 2497 2498 2504
3 2506 2498 2499
3 2446 2500 2440
3 2446 2507 2500
3 2508 2449 2450
3 2444 2501 2450
3 2501 2508 2450
3 2501 2509 2508
3 2510 2501 2502
3 2509 2501 2510
3 2503 2512 2511
3 2510 2503 2511
3 2502 2503 2510
3 2512 2503 2504
3 2512 2504 2513
3 2513 2504 2505
3 2451 2507 2446
3 2451 2514 2507
3 2515 2454 2508
3 2508 2454 2449
3 2516 2508 2509
3 2515 2508 2516
3 2510 2518 2517
3 2516 2510 2517
3 2509 2510 2516
3 2518 2510 2511
3 2455 2514 2451
3 2455 2519 2514
3 2520 2458 2515
3 2515 2458 2454
3 2521 2515 2516
3 2520 2515 2521
3 2516 2517 2522
3 2516 2522 2521
3 2459 2519 2455
3 2459 2523 2519
3 2524 2461 2520
3 2520 2461 2458
3 2525 2520 2521
3 2524 2520 2525
3 2521 2522 2526
3 2521 2526 2525
3 2462 2523 2459
3 2462 2527 2523
3 2528 2464 2524
3 2524 2464 2461
3 2529 2524 2525
3 2528 2524 2529
3 2525 2526 2530
3 2531 2525 2530
3 2529 2525 2531
3 2532 2531 2530
3 2465 2527 2462
3 2465 2533 2527
3 2528 2467 2464
3 2467 2528 2469
3 2469 2528 2529
3 2469 2529 2470
3 2529 2534 2470
3 2529 2531 2534
3 2531 2532 2535
3 2536 2531 2535
3 2534 2531 2536
3 2538 2537 2536
3 2538 2536 2535
3 2539 2537 2538
3 2542 2541 2540
3 2541 2533 2540
3 2533 2471 2540
3 2533 2465 2471
3 2534 2472 2470
3 2472 2534 2474
3 2474 2534 2536
3 2474 2536 2476
3 2476 2536 2537
3 2539 2543 2537
3 2543 2476 2537
3 2543 2478 2476
3 2478 2544 2480
3 2543 2544 2478
3 2540 2482 2542
3 2482 2544 2542
3 2482 2480 2544
3 2482 2540 2471