OFF
3302 6598 0
1.2219465987 18.8065692491 21.5995399738
1.4643703019 18.6329531757 21.0007172558
1.4828730458 18.2162092222 21.4856632460
1.3954466607 18.2208897932 22.0759470851
1.2370572532 18.7185136704 22.2029413597
1.3943070365 18.3794560409 22.6023433298
1.2469176800 19.3328015698 20.9956857137
1.4196056391 19.6580081272 20.4643911705
1.5417813817 19.1161449399 20.4884622555
1.1310345158 19.3370239235 21.4667883440
1.2207464944 19.3339302708 21.9726474377
1.3810930691 18.9364202106 22.6845831854
1.3205716929 19.9347313821 20.7630947587
1.5708287365 20.2143495366 20.2947680573
1.2433274690 19.8428275167 21.3392981123
1.3769266474 19.9348392368 21.8910375314
1.5665280447 19.6894942076 22.5867755116
1.5416618921 20.4880223467 20.8913193677
1.4814359751 20.3185264644 21.5130141144
1.7546115521 17.6956362660 21.7979201302
1.8825417724 17.9569077224 20.9437667868
2.1733193910 17.2644478860 21.3447859814
2.1379472068 17.0613335617 22.1959260220
1.7095192627 17.7481285684 22.7030944003
2.1507175169 17.0124753411 23.2042659907
1.8804279739 17.7362587941 23.7115927636
2.1879827028 17.0874313244 24.1592692946
2.0208761762 17.7405662442 24.5926153980
2.2095265893 17.2434537641 24.8465226746
1.7618312390 18.5668502472 20.5283134407
1.5997129041 18.4009092738 23.2446011012
1.8893909727 18.6005800769 24.2609556335
2.1623271561 17.6416640495 25.2021691989
2.1021789338 18.2443185880 25.1989931349
2.3551829414 17.8494996173 25.7600623977
2.3856918321 18.6117424230 25.8883684887
2.7806058299 18.1764650575 26.4682896053
1.7652059856 19.6496179363 19.9435031681
1.8780864841 18.9466498161 20.0916349772
1.6820050014 19.1240708241 23.3740852614
1.9529996947 19.3350724228 23.9719482017
2.0894751411 19.2889420770 24.5408084845
2.2054592309 19.0538760842 25.2102689085
2.3136582924 19.6156408693 24.8998961848
2.6103178452 19.3706366333 25.9759389478
2.7245181229 18.9421670364 26.3963779149
1.8787575232 20.4438339942 19.7070063581
2.1818073732 20.6828967823 19.0894964257
2.0771145588 19.9880450727 19.3111161151
1.9591021563 20.2722147974 22.6860600280
1.6974084998 20.3313363892 22.0495241107
1.9678943851 19.8242395924 23.3580859976
2.4940608529 19.6666762601 25.4023896710
2.0522229911 21.0258965217 19.5728846526
2.2940677137 21.3383216229 19.1893898353
1.8630522604 20.9360144075 20.2044343754
1.9069811868 21.0687113428 20.8459468347
1.8213022292 20.7849695112 21.4480661883
2.2357520413 21.5293603927 19.8160304679
2.1579076355 21.4557538933 20.4871460949
3.7106183286 6.2425143185 24.6248388790
3.7424252656 6.3813705554 24.4225097365
4.0006153349 6.1358328536 24.5228961055
3.8643333882 6.2031396807 24.9078661796
3.7331277268 6.3876942453 24.7341734104
2.8672358386 15.8702546234 24.6305724725
2.9749538286 15.5909082586 23.8733121760
3.1519070388 15.2468506578 24.2763227050
3.1606050328 15.3002512420 24.8303850837
2.9846329764 16.5342447515 19.8825687205
3.1507408859 16.5921949246 19.2948871240
3.2365869001 16.1418210368 19.4762148978
3.1711633843 15.9107705564 20.1294915976
2.8752752719 16.3891932995 20.5563380304
3.0847088997 15.7766278005 21.0093852733
2.6226965903 16.5241038734 21.4474639798
3.0241715434 15.6860706790 22.0336142439
2.5737836899 16.3473201719 22.6302845548
2.9870636638 15.6225820681 23.0760953493
2.5889029362 16.2903114019 23.7692368994
2.4776695957 16.6634603144 24.7401171607
3.0307806511 15.7319661883 25.2971671580
2.7656037709 16.4489262467 25.5092952626
3.1184319099 15.9472556209 25.9422361341
2.9605408266 16.6288448883 26.2223072207
3.2519101288 16.3239441504 26.5552528889
2.9467871211 16.9924477175 19.5711766877
2.5687719713 17.2752331604 20.3025875049
2.8631852255 17.4702885508 19.4367206469
2.4004610501 17.1724825469 25.3972039481
2.6871656362 17.2469809865 26.0751636291
3.1437756305 17.2229652962 26.7722619493
3.0527555099 18.8018600966 16.9290856558
3.3058381037 18.9791928399 16.2276262555
3.3334541026 18.3170155940 16.4584622763
3.2080733312 18.1085545107 17.0904750400
2.9493093483 18.5815021940 17.6464930430
3.1222014187 18.0323429506 17.7236869560
2.6343424383 18.1581454329 19.3502090454
2.8881652724 18.1906092697 18.6657043066
2.9515230605 17.7583287153 18.9563421047
2.1583839395 18.3260347157 20.1115932107
3.2896762825 18.1542491603 27.0720005785
2.9774163751 19.6037821396 16.8066404129
3.2763671579 19.8424662580 16.1396230901
2.7753844159 19.3504787357 17.6168641313
2.9589944993 18.3033829433 18.1656757480
2.6926036956 18.8341998234 18.4761110387
2.2307030497 19.1315571385 19.3975314163
2.2951371996 19.9115082170 24.1914772908
2.8858533588 19.3384282569 26.4695284568
3.3309688664 19.1524231539 26.9452507345
2.9875340426 20.4552579817 16.7046370945
3.2452757181 20.5681335589 16.1768145143
2.7250892135 20.3253815040 17.5188996180
2.4388592146 19.9462824248 18.5218322770
2.1526190499 20.8430502214 22.1584324182
2.4679141479 20.6733692709 23.2169229231
2.7195785956 20.5642571601 24.1861373420
2.6942067561 20.1999172934 24.9635165062
2.9059346766 20.0802902748 25.7526536383
3.1399340994 19.8302541421 26.4002701142
3.0822821932 21.0840476233 16.5364312842
2.8540351513 21.4071113311 17.2690311137
3.1180386188 21.8320100047 16.5792835398
2.5338121297 21.1927121145 18.3926971172
2.2992931705 21.4352816635 21.2717170934
2.6885550380 21.5006483678 22.2400760554
2.9272441080 21.4119390518 23.0127376410
3.0399050815 21.1937486870 23.7661917815
3.1491037596 20.9504888053 24.6666667372
3.1776420720 20.6595913309 25.4018454294
2.9706292833 22.5336824939 17.1524241805
3.1686520924 22.6029485569 16.5309854241
2.8321698120 22.4349835541 18.1201186946
2.6283126994 22.0784828790 19.2092678524
2.6028267839 22.0580693466 20.3761193940
2.8243865769 22.0963793895 21.3732667142
3.0482209446 22.1280131960 22.0234185749
3.0899185648 21.8876219981 22.5731159334
3.1412736661 23.4435010704 16.7824968931
3.5448074961 23.8936375259 16.1057454448
3.3848405709 23.0344162601 16.1858485544
3.0275299261 23.4748179662 17.6683487708
3.0506959737 23.3038203255 18.3447070665
3.0233098257 22.9707972085 18.9361766123
3.0362772685 22.7986431755 19.8107141740
3.1327674553 22.7163591522 20.7805703776
3.2120367390 22.5592164366 21.5747989244
3.2636166251 24.3769957934 16.6964054451
3.5679242490 24.7874862981 16.3161401516
3.1262467035 24.1592167985 17.2276313179
3.2197755812 23.8954533723 18.2602770416
3.3129721666 24.4914097334 17.8624235409
3.6323285103 24.4702309176 18.6401598631
3.3616537095 24.9683848779 16.7146914453
3.3324842664 24.9307574499 17.1805675067
3.4277945462 25.2657825928 16.8933234349
3.7430491100 25.3940252116 17.8095704214
3.6699837296 24.9984419098 18.2480896045
3.7267398310 25.6707900688 17.1244249868
4.4518233779 3.7343585130 15.8624210072
4.6767471576 3.5438823743 15.0819663983
4.7148059929 3.3285308179 15.4836830694
4.9134487520 3.3527461072 15.8869352923
4.1864358763 4.4042970967 15.7741305965
4.4081768261 4.5420657737 15.0403369275
4.6492043768 3.7912965234 16.5111175671
4.1734377377 4.4115241122 16.6843398113
4.5029034099 4.1652014142 17.1409082296
4.2599748778 4.6706042110 17.6799337965
4.8083700767 4.3256551084 17.7849260017
4.0451381757 5.3033544308 15.7125214441
4.3168539715 5.5203025536 15.0409781982
3.9076291297 5.2421238744 16.5505258490
3.9178969447 5.2880512780 17.5166734965
4.5908577815 4.7841633728 18.4724498228
4.0975629254 5.3754968956 18.5984971308
4.4939176959 5.1572663295 19.1528733738
4.2848503371 5.6358039927 19.7059673693
4.8640304899 5.2921752067 19.8686497413
4.0315760088 6.1807168087 15.6724067380
4.2640082326 6.3008479843 15.1317537142
3.8429369731 6.1494715337 16.4563155409
3.7651216174 6.1250985518 17.3716098838
3.8069027718 6.1386083038 18.3457557093
3.9345767865 6.2463117483 19.4048223054
4.7117043037 5.6765051028 20.6621350104
4.1515560981 6.2877259221 20.6433238816
4.6378121208 5.9470832884 21.6366653938
4.1652432010 6.4605260576 21.8647619117
4.5874782801 6.0454594416 22.7025816333
4.1081122017 6.5069450420 22.9437682782
4.4630737854 6.0428763731 23.8287360134
3.9368641053 6.4585420111 23.8927447794
4.6093435090 5.9018735276 24.7598539284
4.4271843412 6.0219216962 25.3920027633
4.0267454935 6.4192845535 25.3282654298
4.5658106264 6.1814660976 26.2665298942
4.2621059993 6.5945903673 26.1130769034
4.6091424854 6.4256004350 26.8359452909
4.1064840750 6.8195350376 15.5576016792
3.9152884293 7.1145274201 16.3193993555
4.1315610033 7.5759390570 15.7218163045
3.7679173608 7.0151000323 17.2501630486
3.7516830486 6.9794844357 18.1700972474
3.8045560097 6.9068392887 19.0218124523
3.9294053665 7.2663116464 20.1379600306
3.9873168658 6.9691045708 21.2162826194
4.0090621370 7.1889771803 22.2257606618
3.9669925567 7.0495362590 23.3708149834
3.8958062145 6.8332388310 24.4769962404
4.0929351376 6.9545481811 25.4275791182
4.2774009069 7.0271711354 26.1040805476
4.4510746319 6.8103934779 26.6705577538
3.9929634800 8.1280770046 16.4526918294
4.1901072313 8.4642355984 15.8902289789
3.8605208745 7.9196016645 17.2079440219
3.8006540050 7.7136787422 17.9601716564
3.8921978723 7.8954098484 19.0007569143
4.0109352080 8.1158310929 19.9523526894
4.0432369109 8.0447231770 20.5821449305
4.0227955454 7.7284517275 21.2921383315
4.1509865828 8.4079781403 21.1252925594
4.1002972178 7.9336992412 22.1374311931
4.1117359625 7.7976943796 22.9585086399
4.1130101641 7.6242682225 23.9429095344
4.1879258462 7.5309033041 24.8989633811
4.3010544873 7.4299368995 25.6978090134
4.0926393784 8.8265118022 16.5001361136
4.2417177843 9.1972571205 16.2069858227
4.0059895309 8.7699237007 17.1538119091
3.9605964840 8.5996402461 18.1080643938
4.0639719781 8.8195997167 18.9919146157
4.0833719917 8.6275583816 19.6021125601
4.1762522253 8.3696606742 21.7399081360
4.1872328505 9.4687604722 16.9235018215
4.1521156950 9.4828997659 17.8332434732
4.1546993483 9.3550471718 18.6427755337
3.9542015165 13.5828208370 21.5256361669
4.0443227775 13.4495344716 20.7411451768
4.1513124176 12.9597968226 21.1213162339
4.1280180191 12.8685596689 21.9245082819
3.8879370209 13.7181653545 22.5313263210
4.0972221321 12.8265078297 22.9550874594
3.8393148724 13.6246474422 23.6596614030
4.0869916140 12.7993904311 24.0230845736
3.8388850497 13.6271945612 24.7700712707
4.1248215071 12.8206651860 25.0595187208
3.9416041599 13.6256176351 25.7583471409
4.2193169316 12.9199175169 26.0140530318
4.0905606924 13.6157370670 26.4561591380
4.3333932507 13.2102153821 26.7711222231
3.8033394239 14.5964929667 19.5941832272
4.0077733419 14.4382716493 18.6997757528
4.0993964979 13.9146204910 19.1074851860
4.0575191655 13.6787317831 19.9356201538
3.7782952818 14.2535350673 20.8076523089
3.7337440059 14.2813984523 21.9454260142
3.8223223490 14.1662794741 22.3925683242
3.8078117921 14.1711103891 22.6373703439
3.6546445149 14.3249164359 23.1464388029
3.7262111504 14.4039579641 22.6378543798
3.4808841804 14.5774981886 24.4224050892
3.6434276177 14.4614503745 25.5768571280
3.8925342915 14.4330742118 26.5603270520
4.2360693578 13.9530924579 27.0974957079
3.8387170633 15.6972760005 17.6342738473
4.0703305430 15.6574649724 16.7378759282
4.1531560414 15.0443353941 17.0792948424
4.0719858483 14.7092369012 17.8839612233
3.7709346060 15.1915035700 18.6605789325
3.4711913223 15.5282221940 19.4806252038
3.4470302495 15.1746323340 20.4115203800
3.4215636770 15.0067670230 21.4578998598
3.7407217073 14.3991270491 22.3930523601
3.4616969958 14.8455803424 22.5332714144
3.2903750573 15.0214339584 23.5636786405
3.3115993108 15.2176435287 25.4356646402
3.5181800443 15.4375583249 26.3887838718
4.1210951878 14.6800441857 27.2901772990
3.9133838969 15.3565833638 27.1989761079
4.2526844328 15.1851532815 27.7114954141
3.8151237498 16.5703652439 16.7202205807
4.1126679321 16.5525985967 15.8661085796
4.1638315795 15.9797252724 16.1540609035
3.5667657060 16.5665079365 17.7201801319
3.4415497344 16.2224430751 18.6639522700
3.6649337475 16.4266850468 27.2043672658
4.2046480535 16.0010822519 27.8365780658
3.9359797827 17.2460747269 15.8528454768
4.2774198278 17.6991639264 15.1393238738
4.2822465522 16.9146370286 15.3451326564
3.5455663750 17.6189691270 16.5191005608
3.3872783474 17.3731592315 17.4530951392
3.3436063268 17.0061406253 18.2075513995
3.1340508949 17.1180750735 18.9247099345
3.6726220918 17.5960160484 27.4506554126
4.1662830297 17.0575581732 27.9287940710
3.7407612717 18.2432948231 15.7749020817
4.3058666946 18.7829841287 14.9885407877
3.1273307891 17.7110951234 18.3065310154
3.7731727198 18.5716335205 27.5169244742
4.2319041424 18.0977437390 27.9828326028
3.7058119184 19.2834610851 15.5985416489
4.1179225921 19.7099953670 15.1370457484
3.8904062621 19.1845258972 27.5008973049
4.4825350677 19.1520329881 27.9728628645
3.6666171937 20.3394448048 15.6223990676
4.2723487100 20.5616730027 15.0219843735
3.5715989123 20.7029993632 26.1346659120
3.8269890159 20.2469330785 26.8953179459
4.1390239578 19.7828482555 27.4636745635
3.8537910809 21.3470493111 15.4692021033
4.5110913972 21.6677954185 14.8591493819
3.3788078574 21.2147822395 16.0435299539
3.3464727043 21.9006981556 23.2087400793
3.6664985853 21.8179559636 24.2175742586
3.7033185328 21.3637592742 25.3307823626
4.0610404347 21.4159151926 26.0956824750
4.4128352390 21.2403819457 26.8185257498
3.9695007721 22.1734862809 15.3870298173
4.3119187591 22.6328852259 15.0948187058
3.4920999409 22.1780614360 15.9652039444
3.4603519416 22.5245171115 22.3462408945
3.9665712255 22.6798844117 23.3018424384
4.4173051282 22.6632942643 24.2738861517
4.1946384407 22.1157893224 24.9563772006
4.2984487902 21.9138293576 25.7153850123
4.4844226672 21.7967874177 26.3299404131
3.8471419776 23.0556347359 15.6050359057
4.4781199469 23.5762567632 15.0686935561
3.3394106386 23.7040268005 18.8470816557
3.3571145443 23.4126501216 19.4589136038
3.5217024451 23.3882477354 20.2650192901
3.6571482147 23.2013004995 21.3797703845
4.0302223523 23.2744808132 22.3638921734
4.5197777532 23.4878118263 23.0774694025
4.5349753678 23.1498338293 23.6579546599
4.0153984477 23.9141411044 15.5531685087
3.9739470294 24.6383898913 15.7997941805
3.8966078458 24.1500782606 19.5878093915
4.2087707508 24.8441820356 19.1075304559
4.0954312313 23.9490057202 20.7140196121
4.2849182841 23.8540207557 21.6854289058
4.5000281437 23.8242850374 22.4068898426
3.6170748657 25.3687583170 16.6235548180
3.9925541413 25.4179636936 16.1676676689
3.9208543316 25.3711378469 18.2594465172
4.0973047146 25.1897280504 18.6240786923
4.0014434966 25.9505351118 16.6680660509
4.1309365798 26.2621647589 17.0932315531
4.3517722706 26.4979167771 16.8081405914
4.3403088825 26.2747227594 17.6136395567
4.4402039933 25.8356282365 18.3185295828
4.5143675713 26.7033188119 17.1937966232
5.2333940064 2.8497200857 14.6466026325
5.4099100378 2.8410660210 14.2511837985
5.7146058454 2.5459724058 14.3130423638
5.8172909037 2.5291443344 14.7177824058
5.0433762564 3.2087036856 14.4683216775
5.3822336864 3.3219271617 14.0944070343
5.2159996077 2.9895054799 15.2554839735
5.6582602140 3.1273261244 15.8752603731
4.8746366949 3.8886511881 14.4757319076
5.3298292947 4.1613425268 13.9775685083
5.3291152523 3.5250988263 16.5028988636
5.0573303463 3.9156718541 17.1454320529
5.5754177683 4.1592281450 17.8261980724
4.7785286945 4.8805996391 14.4357550511
5.3402083783 5.2595755116 13.7963970313
5.2972581871 4.5408080445 18.4966016110
5.0627786364 4.9170186059 19.1788578358
5.6491397794 5.1253198702 19.9195619777
4.6782393192 6.0950550557 14.4822839829
5.1668432607 6.4923853850 13.7517421363
5.4726251522 5.4192150439 20.6936470842
5.3726483416 5.6400791921 21.5764044478
5.3237330030 5.7581955594 22.5597616580
5.2844683645 5.7905864279 23.5968164349
5.2789530576 5.7707007183 24.6117335985
5.2685534227 5.7797701562 25.5377284057
5.2593385303 5.8707826773 26.4470292596
5.2608417611 6.0840934803 27.4179733561
4.8548973649 6.7535783068 27.6502477601
5.5171739040 6.1870498373 28.6022858461
5.1839642308 6.6720089348 28.8775318328
5.6502375566 6.2656429420 29.5357568807
5.3721449697 6.6627695360 29.5954185264
5.6905142631 6.4648755626 30.0798564185
4.7306063368 7.3505426714 14.3437771940
5.0991022854 7.3734572018 13.6472253779
4.3618836814 6.9997711964 15.0457070952
4.5712546024 7.4840750302 26.6216617174
4.7930819101 7.5018866607 27.6473390652
4.9681983705 7.3151528815 28.4747072330
5.2327096618 7.2189326011 29.3579555904
5.5617171308 6.9979569241 30.0778106466
4.9301072277 8.2864271062 13.8551185704
5.3080431489 8.6192359059 13.1060320423
5.2960949746 7.7953921163 13.2524561074
4.6194310124 8.3664104544 14.6365109983
4.3950440636 7.9601301392 15.1572613874
4.1892376744 8.7751593148 20.4557380223
4.2940324390 8.6386287051 22.6184304220
4.3364614747 8.4162316528 23.6741075845
4.3610965149 8.1554737612 24.4971077111
4.5690469218 8.2105597507 25.5192377930
4.7756739661 8.2599315754 26.4712151318
4.8422889076 8.1051485293 27.2797674595
4.9743512018 8.0279052396 28.1875924508
5.1897520935 7.9468746192 29.0542204052
5.6213690837 7.9362285446 29.9853016154
4.9571367036 9.3907000953 13.7261417971
5.2972671700 9.6792488931 12.9869600383
4.6875088553 9.2423824380 14.5499810297
4.4299485407 9.0684876843 15.4380656335
4.2722506491 9.5337129909 19.6580923562
4.3624379711 9.6139618077 20.7460879869
4.3366911806 9.2110424024 21.6649039749
4.4519674178 9.5172812313 22.7765098508
4.5071112910 9.3169019644 23.6249824865
4.6165125982 8.9939644634 24.6428315464
4.8299123052 9.0355327235 25.4699805670
4.9027978462 8.8236333773 26.1191820550
4.9800391496 8.7568884279 26.9314793064
5.0672823954 8.7429619847 27.8436212566
5.2329135572 8.6881840820 28.7474171076
5.4625032376 8.5798650991 29.4495514848
4.9800340832 10.3998732822 13.6730356610
5.2579879362 10.6987849131 13.0197924490
4.7475527293 10.2593452882 14.4841521294
4.5628191490 10.1715814867 15.4042069237
4.3925918681 10.0922083733 16.4407549231
4.3356240857 10.2960550950 17.5957498613
4.3336687654 10.2350868462 18.7355541947
4.4157253447 10.5080621926 19.7320221867
4.4282227529 10.3783657191 20.5509540271
4.4420498403 10.2824502314 21.5299944470
4.4705822582 10.2441469454 22.5476296590
4.5410791838 10.2391625714 23.5744196793
4.6885551210 10.1144667420 24.6719548242
4.8765160756 9.6613769782 25.3259749600
5.0079706840 10.7010680611 27.5914416173
4.9977275832 10.4582938745 26.9306971077
5.0794408674 10.0911725452 27.3081957068
5.1467665956 10.0892222232 27.9562177169
5.1391025186 10.6397718571 28.2232567878
5.2902251050 10.2950212526 28.5550444814
5.0239696746 11.2862105196 13.6746331359
5.2204421540 11.4635403394 13.1917361869
4.8125412875 11.2361557986 14.4374702127
4.6450089463 11.1997892103 15.3526694709
4.5303146678 11.1674436383 16.3384673114
4.4611725086 11.1808318619 17.3740766957
4.4344009940 11.1948470022 18.4314310548
4.4418994034 11.1926940919 19.4326354206
4.4429404159 11.2168448785 20.3745741310
4.4278614357 11.1934246751 21.3585460850
4.4286727145 11.1413108928 22.3919751186
4.4556108002 11.1221951384 23.4310906497
4.5345355216 11.1088803846 24.5016084983
4.8734595967 10.2883017578 25.5389257859
4.7017828173 11.0845802029 25.6772239377
4.9385614204 10.4891528179 26.2442645110
4.8461628042 11.1853004807 26.8904965695
4.9173468928 11.2921924266 27.5674628361
5.0657818080 11.3004218936 28.1132834157
5.3303467212 10.9495857543 28.6946385987
5.1076698422 11.8952487430 13.6311718471
4.9272899026 12.1532833990 14.3317689127
5.1144600781 12.4342657224 13.8700885185
4.7137172857 12.1846456191 15.2831571013
4.5791706576 12.1591784249 16.2675340386
4.5062066805 12.1095201258 17.2455941601
4.4534514585 12.0974481490 18.2375702936
4.4162301910 12.0503620095 19.2539695833
4.4100008013 11.8849873330 20.0861939579
4.3271852138 12.1347371225 21.0641715247
4.3048153502 12.0247958481 22.1841989354
4.2992982542 11.9840524429 23.2394206863
4.3258833343 11.9822727158 24.2910498426
4.4075284904 12.0350028257 25.3659829774
4.5658289526 12.2573512020 26.5776243079
4.8813576732 12.0046568312 27.6322636109
5.1326722800 11.9644452840 28.2952759005
5.3032580490 11.5982623376 28.6340284852
5.0178449215 12.8959632026 14.3552478690
4.8024694168 13.1905204138 15.1445801789
5.0263348727 13.6601762934 14.5209846786
4.5893567398 13.1296622683 16.1554857231
4.4708880165 13.0457188756 17.1613676657
4.4251577109 12.8406122636 17.9959919778
4.3063081184 13.0382960625 19.0169436698
4.2641894079 12.7572998155 20.2050853236
4.7118083066 13.3131024004 27.6571022171
5.1404425891 12.6546408889 28.3065279789
4.7746678147 14.2911455920 15.2495569161
5.0356596140 14.5750397299 14.5050638688
4.5910285463 13.9694358377 15.9542320524
4.3716135575 14.1158949100 16.9587531763
4.2660453835 13.7508538219 18.1524811215
3.8109534578 14.2836197398 22.5041362302
4.4677378362 14.4834520679 27.7641262511
5.3242988672 13.5092265396 28.6674878742
4.9628946221 14.3491290023 28.3973346638
5.4275172061 14.2915732876 28.9475049725
4.7670481706 15.2395330637 15.0608081910
5.0358826003 15.3201694031 14.3981413894
4.4160962118 15.0544357825 16.0937304289
4.7050755539 15.3926414684 28.3177656677
5.3040653210 15.0559911200 28.9252928813
4.8920370459 16.0087927641 14.5654887093
5.2171893693 16.5296156500 13.8634842576
5.1835833949 15.7391598845 13.9631925610
4.4670456171 16.1100499917 15.3851929214
4.7037219769 16.5711891096 28.4398729113
5.2628002944 16.0707896697 28.9420540782
4.7401192689 17.0026756001 14.6378597052
5.3566185901 17.6251766674 13.7893335059
4.7145071776 17.6161102271 28.4453661471
5.3703418401 17.2561891540 28.9661732148
4.8078722209 18.1009316829 14.4740882976
5.3371174273 18.6514419000 13.9761546253
4.8016921744 18.5112134378 28.4046119675
5.2215942722 18.1368902623 28.7628125071
4.8832970345 18.9056667622 14.4304700550
4.7139466733 19.7172397280 14.6175123419
4.9815711226 19.0710219644 28.3980012013
5.3878078078 18.8762787367 28.6963034584
4.8586285127 20.7058067849 14.5311125507
4.5667853610 20.6552776847 27.3963506042
4.9291765248 20.1774685566 27.8997719710
5.3810651683 19.6495732251 28.4141071928
5.0446347638 21.3553632210 14.3989389369
5.5271142524 21.6392671393 14.0194030024
5.3235188292 20.9035174155 14.1625064554
4.8618589810 21.2069691848 27.3499659839
5.3609115488 21.1231797562 27.7406780867
5.0582091401 21.9431571663 14.4167068421
4.8879341053 22.7198508908 14.6188175771
4.5613326792 22.5434044460 24.8603404435
4.6955085627 22.4574530658 25.3880791660
4.8533314514 22.2945428636 26.1174623478
4.9653177564 22.0075677283 26.7484052937
5.1831202307 21.6798152714 27.2776449893
5.0668306672 23.6745869197 14.5683985915
4.7924716878 23.4878042068 23.5685897621
5.1442501485 23.4450594997 24.1306781909
5.0468138074 22.9735447053 24.9104403695
5.3908856571 22.8852504842 25.8164045219
5.4687428962 22.5700133014 26.5922744151
4.3757012712 24.4295005783 15.3290816656
4.9495707381 24.6576926974 14.8223382049
4.5379528878 24.8600026115 19.5931090334
4.5779730758 24.5960307857 20.2749506275
4.7349076402 24.4497190747 21.1974951389
4.8893498560 24.3082614790 22.0831521223
4.9784922294 24.0812725302 22.8200171012
5.0949787175 23.8343432836 23.4457017153
4.5243459517 25.3879816440 15.5309101435
5.0995011393 25.8617627504 14.9609344294
5.0569132433 25.1844737983 19.9584756116
4.9871454142 25.5969916713 19.1936792902
5.2184683310 25.0154138404 20.7591113291
5.5068170484 24.9020401718 21.7439247717
5.5512722068 24.5755902915 22.6426862871
4.8875156940 26.3986556205 15.5730741843
5.2046216261 26.6792509960 15.1579502275
4.4819041991 26.2823849143 16.2276017198
5.2275919592 26.3007267454 18.6309420414
5.0700367759 26.6372576586 18.1244650342
5.1439977300 27.0478778561 15.5650346669
4.9683091553 27.0453847122 16.0853220692
5.2928843484 27.5476347169 15.8584890545
4.8497288006 27.0724687354 16.7976850423
5.1288070781 27.1785035175 17.5563500234
5.3141880699 27.7240647604 16.4676395888
5.4251591760 27.7571661138 17.1191592094
5.9922515755 2.7368937100 13.9225161274
6.4389522972 2.2652704532 14.1835465457
6.6231498573 2.3250499300 14.7490731759
5.9329776648 3.4824672800 13.6901613184
6.0923345087 2.7138420148 15.2883535947
6.5797187304 3.0171837430 15.8955060437
5.8860842920 4.3300490524 13.5347469493
6.2047253119 3.4128890160 16.5167951002
5.8775386935 3.7877259178 17.1663901544
6.4982330644 4.0978614806 17.8481076595
5.9444380219 5.0099749349 13.3286288463
6.4549711876 5.0774550879 12.9749218817
6.3720822727 4.4420127557 13.2037998534
6.1828079742 4.4497854525 18.5231607945
5.8934104149 4.7959975835 19.2092466794
6.5792466347 5.0646490028 19.9419108200
5.8135718295 5.9191548414 13.1836644225
6.4644930594 5.8460200259 12.6843448914
6.3809346764 5.3253093895 20.7131797919
6.2659606419 5.5128220322 21.5695339663
6.2138244547 5.6199126153 22.5125086721
6.1910260761 5.6631168590 23.5129905584
6.1808444262 5.6698903845 24.5312833737
6.1763016888 5.6714315132 25.5338697065
6.1725351214 5.6969125349 26.5180201422
6.1778991802 5.7621091044 27.5099554112
6.2291748447 5.8403546522 28.5399835745
6.2924265536 5.9288708476 29.5457649845
6.2977036265 6.1290916950 30.4508427377
5.9928755070 6.6171568023 30.6674057022
6.5612161144 6.3275514846 31.2968893387
6.3263833540 6.8168041602 31.2642681405
6.7940916659 6.5984343813 31.8453868340
6.0733277519 6.6738729363 12.6980907166
6.5178219215 7.0638882657 12.2679221468
6.5952142654 6.3583699624 12.4031807817
5.5069742395 7.0023421722 13.1726974320
5.9687003511 7.3512872031 30.6986027835
6.4117499467 7.3591130701 31.2891837348
6.5980494545 6.9861910035 31.6303757841
5.8073802247 7.7392862482 12.6710723857
6.4457707534 8.0701849349 12.0514979350
5.9738614293 7.9459026455 30.5593316947
6.3237509894 7.9652027649 30.9653932503
5.7892908909 8.9210544138 12.4277641059
6.3889066174 9.2824366819 11.7239307250
5.0058679341 9.4461522800 25.9625553152
5.0585623791 9.2622157781 26.5772441227
5.1192371285 9.4573538586 27.3899570225
5.2902015251 9.5501297462 28.4651762957
5.5824512535 9.3535989302 29.3343466813
5.8773122770 8.9784981560 29.9968756191
6.1614181560 8.5203049883 30.5557899048
5.7202397536 10.1958361860 12.2688136222
6.1501774127 10.3337627969 11.6044154015
4.9985292483 9.9708017823 25.9051221578
5.0671987522 9.8773326743 26.6035512038
5.6435211620 10.3898437676 29.2013089292
6.0935387507 9.9734699236 29.9521387549
5.8855095281 11.2634494422 11.7723610721
6.2855204317 11.4993396643 10.9425720628
6.2228684143 10.8071020354 11.3204430132
5.4839525988 11.3328057653 12.6084563162
5.7122665495 11.5650002373 29.1972745338
6.3065795845 11.1417390030 29.9308465242
5.8847546104 12.5206127356 11.4824531497
6.1569461085 12.4875187070 10.7029779511
5.5993014800 12.2848968571 12.3960533667
5.3100728857 12.2179052665 13.2193213043
5.4171500621 12.1956347027 28.7590265686
5.8130516104 12.4835555494 29.2322048257
6.2700457528 12.2134108223 29.7289880289
5.9993361483 13.3833787208 10.8553919498
6.2534434836 13.6860775654 10.1263887852
6.2642540081 12.9368186624 10.2626756587
5.7764662428 13.5354584189 11.6393830598
5.6310613394 13.2965848744 12.3105372888
5.4265512673 13.1450848708 13.1136353742
5.2065041142 13.0467700230 13.8349291025
5.4946905028 12.8208843242 28.8372183326
5.8072369934 13.1756760401 29.2062138498
6.1780944505 12.8951634017 29.5758760786
6.0394254624 14.3167967478 10.6702969719
6.2496898235 14.4195203608 10.1116542337
5.8258185615 14.2950410958 11.4467169952
5.6454655346 14.2064227321 12.2487321208
5.4736441222 14.0765547946 13.0400540463
5.2616210717 13.9194062779 13.8254989561
5.8172993386 13.8638538221 29.2695695465
5.8331708411 14.6497090658 29.3694284616
6.3473221591 14.0964062241 29.7231911302
6.1381846871 14.9340087411 10.5066934692
5.9528614029 15.2155178056 11.2545204379
6.2069057056 15.6401011325 10.6752900542
5.7008091249 15.0987160029 12.1833614788
5.5216620764 14.8452303461 12.8868637055
5.2948163225 14.9209472521 13.7172922231
5.8241970833 15.5591618529 29.3975675326
6.3991283053 15.0221933606 29.7720530905
6.0835412029 16.0378980816 11.3191772324
6.3098349592 16.3990909252 10.9455538217
5.8617714917 16.1242209136 12.1283456361
5.4910247647 15.7682356418 13.1309613865
5.8971147010 16.5597802917 29.4030621513
6.4535469698 15.9692285859 29.7682559963
6.1923715720 16.7456341201 11.6351804045
6.0166664973 16.9561695907 12.3239074710
5.6883967216 16.8988374604 13.0246502351
6.0278737513 17.4382593014 12.6804139899
6.0541697365 17.4245799841 29.3961087236
6.6634209277 17.0192472333 29.7571092033
5.8439237229 17.7055999067 13.1388277287
5.8558335424 18.4380667480 13.3606214900
6.5362920937 17.8702843247 29.5614569921
6.0003416388 18.3450246854 29.1587080311
5.2301599855 19.3708911654 14.1590728208
5.8136627253 19.5188556266 13.6055749270
6.1060867566 19.4166517339 28.8869114828
5.3144917104 20.1448978683 14.1368298474
5.8605282286 20.7530366584 13.6804262377
6.1547034049 20.1437932304 28.6375675671
5.7613580889 20.5613571270 28.2519677612
6.0658307479 21.6426894378 13.5372912823
6.2515966088 21.3393146870 28.1409913526
5.3800267806 22.4036517582 14.1864600879
5.9474077498 22.5558822076 13.6819854671
5.5472189876 22.2411387142 27.1131741456
6.0584137287 22.0112924454 27.6206945451
5.4810582991 23.2147088964 14.1570767564
6.0257422432 23.7326345645 13.6391108980
5.5112540989 23.4262238412 24.7424096860
5.7580258509 23.3759107225 25.2838678975
6.0312211919 23.3199192696 25.9121480382
6.0425970517 23.0644565067 26.4599345814
6.1453155221 22.6905442613 27.0871468152
5.5311154644 24.2526543768 14.1772482440
6.0278408251 24.8138323273 13.6214793723
5.5139311074 24.2742360111 23.2374537642
5.7640850016 24.0891391207 23.8426904935
6.1477148747 23.8687594776 24.6954253139
6.5101032366 23.6911553833 25.6401695557
5.5760663674 25.4747065215 14.2100268783
6.0283043824 25.6713708142 13.5738656802
5.4116573498 25.5767525334 19.7974896715
5.6558060377 25.5284140017 20.3527627542
5.9050937843 25.4140939356 21.1692561929
6.1627225922 25.3274397291 21.8485465109
6.3081702054 25.0735556881 22.5327644443
6.2680256389 24.6130251663 23.3908389629
5.9031814357 26.5442412553 13.7860954183
6.2794398699 26.9359517763 13.1068837103
6.2445010725 26.1555469602 13.2066499840
5.4906958900 26.5872940974 14.5893448627
5.6486165345 26.8188785255 18.5101028630
6.0418200842 26.6288866797 19.1386058892
5.9681118128 26.0372916282 19.8542048235
6.4562682849 25.9518353208 20.7833441162
6.5970766093 25.6812242096 21.6127298801
6.0350145066 27.5335628156 13.6101787289
6.2834754329 27.6913686916 13.1032762647
5.7644329578 27.5149063052 14.3391941613
5.4707042760 27.4762338850 15.1926435095
6.1277150654 27.2086862960 18.6284772311
5.7543646317 27.3243159974 18.1649482515
6.1508241772 28.1739844624 13.4271242393
5.9776725566 28.3830081996 14.0030479701
6.1847452198 28.9251367765 13.4977158808
5.8489958896 28.5874418885 14.9378198581
5.6890944782 28.3130143635 15.9623981327
5.8160627524 28.3741150673 16.8803676950
6.1215304268 28.2147815061 17.7868110283
6.0628118081 29.5780064491 14.2337547154
6.2138143595 29.7094763125 13.4768687145
6.0706748783 29.5769690803 15.0945485155
6.0656630910 29.2684910078 15.7746216691
6.1365895918 29.0941746919 16.5875459206
6.2774295662 28.9473251775 17.2630981057
6.1808366349 30.5017876434 13.6696904451
6.4038443518 30.9196344176 13.0685175902
6.3587493701 30.1657868891 13.1042202922
6.1328464502 30.5717965579 14.3080713592
6.1790355096 30.3401546243 14.9096982574
6.2597165540 31.2468750815 13.5352605456
6.4366364370 31.6358351841 13.2208393553
6.2052892477 31.2075849833 14.0595076777
6.2643748580 31.1540422157 14.7259813806
6.3658680470 31.8459424899 13.8035814264
6.3493855213 31.7659193525 14.4318940015
6.7273666913 2.3566459928 13.7021813235
7.3477057841 2.3306854079 13.3713424333
7.3779198134 1.9440866165 13.7771058845
7.1566545807 2.0310360461 14.3053440210
7.5167993758 2.1913587733 14.7593811671
6.6232313577 2.8910840285 13.4801477735
7.3093603066 3.0468687924 13.1367986863
7.0222473690 2.6017387068 15.3132443010
7.5642723255 2.9768829338 15.9088449038
6.5319701845 3.6957087968 13.3055743202
7.1513455097 4.0885461746 12.9365075458
7.1793939193 3.3735936063 16.5293011042
6.8296108940 3.7425271616 17.1808645896
7.4909107230 4.0812660409 17.8567689302
7.1751548005 5.0887179537 12.5914392653
7.1605153136 4.4236110237 18.5356332971
6.8492766064 4.7558262428 19.2258965503
7.5738659869 5.0487751642 19.9501461187
6.9303081961 5.8369287109 12.3964740579
7.2105196659 6.2716334649 12.1439775736
7.4002559018 5.5531582680 12.3026618000
7.3652911612 5.2989338254 20.7222361104
7.2418882412 5.4732938259 21.5730200271
7.1859313509 5.5710595999 22.5031915831
7.1658409466 5.6133769515 23.4888882737
7.1590833430 5.6261010595 24.5007565717
7.1563919047 5.6286537259 25.5175721562
7.1547398358 5.6342121007 26.5300416605
7.1547912049 5.6512351313 27.5400726660
7.1613101156 5.6812343688 28.5531565384
7.1668062545 5.7301436674 29.5554448902
7.1494113108 5.8314647045 30.5028712371
7.1426945210 6.0096892841 31.3365949256
7.1513393345 6.2665031657 31.9426050314
7.1464221674 6.4686483834 32.1970088567
7.6436679774 6.5562013923 32.4614021885
7.2154942422 7.1942423320 11.8683623493
6.7295558786 7.3322394011 31.6627841818
6.9518122109 7.0508491116 31.9826917466
7.1785925333 6.7466310416 32.2438955221
7.1744619835 8.2080118778 11.5397624467
7.0465683449 7.5355305350 31.9008730394
6.7622400055 7.8501363741 31.4830145137
6.9988902212 9.1085693901 11.2698573258
7.4179819661 9.3036030247 10.8778114626
7.4860031835 8.5960290568 11.1738838515
6.4834511720 9.4702839934 30.5741388514
6.8396631087 8.7564788066 31.2081069761
6.6760808412 10.1962775115 11.0484831039
7.3049280080 10.1833502904 10.4426155425
6.7263300860 10.5097416536 30.5131736512
7.2461419372 10.0171674423 31.1601808854
6.8669999535 11.1416225008 10.2731433760
7.2838087031 11.1855937288 9.7313501007
7.2635901108 10.7217105564 10.0975751900
6.9055202813 11.3262894630 30.4745864049
7.3508422246 11.1025684301 30.9067371624
6.9633299332 12.0468593921 9.5619080105
7.3988713818 12.0570343538 9.0066817382
7.3179228015 11.6261139571 9.3531767678
6.4887146715 12.1802049737 10.1987183280
7.3232973014 11.8296293790 30.6902449183
6.8395413878 12.0487135195 30.2620005710
7.0653855410 13.0551616451 8.9881446370
7.5911855047 13.3216940626 8.3335645396
7.5992627681 12.5403784241 8.5623880692
6.5697572316 13.0030566181 9.7122630719
6.1910892224 13.4389936669 29.5824426821
6.7594144254 13.1718255594 30.0382778089
7.0597205693 14.2191455926 8.7405431821
7.5932954787 14.3308682349 8.1004796423
6.5786391877 14.0968730930 9.5111050413
7.0896244695 14.4474445543 30.1565327553
7.1041672483 15.2719938169 8.5874840638
7.5873167972 15.4417868812 7.8909707368
6.7098497724 15.1736693868 9.3269204329
6.3757551367 15.0727537824 10.0068763802
6.9479674657 15.4015609248 30.0437453082
7.1442436458 16.2357459409 8.5144554048
7.4110048774 16.4088913989 8.0060023022
6.8361344960 16.1681967765 9.2401352880
6.5240476186 16.1285416402 10.1384638781
7.1648807678 16.1973331983 30.0700964567
7.2124229170 16.9309776729 8.4252234804
7.0025981978 17.1276520197 9.1299779515
7.2225068103 17.6578245638 8.6435472369
6.7660847349 16.9543739787 9.8961645212
6.6218509303 17.3831813481 10.9870637065
6.3017709849 17.4898766416 12.0773743116
7.4165622238 16.9995896454 30.0734256956
7.1026124029 17.9475806701 9.2865808651
7.2381455576 18.3873445030 8.9943656901
6.9576479049 17.8512454038 10.0219203672
6.9654444703 18.2042866760 10.7749914992
6.9015047536 18.2940120179 11.3312358691
6.6495225985 18.2901239994 11.9953171505
6.9762197862 18.7528327121 11.6987386197
6.2129169425 18.0730550461 12.7069864545
6.7670554843 18.4702857176 29.5192890863
7.3556029265 17.9926160671 29.8705902684
7.1655129740 18.6025818932 9.7150972502
7.1156803024 18.5918159462 10.4054509901
6.8576407268 19.0238389729 12.1550511005
6.4314138712 19.0473260633 12.7755682404
6.8766163425 19.7319211720 12.3378126969
7.2644616615 18.8610787181 29.6203837263
6.7724414127 19.1674812427 29.2963602448
7.1520214638 20.9057388327 8.4436738790
7.3637150996 20.6415072213 7.7137188836
7.3180045615 20.2020640602 8.0068559150
7.2266817770 20.1591359946 8.7309117911
7.1092243375 20.8648533031 9.2539781784
7.1992712711 20.3126773424 9.4759756143
6.4777268360 20.2799160405 12.9720532794
6.9271543123 20.4882919760 12.3722884663
6.5397721236 20.8001578202 28.5449850684
7.0156837392 20.1948750060 28.9991334726
7.3431877773 21.3538797500 7.8496088973
7.7612293314 21.4135727526 7.3394618935
7.7114958412 20.7927677418 7.1764621117
7.1005066649 21.6402876821 8.5144618547
7.0450730670 21.5645563842 9.1120990990
7.1587851588 20.8417860787 9.8523295496
7.1021787631 21.4693572910 9.8076733891
7.1868010217 21.1966467472 10.3457539709
6.8103321930 21.2272642869 12.6066788322
7.0812636995 21.5508509319 12.0589926629
7.0841912607 20.9618219239 12.0289236002
6.3758285278 21.1985329148 13.1874392998
6.8858391500 21.3824101749 28.4213123088
7.1865077936 21.0257618806 28.7049207060
7.5814725056 21.8553038819 7.7244532444
7.3082127932 22.1991319973 8.3281333199
7.7861255197 22.3747542078 7.9441666693
7.0937191894 22.1732967548 8.9397681753
7.1261553419 22.3397768096 9.6791739666
7.1850646766 21.9781727784 10.4484465811
6.9373771635 21.9819305645 12.4345995399
6.5375741414 22.0840480765 13.0246488631
6.9154917402 22.7504404942 12.4884437404
7.5380451216 21.6108535062 28.5056581212
6.9305418044 21.9442190942 28.0993641177
7.5626852193 22.8274531139 8.4461061493
7.3189666887 23.0445880969 9.1128688422
7.7291744645 23.4142743922 8.7431778155
7.2722162833 23.2091739400 9.9077114101
7.2312557283 22.7917664491 10.3614887488
6.5125361743 23.2054133747 13.0768209040
6.9284499058 23.7167257257 12.4619631267
6.5496782118 23.4637405117 26.2790245893
6.7873381609 23.2355013709 26.8698630668
7.0530805830 22.7072962024 27.5755582857
7.5658153960 23.8100501270 9.1832066895
7.9467267310 24.0275404096 9.0242003371
7.5196557792 24.0759358402 9.8052970703
6.5450950503 24.3754016764 12.9857310157
6.9563003618 24.5044857924 12.3635237817
6.4560569057 24.3317879854 24.1164232509
6.8857377873 24.3060181452 24.5529890466
7.1782709487 24.1511056711 25.2239437883
7.4801971201 23.8459168406 26.3457696844
7.5619969720 23.3476556090 27.1798302040
7.7084622186 24.2025769599 9.3482498252
6.8096546251 25.2147360700 12.4816407593
7.0931370539 25.7269145572 11.8637018991
7.1176761962 24.9510144573 11.9645929948
6.3916399732 25.4118079816 13.0761105603
6.6472743037 25.4581344181 22.1725189229
7.0216079374 25.3886438997 22.6218614753
7.1320666191 25.0803000106 23.2370660129
7.1794996462 24.6667265268 24.0387365209
6.6501424240 26.2454829326 12.5663877241
7.0812793449 26.7563404970 11.8051614979
6.4807575158 26.5523890517 19.7322339614
6.7675551991 26.4634898926 20.2593119768
7.1126115805 26.3664197400 20.8658806345
7.3002972719 26.1157499879 21.5062254305
7.2488295580 25.7233779605 22.1925904102
6.6477088673 27.4814761224 12.5015109974
7.1289562535 27.8216587373 11.7442427981
6.4024778733 27.7948242222 18.4450931563
6.6990613264 27.4818514130 19.0186523495
7.1202212040 27.1117407314 19.8357634072
7.4776974996 26.7626317449 20.6569568551
6.7745472426 28.5424591062 12.3277805644
7.2050142077 28.8338240870 11.6895791452
6.4017876945 28.3590347277 12.9517784986
6.6192399281 28.2641485112 18.3527092834
6.9547412174 28.2009402344 18.7818870594
6.8622304088 29.3803055426 12.2187290632
7.2186986754 29.8383917352 11.7349559779
6.4780599289 29.3454841093 12.8676988218
6.2821851304 30.1443771235 15.6600701162
6.4125784535 29.9212789071 16.4323647103
6.5765848126 29.6725576703 17.1772222719
6.7196638443 29.2543521786 17.8263183249
6.8986880053 28.7588290520 18.3905852099
6.7246980998 30.3093578441 12.4716588646
7.2026113421 30.8972628653 11.8235618689
6.4090432793 31.0165577662 15.4876992534
6.5955014519 30.8161129080 16.3001460444
6.8198470525 30.5646429864 17.0877627597
7.0675119555 30.1764558130 17.8164325780
6.7629234957 31.5711453707 12.5540987985
7.2417883940 31.9267388431 11.8132239324
6.5220175472 31.9322034360 15.2055300829
6.7090679094 31.7324398472 16.1103279339
6.9932501759 31.5648864457 16.9632760106
7.3117503978 31.2076351605 17.7591097884
6.9774901094 32.7254741991 12.3617793916
7.3159998543 32.6656492593 11.7218862488
6.6552313348 32.4835980456 13.2998532388
6.5971408082 32.5586401274 14.4158016965
6.7362648345 32.7419741709 15.3085117606
6.7840413449 32.4604654877 15.8817488643
7.0839152801 32.5904187813 16.6727618694
7.5729384046 32.4390183485 17.6869120376
7.3246875830 33.3589313791 11.8788965083
7.8600546277 33.4299024734 11.4314787120
7.6160510595 32.9274348956 11.4392824170
7.0613096196 33.5481622371 12.4812477076
6.8884595096 33.3140919016 12.9976029577
6.8993025577 33.5316517827 13.8880179694
6.9122117084 33.4186977295 14.9828853083
7.0164741129 33.2370252261 15.9482058814
7.2724423331 33.3956089831 16.6571356771
7.4630007831 33.2062696513 17.1772010860
7.6288252061 33.8910002599 11.7932247137
7.3369691515 34.0208467394 12.2802236591
7.8212724513 34.3852357733 12.1067842990
7.1440749007 34.0709536191 13.0477530160
7.2152322787 34.3835636183 13.8457762247
7.1841821787 34.2429079799 14.6641890234
7.2245462274 34.0473562949 15.5916595571
7.3172878235 33.8624511010 16.3071999449
7.5189152623 34.5153081130 12.6557761891
7.5314540105 34.8166423145 13.3496618127
8.1237703232 1.6127484862 13.6518448682
8.0326830600 1.8211881749 13.3600037875
8.5654239125 1.5156617597 13.4231910273
8.7437942742 1.4906731881 13.7503110298
8.0959620188 2.3408485754 13.0927516977
8.0319870129 1.7973041877 14.1568546249
8.4891269439 2.1111187896 14.7578993093
8.1402092922 3.1517755729 12.8776627478
8.0001894859 2.5503814796 15.3235699777
8.5731434042 2.9628594390 15.9142163487
8.1847044808 4.1583728046 12.6033254530
8.1878758185 3.3625221993 16.5347234926
7.8325021052 3.7305558884 17.1869385596
8.5055560668 4.0779920994 17.8591490255
7.8497471350 5.0184597138 12.3696616011
7.9783379500 5.5569000881 12.1395031651
8.6157249681 4.7833010827 12.2985518535
8.1710429885 4.4181313734 18.5393804872
7.8531969303 4.7463940753 19.2316277956
8.5887153061 5.0458909142 19.9521234822
8.0474035928 6.3282107308 11.8584325794
8.3769096003 5.2936788226 20.7248224005
8.2501614440 5.4645641790 21.5749756176
8.1917334266 5.5589260412 22.5022422981
8.1709064373 5.5997498097 23.4831826166
8.1648370127 5.6135654539 24.4909813523
8.1630991439 5.6174935381 25.5084846570
8.1621179814 5.6194935680 26.5277463745
8.1607720056 5.6235066107 27.5458616956
8.1573638719 5.6330493517 28.5612417366
8.1430043476 5.6564196483 29.5656782592
8.0971328115 5.7167164891 30.5323864515
8.0036717565 5.8533557865 31.4065979398
7.8607814335 6.1135433056 32.0948183678
8.5318775698 6.4034147514 32.7667906826
8.0521505800 7.2450394191 11.5094934387
7.5604992906 7.3600673354 32.4320353027
8.3112847899 6.9960655319 33.0199466113
8.3045225763 7.7219372201 33.0854404946
8.8423284282 7.4395838511 33.5148684249
7.8216303724 8.0082365881 11.2631471791
8.1368487714 8.4164225067 10.9103986293
8.3430375073 7.6608723932 11.1902311202
7.2975345778 8.1809346607 31.9025403900
7.9801455542 8.4132525491 32.5345923000
8.6217882152 8.4266931217 33.1975237469
8.7724382804 7.9484194576 33.4976729846
8.0444428870 9.4151239818 10.3764038483
7.6440657213 9.2238346790 31.8480137106
8.1611346912 9.2047011046 32.3834583296
8.4422425614 8.9501888859 32.7859436529
7.6989721580 10.3918607457 9.9334060745
8.2227858575 10.2858241366 9.5891046524
8.1549498862 9.8650091445 9.9715017808
7.8290864661 10.1145712599 31.6730509164
8.1945970565 9.8758513594 32.1168910296
7.7729755228 11.1485441036 9.2686331959
8.3350283351 11.0748146091 8.8651607429
8.2676669748 10.6864445036 9.2172970685
8.2151227488 10.5409958744 31.8607793419
7.8599365143 10.8585191477 31.4202359057
7.9272552265 11.8096700621 8.6648937457
8.2410406763 12.3848397860 8.2028238304
8.4559059582 11.5757454810 8.4488841374
7.4612134163 12.6368113536 30.6044930086
8.0614079247 12.0245827149 31.1619307474
8.2705738769 13.3629749176 7.8570644088
7.6296436686 13.6417765527 30.5212617176
8.1227026244 13.1076331895 30.8896217442
8.2510851455 14.3646921955 7.5433461682
7.8452779550 14.4684843132 30.5177104674
8.4599314111 14.0250787334 30.8460250631
8.1033241834 15.2402233572 7.3623884783
8.4941376984 15.4652138315 6.9453883884
8.5403048258 14.7365817750 7.1662429613
8.3355570906 14.8739645907 30.6591083487
7.6891881014 15.3513802976 30.3532135043
7.8605120462 16.2539965143 7.3970159670
8.3875254254 16.5579151626 6.5929841246
7.9204295625 16.3750055331 30.3351799259
7.8325631145 17.5495458588 7.1833955386
8.1836471737 17.5417170992 6.4152995873
7.4687640211 17.1820745722 7.9515750000
8.0811648172 17.3202193057 30.2696057191
7.9917672638 18.4854041135 6.4928123701
8.3571296641 18.4588951949 5.7273107055
8.3167151875 17.9199534869 5.9517417444
7.6621394602 18.5750038618 7.3674220502
7.4404373411 18.3001489418 8.1764357121
7.1244753316 18.8747462916 11.1023159788
8.3472640255 18.2306030403 30.1797101513
8.2940885284 19.2206870117 5.8666846938
8.7699606244 19.3532423338 5.3431387599
8.7430859106 18.7290683735 5.2285029058
7.9022932279 19.4168975860 6.5773584512
7.6920167857 19.1698979487 7.1038826922
7.4445894914 19.3867868667 7.9671320073
7.2831000129 19.3628578331 9.2152523214
7.2465472811 19.3721866043 10.4209645133
7.2406688531 19.5967299261 11.2244663024
7.0982358851 19.3561685768 11.7462871145
7.5316064850 19.5672672758 29.4814999764
7.9439744235 18.9540295334 29.8383456074
8.5645387654 19.7917320125 5.7175014877
8.1706971039 20.1746300190 6.3939659427
8.7872439009 20.2796999004 5.9057145085
7.6107634896 19.9735414290 7.2450971833
7.2479927140 20.3674913403 10.2395866901
7.2753158153 20.1728630249 10.9937964120
7.1591906258 20.2269017267 11.7391474702
7.8891176048 20.2360086811 29.3241974038
8.3299013199 19.7564799323 29.6656547238
8.5617796662 20.6196757673 6.2835759445
8.4228292983 21.1291607475 6.7976530936
7.2192172944 21.2778906726 11.2324770132
8.6236257099 20.4630827606 29.3834129970
7.9730944549 20.9575359347 28.9550750208
8.1086890063 21.8625701340 7.4157022714
8.4961292211 22.4369532035 7.7395600237
7.2653471446 22.6934507299 11.1207138495
7.1451922936 22.2554718448 11.8904298950
8.4563633228 21.7603660548 28.5802164008
7.8172901394 22.3047530011 28.1363743103
8.0785732106 22.9618558978 8.2402070457
8.3666747921 23.5731198339 8.5808799022
7.3595751115 23.6092169600 10.6031773231
7.3225490829 23.6032864521 11.3132618775
7.1808246863 23.2145075586 11.8703435190
8.1284399967 22.9960032630 27.7000925571
8.6429505522 24.2179849751 8.9447369238
7.4763467648 24.4611681842 10.6130678884
7.3812407824 24.2036167944 11.1164905625
7.2208023246 24.1916616106 11.7851009721
7.4042227134 24.4599610383 24.6407553510
7.8674871159 24.5065594922 24.9616120590
7.8101965116 24.6983688973 24.4187664086
7.9428888126 24.3384084408 25.6470773552
8.1882861925 24.2866158909 26.1787592339
8.5222717353 24.5319173746 25.8323366392
8.3648345176 24.1251996715 26.6018232612
8.4458655482 23.6639488086 27.1466444238
8.0755295970 24.6551701290 9.4901445034
7.7268617340 25.2109224268 10.3499340518
8.3698114972 25.5999945612 9.8426628653
7.3722598400 25.0042382741 11.2572464774
8.1829577374 25.1370224629 23.8780085943
7.8029419686 25.5445640093 22.9110044683
8.7951185656 24.4434822532 26.2932231717
7.9236962273 26.3384358065 10.4705415104
8.5562482533 26.5403798827 10.0209233042
7.4527872671 26.0548383618 11.1270487347
7.5978163564 26.5006383374 21.1779801850
7.9703217243 26.4336654964 21.6200584483
8.1592540795 26.1025269483 22.2684610550
8.0414482493 27.3435907524 10.5292526986
8.6909976763 27.4884002688 10.1101191401
7.5239250171 27.1002312969 11.1094962667
7.3942141404 27.9791102775 19.4180407371
7.8515609468 27.7837596148 20.0206337725
8.1117998044 27.3460865263 20.6431757488
8.1109836359 26.8096722239 21.2303807898
8.1598802853 28.3171402326 10.5422321333
8.8551123594 28.4977172355 10.1439631575
7.6072949639 28.1280034940 11.0933161328
7.5398373275 28.8886484217 19.0887131255
8.0374147470 28.4890349264 19.8124154646
8.2861566608 29.0816935681 10.5107691740
7.7415904866 29.2174697011 11.0470279844
8.2166606972 29.8508988789 10.6692456586
7.3028982648 29.6101906862 18.4611291852
7.8515789090 29.8480923751 19.0640404160
8.1950713927 29.3470290538 19.6320997825
7.7061515672 30.3377727708 11.2014849022
8.2815457677 30.7814893192 10.7594526599
7.6673773892 30.6460454038 18.5207432570
8.1051743783 30.5202672471 19.1235530994
8.2850091017 30.0656275171 19.4833743550
7.7308434613 31.3525617803 11.2677625114
8.4277882824 31.8169944761 10.8319092925
7.8595843377 31.7589607808 18.3721166987
8.2417338138 31.2953789733 18.9873894399
7.7078382663 32.2633459863 11.3240492650
8.1800393656 32.7650561952 11.1060882232
8.0078963867 32.4389998506 18.3249609497
8.5209383407 32.3951445405 18.8715590074
8.6183305244 33.3991768955 11.1662410318
7.6350651871 33.9953622037 16.9634101477
7.8950500254 33.5402757272 17.6893242734
8.1988002840 33.0704835870 18.2922273635
8.1942676610 33.9955502634 11.5869223110
8.5640379856 34.5674436751 11.9656192766
7.5348780823 35.0709932381 14.3399502380
7.4999188240 34.8578873940 15.3291869723
7.5658478225 34.5500088118 16.2080246636
7.9344529045 34.8945310963 16.8737904115
8.1378641141 34.4559451880 17.5723236332
8.1029017657 34.9969639185 12.7059315120
7.9935514655 35.6044534603 13.6790435634
8.6472923877 35.6647564081 13.0869000216
7.8531343618 35.8470723783 14.5198557559
7.7342712229 35.5685854169 15.0933520514
7.9026084703 35.5763133323 16.0586634582
8.1671721157 35.5813611930 16.9076573739
8.2808945937 35.2125737151 17.4060201358
8.4606687722 36.1615546082 13.6632647175
8.1961571569 36.4553834372 14.3289172078
8.6861720333 36.7023744494 13.9829520815
8.0567699555 36.3918372410 15.2598300635
8.2114918612 36.5266547765 16.1203752065
8.2456394763 36.1578249667 16.6750708977
8.4688175518 37.0558312145 14.4494508822
8.8767455565 37.2220270922 14.3358883643
8.3385059985 37.1189971515 14.9607993261
8.5187938178 37.4046508808 15.8504923297
8.6607217083 37.4775740534 14.8087176806
8.5832838261 37.5495176797 15.2215361013
8.7605249830 1.7698553783 13.1760000255
9.2312270912 1.4598971072 13.4110007656
9.5969181216 1.4551336428 13.7886326346
8.9608173590 2.3508449231 12.9456982659
9.0438427817 1.7102027010 14.2367253666
9.5037444403 2.0874337210 14.7751705657
9.1132514984 3.1424171894 12.7375967699
9.0082553699 2.5287965754 15.3295883824
9.5918757372 2.9590659616 15.9162664142
9.3192188493 3.9340499219 12.5067754920
9.2057584461 3.3597586492 16.5363819878
8.8494756956 3.7281009238 17.1886636033
9.5250625653 4.0775172020 17.8596168578
8.8494126902 5.4835027145 11.9991240468
9.5876156424 4.6589838021 12.2355583626
9.1897559896 4.4173190480 18.5401248672
8.8704474874 4.7448527008 19.2328726252
9.6075406764 5.0457277958 19.9518276026
9.0516806592 6.3320180851 11.6167494304
9.3944255080 5.2935340126 20.7240540288
9.2661398271 5.4645214788 21.5736673180
9.2058570760 5.5590657460 22.5002484903
9.1822685504 5.6002655997 23.4791488689
9.1734562123 5.6153732076 24.4829692709
9.1708684832 5.6219722819 25.4974713357
9.1699321369 5.6262864124 26.5177943266
9.1675464788 5.6294177142 27.5396318481
9.1617705921 5.6337599481 28.5581638978
9.1434917754 5.6471178606 29.5656108688
9.0899946994 5.6889337090 30.5419749471
8.9727797065 5.7951029798 31.4465374705
8.7795803894 6.0143796710 32.2151225484
9.4910775941 6.2807067467 32.9115063111
8.7926356612 7.1208774481 11.2994710811
8.9548084775 7.6474921718 10.9732670455
9.5824680985 6.8753061354 11.2223858867
9.1942570608 6.8075343516 33.4019410984
9.3309882096 7.3386275183 33.7815859168
8.9852467443 8.4642673630 10.4731551269
8.9555059280 8.2618083402 33.5676848386
9.3758004392 8.0702538277 33.8164032880
8.7202795715 9.4519753609 9.9115827855
9.4930232271 9.3145905065 9.6212953606
9.3992869502 8.7830863104 10.0506412790
8.6223679769 9.6289814441 32.6254835050
8.9513348590 9.1912528080 33.1192612667
9.2181069979 8.7063958798 33.5375861423
8.8684218301 10.2351435610 9.2089161948
9.4647976783 10.4107614615 8.7967139676
9.7666413396 9.7970586448 9.1513385004
8.7540794114 10.5311132846 32.3182437540
9.3402332781 10.0624191670 32.9489806632
8.9327957531 10.9681609785 8.6108941916
9.0129011856 11.6413688242 8.1941020102
9.6542068138 10.9373269845 8.3983034703
8.4799975046 11.2657751145 31.7790398964
9.1418753959 11.4118292305 32.1706451598
9.4245414888 10.8528376537 32.6058394025
9.0724537123 12.4576432773 7.8310466423
8.9380228943 12.1311510754 31.6954730135
9.6050847859 12.0866371835 32.0300241241
9.8388280335 11.4484534177 32.4532689091
9.0822373738 13.3839472848 7.4520459173
9.4789569277 12.6766957914 31.6846035660
8.9871155710 13.1640745471 31.2743159179
8.8570642504 14.1453043215 7.2115949538
9.1624660630 14.5605979868 6.8542128052
9.3638764572 13.7966039438 7.1142704540
9.1380413919 14.0129521411 31.0801441374
9.0918919925 15.5555491101 6.3575804693
8.5266544930 15.6704673573 30.6205056586
9.1416601620 14.8110038133 30.9144586381
8.8930099394 16.4077377770 5.9589183704
9.2926380452 16.2533938466 5.5272730007
9.2176700073 15.9160137199 5.9331575897
8.7005517955 16.6354458039 30.5693229298
9.3850568813 15.8966047071 30.8271510766
9.2197816545 17.4201181464 4.7611475992
9.7996730726 17.5487282797 4.1187723366
9.5288095046 17.0708338183 4.4826929116
9.4058369167 16.7216531315 4.9112872531
8.9703576989 16.9879984418 5.3843699583
8.5432353174 17.2154536237 5.9265557769
8.8634808616 17.5493772616 30.4967920065
9.5167582851 16.8771775805 30.7552664727
9.2616192942 18.2439454109 4.6357068842
9.7773198172 18.2791922618 4.1985331258
8.7183239836 17.8683309538 5.3316005619
9.0684827401 18.2793481002 30.3909034512
9.6355709050 17.7600433632 30.6386255927
9.5816492813 18.6124946725 4.4280263151
9.4473006326 19.0968727578 4.8427262346
9.7425820800 18.5748481170 30.3943949351
8.9084910476 19.0696770421 30.0593902333
9.1283310153 19.8044408795 5.3991958486
9.5387825045 20.3436285178 5.7204403043
9.1347422027 19.9367605991 29.7236404488
9.0848643251 20.7882514159 6.2224142472
9.4492959910 21.3464888107 6.6772162718
9.3210533567 20.4833900537 29.4374765464
9.1388175518 21.0846910183 29.0331845090
8.9432203036 21.8715422819 7.2141099232
9.4032724592 22.4650138052 7.6477181427
9.4661647128 21.8461556225 28.5595184135
8.8026128177 22.4696325290 28.1668969608
8.8745566648 23.0275478766 8.1225537697
9.2236168775 23.6466113324 8.5070875011
9.1230826505 23.1182394081 27.7307973664
9.5511214859 24.3095488968 8.8738034939
8.2888406734 24.8037271953 24.6207215301
8.4885480737 24.6784218936 25.2391203421
9.5078821597 23.6664214731 27.3096433766
9.0902863364 24.1398842610 26.8171989210
8.9207857543 24.9440326476 9.3033509151
9.1688108036 25.7586665626 9.5839029565
9.0868743821 25.4507363448 23.9600122685
9.0045512900 25.8572856159 23.2364668623
8.9883025453 25.0979393010 24.6684926872
9.3036212297 24.8187912190 25.6858655275
9.4886601223 24.4902691964 26.4119042451
9.3374383598 26.6227271357 9.7672175422
9.0601188721 26.4416215950 22.4815692608
8.6146505692 26.6643760469 21.8616513420
9.4686435899 27.5122464827 9.8691515660
8.4678127585 28.1166327304 20.4320370540
8.8138680060 27.7717549365 20.9702679737
8.7753804468 27.2201354891 21.3888581993
9.6338242784 28.2657278310 9.9107668526
8.6550034952 28.9427184601 20.2321726840
9.2124988028 28.5176209396 20.8731225909
8.6741371566 29.3950648945 10.3050457269
9.4146967421 29.2525168802 10.0485656239
8.7755312986 29.9068047496 19.9892770835
9.2119760808 29.3591286584 20.5143273946
8.8180185765 30.1376957615 10.3437879292
9.5721938291 30.2966587182 10.1087466889
8.5490610967 30.7132484985 19.5161614696
9.1394268676 30.8014907465 19.9415529627
9.5117251142 30.0981009451 20.3993483158
8.9771643915 31.0320601400 10.4084076477
9.7486151821 31.1672225071 10.1973953136
8.9051842798 31.6289143397 19.4714024489
9.4872602706 31.4544219082 19.8858660075
9.8355696734 30.8768802230 20.2257921187
9.2171919781 31.7478453966 10.4682890261
9.1360051451 32.5705678623 10.7560486905
9.0480808412 32.3307127690 19.3335368023
9.6207684089 32.2169229702 19.6588197955
9.5721608978 33.3836959497 11.0181478156
8.4672222774 34.0236233008 18.2285989798
8.8500487335 33.4833361330 18.8001805353
9.2915899541 32.9349648318 19.2751767226
9.0383787501 34.0346634788 11.4426105249
9.4876784665 34.6206386530 11.8494534289
8.6671513279 35.0881973910 18.0927707199
9.0982312798 34.4760893055 18.7539564819
9.0136715309 35.1452396465 12.4223921770
9.4973638778 35.7094550359 12.8638391746
8.5449141881 36.0933595073 17.5017369430
8.9362954819 35.9498436734 18.2806740667
9.2645963197 35.4496840825 18.7639665363
9.0739792154 36.2418058261 13.4357412180
9.4494360604 36.8575098860 13.9078497615
8.5072326781 37.0050045909 16.8388309814
8.7344061262 37.0662350566 17.6219465999
8.9588080492 36.7506599390 18.1928719911
9.3419506584 36.3890836947 18.7900285213
9.3623752413 37.3658411973 14.3783178995
9.0650615255 37.5897058129 14.7041783749
9.6463856974 37.7166723642 14.7877901034
8.7249277967 37.8969249862 16.7678989688
8.7983438525 37.8224723074 17.4599084245
9.0119925522 37.6590746309 18.1543632536
9.3524910543 37.3418199928 18.7775981976
9.1036410593 37.9295890985 15.3678051594
9.0707960757 38.4750200844 16.4415802151
9.7039885800 38.6439841439 15.9897620140
8.9861564394 38.6425010587 17.3405285785
9.0953154637 38.5707563425 18.0905358850
9.3751147483 38.3218213096 18.7621514036
9.5640108314 39.1169490127 16.6186023770
9.3456564799 39.4066035600 17.2767838669
9.8656401463 39.6540965715 17.0227655664
9.2848121647 39.4661328856 18.0408354832
9.4717540059 39.3235979733 18.7500280997
9.6968597167 40.0245870495 17.5314767524
9.5404998318 40.1262741995 17.9844350774
9.9407263239 40.4910441316 17.9610640389
9.7619158482 40.4292314815 18.7679127010
9.7850157203 40.5764861881 18.3215802073
9.6208325513 1.7722832559 13.1276752655
10.0767501440 1.4723639130 13.4214358265
10.4814172359 1.4887476758 13.7746566600
9.8877572585 2.3811839036 12.8986463141
10.0403153101 1.7086645757 14.2457785110
10.5408516409 2.1067356635 14.7673831245
10.0870515938 3.1163134465 12.7009810823
10.0317842317 2.5276453394 15.3322029365
10.6139535790 2.9611509096 15.9166022275
10.3291756294 3.8652279852 12.4847609911
10.2261176120 3.3595067630 16.5367936661
9.8693780861 3.7277043756 17.1890425728
10.5454003048 4.0774605250 17.8598263285
9.8601889387 5.3917228506 11.9180597769
10.5972024094 4.6091117977 12.2133613013
10.2098724135 4.4172164371 18.5402451648
9.8901193611 4.7447137490 19.2328466496
10.6254958469 5.0461913071 19.9499403169
10.2022284155 6.0811820033 11.5587244373
10.4096979870 5.2952570176 20.7196964793
10.2781854612 5.4687969515 21.5661039599
10.2150196304 5.5674340941 22.4911763688
10.1860244252 5.6128311909 23.4701692940
10.1659451662 5.6308708048 24.4678709891
10.1558306925 5.6425196467 25.4696450988
10.1568173003 5.6558284487 26.4845486876
10.1537861143 5.6660584568 27.5112644364
10.1437959062 5.6720084937 28.5356073408
10.1250075317 5.6817401918 29.5470545615
10.0742542460 5.7125386595 30.5289603632
9.9593186393 5.7957644161 31.4477401705
9.7611963460 5.9713092158 32.2576109179
10.4732878284 6.2170893569 32.9156984948
9.9242929028 7.5647139912 10.7318233003
10.5975187581 6.7157449287 11.1550307512
10.1596609635 6.5369397205 33.4249901823
9.7997600043 6.9561988673 33.7428104220
9.5434489658 7.5820748179 33.9404892450
9.7837141225 8.2442456622 10.2924538747
10.0884666032 8.6458010303 9.9123717711
10.5756431211 7.9963767383 10.2784132963
9.7195637870 8.0554897754 34.0118977094
10.2670247819 9.1646404761 9.4766397766
9.6081537136 9.4305381496 33.4372292244
9.9608007449 8.9190638634 33.7765565881
10.2810203094 8.5491744014 33.9885516854
10.2708677372 10.2198604206 8.7380412614
10.4325698063 9.5937200191 9.1236626976
9.9673186233 10.0117046421 33.3239719593
10.3082061991 9.5948190573 33.6214022315
9.8556680963 11.6391789388 7.9892352137
10.5240358818 10.9158524500 8.2812639729
10.4569778747 10.1097330573 33.4061458484
10.2028872569 10.6681517009 32.9692251008
10.0614991663 12.4891818237 7.5515279424
10.6284174795 11.4362489900 32.5459867815
10.2465750576 11.9829266842 32.2135769306
9.8068576561 13.2613184140 7.2155011639
9.9578516109 13.7952219297 6.8645693571
10.5776625570 13.0373369856 7.1179298668
9.7814771986 13.1751401287 31.5282841250
10.1843708681 12.6332748469 31.8423122690
9.9389899472 14.6345077765 6.3177766592
10.3436959600 13.2528834584 31.5580681614
9.9575917302 13.9395227627 31.2534643148
9.6533681179 15.5002008839 5.8157195500
10.2085254382 15.2944542018 5.4115692316
10.1221994983 14.9727145377 5.8665391013
10.1788056143 15.1010416833 31.0324199891
9.9389747159 16.5611207350 4.3359840929
10.4915835811 16.3233145781 3.7560749613
10.3523900099 16.0499524571 4.2071262839
10.2910035500 15.7520801875 4.7018805159
9.7698613695 16.0078955784 5.1230206235
10.2941406279 16.1462762136 30.9339839321
10.3068928624 16.9952074324 3.6386049095
10.7588580519 17.2190961539 3.2379804527
10.8364187645 16.6843453793 3.1788645735
10.3615071733 17.0964242652 30.8457357347
10.4177440841 17.5434254344 3.5649815946
10.4651378748 18.1461256060 3.8482791070
10.4574291141 17.9455578497 30.6686659577
10.0743887073 18.7275624116 4.3047961767
10.4611570827 19.2938210065 4.6767015667
10.6258444082 18.7071011040 30.3467477735
9.9185980457 19.4243991672 29.9898429115
9.9747900462 19.8156202693 5.2003129233
10.4726508141 20.3776554199 5.6442208779
9.7572560724 20.1166381012 29.6344170989
10.4445730097 19.9655447027 29.6127356448
9.9668920073 20.5812518138 29.3063238709
9.9796312383 20.8748047625 6.1562309181
10.4563068956 21.4053377552 6.6448322381
10.1592583983 21.2031159297 28.8782176351
9.9305152392 21.9210824404 7.1517121076
10.3973102025 22.4752596380 7.6261075211
10.3826083431 21.8477654811 28.4525738303
9.7896911765 22.4963007569 28.1261166241
9.8198051313 23.0502229681 8.0781113836
10.1956077866 23.6670585943 8.4819419842
10.0499271928 23.0952364630 27.7054505660
10.5464506189 24.3236616946 8.8584164449
10.2761466133 23.5435176891 27.3376849072
10.0757360217 24.0937382192 26.8578765491
9.8519779374 25.0250101583 9.2086959012
10.0820053192 25.8000930279 9.4881718368
9.4919915261 25.7012158538 23.7940683984
9.6581712905 25.5298931856 24.2910226771
9.8167474789 25.2782625809 25.0267594203
10.1346362419 25.0728879210 25.6021614746
10.2448867943 24.6761892558 26.1880446082
10.2163855188 26.6374469347 9.6890159237
9.4518277687 27.0823221534 22.0868225604
9.9283646302 26.5809824087 22.8842528829
10.1217439351 25.9967250865 23.7247994062
10.3341912740 25.5971715204 24.5643249422
10.4302200960 25.3203815938 25.1985852641
10.2954416271 27.5113078736 9.8128085628
9.3869043311 27.7783244174 21.4682896423
10.0344545649 27.7376336515 21.9350874834
10.2100129660 27.2184674630 22.4218147892
10.3198297121 28.4574691566 9.9105338049
9.9554292259 28.4019245154 21.4266308894
10.5128994723 28.1874276331 21.7965683686
10.7019341160 27.6628771202 22.2234631956
10.2982155206 29.4919545522 9.9702141299
10.6814378460 28.7880379618 21.4067633532
9.9595995254 29.2986404861 20.9151494110
10.3684073878 30.4477222495 10.0175829295
10.3161687456 30.2048797610 20.6044144918
10.5634802670 31.2608593568 10.1411911704
10.6316358840 30.9200362633 20.3382290045
10.1569073547 31.5768441264 20.0291019581
9.9349088065 31.9455883039 10.3776394242
10.1950000508 32.6861189476 10.6501896952
10.4534947682 32.2188147002 19.8739749145
10.5734262122 33.3648946170 10.9879488898
9.6080024864 33.8735687115 19.2414793303
10.2585637683 33.0918072734 19.6366336985
10.0069030587 34.0316385838 11.3792389879
10.4695281519 34.6079242079 11.8195482761
9.7880552456 34.8762793491 19.2442141753
10.4603104249 34.2037509794 19.5969452902
9.9677627075 35.1731123602 12.3114133242
10.4550443124 35.7074042512 12.7916884441
9.8664460182 35.8854890216 19.2955710433
10.5551210604 35.2447258843 19.6705044986
9.9612003420 36.2607183917 13.3239059410
10.4535779848 36.7852685837 13.7964936364
9.8483922605 36.9080400369 19.3414773346
10.5857859102 36.3480754551 19.8531500332
10.0351292921 37.3038234537 14.3016435255
10.5094233502 37.7605098418 14.7693864122
9.7972020967 37.9295828561 19.3631500049
10.3616531943 37.4532611903 19.9046414545
10.0577073415 38.1954199170 15.3248462826
10.5641299013 38.7395385313 15.8437094548
9.7978637962 38.9491599612 19.3835075907
10.2638065940 38.4787743206 19.9870979046
10.1760922230 39.2192557231 16.4387357552
10.6086290823 39.7500620549 16.8989476814
9.8922115474 39.9720722659 19.4115077302
10.2293202393 39.5172073953 20.0352765312
10.2340844565 40.1838019118 17.4455856362
10.6314681545 40.6944417166 17.9431736949
10.1127929966 40.8809764668 19.5306555136
10.2947449106 40.5467324286 20.0310920192
10.2649317522 41.0119711138 18.5786661650
10.3874030491 41.6600940065 19.5167130618
10.7686498332 41.6543952126 19.1290377684
10.5373887833 41.6076697845 19.9575018061
10.6674303236 42.0221718975 19.6240574900
10.7275956467 42.3467498664 19.9655470246
10.6022528149 42.3278604105 20.0655397459
10.6812382081 42.1615142329 20.0504709070
10.8532640272 42.5054959343 20.4593418955
10.7577247858 42.5738472147 20.2404887766
10.6059356517 1.8589315727 13.1502902534
10.7674327692 1.5166931287 13.4528582055
11.1828433671 1.6004112418 13.6733824629
10.6827022476 2.4966477312 12.8954743128
11.1415270292 1.7909008671 14.1684024670
11.5610700151 2.1696617228 14.7766253033
11.0300228524 3.1100446168 12.7386657837
11.0571926539 2.5429643731 15.3318794466
11.6351656094 2.9676684241 15.9159298270
11.3242239703 3.8765077475 12.5018528981
11.2468979832 3.3606001654 16.5367712641
10.8898376406 3.7277959521 17.1892441606
11.5661399253 4.0775783228 17.8608742856
10.9038954517 5.3277142425 11.8957420208
11.6121014893 4.6330417182 12.2231978656
11.2302391136 4.4170808023 18.5408398293
10.9095892398 4.7446410090 19.2324235215
11.6396602814 5.0465245466 19.9455592903
11.2489383916 6.0099480092 11.5387335729
11.4175902750 5.2991335537 20.7092329793
11.2753408878 5.4789625610 21.5453123108
11.2037342263 5.5891747622 22.4602329078
11.1693516396 5.6503875522 23.4418348106
11.1294296555 5.6790746256 24.4473008786
11.0770601755 5.6919768387 25.4188658180
11.0817330342 5.7216810751 26.3960239766
11.0985105764 5.7559625049 27.4283092904
11.0731199224 5.7704294689 28.4682128354
11.0498286831 5.7804746175 29.4870783354
11.0052675667 5.8014453094 30.4770231807
10.9023424119 5.8595722674 31.4056945593
10.7225091405 5.9905157753 32.2302763634
11.3829712296 6.2582073807 32.8279039033
11.0523259308 7.3054202165 10.7189723315
11.6372895041 6.6515164844 11.1464045816
11.1430969308 6.4846488324 33.3596254768
10.7640085791 6.6682375837 33.6356026509
11.1158999542 8.6318097980 9.7548099711
11.5662587506 7.8638809820 10.2857482137
10.8555062362 9.2211778542 9.3243956511
11.1366034214 9.7322470179 8.9801958182
11.4237198928 9.1784213468 9.3360245781
11.3345184547 8.5989520152 34.0549536183
11.0397460032 9.1031638783 33.8461536578
11.0914349282 10.3774789488 8.5761404776
10.8580458682 9.7864892781 33.5937093738
11.4794969816 9.6833237614 33.5480650938
11.0030992637 10.2439552483 33.2907977290
10.8496365926 11.6204823639 7.8860127583
11.4775182714 10.9437475944 8.2520539405
11.1373738485 10.8209582402 32.8841160535
11.1812523511 12.3108453094 7.4809438426
11.3527123193 11.3272739787 32.5203609650
11.1277661108 12.0717653271 32.0895718261
10.9079795649 13.7231398654 6.5239418672
11.5301821678 12.9077177136 7.0463440193
10.8372658235 12.8670429414 31.7181440164
11.5753565892 12.7440888262 31.6444835331
10.9762859042 13.4413993093 31.4319669664
10.6978289434 14.5749344180 5.7842946826
11.2898094433 14.5343731936 5.3029678831
11.6763194846 14.0121252118 5.8487766518
11.0924076868 14.3076737390 31.1553319017
10.8783281233 15.5871776808 4.0830160957
11.2779750244 15.5798109353 3.3993916804
11.6141627354 15.1695824507 3.7238673796
11.5351911831 14.8102539666 4.5853577554
10.7948990524 15.0716468747 5.0034677508
11.1871827775 15.3825172115 30.9912576082
11.3820541078 16.3709402026 2.6694714337
11.8372013551 16.3692220601 2.2457502840
11.8723293266 15.9464910774 2.2870118437
11.4719215243 15.7885797468 2.8490019930
10.9957863506 16.0523992460 3.2906841712
11.1786542387 16.4041184227 30.9259956075
11.6430447015 16.6442965027 2.4414466511
11.4807123434 17.0591308999 2.8133886538
11.1918916044 17.2787034982 30.8294810974
11.0539258618 17.6918180776 3.3246395340
11.4688394701 18.2774232480 3.6670556894
11.3068597380 18.0414898327 30.5980087246
10.9678020938 18.7922337612 4.1699776791
11.4706510134 19.3509469294 4.6202507494
11.5155070635 18.7214425276 30.1956193872
10.8708804968 19.3322732988 29.9399249298
10.9658228590 19.8635710001 5.1309787724
11.4757822933 20.3889940562 5.6282151381
11.1587059471 19.7539255794 29.5577083167
10.9251114071 20.4601729933 29.1491660238
10.9710585566 20.8998983754 6.1358709943
11.4738974316 21.4038856920 6.6517631033
10.9627722020 21.2642895430 28.6559107628
10.9481219662 21.9299853360 7.1484274781
11.4069592701 22.4515344438 7.6497194447
10.9471729537 21.7690425886 28.3657945391
10.8081668284 22.3782415126 27.9786525091
10.8203287729 23.0425760596 8.0796597894
11.2079592293 23.6428583785 8.5028282878
10.6933699825 23.1066918593 27.5471308838
11.2134379161 22.8274185292 27.4765573851
10.9631713036 23.5225270727 27.0757268780
11.5887344851 24.2735270398 8.9107191013
10.8943314548 24.2368936317 26.5363107310
10.8693987361 25.0194828900 9.2206555617
11.0583123013 25.7863151084 9.5516279400
10.8813201290 24.6408046789 26.1774820645
10.8266195157 24.9709757272 25.6835760904
11.0945930984 26.6323791803 9.7936331930
10.5825384732 26.4857041320 23.2784936934
10.8452860006 26.2400760134 23.5642235174
10.9081030184 25.8222172072 24.0867506529
10.9563934332 25.3625203935 24.8907535934
11.1079913933 27.5371845654 9.9432522669
10.9771992798 26.5043720235 23.2765332358
10.8817689218 26.9248108053 22.8229370657
11.2521560252 28.5822398769 10.0994725535
11.3283814902 27.4916735902 22.3305569083
11.2699292216 28.1657606147 21.8376524088
10.9528515791 29.7440131867 10.0184626734
11.5422560242 28.9052257873 21.3267226614
10.9350634443 29.5458769578 20.9728359507
11.1409121771 30.5071760582 10.0838622210
11.1637043119 30.2762083225 20.6143864325
11.3560560351 31.2734387617 10.2075608756
11.3359860359 30.8308775187 20.3619894187
11.1190623304 31.5450410134 20.1073956307
10.8232627334 31.9858669275 10.3580824476
11.1616929219 32.6276211361 10.6697812318
11.2321900331 32.4714321133 19.8903373438
11.5300394431 33.2386972114 11.0604137108
11.2937909602 33.4579653045 19.8048533584
10.9921899357 33.9709989265 11.4014565911
11.4455489960 34.5306127099 11.8793328743
11.3891650481 34.4988356603 19.8606070882
10.9472391433 35.1479136605 12.3006633136
11.4235598489 35.6672889759 12.7924235075
11.4228022460 35.5372227781 20.0631746341
11.6443464900 35.8709784044 25.6838455934
11.8414803276 36.0414941255 25.4056100716
11.8153170723 35.5618730603 25.7072373626
11.7754870387 35.5074258797 25.9497850314
11.6865520632 35.9537576803 25.8602480199
11.9637006597 35.5491671174 26.1439830602
10.9466226221 36.2317972791 13.2819738633
11.4469768665 36.7557161329 13.7779457486
11.2733509112 36.3030190800 20.2603388569
11.0375589185 37.0184679248 20.3633388449
11.7453999906 36.6174853676 20.6075408106
11.6313183930 36.4899972959 25.3719777655
11.8392307030 36.8364087657 24.9715593809
11.7233898468 36.3874298986 25.6500860587
11.9790808007 36.0084299734 25.9624670538
10.9540796001 37.2796828995 14.2636238001
11.4444913218 37.7584464013 14.7147894305
10.8474707015 37.9434747465 20.5320630194
11.6361094858 37.4232032536 21.0387624779
11.6435130333 37.4351622198 24.6395569214
11.7684061828 37.8662006828 24.0996572795
11.8001122311 37.3129960875 24.6494591552
11.7267992895 36.9225352809 25.1661807099
11.7265681239 37.4074024776 24.7463181934
11.0281050661 38.2502341118 15.2566563193
11.5530368373 38.7678808566 15.7548865698
10.7224508727 38.9732393734 20.7811905971
11.2312152071 38.2432603984 21.2389125499
11.2832657704 39.0545627677 22.6410426397
11.2039455800 38.8964993336 22.0257250934
11.4390742466 38.5328039348 22.5306755614
11.6478951599 38.3282422248 23.3943370110
11.5433519139 38.5180219660 23.6776847846
11.7343945181 37.9725785063 24.2459278900
11.6848274460 38.5152517852 23.8458205643
11.0549106948 39.2688880240 16.3339106339
11.5396852261 39.7876223255 16.8275335552
10.5913599570 40.0720446728 20.7144435041
11.0860614343 38.8374592223 21.4944217333
10.9778486344 39.6066818637 21.6533499240
11.1684911117 39.7348982496 22.3248087060
11.4364610188 39.6296783235 22.8903110265
11.7256435672 39.1062507905 23.4973432046
11.0591504574 40.2673373365 17.3815088595
11.5322283245 40.7807483504 17.8878077317
10.6577408092 41.0873299577 20.6104649145
10.8654961661 40.5886214607 21.2704600078
11.2616448824 40.5211567431 22.0673393038
11.6935294000 40.3318088311 22.6820293621
11.9106740928 39.8254827148 23.1321846730
11.0840762567 41.2232394971 18.4745510403
11.5236238088 41.7228214193 18.9958341036
10.8464347776 42.0138183194 20.4014092968
11.0793781939 41.4929925307 21.2984417329
11.5348418826 41.4177062627 21.9047341470
11.8671671562 40.9782583031 22.3393716840
10.9921754210 42.0191684385 19.6745465310
10.7535345972 42.1529011591 19.8773236528
11.2355997215 42.4192412753 20.0036809902
11.1748574388 42.3242246642 21.0497188200
11.6257788830 42.0548459747 21.6300561108
11.1562956454 42.7439531307 20.3566515129
11.2649055889 42.7402215181 20.8143504655
11.6838244523 42.9930377554 20.5069434461
11.7755685431 42.5357430849 21.4548934629
11.2872479445 1.7538114585 13.3847548649
11.5507779819 2.3574478396 13.1000552144
12.0762764512 1.9785214865 13.7019287923
12.0647141064 1.9898802912 14.3198426995
12.5454761767 2.2462314886 14.7822206997
12.0144447004 3.1904504006 12.8079958537
12.0737939657 2.5697779407 15.3316129674
12.6540541529 2.9794161012 15.9128494081
12.3125803346 3.9823765171 12.5436134487
12.2668193510 3.3637665339 16.5363083775
11.9102960778 3.7286036852 17.1899545631
12.5869568027 4.0794079589 17.8654748612
11.9420873424 5.3669853671 11.9068242530
12.6155414368 4.7547608117 12.2665607736
12.2510416245 4.4171014845 18.5450984199
11.9276465000 4.7439139849 19.2330134888
12.6438668619 5.0443051099 19.9392368432
12.2655450999 6.0642140510 11.5508828432
12.4107884911 5.3039222355 20.6874246467
12.2493521407 5.4992197569 21.5071452277
12.1416826938 5.6279591618 22.3859173448
12.1067101975 5.7295107027 23.3489486958
12.0623639870 5.8001745001 24.3959814156
11.9437471050 5.8206348809 25.4138075786
11.7836499097 5.8133653257 26.2120669684
12.0174778661 5.9389751391 27.2306307800
11.9190734340 5.9615915515 28.3285089323
11.8795234541 5.9777110442 29.3514054467
11.8421342772 5.9931802288 30.3513256992
11.7552324980 6.0260309143 31.3027286927
11.5873035261 6.1000542814 32.1387662474
12.0667523179 6.3872086874 32.6526860256
12.0967766286 7.2738695433 10.7342984674
12.6445789311 6.7150661726 11.1801070905
12.0018948216 6.6058717981 33.1866186647
11.8251712248 6.8092336752 33.5822679146
12.0805266816 8.3476760402 9.9605478073
12.5472210258 7.8892184328 10.3346070996
11.9233460034 8.3115038901 34.0839769686
12.3090693360 7.9557629256 33.9593534952
12.0254737613 8.4792607312 33.9242253300
11.8915447938 9.5248581483 9.1393406345
12.1796693031 8.9821321022 9.5426110880
11.9856711327 9.1221249188 33.6788528876
12.1020292946 10.2660949575 8.7204021629
12.6510951100 9.6392880787 9.1857352109
12.0004801500 9.5714332382 33.4673260950
11.8937128033 10.1294716903 33.1249977375
11.9749752877 11.6916501381 7.8627074396
12.3186346432 11.0338782287 8.2812549561
11.7758828428 10.8428375982 32.7131819998
12.3343989117 10.5138100883 32.6740241455
12.1153762500 11.2477162707 32.2901656419
12.0472632845 12.3783037730 7.4327373917
12.1468802600 12.0249683596 31.8333527355
11.9808139465 13.3807091225 6.5672084271
12.4483858371 12.8484943859 7.0990347769
12.3098733085 12.5538562618 31.5027560870
12.0124564464 13.3892722755 31.2394728566
11.8391864219 14.3442950893 5.1720801759
12.1810763509 14.4328616123 4.7307079348
12.6087804870 14.0883046534 5.3611136975
12.4781695882 13.6778298635 6.1378321441
12.1735328575 14.5390582935 30.9061885330
12.4456713404 15.6016729347 1.9294135256
12.8400421487 15.5684078706 1.5540992387
12.9993092811 15.3385467813 1.8223912607
12.6547882358 15.2039318109 2.4690651425
11.9979572468 15.4747740635 2.5784471240
12.1987400226 15.0971860081 3.1788866772
11.6673433612 15.3940871629 3.1199537533
12.3183806784 14.7145595715 4.0220794143
12.1393689821 15.7920673977 30.8065460235
12.6499128710 15.7571428566 1.6117270008
12.4793793664 16.1312029000 1.8958790787
11.8458965682 16.7036534169 30.8349262760
12.1019508897 16.7048562909 2.3074650168
12.4658114038 17.2185123640 2.6578061658
11.9638831132 17.3897768100 30.6964261932
11.9704926782 17.7478974609 3.1582308443
12.4718326842 18.3147176093 3.6054515225
12.0432820493 18.0642569812 30.4412339784
11.9753604904 18.8378415268 4.1119258222
12.4906988410 19.3549390652 4.6157673617
11.5115388508 19.2990167384 29.7745202962
11.9768390026 18.9675797469 29.8273482764
11.9239199405 19.6760002284 29.2416652074
12.1683343950 18.5041571033 30.1135177877
11.9842397710 19.8734321427 5.1232603913
12.4768937454 20.3643968314 5.6525301152
11.6613306134 20.7187307808 28.6739467508
11.9769057360 20.8846871811 6.1479459585
12.4729174425 21.3411756761 6.6909343729
11.4831821986 21.5329026899 28.2509063578
11.9678959388 21.0023309352 28.3031074148
12.0901103537 21.3783909754 27.8693826278
11.9681847834 21.8863915448 7.1897991615
12.3797092960 22.3577123788 7.7396852409
12.4560718672 22.4520968039 25.5050822076
12.5312754885 22.3460191301 25.3641392495
12.4616178963 22.6147749008 25.3333562428
12.4925687959 22.2922550788 25.6709636875
11.6286335112 22.1706782778 27.6635710030
12.1386193193 21.9804602223 27.2401089307
11.7575449609 22.8561679851 26.9563888046
11.8192316935 22.9825366801 8.1336271135
12.2150468752 23.5453799677 8.5930601692
12.1896089784 24.0106133925 24.5317026249
12.3911024114 23.4379194434 24.5413249254
12.3259626990 23.9126337857 24.0370026378
12.4229112037 22.5610108495 25.6401806808
12.2712380901 23.6394211199 24.8790683091
11.5489860774 23.7635840091 26.5297965049
12.5850581267 24.1228451380 9.0098073761
12.0908473217 24.5945206270 23.9665348349
12.4022313935 24.1847471865 23.5412798630
12.3399009585 24.8665303104 23.1928396180
11.9262952569 24.5301300143 24.7545520782
12.1467848171 23.9521337968 25.0935217030
11.3941646189 24.4468611959 26.0576344394
11.8506597717 23.9974066705 26.0766526959
11.8211831000 24.3515857249 25.7227639381
12.0251152924 24.9120983275 9.3847595238
11.9521590787 25.7544785055 9.8449239883
11.9377413762 25.3446633660 23.5356124789
12.1982056722 25.7013480353 22.9141818415
11.5627561069 25.2758538452 24.2819834266
11.9431724733 24.3541631463 25.3264784289
11.5286547434 24.8127063817 25.2837328040
11.8190817585 26.6143783072 10.1064777220
12.3928597490 27.0753779187 11.2011513916
12.4503112415 26.6367258485 11.0880737204
12.2509123317 27.1636858859 10.8301943987
12.5962335987 26.6717512442 11.4550659388
11.4751863751 26.1706994954 23.3316618810
12.0633586274 26.3873124295 22.7103256133
11.7592168784 27.4288585760 10.2227057784
12.2662071883 27.7539554129 11.0399865277
12.0836221127 27.7062910847 10.6277716611
12.5586969967 27.3311711924 11.5649254334
11.6996582578 26.9304241689 22.6096813759
12.2700489286 26.8019288624 22.2992349638
12.0519253484 27.5157504183 22.0117910062
11.8466403762 27.8968891878 10.3556241431
11.9489253388 28.4589091483 10.5671289066
12.2731802474 28.5035079698 11.0308621271
12.5290081251 28.1858627047 11.5046719184
12.0971326368 28.2995496008 21.5585835285
11.6711726796 29.5932633729 10.2873457550
12.2234158839 29.2373370310 10.8129397026
12.5079097290 28.9447402037 11.3117958984
12.2543146702 28.8345867979 21.2004602185
12.0019035328 29.5913784726 20.8237223372
11.8277027226 30.5851238433 10.2957771810
11.8031828972 30.3787693581 20.4944900868
12.4864713740 30.1977283115 20.4086081765
11.9842973880 30.9140678067 20.2358475812
11.9423756394 31.2457999005 10.3672797470
12.1116204002 31.7041688719 20.0016902861
11.6411960197 31.8793284948 10.4376291861
12.0868169116 32.3547809212 10.8148211841
12.2034767796 32.6667652596 19.8787829246
12.3351924187 33.0253834527 11.2434149758
12.2978057234 33.6869390461 19.8867499778
11.9229157986 33.7981458393 11.5301179968
12.3955621603 34.3651698114 12.0862806024
12.4372622338 34.7911168039 20.0525731335
12.0419228263 35.2388727149 25.9005362746
12.1698485199 35.5278717788 25.5738384980
12.4409094697 35.1407624574 25.8452058167
12.2836218813 35.0730462113 26.0850199298
12.0287329354 35.2357100088 26.1260218151
12.3203266889 35.2315723364 26.2253327402
11.8824298548 35.0734085395 12.3715728566
12.2948758437 35.5666386782 12.8415330682
12.1658385593 35.5776035625 20.2832647822
11.7679597904 36.0140842988 20.3661485393
12.3884001863 36.1348326066 20.5503774532
12.3785319771 36.2570295374 25.1287561598
12.3538416118 35.6070398810 26.1822962795
11.9194379611 36.1700306732 13.2897504897
12.5063359903 36.7157031164 13.8417452061
12.5644636125 36.9137534531 21.0450614328
12.0479813481 37.1302177864 24.5716851800
12.3118832658 37.1717014718 24.1182690657
12.5107887254 36.7019169623 24.7001657425
12.4487929213 36.0642672925 25.8071708053
12.0167259286 36.4870412390 25.5406318700
11.8623054212 37.2779186637 14.2494697538
12.1888983492 37.6971417070 14.6199832876
12.3983917411 37.4367611212 21.7656062681
11.7994108173 37.8316102209 21.8574393788
12.3557751799 37.5631138541 22.5989085156
11.8354694198 37.9736883129 22.7668186567
12.3309876066 37.4300740461 23.4490151993
11.9790902236 37.8094896138 23.7750102492
11.8062127402 37.1544124186 24.8905704886
12.0247019102 37.4094791468 24.6177796042
12.0316498751 36.9300771060 25.0050106216
12.1252312797 38.2150511750 15.1372043848
12.5657080082 38.7955212835 15.6925783286
11.4117961874 38.3912100616 21.9470637518
11.7719963037 38.2420084519 23.9204600706
11.9363113949 38.5525566571 23.7286535344
12.1190057803 38.0742272610 24.0586310993
12.0619468786 39.2893754100 16.2566583397
12.5657302915 39.8110948806 16.7635840946
12.1873671069 39.3064097794 23.4683670030
12.0310235995 40.3029497712 17.3310271800
12.5278025069 40.8154431066 17.8409596285
12.4025510660 39.8093798899 23.1861925321
12.3130102228 40.4083917570 22.7861063592
12.0161931552 41.2894620278 18.4016354505
12.4927480959 41.7833952862 18.9079968013
12.5691409858 41.1270718237 22.3597731316
12.1355845314 41.6807820091 22.0371256753
11.9266089975 42.1808528325 19.4726803627
12.4140544649 42.6318018758 19.8840470935
12.3897934054 42.2952437986 21.8089054341
11.9690080830 42.9095967183 20.2634129560
12.4927735182 43.1002617348 20.4070118606
12.6917776849 42.6516675568 21.7319895739
12.8031545888 2.6726122979 13.2118648612
13.3476705518 2.2903355611 13.7250133889
12.9604214674 2.1075219903 14.2350722615
13.5483884752 2.3316177653 14.7608300844
12.8770451610 3.4237177054 12.8443297509
13.0869194913 2.6060454157 15.3231231920
13.6650641261 3.0079331283 15.9034803632
13.3679939673 4.1918912670 12.6541918673
13.2807986042 3.3752196290 16.5342155027
12.9279526550 3.7334263080 17.1919181276
13.6006995503 4.0915263028 17.8774098745
13.0412145261 5.5538054377 11.9619486396
13.4132173276 4.9594796817 12.3325229628
13.2717141519 4.4218619004 18.5634001649
12.9416078887 4.7425614630 19.2429027343
13.6177727132 5.0356915824 19.9413744051
13.1247799213 6.2434239832 11.5784653381
13.3751885148 5.3035797574 20.6503830874
13.1861340496 5.5248491683 21.4342677052
13.0460094502 5.7066333996 22.3001442446
12.8641775167 5.8127429452 23.1067307011
13.0239531489 6.0525222517 24.2052783674
12.7631159725 6.0947647305 25.3996647715
12.5626730616 6.0889260469 26.4780972128
12.7368186014 6.2447466477 27.4108891720
13.0920328320 6.4869319870 27.1375552086
12.6285201168 6.2611795258 28.1695227428
12.5798003782 6.2899080744 29.1275713545
12.5562493814 6.3116272016 30.1169180363
12.4966813494 6.3328582700 31.1009194290
12.3365857832 6.3648137271 32.0098160617
13.2017044865 7.4337201760 10.7967005688
13.5816384244 6.7986528376 11.3261098735
13.1507546911 6.6401813031 27.9294146593
13.1247529745 6.6940689004 28.8332426665
13.1305869431 6.7394836191 29.7689440113
13.1249987005 6.7775006175 30.7607526140
13.0097066561 6.8056440216 31.7658497057
12.6963855238 6.8359668647 32.7190781323
12.5101741410 7.1046592558 33.4304492634
12.3997634915 7.3769743520 33.7618183606
12.6696215709 7.8448439308 33.6337681517
13.0182835702 8.5816915504 9.9658771943
13.3339531137 8.0731626370 10.3735890157
12.6367590362 8.6101607543 33.5568051889
13.0958404929 9.2254937655 9.5636212112
12.5232235222 9.3098210280 33.3342955919
12.9616833446 8.8043957977 33.2905819702
13.1369820343 9.1170128517 33.0010126928
13.0906705075 10.2071866689 8.9357468570
13.5268611402 9.7909969109 9.3193016439
12.7429083506 9.8478668411 32.8665409252
13.3173624301 9.5852337103 32.5969466795
13.0238230169 10.4080329193 32.2957284303
12.8382502002 11.5093515338 8.0968651601
13.1656703052 10.9220956474 8.5386877566
12.9342175352 11.3991545786 31.7922402788
13.0398823215 12.3064181172 7.6610561220
13.6196515001 11.7233515503 8.1998764937
12.7232319867 12.0709932077 31.5735425263
13.0865761845 11.8794243728 31.4692215317
12.9944840258 12.5462800461 31.1367835410
12.8271474045 13.3093062327 6.6840784079
13.1778845493 12.9688928272 7.1640353215
12.8471172167 13.6160021899 30.8072198370
12.6783210653 14.3736156494 4.5745435709
12.9856277080 14.5194612446 4.1406706474
13.2993438485 14.3225496785 4.7811805104
13.4461688372 14.1008460477 5.5440589973
13.2906687290 13.7525814589 6.2261112859
12.9453777739 14.3278901096 30.6046790629
13.4141888345 13.9084483899 30.3087644994
13.3392673166 14.6367972441 30.3067974306
13.2817888866 15.5102657090 1.5062537291
13.5615875284 15.3181979250 1.7776043598
13.3729467917 15.1427262239 2.3883179560
13.1132753622 14.8588700429 3.3858615077
12.8610371289 15.0786563757 30.5755717572
13.4816001635 15.4661870582 30.1235947212
13.0049611743 15.8042181758 1.5344916799
13.2744818456 16.1768415665 1.7818244301
12.9201667558 15.8752970585 30.5000439004
12.5966445824 16.6918817689 30.5852653909
12.9143601036 16.6832196507 2.1860538647
13.4007828752 17.1801203458 2.6414231890
12.5799230338 17.5403265414 30.4265216355
12.9553388410 17.7699953202 3.1099908819
13.4409909669 18.2915126057 3.6099431962
12.6254191619 18.6005036875 29.6602393043
13.1228883957 18.0684687586 29.6199586856
13.2018037735 18.4258948337 29.1666428889
12.5219253131 18.1107522959 30.1894547231
12.9594044695 17.8202975615 29.9923815896
12.9778708115 18.8312888133 4.1052306225
13.4795928122 19.2959929783 4.6444263086
13.3463665841 19.8940711651 25.5126295160
13.5001044701 19.4175502657 25.2075551787
13.4106492874 20.0538265345 24.9114222324
13.4651364397 19.4242828033 25.7415364394
12.8100721276 19.2279174782 28.8713346223
13.2499061211 18.8612959341 28.6814876651
13.1963136650 19.4055390199 28.1149172613
12.9966011189 19.8332363056 5.1621417459
13.4141510846 20.2770998848 5.7414836959
13.1297316575 20.6993500119 25.5274131409
13.2903795680 20.7261997860 24.7031628809
13.3152905962 19.9865536780 26.0583745290
12.4440837476 20.3672211687 28.2709371682
12.9621760133 20.2800946681 27.5970637644
12.9319279086 20.8105730550 6.1968306892
13.3426422710 21.1708182471 6.7339388219
13.0521763804 21.5018706972 24.6611610681
13.3134360014 21.0199147643 24.3343779877
13.3382345835 21.4546351713 23.9258887054
12.7177443354 21.8322585746 25.5275889809
13.1396503605 20.5134224096 26.3290766678
12.8532508560 21.1835365446 26.3378869825
12.5997144444 21.1627746970 27.2554855786
13.0564663610 20.5306780649 26.9348128325
13.0044171743 21.7263999806 7.3110428340
13.1424287749 22.1721681122 7.9379891492
13.0522968864 22.3510268083 23.7752805920
13.3558247127 21.9246017943 23.4998608432
13.3769719630 22.3921410505 23.0444719940
12.6332122692 22.5705535337 24.7819063950
12.3974243284 22.2729944709 26.2691237049
12.7606545132 22.7970388787 8.2901379699
13.1978173385 23.3364754124 8.8426021591
13.4484372747 24.0455173433 12.1265472381
13.5869035744 23.5667121526 11.8742832755
13.4202977866 24.1171566244 11.6455066607
13.6352412559 23.6244300887 12.3250364611
13.0901470955 23.2561288432 22.8654065423
13.3989805098 22.8574483862 22.5737459147
13.4522191981 23.3089071544 22.1083516930
12.6380788170 23.4052791603 23.7494479346
12.3333419101 23.1513807749 25.3811433565
12.0517806849 23.3440629010 26.1800912752
13.3494278236 23.9924907739 9.1711421138
13.2611555449 24.8281089767 12.0155653037
13.1995560044 24.7603996719 11.4051112950
13.5622165805 24.3137705088 12.5670715616
13.1557146776 24.2163654094 22.1127069146
13.5592355788 23.9107721776 21.5383903474
13.4691234801 24.5561517838 21.4550567528
12.7107750911 24.1846923247 22.9380510306
12.0790211705 23.8938295824 25.6578713557
12.9395269184 24.4734249554 9.3720552993
12.5224211239 25.7557704063 10.4266842606
12.9680581652 24.8408626670 9.9539196816
12.8203543563 25.8189524448 11.3399838878
13.1118203176 24.9274707174 10.7954232287
13.1419470484 25.7364585774 12.1626136426
13.4758283669 25.2442976916 12.6588647838
13.2041728431 25.0157632460 21.7599179297
13.1105901041 25.8159594803 21.7411149651
12.7517643637 25.1492486806 22.4038260939
12.2623929027 26.6540775070 10.6202461770
12.9273646570 26.6684987872 12.0125704923
13.3908183798 26.2272644486 12.6789645977
12.5594684065 26.1422079831 22.3107052771
12.8437595858 26.8618984856 21.7390896792
12.0661988477 27.3497261036 10.4949592881
12.8926786192 27.7641154441 12.0795870203
13.3313558550 27.2510275830 12.6668970998
12.7105169132 27.7978005795 21.5030902940
12.8967769548 28.8923479566 11.9563871294
13.3269690493 28.3044791173 12.6532679086
12.6388304631 28.4050219188 21.2804444006
13.0798884470 28.1536232778 21.1078419080
12.8783858211 28.8635292326 20.8726203184
12.1999599370 30.0301451939 10.6150622897
12.7119364717 29.9813669848 11.3100065130
13.1010853936 29.8236431560 12.1212400316
13.3785794826 29.3206196150 12.6554481921
12.8334960173 29.5656112974 20.5589249276
12.3958768969 30.8211244576 10.6803702177
12.8060769956 30.8351535151 11.0853243191
12.9896338448 30.7758606805 11.4360708068
13.1131272571 31.3518946865 11.6276114016
13.1546268628 30.7181390368 11.9929008000
13.4452076701 30.2904251068 12.6597458470
13.1695486435 29.9327514967 20.2589075331
12.9789465218 30.7828061966 20.0486273708
12.2114683128 31.5867471864 10.5835660877
12.6679777989 31.5569923590 10.9358427506
13.2481039211 31.7196900084 12.1237101908
13.1125040754 32.0884249432 11.6934915456
13.4865618713 31.2749860977 12.6571909784
13.0816902084 31.8347954338 19.8473593956
12.7067762889 32.3322390429 11.1462973907
13.1547189427 32.6829682986 12.0914155960
12.9910172248 32.6744277809 11.6553133018
13.4826134632 32.2772838199 12.6504557378
13.1734618083 32.8507612873 19.7980380587
12.7982425926 32.7835079797 11.4103942353
12.7427494744 33.3688021692 11.7898624025
13.0960470109 33.3383791340 12.1966407327
13.3937082838 33.2096291043 12.5913402383
13.3291759082 33.8915335143 19.8568509015
13.0847720650 33.9720313664 12.3939663637
12.8764984308 34.5561253679 12.4140399107
13.6358054370 34.9340954280 20.0156450705
12.6370564519 35.5037299512 25.5240135980
12.7742565669 35.1653015973 25.8441615842
12.6131570687 35.0789821357 26.0860105475
12.6917143879 35.3183040222 26.1822272631
12.6416669658 34.9842731241 12.5353127677
12.9212421145 35.3793262038 12.9270390152
12.9195439010 35.5471078028 20.3134231877
13.2838843848 36.3442533127 20.6177093291
12.8268971664 36.0722626463 25.1234853192
12.7085898828 35.6525170067 26.0851499516
12.7827773908 35.9519368400 13.3039354524
13.4352109749 36.2107852093 13.7761863168
13.4733065243 37.1764195952 21.0788563836
12.6472585814 36.9466207887 24.1314680787
12.7797307082 36.5380934535 24.6762102602
12.6855533045 36.4259969653 24.9481721744
12.7063537202 36.3273250432 25.2340501059
12.4020681021 36.5152814975 25.2130493558
12.5756528975 36.9208258862 24.7619197172
12.8262453547 35.8843982074 25.7770910849
12.5812430438 37.3416653673 14.3280600002
13.4002855792 37.0731757418 14.3143850947
13.1146167509 37.4630678906 21.6845696999
12.9253783982 37.5586174909 22.4966829758
12.7674544550 37.2924118543 23.4052971935
12.5351832642 37.6557030312 24.3186379662
12.8850589649 37.7704800082 14.7240820311
13.1976527556 38.3522218379 15.2428744860
13.2893412700 38.8075171347 15.6419947975
12.7597683589 38.1859404417 23.8796210548
12.5863660575 38.8069819439 23.6095932986
13.1661754192 39.2864159088 16.1468718400
13.5862019540 39.8744232604 16.7127293737
12.6443107042 39.4300938692 23.3538594317
12.9298237636 39.2087091432 23.3051864614
12.9953929522 39.7953848789 22.9449431855
13.0637028176 40.3360067352 17.2756117483
13.5571849105 40.8490801780 17.7857693086
12.9281872260 40.5889150117 22.5751811769
13.0254733567 41.3198505743 18.3513607739
13.5161106084 41.8036380490 18.8614582221
13.2063514738 41.0212405698 22.2497181438
13.0493395168 41.7420884497 21.9826674853
12.9701259244 42.2528506496 19.3967977153
13.4434410626 42.6491509181 19.8632934338
13.2331463233 42.4770223942 21.7726906100
12.9407689853 42.9702544692 20.2275888043
13.3875008648 43.0684789558 20.4617487348
13.4389694961 42.8035164802 21.7023479936
13.7231849395 2.6793662233 13.4087884970
14.2345456287 2.5672711144 13.7380923940
14.0695752813 2.3068952720 14.2269365487
14.4821693442 2.4487491561 14.7624666695
13.7480552418 3.3216018167 13.0987677012
14.2813401701 2.9685448561 13.4313528181
14.0897168467 2.6729837284 15.3019333299
14.6353366538 3.0905305013 15.8856879295
14.3231942321 4.1519407457 12.9826013063
14.2652825957 3.4174533034 16.5283742013
13.9266171139 3.7559921278 17.1939132140
14.5693319928 4.1393013508 17.8876912476
13.8263059431 5.4518762203 12.2215356713
14.1762639291 4.9727619924 12.6020064660
14.2821668604 4.4530191759 18.6105072612
13.9477404890 4.7525594094 19.2931872997
14.5040433301 5.0333555438 19.9944003751
14.0789341326 6.2170909901 11.9273687646
14.3451320164 5.6543389088 12.3465721693
14.2550676971 5.2765450946 20.5906833060
14.0970776801 5.5596365667 21.3339681956
13.8373101340 5.7677633123 22.0837336260
13.8252355671 6.1249476924 23.1694676867
13.8127055160 6.5922604862 24.4524350122
14.2838938085 6.8240835678 23.8593043785
13.4573641256 6.5641826916 25.3829406566
13.2356120424 6.5419343979 26.3779494330
14.1012214511 7.4059706519 11.1165458669
14.2627151525 6.9369298271 11.4982840554
14.1702958899 7.0962446001 24.6024284486
14.4303665591 7.4152749109 24.3035672856
13.9819918350 7.2208806093 25.3963537439
13.7355356411 7.1572743975 26.3490557193
13.5517099045 7.0905482126 27.3999692147
13.5534007667 7.2023497547 28.5212434809
13.5058068958 7.1519524756 29.3567695684
13.6617921000 7.3674749626 30.2595595263
13.5877229171 7.3273329609 31.3453014414
13.4117134427 7.4719616137 32.3606532434
13.0019551422 7.4550557568 33.1121594387
13.7757162094 8.5254510734 10.2279937963
14.0593241489 8.1038392428 10.6685173866
14.3109696707 7.6751458776 25.0102110078
14.2314080612 7.8704363052 25.6785084804
14.3077946971 8.3239318426 26.1864983748
14.0905018381 7.8087952657 26.2839501212
13.9764936747 7.8320720060 27.1782890976
13.9219886489 7.8569609244 28.2082277809
13.9056718843 7.8049863253 29.3233685653
14.0617973004 8.0130361743 30.1907889137
14.0128567100 7.8915582136 30.9505644246
13.9248325370 7.8731294294 31.7809950447
13.7986174243 8.0577572415 32.3908742420
13.8451424743 8.4793856131 32.5012347946
13.3081858154 8.2741118525 33.0103522986
14.0411885009 9.2665565242 9.9142450392
14.2853568339 8.7321216033 10.3644504487
14.2560545535 8.4674716582 26.9189569692
14.2113997671 8.5762625598 27.8715145821
14.2032772455 8.5842584268 28.9109395271
14.2114150751 8.4501672142 29.7641324736
13.6337566931 8.9694165941 32.6073933274
13.9915757933 8.8709914593 32.1763669188
13.7826001656 9.6322144860 32.0267995220
13.9436718005 10.5252709578 9.0298156344
14.2030031940 10.0063058845 9.4588273276
14.4170761385 10.5109807449 28.5423809258
14.4344230646 10.1601117458 28.3196217962
14.4432073305 10.5845532690 28.1487870841
14.4252754889 10.2349866389 28.7535539464
13.6378957313 10.6485874346 31.6273230469
14.1290849124 11.3427169571 8.6581164126
14.5433684443 11.1801120886 24.4523140324
14.5956893237 11.0054746216 24.2822864951
14.5768904312 11.2825417188 24.3002104867
14.5700491160 11.0545695976 24.5853078727
14.4155929220 10.8193409015 28.5327069815
14.4347301478 11.0542098556 28.3050200500
14.4206171715 10.6953382034 28.8892780589
13.5402818389 11.5780398343 31.2317339296
13.9972314461 10.9239695658 31.0388678993
14.0056334094 11.4885847983 30.7080281172
14.0795128944 12.4036637786 8.0037239156
14.3031252022 11.9520308236 8.3761400128
14.5512502234 11.3316366948 24.6032318643
14.4178608363 11.1053879790 28.7167488926
13.7743475977 12.3028025205 30.5220759530
14.1440094886 11.7668218323 30.2277515273
14.1090374259 12.3507712163 29.8522659747
13.4907156714 13.3643247078 6.8872476215
13.9417844669 13.0953615039 7.4795432524
14.1688401320 13.8030262597 25.8324465042
14.3463850593 13.1143091004 25.3182282990
14.2935976556 13.6361668713 24.9761552795
14.1740003529 13.5378588796 26.8284746670
14.3151281655 12.9189562933 26.1166752192
14.2006005183 13.2964499776 27.6306678022
14.3098864091 12.7191808820 27.0609409738
14.1656213523 13.4638412828 28.5121195276
14.2927390946 12.6101560956 28.0430554728
13.9357346134 13.3594002347 29.6941800179
14.2194591774 12.5477668608 29.0583949721
13.4192130415 13.1239533165 30.5205198967
13.4604906754 14.5706813958 4.1489235175
13.8396100522 14.5674050093 4.6239018317
13.9406646107 14.4183129404 5.3276213570
13.9987457177 14.1642255784 6.1336832985
14.0536747311 13.7710049516 6.8807810422
14.1484397310 14.5156583929 25.0539466377
14.3612596317 13.9153094136 24.3683316985
14.3147160582 14.7273157188 24.0674253224
14.0335113334 14.6646723481 25.9121231283
14.0662476794 14.4177992566 26.6527613074
14.1410180594 14.1458154074 27.6324533326
14.1942747026 14.2545078033 28.4084088666
14.1548280770 14.0414839872 29.0264934715
14.0648346134 14.0810594524 29.4567313815
13.8590472201 14.5469776352 29.7732886497
13.7089637276 15.5077602862 1.5616230817
13.9359900514 15.4457764154 1.7971577369
13.9508382428 15.3415860320 2.2659344230
13.9334509162 15.1743304520 3.1093377852
13.9234650699 14.8735652929 4.0154390230
14.0745211092 15.6483053325 24.6903502320
14.2645869087 15.5480983479 23.8049819364
13.9905620369 15.4040883377 25.6376554985
14.0052219895 15.2994242426 26.4548729148
14.1045376532 15.1335419571 27.2858559628
14.2101651912 14.9371554245 28.0872515232
13.9618378527 15.5050889700 29.5980506215
13.5546663630 15.7788357791 1.5547905644
13.8191143929 16.0739249078 1.8382609768
14.1082288296 16.5111940774 23.9558930312
14.3665784975 15.9429165844 23.2519325799
14.3242748871 16.7925790886 22.9938475075
13.9499651275 16.6538341157 24.8610409485
13.9447708496 16.3444931708 25.5690566665
13.9734058809 16.0416828888 26.2342550970
14.0883797565 16.1295993280 27.0341621638
14.2193515186 15.8026066916 27.8252856329
13.2895404764 16.4774267912 30.1542204594
13.8028102131 16.3146539328 29.6464882756
13.7091282436 16.5569386052 2.1965404175
14.2769773580 16.9890860515 2.7951575640
14.0410962877 17.6876586611 23.5599621840
14.2726597824 17.6354673742 22.7050628840
13.8909958964 17.4958133783 24.5983121017
13.8687287934 17.3679198815 25.5719361595
13.9890148680 16.9647085923 26.4955182352
14.1459502772 16.9097912172 27.2486298161
14.2241144307 16.5156690776 27.6457628278
13.5077103289 17.4507564458 29.5211097061
13.9957023382 16.9195832271 29.1490023469
13.9415573242 17.5484106854 28.8403083396
13.0533282874 17.1831245037 30.2019662705
13.8769139914 17.7054808042 3.1616403568
14.2772079239 18.2101716102 3.6811843908
14.1269088896 18.6091520634 22.7170151107
14.3778927847 18.0373590786 22.1708192344
14.3498814780 18.6383986531 21.9275604618
13.9028783007 18.6740113300 23.6500122503
13.8215991232 18.3136538630 24.3182121278
13.6894744274 18.5819734040 25.3684058313
13.8457600645 18.1426815894 26.5816046752
14.0891098419 17.5600676581 27.2406765054
13.6439968321 18.3411410454 28.5299820585
14.0361019561 17.8284049232 28.3545709282
13.9488468676 18.2214002973 27.9436715059
13.8983794381 18.7590777235 4.1301362206
14.3183386917 19.1287805160 4.6583538099
14.2726474477 20.1297596013 10.3945914822
14.4729117753 19.4795073045 10.0264726845
14.3675887399 19.9131980245 9.6805625898
14.4644663857 19.5147860553 10.6130096289
14.2463365587 19.3509031595 21.9646884786
14.4843065524 19.0414027904 21.4093643207
14.4555402130 19.7700720323 21.2349901016
14.0907757395 19.3899157464 22.5560268145
13.9463181409 19.6405491334 23.2283766569
13.6829843911 19.2810950594 24.3968833131
13.5273003296 19.2804280871 26.4613463393
13.9825125610 18.1526722012 27.4288915015
13.6743899432 18.8057279182 27.4829770115
14.0101363975 19.6834560123 5.2812949440
14.1205096967 20.1231607431 5.9524766508
14.1858271903 20.6940708895 9.6625614791
14.3942480032 20.1298334148 9.1297339525
14.2500977128 20.7685653654 8.7799649122
14.1060564083 20.9522152163 10.5095327210
14.3543907599 19.9913497928 11.0545200936
14.1942575729 20.7498974287 11.2703856661
14.3879612811 20.2787562897 11.6220414441
14.2800202925 20.0355858796 21.7143198052
14.3854865853 20.4244358798 21.3055358622
14.1494309749 19.9983239284 22.3419467462
14.1043560333 20.4125286903 22.7750478537
13.9563177189 20.4144845214 23.3002566723
13.9034468435 20.8550795515 23.3367039513
13.6157884858 20.5199245530 23.9632715599
13.2915114238 20.0530368671 26.6333040056
13.3179853231 19.7692624197 27.2325159256
13.7459790673 20.6361644372 6.3324987685
13.9371486581 20.9154653715 6.8285750012
14.0134871843 21.4945523745 9.1470941368
14.0092424740 21.4099496697 8.4622021403
14.0294191239 21.7620137735 10.0796386298
14.0192581488 21.6896253661 11.1437161045
14.3172187081 20.8510222328 12.0007550941
14.1508662806 21.6469629029 12.1111669265
14.3888634917 21.2391890097 12.5395958367
14.3648922014 21.8737382640 20.6331134483
14.5033513836 21.3934202053 20.5215342258
14.5290227276 22.0071865937 20.1738864903
14.2590749926 20.5712556305 21.8638539026
14.3662558593 21.5914235486 20.8409833730
14.1877286748 20.5428196504 22.3305898206
13.9663272345 21.6295146357 22.6351646347
13.6796700990 21.5313690759 23.2414020319
14.0050929558 21.1714230326 22.9464128226
13.6961831532 21.3173433341 7.1814306785
13.6178396714 22.2465122342 8.6210760714
13.7481047600 21.5681823869 7.8194417696
13.9295125583 22.1518778619 9.3623830564
14.0173155408 22.4265396963 9.7534428094
14.0438069122 22.5028212083 10.2055199361
14.0083770067 23.0623206020 10.4322850178
13.9508342953 22.5044444176 10.8445520650
13.8666639433 22.7947806134 11.9332701648
14.3369757819 21.8319505925 12.8450139990
14.1609390918 22.5372780625 12.8188725129
14.4554914210 22.2915962810 13.3245697180
14.2446866545 22.4863479141 20.7123164445
14.4935835258 22.8361352254 20.0487586794
14.2731755191 21.9043017400 21.0479309477
13.7370684917 22.3974491281 22.3657336094
14.0509236820 21.8913446236 22.1621369445
14.0168067852 22.3442807746 21.7715859928
13.8439924408 22.8845044814 9.2838670831
13.7045763345 23.5510670690 9.1936009146
13.7313957639 23.4825202846 11.1283568779
13.9227972267 23.6191571349 10.4464663639
13.9407418586 23.5961331578 12.8969303061
14.3968142850 23.1269627538 13.5243939948
14.1822268569 23.2968432373 20.5719895243
14.4684842833 23.7694774789 20.0290565431
14.1268463077 22.3582711218 21.3007614133
13.8941159753 23.0724612921 21.3784745039
13.7820923243 23.8909774928 9.3798897659
13.5863964436 24.1915076091 10.5019704500
13.9149705638 23.9159970797 10.1120205086
13.6626974943 24.2654101287 9.9407005950
13.4222327595 24.2710440764 11.1172848776
13.8783258800 24.7105740923 13.1532815445
14.3276685776 24.1789549384 13.6634554425
13.9536484110 24.2859281375 20.8202250611
14.5630992295 24.8487056171 19.9601723148
13.5150292927 24.2813574135 9.5439402705
13.8357439749 25.7395649795 13.2233744475
14.2977217483 25.2347653825 13.7487843444
14.0814356927 25.4861775251 20.5887012258
14.5510211723 25.8894282651 20.0302862392
13.5751448230 25.2663887489 21.2174914050
13.8056179985 26.7623480237 13.2360356168
14.2836932817 26.2665084692 13.7746424735
14.1866699155 26.2500928126 20.4698905117
14.1075059944 26.7523565421 20.5345824271
13.6611180722 26.3933835791 21.0205247130
13.7934488069 27.7910209471 13.2328225802
14.2775252252 27.2907087125 13.7778969746
13.9048181439 27.2659864068 20.6433394937
14.2208077631 27.1145847431 20.3602361539
14.3188414133 27.6856689120 20.1122197563
13.3401045134 27.4521440615 21.1287094914
13.8036920694 28.8143537461 13.2292431475
14.2782989413 28.3115278370 13.7745708367
13.6289260433 28.2065326069 20.6164308770
14.1721672357 28.7826002913 19.9825317851
13.8288337773 29.8213555926 13.2282969841
14.2860368240 29.3264101037 13.7705245188
13.4677987912 29.2138082735 20.3702818558
13.9059590772 29.9221132036 19.8819731850
12.9764951054 31.2236841778 11.2535351722
13.8542084202 30.8251682808 13.2254663448
14.2991812898 30.3388898430 13.7671596465
13.9126149234 31.0447782995 19.6964717898
12.9901946158 31.8007455422 11.3184118637
13.8690727211 31.8448575613 13.2132433450
14.3162269492 31.3596070219 13.7599248044
13.9728895747 32.0669259347 19.6228171512
12.9771406252 32.3468413336 11.4153573965
13.8558595564 32.8883782552 13.1763224674
14.3408606068 32.4032300484 13.7453352287
14.0921432906 33.0849266356 19.6243459344
13.7215536378 33.9762291952 13.0808495802
14.3879774724 33.5482480798 13.7569722596
14.3393865709 34.1572991010 19.6817724530
13.2457569450 34.7678211289 12.8184339812
13.7898900556 34.8429553349 13.3133883343
14.1962061452 34.4724103355 13.6192304750
14.3434215428 34.9191283582 19.8348143278
12.9288910504 35.4867188500 25.6658400372
12.8778955476 35.2184631643 25.9994167850
13.4320444304 35.4616694131 13.3039500784
14.1983106401 35.4205244195 13.8641698624
13.6535257474 35.7244006819 20.2758931730
14.4196193214 35.7317856797 19.9881699318
12.9488959900 35.9671705949 25.4108170049
12.9263038398 35.5308782865 25.9308600450
14.1440413054 36.4025138770 14.2195877479
13.9765896345 36.2400928731 20.3662072478
14.0068829378 36.9189092331 20.6240158846
12.8962658930 36.7856521678 24.4730662529
14.3972166825 37.0340070656 14.7099723957
13.7520038956 37.7487817760 14.8671292674
14.4844328708 37.7179345771 15.1271036954
13.6856345050 37.7519860223 21.5133603695
14.1468977107 37.8037582428 21.0060034603
13.5621659048 38.0889181931 22.2581674415
13.1393077880 37.6578904738 23.3143980389
12.9490174715 37.6437057637 24.0219711712
14.0766404273 38.3583067133 15.3615799898
13.6177325667 38.6252425956 15.4668027647
14.0367920522 38.2736036814 21.5722219208
14.3397374548 38.5284497278 21.2458428121
14.0812516254 38.6813896041 21.9022065978
13.8494801582 38.7085287111 22.4007959852
13.8776264932 39.0763590010 22.4917877786
13.3011108625 38.6815849788 23.1168793945
13.8487325638 38.9186973488 15.7535773786
14.2236516207 39.4880534449 16.2539884612
14.3317981733 39.9579039727 16.6700813937
14.2467788140 38.7036263003 21.5459751043
14.0930407524 40.0275488070 21.9381483411
13.6987138532 39.5718428943 22.5334094251
14.0947980967 39.3933125351 22.1355532190
14.1382685651 40.3905685159 17.1780212743
14.5175646354 40.9110306954 17.7230661671
13.5046255274 40.3739848888 22.3724748184
13.8928313406 41.0656864407 21.8136329053
14.0539801194 41.3396817687 18.2944926582
14.5236299572 41.7804766352 18.8163585501
13.8856571492 42.0674376727 21.6027175019
13.9788219399 42.2270314780 19.3749354148
14.3656003791 42.5161489636 19.9000034441
13.8808290853 42.6970429951 21.5459973370
13.8572547327 42.8775071669 20.3067062973
14.1476222931 42.8766859445 20.7551008254
13.8667685309 42.9032003835 21.5606959260
14.8497296215 2.6282863986 14.0949820399
14.8095022252 2.4377921010 14.4215978656
15.1088971304 2.6038082912 14.7164186516
14.6275190503 3.5581015819 13.3417509787
14.8632773880 3.0750681644 13.7221875841
15.0621971691 2.8392585015 15.2435904199
15.4509056798 3.2855710820 15.8926895228
14.9528906443 4.1925600111 13.2772597235
15.3574357812 3.8983850656 13.7064875441
15.1539111021 3.5395850867 16.5192677394
14.8561125889 3.8323996954 17.1911561552
15.4030407446 4.2684890234 17.8719977945
14.9038554072 4.8255677022 13.0439168149
15.3666748392 4.6158529604 13.4407281458
15.1988713438 4.5480036665 18.6256447322
14.9840508718 4.8404419171 19.4735269033
15.1525450028 5.0907330226 20.1921713477
14.6018740987 5.9990446798 12.3318533217
14.9017792668 5.6764668718 12.7340520941
14.8874213979 5.2243422389 20.5236997443
14.8881926581 5.4859160470 21.1005564784
14.8388319723 6.0592960021 22.0405696937
14.5920226883 6.6080868593 23.0631817237
15.0755660066 6.8810565347 22.6065706094
14.6152598784 7.3671578397 11.4343791516
14.7641616488 7.0105452763 11.8795960873
14.9331550676 6.4723220963 12.4071466205
14.7621488300 7.4859131965 23.4964219524
15.1513561373 7.5319086668 22.7256592419
14.6923115398 7.9439381315 11.2098717971
15.0061239878 7.6479002449 11.7185846123
15.0476866605 8.3537614325 22.9821336996
15.3325973412 7.9211398452 22.3537206850
15.3419384188 8.6592281352 22.1852848718
14.7988709043 8.4991946656 23.8311713829
14.5881076019 8.2492039534 24.5949564628
14.4308289209 8.3899292035 25.5711847569
14.2719895759 8.6012320024 30.6161712987
14.1806206389 8.3257764727 31.3952156850
14.0786154603 8.4011895975 32.0033763033
14.5449822504 9.0712849790 10.3489277323
14.7806558046 8.7791553491 10.8393621067
15.0680505166 9.3876481085 22.7702752729
15.3311318095 9.6117754019 21.9648530485
14.8579471627 9.3143687049 23.6252911550
14.7044951209 9.3009539133 24.5447421952
14.5897002729 9.2165136376 25.5203871924
14.4570675538 9.0820506389 26.5317424923
14.3849882268 9.1248754988 27.4830371972
14.3942747800 9.5200639843 28.5191056191
14.3799600578 9.2501067417 29.7534141693
14.3651146489 9.3681668387 30.6724373149
14.2054990026 9.0136514030 31.4677969192
14.5607556650 10.4651527649 9.3885802438
14.7174651073 10.0904903132 9.8536391222
14.8530741721 9.5670410109 10.4340774127
15.0297533936 10.4622482481 22.6202407021
15.3067735998 10.4285524961 21.7905730709
14.8613111331 10.1100488009 23.3946971811
14.6855387853 10.4170253956 24.3428480085
14.6347929132 10.2377503004 25.4232041492
14.5661895002 10.0913808500 26.5077789025
14.4753386106 9.9351004158 27.5843902108
14.4257970500 10.2535784659 29.4111919537
14.3971216899 9.9703536842 30.2722565345
14.1747809243 10.0560999133 31.0982029828
14.6737679132 11.0791278470 9.1767068255
14.9710599509 10.7438989463 9.6861089952
15.1467974575 11.3374047369 22.0159934411
15.4623716658 10.8525404831 21.3284769887
15.4560751274 11.6915254976 21.2032648218
14.8874783356 11.4203315076 22.8819462911
14.7272064009 11.0654121123 23.7125508603
14.5709680561 11.2986833632 25.1857827265
14.5542395414 11.0956420797 26.3993903219
14.4930363103 10.9235372730 27.5557460385
14.4039570714 11.0960647608 29.2548779554
14.2904856086 10.9203466490 30.2457435633
14.6383692408 12.3961731723 8.3533232943
14.8288049309 11.9534231927 8.8580603707
15.1318991184 12.4013974392 21.8497786642
15.4441188410 12.7045919185 21.1002020865
14.8957584243 12.2011573269 22.6609535288
14.7143631111 12.0505919443 23.5383073185
14.5849435153 11.7719982510 24.4301442715
14.4714850331 12.3513147922 25.2933772974
14.4578506591 12.0516877014 26.2606174498
14.4362250111 11.8673669538 27.3331780372
14.3939744908 11.6559314453 28.5057659231
14.2989052296 11.7476119933 29.5650270434
14.6750815746 13.0060288694 8.1151638934
15.0179923123 12.7156725440 8.6381889464
15.1113358175 13.4003605083 21.7544689063
15.4309255205 13.7222518657 21.0321085365
14.8640457071 13.1359377265 22.5552649458
14.7111203999 12.8423443982 23.2934820366
14.5095997809 12.9400628291 24.3339201146
14.3940506633 14.9617234207 4.9885594834
14.4815857261 14.7264902543 5.9977346388
14.5927659810 14.4336253023 6.8501847454
14.7594365606 13.9082115410 7.7127885612
15.0896116171 14.3746187722 21.6717645820
15.4072115302 14.7524179854 20.9718482438
14.8233457284 14.1190372470 22.4527728599
14.5851581732 13.8177983468 23.4463174092
14.2358257580 14.7200263812 28.7680485954
14.1484467452 14.4816309914 29.2624203833
13.9806673454 15.7299364247 1.7672570621
14.1837625880 15.6300468331 2.1240699914
14.4374842769 15.7313594347 2.8827808654
14.5716996775 15.4729274027 4.0252993522
14.9042609492 15.6494427835 5.0982671406
14.8530121329 15.3889210785 5.8950971402
14.9301158685 15.1862393275 6.7413824798
15.0861715998 14.9142832941 7.5774415620
15.2632675488 15.8832496602 12.3315556749
15.4157807093 15.1744429274 11.8964128775
15.3200466001 15.6965675987 11.5637704289
15.3569306241 15.6985882769 13.0090577846
15.4417366658 15.0957289070 12.6145235777
15.5030707431 15.2583486486 13.2818891515
15.0386375370 15.3485867220 21.6253964919
15.3472218897 15.7615164137 20.9223348166
14.8190569384 14.9567797171 22.2501408454
14.5392702607 15.0047720551 23.0967099279
14.2686060784 15.5311858778 28.5500734812
14.1717255284 15.1402575109 29.1949177161
14.2428133179 16.1543272745 2.3081233061
14.7372233170 16.4975952290 3.0427098738
14.9564951891 16.2052463617 3.7174075236
15.0993387960 16.1115950860 4.5863182613
15.1937505645 16.1683929698 5.2844558697
15.3207687739 16.5187397387 5.7642757448
15.1407350374 16.0218133458 5.8566119364
15.1557524191 15.8940369222 6.6020155943
15.2504658130 15.7447371591 7.3911254727
15.1432680472 16.6272875730 11.5613807165
15.3322884163 15.9171597761 10.9693341038
15.2434702762 16.5125564974 10.6307523147
15.1432754028 16.6986710866 12.4424512826
15.2790444461 16.3869800856 13.0264868859
15.4937550483 15.9555027023 13.5804790804
14.9754827058 16.3657807996 21.5112971296
15.2952593874 16.6967499826 20.7845415304
14.6563435910 15.9339929094 22.4065367007
14.2750885232 16.3999396090 28.2489285215
14.1687445478 16.1376893086 29.0247582652
14.8603754484 17.1260207848 3.2600756987
15.3272029582 16.5429423293 6.4556091218
15.3402789315 16.3725904731 7.1384020856
15.1003486073 17.7157348834 9.6109940001
15.3118769126 17.1421401290 9.0972084086
15.2338826849 17.7892118614 8.7264697586
15.0353799337 17.4659912852 10.6863542811
15.2735544799 16.8151088018 9.8457537788
14.9796887383 17.6128671089 11.5858374242
15.0584240928 17.4331930290 12.2522884260
15.2181600022 17.2613247130 12.9817872794
15.4834644074 16.8879776232 13.6593566905
14.9678308363 17.3343843257 21.1852831326
15.2699509590 17.4396975556 20.5798096128
14.5918960831 17.1752085264 22.0670734485
14.2287960293 17.0940116506 27.8041686533
14.1843601717 17.1236677464 28.4976318616
14.6141813399 17.6374844160 3.3594831937
14.8330811268 18.0900923452 3.8360081356
14.9697478187 18.4991371066 9.0869606522
15.1517887309 18.3985140809 8.3414638477
14.7517262008 18.7149225126 10.2467334635
14.8557704535 18.4406649773 11.3984731261
14.9653696629 18.1986902573 12.1022557625
15.1529836703 18.2722952634 12.8688574583
15.4529959558 17.8874736861 13.6005631899
15.0704447130 18.1449639289 20.6531709039
15.4145402746 17.9158867694 20.1316383560
15.3212528346 18.7086706934 19.9544553554
14.6530724839 18.2232742146 21.4287217713
14.1378977935 17.7211038371 27.8844706152
14.6272141460 18.5970885985 4.2049574802
14.8530958170 18.8800985220 4.6932521387
14.8694386376 19.5802726817 7.4306402328
15.1863802739 18.9588978979 6.9064643414
14.9580853788 19.4606611809 6.5759375108
14.9155801617 19.1001008246 8.3482664863
15.1811572943 18.6955569588 7.6293196131
14.6290519264 19.3811030773 9.2556808608
14.6009523234 19.4959145331 11.3906302551
14.9324779402 19.2710176024 12.4815393897
15.2234414762 19.1078127055 13.1971159554
15.4064354949 18.6964807945 13.5459995668
14.8467310926 19.2564967564 20.5939350986
15.2319759218 19.4852939225 19.7619815345
14.6745258136 19.2758648079 5.1123150114
14.4393931722 20.2430185666 6.7046303049
14.7205144185 19.5402187492 5.8227738088
14.5103480896 20.3701912589 7.5468830642
14.5695353715 20.0350652130 8.3458515227
14.5957498276 20.4349083897 12.3754472177
15.1852087533 19.7276068146 13.3155372166
14.9947659270 20.4862578206 13.3146476112
15.2985105088 20.2138612628 13.8015538069
15.0367610774 20.1996034922 19.8294855461
15.3855206568 19.9766665563 19.2624981259
15.3041088262 20.7400052545 19.1032866474
14.6244440983 20.4962308579 20.6154227703
14.0739444054 20.7787916872 22.9812003291
14.1594940558 20.9333964913 7.3274765091
14.2521482436 20.8774771380 8.0281839985
14.6533241227 21.4638753058 13.2239365187
15.2569397736 20.7980203779 14.0309086092
15.0598139398 21.4519488054 13.9819275436
15.3558396149 21.3031774803 14.5304404708
14.8572784460 21.2484168432 19.7885306001
15.2182618273 21.6802350730 18.9640110737
14.3535601741 21.1815082259 21.2523955447
14.1694641546 21.1246835877 22.3094192606
14.0578899344 22.9564504435 9.8648972435
14.8251967361 22.4842720370 13.9989810527
15.2659498143 22.1452864683 14.7176279937
14.8463358609 22.2676181131 19.5197603122
15.1976027275 22.6467182188 18.8428834741
14.1902682837 21.8313662377 21.6434657091
13.9823455968 23.4700315926 9.5400465984
14.0536320127 23.4925486222 10.0100140221
14.7776626999 23.6709843519 14.2178167605
15.1827574733 23.2131746325 14.8341636857
14.8439278336 23.2139569074 19.4409483192
15.2029042908 23.6192926535 18.8461735550
13.9157388114 23.9223273852 9.7189264448
14.7525950836 24.7397582639 14.2977787868
15.1561389377 24.2864461869 14.9065998534
14.8888193437 24.1210189865 19.4339493128
15.2060283668 24.3902163747 18.9594528637
14.7452344938 25.7747885578 14.3242503846
15.1524744551 25.3179320680 14.9231318726
15.0117832448 24.8148181401 19.3477032398
14.9853376158 25.5467903433 19.4374108422
14.7458268579 26.7968000557 14.3280534327
15.1612419549 26.3277277181 14.9190568031
14.4744974982 26.7781531236 20.0980328258
14.9463972580 26.4533142584 19.5103334495
14.7491992983 27.8154006975 14.3217660754
15.1763165800 27.3388461283 14.9084455093
14.8729127115 27.3487747424 19.5421401847
15.2674437783 27.0078401882 19.0134993780
15.3058507134 27.8526096427 18.9280865611
14.7538056373 28.8270323414 14.3087002828
15.1884238139 28.3516988445 14.8790626273
14.8072505088 28.3118355515 19.4855156727
15.3211071702 28.8502885018 18.9117777159
14.7652249089 29.8307086364 14.2991764676
15.1955039954 29.3341630032 14.8351690152
14.7366170673 29.3610970709 19.4195531402
15.3862884350 29.9415562334 18.8747278394
14.7861576921 30.8415455003 14.2949907382
15.2334159762 30.3019293694 14.8351773815
14.6700614305 30.4006522627 19.3834526089
15.2105815163 30.8401953416 19.0429390684
14.8124242581 31.8646806654 14.2812683010
15.2807153347 31.3217528805 14.8387082235
14.6750857129 31.3777984630 19.3565845413
15.3398706713 31.6682145483 18.9856332381
14.8519928375 32.8660192262 14.2635223457
15.3042163311 32.3576010227 14.7955682973
14.7627322232 32.3506132874 19.3369371469
15.4574123554 32.6651492512 18.9739351606
14.9279876940 33.6668705983 14.2962185462
15.3164461993 33.3156468820 14.7390060256
14.9059434804 33.3430322929 19.3498795479
15.6117155181 33.7444275935 18.9687279935
14.7668181327 34.4932702256 14.1662506772
15.2424963288 34.0777048876 14.6228643022
15.0731927150 34.1469940057 19.3799917855
14.9369803140 34.9576500365 19.5783825358
14.8726374039 35.3032979266 14.3541804757
14.7033465344 35.9693320090 14.3844372157
15.1565589606 35.6739429849 14.6996874071
15.1635362135 35.8466948875 19.5971616471
14.5993351021 36.4804975896 14.5040972311
15.0552757177 36.3892088794 14.8610694476
14.4409236048 36.6096023922 20.2533298643
15.0598143427 36.7710615021 19.8400394408
14.9061546784 38.1424152533 15.5579227008
15.2204930479 37.2091174231 15.3891946683
15.4840740752 37.9320176968 15.8434020569
14.6257265679 37.4318025397 20.3917601905
15.2221855332 37.9411469391 19.9575261095
14.6329123646 38.8848105449 15.8441644215
15.4422030917 38.7123724393 16.0684801869
14.7466810538 38.5044655120 20.6729093559
15.3305824065 38.9370515442 20.0706383824
14.1192286733 39.0216865539 22.1050018003
15.1855891217 39.6272535616 16.3712575759
14.6935000139 39.8286466528 16.4882755825
15.0172063448 39.5029442427 20.6275305205
15.3952860463 39.5623110503 20.1448827848
14.4153537941 39.2211292710 21.4852238907
14.9231026196 40.2030251233 16.8066575602
14.8864058591 40.6199934385 17.2788808340
15.2252932166 40.9192890524 17.5936917235
15.4118137747 40.2198913421 20.2701911259
15.2027591983 41.1500542297 20.5955049985
14.6923547706 40.4183119063 21.1504347915
15.1081341991 41.3313619011 18.1756508812
15.4092246644 41.7216851665 18.7749384773
14.5740763264 41.5631291349 21.1919411871
15.0253742258 41.9623586638 20.7015512881
14.9106559025 42.0890947117 19.3561203623
15.1214164115 42.2090862427 19.9247667352
14.4547506957 42.4582658817 21.0708175632
14.8726850132 42.3902192553 20.6946991127
14.6228276712 42.5980189344 20.4656426138
14.1448581869 42.8453254605 21.2803464704
15.2535745536 2.6986815869 14.4278643485
15.4954021891 3.2359046464 14.2174551743
15.6254728288 3.0583592833 14.8542796716
15.7160150561 3.2052454925 15.4319576590
15.9658205246 3.5755809165 15.8835088687
15.8985319110 4.0220175400 14.2295228186
15.8507807177 3.8059663366 16.4882143346
15.6273984476 4.0250303318 17.1818273223
15.9645996339 4.4958935514 17.8148597334
15.4944125206 5.3797525947 13.3592343815
15.8901263708 4.8326083760 13.9687005717
15.8987791725 4.7678914092 18.5404939789
15.7778735283 4.9859518148 19.3823170804
15.7061578394 5.1773711379 20.2202034975
15.4020126752 5.2988599296 20.7165863800
15.8259224187 5.4036197144 20.8312505800
15.5284078034 5.6442515150 21.2440826204
15.9764160504 5.6964489659 21.0282028216
15.5805456840 6.4556331926 13.2076987526
16.0215173725 5.9061980943 13.9482137302
15.7851434360 6.2244175268 21.3923668673
15.4469209070 6.6729624866 21.9741474436
15.4001150123 7.5444995075 12.5575364108
15.8736100076 7.4778406316 13.6515965512
16.0953139676 6.8147519146 14.0462813141
15.8470219724 7.1430779740 21.4367884054
16.1552165899 6.6558862538 20.9087027887
16.1930908629 7.2549514253 20.7359372842
15.4421234887 7.3065946013 22.1602412641
15.2660289901 8.4912171548 11.7834935874
15.6074493751 8.6065876701 12.6911960648
15.7875338519 8.3927687666 13.4871010304
16.1458596110 7.4918061886 14.3405840486
16.0423425531 8.2970408881 14.4799191648
16.2168141858 8.5367850627 15.4041809627
16.2759874313 7.7984311758 14.9876173216
16.3755962153 8.0898787605 15.6502718940
16.0091156628 8.0766907104 20.8930823223
16.3277292804 7.6486708672 20.2252124928
16.2979762913 8.4655315327 20.0230033289
15.6201896999 7.9746764260 21.7407880526
15.3574292446 9.6851451869 11.3794401177
15.6163533487 9.4390187155 12.4496673585
15.7756132002 9.3426517330 13.4003994441
15.9136343839 9.2642948286 14.3383898097
16.0738855525 9.2543754687 15.2482136976
16.3485615897 8.6221368916 16.0059148783
16.2466987454 9.2263954044 16.0014808352
16.4072187057 9.0429690020 16.5005477887
15.9884395402 9.1433522225 20.6215098546
16.2708154337 9.4365688318 19.8630127708
15.6577507214 8.8938704419 21.4127893010
15.3074958481 10.6517327393 10.5416964221
15.5952093019 10.6836034466 11.5684167138
15.6807025785 10.4268635520 12.3599026943
15.7784508667 10.3003674638 13.3178231932
15.8706357418 10.2325044233 14.2739492261
15.9952237366 10.1700560552 15.1886474226
16.1694364925 10.0638383170 16.0121810322
16.3674538390 9.8273269693 16.7060424667
15.9999828834 9.9786694547 20.4091731247
16.2239750513 10.4013367820 19.8221503334
15.6478004651 9.9664735502 21.1468369107
15.2504078389 11.5844772792 9.7594892508
15.5539366641 11.6785990266 10.6416504884
15.6508037325 11.4805702751 11.4144218134
15.7393064007 11.3808309240 12.3372310060
15.7959666569 11.2854315828 13.2771672542
15.8626000857 11.2228146684 14.2339865299
15.9677352973 11.1532112867 15.1568268072
16.1310815284 11.0276484955 16.0105257436
16.3306236505 10.8071381623 16.7843691239
15.8286312093 10.9049002033 20.5948947055
16.1786768185 11.4167394749 19.8197392415
15.3648622831 12.7352295849 9.4023965945
15.5827871365 12.4806588275 10.3847925504
15.6931334775 12.3981857461 11.3173594303
15.7495503332 12.3290876650 12.2690844022
15.8008994868 12.2699013352 13.2373176251
15.8633571061 12.2175861152 14.1882788712
15.9641478052 12.1561096059 15.1107221180
16.1216879993 12.0318355277 15.9818673528
16.3163124737 11.8174114850 16.7916631008
15.8173079594 12.0357667125 20.4792158592
16.1654148729 12.4599518402 19.7801404883
15.2412861525 13.5576085991 8.7059051014
15.5397902302 13.6383703961 9.5358177101
15.6239497951 13.3820179307 10.2338477134
15.6761830057 13.2989941632 11.1387049982
15.7059861047 13.3144977990 12.1495337249
15.7665879373 13.2756526472 13.1701263914
15.8519545020 13.1922749109 14.1103844605
15.9656019860 13.1461392391 15.0061355403
16.1284429580 13.0522882173 15.8926786805
16.3192853439 12.8333344388 16.7401861517
15.8081690461 13.0798833662 20.4124913464
16.1582238156 13.4966233596 19.7303004771
15.3133674137 14.6000219671 8.4485214744
15.5270750983 14.3689876493 9.3128720761
15.6187776741 14.2212135531 10.1416667040
15.6401707822 14.0327437302 10.8756913849
15.5887205486 14.3125989683 11.8433755018
15.6429389008 14.3745822280 13.0460534051
15.8157121397 14.2020626195 14.0417373027
15.9471453761 13.9818156982 14.8017587669
16.1420950824 14.1507445662 15.6838617793
16.3372917558 13.8447163890 16.6063171703
15.7980369718 14.1303106215 20.3470519773
16.1509372835 14.5307480058 19.6440392147
15.3827837666 15.5554903781 8.2527978377
15.4981609437 15.2725029477 9.1700169326
15.5668582807 14.9398562575 9.9376609978
15.5111738629 15.0050909306 10.9381313317
15.7035798395 15.2068530104 13.9201763568
16.0192915134 15.1179305706 14.9638512127
16.2731265743 15.0816753931 15.8747431660
16.3673229933 14.6906232231 16.4204563976
15.7855115997 15.2755128152 20.2229927389
16.1507784826 15.3773763230 19.5257825071
15.1400863770 16.9278918821 3.6923797124
15.3037727549 16.7695987378 4.4021720606
15.3555324196 16.6711719449 5.1839771437
15.4111361956 16.3956305121 7.9001957720
15.4283157584 16.3095759327 8.9617141018
15.4368171522 15.8222765727 10.0773522487
15.8264783359 16.2854745891 14.3857464695
16.1608592098 16.1766333325 15.1765729881
16.2940794022 15.7385683722 15.6842981799
15.9753254404 16.2289825992 19.6646814066
16.2940005765 15.8376238928 19.0783184930
16.2695309202 16.6195550060 18.8923968303
15.6081041819 16.2083540381 20.3484004693
15.0834266725 17.6000273946 3.7607332385
15.3446615112 17.5140849812 4.3783388598
15.4592441668 17.3771252164 5.1448239245
15.4410725453 17.2006119237 6.0627164934
15.4183378532 17.1195623766 7.2367051180
15.3957848839 17.1194726576 8.3116182372
15.8060851194 17.4904960540 14.3122481777
16.1540967993 17.0710003393 15.0490021913
15.9904956022 17.1448151593 19.3555095217
16.2146157548 17.5516821766 18.7093815361
15.6244402101 17.1145223374 20.0507234234
15.1268153359 18.2739292694 4.4199085853
15.3802187737 18.1524806979 5.1492719694
15.4582473298 17.9501228651 5.8411570988
15.3821623680 18.1148221319 6.8113719166
15.3342966250 17.8905875551 7.8604392602
15.7616075930 18.6309120501 14.2840665881
16.1376203543 18.0979885033 14.9889307217
15.7965089788 18.1517900321 19.3397482917
16.1648578218 18.3331431116 18.5415683948
15.0906489193 18.8654273632 5.1899442528
15.2461560022 18.7640621121 6.0427026386
15.4744988444 19.5134355777 13.8919753857
15.8423527279 19.6444695045 14.7622335557
16.1202992346 19.0100165819 15.0977020168
15.9767669211 19.0594751120 18.5985970573
16.2690548222 18.7801553031 18.0568053658
16.1635239162 19.5039006588 17.8772372211
15.5841235787 19.2686856584 19.2301940673
15.5473937856 20.5113908820 14.5462396711
16.1057869114 19.6839117226 15.3961542507
15.9052339047 20.4869366043 15.5638638962
16.0528267500 20.5682216409 16.5429234518
16.2011245068 19.9139942974 16.0248204545
16.2490667605 20.0125421445 16.6478059816
15.7518322165 20.1444074822 18.4553123055
16.0662789501 20.2038360231 17.6302441742
15.6002323821 21.6015742515 15.3824054283
15.8185861351 21.4252542394 16.4452490621
16.1316329119 20.3587691418 17.1044023768
15.8461572687 21.0422385915 17.5154458903
15.5439960700 21.1411704206 18.4370267343
15.4969767476 22.8240915843 15.5520078097
15.6758259804 22.5145867784 16.3981484057
15.6920212100 22.2476813634 17.3300125597
15.5186861312 21.9886963976 18.1986013151
15.4619745445 23.9078397909 15.6100200581
15.6316092296 23.6118401120 16.4212222249
15.6389436688 23.3542288562 17.3041640329
15.4839187176 23.0321972253 18.1306882816
15.4625412533 24.9439084122 15.6114289406
15.6392203169 24.6663829373 16.4085030402
15.6543195750 24.4391289680 17.2863674967
15.4768777197 24.1944697011 18.2271154697
15.4784934331 25.9263739521 15.5714686514
15.6746906948 25.6870730633 16.3394107858
15.7151419898 25.4884029093 17.2005483124
15.5785080748 25.2707198447 18.0688161942
15.3105428361 25.0820304033 18.8351738686
15.5166592286 26.8962398309 15.5568295576
15.7018688981 26.5140561962 16.1705775267
15.8263505633 26.6914985498 17.0866711819
15.6783981924 26.1708971692 17.8934401371
15.3864691625 26.1247615908 18.7481759713
15.5591542890 27.9093719821 15.5261826651
15.8362142610 27.4631994841 16.3191980590
16.0153785992 27.5586789580 16.9947406489
15.9804545040 27.5011285977 17.4709490991
16.0134402826 28.1132390614 17.7461613778
15.6875658815 27.2278955877 18.1808516275
15.5772553410 28.9243728349 15.4279844855
15.8895748404 28.5465502005 16.1118014181
16.0788438944 28.2222362291 16.7795821340
15.7375468333 28.3772472587 18.3469321797
16.0733401387 28.9850410881 17.8547186736
15.5553476469 29.7799837539 15.2995635199
15.9235289338 29.6555365661 15.9518218358
16.1423106017 29.1491780097 16.6705378821
15.8000182787 29.3022303510 18.3969488935
16.1102486678 29.6996956375 17.9909148524
15.7362113293 30.6888432921 15.4882812428
16.1093784089 30.5195267274 16.1528563207
16.2093011152 29.9993304833 16.5693303501
15.9117393308 30.0368017053 18.3684682972
15.7973153253 30.8771526047 18.5570310408
15.7473012044 31.8497770278 15.3929693883
16.1200997314 31.3913110582 16.0553254026
15.9163811217 31.9644877079 18.5298412810
15.7545840658 32.9046867682 15.3216544793
16.1366813972 32.4374212678 15.9740735142
16.0165405347 32.9613045869 18.5130453047
15.7184815162 34.0061848285 15.2237312114
16.1419871497 33.4801533713 15.9234173464
16.1258293361 33.7959040801 18.4611910888
15.3509948463 34.8924514921 14.7911683281
15.8273650156 34.9164809307 15.3983002653
16.1486044910 34.4893823841 15.9263244843
15.4737633570 34.5906384914 19.1935824429
15.9942983869 34.7084995723 18.6849487310
15.5957017916 35.7596989311 15.2431091209
16.0859510647 35.4616372265 15.9239209122
15.5890808020 35.3949861817 19.1991533804
16.0679134338 35.8445510989 18.6916978272
15.4802043078 36.4701873072 15.3172783686
15.8804055328 36.4931884608 15.8690351286
15.6537971239 36.3767459773 19.2581109133
16.0978755946 36.9021475360 18.7228043276
15.8837705833 38.1810502923 16.2762135007
15.8520691855 37.4353108405 16.0859732753
16.1617024853 37.7913049545 16.6004013379
15.6866758616 37.4204860123 19.3458526111
16.1161333541 37.9611876993 18.7821238069
15.9569013223 38.7837318837 16.4373234069
16.2108836886 38.4707100922 16.7768683577
15.7409234643 38.4760553897 19.4494604438
16.1416387895 38.9958555033 18.9151944896
15.8706128050 39.3898112397 16.5118651777
16.1964261533 39.1320615160 16.7949410417
15.7611042328 39.4969852353 19.6491530662
16.1650722726 39.8096014047 19.1113508058
15.5188864358 40.2565883186 16.7512462457
15.8794543660 40.0728693075 16.7390218701
15.4492175114 40.6258816644 17.1522626202
15.9413536776 40.3474344384 19.6162700705
15.6791498946 40.9085879358 20.0398225057
16.0436871590 41.0460745176 19.5438587000
15.8620680473 40.5422016248 17.0324156651
15.9251433596 41.0072606646 17.7001440808
15.7969348857 41.4726245777 18.3165094120
15.9831485740 41.6349875055 18.6645700628
15.5617811704 41.6411946519 20.0264826548
16.0135438584 41.4659457518 19.4714808325
15.7846076744 41.7466652114 19.2489128266
15.1093691850 42.2320467033 20.3963714855
16.0617626003 3.7648962997 14.7723970759
16.1061382588 3.6425797690 15.4174404273
16.2777088602 4.6115686932 14.7183151732
16.4080608911 4.4193972373 15.4699067784
16.3181516183 4.2729530493 16.2871876190
16.1848872235 4.4479336641 17.2169789068
16.3487659389 5.5568897696 14.6691919045
16.5552667203 5.3499105876 15.4779111890
16.6047663026 5.2189299462 16.3539287956
16.5376758617 5.1774697316 17.2804621806
16.3624952258 5.1544114350 18.2335853705
16.2721722927 5.3473749694 19.2473793876
16.1675304612 5.4439675071 20.0585675116
16.0743941625 5.4899606559 20.6292933534
16.3592721866 6.4930296550 14.6749780856
16.5692847252 6.3287578669 15.4779882241
16.6873344575 6.1997304483 16.3783036683
16.7003050158 6.1030112169 17.3167942394
16.6338221730 6.0108294568 18.2414728317
16.5256375835 5.9729412495 19.1568564507
16.4071840436 5.8862280348 19.8882638515
16.2255864974 5.9894594608 20.6395400064
16.3093837198 7.1645681787 14.6718829397
16.4728239664 7.3152235372 15.4470519491
16.6451907416 7.2120403027 16.3867707550
16.7172427240 7.0984016133 17.3371692893
16.6925374012 6.9338808189 18.2784093140
16.6199801471 6.6786257559 19.0418728916
16.4327953694 6.7257480645 20.0388823835
16.5145560358 8.2402075412 16.3838609071
16.6525123877 8.1446800576 17.3369990701
16.6611895748 7.9525889891 18.2974911606
16.5454329379 7.6219559114 19.3192549648
16.5436340029 9.2777275209 17.2993628429
16.6076766248 9.0227055982 18.2612297755
16.5104989529 8.7403010200 19.1587485969
16.5003939426 10.4696399099 17.5089491579
16.5618873421 10.1077628405 18.2809355031
16.4745280171 9.7756407281 19.0957885256
16.4822111776 11.5221662356 17.5619054134
16.5393752899 11.1762395415 18.3260273626
16.4444491423 10.8048818954 19.0898011512
16.4791249353 12.5487327123 17.5466232206
16.5310139025 12.2128484659 18.3299423493
16.4276583786 11.8378166203 19.0874057309
16.4885451340 13.5758757166 17.4626361483
16.5306118313 13.2387446011 18.2876642297
16.4212228792 12.8694347190 19.0608277840
16.5168672544 14.6678425205 17.2790689178
16.5380826890 14.2522606486 18.1836759158
16.4175501438 13.9059168725 18.9942106169
16.4883441964 15.6653543681 16.5914895868
16.5766170978 15.5339771114 17.5347628019
16.5586479546 15.0796347830 18.0532893684
16.4163995202 14.9948625087 18.8588565549
16.4213829102 16.6326960054 15.8864479915
16.5821756608 16.6567441771 16.7130564440
16.5841080459 16.3309998653 17.4179052658
16.4979565223 15.9172422491 18.2970511160
16.4111347853 17.7034424359 15.7194106701
16.5708422517 17.4289103998 16.4930058417
16.5883111908 17.2349829674 17.2777626367
16.4738206521 16.9557140255 18.0965629669
16.3616228400 18.6362650299 15.6897280138
16.5125414138 18.3305071566 16.4263486926
16.5632678188 17.9846693710 17.0713887138
16.4300136535 17.9821317080 17.8810002193
16.2822190086 19.3204963944 15.6940872797
16.3825978416 19.2856729791 16.4078101509
16.4232819453 18.8382098336 17.2787438489
16.2796476538 19.7461815144 17.1654945185
16.1099265298 27.9985707521 17.2649947564
16.1748510384 28.6980273727 17.2806482455
16.2684013286 29.8196332713 17.3293724917
16.3364349697 30.8792911347 16.7948839663
16.3738760482 30.8145437260 17.5000632848
16.1895640556 30.4206128236 17.9702559758
16.3821084025 32.0026478413 16.6753319476
16.4324290076 31.6599164004 17.3827012093
16.2456299809 31.3348173683 18.0049096849
16.4019429262 33.0407877812 16.6221552533
16.4718597077 32.6550566559 17.3271874532
16.3130072952 32.3081281844 17.9775550552
16.4076417967 34.0603987692 16.6075968936
16.4893338922 33.6580687864 17.3133922672
16.3656433425 33.2761250118 17.9594495322
16.3886418241 35.0699247456 16.6105097226
16.4874974064 34.6681480967 17.3244390466
16.3710543398 34.2400891696 17.9924511734
16.3190318425 36.0802998544 16.6097510628
16.4684309310 35.6936908411 17.3365314406
16.3619680237 35.2608037146 18.0399293880
16.2336851652 37.0580525402 16.6261576815
16.4287222393 36.7353431111 17.3358729597
16.3680138072 36.3186269258 18.0544036013
16.3741347375 37.8598491295 17.2792302461
16.3588936769 37.3894293624 18.0665230034
16.3996266012 39.0777993191 17.4292127272
16.3642988306 38.4983199363 18.1399107474
16.2778841202 39.8609215609 17.0971282904
16.4903652468 39.9847354870 17.7604199528
16.4114473457 39.6459232758 18.3751827652
16.1592222245 40.4785169207 17.1872321086
16.4266945801 40.6398576938 17.7503753343
16.5163486307 40.5433308484 18.3475428452
16.3103501150 40.4664666450 18.9972194076
16.1791787869 41.4248647651 18.2837800766
16.3860407562 41.1902806247 18.1272380549
16.5501198040 41.0477690572 18.3512095506
16.3510787735 41.2045428180 18.9265886158
16.5172191709 41.3265923276 18.6544014944
16.3065495558 41.4955869148 18.6579301688
3 2 1 0
3 4 3 0
3 0 3 2
3 4 5 3
3 8 7 6
3 8 6 1
3 6 0 1
3 6 9 0
3 0 10 4
3 0 9 10
3 5 4 11
3 11 4 10
3 6 7 12
3 12 7 13
3 6 14 9
3 6 12 14
3 16 10 15
3 10 14 15
3 10 9 14
3 10 16 11
3 13 17 12
3 12 17 14
3 14 17 18
3 14 18 15
3 21 20 19
3 23 22 19
3 19 22 21
3 25 24 23
3 23 24 22
3 27 26 25
3 25 26 24
3 27 28 26
3 19 20 2
3 20 1 2
3 20 29 1
3 19 2 3
3 19 3 23
3 23 3 5
3 30 23 5
3 25 23 30
3 25 31 27
3 25 30 31
3 28 27 32
3 27 33 32
3 27 31 33
3 35 34 33
3 33 34 32
3 35 36 34
3 38 37 8
3 8 37 7
3 8 1 29
3 8 29 38
3 11 39 30
3 11 30 5
3 41 31 40
3 31 39 40
3 31 30 39
3 43 42 41
3 42 31 41
3 42 33 31
3 45 35 44
3 35 42 44
3 35 33 42
3 35 45 36
3 48 47 46
3 37 48 46
3 13 37 46
3 7 37 13
3 50 49 16
3 50 16 15
3 11 16 39
3 16 51 39
3 16 49 51
3 39 51 40
3 43 52 42
3 42 52 44
3 46 47 53
3 53 47 54
3 55 17 13
3 46 55 13
3 53 55 46
3 17 55 56
3 57 17 56
3 18 17 57
3 15 18 50
3 50 18 57
3 54 58 53
3 53 58 55
3 55 58 59
3 55 59 56
3 62 61 60
3 60 63 62
3 61 64 60
3 60 64 63
3 67 66 65
3 65 68 67
3 71 70 69
3 73 72 69
3 69 72 71
3 75 74 73
3 73 74 72
3 77 76 75
3 75 76 74
3 79 78 77
3 77 78 76
3 78 79 66
3 79 65 66
3 79 80 65
3 68 65 81
3 65 82 81
3 65 80 82
3 84 83 82
3 82 83 81
3 84 85 83
3 70 86 69
3 88 87 86
3 87 69 86
3 87 73 69
3 87 20 21
3 75 87 21
3 73 87 75
3 75 21 22
3 75 22 77
3 77 22 24
3 77 24 79
3 79 24 26
3 79 26 80
3 80 26 28
3 89 80 28
3 82 80 89
3 82 90 84
3 82 89 90
3 85 84 91
3 91 84 90
3 94 93 92
3 96 95 92
3 92 95 94
3 96 97 95
3 100 99 98
3 100 98 88
3 98 87 88
3 98 101 87
3 101 29 20
3 101 20 87
3 32 89 28
3 89 32 34
3 89 34 90
3 34 36 90
3 36 91 90
3 36 102 91
3 92 93 103
3 103 93 104
3 92 105 96
3 92 103 105
3 97 96 106
3 96 107 106
3 96 105 107
3 106 107 99
3 107 98 99
3 107 108 98
3 108 37 38
3 101 108 38
3 98 108 101
3 101 38 29
3 40 109 41
3 109 43 41
3 44 110 45
3 110 111 45
3 111 36 45
3 111 102 36
3 103 104 112
3 112 104 113
3 103 114 105
3 103 112 114
3 105 115 107
3 105 114 115
3 115 47 48
3 108 115 48
3 107 115 108
3 108 48 37
3 50 116 49
3 117 51 49
3 117 49 116
3 109 40 51
3 117 109 51
3 118 109 117
3 119 52 43
3 109 119 43
3 118 119 109
3 119 120 52
3 52 120 44
3 120 121 44
3 121 110 44
3 110 121 111
3 113 122 112
3 124 123 122
3 123 112 122
3 123 114 112
3 114 125 115
3 114 123 125
3 125 54 47
3 125 47 115
3 56 126 57
3 116 50 57
3 126 116 57
3 127 116 126
3 129 117 128
3 117 127 128
3 117 116 127
3 117 129 118
3 118 129 130
3 118 130 119
3 119 130 131
3 119 131 120
3 123 124 132
3 132 124 133
3 123 134 125
3 123 132 134
3 135 58 54
3 125 135 54
3 134 135 125
3 136 59 58
3 136 58 135
3 126 56 59
3 136 126 59
3 137 126 136
3 139 127 138
3 127 137 138
3 127 126 137
3 127 139 128
3 142 141 140
3 142 140 133
3 140 132 133
3 140 143 132
3 145 134 144
3 134 143 144
3 134 132 143
3 134 145 135
3 135 145 146
3 135 146 136
3 136 146 147
3 136 147 137
3 137 147 148
3 137 148 138
3 140 141 149
3 149 141 150
3 140 151 143
3 140 149 151
3 144 143 152
3 143 153 152
3 143 151 153
3 153 154 152
3 150 155 149
3 157 156 155
3 156 149 155
3 156 151 149
3 159 153 158
3 153 156 158
3 153 151 156
3 153 159 154
3 157 160 156
3 156 160 158
3 163 162 161
3 161 164 163
3 161 162 165
3 165 162 166
3 164 161 167
3 161 168 167
3 161 165 168
3 170 169 168
3 168 169 167
3 170 171 169
3 165 166 172
3 172 166 173
3 165 174 168
3 165 172 174
3 168 175 170
3 168 174 175
3 171 170 176
3 170 177 176
3 170 175 177
3 179 178 177
3 177 178 176
3 179 180 178
3 172 173 181
3 181 173 182
3 172 183 174
3 172 181 183
3 174 184 175
3 174 183 184
3 175 185 177
3 175 184 185
3 177 186 179
3 177 185 186
3 180 179 187
3 179 188 187
3 179 186 188
3 190 189 188
3 188 189 187
3 192 191 190
3 190 191 189
3 194 193 192
3 192 193 191
3 61 62 194
3 62 193 194
3 62 195 193
3 197 196 63
3 196 62 63
3 196 195 62
3 199 198 197
3 197 198 196
3 199 200 198
3 182 201 181
3 203 202 201
3 202 181 201
3 202 183 181
3 183 204 184
3 183 202 204
3 184 205 185
3 184 204 205
3 185 206 186
3 185 205 206
3 186 207 188
3 186 206 207
3 188 208 190
3 188 207 208
3 190 209 192
3 190 208 209
3 192 210 194
3 192 209 210
3 211 64 61
3 194 211 61
3 210 211 194
3 197 63 64
3 211 197 64
3 212 197 211
3 214 199 213
3 199 212 213
3 199 197 212
3 199 214 200
3 202 203 215
3 215 203 216
3 202 217 204
3 202 215 217
3 204 218 205
3 204 217 218
3 205 219 206
3 205 218 219
3 221 207 220
3 207 219 220
3 207 206 219
3 223 222 221
3 222 207 221
3 222 208 207
3 225 209 224
3 209 222 224
3 209 208 222
3 209 225 210
3 210 225 226
3 210 226 211
3 211 226 227
3 211 227 212
3 212 227 228
3 212 228 213
3 215 216 229
3 229 216 230
3 215 231 217
3 215 229 231
3 217 232 218
3 217 231 232
3 234 219 233
3 219 232 233
3 219 218 232
3 219 234 220
3 223 235 222
3 222 235 224
3 230 236 229
3 229 236 231
3 231 236 237
3 231 237 232
3 232 237 238
3 232 238 233
3 241 240 239
3 243 242 239
3 239 242 241
3 245 244 243
3 243 244 242
3 247 246 245
3 245 246 244
3 249 248 247
3 247 248 246
3 251 250 249
3 249 250 248
3 251 252 250
3 255 254 253
3 257 256 253
3 253 256 255
3 256 257 240
3 257 239 240
3 257 258 239
3 260 243 259
3 243 258 259
3 243 239 258
3 262 261 260
3 261 243 260
3 261 245 243
3 245 263 247
3 245 261 263
3 247 264 249
3 247 263 264
3 249 265 251
3 249 264 265
3 252 251 266
3 266 251 265
3 269 268 267
3 271 270 267
3 267 270 269
3 270 271 254
3 271 253 254
3 271 272 253
3 253 273 257
3 253 272 273
3 257 274 258
3 257 273 274
3 259 258 275
3 258 276 275
3 258 274 276
3 275 276 262
3 276 261 262
3 276 277 261
3 277 66 67
3 263 277 67
3 261 277 263
3 263 67 68
3 278 263 68
3 264 263 278
3 264 279 265
3 264 278 279
3 266 265 280
3 265 281 280
3 265 279 281
3 281 282 280
3 285 284 283
3 285 283 268
3 283 267 268
3 283 286 267
3 267 287 271
3 267 286 287
3 287 70 71
3 272 287 71
3 271 287 272
3 272 71 72
3 272 72 273
3 273 72 74
3 273 74 274
3 274 74 76
3 274 76 276
3 276 76 78
3 276 78 277
3 277 78 66
3 81 278 68
3 278 81 83
3 278 83 279
3 279 83 85
3 288 279 85
3 281 279 288
3 282 281 289
3 289 281 288
3 292 291 290
3 292 290 284
3 290 283 284
3 290 293 283
3 283 294 286
3 283 293 294
3 286 295 287
3 286 294 295
3 296 86 70
3 287 296 70
3 295 296 287
3 296 88 86
3 91 297 288
3 91 288 85
3 289 288 298
3 298 288 297
3 290 291 299
3 299 291 300
3 299 93 94
3 293 299 94
3 290 299 293
3 293 94 95
3 293 95 294
3 294 95 97
3 301 294 97
3 295 294 301
3 301 99 100
3 296 301 100
3 295 301 296
3 296 100 88
3 102 302 297
3 102 297 91
3 298 297 303
3 303 297 302
3 299 300 304
3 304 300 305
3 304 104 93
3 304 93 299
3 106 301 97
3 301 106 99
3 111 306 302
3 111 302 102
3 303 302 307
3 307 302 306
3 304 305 308
3 308 305 309
3 308 113 104
3 308 104 304
3 120 310 121
3 310 311 121
3 121 311 111
3 311 312 111
3 312 306 111
3 306 312 307
3 308 309 313
3 313 309 314
3 315 122 113
3 308 315 113
3 313 315 308
3 315 124 122
3 128 316 129
3 317 130 129
3 317 129 316
3 318 131 130
3 318 130 317
3 310 120 131
3 318 310 131
3 319 310 318
3 311 310 320
3 320 310 319
3 313 314 321
3 321 314 322
3 313 323 315
3 313 321 323
3 323 133 124
3 323 124 315
3 138 324 139
3 316 128 139
3 324 316 139
3 325 316 324
3 327 317 326
3 317 325 326
3 317 316 325
3 317 327 318
3 318 327 328
3 318 328 319
3 319 328 329
3 319 329 320
3 321 322 330
3 330 322 331
3 330 141 142
3 323 330 142
3 321 330 323
3 323 142 133
3 144 332 145
3 333 146 145
3 333 145 332
3 334 147 146
3 334 146 333
3 335 148 147
3 335 147 334
3 324 138 148
3 335 324 148
3 336 324 335
3 338 325 337
3 325 336 337
3 325 324 336
3 325 338 326
3 331 339 330
3 141 330 339
3 340 141 339
3 150 141 340
3 152 332 144
3 333 332 341
3 332 154 341
3 154 342 341
3 154 332 152
3 333 341 334
3 334 341 343
3 334 343 335
3 335 343 344
3 335 344 336
3 336 344 345
3 336 345 337
3 155 150 346
3 150 347 346
3 150 340 347
3 346 157 155
3 158 348 159
3 348 349 159
3 349 154 159
3 349 342 154
3 347 350 346
3 350 352 351
3 350 351 160
3 346 350 160
3 157 346 160
3 351 353 160
3 160 353 158
3 353 354 158
3 354 348 158
3 348 354 349
3 352 355 351
3 351 355 353
3 358 357 356
3 356 359 358
3 356 357 360
3 360 357 361
3 163 362 162
3 362 356 162
3 356 360 162
3 356 362 359
3 163 164 362
3 362 164 363
3 360 361 364
3 364 361 365
3 364 166 162
3 364 162 360
3 366 363 164
3 366 164 167
3 367 167 169
3 367 366 167
3 169 171 367
3 367 171 368
3 364 365 369
3 369 365 370
3 369 173 166
3 369 166 364
3 371 368 171
3 371 171 176
3 372 176 178
3 372 371 176
3 178 180 372
3 372 180 373
3 369 370 374
3 374 370 375
3 374 182 173
3 374 173 369
3 376 373 180
3 376 180 187
3 377 187 189
3 377 376 187
3 378 189 191
3 378 377 189
3 379 191 193
3 379 378 191
3 380 193 195
3 380 379 193
3 381 195 196
3 381 380 195
3 382 196 198
3 382 381 196
3 384 383 200
3 383 198 200
3 383 382 198
3 386 385 384
3 384 385 383
3 388 387 386
3 386 387 385
3 388 389 387
3 374 375 390
3 390 375 391
3 392 201 182
3 374 392 182
3 390 392 374
3 392 203 201
3 213 393 214
3 384 200 214
3 393 384 214
3 394 384 393
3 384 395 386
3 384 394 395
3 386 396 388
3 386 395 396
3 389 388 397
3 397 388 396
3 400 399 398
3 400 398 391
3 398 390 391
3 398 401 390
3 390 402 392
3 390 401 402
3 402 216 203
3 402 203 392
3 220 403 221
3 403 223 221
3 224 404 225
3 405 226 225
3 405 225 404
3 406 227 226
3 406 226 405
3 407 228 227
3 407 227 406
3 393 213 228
3 407 393 228
3 408 393 407
3 393 409 394
3 393 408 409
3 394 410 395
3 394 409 410
3 395 411 396
3 395 410 411
3 397 396 412
3 412 396 411
3 398 399 413
3 413 399 414
3 398 415 401
3 398 413 415
3 401 416 402
3 401 415 416
3 416 230 216
3 416 216 402
3 233 417 234
3 403 220 234
3 417 403 234
3 418 403 417
3 419 235 223
3 403 419 223
3 418 419 403
3 404 224 235
3 419 404 235
3 420 404 419
3 404 421 405
3 404 420 421
3 405 422 406
3 405 421 422
3 424 407 423
3 407 422 423
3 407 406 422
3 407 424 408
3 408 424 425
3 408 425 409
3 409 425 426
3 409 426 410
3 410 426 427
3 410 427 411
3 411 427 428
3 411 428 412
3 413 414 429
3 429 414 430
3 413 431 415
3 413 429 431
3 415 432 416
3 415 431 432
3 433 236 230
3 416 433 230
3 432 433 416
3 434 237 236
3 434 236 433
3 435 238 237
3 435 237 434
3 417 233 238
3 435 417 238
3 436 417 435
3 417 437 418
3 417 436 437
3 418 438 419
3 418 437 438
3 419 439 420
3 419 438 439
3 420 440 421
3 420 439 440
3 421 441 422
3 421 440 441
3 423 422 442
3 442 422 441
3 445 444 443
3 447 446 443
3 443 446 445
3 447 448 446
3 429 430 449
3 449 430 450
3 429 451 431
3 429 449 451
3 431 452 432
3 431 451 452
3 432 453 433
3 432 452 453
3 433 454 434
3 433 453 454
3 434 455 435
3 434 454 455
3 435 456 436
3 435 455 456
3 436 457 437
3 436 456 457
3 437 458 438
3 437 457 458
3 438 459 439
3 438 458 459
3 439 460 440
3 439 459 460
3 440 461 441
3 440 460 461
3 442 441 462
3 441 463 462
3 441 461 463
3 465 464 463
3 463 464 462
3 464 465 444
3 465 443 444
3 465 466 443
3 443 467 447
3 443 466 467
3 448 447 468
3 468 447 467
3 450 469 449
3 471 470 469
3 470 449 469
3 470 451 449
3 451 472 452
3 451 470 472
3 452 473 453
3 452 472 473
3 453 474 454
3 453 473 474
3 454 475 455
3 454 474 475
3 455 476 456
3 455 475 476
3 456 477 457
3 456 476 477
3 457 478 458
3 457 477 478
3 458 479 459
3 458 478 479
3 459 480 460
3 459 479 480
3 460 481 461
3 460 480 481
3 461 482 463
3 461 481 482
3 463 483 465
3 463 482 483
3 465 484 466
3 465 483 484
3 486 467 485
3 467 484 485
3 467 466 484
3 467 486 468
3 471 487 470
3 489 488 487
3 488 470 487
3 488 472 470
3 472 490 473
3 472 488 490
3 473 491 474
3 473 490 491
3 474 492 475
3 474 491 492
3 475 493 476
3 475 492 493
3 476 494 477
3 476 493 494
3 494 240 241
3 478 494 241
3 477 494 478
3 478 241 242
3 478 242 479
3 479 242 244
3 479 244 480
3 480 244 246
3 480 246 481
3 481 246 248
3 481 248 482
3 482 248 250
3 482 250 483
3 483 250 252
3 495 483 252
3 484 483 495
3 485 484 496
3 496 484 495
3 488 489 497
3 497 489 498
3 488 499 490
3 488 497 499
3 490 500 491
3 490 499 500
3 491 501 492
3 491 500 501
3 501 254 255
3 493 501 255
3 492 501 493
3 493 255 256
3 493 256 494
3 494 256 240
3 259 502 260
3 502 262 260
3 266 503 495
3 266 495 252
3 496 495 504
3 495 505 504
3 495 503 505
3 505 506 504
3 497 498 507
3 507 498 508
3 497 509 499
3 497 507 509
3 509 268 269
3 500 509 269
3 499 509 500
3 500 269 270
3 500 270 501
3 501 270 254
3 275 502 259
3 502 275 262
3 280 503 266
3 503 280 282
3 510 503 282
3 505 503 510
3 506 505 511
3 511 505 510
3 514 513 512
3 514 512 508
3 512 507 508
3 512 515 507
3 515 284 285
3 509 515 285
3 507 515 509
3 509 285 268
3 289 516 510
3 289 510 282
3 511 510 517
3 517 510 516
3 512 513 518
3 518 513 519
3 518 291 292
3 515 518 292
3 512 518 515
3 515 292 284
3 298 520 516
3 298 516 289
3 517 516 521
3 521 516 520
3 518 519 522
3 522 519 523
3 522 300 291
3 522 291 518
3 303 524 520
3 303 520 298
3 521 520 525
3 525 520 524
3 523 526 522
3 300 522 526
3 527 300 526
3 305 300 527
3 307 528 524
3 307 524 303
3 525 524 529
3 529 524 528
3 527 309 305
3 530 309 527
3 311 531 312
3 531 532 312
3 312 532 307
3 532 533 307
3 533 528 307
3 528 533 529
3 536 535 534
3 530 536 534
3 314 530 534
3 309 530 314
3 320 537 531
3 320 531 311
3 532 531 538
3 538 531 537
3 535 539 534
3 314 534 539
3 540 314 539
3 322 314 540
3 326 541 327
3 542 328 327
3 542 327 541
3 543 329 328
3 543 328 542
3 543 544 329
3 329 544 320
3 544 545 320
3 545 537 320
3 537 545 538
3 540 331 322
3 546 331 540
3 337 547 338
3 547 548 338
3 338 548 326
3 548 549 326
3 549 541 326
3 541 549 542
3 542 549 550
3 542 550 543
3 543 550 551
3 543 551 544
3 339 331 552
3 331 553 552
3 331 546 553
3 552 340 339
3 342 554 341
3 555 343 341
3 555 341 554
3 556 344 343
3 556 343 555
3 557 345 344
3 557 344 556
3 557 558 345
3 345 558 337
3 558 559 337
3 559 547 337
3 547 559 548
3 552 553 560
3 560 553 561
3 560 347 340
3 560 340 552
3 563 562 554
3 342 563 554
3 349 563 342
3 554 562 555
3 555 562 564
3 555 564 556
3 556 564 565
3 556 565 557
3 557 565 566
3 557 566 558
3 560 561 567
3 567 561 568
3 569 350 347
3 560 569 347
3 567 569 560
3 569 352 350
3 571 570 354
3 571 354 353
3 349 354 563
3 563 354 570
3 568 572 567
3 574 573 572
3 573 567 572
3 573 569 567
3 575 355 352
3 569 575 352
3 573 575 569
3 575 576 355
3 576 353 355
3 576 571 353
3 574 577 573
3 573 577 575
3 575 577 578
3 575 578 576
3 580 579 358
3 358 579 357
3 358 359 580
3 580 359 581
3 579 361 357
3 582 361 579
3 583 581 359
3 583 359 362
3 362 363 583
3 583 363 584
3 582 365 361
3 585 365 582
3 586 584 363
3 586 363 366
3 587 366 367
3 587 586 366
3 367 368 587
3 587 368 588
3 591 590 589
3 585 591 589
3 370 585 589
3 365 585 370
3 592 588 368
3 592 368 371
3 593 371 372
3 593 592 371
3 372 373 593
3 593 373 594
3 589 590 595
3 595 590 596
3 595 375 370
3 595 370 589
3 597 594 373
3 597 373 376
3 598 376 377
3 598 597 376
3 599 377 378
3 599 598 377
3 600 378 379
3 600 599 378
3 601 379 380
3 601 600 379
3 602 380 381
3 602 601 380
3 603 381 382
3 603 602 381
3 604 382 383
3 604 603 382
3 605 383 385
3 605 604 383
3 606 385 387
3 606 605 385
3 608 607 389
3 607 387 389
3 607 606 387
3 610 609 608
3 608 609 607
3 610 611 609
3 614 613 612
3 614 612 596
3 612 595 596
3 612 615 595
3 615 391 375
3 615 375 595
3 397 616 608
3 397 608 389
3 618 610 617
3 610 616 617
3 610 608 616
3 610 618 611
3 612 613 619
3 619 613 620
3 619 399 400
3 615 619 400
3 612 619 615
3 615 400 391
3 412 621 616
3 412 616 397
3 617 616 622
3 622 616 621
3 619 620 623
3 623 620 624
3 623 414 399
3 623 399 619
3 423 625 424
3 626 425 424
3 626 424 625
3 627 426 425
3 627 425 626
3 628 427 426
3 628 426 627
3 629 428 427
3 629 427 628
3 629 630 428
3 428 630 412
3 630 631 412
3 631 621 412
3 621 631 622
3 623 624 632
3 632 624 633
3 632 430 414
3 632 414 623
3 442 634 625
3 442 625 423
3 625 635 626
3 625 634 635
3 635 444 445
3 627 635 445
3 626 635 627
3 627 445 446
3 627 446 628
3 628 446 448
3 636 628 448
3 629 628 636
3 630 629 637
3 637 629 636
3 640 639 638
3 640 638 633
3 638 632 633
3 638 641 632
3 641 450 430
3 641 430 632
3 462 634 442
3 634 462 464
3 634 464 635
3 635 464 444
3 468 642 636
3 468 636 448
3 637 636 643
3 643 636 642
3 638 639 644
3 644 639 645
3 638 646 641
3 638 644 646
3 647 469 450
3 641 647 450
3 646 647 641
3 647 471 469
3 485 648 486
3 642 468 486
3 648 642 486
3 649 642 648
3 643 642 650
3 650 642 649
3 653 652 651
3 653 651 645
3 651 644 645
3 651 654 644
3 644 655 646
3 644 654 655
3 646 656 647
3 646 655 656
3 657 487 471
3 647 657 471
3 656 657 647
3 657 489 487
3 496 658 648
3 496 648 485
3 660 649 659
3 649 658 659
3 649 648 658
3 649 660 650
3 651 652 661
3 661 652 662
3 651 663 654
3 651 661 663
3 654 664 655
3 654 663 664
3 655 665 656
3 655 664 665
3 656 666 657
3 656 665 666
3 666 498 489
3 666 489 657
3 504 658 496
3 668 667 506
3 506 667 504
3 667 659 504
3 659 658 504
3 668 669 667
3 662 670 661
3 672 671 670
3 671 661 670
3 671 663 661
3 663 673 664
3 663 671 673
3 664 674 665
3 664 673 674
3 665 675 666
3 665 674 675
3 675 508 498
3 675 498 666
3 511 676 668
3 511 668 506
3 669 668 677
3 677 668 676
3 671 672 678
3 678 672 679
3 671 680 673
3 671 678 680
3 673 681 674
3 673 680 681
3 681 513 514
3 675 681 514
3 674 681 675
3 675 514 508
3 517 682 676
3 517 676 511
3 677 676 683
3 683 676 682
3 679 684 678
3 678 684 680
3 680 684 685
3 687 686 685
3 686 680 685
3 686 681 680
3 686 519 513
3 686 513 681
3 521 688 682
3 521 682 517
3 683 682 689
3 689 682 688
3 687 690 686
3 519 686 690
3 691 519 690
3 523 519 691
3 693 692 688
3 521 693 688
3 525 693 521
3 688 692 689
3 526 523 694
3 523 695 694
3 523 691 695
3 694 527 526
3 529 693 525
3 529 696 693
3 694 695 697
3 697 695 698
3 697 530 527
3 697 527 694
3 700 699 533
3 700 533 532
3 529 533 696
3 696 533 699
3 697 698 536
3 698 535 536
3 698 701 535
3 697 536 530
3 538 700 532
3 538 702 700
3 539 535 703
3 535 704 703
3 535 701 704
3 703 540 539
3 544 705 545
3 705 706 545
3 706 538 545
3 706 702 538
3 703 704 707
3 707 704 708
3 707 546 540
3 707 540 703
3 548 709 549
3 710 550 549
3 710 549 709
3 550 710 711
3 712 550 711
3 551 550 712
3 544 551 705
3 551 713 705
3 551 712 713
3 705 713 706
3 707 708 714
3 714 708 715
3 714 553 546
3 714 546 707
3 558 716 559
3 716 717 559
3 559 717 548
3 717 718 548
3 718 709 548
3 709 718 710
3 710 718 719
3 710 719 711
3 714 715 720
3 720 715 721
3 720 561 553
3 720 553 714
3 563 722 562
3 723 564 562
3 723 562 722
3 724 565 564
3 724 564 723
3 565 724 725
3 726 565 725
3 566 565 726
3 558 566 716
3 566 727 716
3 566 726 727
3 716 727 717
3 730 729 728
3 730 728 721
3 728 720 721
3 728 731 720
3 731 568 561
3 731 561 720
3 571 732 570
3 732 733 570
3 570 733 563
3 733 734 563
3 734 722 563
3 722 734 723
3 723 734 735
3 723 735 724
3 724 735 736
3 724 736 725
3 728 729 737
3 737 729 738
3 728 739 731
3 728 737 739
3 740 572 568
3 731 740 568
3 739 740 731
3 740 574 572
3 742 741 732
3 571 742 732
3 576 742 571
3 732 741 733
3 738 743 737
3 745 744 743
3 744 737 743
3 744 739 737
3 739 746 740
3 739 744 746
3 747 577 574
3 740 747 574
3 746 747 740
3 748 578 577
3 748 577 747
3 748 749 578
3 749 576 578
3 749 742 576
3 744 745 750
3 750 745 751
3 753 746 752
3 746 750 752
3 746 744 750
3 746 753 747
3 747 753 754
3 747 754 748
3 748 754 755
3 748 755 749
3 758 757 756
3 758 756 751
3 756 750 751
3 756 759 750
3 752 750 760
3 760 750 759
3 756 757 761
3 761 757 762
3 756 763 759
3 756 761 763
3 760 759 764
3 764 759 763
3 762 765 761
3 761 765 763
3 763 765 766
3 763 766 764
3 769 768 767
3 579 580 767
3 580 769 767
3 580 770 769
3 580 581 770
3 770 581 771
3 767 768 772
3 772 768 773
3 772 582 579
3 772 579 767
3 774 771 581
3 774 581 583
3 583 584 774
3 774 584 775
3 772 773 776
3 776 773 777
3 776 585 582
3 776 582 772
3 778 775 584
3 778 584 586
3 779 586 587
3 779 778 586
3 587 588 779
3 779 588 780
3 776 777 591
3 777 590 591
3 777 781 590
3 776 591 585
3 782 780 588
3 782 588 592
3 783 592 593
3 783 782 592
3 593 594 783
3 783 594 784
3 787 786 785
3 781 787 785
3 596 781 785
3 590 781 596
3 788 784 594
3 788 594 597
3 789 597 598
3 789 788 597
3 790 598 599
3 790 789 598
3 791 599 600
3 791 790 599
3 792 600 601
3 792 791 600
3 793 601 602
3 793 792 601
3 794 602 603
3 794 793 602
3 795 603 604
3 795 794 603
3 796 604 605
3 796 795 604
3 797 605 606
3 797 796 605
3 798 606 607
3 798 797 606
3 799 607 609
3 799 798 607
3 801 800 611
3 800 609 611
3 800 799 609
3 801 802 800
3 785 786 614
3 786 613 614
3 786 803 613
3 785 614 596
3 617 804 618
3 804 805 618
3 618 805 611
3 805 806 611
3 806 801 611
3 801 806 802
3 803 620 613
3 807 620 803
3 809 808 804
3 617 809 804
3 622 809 617
3 804 808 805
3 812 811 810
3 807 812 810
3 624 807 810
3 620 807 624
3 630 813 631
3 813 814 631
3 814 622 631
3 814 809 622
3 810 811 815
3 815 811 816
3 815 633 624
3 815 624 810
3 637 817 813
3 637 813 630
3 814 813 818
3 818 813 817
3 821 820 819
3 821 819 816
3 816 819 815
3 819 639 815
3 639 640 815
3 815 640 633
3 643 822 817
3 643 817 637
3 818 817 823
3 823 817 822
3 826 825 824
3 826 824 820
3 824 819 820
3 824 827 819
3 827 645 639
3 827 639 819
3 829 828 822
3 643 829 822
3 650 829 643
3 822 828 823
3 832 831 830
3 832 830 825
3 830 824 825
3 830 833 824
3 833 652 653
3 827 833 653
3 824 833 827
3 827 653 645
3 659 834 660
3 834 835 660
3 835 650 660
3 835 829 650
3 830 831 836
3 836 831 837
3 830 838 833
3 830 836 838
3 838 662 652
3 838 652 833
3 667 834 659
3 667 669 834
3 669 835 834
3 669 839 835
3 836 837 840
3 840 837 841
3 836 842 838
3 836 840 842
3 843 670 662
3 838 843 662
3 842 843 838
3 843 672 670
3 677 839 669
3 677 844 839
3 840 841 845
3 845 841 846
3 840 847 842
3 840 845 847
3 842 848 843
3 842 847 848
3 848 679 672
3 848 672 843
3 683 844 677
3 683 849 844
3 846 850 845
3 852 851 850
3 851 845 850
3 851 847 845
3 847 853 848
3 847 851 853
3 854 684 679
3 848 854 679
3 853 854 848
3 855 685 684
3 855 684 854
3 855 687 685
3 689 849 683
3 689 856 849
3 851 852 857
3 857 852 858
3 851 859 853
3 851 857 859
3 861 854 860
3 854 859 860
3 854 853 859
3 863 862 861
3 862 854 861
3 862 855 854
3 864 690 687
3 855 864 687
3 862 864 855
3 864 691 690
3 693 865 692
3 865 866 692
3 866 689 692
3 866 856 689
3 858 867 857
3 857 867 859
3 859 867 868
3 859 868 860
3 863 869 862
3 871 870 869
3 870 862 869
3 870 864 862
3 870 695 691
3 870 691 864
3 873 872 865
3 693 873 865
3 696 873 693
3 865 872 866
3 876 875 874
3 878 877 874
3 874 877 876
3 878 879 877
3 870 871 880
3 880 871 881
3 880 698 695
3 880 695 870
3 700 882 699
3 882 883 699
3 883 696 699
3 883 873 696
3 886 885 884
3 886 884 875
3 884 874 875
3 884 887 874
3 874 888 878
3 874 887 888
3 879 878 889
3 878 890 889
3 878 888 890
3 890 891 889
3 894 893 892
3 894 892 881
3 892 880 881
3 892 895 880
3 895 701 698
3 895 698 880
3 702 896 882
3 702 882 700
3 883 882 897
3 897 882 896
3 885 898 884
3 900 899 898
3 899 884 898
3 899 887 884
3 887 901 888
3 887 899 901
3 888 902 890
3 888 901 902
3 891 890 903
3 903 890 902
3 893 904 892
3 906 905 904
3 905 892 904
3 905 895 892
3 905 704 701
3 905 701 895
3 908 907 896
3 702 908 896
3 706 908 702
3 896 907 897
3 900 909 899
3 911 910 909
3 910 899 909
3 910 901 899
3 913 902 912
3 902 910 912
3 902 901 910
3 902 913 903
3 905 906 914
3 914 906 915
3 914 708 704
3 914 704 905
3 711 916 712
3 917 713 712
3 917 712 916
3 917 918 713
3 918 706 713
3 918 908 706
3 910 911 919
3 919 911 920
3 912 910 921
3 921 910 919
3 914 915 922
3 922 915 923
3 922 715 708
3 922 708 914
3 717 924 718
3 718 924 925
3 926 718 925
3 719 718 926
3 711 719 916
3 719 927 916
3 719 926 927
3 916 927 917
3 917 927 928
3 917 928 918
3 920 929 919
3 919 929 921
3 932 931 930
3 932 930 923
3 930 922 923
3 930 933 922
3 933 721 715
3 933 715 922
3 725 934 726
3 726 934 935
3 936 726 935
3 727 726 936
3 717 727 924
3 727 937 924
3 727 936 937
3 924 937 925
3 930 931 938
3 938 931 939
3 938 729 730
3 933 938 730
3 930 938 933
3 933 730 721
3 733 940 734
3 941 735 734
3 941 734 940
3 735 941 942
3 943 735 942
3 736 735 943
3 725 736 934
3 736 944 934
3 736 943 944
3 934 944 935
3 938 939 945
3 945 939 946
3 945 738 729
3 945 729 938
3 742 947 741
3 947 948 741
3 741 948 733
3 948 949 733
3 949 940 733
3 940 949 941
3 941 949 950
3 941 950 942
3 945 946 951
3 951 946 952
3 953 743 738
3 945 953 738
3 951 953 945
3 953 745 743
3 749 954 947
3 749 947 742
3 948 947 955
3 955 947 954
3 951 952 956
3 956 952 957
3 951 958 953
3 951 956 958
3 958 751 745
3 958 745 953
3 752 959 753
3 960 754 753
3 960 753 959
3 961 755 754
3 961 754 960
3 961 962 755
3 755 962 749
3 962 963 749
3 963 954 749
3 954 963 955
3 956 957 964
3 964 957 965
3 964 757 758
3 958 964 758
3 956 964 958
3 958 758 751
3 760 966 959
3 760 959 752
3 959 967 960
3 959 966 967
3 960 968 961
3 960 967 968
3 962 961 969
3 969 961 968
3 964 965 970
3 970 965 971
3 970 762 757
3 970 757 964
3 764 972 966
3 764 966 760
3 966 973 967
3 966 972 973
3 967 974 968
3 967 973 974
3 969 968 975
3 975 968 974
3 970 971 976
3 976 971 977
3 978 765 762
3 970 978 762
3 976 978 970
3 979 766 765
3 979 765 978
3 972 764 766
3 979 972 766
3 980 972 979
3 972 981 973
3 972 980 981
3 973 982 974
3 973 981 982
3 975 974 983
3 983 974 982
3 986 985 984
3 986 984 977
3 984 976 977
3 984 987 976
3 976 988 978
3 976 987 988
3 978 989 979
3 978 988 989
3 979 990 980
3 979 989 990
3 980 991 981
3 980 990 991
3 993 982 992
3 982 991 992
3 982 981 991
3 982 993 983
3 985 994 984
3 996 995 994
3 995 984 994
3 995 987 984
3 987 997 988
3 987 995 997
3 999 989 998
3 989 997 998
3 989 988 997
3 989 999 990
3 990 999 1000
3 990 1000 991
3 991 1000 1001
3 991 1001 992
3 996 1002 995
3 995 1002 997
3 997 1002 1003
3 997 1003 998
3 1006 1005 1004
3 1004 1007 1006
3 1004 1005 769
3 1005 768 769
3 1005 1008 768
3 1009 1007 1004
3 769 1009 1004
3 770 1009 769
3 770 771 1009
3 1009 771 1010
3 1008 773 768
3 1011 773 1008
3 1012 1010 771
3 1012 771 774
3 774 775 1012
3 1012 775 1013
3 1011 777 773
3 1014 777 1011
3 1015 1013 775
3 1015 775 778
3 1016 778 779
3 1016 1015 778
3 779 780 1016
3 1016 780 1017
3 1020 1019 1018
3 1014 1020 1018
3 781 1014 1018
3 777 1014 781
3 1021 1017 780
3 1021 780 782
3 1022 782 783
3 1022 1021 782
3 783 784 1022
3 1022 784 1023
3 1018 1019 787
3 1019 786 787
3 1019 1024 786
3 1018 787 781
3 1025 1023 784
3 1025 784 788
3 1026 788 789
3 1026 1025 788
3 1027 789 790
3 1027 1026 789
3 1028 790 791
3 1028 1027 790
3 1029 791 792
3 1029 1028 791
3 1030 792 793
3 1030 1029 792
3 1031 793 794
3 1031 1030 793
3 1032 794 795
3 1032 1031 794
3 1033 795 796
3 1033 1032 795
3 1034 796 797
3 1034 1033 796
3 1035 797 798
3 1035 1034 797
3 1036 798 799
3 1036 1035 798
3 1037 799 800
3 1037 1036 799
3 800 802 1037
3 1037 802 1038
3 1024 803 786
3 1039 803 1024
3 805 1040 806
3 1038 802 1041
3 802 1040 1041
3 1040 1042 1041
3 802 806 1040
3 1042 1043 1041
3 1046 1045 1044
3 1039 1046 1044
3 807 1039 1044
3 803 1039 807
3 809 1047 808
3 1040 805 808
3 1047 1040 808
3 1048 1040 1047
3 1050 1042 1049
3 1042 1048 1049
3 1042 1040 1048
3 1042 1050 1043
3 1044 1045 812
3 1045 811 812
3 1045 1051 811
3 1044 812 807
3 814 1052 1047
3 814 1047 809
3 1054 1048 1053
3 1048 1052 1053
3 1048 1047 1052
3 1048 1054 1049
3 1057 1056 1055
3 1051 1057 1055
3 816 1051 1055
3 811 1051 816
3 818 1058 1052
3 818 1052 814
3 1053 1052 1059
3 1059 1052 1058
3 1062 1061 1060
3 1062 1060 1056
3 1056 1060 1055
3 1060 820 1055
3 820 821 1055
3 1055 821 816
3 1064 1063 1058
3 818 1064 1058
3 823 1064 818
3 1058 1063 1059
3 1067 1066 1065
3 1067 1065 1061
3 1061 1065 1060
3 1065 825 1060
3 825 826 1060
3 1060 826 820
3 829 1068 828
3 1068 1069 828
3 1069 823 828
3 1069 1064 823
3 1065 1066 832
3 1066 831 832
3 1066 1070 831
3 1065 832 825
3 835 1071 1068
3 835 1068 829
3 1069 1068 1072
3 1072 1068 1071
3 1070 837 831
3 1073 837 1070
3 839 1074 1071
3 839 1071 835
3 1072 1071 1075
3 1075 1071 1074
3 1078 1077 1076
3 1073 1078 1076
3 841 1073 1076
3 837 1073 841
3 1080 1079 1074
3 839 1080 1074
3 844 1080 839
3 1074 1079 1075
3 1076 1077 1081
3 1081 1077 1082
3 1081 846 841
3 1081 841 1076
3 849 1080 844
3 849 1083 1080
3 1081 1082 1084
3 1084 1082 1085
3 1086 850 846
3 1081 1086 846
3 1084 1086 1081
3 1086 852 850
3 856 1083 849
3 856 1087 1083
3 1090 1089 1088
3 1090 1088 1085
3 1088 1084 1085
3 1088 1091 1084
3 1084 1092 1086
3 1084 1091 1092
3 1092 858 852
3 1092 852 1086
3 860 1093 861
3 1093 863 861
3 866 1087 856
3 866 1094 1087
3 1097 1096 1095
3 1097 1095 1089
3 1095 1088 1089
3 1095 1098 1088
3 1088 1099 1091
3 1088 1098 1099
3 1091 1100 1092
3 1091 1099 1100
3 1101 867 858
3 1092 1101 858
3 1100 1101 1092
3 1102 868 867
3 1102 867 1101
3 1093 860 868
3 1102 1093 868
3 1103 1093 1102
3 1104 869 863
3 1093 1104 863
3 1103 1104 1093
3 1104 871 869
3 873 1105 872
3 1105 1106 872
3 1106 866 872
3 1106 1094 866
3 1096 1107 1095
3 1109 1108 1107
3 1108 1095 1107
3 1108 1098 1095
3 1098 1110 1099
3 1098 1108 1110
3 1110 875 876
3 1100 1110 876
3 1099 1110 1100
3 1100 876 877
3 1100 877 1101
3 1101 877 879
3 1111 1101 879
3 1102 1101 1111
3 1102 1112 1103
3 1102 1111 1112
3 1103 1113 1104
3 1103 1112 1113
3 1113 881 871
3 1113 871 1104
3 883 1114 1105
3 883 1105 873
3 1106 1105 1115
3 1115 1105 1114
3 1109 1116 1108
3 1117 885 886
3 1108 1117 886
3 1110 1108 886
3 1116 1117 1108
3 1110 886 875
3 889 1111 879
3 1111 889 891
3 1118 1111 891
3 1112 1111 1118
3 1118 893 894
3 1113 1118 894
3 1112 1118 1113
3 1113 894 881
3 1120 1119 1114
3 883 1120 1114
3 897 1120 883
3 1114 1119 1115
3 1117 1121 885
3 885 1121 898
3 900 898 1121
3 900 1121 1122
3 903 1123 1118
3 903 1118 891
3 1124 904 893
3 1118 1124 893
3 1123 1124 1118
3 1124 906 904
3 1126 1125 907
3 1126 907 908
3 897 907 1120
3 1120 907 1125
3 1122 1127 900
3 900 1127 909
3 911 909 1127
3 911 1127 1128
3 912 1129 913
3 1123 903 913
3 1129 1123 913
3 1130 1123 1129
3 1123 1131 1124
3 1123 1130 1131
3 1131 915 906
3 1131 906 1124
3 918 1126 908
3 918 1132 1126
3 1128 920 911
3 1133 920 1128
3 921 1134 1129
3 921 1129 912
3 1129 1135 1130
3 1129 1134 1135
3 1130 1136 1131
3 1130 1135 1136
3 1136 923 915
3 1136 915 1131
3 1139 1138 1137
3 926 925 1137
3 1138 926 1137
3 1140 926 1138
3 1140 1142 1141
3 927 1140 1141
3 926 1140 927
3 927 1141 1143
3 1144 927 1143
3 928 927 1144
3 918 928 1132
3 1132 928 1144
3 1133 1145 920
3 920 1145 929
3 929 1145 921
3 1145 1146 921
3 1146 1134 921
3 1146 1145 1147
3 1134 1148 1135
3 1134 1146 1148
3 1148 931 932
3 1136 1148 932
3 1135 1148 1136
3 1136 932 923
3 1150 1149 936
3 1150 936 935
3 1137 937 1139
3 937 1149 1139
3 937 936 1149
3 937 1137 925
3 1142 1151 1141
3 1141 1151 1143
3 1146 1147 1152
3 1152 1147 1153
3 1146 1154 1148
3 1146 1152 1154
3 1154 939 931
3 1154 931 1148
3 942 1155 943
3 943 1155 1156
3 1157 943 1156
3 944 943 1157
3 935 944 1150
3 1150 944 1157
3 1152 1153 1158
3 1158 1153 1159
3 1152 1160 1154
3 1152 1158 1160
3 1160 946 939
3 1160 939 1154
3 948 1161 949
3 949 1161 1162
3 1163 949 1162
3 950 949 1163
3 942 950 1155
3 950 1164 1155
3 950 1163 1164
3 1155 1164 1156
3 1158 1159 1165
3 1165 1159 1166
3 1158 1167 1160
3 1158 1165 1167
3 1167 952 946
3 1167 946 1160
3 955 1168 1161
3 955 1161 948
3 1162 1161 1169
3 1169 1161 1168
3 1166 1170 1165
3 1172 1171 1170
3 1171 1165 1170
3 1171 1167 1165
3 1171 957 952
3 1171 952 1167
3 962 1173 963
3 1168 955 963
3 1173 1168 963
3 1174 1168 1173
3 1169 1168 1175
3 1175 1168 1174
3 1171 1172 1176
3 1176 1172 1177
3 1176 965 957
3 1176 957 1171
3 969 1178 1173
3 969 1173 962
3 1180 1174 1179
3 1174 1178 1179
3 1174 1173 1178
3 1174 1180 1175
3 1176 1177 1181
3 1181 1177 1182
3 1181 971 965
3 1181 965 1176
3 975 1183 1178
3 975 1178 969
3 1179 1178 1184
3 1184 1178 1183
3 1181 1182 1185
3 1185 1182 1186
3 1185 977 971
3 1185 971 1181
3 983 1187 1183
3 983 1183 975
3 1184 1183 1188
3 1188 1183 1187
3 1185 1186 986
3 1186 985 986
3 1186 1189 985
3 1185 986 977
3 992 1190 993
3 1190 1191 993
3 993 1191 983
3 1191 1192 983
3 1192 1187 983
3 1187 1192 1188
3 1189 1193 985
3 985 1193 994
3 996 994 1193
3 996 1193 1194
3 998 1195 999
3 1196 1000 999
3 1196 999 1195
3 1197 1001 1000
3 1197 1000 1196
3 1190 992 1001
3 1197 1190 1001
3 1198 1190 1197
3 1191 1190 1199
3 1199 1190 1198
3 1194 1200 996
3 996 1200 1002
3 1200 1202 1201
3 1003 1200 1201
3 1002 1200 1003
3 1195 998 1003
3 1201 1195 1003
3 1203 1195 1201
3 1195 1204 1196
3 1195 1203 1204
3 1196 1205 1197
3 1196 1204 1205
3 1207 1198 1206
3 1198 1205 1206
3 1198 1197 1205
3 1198 1207 1199
3 1202 1208 1201
3 1210 1209 1208
3 1209 1201 1208
3 1209 1203 1201
3 1203 1211 1204
3 1203 1209 1211
3 1213 1205 1212
3 1205 1211 1212
3 1205 1204 1211
3 1205 1213 1206
3 1209 1210 1214
3 1214 1210 1215
3 1209 1216 1211
3 1209 1214 1216
3 1212 1211 1217
3 1217 1211 1216
3 1215 1218 1214
3 1214 1218 1216
3 1216 1218 1219
3 1216 1219 1217
3 1221 1220 1006
3 1006 1220 1005
3 1006 1007 1221
3 1221 1007 1222
3 1220 1008 1005
3 1223 1008 1220
3 1224 1222 1007
3 1224 1007 1009
3 1009 1010 1224
3 1224 1010 1225
3 1223 1011 1008
3 1226 1011 1223
3 1227 1225 1010
3 1227 1010 1012
3 1012 1013 1227
3 1227 1013 1228
3 1226 1014 1011
3 1229 1014 1226
3 1230 1228 1013
3 1230 1013 1015
3 1231 1015 1016
3 1231 1230 1015
3 1016 1017 1231
3 1231 1017 1232
3 1234 1233 1020
3 1020 1233 1019
3 1020 1014 1229
3 1020 1229 1234
3 1235 1232 1017
3 1235 1017 1021
3 1236 1021 1022
3 1236 1235 1021
3 1022 1023 1236
3 1236 1023 1237
3 1233 1024 1019
3 1238 1024 1233
3 1239 1237 1023
3 1239 1023 1025
3 1240 1025 1026
3 1240 1239 1025
3 1241 1026 1027
3 1241 1240 1026
3 1242 1027 1028
3 1242 1241 1027
3 1243 1028 1029
3 1243 1242 1028
3 1244 1029 1030
3 1244 1243 1029
3 1245 1030 1031
3 1245 1244 1030
3 1246 1031 1032
3 1246 1245 1031
3 1247 1032 1033
3 1247 1246 1032
3 1248 1033 1034
3 1248 1247 1033
3 1249 1034 1035
3 1249 1248 1034
3 1250 1035 1036
3 1250 1249 1035
3 1251 1036 1037
3 1251 1250 1036
3 1037 1038 1251
3 1251 1038 1252
3 1255 1254 1253
3 1238 1255 1253
3 1039 1238 1253
3 1024 1238 1039
3 1256 1252 1038
3 1256 1038 1041
3 1041 1043 1256
3 1256 1043 1257
3 1253 1254 1046
3 1254 1045 1046
3 1254 1258 1045
3 1253 1046 1039
3 1049 1259 1050
3 1259 1260 1050
3 1260 1043 1050
3 1260 1257 1043
3 1263 1262 1261
3 1258 1263 1261
3 1051 1258 1261
3 1045 1258 1051
3 1053 1264 1054
3 1264 1265 1054
3 1054 1265 1049
3 1265 1266 1049
3 1266 1259 1049
3 1259 1266 1260
3 1269 1268 1267
3 1269 1267 1262
3 1262 1267 1261
3 1267 1056 1261
3 1056 1057 1261
3 1261 1057 1051
3 1059 1270 1264
3 1059 1264 1053
3 1265 1264 1271
3 1271 1264 1270
3 1274 1273 1272
3 1274 1272 1268
3 1268 1272 1267
3 1272 1061 1267
3 1061 1062 1267
3 1267 1062 1056
3 1064 1275 1063
3 1270 1059 1063
3 1275 1270 1063
3 1276 1270 1275
3 1271 1270 1277
3 1277 1270 1276
3 1272 1273 1067
3 1273 1066 1067
3 1273 1278 1066
3 1272 1067 1061
3 1069 1279 1275
3 1069 1275 1064
3 1281 1276 1280
3 1276 1279 1280
3 1276 1275 1279
3 1276 1281 1277
3 1278 1070 1066
3 1282 1070 1278
3 1284 1283 1279
3 1069 1284 1279
3 1072 1284 1069
3 1279 1283 1280
3 1287 1286 1285
3 1282 1287 1285
3 1073 1282 1285
3 1070 1282 1073
3 1075 1284 1072
3 1075 1288 1284
3 1285 1286 1078
3 1286 1077 1078
3 1286 1289 1077
3 1285 1078 1073
3 1080 1290 1079
3 1290 1291 1079
3 1291 1075 1079
3 1291 1288 1075
3 1294 1293 1292
3 1289 1294 1292
3 1082 1289 1292
3 1077 1289 1082
3 1083 1295 1290
3 1083 1290 1080
3 1291 1290 1296
3 1296 1290 1295
3 1299 1298 1297
3 1301 1300 1297
3 1297 1300 1299
3 1300 1301 1293
3 1301 1292 1293
3 1301 1302 1292
3 1302 1085 1082
3 1302 1082 1292
3 1087 1303 1295
3 1087 1295 1083
3 1296 1295 1304
3 1304 1295 1303
3 1297 1298 1305
3 1305 1298 1306
3 1297 1307 1301
3 1297 1305 1307
3 1307 1089 1090
3 1302 1307 1090
3 1301 1307 1302
3 1302 1090 1085
3 1094 1308 1303
3 1094 1303 1087
3 1304 1303 1309
3 1309 1303 1308
3 1306 1310 1305
3 1311 1096 1097
3 1305 1311 1097
3 1307 1305 1097
3 1310 1311 1305
3 1307 1097 1089
3 1313 1312 1308
3 1094 1313 1308
3 1106 1313 1094
3 1308 1312 1309
3 1311 1314 1096
3 1096 1314 1107
3 1109 1107 1314
3 1109 1314 1315
3 1115 1313 1106
3 1115 1316 1313
3 1315 1317 1109
3 1109 1317 1116
3 1117 1116 1317
3 1117 1317 1318
3 1320 1319 1119
3 1320 1119 1120
3 1115 1119 1316
3 1316 1119 1319
3 1318 1321 1117
3 1117 1321 1121
3 1122 1121 1321
3 1122 1321 1322
3 1324 1323 1125
3 1324 1125 1126
3 1120 1125 1320
3 1320 1125 1323
3 1322 1325 1122
3 1122 1325 1127
3 1128 1127 1325
3 1128 1325 1326
3 1132 1324 1126
3 1132 1327 1324
3 1326 1133 1128
3 1328 1133 1326
3 1139 1329 1138
3 1330 1140 1138
3 1330 1138 1329
3 1330 1142 1140
3 1332 1331 1144
3 1332 1144 1143
3 1132 1144 1327
3 1327 1144 1331
3 1328 1333 1133
3 1133 1333 1145
3 1147 1145 1333
3 1147 1333 1334
3 1336 1335 1149
3 1336 1149 1150
3 1139 1149 1329
3 1149 1337 1329
3 1149 1335 1337
3 1329 1337 1330
3 1330 1337 1338
3 1330 1338 1142
3 1338 1151 1142
3 1338 1339 1151
3 1143 1151 1332
3 1332 1151 1339
3 1334 1153 1147
3 1340 1153 1334
3 1342 1341 1157
3 1342 1157 1156
3 1150 1157 1336
3 1336 1157 1341
3 1340 1159 1153
3 1343 1159 1340
3 1162 1344 1163
3 1163 1344 1345
3 1346 1163 1345
3 1164 1163 1346
3 1156 1164 1342
3 1342 1164 1346
3 1343 1166 1159
3 1347 1166 1343
3 1169 1348 1344
3 1169 1344 1162
3 1345 1344 1349
3 1349 1344 1348
3 1170 1166 1350
3 1166 1351 1350
3 1166 1347 1351
3 1350 1172 1170
3 1175 1352 1348
3 1175 1348 1169
3 1349 1348 1353
3 1353 1348 1352
3 1350 1351 1354
3 1354 1351 1355
3 1354 1177 1172
3 1354 1172 1350
3 1179 1356 1180
3 1352 1175 1180
3 1356 1352 1180
3 1357 1352 1356
3 1353 1352 1358
3 1358 1352 1357
3 1354 1355 1359
3 1359 1355 1360
3 1359 1182 1177
3 1359 1177 1354
3 1184 1361 1356
3 1184 1356 1179
3 1363 1357 1362
3 1357 1361 1362
3 1357 1356 1361
3 1357 1363 1358
3 1360 1364 1359
3 1182 1359 1364
3 1365 1182 1364
3 1186 1182 1365
3 1188 1366 1361
3 1188 1361 1184
3 1362 1361 1367
3 1367 1361 1366
3 1365 1189 1186
3 1368 1189 1365
3 1191 1369 1192
3 1369 1370 1192
3 1192 1370 1188
3 1370 1371 1188
3 1371 1366 1188
3 1366 1371 1367
3 1368 1372 1189
3 1189 1372 1193
3 1194 1193 1372
3 1194 1372 1373
3 1199 1374 1369
3 1199 1369 1191
3 1370 1369 1375
3 1375 1369 1374
3 1373 1376 1194
3 1194 1376 1200
3 1202 1200 1376
3 1202 1376 1377
3 1206 1378 1207
3 1374 1199 1207
3 1378 1374 1207
3 1379 1374 1378
3 1375 1374 1380
3 1380 1374 1379
3 1377 1381 1202
3 1202 1381 1208
3 1210 1208 1381
3 1210 1381 1382
3 1212 1383 1213
3 1378 1206 1213
3 1383 1378 1213
3 1384 1378 1383
3 1378 1385 1379
3 1378 1384 1385
3 1380 1379 1386
3 1386 1379 1385
3 1388 1215 1387
3 1215 1382 1387
3 1215 1210 1382
3 1389 1388 1387
3 1217 1390 1383
3 1217 1383 1212
3 1383 1391 1384
3 1383 1390 1391
3 1384 1392 1385
3 1384 1391 1392
3 1386 1385 1393
3 1393 1385 1392
3 1388 1218 1215
3 1389 1394 1388
3 1394 1218 1388
3 1394 1219 1218
3 1219 1394 1217
3 1394 1395 1217
3 1395 1390 1217
3 1395 1394 1396
3 1390 1397 1391
3 1390 1395 1397
3 1391 1398 1392
3 1391 1397 1398
3 1393 1392 1399
3 1399 1392 1398
3 1396 1400 1395
3 1402 1401 1400
3 1401 1395 1400
3 1401 1397 1395
3 1397 1403 1398
3 1397 1401 1403
3 1399 1398 1404
3 1404 1398 1403
3 1402 1405 1401
3 1407 1406 1405
3 1406 1401 1405
3 1406 1403 1401
3 1404 1403 1408
3 1408 1403 1406
3 1407 1409 1406
3 1406 1409 1408
3 1411 1410 1221
3 1221 1410 1220
3 1221 1222 1411
3 1411 1222 1412
3 1410 1223 1220
3 1413 1223 1410
3 1414 1412 1222
3 1414 1222 1224
3 1224 1225 1414
3 1414 1225 1415
3 1413 1226 1223
3 1416 1226 1413
3 1417 1415 1225
3 1417 1225 1227
3 1227 1228 1417
3 1417 1228 1418
3 1416 1229 1226
3 1419 1229 1416
3 1420 1418 1228
3 1420 1228 1230
3 1421 1230 1231
3 1421 1420 1230
3 1231 1232 1421
3 1421 1232 1422
3 1424 1423 1234
3 1234 1423 1233
3 1234 1229 1419
3 1234 1419 1424
3 1425 1422 1232
3 1425 1232 1235
3 1426 1235 1236
3 1426 1425 1235
3 1236 1237 1426
3 1426 1237 1427
3 1423 1238 1233
3 1428 1238 1423
3 1429 1427 1237
3 1429 1237 1239
3 1430 1239 1240
3 1430 1429 1239
3 1431 1240 1241
3 1431 1430 1240
3 1432 1241 1242
3 1432 1431 1241
3 1433 1242 1243
3 1433 1432 1242
3 1434 1243 1244
3 1434 1433 1243
3 1435 1244 1245
3 1435 1434 1244
3 1436 1245 1246
3 1436 1435 1245
3 1437 1246 1247
3 1437 1436 1246
3 1438 1247 1248
3 1438 1437 1247
3 1439 1248 1249
3 1439 1438 1248
3 1440 1249 1250
3 1440 1439 1249
3 1441 1250 1251
3 1441 1440 1250
3 1251 1252 1441
3 1441 1252 1442
3 1444 1443 1255
3 1255 1443 1254
3 1255 1238 1428
3 1255 1428 1444
3 1445 1442 1252
3 1445 1252 1256
3 1447 1446 1257
3 1446 1256 1257
3 1446 1445 1256
3 1450 1449 1448
3 1443 1450 1448
3 1258 1443 1448
3 1254 1443 1258
3 1260 1451 1447
3 1260 1447 1257
3 1448 1449 1263
3 1449 1262 1263
3 1449 1452 1262
3 1448 1263 1258
3 1265 1453 1266
3 1453 1454 1266
3 1266 1454 1260
3 1454 1455 1260
3 1455 1451 1260
3 1457 1456 1269
3 1269 1456 1268
3 1269 1262 1452
3 1269 1452 1457
3 1271 1458 1453
3 1271 1453 1265
3 1454 1453 1459
3 1459 1453 1458
3 1461 1460 1274
3 1274 1460 1273
3 1274 1268 1456
3 1274 1456 1461
3 1463 1462 1458
3 1271 1463 1458
3 1277 1463 1271
3 1458 1462 1459
3 1460 1278 1273
3 1464 1278 1460
3 1466 1465 1281
3 1466 1281 1280
3 1277 1281 1463
3 1463 1281 1465
3 1469 1468 1467
3 1464 1469 1467
3 1282 1464 1467
3 1278 1464 1282
3 1284 1470 1283
3 1470 1471 1283
3 1471 1280 1283
3 1471 1466 1280
3 1467 1468 1287
3 1468 1286 1287
3 1468 1472 1286
3 1467 1287 1282
3 1474 1473 1470
3 1284 1474 1470
3 1288 1474 1284
3 1470 1473 1471
3 1477 1476 1475
3 1472 1477 1475
3 1289 1472 1475
3 1286 1472 1289
3 1291 1474 1288
3 1291 1478 1474
3 1481 1480 1479
3 1483 1482 1479
3 1479 1482 1481
3 1482 1483 1476
3 1476 1483 1475
3 1483 1293 1475
3 1293 1294 1475
3 1475 1294 1289
3 1296 1478 1291
3 1296 1484 1478
3 1487 1486 1485
3 1487 1485 1480
3 1480 1485 1479
3 1485 1298 1479
3 1298 1299 1479
3 1479 1299 1300
3 1479 1300 1483
3 1483 1300 1293
3 1304 1484 1296
3 1304 1488 1484
3 1486 1489 1485
3 1298 1485 1489
3 1490 1298 1489
3 1306 1298 1490
3 1309 1488 1304
3 1309 1491 1488
3 1490 1492 1306
3 1306 1492 1310
3 1311 1310 1492
3 1311 1492 1493
3 1495 1494 1312
3 1495 1312 1313
3 1309 1312 1491
3 1491 1312 1494
3 1493 1496 1311
3 1311 1496 1314
3 1315 1314 1496
3 1315 1496 1497
3 1500 1499 1498
3 1499 1495 1498
3 1495 1316 1498
3 1495 1313 1316
3 1497 1501 1315
3 1315 1501 1317
3 1318 1317 1501
3 1318 1501 1502
3 1500 1498 1319
3 1320 1500 1319
3 1503 1500 1320
3 1319 1498 1316
3 1502 1504 1318
3 1318 1504 1321
3 1322 1321 1504
3 1322 1504 1505
3 1507 1506 1323
3 1507 1323 1324
3 1320 1323 1503
3 1503 1323 1506
3 1505 1508 1322
3 1322 1508 1325
3 1326 1325 1508
3 1326 1508 1509
3 1327 1507 1324
3 1327 1510 1507
3 1509 1328 1326
3 1511 1328 1509
3 1513 1512 1331
3 1513 1331 1332
3 1327 1331 1510
3 1510 1331 1512
3 1511 1514 1328
3 1328 1514 1333
3 1334 1333 1514
3 1334 1514 1515
3 1336 1516 1335
3 1517 1337 1335
3 1517 1335 1516
3 1518 1338 1337
3 1518 1337 1517
3 1338 1518 1519
3 1520 1338 1519
3 1339 1338 1520
3 1332 1339 1513
3 1513 1339 1520
3 1515 1340 1334
3 1521 1340 1515
3 1342 1522 1341
3 1522 1523 1341
3 1341 1523 1336
3 1523 1524 1336
3 1524 1516 1336
3 1516 1524 1517
3 1517 1524 1525
3 1517 1525 1518
3 1518 1525 1526
3 1518 1526 1519
3 1521 1343 1340
3 1527 1343 1521
3 1345 1528 1346
3 1522 1342 1346
3 1528 1522 1346
3 1529 1522 1528
3 1523 1522 1530
3 1530 1522 1529
3 1527 1347 1343
3 1531 1347 1527
3 1349 1532 1528
3 1349 1528 1345
3 1534 1529 1533
3 1529 1532 1533
3 1529 1528 1532
3 1529 1534 1530
3 1531 1351 1347
3 1535 1351 1531
3 1537 1536 1532
3 1349 1537 1532
3 1353 1537 1349
3 1532 1536 1533
3 1535 1355 1351
3 1538 1355 1535
3 1358 1537 1353
3 1358 1539 1537
3 1538 1360 1355
3 1540 1360 1538
3 1542 1541 1363
3 1542 1363 1362
3 1358 1363 1539
3 1539 1363 1541
3 1540 1543 1360
3 1360 1543 1364
3 1365 1364 1543
3 1365 1543 1544
3 1367 1542 1362
3 1367 1545 1542
3 1544 1368 1365
3 1546 1368 1544
3 1370 1547 1371
3 1547 1548 1371
3 1548 1367 1371
3 1548 1545 1367
3 1546 1549 1368
3 1368 1549 1372
3 1373 1372 1549
3 1373 1549 1550
3 1375 1551 1547
3 1375 1547 1370
3 1548 1547 1552
3 1552 1547 1551
3 1550 1553 1373
3 1373 1553 1376
3 1377 1376 1553
3 1377 1553 1554
3 1380 1555 1551
3 1380 1551 1375
3 1552 1551 1556
3 1556 1551 1555
3 1554 1557 1377
3 1377 1557 1381
3 1382 1381 1557
3 1382 1557 1558
3 1386 1559 1555
3 1386 1555 1380
3 1556 1555 1560
3 1560 1555 1559
3 1558 1561 1382
3 1382 1561 1387
3 1389 1387 1561
3 1389 1561 1562
3 1393 1563 1559
3 1393 1559 1386
3 1560 1559 1564
3 1564 1559 1563
3 1562 1565 1389
3 1389 1565 1394
3 1396 1394 1565
3 1396 1565 1566
3 1399 1567 1563
3 1399 1563 1393
3 1564 1563 1568
3 1568 1563 1567
3 1566 1569 1396
3 1396 1569 1400
3 1402 1400 1569
3 1402 1569 1570
3 1404 1571 1567
3 1404 1567 1399
3 1568 1567 1572
3 1572 1567 1571
3 1570 1573 1402
3 1402 1573 1405
3 1407 1405 1573
3 1407 1573 1574
3 1408 1575 1571
3 1408 1571 1404
3 1572 1571 1576
3 1576 1571 1575
3 1574 1577 1407
3 1407 1577 1409
3 1409 1577 1408
3 1577 1578 1408
3 1578 1575 1408
3 1578 1577 1579
3 1576 1575 1580
3 1580 1575 1578
3 1579 1581 1578
3 1581 1582 1578
3 1582 1583 1578
3 1584 1580 1578
3 1584 1578 1583
3 1583 1585 1584
3 1582 1586 1583
3 1583 1586 1585
3 1588 1587 1411
3 1411 1587 1410
3 1411 1412 1588
3 1588 1412 1589
3 1587 1413 1410
3 1590 1413 1587
3 1591 1589 1412
3 1591 1412 1414
3 1414 1415 1591
3 1591 1415 1592
3 1590 1416 1413
3 1593 1416 1590
3 1594 1592 1415
3 1594 1415 1417
3 1417 1418 1594
3 1594 1418 1595
3 1593 1419 1416
3 1596 1419 1593
3 1597 1595 1418
3 1597 1418 1420
3 1598 1420 1421
3 1598 1597 1420
3 1421 1422 1598
3 1598 1422 1599
3 1601 1600 1424
3 1424 1600 1423
3 1424 1419 1596
3 1424 1596 1601
3 1602 1599 1422
3 1602 1422 1425
3 1603 1425 1426
3 1603 1602 1425
3 1426 1427 1603
3 1603 1427 1604
3 1600 1428 1423
3 1605 1428 1600
3 1606 1604 1427
3 1606 1427 1429
3 1607 1429 1430
3 1607 1606 1429
3 1608 1430 1431
3 1608 1607 1430
3 1609 1431 1432
3 1609 1608 1431
3 1610 1432 1433
3 1610 1609 1432
3 1611 1433 1434
3 1611 1610 1433
3 1612 1434 1435
3 1612 1611 1434
3 1613 1435 1436
3 1613 1612 1435
3 1614 1436 1437
3 1614 1613 1436
3 1615 1437 1438
3 1615 1614 1437
3 1616 1438 1439
3 1616 1615 1438
3 1617 1439 1440
3 1617 1616 1439
3 1618 1440 1441
3 1618 1617 1440
3 1441 1442 1618
3 1618 1442 1619
3 1621 1620 1444
3 1444 1620 1443
3 1444 1428 1605
3 1444 1605 1621
3 1622 1619 1442
3 1622 1442 1445
3 1623 1445 1446
3 1623 1622 1445
3 1625 1624 1450
3 1450 1624 1449
3 1450 1443 1620
3 1450 1620 1625
3 1628 1627 1626
3 1624 1628 1626
3 1452 1624 1626
3 1449 1624 1452
3 1630 1629 1455
3 1630 1455 1454
3 1626 1627 1457
3 1627 1456 1457
3 1627 1631 1456
3 1626 1457 1452
3 1634 1633 1632
3 1633 1630 1632
3 1630 1459 1632
3 1630 1454 1459
3 1636 1635 1461
3 1461 1635 1460
3 1461 1456 1631
3 1461 1631 1636
3 1634 1632 1462
3 1463 1634 1462
3 1637 1634 1463
3 1462 1632 1459
3 1635 1464 1460
3 1638 1464 1635
3 1640 1639 1465
3 1640 1465 1466
3 1463 1465 1637
3 1637 1465 1639
3 1642 1641 1469
3 1469 1641 1468
3 1469 1464 1638
3 1469 1638 1642
3 1645 1644 1643
3 1644 1640 1643
3 1640 1471 1643
3 1640 1466 1471
3 1648 1647 1646
3 1641 1648 1646
3 1472 1641 1646
3 1468 1641 1472
3 1645 1643 1473
3 1474 1645 1473
3 1649 1645 1474
3 1473 1643 1471
3 1652 1651 1650
3 1654 1653 1650
3 1650 1653 1652
3 1653 1654 1647
3 1647 1654 1646
3 1654 1476 1646
3 1476 1477 1646
3 1646 1477 1472
3 1478 1649 1474
3 1478 1655 1649
3 1658 1657 1656
3 1660 1659 1656
3 1656 1659 1658
3 1659 1660 1651
3 1651 1660 1650
3 1660 1480 1650
3 1480 1481 1650
3 1650 1481 1482
3 1650 1482 1654
3 1654 1482 1476
3 1484 1655 1478
3 1484 1661 1655
3 1657 1662 1656
3 1663 1486 1487
3 1656 1663 1487
3 1660 1656 1487
3 1662 1663 1656
3 1660 1487 1480
3 1488 1661 1484
3 1488 1664 1661
3 1663 1665 1486
3 1486 1665 1489
3 1490 1489 1665
3 1490 1665 1666
3 1491 1664 1488
3 1491 1667 1664
3 1666 1668 1490
3 1490 1668 1492
3 1493 1492 1668
3 1493 1668 1669
3 1671 1670 1494
3 1671 1494 1495
3 1491 1494 1667
3 1667 1494 1670
3 1669 1672 1493
3 1493 1672 1496
3 1497 1496 1672
3 1497 1672 1673
3 1675 1674 1499
3 1675 1499 1500
3 1495 1499 1671
3 1671 1499 1674
3 1673 1676 1497
3 1497 1676 1501
3 1502 1501 1676
3 1502 1676 1677
3 1503 1675 1500
3 1503 1678 1675
3 1677 1679 1502
3 1502 1679 1504
3 1505 1504 1679
3 1505 1679 1680
3 1682 1681 1506
3 1682 1506 1507
3 1503 1506 1678
3 1678 1506 1681
3 1680 1683 1505
3 1505 1683 1508
3 1509 1508 1683
3 1509 1683 1684
3 1687 1686 1685
3 1686 1682 1685
3 1682 1510 1685
3 1682 1507 1510
3 1684 1511 1509
3 1688 1511 1684
3 1687 1685 1512
3 1513 1687 1512
3 1689 1687 1513
3 1512 1685 1510
3 1688 1690 1511
3 1511 1690 1514
3 1515 1514 1690
3 1515 1690 1691
3 1693 1692 1520
3 1693 1520 1519
3 1513 1520 1689
3 1689 1520 1692
3 1691 1521 1515
3 1694 1521 1691
3 1523 1695 1524
3 1524 1695 1696
3 1697 1524 1696
3 1525 1524 1697
3 1525 1698 1526
3 1697 1698 1525
3 1519 1526 1693
3 1693 1526 1698
3 1694 1527 1521
3 1699 1527 1694
3 1701 1700 1695
3 1523 1701 1695
3 1530 1701 1523
3 1695 1700 1696
3 1699 1531 1527
3 1702 1531 1699
3 1704 1703 1534
3 1704 1534 1533
3 1530 1534 1701
3 1701 1534 1703
3 1702 1535 1531
3 1705 1535 1702
3 1707 1706 1536
3 1707 1536 1537
3 1533 1536 1704
3 1704 1536 1706
3 1705 1538 1535
3 1708 1538 1705
3 1539 1707 1537
3 1539 1709 1707
3 1708 1540 1538
3 1710 1540 1708
3 1712 1711 1541
3 1712 1541 1542
3 1539 1541 1709
3 1709 1541 1711
3 1710 1713 1540
3 1540 1713 1543
3 1544 1543 1713
3 1544 1713 1714
3 1545 1712 1542
3 1545 1715 1712
3 1714 1546 1544
3 1716 1546 1714
3 1548 1715 1545
3 1548 1717 1715
3 1716 1718 1546
3 1546 1718 1549
3 1550 1549 1718
3 1550 1718 1719
3 1552 1717 1548
3 1552 1720 1717
3 1719 1721 1550
3 1550 1721 1553
3 1554 1553 1721
3 1554 1721 1722
3 1556 1720 1552
3 1556 1723 1720
3 1726 1725 1724
3 1728 1727 1724
3 1724 1727 1726
3 1728 1729 1727
3 1722 1730 1554
3 1554 1730 1557
3 1558 1557 1730
3 1558 1730 1731
3 1560 1733 1732
3 1723 1560 1732
3 1556 1560 1723
3 1733 1734 1732
3 1724 1725 1735
3 1735 1725 1736
3 1738 1728 1737
3 1728 1735 1737
3 1728 1724 1735
3 1728 1738 1729
3 1731 1739 1558
3 1558 1739 1561
3 1562 1561 1739
3 1562 1739 1740
3 1564 1741 1733
3 1564 1733 1560
3 1734 1733 1742
3 1742 1733 1741
3 1745 1744 1743
3 1747 1746 1743
3 1746 1735 1743
3 1736 1745 1743
3 1736 1743 1735
3 1735 1746 1737
3 1740 1748 1562
3 1562 1748 1565
3 1566 1565 1748
3 1566 1748 1749
3 1568 1750 1741
3 1568 1741 1564
3 1742 1741 1751
3 1751 1741 1750
3 1754 1753 1752
3 1756 1755 1752
3 1752 1755 1754
3 1758 1757 1756
3 1757 1743 1756
3 1744 1755 1756
3 1744 1756 1743
3 1743 1757 1747
3 1749 1759 1566
3 1566 1759 1569
3 1570 1569 1759
3 1570 1759 1760
3 1572 1761 1750
3 1572 1750 1568
3 1751 1750 1762
3 1750 1763 1762
3 1750 1761 1763
3 1762 1763 1753
3 1763 1752 1753
3 1763 1764 1752
3 1752 1765 1756
3 1752 1764 1765
3 1758 1756 1766
3 1766 1756 1765
3 1760 1767 1570
3 1570 1767 1573
3 1574 1573 1767
3 1574 1767 1768
3 1576 1769 1761
3 1576 1761 1572
3 1761 1770 1763
3 1761 1769 1770
3 1763 1771 1764
3 1763 1770 1771
3 1773 1765 1772
3 1765 1771 1772
3 1765 1764 1771
3 1765 1773 1766
3 1768 1774 1574
3 1574 1774 1577
3 1579 1577 1774
3 1579 1774 1775
3 1580 1776 1769
3 1580 1769 1576
3 1769 1777 1770
3 1769 1776 1777
3 1779 1771 1778
3 1771 1777 1778
3 1771 1770 1777
3 1771 1779 1772
3 1775 1780 1579
3 1579 1780 1581
3 1780 1781 1581
3 1780 1580 1781
3 1580 1780 1776
3 1782 1776 1780
3 1776 1782 1584
3 1781 1584 1782
3 1782 1582 1781
3 1781 1582 1581
3 1580 1584 1781
3 1776 1584 1585
3 1783 1776 1585
3 1777 1776 1783
3 1778 1777 1784
3 1784 1777 1783
3 1782 1785 1582
3 1582 1785 1586
3 1586 1785 1585
3 1785 1786 1585
3 1786 1783 1585
3 1786 1785 1787
3 1784 1783 1788
3 1788 1783 1786
3 1789 1587 1588
3 1589 1789 1588
3 1791 1790 1789
3 1790 1587 1789
3 1790 1590 1587
3 1791 1789 1589
3 1591 1791 1589
3 1792 1791 1591
3 1591 1592 1792
3 1792 1592 1793
3 1790 1593 1590
3 1794 1593 1790
3 1795 1793 1592
3 1795 1592 1594
3 1594 1595 1795
3 1795 1595 1796
3 1794 1596 1593
3 1797 1596 1794
3 1798 1796 1595
3 1798 1595 1597
3 1799 1597 1598
3 1799 1798 1597
3 1598 1599 1799
3 1799 1599 1800
3 1802 1801 1601
3 1601 1801 1600
3 1601 1596 1797
3 1601 1797 1802
3 1803 1800 1599
3 1803 1599 1602
3 1804 1602 1603
3 1804 1803 1602
3 1603 1604 1804
3 1804 1604 1805
3 1801 1605 1600
3 1806 1605 1801
3 1807 1805 1604
3 1807 1604 1606
3 1808 1606 1607
3 1808 1807 1606
3 1809 1607 1608
3 1809 1808 1607
3 1810 1608 1609
3 1810 1809 1608
3 1811 1609 1610
3 1811 1810 1609
3 1812 1610 1611
3 1812 1811 1610
3 1813 1611 1612
3 1813 1812 1611
3 1814 1612 1613
3 1814 1813 1612
3 1815 1613 1614
3 1815 1814 1613
3 1816 1614 1615
3 1816 1815 1614
3 1817 1615 1616
3 1817 1816 1615
3 1818 1616 1617
3 1818 1817 1616
3 1819 1617 1618
3 1819 1818 1617
3 1618 1619 1819
3 1819 1619 1820
3 1822 1821 1621
3 1621 1821 1620
3 1621 1605 1806
3 1621 1806 1822
3 1823 1820 1619
3 1823 1619 1622
3 1824 1622 1623
3 1824 1823 1622
3 1826 1825 1625
3 1625 1825 1624
3 1625 1620 1821
3 1625 1821 1826
3 1829 1828 1827
3 1830 1627 1628
3 1831 1830 1628
3 1624 1831 1628
3 1825 1831 1624
3 1829 1827 1629
3 1630 1829 1629
3 1832 1829 1630
3 1834 1833 1830
3 1833 1627 1830
3 1833 1631 1627
3 1834 1830 1831
3 1836 1835 1633
3 1836 1633 1634
3 1630 1633 1832
3 1832 1633 1835
3 1838 1837 1636
3 1636 1837 1635
3 1636 1631 1833
3 1636 1833 1838
3 1841 1840 1839
3 1840 1836 1839
3 1836 1637 1839
3 1836 1634 1637
3 1837 1638 1635
3 1842 1638 1837
3 1841 1839 1639
3 1640 1841 1639
3 1843 1841 1640
3 1639 1839 1637
3 1845 1844 1642
3 1642 1844 1641
3 1642 1638 1842
3 1642 1842 1845
3 1847 1846 1644
3 1847 1644 1645
3 1640 1644 1843
3 1843 1644 1846
3 1850 1849 1848
3 1647 1648 1848
3 1648 1850 1848
3 1648 1851 1850
3 1648 1641 1844
3 1648 1844 1851
3 1649 1847 1645
3 1649 1852 1847
3 1855 1854 1853
3 1857 1856 1853
3 1853 1856 1855
3 1859 1858 1857
3 1857 1858 1856
3 1651 1652 1859
3 1652 1858 1859
3 1652 1860 1858
3 1653 1848 1849
3 1860 1653 1849
3 1652 1653 1860
3 1848 1653 1647
3 1655 1852 1649
3 1655 1861 1852
3 1854 1862 1853
3 1863 1657 1658
3 1853 1863 1658
3 1857 1853 1658
3 1862 1863 1853
3 1857 1658 1659
3 1857 1659 1859
3 1859 1659 1651
3 1661 1861 1655
3 1661 1864 1861
3 1863 1865 1657
3 1657 1865 1662
3 1663 1662 1865
3 1663 1865 1866
3 1664 1864 1661
3 1664 1867 1864
3 1866 1868 1663
3 1663 1868 1665
3 1666 1665 1868
3 1666 1868 1869
3 1667 1867 1664
3 1667 1870 1867
3 1869 1871 1666
3 1666 1871 1668
3 1669 1668 1871
3 1669 1871 1872
3 1875 1874 1873
3 1670 1671 1873
3 1874 1670 1873
3 1876 1670 1874
3 1667 1670 1870
3 1870 1670 1876
3 1872 1877 1669
3 1669 1877 1672
3 1673 1672 1877
3 1673 1877 1878
3 1875 1873 1674
3 1675 1875 1674
3 1879 1875 1675
3 1674 1873 1671
3 1878 1880 1673
3 1673 1880 1676
3 1677 1676 1880
3 1677 1880 1881
3 1884 1883 1882
3 1883 1879 1882
3 1879 1678 1882
3 1879 1675 1678
3 1881 1885 1677
3 1677 1885 1679
3 1680 1679 1885
3 1680 1885 1886
3 1889 1888 1887
3 1890 1887 1888
3 1893 1892 1891
3 1891 1892 1884
3 1891 1884 1882
3 1682 1891 1882
3 1681 1682 1882
3 1681 1882 1678
3 1886 1894 1680
3 1680 1894 1683
3 1684 1683 1894
3 1684 1894 1895
3 1898 1897 1896
3 1889 1887 1899
3 1897 1900 1896
3 1899 1887 1890
3 1893 1891 1686
3 1687 1893 1686
3 1901 1893 1687
3 1686 1891 1682
3 1895 1688 1684
3 1902 1688 1895
3 1905 1904 1903
3 1903 1904 1898
3 1896 1903 1898
3 1906 1903 1896
3 1896 1900 1907
3 1896 1907 1906
3 1910 1909 1908
3 1909 1901 1908
3 1901 1689 1908
3 1901 1687 1689
3 1902 1911 1688
3 1688 1911 1690
3 1691 1690 1911
3 1691 1911 1912
3 1905 1903 1913
3 1905 1913 1914
3 1915 1903 1906
3 1913 1903 1915
3 1906 1907 1916
3 1917 1906 1916
3 1915 1906 1917
3 1917 1916 1910
3 1917 1910 1908
3 1693 1917 1908
3 1692 1693 1908
3 1692 1908 1689
3 1912 1694 1691
3 1918 1694 1912
3 1921 1920 1919
3 1922 1919 1920
3 1914 1913 1923
3 1914 1923 1924
3 1696 1923 1697
3 1923 1915 1697
3 1923 1913 1915
3 1697 1915 1698
3 1698 1915 1917
3 1698 1917 1693
3 1918 1699 1694
3 1925 1699 1918
3 1921 1919 1926
3 1921 1926 1927
3 1919 1922 1928
3 1919 1928 1926
3 1931 1930 1929
3 1929 1930 1924
3 1929 1924 1923
3 1701 1929 1923
3 1700 1701 1923
3 1700 1923 1696
3 1933 1702 1932
3 1702 1925 1932
3 1702 1699 1925
3 1933 1932 1927
3 1926 1933 1927
3 1934 1933 1926
3 1926 1928 1935
3 1926 1935 1934
3 1931 1929 1703
3 1704 1931 1703
3 1936 1931 1704
3 1703 1929 1701
3 1938 1937 1933
3 1937 1702 1933
3 1937 1705 1702
3 1938 1933 1934
3 1938 1934 1939
3 1939 1934 1935
3 1941 1940 1706
3 1941 1706 1707
3 1704 1706 1936
3 1936 1706 1940
3 1937 1708 1705
3 1942 1708 1937
3 1945 1944 1943
3 1944 1941 1943
3 1941 1709 1943
3 1941 1707 1709
3 1942 1710 1708
3 1946 1710 1942
3 1945 1943 1711
3 1712 1945 1711
3 1947 1945 1712
3 1711 1943 1709
3 1946 1948 1710
3 1710 1948 1713
3 1714 1713 1948
3 1714 1948 1949
3 1715 1947 1712
3 1715 1950 1947
3 1949 1716 1714
3 1951 1716 1949
3 1717 1950 1715
3 1717 1952 1950
3 1951 1953 1716
3 1716 1953 1718
3 1719 1718 1953
3 1719 1953 1954
3 1720 1952 1717
3 1720 1955 1952
3 1958 1957 1956
3 1960 1959 1956
3 1956 1959 1958
3 1960 1961 1959
3 1954 1962 1719
3 1719 1962 1721
3 1722 1721 1962
3 1722 1962 1963
3 1723 1965 1964
3 1955 1723 1964
3 1720 1723 1955
3 1965 1966 1964
3 1956 1957 1726
3 1957 1725 1726
3 1957 1967 1725
3 1956 1726 1727
3 1956 1727 1960
3 1727 1729 1960
3 1729 1961 1960
3 1729 1968 1961
3 1963 1969 1722
3 1722 1969 1730
3 1731 1730 1969
3 1731 1969 1970
3 1732 1965 1723
3 1732 1734 1965
3 1734 1966 1965
3 1734 1971 1966
3 1974 1973 1972
3 1967 1974 1972
3 1736 1967 1972
3 1725 1967 1736
3 1976 1975 1738
3 1976 1738 1737
3 1729 1738 1968
3 1968 1738 1975
3 1970 1977 1731
3 1731 1977 1739
3 1740 1739 1977
3 1740 1977 1978
3 1742 1980 1979
3 1971 1742 1979
3 1734 1742 1971
3 1982 1981 1980
3 1980 1981 1979
3 1984 1983 1982
3 1982 1983 1981
3 1983 1984 1973
3 1973 1984 1972
3 1984 1744 1972
3 1744 1745 1972
3 1986 1985 1747
3 1986 1745 1985
3 1745 1986 1972
3 1987 1972 1986
3 1972 1987 1736
3 1985 1736 1987
3 1987 1746 1985
3 1985 1746 1747
3 1745 1736 1985
3 1737 1746 1976
3 1976 1746 1987
3 1978 1988 1740
3 1740 1988 1748
3 1749 1748 1988
3 1749 1988 1989
3 1751 1990 1980
3 1751 1980 1742
3 1990 1753 1754
3 1982 1990 1754
3 1980 1990 1982
3 1982 1754 1755
3 1982 1755 1984
3 1992 1991 1758
3 1992 1755 1991
3 1755 1992 1984
3 1993 1984 1992
3 1984 1993 1744
3 1991 1744 1993
3 1993 1757 1991
3 1991 1757 1758
3 1755 1744 1991
3 1747 1757 1986
3 1986 1757 1993
3 1989 1994 1749
3 1749 1994 1759
3 1760 1759 1994
3 1760 1994 1995
3 1762 1990 1751
3 1990 1762 1753
3 1766 1992 1758
3 1766 1996 1992
3 1995 1997 1760
3 1760 1997 1767
3 1768 1767 1997
3 1768 1997 1998
3 2000 1999 1773
3 2000 1773 1772
3 1766 1773 1996
3 1996 1773 1999
3 1998 2001 1768
3 1768 2001 1774
3 1775 1774 2001
3 1775 2001 2002
3 2004 2003 1779
3 2004 1779 1778
3 1772 1779 2000
3 2000 1779 2003
3 2002 2005 1775
3 1775 2005 1780
3 1782 1780 2005
3 1782 2005 2006
3 1784 2004 1778
3 1784 2007 2004
3 2006 2008 1782
3 1782 2008 1785
3 1787 1785 2008
3 1787 2008 2009
3 1788 2007 1784
3 1788 2010 2007
3 2012 2011 1791
3 1791 2011 1790
3 2013 1791 1792
3 2013 2012 1791
3 1792 1793 2013
3 2013 1793 2014
3 2011 1794 1790
3 2015 1794 2011
3 2016 2014 1793
3 2016 1793 1795
3 1795 1796 2016
3 2016 1796 2017
3 2015 1797 1794
3 2018 1797 2015
3 2019 2017 1796
3 2019 1796 1798
3 2020 1798 1799
3 2020 2019 1798
3 1799 1800 2020
3 2020 1800 2021
3 2023 2022 1802
3 1802 2022 1801
3 1802 1797 2018
3 1802 2018 2023
3 2024 2021 1800
3 2024 1800 1803
3 2025 1803 1804
3 2025 2024 1803
3 1804 1805 2025
3 2025 1805 2026
3 2022 1806 1801
3 2027 1806 2022
3 2028 2026 1805
3 2028 1805 1807
3 2029 1807 1808
3 2029 2028 1807
3 2030 1808 1809
3 2030 2029 1808
3 2031 1809 1810
3 2031 2030 1809
3 2032 1810 1811
3 2032 2031 1810
3 2033 1811 1812
3 2033 2032 1811
3 2034 1812 1813
3 2034 2033 1812
3 2036 2034 2035
3 2034 1814 2035
3 2034 1813 1814
3 1815 2037 1814
3 1814 2037 2035
3 1816 2038 1815
3 1815 2038 2037
3 1817 2039 1816
3 1816 2039 2038
3 1818 2040 1817
3 1817 2040 2039
3 1819 2041 1818
3 1818 2041 2040
3 1820 2041 1819
3 2043 2042 1822
3 1822 2042 1821
3 1822 1806 2027
3 1822 2027 2043
3 2044 2036 2035
3 2044 2035 2037
3 2044 2037 2045
3 2045 2037 2038
3 2045 2038 2046
3 2046 2038 2039
3 2046 2039 2047
3 2047 2039 2040
3 2047 2040 2048
3 2048 2040 2041
3 2048 2041 2049
3 2049 2041 1820
3 1823 2049 1820
3 2050 2049 1823
3 2052 2050 2051
3 2050 1824 2051
3 2050 1823 1824
3 2054 2053 1826
3 1826 2053 1825
3 1826 1821 2042
3 1826 2042 2054
3 2052 2051 1828
3 1829 2052 1828
3 2055 2052 1829
3 2053 1831 1825
3 2056 1831 2053
3 2059 2058 2057
3 2058 2055 2057
3 2055 1832 2057
3 2055 1829 1832
3 2061 2060 1834
3 1834 2060 1833
3 1834 1831 2056
3 1834 2056 2061
3 2064 2063 2062
3 2062 2063 2059
3 2062 2059 2057
3 1836 2062 2057
3 1835 1836 2057
3 1835 2057 1832
3 2065 1837 1838
3 2066 2065 1838
3 1833 2066 1838
3 2060 2066 1833
3 2064 2062 1840
3 1841 2064 1840
3 2067 2064 1841
3 1840 2062 1836
3 2069 2068 2065
3 2068 1837 2065
3 2068 1842 1837
3 2069 2065 2066
3 2072 2071 2070
3 2071 2067 2070
3 2067 1843 2070
3 2067 1841 1843
3 2074 2073 1845
3 1845 2073 1844
3 1845 1842 2068
3 1845 2068 2074
3 2072 2070 1846
3 1847 2072 1846
3 2075 2072 1847
3 1846 2070 1843
3 2078 2077 2076
3 1849 1850 2076
3 1850 2078 2076
3 1850 2079 2078
3 2080 1850 1851
3 2080 2079 1850
3 1851 1844 2073
3 1851 2073 2080
3 2083 2082 2081
3 2082 2075 2081
3 2075 1852 2081
3 2075 1847 1852
3 2085 2084 1855
3 1855 2084 1854
3 2086 1855 1856
3 2086 2085 1855
3 2087 1856 1858
3 2087 2086 1856
3 1860 2076 2077
3 2087 1860 2077
3 1858 1860 2087
3 2076 1860 1849
3 2083 2081 2088
3 2083 2088 2089
3 1861 2088 1852
3 1852 2088 2081
3 2084 2090 1854
3 1854 2090 1862
3 1863 1862 2090
3 1863 2090 2091
3 2092 2089 2088
3 2088 1861 2092
3 1861 2093 2092
3 1861 1864 2093
3 2091 2094 1863
3 1863 2094 1865
3 1866 1865 2094
3 1866 2094 2095
3 1867 2093 1864
3 1867 2096 2093
3 2095 2097 1866
3 1866 2097 1868
3 1869 1868 2097
3 1869 2097 2098
3 2101 2100 2099
3 2103 2102 2099
3 2103 2099 2100
3 2103 2096 2102
3 2096 1870 2102
3 2096 1867 1870
3 2098 2104 1869
3 1869 2104 1871
3 1872 1871 2104
3 1872 2104 2105
3 2108 2107 2106
3 2109 2106 2107
3 2112 2111 2110
3 2110 2111 2101
3 2110 2101 2099
3 1875 2110 2099
3 1874 1875 2099
3 1874 2099 1876
3 1876 2099 2102
3 1876 2102 1870
3 2105 2113 1872
3 1872 2113 1877
3 1878 1877 2113
3 1878 2113 2114
3 2108 2106 2115
3 2108 2115 2116
3 2106 2109 2117
3 2106 2117 2115
3 2112 2110 2118
3 2112 2118 2119
3 1879 2118 1875
3 1875 2118 2110
3 2114 2120 1878
3 1878 2120 1880
3 1881 1880 2120
3 1881 2120 2121
3 2124 2123 2122
3 2122 2123 2116
3 2115 2122 2116
3 2125 2122 2115
3 2115 2117 2126
3 2127 2115 2126
3 2125 2115 2127
3 2129 2128 2127
3 2129 2127 2126
3 2128 2129 2119
3 2128 2119 2118
3 1884 2128 2118
3 1883 1884 2118
3 1883 2118 1879
3 2121 2130 1881
3 1881 2130 1885
3 1886 1885 2130
3 1886 2130 2131
3 2134 2133 2132
3 2132 2133 2124
3 2122 2132 2124
3 2135 2132 2122
3 1889 2135 1888
3 2135 2125 1888
3 2135 2122 2125
3 1888 2125 1890
3 2125 2136 1890
3 2125 2127 2136
3 1893 2136 1892
3 2136 2128 1892
3 2136 2127 2128
3 1892 2128 1884
3 2131 2137 1886
3 1886 2137 1894
3 1895 1894 2137
3 1895 2137 2138
3 2141 2140 2139
3 2142 2139 2140
3 2145 2144 2143
3 2143 2144 2134
3 2132 2143 2134
3 2146 2143 2132
3 1898 2146 1897
3 2146 2135 1897
3 2146 2132 2135
3 1900 1897 2147
3 1897 2135 2147
3 1889 1899 2147
3 1889 2147 2135
3 1890 2136 1899
3 2136 2147 1899
3 2136 2148 2147
3 1901 2148 1893
3 1893 2148 2136
3 2138 1902 1895
3 2149 1902 2138
3 2141 2139 2150
3 2141 2150 2151
3 2139 2142 2152
3 2139 2152 2150
3 2155 2154 2153
3 2153 2154 2145
3 2143 2153 2145
3 2156 2153 2143
3 1905 2156 1904
3 2156 2146 1904
3 2156 2143 2146
3 1904 2146 1898
3 2157 1907 2147
3 2147 1907 1900
3 1910 2157 1909
3 2157 2148 1909
3 2157 2147 2148
3 1909 2148 1901
3 2149 2158 1902
3 1902 2158 1911
3 2160 2159 1912
3 1911 2160 1912
3 2158 2160 1911
3 2162 2161 2159
3 2162 2159 2160
3 2161 2162 2151
3 2150 2161 2151
3 2163 2161 2150
3 2150 2152 2164
3 2150 2164 2163
3 2165 2155 2153
3 2167 2166 2165
3 2153 2167 2165
3 2156 2167 2153
3 1914 2167 1905
3 1905 2167 2156
3 2157 1916 1907
3 1916 2157 1910
3 2168 1918 2159
3 2159 1918 1912
3 1921 2168 1920
3 2168 2161 1920
3 2168 2159 2161
3 1920 2161 1922
3 2161 2169 1922
3 2161 2163 2169
3 2163 2164 2170
3 2163 2170 2169
3 2166 2167 2171
3 2166 2171 2172
3 1924 2171 1914
3 1914 2171 2167
3 2173 1925 2168
3 2168 1925 1918
3 1927 2173 1921
3 1921 2173 2168
3 2174 1928 2169
3 2169 1928 1922
3 2169 2170 2175
3 2169 2175 2174
3 2172 2171 1930
3 1931 2172 1930
3 2176 2172 1931
3 1930 2171 1924
3 2173 1932 1925
3 1932 2173 1927
3 2177 1935 2174
3 2174 1935 1928
3 2174 2175 2178
3 2174 2178 2177
3 2181 2180 2179
3 2180 2176 2179
3 2176 1936 2179
3 2176 1931 1936
3 2182 1937 1938
3 1939 2183 1938
3 1938 2183 2182
3 1935 2177 1939
3 2177 2183 1939
3 2177 2184 2183
3 2177 2178 2185
3 2177 2185 2184
3 2181 2179 1940
3 1941 2181 1940
3 2186 2181 1941
3 1940 2179 1936
3 2187 1942 2182
3 2182 1942 1937
3 2183 2189 2188
3 2187 2183 2188
3 2182 2183 2187
3 2191 2190 2189
3 2183 2191 2189
3 2184 2191 2183
3 2184 2185 2192
3 2184 2192 2191
3 2194 2193 1944
3 2194 1944 1945
3 1941 1944 2186
3 2186 1944 2193
3 2195 1946 2187
3 2187 1946 1942
3 2187 2188 2196
3 2187 2196 2195
3 2190 2191 2197
3 2190 2197 2198
3 2191 2192 2199
3 2191 2199 2197
3 1947 2194 1945
3 1947 2200 2194
3 2195 1948 1946
3 1949 1948 2195
3 2196 1949 2195
3 2201 1949 2196
3 2198 2197 2202
3 2198 2202 2203
3 2197 2199 2204
3 2197 2204 2202
3 1950 2200 1947
3 1950 2205 2200
3 2207 1951 2206
3 1951 2201 2206
3 1951 1949 2201
3 2207 2206 2203
3 2202 2207 2203
3 2208 2207 2202
3 2202 2204 2209
3 2202 2209 2208
3 1952 2205 1950
3 1952 2210 2205
3 2207 1953 1951
3 2207 2208 2211
3 1954 2207 2211
3 2212 1954 2211
3 2207 1954 1953
3 2211 2208 2209
3 1955 2210 1952
3 1955 2213 2210
3 2215 2214 1958
3 1958 2214 1957
3 2216 1958 1959
3 2216 2215 1958
3 1959 1961 2216
3 2216 1961 2217
3 2212 2218 1954
3 1954 2218 1962
3 1963 1962 2218
3 1963 2218 2219
3 2220 2213 1955
3 2220 1955 1964
3 1964 1966 2220
3 2220 1966 2221
3 2214 1967 1957
3 2222 1967 2214
3 1968 2217 1961
3 1968 2223 2217
3 2219 2224 1963
3 1963 2224 1969
3 1970 1969 2224
3 1970 2224 2225
3 1971 2221 1966
3 1971 2226 2221
3 2228 2227 1974
3 1974 2227 1973
3 2222 2229 1967
3 2229 2230 1967
3 2231 1967 2230
3 1967 2231 1974
3 2232 1974 2231
3 1974 2232 2229
3 2229 2228 1974
3 2222 2228 2229
3 2229 2232 2230
3 1975 1976 2231
3 2230 1975 2231
3 2233 1975 2230
3 1968 1975 2223
3 2223 1975 2233
3 1977 1970 2234
3 1970 2235 2234
3 1970 2225 2235
3 2234 1978 1977
3 2236 2226 1971
3 2236 1971 1979
3 2237 1979 1981
3 2237 2236 1979
3 2238 1981 1983
3 2238 2237 1981
3 1983 1973 2227
3 1983 2227 2238
3 2232 2231 1987
3 1986 2232 1987
3 2239 2232 1986
3 1987 2231 1976
3 2235 2240 2234
3 2234 2240 1978
3 2240 1988 1978
3 2240 2241 1988
3 1989 1988 2241
3 1989 2241 2242
3 2244 2243 1993
3 2244 1993 1992
3 1986 1993 2239
3 2239 1993 2243
3 2242 2245 1989
3 1989 2245 1994
3 1995 1994 2245
3 1995 2245 2246
3 2249 2248 2247
3 2248 2244 2247
3 2244 1996 2247
3 2244 1992 1996
3 2246 2250 1995
3 1995 2250 1997
3 1998 1997 2250
3 1998 2250 2251
3 2249 2247 1999
3 2000 2249 1999
3 2252 2249 2000
3 1999 2247 1996
3 2251 2253 1998
3 1998 2253 2001
3 2002 2001 2253
3 2002 2253 2254
3 2256 2255 2003
3 2256 2003 2004
3 2000 2003 2252
3 2252 2003 2255
3 2254 2257 2002
3 2002 2257 2005
3 2006 2005 2257
3 2006 2257 2258
3 2007 2256 2004
3 2007 2259 2256
3 2258 2260 2006
3 2006 2260 2008
3 2009 2008 2260
3 2009 2260 2261
3 2010 2259 2007
3 2010 2262 2259
3 2263 2011 2012
3 2263 2012 2264
3 2012 2265 2264
3 2012 2013 2265
3 2013 2014 2265
3 2265 2014 2266
3 2268 2267 2263
3 2267 2011 2263
3 2267 2015 2011
3 2268 2263 2264
3 2269 2266 2014
3 2269 2014 2016
3 2016 2017 2269
3 2269 2017 2270
3 2267 2018 2015
3 2271 2018 2267
3 2272 2270 2017
3 2272 2017 2019
3 2273 2019 2020
3 2273 2272 2019
3 2020 2021 2273
3 2273 2021 2274
3 2275 2022 2023
3 2276 2275 2023
3 2018 2276 2023
3 2271 2276 2018
3 2277 2274 2021
3 2277 2021 2024
3 2278 2024 2025
3 2278 2277 2024
3 2025 2026 2278
3 2278 2026 2279
3 2281 2280 2275
3 2280 2022 2275
3 2280 2027 2022
3 2281 2275 2276
3 2282 2279 2026
3 2282 2026 2028
3 2283 2028 2029
3 2283 2282 2028
3 2284 2029 2030
3 2284 2283 2029
3 2285 2030 2031
3 2285 2284 2030
3 2287 2285 2286
3 2285 2032 2286
3 2285 2031 2032
3 2033 2288 2032
3 2032 2288 2286
3 2034 2289 2033
3 2033 2289 2288
3 2036 2289 2034
3 2291 2290 2043
3 2043 2290 2042
3 2043 2027 2280
3 2043 2280 2291
3 2287 2286 2292
3 2287 2292 2293
3 2294 2286 2288
3 2292 2286 2294
3 2295 2288 2289
3 2294 2288 2295
3 2044 2296 2036
3 2296 2289 2036
3 2296 2295 2289
3 2045 2297 2044
3 2044 2297 2296
3 2046 2298 2045
3 2045 2298 2297
3 2047 2299 2046
3 2046 2299 2298
3 2048 2300 2047
3 2047 2300 2299
3 2049 2301 2048
3 2048 2301 2300
3 2050 2302 2049
3 2049 2302 2301
3 2052 2302 2050
3 2303 2053 2054
3 2304 2303 2054
3 2042 2304 2054
3 2290 2304 2042
3 2305 2293 2292
3 2305 2292 2294
3 2305 2294 2306
3 2308 2307 2306
3 2294 2308 2306
3 2295 2308 2294
3 2309 2295 2296
3 2308 2295 2309
3 2310 2296 2297
3 2309 2296 2310
3 2311 2297 2298
3 2310 2297 2311
3 2299 2313 2312
3 2311 2299 2312
3 2298 2299 2311
3 2313 2299 2300
3 2313 2300 2314
3 2314 2300 2301
3 2314 2301 2315
3 2317 2316 2315
3 2301 2317 2315
3 2302 2317 2301
3 2055 2317 2052
3 2052 2317 2302
3 2319 2318 2303
3 2318 2053 2303
3 2318 2056 2053
3 2319 2303 2304
3 2320 2307 2308
3 2320 2308 2309
3 2320 2309 2321
3 2321 2309 2310
3 2321 2310 2322
3 2322 2310 2311
3 2322 2311 2323
3 2323 2311 2312
3 2326 2325 2324
3 2324 2325 2316
3 2324 2316 2317
3 2059 2324 2317
3 2058 2059 2317
3 2058 2317 2055
3 2328 2327 2061
3 2061 2327 2060
3 2061 2056 2318
3 2061 2318 2328
3 2331 2330 2329
3 2332 2329 2330
3 2326 2324 2063
3 2064 2326 2063
3 2333 2326 2064
3 2063 2324 2059
3 2327 2066 2060
3 2334 2066 2327
3 2337 2336 2335
3 2338 2335 2336
3 2331 2329 2339
3 2331 2339 2340
3 2329 2332 2341
3 2329 2341 2339
3 2344 2343 2342
3 2343 2333 2342
3 2333 2067 2342
3 2333 2064 2067
3 2346 2345 2069
3 2069 2345 2068
3 2069 2066 2334
3 2069 2334 2346
3 2347 2337 2335
3 2347 2335 2338
3 2348 2340 2339
3 2348 2339 2341
3 2351 2350 2349
3 2349 2350 2344
3 2349 2344 2342
3 2072 2349 2342
3 2071 2072 2342
3 2071 2342 2067
3 2352 2073 2074
3 2353 2352 2074
3 2068 2353 2074
3 2345 2353 2068
3 2356 2355 2354
3 2358 2357 2354
3 2358 2354 2355
3 2360 2359 2357
3 2360 2357 2358
3 2362 2361 2359
3 2362 2359 2360
3 2364 2363 2361
3 2364 2361 2362
3 2363 2364 2351
3 2349 2363 2351
3 2365 2363 2349
3 2075 2365 2072
3 2072 2365 2349
3 2366 2077 2078
3 2366 2078 2367
3 2078 2368 2367
3 2078 2079 2368
3 2369 2079 2080
3 2369 2368 2079
3 2080 2073 2352
3 2370 2080 2352
3 2369 2080 2370
3 2370 2352 2353
3 2373 2372 2371
3 2371 2372 2356
3 2354 2371 2356
3 2374 2371 2354
3 2375 2354 2357
3 2374 2354 2375
3 2376 2357 2359
3 2375 2357 2376
3 2361 2378 2377
3 2376 2361 2377
3 2359 2361 2376
3 2378 2361 2363
3 2378 2363 2379
3 2083 2380 2082
3 2380 2363 2082
3 2363 2365 2082
3 2380 2379 2363
3 2082 2365 2075
3 2382 2381 2085
3 2085 2381 2084
3 2383 2085 2086
3 2383 2382 2085
3 2384 2086 2087
3 2384 2383 2086
3 2087 2077 2366
3 2385 2087 2366
3 2384 2087 2385
3 2385 2366 2367
3 2373 2371 2386
3 2373 2386 2387
3 2388 2371 2374
3 2386 2371 2388
3 2389 2374 2375
3 2388 2374 2389
3 2390 2375 2376
3 2389 2375 2390
3 2376 2377 2391
3 2376 2391 2390
3 2089 2380 2083
3 2089 2392 2380
3 2381 2393 2084
3 2084 2393 2090
3 2091 2090 2393
3 2091 2393 2394
3 2397 2396 2395
3 2395 2396 2387
3 2386 2395 2387
3 2398 2395 2386
3 2399 2386 2388
3 2398 2386 2399
3 2400 2388 2389
3 2399 2388 2400
3 2401 2389 2390
3 2400 2389 2401
3 2390 2391 2402
3 2390 2402 2401
3 2089 2092 2403
3 2404 2089 2403
3 2392 2089 2404
3 2093 2403 2092
3 2394 2405 2091
3 2091 2405 2094
3 2095 2094 2405
3 2095 2405 2406
3 2397 2395 2407
3 2397 2407 2408
3 2409 2395 2398
3 2407 2395 2409
3 2410 2398 2399
3 2409 2398 2410
3 2411 2399 2400
3 2410 2399 2411
3 2401 2413 2412
3 2411 2401 2412
3 2400 2401 2411
3 2413 2401 2402
3 2416 2415 2414
3 2414 2415 2404
3 2403 2414 2404
3 2417 2414 2403
3 2096 2417 2093
3 2093 2417 2403
3 2406 2418 2095
3 2095 2418 2097
3 2098 2097 2418
3 2098 2418 2419
3 2422 2421 2420
3 2420 2421 2408
3 2407 2420 2408
3 2423 2420 2407
3 2424 2407 2409
3 2423 2407 2424
3 2425 2409 2410
3 2424 2409 2425
3 2426 2410 2411
3 2425 2410 2426
3 2411 2412 2427
3 2411 2427 2426
3 2430 2429 2428
3 2428 2429 2416
3 2428 2416 2414
3 2101 2428 2414
3 2100 2101 2414
3 2100 2414 2103
3 2103 2414 2417
3 2103 2417 2096
3 2419 2431 2098
3 2098 2431 2104
3 2105 2104 2431
3 2105 2431 2432
3 2435 2434 2433
3 2436 2433 2434
3 2439 2438 2437
3 2437 2438 2422
3 2420 2437 2422
3 2440 2437 2420
3 2441 2420 2423
3 2440 2420 2441
3 2442 2423 2424
3 2441 2423 2442
3 2108 2442 2107
3 2442 2425 2107
3 2442 2424 2425
3 2107 2425 2109
3 2425 2443 2109
3 2425 2426 2443
3 2426 2427 2444
3 2445 2426 2444
3 2443 2426 2445
3 2445 2444 2430
3 2445 2430 2428
3 2112 2445 2428
3 2111 2112 2428
3 2111 2428 2101
3 2432 2446 2105
3 2105 2446 2113
3 2114 2113 2446
3 2114 2446 2447
3 2450 2449 2448
3 2448 2449 2435
3 2433 2448 2435
3 2451 2448 2433
3 2433 2436 2452
3 2453 2433 2452
3 2451 2433 2453
3 2454 2453 2452
3 2439 2437 2455
3 2439 2455 2456
3 2457 2437 2440
3 2455 2437 2457
3 2441 2459 2458
3 2457 2441 2458
3 2440 2441 2457
3 2461 2460 2459
3 2441 2461 2459
3 2442 2461 2441
3 2116 2461 2108
3 2108 2461 2442
3 2462 2117 2443
3 2443 2117 2109
3 2463 2443 2445
3 2462 2443 2463
3 2119 2463 2112
3 2112 2463 2445
3 2447 2464 2114
3 2114 2464 2120
3 2121 2120 2464
3 2121 2464 2465
3 2450 2448 2466
3 2450 2466 2467
3 2468 2448 2451
3 2466 2448 2468
3 2469 2451 2453
3 2468 2451 2469
3 2453 2454 2470
3 2471 2453 2470
3 2469 2453 2471
3 2472 2471 2470
3 2475 2474 2473
3 2456 2455 2476
3 2474 2477 2473
3 2476 2455 2457
3 2476 2457 2478
3 2481 2480 2479
3 2458 2478 2457
3 2480 2481 2460
3 2480 2460 2461
3 2124 2480 2461
3 2123 2124 2461
3 2123 2461 2116
3 2462 2126 2117
3 2126 2462 2129
3 2129 2462 2463
3 2129 2463 2119
3 2465 2482 2121
3 2121 2482 2130
3 2484 2483 2131
3 2130 2484 2131
3 2482 2484 2130
3 2483 2484 2467
3 2466 2483 2467
3 2485 2483 2466
3 2468 2487 2486
3 2485 2468 2486
3 2466 2468 2485
3 2489 2488 2487
3 2468 2489 2487
3 2469 2489 2468
3 2490 2469 2471
3 2489 2469 2490
3 2471 2472 2491
3 2492 2471 2491
3 2490 2471 2492
3 2493 2492 2491
3 2475 2473 2494
3 2475 2494 2495
3 2473 2477 2496
3 2473 2496 2494
3 2499 2498 2497
3 2497 2498 2479
3 2497 2479 2480
3 2134 2497 2480
3 2133 2134 2480
3 2133 2480 2124
3 2483 2137 2131
3 2483 2485 2500
3 2138 2483 2500
3 2501 2138 2500
3 2483 2138 2137
3 2500 2485 2486
3 2488 2489 2502
3 2488 2502 2503
3 2141 2502 2140
3 2502 2490 2140
3 2502 2489 2490
3 2140 2490 2142
3 2490 2504 2142
3 2490 2492 2504
3 2492 2493 2505
3 2492 2505 2504
3 2495 2494 2506
3 2495 2506 2507
3 2494 2496 2508
3 2509 2494 2508
3 2506 2494 2509
3 2509 2508 2499
3 2509 2499 2497
3 2145 2509 2497
3 2144 2145 2497
3 2144 2497 2134
3 2501 2149 2138
3 2510 2149 2501
3 2513 2512 2511
3 2511 2512 2503
3 2502 2511 2503
3 2514 2511 2502
3 2151 2514 2141
3 2141 2514 2502
3 2515 2152 2504
3 2504 2152 2142
3 2504 2505 2516
3 2504 2516 2515
3 2507 2506 2517
3 2507 2517 2518
3 2155 2517 2154
3 2517 2509 2154
3 2517 2506 2509
3 2154 2509 2145
3 2510 2519 2149
3 2149 2519 2158
3 2511 2160 2513
3 2160 2519 2513
3 2160 2158 2519
3 2160 2511 2162
3 2162 2511 2514
3 2162 2514 2151
3 2520 2164 2515
3 2515 2164 2152
3 2515 2516 2521
3 2515 2521 2520
3 2518 2517 2522
3 2518 2522 2523
3 2165 2524 2155
3 2524 2517 2155
3 2524 2522 2517
3 2166 2524 2165
3 2525 2170 2520
3 2520 2170 2164
3 2520 2521 2526
3 2520 2526 2525
3 2527 2523 2522
3 2529 2528 2527
3 2522 2529 2527
3 2524 2529 2522
3 2172 2529 2166
3 2166 2529 2524
3 2530 2175 2525
3 2525 2175 2170
3 2525 2526 2531
3 2525 2531 2530
3 2534 2533 2532
3 2532 2533 2528
3 2529 2532 2528
3 2535 2532 2529
3 2176 2535 2172
3 2172 2535 2529
3 2536 2178 2530
3 2530 2178 2175
3 2530 2531 2537
3 2530 2537 2536
3 2534 2532 2538
3 2534 2538 2539
3 2181 2538 2180
3 2538 2535 2180
3 2538 2532 2535
3 2180 2535 2176
3 2540 2185 2536
3 2536 2185 2178
3 2536 2537 2541
3 2536 2541 2540
3 2539 2538 2542
3 2539 2542 2543
3 2186 2542 2181
3 2181 2542 2538
3 2544 2188 2189
3 2190 2544 2189
3 2545 2192 2540
3 2540 2192 2185
3 2540 2541 2546
3 2540 2546 2545
3 2543 2542 2193
3 2194 2543 2193
3 2547 2543 2194
3 2193 2542 2186
3 2548 2196 2544
3 2544 2196 2188
3 2198 2548 2190
3 2190 2548 2544
3 2549 2199 2545
3 2545 2199 2192
3 2545 2546 2550
3 2545 2550 2549
3 2200 2547 2194
3 2200 2551 2547
3 2552 2201 2548
3 2548 2201 2196
3 2203 2552 2198
3 2198 2552 2548
3 2553 2204 2549
3 2549 2204 2199
3 2549 2550 2554
3 2549 2554 2553
3 2205 2551 2200
3 2205 2555 2551
3 2552 2206 2201
3 2206 2552 2203
3 2556 2209 2553
3 2553 2209 2204
3 2553 2554 2557
3 2553 2557 2556
3 2210 2555 2205
3 2210 2558 2555
3 2559 2212 2211
3 2209 2556 2211
3 2556 2559 2211
3 2556 2560 2559
3 2556 2557 2561
3 2556 2561 2560
3 2213 2558 2210
3 2213 2562 2558
3 2563 2214 2215
3 2216 2564 2215
3 2215 2564 2563
3 2217 2564 2216
3 2559 2218 2212
3 2218 2559 2219
3 2559 2565 2219
3 2559 2560 2565
3 2560 2561 2566
3 2560 2566 2565
3 2213 2220 2567
3 2568 2213 2567
3 2562 2213 2568
3 2221 2567 2220
3 2569 2222 2563
3 2563 2222 2214
3 2570 2563 2564
3 2569 2563 2570
3 2223 2570 2217
3 2217 2570 2564
3 2565 2224 2219
3 2225 2224 2565
3 2566 2225 2565
3 2571 2225 2566
3 2572 2568 2567
3 2567 2221 2572
3 2221 2573 2572
3 2221 2226 2573
3 2574 2227 2228
3 2228 2222 2574
3 2222 2569 2574
3 2230 2232 2574
3 2230 2574 2569
3 2230 2569 2233
3 2233 2569 2570
3 2233 2570 2223
3 2576 2235 2575
3 2235 2571 2575
3 2235 2225 2571
3 2577 2576 2575
3 2226 2236 2578
3 2579 2226 2578
3 2573 2226 2579
3 2237 2580 2236
3 2236 2580 2578
3 2238 2581 2237
3 2237 2581 2580
3 2227 2574 2238
3 2574 2581 2238
3 2574 2582 2581
3 2239 2582 2232
3 2232 2582 2574
3 2576 2240 2235
3 2241 2240 2576
3 2583 2241 2576
3 2577 2583 2576
3 2584 2241 2583
3 2584 2242 2241
3 2579 2578 2585
3 2579 2585 2586
3 2580 2588 2587
3 2585 2580 2587
3 2578 2580 2585
3 2590 2589 2588
3 2580 2590 2588
3 2581 2590 2580
3 2244 2590 2243
3 2590 2582 2243
3 2590 2581 2582
3 2243 2582 2239
3 2583 2591 2584
3 2584 2591 2242
3 2591 2245 2242
3 2591 2592 2245
3 2246 2245 2592
3 2246 2592 2593
3 2594 2586 2585
3 2597 2596 2595
3 2587 2594 2585
3 2596 2597 2589
3 2596 2589 2590
3 2249 2596 2590
3 2248 2249 2590
3 2248 2590 2244
3 2593 2598 2246
3 2246 2598 2250
3 2251 2250 2598
3 2251 2598 2599
3 2595 2596 2600
3 2595 2600 2601
3 2252 2600 2249
3 2249 2600 2596
3 2599 2602 2251
3 2251 2602 2253
3 2254 2253 2602
3 2254 2602 2603
3 2601 2600 2255
3 2256 2601 2255
3 2604 2601 2256
3 2255 2600 2252
3 2603 2605 2254
3 2254 2605 2257
3 2258 2257 2605
3 2258 2605 2606
3 2259 2604 2256
3 2259 2607 2604
3 2606 2608 2258
3 2258 2608 2260
3 2261 2260 2608
3 2261 2608 2609
3 2262 2607 2259
3 2262 2610 2607
3 2612 2611 2265
3 2265 2611 2264
3 2265 2266 2612
3 2612 2266 2613
3 2614 2267 2268
3 2615 2614 2268
3 2264 2615 2268
3 2611 2615 2264
3 2616 2613 2266
3 2616 2266 2269
3 2269 2270 2616
3 2616 2270 2617
3 2618 2271 2614
3 2614 2271 2267
3 2614 2615 2619
3 2614 2619 2618
3 2620 2617 2270
3 2620 2270 2272
3 2621 2272 2273
3 2621 2620 2272
3 2273 2274 2621
3 2621 2274 2622
3 2624 2623 2618
3 2623 2271 2618
3 2623 2276 2271
3 2624 2618 2619
3 2625 2622 2274
3 2625 2274 2277
3 2626 2277 2278
3 2626 2625 2277
3 2278 2279 2626
3 2626 2279 2627
3 2628 2280 2281
3 2629 2628 2281
3 2276 2629 2281
3 2623 2629 2276
3 2630 2627 2279
3 2630 2279 2282
3 2631 2282 2283
3 2631 2630 2282
3 2632 2283 2284
3 2632 2631 2283
3 2634 2632 2633
3 2632 2285 2633
3 2632 2284 2285
3 2287 2633 2285
3 2635 2290 2291
3 2636 2635 2291
3 2636 2291 2280
3 2637 2636 2280
3 2628 2637 2280
3 2637 2628 2629
3 2634 2633 2638
3 2634 2638 2639
3 2293 2638 2287
3 2287 2638 2633
3 2641 2640 2635
3 2640 2290 2635
3 2640 2304 2290
3 2641 2635 2636
3 2644 2643 2642
3 2642 2643 2639
3 2638 2642 2639
3 2645 2642 2638
3 2305 2646 2293
3 2646 2638 2293
3 2646 2645 2638
3 2306 2647 2305
3 2305 2647 2646
3 2307 2647 2306
3 2648 2312 2313
3 2314 2649 2313
3 2313 2649 2648
3 2315 2650 2314
3 2314 2650 2649
3 2316 2650 2315
3 2651 2318 2319
3 2652 2651 2319
3 2304 2652 2319
3 2640 2652 2304
3 2644 2642 2653
3 2644 2653 2654
3 2655 2642 2645
3 2653 2642 2655
3 2656 2645 2646
3 2655 2645 2656
3 2657 2646 2647
3 2656 2646 2657
3 2320 2658 2307
3 2658 2647 2307
3 2658 2657 2647
3 2321 2659 2320
3 2320 2659 2658
3 2322 2660 2321
3 2321 2660 2659
3 2323 2661 2322
3 2322 2661 2660
3 2312 2648 2323
3 2648 2661 2323
3 2648 2662 2661
3 2663 2648 2649
3 2662 2648 2663
3 2326 2663 2325
3 2663 2650 2325
3 2663 2649 2650
3 2325 2650 2316
3 2664 2327 2328
3 2665 2664 2328
3 2665 2328 2318
3 2666 2665 2318
3 2651 2666 2318
3 2666 2651 2652
3 2654 2653 2667
3 2654 2667 2668
3 2669 2653 2655
3 2667 2653 2669
3 2670 2655 2656
3 2669 2655 2670
3 2671 2656 2657
3 2670 2656 2671
3 2672 2657 2658
3 2671 2657 2672
3 2673 2658 2659
3 2672 2658 2673
3 2331 2673 2330
3 2673 2660 2330
3 2673 2659 2660
3 2330 2660 2332
3 2660 2674 2332
3 2660 2661 2674
3 2675 2661 2662
3 2674 2661 2675
3 2676 2662 2663
3 2675 2662 2676
3 2333 2676 2326
3 2326 2676 2663
3 2678 2677 2664
3 2677 2327 2664
3 2677 2334 2327
3 2678 2664 2665
3 2681 2680 2679
3 2679 2680 2668
3 2667 2679 2668
3 2682 2679 2667
3 2683 2667 2669
3 2682 2667 2683
3 2337 2683 2336
3 2683 2670 2336
3 2683 2669 2670
3 2336 2670 2338
3 2670 2684 2338
3 2670 2671 2684
3 2685 2671 2672
3 2684 2671 2685
3 2686 2672 2673
3 2685 2672 2686
3 2340 2686 2331
3 2331 2686 2673
3 2687 2341 2674
3 2674 2341 2332
3 2688 2674 2675
3 2687 2674 2688
3 2344 2688 2343
3 2688 2676 2343
3 2688 2675 2676
3 2343 2676 2333
3 2689 2345 2346
3 2690 2689 2346
3 2334 2690 2346
3 2677 2690 2334
3 2681 2679 2691
3 2681 2691 2692
3 2693 2679 2682
3 2691 2679 2693
3 2694 2682 2683
3 2693 2682 2694
3 2347 2695 2337
3 2695 2683 2337
3 2695 2694 2683
3 2338 2684 2347
3 2684 2695 2347
3 2684 2696 2695
3 2697 2684 2685
3 2696 2684 2697
3 2698 2685 2686
3 2697 2685 2698
3 2348 2699 2340
3 2699 2686 2340
3 2699 2698 2686
3 2341 2687 2348
3 2687 2699 2348
3 2687 2700 2699
3 2351 2700 2350
3 2700 2688 2350
3 2700 2687 2688
3 2350 2688 2344
3 2702 2701 2689
3 2701 2345 2689
3 2701 2353 2345
3 2702 2689 2690
3 2692 2691 2703
3 2692 2703 2704
3 2705 2691 2693
3 2703 2691 2705
3 2706 2693 2694
3 2705 2693 2706
3 2707 2694 2695
3 2706 2694 2707
3 2356 2707 2355
3 2707 2696 2355
3 2707 2695 2696
3 2355 2696 2358
3 2358 2696 2697
3 2358 2697 2360
3 2360 2697 2698
3 2360 2698 2362
3 2362 2698 2699
3 2362 2699 2364
3 2364 2699 2700
3 2364 2700 2351
3 2708 2367 2368
3 2369 2709 2368
3 2368 2709 2708
3 2370 2710 2369
3 2369 2710 2709
3 2711 2710 2370
3 2353 2711 2370
3 2701 2711 2353
3 2704 2703 2712
3 2704 2712 2713
3 2714 2703 2705
3 2712 2703 2714
3 2715 2705 2706
3 2714 2705 2715
3 2373 2715 2372
3 2715 2707 2372
3 2715 2706 2707
3 2372 2707 2356
3 2716 2377 2378
3 2379 2717 2378
3 2378 2717 2716
3 2380 2717 2379
3 2718 2381 2382
3 2383 2719 2382
3 2382 2719 2718
3 2384 2720 2383
3 2383 2720 2719
3 2385 2721 2384
3 2384 2721 2720
3 2367 2708 2385
3 2708 2721 2385
3 2708 2722 2721
3 2723 2708 2709
3 2722 2708 2723
3 2724 2709 2710
3 2723 2709 2724
3 2710 2711 2725
3 2710 2725 2724
3 2728 2727 2726
3 2730 2729 2726
3 2730 2726 2727
3 2731 2729 2730
3 2713 2712 2732
3 2713 2732 2733
3 2734 2712 2714
3 2732 2712 2734
3 2735 2714 2715
3 2734 2714 2735
3 2387 2735 2373
3 2373 2735 2715
3 2736 2391 2716
3 2716 2391 2377
3 2737 2716 2717
3 2736 2716 2737
3 2392 2737 2380
3 2380 2737 2717
3 2718 2393 2381
3 2393 2718 2394
3 2718 2738 2394
3 2718 2719 2738
3 2720 2740 2739
3 2738 2720 2739
3 2719 2720 2738
3 2740 2720 2721
3 2740 2721 2741
3 2741 2721 2722
3 2741 2722 2742
3 2744 2743 2742
3 2722 2744 2742
3 2723 2744 2722
3 2745 2723 2724
3 2744 2723 2745
3 2724 2725 2746
3 2724 2746 2745
3 2749 2748 2747
3 2747 2748 2728
3 2726 2747 2728
3 2750 2747 2726
3 2751 2726 2729
3 2750 2726 2751
3 2729 2731 2752
3 2729 2752 2751
3 2733 2732 2753
3 2733 2753 2754
3 2755 2732 2734
3 2753 2732 2755
3 2397 2755 2396
3 2755 2735 2396
3 2755 2734 2735
3 2396 2735 2387
3 2756 2402 2736
3 2736 2402 2391
3 2757 2736 2737
3 2756 2736 2757
3 2404 2757 2392
3 2392 2757 2737
3 2738 2405 2394
3 2406 2405 2738
3 2739 2406 2738
3 2758 2406 2739
3 2759 2743 2744
3 2759 2744 2745
3 2759 2745 2760
3 2760 2745 2746
3 2763 2762 2761
3 2765 2764 2761
3 2765 2761 2762
3 2764 2765 2749
3 2747 2764 2749
3 2766 2764 2747
3 2767 2747 2750
3 2766 2747 2767
3 2768 2750 2751
3 2767 2750 2768
3 2751 2752 2769
3 2751 2769 2768
3 2754 2753 2770
3 2754 2770 2771
3 2772 2753 2755
3 2770 2753 2772
3 2408 2772 2397
3 2397 2772 2755
3 2773 2412 2413
3 2402 2756 2413
3 2756 2773 2413
3 2756 2774 2773
3 2416 2774 2415
3 2774 2757 2415
3 2774 2756 2757
3 2415 2757 2404
3 2758 2775 2406
3 2406 2775 2418
3 2419 2418 2775
3 2419 2775 2776
3 2763 2761 2777
3 2763 2777 2778
3 2779 2761 2764
3 2777 2761 2779
3 2780 2764 2766
3 2779 2764 2780
3 2781 2766 2767
3 2780 2766 2781
3 2782 2767 2768
3 2781 2767 2782
3 2768 2769 2783
3 2768 2783 2782
3 2786 2785 2784
3 2784 2785 2771
3 2770 2784 2771
3 2787 2784 2770
3 2422 2787 2421
3 2787 2772 2421
3 2787 2770 2772
3 2421 2772 2408
3 2788 2427 2773
3 2773 2427 2412
3 2430 2788 2429
3 2788 2774 2429
3 2788 2773 2774
3 2429 2774 2416
3 2776 2789 2419
3 2419 2789 2431
3 2432 2431 2789
3 2432 2789 2790
3 2793 2792 2791
3 2795 2794 2791
3 2795 2791 2792
3 2794 2795 2778
3 2777 2794 2778
3 2796 2794 2777
3 2435 2796 2434
3 2796 2779 2434
3 2796 2777 2779
3 2434 2779 2436
3 2779 2797 2436
3 2779 2780 2797
3 2798 2780 2781
3 2797 2780 2798
3 2782 2800 2799
3 2798 2782 2799
3 2781 2782 2798
3 2800 2782 2783
3 2786 2784 2801
3 2786 2801 2802
3 2439 2801 2438
3 2801 2787 2438
3 2801 2784 2787
3 2438 2787 2422
3 2788 2444 2427
3 2444 2788 2430
3 2790 2803 2432
3 2432 2803 2446
3 2805 2804 2447
3 2446 2805 2447
3 2803 2805 2446
3 2804 2805 2793
3 2791 2804 2793
3 2806 2804 2791
3 2807 2791 2794
3 2806 2791 2807
3 2450 2807 2449
3 2807 2796 2449
3 2807 2794 2796
3 2449 2796 2435
3 2797 2452 2436
3 2452 2797 2454
3 2797 2808 2454
3 2797 2798 2808
3 2798 2799 2809
3 2810 2798 2809
3 2808 2798 2810
3 2811 2810 2809
3 2814 2813 2812
3 2812 2813 2802
3 2801 2812 2802
3 2815 2812 2801
3 2456 2815 2439
3 2439 2815 2801
3 2816 2458 2459
3 2460 2816 2459
3 2804 2464 2447
3 2464 2804 2465
3 2804 2817 2465
3 2804 2806 2817
3 2818 2806 2807
3 2817 2806 2818
3 2467 2818 2450
3 2450 2818 2807
3 2808 2470 2454
3 2470 2808 2472
3 2808 2819 2472
3 2808 2810 2819
3 2810 2811 2820
3 2821 2810 2820
3 2819 2810 2821
3 2822 2821 2820
3 2814 2812 2823
3 2814 2823 2824
3 2475 2823 2474
3 2823 2815 2474
3 2823 2812 2815
3 2477 2474 2825
3 2474 2815 2825
3 2456 2476 2825
3 2456 2825 2815
3 2478 2826 2476
3 2476 2826 2825
3 2478 2458 2826
3 2458 2816 2826
3 2481 2479 2826
3 2481 2826 2816
3 2481 2816 2460
3 2817 2482 2465
3 2482 2817 2484
3 2484 2817 2818
3 2484 2818 2467
3 2827 2486 2487
3 2488 2827 2487
3 2819 2491 2472
3 2491 2819 2493
3 2819 2828 2493
3 2819 2821 2828
3 2821 2822 2829
3 2821 2829 2828
3 2824 2823 2830
3 2824 2830 2831
3 2495 2830 2475
3 2475 2830 2823
3 2832 2496 2825
3 2825 2496 2477
3 2499 2832 2498
3 2832 2826 2498
3 2832 2825 2826
3 2498 2826 2479
3 2833 2501 2500
3 2486 2827 2500
3 2827 2833 2500
3 2827 2834 2833
3 2503 2834 2488
3 2488 2834 2827
3 2835 2505 2828
3 2828 2505 2493
3 2828 2829 2836
3 2828 2836 2835
3 2831 2830 2837
3 2831 2837 2838
3 2507 2837 2495
3 2495 2837 2830
3 2832 2508 2496
3 2508 2832 2499
3 2839 2510 2833
3 2833 2510 2501
3 2513 2839 2512
3 2839 2834 2512
3 2839 2833 2834
3 2512 2834 2503
3 2840 2516 2835
3 2835 2516 2505
3 2835 2836 2841
3 2835 2841 2840
3 2838 2837 2842
3 2838 2842 2843
3 2518 2842 2507
3 2507 2842 2837
3 2839 2519 2510
3 2519 2839 2513
3 2844 2521 2840
3 2840 2521 2516
3 2840 2841 2845
3 2840 2845 2844
3 2846 2843 2842
3 2842 2518 2846
3 2518 2847 2846
3 2518 2523 2847
3 2848 2526 2844
3 2844 2526 2521
3 2844 2845 2849
3 2844 2849 2848
3 2523 2527 2850
3 2851 2523 2850
3 2847 2523 2851
3 2528 2850 2527
3 2852 2531 2848
3 2848 2531 2526
3 2848 2849 2853
3 2848 2853 2852
3 2856 2855 2854
3 2854 2855 2851
3 2854 2851 2850
3 2534 2854 2850
3 2533 2534 2850
3 2533 2850 2528
3 2857 2537 2852
3 2852 2537 2531
3 2852 2853 2858
3 2852 2858 2857
3 2856 2854 2859
3 2856 2859 2860
3 2539 2859 2534
3 2534 2859 2854
3 2861 2541 2857
3 2857 2541 2537
3 2857 2858 2862
3 2857 2862 2861
3 2860 2859 2863
3 2860 2863 2864
3 2543 2863 2539
3 2539 2863 2859
3 2865 2546 2861
3 2861 2546 2541
3 2861 2862 2866
3 2861 2866 2865
3 2864 2863 2867
3 2864 2867 2868
3 2547 2867 2543
3 2543 2867 2863
3 2869 2550 2865
3 2865 2550 2546
3 2865 2866 2870
3 2865 2870 2869
3 2868 2867 2871
3 2868 2871 2872
3 2551 2871 2547
3 2547 2871 2867
3 2873 2554 2869
3 2869 2554 2550
3 2869 2870 2874
3 2869 2874 2873
3 2872 2871 2875
3 2872 2875 2876
3 2555 2875 2551
3 2551 2875 2871
3 2877 2557 2873
3 2873 2557 2554
3 2873 2874 2878
3 2873 2878 2877
3 2876 2875 2879
3 2876 2879 2880
3 2558 2879 2555
3 2555 2879 2875
3 2882 2881 2877
3 2881 2557 2877
3 2881 2561 2557
3 2882 2877 2878
3 2883 2880 2879
3 2879 2558 2883
3 2558 2884 2883
3 2558 2562 2884
3 2886 2566 2885
3 2566 2881 2885
3 2566 2561 2881
3 2887 2886 2885
3 2568 2884 2562
3 2568 2888 2884
3 2889 2571 2886
3 2886 2571 2566
3 2886 2887 2890
3 2886 2890 2889
3 2568 2572 2891
3 2892 2568 2891
3 2888 2568 2892
3 2573 2891 2572
3 2889 2575 2571
3 2894 2893 2577
3 2894 2577 2575
3 2890 2894 2575
3 2889 2890 2575
3 2895 2893 2894
3 2892 2891 2896
3 2892 2896 2897
3 2579 2896 2573
3 2573 2896 2891
3 2898 2583 2893
3 2893 2583 2577
3 2893 2895 2899
3 2893 2899 2898
3 2897 2896 2900
3 2897 2900 2901
3 2586 2900 2579
3 2579 2900 2896
3 2902 2587 2588
3 2589 2902 2588
3 2898 2591 2583
3 2592 2591 2898
3 2903 2592 2898
3 2899 2903 2898
3 2904 2592 2903
3 2904 2593 2592
3 2901 2900 2905
3 2901 2905 2906
3 2594 2907 2586
3 2907 2900 2586
3 2907 2905 2900
3 2594 2587 2907
3 2587 2902 2907
3 2597 2595 2907
3 2597 2907 2902
3 2597 2902 2589
3 2903 2908 2904
3 2904 2908 2593
3 2908 2598 2593
3 2908 2909 2598
3 2599 2598 2909
3 2599 2909 2910
3 2911 2906 2905
3 2913 2912 2911
3 2905 2913 2911
3 2907 2913 2905
3 2601 2913 2595
3 2595 2913 2907
3 2910 2914 2599
3 2599 2914 2602
3 2603 2602 2914
3 2603 2914 2915
3 2912 2913 2916
3 2912 2916 2917
3 2604 2916 2601
3 2601 2916 2913
3 2915 2918 2603
3 2603 2918 2605
3 2606 2605 2918
3 2606 2918 2919
3 2917 2916 2920
3 2917 2920 2921
3 2607 2920 2604
3 2604 2920 2916
3 2919 2922 2606
3 2606 2922 2608
3 2920 2923 2609
3 2922 2920 2609
3 2608 2922 2609
3 2921 2920 2922
3 2610 2923 2607
3 2607 2923 2920
3 2924 2611 2612
3 2613 2924 2612
3 2926 2925 2924
3 2925 2611 2924
3 2925 2615 2611
3 2926 2924 2613
3 2616 2926 2613
3 2927 2926 2616
3 2616 2617 2927
3 2927 2617 2928
3 2925 2619 2615
3 2929 2619 2925
3 2930 2928 2617
3 2930 2617 2620
3 2931 2620 2621
3 2931 2930 2620
3 2621 2622 2931
3 2931 2622 2932
3 2933 2623 2624
3 2934 2933 2624
3 2619 2934 2624
3 2929 2934 2619
3 2935 2932 2622
3 2935 2622 2625
3 2936 2625 2626
3 2936 2935 2625
3 2938 2937 2627
3 2937 2626 2627
3 2937 2936 2626
3 2940 2939 2938
3 2938 2939 2937
3 2940 2941 2939
3 2942 2629 2933
3 2933 2629 2623
3 2933 2934 2943
3 2933 2943 2942
3 2630 2938 2627
3 2938 2630 2631
3 2938 2631 2940
3 2631 2632 2940
3 2632 2944 2940
3 2944 2941 2940
3 2632 2945 2944
3 2634 2945 2632
3 2946 2636 2637
3 2629 2942 2637
3 2942 2946 2637
3 2942 2947 2946
3 2942 2943 2948
3 2942 2948 2947
3 2951 2950 2949
3 2949 2950 2944
3 2945 2949 2944
3 2952 2949 2945
3 2639 2952 2634
3 2634 2952 2945
3 2953 2640 2641
3 2636 2946 2641
3 2946 2953 2641
3 2946 2954 2953
3 2955 2946 2947
3 2954 2946 2955
3 2947 2948 2956
3 2957 2947 2956
3 2955 2947 2957
3 2959 2958 2957
3 2959 2957 2956
3 2960 2958 2959
3 2963 2962 2961
3 2961 2962 2951
3 2949 2961 2951
3 2964 2961 2949
3 2644 2964 2643
3 2964 2952 2643
3 2964 2949 2952
3 2643 2952 2639
3 2965 2652 2953
3 2953 2652 2640
3 2966 2953 2954
3 2965 2953 2966
3 2967 2954 2955
3 2966 2954 2967
3 2968 2955 2957
3 2967 2955 2968
3 2969 2957 2958
3 2968 2957 2969
3 2958 2960 2970
3 2971 2958 2970
3 2969 2958 2971
3 2972 2971 2970
3 2963 2961 2973
3 2963 2973 2974
3 2975 2961 2964
3 2973 2961 2975
3 2654 2975 2644
3 2644 2975 2964
3 2976 2665 2666
3 2652 2965 2666
3 2965 2976 2666
3 2965 2977 2976
3 2978 2965 2966
3 2977 2965 2978
3 2979 2966 2967
3 2978 2966 2979
3 2980 2967 2968
3 2979 2967 2980
3 2981 2968 2969
3 2980 2968 2981
3 2982 2969 2971
3 2981 2969 2982
3 2971 2972 2983
3 2971 2983 2982
3 2974 2973 2984
3 2974 2984 2985
3 2986 2973 2975
3 2984 2973 2986
3 2668 2986 2654
3 2654 2986 2975
3 2987 2677 2678
3 2665 2976 2678
3 2976 2987 2678
3 2976 2988 2987
3 2989 2976 2977
3 2988 2976 2989
3 2990 2977 2978
3 2989 2977 2990
3 2991 2978 2979
3 2990 2978 2991
3 2992 2979 2980
3 2991 2979 2992
3 2993 2980 2981
3 2992 2980 2993
3 2994 2981 2982
3 2993 2981 2994
3 2982 2983 2995
3 2982 2995 2994
3 2985 2984 2996
3 2985 2996 2997
3 2681 2996 2680
3 2996 2986 2680
3 2996 2984 2986
3 2680 2986 2668
3 2998 2690 2987
3 2987 2690 2677
3 2999 2987 2988
3 2998 2987 2999
3 3000 2988 2989
3 2999 2988 3000
3 3001 2989 2990
3 3000 2989 3001
3 3002 2990 2991
3 3001 2990 3002
3 3003 2991 2992
3 3002 2991 3003
3 3004 2992 2993
3 3003 2992 3004
3 3005 2993 2994
3 3004 2993 3005
3 2994 2995 3006
3 2994 3006 3005
3 2997 2996 3007
3 2997 3007 3008
3 2692 3007 2681
3 2681 3007 2996
3 3009 2701 2702
3 2690 2998 2702
3 2998 3009 2702
3 2998 3010 3009
3 3011 2998 2999
3 3010 2998 3011
3 3012 2999 3000
3 3011 2999 3012
3 3013 3000 3001
3 3012 3000 3013
3 3014 3001 3002
3 3013 3001 3014
3 3015 3002 3003
3 3014 3002 3015
3 3016 3003 3004
3 3015 3003 3016
3 3017 3004 3005
3 3016 3004 3017
3 3005 3006 3018
3 3005 3018 3017
3 3008 3007 3019
3 3008 3019 3020
3 2704 3019 2692
3 2692 3019 3007
3 3021 2711 3009
3 3009 2711 2701
3 3022 3009 3010
3 3021 3009 3022
3 3023 3010 3011
3 3022 3010 3023
3 3024 3011 3012
3 3023 3011 3024
3 3025 3012 3013
3 3024 3012 3025
3 3026 3013 3014
3 3025 3013 3026
3 3027 3014 3015
3 3026 3014 3027
3 3028 3015 3016
3 3027 3015 3028
3 3029 3016 3017
3 3028 3016 3029
3 3017 3018 3030
3 3017 3030 3029
3 3020 3019 3031
3 3020 3031 3032
3 2713 3031 2704
3 2704 3031 3019
3 3033 2725 3021
3 3021 2725 2711
3 3034 3021 3022
3 3033 3021 3034
3 3035 3022 3023
3 3034 3022 3035
3 3036 3023 3024
3 3035 3023 3036
3 2728 3036 2727
3 3036 3025 2727
3 3036 3024 3025
3 2727 3025 2730
3 2730 3025 3026
3 2730 3026 2731
3 3026 3037 2731
3 3026 3027 3037
3 3038 3027 3028
3 3037 3027 3038
3 3029 3040 3039
3 3038 3029 3039
3 3028 3029 3038
3 3040 3029 3030
3 3032 3031 3041
3 3032 3041 3042
3 2733 3041 2713
3 2713 3041 3031
3 3043 2739 2740
3 2741 3044 2740
3 2740 3044 3043
3 2742 3045 2741
3 2741 3045 3044
3 2743 3045 2742
3 3046 2746 3033
3 3033 2746 2725
3 3047 3033 3034
3 3046 3033 3047
3 3048 3034 3035
3 3047 3034 3048
3 2749 3048 2748
3 3048 3036 2748
3 3048 3035 3036
3 2748 3036 2728
3 3049 2752 3037
3 3037 2752 2731
3 3038 3051 3050
3 3049 3038 3050
3 3037 3038 3049
3 3051 3038 3039
3 3054 3053 3052
3 3052 3053 3042
3 3041 3052 3042
3 3055 3052 3041
3 2754 3055 2733
3 2733 3055 3041
3 3056 2758 3043
3 3043 2758 2739
3 3057 3043 3044
3 3056 3043 3057
3 3058 3044 3045
3 3057 3044 3058
3 2759 3059 2743
3 3059 3045 2743
3 3059 3058 3045
3 2760 3060 2759
3 2759 3060 3059
3 2746 3046 2760
3 3046 3060 2760
3 3046 3061 3060
3 2763 3061 2762
3 3061 3047 2762
3 3061 3046 3047
3 2762 3047 2765
3 2765 3047 3048
3 2765 3048 2749
3 3062 2769 3049
3 3049 2769 2752
3 3049 3050 3063
3 3049 3063 3062
3 3054 3052 3064
3 3054 3064 3065
3 3066 3052 3055
3 3064 3052 3066
3 2771 3066 2754
3 2754 3066 3055
3 3056 2775 2758
3 2775 3056 2776
3 3056 3067 2776
3 3056 3057 3067
3 3068 3057 3058
3 3067 3057 3068
3 3069 3058 3059
3 3068 3058 3069
3 3070 3059 3060
3 3069 3059 3070
3 3071 3060 3061
3 3070 3060 3071
3 2778 3071 2763
3 2763 3071 3061
3 3072 2783 3062
3 3062 2783 2769
3 3062 3063 3073
3 3062 3073 3072
3 3065 3064 3074
3 3065 3074 3075
3 2786 3074 2785
3 3074 3066 2785
3 3074 3064 3066
3 2785 3066 2771
3 3067 2789 2776
3 2789 3067 2790
3 3067 3076 2790
3 3067 3068 3076
3 3077 3068 3069
3 3076 3068 3077
3 2793 3077 2792
3 3077 3070 2792
3 3077 3069 3070
3 2792 3070 2795
3 2795 3070 3071
3 2795 3071 2778
3 3078 2799 2800
3 2783 3072 2800
3 3072 3078 2800
3 3072 3079 3078
3 3072 3073 3080
3 3072 3080 3079
3 3083 3082 3081
3 3081 3082 3075
3 3074 3081 3075
3 3084 3081 3074
3 2802 3084 2786
3 2786 3084 3074
3 3076 2803 2790
3 2803 3076 2805
3 2805 3076 3077
3 2805 3077 2793
3 3078 2809 2799
3 2809 3078 2811
3 3078 3085 2811
3 3078 3079 3085
3 3079 3080 3086
3 3087 3079 3086
3 3085 3079 3087
3 3089 3088 3087
3 3089 3087 3086
3 3090 3088 3089
3 3083 3081 3091
3 3083 3091 3092
3 2814 3091 2813
3 3091 3084 2813
3 3091 3081 3084
3 2813 3084 2802
3 3085 2820 2811
3 2820 3085 2822
3 3085 3093 2822
3 3085 3087 3093
3 3094 3087 3088
3 3093 3087 3094
3 3088 3090 3095
3 3096 3088 3095
3 3094 3088 3096
3 3096 3095 3092
3 3091 3096 3092
3 3097 3096 3091
3 2824 3097 2814
3 2814 3097 3091
3 3098 2829 3093
3 3093 2829 2822
3 3099 3093 3094
3 3098 3093 3099
3 3100 3094 3096
3 3099 3094 3100
3 3101 3096 3097
3 3100 3096 3101
3 2831 3101 2824
3 2824 3101 3097
3 3102 2836 3098
3 3098 2836 2829
3 3103 3098 3099
3 3102 3098 3103
3 3104 3099 3100
3 3103 3099 3104
3 3105 3100 3101
3 3104 3100 3105
3 2838 3105 2831
3 2831 3105 3101
3 3106 2841 3102
3 3102 2841 2836
3 3107 3102 3103
3 3106 3102 3107
3 3108 3103 3104
3 3107 3103 3108
3 3109 3104 3105
3 3108 3104 3109
3 2843 3109 2838
3 2838 3109 3105
3 3110 2845 3106
3 3106 2845 2841
3 3111 3106 3107
3 3110 3106 3111
3 3112 3107 3108
3 3111 3107 3112
3 3113 3108 3109
3 3112 3108 3113
3 2846 3114 2843
3 3114 3109 2843
3 3114 3113 3109
3 2847 3114 2846
3 3115 2849 3110
3 3110 2849 2845
3 3116 3110 3111
3 3115 3110 3116
3 3117 3111 3112
3 3116 3111 3117
3 3118 3112 3113
3 3117 3112 3118
3 3119 3113 3114
3 3118 3113 3119
3 2851 3119 2847
3 2847 3119 3114
3 3120 2853 3115
3 3115 2853 2849
3 3121 3115 3116
3 3120 3115 3121
3 3117 3123 3122
3 3121 3117 3122
3 3116 3117 3121
3 3125 3124 3123
3 3117 3125 3123
3 3118 3125 3117
3 2856 3125 2855
3 3125 3119 2855
3 3125 3118 3119
3 2855 3119 2851
3 3126 2858 3120
3 3120 2858 2853
3 3127 3120 3121
3 3126 3120 3127
3 3121 3122 3128
3 3121 3128 3127
3 3124 3125 3129
3 3124 3129 3130
3 2860 3129 2856
3 2856 3129 3125
3 3131 2862 3126
3 3126 2862 2858
3 3132 3126 3127
3 3131 3126 3132
3 3127 3128 3133
3 3127 3133 3132
3 3130 3129 3134
3 3130 3134 3135
3 2864 3134 2860
3 2860 3134 3129
3 3136 2866 3131
3 3131 2866 2862
3 3132 3138 3137
3 3136 3132 3137
3 3131 3132 3136
3 3138 3132 3133
3 3139 3135 3134
3 3134 2864 3139
3 2864 3140 3139
3 2864 2868 3140
3 3141 2870 3136
3 3136 2870 2866
3 3136 3137 3142
3 3136 3142 3141
3 2872 3140 2868
3 2872 3143 3140
3 3144 2874 3141
3 3141 2874 2870
3 3141 3142 3145
3 3141 3145 3144
3 2876 3143 2872
3 2876 3146 3143
3 3147 2878 3144
3 3144 2878 2874
3 3144 3145 3148
3 3144 3148 3147
3 2880 3146 2876
3 2880 3149 3146
3 3150 2881 2882
3 2878 3147 2882
3 3147 3150 2882
3 3147 3151 3150
3 3147 3148 3152
3 3147 3152 3151
3 2880 2883 3153
3 3154 2880 3153
3 3149 2880 3154
3 2884 3153 2883
3 3150 2885 2881
3 2885 3150 2887
3 3150 3155 2887
3 3150 3151 3155
3 3151 3152 3156
3 3151 3156 3155
3 3154 3153 3157
3 3154 3157 3158
3 2888 3157 2884
3 2884 3157 3153
3 3159 2890 3155
3 3155 2890 2887
3 3155 3156 3160
3 3155 3160 3159
3 3158 3157 3161
3 3158 3161 3162
3 2892 3161 2888
3 2888 3161 3157
3 3159 2894 2890
3 3164 3163 2895
3 3164 2895 2894
3 3160 3164 2894
3 3159 3160 2894
3 3165 3163 3164
3 3162 3161 3166
3 3162 3166 3167
3 2897 3166 2892
3 2892 3166 3161
3 3168 2899 3163
3 3163 2899 2895
3 3163 3165 3169
3 3163 3169 3168
3 3167 3166 3170
3 3167 3170 3171
3 2901 3170 2897
3 2897 3170 3166
3 3173 3172 3168
3 3172 2899 3168
3 3172 2903 2899
3 3173 3168 3169
3 3171 3170 3174
3 3171 3174 3175
3 2906 3174 2901
3 2901 3174 3170
3 2908 2903 3176
3 2903 3177 3176
3 2903 3172 3177
3 3178 2909 2908
3 3178 2908 3176
3 3178 2910 2909
3 3179 3175 3174
3 3181 3179 3180
3 3180 3179 2911
3 3179 3174 2911
3 3174 2906 2911
3 2912 3180 2911
3 3177 3182 3176
3 3176 3182 3178
3 3178 3182 3183
3 3178 3183 2910
3 3183 2914 2910
3 3183 3184 2914
3 2915 2914 3184
3 2915 3184 3185
3 3181 3180 3186
3 3181 3186 3187
3 2917 3186 2912
3 2912 3186 3180
3 3185 3188 2915
3 2915 3188 2918
3 3186 3189 2919
3 3188 3186 2919
3 2918 3188 2919
3 3187 3186 3188
3 2921 3189 2917
3 2917 3189 3186
3 3189 2922 2919
3 2922 3189 2921
3 3190 2925 2926
3 2927 3191 2926
3 2926 3191 3190
3 2928 3191 2927
3 3192 2929 3190
3 3190 2929 2925
3 3193 3190 3191
3 3192 3190 3193
3 2930 3194 2928
3 3194 3191 2928
3 3194 3193 3191
3 2931 3195 2930
3 2930 3195 3194
3 2932 3195 2931
3 3196 2934 3192
3 3192 2934 2929
3 3197 3192 3193
3 3196 3192 3197
3 3198 3193 3194
3 3197 3193 3198
3 3199 3194 3195
3 3198 3194 3199
3 2935 3200 2932
3 3200 3195 2932
3 3200 3199 3195
3 2936 3201 2935
3 2935 3201 3200
3 2937 3202 2936
3 2936 3202 3201
3 2939 3203 2937
3 2937 3203 3202
3 2941 3203 2939
3 3204 2943 3196
3 3196 2943 2934
3 3205 3196 3197
3 3204 3196 3205
3 3206 3197 3198
3 3205 3197 3206
3 3207 3198 3199
3 3206 3198 3207
3 3208 3199 3200
3 3207 3199 3208
3 3209 3200 3201
3 3208 3200 3209
3 3210 3201 3202
3 3209 3201 3210
3 3211 3202 3203
3 3210 3202 3211
3 2944 3211 2941
3 2941 3211 3203
3 3212 2948 3204
3 3204 2948 2943
3 3213 3204 3205
3 3212 3204 3213
3 3214 3205 3206
3 3213 3205 3214
3 3215 3206 3207
3 3214 3206 3215
3 3216 3207 3208
3 3215 3207 3216
3 3217 3208 3209
3 3216 3208 3217
3 3218 3209 3210
3 3217 3209 3218
3 2951 3218 2950
3 3218 3211 2950
3 3218 3210 3211
3 2950 3211 2944
3 3212 2956 2948
3 2956 3212 2959
3 2959 3212 3213
3 2959 3213 2960
3 3213 3219 2960
3 3213 3214 3219
3 3220 3214 3215
3 3219 3214 3220
3 3221 3215 3216
3 3220 3215 3221
3 3222 3216 3217
3 3221 3216 3222
3 2963 3222 2962
3 3222 3218 2962
3 3222 3217 3218
3 2962 3218 2951
3 3219 2970 2960
3 2970 3219 2972
3 3219 3223 2972
3 3219 3220 3223
3 3224 3220 3221
3 3223 3220 3224
3 3225 3221 3222
3 3224 3221 3225
3 2974 3225 2963
3 2963 3225 3222
3 3226 2983 3223
3 3223 2983 2972
3 3227 3223 3224
3 3226 3223 3227
3 3228 3224 3225
3 3227 3224 3228
3 2985 3228 2974
3 2974 3228 3225
3 3229 2995 3226
3 3226 2995 2983
3 3230 3226 3227
3 3229 3226 3230
3 3231 3227 3228
3 3230 3227 3231
3 2997 3231 2985
3 2985 3231 3228
3 3232 3006 3229
3 3229 3006 2995
3 3233 3229 3230
3 3232 3229 3233
3 3234 3230 3231
3 3233 3230 3234
3 3008 3234 2997
3 2997 3234 3231
3 3235 3018 3232
3 3232 3018 3006
3 3236 3232 3233
3 3235 3232 3236
3 3237 3233 3234
3 3236 3233 3237
3 3020 3237 3008
3 3008 3237 3234
3 3238 3030 3235
3 3235 3030 3018
3 3239 3235 3236
3 3238 3235 3239
3 3240 3236 3237
3 3239 3236 3240
3 3032 3240 3020
3 3020 3240 3237
3 3241 3039 3040
3 3030 3238 3040
3 3238 3241 3040
3 3238 3242 3241
3 3243 3238 3239
3 3242 3238 3243
3 3244 3239 3240
3 3243 3239 3244
3 3042 3244 3032
3 3032 3244 3240
3 3245 3050 3051
3 3039 3241 3051
3 3241 3245 3051
3 3241 3246 3245
3 3247 3241 3242
3 3246 3241 3247
3 3248 3242 3243
3 3247 3242 3248
3 3054 3248 3053
3 3248 3244 3053
3 3248 3243 3244
3 3053 3244 3042
3 3249 3063 3245
3 3245 3063 3050
3 3250 3245 3246
3 3249 3245 3250
3 3251 3246 3247
3 3250 3246 3251
3 3252 3247 3248
3 3251 3247 3252
3 3065 3252 3054
3 3054 3252 3248
3 3253 3073 3249
3 3249 3073 3063
3 3254 3249 3250
3 3253 3249 3254
3 3255 3250 3251
3 3254 3250 3255
3 3256 3251 3252
3 3255 3251 3256
3 3075 3256 3065
3 3065 3256 3252
3 3257 3080 3253
3 3253 3080 3073
3 3258 3253 3254
3 3257 3253 3258
3 3259 3254 3255
3 3258 3254 3259
3 3083 3259 3082
3 3259 3256 3082
3 3259 3255 3256
3 3082 3256 3075
3 3257 3086 3080
3 3086 3257 3089
3 3089 3257 3258
3 3089 3258 3090
3 3258 3260 3090
3 3258 3259 3260
3 3092 3260 3083
3 3083 3260 3259
3 3260 3095 3090
3 3095 3260 3092
3 3261 3122 3123
3 3124 3261 3123
3 3262 3128 3261
3 3261 3128 3122
3 3130 3262 3124
3 3124 3262 3261
3 3263 3133 3262
3 3262 3133 3128
3 3135 3263 3130
3 3130 3263 3262
3 3264 3137 3138
3 3133 3263 3138
3 3263 3264 3138
3 3263 3265 3264
3 3139 3266 3135
3 3266 3263 3135
3 3266 3265 3263
3 3140 3266 3139
3 3267 3142 3264
3 3264 3142 3137
3 3268 3264 3265
3 3267 3264 3268
3 3269 3265 3266
3 3268 3265 3269
3 3143 3269 3140
3 3140 3269 3266
3 3270 3145 3267
3 3267 3145 3142
3 3271 3267 3268
3 3270 3267 3271
3 3272 3268 3269
3 3271 3268 3272
3 3146 3272 3143
3 3143 3272 3269
3 3273 3148 3270
3 3270 3148 3145
3 3274 3270 3271
3 3273 3270 3274
3 3275 3271 3272
3 3274 3271 3275
3 3149 3275 3146
3 3146 3275 3272
3 3276 3152 3273
3 3273 3152 3148
3 3277 3273 3274
3 3276 3273 3277
3 3278 3274 3275
3 3277 3274 3278
3 3154 3278 3149
3 3149 3278 3275
3 3279 3156 3276
3 3276 3156 3152
3 3280 3276 3277
3 3279 3276 3280
3 3281 3277 3278
3 3280 3277 3281
3 3158 3281 3154
3 3154 3281 3278
3 3282 3160 3279
3 3279 3160 3156
3 3283 3279 3280
3 3282 3279 3283
3 3284 3280 3281
3 3283 3280 3284
3 3162 3284 3158
3 3158 3284 3281
3 3282 3164 3160
3 3164 3282 3165
3 3282 3285 3165
3 3282 3283 3285
3 3286 3283 3284
3 3285 3283 3286
3 3167 3286 3162
3 3162 3286 3284
3 3287 3169 3285
3 3285 3169 3165
3 3288 3285 3286
3 3287 3285 3288
3 3171 3288 3167
3 3167 3288 3286
3 3289 3172 3173
3 3169 3287 3173
3 3287 3289 3173
3 3287 3290 3289
3 3291 3287 3288
3 3290 3287 3291
3 3175 3291 3171
3 3171 3291 3288
3 3292 3177 3289
3 3289 3177 3172
3 3293 3289 3290
3 3292 3289 3293
3 3294 3290 3291
3 3293 3290 3294
3 3179 3295 3175
3 3295 3291 3175
3 3295 3294 3291
3 3181 3295 3179
3 3292 3182 3177
3 3182 3292 3183
3 3183 3292 3293
3 3183 3296 3184
3 3296 3183 3297
3 3293 3297 3183
3 3297 3293 3298
3 3294 3298 3293
3 3296 3185 3184
3 3300 3298 3299
3 3294 3299 3298
3 3299 3294 3295
3 3187 3299 3181
3 3181 3299 3295
3 3297 3301 3296
3 3300 3299 3301
3 3299 3188 3301
3 3185 3296 3301
3 3185 3301 3188
3 3188 3299 3187