OFF
2291 4526 0
0.9424508317 7.0747056726 22.9400449830
1.0797309988 6.7871902130 22.0291627326
1.2057969339 6.3469192012 22.4863510248
1.1999416102 6.3029657197 23.2979024398
0.9785070239 6.9599732353 23.9392323207
1.1920269274 6.3569003869 24.0713422752
0.9574097354 8.1037187193 19.7756106733
1.1472062018 7.9448771791 18.8895296328
1.2278476009 7.3970994551 19.2301438712
1.1717221020 7.1664691605 20.0951383047
0.8884231453 7.8702975505 20.8878620314
1.1198865279 6.9474698191 21.1624087529
0.8438111461 7.6852936779 22.0551401291
0.7407342299 7.9576403170 23.0582229356
0.7800932683 7.7975449672 23.8773325424
1.0672637431 6.8103681577 24.6090604885
0.8833931658 7.6373762263 24.8971707544
1.1100237934 6.9774064785 25.3792435148
0.9773555182 7.7911962511 25.9516604229
1.2001773753 7.1632816228 26.2851428039
1.0965523647 7.8547853445 26.6596078051
1.2842166884 7.5116901774 27.0126225521
0.9953297966 8.7960777520 19.0187394271
1.2468408567 9.0444233955 18.1736439819
1.2523292700 8.2504395483 18.3349636107
0.8019298060 9.0059780920 19.8914103866
0.7457472653 8.8244065737 20.6961182888
0.7051417765 8.7154936482 21.7320894125
0.6694933049 8.7058003815 22.7834786442
0.6630403223 8.7036861036 23.7709617924
0.7201553494 8.6401768146 24.7431631419
0.8321950223 8.6102072200 25.7221606576
0.9975436702 8.5490397255 26.5905157513
1.2263752448 8.2872069096 27.2672407695
1.0331144982 9.7095786736 18.8145319850
1.2568648902 9.8530714958 18.2281224320
0.8407206757 9.7198992019 19.6408323180
0.7206012448 9.7291295441 20.5575466785
0.6706063388 9.6861173562 21.5421935343
0.6487403974 9.6556200474 22.5849636467
0.6449390527 9.6275070006 23.6171720028
0.6733073051 9.5706027443 24.5910294109
0.7687893996 9.5412880024 25.5273488490
0.9430795279 9.4692426441 26.4365880927
1.1839679570 9.2408334602 27.2612551578
1.1430473389 10.3476312068 18.7089640780
0.9805698118 10.5681240680 19.4470375173
1.1889119936 10.9309620889 19.0120831000
0.8221158135 10.5771248227 20.3782602424
0.7473483670 10.5998898972 21.3620872764
0.7206508897 10.5976971545 22.3982759230
0.7178866619 10.5680085686 23.4501295770
0.7362220957 10.4841101373 24.4657108956
0.7735849008 10.3026397408 25.2696709355
0.9604573395 10.4943956922 26.1594007694
1.1865491690 10.2258439484 27.0754764642
1.1303876280 11.3004778065 19.5677481504
1.0093080208 11.3333630545 20.2229948515
1.2322331364 11.8531320091 20.0138497529
0.9330146928 11.4193039872 21.1390882061
0.8981671767 11.4632933322 22.1620023050
0.8910889783 11.4556404409 23.2205876611
0.9049182666 11.3830731019 24.2844437186
0.9542878979 11.1974738436 25.3761146565
1.1490720041 11.3628879839 26.2539336308
1.2348979645 11.0397594977 26.8193722255
1.2065160339 12.1053145323 20.8296049507
1.1758388910 12.2265629095 21.8560322856
1.1648056224 12.2533655789 22.9190348923
1.1701448967 12.2073236269 23.9908758648
1.1914330240 12.0696568217 25.0338453919
1.2400299219 11.8823122822 25.8841282745
1.9905133948 4.8704609748 22.8720805605
2.2246427866 4.6399936488 21.9610685208
2.6270028148 4.1321483480 22.4279107265
2.3985057444 4.2481109231 23.4230752384
1.9878103279 4.7901971256 24.0802381941
2.5373397960 4.0152758930 24.3958942548
2.0353559414 4.7454518303 25.1557929396
2.4628133656 4.0969466837 25.5420142203
2.0892216266 4.7830633013 26.1347182828
2.4195502305 4.2539691141 26.3491417552
1.9496476016 5.9494000084 18.5572080481
2.1815390208 5.8706583438 17.7600365548
2.3357158475 5.3592960336 18.2167063031
2.3008284017 5.1341540936 19.0962126023
1.8683011234 5.7029747197 19.7031531621
2.2526074595 4.9534996788 20.1706071799
1.8262914094 5.4864342450 20.8082919769
2.2118810944 4.8029489063 21.1605065332
1.8431812797 5.2332621771 21.8331497280
1.5085502537 5.7052253162 22.6372700586
1.5231142760 5.6413860818 23.7915855119
1.6380931618 5.5110101162 24.8976082695
1.7366902131 5.5528810153 25.9599142180
2.2241598075 4.7346928551 26.8324206060
1.9288871330 5.5545382240 27.0570387457
2.3079457992 4.9968826367 27.6105729807
2.0875744450 5.7986316968 28.0924581759
2.3942163382 5.3234207629 28.3847398026
1.9027671476 6.6745439817 17.6354349784
2.1886969726 6.7297227315 16.8210504024
2.2633229450 6.1626010477 17.1632623256
1.6918513576 6.6105307064 18.4046778929
1.5289757430 6.6044930660 19.2271954294
1.4695441803 6.3013405380 20.4220872328
1.4168559309 6.0828182328 21.6119477165
1.3021817065 6.2428281463 24.7427671786
1.3962973420 6.3195711443 25.6945640006
1.5261945835 6.6094962477 26.8434660235
1.8085405832 6.6111642082 27.9320499080
2.2685396664 5.8952129044 28.7588895854
2.0729899946 6.5438266114 28.7690551853
2.3478712693 6.3405822876 29.2941121613
1.9723291682 7.5231114225 16.8697431218
2.3595192121 7.9403987918 16.0407920587
2.3582711768 7.1125162434 16.2847001000
1.7026957903 7.4305792778 17.5395255170
1.4765334074 7.3635340263 18.3118916006
1.5365765182 7.6947424739 27.8316475147
1.9126139828 7.5658104962 28.8747867334
2.2474009238 7.1242548029 29.5347417891
1.9551524662 8.6156366762 16.6602404415
2.3830583496 8.9172025642 15.9263126293
1.5690586881 8.2361716775 17.5602551139
1.4730184839 8.8640973913 28.0041417368
1.7324188413 8.4583246244 28.6462147310
2.1719309719 7.9127480194 29.6964073576
2.0373800845 8.6439443839 29.4703553394
2.3166462177 8.4605781299 30.1252450998
2.0816922976 9.5802704660 16.5027187811
2.4069097477 9.5506562786 15.9514550342
1.6045881036 9.5189539458 17.4567162704
1.4854839683 9.9496581318 27.9239525058
1.8287321453 9.5134681753 28.8553376623
2.1558360242 9.5037347994 29.6844444457
2.3197118022 9.0838792456 30.1296925169
2.4605584396 10.2373647303 16.1460845855
1.9434265880 10.6446870378 17.1888645512
2.3804833146 11.1136314241 16.6263898802
1.4413286377 10.6751006074 18.2548432664
1.5042747301 10.9719127265 27.5582072362
1.8723536261 10.7782066021 28.5460658724
2.1856557702 10.3484372056 29.4634130945
2.1590079254 11.6554107147 17.3255188702
2.4274342305 11.6469596664 16.8352907297
1.7811633752 11.6638726663 18.1861782414
1.4176484941 11.6984882648 19.1959205442
1.5271901047 11.9289010372 26.8187315029
1.8556993979 11.7357093225 27.9335667908
2.1242685819 11.6332783912 28.6774767352
2.2432389631 11.1954349297 29.2062435200
2.5632026763 12.1875781880 17.0884887005
2.1824457476 12.5259439588 18.0358697616
2.5061905103 12.7210551204 17.5844084450
1.8289732278 12.6041091336 19.0879736543
1.5742205893 12.6485639702 20.2316970915
1.5433485153 12.9013061059 21.4591763251
1.5329775382 12.9610691762 22.5610711695
1.5340691818 12.9350155597 23.6501476745
1.5454764170 12.8285074287 24.7489690596
1.5429015560 12.5581158973 25.7928800337
1.9137135333 12.9222123771 26.5833257028
2.0047548564 12.5773480065 27.4931890127
2.2310899680 12.3429857199 28.3481321598
2.6305631179 13.2148819306 17.9957796324
2.2643707368 13.3196831508 18.8496351305
2.5799853823 13.6642041020 18.6283709475
2.0896120967 13.4649364474 19.8688614120
2.0073415819 13.5673181114 21.0160637113
2.0050615617 13.6007855352 22.1513509130
2.0028046433 13.5510906840 23.2546259862
2.0136021317 13.4744457931 24.3759117748
2.0421582793 13.3469516951 25.6048259004
2.2739172293 13.4806308280 26.5051216435
2.3024902704 13.2617000590 27.2291837012
2.3741062352 12.9765513567 27.9374145889
2.7255676536 14.0687077398 19.3084972131
2.5282329158 14.1816052613 20.5289321483
2.6191692657 14.2224853900 21.6810262653
2.5938643073 14.0387043695 22.8119068484
2.6001836960 13.9172595114 23.9144849779
2.6254098402 13.8374095578 25.0680205561
2.6735679459 13.7961066340 26.1642345377
3.0264389936 3.4586971190 25.0600488525
3.1200531830 3.4303121856 24.1945613795
3.6391425272 3.0070343799 24.4666661383
3.7061577136 2.8537168338 25.5731577122
2.9712481999 3.5949820138 26.2495087887
3.8036544827 2.8704009137 26.9151791930
3.1660756471 3.6518892504 27.3764421424
3.6661312224 3.2216791272 27.7648385895
3.0760205883 4.6440673152 17.3895011329
3.4254013009 4.5035713731 16.8171446045
3.4288395389 4.1969248190 17.3624436976
3.3961877122 4.0631019283 18.0137389205
2.7932149299 4.6663671222 18.3862606462
3.3236928870 3.9368168099 19.1044703228
2.7444680640 4.4417241030 19.6074575160
3.2557735861 3.8518115181 20.2553401315
2.6745984371 4.3378445772 20.6892214125
3.1265439945 3.8196906896 21.4529546056
2.5557498161 4.3197836348 21.5340191314
3.2346701588 3.6029390518 22.4189897844
3.0018018154 3.6586267006 23.3540038893
2.6096048074 4.2537623596 27.0909836897
3.4102473796 3.6770483422 28.1624385466
2.8791995688 4.4860335502 28.2727808946
3.7013010718 3.8744039190 29.0946107292
3.1983244362 4.7676377869 29.4432713747
3.6635602648 4.3760748745 29.8497802534
3.0499873230 5.2746113746 16.5175369635
3.4228682232 5.2976994710 15.8535650646
3.3993557691 4.8687168213 16.3064165817
2.5837336173 5.4254338290 17.3784160827
2.6599100000 5.5575349051 29.2125766443
3.4489120755 4.8682672158 30.1168819805
3.1755627294 5.5752883135 30.2434976871
3.5956376654 5.1253202789 30.6121710480
3.1083963728 6.0465074143 15.7412199521
3.5291582527 6.4573047180 15.0151844588
3.4502249165 5.7982554299 15.4063555939
2.5956010123 6.2592971200 16.4425538559
2.6999896873 6.6364523350 30.1245797332
3.7657946729 5.6355477314 31.1926263803
3.2653593345 6.4886245039 31.0386741548
3.7289763003 6.3661913393 31.6637631562
2.8557749555 7.1295735541 15.5922540183
3.4630771979 7.6677803736 14.7648537767
2.4932966033 7.7744532100 30.2818291338
3.0276180474 7.6335005280 31.1646407202
3.5027322397 7.0527272651 31.7452572306
2.8854792149 8.3438092536 15.3374200651
3.6515187876 8.8745813898 14.6327251796
2.7036475550 8.9042346233 30.8391940137
3.5549319642 7.8189048548 32.0930056249
3.2556786579 8.7630926365 31.7772848428
3.6732699486 8.7940591575 32.4039667891
2.8853296205 9.4782788765 15.4450540149
3.6471787947 10.0023141452 14.9420507297
2.5166142120 9.9271537975 30.3325053848
2.8144716362 9.8307649027 30.9790287981
3.1666990695 9.8333171006 31.5693947724
3.6130859403 9.6393054207 32.2244362612
3.0627962311 10.4137724918 15.5451516203
2.7488853235 10.8889725235 16.0423695208
3.1964862184 11.1250580665 15.7262712790
2.6134216377 11.1595368751 29.9875808035
3.0250832142 10.7075759830 30.9905594462
3.4336919670 10.7034764053 31.6927690222
3.6144348409 10.3500296070 32.0655343659
2.8072814325 11.5538561747 16.3441173856
3.2626629512 11.6097850202 15.9393593178
2.5141232742 12.0179348999 29.2387675129
2.8181995881 11.9824649703 29.9021203161
3.1982688560 11.9268116469 30.5499642696
3.7255979593 11.5841942247 31.4784623929
3.3313405164 12.2078461069 16.3574428155
2.9157558184 12.7838415995 17.1791924167
3.3575503872 12.8146616017 16.8033956532
2.6678625718 12.8981134413 28.6793500783
3.0917640678 12.7730335523 29.6824088766
3.6932722400 12.8258957749 30.4548617257
3.7256939757 12.3238510347 30.9931243610
3.4481121865 13.3309203810 17.3402694616
3.0226124968 13.7995265536 18.2940430251
3.6260549958 13.8873222297 17.9023616240
2.6368203410 13.6804493442 26.9629089406
2.8214404212 13.5144711741 27.8627570196
3.1718622352 13.4533854611 28.8678018539
3.4215202968 13.4534393977 29.4948604935
3.5623628169 13.2817125031 29.9320876248
3.5534659605 14.2931819926 18.6759594343
3.3033738040 14.6008930232 19.4273620580
3.8656923496 14.7206249015 19.2649039269
3.0676185869 14.6349239173 20.1319971625
3.0452857001 14.6481577437 21.0089319114
3.2384571368 14.6087809102 21.6793980573
3.2289157016 14.3849820970 22.3851408274
3.3453161542 14.1550026465 23.4025483093
3.2872449401 14.0204764003 24.5705698150
3.4153736566 13.9842221406 25.8267313374
3.2915679892 13.9210840466 27.0814460571
3.5265046552 13.8579350302 28.2226953472
3.7033855447 13.7664112801 29.0974571302
3.6260053074 14.8693915805 19.8812767817
3.5480993980 14.8810170620 20.6156562474
3.5409270577 14.7983146242 21.2787337317
4.2573792076 2.4034614800 26.2438373595
4.3513373612 2.3730712496 25.4904537200
4.9890127497 2.0650251757 25.9483590758
4.8000006098 2.1409083391 26.8367548187
4.2860059677 2.4012765868 26.8358285299
4.5480497793 2.3827459622 27.4167000427
3.9856365753 3.7927140378 17.2888096528
4.3168034148 3.8386637015 16.4517519960
4.8491790859 3.3227447593 16.8111324375
4.9661322667 2.9301606894 18.0982168534
4.0120311690 3.4690180996 18.6233373027
4.7545887814 2.9967885548 19.4837694766
3.9395219372 3.4018839025 19.8232518357
4.6518838812 3.0171081445 20.6525090059
3.8597178270 3.3686903679 20.9530634502
4.5283650088 2.9859647724 21.7150360105
3.7819318617 3.3048201984 21.9808687858
4.3049577825 2.9625158388 22.5611556022
3.6954029576 3.2233434451 22.9230921501
4.3544870365 2.7575565363 23.6107761320
3.5454495746 3.1885483322 23.7027529858
4.2735640123 2.5478114910 24.7372804609
4.3165497057 2.7697574145 28.0567315311
3.9106515810 3.2867674724 28.4805095676
4.5401457750 2.9807073595 28.9671965759
4.1196147218 3.3485787982 29.0069682245
4.5010905666 3.3482796313 29.5683424416
3.8504406204 4.4864678940 16.1820351794
4.3193641187 4.4595507044 15.5934615660
4.2897023151 4.0949511891 16.0372696879
4.3287192620 3.9081918877 30.1741933247
3.9162133917 4.5763426244 30.5199449962
4.4817755006 4.2314070291 30.8382240216
4.3002973898 4.6271481198 31.0693338403
4.7688432351 4.3777333787 31.2906493255
3.9150613327 5.3258357448 15.2614114820
4.4893414790 5.2051359916 14.7387301869
4.3702870409 4.8370060178 15.1438695662
3.9785342721 4.9911139390 31.0105008267
4.5881551733 4.9844031389 31.6133788028
4.1911085793 6.0305427701 14.5194505824
4.7072389810 6.3678700141 13.9376099591
4.7317319018 5.6332140824 14.2437554783
4.3784775309 5.8645543037 32.0569208651
3.9227278795 6.7201745227 32.1323020130
4.2849889271 6.5212999761 32.4160267775
4.0622024004 7.0230962472 14.2732629381
4.7098429983 7.3685293320 13.6614380078
3.7259448302 7.2155751017 32.1565646943
3.9767866190 7.2124939964 32.4373908241
4.1098929266 8.0104330601 14.0994762025
4.5686806929 8.0996744624 13.6991279260
3.8459933681 8.0281998901 32.5309614800
3.8873067302 8.9752514654 32.6763283802
4.5459584891 8.7635133531 13.8692961801
4.3615820955 9.6846858265 14.3139444584
4.0456786126 9.5477085189 32.7668560081
3.9445281148 9.5932371297 32.6273683844
3.6227680458 10.7608781683 15.2460556450
4.5170781657 10.7239234446 14.7645742530
3.8613752056 11.0180198692 32.0448528816
4.1750655846 10.5534410491 32.4322334158
3.8243555148 11.4859295715 15.5252242302
4.7264119123 11.6035802651 15.2511183748
4.0911621013 11.4876460511 31.9594501416
4.3317529855 11.3105059991 32.1947297312
4.3076763941 12.2012004828 15.8393735201
3.9203838701 12.8024503438 16.5116749834
4.8269678420 12.7440062215 16.2163959930
4.0036261310 12.6946040138 30.8980728622
4.2315741686 12.3978068513 31.2483642999
4.5752988982 11.8912036265 31.8147837760
4.4861800923 13.3164631602 16.9251281292
4.0571137528 13.7089146078 17.4510727391
4.6157780871 13.7488422254 17.4316005810
3.9866109238 13.9562244582 24.1240488261
4.7270037586 13.7412887825 23.6502383331
4.0771273330 14.0861733467 23.2942998834
3.9900864518 13.9081992635 25.1539146618
4.6418955371 13.6577605040 24.7387354949
4.1461436547 13.9173411417 25.9970606056
4.6755374101 13.6818798465 25.7451342985
4.6451341942 13.7922779665 26.4709303322
3.7546274654 13.6159663969 29.6708033790
4.0230626660 13.4114794043 30.0761679841
4.5072308857 13.0302174722 30.6124866383
4.3241764386 14.0700243198 18.0109245561
4.4119052188 14.4669105497 18.8192292654
4.4340150646 14.7372147474 19.3814603269
3.8135889750 14.3124085318 22.7240575902
3.8794036227 14.5680282815 21.9182271845
4.1441138752 13.9754918041 26.8472114955
3.9924024721 14.0080949027 27.7196962513
4.2790269981 13.9218140277 28.6230268854
4.1818392318 13.7475425134 29.4927696612
4.1161908273 14.8909841706 19.7077885890
4.1153918306 14.9141248015 20.2998888876
4.0861406342 14.8056558789 21.0730608037
5.6440522620 2.4784363986 18.4013394419
5.6123415488 2.4872326588 17.8204802807
6.0913136571 2.2758154379 18.0535858816
6.2353132324 2.3340635084 18.7520220521
5.0085520729 2.2993968334 24.3732529356
5.2829955681 2.3992529854 23.6391816066
5.8582077942 2.1337908892 24.2550531798
5.6269610471 1.9836043985 25.1866627499
4.8061977595 2.2108318634 25.1051908099
5.8283804017 1.8191966699 26.1052670604
5.6292355699 1.8571138414 26.8644421053
5.4354092498 2.0247369048 27.7854626239
4.9547529854 2.3395033744 28.1374703694
5.5297278717 2.1674617730 28.6028863357
4.7701118485 3.8175647352 15.9199946764
5.2772701176 3.7811611506 15.4245058946
5.6354511439 3.2541477559 16.0023961171
5.6683201912 2.7129974153 17.0818622214
5.7120582728 2.6262447332 19.3134516029
5.5612182305 2.7669193511 20.4941932244
5.4571839760 2.7569907476 21.6152404304
5.1952720726 2.6524402924 22.7260124953
5.0963269679 2.5170454333 28.8404484261
5.5012874386 2.7584370671 29.9188680736
5.0255315005 3.3612606714 30.2986918012
5.6129107436 3.1556928117 30.7099728468
4.8666400608 4.3927203226 15.1027646583
5.4547124964 4.2995041909 14.6819827564
5.3476216585 4.0036627071 15.0543773060
5.2895697193 3.7405428192 31.0821810999
5.3346467891 4.3309138386 31.7221717528
5.0681108895 4.9580585632 14.4299844035
5.4049205434 5.4982362252 13.8716167171
5.6230149853 4.7235883267 14.2085659389
5.5049868868 4.7330001216 32.1729843578
4.9051982114 5.2482428425 32.1175084534
5.1617271233 5.3489061366 32.3950867315
5.4394234568 6.4632749416 13.4058475543
4.7266055346 5.9883748627 32.4878099993
4.3077163443 6.7732459246 32.5798901754
5.3431581589 7.2570681521 13.2385672268
5.8794454711 7.4081882485 13.0095110654
5.8238949276 6.8125738465 13.0626582351
4.0791423243 7.3435992025 32.6096706469
5.1447307240 8.0396341274 13.3695714605
5.9842467938 8.1636061838 13.0860864456
5.3793566996 8.8536781967 13.4604638095
4.9685251163 9.4358248592 13.8380991339
5.6817506453 9.5311582035 13.6718475876
4.2543956026 10.1358852167 32.7014520232
5.0950629965 10.0801298527 14.1032455706
5.8803580448 10.1594432471 13.9835610574
4.8031967823 10.8887203434 32.5801736063
5.4069798449 10.6304524292 14.3457808233
5.7327333204 11.2505146948 14.8668577031
5.7088550302 11.3878309221 32.4706782983
5.0590377030 11.4392982596 32.2979717544
5.4125222502 12.1521033765 15.6534601915
5.6026637949 12.6932586447 16.1991406266
5.7046059785 12.1409986933 31.7080011642
5.0359211747 12.5652339810 31.2517347050
5.4175081767 13.0890484419 16.6887702066
5.0031339353 13.9166949832 17.7867071949
5.3561409759 13.5613439601 17.3720037601
5.5619000706 13.8698702924 17.9662644242
4.5410609989 14.1292222900 22.6054094510
5.1916480697 13.6622340944 22.9439845107
5.3443018534 13.8806591397 22.1432121919
5.4063461319 13.3558789630 23.5382698920
5.3043483619 13.3013718895 24.3719453570
5.3169847977 13.2947970799 25.4277799447
4.8581699534 13.7975329303 27.0778610650
5.4621511008 13.3764604415 26.7199883447
5.2715680595 13.6702283509 27.5648569707
4.7975884789 13.7208996152 29.2875294557
5.5152004799 13.5020647148 28.9874578171
4.9597517007 13.8199987025 28.5911362667
4.5409746688 13.5289145319 29.9296096996
5.1606018118 13.3658186090 29.9174217589
5.4511240711 12.9702662549 30.6042389511
5.2419598489 14.1591311354 18.4804136244
4.6480692503 14.7799319045 19.9348809553
5.1975911543 14.4698358615 19.4414468624
4.7394314752 14.6839480543 20.7040544589
5.2668241548 14.5158301278 20.2681499232
4.7026804041 14.4362289860 21.5929041927
5.5471859169 14.1803897147 21.1088335669
4.7132707000 13.9126475386 27.8050153400
6.0510772203 2.3484730784 17.5044416037
6.3936896245 2.3995551070 17.0410811152
6.7662981468 2.2016969290 17.5996458103
6.6588644713 2.1814072354 18.3125257324
7.0030174524 2.2528888284 18.9120274458
6.0439008448 2.3310845044 23.4816355202
6.6882457462 2.1315834839 24.1960904133
6.5790622394 1.9326234052 24.9686929349
6.5517574697 1.7551378297 25.8496446358
6.5387102634 1.6575903999 26.7871602881
6.4271422776 1.6896269891 27.7637878818
6.3806875972 1.8630474609 28.8532921157
5.8650004648 2.2464342342 29.3564466574
6.6217324467 2.0367496488 29.8900406603
6.1138008783 2.3144336223 29.9300958852
6.4843533000 2.3475717986 30.4493941221
5.8482424698 3.7153864266 15.0756656828
6.5391214025 3.6846179335 14.7078213456
6.6995265292 3.1854170481 15.3947165482
6.4968768762 2.7072529798 16.3519915566
6.7132279007 2.4637914993 19.5641264747
6.5383464976 2.6509244558 20.4607177323
6.4650338172 2.6977166982 21.5452510812
6.4225683337 2.5587970438 22.7212053837
6.3811954594 2.7922066143 31.0182714334
5.8876399902 3.2328283826 31.1157529414
6.2417246367 3.3261532230 31.5172905804
6.0730214562 4.1746427383 14.4127291689
6.2051366936 4.7646035939 13.8779055185
6.8319152292 4.0985725738 14.1624109920
6.0290393914 3.8661991931 31.8435241891
5.8818541744 4.2602238163 32.0773590203
6.6366299738 4.0608906250 32.3417071276
6.2619285460 5.5418860313 13.3679627454
5.9990840739 4.7741866695 32.5078215555
5.3324111407 5.3868166167 32.5564023996
6.1217225864 6.2537707383 13.0915181435
6.5617222459 6.5753437054 12.8930627058
6.6602033202 5.8666432357 13.0205348286
6.7149192671 7.3992103048 12.8649947190
6.8261938489 8.1542995184 12.9999524430
6.2334228010 8.8600737921 13.2863839990
6.7729563136 9.4736636754 13.6887706003
6.5484669187 10.2515556654 14.1169796665
6.0118087054 10.6604260501 14.3100121761
6.6872429757 10.7330937848 14.5467019235
6.8948775180 11.2577785305 15.0927066417
6.8312790673 11.4472803910 32.3687034549
6.1655836890 11.7041210889 32.2101560821
6.4863541391 11.8309205057 15.5403899643
6.0595528870 12.8687079759 16.5931472853
6.4031721947 12.4411736703 16.2381146789
6.6312935796 12.8045174085 16.8672891631
5.9360936665 13.1812149615 22.8461235350
6.5165929149 12.6789363930 22.8170397189
6.5906952175 12.9015446577 22.2585664723
5.9084892704 12.9266212654 23.9315069147
6.4819527392 12.5279949172 23.4487857875
5.9125558964 12.8523641925 24.9606783147
6.4714616246 12.3929053180 24.4590021186
6.0127148955 12.8571657477 26.0182388103
6.5456194286 12.3491987120 25.5271021885
6.1452348815 12.8747532018 26.7213349677
6.7644821581 12.3481550575 26.7033496474
6.3553859947 12.8674866397 27.4211209476
5.7858473804 12.6382803877 31.0946318502
6.5775061110 12.4669192669 31.0266875293
6.1119821463 12.8235337073 30.6020216743
6.7600573935 12.0095401385 31.7354516496
6.2886810638 13.1721298763 17.2638929744
6.0029932697 13.9314758618 18.4431144226
6.2121537934 13.6080446736 17.9680161120
6.7128321574 13.7290483784 18.6955887769
6.1004773674 13.5349266890 21.8178071421
6.7190726261 13.2186010997 21.5755567024
6.4463351163 13.7090073268 21.0396238216
5.3080737652 13.7003240411 28.1976702294
5.8647625074 13.3301624912 28.0407254916
6.2141810014 13.1406635928 28.9618975046
6.0139421162 13.0906852620 29.8487774732
6.2020782752 14.0657193293 19.2072646958
6.0968842947 14.1321786685 20.2131699572
7.1444219351 2.3636779450 16.7791629699
7.8012075593 2.1955518972 17.3540977170
7.4619775033 2.1533006328 18.2980298064
7.6380797021 2.2417387806 19.0037662468
6.8090257566 2.3312458356 23.6139535287
7.3018582561 2.2565236453 24.1559722062
7.5135724984 2.0770395774 24.9254555662
7.2916719933 1.8103057378 25.6246197219
7.5649849190 1.5952345716 26.5781916847
7.3704685696 1.4564477524 27.6114319861
7.3271777123 1.4838504285 28.6396425924
7.5284376877 1.6267992940 29.8018598745
7.3543118700 2.0476588674 30.7459402780
6.8953487501 2.3650167800 30.9536833444
7.2807171221 2.4510466325 31.3790164471
7.2695961918 3.5323965985 14.6705169210
7.5938681779 3.1240899707 15.2028400175
7.5329272087 2.7206166686 15.9535828184
7.5341429772 2.4169364024 19.5583391169
7.4900795848 2.6647481987 20.4089352900
7.4280781456 2.8091889035 21.4729130969
7.4056305101 2.7688343386 22.5720904983
7.5225111257 2.5571688029 23.6441802870
7.0316934359 2.9577667782 31.7447725209
6.7368949397 3.4807396926 32.0068823704
7.6398677630 3.2341164299 32.2548223680
7.0883826720 4.7208912583 13.5413652748
7.8052691186 4.0284375334 14.0483059654
7.9478343130 3.7641077742 32.6383496287
6.9987291190 5.3378276282 13.1400712327
7.3924371387 5.7187662976 12.9264145858
7.5470603606 5.0330094191 13.1628102848
7.2492666719 4.1959150485 32.6550900904
7.4990609617 6.5586634398 12.8122582076
7.7012762213 7.4133701502 12.9215282025
7.5014556029 8.1923818960 13.1066501278
6.9756113420 8.7103422492 13.2337869382
7.6510181583 8.7093693504 13.4399377344
7.8595971073 9.2534579417 13.8980658799
7.5499618414 9.9961742371 14.3365938847
7.5620349544 10.7038371125 14.9139511409
7.7945630602 11.1404318446 15.4688452500
7.2528663414 11.6028926561 15.5919533571
7.8022179054 11.5621088289 15.9322127744
7.1114431840 12.1518229373 22.7973591176
7.8018117618 11.4005656565 22.7249412090
7.7860925106 11.8823551537 22.0516850198
7.0168269772 11.9145420542 23.9191256679
7.5698135486 11.3645960033 23.4775888896
7.0344738693 11.8286372804 24.9626099182
7.5004890021 11.2957742495 24.4083850930
7.1601722470 11.8037171011 25.9916940554
7.5885645581 11.2338860854 25.4159157776
7.3001457817 11.8051734693 26.6627597435
7.8042000340 11.2270168109 26.5508851248
7.5055808771 11.8115659233 27.3050093180
6.9870735564 11.6638170441 32.1275423673
7.6345705595 11.3505779091 32.1671916043
7.6096205190 11.7586588521 31.7605842295
7.7537696157 11.0890112155 32.3815526731
7.3510343453 11.9900192232 16.1974862593
7.0399405130 12.9097170953 17.3999552367
7.3338902339 12.4986316849 17.0041773813
7.5596049542 12.7697848290 17.7012762568
7.2199846592 12.6374570923 21.8066197897
7.8932323210 12.4164320368 21.2053995998
7.2125818658 13.2079619043 20.9932893134
6.6819384057 12.8290367988 28.4704417009
7.1341685344 12.3546466894 27.8799714214
6.7869584562 12.8026065025 29.4864697574
7.5445155425 12.3764209472 29.0904359803
6.6152445293 12.7619376511 30.2671745345
7.4411944478 12.4979634618 30.3039758732
7.5305426157 12.2070940333 31.2024426986
7.2685244325 13.1659200620 18.2091638421
7.3488158164 13.4914814376 19.0310975832
6.8494644621 13.7300301088 20.5089220406
7.0047483599 13.7788859002 19.3209755173
6.9025859991 13.8372924461 19.8982619372
7.5773489070 22.0144750619 17.8816663009
7.8196061686 21.9343963713 17.0912220170
7.7889578059 21.5308408166 17.6140357135
7.7823678169 21.4247270855 18.1535441859
7.5458801725 21.9969162200 18.6145467432
7.7490479974 21.4888512721 18.8143034171
7.5213821912 22.7629828753 17.6025940996
7.7473866754 22.9136937992 16.7679608229
7.4288311922 22.6983187502 18.4157827125
7.6255201342 21.9221016414 19.2144066348
7.5247448468 22.6531533190 19.2870717946
7.7185217844 22.1587310866 19.8578822627
7.7217534882 22.8647012274 20.0603309931
7.8891656646 22.4886698139 20.4884970501
7.5895315371 23.5810916780 17.3884893994
7.8747043359 23.7425924368 16.6647187943
7.4704418272 23.4921913809 18.1978020221
7.4754705792 23.3495682858 18.9333026326
7.7391244085 23.6096509592 19.7440133250
8.1311759739 23.3304466778 20.6907337887
7.7863518195 24.1601055982 17.2376745898
8.1143541274 24.3136609468 16.8072604987
7.7018116374 24.2201541083 17.9252032433
7.7229140065 24.1985529568 18.8889514103
8.1252527669 24.5250385854 19.7399021646
8.1093108347 24.0827718946 20.2625690989
8.1262670654 24.6326091939 17.4723307640
8.1283080996 24.8981983597 18.3644024211
8.1170545533 24.9005783744 19.1052207463
7.9081660482 29.4456206664 7.6608342247
8.2181159544 29.2811708657 7.3193848823
8.1624714274 28.7978603123 7.6192847366
7.9707323166 29.0859665220 7.9712116900
7.8171434169 30.3012341634 7.4409658912
8.2643249460 30.0689940893 6.9494896458
7.8191034525 29.8974471946 8.0775599660
7.8111583109 31.2387876677 6.7907765360
8.0635887708 31.5287927937 6.2105348750
8.4141613229 30.7568244584 6.4870941980
7.6089754456 31.4219545572 7.4394026364
7.7193640228 30.9045145837 8.0453851154
7.6907817646 32.3784903692 6.2441866590
7.8877911030 32.8091364828 5.6512723604
8.2151629755 32.0809942294 5.7617778394
7.5130849642 32.3517266232 7.0613687492
7.5552445528 32.1278419112 7.6007171770
7.6484670558 31.7145963727 7.9608254293
7.5548235787 33.4810488751 5.9720840626
7.9200776657 33.5792326202 5.3489522246
7.4276922328 33.3558545332 6.7025144289
7.5293027696 32.7025056644 7.6013495866
7.4682485448 33.3227632308 7.4082823445
7.6007560485 33.2305795333 7.9675949252
7.5256635296 34.5112837770 5.7271301681
7.9343234091 34.5811703630 4.9919689092
7.3750938848 34.3922664090 6.5004025134
7.4250932450 34.2546876354 7.2832148956
7.5957847078 34.0429045671 8.0242528952
7.4800687780 35.6473334341 5.4640998467
7.7803560588 35.5153428688 4.8361597160
7.3550305338 35.4478696208 6.2971355373
7.4103283651 35.3012241325 7.1406245207
7.5854154338 35.0679770216 7.9793665541
7.6046617486 36.4429380106 4.9261011031
8.0778403742 36.5800836882 4.3765343770
8.0127895024 35.8322229769 4.5133366497
7.3769341033 36.6440968788 5.5572883962
7.3414725093 36.3336063978 6.0661076768
7.4282385011 36.4454148354 6.8831588443
7.6008509721 36.1240961914 7.8307565618
7.6653418058 37.4509174113 4.7227223786
8.1269400170 37.5425097536 4.2173564225
7.4383324401 37.2912382053 5.2894011740
7.4260851927 37.3945453201 6.1077123346
7.5596209931 37.4049453528 7.0141268590
7.6384207582 37.0122154979 7.6084552990
7.7510095503 38.2851495495 4.5337421939
8.1411231989 38.5669070952 4.0915165927
7.5404334463 38.3645174250 5.2669877631
7.5727291731 38.4132109061 6.1002124971
7.6183340714 38.0745378483 6.7211227141
7.7501723750 39.2832849833 4.5968991451
8.1389085206 39.6963814571 3.9544983887
7.6561210709 39.4029988412 5.2503294266
7.6497445207 39.0643675111 5.7974321140
7.8393721254 40.1425786748 4.4052889841
8.0313921847 40.5663391104 4.1216939818
7.7855681713 40.1266931691 4.9533588797
7.9226755576 40.6991040788 4.5727110313
8.2905493749 1.3147309004 27.5312415132
8.6957346936 1.5598478232 26.8742325784
9.0500424067 1.2739660067 27.5839662881
8.9544701580 1.1290470279 28.3228779328
8.1518066653 1.2316004735 28.4192805968
8.8846964268 1.0802613418 29.1749958276
8.1715269240 1.2628765622 29.3332095795
8.8171085168 1.1395671937 29.8366362354
8.4037640220 1.3362197940 30.0869094646
9.0855107792 1.2624586809 30.4906831104
7.9059405093 2.3872187591 16.5843886337
8.4976181188 2.6907294483 16.2220940828
8.4480836566 2.3526122137 16.8606195025
8.5163567087 2.2685968292 17.4616931143
8.2988649221 2.2270538822 18.1064981230
8.1496192567 2.2644337205 18.8300702112
8.0574591550 2.3769955520 19.3747791142
8.5224069786 2.4978437764 19.3416334566
7.8789273613 2.3839576997 24.4848420399
8.4934696252 2.4118691787 25.2711908320
8.2334364191 1.9194480278 25.9208985907
8.4454674831 1.6584663277 30.8392066867
8.0965811328 2.1831866610 31.5148571116
7.7427198116 2.6433640120 31.8810254444
8.4937964513 2.5993858595 32.0997511193
8.0881846708 3.4407931023 14.7636386958
8.2771137584 3.0485978830 15.4418263074
8.3317369540 2.7093432736 20.0470848316
8.3740239464 3.1102380174 21.3286540252
8.2115642957 3.1380101095 22.5044785802
8.2452259859 3.0252602076 23.5326496165
8.3997589667 2.7935217014 24.4482841932
8.7432437218 3.1799083080 32.5199916804
7.8920800610 4.5888508384 13.4453957503
8.2418827542 5.0858092157 13.1434543582
8.6209295313 4.4221480580 13.7190475554
8.6673046634 3.8520958263 14.4610072072
9.0148478428 3.6712564358 32.7950402032
8.1301822357 5.8399838723 12.8943531953
8.3781658105 3.9573178391 32.8182221376
8.4412913112 6.4893495734 12.9337389299
8.4981475734 7.1759713304 13.0311135121
8.3729456872 7.8676858726 13.3084105104
8.4168757694 8.6229717467 13.7531982009
8.5954336429 9.0765752654 14.2081731437
8.1317912965 9.5070771847 14.2208843127
8.4565136794 9.6250859126 14.5703143636
8.3236450109 10.1652757506 23.9463647903
8.7089383946 9.5920171956 23.4645870144
8.5362360745 10.0744987415 23.1591290498
8.3733339262 10.0373427487 24.9049488146
8.6819973392 9.4291586367 24.2682075742
8.6726571001 9.5016472859 25.0698776759
8.0728934890 10.7116809816 15.2356034800
8.4146339502 10.1844287234 15.0704761335
8.4692206011 10.7200412058 15.6074646285
8.1501641103 10.7104548872 23.1591729058
8.5237557968 10.3431807195 22.7495171683
8.4161662766 10.9653864179 22.2015962971
7.8933266655 10.8220603416 23.9372407474
7.9603725331 10.6760060970 24.7331402902
8.5005138741 9.9488130881 25.5764126098
8.1322515165 10.5693164298 25.7272968380
8.2144911450 10.6590338177 26.4231758045
8.5053631444 10.1753732657 26.2627252172
8.4010324782 10.6188256697 26.9797379984
8.3320369006 10.8607926279 32.2009955762
8.9673998705 10.5423884390 31.7549899036
8.4067359846 11.3014555457 31.6835893263
8.3406241779 10.7143745355 32.3960809019
9.0402552182 10.2128622991 32.2951743459
8.0757640466 11.7007524958 16.3941255063
8.4976908828 11.1747241391 16.1878135835
8.5232769898 11.5832341148 16.8032393323
8.2612518794 11.7238114946 21.5893362571
7.8586103672 11.8450641744 28.2815542388
8.1453258234 11.2464923761 27.6322995240
8.2336737146 11.9116994276 29.1175563627
8.4773322054 11.3389720807 28.6115689914
8.6848582776 11.6425262949 29.4687453725
8.3520526595 12.0117853202 31.3111006048
8.0598223206 12.0092633414 16.9408879592
7.8277796233 12.7662290351 18.0771001576
8.1217942607 12.3581618250 17.7726273370
8.1462873258 12.6319252017 18.5612995898
7.7954384463 13.0133178867 20.4399783847
8.3392085059 12.3846976713 20.4459477152
8.0965096892 12.8893344844 19.8702663782
8.4528834338 11.9121104685 21.0442132384
8.4959456431 12.3451296391 30.1169657963
8.3724208503 12.4527216258 30.8619054267
7.5542821554 13.4266712578 19.7320850919
7.8959509573 13.0430989762 19.1633025675
7.3277454611 13.4969561497 20.3288431001
8.6566731295 16.6391451628 31.4852289951
8.8369311288 16.2618861544 30.7549316220
8.9097439971 15.9472829087 31.3118180193
9.0694917281 15.7674646181 31.8941784590
8.7279599801 16.5536255828 32.1014144332
8.8971306589 16.2870913790 32.3626101548
8.5150898297 17.6594430763 29.5301536602
8.8131196002 17.3410590823 28.7122733866
8.7924563323 17.0008728289 29.3014500953
8.7962996675 16.7238016924 29.9069605952
8.4918348180 17.3366001067 30.6595107493
8.4264561792 17.5407088080 31.4969431097
8.5344166354 17.2501057222 32.0427893083
8.6892516554 16.9184481052 32.4354241248
8.5778062331 18.6898597421 27.3197117866
8.8579738328 18.3853234108 26.5163765745
8.8451857335 18.0829705810 27.1306929325
8.8404575178 17.8086987796 27.7788612292
8.4831925364 18.3900011941 28.5482852566
8.3205636601 18.6088200894 29.5023945189
8.3100607796 18.3954081287 30.3177729737
8.3285624408 18.3018191739 31.2040436709
8.4261196738 18.2344540040 31.9850204783
8.5505389394 17.6404890499 32.4354238499
8.9408114429 19.8382657943 8.3844225527
9.2171383167 19.7674860813 7.8213864273
9.4615437381 19.1645777083 8.1175168541
9.2235228053 19.4098586510 8.6246844298
8.5695945145 19.8624225040 22.9973407039
8.8343908886 19.5251905679 22.2513422976
8.8500005493 19.2832651591 22.8724036869
8.8673158093 19.1405601560 23.5255602735
8.5695009879 19.6736734335 24.0206936774
8.8647264669 18.9597749893 24.5216336385
8.5976695222 19.5295022888 25.0241641678
8.8590985931 18.7420474565 25.5420145445
8.5980212280 19.3320285784 26.2127704105
8.4985870526 19.5393943248 27.1649711279
8.4342978640 19.3910152323 28.0887177637
8.3451830563 19.3496993910 29.1434606580
8.2811482265 19.2906044547 30.0958884637
8.3135983787 19.2128223648 30.9666952208
8.3867286078 19.0822817314 31.6553310658
8.5094879244 18.2979436921 32.4007883096
8.5821719574 19.4170477640 32.1847817857
8.7397141594 20.6092157128 8.2454270187
9.1437691343 20.5835338286 7.6653244911
8.9440286234 19.8132923667 8.9581816124
8.6214559062 20.5691263458 9.1412995513
9.0169275479 19.9858401793 9.8119374154
8.5854767014 20.7997597788 10.3034164663
9.0464077540 20.2554183878 10.9229460205
8.6148039048 20.9317442823 11.3827977364
9.0934628351 20.4303016362 11.9703391268
8.6657340834 20.9893740791 12.3550602589
9.0417479386 20.5749726144 12.7285025718
8.1997559991 20.9787179425 17.5069066453
8.7151775930 20.5540997162 16.7960189768
8.6998906463 20.3590146126 17.4395974861
8.6990170335 20.2568062155 18.1393574220
8.1507568332 20.8763116730 18.7016782014
8.7128314004 20.1406125240 19.2067192995
8.2856665619 20.7645719106 19.8123941695
8.7521384236 20.0264855453 20.2558179460
8.3887904955 20.6768442323 20.8717629419
8.7895514313 19.8409422899 21.2773023578
8.4633055740 20.4585460579 21.9938489543
8.4232301109 20.6880952964 22.8205830669
8.4805205938 20.4665836399 23.6349623963
8.5179312004 20.1960905464 24.4847240698
8.6748238152 20.2972459909 25.4020234992
8.6986866902 20.1333864324 26.6191275952
8.6181500810 20.1091915369 27.6777294951
8.5706589230 20.2227390864 28.8028756178
8.4370485164 20.1086584431 29.8948137179
8.3945544829 19.9406470231 30.7090619642
8.5952222836 20.1147303438 31.6045928434
9.0020808421 20.4380142037 32.3469019725
8.8682181112 20.1422977683 32.4999779530
8.6487231296 21.5621459338 8.1391390493
9.1305085672 21.5537216948 7.5934076130
8.4022505737 21.5663199382 8.9384743911
8.3246864396 21.6017630451 9.9285714666
8.3299806846 21.6683473420 10.9882299330
8.3810074881 21.7022845861 12.0504962122
8.7757259855 20.9211495925 13.0848200648
8.4732254264 21.6240759448 13.1919912533
8.7720201641 21.0405475063 13.8715984881
8.4469986164 21.7114819381 14.3806866640
8.7681819466 21.0142820201 14.8551100773
8.3750884897 21.5944676821 15.4245336638
8.7407675618 20.8335587942 15.8337210662
8.2734904779 21.3302742639 16.4268255164
7.8846202711 21.4427878151 19.4744894585
8.0368255628 21.6200707389 20.4656588333
8.2742122744 21.4495256554 21.5048946925
8.3911983772 21.2596214787 22.3323785015
8.5936060148 21.3912189010 23.1517360489
8.7171494387 20.9595676509 24.3107793582
8.9879697432 20.9733131991 25.0902826676
9.2267123519 20.7654516689 26.0152485233
9.0997090614 20.6005730489 27.2744433006
8.9209793605 20.5967680056 28.1798077184
9.0284069346 20.8908081387 28.9240316931
8.7935969935 20.8152911232 29.7299919275
9.1954871985 21.2016178059 29.5477110619
8.7277701199 20.7126279661 30.7799743782
8.8884041731 20.8855251813 31.5735967573
8.9847656388 20.7845576472 32.0101401740
8.6228205263 22.5952764791 8.0964014682
9.1311453926 22.5963140567 7.5697395956
8.3327124337 22.5913503673 8.8556081362
8.2199471380 22.5766363136 9.7746864411
8.2096491557 22.5500574558 10.7453529437
8.2606474652 22.5761206082 11.7464665786
8.3361213212 22.5879654793 12.8291028766
8.3512890511 22.5576509485 13.9803544945
8.2366357160 22.4666294332 15.0903927628
8.0358476765 22.2344852667 16.0930876114
8.1639449556 22.3842705657 21.1644126206
8.5510709422 22.2244132302 22.1469151835
8.9472349006 22.1491410968 22.9441423776
9.1635298449 21.7569719581 23.7284854649
9.1714301074 21.3677010278 24.5250174459
9.2878128144 21.2905334100 30.3702074782
9.2268073830 21.2347329485 31.2870317704
8.6176694172 23.6606785502 8.0845085185
9.1308185946 23.6644387048 7.5642035612
8.3182572125 23.6527017547 8.8297070593
8.2015072275 23.6231924891 9.7256926041
8.2054296714 23.5396699893 10.6715942525
8.2461017528 23.3557706830 11.4647164483
8.4006830516 23.6277794181 12.4483183322
8.5030018136 23.4681802560 13.5937423141
8.4505160407 23.4599449095 14.8408995477
8.0672769720 23.1707223433 15.8945838119
8.4730868905 22.9910301777 21.4832262543
8.8802393371 23.0529187517 21.9059656537
9.1751403056 22.7275021718 22.4607052552
8.6133784466 24.7368040658 8.0814777631
9.1236227488 24.7434484911 7.5619503332
8.3167644272 24.7279146180 8.8217566199
8.2083958486 24.7001684455 9.7055395565
8.2451904584 24.6203317764 10.6486361284
8.3927874415 24.4240584121 11.6655584174
8.6370829872 24.5880123121 12.5264228697
8.7721366378 24.3068320517 13.2114821637
9.0239712424 24.1962860892 14.1962363569
8.9346045084 24.1375395216 15.1532353134
8.4209952247 24.0398563345 15.9842044911
9.1743835637 24.4395999986 15.8557748593
8.3462826688 24.4642907005 20.2369332484
8.5702120951 24.1808078636 20.6109272553
8.9291542496 23.6526106575 21.3011447118
8.5937293253 25.8235432640 8.0769229850
9.0929374621 25.8386623350 7.5519976758
8.3104039875 25.8084082975 8.8182348594
8.2142969477 25.7801925570 9.6928983121
8.2743398809 25.7091433825 10.5954098984
8.4714102021 25.5726440174 11.4525468361
8.8533067831 25.4706060072 12.2911914228
8.7608146790 24.6501821962 16.7899965710
8.7672390884 25.0936260187 17.8334329072
8.5834598040 25.3485442785 18.4258712725
8.9688709000 25.4365175385 18.3673960530
8.4548414076 25.3143669459 18.8954822131
8.5368969114 25.1406430368 19.4704726100
8.8069426058 24.7733559573 20.1030425130
8.5224619095 26.9424709887 8.0531018139
9.0001986628 26.9699523326 7.5063595651
8.2799567301 26.9032634143 8.8108762498
8.2091824167 26.8620730303 9.6894915100
8.2929616625 26.7835402915 10.5796325013
8.5231098667 26.6134958616 11.3688071289
8.8298257840 26.3480162734 11.9500738448
8.8579796842 25.5351522553 18.7583260338
8.8234157517 25.4656104922 19.1730700458
8.3191830588 28.1576195507 7.9529283567
8.8073463039 28.1566894790 7.3548364949
8.1899874540 28.0410682944 8.7783257785
8.1793807025 27.9585397115 9.6837101783
8.2914805614 27.8664698993 10.5857002889
8.5748653181 27.6878566615 11.3916932647
9.0249568463 27.3032885803 11.9981908935
8.9016225601 29.0470310796 7.0446250805
8.0052623796 29.2685297687 8.6806435925
8.1163020964 29.0825790406 9.6611528716
8.2628349684 28.9589405662 10.5826162562
8.5516143808 28.7928638391 11.4140580700
9.1147899929 28.5243143090 12.1238810379
9.0176749455 29.8682737402 6.7357744682
7.8798302325 30.5292446079 8.7908067557
8.0514572511 30.2208211863 9.6459374935
8.2289902460 30.0521596314 10.5559978902
8.4939177705 29.8791833573 11.3964061273
8.9190112981 29.6396220071 12.0885229238
8.6709742175 31.3312043993 6.0125545614
9.2346311866 30.5879665433 6.3594822049
7.8315114411 31.6978075475 8.7362435118
8.0226025031 31.3098663912 9.6266457623
8.2098413796 31.1182521463 10.4913510725
8.4680702868 30.9597125624 11.3385979846
8.8495612054 30.6913458538 12.0564166418
8.4415067002 32.7326460528 5.2873923885
8.9937934017 31.9513374257 5.5243695076
7.6848529682 32.5212385436 8.1945101019
7.8925524939 32.7000043618 9.0070062757
8.0494378479 32.3533474583 9.6947688936
8.1933020327 31.9935097852 10.3653701201
8.4590959834 32.1041787459 11.2223091088
8.8279123407 31.7500003458 11.9871147388
8.5741280726 33.5602289642 4.8285087464
7.8124503423 33.5939456185 8.7636574288
8.0699684537 33.4272744388 9.7622896702
8.3142558261 33.0462224560 10.6944125620
8.6125509786 33.0721162907 11.5145575291
8.8085037687 32.6313410469 11.9145850254
8.4637730434 34.3014636668 4.5607982997
8.8721488821 34.5259407274 4.2947378000
8.9056979965 33.8965702492 4.4544870301
7.8075459658 34.7791461692 8.8058953790
8.0423662765 34.5340666523 9.7027891364
8.3269515673 34.3754451723 10.7333650765
8.6096724453 33.9182735789 11.4723470239
8.2409129546 35.0438497337 4.5096379073
8.7078899283 35.5360927927 4.1934113661
7.8166935007 35.8645863092 8.7263981320
8.0242937317 35.5930622316 9.6036032053
8.2504470588 35.4583909073 10.4881624666
8.6105953752 34.7468009207 11.5372426859
8.5215279012 35.4289068048 11.3234518525
8.7986820173 35.3162523259 11.9100788726
8.7996644527 36.5853566875 4.0179709004
7.8683535396 37.0180843890 8.5242070768
8.0611101667 36.6176906583 9.5030782063
8.2206579786 36.3158235937 10.2506517619
8.4951668383 36.4584816508 11.0988904880
8.8304411728 36.1245594034 11.8868795809
8.8257225769 37.6391621246 3.8581984510
7.8401096258 38.0669339195 7.7132419965
8.0603582154 37.9892916175 8.7945458998
8.1269884715 37.5050138947 9.3921329322
8.3713309676 37.4203818641 10.3791655778
8.6568554978 37.3900413942 11.2739195502
8.8299481751 36.9802921596 11.7592086751
8.7779269926 38.7476524012 3.6415259266
7.8315356888 39.0648383958 6.7048276879
8.0685984152 39.1469086104 7.7074617050
8.1928728987 38.9196335044 8.6288600088
8.3353234154 38.5018993131 9.6942293801
8.5555433420 38.4588937825 10.5702562717
8.6780526248 38.0521626926 11.0837335214
8.6044285079 39.6548298540 3.5075365800
9.0090595095 39.9280335080 3.2142347945
9.0236278940 39.2307749087 3.3437847338
7.8558227750 39.9280024805 5.8063284539
8.0696568182 40.0351115421 6.6181249385
8.1490409793 39.7828534808 7.2775482190
8.4206233600 39.9959970525 8.2284355334
8.5556512024 39.9033185532 9.6319380205
8.6193867171 39.3079065249 10.4388144401
8.4430534820 40.6011382662 3.5886984483
9.0287242517 40.8685079622 3.0120705814
8.0965733221 40.9301781006 5.2569564421
8.1719924678 40.6389888347 6.1846287375
8.4672917626 40.7139857879 7.1197234274
8.9392849397 40.9547328118 8.1349482289
8.7677421094 40.6002652574 9.0560881588
8.7448227227 40.5728539493 9.6301451051
8.8167477153 40.7130459663 10.1178916187
8.7168296787 40.4044097863 10.3581284717
8.6836334518 40.0182062635 10.4614493183
8.8234106102 40.4075140785 10.7800910061
8.6104686151 41.8807325237 3.3167920080
9.0644668159 41.7708229329 2.6838471620
8.2507392916 41.3833491896 4.2385440932
8.5407367234 41.9163116822 4.9794345343
8.5579473112 41.4233074356 6.0885950853
8.7852804227 41.4236479678 6.8723023336
8.8971764011 41.2811405009 7.3977703366
8.9033748779 40.7755616636 10.6604328540
8.8166933214 42.7806223663 2.7129341186
9.1996505003 43.0444983741 2.2033690056
9.1849015602 42.3183850682 2.3652248966
8.6304288058 42.8137441358 3.2270728172
8.6869795050 42.6734776044 3.9184307298
8.9699532792 42.5510839332 4.7326441565
9.0869723971 42.1508544635 5.5696445156
9.0733525090 41.8028701179 6.4769781487
8.9104253608 43.6843142780 2.4186208113
9.2551481299 44.0048538002 2.0085235416
8.8431959340 43.7042533446 3.0109952468
9.1032640332 43.5454984588 3.6098698517
9.2718413148 43.0817242368 4.2033510910
9.0016637929 44.6563551894 2.3309545906
9.2845619167 45.0510481401 1.7953699395
9.1231105363 44.6972878394 2.7426664254
9.3418166048 44.2500403399 3.1739271183
9.0954145094 45.4615239250 2.0657522230
9.2067238009 45.7342534753 1.8096998877
9.2809730292 45.4356962474 2.3793252319
9.2362141449 45.8613049366 2.0384800994
9.1658007936 1.4238640170 27.2316720100
9.4737096313 1.4239155763 27.5564147486
9.7069514232 1.2854292483 28.2733726497
9.6849896171 1.0941462655 29.1600960230
9.5949189187 1.0933035857 30.0487068554
9.7510618698 1.2240821155 30.7734322182
8.8200729448 2.5643113716 16.6774350690
8.9317280722 2.5273231456 17.1787182792
8.9214761622 2.4916329745 17.9585268276
8.7678019025 2.4901620583 18.7566294222
8.8050253826 2.2173295961 25.8900624673
9.0699121775 2.0621311499 26.4373166550
9.3937643992 1.7456086131 27.1104581971
9.4667368939 1.5148766034 31.1793193868
9.0595853214 2.0154745822 31.6805082140
9.4974201339 2.5571688833 32.2445477680
8.7056381480 3.4281720970 15.0620887342
8.9836127152 3.2600858517 15.7531312014
9.1969656404 3.0192063148 16.6928704733
9.3691611612 2.9819864920 17.6960107715
9.3166563579 2.9528701898 18.6440611221
9.0699274857 2.9483783884 19.5898464599
9.0133631120 3.2823678130 20.6349759363
9.0790549394 3.7868048281 21.6444120118
9.4376983839 3.9456018043 20.9680636979
8.8271966505 3.7202467485 22.5331372440
8.7944446667 3.6388631880 23.5125927553
8.9116325575 3.4476259095 24.4331539589
9.0861071220 3.1047097269 25.2856653331
9.2212299425 2.6164364184 26.0055307929
9.7971252472 3.2016466780 32.6352761258
8.9179163833 4.9021451599 13.3674070010
9.2132333148 4.7007190897 13.7717354991
9.2474095087 4.3591164357 14.3918192975
9.2264697340 3.8501171746 15.1637469741
9.4120676701 4.5086874791 21.7799612090
9.6267483766 4.5628621515 21.1865496480
9.2055674800 4.5060934186 22.6097554170
9.1410041633 4.4305989336 23.5328298742
9.2424517643 4.2723366858 24.4366853327
9.4517864893 3.9863148994 25.3154589971
9.9272915160 3.6837765293 32.8618201672
8.8717948540 5.5808836087 13.1554360132
9.3012925836 5.1457095403 13.5575023754
9.5865175951 5.0808731795 21.7085583418
9.6271582808 5.8659428543 21.8817225062
9.4140739544 5.4633928192 22.5709872229
9.3138842034 5.3774517464 23.5707033391
9.3999087234 5.2217103799 24.4610359418
9.6092645170 4.9859891114 25.3108553466
9.3081765172 3.8756611393 32.9110477151
9.0995795704 6.2159670759 13.2064321273
8.9606457176 6.8245740710 13.1763813251
9.3599793685 6.5638310303 13.5174515179
9.4359534097 6.6410625332 22.7563334994
9.6424560054 6.8692663668 21.9417440062
9.3469221050 6.4626114249 23.6659465472
9.4301416412 6.2599342411 24.5542863189
9.6364876741 6.0014128562 25.3452094680
8.8042346044 7.2952108762 13.2153058510
9.1621590456 7.3235330935 13.6212097752
9.3830424893 7.6967515317 22.7189541017
9.6146942529 7.8768148429 21.8877376050
9.2462814633 7.6019342586 23.6956701822
9.3321468282 7.4805523498 24.8348011639
9.5825657305 6.9654886708 25.4694551283
8.8412989034 8.6177869993 14.0310597092
8.9690127932 8.1493818577 13.8799454233
9.1449655624 8.6138561776 14.3944370018
9.3154232972 8.5661906191 22.4870750463
9.5151509131 8.8841812418 21.7693012993
9.0415315524 8.7313882639 23.4228323784
9.0008556973 8.6785869657 24.7280923282
9.5018271005 7.7480493050 25.7903896201
9.2338022171 8.6110265849 25.9540660438
9.4030322637 8.9748239327 27.0877542218
9.5865393025 8.1636245666 26.5551579726
9.6847185775 8.4871328746 27.3090177584
8.8113593049 9.6773604715 14.9288964742
9.0115083076 9.2340995169 14.7646032969
9.1199835706 9.6442586754 15.3225737206
8.9651041325 9.7092579799 22.4907774344
9.4098707584 9.7253774617 21.5550426093
8.8129993522 9.4479241611 25.7683368908
8.9264901449 9.7497123121 26.8776599072
9.5927502126 9.0371438484 27.7805508614
9.2848337024 9.7719752412 28.0250177083
9.6245665036 9.3314284181 28.3726619258
9.4799881618 9.7518770259 32.5596237176
9.7773115090 9.4692949239 32.6080625666
9.6923794581 9.5912693467 32.4156863843
8.8314885506 10.7108057627 15.9908559928
8.9836485238 10.2741266015 15.7662144642
9.1345275030 10.5987243807 16.3883116060
9.0824107785 10.6048741019 21.4256857099
9.5317244982 10.0915678793 20.9770146492
9.4041072413 10.6767950974 20.6213979657
8.7386906120 10.5908734140 27.9074733130
9.4819913624 9.8717073129 28.8875053190
9.0756274006 10.7656986799 29.1818037819
9.1996799921 10.9155388367 30.4120423723
9.5153306439 10.0756327412 29.7617014106
9.0119473303 10.9207598369 31.1946264193
9.4854923211 10.1354281795 30.9132203771
9.5732410811 9.8296528976 31.8372185423
8.7050023924 11.7211275341 17.4998275968
9.0132600618 11.1435116350 16.9945644235
8.8327343152 11.8788130421 18.5302632065
9.2792625012 11.1461715205 17.8743569549
9.1057421318 11.5929714050 19.4745987658
9.4338095693 11.0771764682 18.8475769827
8.9322871844 11.5160138802 20.4979347316
9.4624499128 10.9114062905 19.8216737679
8.6604557258 11.3689697573 21.3755806692
9.0337177894 11.8460940552 30.2773284515
8.9464357490 11.7292102119 31.0120663438
8.5455639149 12.3245837583 19.5232199036
9.1394245233 13.0087753891 30.9671416713
9.3538284441 13.0462709764 30.7712881374
9.3200279874 12.5236728911 30.8777557998
9.1562854472 12.6615650842 31.1191790230
9.5550304224 14.0299450075 31.2719380810
9.8485855269 14.2704129549 30.6561639001
9.8269345977 13.5777085194 31.4802693508
9.2770628347 15.2424995321 31.0352753751
9.5608596163 15.1383500054 30.3127121452
10.0014108362 14.3157185545 31.9621549311
9.4872656744 14.8661486390 31.7439777072
9.6381378388 15.0575523171 32.2360066291
9.2307287077 16.3953492571 29.1887782658
9.8393097352 16.1305457900 28.6058461769
9.7323424527 15.8048986107 29.1806284980
9.6410066759 15.5360150776 29.6835840750
9.1922351195 15.8587225215 30.1445988698
9.2356860280 15.7381105592 32.4020905014
8.8686219976 16.5409472061 32.5536659225
9.3473556796 17.5478740482 27.0199094117
9.7812152864 17.5355911710 26.3168561823
10.0959906878 17.1373946805 26.8023284354
10.1026507885 16.6410382960 27.6237532793
9.3193040100 16.9543286214 28.1311299982
8.6710408775 17.2361035716 32.6077948829
9.7905602884 18.8211917021 7.8794652813
9.7328459149 19.1032319836 7.6844046982
10.1731139497 18.7156914227 7.8193122237
10.0134886512 18.7423314521 8.2023975054
9.3769392884 18.7969933143 22.8408399656
9.8082125577 18.6670734621 22.0567443270
10.3327787141 18.3167288516 22.7720842774
10.0645439176 18.1969493157 23.7536788205
9.3630998289 18.5264278774 24.0494604198
9.9747701732 18.0053310382 24.7146934758
9.3298787302 18.3124259678 25.0610750515
9.8959062316 17.7705099710 25.6053328642
9.2999466544 18.0281021508 25.9998111734
8.5751262001 17.7619504891 32.5900072157
9.7384550683 19.7173681493 7.4753474192
9.8357474982 19.0412510257 8.8262517032
9.3524488260 19.4595632819 9.2501490393
9.9687190229 19.2439438969 9.7256914394
9.5155944959 19.5278964544 9.9169952288
9.9323784642 19.4200575253 10.3793111114
9.3244528707 19.8864484542 17.4570712433
9.7944862942 19.7524035262 16.6725025649
10.3177090121 19.4425578035 17.3892890514
10.0652511362 19.3579530953 18.4567139771
9.3069749005 19.6747152194 18.7308911294
9.9517771306 19.2309171570 19.5403314527
9.2696197496 19.5524994750 19.7777196640
9.7910966426 19.1384360528 20.3633292121
9.2721647768 19.3887943415 20.7418510505
9.9281087053 18.8543203483 21.2402540770
9.2934295170 19.1381367160 21.7037054115
9.7799177240 20.5701432091 7.3595399690
9.5368182218 19.7305465770 10.6144399386
9.7867782966 19.9161534778 11.7296089877
9.7267995162 20.2055955691 12.9611975900
9.1983766777 20.5510219682 13.4999916875
9.8507521334 20.2281757476 14.1651505085
9.2404012949 20.5504728817 14.4240494196
9.7639629156 20.1926030798 14.9856315282
9.2560517424 20.4290059620 15.3504329471
9.9213028516 19.9336882492 15.8561179198
9.2615161812 20.1932007259 16.3000052762
9.1439347214 20.4963362154 32.5840096546
9.8090338975 21.5594205805 7.3132118649
10.1811583757 21.0139624896 25.6418792970
9.5269041027 21.2351265841 25.0774459349
9.9040421291 20.8314257514 26.9263656094
9.6630443947 20.9395619705 28.2617230780
9.4584385863 21.2009309377 29.0746649231
9.9202751536 21.2416604663 29.0646389314
9.2161167208 21.1318520780 31.8510713596
9.4559890536 20.9927067057 32.2261989499
9.6429566326 20.8262968826 32.5090155934
9.8189721412 22.6058333521 7.3003166587
9.7786582521 22.0593928605 23.6131167389
9.5141773843 22.3753548264 23.0895567586
9.7491107633 21.6575899683 24.2673862232
9.7385162350 21.3985926805 29.6944470731
9.9091011868 21.5044548610 30.4074899236
9.8160142662 21.4531671744 31.0772444691
9.7217125906 21.2937460605 31.7859831575
9.8194018934 23.6752517222 7.2979397702
9.8660544832 22.8711779821 22.5468893097
9.4886848960 23.3094431044 21.9650354103
9.8145909364 24.7611324193 7.2951003514
8.9730920045 24.9879686749 12.9043952199
9.3477045212 24.8713807747 13.4871496325
9.6089165648 24.6217362662 14.0909846973
9.8346407582 24.3746796010 14.9154516237
9.8439152874 24.4775855973 15.9497155545
9.8199436055 23.8347144018 21.4107201882
9.3644055280 24.3368270233 20.7501369828
9.7949711742 25.8659003463 7.2790716483
9.4327262191 25.5721456637 12.8954329772
9.9442428896 25.3520960898 13.2643439458
9.8762171173 24.9185039656 13.7006884142
9.4794757271 24.6610015225 16.4833953270
9.6003871201 24.8846119861 17.3279848407
9.2342566108 25.5193152997 18.6635991088
9.5231365354 25.2430133055 18.3020973738
9.5848793084 25.4007457375 18.8986158256
9.7372785669 24.8675898642 19.9949197205
9.1293983077 25.2811435255 19.5630060323
9.7439639355 26.9783399680 7.2218044656
10.1252800460 26.0197462046 12.8383323814
9.5121403044 26.5288819238 12.4484947852
9.2192965849 25.5201422067 19.0761572099
9.7261717882 28.0198038437 7.0977121143
9.8837421275 27.8503780744 12.4364466234
9.7968200832 28.9527535147 6.9197542914
9.7269771264 28.7709632869 12.5685955600
9.4674976443 29.4346431429 12.5595109397
9.9722561739 29.2893457528 12.7484095986
9.9517379744 29.8033568777 6.6838100084
9.3617856935 30.3626446703 12.5622295275
9.9352507077 30.0034541110 12.8006576057
9.5612355346 31.2356458799 5.9179940026
10.2032840291 30.5606549692 6.3479096514
9.3236099329 31.3997246109 12.5401383901
9.9082726717 30.9566043261 12.8240493254
9.3695808527 32.6944893712 4.9744952248
9.9800473533 31.8738293881 5.4322533275
9.3036631621 32.5672736262 12.5005047579
9.8988687340 31.9936093114 12.8428892428
9.2510796689 33.3952415041 4.5679340880
9.4854546893 33.8737337303 4.3076620216
9.9846872140 33.1911660259 4.5475217626
9.0036150990 33.5572790068 12.1555494191
9.5251765037 33.5453172540 12.7207397235
9.9480605633 33.0137562668 12.9273741123
9.5882426467 34.6468019968 4.1061853701
8.9258664800 34.6121324877 12.0720987822
9.4320565029 34.4653103889 12.6515020093
10.0717172606 34.1062356706 13.0776649249
9.6408725651 35.5962056442 3.9529128284
9.2571138483 35.5942000609 12.4696341564
9.9662361379 35.3524834087 13.0663500271
9.7013594391 36.6168202516 3.8089335844
9.2835942737 36.8922349075 12.3896656915
9.7590290989 36.3389157914 12.8485619777
9.7553528431 37.7324537778 3.5985588917
9.0452701127 37.9875135314 11.8813412942
9.5310386575 37.8513489284 12.5502743534
9.9264535929 37.3189891295 12.8436373612
9.4217739129 38.6523270345 3.3850593004
9.5911645769 39.2155753677 3.1726838342
10.1744659772 38.4234434416 3.3352275806
8.8577580640 38.9548779998 11.2463093148
9.2054301858 39.0331289871 11.9599508201
9.5264279694 38.6908359316 12.4456057645
9.9918082614 38.3264366525 12.8107078241
9.7104620238 40.0319264195 2.9268819728
8.8568932387 39.9037741911 11.0003584560
9.1744739291 39.8376030057 11.6811398158
9.5525426478 39.6207353086 12.3092060417
9.9863936199 39.2298598201 12.7078681187
9.7154063293 40.9804434934 2.5864216147
9.1521130019 41.1211711882 9.0016960624
8.9953176686 41.0202810974 9.6899568617
9.1315073108 40.6888302264 11.2395820600
9.6052407965 40.6204667614 12.0374898544
9.9895218025 40.1009409606 12.5335121470
9.4786153569 41.7404376877 2.3566463227
9.7403415012 42.2293549860 2.1252358736
9.9356877593 41.4684226732 2.2792383182
9.0956194142 41.6137628056 7.0928807835
9.3217780445 41.4722084085 7.5973072322
9.7169324923 41.3563646444 8.4449847258
9.4785798323 41.5557378676 9.6839326315
10.0167007253 41.5856269548 9.4719966537
9.2375257702 41.3741738457 10.6126211707
9.5668577544 41.4686664407 11.5363916666
9.9739770924 41.3877914562 12.0170905141
10.0544362049 40.7756817667 12.3431000171
9.7877564505 43.1744835508 1.9148158396
9.5968392145 42.2765478777 5.5346458701
9.5830167441 42.6021024909 4.9254936391
9.5841989787 42.0295030019 6.1181830270
9.4982988122 41.7636228350 6.9175053771
9.8083397522 41.9618829291 10.0624008466
9.6414890128 42.0493495972 10.5207715899
9.9173051204 42.2386227744 10.5119797726
9.6918726661 42.0902447851 11.1831841442
9.9493436776 42.0505891909 11.6871525180
9.8830429009 44.2309340433 1.6806489730
9.8693595857 43.0618793572 4.2805119856
9.7751122171 43.6794450316 3.6850871775
9.9284711854 42.3887657369 10.9912314067
9.9974786722 42.4065833415 11.4270448492
9.6870783555 45.0932516016 1.4675152593
9.8837395513 45.4237620049 1.3089832473
10.1503570951 44.8799161190 1.4167912866
10.0048073146 44.4453815327 3.1290338652
9.6092227961 44.9986710817 2.7716287448
9.5187740800 45.6918470670 1.4857949003
9.9639833948 45.8458373972 1.2811067240
9.7992620982 45.5799852158 2.4450301970
9.7095216205 46.0475705256 1.3973435938
10.1585065381 46.1680825495 1.3405752193
9.3880742981 45.9997819201 1.7561407458
9.6433834208 45.9698575501 2.1402318687
9.9730400718 1.8189778345 27.7974002992
10.3196313755 1.5965153788 28.5412850926
10.3793158572 1.3507167638 29.1563633392
10.5148334428 1.2409293219 30.0604526101
10.3463135367 1.2326941887 30.7618704772
10.1381178998 1.4083092119 31.2182889819
10.7632373209 1.5686212137 31.3698688678
9.8181931487 2.5803135493 26.9883249357
10.3305317140 2.4989327375 27.8321867762
10.5563883141 2.1281497827 28.4251155660
10.1400397394 1.9116023765 31.7610848327
10.5720221680 2.6478894183 32.3118180514
9.6100080287 3.9247912738 16.2712994128
9.7116452996 3.7123888864 17.4312430896
9.7240247945 3.6326259140 18.4689532853
9.6123195492 3.5831030009 19.4366128053
9.4470678359 3.5573257040 20.2011760842
9.7362022813 3.5052146699 26.2652731319
10.0965502670 3.4054581744 26.9998544812
10.4121516092 3.3166291222 27.6367609866
10.7389403767 2.8831288074 28.3656150730
10.9598005715 3.4095596563 32.6742007554
9.6156403173 5.1207874160 14.2874138756
9.7348326790 4.6932462800 15.3929659377
9.9550310976 4.8091475286 16.4769676739
9.9712032155 4.6034067355 17.3275311317
9.9774627068 4.4907136327 18.3535937850
9.9108474630 4.4095448631 19.3669760803
9.7400614728 4.3169225995 20.3657392646
9.8938360613 4.6730419251 26.1989531877
10.2907043322 4.3119497327 27.2096162274
10.6379208260 4.0715299741 27.9111591497
10.8083675023 3.6194431625 28.3024389489
10.5529791936 3.7538415952 32.8648305175
9.9278276108 3.8476290976 32.9358075304
9.4796909228 5.8474395563 13.6960829424
9.8234147251 5.9644340203 14.4817166585
9.9532912941 5.7042749230 15.2634285808
10.0541475447 5.5855806133 16.2816609716
10.1115878946 5.5344056177 17.3002172623
10.1128539155 5.4531787962 18.3060869347
10.0657194536 5.3677754710 19.3164273521
9.9436446731 5.2593919494 20.2718093257
9.7658331904 5.1732076742 21.1025886104
9.8975315194 5.7627614311 26.1726245835
10.2033295966 5.5394969438 27.0719532063
10.6543041742 4.6875802794 27.9697713508
10.5305510420 5.3828800278 27.8720365095
10.8110103049 5.2240293607 28.4341739686
9.6767616535 6.8057223293 14.2536766383
9.9835761301 6.6762591800 15.2298835589
10.1095539835 6.5654434791 16.2129970694
10.1601500018 6.5083516223 17.2465030053
10.1663517955 6.4613477806 18.2808753318
10.1268845280 6.3870414935 19.2946299874
10.0227559390 6.2622368088 20.2561815719
9.8449360167 6.0868076213 21.1235869635
9.8190063191 6.7546172262 26.1933604892
10.0825302336 6.6347738676 27.0800398134
10.4213959571 6.5162071343 28.0891596107
10.7594460389 6.0265790823 28.6508295249
9.4739295542 7.8729053339 14.3962533600
9.8502086026 7.7000868482 15.2192382229
10.0677260815 7.5954573364 16.1973041701
10.1534566220 7.5331457531 17.2209636239
10.1700399146 7.4847035983 18.2538466012
10.1369040305 7.4183272375 19.2646300166
10.0393612327 7.2991377831 20.2309113550
9.8666846282 7.1027038419 21.1228854337
9.6968457672 7.4679918920 26.1926094501
9.8672011686 7.6691759958 27.0526056467
10.1553637278 7.5908353404 28.0676303361
10.6817100967 6.8237028759 28.9515456647
10.4710835806 7.6019197680 29.0985585018
10.7673560743 7.2887929009 29.5345983009
9.5181549327 8.7657626710 15.2029376310
9.8908698371 8.6461759694 16.1955214050
10.0682711043 8.5626131868 17.2084728703
10.1221506944 8.4968930946 18.2302621727
10.1091307708 8.4047230598 19.2095959537
10.0187354289 8.3113255200 20.1477240418
9.8405076118 8.1432682676 21.0552598442
9.8568036424 8.5745232923 28.0971577774
10.1171332401 8.5097342434 29.0770661569
10.6846886375 7.8329046496 29.9066385347
10.3926176019 8.5017496179 30.1096018479
10.7352963698 8.1400857631 30.4848651106
10.2074863115 9.0841743277 32.4753455893
10.7132867783 8.5633920086 32.4685683663
10.6938657709 8.5993018594 32.2381349363
9.5172111028 9.7145174646 16.1816066008
9.8573559665 9.5587514598 17.1828446229
9.9855725132 9.4717963406 18.1897067955
10.0059452737 9.3454601012 19.1781828120
9.9781075315 9.1145814254 19.9609398246
9.7667018411 9.2247146324 20.8601844581
9.7797193119 9.3080649054 29.0454551610
9.9229248384 9.3256814097 30.0264396823
10.5816981875 8.5771274243 30.9258616095
10.1199998093 9.2149634861 31.1199588799
10.1580468429 9.1863627171 32.0449339209
10.6280461504 8.6559979587 31.6180184857
9.5047064368 10.4504273689 17.1386312077
9.7165094490 10.3696206096 18.0842924414
9.7885353466 10.2539575325 19.0862214965
9.7583336673 10.0047164024 20.1301135512
9.9925995648 13.4309741796 31.0889086554
10.3346377288 14.5645107905 30.0746862986
10.7948548214 14.5575870359 29.8675795338
10.8162175670 14.0836249626 30.5911390627
10.9174155332 13.8054890080 31.2998030810
10.5697503274 13.7887920005 31.6810246580
10.3217343617 13.9485429397 31.8980264134
10.8589541466 14.2152404487 32.1514758718
10.3187464660 15.2498088163 29.3040444447
10.9783569600 15.3625305904 28.7611449643
11.2656300424 14.8368019228 29.4231324058
9.9293895070 14.9171783416 30.0040664130
10.3299951612 14.6322174224 32.3636256600
9.7414919125 15.1254398785 32.4528837097
10.5261793768 15.8687427391 28.3319348225
10.8506778603 16.2253982006 27.6997640033
11.2317163393 15.7564011204 28.1842022753
10.4135695819 17.3067180690 26.1821285595
10.9556872050 16.7710783927 26.9217345686
10.2876900213 19.0595042577 7.5481337615
10.6615650183 18.7160908991 7.7897590070
10.6475410744 18.6104813293 8.2166851850
10.4169993659 18.7349371074 8.6828844088
10.8962283280 18.7366444301 8.7792380646
10.2939095951 18.4983779350 21.9134186580
10.5645117736 18.5850088159 21.4794970100
10.9475770836 18.3728472097 22.2375269140
11.1299740596 18.1490271422 23.1031461448
10.8986526712 17.9895093752 23.7997993523
10.6353888350 17.8553879284 24.5033264604
10.7199743260 17.5730320431 25.3862704095
10.4260455480 19.7223347355 7.3902111924
10.7484191142 19.0391929071 9.5311539421
10.5846364771 19.3149953721 10.6219713940
10.1613851183 19.5305488526 11.1057029876
10.7045458401 19.4818051165 11.4565521036
10.4716766054 19.6574796251 11.8573594364
11.0242694122 19.7136978971 12.1551845142
10.2958326139 19.5991924736 16.5323757679
10.5807142055 19.6954142768 16.0988070927
10.9628256391 19.5068697869 16.8490938895
11.0657004922 19.3126092198 17.6454136715
10.8776147995 19.2277350263 18.3825000569
10.7555904235 19.1240517424 19.4239282749
10.6335277724 18.8958621885 20.6535028635
10.5188476495 20.6073256815 7.3123345730
10.6480142018 19.9537522696 12.8136968966
10.6192315621 20.1160125314 14.0228642084
10.6175380299 19.9930353545 15.2677473482
10.5554145431 21.5982062983 7.2842626983
10.1192507027 21.3757214763 24.7738774092
10.8203186401 21.2293040610 24.5561413711
10.3672258751 21.6213800110 24.2033897191
11.0907464579 20.7587297589 25.4728881504
10.7899816634 20.7196161670 26.5465027645
10.7378014363 20.7508784390 27.8032956106
10.2678122901 21.3336072831 29.4781036168
10.5900754345 21.0385451401 28.9590138007
10.7381279038 21.2282251506 29.7261916205
10.3534182381 20.9182322652 32.5186851094
10.2686370985 21.0627638329 32.2551496783
10.5625051156 22.6372638671 7.2801111483
10.2203103938 21.9335955259 23.7653650531
10.2552553337 22.3858057102 23.1003301247
10.3519743565 21.4334661202 30.0796597999
10.4388929512 21.4318867991 30.8279635565
10.4188844551 21.3040869422 31.5975173034
10.5666841776 23.7139140714 7.2808895138
10.3926105297 22.8223373203 22.5466898010
10.3184528429 23.2865029707 21.9967699808
10.5844682245 24.8225215879 7.2780177635
10.0715679956 24.6743794838 14.0757559960
10.6060153700 24.4107098120 14.1239169864
10.4702026563 24.9900073307 13.4887736243
10.7371624311 24.0863471297 14.8612205289
10.1261449574 24.5723847445 16.6656429759
10.6752945956 24.1423674791 15.9233743364
10.3350081975 24.6798851703 17.3671847905
10.8047958151 24.3267583939 17.0508302766
10.7847903245 24.5212939502 17.7762691832
10.4138204161 23.7559523031 21.4433599385
10.3241704092 24.1960617903 20.8220615630
10.6163733402 25.9562557771 7.2532616754
10.4834155025 25.5822802979 13.0532572544
10.2584755764 24.8594893265 18.0668139814
9.6082904908 25.3038808477 19.3494307646
10.1970798994 24.9685976422 19.1046858058
10.5314463857 24.5673711018 20.0164523628
10.6102444294 27.0522918885 7.1724707119
10.7936508426 26.0310414876 12.7240938086
10.6329227539 26.8646900262 12.5157335181
10.6317913021 28.0371595474 7.0661871669
10.9804837927 28.0870805563 12.4330942785
10.7541616499 28.9568128957 6.9527865587
10.3292802070 28.7553498192 12.6506840472
10.4728018498 29.5611022440 12.7673478556
10.9552514449 29.8644756466 6.7828161725
10.5196532518 30.4890923878 12.8050209426
10.5527265051 31.2286130449 5.9177137037
11.1754878085 30.6654972370 6.4380895024
10.4995350532 31.5070686012 12.8541222640
10.4867643342 32.5030422410 4.9625905488
11.0044356024 31.8556546632 5.4654930632
10.4962511245 32.4977676688 12.9292541817
10.3268394408 33.8668608240 4.2407010795
10.9363873654 33.1619529338 4.5623394154
10.4895859023 33.3621065422 13.0490570380
10.4848445584 34.7127232482 4.0238430265
10.7974991459 34.1445067533 13.1738933308
10.4603981024 34.8827911488 13.3707644480
10.8283537462 34.8763756528 13.3969573895
10.5716948373 35.6350549921 3.8832864740
10.4553763503 35.5641063724 13.3660600367
10.6934098212 35.2923303858 13.4648529680
10.6914320524 36.6035100097 3.7621352307
10.7323812393 35.7797999402 13.3146019627
10.4538910355 36.4953708776 13.0540963198
10.8803034157 37.5427536042 3.5961962578
10.5949328813 37.9389020245 12.8794713807
10.4148465178 39.1952850218 3.0840028821
11.0788529882 38.3887227059 3.3801510218
10.4232449339 38.8131103051 12.8635748644
10.6714500889 40.1771610774 2.7744272313
10.4991956998 39.6148059350 12.6645523022
10.3372650564 40.9748134806 2.4055744711
10.4953402205 41.5864557249 2.2009176466
10.8399237286 40.8907241876 2.4615702531
10.5270995401 41.3174217801 9.7849578237
10.8391153123 40.7800521817 9.5970802648
10.7229578493 40.9361306684 9.2765750303
10.8215703253 40.8967995445 10.0910061165
10.3336198330 40.4044697613 12.5018362798
10.6631076059 40.2120433278 12.3305179363
10.4251048720 40.9971806345 12.1132092643
10.3295484365 42.4259149179 1.9923201490
10.2306960810 42.1040291041 5.4845239299
11.0427474204 41.7634231774 5.0972647166
10.7098800103 42.2212088690 4.8048124284
10.1107314621 41.7179316024 6.6060772309
10.9487164312 41.3484708166 6.1376780114
9.8404175557 41.5568957395 7.4253026054
10.5320035683 41.2150658606 7.4740456506
10.5283232140 41.0842067821 8.7705739096
10.1391416869 41.9403791861 10.1870267108
10.6863705154 41.3118674392 10.4333665360
10.4560735854 41.8079722703 10.5533894038
10.6542041835 41.5564419567 10.9081706916
10.2899346131 41.8414835262 11.8306936910
10.5238558842 43.1794825858 1.8726291570
10.2900217187 42.6210614525 4.6264544966
10.8075337518 42.5064304937 4.3414194819
10.5377682554 43.1086370907 3.9325600688
10.1899355646 42.2586556334 10.7996365403
10.4592500130 42.0488421510 11.1412479383
10.1983706364 42.3154337343 11.6373899981
10.7316860841 44.1703051143 1.7449383173
10.5049494507 43.9081655414 3.3523064634
10.2189169500 42.4075044742 11.3100818113
10.2715874482 45.3798523789 1.3286243306
10.4947078220 44.9064244299 1.4622958986
10.4860168024 44.4469247352 3.0220955686
10.3501861818 45.0563682905 2.6126108455
10.3719004862 45.8488087695 1.3675254393
10.1901110046 45.8705651512 2.1687358148
10.4049079259 46.1843670612 1.4722552197
10.3201527859 46.3126486643 1.5860368677
10.1681699776 46.2141336859 1.9215504988
10.4207340581 46.1252450091 1.7734244387
10.8029058894 1.8624734698 29.0929685713
11.0162966645 1.6598654141 29.8165035156
11.2096745564 1.5662190053 30.4571706752
11.0391548269 1.4515343148 30.8834251684
11.3783920336 1.8324390695 31.3994471782
10.9606668291 2.4979675526 28.9315836516
11.3148900497 2.4330888591 29.6511262040
11.5301992718 2.0749053608 30.3713231713
11.1447474711 2.1576446319 31.8558293535
11.6535060223 2.9104347134 32.2819859832
11.2096837265 3.4358689523 29.1250517431
11.6230957714 3.1845042685 29.9075839230
11.7293513030 2.7143012259 30.2896214752
11.7485199714 3.3727489687 32.5589199139
10.9590345245 4.4536212209 28.6022795815
11.3872042283 4.6019327867 29.4705923667
11.6762525230 3.9890576874 29.9391173337
11.3794632291 3.8786710348 32.7346413936
11.8630873905 3.7875325578 32.6072247947
11.1224115083 5.5544912813 29.2478901311
11.7045567324 4.7579992036 30.0845371292
11.5447880854 5.4380764234 30.0350421065
11.8315793671 5.2241687796 30.5275538957
12.0673403567 4.4418806391 32.4923838426
10.9577827239 6.6184560215 29.4739136199
11.3604326498 6.4613928095 30.2786152302
11.7497068614 5.9520794804 30.7565164336
10.9907167138 7.4371795636 30.2831254755
11.6454358461 6.6681119241 31.0456830231
11.3665891385 7.3415818780 31.1605987684
11.6988223385 6.9804472897 31.5259676227
11.1899278389 7.9915144090 32.3121868762
11.6961875089 7.1580861630 32.2635816079
11.5291084749 7.5204692171 32.1426907794
10.9346600025 8.0811279923 31.0959793448
11.5584521597 7.3927574986 31.8018138802
11.1598119025 7.9873933143 31.8509827123
11.2676265561 14.3595588781 30.0601132922
11.5842408923 14.1815525868 30.5050540796
11.6745243055 14.0455407321 31.1670512232
11.3870712055 14.0283126588 31.7875413259
11.9038640313 14.5088092166 32.2386689375
11.6341287119 15.3012095768 28.7671736532
12.0405684027 14.9455110902 29.4356668881
11.8257705958 14.4971675314 30.0274384045
11.3438004926 14.5571189606 32.4344450804
11.5135681910 16.2106462650 27.6039532099
11.9285070672 15.7844609215 28.2143504920
11.0786257303 17.1871317704 26.1083477856
11.4502800119 17.3568031583 25.7202783516
11.7548471340 17.0471718715 26.4358865280
11.8022751068 16.6155634008 27.1264056645
10.9031926692 19.1099102793 7.6439160276
11.1064176141 18.7792894816 8.0400119388
11.1507503451 18.7268746339 8.4784797014
11.4383231186 19.0127019726 8.4288498610
11.0478074476 18.6043454582 21.5570100372
11.5023915431 18.5824001010 22.1506942888
11.7541429244 18.3779413133 23.0339039108
11.6984290561 18.0528585117 23.9287160436
11.5465334497 17.7160105607 24.9641759042
11.0916667100 19.8369159267 7.5550776555
11.3792103990 19.1069946106 9.0867224561
11.4624136020 19.3740942862 9.9699040465
11.2934672013 19.4344960224 10.6732937405
11.1782109771 19.5507137131 11.4785258216
11.4940387694 19.9146480747 12.2271663038
11.1176206919 19.7594751175 16.1850323781
11.7440387215 19.8124873437 16.8995681333
11.6030988458 19.4750760864 17.5078687330
11.5730727374 19.3453724609 18.2897880841
11.5186042809 19.2712866778 19.2486898771
11.4855228656 19.1713561070 20.3731125553
11.5222237807 18.9152560986 21.4521720076
11.1757411386 20.7309476003 7.4975029061
11.4256756813 20.1536775565 12.9981477121
11.3570180229 20.3125461932 13.9790800311
11.4035985675 20.3041477218 15.0365094672
11.5779312442 20.1186205920 16.0043164443
11.5358034402 20.4012039485 26.1702655555
12.1769409276 19.9526622116 25.6390434051
11.6993034143 20.4004630036 25.2931742382
11.4310276522 20.4327385548 27.1868555996
12.0546781143 20.0317211464 26.7561660934
11.4992044983 20.4631636970 27.9988096856
12.0001047308 20.1159157890 27.7297300294
11.9037154314 20.2747905619 28.4573425809
11.0706578000 20.7271229307 32.4195042708
11.7454332461 20.1839313747 32.4698446949
11.7336288257 20.3314007050 32.2509620459
11.1979103450 21.6828996690 7.4907838226
11.7724693159 22.0010465760 9.0883650674
11.7983594099 21.5771353937 8.6348780059
11.7485726708 22.2985909467 8.4449335980
11.8016596295 21.9113416717 9.7913900741
11.8499553431 21.3369450070 9.2783727682
11.8874728822 21.3898083891 9.9713069475
10.8386654709 21.8414004284 23.5353641921
11.4918997694 21.2428125659 23.5921039256
11.4464854307 21.8550893111 22.8963867256
11.5614565714 20.7032274960 24.5044765043
11.3798158769 20.6359597234 28.7146529083
10.9719694323 21.2041013616 30.4207654585
11.3917198417 20.8232885188 29.7434572835
11.0776963059 21.1127089870 31.2665717914
11.6302678563 20.7569108749 30.7951359344
11.0813037219 20.9189904053 31.9993108787
11.7071201455 20.5921765507 31.6509621237
11.2017984567 22.7157719083 7.5004448373
11.7569626556 22.7062738929 8.9566209014
11.7749041958 23.1492986207 8.4068573148
11.7515836199 22.4571509156 9.5531997160
11.8647913112 21.8538736139 10.3943012527
11.8193871079 22.5874805546 10.3827534226
11.8835712750 22.6761893134 11.1634028223
11.9122599849 22.0983018535 11.0267925950
11.9446908361 22.5490335139 11.6709012020
10.9866005418 22.5925804044 22.4710615926
11.6647901039 22.2058913170 22.2464670091
11.5383052186 22.7499662338 21.8216909386
11.2281515124 23.8282061736 7.5054695580
11.8184939597 23.3343228534 8.8992669073
11.8845289528 23.8063570874 8.5930412846
11.8119980799 23.1675137066 9.5842358550
11.8794657378 23.3586446604 10.3269309080
11.8971827865 23.1702172704 11.0130482975
11.9112853304 22.9540826139 11.4663728951
11.7329904547 24.1008300965 12.5170405915
11.5805663262 23.7855556540 13.2440385299
11.8145740371 23.3958574586 12.7623713671
11.2802582925 23.8107893750 14.1133567105
11.7421573791 23.1633973810 13.5182802248
11.2642680391 23.6559286081 15.1753155422
11.6879275738 23.0858146679 14.5102678453
11.3703125925 23.6309436579 15.9648138956
11.7153219042 23.1191712519 15.5122827736
11.7166932478 23.3101388004 16.3100325730
11.0465464601 23.4218002131 21.4405768105
11.6384416210 23.0120450567 21.4125712299
11.6765433752 23.3258234638 20.8740725754
11.3144086678 24.9875788640 7.5081232718
11.9450213654 23.8931814599 9.2039274991
11.9518238499 23.8047352763 9.9016543712
11.2201472795 24.5024385579 13.2495042578
11.6760729522 25.0435210452 12.3487961027
11.3447879405 23.8158403842 16.7211645355
10.9363094810 24.5026690024 18.5569734137
11.4090174774 23.9986132167 17.7954267181
11.0647438134 24.3635558608 19.5383617297
11.6292218978 23.9290793294 18.9464021840
11.1036324384 24.0122697098 20.4731417618
11.6946308270 23.7351391773 19.9662808882
11.4865887150 26.2343584351 7.4596627545
11.0612277703 25.3990588243 12.8656967850
11.5902225389 26.2013546973 12.2506722638
11.3069130126 27.2755722341 7.2415904011
11.4747708260 27.2355398521 12.2778161443
11.4899516251 28.0780185780 7.2076587019
11.7675464881 27.9047231461 12.1352743897
11.6703215782 29.0320615785 7.1650194853
10.9341628403 29.0435518496 12.5676723995
11.6745428087 28.9763479642 12.1109953571
12.0099893210 30.1853133966 7.1873063800
11.0942224059 29.8983000900 12.5438657142
11.6502983088 30.2857042960 12.0519683181
11.4636982788 31.3147977223 5.9942375790
11.8673187007 30.9407469742 6.5001773942
11.1521594645 31.0723036173 12.5240465494
11.6623357502 31.2053344278 12.0074058190
11.5645689547 32.5572087522 5.0590989704
11.8689478337 31.9036867988 5.6286827967
11.4930799015 32.0527900396 12.2557748678
11.8555657003 31.7008171002 11.6692903910
11.8386956891 32.3600030985 11.7414851345
10.9757982291 32.0420408710 12.7198357842
11.3182717596 33.9710700064 4.2791639097
11.7080062555 33.2591668005 4.6423501580
11.6358204721 32.8347361692 12.1721496287
11.6070146916 33.4651435077 12.3523027619
11.1330882168 33.0587107979 12.7387649761
11.2397776191 34.8634351055 4.0442166333
11.3666006166 34.0406430764 12.7903721445
11.1705272584 34.7388106878 13.1107636297
11.5116550348 34.6549174800 12.7118454714
11.4707053409 35.6324590239 3.9888308584
11.7842569946 35.8739559380 11.1276564198
11.9931714435 35.3712742539 10.5790281517
11.9257431617 36.0848339545 10.3417270541
11.9160424948 35.2270372103 11.1295851084
11.3869519832 35.3666964698 12.7103799316
11.6761813294 34.9111139218 12.3442160584
11.6584653195 35.4085129557 12.1184149679
10.9890012748 35.3679074665 13.2577598244
11.6469694314 36.6099568042 3.9032673098
11.6622495548 36.7490647429 11.0160207059
11.8366637729 37.0399378437 10.1199201747
11.7538356136 35.5420277740 11.6342104680
11.4883311332 36.2497395750 11.9927393976
11.0435878840 36.1314101201 12.8853856052
11.8621568352 37.6531796748 3.7977812363
11.5548569761 37.9087181880 10.7988139238
11.7549030936 37.9004161767 9.8725127153
11.4350469856 37.3690571291 11.6604295712
11.1209603659 37.4238095333 12.5043471393
11.2721182535 39.1882142039 3.1891108910
11.7618916708 38.5474078123 3.5338624741
11.5066372378 38.9527550010 9.9424835881
11.8313388477 38.2780814659 9.2678860284
11.7449337452 38.8934375756 8.9562291254
11.3644177673 38.9142259781 11.0171339406
11.3085441480 38.4614098512 11.8832228548
11.2699830435 38.3175288295 12.5081245604
11.1005548342 38.2370082669 12.7302067043
10.9317531305 38.7951805799 12.7345216195
11.5260127135 39.8433048943 3.1303536329
11.4416135151 39.7294963903 8.8722332481
11.8108589311 39.1884672541 8.3238485519
11.6587802700 39.7570281845 7.9782888974
11.1079828574 40.2182126433 9.8737912513
11.1802033289 39.7931074094 10.8244141046
11.1850381208 39.4129721128 11.5648333077
11.2245064489 38.7449305230 12.4738906433
11.0079823676 39.4114122241 12.2574111633
11.1063621846 41.3019959446 2.3950799473
11.4111037533 40.6718764894 2.8275310268
11.3201908652 40.7120326372 6.9327676735
11.7438995927 40.3325606505 6.6558672680
11.6825099105 40.6340123838 6.1229884429
11.1829490721 40.4710673520 8.0282703051
11.7094049347 40.0720793172 7.2294870667
10.9805236222 40.5423341747 9.0483176794
10.8816918229 40.8289372196 10.7777708829
10.8908105836 40.3503144655 11.6748859759
11.0233021488 42.1399124289 2.2009345608
11.4654991709 41.4640574359 2.6080481837
11.1030905385 42.1175429604 4.5007940853
11.5157981422 41.6785468962 4.4242662183
11.2533939912 42.4962404383 3.8680735859
11.6027811754 41.1063779498 5.2491425579
10.6164211562 41.4763244378 11.4847488678
11.2078457347 43.0636724157 2.1212885023
11.0998518182 43.3867917681 3.3281006602
10.4022174673 42.1442758650 11.5475921998
11.3289598807 43.6547419794 2.1372462178
10.9332440387 44.2217547415 2.8752403153
11.3732173727 43.6645789579 2.8536585491
11.2789027024 44.1359424244 2.5244935512
10.6983718448 45.1408598007 1.6825928394
11.1677693958 44.2746857709 2.1128287045
10.9174640057 44.7739992135 2.2957118513
10.5555680609 45.8646191177 1.6083562483
10.5862829427 45.5554834684 2.0103460024
11.5861586622 1.9239725936 30.9806174136
11.9198245295 2.6175902971 30.8949906584
11.9531639801 2.5584928499 31.6315910822
11.9866847153 3.4896873645 30.6196543840
12.3125116865 3.2769145582 31.3810845578
12.5304577526 3.1772795043 31.8285726132
12.4201228121 3.1033472020 32.1150471406
12.3095812177 3.4591555691 32.4077564289
11.9666858626 4.5203735619 30.6149753652
12.3275919476 4.2455822939 31.4010317382
12.6935727192 3.7070666921 31.8626888011
12.4488255202 4.0985599755 32.3439321642
12.0555908557 5.3635763559 31.2421829535
12.5832575004 4.2246066639 31.9945155831
12.2740245476 5.0088060886 32.0385178350
12.1734394705 5.2381527277 32.3302757628
11.8837161295 6.3524387311 31.4280904213
12.0677020590 5.9883210634 31.8320193363
12.0555531395 6.1022174613 32.1804498909
11.8315376310 6.8420531502 31.9638411708
12.1594692101 14.3312071060 30.7113019134
12.3390259838 14.2717828224 31.3070059667
12.1393354499 14.2395527353 31.7647164173
12.4876565576 14.6285027721 32.0234607273
12.3001894319 15.4562208801 28.8942115626
12.5713932211 15.2318433069 29.5887548941
12.4341454007 14.7836881547 30.1791277240
12.1564581584 15.0223679382 32.4921731063
12.5990852938 15.2744309084 32.2722326991
12.2132315273 16.3268437783 27.7466131570
12.4902870841 15.9841206988 28.4247124665
12.6276019107 15.8846101533 32.5233234116
12.8590511069 16.3426482489 32.3109747040
11.9554547636 17.3985999782 25.8474217734
12.3332773898 17.3123843810 26.4427116163
12.3670756573 16.9115781417 27.1474382264
12.7906346705 16.9399853296 32.5219482378
12.9035258386 17.4102237227 32.2841917144
11.4060152747 19.3148739814 8.0016189846
12.0957085231 18.9998827035 22.6674456466
12.3205905177 18.6389088435 23.4600306301
12.3082181760 18.3651671990 24.0278833987
12.3142631060 18.0941250142 24.9235579791
12.3758624396 17.7237595003 25.8583012060
12.7204380879 18.0766263001 32.4678744363
12.7919886930 18.4605594072 32.1995114899
11.5684773251 20.1351420710 7.9692683711
11.7071505879 19.7408027364 8.7538612001
11.7810850801 19.8217433178 9.8216598473
11.7694652764 19.8972068400 10.7686971771
11.6672425841 19.9312908913 11.6284850890
12.0104478589 19.7030871947 17.5114388668
12.0985227211 19.6606769700 18.0951972504
12.1327215080 19.6028520514 19.0087228063
12.1324395350 19.5719023533 20.0660832872
12.1735573529 19.6096007980 21.4196931883
12.2545115672 19.7872525085 22.6666885795
12.4716993239 18.9883564244 23.6130963148
12.3499208929 19.5636488224 23.6965832896
12.6067269649 19.1819157200 24.2037129724
12.3395826685 19.3996728463 32.3499486986
12.6332009711 19.2302268434 32.0250154314
11.5763170998 20.9519897132 7.8357045341
11.8004245969 20.8061915940 8.5524464282
11.9099178630 20.6638705899 9.6731394539
11.9660336484 20.6139943075 10.7262187108
11.9572411421 20.6451732875 11.7395190778
11.8506320045 20.5915931760 12.7642658382
11.8414517619 20.8002450510 13.9573717988
11.9047020956 20.8572712287 15.0289707778
12.0598086124 20.7203383636 15.9804077976
12.2409724342 20.4475568551 16.8214916896
12.3885805198 20.1532391751 17.7099790486
12.5630969894 20.0971480442 18.7285853960
12.5909198295 20.0336510311 19.6850709087
12.5785435387 20.0585580842 20.6175625717
12.5653032782 20.2686433126 21.3217102779
12.6435231276 20.7367500498 21.4329135048
12.3564157549 20.4865290673 22.0835038262
12.0547076001 20.4587679290 23.3970343585
12.4856010635 19.5695505638 24.7487458167
12.0881089859 20.1134732116 24.5658491300
12.6126940599 19.4588004062 25.4729164286
12.5546354207 19.5428861281 26.3047834822
12.5158810020 19.6127557511 27.3292855592
12.0252259983 20.2798770866 29.2324843411
12.4607726905 19.7538947130 28.4573449929
12.1401425805 20.2751985141 30.2338195779
12.5958961458 19.6991389820 29.5787143409
12.2235658066 20.1629620062 31.1807188451
12.6591699487 19.6272419810 30.5849078901
12.2544936231 19.9134343674 31.9237400843
12.6645052181 19.4683095716 31.4513168776
11.6358656426 21.7836236117 7.9912321761
11.9540381874 21.3457650518 10.6068682644
12.0036789281 21.6018823013 11.6324993458
12.0209057467 21.5269901141 12.7562069590
12.0201814061 21.5251439648 13.8669447406
12.0808671967 21.6085444537 15.0067221925
12.3026342601 21.6127302322 16.1901138840
12.5360219152 21.1947653270 16.8842438631
12.4713119841 21.3073206106 21.5994020814
12.7567177796 21.1008113847 21.0561262919
12.6662143679 21.7319839618 20.8592690131
11.9892597768 21.4132938933 22.4937759767
11.6115354241 22.9188325091 7.9068477075
11.9529171431 22.5659290672 12.5946791597
11.9500227983 22.3687395129 13.7157436147
11.9715265855 22.3796586044 14.8147493064
12.0627106037 22.5641572086 16.0529558588
12.6258194314 21.8569665175 17.1241559914
12.4001386127 22.5243622566 17.2255107027
12.7303179819 22.2128125058 17.6855081065
12.0949921222 22.3819168980 21.3935536456
12.5450379411 22.3972182774 20.5248505327
11.7347955730 24.0547943272 8.0190661138
12.0330349894 23.9951523951 10.7241476914
11.9299325426 23.4056563282 11.8242264124
11.8959404189 23.2848956116 17.0909336046
12.6171610672 22.6431161521 18.0824593004
12.1653471174 23.2636580182 18.2309865225
12.2083989755 23.3001156167 19.3932850178
12.6243239335 22.7589127651 18.8529293827
12.1925576361 23.0297611611 20.3608255453
12.6170520927 22.6544459555 19.7585354807
11.9088152025 25.2706173464 7.9650225880
12.0904601479 24.6809341194 8.7307072033
12.1576302294 24.5308012866 9.7462179640
12.3468670255 25.1245906949 10.6048673946
12.0211503459 24.5318602206 11.6049556243
12.2013857880 26.2305673691 7.9544842389
12.3037794675 25.6361091781 8.4832598398
12.5018564722 25.6567584976 9.4239124518
12.6536525636 25.8564826243 10.2956454762
12.5832566910 25.8055398785 10.8777029761
12.5937335995 26.1613636605 11.2317746697
12.2181448459 25.5820820058 11.5330403190
12.0438581705 27.1530920078 7.5693350213
12.5010957881 26.8479549623 8.0338087218
12.7266158435 27.0591838030 8.3773048926
12.5958960932 26.4291611302 8.5592157349
12.7840155223 26.7009310999 9.2145788528
12.7801989731 26.3581109028 9.9096243808
12.3241621562 26.3510224598 11.6693900162
12.1776387053 27.1436993693 11.8568704269
12.2116979199 28.1596480830 7.5287729422
12.7903973042 26.9519437201 8.7083999389
12.8018917963 28.5344620342 9.2962052491
12.7697934628 28.4814930765 10.0551293780
12.8796170901 27.9324322127 9.6579769342
12.8760183461 27.9024494079 10.2014775155
12.2585891027 28.0993233707 11.7326660583
12.3498005537 29.0305043372 7.5673286131
12.6053555677 29.3708702007 9.8329205194
12.7108704283 29.2224037613 9.0068273473
12.7657456745 28.2569023593 10.5938430202
12.5247888559 28.9792201631 10.7734537723
12.2798925837 28.8027712723 11.4948928705
12.6107699831 28.2323184376 11.1439897441
12.4793932959 29.5831342317 7.8117562631
12.4676444228 30.2868157847 8.1435584719
12.5460522457 30.1295100228 9.1193616887
12.6526807611 29.4727763037 8.3970436546
12.4351061940 30.2991414742 9.9913967220
12.3430277899 30.0107605814 10.6716146024
12.1113513888 29.6628449757 11.4516669774
12.1675300006 31.5135748878 6.1886592209
12.3622199820 31.2116677248 6.8511436956
12.4918737868 31.2428537737 7.7552974870
12.6719861412 31.7082321388 7.1740535675
12.4758764379 31.1993965097 8.8378874756
12.3773510579 31.1091338601 9.8410980252
12.2735460660 30.8554221798 10.5538854867
12.0258343452 30.8302969819 11.3548090350
12.2626834872 32.4307110047 5.4519600177
12.4223101097 32.0552280748 5.8851430337
12.7087114321 32.0412384379 7.7018735822
12.7804675388 32.8281555396 7.8671778253
12.5554921327 32.3077523266 8.5923204088
12.3612529841 32.1821230027 9.7350863037
12.1272659381 31.9447184660 10.9050754573
12.0629722277 33.7442739138 4.5630797321
12.3298104764 33.1688254138 5.0738276181
12.5861838457 33.5053197422 8.6739935188
12.8045623511 33.8171838754 7.8501298807
12.3784211902 33.3072570846 9.6155607285
12.1830270336 33.1886750077 10.6520596192
11.9217547441 33.1585948281 11.6499873066
12.0307174059 34.6246579761 4.3501203075
12.5047257366 33.9916756067 4.8197616433
12.5425569712 34.6740463850 8.5953866361
12.7882322978 34.6787850055 7.7043145471
12.3774581484 34.2250635377 9.4399306861
12.1350242720 34.4349755982 10.5403023494
12.0141325618 33.9846664597 11.3728909542
11.7573955882 34.1703744034 12.1836920055
12.2651478628 35.6899172233 4.3081578639
12.6156310405 35.7078364897 7.8525423559
12.8802817994 35.0937840888 7.1565484623
12.8428450543 35.7522269663 6.9393943815
12.3614540816 35.6758678942 8.8487701699
12.2091198098 35.2433205021 9.6987038959
11.8746186757 34.8384440467 11.6604107090
12.3979506231 36.7037403475 4.2466821207
12.6791622472 36.6524258401 7.0748565315
12.9068315741 36.1733154577 6.3794232455
12.8446027088 37.0410891451 6.1637489583
12.4583738960 36.7327725988 7.8879842300
12.3118775165 36.5103900523 8.5949061258
12.1138167090 36.3090308376 9.4693666448
12.5318609642 37.5180424395 4.2430359334
12.5998929641 37.7075162926 6.7901523382
12.7660695098 38.0521470581 5.9796037545
12.4076441523 37.5001346189 7.6216667453
12.2632892862 37.2860400049 8.3226156615
12.0326894232 37.3692662207 9.1548766498
11.9718346053 39.2272698146 3.5359420119
12.3817726257 38.4280455021 4.0128547061
12.4554968670 38.6855833564 6.6236020913
12.6391683794 39.0043009492 5.8019344663
12.3323849208 38.2878293910 7.3633260077
12.0720299909 38.2658693989 8.3212262942
11.2216625758 38.5583849783 12.6786572739
12.0276576151 40.1341272366 3.5820538343
12.4609805213 39.3559231998 4.0566320028
12.1549358617 39.7761177086 6.3566692669
12.5034156681 39.7035312646 5.5154735582
12.0504681584 39.1775819086 7.4608043104
11.7941612920 41.1692609037 3.2228815631
12.4309686371 39.9666811306 4.2584024436
12.0416438017 40.7851605875 4.3092991975
12.1380670388 40.3550259448 5.4085102888
12.5042005942 39.9603240965 4.8609329184
11.5720668162 42.2216780182 2.6927874571
11.7104886603 41.8615210731 3.5668948878
11.5424581624 43.0933179710 2.4509799766
11.5412560707 42.9019983307 3.0200988393
11.4870847826 43.6326107067 2.4952681409
12.7597785199 3.3916387259 32.0571944358
12.6780563117 3.3858494793 32.2575428076
12.7317587756 3.7048505445 32.2992734964
12.8640934581 3.6824151358 32.1176987389
12.7723683187 3.9036564500 32.1569875868
12.6963975023 14.7308217529 31.0565986805
12.5898193751 14.4856058536 31.6425373382
12.8458136310 15.9250334157 29.2683335531
12.9114071787 15.4391835292 30.3746361202
12.9892648465 15.3624553890 31.2596243346
12.8093960483 14.9872485116 31.7485915665
12.8481855308 16.7733962342 28.2837956590
13.1291089680 16.7095002380 29.3929170029
13.1476228552 16.3780915239 30.2149213356
13.1199160059 16.1053292528 31.1147027137
12.9729548537 15.7844720880 31.8228488941
12.8221818828 17.6668913708 27.1309043481
13.0997434016 17.6725352288 28.3181776492
13.1852495090 17.4479393142 29.1894119018
13.2359963831 17.2763540822 30.1431961304
13.1922747480 17.0484743575 31.0320448174
13.0656764382 16.7515486169 31.7931108373
12.6100109587 18.7742123623 24.1539244857
12.6864748195 18.5951025905 24.9336614359
12.7838068673 18.3590020673 26.0497567858
12.9715336971 18.4906763179 27.1470755390
13.0635416801 18.3609248422 28.0420340447
13.1534706201 18.2753187150 29.0521973039
13.1874345806 18.1539306647 30.0289517798
13.1580505040 17.9925365788 30.9517729843
13.0516682767 17.7555872647 31.7341322863
12.7204038975 19.0992184664 24.8667539479
12.7890625317 19.0234290720 25.7319392852
12.8335003716 19.0288112229 26.7401942039
12.8753323968 19.0630646584 27.7804449850
12.9305946898 19.0422884966 28.8244530783
12.9882647957 18.9778277158 29.8576340325
12.9918036342 18.8635537288 30.8166489526
12.9299458239 18.6767887613 31.6247099743
12.7134872675 20.9411435163 17.6432451427
12.8334649166 20.7671185464 18.5278281314
12.8691656534 20.6280833060 19.4604495112
12.8244807416 20.4718091190 20.2039545640
12.7812540463 20.6096190416 20.8608877032
12.8142836030 21.6681338331 17.6657845438
12.9379190248 21.5245357404 18.4273748362
12.9709985356 21.3661467003 19.3203617146
12.8970092506 21.1269766369 20.2866991637
12.8476505563 22.1966342359 18.3174862049
12.8900449754 22.1194454907 19.1396556592
12.8424731635 21.9395552222 20.0198694232
12.7917920007 26.4426371252 10.6463249416
12.5792378801 27.5024911271 8.0000808185
12.8936325650 27.2086817203 9.9936598870
12.8534126475 27.1123314759 10.8146864781
12.6559053189 26.7676551319 11.2925443008
12.6543148607 28.3167936859 8.0251898699
12.8309732817 27.6386849391 8.8314554915
12.8425347385 27.6998738744 10.7002265597
12.6505426782 27.5070850887 11.3041846552
12.6571581411 29.0041342600 8.0166493029
12.7817448958 28.6820637806 8.5518736598
12.6708675503 31.9774457294 6.5070743398
12.7366165802 32.7456961462 5.8800991881
12.9328491904 32.6867799136 6.6087670127
12.8524092953 32.3491291992 7.1655121411
12.8714334971 33.8327674161 5.5111184691
13.0118904124 33.4461496090 6.3752837927
12.9589227101 33.1821598295 7.1542889814
12.7405030349 34.8373012128 4.9183300661
13.0295014963 34.6719925695 5.6197562778
13.0657938130 34.2486554205 6.1434530872
12.9872233116 34.2135953873 6.9676789473
12.7902537273 35.9455223955 4.8088771394
12.9977567673 35.3656236997 5.3954937345
13.0194521149 35.2075597150 6.2621132438
12.8196756346 36.9528811475 4.7615277039
12.9690975556 36.2858313536 5.5551357633
12.7954954940 37.9283853927 4.6582296727
12.9132175682 37.4387162985 5.3589183878
12.7441480192 38.8317195574 4.5788735319
12.8476438245 38.4276992689 5.2293948591
12.6719358361 39.5034975918 4.5599799868
12.7391015235 39.2651592866 5.0923883370
3 2 1 0
3 4 3 0
3 0 3 2
3 4 5 3
3 8 7 6
3 10 9 6
3 6 9 8
3 12 11 10
3 10 11 9
3 11 12 1
3 12 0 1
3 12 13 0
3 0 14 4
3 0 13 14
3 5 4 15
3 4 16 15
3 4 14 16
3 18 17 16
3 16 17 15
3 20 19 18
3 18 19 17
3 20 21 19
3 24 23 22
3 24 22 7
3 22 6 7
3 22 25 6
3 6 26 10
3 6 25 26
3 10 27 12
3 10 26 27
3 12 28 13
3 12 27 28
3 13 29 14
3 13 28 29
3 14 30 16
3 14 29 30
3 16 31 18
3 16 30 31
3 18 32 20
3 18 31 32
3 21 20 33
3 33 20 32
3 22 23 34
3 34 23 35
3 22 36 25
3 22 34 36
3 25 37 26
3 25 36 37
3 26 38 27
3 26 37 38
3 27 39 28
3 27 38 39
3 28 40 29
3 28 39 40
3 29 41 30
3 29 40 41
3 30 42 31
3 30 41 42
3 31 43 32
3 31 42 43
3 33 32 44
3 44 32 43
3 35 45 34
3 47 46 45
3 46 34 45
3 46 36 34
3 36 48 37
3 36 46 48
3 37 49 38
3 37 48 49
3 38 50 39
3 38 49 50
3 39 51 40
3 39 50 51
3 40 52 41
3 40 51 52
3 41 53 42
3 41 52 53
3 42 54 43
3 42 53 54
3 44 43 55
3 55 43 54
3 47 56 46
3 58 57 56
3 57 46 56
3 57 48 46
3 48 59 49
3 48 57 59
3 49 60 50
3 49 59 60
3 50 61 51
3 50 60 61
3 51 62 52
3 51 61 62
3 52 63 53
3 52 62 63
3 65 54 64
3 54 63 64
3 54 53 63
3 54 65 55
3 58 66 57
3 57 66 59
3 59 66 67
3 59 67 60
3 60 67 68
3 60 68 61
3 61 68 69
3 61 69 62
3 62 69 70
3 62 70 63
3 63 70 71
3 63 71 64
3 74 73 72
3 76 75 72
3 72 75 74
3 78 77 76
3 76 77 75
3 80 79 78
3 78 79 77
3 80 81 79
3 84 83 82
3 86 85 82
3 82 85 84
3 88 87 86
3 86 87 85
3 90 89 88
3 88 89 87
3 89 90 73
3 90 72 73
3 90 91 72
3 72 92 76
3 72 91 92
3 76 93 78
3 76 92 93
3 78 94 80
3 78 93 94
3 81 80 95
3 80 96 95
3 80 94 96
3 98 97 96
3 96 97 95
3 98 99 97
3 102 101 100
3 102 100 83
3 100 82 83
3 100 103 82
3 82 104 86
3 82 103 104
3 86 105 88
3 86 104 105
3 88 106 90
3 88 105 106
3 106 1 2
3 91 106 2
3 90 106 91
3 91 2 3
3 91 3 92
3 92 3 5
3 107 92 5
3 93 92 107
3 93 108 94
3 93 107 108
3 94 109 96
3 94 108 109
3 96 110 98
3 96 109 110
3 99 98 111
3 98 112 111
3 98 110 112
3 112 113 111
3 116 115 114
3 116 114 101
3 114 100 101
3 114 117 100
3 100 118 103
3 100 117 118
3 118 7 8
3 104 118 8
3 103 118 104
3 104 8 9
3 104 9 105
3 105 9 11
3 105 11 106
3 106 11 1
3 15 107 5
3 107 15 17
3 107 17 108
3 108 17 19
3 108 19 109
3 109 19 21
3 119 109 21
3 110 109 119
3 110 120 112
3 110 119 120
3 113 112 121
3 121 112 120
3 114 115 122
3 122 115 123
3 114 124 117
3 114 122 124
3 124 23 24
3 118 124 24
3 117 124 118
3 118 24 7
3 33 125 119
3 33 119 21
3 119 126 120
3 119 125 126
3 121 120 127
3 120 128 127
3 120 126 128
3 128 129 127
3 122 123 130
3 130 123 131
3 122 132 124
3 122 130 132
3 132 35 23
3 132 23 124
3 44 133 125
3 44 125 33
3 125 134 126
3 125 133 134
3 136 128 135
3 128 134 135
3 128 126 134
3 128 136 129
3 131 137 130
3 139 138 137
3 138 130 137
3 138 132 130
3 140 45 35
3 132 140 35
3 138 140 132
3 140 47 45
3 55 141 133
3 55 133 44
3 133 142 134
3 133 141 142
3 135 134 143
3 143 134 142
3 138 139 144
3 144 139 145
3 138 146 140
3 138 144 146
3 147 56 47
3 140 147 47
3 146 147 140
3 147 58 56
3 64 148 65
3 141 55 65
3 148 141 65
3 149 141 148
3 151 142 150
3 142 149 150
3 142 141 149
3 142 151 143
3 145 152 144
3 154 153 152
3 153 144 152
3 153 146 144
3 146 155 147
3 146 153 155
3 156 66 58
3 147 156 58
3 155 156 147
3 157 67 66
3 157 66 156
3 158 68 67
3 158 67 157
3 159 69 68
3 159 68 158
3 160 70 69
3 160 69 159
3 161 71 70
3 161 70 160
3 148 64 71
3 161 148 71
3 162 148 161
3 148 163 149
3 148 162 163
3 150 149 164
3 164 149 163
3 154 165 153
3 167 166 165
3 166 153 165
3 166 155 153
3 155 168 156
3 155 166 168
3 156 169 157
3 156 168 169
3 157 170 158
3 157 169 170
3 158 171 159
3 158 170 171
3 159 172 160
3 159 171 172
3 160 173 161
3 160 172 173
3 175 162 174
3 162 173 174
3 162 161 173
3 162 175 163
3 163 175 176
3 163 176 164
3 167 177 166
3 166 177 168
3 168 177 178
3 168 178 169
3 169 178 179
3 169 179 170
3 170 179 180
3 170 180 171
3 171 180 181
3 171 181 172
3 172 181 182
3 172 182 173
3 173 182 183
3 173 183 174
3 186 185 184
3 188 187 184
3 184 187 186
3 190 189 188
3 188 189 187
3 190 191 189
3 194 193 192
3 196 195 192
3 192 195 194
3 198 197 196
3 196 197 195
3 200 199 198
3 198 199 197
3 202 201 200
3 200 201 199
3 73 74 202
3 74 201 202
3 74 203 201
3 204 74 75
3 204 203 74
3 77 184 185
3 204 77 185
3 75 77 204
3 184 77 79
3 184 79 188
3 188 79 81
3 205 188 81
3 190 188 205
3 191 190 206
3 190 207 206
3 190 205 207
3 209 208 207
3 207 208 206
3 209 210 208
3 213 212 211
3 213 211 193
3 211 192 193
3 211 214 192
3 214 83 84
3 196 214 84
3 192 214 196
3 196 84 85
3 196 85 198
3 198 85 87
3 198 87 200
3 200 87 89
3 200 89 202
3 202 89 73
3 95 205 81
3 205 95 97
3 205 97 207
3 207 97 99
3 215 207 99
3 209 207 215
3 210 209 216
3 209 217 216
3 209 215 217
3 217 218 216
3 221 220 219
3 221 219 212
3 219 211 212
3 219 222 211
3 222 101 102
3 214 222 102
3 211 222 214
3 214 102 83
3 111 215 99
3 215 111 113
3 223 215 113
3 217 215 223
3 218 217 224
3 217 225 224
3 217 223 225
3 225 226 224
3 219 220 227
3 227 220 228
3 227 115 116
3 222 227 116
3 219 227 222
3 222 116 101
3 121 229 223
3 121 223 113
3 223 230 225
3 223 229 230
3 226 225 231
3 231 225 230
3 227 228 232
3 232 228 233
3 232 123 115
3 232 115 227
3 127 229 121
3 229 127 129
3 234 229 129
3 230 229 234
3 231 230 235
3 230 236 235
3 230 234 236
3 236 237 235
3 232 233 238
3 238 233 239
3 238 131 123
3 238 123 232
3 135 240 136
3 234 129 136
3 240 234 136
3 241 234 240
3 234 242 236
3 234 241 242
3 237 236 243
3 243 236 242
3 239 244 238
3 244 246 245
3 244 245 137
3 238 244 137
3 131 238 137
3 245 139 137
3 143 247 240
3 143 240 135
3 240 248 241
3 240 247 248
3 250 242 249
3 242 248 249
3 242 241 248
3 242 250 243
3 245 246 251
3 251 246 252
3 251 145 139
3 251 139 245
3 150 253 151
3 247 143 151
3 253 247 151
3 254 247 253
3 247 255 248
3 247 254 255
3 249 248 256
3 256 248 255
3 252 257 251
3 257 259 258
3 257 258 152
3 251 257 152
3 145 251 152
3 258 154 152
3 164 260 253
3 164 253 150
3 253 261 254
3 253 260 261
3 263 255 262
3 255 261 262
3 255 254 261
3 255 263 256
3 259 264 258
3 264 266 265
3 264 265 165
3 258 264 165
3 154 258 165
3 265 167 165
3 174 267 175
3 268 176 175
3 268 175 267
3 260 164 176
3 268 260 176
3 269 260 268
3 271 261 270
3 261 269 270
3 261 260 269
3 261 271 262
3 266 272 265
3 272 274 273
3 272 273 177
3 265 272 177
3 167 265 177
3 275 178 177
3 275 177 273
3 276 179 178
3 276 178 275
3 179 276 277
3 278 179 277
3 180 179 278
3 180 279 181
3 278 279 180
3 181 280 182
3 279 280 181
3 182 281 183
3 280 281 182
3 174 183 267
3 183 282 267
3 183 281 282
3 267 282 268
3 268 282 283
3 268 283 269
3 269 283 284
3 269 284 270
3 274 285 273
3 273 285 275
3 275 285 286
3 275 286 276
3 276 286 287
3 276 287 277
3 290 289 288
3 292 291 288
3 288 291 290
3 292 293 291
3 296 295 294
3 298 297 294
3 294 297 296
3 300 299 298
3 298 299 297
3 302 301 300
3 300 301 299
3 304 303 302
3 302 303 301
3 306 305 304
3 304 305 303
3 308 307 306
3 306 307 305
3 185 186 308
3 186 307 308
3 186 309 307
3 187 288 289
3 309 187 289
3 186 187 309
3 288 187 189
3 288 189 292
3 311 310 191
3 191 310 189
3 310 293 189
3 293 292 189
3 313 312 311
3 311 312 310
3 313 314 312
3 317 316 315
3 317 315 295
3 295 315 294
3 315 193 294
3 193 194 294
3 294 194 195
3 294 195 298
3 298 195 197
3 298 197 300
3 300 197 199
3 300 199 302
3 302 199 201
3 302 201 304
3 304 201 203
3 304 203 306
3 306 203 204
3 306 204 308
3 308 204 185
3 206 311 191
3 311 206 208
3 311 208 313
3 319 318 210
3 210 318 208
3 318 314 208
3 314 313 208
3 321 320 319
3 319 320 318
3 321 322 320
3 325 324 323
3 325 323 316
3 316 323 315
3 323 212 315
3 212 213 315
3 315 213 193
3 216 319 210
3 319 216 218
3 326 319 218
3 321 319 326
3 322 321 327
3 327 321 326
3 330 329 328
3 330 328 324
3 324 328 323
3 328 220 323
3 220 221 323
3 323 221 212
3 224 326 218
3 332 331 226
3 226 331 224
3 331 327 224
3 327 326 224
3 332 333 331
3 328 329 334
3 334 329 335
3 334 228 220
3 334 220 328
3 231 336 332
3 231 332 226
3 333 332 337
3 337 332 336
3 334 335 338
3 338 335 339
3 338 233 228
3 338 228 334
3 235 336 231
3 341 340 237
3 237 340 235
3 340 337 235
3 337 336 235
3 339 342 338
3 233 338 342
3 343 233 342
3 239 233 343
3 345 344 341
3 237 345 341
3 243 345 237
3 244 239 346
3 239 347 346
3 239 343 347
3 346 246 244
3 249 348 250
3 348 349 250
3 349 243 250
3 349 345 243
3 346 347 350
3 350 347 351
3 350 252 246
3 350 246 346
3 256 352 348
3 256 348 249
3 349 348 353
3 353 348 352
3 351 354 350
3 354 356 355
3 354 355 257
3 350 354 257
3 252 350 257
3 355 259 257
3 262 357 263
3 357 358 263
3 263 358 256
3 358 359 256
3 359 352 256
3 352 359 353
3 356 360 355
3 360 362 361
3 360 361 264
3 355 360 264
3 259 355 264
3 361 266 264
3 365 364 363
3 367 366 363
3 367 363 364
3 369 368 366
3 369 366 367
3 370 368 369
3 270 371 271
3 371 372 271
3 271 372 262
3 372 373 262
3 373 357 262
3 357 373 358
3 362 374 361
3 361 374 266
3 374 272 266
3 374 375 272
3 274 272 375
3 274 375 376
3 378 377 278
3 378 278 277
3 363 279 365
3 279 377 365
3 279 278 377
3 279 363 280
3 280 363 366
3 280 366 281
3 281 366 368
3 370 379 368
3 379 281 368
3 379 282 281
3 282 380 283
3 379 380 282
3 283 381 284
3 380 381 283
3 270 284 371
3 284 382 371
3 284 381 382
3 371 382 372
3 376 383 274
3 274 383 285
3 285 384 286
3 383 384 285
3 286 385 287
3 384 385 286
3 277 287 378
3 378 287 385
3 388 387 386
3 386 389 388
3 392 391 390
3 394 393 390
3 390 393 392
3 289 290 394
3 290 393 394
3 290 395 393
3 396 290 291
3 396 395 290
3 398 397 293
3 397 291 293
3 397 396 291
3 398 399 397
3 402 401 400
3 295 296 400
3 296 402 400
3 296 403 402
3 297 386 387
3 403 297 387
3 296 297 403
3 404 389 386
3 297 404 386
3 299 404 297
3 405 299 301
3 405 404 299
3 406 301 303
3 406 405 301
3 407 303 305
3 407 406 303
3 307 390 391
3 407 307 391
3 305 307 407
3 390 307 309
3 390 309 394
3 394 309 289
3 310 398 293
3 408 399 398
3 310 408 398
3 312 408 310
3 410 409 314
3 409 312 314
3 409 408 312
3 410 411 409
3 414 413 412
3 414 412 401
3 401 412 400
3 412 316 400
3 316 317 400
3 400 317 295
3 318 410 314
3 415 411 410
3 318 415 410
3 320 415 318
3 320 322 415
3 415 322 416
3 419 418 417
3 419 417 413
3 413 417 412
3 417 324 412
3 324 325 412
3 412 325 316
3 327 421 420
3 416 327 420
3 322 327 416
3 421 422 420
3 417 418 330
3 418 329 330
3 418 423 329
3 417 330 324
3 331 421 327
3 425 424 333
3 333 424 331
3 424 422 331
3 422 421 331
3 428 427 426
3 423 428 426
3 335 423 426
3 329 423 335
3 337 429 425
3 337 425 333
3 426 427 430
3 430 427 431
3 430 339 335
3 430 335 426
3 340 429 337
3 431 432 430
3 432 434 433
3 432 433 342
3 430 432 342
3 339 430 342
3 433 343 342
3 345 435 344
3 433 434 436
3 436 434 437
3 436 347 343
3 436 343 433
3 349 438 435
3 349 435 345
3 437 439 436
3 347 436 439
3 440 347 439
3 351 347 440
3 442 441 438
3 349 442 438
3 353 442 349
3 440 443 351
3 351 443 354
3 356 354 443
3 356 443 444
3 446 445 359
3 446 359 358
3 353 359 442
3 442 359 445
3 444 447 356
3 356 447 360
3 449 448 362
3 360 449 362
3 447 449 360
3 450 448 449
3 453 452 451
3 364 365 451
3 452 364 451
3 454 364 452
3 364 455 367
3 454 455 364
3 367 456 369
3 455 456 367
3 458 457 370
3 369 458 370
3 456 458 369
3 459 457 458
3 462 461 460
3 464 463 460
3 464 460 461
3 373 372 463
3 464 373 463
3 465 373 464
3 358 373 446
3 446 373 465
3 448 374 362
3 450 466 448
3 466 374 448
3 466 375 374
3 468 467 376
3 375 468 376
3 466 468 375
3 470 469 467
3 470 467 468
3 472 471 469
3 472 469 470
3 471 472 453
3 471 453 451
3 378 471 451
3 377 378 451
3 377 451 365
3 457 379 370
3 459 473 457
3 473 379 457
3 473 380 379
3 460 381 462
3 381 473 462
3 381 380 473
3 381 460 382
3 382 460 463
3 382 463 372
3 467 383 376
3 383 467 384
3 384 467 469
3 384 469 385
3 385 469 471
3 385 471 378
3 476 475 474
3 387 388 474
3 388 476 474
3 388 477 476
3 388 389 477
3 477 389 478
3 480 479 392
3 392 479 391
3 481 392 393
3 481 480 392
3 482 393 395
3 482 481 393
3 483 395 396
3 483 482 395
3 484 396 397
3 484 483 396
3 486 485 399
3 485 397 399
3 485 484 397
3 488 487 486
3 486 487 485
3 488 489 487
3 492 491 490
3 401 402 490
3 402 492 490
3 402 493 492
3 403 474 475
3 493 403 475
3 402 403 493
3 474 403 387
3 494 478 389
3 494 389 404
3 495 404 405
3 495 494 404
3 496 405 406
3 496 495 405
3 497 406 407
3 497 496 406
3 407 391 479
3 407 479 497
3 408 486 399
3 486 408 409
3 486 409 488
3 499 498 411
3 411 498 409
3 498 489 409
3 489 488 409
3 499 500 498
3 503 502 501
3 503 501 491
3 491 501 490
3 501 413 490
3 413 414 490
3 490 414 401
3 415 499 411
3 505 504 416
3 416 504 415
3 504 500 415
3 500 499 415
3 505 506 504
3 501 502 419
3 502 418 419
3 502 507 418
3 501 419 413
3 420 505 416
3 509 508 422
3 422 508 420
3 508 506 420
3 506 505 420
3 512 511 510
3 507 512 510
3 423 507 510
3 418 507 423
3 424 509 422
3 510 511 428
3 511 427 428
3 511 513 427
3 510 428 423
3 513 431 427
3 514 431 513
3 514 515 431
3 431 515 432
3 434 432 515
3 434 515 516
3 518 437 517
3 437 516 517
3 437 434 516
3 519 518 517
3 518 439 437
3 440 439 518
3 519 440 518
3 520 440 519
3 522 521 441
3 522 441 442
3 520 523 440
3 440 523 443
3 525 524 444
3 443 525 444
3 523 525 443
3 526 524 525
3 529 528 527
3 531 530 527
3 531 527 528
3 533 532 530
3 533 530 531
3 535 534 532
3 535 532 533
3 537 536 534
3 537 534 535
3 538 536 537
3 541 540 539
3 445 446 539
3 540 445 539
3 542 445 540
3 442 445 522
3 522 445 542
3 524 447 444
3 526 543 524
3 543 447 524
3 543 449 447
3 545 544 450
3 449 545 450
3 543 545 449
3 546 544 545
3 549 548 547
3 547 548 529
3 547 529 527
3 453 547 527
3 452 453 527
3 452 527 454
3 454 527 530
3 454 530 455
3 455 530 532
3 455 532 456
3 456 532 534
3 456 534 458
3 458 534 536
3 551 550 459
3 551 459 458
3 538 551 458
3 536 538 458
3 461 462 550
3 551 461 550
3 552 461 551
3 461 553 464
3 552 553 461
3 539 465 541
3 465 553 541
3 465 464 553
3 465 539 446
3 544 466 450
3 546 554 544
3 554 466 544
3 554 468 466
3 468 555 470
3 554 555 468
3 547 472 549
3 472 555 549
3 472 470 555
3 472 547 453
3 550 473 459
3 473 550 462
3 557 556 476
3 476 556 475
3 558 476 477
3 558 557 476
3 477 478 558
3 558 478 559
3 560 479 480
3 560 480 561
3 480 562 561
3 480 481 562
3 563 481 482
3 563 562 481
3 564 482 483
3 564 563 482
3 565 483 484
3 565 564 483
3 566 484 485
3 566 565 484
3 567 485 487
3 567 566 485
3 569 568 489
3 568 487 489
3 568 567 487
3 569 570 568
3 572 571 492
3 492 571 491
3 573 492 493
3 573 572 492
3 493 475 556
3 493 556 573
3 574 559 478
3 574 478 494
3 575 494 495
3 575 574 494
3 576 495 496
3 576 575 495
3 577 496 497
3 577 576 496
3 497 479 560
3 578 497 560
3 577 497 578
3 578 560 561
3 498 569 489
3 580 579 500
3 500 579 498
3 579 570 498
3 570 569 498
3 580 581 579
3 583 582 503
3 503 582 502
3 503 491 571
3 503 571 583
3 504 580 500
3 504 506 580
3 506 581 580
3 506 584 581
3 587 586 585
3 582 587 585
3 507 582 585
3 502 582 507
3 588 584 506
3 588 506 508
3 585 586 512
3 586 511 512
3 586 589 511
3 585 512 507
3 589 513 511
3 590 513 589
3 592 514 591
3 514 590 591
3 514 513 590
3 593 592 591
3 592 515 514
3 516 515 592
3 593 516 592
3 594 516 593
3 594 595 516
3 516 595 517
3 519 517 595
3 519 595 596
3 598 520 597
3 520 596 597
3 520 519 596
3 599 598 597
3 602 601 600
3 604 603 600
3 604 600 601
3 606 605 603
3 606 603 604
3 608 607 605
3 608 605 606
3 610 609 607
3 610 607 608
3 611 609 610
3 614 613 612
3 521 522 612
3 613 521 612
3 615 521 613
3 598 523 520
3 599 616 598
3 616 523 598
3 616 525 523
3 618 617 526
3 525 618 526
3 616 618 525
3 619 617 618
3 622 621 620
3 620 621 602
3 620 602 600
3 529 620 600
3 528 529 600
3 528 600 531
3 531 600 603
3 531 603 533
3 533 603 605
3 533 605 535
3 535 605 607
3 535 607 537
3 537 607 609
3 624 623 538
3 624 538 537
3 611 624 537
3 609 611 537
3 626 625 623
3 626 623 624
3 628 627 625
3 628 625 626
3 540 541 627
3 628 540 627
3 629 540 628
3 612 542 614
3 542 629 614
3 542 540 629
3 542 612 522
3 617 543 526
3 619 630 617
3 630 543 617
3 630 545 543
3 546 545 630
3 546 630 631
3 622 620 548
3 549 622 548
3 632 622 549
3 548 620 529
3 623 551 538
3 551 623 552
3 552 623 625
3 552 625 553
3 553 625 627
3 553 627 541
3 631 633 546
3 546 633 554
3 554 634 555
3 633 634 554
3 549 555 632
3 632 555 634
3 637 636 635
3 639 638 635
3 635 638 637
3 639 640 638
3 635 636 641
3 641 636 642
3 635 643 639
3 635 641 643
3 640 639 644
3 639 645 644
3 639 643 645
3 647 646 645
3 645 646 644
3 647 648 646
3 641 642 649
3 649 642 650
3 641 651 643
3 641 649 651
3 643 652 645
3 643 651 652
3 645 653 647
3 645 652 653
3 648 647 654
3 654 647 653
3 649 650 655
3 655 650 656
3 649 657 651
3 649 655 657
3 651 658 652
3 651 657 658
3 660 653 659
3 653 658 659
3 653 652 658
3 653 660 654
3 656 661 655
3 655 661 657
3 657 661 662
3 657 662 658
3 658 662 663
3 658 663 659
3 666 665 664
3 664 667 666
3 664 665 668
3 668 665 669
3 667 664 670
3 670 664 668
3 673 672 671
3 673 671 669
3 671 668 669
3 671 674 668
3 670 668 675
3 675 668 674
3 678 677 676
3 678 676 672
3 676 671 672
3 676 679 671
3 681 674 680
3 674 679 680
3 674 671 679
3 674 681 675
3 676 677 682
3 682 677 683
3 676 684 679
3 676 682 684
3 680 679 685
3 679 686 685
3 679 684 686
3 686 687 685
3 682 683 688
3 688 683 689
3 682 690 684
3 682 688 690
3 684 691 686
3 684 690 691
3 687 686 692
3 692 686 691
3 688 689 693
3 693 689 694
3 688 695 690
3 688 693 695
3 690 696 691
3 690 695 696
3 692 691 697
3 697 691 696
3 700 699 698
3 700 698 694
3 698 693 694
3 698 701 693
3 693 702 695
3 693 701 702
3 695 703 696
3 695 702 703
3 697 696 704
3 704 696 703
3 698 699 705
3 705 699 706
3 698 707 701
3 698 705 707
3 701 708 702
3 701 707 708
3 710 703 709
3 703 708 709
3 703 702 708
3 703 710 704
3 705 706 711
3 711 706 712
3 705 713 707
3 705 711 713
3 715 708 714
3 708 713 714
3 708 707 713
3 708 715 709
3 711 712 716
3 716 712 717
3 719 713 718
3 713 716 718
3 713 711 716
3 713 719 714
3 716 717 720
3 720 717 721
3 718 716 722
3 722 716 720
3 721 723 720
3 720 723 722
3 726 725 724
3 728 727 724
3 724 727 726
3 730 729 728
3 728 729 727
3 732 731 730
3 730 731 729
3 732 733 731
3 736 735 734
3 556 557 734
3 557 736 734
3 557 737 736
3 738 557 558
3 738 737 557
3 740 739 559
3 739 558 559
3 739 738 558
3 740 741 739
3 742 561 562
3 742 562 743
3 562 744 743
3 562 563 744
3 564 724 725
3 744 564 725
3 563 564 744
3 724 564 565
3 724 565 728
3 728 565 566
3 728 566 730
3 730 566 567
3 730 567 732
3 745 733 732
3 567 745 732
3 568 745 567
3 747 746 570
3 746 568 570
3 746 745 568
3 747 748 746
3 750 749 572
3 572 749 571
3 573 734 735
3 750 573 735
3 572 573 750
3 734 573 556
3 574 740 559
3 751 741 740
3 574 751 740
3 575 751 574
3 752 575 576
3 752 751 575
3 753 576 577
3 753 752 576
3 754 577 578
3 754 753 577
3 578 561 742
3 755 578 742
3 754 578 755
3 755 742 743
3 579 747 570
3 579 581 747
3 581 748 747
3 581 756 748
3 759 758 757
3 582 583 757
3 583 759 757
3 583 760 759
3 583 571 749
3 583 749 760
3 584 756 581
3 584 761 756
3 757 758 587
3 758 586 587
3 758 762 586
3 757 587 582
3 763 761 584
3 763 584 588
3 762 589 586
3 764 589 762
3 764 590 589
3 765 590 764
3 765 766 590
3 590 766 591
3 593 591 766
3 593 766 767
3 769 594 768
3 594 767 768
3 594 593 767
3 770 769 768
3 773 772 771
3 775 774 771
3 775 771 772
3 776 774 775
3 769 595 594
3 778 777 596
3 778 596 595
3 770 778 595
3 769 770 595
3 779 777 778
3 782 781 780
3 780 781 773
3 771 780 773
3 783 780 771
3 784 771 774
3 783 771 784
3 774 776 785
3 786 774 785
3 784 774 786
3 788 787 786
3 788 786 785
3 789 787 788
3 792 791 790
3 794 793 790
3 794 790 791
3 777 597 596
3 796 795 599
3 796 599 597
3 779 796 597
3 777 779 597
3 797 795 796
3 782 780 601
3 602 782 601
3 798 782 602
3 601 780 604
3 604 780 783
3 604 783 606
3 606 783 784
3 606 784 608
3 608 784 786
3 608 786 610
3 610 786 787
3 800 799 611
3 800 611 610
3 789 800 610
3 787 789 610
3 802 801 799
3 802 799 800
3 803 801 802
3 792 790 613
3 614 792 613
3 804 792 614
3 613 790 615
3 615 790 793
3 795 616 599
3 797 805 795
3 805 616 795
3 805 618 616
3 807 806 619
3 618 807 619
3 805 807 618
3 808 806 807
3 811 810 809
3 621 622 809
3 810 621 809
3 812 621 810
3 602 621 798
3 798 621 812
3 799 624 611
3 624 799 626
3 626 799 801
3 803 813 801
3 813 626 801
3 813 628 626
3 628 814 629
3 813 814 628
3 614 629 804
3 804 629 814
3 806 630 619
3 816 815 631
3 816 631 630
3 808 816 630
3 806 808 630
3 815 816 811
3 809 815 811
3 817 815 809
3 632 817 622
3 622 817 809
3 815 633 631
3 633 815 634
3 634 815 817
3 634 817 632
3 820 819 818
3 822 821 818
3 818 821 820
3 822 823 821
3 826 825 824
3 828 827 824
3 824 827 826
3 827 828 819
3 828 818 819
3 828 829 818
3 818 830 822
3 818 829 830
3 823 822 831
3 831 822 830
3 834 833 832
3 836 835 832
3 832 835 834
3 835 836 825
3 836 824 825
3 836 837 824
3 824 838 828
3 824 837 838
3 828 839 829
3 828 838 839
3 829 840 830
3 829 839 840
3 831 830 841
3 841 830 840
3 844 843 842
3 842 845 844
3 848 847 846
3 850 849 846
3 846 849 848
3 852 851 850
3 850 851 849
3 854 853 852
3 852 853 851
3 853 854 833
3 854 832 833
3 854 855 832
3 832 856 836
3 832 855 856
3 836 857 837
3 836 856 857
3 837 858 838
3 837 857 858
3 838 859 839
3 838 858 859
3 839 860 840
3 839 859 860
3 841 840 861
3 840 862 861
3 840 860 862
3 842 843 863
3 863 843 864
3 845 842 865
3 842 866 865
3 842 863 866
3 868 867 866
3 866 867 865
3 870 869 868
3 868 869 867
3 872 871 870
3 870 871 869
3 872 873 871
3 876 875 874
3 878 877 874
3 874 877 876
3 880 879 878
3 878 879 877
3 882 881 880
3 880 881 879
3 884 883 882
3 882 883 881
3 883 884 847
3 884 846 847
3 884 885 846
3 846 886 850
3 846 885 886
3 850 887 852
3 850 886 887
3 852 888 854
3 852 887 888
3 854 889 855
3 854 888 889
3 855 890 856
3 855 889 890
3 856 891 857
3 856 890 891
3 857 892 858
3 857 891 892
3 858 893 859
3 858 892 893
3 859 894 860
3 859 893 894
3 896 862 895
3 862 894 895
3 862 860 894
3 863 864 897
3 897 864 898
3 863 899 866
3 863 897 899
3 866 900 868
3 866 899 900
3 868 901 870
3 868 900 901
3 870 902 872
3 870 901 902
3 873 872 903
3 872 904 903
3 872 902 904
3 906 905 904
3 904 905 903
3 908 907 906
3 906 907 905
3 910 909 908
3 908 909 907
3 909 910 875
3 875 910 874
3 910 636 874
3 636 637 874
3 874 637 638
3 874 638 878
3 878 638 640
3 911 878 640
3 880 878 911
3 880 912 882
3 880 911 912
3 882 913 884
3 882 912 913
3 884 914 885
3 884 913 914
3 885 915 886
3 885 914 915
3 886 916 887
3 886 915 916
3 918 888 917
3 888 916 917
3 888 887 916
3 888 918 889
3 889 918 919
3 889 919 890
3 890 919 920
3 890 920 891
3 891 920 921
3 923 922 921
3 922 891 921
3 922 892 891
3 892 924 893
3 892 922 924
3 926 894 925
3 894 924 925
3 894 893 924
3 894 926 895
3 897 898 927
3 927 898 928
3 897 929 899
3 897 927 929
3 899 930 900
3 899 929 930
3 900 931 901
3 900 930 931
3 901 932 902
3 901 931 932
3 902 933 904
3 902 932 933
3 904 934 906
3 904 933 934
3 906 935 908
3 906 934 935
3 908 936 910
3 908 935 936
3 936 642 636
3 936 636 910
3 644 911 640
3 911 644 646
3 911 646 912
3 912 646 648
3 937 912 648
3 913 912 937
3 913 938 914
3 913 937 938
3 940 915 939
3 915 938 939
3 915 914 938
3 915 940 916
3 916 940 941
3 916 941 917
3 923 942 922
3 922 942 924
3 924 942 943
3 924 943 925
3 927 928 944
3 944 928 945
3 927 946 929
3 927 944 946
3 929 947 930
3 929 946 947
3 930 948 931
3 930 947 948
3 931 949 932
3 931 948 949
3 932 950 933
3 932 949 950
3 933 951 934
3 933 950 951
3 934 952 935
3 934 951 952
3 935 953 936
3 935 952 953
3 953 650 642
3 953 642 936
3 654 954 937
3 654 937 648
3 956 938 955
3 938 954 955
3 938 937 954
3 938 956 939
3 944 945 957
3 957 945 958
3 944 959 946
3 944 957 959
3 946 960 947
3 946 959 960
3 947 961 948
3 947 960 961
3 948 962 949
3 948 961 962
3 964 950 963
3 950 962 963
3 950 949 962
3 950 964 951
3 951 964 965
3 951 965 952
3 952 965 966
3 968 967 966
3 967 952 966
3 967 953 952
3 967 656 650
3 967 650 953
3 659 969 660
3 969 970 660
3 660 970 654
3 970 971 654
3 971 954 654
3 954 971 955
3 957 958 972
3 972 958 973
3 957 974 959
3 957 972 974
3 959 975 960
3 959 974 975
3 960 976 961
3 960 975 976
3 961 977 962
3 961 976 977
3 963 962 978
3 978 962 977
3 968 979 967
3 967 979 656
3 979 661 656
3 979 980 661
3 980 982 981
3 662 980 981
3 661 980 662
3 983 663 662
3 983 662 981
3 983 984 663
3 663 984 659
3 984 985 659
3 985 969 659
3 969 985 970
3 972 973 986
3 986 973 987
3 972 988 974
3 972 986 988
3 974 989 975
3 974 988 989
3 975 990 976
3 975 989 990
3 976 991 977
3 976 990 991
3 978 977 992
3 992 977 991
3 982 993 981
3 981 993 983
3 983 993 994
3 983 994 984
3 986 987 995
3 995 987 996
3 986 997 988
3 986 995 997
3 988 998 989
3 988 997 998
3 989 999 990
3 989 998 999
3 990 1000 991
3 990 999 1000
3 992 991 1001
3 1001 991 1000
3 995 996 666
3 996 665 666
3 996 1002 665
3 995 666 667
3 1003 995 667
3 997 995 1003
3 997 1004 998
3 997 1003 1004
3 998 1005 999
3 998 1004 1005
3 999 1006 1000
3 999 1005 1006
3 1001 1000 1007
3 1007 1000 1006
3 1002 669 665
3 1008 669 1002
3 670 1009 1003
3 670 1003 667
3 1003 1010 1004
3 1003 1009 1010
3 1004 1011 1005
3 1004 1010 1011
3 1005 1012 1006
3 1005 1011 1012
3 1007 1006 1013
3 1013 1006 1012
3 1015 1014 673
3 673 1014 672
3 673 669 1008
3 673 1008 1015
3 675 1016 1009
3 675 1009 670
3 1009 1017 1010
3 1009 1016 1017
3 1010 1018 1011
3 1010 1017 1018
3 1011 1019 1012
3 1011 1018 1019
3 1013 1012 1020
3 1020 1012 1019
3 1022 1021 678
3 678 1021 677
3 678 672 1014
3 678 1014 1022
3 680 1023 681
3 1016 675 681
3 1023 1016 681
3 1024 1016 1023
3 1016 1025 1017
3 1016 1024 1025
3 1017 1026 1018
3 1017 1025 1026
3 1018 1027 1019
3 1018 1026 1027
3 1020 1019 1028
3 1028 1019 1027
3 1021 683 677
3 1029 683 1021
3 685 1023 680
3 1023 685 687
3 1030 1023 687
3 1024 1023 1030
3 1024 1031 1025
3 1024 1030 1031
3 1025 1032 1026
3 1025 1031 1032
3 1034 1027 1033
3 1027 1032 1033
3 1027 1026 1032
3 1027 1034 1028
3 1037 1036 1035
3 1029 1037 1035
3 689 1029 1035
3 683 1029 689
3 692 1038 1030
3 692 1030 687
3 1030 1039 1031
3 1030 1038 1039
3 1031 1040 1032
3 1031 1039 1040
3 1033 1032 1041
3 1041 1032 1040
3 1035 1036 1042
3 1042 1036 1043
3 1042 694 689
3 1042 689 1035
3 697 1044 1038
3 697 1038 692
3 1038 1045 1039
3 1038 1044 1045
3 1039 1046 1040
3 1039 1045 1046
3 1041 1040 1047
3 1040 1048 1047
3 1040 1046 1048
3 1048 1049 1047
3 1042 1043 700
3 1043 699 700
3 1043 1050 699
3 1042 700 694
3 704 1051 1044
3 704 1044 697
3 1044 1052 1045
3 1044 1051 1052
3 1045 1053 1046
3 1045 1052 1053
3 1046 1054 1048
3 1046 1053 1054
3 1049 1048 1055
3 1055 1048 1054
3 1050 706 699
3 1056 706 1050
3 709 1057 710
3 1051 704 710
3 1057 1051 710
3 1058 1051 1057
3 1051 1059 1052
3 1051 1058 1059
3 1052 1060 1053
3 1052 1059 1060
3 1062 1054 1061
3 1054 1060 1061
3 1054 1053 1060
3 1054 1062 1055
3 1056 712 706
3 1063 712 1056
3 714 1064 715
3 1057 709 715
3 1064 1057 715
3 1065 1057 1064
3 1057 1066 1058
3 1057 1065 1066
3 1058 1067 1059
3 1058 1066 1067
3 1069 1060 1068
3 1060 1067 1068
3 1060 1059 1067
3 1060 1069 1061
3 1072 1071 1070
3 1063 1072 1070
3 717 1063 1070
3 712 1063 717
3 718 1073 719
3 1064 714 719
3 1073 1064 719
3 1074 1064 1073
3 1064 1075 1065
3 1064 1074 1075
3 1065 1076 1066
3 1065 1075 1076
3 1066 1077 1067
3 1066 1076 1077
3 1068 1067 1078
3 1078 1067 1077
3 1070 1071 1079
3 1079 1071 1080
3 1079 721 717
3 1079 717 1070
3 722 1081 1073
3 722 1073 718
3 1073 1082 1074
3 1073 1081 1082
3 1074 1083 1075
3 1074 1082 1083
3 1085 1076 1084
3 1076 1083 1084
3 1076 1075 1083
3 1076 1085 1077
3 1077 1085 1086
3 1086 1087 1077
3 1087 1088 1077
3 1089 1078 1077
3 1089 1077 1088
3 1088 1090 1089
3 1079 1080 1091
3 1091 1080 1092
3 1093 723 721
3 1079 1093 721
3 1091 1093 1079
3 1081 722 723
3 1093 1081 723
3 1094 1081 1093
3 1081 1095 1082
3 1081 1094 1095
3 1097 1083 1096
3 1083 1095 1096
3 1083 1082 1095
3 1083 1097 1084
3 1087 1098 1088
3 1088 1098 1090
3 1101 1100 1099
3 1101 1099 1092
3 1099 1091 1092
3 1099 1102 1091
3 1091 1103 1093
3 1091 1102 1103
3 1105 1094 1104
3 1094 1103 1104
3 1094 1093 1103
3 1094 1105 1095
3 1095 1105 1106
3 1095 1106 1096
3 1099 1100 1107
3 1107 1100 1108
3 1099 1109 1102
3 1099 1107 1109
3 1111 1103 1110
3 1103 1109 1110
3 1103 1102 1109
3 1103 1111 1104
3 1107 1108 1112
3 1112 1108 1113
3 1115 1109 1114
3 1109 1112 1114
3 1109 1107 1112
3 1109 1115 1110
3 1112 1113 1116
3 1116 1113 1117
3 1114 1112 1118
3 1118 1112 1116
3 1117 1119 1116
3 1116 1119 1118
3 1120 725 726
3 1120 726 1121
3 726 1122 1121
3 726 727 1122
3 1123 727 729
3 1123 1122 727
3 1124 729 731
3 1124 1123 729
3 731 733 1124
3 1124 733 1125
3 1126 735 736
3 737 1127 736
3 736 1127 1126
3 738 1128 737
3 737 1128 1127
3 739 1129 738
3 738 1129 1128
3 741 1129 739
3 1130 743 744
3 1131 1130 744
3 1131 744 725
3 1132 1131 725
3 1120 1132 725
3 1132 1120 1121
3 1133 1125 733
3 1133 733 745
3 1134 745 746
3 1134 1133 745
3 746 748 1134
3 1134 748 1135
3 1136 749 750
3 1137 1136 750
3 1137 750 735
3 1138 1137 735
3 1126 1138 735
3 1138 1126 1127
3 1138 1127 1139
3 1139 1127 1128
3 1139 1128 1140
3 1140 1128 1129
3 1140 1129 1141
3 1141 1129 741
3 751 1141 741
3 1142 1141 751
3 1144 1142 1143
3 1142 752 1143
3 1142 751 752
3 753 1145 752
3 752 1145 1143
3 754 1146 753
3 753 1146 1145
3 755 1147 754
3 754 1147 1146
3 1148 1147 755
3 1148 755 743
3 1149 1148 743
3 1130 1149 743
3 1149 1130 1131
3 756 1135 748
3 756 1150 1135
3 1151 758 759
3 1151 759 1152
3 759 1153 1152
3 759 760 1153
3 760 749 1136
3 1154 760 1136
3 1153 760 1154
3 1154 1136 1137
3 1144 1143 1155
3 1144 1155 1156
3 1157 1143 1145
3 1155 1143 1157
3 1158 1145 1146
3 1157 1145 1158
3 1159 1146 1147
3 1158 1146 1159
3 1147 1148 1160
3 1147 1160 1159
3 761 1150 756
3 761 1161 1150
3 1163 1162 1151
3 1162 758 1151
3 1162 762 758
3 1163 1151 1152
3 1164 1156 1155
3 1166 1165 1164
3 1155 1166 1164
3 1157 1166 1155
3 1167 1157 1158
3 1166 1157 1167
3 1168 1158 1159
3 1167 1158 1168
3 1159 1160 1169
3 1159 1169 1168
3 1170 1161 761
3 1170 761 763
3 1172 764 1171
3 764 1162 1171
3 764 762 1162
3 1173 1172 1171
3 1165 1166 1174
3 1165 1174 1175
3 1176 1166 1167
3 1174 1166 1176
3 1177 1167 1168
3 1176 1167 1177
3 1168 1169 1178
3 1168 1178 1177
3 1179 765 1172
3 1172 765 764
3 1172 1173 1180
3 1172 1180 1179
3 1175 1174 1181
3 1175 1181 1182
3 1183 1174 1176
3 1181 1174 1183
3 1184 1176 1177
3 1183 1176 1184
3 1177 1178 1185
3 1177 1185 1184
3 1179 766 765
3 1187 1186 767
3 1187 767 766
3 1180 1187 766
3 1179 1180 766
3 1188 1186 1187
3 1182 1181 1189
3 1182 1189 1190
3 1191 1181 1183
3 1189 1181 1191
3 1192 1183 1184
3 1191 1183 1192
3 1184 1185 1193
3 1194 1184 1193
3 1192 1184 1194
3 1196 1195 1194
3 1196 1194 1193
3 1197 1195 1196
3 1186 768 767
3 1199 1198 770
3 1199 770 768
3 1188 1199 768
3 1186 1188 768
3 1200 1198 1199
3 1190 1189 1201
3 1190 1201 1202
3 773 1201 772
3 1201 1191 772
3 1201 1189 1191
3 772 1191 775
3 775 1191 1192
3 775 1192 776
3 1192 1203 776
3 1192 1194 1203
3 1204 1194 1195
3 1203 1194 1204
3 1195 1197 1205
3 1206 1195 1205
3 1204 1195 1206
3 1207 1206 1205
3 1210 1209 1208
3 1198 778 770
3 1212 1211 779
3 1212 779 778
3 1200 1212 778
3 1198 1200 778
3 1213 1211 1212
3 1216 1215 1214
3 1214 1215 1202
3 1214 1202 1201
3 782 1214 1201
3 781 782 1201
3 781 1201 773
3 1203 785 776
3 785 1203 788
3 788 1203 1204
3 788 1204 789
3 1204 1217 789
3 1204 1206 1217
3 1206 1207 1218
3 1219 1206 1218
3 1217 1206 1219
3 1221 1220 1219
3 1221 1219 1218
3 1223 1222 1220
3 1223 1220 1221
3 791 792 1222
3 1223 791 1222
3 1224 791 1223
3 1208 794 1210
3 794 1224 1210
3 794 791 1224
3 1211 796 779
3 1226 1225 797
3 1226 797 796
3 1213 1226 796
3 1211 1213 796
3 1228 1227 1225
3 1228 1225 1226
3 1230 1229 1227
3 1230 1227 1228
3 1232 1231 1229
3 1232 1229 1230
3 1231 1232 1216
3 1214 1231 1216
3 1233 1231 1214
3 798 1233 782
3 782 1233 1214
3 1217 800 789
3 800 1217 802
3 802 1217 1219
3 802 1219 803
3 1219 1234 803
3 1219 1220 1234
3 1235 1220 1222
3 1234 1220 1235
3 804 1235 792
3 792 1235 1222
3 1225 805 797
3 805 1225 807
3 807 1225 1227
3 807 1227 808
3 1227 1236 808
3 1227 1229 1236
3 811 1236 810
3 1236 1231 810
3 1236 1229 1231
3 810 1231 812
3 812 1231 1233
3 812 1233 798
3 1234 813 803
3 813 1237 814
3 1237 813 1238
3 1234 1238 813
3 1238 1234 1239
3 1235 1239 1234
3 1239 1235 1240
3 1235 804 1240
3 814 1237 1240
3 814 1240 804
3 1236 816 808
3 816 1236 811
3 1237 1238 1241
3 1241 1238 1242
3 1240 1237 1243
3 1243 1237 1241
3 1241 1242 1244
3 1244 1242 1245
3 1243 1241 1246
3 1241 1247 1246
3 1241 1244 1247
3 1247 1248 1246
3 1251 1250 1249
3 1253 1252 1249
3 1249 1252 1251
3 1252 1253 1245
3 1245 1253 1244
3 1253 819 1244
3 819 820 1244
3 1244 820 821
3 1244 821 1247
3 1255 1254 823
3 823 1254 821
3 1254 1248 821
3 1248 1247 821
3 1258 1257 1256
3 1260 1259 1256
3 1256 1259 1258
3 1259 1260 1250
3 1250 1260 1249
3 1260 825 1249
3 825 826 1249
3 1249 826 827
3 1249 827 1253
3 1253 827 819
3 831 1261 1255
3 831 1255 823
3 1264 1263 1262
3 1262 1265 1264
3 1268 1267 1266
3 1270 1269 1266
3 1266 1269 1268
3 1272 1271 1270
3 1270 1271 1269
3 1274 1273 1272
3 1272 1273 1271
3 1273 1274 1257
3 1257 1274 1256
3 1274 833 1256
3 833 834 1256
3 1256 834 835
3 1256 835 1260
3 1260 835 825
3 841 1275 1261
3 841 1261 831
3 1262 1263 844
3 1263 843 844
3 1263 1276 843
3 1278 1277 845
3 845 1277 844
3 1277 1265 844
3 1265 1262 844
3 1280 1279 1278
3 1278 1279 1277
3 1280 1281 1279
3 1284 1283 1282
3 1286 1285 1282
3 1282 1285 1284
3 1288 1287 1286
3 1286 1287 1285
3 1290 1289 1288
3 1288 1289 1287
3 1292 1291 1290
3 1290 1291 1289
3 1291 1292 1267
3 1267 1292 1266
3 1292 847 1266
3 847 848 1266
3 1266 848 849
3 1266 849 1270
3 1270 849 851
3 1270 851 1272
3 1272 851 853
3 1272 853 1274
3 1274 853 833
3 861 1275 841
3 1276 864 843
3 1293 864 1276
3 865 1278 845
3 1278 865 867
3 1278 867 1280
3 1294 1281 1280
3 867 1294 1280
3 869 1294 867
3 1295 869 871
3 1295 1294 869
3 1297 1296 873
3 1296 871 873
3 1296 1295 871
3 1299 1298 1297
3 1297 1298 1296
3 1301 1300 1299
3 1299 1300 1298
3 1303 1302 1301
3 1301 1302 1300
3 1302 1303 1283
3 1283 1303 1282
3 1303 875 1282
3 875 876 1282
3 1282 876 877
3 1282 877 1286
3 1286 877 879
3 1286 879 1288
3 1288 879 881
3 1288 881 1290
3 1290 881 883
3 1290 883 1292
3 1292 883 847
3 895 1304 896
3 1293 898 864
3 1305 898 1293
3 903 1297 873
3 1297 903 905
3 1297 905 1299
3 1299 905 907
3 1299 907 1301
3 1301 907 909
3 1301 909 1303
3 1303 909 875
3 1307 1306 918
3 1307 918 917
3 918 1308 919
3 1306 1308 918
3 919 1309 920
3 1308 1309 919
3 1309 1311 1310
3 921 1309 1310
3 920 1309 921
3 1310 923 921
3 925 1312 926
3 1312 1313 926
3 926 1313 895
3 1313 1314 895
3 1314 1304 895
3 1305 928 898
3 1315 928 1305
3 1317 1316 940
3 1317 940 939
3 940 1318 941
3 1316 1318 940
3 917 941 1307
3 1307 941 1318
3 1311 1319 1310
3 1310 1319 923
3 1319 942 923
3 1319 1320 942
3 942 1321 943
3 1320 1321 942
3 925 943 1312
3 943 1322 1312
3 943 1321 1322
3 1312 1322 1313
3 1315 945 928
3 1323 945 1315
3 1325 1324 956
3 1325 956 955
3 939 956 1317
3 1317 956 1324
3 1323 958 945
3 1326 958 1323
3 963 1327 964
3 1328 965 964
3 1328 964 1327
3 965 1328 1329
3 1330 965 1329
3 966 965 1330
3 968 966 1330
3 968 1330 1331
3 1333 1332 971
3 1333 971 970
3 955 971 1325
3 1325 971 1332
3 1326 973 958
3 1334 973 1326
3 978 1335 1327
3 978 1327 963
3 1337 1328 1336
3 1328 1335 1336
3 1328 1327 1335
3 1328 1337 1329
3 1331 1338 968
3 968 1338 979
3 979 1339 980
3 1338 1339 979
3 1341 1340 982
3 980 1341 982
3 1339 1341 980
3 1342 1340 1341
3 1344 1343 985
3 1344 985 984
3 970 985 1333
3 1333 985 1343
3 1334 987 973
3 1345 987 1334
3 1347 1346 1335
3 978 1347 1335
3 992 1347 978
3 1335 1346 1336
3 1340 993 982
3 1342 1348 1340
3 1348 993 1340
3 1348 994 993
3 984 994 1344
3 1344 994 1348
3 1345 996 987
3 1349 996 1345
3 1001 1347 992
3 1001 1350 1347
3 1349 1002 996
3 1351 1002 1349
3 1007 1353 1352
3 1350 1007 1352
3 1001 1007 1350
3 1353 1354 1352
3 1351 1008 1002
3 1355 1008 1351
3 1013 1356 1353
3 1013 1353 1007
3 1354 1353 1357
3 1357 1353 1356
3 1359 1358 1015
3 1015 1358 1014
3 1015 1008 1355
3 1015 1355 1359
3 1020 1360 1356
3 1020 1356 1013
3 1357 1356 1361
3 1361 1356 1360
3 1363 1362 1022
3 1022 1362 1021
3 1022 1014 1358
3 1022 1358 1363
3 1028 1364 1360
3 1028 1360 1020
3 1361 1360 1365
3 1365 1360 1364
3 1368 1367 1366
3 1362 1368 1366
3 1029 1362 1366
3 1021 1362 1029
3 1033 1369 1034
3 1364 1028 1034
3 1369 1364 1034
3 1370 1364 1369
3 1365 1364 1371
3 1371 1364 1370
3 1366 1367 1037
3 1367 1036 1037
3 1367 1372 1036
3 1366 1037 1029
3 1041 1373 1369
3 1041 1369 1033
3 1369 1374 1370
3 1369 1373 1374
3 1371 1370 1375
3 1375 1370 1374
3 1372 1043 1036
3 1376 1043 1372
3 1047 1373 1041
3 1373 1047 1049
3 1377 1373 1049
3 1374 1373 1377
3 1375 1374 1378
3 1378 1374 1377
3 1376 1050 1043
3 1379 1050 1376
3 1055 1380 1377
3 1055 1377 1049
3 1378 1377 1381
3 1381 1377 1380
3 1379 1056 1050
3 1382 1056 1379
3 1061 1383 1062
3 1380 1055 1062
3 1383 1380 1062
3 1384 1380 1383
3 1381 1380 1385
3 1385 1380 1384
3 1388 1387 1386
3 1382 1388 1386
3 1063 1382 1386
3 1056 1382 1063
3 1068 1389 1069
3 1383 1061 1069
3 1389 1383 1069
3 1390 1383 1389
3 1383 1391 1384
3 1383 1390 1391
3 1385 1384 1392
3 1392 1384 1391
3 1386 1387 1072
3 1387 1071 1072
3 1387 1393 1071
3 1386 1072 1063
3 1078 1394 1389
3 1078 1389 1068
3 1389 1395 1390
3 1389 1394 1395
3 1390 1396 1391
3 1390 1395 1396
3 1392 1391 1397
3 1397 1391 1396
3 1393 1080 1071
3 1398 1080 1393
3 1084 1399 1085
3 1400 1086 1085
3 1400 1085 1399
3 1089 1394 1078
3 1087 1086 1400
3 1394 1089 1090
3 1401 1394 1090
3 1395 1394 1401
3 1395 1402 1396
3 1395 1401 1402
3 1397 1396 1403
3 1403 1396 1402
3 1406 1405 1404
3 1398 1406 1404
3 1092 1398 1404
3 1080 1398 1092
3 1096 1407 1097
3 1407 1408 1097
3 1097 1408 1084
3 1408 1409 1084
3 1409 1399 1084
3 1411 1410 1409
3 1410 1399 1409
3 1410 1400 1399
3 1412 1098 1087
3 1400 1412 1087
3 1410 1412 1400
3 1401 1090 1098
3 1412 1401 1098
3 1413 1401 1412
3 1415 1402 1414
3 1402 1413 1414
3 1402 1401 1413
3 1402 1415 1403
3 1404 1405 1101
3 1405 1100 1101
3 1405 1416 1100
3 1404 1101 1092
3 1418 1417 1105
3 1418 1105 1104
3 1105 1419 1106
3 1417 1419 1105
3 1096 1106 1407
3 1106 1420 1407
3 1106 1419 1420
3 1407 1420 1408
3 1411 1421 1410
3 1423 1422 1421
3 1422 1410 1421
3 1422 1412 1410
3 1412 1424 1413
3 1412 1422 1424
3 1414 1413 1425
3 1425 1413 1424
3 1416 1108 1100
3 1426 1108 1416
3 1428 1427 1111
3 1428 1111 1110
3 1104 1111 1418
3 1418 1111 1427
3 1423 1429 1422
3 1422 1429 1424
3 1424 1429 1430
3 1424 1430 1425
3 1433 1432 1431
3 1426 1433 1431
3 1113 1426 1431
3 1108 1426 1113
3 1435 1434 1115
3 1435 1115 1114
3 1110 1115 1428
3 1428 1115 1434
3 1431 1432 1436
3 1436 1432 1437
3 1436 1117 1113
3 1436 1113 1431
3 1118 1435 1114
3 1118 1438 1435
3 1436 1437 1439
3 1439 1437 1440
3 1441 1119 1117
3 1436 1441 1117
3 1439 1441 1436
3 1441 1442 1119
3 1442 1118 1119
3 1442 1438 1118
3 1443 1121 1122
3 1443 1122 1444
3 1122 1445 1444
3 1122 1123 1445
3 1446 1123 1124
3 1446 1445 1123
3 1448 1447 1125
3 1447 1124 1125
3 1447 1446 1124
3 1448 1449 1447
3 1450 1131 1132
3 1121 1443 1132
3 1443 1450 1132
3 1443 1451 1450
3 1443 1444 1452
3 1443 1452 1451
3 1133 1448 1125
3 1453 1449 1448
3 1133 1453 1448
3 1134 1453 1133
3 1134 1135 1453
3 1453 1135 1454
3 1455 1137 1138
3 1139 1456 1138
3 1138 1456 1455
3 1140 1457 1139
3 1139 1457 1456
3 1141 1458 1140
3 1140 1458 1457
3 1142 1459 1141
3 1141 1459 1458
3 1144 1459 1142
3 1460 1148 1149
3 1131 1450 1149
3 1450 1460 1149
3 1450 1461 1460
3 1462 1450 1451
3 1461 1450 1462
3 1451 1452 1463
3 1451 1463 1462
3 1150 1454 1135
3 1150 1464 1454
3 1465 1152 1153
3 1154 1466 1153
3 1153 1466 1465
3 1137 1455 1154
3 1455 1466 1154
3 1455 1467 1466
3 1468 1455 1456
3 1467 1455 1468
3 1469 1456 1457
3 1468 1456 1469
3 1470 1457 1458
3 1469 1457 1470
3 1471 1458 1459
3 1470 1458 1471
3 1156 1471 1144
3 1144 1471 1459
3 1472 1160 1460
3 1460 1160 1148
3 1473 1460 1461
3 1472 1460 1473
3 1462 1475 1474
3 1473 1462 1474
3 1461 1462 1473
3 1475 1462 1463
3 1161 1477 1476
3 1464 1161 1476
3 1150 1161 1464
3 1478 1162 1163
3 1152 1465 1163
3 1465 1478 1163
3 1465 1479 1478
3 1480 1465 1466
3 1479 1465 1480
3 1481 1466 1467
3 1480 1466 1481
3 1482 1467 1468
3 1481 1467 1482
3 1483 1468 1469
3 1482 1468 1483
3 1484 1469 1470
3 1483 1469 1484
3 1485 1470 1471
3 1484 1470 1485
3 1164 1486 1156
3 1486 1471 1156
3 1486 1485 1471
3 1165 1486 1164
3 1487 1169 1472
3 1472 1169 1160
3 1488 1472 1473
3 1487 1472 1488
3 1473 1474 1489
3 1490 1473 1489
3 1488 1473 1490
3 1491 1490 1489
3 1170 1477 1161
3 1478 1171 1162
3 1171 1478 1173
3 1478 1492 1173
3 1478 1479 1492
3 1493 1479 1480
3 1492 1479 1493
3 1494 1480 1481
3 1493 1480 1494
3 1495 1481 1482
3 1494 1481 1495
3 1496 1482 1483
3 1495 1482 1496
3 1497 1483 1484
3 1496 1483 1497
3 1498 1484 1485
3 1497 1484 1498
3 1499 1485 1486
3 1498 1485 1499
3 1175 1499 1165
3 1165 1499 1486
3 1500 1178 1487
3 1487 1178 1169
3 1501 1487 1488
3 1500 1487 1501
3 1502 1488 1490
3 1501 1488 1502
3 1490 1491 1503
3 1490 1503 1502
3 1504 1180 1492
3 1492 1180 1173
3 1505 1492 1493
3 1504 1492 1505
3 1506 1493 1494
3 1505 1493 1506
3 1507 1494 1495
3 1506 1494 1507
3 1508 1495 1496
3 1507 1495 1508
3 1509 1496 1497
3 1508 1496 1509
3 1510 1497 1498
3 1509 1497 1510
3 1511 1498 1499
3 1510 1498 1511
3 1182 1511 1175
3 1175 1511 1499
3 1512 1185 1500
3 1500 1185 1178
3 1513 1500 1501
3 1512 1500 1513
3 1514 1501 1502
3 1513 1501 1514
3 1502 1503 1515
3 1516 1502 1515
3 1514 1502 1516
3 1517 1516 1515
3 1504 1187 1180
3 1187 1504 1188
3 1504 1518 1188
3 1504 1505 1518
3 1519 1505 1506
3 1518 1505 1519
3 1520 1506 1507
3 1519 1506 1520
3 1521 1507 1508
3 1520 1507 1521
3 1522 1508 1509
3 1521 1508 1522
3 1523 1509 1510
3 1522 1509 1523
3 1524 1510 1511
3 1523 1510 1524
3 1190 1524 1182
3 1182 1524 1511
3 1512 1193 1185
3 1193 1512 1196
3 1196 1512 1513
3 1196 1513 1197
3 1513 1525 1197
3 1513 1514 1525
3 1526 1514 1516
3 1525 1514 1526
3 1516 1517 1527
3 1528 1516 1527
3 1526 1516 1528
3 1529 1528 1527
3 1532 1531 1530
3 1518 1199 1188
3 1199 1518 1200
3 1518 1533 1200
3 1518 1519 1533
3 1534 1519 1520
3 1533 1519 1534
3 1535 1520 1521
3 1534 1520 1535
3 1536 1521 1522
3 1535 1521 1536
3 1537 1522 1523
3 1536 1522 1537
3 1538 1523 1524
3 1537 1523 1538
3 1202 1538 1190
3 1190 1538 1524
3 1525 1205 1197
3 1205 1525 1207
3 1525 1539 1207
3 1525 1526 1539
3 1540 1526 1528
3 1539 1526 1540
3 1528 1529 1541
3 1542 1528 1541
3 1540 1528 1542
3 1544 1543 1542
3 1544 1542 1541
3 1543 1544 1532
3 1543 1532 1530
3 1210 1543 1530
3 1209 1210 1530
3 1533 1212 1200
3 1212 1533 1213
3 1533 1545 1213
3 1533 1534 1545
3 1546 1534 1535
3 1545 1534 1546
3 1547 1535 1536
3 1546 1535 1547
3 1548 1536 1537
3 1547 1536 1548
3 1216 1548 1215
3 1548 1538 1215
3 1548 1537 1538
3 1215 1538 1202
3 1539 1218 1207
3 1218 1539 1221
3 1221 1539 1540
3 1221 1540 1223
3 1223 1540 1542
3 1223 1542 1224
3 1224 1542 1543
3 1224 1543 1210
3 1545 1226 1213
3 1226 1545 1228
3 1228 1545 1546
3 1228 1546 1230
3 1230 1546 1547
3 1230 1547 1232
3 1232 1547 1548
3 1232 1548 1216
3 1549 1238 1239
3 1240 1549 1239
3 1552 1551 1550
3 1553 1552 1549
3 1552 1242 1549
3 1242 1238 1549
3 1552 1550 1242
3 1240 1243 1549
3 1243 1554 1549
3 1554 1553 1549
3 1554 1243 1555
3 1555 1556 1554
3 1559 1558 1557
3 1559 1557 1551
3 1557 1550 1551
3 1557 1560 1550
3 1560 1245 1242
3 1560 1242 1550
3 1246 1555 1243
3 1562 1561 1248
3 1248 1561 1246
3 1561 1556 1246
3 1556 1555 1246
3 1565 1564 1563
3 1565 1563 1558
3 1558 1563 1557
3 1563 1250 1557
3 1250 1251 1557
3 1557 1251 1252
3 1557 1252 1560
3 1560 1252 1245
3 1254 1562 1248
3 1567 1566 1258
3 1258 1566 1257
3 1259 1563 1564
3 1567 1259 1564
3 1258 1259 1567
3 1563 1259 1250
3 1569 1568 1264
3 1264 1568 1263
3 1571 1570 1265
3 1570 1264 1265
3 1570 1569 1264
3 1571 1572 1570
3 1575 1574 1573
3 1267 1268 1573
3 1268 1575 1573
3 1268 1576 1575
3 1577 1268 1269
3 1577 1576 1268
3 1578 1269 1271
3 1578 1577 1269
3 1579 1271 1273
3 1579 1578 1271
3 1273 1257 1566
3 1273 1566 1579
3 1568 1276 1263
3 1580 1276 1568
3 1277 1571 1265
3 1581 1572 1571
3 1277 1581 1571
3 1279 1581 1277
3 1583 1582 1281
3 1582 1279 1281
3 1582 1581 1279
3 1585 1584 1583
3 1583 1584 1582
3 1585 1586 1584
3 1589 1588 1587
3 1283 1284 1587
3 1284 1589 1587
3 1284 1590 1589
3 1591 1284 1285
3 1591 1590 1284
3 1592 1285 1287
3 1592 1591 1285
3 1593 1287 1289
3 1593 1592 1287
3 1291 1573 1574
3 1593 1291 1574
3 1289 1291 1593
3 1573 1291 1267
3 1580 1293 1276
3 1594 1293 1580
3 1294 1583 1281
3 1583 1294 1295
3 1583 1295 1585
3 1595 1586 1585
3 1295 1595 1585
3 1296 1595 1295
3 1596 1296 1298
3 1596 1595 1296
3 1597 1298 1300
3 1597 1596 1298
3 1302 1587 1588
3 1597 1302 1588
3 1300 1302 1597
3 1587 1302 1283
3 1594 1305 1293
3 1598 1305 1594
3 1601 1600 1599
3 1306 1307 1599
3 1600 1306 1599
3 1602 1306 1600
3 1306 1603 1308
3 1602 1603 1306
3 1308 1604 1309
3 1603 1604 1308
3 1606 1605 1311
3 1309 1606 1311
3 1604 1606 1309
3 1607 1605 1606
3 1609 1608 1314
3 1609 1314 1313
3 1598 1315 1305
3 1610 1315 1598
3 1612 1611 1316
3 1612 1316 1317
3 1599 1318 1601
3 1318 1611 1601
3 1318 1316 1611
3 1318 1599 1307
3 1605 1319 1311
3 1607 1613 1605
3 1613 1319 1605
3 1613 1320 1319
3 1320 1614 1321
3 1613 1614 1320
3 1321 1615 1322
3 1614 1615 1321
3 1313 1322 1609
3 1609 1322 1615
3 1610 1323 1315
3 1616 1323 1610
3 1618 1617 1324
3 1618 1324 1325
3 1317 1324 1612
3 1612 1324 1617
3 1616 1326 1323
3 1619 1326 1616
3 1622 1621 1620
3 1330 1329 1620
3 1621 1330 1620
3 1623 1330 1621
3 1625 1624 1331
3 1330 1625 1331
3 1623 1625 1330
3 1627 1626 1624
3 1627 1624 1625
3 1628 1626 1627
3 1630 1629 1332
3 1630 1332 1333
3 1325 1332 1618
3 1618 1332 1629
3 1619 1334 1326
3 1631 1334 1619
3 1622 1620 1337
3 1336 1622 1337
3 1632 1622 1336
3 1337 1620 1329
3 1624 1338 1331
3 1338 1624 1339
3 1339 1624 1626
3 1628 1633 1626
3 1633 1339 1626
3 1633 1341 1339
3 1635 1634 1342
3 1341 1635 1342
3 1633 1635 1341
3 1343 1344 1634
3 1635 1343 1634
3 1636 1343 1635
3 1333 1343 1630
3 1630 1343 1636
3 1631 1345 1334
3 1637 1345 1631
3 1639 1638 1346
3 1639 1346 1347
3 1336 1346 1632
3 1632 1346 1638
3 1634 1348 1342
3 1348 1634 1344
3 1637 1349 1345
3 1640 1349 1637
3 1350 1639 1347
3 1350 1641 1639
3 1640 1351 1349
3 1642 1351 1640
3 1643 1641 1350
3 1643 1350 1352
3 1352 1354 1643
3 1643 1354 1644
3 1642 1355 1351
3 1645 1355 1642
3 1357 1644 1354
3 1357 1646 1644
3 1648 1647 1359
3 1359 1647 1358
3 1359 1355 1645
3 1359 1645 1648
3 1361 1646 1357
3 1361 1649 1646
3 1651 1650 1363
3 1363 1650 1362
3 1363 1358 1647
3 1363 1647 1651
3 1365 1649 1361
3 1365 1652 1649
3 1654 1653 1368
3 1368 1653 1367
3 1368 1362 1650
3 1368 1650 1654
3 1371 1652 1365
3 1371 1655 1652
3 1653 1372 1367
3 1656 1372 1653
3 1375 1658 1657
3 1655 1375 1657
3 1371 1375 1655
3 1658 1659 1657
3 1656 1376 1372
3 1660 1376 1656
3 1378 1661 1658
3 1378 1658 1375
3 1659 1658 1662
3 1662 1658 1661
3 1660 1379 1376
3 1663 1379 1660
3 1665 1664 1661
3 1378 1665 1661
3 1381 1665 1378
3 1661 1664 1662
3 1663 1382 1379
3 1666 1382 1663
3 1385 1665 1381
3 1385 1667 1665
3 1669 1668 1388
3 1388 1668 1387
3 1388 1382 1666
3 1388 1666 1669
3 1392 1667 1385
3 1392 1670 1667
3 1668 1393 1387
3 1671 1393 1668
3 1397 1670 1392
3 1397 1672 1670
3 1675 1674 1673
3 1671 1675 1673
3 1398 1671 1673
3 1393 1671 1398
3 1678 1677 1676
3 1679 1676 1677
3 1682 1681 1680
3 1681 1672 1680
3 1672 1403 1680
3 1672 1397 1403
3 1673 1674 1406
3 1674 1405 1406
3 1674 1683 1405
3 1673 1406 1398
3 1686 1685 1684
3 1688 1687 1684
3 1688 1684 1685
3 1690 1689 1687
3 1690 1687 1688
3 1409 1408 1689
3 1690 1409 1689
3 1691 1409 1690
3 1676 1692 1411
3 1691 1676 1411
3 1409 1691 1411
3 1678 1676 1691
3 1676 1679 1693
3 1694 1676 1693
3 1692 1676 1694
3 1695 1694 1693
3 1682 1680 1415
3 1414 1682 1415
3 1696 1682 1414
3 1415 1680 1403
3 1683 1416 1405
3 1697 1416 1683
3 1700 1699 1698
3 1698 1699 1686
3 1698 1686 1684
3 1418 1698 1684
3 1417 1418 1684
3 1417 1684 1419
3 1419 1684 1687
3 1419 1687 1420
3 1420 1687 1689
3 1420 1689 1408
3 1692 1421 1411
3 1421 1692 1423
3 1692 1701 1423
3 1692 1694 1701
3 1694 1695 1702
3 1694 1702 1701
3 1425 1696 1414
3 1425 1703 1696
3 1697 1426 1416
3 1704 1426 1697
3 1700 1698 1427
3 1428 1700 1427
3 1705 1700 1428
3 1427 1698 1418
3 1701 1429 1423
3 1702 1706 1701
3 1706 1429 1701
3 1706 1430 1429
3 1425 1430 1703
3 1703 1430 1706
3 1708 1707 1433
3 1433 1707 1432
3 1433 1426 1704
3 1433 1704 1708
3 1710 1709 1434
3 1710 1434 1435
3 1428 1434 1705
3 1705 1434 1709
3 1707 1437 1432
3 1711 1437 1707
3 1438 1710 1435
3 1438 1712 1710
3 1714 1440 1713
3 1440 1711 1713
3 1440 1437 1711
3 1716 1715 1714
3 1716 1714 1713
3 1716 1712 1715
3 1712 1442 1715
3 1712 1438 1442
3 1717 1444 1445
3 1446 1718 1445
3 1445 1718 1717
3 1718 1446 1719
3 1446 1720 1719
3 1446 1447 1720
3 1447 1449 1720
3 1720 1449 1721
3 1722 1452 1717
3 1717 1452 1444
3 1723 1717 1718
3 1722 1717 1723
3 1718 1719 1724
3 1718 1724 1723
3 1725 1721 1449
3 1725 1449 1453
3 1453 1454 1725
3 1725 1454 1726
3 1727 1463 1722
3 1722 1463 1452
3 1723 1729 1728
3 1727 1723 1728
3 1722 1723 1727
3 1729 1723 1724
3 1464 1726 1454
3 1464 1730 1726
3 1731 1474 1475
3 1463 1727 1475
3 1727 1731 1475
3 1727 1732 1731
3 1727 1728 1733
3 1727 1733 1732
3 1464 1476 1734
3 1735 1464 1734
3 1730 1464 1735
3 1731 1489 1474
3 1489 1731 1491
3 1731 1736 1491
3 1731 1732 1736
3 1732 1733 1737
3 1738 1732 1737
3 1736 1732 1738
3 1739 1738 1737
3 1740 1735 1734
3 1741 1503 1736
3 1736 1503 1491
3 1742 1736 1738
3 1741 1736 1742
3 1738 1739 1743
3 1738 1743 1742
3 1741 1515 1503
3 1515 1741 1517
3 1741 1744 1517
3 1741 1742 1744
3 1742 1743 1745
3 1746 1742 1745
3 1744 1742 1746
3 1747 1746 1745
3 1750 1749 1748
3 1744 1527 1517
3 1527 1744 1529
3 1744 1751 1529
3 1744 1746 1751
3 1746 1747 1752
3 1753 1746 1752
3 1751 1746 1753
3 1753 1752 1750
3 1753 1750 1748
3 1532 1753 1748
3 1531 1532 1748
3 1751 1541 1529
3 1541 1751 1544
3 1544 1751 1753
3 1544 1753 1532
3 1754 1551 1552
3 1754 1552 1755
3 1552 1756 1755
3 1552 1553 1756
3 1757 1553 1554
3 1757 1756 1553
3 1554 1556 1757
3 1757 1556 1758
3 1760 1759 1559
3 1559 1759 1558
3 1559 1551 1754
3 1761 1559 1754
3 1760 1559 1761
3 1761 1754 1755
3 1762 1758 1556
3 1762 1556 1561
3 1764 1763 1565
3 1565 1763 1564
3 1565 1558 1759
3 1565 1759 1764
3 1767 1766 1765
3 1566 1567 1765
3 1567 1767 1765
3 1567 1768 1767
3 1567 1564 1763
3 1567 1763 1768
3 1770 1769 1569
3 1569 1769 1568
3 1772 1770 1771
3 1770 1570 1771
3 1770 1569 1570
3 1572 1771 1570
3 1773 1574 1575
3 1773 1575 1774
3 1575 1775 1774
3 1575 1576 1775
3 1776 1576 1577
3 1776 1775 1576
3 1777 1577 1578
3 1777 1776 1577
3 1579 1765 1766
3 1777 1579 1766
3 1578 1579 1777
3 1765 1579 1566
3 1769 1580 1568
3 1778 1580 1769
3 1779 1772 1771
3 1779 1771 1572
3 1581 1779 1572
3 1780 1779 1581
3 1781 1581 1582
3 1781 1780 1581
3 1782 1582 1584
3 1782 1781 1582
3 1584 1586 1782
3 1782 1586 1783
3 1784 1588 1589
3 1784 1589 1785
3 1589 1786 1785
3 1589 1590 1786
3 1787 1590 1591
3 1787 1786 1590
3 1788 1591 1592
3 1788 1787 1591
3 1789 1592 1593
3 1789 1788 1592
3 1593 1574 1773
3 1790 1593 1773
3 1789 1593 1790
3 1790 1773 1774
3 1778 1594 1580
3 1791 1594 1778
3 1792 1783 1586
3 1792 1586 1595
3 1793 1595 1596
3 1793 1792 1595
3 1794 1596 1597
3 1794 1793 1596
3 1597 1588 1784
3 1795 1597 1784
3 1794 1597 1795
3 1795 1784 1785
3 1798 1797 1796
3 1800 1799 1796
3 1800 1796 1797
3 1802 1801 1799
3 1802 1799 1800
3 1803 1801 1802
3 1806 1805 1804
3 1791 1598 1594
3 1807 1598 1791
3 1810 1809 1808
3 1812 1811 1808
3 1812 1808 1809
3 1813 1811 1812
3 1816 1815 1814
3 1600 1601 1814
3 1815 1600 1814
3 1817 1600 1815
3 1796 1602 1798
3 1602 1817 1798
3 1602 1600 1817
3 1602 1796 1603
3 1603 1796 1799
3 1603 1799 1604
3 1604 1799 1801
3 1803 1818 1801
3 1818 1604 1801
3 1818 1606 1604
3 1820 1819 1607
3 1606 1820 1607
3 1818 1820 1606
3 1822 1821 1819
3 1822 1819 1820
3 1824 1823 1821
3 1824 1821 1822
3 1823 1824 1806
3 1823 1806 1804
3 1609 1823 1804
3 1608 1609 1804
3 1807 1610 1598
3 1825 1610 1807
3 1810 1808 1826
3 1810 1826 1827
3 1828 1808 1811
3 1826 1808 1828
3 1811 1813 1829
3 1830 1811 1829
3 1828 1811 1830
3 1832 1831 1830
3 1832 1830 1829
3 1833 1831 1832
3 1836 1835 1834
3 1834 1835 1816
3 1834 1816 1814
3 1612 1834 1814
3 1611 1612 1814
3 1611 1814 1601
3 1819 1613 1607
3 1613 1819 1614
3 1614 1819 1821
3 1614 1821 1615
3 1615 1821 1823
3 1615 1823 1609
3 1825 1616 1610
3 1837 1616 1825
3 1827 1826 1838
3 1827 1838 1839
3 1840 1826 1828
3 1838 1826 1840
3 1830 1842 1841
3 1840 1830 1841
3 1828 1830 1840
3 1842 1830 1831
3 1842 1831 1843
3 1846 1845 1844
3 1833 1843 1831
3 1848 1847 1845
3 1848 1845 1846
3 1850 1849 1847
3 1850 1847 1848
3 1852 1851 1849
3 1852 1849 1850
3 1853 1851 1852
3 1856 1855 1854
3 1854 1855 1836
3 1854 1836 1834
3 1618 1854 1834
3 1617 1618 1834
3 1617 1834 1612
3 1837 1619 1616
3 1857 1619 1837
3 1858 1839 1838
3 1858 1838 1840
3 1858 1840 1859
3 1859 1840 1841
3 1844 1845 1860
3 1844 1860 1861
3 1622 1860 1621
3 1860 1847 1621
3 1860 1845 1847
3 1621 1847 1623
3 1623 1847 1849
3 1623 1849 1625
3 1625 1849 1851
3 1853 1862 1851
3 1862 1625 1851
3 1862 1627 1625
3 1864 1863 1628
3 1627 1864 1628
3 1862 1864 1627
3 1866 1865 1863
3 1866 1863 1864
3 1868 1867 1865
3 1868 1865 1866
3 1867 1868 1856
3 1867 1856 1854
3 1630 1867 1854
3 1629 1630 1854
3 1629 1854 1618
3 1857 1631 1619
3 1869 1631 1857
3 1861 1860 1870
3 1861 1870 1871
3 1632 1870 1622
3 1622 1870 1860
3 1863 1633 1628
3 1633 1863 1635
3 1635 1863 1865
3 1635 1865 1636
3 1636 1865 1867
3 1636 1867 1630
3 1869 1637 1631
3 1872 1637 1869
3 1871 1870 1638
3 1639 1871 1638
3 1873 1871 1639
3 1638 1870 1632
3 1872 1640 1637
3 1874 1640 1872
3 1641 1873 1639
3 1641 1875 1873
3 1874 1642 1640
3 1876 1642 1874
3 1641 1643 1877
3 1878 1641 1877
3 1875 1641 1878
3 1644 1877 1643
3 1876 1645 1642
3 1879 1645 1876
3 1878 1877 1880
3 1878 1880 1881
3 1646 1880 1644
3 1644 1880 1877
3 1883 1882 1648
3 1648 1882 1647
3 1648 1645 1879
3 1648 1879 1883
3 1881 1880 1884
3 1881 1884 1885
3 1649 1884 1646
3 1646 1884 1880
3 1887 1886 1651
3 1651 1886 1650
3 1651 1647 1882
3 1651 1882 1887
3 1890 1889 1888
3 1888 1889 1885
3 1884 1888 1885
3 1891 1888 1884
3 1652 1891 1649
3 1649 1891 1884
3 1893 1892 1654
3 1654 1892 1653
3 1654 1650 1886
3 1654 1886 1893
3 1894 1890 1888
3 1896 1895 1894
3 1888 1896 1894
3 1891 1896 1888
3 1655 1896 1652
3 1652 1896 1891
3 1892 1656 1653
3 1897 1656 1892
3 1898 1895 1896
3 1900 1898 1899
3 1899 1898 1657
3 1898 1896 1657
3 1896 1655 1657
3 1659 1899 1657
3 1897 1660 1656
3 1901 1660 1897
3 1904 1903 1902
3 1905 1902 1903
3 1908 1907 1906
3 1906 1907 1900
3 1899 1906 1900
3 1909 1906 1899
3 1662 1909 1659
3 1659 1909 1899
3 1901 1663 1660
3 1910 1663 1901
3 1904 1902 1911
3 1904 1911 1912
3 1902 1905 1913
3 1914 1902 1913
3 1911 1902 1914
3 1914 1913 1908
3 1906 1914 1908
3 1915 1914 1906
3 1665 1915 1664
3 1915 1909 1664
3 1915 1906 1909
3 1664 1909 1662
3 1910 1666 1663
3 1916 1666 1910
3 1912 1911 1917
3 1912 1917 1918
3 1919 1911 1914
3 1917 1911 1919
3 1920 1914 1915
3 1919 1914 1920
3 1667 1920 1665
3 1665 1920 1915
3 1922 1921 1669
3 1669 1921 1668
3 1669 1666 1916
3 1669 1916 1922
3 1925 1924 1923
3 1923 1924 1918
3 1917 1923 1918
3 1926 1923 1917
3 1927 1917 1919
3 1926 1917 1927
3 1920 1929 1928
3 1927 1920 1928
3 1919 1920 1927
3 1920 1667 1929
3 1667 1930 1929
3 1667 1670 1930
3 1921 1671 1668
3 1931 1671 1921
3 1934 1933 1932
3 1932 1933 1925
3 1923 1932 1925
3 1935 1932 1923
3 1936 1923 1926
3 1935 1923 1936
3 1937 1926 1927
3 1936 1926 1937
3 1927 1928 1938
3 1939 1927 1938
3 1937 1927 1939
3 1938 1930 1939
3 1930 1672 1939
3 1930 1670 1672
3 1940 1674 1675
3 1941 1940 1675
3 1671 1941 1675
3 1931 1941 1671
3 1944 1943 1942
3 1946 1945 1942
3 1946 1942 1943
3 1945 1946 1934
3 1932 1945 1934
3 1947 1945 1932
3 1678 1947 1677
3 1947 1935 1677
3 1947 1932 1935
3 1677 1935 1679
3 1935 1948 1679
3 1935 1936 1948
3 1949 1936 1937
3 1948 1936 1949
3 1682 1949 1681
3 1949 1939 1681
3 1949 1937 1939
3 1681 1939 1672
3 1951 1950 1940
3 1950 1674 1940
3 1950 1683 1674
3 1951 1940 1941
3 1954 1953 1952
3 1685 1686 1952
3 1953 1685 1952
3 1955 1685 1953
3 1942 1688 1944
3 1688 1955 1944
3 1688 1685 1955
3 1688 1942 1690
3 1690 1942 1945
3 1690 1945 1691
3 1691 1945 1947
3 1691 1947 1678
3 1948 1693 1679
3 1693 1948 1695
3 1948 1956 1695
3 1948 1949 1956
3 1696 1956 1682
3 1682 1956 1949
3 1950 1697 1683
3 1957 1697 1950
3 1954 1952 1699
3 1700 1954 1699
3 1958 1954 1700
3 1699 1952 1686
3 1959 1702 1956
3 1956 1702 1695
3 1703 1959 1696
3 1696 1959 1956
3 1957 1704 1697
3 1960 1704 1957
3 1963 1962 1961
3 1962 1958 1961
3 1958 1705 1961
3 1958 1700 1705
3 1959 1706 1702
3 1706 1959 1703
3 1964 1707 1708
3 1704 1960 1965
3 1964 1704 1965
3 1966 1964 1965
3 1708 1704 1964
3 1966 1965 1963
3 1966 1963 1961
3 1710 1966 1961
3 1709 1710 1961
3 1709 1961 1705
3 1967 1711 1964
3 1964 1711 1707
3 1968 1964 1966
3 1967 1964 1968
3 1712 1968 1710
3 1710 1968 1966
3 1967 1713 1711
3 1713 1967 1716
3 1716 1967 1968
3 1716 1968 1712
3 1969 1719 1720
3 1721 1969 1720
3 1970 1724 1969
3 1969 1724 1719
3 1725 1971 1721
3 1971 1969 1721
3 1971 1970 1969
3 1726 1971 1725
3 1972 1728 1729
3 1724 1970 1729
3 1970 1972 1729
3 1970 1973 1972
3 1971 1975 1974
3 1973 1971 1974
3 1970 1971 1973
3 1971 1726 1975
3 1726 1976 1975
3 1726 1730 1976
3 1977 1733 1972
3 1972 1733 1728
3 1978 1972 1973
3 1977 1972 1978
3 1973 1974 1979
3 1973 1979 1978
3 1735 1976 1730
3 1735 1980 1976
3 1977 1737 1733
3 1737 1977 1739
3 1977 1981 1739
3 1977 1978 1981
3 1978 1979 1982
3 1983 1978 1982
3 1981 1978 1983
3 1984 1983 1740
3 1983 1980 1740
3 1980 1735 1740
3 1980 1983 1982
3 1985 1743 1981
3 1981 1743 1739
3 1986 1981 1983
3 1985 1981 1986
3 1987 1983 1984
3 1986 1983 1987
3 1985 1745 1743
3 1745 1985 1747
3 1985 1988 1747
3 1985 1986 1988
3 1750 1988 1749
3 1988 1987 1749
3 1988 1986 1987
3 1988 1752 1747
3 1752 1988 1750
3 1990 1989 1756
3 1756 1989 1755
3 1991 1756 1757
3 1991 1990 1756
3 1757 1758 1991
3 1991 1758 1992
3 1994 1993 1760
3 1760 1993 1759
3 1995 1760 1761
3 1995 1994 1760
3 1761 1755 1989
3 1761 1989 1995
3 1758 1762 1996
3 1997 1758 1996
3 1992 1758 1997
3 1999 1998 1764
3 1764 1998 1763
3 1764 1759 1993
3 1764 1993 1999
3 1997 1996 2000
3 1997 2000 2001
3 2002 1766 1767
3 2002 1767 2003
3 1767 2004 2003
3 1767 1768 2004
3 1768 1763 1998
3 1768 1998 2004
3 2001 2000 2005
3 2001 2005 2006
3 2007 1769 1770
3 1772 2007 1770
3 2008 1774 1775
3 2008 1775 2009
3 1775 2010 2009
3 1775 1776 2010
3 2011 1776 1777
3 2011 2010 1776
3 1777 1766 2002
3 2012 1777 2002
3 2011 1777 2012
3 2012 2002 2003
3 2006 2005 2013
3 2006 2013 2014
3 2015 1778 2007
3 2007 1778 1769
3 1779 2016 1772
3 2016 2007 1772
3 2016 2015 2007
3 1780 2017 1779
3 1779 2017 2016
3 1781 2018 1780
3 1780 2018 2017
3 1782 2019 1781
3 1781 2019 2018
3 1783 2019 1782
3 2020 1785 1786
3 1787 2021 1786
3 1786 2021 2020
3 1788 2022 1787
3 1787 2022 2021
3 1789 2023 1788
3 1788 2023 2022
3 1790 2024 1789
3 1789 2024 2023
3 1774 2008 1790
3 2008 2024 1790
3 2008 2025 2024
3 2008 2009 2026
3 2027 2008 2026
3 2025 2008 2027
3 2028 2027 2026
3 2014 2013 2029
3 2014 2029 2030
3 2031 1791 2015
3 2015 1791 1778
3 2032 2015 2016
3 2031 2015 2032
3 2033 2016 2017
3 2032 2016 2033
3 2034 2017 2018
3 2033 2017 2034
3 2035 2018 2019
3 2034 2018 2035
3 1792 2036 1783
3 2036 2019 1783
3 2036 2035 2019
3 1793 2037 1792
3 1792 2037 2036
3 1794 2038 1793
3 1793 2038 2037
3 1795 2039 1794
3 1794 2039 2038
3 2040 2039 1795
3 2040 1795 1785
3 2041 2040 1785
3 2020 2041 1785
3 2041 2020 2021
3 2041 2021 2042
3 2042 2021 2022
3 2042 2022 2043
3 2043 2022 2023
3 2043 2023 2044
3 2044 2023 2024
3 2044 2024 2045
3 2047 2046 2045
3 2024 2047 2045
3 2025 2047 2024
3 2048 2025 2027
3 2047 2025 2048
3 2027 2028 2049
3 2050 2027 2049
3 2048 2027 2050
3 1797 1798 2050
3 2049 1797 2050
3 2051 1797 2049
3 1797 2052 1800
3 2051 2052 1797
3 1800 2053 1802
3 2052 2053 1800
3 2055 2054 1803
3 1802 2055 1803
3 2053 2055 1802
3 2057 2056 2054
3 2057 2054 2055
3 2059 2058 2056
3 2059 2056 2057
3 2061 2060 2058
3 2061 2058 2059
3 2060 2061 2030
3 2060 2030 2029
3 1806 2060 2029
3 1805 1806 2029
3 2062 1807 2031
3 2031 1807 1791
3 1810 2062 1809
3 2062 2032 1809
3 2062 2031 2032
3 1809 2032 1812
3 1812 2032 2033
3 1812 2033 1813
3 2033 2063 1813
3 2033 2034 2063
3 2064 2034 2035
3 2063 2034 2064
3 2065 2035 2036
3 2064 2035 2065
3 2066 2036 2037
3 2065 2036 2066
3 2067 2037 2038
3 2066 2037 2067
3 2068 2038 2039
3 2067 2038 2068
3 2039 2040 2069
3 2039 2069 2068
3 2072 2071 2070
3 2070 2071 2046
3 2047 2070 2046
3 2073 2070 2047
3 1816 2073 1815
3 2073 2048 1815
3 2073 2047 2048
3 1815 2048 1817
3 1817 2048 2050
3 1817 2050 1798
3 2054 1818 1803
3 1818 2054 1820
3 1820 2054 2056
3 1820 2056 1822
3 1822 2056 2058
3 1822 2058 1824
3 1824 2058 2060
3 1824 2060 1806
3 2074 1825 2062
3 2062 1825 1807
3 1827 2074 1810
3 1810 2074 2062
3 2063 1829 1813
3 1829 2063 1832
3 1832 2063 2064
3 1832 2064 1833
3 2064 2075 1833
3 2064 2065 2075
3 2076 2065 2066
3 2075 2065 2076
3 2077 2066 2067
3 2076 2066 2077
3 2078 2067 2068
3 2077 2067 2078
3 2068 2069 2079
3 2080 2068 2079
3 2078 2068 2080
3 2081 2080 2079
3 2072 2070 2082
3 2072 2082 2083
3 1836 2082 1835
3 2082 2073 1835
3 2082 2070 2073
3 1835 2073 1816
3 2084 1837 2074
3 2074 1837 1825
3 1839 2084 1827
3 1827 2084 2074
3 2085 1841 1842
3 1843 2086 1842
3 1842 2086 2085
3 1843 1833 2086
3 1833 2075 2086
3 1846 1844 2086
3 1846 2086 2075
3 1846 2075 1848
3 1848 2075 2076
3 1848 2076 1850
3 1850 2076 2077
3 1850 2077 1852
3 1852 2077 2078
3 1852 2078 1853
3 2078 2087 1853
3 2078 2080 2087
3 2080 2081 2088
3 2089 2080 2088
3 2087 2080 2089
3 2091 2090 2089
3 2091 2089 2088
3 2093 2092 2090
3 2093 2090 2091
3 2092 2093 2083
3 2092 2083 2082
3 1856 2092 2082
3 1855 1856 2082
3 1855 2082 1836
3 2094 1857 2084
3 2084 1857 1837
3 1858 2095 1839
3 2095 2084 1839
3 2095 2094 2084
3 1859 2096 1858
3 1858 2096 2095
3 1841 2085 1859
3 2085 2096 1859
3 2085 2097 2096
3 2098 2085 2086
3 2097 2085 2098
3 1861 2098 1844
3 1844 2098 2086
3 2087 1862 1853
3 1862 2087 1864
3 1864 2087 2089
3 1864 2089 1866
3 1866 2089 2090
3 1866 2090 1868
3 1868 2090 2092
3 1868 2092 1856
3 2099 1869 2094
3 2094 1869 1857
3 2100 2094 2095
3 2099 2094 2100
3 2101 2095 2096
3 2100 2095 2101
3 2097 2103 2102
3 2101 2097 2102
3 2096 2097 2101
3 2105 2104 2103
3 2097 2105 2103
3 2098 2105 2097
3 1871 2105 1861
3 1861 2105 2098
3 2107 2106 2099
3 2106 1869 2099
3 2106 1872 1869
3 2109 2108 2107
3 2099 2109 2107
3 2100 2109 2099
3 2101 2111 2110
3 2109 2101 2110
3 2100 2101 2109
3 2111 2101 2102
3 2112 2104 2105
3 2105 1871 2112
3 1871 2113 2112
3 1871 1873 2113
3 2106 1874 1872
3 2114 1874 2106
3 2115 2108 2109
3 2118 2117 2116
3 2110 2115 2109
3 2119 2117 2118
3 1875 2113 1873
3 1875 2120 2113
3 2114 1876 1874
3 2121 1876 2114
3 2116 2117 2122
3 2116 2122 2123
3 2117 2119 2124
3 2125 2117 2124
3 2122 2117 2125
3 2127 2126 2125
3 2127 2125 2124
3 2127 2120 2126
3 2120 1878 2126
3 2120 1875 1878
3 2129 1879 2128
3 1879 2121 2128
3 1879 1876 2121
3 2131 2130 2129
3 2131 2129 2128
3 2130 2131 2123
3 2122 2130 2123
3 2132 2130 2122
3 2133 2122 2125
3 2132 2122 2133
3 2134 2125 2126
3 2133 2125 2134
3 1881 2134 1878
3 1878 2134 2126
3 2136 2135 1883
3 1883 2135 1882
3 2136 1883 1879
3 2137 2136 1879
3 2129 2137 1879
3 2136 2137 2138
3 2139 2129 2130
3 2137 2129 2139
3 2140 2130 2132
3 2139 2130 2140
3 2141 2132 2133
3 2140 2132 2141
3 2142 2133 2134
3 2141 2133 2142
3 1885 2142 1881
3 1881 2142 2134
3 2144 2143 1887
3 1887 2143 1886
3 1887 1882 2135
3 1887 2135 2144
3 2145 2138 2137
3 2147 2146 2145
3 2137 2147 2145
3 2139 2147 2137
3 2148 2139 2140
3 2147 2139 2148
3 2149 2140 2141
3 2148 2140 2149
3 1890 2149 1889
3 2149 2142 1889
3 2149 2141 2142
3 1889 2142 1885
3 2150 1892 1893
3 2151 2150 1893
3 1886 2151 1893
3 2143 2151 1886
3 2146 2147 2152
3 2146 2152 2153
3 2154 2147 2148
3 2152 2147 2154
3 2155 2148 2149
3 2154 2148 2155
3 1894 2156 1890
3 2156 2149 1890
3 2156 2155 2149
3 1895 2156 1894
3 2158 2157 2150
3 2157 1892 2150
3 2157 1897 1892
3 2158 2150 2151
3 2153 2152 2159
3 2153 2159 2160
3 2161 2152 2154
3 2159 2152 2161
3 2162 2154 2155
3 2161 2154 2162
3 2163 2155 2156
3 2162 2155 2163
3 1898 2164 1895
3 2164 2156 1895
3 2164 2163 2156
3 1900 2164 1898
3 2157 1901 1897
3 2165 1901 2157
3 2168 2167 2166
3 2166 2167 2160
3 2159 2166 2160
3 2169 2166 2159
3 2170 2159 2161
3 2169 2159 2170
3 1904 2170 1903
3 2170 2162 1903
3 2170 2161 2162
3 1903 2162 1905
3 2162 2171 1905
3 2162 2163 2171
3 1908 2171 1907
3 2171 2164 1907
3 2171 2163 2164
3 1907 2164 1900
3 2165 1910 1901
3 2172 1910 2165
3 2175 2174 2173
3 2173 2174 2168
3 2166 2173 2168
3 2176 2173 2166
3 2177 2166 2169
3 2176 2166 2177
3 2178 2169 2170
3 2177 2169 2178
3 1912 2178 1904
3 1904 2178 2170
3 2171 1913 1905
3 1913 2171 1908
3 2172 1916 1910
3 2179 1916 2172
3 2175 2173 2180
3 2175 2180 2181
3 2182 2173 2176
3 2180 2173 2182
3 2183 2176 2177
3 2182 2176 2183
3 2184 2177 2178
3 2183 2177 2184
3 1918 2184 1912
3 1912 2184 2178
3 2185 1921 1922
3 2186 2185 1922
3 1916 2186 1922
3 2179 2186 1916
3 2181 2180 2187
3 2181 2187 2188
3 2189 2180 2182
3 2187 2180 2189
3 2190 2182 2183
3 2189 2182 2190
3 1925 2190 1924
3 2190 2184 1924
3 2190 2183 2184
3 1924 2184 1918
3 2191 1928 1929
3 1930 2191 1929
3 2192 1931 2185
3 2185 1931 1921
3 2185 2186 2193
3 2185 2193 2192
3 2188 2187 2194
3 2188 2194 2195
3 2196 2187 2189
3 2194 2187 2196
3 1934 2196 1933
3 2196 2190 1933
3 2196 2189 2190
3 1933 2190 1925
3 2191 1938 1928
3 1938 2191 1930
3 2197 1941 2192
3 2192 1941 1931
3 2192 2193 2198
3 2199 2192 2198
3 2197 2192 2199
3 2201 2200 2199
3 2201 2199 2198
3 2200 2201 2195
3 2200 2195 2194
3 1944 2200 2194
3 1943 1944 2194
3 1943 2194 1946
3 1946 2194 2196
3 1946 2196 1934
3 2202 1950 1951
3 1941 2197 1951
3 2197 2202 1951
3 2197 2203 2202
3 1954 2203 1953
3 2203 2199 1953
3 2203 2197 2199
3 1953 2199 1955
3 1955 2199 2200
3 1955 2200 1944
3 2204 1957 2202
3 2202 1957 1950
3 2205 2202 2203
3 2204 2202 2205
3 1958 2205 1954
3 1954 2205 2203
3 2206 1960 2204
3 2204 1960 1957
3 1963 2206 1962
3 2206 2205 1962
3 2206 2204 2205
3 1962 2205 1958
3 2206 1965 1960
3 1965 2206 1963
3 2208 2207 1975
3 1975 2207 1974
3 1975 1976 2208
3 2208 1976 2209
3 2211 1979 2210
3 1979 2207 2210
3 1979 1974 2207
3 2210 2209 2211
3 2209 1980 2211
3 2209 1976 1980
3 2211 1982 1979
3 1982 2211 1980
3 2212 1989 1990
3 1991 2213 1990
3 1990 2213 2212
3 1992 2213 1991
3 2214 1993 1994
3 1995 2215 1994
3 1994 2215 2214
3 1989 2212 1995
3 2212 2215 1995
3 2212 2216 2215
3 2217 2212 2213
3 2216 2212 2217
3 1997 2217 1992
3 1992 2217 2213
3 2218 1998 1999
3 1993 2214 1999
3 2214 2218 1999
3 2214 2219 2218
3 2220 2214 2215
3 2219 2214 2220
3 2221 2215 2216
3 2220 2215 2221
3 2222 2216 2217
3 2221 2216 2222
3 2001 2222 1997
3 1997 2222 2217
3 2223 2003 2004
3 1998 2218 2004
3 2218 2223 2004
3 2218 2224 2223
3 2225 2218 2219
3 2224 2218 2225
3 2226 2219 2220
3 2225 2219 2226
3 2227 2220 2221
3 2226 2220 2227
3 2228 2221 2222
3 2227 2221 2228
3 2006 2228 2001
3 2001 2228 2222
3 2229 2009 2010
3 2011 2230 2010
3 2010 2230 2229
3 2012 2231 2011
3 2011 2231 2230
3 2003 2223 2012
3 2223 2231 2012
3 2223 2232 2231
3 2233 2223 2224
3 2232 2223 2233
3 2234 2224 2225
3 2233 2224 2234
3 2235 2225 2226
3 2234 2225 2235
3 2236 2226 2227
3 2235 2226 2236
3 2237 2227 2228
3 2236 2227 2237
3 2014 2237 2006
3 2006 2237 2228
3 2229 2026 2009
3 2026 2229 2028
3 2229 2238 2028
3 2229 2230 2238
3 2239 2230 2231
3 2238 2230 2239
3 2240 2231 2232
3 2239 2231 2240
3 2241 2232 2233
3 2240 2232 2241
3 2242 2233 2234
3 2241 2233 2242
3 2243 2234 2235
3 2242 2234 2243
3 2244 2235 2236
3 2243 2235 2244
3 2245 2236 2237
3 2244 2236 2245
3 2030 2245 2014
3 2014 2245 2237
3 2246 2040 2041
3 2042 2247 2041
3 2041 2247 2246
3 2043 2248 2042
3 2042 2248 2247
3 2044 2249 2043
3 2043 2249 2248
3 2045 2250 2044
3 2044 2250 2249
3 2046 2250 2045
3 2238 2049 2028
3 2049 2238 2051
3 2051 2238 2239
3 2051 2239 2052
3 2052 2239 2240
3 2052 2240 2053
3 2053 2240 2241
3 2053 2241 2055
3 2055 2241 2242
3 2055 2242 2057
3 2057 2242 2243
3 2057 2243 2059
3 2059 2243 2244
3 2059 2244 2061
3 2061 2244 2245
3 2061 2245 2030
3 2251 2069 2246
3 2246 2069 2040
3 2252 2246 2247
3 2251 2246 2252
3 2253 2247 2248
3 2252 2247 2253
3 2254 2248 2249
3 2253 2248 2254
3 2072 2254 2071
3 2254 2250 2071
3 2254 2249 2250
3 2071 2250 2046
3 2251 2079 2069
3 2079 2251 2081
3 2251 2255 2081
3 2251 2252 2255
3 2256 2252 2253
3 2255 2252 2256
3 2257 2253 2254
3 2256 2253 2257
3 2083 2257 2072
3 2072 2257 2254
3 2255 2088 2081
3 2088 2255 2091
3 2091 2255 2256
3 2091 2256 2093
3 2093 2256 2257
3 2093 2257 2083
3 2258 2102 2103
3 2104 2258 2103
3 2259 2106 2107
3 2108 2259 2107
3 2260 2110 2111
3 2102 2258 2111
3 2258 2260 2111
3 2258 2261 2260
3 2112 2262 2104
3 2262 2258 2104
3 2262 2261 2258
3 2113 2262 2112
3 2263 2114 2259
3 2259 2114 2106
3 2115 2264 2108
3 2264 2259 2108
3 2264 2263 2259
3 2115 2110 2264
3 2110 2260 2264
3 2118 2116 2264
3 2118 2264 2260
3 2118 2260 2119
3 2260 2265 2119
3 2260 2261 2265
3 2266 2261 2262
3 2265 2261 2266
3 2120 2266 2113
3 2113 2266 2262
3 2267 2121 2263
3 2263 2121 2114
3 2268 2263 2264
3 2267 2263 2268
3 2123 2268 2116
3 2116 2268 2264
3 2265 2124 2119
3 2124 2265 2127
3 2127 2265 2266
3 2127 2266 2120
3 2267 2128 2121
3 2128 2267 2131
3 2131 2267 2268
3 2131 2268 2123
3 2269 2135 2136
3 2138 2269 2136
3 2270 2143 2144
3 2135 2269 2144
3 2269 2270 2144
3 2269 2271 2270
3 2145 2272 2138
3 2272 2269 2138
3 2272 2271 2269
3 2146 2272 2145
3 2273 2151 2270
3 2270 2151 2143
3 2274 2270 2271
3 2273 2270 2274
3 2275 2271 2272
3 2274 2271 2275
3 2153 2275 2146
3 2146 2275 2272
3 2276 2157 2158
3 2151 2273 2158
3 2273 2276 2158
3 2273 2277 2276
3 2278 2273 2274
3 2277 2273 2278
3 2279 2274 2275
3 2278 2274 2279
3 2160 2279 2153
3 2153 2279 2275
3 2280 2165 2276
3 2276 2165 2157
3 2281 2276 2277
3 2280 2276 2281
3 2282 2277 2278
3 2281 2277 2282
3 2168 2282 2167
3 2282 2279 2167
3 2282 2278 2279
3 2167 2279 2160
3 2283 2172 2280
3 2280 2172 2165
3 2284 2280 2281
3 2283 2280 2284
3 2175 2284 2174
3 2284 2282 2174
3 2284 2281 2282
3 2174 2282 2168
3 2285 2179 2283
3 2283 2179 2172
3 2286 2283 2284
3 2285 2283 2286
3 2181 2286 2175
3 2175 2286 2284
3 2287 2186 2285
3 2285 2186 2179
3 2288 2285 2286
3 2287 2285 2288
3 2188 2288 2181
3 2181 2288 2286
3 2289 2193 2287
3 2287 2193 2186
3 2290 2287 2288
3 2289 2287 2290
3 2195 2290 2188
3 2188 2290 2288
3 2289 2198 2193
3 2198 2289 2201
3 2201 2289 2290
3 2201 2290 2195