OFF
4995 9966 0
1.0131523420 14.7437095328 20.9808486503
1.1386905186 14.8606634002 20.1882486794
1.1755379463 14.1721306655 20.4445278984
1.1301300637 13.9905466988 21.1882966484
0.9770856330 14.6887084860 21.8062955104
1.1222866120 13.9478165603 22.1215369710
1.0112325477 14.6992927333 22.7134352324
1.1775916677 14.0169492496 23.0488658383
1.1101342820 14.7156323352 23.5454986154
1.2732430719 14.2042620937 23.7586173288
0.9943551622 15.5024292980 20.7685201141
1.1478197809 15.7013861127 20.0409084853
0.9307734181 15.3223679530 21.4449702257
0.9695810103 15.5241339172 22.2702122553
1.0547317525 15.3735678639 23.2726147950
1.2954107096 14.7227511680 24.1373966513
1.2174312625 15.2798673097 24.0429066886
1.6081779307 15.1918491822 24.7692927581
1.0474204652 16.1664167246 20.5887747357
1.2303835625 16.5174058097 20.0548637183
1.0056455901 16.1862444654 21.3724616275
1.0851181112 16.3222413891 22.1937878963
1.1475886445 16.1335485163 22.9895259766
1.2538265349 15.9335672687 23.8890501811
1.3665267930 15.7064204281 24.4039136140
1.1348977976 16.7628786334 20.7200268307
1.3626950317 17.1521000818 20.2726752664
1.1709986685 16.9389983341 21.2332606354
1.1746466285 16.7916108790 21.7698063034
1.3317439130 17.2872658959 20.8166480192
1.9419207934 10.8847968819 18.9384401593
2.1245702149 10.7409741889 18.1086447718
2.2484046532 10.2130057779 18.5174109275
2.2111159206 10.0483659291 19.3429994652
1.9101061404 10.7112277722 20.0007466602
2.2237628380 9.9474302462 20.3423231353
1.9441026787 10.6530467699 21.0385199039
2.3518114738 9.8983850304 21.4070420501
2.0727871928 10.6559969441 22.0924866572
2.6767338371 9.8691577024 22.6057410168
2.2734465734 10.7304345687 23.0600133524
2.6883074982 10.2540876417 23.3728654644
1.9146297098 11.5734293341 18.1152105682
2.1222073146 11.8111015000 17.1444438434
2.2009385431 11.0385008860 17.5009870747
1.7262969905 11.7251157212 18.9827216456
1.6922764265 11.5484694312 19.7732880250
1.6814354451 11.4737470754 20.7670846270
1.7295431901 11.4652269912 21.7964914343
1.8717361411 11.4955021330 22.8014024578
2.6496044331 10.7209364063 23.8572871727
2.1662364153 11.5042718010 23.7556362228
2.5541663001 11.2497980853 24.2687267423
1.8212797242 12.6735902263 17.7298432496
2.0574399461 12.5986658646 16.8632418024
1.6603149546 12.4384685294 18.6922079802
1.5546500341 12.3848318931 19.5836078432
1.5004708549 12.3467782526 20.5544876774
1.5014336916 12.3183532006 21.5845955214
1.5805493691 12.3579313824 22.6121855849
1.8015722927 12.3746684616 23.5732367198
2.3778199104 11.7137593927 24.3927406966
2.1710244909 12.3027263617 24.3614448001
2.6311066470 12.0309882527 24.8638801909
1.9080831220 13.4957015135 17.0492679817
2.1895584167 13.7577913452 16.1912579045
2.1799027138 12.9796186359 16.3513345755
1.6794555975 13.6334091471 17.9024166065
1.5719131395 13.3448353934 18.6044010607
1.4889821328 13.0862051869 19.3284217290
1.3492249258 13.3000411772 20.2912792090
1.3088488407 13.1721820661 21.3744935128
1.3360623651 13.1904745786 22.3983684997
1.4763713210 13.3667112400 23.4751928976
1.8980304456 13.2285118804 24.3626043315
2.5599977369 12.9207068006 25.1440834075
1.9429892715 14.4994195560 16.8500996373
2.2645464541 14.6375258438 16.0735527231
1.6959577987 14.4190058033 17.7108449914
1.5112494749 14.2847610198 18.5799968397
1.3547922064 14.0112468389 19.5370383462
1.5648234638 14.1620139925 24.3177868076
2.1429927985 14.1592789608 25.1598755594
2.0835528191 15.3195391847 16.6783204562
2.3416563981 15.2162731121 16.0776841419
1.7823267486 15.3453117252 17.5623261137
1.5353621060 15.2373975485 18.4746873320
1.3256512160 15.0308056348 19.3503421063
2.1189754870 15.1145735763 25.5295235725
2.4825066046 15.8503698757 16.2358976273
2.0402443296 16.2606083232 17.3303067006
2.4454809064 16.6663374035 16.7744017502
1.6796642624 16.2138722723 18.3884078059
1.3849382550 15.9928985648 19.2905623422
1.3672741436 16.9678307765 22.5495226201
1.4506398737 16.7393397746 23.6887107228
1.6226448682 16.3838760010 24.7977659578
1.9589624534 15.8714711863 25.5457444730
2.0235844489 16.6720543011 25.8849729425
2.2534784773 16.1840591152 26.1664726690
2.2429556753 17.0100090700 17.3944948933
2.5601833337 17.1932335581 17.0237384130
2.0250581979 17.1704548383 18.2217850239
1.5994804120 17.0223778150 19.3982592007
1.4621324774 17.4352745361 21.5045258296
1.7486816146 17.8033830238 22.3361014254
1.7335387172 17.5695844898 23.3385963251
1.8093959899 17.5159099778 24.5079991707
1.9162249603 17.3780585329 25.5548034045
2.5082394195 16.6901433531 26.7373595420
2.2036557506 17.4020969600 26.4299757611
2.5756909294 17.4061674783 27.1175369115
2.5074131703 17.5269480855 17.5557973556
2.4681934645 17.9242195784 18.2473704221
2.0935243778 17.8517228855 19.1085852691
2.5632008227 18.3093735534 18.7653013616
1.7879850516 17.8317646060 20.3552789003
1.9325249782 18.1870218020 21.4568487241
2.0688563001 18.3823325098 22.1754945179
2.0801403681 18.2932079237 22.9675643996
2.0846487805 18.2217484385 23.9557676706
2.0835960409 18.2593376668 24.7526857021
2.0393281416 18.1177522592 25.3955695383
2.2578030230 18.6753882025 25.2705077785
2.1533037819 18.0771270475 26.1963122755
2.4301943232 18.0443595595 26.9535377965
2.4825501904 18.4785468448 19.5360720857
2.4527899635 18.7666010847 20.6704848946
2.3021614147 18.7442651880 21.6602230935
2.3130710736 18.7359859386 25.9957201707
2.4063699165 18.6221781127 26.6972924837
2.9030237074 8.7861837691 19.6978729584
3.0600954308 8.6291064648 18.9440700245
3.2642752239 8.2677728599 19.4433531299
3.2693374165 8.2631041288 20.0164572192
2.8780131222 9.4346633457 17.5737364274
3.0901176923 9.3917955279 16.8724856718
3.2330873727 8.9107285644 17.3532668138
3.1395890261 8.7488798836 18.1590117452
2.6505399372 9.4022426796 18.6873729676
2.5022544150 9.4340222509 19.7326179477
3.0776066227 8.5770250419 20.4676712597
2.6900611250 9.1917197227 20.6689857510
3.2058794679 8.6396792384 21.2934955988
2.8636307008 9.2474352042 21.8089798429
3.5622689748 8.6993237919 22.4257376213
3.0530401491 9.2626832076 22.4768456196
3.3716337205 9.2629536883 23.0646299810
2.9153303901 10.5147679853 15.9372909204
3.1394613729 10.7977692136 15.1148517312
3.2230084072 10.1103222052 15.4819539429
3.1506825428 9.7223341487 16.1711605587
2.8141268600 10.0374750743 16.7908649821
2.4647462036 10.2361382921 17.6637262244
3.3138689942 9.7714574160 23.6701728406
2.9112386795 10.2463642017 23.7622561522
3.2602065612 10.2783277993 24.2047670374
2.7677947303 11.4912123136 15.5750356256
3.0789920412 11.5133972051 14.8158925084
2.5028343384 11.0178418599 16.6592212131
3.1928675581 10.8664914750 24.6613350309
2.7264822760 11.4781895798 24.6705820896
3.1659821669 11.5416895801 25.1187182840
2.8790897020 12.3010107315 14.9463888465
3.2382702851 12.7012492812 14.1922356440
3.2414184189 11.9204534906 14.3364695068
2.6102171452 12.2202787690 15.5539422142
2.3718957951 12.1412647700 16.2184217652
3.1423805045 12.1875148765 25.4295782058
2.8723546501 13.2894972921 14.7912857055
3.2630662893 13.5752701065 14.1347050891
2.4975258441 12.9554424522 15.6049478916
3.4328699105 12.7498904881 25.9468915731
2.8913239487 13.6784384912 25.8429754679
3.5086936547 13.4117878811 26.3537974390
2.9841141011 14.1320674424 14.6745286475
3.2970795331 14.1275427562 14.1737684235
2.5577406491 13.9748918484 15.4189834542
2.6990511916 14.6841273377 26.0774482496
3.2891289008 14.0570414496 26.4501913458
3.3759506220 14.6805926822 14.3586840087
2.7680655534 14.9772178366 15.3584706430
3.2415963540 15.2443799936 14.8419212739
2.3874579267 15.5669989372 26.0861493397
3.4173125106 14.6814405705 26.8938785516
2.9046587281 15.4162214312 26.6704690709
3.4198653704 15.3763733456 27.2544219770
3.2734104291 15.8805551185 15.2821895155
2.8547894858 16.4575237773 16.1172187620
3.4469805665 16.7486051844 15.7564322180
2.5930135378 16.0086016366 26.5703923109
3.0754174854 16.0803134058 27.2087750296
2.9053556943 17.0166295406 16.4772758464
3.4158313088 17.3095025395 16.2707229641
3.1412812899 16.9469132239 27.7181382850
2.8548676547 17.8774947052 27.6504212778
3.2880296488 17.6880866724 28.2598110905
3.0293717592 17.5297445016 16.8765980763
3.0954911272 18.0360981071 17.4967949637
2.8836900653 18.3298767991 18.2127033390
3.3563890906 18.4646497742 17.8540797984
2.4128845395 18.8906600374 22.4335978004
2.5307797623 19.0302359028 23.5567209231
2.3767271056 18.8248107057 24.6019010193
2.7539609511 18.7522322559 27.4713923340
3.1695041575 18.4345724405 28.2809624662
3.1659276069 18.7007183107 18.6197067139
3.1444510938 19.1042418064 19.6129023099
3.0200517577 19.3474456720 20.4830770082
3.4704628389 19.5435760054 19.9412210569
2.8279640590 19.4167551117 21.5325737756
2.8097466767 19.5275520516 22.6914021949
2.9010845900 19.6653771880 23.3996009403
2.8778595292 19.6107398460 23.9268104709
2.7459656712 19.4566296944 24.5146589767
3.0235735334 19.9591774568 24.3949045843
2.6415808145 19.4319629956 25.5647746202
2.6700524191 19.3592694013 26.7409393299
2.9167363106 19.5470897234 27.5837079412
3.1322256142 19.2961246389 28.2366029478
3.4248175000 19.7835394675 20.6313667622
3.3711711355 20.0946592075 21.4433160791
3.1531494710 20.0546063045 22.1858295775
3.4172131863 20.3679576785 21.9224568120
3.1561674078 20.1625774448 23.0282373494
2.9953673248 20.0644026928 25.0927792782
2.9875066843 20.2041986374 25.8065522288
2.9274692142 20.1136331026 26.4513083190
3.1544379507 20.6394530049 26.2625199231
3.0085574069 20.1307012891 27.2779413155
3.1947883392 20.0996518320 28.0728209903
3.5583715336 20.7001152285 22.4437518978
3.2248963738 20.7724489942 26.9618712401
3.2970585848 20.7190264037 27.7138606752
3.9866484017 7.5207013482 18.7762886041
4.3069744528 7.2676405204 18.0315678729
4.4815214363 6.9760375686 18.8149494780
4.4100932875 7.0619523372 19.5845639770
3.7596468958 7.7317994967 19.8354451338
4.4519078654 7.1476591359 20.5517446676
4.0100401646 7.6223261383 20.9468863789
4.5034572821 7.2490062920 21.3053236601
3.8916631288 8.5945583485 15.6343750503
4.1280911459 8.5436119248 14.7905803962
4.2718699157 8.0497552689 15.2454909600
4.2504651586 7.8059480950 16.0905662428
3.8839452165 8.1930859643 16.6037017522
4.2282345121 7.5668618209 17.0734607097
3.6888467770 8.1390735040 17.6620280665
3.4575419245 8.1375058143 18.7908488887
3.4873495354 8.1274290450 20.7000321355
4.2842279079 7.5618175574 21.6715913160
3.8262066665 8.0652631509 21.7021513894
4.5444924968 7.7040784252 22.4684246846
4.0205860973 8.1695113606 22.4133105215
4.3457642367 8.2231036526 23.0091551077
3.8648908783 9.2974728593 14.6431070040
4.0911242109 9.3877605807 13.8084922735
4.1873817899 8.8146874073 14.1401482630
3.4989519700 9.4489754864 15.5265483398
3.4710847015 8.9039643569 16.5380492808
4.2292604338 8.7532607544 23.5699751073
3.7281182525 9.2585961022 23.6156108579
4.1565828727 9.2713384512 24.1246261283
3.8545003569 10.1907694860 13.8730278214
4.1311146383 10.5331117977 12.9750967923
4.1782668287 9.7556246956 13.2264608361
3.4920886017 10.1453661502 14.7934190621
4.1310775469 9.8044769048 24.6380281682
3.6351829539 10.3236903712 24.6592653847
4.0530754850 10.4007165431 25.1038512046
3.8294581980 11.0716842926 13.5002534006
4.1035663665 11.4804663674 12.8447685846
3.4554115964 11.0886203638 14.2669301534
3.8229818602 11.0278551416 25.3661523357
3.7172411530 11.6740356551 25.6654382576
4.4139725615 11.1686351548 25.9342467755
3.6509520164 11.9868447259 13.6216061392
4.1324744263 12.4826699376 12.8352801440
3.6140245246 12.1537148061 25.8283956734
4.3077463544 11.9662692468 26.2959773288
3.6712691392 13.0573021215 13.5390639325
4.1801201115 13.4610394945 12.9661430835
4.3148598535 12.8477981518 26.8108895201
3.8339613854 13.6810854905 26.8208601094
4.4178742617 13.4722613522 27.2886125690
3.7062303989 13.9931313631 13.6677407149
4.1791455583 14.0910219622 13.1806643553
3.6194217390 14.1440572227 26.8449506052
4.0639725503 14.1293734485 27.3026219579
4.1754556488 14.7429430265 13.5656103316
3.7054179178 15.3270053798 14.3944713806
4.1621499811 15.3611237123 13.9741650456
4.1047531034 14.9047558778 27.7839295218
3.6779041245 15.7658238448 27.7684833569
4.1917193046 15.6173155812 28.3112977585
4.1826885323 15.9104966789 14.4235423905
3.8348257206 16.3642869853 15.0941265073
4.2062431199 16.4017114706 14.8010905800
3.4315424299 16.2858721701 27.7571971515
3.8549175338 16.3679309019 28.3424102637
4.1971992596 16.8240280672 15.1804412521
3.8905724465 17.2488828651 15.8169131783
3.6978218378 17.2215842272 28.6311667475
3.6425085994 18.0778935118 28.9937428955
3.9988882174 17.5483967624 29.2960805108
3.9650585892 17.8587993293 16.4180035616
3.7348419034 18.3371283728 17.2542428520
4.2930593295 18.4231965546 16.8507555917
3.4791408439 19.0231889489 29.0031407784
4.0095615857 18.0671387409 29.6632502823
3.8669146266 18.8069888948 29.8079353107
4.1581425424 18.3997217890 30.1944171558
4.0409534809 18.7571923956 17.6547611450
3.9320163958 19.2209043180 18.6480686044
3.7455439675 19.4802102186 19.3671305215
4.0952599426 19.5594052319 19.0446529487
3.1287183235 20.1435227880 23.8305863801
3.4398183567 19.9381125621 28.8893811442
3.7186976094 19.7277223187 29.7205135225
4.1287409541 18.9494294729 30.5045201753
3.9973057258 19.5844423342 30.4698608814
4.2394262100 19.4095855497 31.0165189201
4.1865809979 19.9225143963 19.6012086579
3.8972422635 20.2901540169 20.7520307841
3.7522173570 20.5711164972 21.5746112420
4.2400195534 20.7645559992 21.0367959576
3.4768847153 20.9459983305 23.6203413423
3.2895887821 20.6898776886 24.6649196892
3.2345641199 20.7310136606 25.6284713335
3.5370399125 20.8862410975 28.5814960273
3.7121272106 20.6359641706 29.5665581986
3.9437716240 20.4595711256 30.4140273199
4.1978954511 20.2095340206 31.1769428995
4.2154095060 21.1953532840 21.8160759551
3.9472662705 21.5964151262 22.9409198386
4.5157957598 21.9771806715 22.3137362586
3.7594809918 21.7838618187 23.8553074285
3.5958277187 21.5854324745 24.5818007250
3.5195030716 21.4775445012 25.4959435526
3.4286798824 21.2749599308 26.3904975741
3.6370389854 21.5942786359 27.5457017226
3.8414935228 21.7892007294 28.7148888526
3.7997715982 21.3727965629 29.3641945164
3.9939230201 21.4213912843 30.2155286746
4.1901133967 21.1708478592 31.1162662816
4.2377398540 22.2173785192 22.9777036190
4.0631972463 22.3740755243 23.6112021030
4.2812459378 22.5499426036 23.2280043847
3.8720970095 22.3494009909 24.5006577047
3.7575882638 22.1719007150 25.2664724433
3.8366772226 22.3026433016 26.3245119294
4.0016754914 22.5000091864 27.3380913976
4.0393067044 22.3927270446 28.1672785323
4.0982026534 22.3803546142 28.9236252175
4.0515805477 22.0830551681 29.5814232791
4.2777790928 22.6905778359 29.3875855455
4.2017760580 22.1952016222 30.3354096210
4.2508642116 21.9376780953 30.8996011699
4.4586437237 22.5953801743 36.9529383999
4.5044671668 22.7147983880 36.7981085033
4.5047282506 22.4019865168 36.7688433842
4.5458279181 22.4525710184 37.0629856649
4.4333447977 22.9680680618 23.5060186974
4.2045412594 22.9963630066 24.2870246879
4.5425428086 23.4412448272 24.0255330462
4.0892300118 22.9561064975 25.2973923254
4.2121185589 23.1918106673 26.1948449854
4.1827594168 23.0059054009 26.8763029691
4.3188545310 22.6418750611 29.9881789825
4.5455668343 22.7653828897 37.0922507839
4.5040787590 23.5927980947 24.7188031907
4.5091976408 23.7160838547 25.6381819915
5.3435414889 4.9157683059 7.6056332634
5.6278768527 4.7875528648 6.9562232289
5.9070262281 4.3334808589 7.4716286332
5.6703997645 4.3671031618 8.0453861443
5.2648948030 5.5556161656 6.7419342990
5.6016195061 5.5656548341 5.9933965063
5.8338800566 5.0268660006 6.3820509283
5.0403174967 5.6634536484 7.6532125286
5.3687561254 4.7394030792 8.3070343327
5.0964448133 5.4310067003 8.4370658893
5.3057824214 4.9488386809 8.8142953364
5.3443999414 6.1949458779 5.8787341998
5.6093793987 6.4233920139 5.2971710239
5.8311870013 5.9347650950 5.4661154950
5.0951481953 6.3819109760 6.5576430483
4.9834430505 6.3376764922 7.3634264449
4.9238214702 6.3307351373 8.3511039616
5.1515935808 5.4472613508 9.1838633962
4.9668519406 6.2491161263 9.4171412560
5.1735153647 5.7092651083 9.9256787342
5.0055709519 6.4573136645 10.4994700002
5.1988194580 5.9348693036 10.6631411916
4.9155284950 6.5985699689 18.3703540381
5.1461865128 6.4135569846 17.6826381969
5.5866183911 5.9755540346 18.1682235651
5.4003994749 6.1760401810 18.9977486934
5.4409322853 6.7520363310 5.4730162845
5.7355116717 6.8257740505 5.0840373389
5.2670831200 6.8980533434 6.0703656316
5.0928504717 7.0399041607 6.9845155092
4.9742272308 7.2612627551 8.1288450862
4.8647841256 7.2266589614 9.2764363180
4.8404426543 7.2338488184 10.3660746975
5.0960156633 6.4103283936 11.1841074099
4.8877492724 7.1717527218 11.4641270248
5.1175699384 6.5519965494 11.9663543901
4.8796314431 7.2814241443 12.5927900939
5.1445797317 6.6019648766 12.9509126021
4.8556630053 7.2794042090 13.5857376026
5.1531624066 6.6073694090 13.9424685066
4.8535038147 7.1798788194 14.4449948077
5.1278020660 6.6225682712 14.9265669293
4.6716085148 7.3422266763 15.3748480035
5.1087844283 6.5954624424 15.9510465812
4.6659758319 7.1245084912 16.5091916331
5.1089258040 6.5143224161 16.9271411772
4.7092673226 6.9099413458 17.4583203121
4.9427421849 6.5733202269 19.3201910064
5.0303624644 6.6314360964 20.2716686589
5.2132972332 6.7857766542 21.4461383640
4.7663744410 7.2539406835 21.9644416411
5.3479548630 7.0318291281 22.4152847479
4.9441084804 7.3149116366 22.4596979821
5.2596516995 7.3503564711 22.9217067817
5.7497724338 7.3964749916 5.3557857972
5.4387506910 7.6273562415 6.4583290814
5.2476642554 7.8130374912 7.5042699496
5.1185576973 8.0449964266 8.3374952217
4.9548360053 8.1853398767 9.1876979013
5.1648850934 8.5456450945 8.7631460524
4.7907906293 8.1700070737 10.2634592896
4.7175227286 8.0946911737 11.2928579667
4.6741452245 8.0381153244 12.3100035093
4.6530645955 7.9066939790 13.1996036488
4.4936530894 7.9993449084 14.2617193046
5.2332295987 7.7947917488 23.4964335546
4.7120599763 8.2574387650 23.5595398056
5.1278966689 8.3052898045 24.0560454625
5.0876881404 8.9364384259 9.3264842435
4.8768395847 9.1996927555 10.1993755706
5.1689493841 9.6710134202 9.6071572774
4.6598717459 9.0308869853 11.2432421124
4.5682946865 8.7768217439 12.0753837764
4.4039916065 8.8245813766 13.1749050669
5.0570530842 8.8137096200 24.5531875961
4.5969421010 9.2879532289 24.6144638915
5.0452767172 9.3216542946 25.0538741782
4.9556917677 10.2871106137 10.4383648279
5.3033707033 10.5125544764 9.7975666675
4.6680295364 10.0488428941 11.2699526087
4.4280513637 9.7196135064 12.3058096830
5.1022808841 9.8947176209 25.5652565737
4.5015096371 10.5969887573 25.6372918854
5.1350164423 10.5943206696 26.1181667996
5.1215045644 11.1127703208 10.4645896243
5.3937796768 11.0634617755 9.9454927821
4.7628751838 11.0437736785 11.2528535855
4.4242606524 10.8127776364 12.1222583316
5.0756130091 11.2115837222 26.4653641198
5.4990821038 11.6288317961 10.2220264794
5.0523922082 11.9566455222 11.1266565591
5.4339066441 12.1789008363 10.7029588988
4.5211453672 11.8195896640 12.0456714895
5.3373376222 11.6700374691 26.9424808833
4.7743779191 12.2058899221 26.8255212659
5.2490039164 12.3044348280 27.2951026036
5.5216612442 12.7487074573 11.0989609528
4.7886138856 12.9153118927 12.0665147837
5.5810694478 13.6834610544 11.7714655800
5.2668819507 12.9575923994 27.7786931317
4.7423939966 13.7716304425 27.8074300224
5.4022405372 13.5752866369 28.3715811019
4.7518778360 14.0475355108 12.6613157392
5.4909870543 14.4314817704 12.3376551512
4.4547322873 14.2684822895 27.8042217384
4.9390414022 14.3241341586 28.3914434099
5.0364655451 14.8556613571 12.9405095390
4.6675162619 15.3945204942 13.6075934785
5.4311180337 15.4489363157 13.1278163378
4.7036710972 15.1633907386 28.6718885853
4.5560296151 16.0058196738 29.0638093822
5.0234393776 15.4881125063 29.3427570375
5.0993185355 15.9914652838 13.8090432950
4.6847865695 16.4845579117 14.5139583445
5.5882052619 16.7165735191 14.1239441364
4.2219534978 16.8930570946 29.2085924390
5.0036000901 16.0066241692 29.7325752124
4.7584964265 16.7538761157 29.9755708011
5.1643933831 16.3382275844 30.2950912811
4.9095025630 17.0513714762 14.8384903564
4.5093511681 17.4030332502 15.4662708548
5.0062238007 17.4488005501 15.1190341381
4.3546536476 17.6769525530 30.0227664717
5.0901891358 16.8980680205 30.6948201202
4.8278413661 17.6592725054 30.9272559292
5.1949815430 17.2759976017 31.2788590093
5.1015349339 17.8969839746 15.5229629654
4.7350043464 18.2918456252 16.2711563882
5.2981535353 18.4137769854 15.9587537071
4.4338435203 18.6208823737 30.9346470853
5.1010089270 17.8429685874 31.6923773302
4.8460167179 18.6187984546 31.9389531635
5.1784738945 18.1777186585 32.2849847233
4.9925866602 18.7483399650 16.7119972946
4.8504092028 19.2657405429 17.6989165583
4.5475715719 19.6036389424 18.5884132701
5.0342523447 19.6300481240 18.0832957327
4.5008170104 19.7183959975 31.8843101972
5.0832755369 18.7146960479 32.7786304537
4.8295438231 19.5864039611 33.0781813695
5.1917976535 18.9499377886 33.6384027243
4.9456667356 19.7943777249 34.3053888661
5.2956661954 19.1170936401 34.7006056345
5.0176002092 19.8985338094 35.3458590677
5.3673831028 19.2767047890 35.7197861999
5.1253412960 19.9619450782 36.2734840581
5.4234384729 19.4394298697 36.4822046585
5.1672828122 20.0338221130 18.5278204034
4.9084704482 20.3940624620 19.3738658649
5.2896817477 20.4791098632 18.9923579511
4.5655519013 20.5863138786 20.1947436298
4.4097076524 20.9285755499 31.9988602343
4.6016820727 20.7017502896 32.9843308415
4.7221606648 20.6407272638 34.0602411443
4.7790330344 20.6535268372 35.0884177520
4.8524435455 20.7175270324 36.0685118497
5.3433037151 19.8847438898 36.9706533167
5.0952982272 20.6846694951 37.1097809875
5.6967197705 20.0439987272 37.8836048862
5.3325243680 20.8728031265 37.9780687086
5.7060210113 20.6824103866 38.5348232744
5.3848077263 20.9564398721 19.5533618484
4.8426536200 21.2319793672 20.8376706604
4.7528460363 21.6380200089 21.5893439509
4.9997820481 22.1074647832 21.7732070914
4.4522213000 22.0469132529 31.8281423746
4.5602813889 21.7763403289 32.9296067914
4.6281569162 21.6355827816 33.9689946549
4.6521290933 21.5478139383 35.0002846816
4.6813002043 21.4179968810 35.8180618568
4.7145528951 21.7939051837 36.8025212845
5.0518950100 21.6174036994 37.7738301817
5.4496670794 21.4029830389 38.5703120975
4.5343052920 22.5855526716 22.8728134663
4.9831527718 22.6350885171 22.3087670015
4.3539312928 23.1635646447 27.6996655363
4.3501417098 22.9540203640 28.7165318278
4.5156557070 22.8041429177 30.8938736693
4.6596732565 22.9816306496 32.0010114765
4.6521960639 22.7820850881 32.8761070021
4.6545866437 22.6449405224 33.8979033348
4.6446532137 22.5540981692 34.9549187012
4.5998947036 22.4140372565 36.1318158794
4.8176372934 22.6645440804 37.5839542271
5.2466801499 22.3324749512 38.5394866344
4.8709172336 23.1502722634 22.9958332530
4.7707789558 23.4722219631 23.5645299792
5.1271796339 23.6884643905 23.2837292630
4.5837571455 23.7713126532 26.7477127502
4.6444780438 23.7625799042 27.5933631529
4.7248045720 23.7682648178 28.4026690631
4.6426210615 23.3753515408 29.6979335918
4.8489332144 23.6420281316 30.7279029727
4.8617544692 23.6102891971 31.6257634910
4.8811573631 23.7336190633 32.7521570062
4.7870301252 23.5831119246 33.7912476678
4.7523268887 23.5529579745 34.8057272777
4.7214612654 23.4812582639 35.8633393409
4.7063405517 23.3187067982 36.9388880344
4.9488852307 23.6265004819 37.7947152070
5.1675973062 23.3366393191 38.4938568806
4.9757117231 23.9338469699 24.0442750958
4.9281499180 24.1762199549 24.9785030297
4.9377252119 24.3146434285 25.8474103307
5.3091400878 24.6526490106 25.2392766738
5.0422823881 24.4944448398 26.5861729327
4.9635203424 24.3403581792 27.5002224400
5.0950982995 24.5065301346 28.3666299892
5.0661395910 24.3212414417 29.2367007948
5.0914430821 24.2141915458 30.2481565416
5.1609959202 24.2631120003 31.2065193078
5.1687041881 24.3325245171 32.1772571600
5.1394669486 24.4653315520 32.9772714551
5.0378305695 24.4654031039 33.7443484391
5.2807371652 24.8956046110 33.3981875365
4.9130411933 24.2943411634 34.5534809597
4.9861787982 24.6475213039 35.6384735093
4.8659301142 24.2355294737 36.5646962407
5.0168983980 24.4317204118 37.4639828795
5.2083067638 24.2699524638 38.3545264776
5.3967243122 24.8700553353 25.9458894641
5.4502708956 25.0676695740 26.9295425180
5.3309434747 24.9619076385 27.8812314302
5.2958462772 25.1152240842 33.9283357814
5.2052261595 25.1051072332 34.6507705546
5.4982788150 25.5468832103 34.2338645747
5.4190282753 25.6814340264 35.5268719597
5.2328814907 25.4519660752 36.1833581139
5.1125649849 25.0978333760 36.7718909377
5.3524828693 25.7228599122 36.6807664654
5.2395082938 25.2301218598 37.5358496931
5.2867798284 24.9845377169 38.0869243603
5.5627029388 25.7804298344 34.7712801281
5.3704147834 25.6612644232 37.2092895722
6.1592446984 3.8168150828 9.8311762929
6.3752708556 3.6570333482 9.0391374915
6.8691155501 3.2741188271 9.6620830614
6.7371667724 3.2898258216 10.4994044689
6.2349124828 3.7597013038 10.7760985592
6.6317635982 3.3814215508 11.1632482143
6.2194221671 4.4785497083 6.8453909108
6.6891846284 4.0183254619 7.4454176522
6.3315795210 3.8823306056 8.2211550156
5.7383422181 4.3078438371 8.8867628824
5.6833234901 4.5057418079 9.7890454952
5.8301595547 4.4127799943 10.5781284742
6.3445397260 3.7177603044 11.4125332746
6.0105342780 4.3082547118 11.5127454110
6.3085096263 3.9253019323 11.9090138070
6.1770152846 5.3481677054 5.7990279332
6.5877244603 4.8002123152 6.2596151498
5.3912075038 4.9961450102 9.4677058342
5.4475526810 5.2070013469 10.4240718186
5.6256283801 5.1132452189 11.4065387676
6.1253962161 4.3448379129 12.2854852779
5.7941441451 5.0521542857 12.4841660209
6.1427455356 4.5390939960 13.0775079659
5.8189244824 5.2513171261 13.6543032214
6.1842488174 4.6622918378 14.0630182855
5.8522975654 5.3420676827 14.6822653035
6.2224797226 4.7773854850 15.0381807850
5.9050039315 5.3907177770 15.6202850189
6.2316795797 4.9304229961 15.8218977220
6.1678814963 6.4470423260 4.9351883752
6.5731240182 5.7978815327 5.2629634527
5.3143150282 5.8584562381 11.3115322352
5.4107460109 5.8636792592 12.2380013157
5.4679327163 5.9059988420 13.2785757209
5.4877265454 5.9638797820 14.3240547274
5.5116231697 5.9843751609 15.3448876780
6.0235871364 5.3350938841 16.3392463240
5.5894533237 5.9273781203 16.4205933038
5.9829905644 5.5010423523 17.2386704973
5.4784651553 6.0750182720 17.3222864680
6.1853154074 5.4061443685 18.1906652487
6.0824776660 5.6470511520 19.1910381557
5.5804342518 6.1432499280 19.8664022408
6.4159108930 5.6788295145 20.5037852347
5.7575985080 6.2387936765 20.8887099880
6.4853983238 5.9648371491 21.5356312737
5.9875521468 6.3377347763 21.7082139924
6.4992896166 6.2064207314 22.1798958164
6.1622945015 7.0877720860 4.6962877819
6.5626706329 7.2629481477 4.3231603709
6.7146604065 6.8633587403 4.4298597777
6.1142700203 6.5983257737 22.4627258779
5.9563497100 7.0314909448 23.1264924292
5.6799455151 7.3556138440 23.3927666633
6.3178489010 7.3403469991 23.8801557272
6.4922687076 7.7319369758 4.4436265972
6.1784735353 8.0286211031 5.1028786291
6.5658364006 8.3016011678 4.6743215306
5.9334548848 8.1535829486 5.9095526716
5.7311134951 8.4745163579 7.0640761088
5.3838452891 8.5300210713 8.0954940879
6.0039396065 7.9678823629 24.4326788904
5.5493093972 8.3560576588 24.5346176102
5.9482321166 8.4391301783 24.9455348742
6.4533575509 8.5468099447 5.3231646283
6.3540398637 8.8680910669 6.2824076900
6.1711470986 9.1562423403 7.1737115866
5.7944951249 9.2997544806 8.0429627758
6.4059154702 9.8218719765 7.6455547681
5.3488108889 9.1384206864 8.8191094113
5.7541437765 8.9300787668 25.2780929149
5.5778210142 9.3196173330 25.4911081702
6.3547817856 9.2271815202 25.9160284374
6.0448097053 10.1769724722 8.4592631360
6.4712213711 10.4107713078 8.1488214400
5.5599630104 9.9465697567 9.0105593287
5.9936074814 10.0675006994 26.3415097690
5.7443560163 10.7297071657 26.6518462245
6.4438153907 10.3778669688 26.8703331040
6.2952397498 10.7406583931 8.6337984956
5.8086610438 10.8990455311 9.3270624196
6.4379920283 11.2926736538 8.9781043688
5.5930974201 11.1598979410 26.8210056381
6.2603777278 11.0294374870 27.2036660377
6.1148408979 11.7339398246 9.6670033144
5.8434531969 12.2594593106 10.3542329637
6.4630131158 12.3278712379 9.8976217335
6.2302886672 11.7735216794 27.7016039093
5.7142044169 12.3567664972 27.7433132169
6.1884344266 12.4125275616 28.1892966030
6.2189085353 12.8141983588 10.5419014431
6.0166498935 13.2766727755 11.1014847971
6.6060349999 13.3464404490 10.7543061534
6.2862975874 13.0169194366 28.7780142456
5.8623803110 13.9390429303 29.1719999318
6.5262634412 13.4482281781 29.4361922636
6.3184662643 13.7577400724 11.3045054337
6.3873312584 14.5293428325 11.8822224223
5.3385044162 14.8371218755 29.2742838753
6.6357287426 13.8932065483 29.9549439102
6.0776278254 14.7042776429 30.1284490970
6.6680827527 14.3635959523 30.4782144210
5.7751515969 15.0110663707 12.5761923635
5.9272071214 15.4492643391 12.8322520410
5.4549638877 15.6188298041 30.1088789201
6.7064888704 14.8399338660 30.9710431015
6.1396300795 15.6234270497 31.1141056165
6.7026759971 15.3450405950 31.5102575076
6.1000187112 15.9928946618 13.2154634730
6.5632953502 16.7494072615 13.6257214680
5.5035878553 16.5325683153 31.0770081541
6.7333023366 15.8252921654 32.0496401429
6.1155850270 16.5805666807 32.1423549329
6.6845234176 16.3341703946 32.6263322555
5.4900610418 17.4025939778 14.7680649376
6.3154989911 17.3534312525 14.2687638315
5.4806860407 17.4507270683 32.0669736024
6.5820953960 16.7887619080 33.1380630926
5.9594278734 17.4781222731 33.1290871826
6.4378860765 17.2651550940 33.7143827516
6.0170038530 17.9155539849 14.9367241527
5.7564900254 18.3039661738 15.4891034143
6.4642985236 18.4959128227 15.2659416894
5.4169949410 18.1909745573 32.9792533490
6.1642812899 17.6818451224 34.0021527383
5.6904410396 18.2806132378 34.0504517441
6.2050332706 17.9251073209 34.8052005439
5.7585379395 18.5701188740 35.2297914457
6.3371923463 18.0875904234 35.8334068386
5.8754438273 18.7964194912 36.3730971326
6.6881695587 18.1400045760 36.9633243815
6.2270626734 18.8138288102 37.3394811875
6.7262669138 18.4646141130 37.6864384420
5.8456755660 18.7353455557 15.9727096152
5.7865776400 19.2548641552 16.7668422217
5.5131934403 19.6434087584 17.5953421679
5.9959886669 19.6419171542 17.1056583007
5.7079262875 19.3704397798 37.1323875679
6.6664759081 18.8688770569 38.1234362933
6.0813263099 19.3117062247 37.7911886010
6.4387905466 19.4873262698 38.4863037711
6.1098009859 20.0909859145 17.5515124355
5.7330259818 20.5406686051 18.5231908495
6.1951153824 20.5865958626 18.0239524180
6.3977077614 20.1421831518 39.0697358934
5.9540296740 21.0284763960 39.1921935453
6.4808112388 20.7145654588 39.7520238122
6.2737038658 21.1423812073 18.5421553563
5.9431808679 21.5629253248 19.5226232129
6.3637127230 21.8547962841 19.1807806163
5.5715796625 21.8053269844 20.4456200588
5.1550667170 21.8430618247 21.2210808382
5.7221947791 21.9775474474 39.4290056423
6.2051158367 21.3687815920 39.9098170817
6.1417349125 22.1570837008 19.9097503306
5.9465840149 22.4636203377 20.6134385210
5.5289903044 22.6012890342 21.4483687411
6.1178838353 23.1130379500 20.9716837554
5.4941687776 23.0480531419 39.3723971501
6.0537478828 21.9871583416 40.1983222732
5.8391191186 22.8140723563 40.3703856005
6.2001538574 22.2383177755 40.8977157401
6.0404646761 22.9630282514 41.3994572310
6.3062683773 22.4300234160 41.5994903477
5.9251001011 23.5491542265 21.7393208936
6.3009289826 23.7790591289 21.2818909843
5.4315142981 23.4532180087 22.5013443455
5.4408821833 24.0681882378 39.2344629167
5.6595372723 23.8601518864 40.2113175503
5.8344860125 23.7621526150 41.2330788969
6.2117746796 22.9066531982 42.0829107458
6.0237555290 23.6837158475 42.3018827950
6.3612584614 23.0766552943 42.8748252127
6.2201754255 23.8591182063 43.3944223430
6.7514195906 23.1736575517 43.9963394320
6.4148391228 23.9756408131 44.1513554739
6.7609742849 23.7855505204 44.6746692672
6.2192444845 24.1387085492 21.8078644923
5.9578168676 24.1760578096 22.4125466856
6.3564068807 24.6077506212 22.1654395537
5.6109303233 24.2801746055 23.3506709259
5.4609507116 24.5770038852 24.4237316591
5.4437339527 25.1589012164 28.8231432638
5.4162636149 24.9630875775 29.9132617862
5.4101137626 24.8067009745 30.7638020078
5.5928531808 25.0935283679 31.7388810353
5.4293524767 24.9520300061 32.7474661986
5.5201797545 25.0840954901 38.9145592721
5.6791916413 24.8682665360 40.0091376005
5.7798861073 24.7112199637 41.0674470496
5.8639555385 24.5998604518 42.0630973676
5.9979057189 24.6092587721 43.0223670957
6.2070624111 24.6261726500 43.9202121087
6.5294889270 24.4668169080 44.6932179125
6.2490283511 24.8449049736 22.9077594520
6.0862300348 25.0390530251 23.9173673075
5.8742932673 25.1678800011 25.0846069405
5.8550686387 25.3919401986 26.0961304828
5.9050787116 25.6175108722 26.7738079782
6.1284225674 25.7466654905 26.3121755319
5.7986372120 25.7189421406 27.8030036489
5.7774156973 25.9024871767 28.8688082758
5.7319797920 25.7494558488 29.6802092015
5.7769320779 25.5861851773 30.7406520112
5.9689396943 25.7486993968 31.5536240871
5.9730219654 25.6872290839 32.0812326826
5.8234712363 25.5357258445 32.6377354470
6.1621134480 26.0024656570 32.5069157761
5.6167677118 25.4735139320 33.4992375405
5.4804560325 25.9295070054 36.2634961432
5.5734387715 25.7662861373 38.0499946154
5.7103232433 25.7704453260 38.8760248723
5.8549552299 25.8279545520 39.6619124167
5.9247954783 25.7239636369 40.8882209854
5.9101013080 25.4718013980 41.9226514748
5.9442190773 25.2882880777 42.7122383728
6.1273765364 25.4959105669 43.5869640098
6.3923391656 25.3084981806 44.5379061197
6.3584266183 26.1413089956 26.7947431257
6.2251064828 26.3742081511 27.7627855177
6.1089787073 26.4696685287 28.5646240749
6.3543434765 26.6971998238 28.0902082844
5.9815099606 26.3481937992 29.3852627732
6.1496581668 26.4792267571 30.2622871944
6.2169101089 26.2832027489 31.2288781134
6.1279268611 26.0958191210 33.2203364665
5.9477620828 26.1366145806 34.2266405366
5.8767358656 26.2851868604 35.1595833290
5.8090071730 26.3455282990 35.9777756968
6.2122599230 26.7788152088 35.6037672183
5.7332568004 26.2748747750 36.9728382848
5.9510037309 26.5253327882 37.9030652850
5.9636582329 26.3629695540 38.8071986570
6.1472125139 26.5472058787 39.6103498330
6.1609150166 26.4457964233 40.3978448621
6.1750820363 26.4572809042 41.1732700686
6.1068724810 26.2622442672 41.8378086066
6.3518336431 26.8171349954 41.6664717176
6.1166634235 26.0991760774 42.8001397567
6.2827467604 26.2863920361 43.6474868940
6.3707579684 26.0394940268 44.2531768834
6.5907942304 27.0759981931 28.4471286074
6.3860985537 26.9872351010 29.4112992184
6.8289304653 27.4645828797 29.0613728210
6.5720766911 27.1673457811 30.2162244185
6.6504225828 27.0119041432 31.0361138769
6.2463901555 26.9197698404 36.3863227869
6.2770314486 27.0131378347 37.3556129086
6.3242408928 27.0288571696 38.3269551123
6.3276971308 26.9435278066 39.1412862489
6.3900583712 26.8333166678 42.4291968686
6.4049133511 26.7413546580 43.2533468875
6.9188225641 27.5554665284 29.7563123531
7.0411901513 3.3744877198 8.8654025252
7.7111128588 3.0263687034 9.5961626371
7.5293667277 2.9554806932 10.4593844110
7.3593122611 3.0229351674 11.4500562325
6.7558510347 3.4470449326 11.9661991534
7.5203226711 3.0221568123 12.6050990168
6.9474263766 3.4468813331 12.9989330199
7.5868897080 3.0246810185 13.6372713642
7.0113360526 3.4897197884 13.9857388800
7.5637462914 3.0488408425 14.6101788253
7.0293506011 3.5732723872 14.9349646853
7.4641374327 3.1604007612 15.3581454474
7.1201384272 3.6265403488 15.8014872715
7.6128739987 3.1428626852 16.0858735890
7.0732224736 4.3075546791 6.8044470369
7.6343716935 3.8752965141 7.4214983800
7.2821518827 3.5922141881 8.1130649684
6.4490001386 3.9320367795 12.5842812368
6.5355368172 4.0059922343 13.5003003423
6.5824685473 4.1038492439 14.4908408946
6.6245844026 4.2770461875 15.5827825154
7.2742351155 3.6185829974 16.4396999466
6.8965087157 4.1855354536 16.5910144954
7.2515320672 3.8546596670 16.9640991414
7.0211331959 5.2255089529 5.7067645602
7.5111619679 4.7076785044 6.2223475970
6.3953292545 4.8527953641 16.5232790155
7.0716263246 4.2412229348 17.3760098157
6.6213434464 4.8220231543 17.5522138507
7.1498697423 4.4098082726 18.1961009093
6.6886702662 5.0099496349 18.7101496676
7.3238175998 4.5433313202 19.2686948485
6.8556033635 5.1246057348 19.8091679472
7.6774356287 4.6450271425 20.4447359239
7.1253384764 5.1901252526 20.6979310202
7.6334349560 5.0253092118 21.1934038594
7.0443762143 6.2830051324 4.7461556063
7.4969920582 5.7084907703 5.1797496127
7.2302980691 5.4846399280 21.5108090887
7.1783970369 5.9329659525 22.3826990293
6.8336037609 6.2999385974 22.7392678429
7.3364454596 6.2087758698 23.0535432728
7.1358263530 7.3932031189 3.9912181525
7.5453968336 6.7769539565 4.2476628501
7.0931202143 6.6593975174 23.4916780579
7.2456785193 7.1415622251 24.2789734693
7.1844078175 8.0555080553 3.7434921782
7.6075563531 8.2798386454 3.3416381039
7.7433382277 7.8644587745 3.4366743754
6.9137685167 8.3438653310 4.1355875803
7.0001806277 7.5949144817 24.6883539509
6.7604295392 8.1268545698 25.1559378359
6.4287382362 8.6152453756 25.4597975563
7.2108419546 8.5013854363 25.7761775766
7.5386843326 8.7992912384 3.5132149693
7.0372832441 8.8889185935 4.5869583821
6.8634181231 9.1134952949 5.5495308194
6.8224079882 9.3428401377 6.2020368014
7.1657343356 9.6094064549 5.8833664881
6.6208486886 9.4653213606 6.8287421151
7.5026544798 8.9781847493 26.3520693023
7.0800997705 9.8342098561 6.5302251866
6.8668557778 9.9801223421 7.1608750650
6.8600833885 10.4572836524 7.7231141236
7.1732146239 9.6984279496 26.7636072762
7.0531363437 10.4321495262 27.2769501760
6.7307275922 10.9350630876 8.3479561848
6.9298815575 11.5155750174 8.7010189935
7.0046652866 10.8941258609 27.5968396035
6.7294011797 11.2246316378 27.6578053469
7.4468032510 11.2077691911 28.0598432654
6.7152781573 11.9061961755 9.2831085805
6.8995841939 12.3313167158 9.5363178699
7.0248259598 11.9911107373 28.4449893307
6.7095638713 12.4527264677 28.6414942461
7.3987181380 12.4560804920 29.1027190125
6.9898834196 12.8773269339 10.0026179711
7.0546384804 13.4130192655 10.5140163050
7.1094120043 13.0841544567 29.5334831805
6.9042294644 13.4490484557 29.7735591606
7.4899542071 13.4665227929 30.1758981102
7.0970695834 13.9662485894 10.9856426706
7.3534467868 14.7467490563 11.5065479282
7.2132405460 14.0548047013 30.5963239649
6.9752837610 14.4179661558 30.8090299715
7.5329574194 14.4619163250 31.2234157969
6.3826797699 15.3606082263 12.5334417293
7.1071536553 15.3104461955 12.1126211711
7.2449534728 15.0483911456 31.6484496740
6.9997358956 15.4144596629 31.8672838974
7.5596635304 15.4408786278 32.3329465055
6.9367145776 15.8922198270 12.6948930553
6.8603540056 16.3551867315 13.1361412798
7.4369254648 16.3808354189 12.8505484855
7.3211577367 16.0386236758 32.9338937642
6.9153655249 16.4131821741 33.0292216542
7.2449329000 16.4721873987 33.5536027028
7.2320701659 16.7510441656 13.2871733592
7.2983840223 17.3358748561 13.7640527629
6.9717001174 16.9168028917 34.0220112342
6.6380277917 17.3922560765 34.4653705511
7.3860939241 17.0004560125 35.0534240502
6.8013402714 17.5371851620 35.4027023140
7.4824761191 17.2359318357 36.0749274993
6.9382511091 17.6601683180 36.3267887011
7.4862572710 17.4406805122 36.8509367680
7.0758509458 17.6999759245 36.8778780405
7.3652518152 17.7141498438 37.3442562386
6.9447588236 18.0064016112 14.5291449942
7.4746688770 18.8664241910 15.0089521208
7.3664374909 18.0934361632 37.9321121179
6.9678305625 18.4787657041 38.0621602810
7.3088813154 18.5332909380 38.4730817110
6.6500817779 19.1605590810 15.9042952161
6.4497496478 19.6322658863 16.6526296396
6.9175207710 19.6147831777 16.1988115796
7.2904571784 19.0313713512 39.0007953798
6.8035476326 19.5564320336 39.0308798581
7.2131091925 19.5916865794 39.5495324425
7.0274075741 20.1340190155 16.6467173556
6.6568462371 20.6256423148 17.5399517479
7.1118728191 20.6613245317 17.0726086233
7.1970305140 20.1353133837 40.1810087378
6.7571210466 20.9891218898 40.5394322152
7.2971601349 20.5256795505 40.9097318516
7.1512221214 21.2687400917 17.5416202838
6.8022167292 21.8904237169 18.5373027565
7.3051768256 22.1245786467 17.9814544626
6.3695543231 21.6370465827 40.5586483790
7.1195157574 20.9608928664 41.2740256828
6.6792637040 21.6828534973 41.4405550883
7.3009312147 21.1122456371 42.0447733303
6.9951072126 21.7761717235 42.5649065837
7.6647792318 21.1701837563 43.0689158387
7.2659549468 21.8812339117 43.4410088359
7.6843460646 21.5450226766 43.7373241208
7.0734780441 22.4764513755 18.6216067521
7.4075411965 22.7663687675 18.2971204873
6.6935781016 22.6373709896 19.4294196735
6.3163661249 22.7718191054 20.2759619030
6.5186937862 22.3861200625 42.2778987711
6.7790978412 22.4499445352 43.1746066916
7.6947224967 21.9528183230 44.1726675937
7.1233606919 22.4121803647 43.8802554575
7.4505131611 22.6134971464 44.5499714434
7.2059679145 23.0950610435 18.9157400392
7.0190779168 23.4375685472 19.5785966477
6.6562469899 23.6082449633 20.4430565830
7.1852971637 24.1603870980 19.8747722462
7.4550538074 23.2640651028 45.1750404028
7.0038517107 24.1185383968 45.3209243424
7.5263498893 23.8243143225 45.8774776255
7.0320862777 24.5880035352 20.6481135327
7.3862635592 24.8653978597 20.1083625609
6.6242645429 24.4687738736 21.4230506766
6.8016346575 25.0428827941 45.5039275982
7.2597390173 24.4352925754 46.0464645376
7.3408605128 25.1982502317 20.6443444057
7.1202826469 25.1908634049 21.3078252810
7.5363510605 25.6398187100 20.9838531574
6.8165217597 25.2264326059 22.2564945966
6.7158214598 25.4962654448 23.3411607713
6.5919369224 25.6734002775 24.4412824553
6.4081754428 25.8298876761 25.6505518229
6.2501051615 26.1567853741 31.9626553077
6.6537790068 26.1477567453 45.1745067980
7.1272896873 25.0308596224 46.3489841716
6.9525829016 25.8948107637 46.4634089337
7.3306286063 25.2246834274 47.1475624608
7.1487432933 26.0368833817 47.7169081195
7.6706381197 25.2905666138 48.3022296070
7.2736462745 26.1827772074 48.6990992238
7.5962310212 25.7930020833 49.1045132110
7.5291583373 25.8625562903 21.8438507841
7.2477028221 25.8473039690 22.7849253706
7.3344158863 26.1399189555 23.7535896438
7.1034427315 26.2532579300 24.9617002866
6.9194193189 26.4002840269 25.9641722730
6.9034772518 26.6391986676 26.6327353673
7.1940361981 26.7392999453 26.2140999655
6.6794355966 26.7827924523 27.4778808147
6.5474898353 26.6662619286 31.7693469739
6.5642165968 26.6068418292 32.6175315222
6.6206366110 26.8270704547 33.7881929476
6.4001173256 26.8182891291 34.8481788534
6.5173584582 27.1305657848 39.9687048328
6.4592085574 26.9913401325 40.9779562883
6.6294680087 26.8496546770 44.2116641974
6.7717141549 26.8793679120 45.1295474264
6.9245658457 27.0566903730 46.0852923195
6.9616787929 26.8826129091 47.3672253832
7.0279012902 26.9035363736 48.4386778918
7.3975663730 26.2942923596 49.3719797613
7.1712857003 26.9408871271 49.3835299562
7.4228216655 26.6530502060 49.8661008802
7.4291213537 27.1125186405 26.6990981267
7.1254143187 27.3374718454 27.8068619381
7.0532848447 27.5402378132 28.5294736800
7.4763721902 27.7169323537 28.1885865003
7.1537777472 27.5051184428 31.2109636146
7.0184286086 27.5429136812 30.5487811449
7.0457919606 27.2382941145 31.9792040516
7.1214624342 27.2750010683 33.0572833503
7.1726656897 27.4166057687 33.8634155726
6.9992387211 27.3766128056 34.6166255479
7.4948590353 27.7686634436 34.2879415391
6.7825672317 27.3623780079 35.6773087567
6.7610511004 27.5037650808 36.7892103248
6.7756348806 27.5726734903 37.8002541947
6.7911044128 27.5595435704 38.9503779501
6.9718626939 27.7478398487 39.8781434321
6.9010309642 27.6188551211 40.7486980304
6.7703037875 27.4233584936 41.8295623468
6.8085385574 27.4077282085 43.0795827311
7.0203939076 27.6360241648 44.0343131583
7.0002189166 27.4871230944 45.0230074202
7.1326007553 27.7398593968 45.8218806412
7.1237088888 27.8092735442 46.4528203292
7.0401048858 27.8105482931 47.2621110126
7.2251269133 28.2526653342 46.9127393600
6.9754632926 27.7452962698 48.2810451147
7.0224887209 27.7421205692 49.2159339556
7.3163140697 27.1704491243 50.0993404511
7.1734401682 27.7405219155 50.0142744079
7.3957199056 27.6384343480 50.5953705752
7.5292748256 27.8991578333 29.0698881119
7.5308662528 27.9355403813 30.1869465307
7.5754375094 27.9529815660 35.1899751170
7.3678752646 27.9579663616 36.3334897258
7.2212356054 27.9521670779 37.2368995290
7.4182069404 28.1519886106 38.1825974409
7.3850609960 28.1667878105 39.3487368141
7.3977531251 28.1731222534 40.3551169444
7.4152446669 28.1527796793 41.4434660285
7.2257028853 27.9573727207 42.4075739567
7.4191422914 28.1736971844 43.3455182114
7.3797612830 28.1699792181 44.4999320578
7.3171496643 28.1105162136 45.3607482164
7.1999820319 28.5046200509 47.4988201227
7.1020757391 28.6088868430 48.2379822349
7.2922641593 29.0146529752 47.9062408173
7.0438566757 28.5593871573 49.1217417419
7.1296058926 28.5234357627 49.9574436410
7.3376701190 28.3850254983 50.7220212482
7.2714427342 29.3069397664 48.4637067191
7.1866331012 29.2906220858 49.0613972860
7.3962303331 29.7961570139 48.9193199181
7.1989949879 29.2911195007 49.8403459515
7.3311199256 29.2473409002 50.6545398390
7.3996874402 29.9553291539 49.6687814952
7.4083376236 29.8929386011 50.4130723464
8.2371478156 2.6427775354 16.6759657401
8.4959829629 2.3709337944 16.1481159889
8.7616467146 2.1634716202 16.4890268579
8.8595995327 2.0663345578 17.0583594036
7.9560635126 3.2155676433 8.8117451084
8.6749380486 2.9278764154 9.5784510846
8.4729979700 2.7914654623 10.4363035399
8.3504323775 2.7519183434 11.3812661640
8.3292977364 2.7505425076 12.4020133287
8.3521961340 2.7306546212 13.4320768580
8.3122525488 2.6888823184 14.4333081467
8.1845198927 2.6598521758 15.5375231105
7.6204304822 3.3696887543 16.8941845964
8.6613046402 2.4344900679 17.6725092782
8.0536877252 3.1922881541 17.7472311852
8.5328118799 2.8829192047 18.2823256668
8.0476948195 4.2424092989 6.7930633227
8.6390741902 3.8294315934 7.4159139240
8.2677181682 3.4915597554 8.0885949102
7.4724341811 3.8361151807 17.6222824416
8.3017521482 3.3055723599 18.6129044208
7.7918507293 3.8654797961 18.6617112528
8.4849860998 3.5416347935 19.4906465514
7.9388723151 4.1256170808 19.7694839171
8.4782935232 3.9167322194 20.3336355441
8.0794964914 4.2286973493 20.3713204030
8.3678218192 4.2654857178 20.8539783962
7.9908679189 5.1741971565 5.6771018121
8.5106324169 4.6781990412 6.2138099182
8.3868800263 4.6811390926 21.4837897770
7.9228289957 5.1479284142 21.7679560189
8.4381018091 5.0787040875 22.1357352650
7.9987437109 6.2102677019 4.6658577571
8.4927892006 5.6721949517 5.1528208226
8.0452211047 5.5043167961 22.4181278101
7.9120359226 5.9792441897 23.0842828771
7.6732958842 6.2755732671 23.3970535199
8.3359280850 6.3366577735 23.8004491485
8.0595503607 7.2832828365 3.7414030128
8.5103825818 6.7183998004 4.1555233488
8.0279238226 6.8943365305 24.3872061181
7.7445094383 7.3207798595 24.7925495713
8.5502753405 7.2563438659 25.0891043983
8.1699859327 8.4711782996 2.9455952505
8.5750158198 7.8046171672 3.2220158411
7.8324920016 7.8161532283 25.3832486921
8.2827224955 8.3910071899 26.1682009598
8.1906127055 9.3846695117 2.5645149502
8.6938122574 9.4841535767 1.9216821145
8.7858201985 8.9585956227 2.2764983472
7.8499181422 9.4480046554 3.2333596394
7.7289864016 9.6635815153 4.0321451173
7.3827425233 9.6020629165 5.1565566329
8.1579978647 8.9217048573 26.6108448273
7.7938588503 9.2250721627 26.7094287693
8.3272510364 9.3469729538 27.0191217472
8.5473787865 9.8979527895 1.8710822890
8.8936642512 10.2268393174 1.5989934853
9.0411594792 9.8444230368 1.5634859730
8.3412884572 10.0618386202 2.2970237853
8.1220500765 10.0055287186 3.0460738275
8.1120228877 10.2710050858 3.7356364898
8.0548808066 10.3081852202 4.3122955709
7.8587754746 10.2075566200 4.9703258436
8.1804439186 10.7050316874 4.8087519005
7.6110259176 10.3339657994 6.0629969673
7.2784256474 10.4862585008 7.0867012498
7.8829717589 10.0564238174 27.4033398891
7.5373866783 10.6086128067 27.6773981915
8.2799887535 10.5075834856 27.9226253253
8.6268139767 10.3262389319 1.9149285431
8.5795146219 10.6404643431 2.5404357194
8.3516358213 10.6214168408 3.3289338312
8.1000715221 10.8670556772 5.5627969352
8.0307143092 11.1047060849 6.3168451172
7.7954834833 11.2240390249 7.0728799299
8.1747898478 11.6282339549 6.7675628054
7.2864711452 11.2455397464 7.9772168006
8.5615546288 11.0054441312 28.4377585173
8.1310639122 11.9252939768 7.3202672064
7.8435124344 11.9717682557 7.9558603236
8.2538612913 12.4838775032 7.7870951664
7.3407656060 12.2126389443 8.9472174064
8.2419348479 11.6959310801 28.8750723996
8.3064276603 12.2573990898 29.4438086317
8.0565039502 12.7886330559 8.5861433017
7.7311899894 13.1070513997 9.5001996197
7.4749921487 13.5119640792 10.2570207146
7.9798739076 13.7250462372 9.9398596054
8.2010726280 12.7960453085 29.9007445025
8.3213104316 13.2954220723 30.4841095942
7.8105050456 14.0896818795 10.5396987811
7.6737204931 14.4429992944 11.0336342694
8.0583536436 14.6034634896 10.8130769706
8.2410707767 13.8107576957 30.9555579053
8.3545989033 14.3059757756 31.5511381103
7.8896313229 14.8833206792 11.2395077656
7.8156636710 15.4008397775 11.7196931967
8.2881914264 14.8053273886 32.0623105434
8.4119347093 15.2741173654 32.7279320812
7.6202685576 15.9436724407 12.3361030863
7.8741056323 16.3846289564 12.5669257440
8.2237431431 15.6624432898 33.1721624307
8.1721958631 16.1080150668 33.9648644793
7.6950022635 16.5664359417 34.4300025388
8.4791155099 16.3397979456 34.9670506315
8.0497825788 16.6252564443 35.1892673067
8.5670056448 16.5061271317 35.6134637153
7.9503467289 16.9254117427 13.0041153582
7.9656915260 17.4862053666 13.5496151915
8.2302227868 16.8107025861 35.9819810345
8.2180696423 17.1228579815 36.8882558301
8.0244429670 17.4427468121 37.5329066696
7.7592697571 17.7001720976 37.7986810566
8.3645757968 17.6933370802 38.2785451289
8.0362383384 18.1147556056 14.0479843897
8.4193808304 18.9825182168 14.4977363162
8.0210167155 18.2075970169 38.7226008686
7.7224202836 18.5725929381 38.9164764049
8.3021124648 18.5347543875 39.4095483521
7.3888812188 19.6225632880 15.7835363333
8.2428706675 19.8210144811 15.1768067106
8.0192425383 19.1271268713 39.9457312848
7.6222015304 19.5979257388 40.0648932469
8.0086382048 19.5561578576 40.5937530976
7.8060525622 20.2968008432 16.0000859508
7.5208026252 20.7341732852 16.6832896298
8.0163836495 20.8924320155 16.2427040159
7.8042326097 20.0493552361 41.1007061662
7.5949585411 20.5409933974 41.5998937721
8.1896705789 20.0483722740 41.9594142376
7.8839877649 20.5883594388 42.4271865465
8.6079443454 20.0825963294 42.8904756888
8.0876578294 20.6237769832 42.9796066245
8.3335958845 20.7004674792 43.4453055440
7.8206624965 21.3542029790 16.7911790951
7.6417401010 21.8666758699 17.3444346535
8.0996196749 22.0934415286 16.8474717545
8.1059888851 21.2088495261 43.8299747163
7.9658197671 21.5401188831 44.0802752502
8.5842702234 21.4727061714 44.4805786503
7.7839392626 22.6605909944 17.6267142014
8.2693541076 22.9642665485 16.9787187658
8.1862435923 22.2200642224 44.9031915356
7.8413685484 22.6866507284 45.0741486840
8.4563600151 22.6728473281 45.6224448486
8.0452794292 23.3734425961 17.6003197567
8.3129910492 23.6687457367 17.2079978374
7.7011738262 23.5932980903 18.3790399152
7.3616859740 23.7891985285 19.1961950822
8.2520128811 23.3391836617 46.2730936248
7.8443175214 24.0516695584 46.6660860245
8.4625617721 23.6370058054 47.0412276809
8.1182394516 24.0127575428 17.7940840559
7.9620203456 24.4028573726 18.3629899779
7.7026415117 24.7443755707 19.1681728100
8.0321997209 24.9692351149 18.4283967718
7.4553130617 24.6469267444 46.7112419313
8.2885466850 24.0095285437 47.4115740640
7.8609736050 24.5664739613 47.5026228633
8.5957826170 24.1691660585 48.2491394431
8.0825747580 24.6723572789 48.2103450897
8.3601447718 24.7295037897 48.8600127671
8.7269004838 25.9286951500 14.9778258719
9.0363684609 25.5667214634 14.5788207288
8.9407766224 25.3607648339 14.6221000890
8.8255524406 25.6881682475 14.9190765571
8.0985225261 25.7017860289 18.5093246637
8.2521041445 25.7034448100 17.6703832713
8.1877011137 25.2642086750 17.9975143366
7.9178332749 25.6001837093 19.3022353891
7.7729128032 25.6229891093 20.1026787177
8.0960297431 25.3073173100 49.3689542286
7.8206545032 26.0416133636 49.9222260055
8.6477546591 25.3524056331 50.4132102143
8.2702940575 26.1663222909 50.8875675468
8.7836228738 25.7082531829 51.1460290692
8.8223558750 25.9961331060 14.8801358742
8.7892874328 26.3717523660 15.3119968737
8.5617747041 26.2744239445 15.6268338645
8.7281172730 26.0197058940 15.2557420027
8.5262060358 25.9629376913 15.9748981860
8.4606697021 26.4074984147 16.4483050847
8.3804730017 25.8654132400 16.8851267284
8.3618570934 26.3636531885 17.5124481961
8.3728122307 26.5167196395 18.4106487045
8.2363461633 26.2564979251 19.3285191903
8.2525210209 26.3262302683 20.1853785142
8.0566476128 26.1875122699 20.9956286324
8.1558821751 26.3757383059 21.8562539663
7.9047471128 26.3433344874 22.7496010675
8.0134287400 26.5764994359 23.6071857680
8.4827415437 26.7266919233 23.1484129582
7.7999191516 26.6328387670 24.4588268450
7.5554838735 26.7891517469 25.5688754524
7.6861793313 26.9275259772 50.6334894410
8.7878950601 26.1450273162 51.6756334979
8.2411458189 26.9649650962 51.7143742815
8.7648908971 26.6099598132 52.2015403333
8.6607350508 26.6647102917 15.9744012438
8.7454205283 26.9848817545 16.7666164435
8.6907578379 27.0336614450 17.8173417578
8.8282367849 27.0076441206 18.8341778778
8.7732168695 26.7682837961 19.8793660008
8.6075580856 26.9341928780 24.0251737349
8.2393435464 27.0115227882 24.9445193013
8.2652795136 27.3104799422 25.8234790655
8.1187463390 27.5537105498 26.6608682130
8.6495162836 27.6745927605 26.3260491464
7.7807128681 27.6330310983 27.4252935181
7.4896156635 27.8290210781 30.9080600288
7.6115287652 27.7917922513 31.6125635754
7.6485381383 27.7503517080 32.5326499488
7.6453145448 27.7912293583 33.5007239885
7.3790190064 28.3716649503 46.1921632302
7.7031917656 27.9746497123 51.4723937116
8.6902605145 27.0934701792 52.6778604638
8.1917660083 27.9193227969 52.6659649384
8.6142372246 27.5983374131 53.2342354640
8.6298893146 27.9122068367 27.1492616451
8.1210907504 27.9986066182 28.1140846568
8.4683401957 28.3153698496 28.9007714381
8.2303174644 28.3043555180 29.8587948495
8.1901553198 28.2394867179 31.0370743082
8.1119341545 28.1205863388 32.0361273137
8.3150923319 28.2590797789 32.9791682386
8.1404520093 28.2360514227 34.2224403776
8.2735878589 28.4189807522 35.1693772841
8.0780580529 28.3879198944 36.0277945246
7.8855592045 28.3925764247 37.1306987247
8.0835888749 28.5947207791 38.0100960708
8.5230439932 28.7548150827 37.5310134740
7.9969329844 28.5944480682 38.8766282843
7.9425523862 28.6009136941 39.8872857756
7.9359311314 28.6011588849 40.8415773992
7.9823140184 28.6321727777 41.5920117503
7.7976610972 28.4967993505 42.3479508795
7.9542420550 28.6863539864 43.0995836910
8.3007002807 28.8899374454 42.5845720735
7.8764399407 28.7308493130 43.9762091986
7.7752276534 28.8605528062 45.2743431233
7.6951169521 29.0911918482 46.3674845241
7.4508806991 28.9454498306 47.1637708943
7.5566034429 29.0937263054 51.5154272837
7.8387495599 28.9164905556 52.4955784434
8.4737779915 28.0702482953 53.5694228920
8.1923961746 28.8457699346 53.6562060357
8.7947683759 28.2902754050 54.4917225197
8.4424919177 29.1173621922 54.7637919155
8.8217561109 28.7252389611 55.2052599552
8.7701671377 28.9054819588 38.4309099646
8.6237158485 28.9260737614 39.5160534792
8.5238787692 28.9332410454 40.4766718913
8.4627306560 28.9345939006 41.3606259261
8.4187933803 29.0903278331 43.2823119188
8.4153936849 29.3795166503 44.3960795899
8.2368893214 29.5407006691 45.3425532392
8.0349339695 29.5680740766 46.0840220267
8.3993379458 29.9514610603 45.8258528491
7.8909673370 29.7925532515 47.1087761816
7.5629297773 29.7205931733 48.1300095283
7.6015197292 30.0867517391 51.3156040038
7.7441648965 29.8687119238 52.3318913302
7.9354323365 29.7897371572 53.3070855154
8.1543605539 29.8190409638 54.3260029352
8.7685922000 29.1971471299 55.6460229148
8.4036593200 29.8313186473 55.2707716421
8.6925970111 29.8135938597 56.0352654943
8.3241065933 30.1872340869 46.5681027772
8.2369895562 30.4476745360 47.3018444035
8.0749789417 30.5575894637 48.0613644901
8.3669748973 30.7829122937 47.6230859494
7.7674109478 30.5084926067 49.1890720489
7.7201266183 30.6360386073 50.4634145887
7.8454865695 30.8998431553 51.4396082654
7.8565858463 30.7137667238 52.2141344563
7.9132801754 30.5030870420 52.9884969274
8.1169690458 30.7116008799 53.9003929249
8.2951973063 30.5601864730 54.9388962633
8.5466936548 30.4667615711 55.8558441936
8.6362878600 31.1898502437 47.9883518172
8.3513238761 31.2281282614 48.9419978477
8.8820709457 31.6267545437 48.6919195529
8.2033662318 31.3121655246 50.0133162555
8.1386350857 31.4031107493 51.0712958827
8.1266622778 31.3996353882 52.0110568247
8.1594359541 31.2803666921 52.9961770646
8.3609835364 31.4944329101 53.8339981899
8.4428974218 31.3254305037 54.6412870731
8.5476204839 31.1165448200 55.4692283360
8.9257655052 31.8279967930 49.6381716496
8.6800458437 31.8748209694 50.7309487917
8.5722733883 31.9066959555 51.6970391449
8.4798792192 31.8352920965 52.5003442651
8.6272419032 31.9470954115 53.2663230314
8.6069131408 43.1720845358 86.3358643439
8.7107168512 43.2690500489 86.1620693957
8.6765636939 42.9775742824 86.1630044575
8.6798132663 43.0606410480 86.4954416195
8.7139664236 43.3521168145 86.4945065577
9.3684367738 1.6550172426 17.4237067102
9.6977651120 1.4529505477 17.1807361284
9.9561712079 1.3122566729 17.5687098579
9.7388039955 1.4895111246 17.9674647574
8.9491689827 2.1877973819 15.9796920553
9.4804242411 1.7670959659 16.6881924743
8.9821597951 1.9832387939 17.5347977806
9.2811051891 1.9292208462 18.0656910540
8.9518810958 3.1604684033 8.8007559307
9.6866936468 2.8993323384 9.5757275177
9.4750358142 2.7361846225 10.4315906490
9.3492124077 2.6556435770 11.3645835186
9.2946110540 2.6226409109 12.3487307783
9.2710586679 2.5851976014 13.3407985340
9.2159592832 2.5033492497 14.2975770803
9.0874979427 2.3674627410 15.2046173089
9.0284774255 2.4712537007 18.5249381620
8.8064005361 2.9824750938 18.9944269834
9.5773661471 2.5449319195 19.4583931073
9.1037150460 3.1009770083 19.6948816630
9.6005834423 2.9722657523 20.1417506460
9.0635899678 4.2246584918 6.7912362054
9.6625306086 3.8187800402 7.4153642275
9.2841252262 3.4640937454 8.0848084360
9.1786417466 3.4509483136 20.3820593443
8.9888916940 3.9421221551 20.9994392581
8.7636144719 4.2693928374 21.2996652591
9.3808677683 4.2607133073 21.6953894555
9.0049177701 5.1585724649 5.6700353283
9.5331275872 4.6713196313 6.2124611964
9.0971452820 4.8457417753 22.2443558334
8.8063651917 5.2610369747 22.6177736558
9.5765879664 5.2049249727 22.8858236044
9.0038468588 6.1811939038 4.6371465853
9.5132875465 5.6612239665 5.1458293729
8.8994534737 5.7216445072 23.2345114311
9.5617979277 6.1840100406 24.0625611772
9.0247139188 7.2316356242 3.6419026408
9.5175265490 6.6937760390 4.1232967796
9.1511351804 6.7610817897 24.7011643851
9.3155544123 7.1821035595 25.3238088759
9.0920074500 8.3259254826 2.6815960855
9.5394492349 7.7470071058 3.1226350469
9.1543655640 7.6818952072 25.8039125498
9.1754417179 8.2386515318 26.3830036729
9.2875534712 9.3558644439 1.7649438926
9.6225169182 8.8111004804 2.1452284640
8.8483225251 8.7256549287 26.7029242630
9.4948912876 9.0586873435 27.1880140389
9.4839749745 10.2830973124 1.4265805116
9.7887740979 9.8033492169 1.4303998694
8.3547176790 10.8826193181 4.1353864139
8.8843445555 9.8224717076 27.6062626480
9.3508144021 10.3934064700 28.2133114452
9.1510269081 10.7121556336 1.8211652749
9.1231227000 11.3294488245 2.5123388425
9.7380192369 11.2956151176 1.9836154273
8.7126844774 11.3577157523 3.4283239785
8.6223721500 11.6418014758 4.3743015547
8.4357384450 11.4534372444 5.1436621091
8.3278611032 11.6050466027 6.1256036520
9.2297534635 10.9732309037 28.6627600764
8.8511257874 11.2703273712 28.7810438498
9.4002866025 11.4105448359 29.0801407792
9.5968112337 11.7770660878 2.5081047360
9.2661836787 12.1184025816 3.2431002613
9.8956400899 12.2707380367 2.8467274786
8.9136876889 12.2575109029 4.1828936112
8.7369665244 12.2916354429 5.0665828732
8.6252918941 12.3329395702 5.9694322438
8.4543044849 12.3745523730 6.9726402707
8.9961831576 12.0105324888 29.4994910867
8.7117957469 12.3761001021 29.7466470375
9.3397943889 12.4804242594 30.0612181197
9.6758078482 12.7092374098 3.4180126995
9.3491887519 12.9866828225 4.1153521393
9.9290764357 13.2323344427 3.8218062657
9.0318930828 13.0275835929 4.9772739541
8.8741300799 12.9678844164 5.7254571101
8.8818483212 13.3087893818 6.7035152326
8.6450608853 13.4070308111 8.0568331453
8.3062346757 13.6171181289 9.2372438651
8.9940784721 13.0579679716 30.5307778649
8.7315126940 13.4063724562 30.7914373411
9.3898317848 13.5061127942 31.1365803786
9.7037877676 13.6001368550 4.3783661215
9.4016498879 13.6671955402 4.9303937685
9.9190577619 14.0927989536 4.8757236660
9.1990136716 13.7379307903 5.8268690392
9.2601799962 14.1398078024 6.7216082702
9.1318395453 14.1348750658 7.5633097288
9.0502289797 14.2850524060 8.3795659642
8.8252688959 14.3855148883 9.1848223027
9.1785899393 14.7967802009 8.8688729138
8.3578855085 14.4033313331 10.1382845031
9.0474151160 14.0697825098 31.6281771822
8.7645900632 14.4097812697 31.8813250345
9.4195739861 14.4789293344 32.2803462294
9.6128610032 14.2037137269 5.4720024314
9.6186007041 14.5379877012 6.2332483464
9.1326743738 15.0989096623 9.4380929979
8.8836117750 15.2522823912 10.1618679275
9.2394201891 15.6422612112 9.8412473854
8.3578088502 15.2614729551 11.0316785008
9.2293564415 15.0328249217 32.9085674034
8.8770636838 15.4067288839 33.2443649140
9.4440114406 15.3542438675 33.5349741655
9.1798138152 15.9848502462 10.3980837241
8.8870957419 16.0434433320 11.0286528379
9.2933022823 16.5801127766 10.8430187443
8.3334692043 16.2609649967 12.0026894331
9.1504141178 15.6859307004 33.9477668657
9.2362341830 16.0372431595 34.8839680518
9.2575151076 16.3171311930 35.7904461102
8.9129542924 16.5586051844 36.1715857846
9.4492225690 16.4956346674 36.5165101411
9.0849787545 16.8969774801 11.6377731427
8.7380674663 17.2024075495 12.5534307607
8.4586688907 17.6110907519 13.3071578857
8.9899958929 17.8307160086 12.9905481563
9.1329815382 16.7819283815 36.9315791016
9.0444413427 17.2060255647 37.8918203664
9.2606159420 17.4898102413 38.6890721090
8.8120660282 18.1975834541 13.5786533784
8.6905952899 18.5752717770 14.0448734281
9.0679323519 18.6817028446 13.7834571580
9.0848055367 17.8789523479 39.2260024571
9.0972650954 18.2536717436 39.8763845642
8.9302533537 19.0049729895 14.1545764020
8.9546795930 19.6488145034 14.4426717897
8.7612514920 18.6389790798 40.1259778133
8.8054538718 18.9104104258 40.8564918249
8.4704605890 19.5131930252 41.4399229929
9.1178734727 18.9554132597 41.8334826792
8.7921989123 19.5306390254 42.2746167742
9.3307495799 19.0538748080 42.5842986374
9.0673874885 19.5152530617 42.7983457190
9.6232540371 19.3946239110 43.2934042364
8.4075272439 20.7667928139 15.6710445567
9.0084882359 20.7415420158 14.8990688609
9.0781449976 20.3139828572 43.7050554271
8.6644418699 20.8847049585 43.9963032608
9.3754148841 20.7913565786 44.3295262831
8.8055226406 21.5278812817 15.5953391186
9.1961876495 21.6881616651 15.0817884029
8.3318545184 21.4783116903 16.2085903633
9.6362800411 21.2888381951 44.9061293737
9.0365086229 22.1830362370 15.5184118770
8.6338265269 22.3935436410 16.1761263122
9.0366988439 22.9273333501 15.6321823287
9.3508725621 21.9335377416 45.4325421195
9.3453554013 22.4523999855 46.1276879879
9.5512921562 24.1064391577 13.9253987789
9.8796772398 23.8048812300 13.5599791252
9.9544800494 23.4040111451 13.4833392326
9.7168242144 23.7236849407 13.8494913453
8.6588389905 23.6506560573 16.3992849219
9.0421020924 23.6846111316 15.5457066956
8.9824552603 22.8468436684 46.4013321407
9.2274057673 23.1628110200 47.2596532300
8.8208029835 23.6853003099 47.7205509056
9.4612542023 23.4614252063 48.2187398117
9.0376148597 23.7607793883 48.2368132195
9.3699578984 23.8017115044 48.7772939179
9.6474767544 24.1593721166 13.8077216528
9.4031193458 24.7591882017 14.1842630532
9.0995619885 24.7855133099 14.6966810773
9.5403558699 24.1345760420 14.1885721406
9.2473484884 24.0097117683 14.8962517365
8.8520987953 24.5467991635 15.6952523971
8.5776419466 24.6250561178 16.6012852233
8.3921029665 24.3178763986 17.2166033618
8.1945547898 24.6980719391 17.8834262901
9.1807968946 24.2617030675 49.3607399134
8.7497281628 24.8124596063 49.7428379802
9.3829859198 24.5475001465 50.2018771071
9.0079096055 24.8622810955 50.2746213704
9.3573897428 24.8783418353 50.7196916282
9.6607191289 25.3581983920 14.3472099662
8.8253695121 25.5980691019 15.3365180611
8.5680400276 25.3289754611 16.3108997935
8.3665901853 25.1459120231 17.2608187715
9.4354065619 25.2946768725 51.3440252565
9.0520932466 25.7039344473 51.5124283076
9.4092574764 25.7509047760 51.9422384292
9.1068660644 25.8569043662 14.8110787968
8.8549672975 26.0819036849 15.0096036001
9.2848296032 26.3318396339 15.1625351127
8.6046228619 26.6127309148 20.6360080700
8.6971862666 26.6521389521 21.4129756640
8.6509533047 26.6908778208 22.3556153132
9.3895110678 26.2259482825 52.5130447801
8.9899827093 26.6578411753 52.5876965894
9.3014428118 26.7213129542 53.0717529540
9.1839894491 27.0066429029 15.8922563493
9.2971206194 27.4914500589 16.5775178323
9.9591176673 27.6952185005 16.1799817524
9.1607442326 27.5198631921 17.2925906021
9.1770728982 27.4771184168 18.1062323588
9.4152379432 27.4407234737 18.7214740601
9.6119446156 27.2077423409 19.5448046330
9.3760119925 26.9344381073 20.7673220350
9.4205115082 26.9119946011 21.9679653120
9.3025710163 26.9678664582 23.1301802553
9.4739064144 27.1667340244 24.1235007054
9.0490720042 27.3080578576 24.9819613116
8.9889611434 27.5838934566 25.7817086203
9.7148598968 27.6236062482 25.5983104990
9.0992741860 27.2071481712 53.4913296504
8.9024653090 27.7060782474 53.9109598700
9.6226245440 27.3157742514 54.3709423616
9.1462003596 27.7756687985 54.4208054793
9.4792106983 27.8217153143 54.9461336823
9.8306421038 27.9297997237 16.9024626583
9.7116011103 27.8191312324 17.6657098223
9.6936849109 27.6834689021 18.2810659920
9.4079032009 27.8644156326 26.4269806502
9.4841433358 28.1296005480 27.2839003573
9.0718174139 28.2969948941 28.0905017537
9.1239554431 28.5475694629 28.8648594873
9.7065339013 28.5728514153 28.6419636950
8.9443691060 28.5957719604 29.5725322107
8.8804178582 28.6035470727 30.4814716562
8.9317900464 28.6229045639 31.2632317441
8.7509006062 28.5179363833 32.0270701550
8.9998992194 28.6652922772 32.8299091350
9.3490578356 28.8120046413 32.3410479894
8.9243260476 28.6582485384 33.6908748633
8.8694837993 28.6886688162 34.7259162509
8.8048484958 28.7181600463 35.7071192021
8.6680929054 28.7290498090 36.6939076438
8.3153518568 28.8603760901 42.0121802193
9.4249029915 28.2993698127 55.5597463874
9.0281830432 28.7483718064 55.6258488081
9.3378310407 28.8027032869 56.1495532588
9.5727612176 28.7230643021 29.3265848455
9.5500002335 28.7929718212 30.1725770334
9.4977929203 28.8230617218 31.0817901454
9.6974782278 28.9804537906 33.1259489760
9.6469840132 28.9848052686 34.2692911315
9.5812759146 28.9588427038 35.3195610029
9.4913763934 28.9516018616 36.3627674275
9.3569857431 28.9767025342 37.5009775080
9.6162345912 29.0895747929 38.4721355550
9.4420183957 29.1208127247 39.3059931251
9.2689180312 29.1626330786 40.2800413421
9.0269246169 29.1619345091 41.1017573036
9.0095168845 29.2616630150 42.2318181365
9.0093513565 29.5606129517 43.4734646869
9.0699730084 29.9189903443 44.3424434714
9.5341066368 29.9302608838 43.7306766529
8.6763225356 29.9490098905 45.1524148219
9.1410551804 29.3854304133 56.5395136143
8.9460594853 30.2292865665 56.8848585133
9.6438367825 29.4633538644 57.6384735312
9.2293111664 30.2731580804 58.0301715790
9.6351278903 29.8161216890 58.4522457234
9.7135002292 30.2573180419 44.3442263991
9.2747328922 30.3699136920 45.0800725974
9.9817232176 30.6365285123 45.0162098352
8.8555143546 30.4685639411 45.9902973918
8.6779826736 30.8098364122 47.0557667226
8.8164982374 31.2561204391 56.4746592882
8.9567116931 31.0723239872 57.7192792943
9.3984126649 30.2432315691 58.7925828209
9.1062589700 30.9701320233 58.9037298821
9.4412020332 30.4235405188 59.5855087099
9.1514147004 31.1393573278 60.0974890058
9.5298896914 30.5239347921 60.6061506344
9.2228338990 31.2121902557 61.1767620313
9.7139631550 30.5700744212 61.7318163738
9.3164978121 31.2958159100 62.1824789633
9.7406429467 30.8368382551 62.6895597828
9.4710181521 31.3886904369 63.0263829446
9.7964554138 31.0242571908 63.2801516055
9.6053305440 30.8337407356 45.7848838109
9.2639695991 30.9970452097 46.5330284982
9.3076972704 31.3783714204 47.3439830798
9.1722460978 31.6345235899 48.1263011523
9.6647362004 31.7601262340 47.8866912691
8.7500468523 31.9721364324 54.1844946374
8.9688172077 31.9162647904 55.3311544587
9.1773014411 32.0996326915 56.5349364769
9.0141658160 31.9205903604 57.5110986788
8.9897152901 31.8797430518 58.6045448998
8.9920488422 31.8991328130 59.7118783831
9.0131634632 31.9518977443 60.7900129240
9.0729027039 31.9853598572 61.8093841201
9.2037642576 32.0021904552 62.7356758020
9.8565360006 31.4018366541 63.7180033221
9.4611159909 31.9832836027 63.5165520512
9.8127285482 31.9599237557 64.0820945313
9.6714858942 31.9624598865 48.7823304094
9.7128854826 32.1551259394 49.7941104674
9.4321379043 32.1958595843 50.6029861811
9.1414350228 32.2113670196 51.4104663434
9.1604964013 32.3249402696 52.4419222899
9.1666222268 32.4186855478 53.5215840059
9.6455198891 32.6710418627 53.0490513450
9.2819877368 32.4370930171 54.3999104664
9.5168262614 32.4862627649 55.0322243870
9.6936240355 32.4555370637 55.8395518095
9.6057378331 32.5224337861 56.6920450242
9.3422287502 32.5170619071 57.3712946466
9.8855965281 32.8423562073 57.2575182420
9.2031521287 32.6970065581 58.3712174927
9.0714397637 32.7053199727 59.4344206914
9.0427653481 32.7398750806 60.4778996774
9.0653948265 32.7566043218 61.5016441779
9.1557871130 32.7417115263 62.4703280712
9.3424805057 32.6698000935 63.3387771477
9.6623171874 32.5283328470 64.0519646391
9.8386640891 32.7732510621 53.8065309267
9.7798821423 32.7171779057 54.5324608870
9.5771984179 32.9678222476 57.8960359434
9.5885015690 33.3434519240 58.5446766995
9.3523883192 33.3690527502 59.2068911474
9.6123332939 33.6822212162 59.0426434553
9.3114804863 33.4648757850 60.1435012647
9.2933014843 33.4839697862 61.1707653250
9.3554302665 33.4735158696 62.1582959877
9.4944044102 33.3980987065 63.1131565554
9.6923639328 33.2038934843 63.9465780636
9.8013629280 34.0196559940 59.6256813060
9.8044101973 34.1446144347 60.7952636065
9.7120108202 34.0032117515 61.7531507593
9.9829615985 34.1331109915 62.7319241309
10.0305578889 33.8308932559 63.8176911748
9.5963572560 37.5294899173 78.9638194695
9.5407512772 37.4248435183 78.5009212070
9.7138675281 37.0789358295 78.6994030510
9.9840635880 37.0402403787 79.1499602634
9.4500387461 37.9942752345 78.6192350096
9.5467302152 38.1789122295 78.1408606383
9.5553099066 37.6699028948 78.1316089364
9.5369362516 38.0661390398 79.1450473181
9.9149312781 37.7156889483 79.5423634467
9.5018392584 38.5319770518 78.5227992920
9.4983800830 38.5487259835 78.9977174227
9.6287989576 38.9775521306 78.8353559336
9.7235443081 38.5030115524 79.5787315263
9.7034095035 39.0408911976 79.3746741178
9.3889472608 40.7900852618 84.6513197594
9.4985160713 40.6547413394 83.7983211431
9.8997469588 40.1005250144 84.1622972604
9.7848892190 40.2503607036 85.0335819298
9.2486183989 41.3600998187 83.9083652173
9.4579118094 41.5202069940 82.9962051062
9.4881300853 40.9041783427 83.2241478333
9.0862258245 41.5107048143 84.7741259005
9.5263766424 40.6360607903 85.4690992933
9.1800922152 41.3601316344 85.6364199652
9.6643036293 40.7937297017 86.3560956481
9.2775200737 41.5803702670 86.7473794022
9.7002237060 41.1417496589 87.2331459834
9.4388518821 41.6323149544 87.4623302319
9.7343533457 41.4182169084 87.7703502889
9.2655237820 42.1727887829 83.6325620235
9.5765272810 42.2506848715 82.8802614485
9.0442336446 42.1574928204 84.5354308496
8.9471111045 42.0600242090 85.3251360851
8.8995915702 42.4439920043 86.3099683655
9.2367215804 42.3576101664 87.5230918593
9.6179638676 41.8646018113 88.0084896934
9.4514666026 42.7141112166 83.4349370731
9.7839726436 42.7920508067 82.9995911633
9.2707176312 42.9471423517 84.2729940196
8.9125147929 42.9282706687 85.5073834740
8.9351411576 43.3503176886 87.1359444078
9.7430223552 42.4452747794 88.5709649914
9.2995416277 43.3240812211 88.4070463742
9.6958142157 43.1160590066 89.1452821201
9.7550740373 43.1817422096 83.6112287886
9.6968825393 43.6008127230 84.3282424961
9.3252391938 43.6293885539 85.1125164926
9.7647613611 43.9766005014 84.8609468131
9.0762560493 43.8372733780 86.2989077740
9.0983274461 44.1980100262 87.3238673297
9.1695730173 44.1455088911 88.1188290129
9.5014734679 43.6484808937 89.2421155517
9.3774341170 44.1849178503 89.0084991244
9.5930860360 44.1112588310 89.6741028611
9.6893379367 44.2088824981 85.5699822530
9.6629789209 44.6057132058 86.3514945000
9.3828592765 44.6577955534 87.0524775938
9.7865784433 44.9872572830 86.8850425507
9.3790289774 44.7962718145 87.8969800651
9.4693027298 44.8375957268 88.7399554974
9.7195910884 44.9213046051 89.7009364500
9.5483649553 45.4778518983 92.1434111635
9.6199097156 45.4886649049 91.5507045951
9.6997148410 45.0417354573 91.7207618316
9.9131448222 44.8552927477 92.5296976972
9.5987976809 45.5418194634 92.8723935609
9.8812083925 45.1880489245 93.2251695125
9.7893143756 45.1770638450 87.5520410995
9.8835551865 45.4295207314 88.4503349098
9.7848624882 45.2687168956 89.0626767640
9.5737554897 45.8657949480 91.8402629045
9.4660380321 46.0167016725 92.4715189787
9.7840885535 46.2778318931 91.8574025118
9.8394213675 45.5845280721 93.6097632853
9.5496763192 46.0112495873 93.2692945451
9.8949731163 46.0768593295 93.9522505923
9.5278083170 46.3332286236 92.3349841942
9.8384492124 46.4672697356 91.9746923681
9.4444087568 46.2352881311 92.9530618942
9.6980056867 46.2590640211 93.6446518588
10.1968532758 1.3618095576 17.0942517773
10.7006246906 1.1460806241 17.6307483136
10.3634484156 1.2580932882 18.1558140482
10.0095860823 1.6397371046 18.6384814995
10.8559130438 1.3498012323 18.8304889153
9.8162007820 2.0085559602 15.8848185557
10.4767441197 1.6230360243 16.4962567484
9.5408532062 2.0932666931 18.7821185745
10.5962939969 1.7276302390 19.3699897540
9.9916560693 2.0018474484 19.2311833049
10.3851443816 2.1561427505 19.8254855278
9.9731382315 3.1469979993 8.7993732795
10.7116837907 2.8930916508 9.5750506742
10.4971954979 2.7226284284 10.4309872351
10.3685980870 2.6292628972 11.3622373006
10.3061263328 2.5814360783 12.3384081606
10.2680979000 2.5319414005 13.3154348935
10.2020641246 2.4329496516 14.2476847700
10.0573043337 2.2546187651 15.1044189036
10.3678788146 2.6558440760 20.4223397183
9.8635801088 3.1421410586 20.6627611344
10.3538055817 3.1107535085 21.0070849528
10.0897476022 4.2212535833 6.7911749874
10.6900979225 3.8171636417 7.4154747947
10.3102648552 3.4586135278 8.0844898739
9.8542209368 3.5872527390 21.1969166946
10.5901472183 3.9523851558 21.9165518996
10.0305329321 5.1551173721 5.6687996367
10.5603242039 4.6702783639 6.2125035218
10.0473918047 4.6517811468 22.4315867035
10.5744234920 5.1338423662 23.0555752185
10.0262459284 6.1722837994 4.6293237480
10.5400185592 5.6588904518 5.1445842235
10.0591249413 5.6588251754 23.5338284119
10.6590386967 6.1046357175 24.1834101789
10.0317399703 7.2077196024 3.6086087325
10.5402753315 6.6859054705 4.1148363055
10.2567442101 6.5772393308 24.7618906189
9.9505215411 7.0146244997 25.3034649984
9.6998774802 7.3044001045 25.6052827603
10.3050722927 7.4403894650 25.8860566565
10.0572256897 8.2562828451 2.6020401108
10.5464887077 7.7211325771 3.0933074635
9.9281691185 8.0149922283 26.4004321701
9.5706078126 8.4836375402 26.7395559926
10.3154718904 8.4830537743 26.9239581321
10.1513173218 9.2871667629 1.6914546965
10.5824321478 8.7583756735 2.1030704603
10.5085971390 9.0223462825 27.4268988908
10.3499523047 10.2889979572 1.3048778591
10.7164273541 9.7793220249 1.3762809535
9.9246804441 9.6249424511 27.7679199079
10.5615054572 10.0542738490 28.2566203025
10.0086513690 10.7860072743 1.5190039235
10.5711317461 11.3059877318 1.7654919150
10.0118105528 10.7858989580 28.7209353834
10.5229967494 11.2637255440 29.2311749213
10.2233346749 11.8060916584 2.2661110133
10.6677975883 12.3197342940 2.6729728219
9.9715395346 11.8829888417 29.6661682564
10.5002710433 12.3716389377 30.2379899049
10.2770104116 12.8007284546 3.2334869121
10.6823120456 13.3260137153 3.6862692583
9.9813459762 12.9332358726 30.7017253458
10.5833953071 13.3804604366 31.3241609024
10.2836204621 13.7687163292 4.2609402198
10.6748162843 14.3036193522 4.7845587269
9.5552247142 14.9001571045 7.2904386825
9.3430765298 14.8482479110 8.2372906937
10.1583080214 13.9583498984 31.9194845641
10.3302301822 14.3761827325 32.5439942085
10.2180063124 14.7074509409 5.5795420201
10.1008230609 15.3473255169 6.6212790146
10.7921163115 15.3644107871 5.9993629244
9.8814932143 15.7006371358 7.5276285034
9.6376425692 15.6109579260 8.2459067809
9.4071745321 15.5207564048 9.1151172740
10.1607760504 14.7499346717 32.9810332609
10.0875820267 15.1585417238 33.5555881507
9.9271690294 15.4731429156 34.0337212571
10.7476310561 15.3978476365 34.2490923357
10.6268330570 15.8636698008 6.6158039482
10.3117374100 16.2474881483 7.3569180376
10.9292413136 16.3797676210 6.9612705206
9.9548988828 16.3801630949 8.2461451159
9.7123399013 16.3687550898 9.1067739056
9.4905553414 16.3963187116 10.0426759526
10.2529348539 15.7629337217 34.8394143420
10.1565651390 16.1013594013 35.7725053629
10.0719213212 16.3577563877 36.5383728145
9.9125044537 16.5827598881 37.0649309264
10.7116325746 16.5310097932 37.3112719159
10.5089727116 17.1577554847 43.0138026073
10.5318246959 16.9231140526 42.5954054769
10.9532663492 16.4265441224 43.0484488253
10.9527261504 16.8851703581 43.4628922190
10.7087747388 16.8245544072 7.5332765886
10.3777754053 17.1033788201 8.2229101721
10.9578676044 17.3455908418 7.9349107803
10.0313940172 17.1429615179 9.0786534110
9.8106428750 17.0947563733 9.8601844556
9.7161883558 17.5522978018 11.0268414838
9.3298294533 17.7384393263 12.2782736395
10.2158782658 16.8456452583 37.9120258349
10.0676214616 17.2225578294 38.8696850954
9.6420721971 17.5162998425 39.1014348011
10.0348140362 17.4922063045 39.5840787047
10.1131195240 17.6619684051 42.4181625170
10.3255877488 17.3545581083 41.7487838958
10.4357543818 17.0825368416 42.2390260150
10.2757199977 17.8001004686 43.0364019815
10.6406261511 17.5057058425 43.3486392309
10.7295334028 17.7143256214 8.4908987603
10.4150690296 17.7862837808 9.0447839031
10.9405129567 18.2068580677 8.9880472928
10.1684841957 17.8842631370 9.9640912072
10.2090973028 18.3349714001 10.8088780247
10.1087877396 18.4700991788 11.4571130738
9.8435781674 18.5230601413 12.2227923679
10.2205649156 18.9546906489 11.9260136191
9.3586858749 18.4904485597 13.1413684105
9.7467808183 17.8434571856 40.0854869567
9.3980845745 18.2812142648 40.5528838835
10.0988255307 17.6930034088 40.9142297802
9.6482734290 18.2015941200 41.5101140042
9.6048216659 18.4660946664 42.2580050304
9.8765628704 18.4470159144 42.8604949192
10.5321112374 18.3537896744 43.4024347332
10.6196140834 18.3261855356 9.5842481809
10.6021078288 18.6718541726 10.3199329390
10.1299179696 19.2147175213 12.4732778348
9.8190417300 19.3427363479 13.1338920742
10.1812406802 19.7057444183 12.8133442834
9.3275695659 19.2206664843 13.8077838306
10.7115452226 19.3245678424 43.7791178338
10.0286502932 20.0790675490 13.2898994928
9.5808343914 20.2094555269 13.9471966313
10.0395324770 20.8235237917 13.4997812480
10.0184736257 20.0965543227 44.0325392521
10.4132758019 20.7433019825 44.6718600988
9.6187693468 21.6119942707 14.2900023805
10.0862357983 21.6251705563 13.4950529722
10.3095394109 21.2703380811 45.1575122658
9.9407234044 21.5356584206 45.2951897759
10.5732617547 21.6450155037 45.6884838625
10.4416867360 22.6936725473 12.9659888286
11.0620215940 22.4518433778 12.4896397930
10.8301417833 22.0032035036 12.5178597703
10.4089512768 21.8947206163 12.9656270844
9.9151048903 22.6673309935 13.7108775821
9.5869856693 22.7114870886 14.4628084472
9.3338317127 22.3958940047 15.0206020966
10.3111109452 22.1814285201 46.4436335565
9.7258544771 22.6410572018 46.8248845290
10.5386737633 22.4856667499 47.3412298987
10.0452058147 22.7805662546 47.5045383421
10.5943730726 22.6864766227 47.9294515603
10.7674704030 22.9047742981 12.7485596641
10.5394840831 23.4285743771 13.1386278826
9.6593929969 23.6182566986 14.2155484016
9.3364804430 23.2324514054 14.9859848189
10.2136345467 23.0265369231 48.2302062761
10.2006876960 23.4555630968 49.0886319637
9.8432477647 23.8423709992 49.4648854810
10.4017801846 23.7182894286 49.8114608875
9.9724479183 23.9393004326 13.7000700847
9.6834237338 24.2009509666 13.9124478868
10.0470934596 24.4791046850 13.9653870896
10.0854853508 24.1168430524 50.1694596417
10.0038198483 24.5570804767 50.8319967951
9.8008476297 24.8665681479 51.1468155568
10.4720477739 24.8676526679 51.5712864836
10.6030170960 25.3698131165 14.1985563074
10.2244344464 25.4529052418 52.2417189728
9.7907139197 25.8046877960 52.3959800950
10.2267698836 25.8777127206 52.8694007973
10.0071177010 25.9629847295 14.6383744965
10.4740677230 26.5913642567 15.0131799212
10.1241890683 26.3582804404 53.4650088722
9.7239828181 26.8420511951 53.8007519682
10.3109424573 26.6516317782 54.1360796238
10.0356710728 26.9067335117 54.2761006286
10.5735629537 26.9112872931 54.7580348665
10.0479032563 27.1213030127 15.5456801306
10.6152402394 27.6189761743 15.8059536084
10.7218981099 27.3345496641 19.3542325839
10.0557114567 27.5623231807 18.7771495262
10.4081743586 27.1042189234 20.4230027507
10.2846532525 27.0005472744 21.5507172388
10.2742302636 27.0113494699 22.6897448516
10.2806265233 27.1322686688 23.7947098138
10.1950264535 27.3726569317 24.8740297288
10.4656036573 27.6198110324 25.6389099718
10.3055213423 27.4722350849 55.3705200845
9.8426529940 27.8540868176 55.4764245778
10.2839539242 27.8923042462 56.0198093964
10.3144924559 28.1382230328 16.5285085015
10.8474264810 28.0704162083 16.2102569414
10.4417404609 28.2292160627 16.8584232953
10.3879320340 28.0779608573 17.3442717838
10.3629561598 27.8342328795 18.0686112524
10.3026773188 27.8247890977 26.2154073122
10.2541792945 28.0581221418 27.0303129828
10.1495981789 28.3298325740 27.9982303531
10.3426230093 28.5550555217 28.7450300522
9.3108583551 28.7819134122 31.7369683149
10.1681617736 28.3608165315 56.6281795698
9.7674336386 28.9117516796 56.9855106670
10.4556193399 28.6418595740 57.5130720124
10.0434460227 28.9669887329 57.5422880522
10.4122415024 28.9734727956 58.0976274423
10.7856007621 28.2981696436 16.6045502330
10.0795924698 28.7060672256 29.1382283389
10.1669566895 28.7975396778 29.8326271964
10.3374748844 28.9030838902 30.9170542648
9.9945429640 28.9827860438 32.0194136221
10.5739139496 29.2466788444 32.8992543118
10.5221051307 29.2736896248 33.8410113300
10.4524594029 29.1368273882 34.8957297900
10.3773631573 29.0541252893 35.9714178823
10.2896805667 29.0410393629 37.0510152164
10.3138035447 29.0797096819 38.1177445585
10.3182210702 29.1531150583 39.1407654145
10.1880179532 29.2503730060 40.1705445714
9.8853540760 29.3710034966 41.2727420766
9.9509382697 29.5915053743 42.1988255149
10.6523689184 29.6141078187 41.9498368445
9.7072220058 29.7344290395 42.9737294193
10.2890354105 29.3685268781 58.7894740442
9.8317416011 29.8670507175 59.2275994097
10.5281767711 29.5396138833 59.8616209090
9.9575950949 29.9783507573 60.1646755818
10.6355185649 29.6765669877 60.8409708475
10.0724309562 30.0575739927 61.1245089420
10.6879748933 29.7950637038 61.7073861383
10.2471842757 30.0846069031 61.8853483321
10.6823524213 29.9422657134 62.3154808123
10.4984301431 29.8316137629 42.7303627922
10.3074514408 30.1035171284 43.6641381346
10.3568855476 30.4448353473 44.4363145241
10.7542720739 30.7108120683 44.9986234901
10.3567944822 30.3138490202 62.6258746539
10.2408907466 30.7165540090 63.3092711557
10.0565323830 31.0000262323 63.5954057084
10.5916648686 31.0258249774 63.9841470697
10.4392848851 30.9933721535 45.7045330172
10.0404811326 31.3013760944 46.5863400119
9.9939231175 31.6513838588 47.3544300463
10.7067016429 31.6513013577 47.1798194008
10.3507897307 31.6575080034 64.3789426542
10.1507506596 32.2869027695 64.5914896975
10.7272172068 31.9940522200 64.9241268240
10.4170901679 31.9175308340 47.9899765101
10.5813189937 32.1134290694 48.8026647803
10.4414372269 32.2084657567 49.5700509359
10.3245151629 32.3208214557 50.5291052765
10.0617632392 32.4756285569 51.6628633879
9.9081346530 32.6623166391 52.5032224106
10.4492407479 32.7319089002 52.4232547835
10.5854045792 32.6911317330 55.7425576585
10.1115491650 32.7083786899 55.0791324324
10.2286436586 32.7028621275 56.5134477646
10.7042204592 32.9884204083 57.1962985384
10.0674881001 32.9623577045 64.6362876192
10.7127406662 32.6395461686 65.3136007081
10.3430403119 32.8499433786 53.0880555821
10.5602121470 32.9384244227 53.7806378359
10.3669089336 32.8744427665 54.3932256281
10.2045040124 33.3229680956 57.9925909684
10.0062818274 33.7758758479 58.7964198016
10.7530617258 33.8033250169 58.5364354285
10.1245437717 33.5345962826 64.5199259687
10.5391287187 33.4099394391 65.2602269136
10.4477254024 34.1899198445 59.1739879286
10.2855137883 34.4725158577 59.6633623881
10.7701560615 34.5369118717 59.5381108139
10.1633052856 34.5212423464 60.1823898254
10.3260895658 34.5795870931 60.7835150354
10.5367407213 34.4658155634 61.7728927299
10.3154911142 34.5304031484 62.5508533181
10.5793458299 34.5909898099 62.5736893280
10.3458415636 34.5044632257 62.9191831946
10.6906042872 34.3324974421 63.6085189243
10.6983052387 34.0041367637 64.8480571547
10.6662543030 35.2619109583 69.4475864288
10.8232826793 34.9737693065 68.8332867951
10.9661479105 34.6650845583 69.1245547023
10.7883464899 34.9393786894 69.7777743359
10.5078848660 34.6851398241 59.9088708947
10.5893028810 34.7312769438 60.3267659072
10.4137526980 34.6172326919 62.7435379952
10.8993917575 35.3150995600 68.8564473544
10.7062931702 35.7419434205 69.4885452498
10.5255832525 35.8684245097 70.2728570929
10.6167196586 35.3012937577 70.1215098671
10.6479404252 35.4853411833 70.8791978307
10.4503349780 36.1504394981 71.3762967252
10.8468102243 35.5861338170 71.9703623345
10.4423845769 36.3064944661 72.3725589422
10.7239999060 35.9376685393 72.7756445935
10.3068622085 36.4757695720 76.6177582641
10.6304335178 36.1517921837 75.7595405275
10.8274799955 35.8974758835 76.5352149227
10.7392453976 35.9810892832 77.3108696311
10.2053644393 36.4181100382 77.5737479268
10.5978997273 36.0808809741 78.0927185217
10.1624828651 36.4030021564 78.2212434178
10.4224371407 36.2621015306 78.6029483453
10.0413737815 36.6459228732 78.6776524954
10.5196110291 36.5214858612 79.0933347131
10.8045920618 36.3317572125 69.9661673121
10.4964832462 36.7149658218 70.9207766559
10.7175539274 36.8285577910 70.4664500126
10.3505372860 36.8798731851 72.0017344823
10.4937019331 36.3205706044 73.1000515433
10.3358121923 36.9180276092 73.1430248810
10.5034267546 36.4417695435 73.8437220333
10.3129343584 37.0670298782 74.3547692906
10.5359446040 36.3924186339 74.8104363562
10.2424005296 37.0063972980 75.5986848581
10.0122678798 37.2181744721 76.5779248698
9.9627877241 36.9531638108 77.2167157519
9.8067190613 37.0045949604 78.0558750589
10.5600514151 37.0529082137 79.6573238103
10.8265933512 37.2675935632 70.9122048610
10.5509510554 37.4245064482 71.6529510698
10.7904804565 37.6984257566 71.4547058593
10.4859806747 37.5634160849 72.6510346890
10.4295324323 37.6632967005 73.8058212715
10.3462570950 37.8626281212 75.0735037484
10.0967789838 37.8867165031 76.2542441717
9.8036440462 37.8150693186 77.4195802334
10.4057262282 37.6291147012 79.9991008212
10.1968424932 38.2640529737 80.1306038748
10.8213306016 37.8531263096 80.4201459907
10.9860873002 38.0739214401 72.0871148748
10.8696549348 38.0944603039 73.2887434977
10.7940492732 38.2086291874 74.4237091519
10.7177863132 38.4390913565 75.2856654209
10.4431459477 38.5185554859 76.0072893191
10.9959290408 38.8121789992 75.9044798298
10.1987165715 38.7575344870 77.0943500073
9.7928941662 38.8210956012 78.1550861934
10.0322909052 39.2331338118 80.2957505902
10.7218338459 38.5947927932 80.9169116333
10.7816759543 39.0709380062 76.6721820455
10.6551176522 39.3834098975 77.3875410062
10.3209801742 39.4887447579 78.0577520340
10.9375483833 39.8111193057 77.9802365646
10.0476916419 39.7325843560 79.2643693993
10.0149579796 40.1785558218 80.4968118254
10.3599737134 39.2876836328 81.3033700575
10.0244069557 40.0147319400 81.4570921865
10.3771232233 39.5339858569 82.1475402507
10.0039765105 40.0637321363 82.4521248959
10.3018419271 39.6868103371 83.2194681125
9.7743098627 40.3360845130 83.1831099810
10.4776246214 39.5624142592 84.1924879462
10.4690615481 39.7385773814 85.1988694937
9.9707141256 40.2365543401 85.7886642303
10.5694484948 39.9617731556 86.2310775210
10.1664600358 40.3176406658 86.4881723693
10.5897884456 40.1964094937 86.8412514815
10.6870946881 40.0988699438 78.7209040281
10.5689163664 40.4963742037 79.4516928573
10.2996717647 40.8247277811 80.2955239058
10.9125629843 41.0101879828 79.9325765744
9.9768545671 40.8896362375 81.3180892349
9.7410773635 40.7713941355 82.3732406553
10.2771978278 40.6193890336 87.1660556405
10.1837734225 41.0964063021 87.8144594206
10.0466756653 41.5599589708 88.2334723571
10.6071413896 41.3108326114 88.3519285780
10.7137808727 41.4337515560 80.5633599557
10.3236021740 41.6945138636 81.3134066396
11.0157031421 41.9065674228 81.0675018962
9.8051469193 41.6305365279 82.1623233301
9.9240238896 41.9289029783 88.4330698256
10.5257383254 41.9113934776 88.8708889772
10.7937286115 42.3613073248 81.7917390788
10.1268939358 42.4318503035 82.3137094434
10.6936350076 42.7883406331 82.4021082097
10.3601381562 42.6962163730 89.5842567154
9.9028203404 43.5043358009 89.9242421336
10.5768048694 43.1196673755 90.5583999404
10.1833980218 43.6723331364 90.8673190801
10.6328610892 43.3354902256 91.2281069278
10.3708515183 43.0879316567 83.0226451043
10.3802958975 43.6143956077 83.9225188844
10.0972652068 43.9352193571 84.4701916026
10.5738547454 43.9897712378 84.4846841201
9.8077463963 44.2673135283 90.4398434607
10.4462816695 43.6659104430 91.5558758031
10.0363367647 44.3192041364 91.5762447216
10.7243758314 43.8203952664 92.3145371949
10.2373183123 44.2999875472 92.3386510186
10.5175829235 44.3131294475 92.9191380042
10.3345474724 44.2341421635 85.0545887699
10.3578593635 44.6542021511 85.9594849959
10.0911913803 44.9533842985 86.5159327576
10.5631513078 45.0112217060 86.5357141492
9.7804661363 45.1002316205 90.9298117359
10.3923041992 44.7637611056 93.4958731228
10.0408789706 45.1899410045 93.5952937469
10.2775929942 45.2147514174 93.9755956886
10.3376159173 45.2307013336 87.1012895576
10.3664411043 45.5663688128 87.9971752116
10.2122352128 45.7828070823 88.3865951104
10.4511859744 45.8288659732 88.4154847354
10.2058925248 45.8008798185 88.6492758928
10.3383289820 45.6672120835 89.2694294876
10.1417652269 45.6760269859 90.3709899326
10.8507509407 46.0096812309 90.2236291444
9.9015961247 45.8935788390 91.2521651766
10.1706544122 45.6997847686 94.2284687307
10.2966565283 46.1665485601 94.4567619760
10.4230107255 45.7528282337 94.5781471230
10.5338297863 46.2776941582 94.6878371506
10.3088629988 45.8958023977 88.5115601039
10.5596403813 46.1761307526 90.8965916604
10.2990358663 46.3418535651 91.4043787974
10.4509511667 46.5141591509 91.6663222989
10.8127305040 46.5122059170 94.6440645801
10.3063489709 46.3947968718 94.2848619336
10.8291553945 46.5112871905 94.7653726249
11.0789825921 1.2788853056 17.0576916708
11.6176447774 1.0671445025 17.6581981097
11.2083852830 1.0989820814 18.2592287713
11.7529550037 1.2198174023 18.9153864816
10.8180921032 1.9384931076 15.8151288934
11.4816061692 1.5770672453 16.4459761763
11.4119929077 1.5466287217 19.5039019079
11.0809131856 1.9403502140 19.9993019233
10.8001493087 2.2412776832 20.2633578546
11.3872805146 2.3460370936 20.6037442625
11.0004005897 3.1443382613 8.7987787182
11.7384208187 2.8898491457 9.5717995542
11.5230309495 2.7185571922 10.4283153541
11.3940038656 2.6233396236 11.3603552008
11.3307504348 2.5723681009 12.3360600702
11.2908336039 2.5191918284 13.3101047533
11.2227599199 2.4144538305 14.2343444631
11.0751538361 2.2209071438 15.0714307097
11.0293920742 2.9120503685 21.1047719743
10.6485350891 3.3642248565 21.4226143201
11.4014007829 3.3740629142 21.6396476428
11.1172273701 4.2212242182 6.7916661004
11.7178126625 3.8183635885 7.4163444073
11.3386786417 3.4579954611 8.0843492435
11.7217427047 3.9714066204 22.1591554420
11.0578943725 5.1549137378 5.6692315137
11.5866112148 4.6711527138 6.2141099761
11.1015454855 4.5612609459 22.5830779553
11.5957487844 5.1081169446 23.1298743730
11.0534140641 6.1708098024 4.6281496157
11.5673929674 5.6598585105 5.1459854888
11.1091608396 5.6206390086 23.6374693014
11.6883300044 6.0758644553 24.2038639261
11.0545309090 7.2002526327 3.6007199001
11.5678909290 6.6858350137 4.1140877143
11.2918096886 6.5157441316 24.7975117036
10.8804853470 6.9552127854 25.3817124893
11.4498682325 7.3882868659 25.9725797784
11.0638467366 8.2327848700 2.5828627331
11.5687452825 7.7147910605 3.0879473570
10.9218363186 7.9291696518 26.5089271306
11.3696846044 8.5462884184 27.1317836493
11.1293931079 9.2617815129 1.6687899193
11.5909455749 8.7437470333 2.0945870701
11.1758950084 9.0909301818 27.6138864465
10.7100806028 9.4478136824 27.8232029128
11.3470060629 9.5176089751 27.9765087160
11.3253450255 10.2845402967 1.2589719294
11.7166671798 9.7702438868 1.3615794086
11.5518652313 10.0326406287 28.4036631868
10.9460335097 10.7961808543 1.4017103014
11.5280529103 11.3090329085 1.6888818839
11.0246848547 10.6165766940 28.7914157689
11.6932378336 11.1022938734 29.2605689740
11.0948909303 11.8193933696 2.1450359125
11.5970868214 12.3331933303 2.6057332582
11.0616449845 11.7828502985 29.7713925177
11.5735554843 12.3207970948 30.3155374747
11.1266605015 12.8386495590 3.1350049247
11.6034622905 13.3557977210 3.6274030905
11.0608508657 12.8548711366 30.8112127231
11.6225831319 13.3064769817 31.3663245480
11.1279202375 13.8492869024 4.1758649171
11.6045629134 14.3723206253 4.6851695591
11.2691629312 13.7677208874 31.9182580084
11.0517473541 14.2053668893 32.4966819236
10.8481749983 14.5505095045 32.9516503966
11.6188871049 14.5352092388 33.0427518128
11.1436640321 14.8588073933 5.3024949556
11.6495624618 15.4027559854 5.7643678168
11.0705677421 14.9482538056 33.5582423130
11.7849099987 15.3478015684 34.3317019145
11.4884945384 15.7476920702 42.4651022543
11.5846096423 15.9276601387 42.0635856790
11.9016726019 15.5001259315 42.3337757560
11.9919429078 15.2630254013 42.9145331906
11.3188330619 15.8751559563 42.8202461298
11.5447442047 15.7826118635 43.3555952270
11.2645186489 15.9051728418 6.3552685520
11.6980702365 16.4279362489 6.7815589696
11.4228448937 15.6950758207 35.0454235557
11.1585991962 15.9934059565 35.8188645553
10.9610045657 16.2657853505 36.6132265211
11.6903295318 16.4969365956 37.4054649178
10.9452990284 16.4887257834 42.1976424536
11.4902560119 16.3679366033 41.5495606187
11.3575494888 16.2708773348 43.6348025276
11.4114573128 16.7260947893 43.7849281595
11.8387453256 16.2789553808 43.9358581571
11.3062006498 16.9123141050 7.3475413034
11.7080095174 17.4365115287 7.7995396225
11.4179869413 16.7369017765 38.1657516787
11.1857708008 16.9396089323 39.0115929434
10.9258309040 17.1102012880 39.8051082666
10.5355393596 17.3405810468 40.3957007951
11.4373365432 16.7945216955 40.7570267330
10.8039798343 17.0108960462 41.2520122857
11.9262093481 16.8765931084 43.8931262627
11.2797253212 17.4910879867 43.6418470419
11.3098005779 17.8805084248 8.3739576989
11.6960365153 18.4100317384 8.8984974995
10.4863908377 19.0376283627 11.2679876742
11.6688148291 18.5868252861 43.6486850680
11.2292253975 18.8179607993 9.6865256521
11.0740294364 19.4515870147 10.6986424333
11.7984720212 19.4500294035 10.1207085444
10.7674041223 19.7713316483 11.5414927847
10.4200562853 19.6178616097 12.1646215475
11.5675931728 19.4672705787 43.9398069458
11.6206538219 19.9477424229 10.7386285697
11.2003934348 20.3279790227 11.4358310750
11.9415265603 20.4441378025 11.1482165789
10.6785485547 20.3914762100 12.1935353841
10.3237777683 20.2880029731 12.8429442144
11.0340443724 20.0412424609 44.2438584462
11.5379365321 20.5984657574 44.7260558681
11.5893018437 20.9428709755 11.6926683988
10.9272021802 21.2055517004 12.2419391676
11.5773022510 21.6551994017 12.1069484892
10.4170577597 21.0572558067 12.8954081328
11.0974237392 21.1426766276 45.2185945777
11.7249660368 21.5260195299 45.8250553487
11.8484445722 22.3493319451 12.3036660063
11.4329048298 21.9214174827 46.4981606514
11.3302514084 22.2400169258 47.2871153117
11.2991814622 22.5143322571 48.1050598149
10.9307165600 22.7658361570 48.4518585651
11.4618782754 22.7174545113 48.7741525038
11.2682522114 22.9702314050 12.6421205849
11.5226736980 23.5601467770 12.9677208750
11.1079232236 23.0470488176 49.1108346716
11.0345938187 23.4836070765 49.8367930936
10.8251424340 23.8409885770 50.3110545636
11.6083726166 23.7637720557 50.5376917192
10.8597443983 24.0694331455 13.4483611859
11.2337396589 24.7484122960 13.7758203389
10.9667060179 24.2614649888 50.9688859726
11.6479597340 24.6699426171 51.8104273931
11.6752694115 25.4498775791 14.1242712782
11.2884385862 25.1573540367 52.4186018036
11.0469650787 25.6013985705 53.0172227356
10.8484401811 25.9836258412 53.5054005107
11.6869615667 25.8617012308 53.7467492693
11.0643203684 26.0519821663 14.5474234050
11.5381929636 26.6596867391 14.9643585528
11.1710383843 26.3732019403 54.3120337495
11.4089947588 26.7333693406 55.1074904087
10.9971425411 27.1937938246 15.4052092480
11.3973932075 27.7091516481 15.8019010352
10.7358615843 27.6128185619 18.6008120256
11.5339607745 27.4364366065 18.6119638161
11.0549806590 27.7531183748 18.1549175604
11.4271012500 27.2142267532 19.3467019838
11.4077108465 27.0256797177 20.0775367728
11.1756066195 26.9180325474 21.1754140173
11.1300138489 26.8927822596 22.2794680086
11.2660914673 26.9496057797 23.4882795490
11.2039714889 27.1596190187 24.6085552185
10.9189304054 27.7087016699 26.1006149930
11.2424424420 27.4410794038 25.6410224421
11.4707132153 27.6451380069 26.3829918088
11.2735455692 27.1004315997 55.6099385329
11.2129668144 27.5556983555 56.3339294839
10.8578643045 27.9397893375 56.7162559107
11.4615005407 27.8219191808 57.0626985368
11.7264182775 28.0940992354 16.1780122804
11.0517864406 27.9838358712 17.6247101289
11.1093831374 28.2306680032 17.0017998468
11.1123503294 27.8719894462 26.8181192925
11.0898648631 28.1016257626 27.7473384093
10.6702903371 28.6316217964 29.4047819028
11.1205938203 28.3330009838 28.7910945974
10.8771451624 28.7320364003 30.2891385791
11.4559697784 28.4505069749 29.8831650559
11.1116125928 28.8392534787 31.0913087051
11.5844367149 28.6042497467 30.7896507368
11.5798864771 28.7840847268 31.4455713249
11.1901282836 28.1971894365 57.4751306218
11.2514101999 28.6175484606 58.3707596738
10.9252360622 28.9608178573 58.8044115012
11.4980041125 28.8320317131 59.1430836076
11.3960536966 28.2924105343 16.5263186513
11.2434792610 29.0587014076 32.1204272590
11.1035484583 29.4018846426 32.9085565783
11.4709368477 29.3767721648 32.9331643995
10.9762651717 29.4785792830 33.3881943788
11.1169944946 29.4704865867 33.8233880759
11.3088766592 29.2706367601 34.3831008427
11.3885804072 29.0249659919 35.5259016190
11.1657873010 28.9662929217 36.6692622527
11.1252250357 28.9672281752 37.7372248015
11.2521257418 29.0037953631 38.8952585355
11.1378035588 29.1468637966 39.9917666187
11.0745162857 29.3473138437 41.1631832529
11.3704695130 29.5614717292 42.0440624171
11.2615928505 29.1414152180 59.6437218217
11.3897780727 29.3817569487 60.6853168497
11.4007130492 29.5577953126 61.6394000597
11.3292091844 29.7604706055 62.4925165294
10.9881070890 30.0174040212 62.8523403865
11.4614412558 29.9501980791 63.1476233270
11.2942089105 29.5264512017 33.2375984941
11.3012524768 29.5507267272 33.5528446438
11.1153341523 29.7676590202 42.5116621919
11.2992347696 29.9692104109 43.3337621415
11.2036558015 30.3652281815 44.3751867650
11.4437008456 30.6729828862 45.1085641529
11.2299610882 30.3774734857 63.5725152991
11.3870308715 30.8731904106 64.3051837420
11.2596486644 30.9393850052 45.6365194667
11.1619142251 31.2865731290 46.4940287202
11.4641989407 31.5910730491 47.2179924148
11.3178685347 31.4361929073 64.7951385058
11.3397419013 32.0688634513 65.4311710359
11.2628107867 31.8456223948 47.7523087974
11.2329147281 32.0348833286 48.5034529056
11.2598847842 32.1557494001 49.3659450996
11.2470020994 32.2535130314 50.3320754590
11.1612742817 32.4085274999 51.3634154381
10.9263993774 32.8235920640 52.7927373649
11.0446112642 32.6375367134 52.2220821345
11.5741118816 32.7504915411 52.8869226305
11.5428978675 32.6908468776 55.6379798941
10.9110269644 32.8079667741 54.9802257701
11.1563889174 32.7588878077 56.4531725189
11.6951104485 32.9369434999 57.2008443276
11.4902106162 32.5666930690 66.0660013220
11.0712528368 33.2389272091 66.2358273197
11.6974953370 32.9181705116 66.8454189866
11.3925640466 33.3813160274 67.2384130944
11.8069957807 33.1084328016 67.4906967495
11.1922014403 32.9079503998 53.4588709635
11.1142866281 32.9151784805 54.2397029190
11.2825720966 33.3745873621 57.9256151522
11.4382229022 33.7804646436 58.5003457072
10.9722924658 33.9140443553 66.0105748643
11.1218336061 33.9112542838 67.0331516581
11.7443985264 33.4195368678 67.9979494777
11.3151042017 33.8698000904 67.9324600681
11.6904650362 33.7889031689 68.7108575999
11.2447055603 34.2049223540 68.6301327638
11.4707708387 34.1712224493 69.3739920549
11.3466046628 34.1560115587 59.1072394599
11.2753079809 34.5341700122 59.6867001734
10.7720077773 34.6695416222 60.8211790913
11.4993152081 34.5188970104 60.8820930021
11.0205146117 34.7224571279 60.3951823581
11.5980959700 34.4327435929 61.9284864639
10.6096962793 34.5650498872 62.9420192046
11.2357572496 34.4649133021 62.8751580020
11.5589844684 34.3781956189 63.9086519339
11.4648328627 34.3180678091 64.7651431348
11.4933236613 34.3425005119 65.9429022135
11.2815308906 34.4143355644 66.8748187659
11.7197867110 34.6328206971 66.8455078503
11.1201034731 34.6287806756 68.0988092387
11.1832943847 34.5589968446 69.9471453554
10.9002565106 34.9729682014 70.4474206533
11.5072659292 34.5947123810 70.8465487459
11.0547877480 35.0801194920 71.2693326387
11.5796296496 34.8630306149 71.6888915132
11.1913614799 35.1435113494 71.8186863344
11.4887563930 35.1731866758 72.3143409296
11.2685048486 35.5661296359 76.0106057721
11.4632894259 35.4021343015 75.3679183051
11.8373480454 35.2307863893 75.7707601981
11.9738125260 35.3254533976 76.4619659678
10.9100381600 34.7196501343 59.9581146203
11.6095283407 34.8620722317 67.5523760396
11.4808899874 35.3411770699 68.4353270786
11.1082801135 35.8348608433 69.1547732110
11.6017963139 35.8298983400 68.9506841377
11.3226810930 35.5395072781 73.0533201091
10.8373635311 35.9667491434 73.4780857046
11.3572048593 35.6488394653 73.8951643010
10.9204001546 35.9418954730 74.2969353174
11.5482398365 35.4860274637 74.6836403812
11.0098309353 35.7884756863 75.1442725151
11.5007802065 35.6187190599 77.0881570437
11.2965204295 35.8375388674 78.0240829988
10.9923303518 36.1092419769 78.7164198607
11.3581172193 36.4861517948 79.4345288154
11.5706009064 36.2866235199 69.5596503793
11.1216736022 36.8322266984 70.2221359520
11.6493478719 36.7959549801 70.0853768087
11.2224567636 36.9713791933 79.9577928914
10.8534428657 37.3425143293 80.1122215066
11.4606591245 37.3836081880 80.3632942581
11.5675797077 37.2482824468 70.6471418567
11.1630535442 37.7560121673 71.2777316075
11.6534368736 37.7287396562 71.1629365172
11.5863215050 37.9878800639 80.9223884666
11.5301009329 38.1344195013 71.6785465867
11.2985199394 38.4556214571 71.9739430931
11.4857707982 38.4935818626 71.9953992575
11.2949079828 38.4978739515 72.2108767799
11.5019652928 38.3465336688 72.8076723285
11.4586028130 38.3367048775 74.0200448795
11.3955677046 38.5556546252 75.1737800991
11.5786660537 38.8638774432 75.9707060671
11.5349323340 38.5155904933 81.6130663535
10.8826948669 38.9808427825 81.8467112602
11.6196710922 38.7955903251 82.5093842695
10.9211933608 39.1693213061 82.7969674975
11.6024933801 38.9214219374 83.4858194334
10.9443733840 39.2265808212 83.7735826245
11.5672534723 38.9920757558 84.3860753504
10.9985026022 39.2719265993 84.6840141469
11.5908571823 39.0844326237 85.1638588170
11.1585751979 39.3279800820 85.3985058431
11.6204534920 39.2306697434 85.7454610498
11.3680387344 38.5987021673 72.0715915013
11.4345316248 39.1257438726 76.5453950608
11.3455532527 39.5048104949 77.3619647009
11.5284782274 39.8894277656 78.0493790785
11.2800185260 39.5688471734 86.1018815069
11.1797742346 39.9671675871 86.8534755189
10.9183166582 40.3245597489 87.3076364095
11.6488610749 40.2658240327 87.5240353300
11.3773330356 40.1807694911 78.5805412993
11.1934810282 40.5713425732 79.2539980054
11.6735119443 40.9838993562 79.8489560267
10.9981676343 40.7811984944 87.9192508249
11.4394945013 41.3657812753 88.7273952331
11.3401384851 41.4705281847 80.4417432790
11.7332301082 41.8609308728 80.9996337417
11.3637433163 41.8837702830 89.3103929371
11.0492169646 42.2504098799 89.6199475455
11.7978149729 42.2075001032 89.8792241009
11.5238989244 42.2691516508 81.6104063536
11.0156865530 43.0472211944 82.8147924334
11.4199761753 42.7112540417 82.3828210793
11.5580005553 43.0448794155 83.0403149644
11.3468864124 42.6516220676 90.4179872339
11.2544503990 43.0607937313 91.3680184644
10.8872402282 43.3779556149 91.8103300389
11.3450885412 43.2474829395 92.0611084369
11.1116746395 43.4324914556 92.2392541957
11.5933784326 43.4894530726 92.6370643937
11.2181057648 43.3479873452 83.5303445778
10.9566167562 44.1415743642 84.8692386454
11.2740343080 43.8050478842 84.4347427622
11.5097538991 44.0964874512 85.0950360449
11.2757016587 43.9809494445 93.2778970238
10.8132568833 44.3259670410 93.4295184818
11.1344180099 44.3611580987 93.8628972449
11.1927115782 44.4007414545 85.5794218582
10.9286490982 45.1521446235 86.9225121209
11.2431210118 44.8310187395 86.4818613179
11.4481780235 45.1047708549 87.1398142923
10.8372702722 44.7843173245 94.1965540369
10.5764246679 45.2536731709 94.4494198677
11.0822844688 44.8102220325 94.5581923276
10.6975824844 45.2683997905 94.6351409573
11.1030594677 45.3691278011 87.6349267569
10.4448432864 45.8469387093 88.6781655178
11.0018363021 45.6789610948 88.6367977065
11.3459390983 45.8457168845 89.6779961776
11.5411759610 46.0800058693 90.3674152847
11.3476884690 46.2763421466 90.8506283032
11.0446444546 46.4575946219 91.3408592097
11.5359786488 46.5664477778 91.6904977837
11.6042536096 46.6294769082 94.6469235339
11.1785461402 46.6032285124 94.5355667336
11.3099796243 46.5974491814 94.7443012031
12.0628364114 1.2494623354 17.0470152980
12.5961184583 1.0523770820 17.6559537682
12.1504450083 1.0379638348 18.2908150246
12.6803722745 1.1893374302 18.9093662407
11.8465169858 1.9226509788 15.7922074632
12.5022351751 1.5737872114 16.4335992720
12.3227411267 1.4732945941 19.5365686423
11.9480112874 1.8621404047 20.1271815533
12.4528419505 2.2674310044 20.6919126413
12.0292551707 3.1424784937 8.7965282440
12.7615605597 2.8799027894 9.5597357180
12.5440727093 2.7093262036 10.4158230902
12.4155739526 2.6175831674 11.3513016227
12.3537720727 2.5709415708 12.3300200598
12.3188540482 2.5217752601 13.3063677352
12.2565006612 2.4183242358 14.2312746682
12.1095643322 2.2198228061 15.0633223544
11.9893871122 2.8053766737 21.2064126038
12.4234459141 3.4000859456 21.7318515377
12.1411972598 4.2245326742 6.7950415712
12.7403615815 3.8276577363 7.4220093950
12.3683799562 3.4601519970 8.0849942338
12.7243704090 4.0586646329 22.2371125504
12.0821798203 5.1575586869 5.6736598263
12.6031833184 4.6776356095 6.2236252668
12.1256610280 4.5738030916 22.6649870993
12.5807838616 5.1241152692 23.1313805470
12.0816983628 6.1749545422 4.6313128134
12.5907104839 5.6680131245 5.1560265356
12.1199688891 5.6129417811 23.6441144221
12.6572831535 6.0741968214 24.1403799378
12.0819443193 7.2028096809 3.6012789122
12.5973680269 6.6964951907 4.1196051803
12.2953950847 6.4959146860 24.7423154953
11.9216899529 6.9233290188 25.3755525184
12.4973284437 7.3631969102 25.9030242754
12.0840041966 8.2293909274 2.5821905404
12.5920381217 7.7215527643 3.0921209092
12.0439483851 7.9075087090 26.5237699963
12.6352523807 8.5667339107 27.1091996654
12.1429444903 9.2555403073 1.6673921584
12.6066737254 8.7437321416 2.1010513971
11.8949046930 9.0426865179 27.6147763158
12.1424756068 9.5475125997 28.0468899052
12.3390323752 10.2815807899 1.2495151184
12.7334516560 9.7679302308 1.3660788704
12.3912995893 10.0576944154 28.4646913151
11.8396503091 10.4753449251 28.7849411126
12.5763378481 10.6201423579 28.9122936802
11.9447875502 10.7956413918 1.3672354120
12.5384221735 11.3066706530 1.6724033277
12.7715326312 11.2281594714 29.3917312459
12.0757164533 11.8211842320 2.1069645065
12.6013073591 12.3301643182 2.5946117296
12.1310088510 11.7585069111 29.8313882713
12.6078222061 12.3212745087 30.3359175269
12.0981260311 12.8460042242 3.1030154556
12.5993848371 13.3556637725 3.6161606530
12.0955659509 12.8341865667 30.8487307451
12.5939425067 13.3363007709 31.3882913269
12.0946657070 13.8703771578 4.1348212279
12.5908537601 14.3813906541 4.6472768266
12.1115343443 13.6812131400 31.8429067652
12.0466407106 14.1221133795 32.4475537513
12.3853880890 14.5143443944 32.9955417603
12.4443195722 14.8472436860 42.9902588123
12.4359351503 14.8542130534 42.7714815509
12.8044485507 14.7337612517 42.9204737512
12.7013055298 14.9793090456 43.2870761212
12.1025866699 14.8941916025 5.1884344316
12.6005906971 15.4082363332 5.6849119852
12.2915827671 14.9358028697 33.6039630279
12.7996140383 15.4024215204 34.3187623873
12.3062276440 15.7701279723 41.8572613299
12.3602183822 15.1362854548 42.4450664801
12.1782986568 15.4391598737 43.5784519968
11.8112423183 15.8567899678 43.7792305066
12.3277553884 15.8290443304 43.9365746736
12.1352031423 15.9236351442 6.2262363400
12.6126253772 16.4351109739 6.7117212377
12.4383692712 15.7064279427 35.0456249999
12.1683067576 15.9806179605 35.8200114688
11.9482418097 16.2446449637 36.6254741559
12.6497355180 16.5439468788 37.3682477466
11.9593697323 16.3305016851 41.2580541893
12.1242485218 16.5393495654 40.8920326072
12.4174764799 16.2450259621 41.3092021777
12.4156227228 16.3539845306 44.0250641482
12.1486336210 16.9463934591 7.2473426673
12.6145229145 17.4563142060 7.7410735820
12.4156742634 16.7538106186 38.1766139052
12.2465814831 16.8885538564 39.0617095647
12.1271355450 16.8310487477 40.1771408196
12.5953370066 16.8683333398 43.8856420172
12.2283472979 17.6207304113 43.6537094370
12.1479233072 17.9537680541 8.2903357427
12.6096025126 18.4537246218 8.8073229007
12.3800761631 18.3021561732 43.4744156980
12.8847538492 17.9798331332 43.3216732718
12.8249650108 18.4958982302 43.3137588820
12.1525631659 18.9424597781 9.4257585450
12.6247167316 19.4194888041 9.9234168685
12.4666283011 18.7465574292 43.4889421860
12.4789519993 19.3390255417 43.7612544257
12.2608089487 19.9408350130 10.5256719299
12.6769545443 20.3903445429 11.0596110773
12.0364400090 20.0144215513 44.2519902185
12.5663921830 20.5828900836 44.6952578941
12.4956063820 20.9675033819 11.7310010720
12.6090509678 21.5124861976 12.1001839001
12.1216186904 21.0771845530 45.2471341651
12.7460588033 21.5101838335 45.8163328427
12.6658484913 22.3718517688 12.2796062736
12.4641504843 21.8514466735 46.5120149965
12.2573328781 22.1168459749 47.2614452659
12.1604249394 22.3516813217 48.0371936789
12.0828963771 22.5986062686 48.7578060829
11.8715150805 22.8544987525 49.2389498998
12.6307116254 22.8570386497 49.3858118873
12.1241249018 23.0014952818 12.5631412609
12.5002700995 23.6101833729 12.9276360449
12.0326394465 23.2502773696 49.8847081098
12.6494222363 23.7083297851 50.6766033179
11.9024205156 24.1845753349 13.3391571580
12.3064354856 24.8306165909 13.7217336030
12.1235769129 24.1819455112 51.2476011933
12.7177677392 24.6040900328 51.9216237215
12.7216296561 25.4670927043 14.1207577268
12.3397280554 25.0339013920 52.5288703088
12.0147603787 25.4475423899 53.1520379920
12.6889824581 25.7657030281 53.8280438538
12.1246485091 26.0811146512 14.5297087869
12.5821968098 26.6296656876 15.0064656508
11.9950117383 26.6896938284 20.7990075978
12.6808807053 26.4658727424 20.2845977302
12.1438109601 26.7824141084 20.0272664561
11.9184939681 26.6245867171 21.8424546040
12.7390376257 26.2430202668 21.3038344635
11.9257217305 26.6594437138 22.9106047695
12.6719140580 26.2370809367 22.5424711837
12.0631637340 26.7179297122 23.7326384489
12.6052330119 26.4129572982 23.5665553166
12.5496118694 26.5892538714 24.2569862243
12.3509323858 26.1640513178 54.4664736359
12.1123825954 26.5471808406 55.1039081613
11.9505997107 26.8604763397 55.6163770449
12.7367484810 26.8250473670 55.7691627455
11.9844700021 27.2020801833 15.4271060405
12.2864600974 27.6711453549 15.8961491978
11.5493751605 27.7590011500 17.9004460053
12.1740825609 27.5583340449 17.8488018633
11.7842676961 27.9474874676 17.3633172196
12.4494651040 27.1617430463 18.4328241759
12.0653663226 27.0137945255 19.2944800197
12.0131664382 26.8757506473 24.4350077517
12.2161512593 27.0512072124 25.5000962099
11.8213600020 27.6901919737 26.9183956644
12.2032205095 27.3830476376 26.5454571854
12.3625488308 27.5683445285 27.3489656741
12.2369420862 27.2138349714 56.3222810984
12.1017937705 27.6273465627 57.0774851895
11.9408294924 27.9297023458 57.5827209394
12.7116885153 27.8805078470 57.7877067767
12.4201405304 27.9918814083 16.2967223617
11.9309262397 28.1671718295 16.8278002960
11.8519002844 27.8368855172 27.5614280841
11.9508526848 27.9765781037 28.4688553802
12.1120453042 28.0963185127 29.5007708157
12.3757460363 28.2189564731 30.6448478678
11.8427014599 28.7999963008 31.8165646808
12.1640179332 28.5521422706 31.4606440341
12.3835953627 28.7292626677 32.2675854978
11.9959921644 28.7623537860 36.3648214605
12.7594968458 28.4749541826 36.0305075211
12.2193807255 28.7925326977 35.5908839902
11.8801528779 28.7473098989 37.3585845995
12.6031296075 28.4481229757 37.0164313607
11.8938699727 28.7671304736 38.3480151545
12.5499769792 28.4600698233 38.0058623565
12.0262068163 28.7885877485 39.1310585746
12.5524227092 28.5214442186 38.9379540027
12.4770045415 28.6456218389 39.6265176986
12.2212433578 28.2659877036 58.3308075807
12.1160489939 28.6505032580 59.1379447377
11.9854583339 28.9092677145 59.6956031965
12.7498489076 28.8690809472 59.8957599191
12.0053276449 28.2327401395 16.4668168244
11.6104609097 29.4481330684 33.4140802414
12.0664272752 29.1151442226 33.0559038486
11.4729586083 29.4605912038 33.8291816207
11.9424071462 29.2312964508 33.8833949762
12.2267546765 28.9385094330 34.7559164904
11.9366673819 28.9054614527 39.8165193863
11.9921556848 29.0366842589 40.8083800561
11.7681044174 29.6648822448 42.7176120695
12.2209225483 29.2411366371 42.0462972757
12.0784198201 29.7878733848 43.4175244186
12.5355893440 29.4643347260 43.1491092381
12.6291775902 29.6717358662 43.8234738639
12.3317605315 29.1617369572 60.5555022642
12.2762378952 29.4146574596 61.5893776911
12.1697299319 29.6150278625 62.4690581886
12.0030898162 29.8413883367 63.1514707570
11.7709378695 30.0351614980 63.4676964236
12.3523618380 30.2099912924 63.7873348576
12.1817357748 30.0182759939 44.1960171381
11.8539316508 30.7677575756 45.5734668692
12.1823017901 30.4193831593 45.1627431322
12.3978368213 30.6697313906 45.9140027312
12.0425223602 30.7116433474 64.3334823890
11.8058747276 31.0433070436 64.6425302041
12.4721867278 31.3421569122 64.9683983588
11.9605009029 30.9812709590 46.2151593033
11.8702496527 31.6757183247 47.6580352940
12.3188639051 31.2480373270 47.2466496134
12.3489031741 31.5875167224 48.0148976141
12.0295610245 31.8061245573 65.4810606679
11.9285669944 32.1845484509 65.9338655466
12.4338965408 32.1504331975 66.0033323049
11.8966990088 31.8510156745 48.2612412854
11.9830069197 31.9675547162 49.0870815084
12.0672340185 32.0570893706 50.0532656336
12.2021370528 32.1621978610 51.1934751108
12.0257102242 32.4430963944 52.3043360084
12.2014571611 32.6169360677 53.1280031056
12.5292588160 32.4856043846 55.3386682681
11.7424831128 32.7632290298 54.7953276829
12.3101705874 32.5990365970 56.5114525400
12.5472484574 32.7773752473 57.3696322062
12.4027247155 32.5706826953 66.6585211620
12.2967161608 32.9133830266 67.4354384760
12.1799622289 33.1583208464 67.9461132176
12.8206631097 33.1559997974 68.0767544242
11.8845713266 32.8006588440 53.4615054653
11.8259773545 32.8292804239 54.0429707757
12.2844359268 33.1293353390 57.8940081441
11.8034475521 33.8673462232 58.7461953659
12.0558124118 33.5567644907 58.4418258723
12.3497270616 33.8448912785 59.1347366967
12.4236132704 33.4593373630 68.6617933090
12.2352926598 33.8391618575 69.6308925330
11.7866052476 34.1912292439 70.2021582451
12.3639549084 34.0261146478 70.4528995396
12.0973313385 34.2542852930 70.8367363721
12.6794915714 34.2067219403 71.0316749642
11.3483672856 34.6232547263 60.1330489027
11.9819945003 34.2987082188 59.9638767001
12.2247788366 34.3165726610 60.7088964644
12.4953995599 34.2264272508 61.5120245060
12.2709430067 34.2837255837 62.6211950052
12.2228091869 34.2826006129 63.6261211239
12.2446993657 34.2647935670 64.6130473829
12.2423320776 34.3072584229 65.6284615859
12.0724331467 34.8171143945 67.3050713005
12.3220708435 34.5089778099 66.7319578551
12.5614660315 34.7576640313 67.5327093477
12.1875616754 34.5240012931 71.4513946058
12.2415111747 34.9000567296 72.2877382158
11.9630541801 35.2061020554 72.9566162618
12.5335454447 35.1836531816 73.0150489330
11.8432886075 35.2392724700 75.2345998978
12.1132068164 35.2535826336 74.8681019435
12.3292563197 35.1684523418 75.4768648798
12.3075188588 35.1768191289 76.0601710221
12.6424230190 35.3417197470 76.5728655964
12.2521372473 35.1071685363 68.0393490251
11.9145221220 35.9447751219 69.1150210335
12.1169919437 35.6000283702 68.7566329170
12.4315342907 35.9549009209 69.3823553730
12.2778240134 35.4067455620 73.9902242305
12.4416425100 35.5210040769 77.2369033108
12.1916167938 35.7385233063 78.0230225330
11.8602689935 36.0165057370 78.7874713655
12.4114533786 36.4011551880 79.4637213687
11.9136061359 36.9146857595 70.2689155254
12.2321721641 36.5375547023 70.0135507453
12.2564618914 36.9585361198 70.5441720392
11.9705652969 36.8786549540 80.0116635128
12.4249405478 37.5166330085 80.5957025779
11.8873649609 37.8364297441 71.3713599408
12.2411976492 37.3988876727 71.1398363682
12.1326023667 37.8714645759 71.7387009057
12.2696653214 37.9697136921 81.0991989060
12.0757443565 38.2357370077 81.4414950918
12.5746401235 38.2504278847 81.4383819696
11.4821588416 38.5358343569 72.2323329442
11.8252868725 38.2753231427 72.2149870683
12.1358271617 38.1695642328 72.8562208838
12.1366614402 38.2019563336 73.6494449060
12.2666537683 38.2829594925 74.7929854866
11.9759644529 38.9832929093 76.4398335466
12.2670862509 38.6175303374 75.9310935031
12.5063164811 38.8658629156 76.7095752646
12.5275815429 38.5828010802 82.1796938224
12.4011590788 38.7604556306 83.3106695495
12.2788376726 38.8485391269 84.2549105413
12.1032985579 38.9358328372 84.9513718076
12.2191211049 39.0960006776 85.6767430392
11.9535461818 39.3416830924 86.1857565356
12.5035196340 39.3277582039 86.2880939960
12.1590463409 39.2321426370 77.1520815907
11.9225506173 40.0577817728 78.4882297381
12.1650139195 39.6794341090 78.0267193075
12.3823880558 39.9791526803 78.6852088253
12.1890405202 39.7334789609 86.8489026836
12.5939143311 40.2735754161 87.6805934961
12.1476278541 40.3941718599 79.2274788492
12.3024482129 40.8832078274 79.9325445635
12.0395991052 40.7660744982 88.2054808621
12.5177593532 41.3332023834 88.8173275318
12.2274301781 41.3229604341 80.5150486470
12.3274461195 41.7655549208 81.1536237697
12.1146690681 41.7967889677 89.3630794486
12.6177995721 42.2533339047 89.9382618062
12.1018080248 42.0833375314 81.5023138595
12.2830182034 42.3404432770 82.2252430231
11.9423495448 43.1485163600 83.5501414054
12.2901341640 42.7699093172 83.1468706494
12.5221376821 43.0214970844 83.8882252923
12.3569805529 42.5683488186 90.5548146452
12.1459972221 42.8808533629 91.3090424368
11.9500771281 43.1521438892 92.0706416362
12.5163758438 43.4052129208 92.7394425157
12.1490241845 43.3947393789 84.2842029635
11.9154845514 44.1817511984 85.6045981173
12.2344449815 43.8038502279 85.2047624233
12.4958581618 44.0432956476 85.9426793843
12.2578484880 43.7461948933 93.4154107866
11.9282594015 44.0864159764 94.0039439940
11.5159546427 44.4131676861 94.3782845386
12.2659726831 44.2069594607 94.4400195609
11.6595449472 44.4401852398 94.5815264952
12.1104581940 44.4195821539 86.3323079701
11.7880282758 45.1722351186 87.6313886016
12.1219151124 44.8187031944 87.2338076304
12.2925135295 45.0391691634 87.9769680128
11.8449262027 45.3504666329 88.2956329068
12.1364650176 45.5140170170 89.2991736099
11.9719893745 46.1786535599 90.8220802787
12.2458532233 45.8451999616 90.3450476503
12.5092637383 46.0617720280 91.0556072238
12.2258675433 46.3666277511 91.5369940055
12.4767994035 46.5565665240 92.1960370194
12.1769814868 46.5861718802 94.5889290013
12.1405169124 46.6028282111 94.4426282613
12.1453155516 46.5344971102 94.6662438143
13.0561901525 1.2613874656 17.0385041795
13.5444996280 1.0923365635 17.6236620533
13.1185531876 1.0543291901 18.2676751953
13.5867084995 1.2633641467 18.8755964535
12.8874420947 1.9392007325 15.7899845994
13.5177714588 1.6124141418 16.4384528280
13.1411391942 1.4530908590 19.4275517848
12.9832662291 1.8493494034 20.1043586519
13.1075359686 2.2317608146 20.6385905657
13.0609080151 3.1391017235 8.7930523425
13.7700228154 2.8526700150 9.5337429185
13.5445525141 2.6791883090 10.3757059953
13.4207560543 2.5964314949 11.3194989848
13.3589435654 2.5644284609 12.3090020709
13.3322431980 2.5328540694 13.2933422572
13.2967792499 2.4458865251 14.2295039557
13.1637754409 2.2501543676 15.0668378883
13.1832806622 2.7571267946 21.1213428799
13.5052267844 3.6115932219 21.7856113060
13.1453992780 4.2425500666 6.8114693290
13.7328982588 3.8713432300 7.4457462348
13.3972725140 3.4766093325 8.0939330965
13.5109841063 4.2577111726 22.2903414987
13.0892505874 5.1716357055 5.6962991040
13.5796595379 4.7069798799 6.2631594659
13.0523731914 4.6473273535 22.6768572415
13.4615667092 5.1634445151 23.0630548360
13.1085477738 6.1972641198 4.6495909857
13.5934654515 5.7023787057 5.2009871426
13.0892218368 5.6318500944 23.5734974387
13.5498527443 6.1275746958 24.0310736044
13.1084068018 7.2240698707 3.6109931968
13.6241813847 6.7412801313 4.1445062228
13.1376144103 6.4696381623 24.5579910059
12.9990838468 6.9325005843 25.2302866492
13.1547038982 7.3413991598 25.7653073490
13.0946597352 8.2407658725 2.5952763315
13.5985800552 7.7559713682 3.1118628440
13.2964635754 7.8554695548 26.2616734257
13.7300067051 8.5488062075 26.8573788140
13.1520849845 9.2571044500 1.6852480764
13.5950605214 8.7568800306 2.1331358198
12.6270546460 9.1513424830 27.6773615169
13.4143942621 9.1050404348 27.4771363046
13.3538866596 10.2781423570 1.2602658846
13.7336650294 9.7688791922 1.3994300316
12.9816535096 9.6110576847 28.0319876467
13.2510657403 10.1692112334 28.4842524296
13.5697089821 10.7794269414 28.9556087544
12.9641101766 10.7916804832 1.3652227572
13.5621022933 11.2936944274 1.6838852994
13.6009908218 11.3594217864 29.4353231676
13.0979931685 11.8122454123 2.1107811993
13.6305763960 12.3050528549 2.6235724916
13.1322726933 11.8016570523 29.8505101772
13.6211710715 12.3499072443 30.2886963278
13.1159673659 12.8322678926 3.1144831392
13.6051473001 13.3286565095 3.6497900413
13.1161126211 12.8680757761 30.8367522843
13.6045318507 13.4533710375 31.3693151548
13.0912956880 13.8603906267 4.1360361508
13.5627044060 14.3553118456 4.6585741578
12.9812437424 13.8973199396 32.0232674647
12.8325991714 14.3180516953 32.6337075082
13.5778540730 14.3928606540 32.5079183820
12.7609628083 14.8270028513 42.6125690680
12.9246141455 15.1336374959 42.3176821662
13.3327158670 14.8325267964 42.7342082974
13.2466293042 14.7885952142 43.1124583429
13.4842922415 15.1222944961 43.4465278388
13.0812787910 14.8854048153 5.1601880028
13.5536869578 15.3778454533 5.6762936862
13.0966641815 14.7017067384 33.0937380022
13.3065378929 15.1320622520 33.6779619171
13.5486291504 15.4782976164 34.1892743979
13.1367140771 15.5548670022 42.0573174589
12.8460290351 15.4158775623 43.7421105401
12.9112488773 15.9607344946 43.9459606482
13.0859351520 15.9118476751 6.1877337936
13.5537162143 16.4031309977 6.7012059978
13.4603229800 15.8246872219 34.9258640977
12.9850994185 16.0150849636 35.6725831636
12.9747824313 16.3130322076 36.5167571415
13.3811208593 16.6561270242 37.2501651406
12.5900704320 16.5027402940 40.9889125289
13.0321198874 16.1544588783 41.6249542946
12.9022228574 16.4372936040 43.9637810516
13.0882668123 16.9372600085 7.2147749513
13.5516700429 17.4209526434 7.7307845880
13.3721667511 16.9286147285 38.0862523396
13.0303742096 16.9871317750 38.8764403019
13.1848890261 17.0853243078 39.8983349791
13.1192394690 16.7561296064 40.9638893006
13.0259031547 16.7101160628 43.8322406497
13.0709685643 17.1756062776 43.5072581899
13.0847286464 17.9473736385 8.2537943719
13.5355159280 18.3882282352 8.7872948440
13.5098059946 17.7372663296 42.9273897055
13.3901491361 18.4257827293 43.0471957512
13.0664688242 18.9032201620 9.3395562085
13.4633140784 19.2461165685 9.9157530041
13.4355399333 20.1008654991 12.4936460109
13.6679786669 19.6766355182 12.2508361917
13.4110571569 20.2043161133 12.0164332646
13.7044913116 19.6838941100 12.7255049906
13.1145226079 18.9392749742 43.3369141576
13.5040479178 19.5256483068 43.5638495775
13.0271458354 19.7997664042 10.4762177324
13.3081632766 20.1171808216 11.1257916865
13.0865316918 20.7231267138 12.2101189632
13.1519210087 20.8442146190 12.0259838082
13.5856794744 20.0411073252 12.9410204775
13.4106577845 20.4843842246 12.7656119565
13.6958396742 20.3249897354 13.2398089142
13.0516640294 20.0505826636 44.1235898137
13.5239254840 20.6788973203 44.5710021713
13.0725571803 20.9049519730 11.6681230963
12.9511968303 21.1744168335 11.9718630251
13.2683558256 21.0272065730 12.4479419098
13.1309403870 21.7361076386 12.1162883177
13.6495722263 20.7658141005 13.1243123773
13.0990375387 21.1119215667 45.1877669297
13.6505098780 21.5967664873 45.6866848674
13.2818395568 22.4855359474 12.3812390240
13.4317377630 21.9107041126 46.4232526878
13.1908351968 22.1513102293 47.2341760106
12.9020664547 22.3013871429 47.9010193608
12.9951509272 22.5587635480 48.6874927588
13.4266615537 22.8730081325 49.3462804891
12.9838332109 23.0216161333 12.5890927668
13.4291590961 23.5956792097 13.0004620563
13.2812301183 23.2640215880 50.0163832282
13.6760049838 23.7591237877 50.7598595246
12.9153978277 24.2155988232 13.3358417623
13.3121098664 24.8330065977 13.7472701523
13.1704828580 24.1673542470 51.3399937923
13.7022304112 24.6046230988 51.9270567968
13.7075566236 25.4203310603 14.1779434702
13.2519638025 25.8454183516 21.9973759336
13.8734809782 25.4616338338 21.6375087979
13.3969773723 25.8275425097 21.2424013817
13.2786687800 25.8419116051 22.7496381381
13.7803991275 25.5066913426 22.5589130179
13.6790425001 25.6481221419 23.2388243293
13.3421994204 24.9958299153 52.5278162029
13.0263603928 25.3850496546 53.1749157274
13.6570072731 25.7376705191 53.7621770744
13.1567657459 26.0372837487 14.5743531574
13.5491713518 26.4835093721 15.0929697211
12.8574014290 26.7736070090 18.9184416764
13.6161659442 26.4938263907 18.4882881621
13.0718315183 26.9365939682 18.2170884193
12.5976653445 26.6837529050 19.6121291605
13.2197514133 26.3834427172 19.5108164053
13.4387831691 25.9919104216 20.4182879672
13.2088527235 26.0081330850 23.4348582927
12.7734841889 26.6614960597 25.0217367874
13.3267492229 26.2027051356 24.5186567212
13.0136900898 26.7537569339 25.7867660640
13.5095608476 26.4137106852 25.6134799102
13.5261910832 26.6176735266 26.3047364009
13.3746503641 26.1043145185 54.4436469946
13.0704635418 26.4724227620 55.1335346647
13.6864751319 26.8247268246 55.7414326591
13.0519775314 27.0671660370 15.6081893358
13.0105352781 27.5289367906 16.1970929838
12.8073431425 27.2749975752 17.8070320075
12.6522637248 27.6900160405 17.1360357043
12.9999480169 26.9621647028 26.4706202306
12.6137623332 27.6248415048 28.1451196127
13.1881501003 27.1777859120 27.5909964555
12.7724368980 27.7228876984 29.1338472137
13.3899132228 27.3307698364 28.7737757294
12.9369187294 27.8112208212 30.1260538749
13.5273285744 27.4223928293 29.7804708510
13.1683338505 27.8738472861 30.9452307437
13.6565704867 27.5188576988 30.7162360131
13.6670140358 27.6873263321 31.3769440981
13.3454097908 27.1748094024 56.4368891686
13.0187255852 27.5325174011 57.1429341160
13.6150697094 27.8798385480 57.8179527071
12.8343048680 27.7953876932 16.5706182513
12.4218705983 28.0667325382 16.6305567486
13.2156190706 28.1197116528 31.8119448426
13.1822619561 28.4634818272 32.6479270631
12.7031229166 28.6413809191 35.3007692780
13.1527677282 28.3632727403 35.4286444724
13.0786561660 28.5266905297 34.7778705976
13.3662279509 28.1386541782 35.9101012939
13.2662898716 28.1040568323 36.6809754971
13.2112358746 28.0925020676 37.6576647940
13.1994942807 28.1366297923 38.6819109709
12.6610227185 28.6673377284 40.4205733882
13.1761991803 28.2710238011 39.7875198526
12.8320025682 28.7743907652 41.4268475888
13.4882117674 28.2827184783 41.0240086769
13.0466005289 28.8556071969 42.2281015151
13.5296996172 28.4836079720 42.0199275966
13.5308674563 28.6741227991 42.6969120785
13.3096660498 28.2249286507 58.4896641847
12.9967182351 28.5602246902 59.2013154406
13.6203284932 28.8926129869 59.9005469305
12.8214125371 28.7604476034 33.0200639334
12.7903882162 28.8035826578 33.8515865200
13.0967110215 29.0445569437 42.9332334966
12.9283634342 29.7265032028 44.3797658786
13.4250824725 29.2345929343 44.0367217769
13.4224843855 29.5995088119 44.8351449371
13.4138108768 29.1846914110 60.6732379012
13.2290004965 29.4264065508 61.5632988292
13.0691141231 29.6213340977 62.4621765686
12.8393288518 29.8657198673 63.2272253947
13.4687387724 30.3381255225 63.9018969884
12.9501914561 29.9815821988 45.0375441641
12.7253979413 30.7854063954 46.6195328657
13.1963623495 30.2661755214 46.0990155126
12.9569200649 30.8784583964 47.1840353930
13.4213819489 30.5431178268 47.1293905686
13.2915276444 30.8729071682 47.7651616195
12.9477018376 30.7430296667 64.4184453185
13.4751869823 31.3370245414 64.7536822244
12.5817590684 31.6640140575 48.7626811948
12.9699686981 31.2855927023 48.2878034511
12.7476979184 31.7490823516 49.7054567309
13.3948702573 31.3083651952 49.3342141057
12.8557508932 31.8422980832 50.6767505737
13.4664340660 31.4702867352 50.3585261527
13.0070181315 31.8981291091 51.4560325918
13.5181758235 31.5889730112 51.2662551752
13.4453240313 31.7454570389 51.9458262647
12.6899846799 31.9347701625 65.6343878431
13.3345859651 32.0854846777 65.3485045284
12.8900624479 32.0673636047 52.1449758527
12.4152582961 32.6148896480 53.7882209357
12.8771029999 32.2581018475 53.1842687468
12.3554006088 32.6323961331 54.4815894827
13.0337053335 32.2720137658 54.3869217820
13.3117650964 32.1210847274 55.3036723315
13.2481465501 32.1998117322 56.1865405792
13.0058564723 32.8489431293 57.9046846845
13.4841049351 32.3405523020 57.4105101621
13.5506056520 32.7141978555 58.2242460339
13.0677732169 32.5034670234 66.2639163426
13.2853867052 32.8441391988 67.1656205103
13.0241293748 32.9190816170 67.5514663407
13.5546749807 33.2888059991 68.1026126668
13.1419071112 33.1981031122 58.6995026585
13.1380150711 33.6263364440 59.4597882909
13.2121013190 33.9430639061 61.7761034728
13.7095490784 33.6137520489 61.4861040319
13.1700331532 33.9504219119 61.2287874620
13.5529793123 33.7447846898 62.1904747618
13.4245954712 33.5218110497 68.6418185241
12.9707687446 33.6732001893 69.4520401478
12.9986039658 33.9353195582 70.3349780630
13.2603667816 34.2221841303 71.0316431705
12.7860847364 33.9471564292 59.8192344843
12.8271330372 34.0638454923 60.5749362138
13.0393781133 34.0248862134 62.4070893973
12.9807697286 34.0305261590 63.3165735666
12.9585221228 34.0005635397 64.3100883648
12.9203707377 34.0258059442 65.3131521484
12.9495130205 34.1217777610 66.3382292315
12.9143465138 34.8661665974 68.0714162282
13.2121930963 34.2988381900 67.6039591959
13.3358371623 34.7562868965 68.3575146311
13.0393785970 34.6135277626 71.7542682936
12.9063014238 35.0217321371 72.5431204398
13.3512412563 35.0330888177 72.3103511020
12.5300674884 35.2709376900 74.9512027449
12.8124877205 35.3118330735 75.4492975036
12.7760457219 35.2846165138 75.9879711754
13.1351396093 35.5584703950 76.4748932501
13.0595615923 35.2419740408 68.8549090137
13.1386625816 35.7365835542 69.6297931993
13.1986818118 35.5630002268 73.1410781981
13.1068523211 35.7538853821 74.3039682007
12.9520856649 35.5432658680 74.9651560831
13.1610441080 35.6953786382 77.1445800756
13.1572955283 35.8688199964 78.0291625871
12.8161090252 36.0544295539 78.8014856635
13.3660151188 36.5445557136 79.4458668371
12.8644440879 36.1527132773 69.9586928497
12.6196720793 36.9666755215 70.8583918285
12.8802513939 36.5262449379 70.5762778345
12.9314316464 36.8930610782 71.2734557821
12.8748041394 36.9053400742 80.0048573680
13.2809843143 37.4315566869 80.3201440686
12.4549022734 37.8748266946 72.4169787817
12.7260938016 37.4019378143 71.8676461733
12.6441337176 37.8663773634 73.2332104881
12.9975100589 37.3896217287 72.6967637524
12.7481272542 37.9038500116 74.1382550309
13.1220242838 37.4185001584 73.6045979472
12.9079452946 37.9334395166 74.8975443501
13.1990528261 37.4969424290 74.5114578897
13.2336998591 37.6720389698 75.2469594868
12.7429003958 38.0141658017 81.0736958134
13.1132949991 37.8949348237 80.7752781146
12.9215542016 38.1232288537 75.6334596604
12.8342994582 38.9410851111 77.2417434620
13.2257366744 38.3541927082 76.8016756104
13.2722463841 38.8200625144 77.6540903398
13.2809063146 38.5991073113 81.4066713639
13.5026947673 38.9362703046 82.5357843450
13.2631370626 38.8464967315 83.2869838156
13.1057888909 38.8724329089 84.1985649202
12.8666183724 38.9756694217 85.1403996891
12.8949335660 39.1809183981 85.9261565203
13.5511911138 39.2447299148 85.7490478582
12.8367283288 39.2446558103 77.8670454904
12.6352308340 40.0230099290 79.0179467825
12.8981110721 39.6197730937 78.7036900652
12.9365742128 40.0175503536 79.4514946293
13.2204752286 39.5391826201 86.5130743214
13.1118871473 39.9471497150 87.2079705788
13.4636498815 40.3824863481 87.7076016380
12.5867395602 40.9565015744 80.2252496235
12.7495991480 40.5732679881 79.9521617664
12.9013477607 40.8930194973 80.5687571028
13.0074601397 40.8281046462 88.2641956329
13.4608222234 41.5556233803 88.7466982002
12.6773245123 41.8831860973 81.7406337747
12.8535156030 41.3867398471 81.2040935077
12.9800983969 42.0068830630 82.3815496501
13.4077749110 41.3816302151 82.1393961134
13.4129435355 41.8823762733 82.8358624806
12.9596053049 41.9293808537 89.3723420998
13.3353748843 42.5654080887 89.9226790388
13.0036558223 42.3046812763 83.0221757037
12.8758633584 43.0823189270 84.4363276321
13.3025056827 42.5651474581 84.0543581210
13.3539917729 42.9463898333 84.8451415767
13.0595455231 42.6608238718 90.4693737019
13.0918782013 42.9716217309 91.2344826467
12.7776144297 43.1576530172 92.0462095475
13.1992517317 43.4629883649 92.6372132545
12.9425115797 43.3368694452 85.0749249282
12.8377627785 44.0944973920 86.4893169146
13.2719590813 43.5619920125 86.1036425905
13.2945385138 43.9281146022 86.9117690245
13.1205091125 43.7376954442 93.3039704237
12.9598248942 44.0615171933 94.1242697856
13.0809772817 44.2381422848 94.5347539898
13.3586851073 44.2741151427 94.5058798377
12.8379323794 44.3413568897 87.1212707136
12.5837029621 45.0936632456 88.6872496109
12.9273702705 44.5931458963 88.0706421339
12.8550896746 45.1553547405 89.3870876495
13.1937684963 44.7107750490 89.0638022999
13.2550115291 44.9362343223 89.7412780888
13.5958024432 44.5432753463 94.5926253823
12.9037457812 45.3632670101 90.0646032836
12.8063640394 46.0806050833 91.4183847087
13.2202986412 45.5910621270 91.1170408347
13.1646666216 46.0846039309 91.8937000071
12.8293641145 46.3835653925 94.4201762246
13.4789572785 46.0889755740 94.2285747803
13.2888138133 46.3421240276 93.9795626513
12.8381484227 46.2710491058 94.6130498709
13.4909486980 45.8201746601 94.4986836650
12.9875593398 46.5482831859 93.0085185238
13.1090672428 46.3828707081 92.5358643740
12.9356089135 46.5185793297 93.8733257699
13.3273536921 46.3991317499 93.3995709975
13.9799206912 1.3282537673 17.0425230373
14.2721265665 1.1948804608 17.5583362592
14.0823114416 1.1593778402 18.1915585998
14.3040474997 1.3900868053 18.7986363803
13.9670609778 2.0253007593 15.8116961396
14.5019943503 1.7419981950 16.4849280460
14.0309252562 1.7405193952 19.5698811268
13.6958125775 2.2195459776 20.4396242429
14.4795653935 2.3045075938 20.1961780017
14.1064810744 3.1434618152 8.8097638132
14.7289797647 2.8010532423 9.5199666380
14.4798403936 2.6109292986 10.2866733607
14.3809196422 2.5388507261 11.2300595650
14.3317163911 2.5379434378 12.2589115883
14.2787155758 2.5429798351 13.2529626599
14.2987179866 2.5087300934 14.2171368148
14.2625893206 2.3581774895 15.0950303658
14.1590027919 2.6998182938 20.8197555514
13.9634679093 3.1324209684 21.3117002245
14.5588435597 3.1942188369 21.1261262708
14.0797270420 4.3113974117 6.8680096133
14.6125837687 4.0157284102 7.5074878974
14.4045889679 3.5576487377 8.1349193920
14.2732386813 3.5739791244 21.5647869999
14.3421897204 4.3052845869 22.0559853460
14.0352859866 5.2237236430 5.7799597747
14.4429453424 4.8012108594 6.3810396282
13.8297811435 4.7638562193 22.6326808010
13.9829909434 5.1706930077 22.9522138330
14.1285737957 6.2810924980 4.7227347810
14.5236103788 5.8024951377 5.3489128214
14.0478369279 5.6735671217 23.3733867669
14.1094768003 6.1917946939 23.9184250015
14.1216837636 7.2999477364 3.6457937870
14.6177110759 6.8719503473 4.2169287721
14.0736713244 6.7312355263 24.5278368254
13.7449704960 7.3147246683 25.4757115051
14.4391197069 7.3416838376 25.1017442321
14.0568793469 8.2852679705 2.6387739131
14.5404065490 7.8607734064 3.1641109521
14.3554273372 7.8139993923 25.7587405031
14.1140589161 8.1966364062 26.3636499910
14.7119153934 8.2909173109 26.1575994793
14.1168125858 9.2680971947 1.7522660326
14.4930224647 8.7971893959 2.2236293982
14.4400891029 8.5720224214 26.6093826439
14.4433236362 9.1052896433 27.1232689281
14.3314634952 10.2721952232 1.3055995914
14.6776213722 9.7819837343 1.5094553744
13.9950108791 9.7506276446 27.9189689878
13.9788745674 10.3084294948 28.4737284989
14.6612044907 10.2587540096 28.1957033034
13.9702050424 10.7779485423 1.3840950103
14.5570989124 11.2503596780 1.7194929489
14.3787271080 10.6609076269 28.6748135275
14.4535226470 11.2176468057 29.1327717204
14.1293205636 11.7770696535 2.1501681085
14.6363278506 12.2304044485 2.7028364495
14.0964291964 11.8206805679 29.7415981254
14.5942234343 12.3857788295 30.1386336649
14.1461785617 12.7763806194 3.1814434720
14.5571681135 13.2588832479 3.7642219685
14.1615734294 12.9471631122 30.7432124296
14.7108525293 13.7078456403 31.2820872066
14.0469674883 13.8162878094 4.1916725449
14.4336115931 14.2820791173 4.7328169910
14.0048030886 14.0322725741 31.9020344902
14.3112615506 14.5059814496 32.3395741881
13.5765380949 15.2139602036 42.4247060464
14.0010972759 15.0417533426 42.7939817023
13.8195900677 14.8960017330 43.0843351593
14.1737301117 15.1888489902 43.2820465066
14.0056492009 14.8325419524 5.1861357041
14.4024726125 15.2891183907 5.7217096673
14.1160819696 14.9549144994 33.0366103130
13.9653888663 15.3424062344 33.7367156196
14.5895838644 15.4698165865 33.5454378352
13.6898405363 15.7713378790 42.2280535318
14.0696694894 15.4049123430 42.5995814996
13.3670963634 15.6324274652 43.7434731679
13.9086689621 15.6210749868 43.5011378423
13.9973982218 15.8527638592 6.2012343188
14.3938469870 16.3058448868 6.7364866507
14.1972701255 15.7143307771 34.2272154692
14.3905956092 16.2018408139 34.9918173734
13.7860229089 16.3358502102 35.9230799646
13.7119856359 16.5985855849 36.7595974684
14.1964786476 16.8080871649 36.5900428497
13.7573971968 16.5932368696 42.0664083925
14.2307057893 15.8615537800 42.6871801911
13.4264301184 16.3120268819 43.6640135068
14.0827065560 16.1165453383 43.2588543633
13.9944955013 16.8731304481 7.2257459220
14.3857114493 17.3054872837 7.7602797740
14.0368365300 17.0402380233 37.4228733700
14.0835708000 17.3400188815 38.3134876735
13.8009646502 17.3262637366 39.1200290168
13.9275458476 17.4782200392 40.0389159037
14.3025532750 17.7681669508 39.6742111089
13.8285556280 17.3500146414 41.0083675894
13.9310497921 17.5803470606 42.1418206391
14.1114263879 16.3033985186 42.8357627858
13.7418347636 16.8583775516 42.9529604238
13.9847629745 17.8586434020 8.2616288967
14.3586049572 18.1953238088 8.8201579266
14.2717911700 18.7896327042 11.6621280537
14.5607840109 18.3754131367 11.2822762331
14.3053971014 18.8710539981 11.0212588649
14.1297756033 19.0574206518 12.5396215763
14.6009782182 18.2273022109 12.0434316661
14.4673083591 18.9860481709 13.6243862669
14.8487330559 18.0832622809 13.1575364728
14.8961749034 18.4675977554 14.0025502361
14.3511437427 17.9136882207 40.4815566677
14.2960627193 18.0225614425 41.4268512935
14.2055047555 18.1303370608 42.0139226005
13.9553382766 18.2682097080 42.5058731182
13.9295269657 18.7148780551 9.3654509254
14.1892731867 18.8854634469 10.0211287570
13.8183800978 19.5351003984 11.5066232100
14.0694582843 19.2296838404 10.8815971385
13.9631287736 19.7507466786 13.3245286127
14.8497200872 18.9951281516 14.4667527735
14.4232181609 19.7062518022 14.1643513100
14.7953759090 19.6435807903 14.8284251154
14.0276096680 19.0522586845 42.9145551779
14.0953417160 19.6058369097 43.3694421836
13.7671474284 19.4390484672 10.5982505487
13.3876236608 20.4923853118 11.7328521816
14.1360259594 20.6261991267 13.8451798807
14.6466780070 20.3289722429 14.7521465732
14.1149122627 20.2043138753 43.8135385476
14.2447162191 20.9415466539 44.4236345201
13.4890252641 21.3422824787 12.2966669784
13.9161424159 21.3399066194 13.1857741056
14.3715745822 21.4565229738 13.9535094339
14.7582196110 21.2931282598 14.7634613184
13.9483531094 21.2783585805 45.0244379904
14.3294450834 21.7757230020 45.4461086506
13.7185640675 22.2410314602 12.5324347915
14.1059998264 22.0517007029 12.9895945808
14.4322965616 21.9855275753 13.6401924367
14.6969083843 21.9159286165 14.2497490646
14.2622718386 22.0706105163 46.1471370401
14.1819845748 22.3558397665 47.1015898917
13.7599548418 22.4962618997 48.0885343634
13.8019362551 22.7440496729 48.8917586491
14.3461137549 22.8496914248 48.6267138767
13.7252365288 22.9539989043 12.7380167540
14.3017686696 23.5240991052 13.2693360975
14.2946730328 23.1662433305 49.4478412974
14.1637937298 23.4956437399 50.2454938824
14.5782936350 23.8738035625 50.7277263274
13.8496222973 24.1932006867 13.4352477520
14.1986273612 24.7893982136 13.8549474276
14.1661303769 24.2229434774 51.3375953783
14.6271104766 24.7011420873 51.9170897861
14.5192664888 25.2989378974 14.2765098580
13.8144148864 25.6167649435 20.9192496521
14.2273920007 25.3102198268 21.0308197530
14.2014741621 25.4961141691 20.3653035139
14.4384452127 25.0869750432 21.5172172744
14.3849514857 25.0964248969 22.3094138273
13.8620421406 25.7087267139 24.0017544381
14.4264415168 25.2040784292 23.4592256449
14.0791247688 25.7863882207 24.7725101960
14.5597662077 25.4037234938 24.5800290113
14.5750482630 25.6118403329 25.2813466381
14.1580512347 24.9783014095 52.4224078976
14.0726276221 25.3825159397 53.0744701175
14.3979585351 25.7588430672 53.6375750401
14.1609520552 25.8960162414 14.7102430471
14.2430775873 26.2833636672 15.2681386056
13.4184250245 27.0109239336 17.5413200044
14.1241082668 26.4316668876 17.6057746881
13.8865194974 26.8364548617 16.9606500606
14.3132512328 26.0299081523 18.3441603002
14.0706583115 25.8851634657 19.3603778980
14.1009930382 25.9906350459 25.4678946799
13.7607431579 26.7034783237 27.0689753073
14.2916005275 26.2048795858 26.5548468255
13.9946450366 26.7769380691 27.8282360672
14.4561217540 26.4117961560 27.6214537339
14.4579685695 26.5901898901 28.3037036387
14.2913791871 26.0847778421 54.2190223533
14.1303358468 26.5006304833 55.0104184522
14.4601929841 26.9050927000 55.5834947118
13.8863221932 26.6603423739 15.5910697865
13.3394061763 27.3386596140 16.7441832351
13.7946762770 26.9135501710 16.2313735050
13.9902287471 26.9310691441 28.5093448160
14.1131400883 27.0161065302 29.4390928647
14.2348842091 27.0935071166 30.4230686788
13.8735517424 27.6793369992 31.7787032392
14.3981624067 27.2053425651 31.5438662365
14.1441499930 27.6411605967 32.3035363967
13.7768060093 27.9687389701 35.2338908292
14.3324331786 27.5255160336 35.1273067548
14.2707723014 27.6986049995 34.5413361682
13.8357025779 27.7599140926 36.2533733518
14.3529863251 27.3904428918 35.7512254381
13.8262308723 27.6919027317 37.2384007580
14.3755061991 27.2659236607 36.7377542891
13.8452275610 27.6900347576 38.2856400070
14.4147551980 27.2248833852 37.7829270342
13.8767812841 27.7564369013 39.3616773503
14.5453885521 27.2052334431 38.9272068203
13.9634986395 27.8395882406 40.4008598959
14.5278414445 27.3597819949 40.0167372265
14.1312622712 27.8613434792 41.1900122724
14.5673298876 27.4746129128 40.9541650697
14.5213067559 27.6457113746 41.6385871585
14.2871700530 27.2261163878 56.2375288393
14.0168682258 27.6001099742 57.1319176041
14.1778737001 27.9152722576 57.7431523852
13.4496139368 28.4313587261 33.3590986777
13.8192279554 28.0613969915 32.8268833996
13.6282524991 28.2641093019 34.2211128597
14.1181497368 27.9306883801 33.6821633368
14.0910660443 28.0365815938 41.8600441223
13.8037637541 28.7059425449 43.4228316338
14.1544346045 28.2298229472 42.8153818768
14.0269195931 28.7449444489 44.0173212296
14.5399939145 28.2335433869 43.9206442405
14.2877192757 28.7531014011 44.5920585731
14.3089374658 28.3202122962 58.3333041726
13.8886531639 28.6176986656 59.1807036419
14.2893884846 28.9956736870 59.7542124621
13.7086670220 29.7070912465 45.5944861311
14.0268869923 29.2337992946 45.1130788817
14.0071705199 29.7983088406 46.3377510083
14.5187369042 29.2372037286 46.1032950393
14.4650268649 29.6255632607 46.8188737264
14.2367044105 29.2958786841 60.4573278208
14.1745820922 29.6570131821 61.4711645331
13.9201715035 29.7934493885 62.4100932764
13.7336482813 29.9903019687 63.2006794585
14.2566783969 30.4205837821 63.6922380231
14.0206574355 30.0622722129 47.0107782351
13.7481666936 30.8802852252 48.6830075451
14.2092609094 30.3119126001 48.0683387442
14.0430931657 30.9052395694 49.4448835145
14.4385718005 30.5121874472 49.1698180243
14.4700742585 30.6923418817 49.8741318920
13.6846085943 30.8418394168 64.3731549137
14.1037580721 30.7160123891 64.1008320888
14.0448835886 31.0578523591 50.1188503306
14.1082766665 31.1670596062 51.0215935584
13.5751325148 31.7728102139 52.7280628692
14.0899816837 31.3235359811 52.0750579164
13.6771750934 31.8095971974 53.7622098595
14.2477951449 31.3213888054 53.2050323562
13.7868750174 31.7877698142 54.7930805545
14.3216840517 31.3233782993 54.2473707095
13.8623113130 31.7751839953 55.7639475820
14.3726122476 31.3192161148 55.2563232735
13.9629232404 31.8168973596 56.7216540856
14.4463472161 31.3287749011 56.2403743673
14.1100620849 31.8502336388 57.3405741984
14.6213224316 31.3493572148 57.2479161574
14.3516581315 31.8581507975 57.8597667569
14.1764041077 31.2744780536 64.3289709499
13.9708254233 31.9025390906 64.7210321205
13.7863392242 32.7740273914 58.6355564969
14.2297401187 32.2984279261 58.4868779176
14.0690799301 32.7760126050 59.1401049428
13.5011869676 33.0427879394 65.9098521316
13.8424213383 32.6506297683 64.9400119505
13.5537606318 33.1503251532 67.0825172943
13.7190699785 33.1354217456 67.6390521648
13.6330506151 33.1090025095 67.8274761456
13.8738116351 33.4456210036 68.3832349508
13.3892827260 33.6932362742 60.1370602690
13.7588095581 33.2541308746 59.6622968627
13.4663889366 33.7538592668 60.8036954193
14.0086432582 33.2831147781 60.6369841977
14.2424586627 33.1288793889 61.4419248407
13.5972196432 33.6863740502 62.9119635867
14.0775812609 33.2742870506 62.2617222639
13.5901523725 33.6095941188 63.8563993077
14.1035654193 33.1447199364 63.2504384562
13.5196683775 33.4766003191 64.9460908948
14.0358463506 32.9774380567 64.1743169317
13.3251239612 33.7020558752 65.8798744390
13.4187407755 33.6647338487 66.7799036438
13.8062884716 33.4439752134 68.0312846944
13.5926005698 33.5825942636 67.7972974976
13.7863755092 33.4997439246 68.4163467539
13.8713077294 33.7113947903 68.9869744829
13.7118516022 33.8064679101 68.2672377882
13.6170613544 33.8683434598 69.7869829319
13.5794646471 34.1080501599 70.6000786422
13.8952515857 34.2509406444 70.4428634287
13.5277393456 34.8190408025 68.7112417283
13.6635179805 34.4153369566 68.4864835706
13.7346975595 34.7628192167 69.0744689896
13.7091423729 34.4995497185 71.1608646916
13.6194601228 34.8440345917 71.8059663811
13.6705438819 35.2867209269 72.1113832685
13.2467865613 35.6801999912 75.8488424298
13.3899802785 35.8954076509 70.2738951464
13.6230480491 35.3118940643 69.7058734948
13.4799298747 36.1469338319 71.2178792434
13.8390739958 35.3851982550 70.5366959008
13.5596465036 36.0434098459 72.3368856485
13.8532569791 35.4209486098 71.4200734929
13.4635997208 36.3082857695 73.3273184179
13.4097194899 36.2655011686 74.1755326854
13.4208323714 36.1568333914 75.2338931447
13.5764366158 36.1809120720 76.0241867151
13.6409882573 36.1572457663 76.7620065868
13.7201284307 36.1230215640 77.6828432546
13.8107317715 36.1990296672 78.2989416140
13.6074333775 36.2434638578 78.7849219660
13.9235301063 36.6380342724 79.1749924922
13.2590120572 36.7965286150 72.0640296525
13.3779053565 36.8171206237 73.0025903880
13.4067732628 36.8923796870 73.9578868214
13.4663574845 37.0071940365 75.0625181373
13.7230832564 36.8630154254 76.2272720247
13.9879748472 36.8360447549 77.0305099078
14.0529988011 36.6311824833 77.5971813614
14.0720355094 36.4797163518 78.1426131145
13.5119802962 37.0164653919 79.9276783772
13.8938591928 37.0136431787 79.6068035854
13.4371026385 37.6375256609 75.9672320231
13.9765587553 37.2954408094 76.9822674792
13.7215875630 37.6226402027 76.6838992649
13.9030636631 37.8159594952 77.3626689550
13.7620488342 37.4028235983 80.0220183506
13.6500653756 38.0519274120 80.3739210396
13.4371402061 38.9900999050 78.4019827604
13.7295401048 38.4015657649 77.8799668395
13.5193482871 39.2579332596 79.4323654175
13.9175069456 38.4474881522 78.7759302380
13.6462122020 39.1234970536 80.5797457292
13.9212687817 38.3789141905 79.6598681197
13.7020538949 39.4102499489 81.4980680221
13.7948960844 39.3344438898 82.1839098026
13.9931336788 39.3429182078 82.8380121753
13.9650945296 39.1811384561 83.3662602371
13.8918446655 39.1019376513 84.1384092142
13.7285048235 39.0994608330 84.9639937130
14.1831375654 39.3854009053 85.5122251489
13.3205245897 40.1161444675 80.3565658876
13.6652612356 40.0199446497 81.2694365732
13.8952704091 39.9921783578 82.0630852774
14.1509130887 39.8632747549 82.8085200508
14.1146503982 39.6429179416 86.1901812738
13.9402174286 40.0612958223 87.0298489523
14.0771296269 40.5636586009 87.6184389831
13.3667584870 40.7701587671 81.2329416380
13.7264776691 40.6003176607 81.8903133737
14.0408231510 40.6907125048 82.7585780192
13.7906768504 40.9426169910 88.1294796883
14.0669555727 41.5153159885 88.3225960533
13.6275275537 42.0312770972 83.4993196827
13.8672142347 41.4869494002 83.1230757462
13.8259661449 42.0974114631 84.0008473252
14.1098271427 41.6759252157 83.8815270723
14.0806529650 42.0307220729 84.4888182235
13.5697879699 42.3041406469 89.3189099432
14.0166310448 42.3085828956 88.7178114269
13.6072926773 43.0469826015 85.5166354498
13.8665354309 42.5551193321 85.0400220471
13.8165480009 43.0770178574 86.0245652968
14.1285649634 42.6213777945 85.8430348807
14.0534998549 42.9463392310 86.4995920415
13.8546909109 43.3212257688 89.7393869033
14.0270733507 43.1198059021 88.6503360285
13.7170073781 43.1439056786 90.6724891555
14.0133916567 43.4446143548 90.4760864387
13.7433719584 43.3235935339 91.4374728108
14.0279056067 43.5760849594 91.2822963877
13.5017784916 43.3805972181 92.0467983174
13.4748945376 43.9757292657 87.6578720413
13.7938542309 43.4648178028 87.0932942989
13.6422763191 43.9442939084 88.7036160907
13.9918207305 43.3496854229 87.9323313992
13.6107012103 44.3761689332 89.7056881402
14.1034464946 43.8366868880 90.6738323315
13.9218723529 44.3119855712 90.5207280820
13.9915223425 43.7622040920 91.9556086146
14.1352752943 44.2250028216 90.9618554520
13.7699738433 43.8737945881 92.8427853492
13.6728255886 44.1472972021 93.7337198055
13.6371504969 44.3730467057 94.3257993924
13.9717134644 44.5557451063 94.0357405350
13.4952934009 44.9389639158 90.3791257841
14.0585949920 44.5477867109 91.1290269718
13.7834363705 44.9062128688 90.9750347051
13.9312078626 45.0292857603 91.5826309961
13.8995687630 44.8139852806 94.4166616746
13.7741492059 45.1160598061 94.5982232007
13.8953668231 45.3001116792 94.4178960473
13.6049997522 46.0631900292 92.5102434661
13.7476300899 45.6533962371 92.0954444156
13.9456837383 45.7546141077 92.7591381516
13.8604465417 45.6734557231 94.1218075905
13.6849922238 46.0768611264 93.7575509128
13.6968512360 46.1064933773 93.0971074311
14.7463422999 1.4982273652 17.1545987267
14.7649531523 1.3669967909 17.8275469857
14.6882160442 1.3824466393 18.3918021841
15.0925651462 1.6639260435 18.2332623755
15.2261308576 2.3375536665 15.9058523434
15.2854233115 1.9885156237 16.5854110543
14.8732234723 1.7938881469 18.9502640556
14.8019377767 2.1059190185 19.6518523590
15.0100298809 2.5239479757 20.0484998496
15.2644285229 3.2040059164 8.9630782663
15.4374170955 2.6979172691 9.5965843403
15.2685151934 2.5150272837 10.1700655881
15.1919457064 2.4374391255 11.0215437851
15.2905156305 2.4775667048 12.1360975763
15.1547786672 2.5577189941 13.2372145988
15.0256374241 2.5608395463 14.0799339269
15.3873539571 2.6105645261 15.2089499737
14.8223869071 2.8328388759 20.5821359572
15.0278803364 3.3508203466 20.9179895971
14.8577340519 4.5022512493 7.0160143844
15.2245356513 4.3042080109 7.6170462651
15.2358483519 3.8661524565 8.1892074038
14.8159404244 3.7709829380 21.4218512933
15.0478534759 4.4027588883 21.6625493028
14.8328437861 5.3660199299 6.0136752396
15.0708222979 5.0095676937 6.6210799062
14.3941801923 5.1188848210 22.7127421254
14.9815104049 5.0998898031 22.2362705595
15.1876795639 6.5528012939 4.9625850523
15.1792468127 5.9372043494 5.6932163288
15.4864835224 6.7783898144 18.9007789942
15.6447010623 6.1786534105 18.3985458385
15.6141691936 6.7942645721 18.2097974471
15.5940831556 6.2268743768 18.9456688950
14.8219299749 5.7691469149 22.9774168863
14.5787143005 6.2624990176 23.6906013864
15.1157596732 6.4191219062 23.3256975779
15.1158222392 7.5093829342 3.7418750481
15.3471395407 7.0842079629 4.2912472019
15.4108987862 7.5261343013 18.8829014296
15.6039875767 7.6499173563 18.1612984758
15.4991082378 6.7226139438 19.4105918547
15.3838811040 7.4579533716 19.6582401889
15.5031817179 7.0334545884 19.9438705883
14.9436648906 6.8498592410 23.9880910612
14.7983089200 7.1969736283 24.6013522797
15.2490717050 7.3975192169 24.3068288718
14.8975761737 8.4055098285 2.7384215090
15.2601639728 8.0870910575 3.2381558977
15.3875755031 8.3411225903 18.8448025749
15.5875320797 8.3956289661 18.2487648748
15.2836813365 8.3655993511 19.6511249037
15.4455885684 7.6010305915 20.3445707848
15.3415818877 8.3564477186 20.5306011599
15.4918357432 7.9857156879 20.8997293293
15.0418822722 7.7486732610 25.0649693258
14.9754932293 8.1083544886 25.7073333567
15.1126280653 8.3822910937 25.9615690358
14.9726648974 9.2948022419 1.9354357654
15.1673245045 8.8726783734 2.3937471647
15.4439833899 8.9528725399 18.7072861166
15.4518078429 9.7347621557 18.8176159990
15.2706531549 9.3532160157 19.5213683303
15.2333084034 9.3163415263 20.5276052740
15.4637211457 8.5654888866 21.2618324980
15.3648068567 9.2344689277 21.3250813662
15.5633472500 9.0170425620 21.8419659009
15.1348160618 8.8002062851 26.3967641343
15.1163714607 9.2620378280 26.9504508557
15.1971154723 10.2769136409 1.4241649654
15.5481898617 9.8559076315 1.8002357916
15.2671083436 10.5666203182 19.5932681404
15.4713892470 10.4936676219 18.8141715923
15.1802843741 10.3600201496 20.5528241967
15.2842614011 10.2821321524 21.5597784334
15.5248706914 9.8154319085 22.1482295555
15.1104900639 9.7983854054 27.4877434557
15.1838391352 10.3028610198 28.0007403101
14.8964017574 10.7438299277 1.4344617877
15.3897309178 11.1405310417 1.7549668774
15.4165997567 11.2561589386 19.0962876249
15.6318455058 10.8891514301 18.4796723072
15.6564910617 11.4844780451 18.5755791384
15.2542936306 11.4974529084 19.8484172920
15.1769169209 11.3794228521 20.5789398971
15.1995793859 11.3144860109 21.5212332400
15.4660195075 10.6089836235 22.3969516168
15.3552089443 11.2740097265 22.3628223723
15.5809852455 11.1540999912 22.9314647082
15.1622855175 10.8092991312 28.4761151062
15.1288668836 11.3151059068 28.9894455766
15.1533559625 11.6802219474 2.2459220889
15.3575867080 12.1105274996 2.7925083519
15.5452577759 11.8897798968 18.9916595058
15.6023077240 12.4384455689 19.2911295670
15.3930051784 12.0248524959 19.5851514945
15.2919169728 12.2941359360 20.4933670749
15.2286240545 12.2685022469 21.4820883848
15.3211221967 12.2843807267 22.5165863993
15.5371989953 11.9123392619 23.1583418269
15.1201805144 11.8701586712 29.4795112434
15.1914958600 12.4147388120 29.9867765712
15.2189551357 12.6024155700 3.3510364794
15.2560414406 13.1945682237 4.0221545782
15.5220163547 12.7751535580 19.9798904022
15.4596159764 13.0590304343 20.6937470575
15.5716646700 13.5959457570 21.1841818099
15.3654104816 13.0513226566 21.3634567565
15.3634874896 13.2376371312 22.3624169329
15.4863215799 12.6494473782 23.3549529285
15.4317854011 13.2070503351 23.2212644782
15.5935331259 13.1827534585 23.8268596348
15.2561227558 13.0074803654 30.4495810075
15.6160598027 13.8118980596 30.9377167046
14.8695439519 13.7251385649 4.3548856830
15.0729557812 14.1559653499 4.8994241550
15.5419536676 13.8292342864 21.9438306724
15.5102710625 14.0134425816 22.6756072916
15.6141260336 14.4529103408 23.2012012011
15.4882493108 13.8912323207 23.2041807275
15.6105713382 13.8469903613 23.8870924816
14.7242546631 14.3155976261 31.8998714670
15.4570248773 14.5107112972 31.6173611944
14.2951060049 15.0708100951 43.0590659922
14.7824173007 14.7074687712 5.2923744814
15.0101897430 15.1301364912 5.8421134750
15.6494966269 14.4430248853 23.7357109480
14.9870447627 14.8945913070 32.4120462122
14.8838038774 15.2773010873 33.0309824280
15.0562417546 15.5725234869 33.3464401575
14.4409492115 15.3543028974 42.9256611701
14.5191781029 15.2807733855 43.1469081082
14.4353803911 15.5866833222 43.2357777143
14.7551178109 15.7084635839 6.2801687339
14.9848316034 16.1240378401 6.8332762332
15.2656803292 16.9771700015 11.3745197279
15.5144099202 16.3603256097 10.9671696307
15.4153683500 16.7701329016 10.6395214105
15.4884280092 16.3803875450 11.5668758590
15.1201251062 16.0463399268 33.9744095864
15.0632993393 16.6452295369 34.9973252043
15.3993490247 16.5655165081 34.4687970338
14.5790852218 16.7757441245 35.8787929098
14.5440856687 15.6364329123 43.0252410775
14.3825282655 15.9241263363 43.0445918818
14.7422271598 16.7097786644 7.2918486908
14.9627819476 17.0846738340 7.8394648404
15.1747562770 17.4016303755 10.6306565070
15.4209389558 16.9764652614 10.1048509553
15.2200911292 17.5898248390 9.8995816905
14.8930022995 17.7728810817 11.3376950894
15.3444499556 16.7900120176 12.0578671241
15.0468657196 17.4468999227 12.2592882816
15.1357256034 17.4367018689 12.9267001993
15.3561066825 16.9327283520 12.7114585762
15.3539821480 17.2879609183 13.4102360409
15.5708985122 17.0492053045 34.8643058229
15.5743238002 17.5080202600 35.3775896616
15.2052530569 17.3754059255 35.8132387952
14.7060915400 17.4305291259 36.8929987965
14.5669431781 17.6990908458 37.9816956779
14.4570558088 17.8174745323 38.9240631998
14.7197175787 17.6420683265 8.3114448013
14.9205846676 17.8797545665 8.8454579692
14.7364852635 18.2776736924 10.4198039588
15.0185453401 18.0340166424 9.7456511898
15.0988045641 18.4663675803 14.4253472315
15.3945012737 17.8707317062 14.2752170468
15.3474373673 18.5690523250 14.9188589750
15.6393224973 18.0790524652 35.7903030316
15.6126716355 18.7642655900 36.4868521830
15.2723287515 18.2474892441 36.8149266253
14.9753893345 18.1569508388 37.6442919784
14.9862900490 18.4799317937 38.6235812456
14.7967381946 18.3891481180 39.8033873121
14.7441119024 18.5357990940 40.9427907802
14.4911177133 18.6420137397 41.9577328423
14.6855689729 18.3113959255 9.4740393723
14.2556426351 18.9790563554 10.5524500002
15.0734689455 20.0183669681 15.4296458227
15.1853254116 19.2574075520 15.2203200070
15.4293174488 19.5695354549 15.7978077586
15.5068139402 19.0022045860 37.1223003101
15.6163430437 19.4860825737 37.5916868059
15.3223630838 18.9003505943 37.8231915039
15.3781691157 19.2247396974 38.6532203072
15.2928120011 19.1635205288 39.4805215835
15.1961427999 19.1396088344 40.5118379937
15.0531409292 19.2007332162 41.5028133445
14.8036256464 19.3652859848 42.3836874129
14.5504108634 19.7116066351 43.0986681702
15.0203908211 19.8927762195 42.7115264375
14.9433106961 20.6982834964 15.2994093038
15.4198904604 20.0665308741 16.0137946601
15.2811362505 20.6597285039 15.8796070792
15.6002699072 20.4260452463 16.3604596461
15.5823653747 19.5874164604 38.2234850897
14.8633921337 20.3059989414 43.2544786558
14.7764875467 20.9815506985 43.8570804128
15.1243372146 20.8204136168 43.1927774536
15.1066317935 21.1571796817 15.5086451099
15.3796750321 21.2745884787 15.9473044897
15.5826522760 20.9707776845 16.3365138396
15.4317888830 21.6672125450 42.6796411248
15.5546946434 21.2959941073 42.1285983374
15.6155713799 21.8156059509 42.1625362670
15.1864592410 21.4842287170 43.3897743187
15.3663127283 21.0303097775 42.6609977331
14.9824357059 21.5677888565 44.0111991272
14.7221919657 21.6718270697 44.6755480958
14.2834478442 22.7651327334 13.0684842718
14.5615569996 22.5184998494 13.4697407165
14.8441346679 22.4829072763 14.0681121602
15.0691729352 22.2258527912 14.7989128651
15.2633003105 21.7760470525 15.5146551217
15.5454818925 22.1796309149 42.6084348821
15.5974959430 22.6667586857 42.9550151580
15.3961644640 22.1802431051 43.2085292567
15.2056785404 22.1535740257 44.0367149675
15.1798741884 22.4299941728 44.8204260331
14.9254067560 22.3638352675 45.6157877904
14.8571020883 22.5615368510 46.5693900060
14.8731526941 22.7314350957 47.2542851806
15.2405733943 22.9932729560 46.9943586369
14.6166219771 22.7734730314 47.9124503736
14.8825151885 23.2205222838 13.8073887995
14.8047396854 23.7396224515 13.6265036594
15.1992032940 22.9118296432 14.5870225044
15.5211228388 22.8524783281 43.7044405332
15.4350477425 22.8509216022 44.4596502455
15.2120506685 23.1501168438 47.6792247497
15.0343714754 23.2733161840 48.6134887210
15.1448736951 23.5612345462 49.4297487344
14.8748208912 23.6307926033 50.0821654733
15.2609164045 24.0200186742 50.5441892810
14.5979957371 24.1713376157 13.6612349954
14.8635848317 24.7131704999 14.1033819679
14.8469854296 24.8992578349 20.8222739660
15.3852234626 24.4404108365 20.7134277928
15.3643775099 24.6086151887 20.0882479479
14.9207663871 24.7018390606 21.8618265503
15.4097839117 24.3108405974 21.3454198767
15.0023187473 24.6644426036 22.8548627659
15.4882036858 24.1911832304 22.3301190879
15.1619988627 24.6858882563 23.6863167631
15.7064075822 24.1118735212 23.4210229374
15.5764264798 24.4825358345 24.2024649498
15.1604949386 24.3832205472 51.2294098212
15.4557529078 24.9134377447 51.9158352045
15.0076613354 25.1598540646 14.4570117526
14.9560494326 25.8031388148 16.5579454145
15.3067241123 25.3202311499 16.2208110809
15.0547591373 25.7124848297 15.8588458368
14.7913136791 25.7835290800 17.5808212595
15.3187945668 25.1834992468 17.0010984975
14.7999754962 25.4901301900 18.7001102287
15.3302113146 25.0267715727 18.0401442570
14.7890686103 25.2235062684 19.7368317409
15.3514833743 24.8363751060 19.1029240683
15.1355182980 24.9284273707 24.4152760847
14.8102156000 25.6956487780 26.0425471238
15.3078857247 25.1623996450 25.5177469970
15.0357212320 25.7778674628 26.7958052344
15.4695908330 25.3960470895 26.5927512663
15.4722677630 25.5932848915 27.2747654070
14.9522247006 25.2409856214 52.6025777580
14.8159392843 25.6203069643 53.2545318905
15.4433441810 25.7668931390 53.1303499557
14.8037585514 25.5554526758 14.6532538915
14.5175531517 26.2695061071 15.9074815363
14.8212947803 25.8007091976 15.2111328835
14.4065552727 26.3679136694 16.7931304069
15.0213590179 25.9702691477 27.4659690627
14.6403757538 26.6000191694 29.0526782457
15.0673302449 26.1591884623 28.4459604294
14.7693689412 26.6447846114 29.9990514241
15.2685904942 26.1719209706 29.5245353355
14.8667305441 26.7064411231 30.9203249844
15.3501471971 26.2148581589 30.4966395049
14.9696623133 26.7175131343 31.5009561399
15.3562142496 26.3086692459 31.3640677425
15.1612971072 26.6045010158 32.0239620985
14.8225312931 27.0338021225 35.0112124741
15.3367051375 26.3916801221 34.6741372110
15.1376750135 26.7994481797 34.2345021362
14.8736028742 26.8045934526 36.1461642342
15.3282249813 26.2518799864 35.4955265502
14.9104425578 26.7317070159 37.2056849804
15.3704996614 26.1539608366 36.5696921611
14.9771191505 26.7359690435 38.2228300402
15.4214502337 26.1808682464 37.6543764365
15.0993334487 26.7260976241 38.9970551680
15.4583379080 26.2893087868 38.6405514695
15.4284089366 26.4533887536 39.3725959817
14.9970897597 26.0034852969 53.7648373332
15.0194417359 26.4793487190 54.5181046389
14.8468509186 26.7848894032 55.1618706793
15.2180424110 26.8451010296 54.9830608070
14.5036842993 27.5350900104 33.1641220709
14.8306913771 27.0780588092 32.5944782213
14.7046700092 27.3486047972 34.0274070965
15.0745908230 26.9217096316 33.4846707055
15.0597202388 26.8679287596 39.7022505861
15.1135618216 26.9404246320 40.6467199411
14.6676050995 27.6729425770 42.3656916953
15.0812093851 27.1328074483 41.7170193448
14.8276136044 27.7356319280 43.2477454268
15.2022736253 27.1877686896 42.7468648472
14.9771955527 27.7373443854 43.8095824638
15.2652029660 27.2944693986 43.6012787716
15.1546890020 27.6549611308 44.2926815681
15.1968300210 27.3392742309 55.5789121519
14.8216833775 27.7229504760 56.7304435861
14.6213509331 28.0081763126 57.5414933212
15.1051617091 28.2284470075 57.2554225684
14.6680488692 28.7660817815 45.4199273357
14.9064068815 28.2282766863 44.8801887781
14.9121337089 28.7580781457 45.9402600806
15.1561156858 28.3133279188 45.7018678829
15.1538433708 28.6681499220 46.4010129078
14.9908400957 28.5127740698 57.9307071701
14.9172423967 28.7809056804 58.5663662369
15.2360180302 29.0348509601 58.3310388256
14.6191102768 28.8806166971 59.1545540766
14.6677071264 29.7311106422 47.5219365300
14.9611444014 29.2095881714 47.0151375576
14.9136954709 29.7831115967 48.2126347635
15.2371314236 29.2845478814 47.8509108729
15.3272931654 29.4916978439 48.5638957593
15.1295877959 29.2932876097 59.0408776206
14.8590821887 29.4382259797 59.9152237072
14.7887044685 29.8219654979 60.8589224199
14.7888610538 30.2867433143 61.7645236460
15.1136386959 30.4754092246 61.0574889419
14.4955141244 30.1215291192 62.3563132094
14.4699620672 30.2950564012 63.1169119358
14.9460352184 29.9904898738 48.9048245245
14.6407769291 30.7020815003 50.6216114390
15.0440322830 30.1916629499 49.9300509242
14.7350992493 30.7629818024 51.6128711344
15.2608195969 30.2132831465 51.0632872578
14.7957448931 30.8011026836 52.6666453892
15.3340213214 30.2493869146 52.1360280100
14.8425041048 30.8052235984 53.7151825498
15.3569176910 30.2378287226 53.1963314508
14.8591234329 30.8089801268 54.7250340733
15.3287155025 30.2481214591 54.2147642086
14.8814742715 30.8167728054 55.6980426014
15.2939140052 30.2693130083 55.1605781765
14.9381223661 30.8411124779 56.5965978924
15.2872425152 30.2850067158 56.0730255274
15.0163829315 30.8469172750 57.1498075061
15.2661386488 30.3952765307 56.9284895076
15.1293551257 30.7926615966 57.6235876779
14.9842613970 31.0742042877 61.8750311153
15.1831823798 31.2186274263 61.0349270775
14.7963770994 30.8138050496 62.8405066202
14.8241653372 30.6571195501 63.3807880711
14.6953321618 30.5759870684 63.5863105688
14.5911019203 30.8747400429 63.8535757129
14.6372610446 31.8326870515 58.3450022575
14.8692002545 31.4062009484 58.1098822264
14.8901399471 31.7014220911 58.7576837141
14.8747242967 31.9872655093 61.7089541975
15.0685984886 31.8548609449 60.8488850961
14.7694149842 31.7515548318 62.7307547569
14.8273193206 30.9258248391 63.5257464892
14.6066220142 31.5271365743 63.7208253345
14.3321873326 31.7606582228 64.3246778188
14.4357371212 32.7284378862 59.9937585032
14.7088658931 32.2093942966 59.3594796998
14.6543562199 32.5709798667 60.9574058108
14.9735309544 32.0638106276 60.1712927140
14.5248239369 32.7409788716 61.8070290152
14.5219525212 32.5889652060 62.5713097155
14.4544279098 32.4169906247 63.4975349222
14.2813790785 32.2448818638 64.2836859786
13.8953258795 33.3736069228 68.1317069691
13.9471401090 33.9676484491 68.7853182521
14.0066470493 34.1897352942 69.7763426453
13.9838820330 34.7301888905 69.7866436535
14.0071448056 34.7598429905 70.6909952828
13.8849908684 34.9415746760 71.4757756068
14.0729681838 36.5714618379 78.6802966986
14.1402266106 37.2493853674 77.5842021771
14.2250231323 37.0663405556 78.3429045420
14.1692128169 37.0816569080 79.1142055939
14.1208024959 37.8030595754 78.1702087302
14.1790052132 37.7357981200 78.9822344274
14.0348081524 37.6044806492 79.6651117547
14.2981239757 39.6165432533 83.3510936483
14.4968927774 39.6035557109 84.0862959837
14.4073833701 39.4203624507 84.8774585820
14.5429089977 40.3152555714 83.7266087831
14.8866458380 40.0859244926 84.3657263898
14.8901898034 39.8849553820 84.8621399625
14.7245001713 39.8269638998 85.6499047430
14.6370408739 40.1398515202 86.4871071258
14.5239257319 40.6036897847 87.1677709223
14.9374638198 40.6959273207 86.6216405201
14.3008653583 41.0871010839 83.5975200816
14.9309779294 40.5142759860 84.4722787911
14.6199167312 41.2147999226 84.5098360059
14.9080629986 41.3461408405 85.5239618682
15.0619097385 40.7587835709 85.0622631948
15.1525048786 40.8884522546 85.6494788679
14.7119937406 41.3435878423 87.1798295479
14.9900638566 41.1952343969 86.5161341311
14.3374495365 41.0958293696 87.7872789731
14.4384519885 41.9723364422 85.3308720584
15.0556103364 41.2361045354 86.0691317098
14.6451602864 41.9676042194 86.4426713047
14.5496496552 42.1192651067 87.4257245655
14.4056126123 41.8242506471 87.9634191576
14.2952921364 42.7766335126 87.2769608414
14.2903367854 42.6035281616 88.0352105218
14.0877640852 43.6108018721 90.9020066673
14.1643100119 44.2219665806 91.5102902629
14.1778420804 44.3877487649 92.5920645071
14.0965395249 44.4781106029 93.4320266592
14.1429798424 45.1053376396 92.4834914038
14.2329752926 44.9315591565 93.2091058115
14.1011258367 45.0522588769 93.9328255019
14.0539985666 45.5674709415 93.3926392558
15.3220762215 1.9012781318 17.5214848699
15.8614747893 2.4887418989 10.0746232829
15.9231037087 2.7938564858 9.5786431939
16.2457505890 2.6169627080 10.0793149505
16.2536394278 2.4766712769 10.6654247351
15.8043015864 2.3699427040 10.7874324725
16.2299474637 2.4201810794 11.4173922272
15.8171279281 2.3622222474 11.6129016780
16.2014841091 2.4283104718 12.0254630537
15.9589569520 2.4529349971 12.3268141594
16.2804490530 2.6211109862 12.5945132036
15.7467356662 2.5732395550 15.6730645014
15.8297780788 2.5333784662 15.2581667873
15.7833629936 2.4082585744 15.8577214722
16.0362845480 2.6925361980 15.7941177190
15.7567936374 2.5002101440 16.6740443776
15.6811249002 2.5755305896 17.7543622686
15.4404743236 2.3350939275 18.5556146779
15.2524091022 2.4633752965 19.4938514887
16.0543407819 3.2572816860 9.3557319780
15.9596637481 2.6801208281 13.1982501841
15.7544631709 2.6442012505 14.3775251766
16.0406382537 3.1784493218 15.7806265791
15.8261921036 2.6725656888 16.0340841215
15.7952715443 3.0609416261 16.3985603486
15.8286560439 3.2384074793 17.5482920711
15.7477117357 3.2373931761 18.5492438589
15.5928615399 3.1970921749 19.4690957260
15.3069227526 3.1620055554 20.2941584562
15.4948505373 4.9646092233 7.3817484537
15.7300734749 4.5032942539 8.2099509781
15.9690838127 3.9385913515 8.9646685869
16.0455499093 4.1237322082 16.5897420538
16.3074115889 4.3890903390 15.8810212947
15.8944407153 4.1263374572 17.4633255503
15.8337898985 4.1920412018 18.5005541063
15.7686955480 4.1463863002 19.4990859741
15.5975292904 4.0699903097 20.3933352446
15.2862492130 3.9367019990 21.0468391027
15.5043467515 5.7568982120 6.5904882213
15.8012544759 5.7353037355 7.5729719131
15.9946920559 5.4314283894 8.3804725925
16.2052550743 4.8643032532 8.9848907840
16.1291561659 5.1558643627 16.6722126810
16.3963757511 5.4529369836 15.9348309440
15.9494035962 4.9212908306 17.3418001057
15.7806829909 5.3551832408 18.4214912420
15.7819309995 5.1929007263 19.5297150300
15.7293142221 5.1044336244 20.5059782772
15.4623874091 4.9678656109 21.4292004143
15.6486342633 6.4942214202 5.8615788682
15.8407271200 6.6165172057 6.6393583542
15.8779529071 6.4606096642 7.4044128163
16.0159470569 6.3714681431 8.3103431147
16.2987767557 5.5847974255 9.1813400450
16.2389970953 6.3240784552 9.2261205998
16.4327825045 6.0194817784 9.6950302676
16.1512328486 6.1693331179 16.7222117909
16.4352226346 6.4659813002 16.0109096157
15.8667215900 5.9108158422 17.5897006280
15.6487354569 6.2567224937 19.6424810830
15.7361471338 6.1662028990 20.5777110755
15.6889148848 6.1029765326 21.5168780523
15.3964582167 6.0906913664 22.4967714345
15.7281754658 7.5196846055 4.1327750571
15.8189128591 7.2421237434 4.6515975927
15.9125676994 7.1207455075 5.3594937622
16.1949825101 7.6391788406 5.0348078198
16.0552673178 7.3261298115 6.3027109855
16.0180047876 7.3166230827 7.2975926798
16.0333038654 7.2729219920 8.2356160300
16.1535208691 7.2252171775 9.1383537908
16.4324614586 6.5664903641 9.9569769988
16.3420455263 7.1834267059 9.9209258248
16.5210465967 7.0492786793 10.4700698360
16.1981602528 7.1196367500 16.7310282432
16.4504837008 7.2648359790 16.1585987602
15.8798214562 6.9371168853 17.4591548477
15.6119829556 7.1961069883 20.6643601720
15.7409664955 7.1352508460 21.5466950347
15.7233372633 7.1253464051 22.4600012232
15.4913724057 7.1674514344 23.4738654101
15.6372681549 8.6942296756 2.9463006217
15.8555584652 8.1575329482 3.7403328575
16.2853887339 7.7952384225 5.7032709109
16.3123354119 8.0389825565 6.3900344167
16.3958476555 8.5398977932 6.7471037114
16.2092402639 8.2132300028 7.1804393614
16.1047229102 8.2271144316 8.1860541913
16.1350927902 8.1731609400 9.1209592616
16.2858442387 8.0628042341 9.9529403799
16.4942998640 7.8489884449 10.6685878510
16.3064442613 7.8017028292 16.6365549563
16.3191233784 8.5837237934 16.7688823805
15.9468949184 8.0897530047 17.4485635479
15.6584140136 8.1718382387 21.6334192874
15.8097955204 7.9879936634 22.3555616871
15.8883472557 8.2390062147 23.3277223387
15.6825765558 8.1059826080 24.4290865014
15.4649749286 8.4318078954 25.5269300933
15.6351439240 9.2887430734 2.3516082296
16.0545267462 9.2726254190 2.8784063720
16.2140462144 8.9993133667 3.5280113960
16.3530036946 8.9569481010 7.2787499347
16.3936665449 9.7320473113 7.5194863351
16.2155762749 9.2790383856 8.1427167367
16.1568911621 9.1819973198 9.1416817106
16.2608616974 9.0362324915 9.9942941882
16.4557509473 8.8215678118 10.7564109408
16.0362364331 9.2466857131 17.4760701268
16.3650445740 9.5430275484 16.8267709933
15.6890976790 9.0694119888 18.1412675925
15.8632899191 9.2178235675 22.7781663431
16.1394637795 9.1529564432 23.6102983692
16.1524994819 8.9474330952 24.2506948727
16.0533633611 8.9592357779 25.1413487926
15.8493210060 9.1262946131 25.9995536054
15.5975291576 9.4208610319 26.7319084296
16.0891625699 9.6951383802 26.4532304007
15.7774922065 10.3368579214 1.6018198919
16.0496714099 10.2495768154 1.9490096363
16.1339620481 9.8818164542 2.5219333928
16.3637460242 9.6332150060 3.2635558400
16.2426111920 10.4641144886 8.3946129305
16.4119836402 10.6957346982 7.6158131927
16.1692970427 10.2643037754 9.2559660059
16.2415320151 10.0515288231 10.0964881295
16.4172191604 9.7781524585 10.8207040370
16.1106927363 10.1175336811 17.4597859545
16.3721046299 10.5428246352 16.9400362914
15.7561239081 10.0921383663 18.1495020597
15.7347858629 10.4446947065 22.9319766812
16.1959062198 9.7215158703 23.6215033660
16.0833463922 10.3424224975 23.5661299786
16.3354823678 10.2423053481 24.0824195436
15.8952562093 10.0274658563 27.0961794868
15.6266192831 10.4052847006 27.7769141936
16.1228666206 10.6176802675 27.4658123581
15.6206884294 10.6979057658 1.5535238957
15.8966053020 11.0085177666 1.8464355771
16.2234711343 11.5291811925 8.4381543070
16.3825569851 11.6582064842 7.5794057530
16.1372586938 11.3695454438 9.3594686884
16.1916260313 11.2092813897 10.3957032084
16.3637408273 10.6722288254 10.9604388517
16.4367034375 11.8925761824 13.2673201997
16.5498435594 11.2638602376 13.0205837794
16.4325076113 11.6098969365 12.6717749095
16.5858124716 11.4413639219 13.5787314399
15.9920473420 11.1545652573 17.8766979009
16.4034775844 11.5965048188 17.0954773158
15.9217994890 11.4619172393 23.7686402519
16.3042025387 10.9698305560 24.3080092345
15.9146497753 11.0163150159 28.1110734772
15.6204148170 11.4251009978 28.7849895581
16.1294984212 11.6203528108 28.4768618980
15.7731840891 11.3579655935 2.1263990568
15.6576117993 12.1722299799 3.0478907405
15.8447215046 11.7276953033 2.7073280420
15.9363767579 12.1351537929 3.3986557929
16.1622794336 12.6413662484 8.3218896947
16.3229162339 12.4287998896 7.4040688197
16.0775221611 12.4461744892 9.3450254910
16.0737986093 12.3400479698 10.3674817773
16.3093929264 11.3824853069 11.2899832089
16.1725254691 12.2479163297 11.4989827841
16.2723199155 12.3917796580 12.6978173015
16.3662307384 11.6120629136 12.0158035775
16.3488687570 12.6560313185 13.6207398854
16.5150652603 12.1294112465 13.9694009460
16.2155747927 12.2663308450 17.8396199029
16.4684288253 12.4595319795 17.2965000166
15.8465030497 12.2402610240 18.6138487985
15.7345623955 12.5607298302 23.9258150239
16.2681047566 11.7349407120 24.6017316537
16.1137220747 12.5413310848 24.7433774416
16.3867417098 12.1906015379 25.1558700115
15.9142583069 12.0435184832 29.1181182291
15.6544021538 12.4802026970 29.7742994168
16.1477533300 12.6331349598 29.4582349834
15.5618586372 13.5420066952 4.7418796556
15.8034337457 12.7476621911 4.0626729321
15.9412875290 13.6129540104 5.6473823155
16.1355480917 12.8161135954 4.8778761855
16.1106385942 13.5639073728 6.5872554506
16.3151533047 12.7873977149 5.7847364511
16.1359158889 13.3941119952 7.6121991808
16.3550255600 12.6620652187 6.6866142907
16.0357630363 13.6529811140 8.5674132827
16.0046144696 13.4774744193 9.3291487959
15.9812960816 13.4014088490 10.3081001545
16.0154141229 13.3604998247 11.3591157763
16.0978598757 13.3576675345 12.4217159860
16.2112381301 13.4003093427 13.3851699502
16.4563654177 12.8008797640 14.2284947259
16.3610049881 13.4027394009 14.1495095395
16.5141444664 13.2760963128 14.6790504106
16.3917108055 12.9437093359 17.7967710347
16.4391149301 13.5040313787 18.0636874288
16.1912752243 13.1743393117 18.4896653327
15.8695733547 13.2376009485 19.4477397608
15.7193909284 13.5823015033 20.4820712797
15.8661828339 13.5543313997 24.6053399570
16.3644972688 12.7637770073 25.4937066723
16.2290569948 13.5258268549 25.6075129232
16.4555798397 13.1713090073 26.0421588643
15.9855701434 13.0508458782 30.0336176530
15.8774929552 13.4353614318 30.4967846136
16.2134609728 13.5431692738 30.2585710450
15.4221531546 14.4450798269 5.5880353234
15.7929599246 14.4796089054 6.4841999124
15.9486137109 14.4279163866 7.4204170242
15.9651995846 14.4067531857 8.3652151784
15.9312028628 14.3906325155 9.2628914747
15.8941405505 14.3998242332 10.2087119819
15.8965502668 14.4185940624 11.2615312543
15.9692440476 14.3768352651 12.3071445843
16.0969406336 14.3363445718 13.2702972143
16.2779767649 14.2489095277 14.1137175419
16.4848079776 14.0453391759 14.8294925213
16.3860372583 13.9114777540 18.5544908812
16.4813284267 14.5994022603 18.8847232874
16.2295029904 14.0385409975 19.1944949064
16.1060564886 14.3557326810 20.1855917192
15.8978825695 14.4781411400 21.4402779754
15.7254617753 14.5860287700 22.5967533102
15.8415699793 14.6715936471 24.5557816648
16.0789262000 14.4889064629 25.5120860476
16.4331209316 13.7519936542 26.3564753770
16.3277415440 14.3983876462 26.3206891449
16.5195953419 14.2359827879 26.8764175478
16.0882306934 13.8585803010 30.6414038935
16.0842744355 14.4495186893 31.0042053269
15.3514792422 15.3956170305 6.5169246299
15.6972428820 15.3837876519 7.3775951083
15.8354549787 15.3023675012 8.2540814925
15.8426141568 15.2473747076 9.1513540602
15.8203139245 15.1558128914 9.9630164238
15.7169293962 15.5639014881 11.0792098579
15.8088373526 15.3942967318 12.2302491729
15.9598052565 15.3339299194 13.2145461619
16.1818573765 15.2162369853 14.0925332958
16.4300733310 15.0247171746 14.8877139271
16.3862496535 14.8416964298 19.6128595036
16.5782819723 15.2989938782 19.3147337275
16.3834826089 15.1394358951 20.2378843779
16.2820102934 15.1348879273 20.9132061128
16.2208997439 15.3423472348 21.6602838790
16.3547441746 16.0105846246 22.0440281043
16.0566636346 15.4878582318 22.5609219247
15.8504043313 15.2470282786 23.7194244945
15.9523127492 15.5828547404 24.7606606119
16.0611863355 15.4367737361 25.4704657447
16.2714148072 15.2987785631 26.2947549652
16.4960140027 15.0511052152 27.0483360276
15.6690080887 15.2132626467 32.1864829310
16.1090183081 15.2544844345 31.6412764468
15.4364038058 15.5729819459 32.9320041475
14.6197957531 15.4447415954 43.1081551112
15.3083074787 16.3392981377 7.4874216703
15.6168584403 16.2198173427 8.2952150233
15.7297995314 15.9904536472 9.0059553969
15.6447500259 16.1342750517 10.0405208705
15.5764012828 16.2425386322 12.1763136007
15.6920499023 16.3582366512 13.1556305576
16.0024936116 16.1915551125 14.0622714325
16.3154249140 16.0306279225 14.8966336408
16.5391411506 15.4877367409 19.8923636941
16.2761917486 16.4839262514 22.8195710591
16.4574533276 16.6660667190 22.3110034256
16.0996080028 16.3567559464 23.6316540493
16.0455351816 16.2985185414 24.5907549699
16.0903505377 16.1646503152 25.3249371164
16.2802455235 16.3131980833 26.1547583374
16.4844080289 16.0321073119 27.0290769635
16.0544130385 15.8704626871 32.4648595031
15.8654158803 16.2473869660 33.3239247827
15.7305629711 16.6257339207 34.0862858356
16.1259871058 16.8134367388 33.6772905609
15.2537869025 17.1696233311 8.4574958101
15.4952197804 16.8750945219 9.2911469495
15.7133710723 16.9788374821 13.9867103356
16.0394389369 17.0733955269 14.8613216188
16.4215007094 17.1126139336 22.8128675628
16.5023054685 17.7955458503 23.0654092611
16.3063232183 17.3269147883 23.5553138328
16.2086245683 17.2192124475 24.4846121498
16.2494835960 17.0543957101 25.4848288988
16.4265525159 17.2009591046 26.3651796924
16.5048119074 16.8428510283 26.8982383219
16.0172669389 17.1846913387 34.3185730408
15.8586250591 17.6012807836 35.0081735639
16.1627490581 17.7065641499 34.5383087416
15.1751429114 17.7123810463 9.2682748518
15.7195938319 18.8882842047 15.7801792118
15.8598793533 18.0233335702 15.2877445009
16.1393687832 18.9850584953 16.5904492301
16.1978219688 18.2458635591 16.1321648658
16.4124468642 18.4859694928 16.8114070226
16.4436898203 18.1166936276 23.7006443001
16.5904354299 18.4917323248 23.4193259910
16.3787029166 18.0661958473 24.3450751923
16.3858623778 17.9830344188 25.1989784820
16.4999619029 17.9284546210 26.0992983166
16.4817503299 18.8531146117 30.3826958456
16.6168063151 18.3419865972 29.8342791405
16.5863989962 18.8234760952 29.7723496075
16.4161227968 18.8937617606 31.1432261247
16.5700897291 18.2229341432 30.4877055129
16.5319739269 18.3123939208 31.2028611560
16.0332091530 18.1964835907 35.1140825270
15.9081415879 18.9455361693 35.7955538279
16.1544033167 18.7458088799 34.9986257019
15.7867051111 19.7434523273 16.4077862273
16.3933637393 19.0232349585 17.1641392057
16.2102401781 19.6857641592 17.1238027321
16.4846682843 19.4510649165 17.6432352627
16.5670075149 18.7435391840 24.1233932466
16.5598320249 18.7408442528 24.9604837441
16.5881166728 18.5922813704 25.7199035501
16.4908281456 19.3202845325 30.1817702924
16.4953394572 20.0283040970 30.2996560821
16.3458904561 19.6953694381 31.0095078647
16.4318720206 18.7801217899 31.7563487648
16.2779371890 19.5944586206 32.0884948593
16.2351083473 19.7175629704 33.2210427175
16.4100553021 18.9083284704 32.5176903197
16.2025554041 19.6920089167 34.2037746528
16.3772378971 18.9378532109 33.4558444794
16.1085981236 19.5538833626 35.1679055411
16.2940825207 18.8857455680 34.3411030562
15.9923451138 19.7953356444 36.0386451023
15.7988421302 19.5569203384 36.8124318746
15.6786813658 19.9456013698 39.1079335363
15.5590436184 19.8454330393 40.2141286363
15.4355121859 19.8207143358 41.1755176454
15.2540133050 19.8477407820 42.0562343914
15.9843749795 20.7401733095 16.9592347461
16.4166583585 20.2898413237 17.7983668006
16.3219104241 20.7326652948 31.1347124344
16.5425171801 20.9609190618 30.4447443402
16.1840516158 20.6166960204 32.0139040785
16.1279800779 20.5872798685 33.0244369903
16.1182479186 20.5414294217 34.0033663889
16.1200919898 20.4685734364 34.9277136559
16.0912806975 20.3570881713 35.7076835165
16.0931516447 20.5933688721 36.6290746303
15.9352830922 20.3213418154 37.9402384514
16.0542154044 20.8621166450 39.1796280231
15.8432767372 20.6626206806 40.1373465965
15.6724962552 20.4467875702 40.9335554299
15.5207381851 20.5877965113 41.8519659962
15.2507514998 20.3894599246 42.6467260413
15.7090587905 21.7478032457 16.3698287757
16.1476749482 21.8387422928 17.2304888847
16.3895657257 21.2943556410 17.8396928311
16.3776160830 21.6216702712 31.2106436207
16.5729717999 21.7661042295 30.6903689784
16.1976793539 21.5928563066 32.0070165368
16.0967063665 21.5623208897 32.9574293006
16.0870571554 21.4689486728 33.9294256547
16.1145373686 21.2403656767 34.7108561584
16.2027365698 21.3647711679 35.7262736291
16.3279390092 21.4979818359 36.6797838900
16.3156653235 21.3053792683 37.5228860220
16.3052083990 21.3077675136 38.5329782174
16.3085167863 21.5113072678 39.3285125530
16.4019804862 21.9859052582 39.7674102229
16.1493804314 21.5762073269 40.1558824118
15.8025597372 21.4119398233 41.3242020115
15.5441909697 22.8472408683 15.6343814693
15.9977361653 22.7477938787 16.9109870775
16.2847298484 22.4642056329 17.5126818171
16.4082701953 22.0494307841 17.8352231782
16.4726002734 22.2523833815 31.2164188035
16.4790239499 22.8200210361 31.5298751119
16.3074986443 22.5108264282 31.9504564056
16.1388455558 22.5568958661 32.9169589310
16.0962337111 22.5179663839 33.9456246785
16.1781559496 22.2590186834 34.9890311573
16.3436218037 22.3592873262 35.8693595002
16.4094434477 22.0645978113 36.3915028057
16.3563983364 22.2958227959 40.3403438899
16.4124770473 22.8459971873 40.7157158939
16.1534153003 22.4799667683 41.1447248321
15.8002917451 22.5199570278 42.1891277279
15.4871162901 23.1518283789 45.3263109537
15.3639733922 23.0585250143 46.3104618330
15.0642655662 24.0465020091 14.0458042942
15.3827217624 23.7219490053 14.7824801072
15.6261544656 23.8674629981 15.6857936542
15.7899186868 23.6959453186 16.5517768461
16.2591208989 22.9716527922 17.6088121788
16.0524883312 23.6036003963 17.5960167875
16.3260977072 23.2641371200 18.0448368395
15.8660307249 23.9390821743 20.5861190145
16.3321906143 23.2999586360 20.2575172800
16.1859399277 23.6865177562 19.8031905036
15.9110875151 23.7222106881 21.7081927339
16.3079592639 23.1637018747 21.0638511846
15.9854522405 23.6497001587 22.6669786863
16.3225680704 23.0810263444 22.0630217723
16.0843478525 23.6122408947 23.2454438892
16.3436452210 23.1453201682 22.9778036275
16.2565220617 23.4908657260 23.7199222085
16.3921708191 23.2323647956 32.0628626455
16.3823888991 23.7666811142 32.3514648102
16.2279097079 23.5193417004 32.8139301489
16.0923448668 23.5921734372 33.8746493990
16.1551224536 23.5470801466 35.0502928628
16.3473542855 23.1402615329 35.7968362598
16.3411500371 23.2457870746 41.2776260191
16.3694362309 23.8241393966 41.5710558135
16.1240776700 23.5309314357 42.0690688490
15.8152151857 23.5323905981 43.2171384428
15.7142391953 23.6541859396 44.4903958057
15.8101685467 23.9905710008 45.4539454077
15.7539541201 23.8240931226 46.2189533814
15.6367166274 23.6331518527 47.1729980817
15.5745222083 23.6825454364 48.0900253137
15.7206092244 23.9920684309 48.9629021107
15.5583275018 23.9882053730 49.9161980935
15.2801175932 24.6767658646 14.6718262376
15.5191115247 24.4230616748 15.3381029649
15.5703877216 24.6011979643 16.2221279027
15.6889115069 24.4214258267 17.3180560351
16.2148272327 23.6624329283 18.3549723323
15.8445925059 24.2548431309 18.4425755999
15.8341500923 24.2096634002 19.5323537954
16.2096391016 23.7348894143 19.0536514083
15.7749459563 24.5769980703 24.9676920874
16.0699168426 24.0362545790 24.4021262579
16.0078245554 24.6764865867 25.7291198677
16.4102232703 24.0833320888 25.3854663511
16.3532596404 24.5537068571 26.2135206470
16.2679636694 24.2188453811 32.8237475917
16.1938130529 24.7577611212 32.8585031643
16.0376099109 24.6868548630 33.6272048277
15.9780538646 24.6088790498 34.8442587026
16.3087787869 23.8998215885 35.9450320065
16.1093736693 24.6069206840 35.9935328877
16.3523449139 24.3045653401 36.4663900150
16.2676086449 24.3090593555 42.0748991982
16.2362036460 24.9113781573 42.1435553303
16.0315009726 24.8032064641 42.9765233275
15.9177568106 24.6583601593 44.2596977960
15.9240399116 24.5515897717 45.1585795611
16.0529459359 24.8279043432 46.1631313212
15.9736364591 24.3810122520 46.9394835719
16.0498024200 24.4840797396 47.9753235373
16.2126059540 24.6628490839 48.9166507438
16.1256668278 24.5541268289 49.7095857350
15.8837192919 24.5181081538 50.6524455855
15.8361977943 24.7739906226 51.3982317055
16.0272032753 25.1827269693 51.8496176534
15.1366242054 25.3228536261 14.8479171438
15.3225654007 25.1591459070 15.4604773485
15.9825929576 24.9490401760 26.4324563896
15.6344540877 25.6242332537 28.0385905109
16.0204775783 25.1682494188 27.4248895716
15.7561048107 25.6620655398 29.0258153782
16.2057293354 25.1482901304 28.5297882766
15.8303427775 25.6809111126 30.0202996251
16.2669946934 25.1353789257 29.5242680252
15.8402532678 25.7188145923 30.9858709819
16.2677084176 25.1250921519 30.4460108606
15.7738857520 25.8197244124 32.0332454336
16.2401309837 25.0887804877 31.3606805501
15.8940468740 25.5037332077 33.0895912380
16.2091770182 24.9872390441 32.2405753646
15.8205935061 25.5218555511 33.8365889977
15.7036112738 25.6078688894 34.6214896227
15.7418038996 25.4637429334 35.7775235275
16.2416440283 24.7665635230 36.8384403844
15.8784635469 25.4278562451 36.9691072103
15.8834877434 25.6665773355 38.1555738517
16.2498810931 24.9794212629 37.6176451355
15.8834283578 25.8752211540 39.2790291061
16.2822093627 25.1167501948 38.6034727288
16.0527422297 25.8175582273 40.2774249476
16.3318878786 25.2054084452 39.5942425378
16.3642339003 25.2840555022 40.3753180978
15.9758305180 25.7585984669 42.3106232037
16.2945049179 25.1787688175 41.7124833605
16.1740814596 25.6127267832 41.4608317928
15.8552616531 25.9490387662 43.3840433950
15.9012021580 25.7667861039 44.2715227300
16.0457879901 25.6546150920 45.5296359953
16.2266946862 25.6206904233 46.3021204356
16.2769792267 25.4697057914 46.6790863327
16.3828408870 25.7816068183 47.1310772941
16.2445243267 25.1538324289 47.1955227722
16.3751544688 25.3014680297 47.9755711153
16.3942080732 25.1281384735 48.5556718522
15.7824431130 25.4593305160 52.4397106846
16.0128483369 26.0114019639 52.9338336197
15.4242576170 26.3817828623 32.8831298879
15.5262875878 26.1881072433 33.8645304080
15.5722800866 26.3999018867 40.1114937376
16.1980305606 25.6465897873 40.8975834311
15.7512612521 26.2711316717 41.2356516711
15.5609206004 26.6095022356 42.2500232392
15.6138389450 26.6079590901 43.1053271291
15.6087289765 26.8040123419 44.1772413037
15.8130055810 26.7495355072 45.2973144523
16.2758305393 26.2167549548 46.5384250700
16.0842260322 26.8602590820 46.4119060717
16.4411470253 25.7563810136 47.6532225750
16.3060061995 26.6781379943 46.8807801882
15.7125354235 26.3909220493 53.7443776423
15.5882035956 26.9006066960 54.6077246519
16.0599187563 27.0069597807 54.0327402026
15.4182850817 27.5976383357 45.1270967686
15.6319596028 27.8077866616 46.2333705185
16.2747044853 27.0656557734 47.1560197563
16.0198707010 27.7960024670 47.3323578801
16.3316410512 27.3869489655 47.7086187186
15.9131719840 27.5169595982 54.7139677310
15.7635183425 28.2850808947 55.4990945288
16.1119897663 28.1245573932 54.5962389385
15.3798015212 28.2040373091 56.5268749250
15.5087299839 28.6047590698 47.2279900235
16.2317030080 27.9592954587 48.1625600216
15.8156105592 28.7569958286 48.3853978711
16.0513780490 28.9444410513 49.5168796105
16.3088270411 28.2511753548 48.9537130892
16.3963352157 28.4815159241 49.7241410776
15.9485102780 28.9483746267 54.7181842618
16.2787739138 28.3461870774 54.0736239506
16.2088783678 28.8216698696 53.7842442039
15.7508296201 29.1004264496 55.7394113679
15.6094792043 28.9911063199 56.5379395756
15.3819649483 28.9208269650 57.5249382598
15.5318687249 29.5150680969 49.3098543659
16.2444019728 28.9214123477 50.2245919506
15.7817803882 29.5353587820 50.3953616252
15.8269293207 29.6642166893 51.5578888579
16.2530848830 29.0410699767 51.0052351021
15.8459045548 29.6552941120 52.6232416843
16.2708839245 29.0617936626 51.9949191575
15.8317455976 29.5385146460 53.7581558640
16.2507548889 28.9777018922 52.9822004608
15.6371119682 29.7421030106 54.6783753316
15.6170713669 29.6716610246 55.4785659065
15.5460765321 29.7123623812 56.3966242840
15.4392729599 29.9083159981 57.4762561181
15.3936134398 29.7930212000 58.5926467438
15.3024267656 29.9582220073 59.6409130314
15.1628806157 30.0301301400 60.3766604626
15.2675014104 30.8343301305 58.5415578912
15.3910694027 30.6773006426 59.4990762389
15.3301927970 30.6056280267 60.3327072888
14.8398781579 30.7517701509 63.6308584537
15.1800128482 31.4956913475 59.4660117053
15.2799506877 31.3350266106 60.2552739792
15.0819088658 40.2923629221 84.8193141388
15.1183366526 40.3627052553 85.4568324779
15.0211706835 40.3196227812 86.0792617766
15.1474126295 40.7665872860 86.0874005608
16.3761871828 3.0265968878 9.9004532451
16.5331723288 2.8603911816 10.5958281184
16.5459240536 2.7664774526 11.3891247066
16.4708496072 2.7060409541 12.1521044557
16.0863910144 2.6876450100 15.1625586103
16.4431177548 3.7091703307 9.7546749680
16.6701253667 3.5261400659 10.5300223649
16.7450901531 3.4125173059 11.3905045838
16.7068856735 3.3306788792 12.2889215981
16.5152563926 3.1725912628 13.1849336792
16.3164395880 3.1022982859 14.3874523764
16.2654858118 3.0418993019 15.2635583031
16.4789388712 4.5603159068 9.6856529764
16.7192973563 4.3847301422 10.4930817274
16.8362380362 4.2711656624 11.3864773084
16.8507995988 4.1956763419 12.3341738970
16.7763733829 4.1020725391 13.2901107523
16.6284242195 3.9579793942 14.2536997602
16.4249948505 3.7221462681 15.1334905030
16.4942127641 5.4130276717 9.7166599032
16.7038469801 5.3254915703 10.4847260420
16.8497854292 5.2395028430 11.3858307194
16.9017734075 5.1720169144 12.3494249139
16.8726275257 5.0966712367 13.3259287174
16.7650394002 4.9573122214 14.2662184634
16.5758220086 4.7195198449 15.1251527236
16.6089907654 6.2743850734 10.4245957644
16.8026798714 6.2614062284 11.3751653970
16.8990591293 6.1991521619 12.3554226534
16.9025618439 6.1335940223 13.3456206266
16.8174741702 6.0204111910 14.3136661651
16.6433565038 5.7790038359 15.1779799468
16.1550319396 7.8946444362 4.4809480485
16.7014254795 7.3668922738 11.3128255234
16.8623274106 7.2615095811 12.3531043348
16.9058162270 7.1860340032 13.3529863505
16.8505460492 7.0970504500 14.3385617719
16.6715497383 6.9590484738 15.3430128471
16.3975898747 8.7254771495 4.3573883201
16.4685062025 8.4175298575 5.2434363076
16.4789706228 8.4966114138 6.1349579879
16.6592924569 8.5562981128 11.5052760227
16.8133002736 8.3547268245 12.3722253639
16.8887188517 8.2501557068 13.3541106894
16.8725396764 8.1531221061 14.3330093412
16.7544133737 8.0294474783 15.2564358619
16.5450657120 7.9302081109 16.0561078440
16.5811227359 9.7133652185 4.1610844883
16.6559244694 9.4144975960 5.1529358600
16.6234977555 9.2448570699 6.0283201963
16.5049229860 9.1346929077 6.7665347672
16.6088879839 9.5283463720 11.5359122427
16.7507467000 9.4054749615 12.3602488749
16.8385455442 9.3396515755 13.3337475576
16.8627636009 9.2146076015 14.3340473606
16.7845369137 9.0576178613 15.2605928620
16.5979897108 8.8520500833 16.0746874558
16.3498486907 9.6941496132 24.1985924178
16.4007541788 9.6846806052 24.9751210080
16.3087896982 9.6858666012 25.8166973730
16.0644980596 10.6642929409 1.8599974531
16.2977780820 10.6039319362 2.4735400691
16.5053214106 10.4244504802 3.4226284946
16.6943923260 10.5978474343 4.3982262959
16.7371991825 10.3621365191 5.1443780706
16.7032814383 10.1586727520 6.0137604706
16.5762505691 9.9675152669 6.8192468571
16.5373897697 10.3742097824 11.5750424416
16.6679405742 10.1590630132 12.2009637384
16.7084281924 10.5349963924 13.2010263234
16.8063497403 10.3253682075 14.3316434101
16.7794858608 10.1194243583 15.2922246522
16.6212508485 9.8587063362 16.1246337274
16.5048282692 10.5551285929 24.8667431286
16.5606309908 10.4931284480 25.7949732818
16.3751068821 10.4290240340 26.7031577146
16.1367517362 11.1264724492 2.3121995845
16.3221874950 11.3479854094 3.2023677587
16.5834515403 11.2920254680 4.1994822451
16.6956451350 11.2313788821 5.1175850048
16.6890250598 11.0788131354 5.9884871645
16.5849910907 10.8958612400 6.8263789165
16.4454652901 11.0246826725 11.6277837062
16.5523174491 10.9425497038 12.3323712067
16.6921110413 11.5127315996 14.3825459751
16.7478480918 11.2498738520 15.3687052808
16.6276655792 10.9363055579 16.2219170605
16.4905583792 11.5368824073 25.0903029782
16.6417429600 11.4400146891 25.8406407673
16.6373353691 11.3875064531 26.7415896062
16.4047458052 11.3725021654 27.6921542691
16.2956525743 12.0791194725 4.1137968005
16.5000074467 12.0422805542 5.0050517873
16.5632113882 11.9511107870 5.9111635159
16.5171476647 11.7914338514 6.7604410476
16.6049141245 12.6015552979 14.7023390399
16.7134530716 12.4081716157 15.4716501521
16.6449994317 12.1894131411 16.4620942229
16.5610869171 12.4072457798 25.8823731298
16.7026977441 12.3905938100 26.7853670806
16.6687667564 12.3644350769 27.7266656524
16.4149636858 12.3689490171 28.6879946342
16.6620996227 13.5581783001 15.4669794889
16.7235751310 13.3747175606 16.4413572698
16.5949630227 13.2836680479 17.3648345077
16.6150778716 13.4138063033 26.7881324321
16.7404581645 13.4085310363 27.7540692112
16.6803748403 13.3565178022 28.7109621747
16.4255514584 13.3262022782 29.6148900052
16.6470636859 14.7481581902 15.6552583406
16.7633762006 14.4962899249 16.4995041462
16.7304564218 14.3269454398 17.4027777010
16.5750709907 14.1537053508 18.1296534957
16.6862281149 14.5441231755 27.7131511409
16.7703628724 14.4169960071 28.7467899343
16.6566568746 14.2953005966 29.6731845676
16.3946089519 14.1063289095 30.3487850435
16.5958964007 15.8005052766 15.7122926995
16.7698038011 15.5902114565 16.5706959657
16.8106091795 15.4174958827 17.5014333972
16.7017303930 15.2157941293 18.4974587993
16.5519449061 15.8428389554 20.6342848432
16.4279321090 15.7404894826 21.3584415792
16.6710915823 15.7657507078 27.8626327377
16.7792857157 15.5249639116 28.7777698285
16.7568416042 15.3805549761 29.7650228176
16.5201824071 15.1728707021 30.7441396024
16.4638401634 16.7915574703 15.7203183698
16.7121898527 16.6409540394 16.5968956726
16.8357419176 16.5052543730 17.5389050266
16.8354034406 16.3855601603 18.5553521199
16.7308900200 16.2370075108 19.7298462002
16.7241079848 16.6982526873 20.8209693585
16.5811595041 16.5125487772 21.5747825496
16.6768111890 16.8768124559 27.7661280557
16.7645218176 16.5907627036 28.7399585431
16.7755662438 16.4812799302 29.7581164357
16.6999931352 16.3696637629 30.8050880296
16.4851478489 16.2987444309 31.8899589310
16.3167363420 16.6663293497 32.9742077227
16.2729575966 17.5525639918 15.7146791601
16.5424027678 17.6814033020 16.5765096198
16.7739804915 17.5696478456 17.5470628344
16.8713282532 17.4911801401 18.5433256641
16.8739081248 17.4337536859 19.5904254710
16.8360104241 17.4656991386 20.6408911692
16.7465951155 17.4603595331 21.5853772115
16.5867175595 17.3078387377 22.3209395283
16.6456142739 17.7308433211 27.1016523712
16.7513159952 17.7962851321 28.0638124079
16.7592124583 17.4239343285 28.6311527143
16.7216255321 17.5481708492 29.6053531314
16.6736645497 17.4942973783 30.7934609344
16.6407268671 17.3290013165 31.8139404716
16.5380818083 17.3581799241 32.8031973280
16.3453192928 17.4360808266 33.7695900466
16.6198500446 18.6239170705 17.5432690461
16.8167779063 18.5734777442 18.5319081308
16.8996816868 18.5163185182 19.5537106566
16.9059905688 18.4895685341 20.5834333484
16.8541873457 18.4574072687 21.5954076377
16.7146478663 18.3383367918 22.5988100817
16.7609124555 18.7944975761 26.6430464912
16.8045617453 18.6128686909 27.8567238795
16.7327892421 18.3953664703 28.9972948057
16.5627155616 18.1794895501 31.8118323548
16.5429564689 18.1678632869 32.6924227441
16.4557734481 18.1734016820 33.6085480858
16.2940462954 18.1866271479 34.4220880083
16.6897857646 19.7188289007 18.4697637193
16.8600991335 19.5896555845 19.5350392943
16.9151503087 19.5347191863 20.5627841492
16.9120371843 19.5021086624 21.5851561548
16.8618394333 19.4373403300 22.5960336877
16.7645854053 19.3233502484 23.6236610635
16.7611735285 19.4643339335 24.6801019332
16.7757835227 19.2943642909 25.6346427421
16.9551459584 19.6816447571 26.4087342803
16.9473574793 19.5566099952 27.6408638469
16.8279067973 19.4125628260 28.7343360067
16.6462947138 19.3513863359 29.5783841737
16.6370576705 20.9262016337 18.6208070592
16.7966367989 20.6657157014 19.5252550527
16.8725938034 20.5642008038 20.5352851305
16.8982208338 20.5289941729 21.5646716206
16.9057354415 20.4928326347 22.5841359290
16.9046829989 20.3752217874 23.5552422445
16.8962137263 20.1581666492 24.3539381108
16.9706245328 20.2323455188 25.3127780910
17.0473196864 20.1273851961 26.0973961371
17.0395657008 19.8873660881 27.0469671465
17.0411742013 20.0860879109 28.0240965635
17.0432944915 20.5140035244 28.6615026146
16.9519776009 20.3426787970 28.8073499593
16.7264820263 20.2497911147 29.6060477285
16.5970284493 21.9645556871 18.5668265568
16.7255511189 21.6738871901 19.4626953235
16.7770037547 21.5546722782 20.4494665147
16.8026058229 21.4976356230 21.4904457485
16.8263944470 21.5094955961 22.5409862863
16.8878837801 21.4570185462 23.5606274826
16.9748989608 21.1431996722 24.4934872874
17.0448069785 21.0252275937 25.0856115398
17.0629208764 20.5244763666 25.5327032812
16.9889252031 21.1021607289 29.2386513444
16.9559605658 22.1065734210 29.7213774391
16.8129021974 21.4743930957 29.9038467246
16.5410667487 22.2235737521 37.2568851371
16.5501889992 22.0465628441 38.2528101751
16.5032811461 22.0161855088 39.1328803461
16.4578342428 22.6812083734 18.1210858376
16.5819804271 22.6994053765 18.8135600695
16.6550761598 22.4063472088 19.3134183614
16.6046767999 22.5229738237 20.2179969638
16.6114983994 22.3768815154 21.3149944369
16.6258868013 22.3796646538 22.3595926228
16.6556288975 22.5655633911 23.4948669270
16.8652694678 22.4257308709 24.4779961356
16.9980723165 21.9315256913 24.8313252637
16.8654750250 22.7786293163 30.1366990142
16.9414772253 23.1539795706 29.7530489435
16.6590264963 22.5925902552 30.8287599594
16.5256598346 22.8954524254 36.6035090198
16.6721649329 23.0547253422 37.4437506820
16.6972367080 22.8773785354 38.1711690198
16.6658958237 22.7835607528 39.0745355380
16.5453004445 22.7023962955 39.9704202350
16.4309715928 23.2294860108 18.6361440187
16.4826912118 23.1099669391 19.4589300615
16.5448260042 23.3508106176 24.4766200734
16.9022475378 22.8857195872 25.0380324576
16.7531799883 23.3207886318 25.0453953317
16.7387676119 23.6787663330 25.5201568981
16.8049273249 23.8600953714 29.9573107792
16.8716669956 23.9750556661 29.3099051702
16.7046733005 23.5885063740 30.8036646713
16.5315169087 23.5237917460 31.6430053528
16.4750316753 23.7342976101 36.4995182919
16.6159974703 23.6876657103 37.2558299204
16.6950995316 23.6772650784 38.1098371847
16.7063986810 23.6418321895 39.0308265323
16.6574600660 23.5775766264 39.9426120289
16.5215242497 23.5603417849 40.8279349195
16.4410940242 24.7095842750 27.0085008976
16.6043926123 24.3179071568 26.3604241052
16.5434600469 24.7479032059 28.0134201272
16.6822806638 24.5401788216 27.4821447762
16.6501345774 24.5491925237 29.1084619891
16.7755787944 24.4332080098 28.4785194437
16.5716197839 24.6229633480 29.9541238928
16.5695103735 24.4440219439 30.6956569192
16.4907763268 24.3348092524 31.5384606993
16.3854802501 24.2827297224 32.2840309438
16.4583416704 24.3383872414 37.0961353435
16.5329842236 24.3906646879 37.9335856061
16.5757044250 24.4405931818 38.8899421068
16.5768566944 24.5157406829 39.9583096274
16.5799033658 24.2502880875 40.6739403910
16.4312199018 24.4547080062 41.4675218611
16.5383516941 25.2992031279 49.3780443969
16.4726802698 25.1746003428 50.3935316726
16.3015741617 25.1765949411 51.2838273463
16.4264864946 25.0291118395 40.9762963657
16.3543989379 25.9304116512 46.7914688100
16.5990987388 25.9407495754 48.5868025021
16.7537013831 25.9421596030 49.4211348465
16.8137155334 25.9143371080 50.1325246989
16.7337292528 25.9049641441 51.1855896281
16.3667674279 25.8613834853 52.1515791151
16.4490089728 26.5261217173 47.5265404757
16.6478031260 26.8824333273 48.7123016666
16.8311603264 26.6882693762 49.6660485412
16.9518757665 26.4380027191 50.2109168736
16.9311493376 26.1564904307 50.7371773987
16.9218200037 26.4752993449 51.4179157147
16.9432891899 27.0811054029 51.5758031531
16.7646250700 26.8460618619 52.1066523557
16.3499784579 26.7201985154 53.1443576964
16.4787002622 27.4765793530 48.4132536934
16.6257983973 27.7122156050 49.4838987688
16.9558648590 27.0368946824 50.3613904446
16.8232103844 27.6295474864 50.5646874721
16.8370716334 27.6495880728 51.6560100153
16.9566076163 27.3611884520 51.0455384082
16.7256607344 27.7212929616 52.5026900236
16.6092810034 27.4281440582 53.0104919562
16.3338928161 27.6146855716 53.8630155150
16.5386288818 28.4021475849 50.3993150731
16.6035605848 28.3987591172 51.3403057650
16.5855356860 28.3727853313 52.3172288394
16.4897613462 28.2056771045 53.2546595385
3 2 1 0
3 4 3 0
3 0 3 2
3 6 5 4
3 4 5 3
3 8 7 6
3 6 7 5
3 8 9 7
3 0 1 10
3 10 1 11
3 0 12 4
3 0 10 12
3 4 13 6
3 4 12 13
3 6 14 8
3 6 13 14
3 9 8 15
3 8 16 15
3 8 14 16
3 16 17 15
3 10 11 18
3 18 11 19
3 10 20 12
3 10 18 20
3 22 13 21
3 13 20 21
3 13 12 20
3 13 22 14
3 14 22 23
3 14 23 16
3 16 23 24
3 16 24 17
3 18 19 25
3 25 19 26
3 28 20 27
3 20 25 27
3 20 18 25
3 20 28 21
3 26 29 25
3 25 29 27
3 32 31 30
3 34 33 30
3 30 33 32
3 36 35 34
3 34 35 33
3 38 37 36
3 36 37 35
3 40 39 38
3 38 39 37
3 40 41 39
3 44 43 42
3 44 42 31
3 42 30 31
3 42 45 30
3 30 46 34
3 30 45 46
3 34 47 36
3 34 46 47
3 36 48 38
3 36 47 48
3 38 49 40
3 38 48 49
3 41 40 50
3 40 51 50
3 40 49 51
3 51 52 50
3 42 43 53
3 53 43 54
3 42 55 45
3 42 53 55
3 45 56 46
3 45 55 56
3 46 57 47
3 46 56 57
3 47 58 48
3 47 57 58
3 48 59 49
3 48 58 59
3 49 60 51
3 49 59 60
3 52 51 61
3 51 62 61
3 51 60 62
3 62 63 61
3 66 65 64
3 66 64 54
3 64 53 54
3 64 67 53
3 53 68 55
3 53 67 68
3 55 69 56
3 55 68 69
3 56 70 57
3 56 69 70
3 57 71 58
3 57 70 71
3 58 72 59
3 58 71 72
3 59 73 60
3 59 72 73
3 60 74 62
3 60 73 74
3 63 62 75
3 75 62 74
3 64 65 76
3 76 65 77
3 64 78 67
3 64 76 78
3 67 79 68
3 67 78 79
3 68 80 69
3 68 79 80
3 80 1 2
3 70 80 2
3 69 80 70
3 70 2 3
3 70 3 71
3 71 3 5
3 71 5 72
3 72 5 7
3 72 7 73
3 73 7 9
3 81 73 9
3 74 73 81
3 75 74 82
3 82 74 81
3 76 77 83
3 83 77 84
3 76 85 78
3 76 83 85
3 78 86 79
3 78 85 86
3 79 87 80
3 79 86 87
3 87 11 1
3 87 1 80
3 15 81 9
3 15 17 81
3 17 82 81
3 17 88 82
3 84 89 83
3 91 90 89
3 90 83 89
3 90 85 83
3 85 92 86
3 85 90 92
3 86 93 87
3 86 92 93
3 93 19 11
3 93 11 87
3 21 94 22
3 95 23 22
3 95 22 94
3 96 24 23
3 96 23 95
3 88 17 97
3 17 96 97
3 96 98 97
3 17 24 96
3 98 99 97
3 90 91 100
3 100 91 101
3 90 102 92
3 90 100 102
3 92 103 93
3 92 102 103
3 103 26 19
3 103 19 93
3 27 104 28
3 94 21 28
3 104 94 28
3 105 94 104
3 94 106 95
3 94 105 106
3 95 107 96
3 95 106 107
3 96 108 98
3 96 107 108
3 99 98 109
3 98 110 109
3 98 108 110
3 110 111 109
3 101 112 100
3 100 112 102
3 102 112 113
3 115 114 113
3 114 102 113
3 114 103 102
3 116 29 26
3 103 116 26
3 114 116 103
3 104 27 29
3 116 104 29
3 117 104 116
3 119 105 118
3 105 117 118
3 105 104 117
3 105 119 106
3 106 119 120
3 106 120 107
3 107 120 121
3 123 122 121
3 122 107 121
3 122 108 107
3 108 124 110
3 108 122 124
3 111 110 125
3 125 110 124
3 115 126 114
3 114 126 116
3 116 126 127
3 116 127 117
3 117 127 128
3 117 128 118
3 123 129 122
3 122 129 124
3 124 129 130
3 124 130 125
3 133 132 131
3 131 134 133
3 137 136 135
3 139 138 135
3 135 138 137
3 138 139 132
3 139 131 132
3 139 140 131
3 134 131 141
3 131 142 141
3 131 140 142
3 144 143 142
3 142 143 141
3 146 145 144
3 144 145 143
3 146 147 145
3 150 149 148
3 152 151 148
3 148 151 150
3 151 152 136
3 152 135 136
3 152 153 135
3 153 31 32
3 139 153 32
3 135 153 139
3 139 32 33
3 139 33 140
3 140 33 35
3 140 35 142
3 142 35 37
3 142 37 144
3 144 37 39
3 144 39 146
3 155 154 41
3 41 154 39
3 154 147 39
3 147 146 39
3 155 156 154
3 148 149 157
3 157 149 158
3 148 159 152
3 148 157 159
3 159 43 44
3 153 159 44
3 152 159 153
3 153 44 31
3 50 155 41
3 161 160 52
3 52 160 50
3 160 156 50
3 156 155 50
3 161 162 160
3 165 164 163
3 165 163 158
3 163 157 158
3 163 166 157
3 157 167 159
3 157 166 167
3 167 54 43
3 167 43 159
3 61 161 52
3 61 63 161
3 63 162 161
3 63 168 162
3 163 164 169
3 169 164 170
3 163 171 166
3 163 169 171
3 171 65 66
3 167 171 66
3 166 171 167
3 167 66 54
3 75 173 172
3 168 75 172
3 63 75 168
3 173 174 172
3 169 170 175
3 175 170 176
3 169 177 171
3 169 175 177
3 177 77 65
3 177 65 171
3 82 178 173
3 82 173 75
3 174 173 179
3 179 173 178
3 176 180 175
3 182 181 180
3 181 175 180
3 181 177 175
3 181 84 77
3 181 77 177
3 88 183 178
3 88 178 82
3 179 178 184
3 178 185 184
3 178 183 185
3 185 186 184
3 182 187 181
3 187 189 188
3 187 188 89
3 181 187 89
3 84 181 89
3 188 91 89
3 97 183 88
3 183 97 99
3 190 183 99
3 185 183 190
3 186 185 191
3 191 185 190
3 188 189 192
3 192 189 193
3 192 101 91
3 192 91 188
3 109 190 99
3 195 194 111
3 111 194 109
3 194 191 109
3 191 190 109
3 195 196 194
3 193 197 192
3 192 197 101
3 197 112 101
3 197 198 112
3 198 200 199
3 113 198 199
3 112 198 113
3 199 115 113
3 118 201 119
3 202 120 119
3 202 119 201
3 203 121 120
3 203 120 202
3 203 123 121
3 125 204 195
3 125 195 111
3 196 195 205
3 205 195 204
3 200 206 199
3 199 206 115
3 206 126 115
3 206 207 126
3 207 209 208
3 127 207 208
3 126 207 127
3 210 128 127
3 210 127 208
3 201 118 128
3 210 201 128
3 211 201 210
3 213 202 212
3 202 211 212
3 202 201 211
3 215 214 213
3 214 202 213
3 214 203 202
3 216 129 123
3 203 216 123
3 214 216 203
3 217 130 129
3 217 129 216
3 204 125 130
3 217 204 130
3 218 204 217
3 205 204 219
3 219 204 218
3 209 220 208
3 208 220 210
3 210 220 221
3 223 222 221
3 222 210 221
3 222 211 210
3 212 211 224
3 224 211 222
3 215 225 214
3 214 225 216
3 216 225 226
3 228 227 226
3 227 216 226
3 227 217 216
3 217 229 218
3 217 227 229
3 219 218 230
3 230 218 229
3 223 231 222
3 222 231 224
3 228 232 227
3 227 232 229
3 229 232 233
3 229 233 230
3 236 235 234
3 238 237 234
3 234 237 236
3 240 239 238
3 238 239 237
3 240 241 239
3 244 243 242
3 246 245 242
3 242 245 244
3 248 247 246
3 246 247 245
3 247 248 235
3 248 234 235
3 248 249 234
3 249 132 133
3 238 249 133
3 234 249 238
3 238 133 134
3 250 238 134
3 240 238 250
3 241 240 251
3 240 252 251
3 240 250 252
3 254 253 252
3 252 253 251
3 254 255 253
3 258 257 256
3 258 256 243
3 256 242 243
3 256 259 242
3 242 260 246
3 242 259 260
3 260 136 137
3 248 260 137
3 246 260 248
3 248 137 138
3 248 138 249
3 249 138 132
3 141 250 134
3 250 141 143
3 250 143 252
3 252 143 145
3 252 145 254
3 262 261 147
3 147 261 145
3 261 255 145
3 255 254 145
3 262 263 261
3 266 265 264
3 266 264 257
3 264 256 257
3 264 267 256
3 267 149 150
3 259 267 150
3 256 267 259
3 259 150 151
3 259 151 260
3 260 151 136
3 154 262 147
3 269 268 156
3 156 268 154
3 268 263 154
3 263 262 154
3 269 270 268
3 264 265 271
3 271 265 272
3 264 273 267
3 264 271 273
3 273 158 149
3 273 149 267
3 160 269 156
3 275 274 162
3 162 274 160
3 274 270 160
3 270 269 160
3 275 276 274
3 271 272 277
3 277 272 278
3 277 164 165
3 273 277 165
3 271 277 273
3 273 165 158
3 168 279 275
3 168 275 162
3 276 275 280
3 280 275 279
3 277 278 281
3 281 278 282
3 281 170 164
3 281 164 277
3 172 279 168
3 284 283 174
3 174 283 172
3 283 280 172
3 280 279 172
3 284 285 283
3 281 282 286
3 286 282 287
3 286 176 170
3 286 170 281
3 179 288 284
3 179 284 174
3 285 284 289
3 289 284 288
3 287 290 286
3 290 292 291
3 290 291 180
3 286 290 180
3 176 286 180
3 291 182 180
3 184 288 179
3 294 293 186
3 186 293 184
3 293 289 184
3 289 288 184
3 294 295 293
3 292 296 291
3 296 298 297
3 296 297 187
3 291 296 187
3 182 291 187
3 297 189 187
3 191 299 294
3 191 294 186
3 295 294 300
3 300 294 299
3 298 301 297
3 189 297 301
3 302 189 301
3 193 189 302
3 194 299 191
3 304 303 196
3 196 303 194
3 303 300 194
3 300 299 194
3 304 305 303
3 302 306 193
3 193 306 197
3 306 308 307
3 198 306 307
3 197 306 198
3 307 200 198
3 205 309 304
3 205 304 196
3 305 304 310
3 304 311 310
3 304 309 311
3 311 312 310
3 308 313 307
3 307 313 200
3 313 206 200
3 313 314 206
3 314 316 315
3 207 314 315
3 206 314 207
3 315 209 207
3 212 317 213
3 317 215 213
3 219 318 309
3 219 309 205
3 309 319 311
3 309 318 319
3 312 311 320
3 311 321 320
3 311 319 321
3 321 322 320
3 316 323 315
3 315 323 209
3 323 220 209
3 323 324 220
3 324 326 325
3 221 324 325
3 220 324 221
3 325 223 221
3 224 327 317
3 224 317 212
3 328 225 215
3 317 328 215
3 327 328 317
3 329 226 225
3 329 225 328
3 329 228 226
3 230 330 318
3 230 318 219
3 318 331 319
3 318 330 331
3 319 332 321
3 319 331 332
3 322 321 333
3 333 321 332
3 326 334 325
3 334 336 335
3 334 335 231
3 325 334 231
3 223 325 231
3 327 224 231
3 335 327 231
3 337 327 335
3 327 338 328
3 327 337 338
3 328 339 329
3 328 338 339
3 340 232 228
3 329 340 228
3 339 340 329
3 341 233 232
3 341 232 340
3 330 230 233
3 341 330 233
3 342 330 341
3 330 343 331
3 330 342 343
3 331 344 332
3 331 343 344
3 333 332 345
3 345 332 344
3 336 346 335
3 348 347 346
3 347 335 346
3 347 337 335
3 337 349 338
3 337 347 349
3 338 350 339
3 338 349 350
3 339 351 340
3 339 350 351
3 353 341 352
3 341 351 352
3 341 340 351
3 341 353 342
3 342 353 354
3 356 355 354
3 355 342 354
3 355 343 342
3 358 344 357
3 344 355 357
3 344 343 355
3 344 358 345
3 361 360 359
3 359 362 361
3 348 363 347
3 365 364 363
3 364 347 363
3 364 349 347
3 349 366 350
3 349 364 366
3 368 351 367
3 351 366 367
3 351 350 366
3 351 368 352
3 356 369 355
3 355 369 357
3 360 370 359
3 359 370 362
3 365 371 364
3 364 371 366
3 366 371 372
3 366 372 367
3 375 374 373
3 373 376 375
3 379 378 377
3 379 377 374
3 377 373 374
3 377 380 373
3 376 373 381
3 373 382 381
3 373 380 382
3 382 383 381
3 386 385 384
3 386 384 378
3 384 377 378
3 384 387 377
3 377 388 380
3 377 387 388
3 380 389 382
3 380 388 389
3 383 382 390
3 382 391 390
3 382 389 391
3 393 392 391
3 391 392 390
3 393 394 392
3 397 396 395
3 395 398 397
3 384 385 399
3 399 385 400
3 384 401 387
3 384 399 401
3 387 402 388
3 387 401 402
3 388 403 389
3 388 402 403
3 389 404 391
3 389 403 404
3 391 405 393
3 391 404 405
3 394 393 406
3 393 407 406
3 393 405 407
3 409 408 407
3 407 408 406
3 411 410 409
3 409 410 408
3 413 412 411
3 411 412 410
3 415 414 413
3 413 414 412
3 417 416 415
3 415 416 414
3 419 418 417
3 417 418 416
3 418 419 396
3 396 419 395
3 419 235 395
3 235 236 395
3 420 398 395
3 236 420 395
3 237 420 236
3 421 237 239
3 421 420 237
3 423 422 241
3 422 239 241
3 422 421 239
3 425 424 423
3 423 424 422
3 425 426 424
3 400 427 399
3 399 427 401
3 401 427 428
3 401 428 402
3 402 428 429
3 402 429 403
3 403 429 430
3 432 431 430
3 431 403 430
3 431 404 403
3 404 433 405
3 404 431 433
3 405 434 407
3 405 433 434
3 407 435 409
3 407 434 435
3 409 436 411
3 409 435 436
3 411 437 413
3 411 436 437
3 437 243 244
3 415 437 244
3 413 437 415
3 415 244 245
3 415 245 417
3 417 245 247
3 417 247 419
3 419 247 235
3 251 423 241
3 423 251 253
3 423 253 425
3 439 438 255
3 255 438 253
3 438 426 253
3 426 425 253
3 439 440 438
3 432 441 431
3 443 442 441
3 442 431 441
3 442 433 431
3 433 444 434
3 433 442 444
3 434 445 435
3 434 444 445
3 435 446 436
3 435 445 446
3 446 257 258
3 437 446 258
3 436 446 437
3 437 258 243
3 261 439 255
3 448 447 263
3 263 447 261
3 447 440 261
3 440 439 261
3 448 449 447
3 442 443 450
3 450 443 451
3 442 452 444
3 442 450 452
3 444 453 445
3 444 452 453
3 453 265 266
3 446 453 266
3 445 453 446
3 446 266 257
3 268 448 263
3 455 454 270
3 270 454 268
3 454 449 268
3 449 448 268
3 455 456 454
3 450 451 457
3 457 451 458
3 450 459 452
3 450 457 459
3 452 460 453
3 452 459 460
3 460 272 265
3 460 265 453
3 274 455 270
3 274 276 455
3 276 456 455
3 276 461 456
3 458 462 457
3 464 463 462
3 463 457 462
3 463 459 457
3 459 465 460
3 459 463 465
3 465 278 272
3 465 272 460
3 280 467 466
3 461 280 466
3 276 280 461
3 467 468 466
3 464 469 463
3 471 470 469
3 470 463 469
3 470 465 463
3 470 282 278
3 470 278 465
3 283 467 280
3 473 472 285
3 285 472 283
3 472 468 283
3 468 467 283
3 473 474 472
3 470 471 475
3 475 471 476
3 475 287 282
3 475 282 470
3 289 477 473
3 289 473 285
3 474 473 478
3 478 473 477
3 476 479 475
3 479 481 480
3 479 480 290
3 475 479 290
3 287 475 290
3 480 292 290
3 293 477 289
3 483 482 295
3 295 482 293
3 482 478 293
3 478 477 293
3 483 484 482
3 481 485 480
3 485 487 486
3 485 486 296
3 480 485 296
3 292 480 296
3 486 298 296
3 300 488 483
3 300 483 295
3 484 483 489
3 483 490 489
3 483 488 490
3 490 491 489
3 487 492 486
3 492 494 493
3 492 493 301
3 486 492 301
3 298 486 301
3 493 302 301
3 303 488 300
3 488 303 305
3 495 488 305
3 490 488 495
3 491 490 496
3 490 497 496
3 490 495 497
3 497 498 496
3 494 499 493
3 499 501 500
3 499 500 306
3 493 499 306
3 302 493 306
3 500 308 306
3 310 495 305
3 495 310 312
3 502 495 312
3 497 495 502
3 498 497 503
3 497 504 503
3 497 502 504
3 504 505 503
3 501 506 500
3 500 506 308
3 506 313 308
3 506 507 313
3 507 509 508
3 314 507 508
3 313 507 314
3 508 316 314
3 320 502 312
3 502 320 322
3 510 502 322
3 504 502 510
3 505 504 511
3 504 512 511
3 504 510 512
3 514 513 512
3 512 513 511
3 516 515 514
3 514 515 513
3 518 517 516
3 516 517 515
3 518 519 517
3 509 520 508
3 520 522 521
3 520 521 323
3 508 520 323
3 316 508 323
3 523 324 323
3 523 323 521
3 523 326 324
3 333 524 510
3 333 510 322
3 510 525 512
3 510 524 525
3 512 526 514
3 512 525 526
3 514 527 516
3 514 526 527
3 516 528 518
3 516 527 528
3 519 518 529
3 518 530 529
3 518 528 530
3 532 531 530
3 530 531 529
3 532 533 531
3 522 534 521
3 521 534 523
3 523 534 535
3 523 535 326
3 535 334 326
3 535 536 334
3 336 334 536
3 336 536 537
3 345 538 524
3 345 524 333
3 524 539 525
3 524 538 539
3 525 540 526
3 525 539 540
3 526 541 527
3 526 540 541
3 527 542 528
3 527 541 542
3 528 543 530
3 528 542 543
3 530 544 532
3 530 543 544
3 533 532 545
3 545 532 544
3 346 336 546
3 336 547 546
3 336 537 547
3 546 348 346
3 352 548 353
3 549 354 353
3 549 353 548
3 549 356 354
3 357 550 358
3 538 345 358
3 550 538 358
3 551 538 550
3 538 552 539
3 538 551 552
3 539 553 540
3 539 552 553
3 540 554 541
3 540 553 554
3 541 555 542
3 541 554 555
3 555 360 361
3 543 555 361
3 542 555 543
3 543 361 362
3 556 543 362
3 544 543 556
3 545 544 557
3 557 544 556
3 547 558 546
3 558 560 559
3 558 559 363
3 546 558 363
3 348 546 363
3 559 365 363
3 367 561 368
3 548 352 368
3 561 548 368
3 562 548 561
3 548 563 549
3 548 562 563
3 564 369 356
3 549 564 356
3 563 564 549
3 550 357 369
3 564 550 369
3 565 550 564
3 550 566 551
3 550 565 566
3 551 567 552
3 551 566 567
3 552 568 553
3 552 567 568
3 553 569 554
3 553 568 569
3 554 570 555
3 554 569 570
3 571 370 360
3 555 571 360
3 570 571 555
3 556 362 370
3 571 556 370
3 572 556 571
3 557 556 573
3 573 556 572
3 560 574 559
3 559 574 365
3 574 371 365
3 574 575 371
3 575 577 576
3 372 575 576
3 371 575 372
3 561 367 372
3 576 561 372
3 578 561 576
3 561 579 562
3 561 578 579
3 581 563 580
3 563 579 580
3 563 562 579
3 563 581 564
3 564 581 582
3 564 582 565
3 565 582 583
3 565 583 566
3 566 583 584
3 566 584 567
3 567 584 585
3 587 586 585
3 586 567 585
3 586 568 567
3 568 588 569
3 568 586 588
3 569 589 570
3 569 588 589
3 570 590 571
3 570 589 590
3 571 591 572
3 571 590 591
3 573 572 592
3 592 572 591
3 577 593 576
3 576 593 578
3 578 593 594
3 578 594 579
3 579 594 595
3 579 595 580
3 587 596 586
3 598 597 596
3 597 586 596
3 597 588 586
3 600 589 599
3 589 597 599
3 589 588 597
3 602 601 600
3 601 589 600
3 601 590 589
3 604 591 603
3 591 601 603
3 591 590 601
3 591 604 592
3 598 605 597
3 597 605 599
3 602 606 601
3 601 606 603
3 609 608 607
3 611 610 607
3 607 610 609
3 611 612 610
3 614 613 375
3 375 613 374
3 616 615 376
3 615 375 376
3 615 614 375
3 615 616 608
3 616 607 608
3 616 617 607
3 607 618 611
3 607 617 618
3 612 611 619
3 611 620 619
3 611 618 620
3 620 621 619
3 623 622 379
3 379 622 378
3 379 374 613
3 379 613 623
3 381 616 376
3 616 381 383
3 624 616 383
3 617 616 624
3 617 625 618
3 617 624 625
3 618 626 620
3 618 625 626
3 621 620 627
3 620 628 627
3 620 626 628
3 630 629 628
3 628 629 627
3 632 631 630
3 630 631 629
3 634 633 632
3 632 633 631
3 634 635 633
3 637 636 386
3 386 636 385
3 386 378 622
3 386 622 637
3 390 624 383
3 624 390 392
3 624 392 625
3 625 392 394
3 638 625 394
3 626 625 638
3 626 639 628
3 626 638 639
3 628 640 630
3 628 639 640
3 630 641 632
3 630 640 641
3 632 642 634
3 632 641 642
3 635 634 643
3 634 644 643
3 634 642 644
3 646 645 644
3 644 645 643
3 396 397 646
3 397 645 646
3 397 647 645
3 649 648 398
3 648 397 398
3 648 647 397
3 651 650 649
3 649 650 648
3 653 652 651
3 651 652 650
3 653 654 652
3 657 656 655
3 636 657 655
3 400 636 655
3 385 636 400
3 406 638 394
3 638 406 408
3 638 408 639
3 639 408 410
3 639 410 640
3 640 410 412
3 640 412 641
3 641 412 414
3 641 414 642
3 642 414 416
3 642 416 644
3 644 416 418
3 644 418 646
3 646 418 396
3 420 649 398
3 649 420 421
3 649 421 651
3 651 421 422
3 651 422 653
3 658 654 653
3 422 658 653
3 424 658 422
3 660 659 426
3 659 424 426
3 659 658 424
3 660 661 659
3 656 662 655
3 662 664 663
3 662 663 427
3 655 662 427
3 400 655 427
3 665 428 427
3 665 427 663
3 666 429 428
3 666 428 665
3 667 430 429
3 667 429 666
3 667 432 430
3 438 660 426
3 669 668 440
3 440 668 438
3 668 661 438
3 661 660 438
3 669 670 668
3 664 671 663
3 663 671 665
3 665 671 672
3 665 672 666
3 666 672 673
3 675 674 673
3 674 666 673
3 674 667 666
3 676 441 432
3 667 676 432
3 674 676 667
3 676 443 441
3 447 669 440
3 678 677 449
3 449 677 447
3 677 670 447
3 670 669 447
3 678 679 677
3 674 675 680
3 680 675 681
3 674 682 676
3 674 680 682
3 682 451 443
3 682 443 676
3 454 678 449
3 684 683 456
3 456 683 454
3 683 679 454
3 679 678 454
3 684 685 683
3 681 686 680
3 688 687 686
3 687 680 686
3 687 682 680
3 687 458 451
3 687 451 682
3 461 689 684
3 461 684 456
3 685 684 690
3 690 684 689
3 688 691 687
3 691 693 692
3 691 692 462
3 687 691 462
3 458 687 462
3 692 464 462
3 466 689 461
3 695 694 468
3 468 694 466
3 694 690 466
3 690 689 466
3 695 696 694
3 693 697 692
3 697 699 698
3 697 698 469
3 692 697 469
3 464 692 469
3 698 471 469
3 472 695 468
3 701 700 474
3 474 700 472
3 700 696 472
3 696 695 472
3 701 702 700
3 699 703 698
3 471 698 703
3 704 471 703
3 476 471 704
3 478 705 701
3 478 701 474
3 702 701 706
3 701 707 706
3 701 705 707
3 707 708 706
3 704 709 476
3 476 709 479
3 481 479 709
3 481 709 710
3 482 705 478
3 705 482 484
3 711 705 484
3 707 705 711
3 708 707 712
3 707 713 712
3 707 711 713
3 713 714 712
3 710 715 481
3 481 715 485
3 487 485 715
3 487 715 716
3 489 711 484
3 711 489 491
3 717 711 491
3 713 711 717
3 714 713 718
3 713 719 718
3 713 717 719
3 719 720 718
3 492 487 721
3 487 722 721
3 487 716 722
3 721 494 492
3 496 717 491
3 717 496 498
3 723 717 498
3 719 717 723
3 720 719 724
3 719 725 724
3 719 723 725
3 725 726 724
3 722 727 721
3 727 729 728
3 727 728 499
3 721 727 499
3 494 721 499
3 728 501 499
3 503 723 498
3 723 503 505
3 730 723 505
3 725 723 730
3 726 725 731
3 725 732 731
3 725 730 732
3 734 733 732
3 732 733 731
3 736 735 734
3 734 735 733
3 738 737 736
3 736 737 735
3 738 739 737
3 729 740 728
3 728 740 501
3 740 506 501
3 740 741 506
3 741 743 742
3 507 741 742
3 506 741 507
3 742 509 507
3 511 730 505
3 730 511 513
3 730 513 732
3 732 513 515
3 732 515 734
3 734 515 517
3 734 517 736
3 736 517 519
3 744 736 519
3 738 736 744
3 739 738 745
3 738 746 745
3 738 744 746
3 746 747 745
3 743 748 742
3 748 750 749
3 748 749 520
3 742 748 520
3 509 742 520
3 749 522 520
3 529 744 519
3 744 529 531
3 744 531 746
3 752 751 533
3 533 751 531
3 751 747 531
3 747 746 531
3 752 753 751
3 750 754 749
3 754 756 755
3 754 755 534
3 749 754 534
3 522 749 534
3 757 535 534
3 757 534 755
3 758 536 535
3 758 535 757
3 758 537 536
3 545 759 752
3 545 752 533
3 753 752 760
3 760 752 759
3 756 761 755
3 755 761 757
3 757 761 762
3 764 763 762
3 763 757 762
3 763 758 757
3 763 547 537
3 763 537 758
3 557 765 759
3 557 759 545
3 760 759 766
3 759 767 766
3 759 765 767
3 769 768 767
3 767 768 766
3 769 770 768
3 763 764 771
3 771 764 772
3 773 558 547
3 763 773 547
3 771 773 763
3 773 560 558
3 573 774 765
3 573 765 557
3 765 775 767
3 765 774 775
3 767 776 769
3 767 775 776
3 770 769 777
3 769 778 777
3 769 776 778
3 780 779 778
3 778 779 777
3 782 781 780
3 780 781 779
3 782 783 781
3 772 784 771
3 786 785 784
3 785 771 784
3 785 773 771
3 787 574 560
3 773 787 560
3 785 787 773
3 788 575 574
3 788 574 787
3 788 577 575
3 580 789 581
3 790 582 581
3 790 581 789
3 791 583 582
3 791 582 790
3 792 584 583
3 792 583 791
3 793 585 584
3 793 584 792
3 793 587 585
3 592 794 774
3 592 774 573
3 774 795 775
3 774 794 795
3 775 796 776
3 775 795 796
3 776 797 778
3 776 796 797
3 778 798 780
3 778 797 798
3 780 799 782
3 780 798 799
3 783 782 800
3 800 782 799
3 786 801 785
3 785 801 787
3 787 801 802
3 787 802 788
3 788 802 803
3 788 803 577
3 803 593 577
3 803 804 593
3 804 806 805
3 594 804 805
3 593 804 594
3 807 595 594
3 807 594 805
3 789 580 595
3 807 789 595
3 808 789 807
3 789 809 790
3 789 808 809
3 790 810 791
3 790 809 810
3 812 792 811
3 792 810 811
3 792 791 810
3 814 813 812
3 813 792 812
3 813 793 792
3 815 596 587
3 793 815 587
3 813 815 793
3 815 598 596
3 599 816 600
3 816 602 600
3 603 817 604
3 794 592 604
3 817 794 604
3 818 794 817
3 794 819 795
3 794 818 819
3 795 820 796
3 795 819 820
3 796 821 797
3 796 820 821
3 797 822 798
3 797 821 822
3 798 823 799
3 798 822 823
3 800 799 824
3 824 799 823
3 806 825 805
3 805 825 807
3 807 825 826
3 828 827 826
3 827 807 826
3 827 808 807
3 808 829 809
3 808 827 829
3 809 830 810
3 809 829 830
3 811 810 831
3 831 810 830
3 814 832 813
3 813 832 815
3 815 832 833
3 815 833 598
3 833 605 598
3 833 834 605
3 605 834 599
3 834 835 599
3 835 816 599
3 835 834 836
3 837 606 602
3 816 837 602
3 835 837 816
3 817 603 606
3 837 817 606
3 838 817 837
3 817 839 818
3 817 838 839
3 841 819 840
3 819 839 840
3 819 818 839
3 819 841 820
3 820 841 842
3 844 843 842
3 843 820 842
3 843 821 820
3 821 845 822
3 821 843 845
3 847 823 846
3 823 845 846
3 823 822 845
3 823 847 824
3 828 848 827
3 850 849 848
3 849 827 848
3 849 829 827
3 852 830 851
3 830 849 851
3 830 829 849
3 830 852 831
3 836 853 835
3 835 853 837
3 837 853 854
3 837 854 838
3 838 854 855
3 838 855 839
3 839 855 856
3 839 856 840
3 844 857 843
3 843 857 845
3 845 857 858
3 845 858 846
3 850 859 849
3 849 859 851
3 861 860 609
3 609 860 608
3 862 609 610
3 862 861 609
3 864 863 612
3 863 610 612
3 863 862 610
3 866 865 864
3 864 865 863
3 868 867 866
3 866 867 865
3 870 869 868
3 868 869 867
3 872 871 870
3 870 871 869
3 872 873 871
3 875 874 614
3 614 874 613
3 876 614 615
3 876 875 614
3 615 608 860
3 615 860 876
3 619 864 612
3 864 619 621
3 877 864 621
3 866 864 877
3 866 878 868
3 866 877 878
3 868 879 870
3 868 878 879
3 870 880 872
3 870 879 880
3 873 872 881
3 872 882 881
3 872 880 882
3 882 883 881
3 885 884 623
3 623 884 622
3 623 613 874
3 623 874 885
3 627 877 621
3 877 627 629
3 877 629 878
3 878 629 631
3 878 631 879
3 879 631 633
3 879 633 880
3 880 633 635
3 886 880 635
3 882 880 886
3 883 882 887
3 882 888 887
3 882 886 888
3 890 889 888
3 888 889 887
3 892 891 890
3 890 891 889
3 894 893 892
3 892 893 891
3 894 895 893
3 897 896 637
3 637 896 636
3 637 622 884
3 637 884 897
3 643 886 635
3 886 643 645
3 886 645 888
3 888 645 647
3 888 647 890
3 890 647 648
3 890 648 892
3 892 648 650
3 892 650 894
3 898 895 894
3 650 898 894
3 652 898 650
3 900 899 654
3 899 652 654
3 899 898 652
3 900 901 899
3 903 902 657
3 657 902 656
3 657 636 896
3 657 896 903
3 658 900 654
3 904 901 900
3 658 904 900
3 659 904 658
3 659 661 904
3 904 661 905
3 908 907 906
3 906 909 662
3 902 906 662
3 656 902 662
3 906 902 908
3 909 664 662
3 910 905 661
3 910 661 668
3 912 911 670
3 911 668 670
3 911 910 668
3 912 913 911
3 907 914 906
3 906 914 909
3 909 914 915
3 909 915 664
3 915 671 664
3 915 916 671
3 916 918 917
3 672 916 917
3 671 916 672
3 919 673 672
3 919 672 917
3 919 675 673
3 677 912 670
3 677 679 912
3 679 913 912
3 679 920 913
3 918 921 917
3 917 921 919
3 919 921 922
3 675 919 922
3 923 675 922
3 681 675 923
3 924 920 679
3 924 679 683
3 683 685 924
3 924 685 925
3 923 926 681
3 681 926 686
3 688 686 926
3 688 926 927
3 690 929 928
3 925 690 928
3 685 690 925
3 929 930 928
3 927 931 688
3 688 931 691
3 693 691 931
3 693 931 932
3 694 929 690
3 934 933 696
3 696 933 694
3 933 930 694
3 930 929 694
3 934 935 933
3 932 936 693
3 693 936 697
3 699 697 936
3 699 936 937
3 700 934 696
3 939 938 702
3 702 938 700
3 938 935 700
3 935 934 700
3 939 940 938
3 937 941 699
3 699 941 703
3 704 703 941
3 704 941 942
3 706 939 702
3 944 943 708
3 708 943 706
3 943 940 706
3 940 939 706
3 944 945 943
3 709 704 946
3 704 947 946
3 704 942 947
3 946 710 709
3 712 944 708
3 949 948 714
3 714 948 712
3 948 945 712
3 945 944 712
3 949 950 948
3 947 951 946
3 951 953 952
3 951 952 715
3 946 951 715
3 710 946 715
3 952 716 715
3 718 949 714
3 955 954 720
3 720 954 718
3 954 950 718
3 950 949 718
3 955 956 954
3 953 957 952
3 716 952 957
3 958 716 957
3 722 716 958
3 724 955 720
3 960 959 726
3 726 959 724
3 959 956 724
3 956 955 724
3 962 961 960
3 960 961 959
3 964 963 962
3 962 963 961
3 966 965 964
3 964 965 963
3 966 967 965
3 958 968 722
3 722 968 727
3 729 727 968
3 729 968 969
3 731 960 726
3 960 731 733
3 960 733 962
3 962 733 735
3 962 735 964
3 964 735 737
3 964 737 966
3 971 970 739
3 739 970 737
3 970 967 737
3 967 966 737
3 971 972 970
3 969 973 729
3 729 973 740
3 973 975 974
3 741 973 974
3 740 973 741
3 974 743 741
3 745 971 739
3 977 976 747
3 747 976 745
3 976 972 745
3 972 971 745
3 977 978 976
3 975 979 974
3 979 981 980
3 979 980 748
3 974 979 748
3 743 974 748
3 980 750 748
3 751 977 747
3 983 982 753
3 753 982 751
3 982 978 751
3 978 977 751
3 983 984 982
3 981 985 980
3 985 987 986
3 985 986 754
3 980 985 754
3 750 980 754
3 986 756 754
3 760 988 983
3 760 983 753
3 984 983 989
3 983 990 989
3 983 988 990
3 992 991 990
3 990 991 989
3 994 993 992
3 992 993 991
3 994 995 993
3 986 987 996
3 996 987 997
3 998 761 756
3 986 998 756
3 996 998 986
3 999 762 761
3 999 761 998
3 999 764 762
3 766 988 760
3 988 766 768
3 988 768 990
3 990 768 770
3 1000 990 770
3 992 990 1000
3 992 1001 994
3 992 1000 1001
3 995 994 1002
3 994 1003 1002
3 994 1001 1003
3 1003 1004 1002
3 997 1005 996
3 996 1005 998
3 998 1005 1006
3 1008 1007 1006
3 1007 998 1006
3 1007 999 998
3 1007 772 764
3 1007 764 999
3 777 1000 770
3 1000 777 779
3 1000 779 1001
3 1001 779 781
3 1001 781 1003
3 1010 1009 783
3 783 1009 781
3 1009 1004 781
3 1004 1003 781
3 1010 1011 1009
3 1007 1008 1012
3 1012 1008 1013
3 1014 784 772
3 1007 1014 772
3 1012 1014 1007
3 1014 786 784
3 800 1015 1010
3 800 1010 783
3 1011 1010 1016
3 1016 1010 1015
3 1013 1017 1012
3 1019 1018 1017
3 1018 1012 1017
3 1018 1014 1012
3 1020 801 786
3 1014 1020 786
3 1018 1020 1014
3 1021 802 801
3 1021 801 1020
3 1022 803 802
3 1022 802 1021
3 1023 804 803
3 1023 803 1022
3 1023 806 804
3 811 1024 812
3 1024 814 812
3 824 1025 1015
3 824 1015 800
3 1016 1015 1026
3 1015 1027 1026
3 1015 1025 1027
3 1029 1028 1027
3 1027 1028 1026
3 1031 1030 1029
3 1029 1030 1028
3 1031 1032 1030
3 1019 1033 1018
3 1018 1033 1020
3 1020 1033 1034
3 1020 1034 1021
3 1021 1034 1035
3 1021 1035 1022
3 1022 1035 1036
3 1022 1036 1023
3 1023 1036 1037
3 1037 1039 1038
3 1037 1038 825
3 1023 1037 825
3 806 1023 825
3 1040 826 825
3 1040 825 1038
3 1040 828 826
3 831 1041 1024
3 831 1024 811
3 1042 832 814
3 1024 1042 814
3 1041 1042 1024
3 1043 833 832
3 1043 832 1042
3 1044 834 833
3 1044 833 1043
3 1044 836 834
3 840 1045 841
3 1046 842 841
3 1046 841 1045
3 1046 844 842
3 846 1047 847
3 1025 824 847
3 1047 1025 847
3 1048 1025 1047
3 1025 1049 1027
3 1025 1048 1049
3 1027 1050 1029
3 1027 1049 1050
3 1029 1051 1031
3 1029 1050 1051
3 1032 1031 1052
3 1031 1053 1052
3 1031 1051 1053
3 1053 1054 1052
3 1039 1055 1038
3 1038 1055 1040
3 1040 1055 1056
3 1056 1058 1057
3 1056 1057 848
3 1040 1056 848
3 828 1040 848
3 1057 850 848
3 1060 1059 852
3 1060 852 851
3 831 852 1041
3 852 1061 1041
3 852 1059 1061
3 1041 1061 1042
3 1042 1061 1062
3 1042 1062 1043
3 1043 1062 1063
3 1065 1064 1063
3 1064 1043 1063
3 1064 1044 1043
3 1066 853 836
3 1044 1066 836
3 1064 1066 1044
3 1067 854 853
3 1067 853 1066
3 1068 855 854
3 1068 854 1067
3 1069 856 855
3 1069 855 1068
3 1045 840 856
3 1069 1045 856
3 1070 1045 1069
3 1045 1071 1046
3 1045 1070 1071
3 1072 857 844
3 1046 1072 844
3 1071 1072 1046
3 1073 858 857
3 1073 857 1072
3 1047 846 858
3 1073 1047 858
3 1074 1047 1073
3 1047 1075 1048
3 1047 1074 1075
3 1077 1049 1076
3 1049 1075 1076
3 1049 1048 1075
3 1079 1078 1077
3 1078 1049 1077
3 1078 1050 1049
3 1050 1080 1051
3 1050 1078 1080
3 1051 1081 1053
3 1051 1080 1081
3 1054 1053 1082
3 1053 1083 1082
3 1053 1081 1083
3 1083 1084 1082
3 1058 1085 1057
3 1057 1085 850
3 1085 859 850
3 1085 1086 859
3 851 859 1060
3 1060 859 1086
3 1065 1087 1064
3 1064 1087 1066
3 1066 1087 1088
3 1066 1088 1067
3 1067 1088 1089
3 1067 1089 1068
3 1068 1089 1090
3 1068 1090 1069
3 1069 1090 1091
3 1069 1091 1070
3 1070 1091 1092
3 1070 1092 1071
3 1071 1092 1093
3 1071 1093 1072
3 1072 1093 1094
3 1072 1094 1073
3 1073 1094 1095
3 1073 1095 1074
3 1074 1095 1096
3 1074 1096 1075
3 1075 1096 1097
3 1075 1097 1076
3 1079 1098 1078
3 1100 1099 1098
3 1099 1078 1098
3 1099 1080 1078
3 1080 1101 1081
3 1080 1099 1101
3 1081 1102 1083
3 1081 1101 1102
3 1084 1083 1103
3 1103 1083 1102
3 1100 1104 1099
3 1106 1105 1104
3 1105 1099 1104
3 1105 1101 1099
3 1101 1107 1102
3 1101 1105 1107
3 1103 1102 1108
3 1108 1102 1107
3 1106 1109 1105
3 1105 1109 1107
3 1107 1109 1110
3 1107 1110 1108
3 1113 1112 1111
3 1111 1114 1113
3 1116 1115 861
3 861 1115 860
3 1117 861 862
3 1117 1116 861
3 1118 862 863
3 1118 1117 862
3 1119 863 865
3 1119 1118 863
3 1120 865 867
3 1120 1119 865
3 1121 867 869
3 1121 1120 867
3 1122 869 871
3 1122 1121 869
3 1123 1111 873
3 1111 1122 873
3 1122 871 873
3 1111 1112 1122
3 1114 1111 1124
3 1111 1125 1124
3 1111 1123 1125
3 1125 1126 1124
3 1128 1127 875
3 875 1127 874
3 1129 875 876
3 1129 1128 875
3 876 860 1115
3 876 1115 1129
3 881 1123 873
3 1123 881 883
3 1130 1123 883
3 1125 1123 1130
3 1126 1125 1131
3 1125 1132 1131
3 1125 1130 1132
3 1134 1133 1132
3 1132 1133 1131
3 1136 1135 1134
3 1134 1135 1133
3 1136 1137 1135
3 1139 1138 885
3 885 1138 884
3 885 874 1127
3 885 1127 1139
3 887 1130 883
3 1130 887 889
3 1130 889 1132
3 1132 889 891
3 1132 891 1134
3 1134 891 893
3 1134 893 1136
3 1141 1140 895
3 895 1140 893
3 1140 1137 893
3 1137 1136 893
3 1141 1142 1140
3 1144 1143 897
3 897 1143 896
3 897 884 1138
3 897 1138 1144
3 898 1141 895
3 1145 1142 1141
3 898 1145 1141
3 899 1145 898
3 1147 1146 901
3 1146 899 901
3 1146 1145 899
3 1147 1148 1146
3 1150 1149 903
3 903 1149 902
3 903 896 1143
3 903 1143 1150
3 904 1147 901
3 1152 1151 905
3 905 1151 904
3 1151 1148 904
3 1148 1147 904
3 1152 1153 1151
3 1155 1154 908
3 908 1154 907
3 908 902 1149
3 908 1149 1155
3 910 1152 905
3 1156 1153 1152
3 910 1156 1152
3 911 1156 910
3 911 913 1156
3 1156 913 1157
3 1160 1159 1158
3 1158 1161 914
3 1154 1158 914
3 907 1154 914
3 1158 1154 1160
3 1162 915 914
3 1162 914 1161
3 1163 916 915
3 1163 915 1162
3 1163 918 916
3 920 1165 1164
3 1157 920 1164
3 913 920 1157
3 1165 1166 1164
3 1169 1168 1167
3 1169 1167 1159
3 1167 1158 1159
3 1167 1170 1158
3 1158 1171 1161
3 1158 1170 1171
3 1173 1162 1172
3 1162 1171 1172
3 1162 1161 1171
3 1175 1174 1173
3 1174 1162 1173
3 1174 1163 1162
3 1176 921 918
3 1163 1176 918
3 1174 1176 1163
3 1177 922 921
3 1177 921 1176
3 1177 923 922
3 924 1165 920
3 1179 1178 925
3 925 1178 924
3 1178 1166 924
3 1166 1165 924
3 1179 1180 1178
3 1168 1181 1167
3 1167 1181 1170
3 1170 1181 1182
3 1170 1182 1171
3 1171 1182 1183
3 1171 1183 1172
3 1175 1184 1174
3 1174 1184 1176
3 1176 1184 1185
3 1187 1186 1185
3 1186 1176 1185
3 1186 1177 1176
3 1188 926 923
3 1177 1188 923
3 1186 1188 1177
3 1188 927 926
3 928 1179 925
3 928 930 1179
3 930 1180 1179
3 930 1189 1180
3 1187 1190 1186
3 1192 1191 1190
3 1191 1186 1190
3 1191 1188 1186
3 1193 931 927
3 1188 1193 927
3 1191 1193 1188
3 1193 932 931
3 1194 1189 930
3 1194 930 933
3 933 935 1194
3 1194 935 1195
3 1192 1196 1191
3 1191 1196 1193
3 1193 1196 1197
3 1197 1199 1198
3 1197 1198 936
3 1193 1197 936
3 932 1193 936
3 1198 937 936
3 1200 1195 935
3 1200 935 938
3 938 940 1200
3 1200 940 1201
3 1199 1202 1198
3 1202 1204 1203
3 1202 1203 941
3 1198 1202 941
3 937 1198 941
3 1203 942 941
3 1205 1201 940
3 1205 940 943
3 943 945 1205
3 1205 945 1206
3 1204 1207 1203
3 942 1203 1207
3 1208 942 1207
3 947 942 1208
3 1209 1206 945
3 1209 945 948
3 948 950 1209
3 1209 950 1210
3 1208 1211 947
3 947 1211 951
3 953 951 1211
3 953 1211 1212
3 1213 1210 950
3 1213 950 954
3 1215 1214 956
3 1214 954 956
3 1214 1213 954
3 1217 1216 1215
3 1215 1216 1214
3 1217 1218 1216
3 1212 1219 953
3 953 1219 957
3 958 957 1219
3 958 1219 1220
3 959 1215 956
3 1215 959 961
3 1215 961 1217
3 1221 1218 1217
3 961 1221 1217
3 963 1221 961
3 1222 963 965
3 1222 1221 963
3 1224 1223 967
3 1223 965 967
3 1223 1222 965
3 1224 1225 1223
3 1220 1226 958
3 958 1226 968
3 969 968 1226
3 969 1226 1227
3 970 1224 967
3 1229 1228 972
3 972 1228 970
3 1228 1225 970
3 1225 1224 970
3 1229 1230 1228
3 973 969 1231
3 969 1232 1231
3 969 1227 1232
3 1231 975 973
3 976 1229 972
3 1234 1233 978
3 978 1233 976
3 1233 1230 976
3 1230 1229 976
3 1234 1235 1233
3 1232 1236 1231
3 1236 1238 1237
3 1236 1237 979
3 1231 1236 979
3 975 1231 979
3 1237 981 979
3 982 1234 978
3 1240 1239 984
3 984 1239 982
3 1239 1235 982
3 1235 1234 982
3 1242 1241 1240
3 1240 1241 1239
3 1244 1243 1242
3 1242 1243 1241
3 1244 1245 1243
3 1238 1246 1237
3 1246 1248 1247
3 1246 1247 985
3 1237 1246 985
3 981 1237 985
3 1247 987 985
3 989 1240 984
3 1240 989 991
3 1240 991 1242
3 1242 991 993
3 1242 993 1244
3 1250 1249 995
3 995 1249 993
3 1249 1245 993
3 1245 1244 993
3 1250 1251 1249
3 1247 1248 1252
3 1252 1248 1253
3 1252 997 987
3 1252 987 1247
3 1002 1250 995
3 1255 1254 1004
3 1004 1254 1002
3 1254 1251 1002
3 1251 1250 1002
3 1255 1256 1254
3 1252 1253 1257
3 1257 1253 1258
3 1259 1005 997
3 1252 1259 997
3 1257 1259 1252
3 1260 1006 1005
3 1260 1005 1259
3 1260 1008 1006
3 1009 1255 1004
3 1262 1261 1011
3 1011 1261 1009
3 1261 1256 1009
3 1256 1255 1009
3 1262 1263 1261
3 1258 1264 1257
3 1257 1264 1259
3 1259 1264 1265
3 1267 1266 1265
3 1266 1259 1265
3 1266 1260 1259
3 1266 1013 1008
3 1266 1008 1260
3 1016 1268 1262
3 1016 1262 1011
3 1263 1262 1269
3 1262 1270 1269
3 1262 1268 1270
3 1272 1271 1270
3 1270 1271 1269
3 1272 1273 1271
3 1276 1275 1274
3 1274 1277 1276
3 1280 1279 1278
3 1280 1278 1267
3 1278 1266 1267
3 1278 1281 1266
3 1282 1017 1013
3 1266 1282 1013
3 1281 1282 1266
3 1282 1019 1017
3 1026 1268 1016
3 1268 1026 1028
3 1268 1028 1270
3 1270 1028 1030
3 1270 1030 1272
3 1284 1283 1032
3 1032 1283 1030
3 1283 1273 1030
3 1273 1272 1030
3 1286 1285 1284
3 1284 1285 1283
3 1286 1287 1285
3 1275 1288 1274
3 1288 1289 1274
3 1289 1290 1274
3 1291 1277 1274
3 1291 1274 1290
3 1293 1292 1290
3 1290 1292 1291
3 1295 1294 1293
3 1293 1294 1292
3 1294 1295 1279
3 1295 1278 1279
3 1295 1296 1278
3 1278 1297 1281
3 1278 1296 1297
3 1299 1282 1298
3 1282 1297 1298
3 1282 1281 1297
3 1282 1299 1019
3 1299 1033 1019
3 1299 1300 1033
3 1033 1301 1034
3 1300 1301 1033
3 1301 1303 1302
3 1035 1301 1302
3 1034 1301 1035
3 1304 1036 1035
3 1304 1035 1302
3 1305 1037 1036
3 1305 1036 1304
3 1305 1039 1037
3 1052 1284 1032
3 1284 1052 1054
3 1306 1284 1054
3 1286 1284 1306
3 1287 1286 1307
3 1286 1308 1307
3 1286 1306 1308
3 1308 1309 1307
3 1289 1310 1290
3 1290 1310 1293
3 1293 1310 1311
3 1293 1311 1295
3 1295 1311 1312
3 1295 1312 1296
3 1296 1312 1313
3 1296 1313 1297
3 1297 1313 1314
3 1297 1314 1298
3 1303 1315 1302
3 1302 1315 1304
3 1304 1315 1316
3 1304 1316 1305
3 1305 1316 1317
3 1317 1319 1318
3 1317 1318 1055
3 1305 1317 1055
3 1039 1305 1055
3 1320 1056 1055
3 1320 1055 1318
3 1320 1058 1056
3 1060 1321 1059
3 1322 1061 1059
3 1322 1059 1321
3 1323 1062 1061
3 1323 1061 1322
3 1324 1063 1062
3 1324 1062 1323
3 1324 1065 1063
3 1076 1325 1077
3 1325 1079 1077
3 1082 1306 1054
3 1306 1082 1084
3 1326 1306 1084
3 1308 1306 1326
3 1309 1308 1327
3 1308 1328 1327
3 1308 1326 1328
3 1328 1329 1327
3 1319 1330 1318
3 1318 1330 1320
3 1320 1330 1331
3 1320 1331 1058
3 1331 1085 1058
3 1331 1332 1085
3 1085 1333 1086
3 1332 1333 1085
3 1060 1086 1321
3 1086 1334 1321
3 1086 1333 1334
3 1321 1334 1322
3 1322 1334 1335
3 1322 1335 1323
3 1323 1335 1336
3 1323 1336 1324
3 1324 1336 1337
3 1324 1337 1065
3 1337 1087 1065
3 1337 1338 1087
3 1087 1339 1088
3 1338 1339 1087
3 1088 1340 1089
3 1339 1340 1088
3 1340 1342 1341
3 1090 1340 1341
3 1089 1340 1090
3 1343 1091 1090
3 1343 1090 1341
3 1344 1092 1091
3 1344 1091 1343
3 1345 1093 1092
3 1345 1092 1344
3 1093 1345 1346
3 1347 1093 1346
3 1094 1093 1347
3 1347 1349 1348
3 1095 1347 1348
3 1094 1347 1095
3 1350 1096 1095
3 1350 1095 1348
3 1351 1097 1096
3 1351 1096 1350
3 1325 1076 1097
3 1351 1325 1097
3 1352 1325 1351
3 1353 1098 1079
3 1325 1353 1079
3 1352 1353 1325
3 1353 1100 1098
3 1103 1354 1326
3 1103 1326 1084
3 1326 1355 1328
3 1326 1354 1355
3 1329 1328 1356
3 1328 1357 1356
3 1328 1355 1357
3 1359 1358 1357
3 1357 1358 1356
3 1359 1360 1358
3 1342 1361 1341
3 1341 1361 1343
3 1343 1361 1362
3 1343 1362 1344
3 1344 1362 1363
3 1344 1363 1345
3 1345 1363 1364
3 1345 1364 1346
3 1349 1365 1348
3 1348 1365 1350
3 1350 1365 1366
3 1350 1366 1351
3 1351 1366 1367
3 1369 1368 1367
3 1368 1351 1367
3 1368 1352 1351
3 1352 1370 1353
3 1352 1368 1370
3 1371 1104 1100
3 1353 1371 1100
3 1370 1371 1353
3 1371 1106 1104
3 1108 1372 1354
3 1108 1354 1103
3 1354 1373 1355
3 1354 1372 1373
3 1355 1374 1357
3 1355 1373 1374
3 1357 1375 1359
3 1357 1374 1375
3 1360 1359 1376
3 1359 1377 1376
3 1359 1375 1377
3 1377 1378 1376
3 1369 1379 1368
3 1368 1379 1370
3 1370 1379 1380
3 1382 1381 1380
3 1381 1370 1380
3 1381 1371 1370
3 1383 1109 1106
3 1371 1383 1106
3 1381 1383 1371
3 1384 1110 1109
3 1384 1109 1383
3 1372 1108 1110
3 1384 1372 1110
3 1385 1372 1384
3 1372 1386 1373
3 1372 1385 1386
3 1373 1387 1374
3 1373 1386 1387
3 1374 1388 1375
3 1374 1387 1388
3 1375 1389 1377
3 1375 1388 1389
3 1378 1377 1390
3 1390 1377 1389
3 1382 1391 1381
3 1393 1392 1391
3 1392 1381 1391
3 1392 1383 1381
3 1383 1394 1384
3 1383 1392 1394
3 1384 1395 1385
3 1384 1394 1395
3 1385 1396 1386
3 1385 1395 1396
3 1386 1397 1387
3 1386 1396 1397
3 1399 1388 1398
3 1388 1397 1398
3 1388 1387 1397
3 1388 1399 1389
3 1389 1399 1400
3 1389 1400 1390
3 1393 1401 1392
3 1392 1401 1394
3 1394 1401 1402
3 1394 1402 1395
3 1395 1402 1403
3 1395 1403 1396
3 1396 1403 1404
3 1396 1404 1397
3 1397 1404 1405
3 1397 1405 1398
3 1408 1407 1406
3 1406 1409 1408
3 1407 1410 1406
3 1406 1410 1409
3 1413 1412 1411
3 1411 1414 1413
3 1416 1415 1113
3 1113 1415 1112
3 1417 1411 1114
3 1411 1416 1114
3 1416 1113 1114
3 1411 1412 1416
3 1414 1411 1418
3 1418 1411 1417
3 1420 1419 1116
3 1116 1419 1115
3 1421 1116 1117
3 1421 1420 1116
3 1422 1117 1118
3 1422 1421 1117
3 1423 1118 1119
3 1423 1422 1118
3 1424 1119 1120
3 1424 1423 1119
3 1425 1120 1121
3 1425 1424 1120
3 1426 1121 1122
3 1426 1425 1121
3 1122 1112 1415
3 1122 1415 1426
3 1124 1417 1114
3 1428 1427 1126
3 1126 1427 1124
3 1427 1418 1124
3 1418 1417 1124
3 1430 1429 1428
3 1428 1429 1427
3 1430 1431 1429
3 1433 1432 1128
3 1128 1432 1127
3 1434 1128 1129
3 1434 1433 1128
3 1129 1115 1419
3 1129 1419 1434
3 1131 1428 1126
3 1428 1131 1133
3 1428 1133 1430
3 1435 1431 1430
3 1133 1435 1430
3 1135 1435 1133
3 1437 1436 1137
3 1436 1135 1137
3 1436 1435 1135
3 1437 1438 1436
3 1440 1439 1139
3 1139 1439 1138
3 1139 1127 1432
3 1139 1432 1440
3 1140 1437 1137
3 1442 1441 1142
3 1142 1441 1140
3 1441 1438 1140
3 1438 1437 1140
3 1442 1443 1441
3 1445 1444 1144
3 1144 1444 1143
3 1144 1138 1439
3 1144 1439 1445
3 1145 1442 1142
3 1446 1443 1442
3 1145 1446 1442
3 1146 1446 1145
3 1146 1148 1446
3 1446 1148 1447
3 1449 1448 1150
3 1150 1448 1149
3 1150 1143 1444
3 1150 1444 1449
3 1450 1447 1148
3 1450 1148 1151
3 1151 1153 1450
3 1450 1153 1451
3 1453 1452 1155
3 1155 1452 1154
3 1155 1149 1448
3 1155 1448 1453
3 1454 1451 1153
3 1454 1153 1156
3 1156 1157 1454
3 1454 1157 1455
3 1457 1456 1160
3 1160 1456 1159
3 1160 1154 1452
3 1160 1452 1457
3 1458 1455 1157
3 1458 1157 1164
3 1164 1166 1458
3 1458 1166 1459
3 1461 1460 1169
3 1169 1460 1168
3 1169 1159 1456
3 1169 1456 1461
3 1172 1462 1173
3 1462 1175 1173
3 1463 1459 1166
3 1463 1166 1178
3 1178 1180 1463
3 1463 1180 1464
3 1460 1465 1168
3 1168 1465 1181
3 1465 1467 1466
3 1182 1465 1466
3 1181 1465 1182
3 1468 1183 1182
3 1468 1182 1466
3 1462 1172 1183
3 1468 1462 1183
3 1469 1462 1468
3 1470 1184 1175
3 1462 1470 1175
3 1469 1470 1462
3 1471 1185 1184
3 1471 1184 1470
3 1471 1187 1185
3 1189 1473 1472
3 1464 1189 1472
3 1180 1189 1464
3 1473 1474 1472
3 1467 1475 1466
3 1477 1476 1475
3 1476 1466 1475
3 1476 1468 1466
3 1468 1478 1469
3 1468 1476 1478
3 1469 1479 1470
3 1469 1478 1479
3 1470 1480 1471
3 1470 1479 1480
3 1481 1190 1187
3 1471 1481 1187
3 1480 1481 1471
3 1481 1192 1190
3 1194 1473 1189
3 1483 1482 1195
3 1195 1482 1194
3 1482 1474 1194
3 1474 1473 1194
3 1483 1484 1482
3 1477 1485 1476
3 1487 1486 1485
3 1486 1476 1485
3 1486 1478 1476
3 1478 1488 1479
3 1478 1486 1488
3 1479 1489 1480
3 1479 1488 1489
3 1480 1490 1481
3 1480 1489 1490
3 1491 1196 1192
3 1481 1491 1192
3 1490 1491 1481
3 1492 1197 1196
3 1492 1196 1491
3 1492 1199 1197
3 1200 1483 1195
3 1494 1493 1201
3 1201 1493 1200
3 1493 1484 1200
3 1484 1483 1200
3 1494 1495 1493
3 1487 1496 1486
3 1498 1497 1496
3 1497 1486 1496
3 1497 1488 1486
3 1488 1499 1489
3 1488 1497 1499
3 1501 1490 1500
3 1490 1499 1500
3 1490 1489 1499
3 1490 1501 1491
3 1491 1501 1502
3 1504 1503 1502
3 1503 1491 1502
3 1503 1492 1491
3 1505 1202 1199
3 1492 1505 1199
3 1503 1505 1492
3 1505 1204 1202
3 1205 1494 1201
3 1507 1506 1206
3 1206 1506 1205
3 1506 1495 1205
3 1495 1494 1205
3 1507 1508 1506
3 1498 1509 1497
3 1497 1509 1499
3 1499 1509 1510
3 1499 1510 1500
3 1504 1511 1503
3 1513 1512 1511
3 1512 1503 1511
3 1512 1505 1503
3 1514 1207 1204
3 1505 1514 1204
3 1512 1514 1505
3 1514 1208 1207
3 1209 1507 1206
3 1516 1515 1210
3 1210 1515 1209
3 1515 1508 1209
3 1508 1507 1209
3 1516 1517 1515
3 1513 1518 1512
3 1520 1519 1518
3 1519 1512 1518
3 1519 1514 1512
3 1521 1211 1208
3 1514 1521 1208
3 1519 1521 1514
3 1521 1212 1211
3 1213 1516 1210
3 1522 1517 1516
3 1213 1522 1516
3 1214 1522 1213
3 1523 1214 1216
3 1523 1522 1214
3 1525 1524 1218
3 1524 1216 1218
3 1524 1523 1216
3 1525 1526 1524
3 1520 1527 1519
3 1519 1527 1521
3 1521 1527 1528
3 1528 1530 1529
3 1528 1529 1219
3 1521 1528 1219
3 1212 1521 1219
3 1529 1220 1219
3 1221 1525 1218
3 1531 1526 1525
3 1221 1531 1525
3 1222 1531 1221
3 1532 1222 1223
3 1532 1531 1222
3 1223 1225 1532
3 1532 1225 1533
3 1530 1534 1529
3 1534 1536 1535
3 1534 1535 1226
3 1529 1534 1226
3 1220 1529 1226
3 1535 1227 1226
3 1537 1533 1225
3 1537 1225 1228
3 1228 1230 1537
3 1537 1230 1538
3 1536 1539 1535
3 1227 1535 1539
3 1540 1227 1539
3 1232 1227 1540
3 1541 1538 1230
3 1541 1230 1233
3 1543 1542 1235
3 1542 1233 1235
3 1542 1541 1233
3 1545 1544 1543
3 1543 1544 1542
3 1547 1546 1545
3 1545 1546 1544
3 1547 1548 1546
3 1236 1232 1549
3 1232 1550 1549
3 1232 1540 1550
3 1549 1238 1236
3 1239 1543 1235
3 1543 1239 1241
3 1543 1241 1545
3 1545 1241 1243
3 1545 1243 1547
3 1552 1551 1245
3 1245 1551 1243
3 1551 1548 1243
3 1548 1547 1243
3 1552 1553 1551
3 1549 1550 1554
3 1554 1550 1555
3 1556 1246 1238
3 1549 1556 1238
3 1554 1556 1549
3 1556 1248 1246
3 1249 1552 1245
3 1249 1251 1552
3 1251 1553 1552
3 1251 1557 1553
3 1555 1558 1554
3 1560 1559 1558
3 1559 1554 1558
3 1559 1556 1554
3 1559 1253 1248
3 1559 1248 1556
3 1561 1557 1251
3 1561 1251 1254
3 1254 1256 1561
3 1561 1256 1562
3 1565 1564 1563
3 1563 1566 1565
3 1559 1560 1567
3 1567 1560 1568
3 1567 1258 1253
3 1567 1253 1559
3 1569 1562 1256
3 1569 1256 1261
3 1571 1570 1263
3 1570 1261 1263
3 1570 1569 1261
3 1573 1572 1571
3 1571 1572 1570
3 1573 1574 1572
3 1564 1575 1563
3 1575 1576 1563
3 1576 1577 1563
3 1578 1566 1563
3 1578 1563 1577
3 1580 1579 1577
3 1577 1579 1578
3 1579 1580 1568
3 1580 1567 1568
3 1580 1581 1567
3 1582 1264 1258
3 1567 1582 1258
3 1581 1582 1567
3 1583 1265 1264
3 1583 1264 1582
3 1583 1267 1265
3 1269 1571 1263
3 1571 1269 1271
3 1571 1271 1573
3 1585 1584 1273
3 1273 1584 1271
3 1584 1574 1271
3 1574 1573 1271
3 1587 1586 1585
3 1585 1586 1584
3 1587 1588 1586
3 1577 1576 1276
3 1576 1275 1276
3 1576 1589 1275
3 1577 1276 1277
3 1590 1577 1277
3 1580 1577 1590
3 1580 1591 1581
3 1580 1590 1591
3 1581 1592 1582
3 1581 1591 1592
3 1592 1279 1280
3 1583 1592 1280
3 1582 1592 1583
3 1583 1280 1267
3 1283 1585 1273
3 1585 1283 1285
3 1585 1285 1587
3 1594 1593 1287
3 1287 1593 1285
3 1593 1588 1285
3 1588 1587 1285
3 1594 1595 1593
3 1589 1596 1275
3 1275 1596 1288
3 1596 1597 1288
3 1596 1277 1597
3 1277 1596 1590
3 1598 1590 1596
3 1590 1598 1291
3 1597 1291 1598
3 1598 1289 1597
3 1597 1289 1288
3 1277 1291 1597
3 1590 1291 1292
3 1590 1292 1591
3 1591 1292 1294
3 1591 1294 1592
3 1592 1294 1279
3 1298 1599 1299
3 1600 1300 1299
3 1600 1299 1599
3 1601 1301 1300
3 1601 1300 1600
3 1601 1303 1301
3 1307 1594 1287
3 1603 1602 1309
3 1309 1602 1307
3 1602 1595 1307
3 1595 1594 1307
3 1603 1604 1602
3 1598 1605 1289
3 1289 1605 1310
3 1605 1607 1606
3 1311 1605 1606
3 1310 1605 1311
3 1608 1312 1311
3 1608 1311 1606
3 1609 1313 1312
3 1609 1312 1608
3 1313 1609 1610
3 1611 1313 1610
3 1314 1313 1611
3 1298 1314 1599
3 1314 1612 1599
3 1314 1611 1612
3 1599 1612 1600
3 1600 1612 1613
3 1600 1613 1601
3 1601 1613 1614
3 1601 1614 1303
3 1614 1315 1303
3 1614 1615 1315
3 1315 1616 1316
3 1615 1616 1315
3 1616 1618 1617
3 1317 1616 1617
3 1316 1616 1317
3 1617 1319 1317
3 1327 1603 1309
3 1620 1619 1329
3 1329 1619 1327
3 1619 1604 1327
3 1604 1603 1327
3 1622 1621 1620
3 1620 1621 1619
3 1622 1623 1621
3 1607 1624 1606
3 1606 1624 1608
3 1608 1624 1625
3 1608 1625 1609
3 1609 1625 1626
3 1609 1626 1610
3 1618 1627 1617
3 1617 1627 1319
3 1627 1330 1319
3 1627 1628 1330
3 1330 1629 1331
3 1628 1629 1330
3 1629 1631 1630
3 1332 1629 1630
3 1331 1629 1332
3 1632 1333 1332
3 1632 1332 1630
3 1633 1334 1333
3 1633 1333 1632
3 1334 1633 1634
3 1635 1334 1634
3 1335 1334 1635
3 1635 1637 1636
3 1336 1635 1636
3 1335 1635 1336
3 1638 1337 1336
3 1638 1336 1636
3 1639 1338 1337
3 1639 1337 1638
3 1640 1339 1338
3 1640 1338 1639
3 1641 1340 1339
3 1641 1339 1640
3 1641 1342 1340
3 1346 1642 1347
3 1642 1349 1347
3 1356 1620 1329
3 1620 1356 1358
3 1620 1358 1622
3 1644 1643 1360
3 1360 1643 1358
3 1643 1623 1358
3 1623 1622 1358
3 1644 1645 1643
3 1631 1646 1630
3 1630 1646 1632
3 1632 1646 1647
3 1632 1647 1633
3 1633 1647 1648
3 1633 1648 1634
3 1637 1649 1636
3 1636 1649 1638
3 1638 1649 1650
3 1638 1650 1639
3 1639 1650 1651
3 1639 1651 1640
3 1640 1651 1652
3 1640 1652 1641
3 1641 1652 1653
3 1641 1653 1342
3 1653 1361 1342
3 1653 1654 1361
3 1361 1655 1362
3 1654 1655 1361
3 1362 1656 1363
3 1655 1656 1362
3 1363 1657 1364
3 1656 1657 1363
3 1346 1364 1642
3 1364 1658 1642
3 1364 1657 1658
3 1642 1658 1349
3 1658 1365 1349
3 1658 1659 1365
3 1659 1661 1660
3 1366 1659 1660
3 1365 1659 1366
3 1662 1367 1366
3 1662 1366 1660
3 1662 1369 1367
3 1376 1644 1360
3 1664 1663 1378
3 1378 1663 1376
3 1663 1645 1376
3 1645 1644 1376
3 1666 1665 1664
3 1664 1665 1663
3 1666 1667 1665
3 1661 1668 1660
3 1670 1669 1668
3 1669 1660 1668
3 1669 1662 1660
3 1671 1379 1369
3 1662 1671 1369
3 1669 1671 1662
3 1672 1380 1379
3 1672 1379 1671
3 1672 1382 1380
3 1390 1673 1664
3 1390 1664 1378
3 1664 1674 1666
3 1664 1673 1674
3 1667 1666 1675
3 1666 1676 1675
3 1666 1674 1676
3 1678 1677 1676
3 1676 1677 1675
3 1680 1679 1678
3 1678 1679 1677
3 1682 1681 1680
3 1680 1681 1679
3 1684 1683 1682
3 1682 1683 1681
3 1684 1685 1683
3 1670 1686 1669
3 1669 1686 1671
3 1671 1686 1687
3 1671 1687 1672
3 1672 1687 1688
3 1688 1690 1689
3 1688 1689 1391
3 1672 1688 1391
3 1382 1672 1391
3 1689 1393 1391
3 1398 1691 1399
3 1692 1400 1399
3 1692 1399 1691
3 1673 1390 1400
3 1692 1673 1400
3 1693 1673 1692
3 1673 1694 1674
3 1673 1693 1694
3 1674 1695 1676
3 1674 1694 1695
3 1676 1696 1678
3 1676 1695 1696
3 1678 1697 1680
3 1678 1696 1697
3 1680 1698 1682
3 1680 1697 1698
3 1682 1699 1684
3 1682 1698 1699
3 1685 1684 1700
3 1684 1701 1700
3 1684 1699 1701
3 1701 1702 1700
3 1690 1703 1689
3 1689 1703 1393
3 1703 1401 1393
3 1703 1704 1401
3 1401 1705 1402
3 1704 1705 1401
3 1402 1706 1403
3 1705 1706 1402
3 1403 1707 1404
3 1706 1707 1403
3 1707 1709 1708
3 1405 1707 1708
3 1404 1707 1405
3 1691 1398 1405
3 1708 1691 1405
3 1710 1691 1708
3 1712 1692 1711
3 1692 1710 1711
3 1692 1691 1710
3 1692 1712 1693
3 1693 1712 1713
3 1715 1714 1713
3 1714 1693 1713
3 1714 1694 1693
3 1694 1716 1695
3 1694 1714 1716
3 1695 1717 1696
3 1695 1716 1717
3 1696 1718 1697
3 1696 1717 1718
3 1697 1719 1698
3 1697 1718 1719
3 1698 1720 1699
3 1698 1719 1720
3 1699 1721 1701
3 1699 1720 1721
3 1702 1701 1722
3 1722 1701 1721
3 1709 1723 1708
3 1708 1723 1710
3 1710 1723 1724
3 1710 1724 1711
3 1715 1725 1714
3 1714 1725 1716
3 1716 1725 1726
3 1728 1727 1726
3 1727 1716 1726
3 1727 1717 1716
3 1717 1729 1718
3 1717 1727 1729
3 1718 1730 1719
3 1718 1729 1730
3 1719 1731 1720
3 1719 1730 1731
3 1720 1732 1721
3 1720 1731 1732
3 1722 1721 1733
3 1733 1721 1732
3 1728 1734 1727
3 1727 1734 1729
3 1729 1734 1735
3 1729 1735 1730
3 1730 1735 1736
3 1730 1736 1731
3 1731 1736 1737
3 1731 1737 1732
3 1732 1737 1738
3 1732 1738 1733
3 1741 1740 1739
3 1739 1742 1741
3 1745 1744 1743
3 1745 1743 1740
3 1743 1739 1740
3 1743 1746 1739
3 1742 1739 1747
3 1747 1739 1746
3 1744 1748 1743
3 1750 1749 1748
3 1749 1743 1748
3 1749 1746 1743
3 1747 1746 1751
3 1751 1746 1749
3 1750 1752 1749
3 1749 1752 1751
3 1755 1754 1753
3 1753 1756 1755
3 1759 1758 1757
3 1759 1757 1754
3 1757 1753 1754
3 1757 1760 1753
3 1756 1753 1761
3 1753 1762 1761
3 1753 1760 1762
3 1764 1763 1762
3 1762 1763 1761
3 1766 1765 1764
3 1764 1765 1763
3 1766 1767 1765
3 1757 1758 1768
3 1768 1758 1769
3 1757 1770 1760
3 1757 1768 1770
3 1760 1771 1762
3 1760 1770 1771
3 1762 1772 1764
3 1762 1771 1772
3 1764 1773 1766
3 1764 1772 1773
3 1767 1766 1774
3 1774 1766 1773
3 1768 1769 1775
3 1775 1769 1776
3 1768 1777 1770
3 1768 1775 1777
3 1770 1778 1771
3 1770 1777 1778
3 1778 1407 1408
3 1772 1778 1408
3 1771 1778 1772
3 1772 1408 1409
3 1779 1772 1409
3 1773 1772 1779
3 1774 1773 1780
3 1773 1781 1780
3 1773 1779 1781
3 1781 1782 1780
3 1776 1783 1775
3 1775 1783 1777
3 1777 1783 1784
3 1786 1785 1784
3 1785 1777 1784
3 1785 1778 1777
3 1787 1410 1407
3 1778 1787 1407
3 1785 1787 1778
3 1779 1409 1410
3 1787 1779 1410
3 1788 1779 1787
3 1779 1789 1781
3 1779 1788 1789
3 1782 1781 1790
3 1781 1791 1790
3 1781 1789 1791
3 1791 1792 1790
3 1786 1793 1785
3 1785 1793 1787
3 1787 1793 1794
3 1796 1795 1794
3 1795 1787 1794
3 1795 1788 1787
3 1788 1797 1789
3 1788 1795 1797
3 1789 1798 1791
3 1789 1797 1798
3 1792 1791 1799
3 1799 1791 1798
3 1802 1801 1800
3 1804 1803 1800
3 1800 1803 1802
3 1804 1805 1803
3 1796 1806 1795
3 1795 1806 1797
3 1797 1806 1807
3 1797 1807 1798
3 1798 1807 1808
3 1798 1808 1799
3 1801 1809 1800
3 1811 1810 1809
3 1810 1800 1809
3 1810 1804 1800
3 1805 1804 1812
3 1804 1813 1812
3 1804 1810 1813
3 1813 1814 1812
3 1810 1811 1815
3 1815 1811 1816
3 1810 1817 1813
3 1810 1815 1817
3 1814 1813 1818
3 1818 1813 1817
3 1820 1819 1413
3 1413 1819 1412
3 1822 1821 1414
3 1821 1413 1414
3 1821 1820 1413
3 1822 1823 1821
3 1825 1824 1416
3 1416 1824 1415
3 1416 1412 1819
3 1416 1819 1825
3 1418 1826 1822
3 1418 1822 1414
3 1823 1822 1827
3 1822 1828 1827
3 1822 1826 1828
3 1828 1829 1827
3 1831 1830 1420
3 1420 1830 1419
3 1832 1420 1421
3 1832 1831 1420
3 1833 1421 1422
3 1833 1832 1421
3 1834 1422 1423
3 1834 1833 1422
3 1835 1423 1424
3 1835 1834 1423
3 1836 1424 1425
3 1836 1835 1424
3 1837 1425 1426
3 1837 1836 1425
3 1426 1415 1824
3 1426 1824 1837
3 1427 1826 1418
3 1826 1427 1429
3 1826 1429 1828
3 1839 1838 1431
3 1431 1838 1429
3 1838 1829 1429
3 1829 1828 1429
3 1839 1840 1838
3 1842 1841 1433
3 1433 1841 1432
3 1843 1433 1434
3 1843 1842 1433
3 1434 1419 1830
3 1434 1830 1843
3 1435 1839 1431
3 1844 1840 1839
3 1435 1844 1839
3 1436 1844 1435
3 1436 1438 1844
3 1844 1438 1845
3 1847 1846 1440
3 1440 1846 1439
3 1440 1432 1841
3 1440 1841 1847
3 1848 1845 1438
3 1848 1438 1441
3 1441 1443 1848
3 1848 1443 1849
3 1851 1850 1445
3 1445 1850 1444
3 1445 1439 1846
3 1445 1846 1851
3 1852 1849 1443
3 1852 1443 1446
3 1446 1447 1852
3 1852 1447 1853
3 1855 1854 1449
3 1449 1854 1448
3 1449 1444 1850
3 1449 1850 1855
3 1856 1853 1447
3 1856 1447 1450
3 1858 1857 1451
3 1857 1450 1451
3 1857 1856 1450
3 1858 1859 1857
3 1861 1860 1453
3 1453 1860 1452
3 1453 1448 1854
3 1453 1854 1861
3 1454 1858 1451
3 1863 1862 1455
3 1455 1862 1454
3 1862 1859 1454
3 1859 1858 1454
3 1863 1864 1862
3 1866 1865 1457
3 1457 1865 1456
3 1457 1452 1860
3 1457 1860 1866
3 1458 1863 1455
3 1458 1459 1863
3 1459 1864 1863
3 1459 1867 1864
3 1869 1868 1461
3 1461 1868 1460
3 1461 1456 1865
3 1461 1865 1869
3 1870 1867 1459
3 1870 1459 1463
3 1463 1464 1870
3 1870 1464 1871
3 1868 1872 1460
3 1460 1872 1465
3 1467 1465 1872
3 1467 1872 1873
3 1874 1871 1464
3 1874 1464 1472
3 1472 1474 1874
3 1874 1474 1875
3 1873 1876 1467
3 1467 1876 1475
3 1477 1475 1876
3 1477 1876 1877
3 1878 1875 1474
3 1878 1474 1482
3 1482 1484 1878
3 1878 1484 1879
3 1877 1880 1477
3 1477 1880 1485
3 1487 1485 1880
3 1487 1880 1881
3 1882 1879 1484
3 1882 1484 1493
3 1493 1495 1882
3 1882 1495 1883
3 1881 1884 1487
3 1487 1884 1496
3 1498 1496 1884
3 1498 1884 1885
3 1500 1886 1501
3 1887 1502 1501
3 1887 1501 1886
3 1887 1504 1502
3 1888 1883 1495
3 1888 1495 1506
3 1506 1508 1888
3 1888 1508 1889
3 1885 1890 1498
3 1498 1890 1509
3 1890 1892 1891
3 1510 1890 1891
3 1509 1890 1510
3 1886 1500 1510
3 1891 1886 1510
3 1893 1886 1891
3 1886 1894 1887
3 1886 1893 1894
3 1895 1511 1504
3 1887 1895 1504
3 1894 1895 1887
3 1895 1513 1511
3 1896 1889 1508
3 1896 1508 1515
3 1898 1897 1517
3 1897 1515 1517
3 1897 1896 1515
3 1898 1899 1897
3 1892 1900 1891
3 1902 1901 1900
3 1901 1891 1900
3 1901 1893 1891
3 1893 1903 1894
3 1893 1901 1903
3 1894 1904 1895
3 1894 1903 1904
3 1905 1518 1513
3 1895 1905 1513
3 1904 1905 1895
3 1905 1520 1518
3 1522 1898 1517
3 1906 1899 1898
3 1522 1906 1898
3 1523 1906 1522
3 1907 1523 1524
3 1907 1906 1523
3 1909 1908 1526
3 1908 1524 1526
3 1908 1907 1524
3 1909 1910 1908
3 1913 1912 1911
3 1911 1914 1913
3 1902 1915 1901
3 1917 1916 1915
3 1916 1901 1915
3 1916 1903 1901
3 1903 1918 1904
3 1903 1916 1918
3 1904 1919 1905
3 1904 1918 1919
3 1920 1527 1520
3 1905 1920 1520
3 1919 1920 1905
3 1921 1528 1527
3 1921 1527 1920
3 1921 1530 1528
3 1531 1909 1526
3 1922 1910 1909
3 1531 1922 1909
3 1532 1922 1531
3 1924 1923 1533
3 1923 1532 1533
3 1923 1922 1532
3 1924 1925 1923
3 1928 1927 1926
3 1928 1926 1912
3 1926 1911 1912
3 1926 1929 1911
3 1914 1911 1930
3 1930 1911 1929
3 1917 1931 1916
3 1933 1932 1931
3 1932 1916 1931
3 1932 1918 1916
3 1918 1934 1919
3 1918 1932 1934
3 1936 1920 1935
3 1920 1934 1935
3 1920 1919 1934
3 1938 1937 1936
3 1937 1920 1936
3 1937 1921 1920
3 1939 1534 1530
3 1921 1939 1530
3 1937 1939 1921
3 1939 1536 1534
3 1537 1924 1533
3 1941 1940 1538
3 1538 1940 1537
3 1940 1925 1537
3 1925 1924 1537
3 1943 1942 1941
3 1941 1942 1940
3 1942 1943 1927
3 1943 1926 1927
3 1943 1944 1926
3 1926 1945 1929
3 1926 1944 1945
3 1930 1929 1946
3 1946 1929 1945
3 1933 1947 1932
3 1932 1947 1934
3 1934 1947 1948
3 1934 1948 1935
3 1938 1949 1937
3 1951 1950 1949
3 1950 1937 1949
3 1950 1939 1937
3 1952 1539 1536
3 1939 1952 1536
3 1950 1952 1939
3 1952 1540 1539
3 1541 1941 1538
3 1941 1541 1542
3 1941 1542 1943
3 1943 1542 1544
3 1943 1544 1944
3 1944 1544 1546
3 1944 1546 1945
3 1546 1548 1945
3 1548 1946 1945
3 1548 1953 1946
3 1951 1954 1950
3 1956 1955 1954
3 1955 1950 1954
3 1955 1952 1950
3 1955 1550 1540
3 1955 1540 1952
3 1957 1953 1548
3 1957 1548 1551
3 1551 1553 1957
3 1957 1553 1958
3 1955 1956 1959
3 1959 1956 1960
3 1959 1555 1550
3 1959 1550 1955
3 1557 1962 1961
3 1958 1557 1961
3 1553 1557 1958
3 1962 1963 1961
3 1966 1965 1964
3 1968 1967 1964
3 1964 1967 1966
3 1967 1968 1960
3 1968 1959 1960
3 1968 1969 1959
3 1970 1558 1555
3 1959 1970 1555
3 1969 1970 1959
3 1970 1560 1558
3 1561 1962 1557
3 1972 1971 1562
3 1562 1971 1561
3 1971 1963 1561
3 1963 1962 1561
3 1974 1973 1972
3 1972 1973 1971
3 1974 1975 1973
3 1965 1976 1964
3 1977 1564 1565
3 1964 1977 1565
3 1968 1964 1565
3 1976 1977 1964
3 1968 1565 1566
3 1978 1968 1566
3 1969 1968 1978
3 1969 1979 1970
3 1969 1978 1979
3 1979 1568 1560
3 1979 1560 1970
3 1569 1972 1562
3 1972 1569 1570
3 1972 1570 1974
3 1980 1975 1974
3 1570 1980 1974
3 1572 1980 1570
3 1982 1981 1574
3 1981 1572 1574
3 1981 1980 1572
3 1982 1983 1981
3 1977 1984 1564
3 1564 1984 1575
3 1984 1985 1575
3 1984 1566 1985
3 1566 1984 1978
3 1986 1978 1984
3 1978 1986 1578
3 1985 1578 1986
3 1986 1576 1985
3 1985 1576 1575
3 1566 1578 1985
3 1978 1578 1579
3 1978 1579 1979
3 1979 1579 1568
3 1584 1982 1574
3 1987 1983 1982
3 1584 1987 1982
3 1586 1987 1584
3 1989 1988 1588
3 1988 1586 1588
3 1988 1987 1586
3 1989 1990 1988
3 1986 1589 1576
3 1991 1589 1986
3 1593 1989 1588
3 1993 1992 1595
3 1595 1992 1593
3 1992 1990 1593
3 1990 1989 1593
3 1993 1994 1992
3 1991 1995 1589
3 1589 1995 1596
3 1598 1596 1995
3 1598 1995 1996
3 1602 1993 1595
3 1998 1997 1604
3 1604 1997 1602
3 1997 1994 1602
3 1994 1993 1602
3 2000 1999 1998
3 1998 1999 1997
3 2000 2001 1999
3 1996 2002 1598
3 1598 2002 1605
3 1607 1605 2002
3 1607 2002 2003
3 2005 2004 1611
3 2005 1611 1610
3 1611 2006 1612
3 2004 2006 1611
3 1612 2007 1613
3 2006 2007 1612
3 1613 2008 1614
3 2007 2008 1613
3 1614 2009 1615
3 2008 2009 1614
3 1615 2010 1616
3 2009 2010 1615
3 1618 1616 2010
3 1618 2010 2011
3 1619 1998 1604
3 1998 1619 1621
3 1998 1621 2000
3 2013 2012 1623
3 1623 2012 1621
3 2012 2001 1621
3 2001 2000 1621
3 2013 2014 2012
3 1624 1607 2015
3 1607 2016 2015
3 1607 2003 2016
3 1624 2015 2017
3 2018 1624 2017
3 1625 1624 2018
3 1625 2019 1626
3 2018 2019 1625
3 1610 1626 2005
3 2005 1626 2019
3 2011 2020 1618
3 1618 2020 1627
3 1627 2021 1628
3 2020 2021 1627
3 1628 2022 1629
3 2021 2022 1628
3 1631 1629 2022
3 1631 2022 2023
3 1634 2024 1635
3 2024 1637 1635
3 1643 2013 1623
3 2026 2025 1645
3 1645 2025 1643
3 2025 2014 1643
3 2014 2013 1643
3 2028 2027 2026
3 2026 2027 2025
3 2028 2029 2027
3 2016 2030 2015
3 2015 2030 2017
3 2023 2031 1631
3 1631 2031 1646
3 1646 2032 1647
3 2031 2032 1646
3 1647 2033 1648
3 2032 2033 1647
3 1634 1648 2024
3 1648 2034 2024
3 1648 2033 2034
3 2024 2034 1637
3 2034 1649 1637
3 2034 2035 1649
3 1649 2036 1650
3 2035 2036 1649
3 1650 2037 1651
3 2036 2037 1650
3 1651 2038 1652
3 2037 2038 1651
3 1652 2039 1653
3 2038 2039 1652
3 1653 2040 1654
3 2039 2040 1653
3 1654 2041 1655
3 2040 2041 1654
3 1655 2042 1656
3 2041 2042 1655
3 1656 2043 1657
3 2042 2043 1656
3 2043 2045 2044
3 1658 2043 2044
3 1657 2043 1658
3 2046 1659 1658
3 2046 1658 2044
3 2046 1661 1659
3 1663 2026 1645
3 2026 1663 1665
3 2026 1665 2028
3 2048 2047 1667
3 1667 2047 1665
3 2047 2029 1665
3 2029 2028 1665
3 2050 2049 2048
3 2048 2049 2047
3 2052 2051 2050
3 2050 2051 2049
3 2054 2053 2052
3 2052 2053 2051
3 2054 2055 2053
3 2045 2056 2044
3 2044 2056 2046
3 2046 2056 2057
3 2046 2057 1661
3 2057 1668 1661
3 2057 2058 1668
3 1670 1668 2058
3 1670 2058 2059
3 1675 2048 1667
3 2048 1675 1677
3 2048 1677 2050
3 2050 1677 1679
3 2050 1679 2052
3 2052 1679 1681
3 2052 1681 2054
3 2060 2055 2054
3 1681 2060 2054
3 1683 2060 1681
3 2062 2061 1685
3 2061 1683 1685
3 2061 2060 1683
3 2062 2063 2061
3 2059 2064 1670
3 1670 2064 1686
3 1686 2065 1687
3 2064 2065 1686
3 2065 2067 2066
3 1688 2065 2066
3 1687 2065 1688
3 2066 1690 1688
3 1700 2062 1685
3 2069 2068 1702
3 1702 2068 1700
3 2068 2063 1700
3 2063 2062 1700
3 2069 2070 2068
3 2067 2071 2066
3 2066 2071 1690
3 2071 1703 1690
3 2071 2072 1703
3 1703 2073 1704
3 2072 2073 1703
3 1704 2074 1705
3 2073 2074 1704
3 1705 2075 1706
3 2074 2075 1705
3 2075 2077 2076
3 1707 2075 2076
3 1706 2075 1707
3 2076 1709 1707
3 2079 2078 1712
3 2079 1712 1711
3 1712 2080 1713
3 2078 2080 1712
3 1715 1713 2080
3 1715 2080 2081
3 1722 2082 2069
3 1722 2069 1702
3 2070 2069 2083
3 2083 2069 2082
3 2077 2084 2076
3 2076 2084 1709
3 2084 1723 1709
3 2084 2085 1723
3 1723 2086 1724
3 2085 2086 1723
3 1711 1724 2079
3 2079 1724 2086
3 2081 2087 1715
3 1715 2087 1725
3 2087 2089 2088
3 1726 2087 2088
3 1725 2087 1726
3 2088 1728 1726
3 1733 2090 2082
3 1733 2082 1722
3 2083 2082 2091
3 2091 2082 2090
3 2089 2092 2088
3 2092 2094 2093
3 2092 2093 1734
3 2088 2092 1734
3 1728 2088 1734
3 2095 1735 1734
3 2095 1734 2093
3 1735 2095 2096
3 2097 1735 2096
3 1736 1735 2097
3 2097 2099 2098
3 1737 2097 2098
3 1736 2097 1737
3 1737 2098 2100
3 2101 1737 2100
3 1738 1737 2101
3 1733 1738 2090
3 1738 2102 2090
3 1738 2101 2102
3 2090 2102 2091
3 2105 2104 2103
3 2103 2106 2105
3 2094 2107 2093
3 2093 2107 2095
3 2095 2107 2108
3 2095 2108 2096
3 2099 2109 2098
3 2098 2109 2100
3 2104 2110 2103
3 2110 2111 2103
3 2111 2112 2103
3 2113 2106 2103
3 2113 2103 2112
3 2115 2114 2112
3 2112 2114 2113
3 2117 2116 2115
3 2115 2116 2114
3 2117 2118 2116
3 2121 2120 2119
3 2123 2122 2119
3 2119 2122 2121
3 2125 2124 2123
3 2123 2124 2122
3 2127 2126 2125
3 2125 2126 2124
3 2127 2128 2126
3 2111 2129 2112
3 2131 2130 2129
3 2130 2112 2129
3 2130 2115 2112
3 2115 2132 2117
3 2115 2130 2132
3 2118 2117 2133
3 2117 2134 2133
3 2117 2132 2134
3 2136 2135 2134
3 2134 2135 2133
3 2138 2137 2136
3 2136 2137 2135
3 2137 2138 2120
3 2138 2119 2120
3 2138 2139 2119
3 2119 2140 2123
3 2119 2139 2140
3 2123 2141 2125
3 2123 2140 2141
3 2141 1740 1741
3 2127 2141 1741
3 2125 2141 2127
3 1741 1742 2127
3 1742 2128 2127
3 1742 2142 2128
3 2131 2143 2130
3 2145 2144 2143
3 2144 2130 2143
3 2144 2132 2130
3 2132 2146 2134
3 2132 2144 2146
3 2134 2147 2136
3 2134 2146 2147
3 2136 2148 2138
3 2136 2147 2148
3 2138 2149 2139
3 2138 2148 2149
3 2139 2150 2140
3 2139 2149 2150
3 2150 1744 1745
3 2141 2150 1745
3 2140 2150 2141
3 2141 1745 1740
3 1747 2152 2151
3 2142 1747 2151
3 1742 1747 2142
3 2152 2153 2151
3 2145 2154 2144
3 2144 2154 2146
3 2146 2154 2155
3 2146 2155 2147
3 2147 2155 2156
3 2147 2156 2148
3 2148 2156 2157
3 2159 2158 2157
3 2158 2148 2157
3 2158 2149 2148
3 2149 2160 2150
3 2149 2158 2160
3 2161 1748 1744
3 2150 2161 1744
3 2160 2161 2150
3 2161 1750 1748
3 1751 2162 2152
3 1751 2152 1747
3 2153 2152 2163
3 2163 2152 2162
3 2159 2164 2158
3 2158 2164 2160
3 2160 2164 2165
3 2167 2166 2165
3 2166 2160 2165
3 2166 2161 2160
3 2168 1752 1750
3 2161 2168 1750
3 2166 2168 2161
3 2162 1751 1752
3 2168 2162 1752
3 2169 2162 2168
3 2163 2162 2170
3 2162 2171 2170
3 2162 2169 2171
3 2173 2172 2171
3 2171 2172 2170
3 2175 2174 2173
3 2173 2174 2172
3 1754 1755 2175
3 1755 2174 2175
3 1755 2176 2174
3 2178 2177 1756
3 2177 1755 1756
3 2177 2176 1755
3 2180 2179 2178
3 2178 2179 2177
3 2180 2181 2179
3 2167 2182 2166
3 2166 2182 2168
3 2168 2182 2183
3 2185 2184 2183
3 2184 2168 2183
3 2184 2169 2168
3 2169 2186 2171
3 2169 2184 2186
3 2171 2187 2173
3 2171 2186 2187
3 2187 1758 1759
3 2175 2187 1759
3 2173 2187 2175
3 2175 1759 1754
3 1761 2178 1756
3 2178 1761 1763
3 2178 1763 2180
3 2188 2181 2180
3 1763 2188 2180
3 1765 2188 1763
3 2190 2189 1767
3 2189 1765 1767
3 2189 2188 1765
3 2190 2191 2189
3 2185 2192 2184
3 2194 2193 2192
3 2193 2184 2192
3 2193 2186 2184
3 2186 2195 2187
3 2186 2193 2195
3 2195 1769 1758
3 2195 1758 2187
3 1774 2196 2190
3 1774 2190 1767
3 2191 2190 2197
3 2197 2190 2196
3 2194 2198 2193
3 2200 2199 2198
3 2199 2193 2198
3 2199 2195 2193
3 2199 1776 1769
3 2199 1769 2195
3 1780 2196 1774
3 2202 2201 1782
3 1782 2201 1780
3 2201 2197 1780
3 2197 2196 1780
3 2204 2203 2202
3 2202 2203 2201
3 2204 2205 2203
3 2200 2206 2199
3 2199 2206 1776
3 2206 1783 1776
3 2206 2207 1783
3 2207 2209 2208
3 1784 2207 2208
3 1783 2207 1784
3 2208 1786 1784
3 1790 2202 1782
3 2202 1790 1792
3 2210 2202 1792
3 2204 2202 2210
3 2205 2204 2211
3 2204 2212 2211
3 2204 2210 2212
3 2214 2213 2212
3 2212 2213 2211
3 2214 2215 2213
3 2209 2216 2208
3 2208 2216 1786
3 2216 1793 1786
3 2216 2217 1793
3 2217 2219 2218
3 1794 2217 2218
3 1793 2217 1794
3 2218 1796 1794
3 1799 2220 2210
3 1799 2210 1792
3 2220 1801 1802
3 2212 2220 1802
3 2210 2220 2212
3 2212 1802 1803
3 2212 1803 2214
3 2222 2221 1805
3 1805 2221 1803
3 2221 2215 1803
3 2215 2214 1803
3 2222 2223 2221
3 2219 2224 2218
3 2218 2224 1796
3 2224 1806 1796
3 2224 2225 1806
3 2225 2227 2226
3 1807 2225 2226
3 1806 2225 1807
3 1807 2226 2228
3 2229 1807 2228
3 1808 1807 2229
3 1808 2229 1799
3 2229 2230 1799
3 2230 2220 1799
3 2230 2229 2231
3 2232 1809 1801
3 2220 2232 1801
3 2230 2232 2220
3 2232 1811 1809
3 1812 2222 1805
3 2234 2233 1814
3 1814 2233 1812
3 2233 2223 1812
3 2223 2222 1812
3 2236 2235 2234
3 2234 2235 2233
3 2227 2237 2226
3 2226 2237 2228
3 2231 2238 2230
3 2230 2238 2232
3 2232 2238 2239
3 1811 2232 2239
3 2240 1811 2239
3 1816 1811 2240
3 2242 2241 2234
3 1814 2242 2234
3 1818 2242 1814
3 2234 2241 2236
3 2236 2241 2243
3 2245 2244 1820
3 1820 2244 1819
3 2246 1820 1821
3 2246 2245 1820
3 1821 1823 2246
3 2246 1823 2247
3 2249 2248 1825
3 1825 2248 1824
3 1825 1819 2244
3 1825 2244 2249
3 2250 2247 1823
3 2250 1823 1827
3 2252 2251 1829
3 2251 1827 1829
3 2251 2250 1827
3 2252 2253 2251
3 2255 2254 1831
3 1831 2254 1830
3 2256 1831 1832
3 2256 2255 1831
3 2257 1832 1833
3 2257 2256 1832
3 2258 1833 1834
3 2258 2257 1833
3 2259 1834 1835
3 2259 2258 1834
3 2260 1835 1836
3 2260 2259 1835
3 2261 1836 1837
3 2261 2260 1836
3 1837 1824 2248
3 1837 2248 2261
3 1838 2252 1829
3 2263 2262 1840
3 1840 2262 1838
3 2262 2253 1838
3 2253 2252 1838
3 2263 2264 2262
3 2266 2265 1842
3 1842 2265 1841
3 2267 1842 1843
3 2267 2266 1842
3 1843 1830 2254
3 1843 2254 2267
3 1844 2263 1840
3 1844 1845 2263
3 1845 2264 2263
3 1845 2268 2264
3 2270 2269 1847
3 1847 2269 1846
3 1847 1841 2265
3 1847 2265 2270
3 2271 2268 1845
3 2271 1845 1848
3 1848 1849 2271
3 2271 1849 2272
3 2274 2273 1851
3 1851 2273 1850
3 1851 1846 2269
3 1851 2269 2274
3 2275 2272 1849
3 2275 1849 1852
3 1852 1853 2275
3 2275 1853 2276
3 2278 2277 1855
3 1855 2277 1854
3 1855 1850 2273
3 1855 2273 2278
3 2279 2276 1853
3 2279 1853 1856
3 2280 1856 1857
3 2280 2279 1856
3 1857 1859 2280
3 2280 1859 2281
3 2283 2282 1861
3 1861 2282 1860
3 1861 1854 2277
3 1861 2277 2283
3 2284 2281 1859
3 2284 1859 1862
3 1862 1864 2284
3 2284 1864 2285
3 2287 2286 1866
3 1866 2286 1865
3 1866 1860 2282
3 1866 2282 2287
3 1867 2289 2288
3 2285 1867 2288
3 1864 1867 2285
3 2289 2290 2288
3 2292 2291 1869
3 1869 2291 1868
3 1869 1865 2286
3 1869 2286 2292
3 1870 2289 1867
3 1870 1871 2289
3 1871 2290 2289
3 1871 2293 2290
3 2291 2294 1868
3 1868 2294 1872
3 1873 1872 2294
3 1873 2294 2295
3 2296 2293 1871
3 2296 1871 1874
3 1874 1875 2296
3 2296 1875 2297
3 2295 2298 1873
3 1873 2298 1876
3 1877 1876 2298
3 1877 2298 2299
3 2300 2297 1875
3 2300 1875 1878
3 1878 1879 2300
3 2300 1879 2301
3 2299 2302 1877
3 1877 2302 1880
3 1881 1880 2302
3 1881 2302 2303
3 2304 2301 1879
3 2304 1879 1882
3 1882 1883 2304
3 2304 1883 2305
3 2303 2306 1881
3 1881 2306 1884
3 1885 1884 2306
3 1885 2306 2307
3 2308 2305 1883
3 2308 1883 1888
3 2310 2309 1889
3 2309 1888 1889
3 2309 2308 1888
3 2310 2311 2309
3 2307 2312 1885
3 1885 2312 1890
3 1892 1890 2312
3 1892 2312 2313
3 1896 2310 1889
3 2314 2311 2310
3 1896 2314 2310
3 1897 2314 1896
3 1897 1899 2314
3 2314 1899 2315
3 2318 2317 2316
3 2320 2319 2316
3 2316 2319 2318
3 2320 2321 2319
3 2313 2322 1892
3 1892 2322 1900
3 1902 1900 2322
3 1902 2322 2323
3 2324 2315 1899
3 2324 1899 1906
3 2325 1906 1907
3 2325 2324 1906
3 2326 1907 1908
3 2326 2325 1907
3 1908 1910 2326
3 2326 1910 2327
3 2316 2317 2328
3 2328 2317 2329
3 2328 1912 1913
3 2320 2328 1913
3 2316 2328 2320
3 2331 2330 1914
3 1914 2330 1913
3 2330 2321 1913
3 2321 2320 1913
3 2331 2332 2330
3 2323 2333 1902
3 1902 2333 1915
3 1917 1915 2333
3 1917 2333 2334
3 2335 2327 1910
3 2335 1910 1922
3 2336 1922 1923
3 2336 2335 1922
3 2338 2337 1925
3 2337 1923 1925
3 2337 2336 1923
3 2340 2339 2338
3 2338 2339 2337
3 2339 2340 2329
3 2329 2340 2328
3 2340 1927 2328
3 1927 1928 2328
3 2328 1928 1912
3 2342 2341 2331
3 1914 2342 2331
3 1930 2342 1914
3 2331 2341 2332
3 2334 2343 1917
3 1917 2343 1931
3 1933 1931 2343
3 1933 2343 2344
3 1935 2345 1936
3 2345 1938 1936
3 1940 2338 1925
3 2338 1940 1942
3 2338 1942 2340
3 2340 1942 1927
3 1946 2342 1930
3 1946 2346 2342
3 2344 2347 1933
3 1933 2347 1947
3 2347 2349 2348
3 1948 2347 2348
3 1947 2347 1948
3 2345 1935 1948
3 2348 2345 1948
3 2350 2345 2348
3 2351 1949 1938
3 2345 2351 1938
3 2350 2351 2345
3 2351 1951 1949
3 1953 2346 1946
3 1953 2352 2346
3 2349 2353 2348
3 2355 2354 2353
3 2354 2348 2353
3 2354 2350 2348
3 2350 2356 2351
3 2350 2354 2356
3 2357 1954 1951
3 2351 2357 1951
3 2356 2357 2351
3 2357 1956 1954
3 2358 2352 1953
3 2358 1953 1957
3 1957 1958 2358
3 2358 1958 2359
3 2355 2360 2354
3 2362 2361 2360
3 2361 2354 2360
3 2361 2356 2354
3 2356 2363 2357
3 2356 2361 2363
3 2363 1960 1956
3 2363 1956 2357
3 2364 2359 1958
3 2364 1958 1961
3 1961 1963 2364
3 2364 1963 2365
3 2361 2362 1966
3 2362 1965 1966
3 2362 2366 1965
3 2361 1966 1967
3 2361 1967 2363
3 2363 1967 1960
3 2367 2365 1963
3 2367 1963 1971
3 2368 1971 1973
3 2368 2367 1971
3 2370 2369 1975
3 2369 1973 1975
3 2369 2368 1973
3 2370 2371 2369
3 2366 2372 1965
3 1965 2372 1976
3 1977 1976 2372
3 1977 2372 2373
3 1980 2370 1975
3 2374 2371 2370
3 1980 2374 2370
3 1981 2374 1980
3 2376 2375 1983
3 2375 1981 1983
3 2375 2374 1981
3 2376 2377 2375
3 2373 2378 1977
3 1977 2378 1984
3 1986 1984 2378
3 1986 2378 2379
3 1987 2376 1983
3 2380 2377 2376
3 1987 2380 2376
3 1988 2380 1987
3 1988 1990 2380
3 2380 1990 2381
3 2379 1991 1986
3 2382 1991 2379
3 2383 2381 1990
3 2383 1990 1992
3 2385 2384 1994
3 2384 1992 1994
3 2384 2383 1992
3 2385 2386 2384
3 2382 2387 1991
3 1991 2387 1995
3 1996 1995 2387
3 1996 2387 2388
3 1997 2385 1994
3 2389 2386 2385
3 1997 2389 2385
3 1999 2389 1997
3 1999 2001 2389
3 2389 2001 2390
3 2388 2391 1996
3 1996 2391 2002
3 2003 2002 2391
3 2003 2391 2392
3 2395 2394 2393
3 2004 2005 2393
3 2394 2004 2393
3 2396 2004 2394
3 2004 2397 2006
3 2396 2397 2004
3 2006 2398 2007
3 2397 2398 2006
3 2007 2399 2008
3 2398 2399 2007
3 2008 2400 2009
3 2399 2400 2008
3 2009 2401 2010
3 2400 2401 2009
3 2403 2402 2011
3 2010 2403 2011
3 2401 2403 2010
3 2404 2402 2403
3 2405 2390 2001
3 2405 2001 2012
3 2407 2406 2014
3 2406 2012 2014
3 2406 2405 2012
3 2407 2408 2406
3 2392 2016 2003
3 2409 2016 2392
3 2411 2410 2018
3 2411 2018 2017
3 2393 2019 2395
3 2019 2410 2395
3 2019 2018 2410
3 2019 2393 2005
3 2402 2020 2011
3 2404 2412 2402
3 2412 2020 2402
3 2412 2021 2020
3 2021 2413 2022
3 2412 2413 2021
3 2415 2414 2023
3 2022 2415 2023
3 2413 2415 2022
3 2417 2416 2414
3 2417 2414 2415
3 2419 2418 2416
3 2419 2416 2417
3 2420 2418 2419
3 2025 2407 2014
3 2421 2408 2407
3 2025 2421 2407
3 2027 2421 2025
3 2423 2422 2029
3 2422 2027 2029
3 2422 2421 2027
3 2423 2424 2422
3 2409 2425 2016
3 2016 2425 2030
3 2017 2030 2411
3 2411 2030 2425
3 2414 2031 2023
3 2031 2414 2032
3 2032 2414 2416
3 2032 2416 2033
3 2033 2416 2418
3 2420 2426 2418
3 2426 2033 2418
3 2426 2034 2033
3 2426 2428 2427
3 2035 2426 2427
3 2034 2426 2035
3 2429 2036 2035
3 2429 2035 2427
3 2036 2429 2430
3 2431 2036 2430
3 2037 2036 2431
3 2037 2432 2038
3 2431 2432 2037
3 2038 2433 2039
3 2432 2433 2038
3 2039 2434 2040
3 2433 2434 2039
3 2040 2435 2041
3 2434 2435 2040
3 2041 2436 2042
3 2435 2436 2041
3 2042 2437 2043
3 2436 2437 2042
3 2045 2043 2437
3 2045 2437 2438
3 2047 2423 2029
3 2439 2424 2423
3 2047 2439 2423
3 2049 2439 2047
3 2440 2049 2051
3 2440 2439 2049
3 2441 2051 2053
3 2441 2440 2051
3 2443 2442 2055
3 2442 2053 2055
3 2442 2441 2053
3 2443 2444 2442
3 2428 2445 2427
3 2427 2445 2429
3 2429 2445 2446
3 2429 2446 2430
3 2438 2447 2045
3 2045 2447 2056
3 2056 2448 2057
3 2447 2448 2056
3 2057 2449 2058
3 2448 2449 2057
3 2059 2058 2449
3 2059 2449 2450
3 2060 2443 2055
3 2451 2444 2443
3 2060 2451 2443
3 2061 2451 2060
3 2061 2063 2451
3 2451 2063 2452
3 2450 2453 2059
3 2059 2453 2064
3 2064 2454 2065
3 2453 2454 2064
3 2067 2065 2454
3 2067 2454 2455
3 2456 2452 2063
3 2456 2063 2068
3 2068 2070 2456
3 2456 2070 2457
3 2455 2458 2067
3 2067 2458 2071
3 2071 2459 2072
3 2458 2459 2071
3 2072 2460 2073
3 2459 2460 2072
3 2073 2461 2074
3 2460 2461 2073
3 2074 2462 2075
3 2461 2462 2074
3 2464 2463 2077
3 2075 2464 2077
3 2462 2464 2075
3 2465 2463 2464
3 2467 2466 2078
3 2467 2078 2079
3 2078 2468 2080
3 2466 2468 2078
3 2081 2080 2468
3 2081 2468 2469
3 2083 2471 2470
3 2457 2083 2470
3 2070 2083 2457
3 2473 2472 2471
3 2471 2472 2470
3 2473 2474 2472
3 2463 2084 2077
3 2465 2475 2463
3 2475 2084 2463
3 2475 2085 2084
3 2085 2476 2086
3 2475 2476 2085
3 2079 2086 2467
3 2467 2086 2476
3 2469 2477 2081
3 2081 2477 2087
3 2089 2087 2477
3 2089 2477 2478
3 2091 2479 2471
3 2091 2471 2083
3 2471 2480 2473
3 2471 2479 2480
3 2474 2473 2481
3 2473 2482 2481
3 2473 2480 2482
3 2484 2483 2482
3 2482 2483 2481
3 2484 2485 2483
3 2478 2486 2089
3 2089 2486 2092
3 2094 2092 2486
3 2094 2486 2487
3 2490 2489 2488
3 2097 2096 2488
3 2489 2097 2488
3 2491 2097 2489
3 2493 2492 2099
3 2097 2493 2099
3 2491 2493 2097
3 2101 2100 2492
3 2493 2101 2492
3 2494 2101 2493
3 2101 2495 2102
3 2494 2495 2101
3 2091 2102 2479
3 2102 2496 2479
3 2102 2495 2496
3 2498 2497 2496
3 2497 2479 2496
3 2497 2480 2479
3 2480 2499 2482
3 2480 2497 2499
3 2499 2104 2105
3 2484 2499 2105
3 2482 2499 2484
3 2501 2500 2106
3 2106 2500 2105
3 2500 2485 2105
3 2485 2484 2105
3 2503 2502 2501
3 2501 2502 2500
3 2505 2504 2503
3 2503 2504 2502
3 2505 2506 2504
3 2509 2508 2507
3 2507 2510 2509
3 2487 2511 2094
3 2094 2511 2107
3 2488 2108 2490
3 2108 2511 2490
3 2108 2107 2511
3 2108 2488 2096
3 2492 2109 2099
3 2109 2492 2100
3 2498 2512 2497
3 2497 2512 2499
3 2499 2512 2513
3 2513 2515 2514
3 2513 2514 2110
3 2499 2513 2110
3 2104 2499 2110
3 2113 2501 2106
3 2111 2110 2514
3 2501 2113 2114
3 2501 2114 2503
3 2503 2114 2116
3 2503 2116 2505
3 2517 2516 2118
3 2118 2516 2116
3 2516 2506 2116
3 2506 2505 2116
3 2519 2518 2517
3 2517 2518 2516
3 2521 2520 2519
3 2519 2520 2518
3 2520 2521 2508
3 2508 2521 2507
3 2521 2120 2507
3 2120 2121 2507
3 2522 2510 2507
3 2121 2522 2507
3 2122 2522 2121
3 2523 2122 2124
3 2523 2522 2122
3 2524 2124 2126
3 2524 2523 2124
3 2126 2128 2524
3 2524 2128 2525
3 2515 2526 2514
3 2526 2528 2527
3 2526 2527 2129
3 2514 2526 2129
3 2111 2514 2129
3 2527 2131 2129
3 2133 2517 2118
3 2517 2133 2135
3 2517 2135 2519
3 2519 2135 2137
3 2519 2137 2521
3 2521 2137 2120
3 2142 2530 2529
3 2525 2142 2529
3 2128 2142 2525
3 2530 2531 2529
3 2528 2532 2527
3 2532 2534 2533
3 2532 2533 2143
3 2527 2532 2143
3 2131 2527 2143
3 2533 2145 2143
3 2151 2530 2142
3 2151 2153 2530
3 2153 2531 2530
3 2153 2535 2531
3 2534 2536 2533
3 2536 2538 2537
3 2536 2537 2154
3 2533 2536 2154
3 2145 2533 2154
3 2154 2537 2539
3 2540 2154 2539
3 2155 2154 2540
3 2155 2541 2156
3 2540 2541 2155
3 2156 2542 2157
3 2541 2542 2156
3 2159 2157 2542
3 2159 2542 2543
3 2163 2545 2544
3 2535 2163 2544
3 2153 2163 2535
3 2547 2546 2545
3 2545 2546 2544
3 2549 2548 2547
3 2547 2548 2546
3 2551 2550 2549
3 2549 2550 2548
3 2553 2552 2551
3 2551 2552 2550
3 2553 2554 2552
3 2538 2555 2537
3 2537 2555 2539
3 2543 2556 2159
3 2159 2556 2164
3 2164 2557 2165
3 2556 2557 2164
3 2167 2165 2557
3 2167 2557 2558
3 2170 2545 2163
3 2545 2170 2172
3 2545 2172 2547
3 2547 2172 2174
3 2547 2174 2549
3 2549 2174 2176
3 2549 2176 2551
3 2551 2176 2177
3 2551 2177 2553
3 2559 2554 2553
3 2177 2559 2553
3 2179 2559 2177
3 2561 2560 2181
3 2560 2179 2181
3 2560 2559 2179
3 2561 2562 2560
3 2558 2563 2167
3 2167 2563 2182
3 2182 2564 2183
3 2563 2564 2182
3 2185 2183 2564
3 2185 2564 2565
3 2188 2561 2181
3 2566 2562 2561
3 2188 2566 2561
3 2189 2566 2188
3 2189 2191 2566
3 2566 2191 2567
3 2565 2568 2185
3 2185 2568 2192
3 2194 2192 2568
3 2194 2568 2569
3 2197 2571 2570
3 2567 2197 2570
3 2191 2197 2567
3 2571 2572 2570
3 2569 2573 2194
3 2194 2573 2198
3 2575 2574 2200
3 2198 2575 2200
3 2573 2575 2198
3 2576 2574 2575
3 2201 2571 2197
3 2577 2572 2571
3 2201 2577 2571
3 2203 2577 2201
3 2579 2578 2205
3 2578 2203 2205
3 2578 2577 2203
3 2581 2580 2579
3 2579 2580 2578
3 2581 2582 2580
3 2574 2206 2200
3 2576 2583 2574
3 2583 2206 2574
3 2583 2207 2206
3 2585 2584 2209
3 2207 2585 2209
3 2583 2585 2207
3 2586 2584 2585
3 2211 2579 2205
3 2579 2211 2213
3 2579 2213 2581
3 2588 2587 2215
3 2215 2587 2213
3 2587 2582 2213
3 2582 2581 2213
3 2588 2589 2587
3 2584 2216 2209
3 2586 2590 2584
3 2590 2216 2584
3 2590 2217 2216
3 2592 2591 2219
3 2217 2592 2219
3 2590 2592 2217
3 2593 2591 2592
3 2221 2588 2215
3 2595 2594 2223
3 2223 2594 2221
3 2594 2589 2221
3 2589 2588 2221
3 2597 2596 2595
3 2595 2596 2594
3 2591 2224 2219
3 2593 2598 2591
3 2598 2224 2591
3 2598 2225 2224
3 2600 2599 2227
3 2225 2600 2227
3 2598 2600 2225
3 2229 2228 2599
3 2600 2229 2599
3 2601 2229 2600
3 2231 2229 2601
3 2231 2601 2602
3 2233 2595 2223
3 2595 2233 2235
3 2595 2235 2597
3 2599 2237 2227
3 2237 2599 2228
3 2602 2603 2231
3 2231 2603 2238
3 2238 2604 2239
3 2603 2604 2238
3 2240 2239 2604
3 2240 2604 2605
3 2607 2606 2241
3 2607 2241 2242
3 2241 2608 2243
3 2606 2608 2241
3 2610 2609 2245
3 2245 2609 2244
3 2611 2245 2246
3 2611 2610 2245
3 2246 2247 2611
3 2611 2247 2612
3 2614 2613 2249
3 2249 2613 2248
3 2249 2244 2609
3 2249 2609 2614
3 2615 2612 2247
3 2615 2247 2250
3 2616 2250 2251
3 2616 2615 2250
3 2251 2253 2616
3 2616 2253 2617
3 2619 2618 2255
3 2255 2618 2254
3 2620 2255 2256
3 2620 2619 2255
3 2621 2256 2257
3 2621 2620 2256
3 2622 2257 2258
3 2622 2621 2257
3 2623 2258 2259
3 2623 2622 2258
3 2624 2259 2260
3 2624 2623 2259
3 2625 2260 2261
3 2625 2624 2260
3 2261 2248 2613
3 2261 2613 2625
3 2626 2617 2253
3 2626 2253 2262
3 2262 2264 2626
3 2626 2264 2627
3 2629 2628 2266
3 2266 2628 2265
3 2630 2266 2267
3 2630 2629 2266
3 2267 2254 2618
3 2267 2618 2630
3 2268 2627 2264
3 2268 2631 2627
3 2633 2632 2270
3 2270 2632 2269
3 2270 2265 2628
3 2270 2628 2633
3 2634 2631 2268
3 2634 2268 2271
3 2271 2272 2634
3 2634 2272 2635
3 2637 2636 2274
3 2274 2636 2273
3 2274 2269 2632
3 2274 2632 2637
3 2638 2635 2272
3 2638 2272 2275
3 2275 2276 2638
3 2638 2276 2639
3 2641 2640 2278
3 2278 2640 2277
3 2278 2273 2636
3 2278 2636 2641
3 2642 2639 2276
3 2642 2276 2279
3 2643 2279 2280
3 2643 2642 2279
3 2280 2281 2643
3 2643 2281 2644
3 2646 2645 2283
3 2283 2645 2282
3 2283 2277 2640
3 2283 2640 2646
3 2647 2644 2281
3 2647 2281 2284
3 2284 2285 2647
3 2647 2285 2648
3 2650 2649 2287
3 2287 2649 2286
3 2287 2282 2645
3 2287 2645 2650
3 2651 2648 2285
3 2651 2285 2288
3 2288 2290 2651
3 2651 2290 2652
3 2654 2653 2292
3 2292 2653 2291
3 2292 2286 2649
3 2292 2649 2654
3 2293 2656 2655
3 2652 2293 2655
3 2290 2293 2652
3 2656 2657 2655
3 2653 2658 2291
3 2291 2658 2294
3 2295 2294 2658
3 2295 2658 2659
3 2296 2656 2293
3 2296 2297 2656
3 2297 2657 2656
3 2297 2660 2657
3 2659 2661 2295
3 2295 2661 2298
3 2299 2298 2661
3 2299 2661 2662
3 2663 2660 2297
3 2663 2297 2300
3 2300 2301 2663
3 2663 2301 2664
3 2662 2665 2299
3 2299 2665 2302
3 2303 2302 2665
3 2303 2665 2666
3 2667 2664 2301
3 2667 2301 2304
3 2304 2305 2667
3 2667 2305 2668
3 2666 2669 2303
3 2303 2669 2306
3 2307 2306 2669
3 2307 2669 2670
3 2671 2668 2305
3 2671 2305 2308
3 2672 2308 2309
3 2672 2671 2308
3 2309 2311 2672
3 2672 2311 2673
3 2676 2675 2674
3 2674 2677 2676
3 2670 2678 2307
3 2307 2678 2312
3 2313 2312 2678
3 2313 2678 2679
3 2680 2673 2311
3 2680 2311 2314
3 2314 2315 2680
3 2680 2315 2681
3 2683 2682 2318
3 2318 2682 2317
3 2319 2674 2675
3 2683 2319 2675
3 2318 2319 2683
3 2685 2684 2321
3 2321 2684 2319
3 2684 2677 2319
3 2677 2674 2319
3 2685 2686 2684
3 2679 2687 2313
3 2313 2687 2322
3 2323 2322 2687
3 2323 2687 2688
3 2689 2681 2315
3 2689 2315 2324
3 2690 2324 2325
3 2690 2689 2324
3 2691 2325 2326
3 2691 2690 2325
3 2326 2327 2691
3 2691 2327 2692
3 2695 2694 2693
3 2682 2695 2693
3 2329 2682 2693
3 2317 2682 2329
3 2330 2685 2321
3 2330 2332 2685
3 2332 2686 2685
3 2332 2696 2686
3 2688 2697 2323
3 2323 2697 2333
3 2334 2333 2697
3 2334 2697 2698
3 2699 2692 2327
3 2699 2327 2335
3 2700 2335 2336
3 2700 2699 2335
3 2701 2336 2337
3 2701 2700 2336
3 2339 2693 2694
3 2701 2339 2694
3 2337 2339 2701
3 2693 2339 2329
3 2703 2702 2341
3 2703 2341 2342
3 2332 2341 2696
3 2696 2341 2702
3 2698 2704 2334
3 2334 2704 2343
3 2344 2343 2704
3 2344 2704 2705
3 2708 2707 2706
3 2707 2703 2706
3 2703 2346 2706
3 2703 2342 2346
3 2705 2709 2344
3 2344 2709 2347
3 2349 2347 2709
3 2349 2709 2710
3 2711 2708 2706
3 2706 2346 2711
3 2346 2712 2711
3 2346 2352 2712
3 2710 2713 2349
3 2349 2713 2353
3 2355 2353 2713
3 2355 2713 2714
3 2715 2712 2352
3 2715 2352 2358
3 2358 2359 2715
3 2715 2359 2716
3 2714 2717 2355
3 2355 2717 2360
3 2362 2360 2717
3 2362 2717 2718
3 2719 2716 2359
3 2719 2359 2364
3 2364 2365 2719
3 2719 2365 2720
3 2718 2366 2362
3 2721 2366 2718
3 2722 2720 2365
3 2722 2365 2367
3 2723 2367 2368
3 2723 2722 2367
3 2724 2368 2369
3 2724 2723 2368
3 2726 2725 2371
3 2725 2369 2371
3 2725 2724 2369
3 2726 2727 2725
3 2721 2728 2366
3 2366 2728 2372
3 2373 2372 2728
3 2373 2728 2729
3 2374 2726 2371
3 2730 2727 2726
3 2374 2730 2726
3 2375 2730 2374
3 2375 2377 2730
3 2730 2377 2731
3 2729 2732 2373
3 2373 2732 2378
3 2379 2378 2732
3 2379 2732 2733
3 2734 2731 2377
3 2734 2377 2380
3 2380 2381 2734
3 2734 2381 2735
3 2733 2382 2379
3 2736 2382 2733
3 2737 2735 2381
3 2737 2381 2383
3 2738 2383 2384
3 2738 2737 2383
3 2384 2386 2738
3 2738 2386 2739
3 2736 2740 2382
3 2382 2740 2387
3 2388 2387 2740
3 2388 2740 2741
3 2744 2743 2742
3 2746 2745 2742
3 2746 2742 2743
3 2748 2747 2745
3 2748 2745 2746
3 2750 2749 2747
3 2750 2747 2748
3 2751 2749 2750
3 2752 2739 2386
3 2752 2386 2389
3 2754 2753 2390
3 2753 2389 2390
3 2753 2752 2389
3 2754 2755 2753
3 2741 2756 2388
3 2388 2756 2391
3 2392 2391 2756
3 2392 2756 2757
3 2760 2759 2758
3 2394 2395 2758
3 2759 2394 2758
3 2761 2394 2759
3 2394 2762 2396
3 2761 2762 2394
3 2742 2397 2744
3 2397 2762 2744
3 2397 2396 2762
3 2397 2742 2398
3 2398 2742 2745
3 2398 2745 2399
3 2399 2745 2747
3 2399 2747 2400
3 2400 2747 2749
3 2751 2763 2749
3 2763 2400 2749
3 2763 2401 2400
3 2401 2764 2403
3 2763 2764 2401
3 2766 2765 2404
3 2403 2766 2404
3 2764 2766 2403
3 2767 2765 2766
3 2405 2754 2390
3 2768 2755 2754
3 2405 2768 2754
3 2406 2768 2405
3 2770 2769 2408
3 2769 2406 2408
3 2769 2768 2406
3 2770 2771 2769
3 2757 2409 2392
3 2772 2409 2757
3 2760 2758 2410
3 2411 2760 2410
3 2773 2760 2411
3 2410 2758 2395
3 2765 2412 2404
3 2767 2774 2765
3 2774 2412 2765
3 2774 2413 2412
3 2413 2775 2415
3 2774 2775 2413
3 2415 2776 2417
3 2775 2776 2415
3 2417 2777 2419
3 2776 2777 2417
3 2779 2778 2420
3 2419 2779 2420
3 2777 2779 2419
3 2780 2778 2779
3 2783 2782 2781
3 2785 2784 2781
3 2785 2781 2782
3 2787 2786 2784
3 2787 2784 2785
3 2789 2788 2786
3 2789 2786 2787
3 2790 2788 2789
3 2421 2770 2408
3 2791 2771 2770
3 2421 2791 2770
3 2422 2791 2421
3 2793 2792 2424
3 2792 2422 2424
3 2792 2791 2422
3 2793 2794 2792
3 2772 2795 2409
3 2409 2795 2425
3 2411 2425 2773
3 2773 2425 2795
3 2778 2426 2420
3 2797 2796 2428
3 2797 2428 2426
3 2780 2797 2426
3 2778 2780 2426
3 2799 2798 2796
3 2799 2796 2797
3 2431 2430 2798
3 2799 2431 2798
3 2800 2431 2799
3 2781 2432 2783
3 2432 2800 2783
3 2432 2431 2800
3 2432 2781 2433
3 2433 2781 2784
3 2433 2784 2434
3 2434 2784 2786
3 2434 2786 2435
3 2435 2786 2788
3 2790 2801 2788
3 2801 2435 2788
3 2801 2436 2435
3 2436 2802 2437
3 2801 2802 2436
3 2804 2803 2438
3 2437 2804 2438
3 2802 2804 2437
3 2806 2805 2803
3 2806 2803 2804
3 2807 2805 2806
3 2439 2793 2424
3 2808 2794 2793
3 2439 2808 2793
3 2440 2808 2439
3 2809 2440 2441
3 2809 2808 2440
3 2810 2441 2442
3 2810 2809 2441
3 2812 2811 2444
3 2811 2442 2444
3 2811 2810 2442
3 2812 2813 2811
3 2796 2445 2428
3 2445 2796 2446
3 2446 2796 2798
3 2446 2798 2430
3 2803 2447 2438
3 2447 2803 2448
3 2448 2803 2805
3 2807 2814 2805
3 2814 2448 2805
3 2814 2449 2448
3 2816 2815 2450
3 2449 2816 2450
3 2814 2816 2449
3 2817 2815 2816
3 2451 2812 2444
3 2819 2818 2452
3 2452 2818 2451
3 2818 2813 2451
3 2813 2812 2451
3 2819 2820 2818
3 2815 2453 2450
3 2817 2821 2815
3 2821 2453 2815
3 2821 2454 2453
3 2823 2822 2455
3 2454 2823 2455
3 2821 2823 2454
3 2824 2822 2823
3 2456 2819 2452
3 2826 2825 2457
3 2457 2825 2456
3 2825 2820 2456
3 2820 2819 2456
3 2826 2827 2825
3 2822 2458 2455
3 2824 2828 2822
3 2828 2458 2822
3 2828 2459 2458
3 2459 2829 2460
3 2828 2829 2459
3 2460 2830 2461
3 2829 2830 2460
3 2461 2831 2462
3 2830 2831 2461
3 2462 2832 2464
3 2831 2832 2462
3 2465 2464 2832
3 2465 2832 2833
3 2835 2834 2466
3 2835 2466 2467
3 2466 2836 2468
3 2834 2836 2466
3 2469 2468 2836
3 2469 2836 2837
3 2470 2826 2457
3 2838 2827 2826
3 2470 2838 2826
3 2472 2838 2470
3 2840 2839 2474
3 2839 2472 2474
3 2839 2838 2472
3 2840 2841 2839
3 2833 2842 2465
3 2465 2842 2475
3 2475 2843 2476
3 2842 2843 2475
3 2467 2476 2835
3 2835 2476 2843
3 2837 2844 2469
3 2469 2844 2477
3 2846 2845 2478
3 2477 2846 2478
3 2844 2846 2477
3 2847 2845 2846
3 2481 2840 2474
3 2848 2841 2840
3 2481 2848 2840
3 2483 2848 2481
3 2850 2849 2485
3 2849 2483 2485
3 2849 2848 2483
3 2852 2851 2850
3 2850 2851 2849
3 2852 2853 2851
3 2845 2486 2478
3 2855 2854 2487
3 2855 2487 2486
3 2847 2855 2486
3 2845 2847 2486
3 2489 2490 2854
3 2855 2489 2854
3 2856 2489 2855
3 2489 2857 2491
3 2856 2857 2489
3 2491 2858 2493
3 2857 2858 2491
3 2493 2859 2494
3 2858 2859 2493
3 2494 2860 2495
3 2859 2860 2494
3 2495 2861 2496
3 2860 2861 2495
3 2863 2862 2498
3 2496 2863 2498
3 2861 2863 2496
3 2864 2862 2863
3 2500 2850 2485
3 2850 2500 2502
3 2850 2502 2852
3 2865 2853 2852
3 2502 2865 2852
3 2504 2865 2502
3 2867 2866 2506
3 2866 2504 2506
3 2866 2865 2504
3 2867 2868 2866
3 2871 2870 2869
3 2508 2509 2869
3 2509 2871 2869
3 2509 2872 2871
3 2509 2510 2872
3 2872 2510 2873
3 2854 2511 2487
3 2511 2854 2490
3 2862 2512 2498
3 2864 2874 2862
3 2874 2512 2862
3 2874 2513 2512
3 2876 2875 2515
3 2513 2876 2515
3 2874 2876 2513
3 2877 2875 2876
3 2516 2867 2506
3 2878 2868 2867
3 2516 2878 2867
3 2518 2878 2516
3 2520 2869 2870
3 2878 2520 2870
3 2518 2520 2878
3 2869 2520 2508
3 2879 2873 2510
3 2879 2510 2522
3 2880 2522 2523
3 2880 2879 2522
3 2881 2523 2524
3 2881 2880 2523
3 2524 2525 2881
3 2881 2525 2882
3 2875 2526 2515
3 2884 2883 2528
3 2884 2528 2526
3 2877 2884 2526
3 2875 2877 2526
3 2885 2883 2884
3 2886 2882 2525
3 2886 2525 2529
3 2529 2531 2886
3 2886 2531 2887
3 2883 2532 2528
3 2889 2888 2534
3 2889 2534 2532
3 2885 2889 2532
3 2883 2885 2532
3 2890 2888 2889
3 2535 2892 2891
3 2887 2535 2891
3 2531 2535 2887
3 2892 2893 2891
3 2888 2536 2534
3 2895 2894 2538
3 2895 2538 2536
3 2890 2895 2536
3 2888 2890 2536
3 2540 2539 2894
3 2895 2540 2894
3 2896 2540 2895
3 2540 2897 2541
3 2896 2897 2540
3 2541 2898 2542
3 2897 2898 2541
3 2900 2899 2543
3 2542 2900 2543
3 2898 2900 2542
3 2901 2899 2900
3 2544 2892 2535
3 2902 2893 2892
3 2544 2902 2892
3 2546 2902 2544
3 2903 2546 2548
3 2903 2902 2546
3 2904 2548 2550
3 2904 2903 2548
3 2905 2550 2552
3 2905 2904 2550
3 2907 2906 2554
3 2906 2552 2554
3 2906 2905 2552
3 2907 2908 2906
3 2894 2555 2538
3 2555 2894 2539
3 2899 2556 2543
3 2901 2909 2899
3 2909 2556 2899
3 2909 2557 2556
3 2911 2910 2558
3 2557 2911 2558
3 2909 2911 2557
3 2912 2910 2911
3 2559 2907 2554
3 2913 2908 2907
3 2559 2913 2907
3 2560 2913 2559
3 2560 2562 2913
3 2913 2562 2914
3 2910 2563 2558
3 2912 2915 2910
3 2915 2563 2910
3 2915 2564 2563
3 2565 2564 2915
3 2565 2915 2916
3 2917 2914 2562
3 2917 2562 2566
3 2566 2567 2917
3 2917 2567 2918
3 2916 2919 2565
3 2565 2919 2568
3 2569 2568 2919
3 2569 2919 2920
3 2921 2918 2567
3 2921 2567 2570
3 2570 2572 2921
3 2921 2572 2922
3 2920 2923 2569
3 2569 2923 2573
3 2573 2924 2575
3 2923 2924 2573
3 2926 2925 2576
3 2575 2926 2576
3 2924 2926 2575
3 2927 2925 2926
3 2928 2922 2572
3 2928 2572 2577
3 2929 2577 2578
3 2929 2928 2577
3 2930 2578 2580
3 2930 2929 2578
3 2580 2582 2930
3 2930 2582 2931
3 2925 2583 2576
3 2927 2932 2925
3 2932 2583 2925
3 2932 2585 2583
3 2934 2933 2586
3 2585 2934 2586
3 2932 2934 2585
3 2935 2933 2934
3 2936 2931 2582
3 2936 2582 2587
3 2938 2937 2589
3 2937 2587 2589
3 2937 2936 2587
3 2940 2939 2938
3 2938 2939 2937
3 2933 2590 2586
3 2935 2941 2933
3 2941 2590 2933
3 2941 2592 2590
3 2943 2942 2593
3 2592 2943 2593
3 2941 2943 2592
3 2944 2942 2943
3 2594 2938 2589
3 2938 2594 2596
3 2938 2596 2940
3 2942 2598 2593
3 2944 2945 2942
3 2945 2598 2942
3 2945 2600 2598
3 2600 2946 2601
3 2945 2946 2600
3 2948 2947 2602
3 2601 2948 2602
3 2946 2948 2601
3 2949 2947 2948
3 2947 2603 2602
3 2949 2950 2947
3 2950 2603 2947
3 2950 2604 2603
3 2605 2604 2950
3 2605 2950 2951
3 2953 2952 2606
3 2953 2606 2607
3 2606 2954 2608
3 2952 2954 2606
3 2956 2955 2610
3 2610 2955 2609
3 2957 2610 2611
3 2957 2956 2610
3 2611 2612 2957
3 2957 2612 2958
3 2960 2959 2614
3 2614 2959 2613
3 2614 2609 2955
3 2614 2955 2960
3 2961 2958 2612
3 2961 2612 2615
3 2962 2615 2616
3 2962 2961 2615
3 2616 2617 2962
3 2962 2617 2963
3 2965 2964 2619
3 2619 2964 2618
3 2966 2619 2620
3 2966 2965 2619
3 2967 2620 2621
3 2967 2966 2620
3 2968 2621 2622
3 2968 2967 2621
3 2969 2622 2623
3 2969 2968 2622
3 2970 2623 2624
3 2970 2969 2623
3 2971 2624 2625
3 2971 2970 2624
3 2625 2613 2959
3 2625 2959 2971
3 2972 2963 2617
3 2972 2617 2626
3 2626 2627 2972
3 2972 2627 2973
3 2975 2974 2629
3 2629 2974 2628
3 2976 2629 2630
3 2976 2975 2629
3 2630 2618 2964
3 2630 2964 2976
3 2631 2973 2627
3 2631 2977 2973
3 2979 2978 2633
3 2633 2978 2632
3 2633 2628 2974
3 2633 2974 2979
3 2980 2977 2631
3 2980 2631 2634
3 2634 2635 2980
3 2980 2635 2981
3 2983 2982 2637
3 2637 2982 2636
3 2637 2632 2978
3 2637 2978 2983
3 2984 2981 2635
3 2984 2635 2638
3 2638 2639 2984
3 2984 2639 2985
3 2987 2986 2641
3 2641 2986 2640
3 2641 2636 2982
3 2641 2982 2987
3 2988 2985 2639
3 2988 2639 2642
3 2989 2642 2643
3 2989 2988 2642
3 2643 2644 2989
3 2989 2644 2990
3 2992 2991 2646
3 2646 2991 2645
3 2646 2640 2986
3 2646 2986 2992
3 2993 2990 2644
3 2993 2644 2647
3 2647 2648 2993
3 2993 2648 2994
3 2996 2995 2650
3 2650 2995 2649
3 2650 2645 2991
3 2650 2991 2996
3 2648 2651 2997
3 2998 2648 2997
3 2994 2648 2998
3 2652 2997 2651
3 3000 2999 2654
3 2654 2999 2653
3 2654 2649 2995
3 2654 2995 3000
3 3001 2998 2997
3 3001 2997 2652
3 2655 3001 2652
3 3002 3001 2655
3 2655 2657 3002
3 3002 2657 3003
3 2999 3004 2653
3 2653 3004 2658
3 2659 2658 3004
3 2659 3004 3005
3 2660 3003 2657
3 2660 3006 3003
3 3005 3007 2659
3 2659 3007 2661
3 2662 2661 3007
3 2662 3007 3008
3 3009 3006 2660
3 3009 2660 2663
3 2663 2664 3009
3 3009 2664 3010
3 3008 3011 2662
3 2662 3011 2665
3 2666 2665 3011
3 2666 3011 3012
3 3013 3010 2664
3 3013 2664 2667
3 2667 2668 3013
3 3013 2668 3014
3 3012 3015 2666
3 2666 3015 2669
3 2670 2669 3015
3 2670 3015 3016
3 3017 3014 2668
3 3017 2668 2671
3 3019 3017 3018
3 3017 2672 3018
3 3017 2671 2672
3 2673 3018 2672
3 3022 3021 3020
3 2675 2676 3020
3 2676 3022 3020
3 2676 3023 3022
3 2676 2677 3023
3 3023 2677 3024
3 3016 3025 2670
3 2670 3025 2678
3 2679 2678 3025
3 2679 3025 3026
3 3027 3019 3018
3 3027 3018 2673
3 2680 3027 2673
3 3028 3027 2680
3 2680 2681 3028
3 3028 2681 3029
3 3020 3021 2683
3 3021 2682 2683
3 3021 3030 2682
3 3020 2683 2675
3 3031 3024 2677
3 3031 2677 2684
3 2684 2686 3031
3 3031 2686 3032
3 3026 3033 2679
3 2679 3033 2687
3 2688 2687 3033
3 2688 3033 3034
3 3035 3029 2681
3 3035 2681 2689
3 3036 2689 2690
3 3036 3035 2689
3 3037 2690 2691
3 3037 3036 2690
3 2691 2692 3037
3 3037 2692 3038
3 3039 2694 2695
3 3040 3039 2695
3 2682 3040 2695
3 3030 3040 2682
3 2696 3032 2686
3 2696 3041 3032
3 3034 3042 2688
3 2688 3042 2697
3 2698 2697 3042
3 2698 3042 3043
3 3044 3038 2692
3 3044 2692 2699
3 3045 2699 2700
3 3045 3044 2699
3 3046 2700 2701
3 3046 3045 2700
3 2701 2694 3039
3 3047 2701 3039
3 3046 2701 3047
3 3047 3039 3040
3 3049 3048 2702
3 3049 2702 2703
3 2696 2702 3041
3 3041 2702 3048
3 3043 3050 2698
3 2698 3050 2704
3 2705 2704 3050
3 2705 3050 3051
3 3053 3052 2707
3 3053 2707 2708
3 2703 2707 3049
3 3049 2707 3052
3 3051 3054 2705
3 2705 3054 2709
3 2710 2709 3054
3 2710 3054 3055
3 3058 3057 3056
3 3059 3056 3057
3 3060 3053 2708
3 3060 2708 2711
3 2711 2712 3060
3 3060 2712 3061
3 3055 3062 2710
3 2710 3062 2713
3 2714 2713 3062
3 2714 3062 3063
3 3058 3056 3064
3 3058 3064 3065
3 3056 3059 3066
3 3067 3056 3066
3 3064 3056 3067
3 3068 3067 3066
3 3069 3061 2712
3 3069 2712 2715
3 2715 2716 3069
3 3069 2716 3070
3 3063 3071 2714
3 2714 3071 2717
3 3071 3072 2717
3 3072 3065 2717
3 3064 2717 3065
3 2717 3064 2718
3 3073 2718 3064
3 2718 3073 3072
3 3072 3074 2718
3 3071 3074 3072
3 3072 3073 3065
3 3073 3064 3067
3 3073 3067 3075
3 3075 3067 3068
3 3076 3070 2716
3 3076 2716 2719
3 2719 2720 3076
3 3076 2720 3077
3 3074 2721 2718
3 3078 2721 3074
3 3079 3077 2720
3 3079 2720 2722
3 3080 2722 2723
3 3080 3079 2722
3 3081 2723 2724
3 3081 3080 2723
3 3082 2724 2725
3 3082 3081 2724
3 2725 2727 3082
3 3082 2727 3083
3 3078 3084 2721
3 2721 3084 2728
3 2729 2728 3084
3 2729 3084 3085
3 3086 3083 2727
3 3086 2727 2730
3 2730 2731 3086
3 3086 2731 3087
3 3085 3088 2729
3 2729 3088 2732
3 2733 2732 3088
3 2733 3088 3089
3 3090 3087 2731
3 3090 2731 2734
3 2734 2735 3090
3 3090 2735 3091
3 3089 2736 2733
3 3092 2736 3089
3 3095 3094 3093
3 3097 3096 3093
3 3097 3093 3094
3 3098 3096 3097
3 3099 3091 2735
3 3099 2735 2737
3 3100 2737 2738
3 3100 3099 2737
3 2738 2739 3100
3 3100 2739 3101
3 3092 3102 2736
3 2736 3102 2740
3 2741 2740 3102
3 2741 3102 3103
3 3106 3105 3104
3 3108 3107 3104
3 3108 3104 3105
3 2743 2744 3107
3 3108 2743 3107
3 3109 2743 3108
3 3093 2746 3095
3 2746 3109 3095
3 2746 2743 3109
3 2746 3093 2748
3 2748 3093 3096
3 3098 3110 3096
3 3110 2748 3096
3 3110 2750 2748
3 3112 3111 2751
3 2750 3112 2751
3 3110 3112 2750
3 3114 3113 3111
3 3114 3111 3112
3 3115 3113 3114
3 3116 3101 2739
3 3116 2739 2752
3 3117 2752 2753
3 3117 3116 2752
3 2753 2755 3117
3 3117 2755 3118
3 3103 3119 2741
3 2741 3119 2756
3 2757 2756 3119
3 2757 3119 3120
3 3122 3121 2759
3 3122 2759 2760
3 3104 2761 3106
3 2761 3121 3106
3 2761 2759 3121
3 2761 3104 2762
3 2762 3104 3107
3 2762 3107 2744
3 3111 2763 2751
3 2763 3111 2764
3 2764 3111 3113
3 3115 3123 3113
3 3123 2764 3113
3 3123 2766 2764
3 3125 3124 2767
3 2766 3125 2767
3 3123 3125 2766
3 3127 3126 3124
3 3127 3124 3125
3 3129 3128 3126
3 3129 3126 3127
3 3131 3130 3128
3 3131 3128 3129
3 3132 3130 3131
3 3133 3118 2755
3 3133 2755 2768
3 3134 2768 2769
3 3134 3133 2768
3 2769 2771 3134
3 3134 2771 3135
3 3137 2772 3136
3 2772 3120 3136
3 2772 2757 3120
3 3136 3122 3137
3 3122 2773 3137
3 3122 2760 2773
3 3124 2774 2767
3 2774 3124 2775
3 2775 3124 3126
3 2775 3126 2776
3 2776 3126 3128
3 2776 3128 2777
3 2777 3128 3130
3 3132 3138 3130
3 3138 2777 3130
3 3138 2779 2777
3 2780 2779 3138
3 2780 3138 3139
3 3142 3141 3140
3 2782 2783 3140
3 3141 2782 3140
3 3143 2782 3141
3 2782 3144 2785
3 3143 3144 2782
3 2785 3145 2787
3 3144 3145 2785
3 2787 3146 2789
3 3145 3146 2787
3 3148 3147 2790
3 2789 3148 2790
3 3146 3148 2789
3 3150 3149 3147
3 3150 3147 3148
3 3152 3151 3149
3 3152 3149 3150
3 3153 3151 3152
3 3154 3135 2771
3 3154 2771 2791
3 3155 2791 2792
3 3155 3154 2791
3 2792 2794 3155
3 3155 2794 3156
3 3137 2795 2772
3 2795 3137 2773
3 3139 3157 2780
3 2780 3157 2797
3 2797 3158 2799
3 3157 3158 2797
3 3140 2800 3142
3 2800 3158 3142
3 2800 2799 3158
3 2800 3140 2783
3 3147 2801 2790
3 2801 3147 2802
3 2802 3147 3149
3 2802 3149 2804
3 2804 3149 3151
3 3153 3159 3151
3 3159 2804 3151
3 3159 2806 2804
3 3161 3160 2807
3 2806 3161 2807
3 3159 3161 2806
3 3162 3160 3161
3 3163 3156 2794
3 3163 2794 2808
3 3164 2808 2809
3 3164 3163 2808
3 3165 2809 2810
3 3165 3164 2809
3 3166 2810 2811
3 3166 3165 2810
3 2811 2813 3166
3 3166 2813 3167
3 3160 2814 2807
3 3162 3168 3160
3 3168 2814 3160
3 3168 2816 2814
3 3170 3169 2817
3 2816 3170 2817
3 3168 3170 2816
3 3172 3171 3169
3 3172 3169 3170
3 3173 3171 3172
3 3174 3167 2813
3 3174 2813 2818
3 2818 2820 3174
3 3174 2820 3175
3 3169 2821 2817
3 2821 3169 2823
3 2823 3169 3171
3 3177 3176 2824
3 3177 2824 2823
3 3173 3177 2823
3 3171 3173 2823
3 3179 3178 3176
3 3179 3176 3177
3 3181 3180 3178
3 3181 3178 3179
3 3183 3182 3180
3 3183 3180 3181
3 3184 3182 3183
3 2820 2825 3185
3 3186 2820 3185
3 3175 2820 3186
3 2827 3185 2825
3 3176 2828 2824
3 2828 3176 2829
3 2829 3176 3178
3 2829 3178 2830
3 2830 3178 3180
3 2830 3180 2831
3 2831 3180 3182
3 3184 3187 3182
3 3187 2831 3182
3 3187 2832 2831
3 3189 3188 2833
3 2832 3189 2833
3 3187 3189 2832
3 3191 3190 3188
3 3191 3188 3189
3 2834 2835 3190
3 3191 2834 3190
3 3192 2834 3191
3 2834 3193 2836
3 3192 3193 2834
3 3195 3194 2837
3 2836 3195 2837
3 3193 3195 2836
3 3196 3194 3195
3 3197 3186 3185
3 3197 3185 2827
3 2838 3197 2827
3 3198 3197 2838
3 3199 2838 2839
3 3199 3198 2838
3 2839 2841 3199
3 3199 2841 3200
3 3188 2842 2833
3 2842 3188 2843
3 2843 3188 3190
3 2843 3190 2835
3 3194 2844 2837
3 3196 3201 3194
3 3201 2844 3194
3 3201 2846 2844
3 2847 2846 3201
3 2847 3201 3202
3 3205 3204 3203
3 3206 3203 3204
3 3207 3200 2841
3 3207 2841 2848
3 3208 2848 2849
3 3208 3207 2848
3 3209 2849 2851
3 3209 3208 2849
3 2851 2853 3209
3 3209 2853 3210
3 3202 3211 2847
3 2847 3211 2855
3 2855 3212 2856
3 3211 3212 2855
3 3203 2857 3205
3 2857 3212 3205
3 2857 2856 3212
3 3206 3213 3203
3 3213 2857 3203
3 3213 2858 2857
3 2858 3214 2859
3 3213 3214 2858
3 2859 3215 2860
3 3214 3215 2859
3 2860 3216 2861
3 3215 3216 2860
3 2861 3217 2863
3 3216 3217 2861
3 3219 3218 2864
3 2863 3219 2864
3 3217 3219 2863
3 3220 3218 3219
3 3221 3210 2853
3 3221 2853 2865
3 3223 3221 3222
3 3221 2866 3222
3 3221 2865 2866
3 2868 3222 2866
3 3224 2870 2871
3 3224 2871 3225
3 2871 3226 3225
3 2871 2872 3226
3 2872 2873 3226
3 3226 2873 3227
3 3218 2874 2864
3 3220 3228 3218
3 3228 2874 3218
3 3228 2876 2874
3 2877 2876 3228
3 2877 3228 3229
3 3230 3223 3222
3 3230 3222 2868
3 2878 3230 2868
3 3231 3230 2878
3 2878 2870 3224
3 3232 2878 3224
3 3231 2878 3232
3 3232 3224 3225
3 3233 3227 2873
3 3233 2873 2879
3 3234 2879 2880
3 3234 3233 2879
3 3235 2880 2881
3 3235 3234 2880
3 2881 2882 3235
3 3235 2882 3236
3 3229 3237 2877
3 2877 3237 2884
3 3239 3238 2885
3 2884 3239 2885
3 3237 3239 2884
3 3240 3238 3239
3 3241 3236 2882
3 3241 2882 2886
3 2886 2887 3241
3 3241 2887 3242
3 3238 2889 2885
3 3244 3243 2890
3 3244 2890 2889
3 3240 3244 2889
3 3238 3240 2889
3 3246 3245 3243
3 3246 3243 3244
3 3248 3247 3245
3 3248 3245 3246
3 3250 3249 3247
3 3250 3247 3248
3 3251 3249 3250
3 2887 2891 3252
3 3253 2887 3252
3 3242 2887 3253
3 2893 3252 2891
3 3243 2895 2890
3 2895 3243 2896
3 2896 3243 3245
3 2896 3245 2897
3 2897 3245 3247
3 2897 3247 2898
3 2898 3247 3249
3 3251 3254 3249
3 3254 2898 3249
3 3254 2900 2898
3 3256 3255 2901
3 2900 3256 2901
3 3254 3256 2900
3 3257 3255 3256
3 3258 3253 3252
3 3258 3252 2893
3 2902 3258 2893
3 3259 3258 2902
3 3260 2902 2903
3 3260 3259 2902
3 3261 2903 2904
3 3261 3260 2903
3 3262 2904 2905
3 3262 3261 2904
3 3264 3262 3263
3 3262 2906 3263
3 3262 2905 2906
3 2908 3263 2906
3 3255 2909 2901
3 3257 3265 3255
3 3265 2909 3255
3 3265 2911 2909
3 3267 3266 2912
3 2911 3267 2912
3 3265 3267 2911
3 3268 3266 3267
3 3269 3264 3263
3 3269 3263 2908
3 2913 3269 2908
3 3270 3269 2913
3 2913 2914 3270
3 3270 2914 3271
3 3266 2915 2912
3 3273 3272 2916
3 3273 2916 2915
3 3268 3273 2915
3 3266 3268 2915
3 3274 3272 3273
3 3275 3271 2914
3 3275 2914 2917
3 2917 2918 3275
3 3275 2918 3276
3 3272 2919 2916
3 3278 3277 2920
3 3278 2920 2919
3 3274 3278 2919
3 3272 3274 2919
3 3280 3279 3277
3 3280 3277 3278
3 3281 3279 3280
3 3282 3276 2918
3 3282 2918 2921
3 2921 2922 3282
3 3282 2922 3283
3 3277 2923 2920
3 2923 3277 2924
3 2924 3277 3279
3 3281 3284 3279
3 3284 2924 3279
3 3284 2926 2924
3 3286 3285 2927
3 2926 3286 2927
3 3284 3286 2926
3 3287 3285 3286
3 3288 3283 2922
3 3288 2922 2928
3 3289 2928 2929
3 3289 3288 2928
3 3290 2929 2930
3 3290 3289 2929
3 2930 2931 3290
3 3290 2931 3291
3 3285 2932 2927
3 3287 3292 3285
3 3292 2932 3285
3 3292 2934 2932
3 3294 3293 2935
3 2934 3294 2935
3 3292 3294 2934
3 3295 3293 3294
3 3296 3291 2931
3 3296 2931 2936
3 3297 2936 2937
3 3297 3296 2936
3 3299 3297 3298
3 3297 2939 3298
3 3297 2937 2939
3 3293 2941 2935
3 3295 3300 3293
3 3300 2941 3293
3 3300 2943 2941
3 3302 3301 2944
3 2943 3302 2944
3 3300 3302 2943
3 3304 3303 3301
3 3304 3301 3302
3 3305 3303 3304
3 3306 3299 3298
3 3301 2945 2944
3 2945 3301 2946
3 2946 3301 3303
3 3305 3307 3303
3 3307 2946 3303
3 3307 2948 2946
3 3309 3308 2949
3 2948 3309 2949
3 3307 3309 2948
3 3310 3308 3309
3 3313 3312 3311
3 3315 3314 3311
3 3315 3311 3312
3 3308 2950 2949
3 3317 3316 2951
3 3317 2951 2950
3 3310 3317 2950
3 3308 3310 2950
3 3319 3318 3316
3 3319 3316 3317
3 3318 3319 3313
3 3318 3313 3311
3 2953 3318 3311
3 2952 2953 3311
3 2952 3311 2954
3 2954 3311 3314
3 3321 3320 2956
3 2956 3320 2955
3 3322 2956 2957
3 3322 3321 2956
3 2957 2958 3322
3 3322 2958 3323
3 3325 3324 2960
3 2960 3324 2959
3 2960 2955 3320
3 2960 3320 3325
3 3326 3323 2958
3 3326 2958 2961
3 3328 3326 3327
3 3326 2962 3327
3 3326 2961 2962
3 2963 3327 2962
3 3330 3329 2965
3 2965 3329 2964
3 3331 2965 2966
3 3331 3330 2965
3 3332 2966 2967
3 3332 3331 2966
3 3333 2967 2968
3 3333 3332 2967
3 3334 2968 2969
3 3334 3333 2968
3 3335 2969 2970
3 3335 3334 2969
3 3336 2970 2971
3 3336 3335 2970
3 2971 2959 3324
3 2971 3324 3336
3 3337 3328 3327
3 3339 3337 3338
3 3338 3337 2972
3 3337 3327 2972
3 3327 2963 2972
3 2973 3338 2972
3 3341 3340 2975
3 2975 3340 2974
3 3342 2975 2976
3 3342 3341 2975
3 2976 2964 3329
3 2976 3329 3342
3 3343 3339 3338
3 3338 2973 3343
3 2973 3344 3343
3 2973 2977 3344
3 3346 3345 2979
3 2979 3345 2978
3 2979 2974 3340
3 2979 3340 3346
3 3347 3344 2977
3 3347 2977 2980
3 2980 2981 3347
3 3347 2981 3348
3 3350 3349 2983
3 2983 3349 2982
3 2983 2978 3345
3 2983 3345 3350
3 3351 3348 2981
3 3351 2981 2984
3 2984 2985 3351
3 3351 2985 3352
3 3354 3353 2987
3 2987 3353 2986
3 2987 2982 3349
3 2987 3349 3354
3 3355 3352 2985
3 3355 2985 2988
3 3357 3355 3356
3 3355 2989 3356
3 3355 2988 2989
3 2990 3356 2989
3 3359 3358 2992
3 2992 3358 2991
3 2992 2986 3353
3 2992 3353 3359
3 3360 3357 3356
3 3362 3360 3361
3 3361 3360 2993
3 3360 3356 2993
3 3356 2990 2993
3 2994 3361 2993
3 3364 3363 2996
3 2996 3363 2995
3 2996 2991 3358
3 2996 3358 3364
3 3365 3362 3361
3 3361 2994 3365
3 2994 3366 3365
3 2994 2998 3366
3 3368 3367 3000
3 3000 3367 2999
3 3000 2995 3363
3 3000 3363 3368
3 3369 3366 2998
3 3369 2998 3001
3 3371 3369 3370
3 3369 3002 3370
3 3369 3001 3002
3 3003 3370 3002
3 3367 3372 2999
3 2999 3372 3004
3 3005 3004 3372
3 3005 3372 3373
3 3374 3371 3370
3 3370 3003 3374
3 3003 3375 3374
3 3003 3006 3375
3 3373 3376 3005
3 3005 3376 3007
3 3008 3007 3376
3 3008 3376 3377
3 3378 3375 3006
3 3378 3006 3009
3 3009 3010 3378
3 3378 3010 3379
3 3377 3380 3008
3 3008 3380 3011
3 3012 3011 3380
3 3012 3380 3381
3 3382 3379 3010
3 3382 3010 3013
3 3013 3014 3382
3 3382 3014 3383
3 3381 3384 3012
3 3012 3384 3015
3 3016 3015 3384
3 3016 3384 3385
3 3386 3383 3014
3 3386 3014 3017
3 3017 3019 3386
3 3386 3019 3387
3 3388 3021 3022
3 3388 3022 3389
3 3022 3390 3389
3 3022 3023 3390
3 3023 3024 3390
3 3390 3024 3391
3 3385 3392 3016
3 3016 3392 3025
3 3026 3025 3392
3 3026 3392 3393
3 3394 3387 3019
3 3394 3019 3027
3 3396 3394 3395
3 3394 3028 3395
3 3394 3027 3028
3 3029 3395 3028
3 3397 3030 3388
3 3388 3030 3021
3 3388 3389 3398
3 3388 3398 3397
3 3024 3031 3399
3 3400 3024 3399
3 3391 3024 3400
3 3032 3399 3031
3 3393 3401 3026
3 3026 3401 3033
3 3034 3033 3401
3 3034 3401 3402
3 3403 3396 3395
3 3403 3395 3029
3 3035 3403 3029
3 3404 3403 3035
3 3405 3035 3036
3 3405 3404 3035
3 3407 3405 3406
3 3405 3037 3406
3 3405 3036 3037
3 3038 3406 3037
3 3408 3040 3397
3 3397 3040 3030
3 3397 3398 3409
3 3397 3409 3408
3 3400 3399 3410
3 3400 3410 3411
3 3041 3410 3032
3 3032 3410 3399
3 3402 3412 3034
3 3034 3412 3042
3 3043 3042 3412
3 3043 3412 3413
3 3414 3407 3406
3 3414 3406 3038
3 3044 3414 3038
3 3415 3414 3044
3 3416 3044 3045
3 3416 3415 3044
3 3418 3416 3417
3 3416 3046 3417
3 3416 3045 3046
3 3047 3419 3046
3 3046 3419 3417
3 3040 3408 3047
3 3408 3419 3047
3 3408 3420 3419
3 3408 3409 3421
3 3422 3408 3421
3 3420 3408 3422
3 3422 3421 3411
3 3422 3411 3410
3 3049 3422 3410
3 3048 3049 3410
3 3048 3410 3041
3 3413 3423 3043
3 3043 3423 3050
3 3051 3050 3423
3 3051 3423 3424
3 3427 3426 3425
3 3429 3428 3425
3 3429 3425 3426
3 3431 3430 3428
3 3431 3428 3429
3 3432 3430 3431
3 3433 3418 3417
3 3433 3417 3419
3 3433 3419 3434
3 3434 3419 3420
3 3434 3420 3435
3 3053 3436 3052
3 3436 3420 3052
3 3420 3422 3052
3 3436 3435 3420
3 3052 3422 3049
3 3424 3437 3051
3 3051 3437 3054
3 3055 3054 3437
3 3055 3437 3438
3 3427 3425 3439
3 3427 3439 3440
3 3058 3439 3057
3 3439 3428 3057
3 3439 3425 3428
3 3057 3428 3059
3 3428 3441 3059
3 3428 3430 3441
3 3430 3432 3442
3 3443 3430 3442
3 3441 3430 3443
3 3444 3443 3442
3 3445 3436 3053
3 3445 3053 3060
3 3060 3061 3445
3 3445 3061 3446
3 3438 3447 3055
3 3055 3447 3062
3 3439 3448 3063
3 3447 3439 3063
3 3062 3447 3063
3 3440 3439 3447
3 3065 3448 3058
3 3058 3448 3439
3 3441 3066 3059
3 3066 3441 3068
3 3441 3449 3068
3 3441 3443 3449
3 3443 3444 3450
3 3443 3450 3449
3 3451 3446 3061
3 3451 3061 3069
3 3069 3070 3451
3 3451 3070 3452
3 3448 3071 3063
3 3074 3071 3453
3 3071 3448 3453
3 3065 3073 3453
3 3065 3453 3448
3 3075 3454 3073
3 3073 3454 3453
3 3068 3449 3075
3 3449 3454 3075
3 3449 3455 3454
3 3449 3450 3456
3 3449 3456 3455
3 3457 3452 3070
3 3457 3070 3076
3 3076 3077 3457
3 3457 3077 3458
3 3460 3459 3453
3 3459 3074 3453
3 3459 3078 3074
3 3460 3453 3454
3 3460 3454 3461
3 3461 3454 3455
3 3461 3455 3462
3 3462 3455 3456
3 3463 3458 3077
3 3463 3077 3079
3 3464 3079 3080
3 3464 3463 3079
3 3465 3080 3081
3 3465 3464 3080
3 3467 3465 3466
3 3465 3082 3466
3 3465 3081 3082
3 3083 3466 3082
3 3459 3468 3078
3 3078 3468 3084
3 3085 3084 3468
3 3085 3468 3469
3 3470 3467 3466
3 3470 3466 3083
3 3086 3470 3083
3 3471 3470 3086
3 3086 3087 3471
3 3471 3087 3472
3 3469 3473 3085
3 3085 3473 3088
3 3089 3088 3473
3 3089 3473 3474
3 3475 3472 3087
3 3475 3087 3090
3 3090 3091 3475
3 3475 3091 3476
3 3474 3092 3089
3 3477 3092 3474
3 3480 3479 3478
3 3094 3095 3478
3 3479 3094 3478
3 3481 3094 3479
3 3094 3482 3097
3 3481 3482 3094
3 3484 3483 3098
3 3097 3484 3098
3 3482 3484 3097
3 3486 3485 3483
3 3486 3483 3484
3 3487 3485 3486
3 3488 3476 3091
3 3488 3091 3099
3 3489 3099 3100
3 3489 3488 3099
3 3100 3101 3489
3 3489 3101 3490
3 3477 3491 3092
3 3092 3491 3102
3 3103 3102 3491
3 3103 3491 3492
3 3495 3494 3493
3 3105 3106 3493
3 3494 3105 3493
3 3496 3105 3494
3 3105 3497 3108
3 3496 3497 3105
3 3478 3109 3480
3 3109 3497 3480
3 3109 3108 3497
3 3109 3478 3095
3 3483 3110 3098
3 3110 3483 3112
3 3112 3483 3485
3 3487 3498 3485
3 3498 3112 3485
3 3498 3114 3112
3 3500 3499 3115
3 3114 3500 3115
3 3498 3500 3114
3 3502 3501 3499
3 3502 3499 3500
3 3503 3501 3502
3 3504 3490 3101
3 3504 3101 3116
3 3505 3116 3117
3 3505 3504 3116
3 3117 3118 3505
3 3505 3118 3506
3 3492 3507 3103
3 3103 3507 3119
3 3509 3508 3120
3 3119 3509 3120
3 3507 3509 3119
3 3508 3509 3495
3 3508 3495 3493
3 3122 3508 3493
3 3121 3122 3493
3 3121 3493 3106
3 3499 3123 3115
3 3123 3499 3125
3 3125 3499 3501
3 3503 3510 3501
3 3510 3125 3501
3 3510 3127 3125
3 3127 3511 3129
3 3510 3511 3127
3 3129 3512 3131
3 3511 3512 3129
3 3514 3513 3132
3 3131 3514 3132
3 3512 3514 3131
3 3515 3513 3514
3 3518 3517 3516
3 3520 3519 3516
3 3520 3516 3517
3 3522 3521 3519
3 3522 3519 3520
3 3524 3523 3521
3 3524 3521 3522
3 3526 3525 3523
3 3526 3523 3524
3 3528 3527 3525
3 3528 3525 3526
3 3530 3529 3527
3 3530 3527 3528
3 3531 3529 3530
3 3532 3506 3118
3 3532 3118 3133
3 3533 3133 3134
3 3533 3532 3133
3 3134 3135 3533
3 3533 3135 3534
3 3508 3136 3120
3 3136 3508 3122
3 3513 3138 3132
3 3536 3535 3139
3 3536 3139 3138
3 3515 3536 3138
3 3513 3515 3138
3 3538 3537 3535
3 3538 3535 3536
3 3537 3538 3518
3 3537 3518 3516
3 3142 3537 3516
3 3141 3142 3516
3 3141 3516 3143
3 3143 3516 3519
3 3143 3519 3144
3 3144 3519 3521
3 3144 3521 3145
3 3145 3521 3523
3 3145 3523 3146
3 3146 3523 3525
3 3146 3525 3148
3 3148 3525 3527
3 3148 3527 3150
3 3150 3527 3529
3 3531 3539 3529
3 3539 3150 3529
3 3539 3152 3150
3 3541 3540 3153
3 3152 3541 3153
3 3539 3541 3152
3 3543 3542 3540
3 3543 3540 3541
3 3544 3542 3543
3 3545 3534 3135
3 3545 3135 3154
3 3546 3154 3155
3 3546 3545 3154
3 3155 3156 3546
3 3546 3156 3547
3 3535 3157 3139
3 3157 3535 3158
3 3158 3535 3537
3 3158 3537 3142
3 3540 3159 3153
3 3159 3540 3161
3 3161 3540 3542
3 3549 3548 3162
3 3549 3162 3161
3 3544 3549 3161
3 3542 3544 3161
3 3551 3550 3548
3 3551 3548 3549
3 3552 3550 3551
3 3553 3547 3156
3 3553 3156 3163
3 3554 3163 3164
3 3554 3553 3163
3 3555 3164 3165
3 3555 3554 3164
3 3556 3165 3166
3 3556 3555 3165
3 3166 3167 3556
3 3556 3167 3557
3 3548 3168 3162
3 3168 3548 3170
3 3170 3548 3550
3 3552 3558 3550
3 3558 3170 3550
3 3558 3172 3170
3 3560 3559 3173
3 3172 3560 3173
3 3558 3560 3172
3 3562 3561 3559
3 3562 3559 3560
3 3563 3561 3562
3 3167 3174 3564
3 3565 3167 3564
3 3557 3167 3565
3 3175 3564 3174
3 3559 3177 3173
3 3177 3559 3179
3 3179 3559 3561
3 3563 3566 3561
3 3566 3179 3561
3 3566 3181 3179
3 3181 3567 3183
3 3566 3567 3181
3 3569 3568 3184
3 3183 3569 3184
3 3567 3569 3183
3 3571 3570 3568
3 3571 3568 3569
3 3573 3572 3570
3 3573 3570 3571
3 3575 3574 3572
3 3575 3572 3573
3 3577 3576 3574
3 3577 3574 3575
3 3579 3578 3576
3 3579 3576 3577
3 3580 3578 3579
3 3581 3565 3564
3 3564 3175 3581
3 3175 3582 3581
3 3175 3186 3582
3 3568 3187 3184
3 3187 3568 3189
3 3189 3568 3570
3 3189 3570 3191
3 3191 3570 3572
3 3191 3572 3192
3 3192 3572 3574
3 3192 3574 3193
3 3193 3574 3576
3 3193 3576 3195
3 3195 3576 3578
3 3584 3583 3196
3 3584 3196 3195
3 3580 3584 3195
3 3578 3580 3195
3 3585 3583 3584
3 3186 3197 3586
3 3587 3186 3586
3 3582 3186 3587
3 3198 3588 3197
3 3197 3588 3586
3 3588 3198 3589
3 3198 3590 3589
3 3198 3199 3590
3 3199 3200 3590
3 3590 3200 3591
3 3583 3201 3196
3 3593 3592 3202
3 3593 3202 3201
3 3585 3593 3201
3 3583 3585 3201
3 3595 3594 3592
3 3595 3592 3593
3 3204 3205 3594
3 3595 3204 3594
3 3596 3204 3595
3 3598 3597 3206
3 3204 3598 3206
3 3596 3598 3204
3 3600 3599 3597
3 3600 3597 3598
3 3602 3601 3599
3 3602 3599 3600
3 3601 3602 3587
3 3586 3601 3587
3 3603 3601 3586
3 3604 3586 3588
3 3603 3586 3604
3 3588 3589 3605
3 3606 3588 3605
3 3604 3588 3606
3 3608 3607 3207
3 3607 3609 3207
3 3606 3207 3609
3 3207 3606 3200
3 3605 3200 3606
3 3200 3605 3607
3 3607 3591 3200
3 3608 3591 3607
3 3607 3605 3609
3 3610 3207 3208
3 3610 3608 3207
3 3612 3610 3611
3 3610 3209 3611
3 3610 3208 3209
3 3210 3611 3209
3 3592 3211 3202
3 3211 3592 3212
3 3212 3592 3594
3 3212 3594 3205
3 3597 3213 3206
3 3213 3597 3214
3 3214 3597 3599
3 3214 3599 3215
3 3215 3599 3601
3 3215 3601 3216
3 3216 3601 3603
3 3216 3603 3217
3 3217 3603 3604
3 3217 3604 3219
3 3219 3604 3606
3 3614 3613 3220
3 3614 3220 3219
3 3609 3614 3219
3 3606 3609 3219
3 3615 3613 3614
3 3616 3612 3611
3 3616 3611 3210
3 3221 3616 3210
3 3617 3616 3221
3 3221 3223 3617
3 3617 3223 3618
3 3619 3225 3226
3 3227 3619 3226
3 3613 3228 3220
3 3621 3620 3229
3 3621 3229 3228
3 3615 3621 3228
3 3613 3615 3228
3 3623 3622 3620
3 3623 3620 3621
3 3625 3624 3622
3 3625 3622 3623
3 3626 3624 3230
3 3624 3618 3230
3 3618 3223 3230
3 3618 3624 3625
3 3231 3627 3230
3 3230 3627 3626
3 3232 3628 3231
3 3231 3628 3627
3 3225 3619 3232
3 3619 3628 3232
3 3619 3629 3628
3 3233 3630 3227
3 3630 3619 3227
3 3630 3629 3619
3 3234 3631 3233
3 3233 3631 3630
3 3631 3234 3632
3 3234 3633 3632
3 3234 3235 3633
3 3235 3236 3633
3 3633 3236 3634
3 3620 3237 3229
3 3237 3620 3239
3 3239 3620 3622
3 3239 3622 3240
3 3622 3635 3240
3 3622 3624 3635
3 3636 3624 3626
3 3635 3624 3636
3 3637 3626 3627
3 3636 3626 3637
3 3638 3627 3628
3 3637 3627 3638
3 3639 3628 3629
3 3638 3628 3639
3 3630 3641 3640
3 3639 3630 3640
3 3629 3630 3639
3 3641 3630 3631
3 3641 3631 3642
3 3642 3631 3632
3 3236 3241 3643
3 3644 3236 3643
3 3634 3236 3644
3 3242 3643 3241
3 3635 3244 3240
3 3244 3635 3246
3 3246 3635 3636
3 3246 3636 3248
3 3248 3636 3637
3 3248 3637 3250
3 3250 3637 3638
3 3250 3638 3251
3 3638 3645 3251
3 3638 3639 3645
3 3639 3640 3646
3 3647 3639 3646
3 3645 3639 3647
3 3648 3647 3646
3 3649 3644 3643
3 3643 3242 3649
3 3242 3650 3649
3 3242 3253 3650
3 3645 3254 3251
3 3254 3645 3256
3 3256 3645 3647
3 3652 3651 3257
3 3652 3257 3256
3 3648 3652 3256
3 3647 3648 3256
3 3654 3653 3651
3 3654 3651 3652
3 3656 3655 3653
3 3656 3653 3654
3 3657 3655 3258
3 3655 3650 3258
3 3650 3253 3258
3 3650 3655 3656
3 3259 3658 3258
3 3258 3658 3657
3 3658 3259 3659
3 3259 3660 3659
3 3259 3260 3660
3 3661 3260 3261
3 3661 3660 3260
3 3662 3261 3262
3 3662 3661 3261
3 3262 3264 3662
3 3662 3264 3663
3 3651 3265 3257
3 3265 3651 3267
3 3267 3651 3653
3 3267 3653 3268
3 3653 3664 3268
3 3653 3655 3664
3 3665 3655 3657
3 3664 3655 3665
3 3666 3657 3658
3 3665 3657 3666
3 3658 3659 3667
3 3658 3667 3666
3 3668 3663 3264
3 3668 3264 3269
3 3669 3269 3270
3 3669 3668 3269
3 3270 3271 3669
3 3669 3271 3670
3 3664 3273 3268
3 3273 3664 3274
3 3664 3671 3274
3 3664 3665 3671
3 3672 3665 3666
3 3671 3665 3672
3 3666 3667 3673
3 3666 3673 3672
3 3674 3670 3271
3 3674 3271 3275
3 3275 3276 3674
3 3674 3276 3675
3 3671 3278 3274
3 3278 3671 3280
3 3280 3671 3672
3 3677 3676 3281
3 3677 3281 3280
3 3673 3677 3280
3 3672 3673 3280
3 3679 3678 3676
3 3679 3676 3677
3 3680 3678 3679
3 3276 3282 3681
3 3682 3276 3681
3 3675 3276 3682
3 3283 3681 3282
3 3676 3284 3281
3 3284 3676 3286
3 3286 3676 3678
3 3684 3683 3287
3 3684 3287 3286
3 3680 3684 3286
3 3678 3680 3286
3 3686 3685 3683
3 3686 3683 3684
3 3687 3685 3686
3 3682 3681 3688
3 3682 3688 3689
3 3688 3681 3283
3 3690 3688 3283
3 3288 3690 3283
3 3691 3688 3690
3 3693 3690 3692
3 3690 3289 3692
3 3690 3288 3289
3 3290 3694 3289
3 3289 3694 3692
3 3291 3694 3290
3 3683 3292 3287
3 3292 3683 3294
3 3294 3683 3685
3 3696 3695 3295
3 3696 3295 3294
3 3687 3696 3294
3 3685 3687 3294
3 3698 3697 3695
3 3698 3695 3696
3 3697 3698 3689
3 3688 3697 3689
3 3699 3697 3688
3 3688 3691 3700
3 3701 3688 3700
3 3699 3688 3701
3 3693 3692 3702
3 3700 3703 3701
3 3702 3692 3694
3 3702 3694 3704
3 3704 3694 3291
3 3296 3704 3291
3 3705 3704 3296
3 3707 3705 3706
3 3705 3297 3706
3 3705 3296 3297
3 3299 3706 3297
3 3695 3300 3295
3 3300 3695 3302
3 3302 3695 3697
3 3302 3697 3304
3 3304 3697 3699
3 3304 3699 3305
3 3699 3708 3305
3 3699 3701 3708
3 3701 3703 3709
3 3710 3701 3709
3 3708 3701 3710
3 3711 3710 3709
3 3712 3707 3706
3 3714 3712 3713
3 3713 3712 3306
3 3712 3706 3306
3 3706 3299 3306
3 3708 3307 3305
3 3307 3708 3309
3 3309 3708 3710
3 3716 3715 3310
3 3716 3310 3309
3 3711 3716 3309
3 3710 3711 3309
3 3717 3715 3716
3 3719 3718 3312
3 3719 3312 3313
3 3713 3315 3714
3 3315 3718 3714
3 3315 3312 3718
3 3715 3317 3310
3 3717 3720 3715
3 3720 3317 3715
3 3720 3319 3317
3 3313 3319 3719
3 3719 3319 3720
3 3722 3721 3321
3 3321 3721 3320
3 3724 3722 3723
3 3722 3322 3723
3 3722 3321 3322
3 3323 3723 3322
3 3726 3725 3325
3 3325 3725 3324
3 3325 3320 3721
3 3325 3721 3726
3 3727 3724 3723
3 3727 3723 3323
3 3326 3727 3323
3 3728 3727 3326
3 3326 3328 3728
3 3728 3328 3729
3 3731 3730 3330
3 3330 3730 3329
3 3732 3330 3331
3 3732 3731 3330
3 3733 3331 3332
3 3733 3732 3331
3 3734 3332 3333
3 3734 3733 3332
3 3735 3333 3334
3 3735 3734 3333
3 3736 3334 3335
3 3736 3735 3334
3 3737 3335 3336
3 3737 3736 3335
3 3336 3324 3725
3 3336 3725 3737
3 3738 3729 3328
3 3738 3328 3337
3 3337 3339 3738
3 3738 3339 3739
3 3741 3740 3341
3 3341 3740 3340
3 3742 3341 3342
3 3742 3741 3341
3 3342 3329 3730
3 3342 3730 3742
3 3743 3739 3339
3 3743 3339 3343
3 3343 3344 3743
3 3743 3344 3744
3 3746 3745 3346
3 3346 3745 3345
3 3346 3340 3740
3 3346 3740 3746
3 3344 3347 3747
3 3748 3344 3747
3 3744 3344 3748
3 3348 3747 3347
3 3750 3749 3350
3 3350 3749 3349
3 3350 3345 3745
3 3350 3745 3750
3 3753 3752 3751
3 3754 3751 3752
3 3755 3748 3747
3 3757 3755 3756
3 3756 3755 3351
3 3755 3747 3351
3 3747 3348 3351
3 3352 3756 3351
3 3759 3758 3354
3 3354 3758 3353
3 3354 3349 3749
3 3354 3749 3759
3 3753 3751 3760
3 3753 3760 3761
3 3751 3754 3762
3 3763 3751 3762
3 3760 3751 3763
3 3764 3763 3762
3 3765 3757 3756
3 3767 3765 3766
3 3766 3765 3355
3 3765 3756 3355
3 3756 3352 3355
3 3357 3766 3355
3 3769 3768 3359
3 3359 3768 3358
3 3359 3353 3758
3 3359 3758 3769
3 3761 3760 3770
3 3761 3770 3771
3 3772 3760 3763
3 3770 3760 3772
3 3763 3764 3773
3 3774 3763 3773
3 3772 3763 3774
3 3775 3774 3773
3 3776 3767 3766
3 3776 3766 3357
3 3360 3776 3357
3 3777 3776 3360
3 3360 3362 3777
3 3777 3362 3778
3 3780 3779 3364
3 3364 3779 3363
3 3364 3358 3768
3 3364 3768 3780
3 3781 3771 3770
3 3783 3782 3781
3 3770 3783 3781
3 3772 3783 3770
3 3784 3772 3774
3 3783 3772 3784
3 3774 3775 3785
3 3786 3774 3785
3 3784 3774 3786
3 3787 3786 3785
3 3788 3778 3362
3 3788 3362 3365
3 3365 3366 3788
3 3788 3366 3789
3 3791 3790 3368
3 3368 3790 3367
3 3368 3363 3779
3 3368 3779 3791
3 3782 3783 3792
3 3782 3792 3793
3 3794 3783 3784
3 3792 3783 3794
3 3795 3784 3786
3 3794 3784 3795
3 3786 3787 3796
3 3786 3796 3795
3 3797 3789 3366
3 3797 3366 3369
3 3369 3371 3797
3 3797 3371 3798
3 3790 3799 3367
3 3367 3799 3372
3 3373 3372 3799
3 3373 3799 3800
3 3803 3802 3801
3 3801 3802 3793
3 3792 3801 3793
3 3804 3801 3792
3 3805 3792 3794
3 3804 3792 3805
3 3806 3794 3795
3 3805 3794 3806
3 3795 3796 3807
3 3808 3795 3807
3 3806 3795 3808
3 3809 3808 3807
3 3810 3798 3371
3 3810 3371 3374
3 3374 3375 3810
3 3810 3375 3811
3 3800 3812 3373
3 3373 3812 3376
3 3377 3376 3812
3 3377 3812 3813
3 3814 3803 3801
3 3816 3815 3814
3 3801 3816 3814
3 3804 3816 3801
3 3817 3804 3805
3 3816 3804 3817
3 3818 3805 3806
3 3817 3805 3818
3 3819 3806 3808
3 3818 3806 3819
3 3808 3809 3820
3 3808 3820 3819
3 3821 3811 3375
3 3821 3375 3378
3 3378 3379 3821
3 3821 3379 3822
3 3813 3823 3377
3 3377 3823 3380
3 3381 3380 3823
3 3381 3823 3824
3 3825 3815 3816
3 3825 3816 3817
3 3825 3817 3826
3 3828 3827 3826
3 3817 3828 3826
3 3818 3828 3817
3 3829 3818 3819
3 3828 3818 3829
3 3819 3820 3830
3 3831 3819 3830
3 3829 3819 3831
3 3832 3831 3830
3 3833 3822 3379
3 3833 3379 3382
3 3382 3383 3833
3 3833 3383 3834
3 3824 3835 3381
3 3381 3835 3384
3 3385 3384 3835
3 3385 3835 3836
3 3837 3827 3828
3 3837 3828 3829
3 3837 3829 3838
3 3840 3839 3838
3 3829 3840 3838
3 3831 3840 3829
3 3831 3832 3841
3 3831 3841 3840
3 3383 3386 3842
3 3843 3383 3842
3 3834 3383 3843
3 3387 3842 3386
3 3844 3389 3390
3 3391 3844 3390
3 3836 3845 3385
3 3385 3845 3392
3 3393 3392 3845
3 3393 3845 3846
3 3847 3839 3840
3 3847 3840 3841
3 3848 3843 3842
3 3848 3842 3387
3 3394 3848 3387
3 3849 3848 3394
3 3394 3396 3849
3 3849 3396 3850
3 3852 3851 3844
3 3851 3389 3844
3 3851 3398 3389
3 3844 3391 3852
3 3391 3853 3852
3 3391 3400 3853
3 3846 3854 3393
3 3393 3854 3401
3 3402 3401 3854
3 3402 3854 3855
3 3858 3857 3856
3 3859 3856 3857
3 3860 3850 3396
3 3860 3396 3403
3 3862 3860 3861
3 3860 3404 3861
3 3860 3403 3404
3 3405 3863 3404
3 3404 3863 3861
3 3407 3863 3405
3 3865 3409 3864
3 3409 3851 3864
3 3409 3398 3851
3 3864 3853 3865
3 3853 3411 3865
3 3853 3400 3411
3 3855 3866 3402
3 3402 3866 3412
3 3413 3412 3866
3 3413 3866 3867
3 3870 3869 3868
3 3868 3869 3858
3 3856 3868 3858
3 3871 3868 3856
3 3856 3859 3872
3 3873 3856 3872
3 3871 3856 3873
3 3875 3874 3873
3 3875 3873 3872
3 3876 3874 3875
3 3877 3862 3861
3 3879 3878 3877
3 3861 3879 3877
3 3863 3879 3861
3 3414 3880 3407
3 3880 3863 3407
3 3880 3879 3863
3 3415 3881 3414
3 3414 3881 3880
3 3416 3882 3415
3 3415 3882 3881
3 3418 3882 3416
3 3865 3421 3409
3 3421 3865 3411
3 3867 3883 3413
3 3413 3883 3423
3 3424 3423 3883
3 3424 3883 3884
3 3870 3868 3885
3 3870 3885 3886
3 3427 3885 3426
3 3885 3871 3426
3 3885 3868 3871
3 3426 3871 3429
3 3429 3871 3873
3 3429 3873 3431
3 3431 3873 3874
3 3888 3887 3432
3 3888 3432 3431
3 3876 3888 3431
3 3874 3876 3431
3 3889 3887 3888
3 3890 3878 3879
3 3892 3891 3890
3 3879 3892 3890
3 3880 3892 3879
3 3893 3880 3881
3 3892 3880 3893
3 3894 3881 3882
3 3893 3881 3894
3 3433 3895 3418
3 3895 3882 3418
3 3895 3894 3882
3 3434 3896 3433
3 3433 3896 3895
3 3435 3897 3434
3 3434 3897 3896
3 3436 3897 3435
3 3884 3898 3424
3 3424 3898 3437
3 3885 3899 3438
3 3898 3885 3438
3 3437 3898 3438
3 3886 3885 3898
3 3440 3899 3427
3 3427 3899 3885
3 3887 3442 3432
3 3901 3900 3444
3 3901 3444 3442
3 3889 3901 3442
3 3887 3889 3442
3 3902 3900 3901
3 3903 3891 3892
3 3905 3904 3903
3 3892 3905 3903
3 3893 3905 3892
3 3894 3907 3906
3 3905 3894 3906
3 3893 3894 3905
3 3907 3894 3895
3 3907 3895 3908
3 3908 3895 3896
3 3908 3896 3909
3 3909 3896 3897
3 3909 3897 3910
3 3912 3910 3911
3 3911 3910 3445
3 3910 3897 3445
3 3897 3436 3445
3 3446 3911 3445
3 3899 3447 3438
3 3447 3899 3440
3 3913 3450 3900
3 3900 3450 3444
3 3900 3902 3914
3 3915 3900 3914
3 3913 3900 3915
3 3916 3915 3914
3 3917 3904 3905
3 3917 3905 3906
3 3918 3912 3911
3 3920 3918 3919
3 3919 3918 3451
3 3918 3911 3451
3 3911 3446 3451
3 3452 3919 3451
3 3921 3456 3913
3 3913 3456 3450
3 3915 3923 3922
3 3921 3915 3922
3 3913 3915 3921
3 3923 3915 3916
3 3926 3925 3924
3 3928 3927 3924
3 3928 3924 3925
3 3927 3928 3920
3 3919 3927 3920
3 3929 3927 3919
3 3457 3930 3452
3 3930 3919 3452
3 3930 3929 3919
3 3458 3930 3457
3 3931 3459 3460
3 3461 3932 3460
3 3460 3932 3931
3 3462 3933 3461
3 3461 3933 3932
3 3934 3933 3462
3 3934 3462 3456
3 3935 3934 3456
3 3921 3935 3456
3 3935 3921 3922
3 3936 3926 3924
3 3938 3937 3936
3 3924 3938 3936
3 3927 3938 3924
3 3939 3927 3929
3 3938 3927 3939
3 3930 3941 3940
3 3939 3930 3940
3 3929 3930 3939
3 3941 3930 3458
3 3463 3941 3458
3 3942 3941 3463
3 3944 3942 3943
3 3942 3464 3943
3 3942 3463 3464
3 3465 3945 3464
3 3464 3945 3943
3 3467 3945 3465
3 3931 3468 3459
3 3931 3932 3946
3 3469 3931 3946
3 3947 3469 3946
3 3931 3469 3468
3 3946 3932 3933
3 3946 3933 3948
3 3948 3933 3934
3 3949 3937 3938
3 3949 3938 3939
3 3949 3939 3950
3 3950 3939 3940
3 3951 3944 3943
3 3951 3943 3945
3 3951 3945 3952
3 3952 3945 3467
3 3470 3952 3467
3 3953 3952 3470
3 3954 3470 3471
3 3954 3953 3470
3 3471 3472 3954
3 3954 3472 3955
3 3947 3956 3469
3 3469 3956 3473
3 3474 3473 3956
3 3474 3956 3957
3 3960 3959 3958
3 3962 3961 3958
3 3962 3958 3959
3 3964 3963 3961
3 3964 3961 3962
3 3966 3965 3963
3 3966 3963 3964
3 3967 3965 3966
3 3968 3955 3472
3 3968 3472 3475
3 3475 3476 3968
3 3968 3476 3969
3 3957 3477 3474
3 3970 3477 3957
3 3973 3972 3971
3 3975 3974 3971
3 3975 3971 3972
3 3977 3976 3974
3 3977 3974 3975
3 3979 3978 3976
3 3979 3976 3977
3 3978 3979 3960
3 3978 3960 3958
3 3480 3978 3958
3 3479 3480 3958
3 3479 3958 3481
3 3481 3958 3961
3 3481 3961 3482
3 3482 3961 3963
3 3482 3963 3484
3 3484 3963 3965
3 3967 3980 3965
3 3980 3484 3965
3 3980 3486 3484
3 3982 3981 3487
3 3486 3982 3487
3 3980 3982 3486
3 3984 3983 3981
3 3984 3981 3982
3 3985 3983 3984
3 3986 3969 3476
3 3986 3476 3488
3 3988 3986 3987
3 3986 3489 3987
3 3986 3488 3489
3 3490 3987 3489
3 3970 3989 3477
3 3477 3989 3491
3 3991 3990 3492
3 3491 3991 3492
3 3989 3991 3491
3 3990 3991 3973
3 3971 3990 3973
3 3992 3990 3971
3 3495 3992 3494
3 3992 3974 3494
3 3992 3971 3974
3 3494 3974 3496
3 3496 3974 3976
3 3496 3976 3497
3 3497 3976 3978
3 3497 3978 3480
3 3981 3498 3487
3 3498 3981 3500
3 3500 3981 3983
3 3985 3993 3983
3 3993 3500 3983
3 3993 3502 3500
3 3995 3994 3503
3 3502 3995 3503
3 3993 3995 3502
3 3997 3996 3994
3 3997 3994 3995
3 3999 3998 3996
3 3999 3996 3997
3 4001 4000 3998
3 4001 3998 3999
3 4002 4000 4001
3 4005 4004 4003
3 4007 4006 4003
3 4007 4003 4004
3 4009 4008 4006
3 4009 4006 4007
3 4011 4010 4008
3 4011 4008 4009
3 4013 4012 4010
3 4013 4010 4011
3 4014 4012 4013
3 4015 3988 3987
3 4015 3987 3490
3 3504 4015 3490
3 4016 4015 3504
3 4018 4016 4017
3 4016 3505 4017
3 4016 3504 3505
3 3506 4017 3505
3 3990 3507 3492
3 3507 3990 3509
3 3509 3990 3992
3 3509 3992 3495
3 3994 3510 3503
3 3510 3994 3511
3 3511 3994 3996
3 3511 3996 3512
3 3512 3996 3998
3 3512 3998 3514
3 3514 3998 4000
3 4020 4019 3515
3 4020 3515 3514
3 4002 4020 3514
3 4000 4002 3514
3 4022 4021 4019
3 4022 4019 4020
3 4021 4022 4005
3 4021 4005 4003
3 3518 4021 4003
3 3517 3518 4003
3 3517 4003 3520
3 3520 4003 4006
3 3520 4006 3522
3 3522 4006 4008
3 3522 4008 3524
3 3524 4008 4010
3 3524 4010 3526
3 3526 4010 4012
3 4014 4023 4012
3 4023 3526 4012
3 4023 3528 3526
3 3528 4024 3530
3 4023 4024 3528
3 4026 4025 3531
3 3530 4026 3531
3 4024 4026 3530
3 4028 4027 4025
3 4028 4025 4026
3 4030 4029 4027
3 4030 4027 4028
3 4031 4029 4030
3 4032 4018 4017
3 4032 4017 3506
3 3532 4032 3506
3 4033 4032 3532
3 4035 4033 4034
3 4033 3533 4034
3 4033 3532 3533
3 3534 4034 3533
3 4019 3536 3515
3 3536 4019 3538
3 3538 4019 4021
3 3538 4021 3518
3 4025 3539 3531
3 3539 4025 3541
3 3541 4025 4027
3 3541 4027 3543
3 3543 4027 4029
3 4037 4036 3544
3 4037 3544 3543
3 4031 4037 3543
3 4029 4031 3543
3 4039 4038 4036
3 4039 4036 4037
3 4040 4038 4039
3 4041 4035 4034
3 4043 4041 4042
3 4042 4041 3545
3 4041 4034 3545
3 4034 3534 3545
3 3546 4044 3545
3 3545 4044 4042
3 3547 4044 3546
3 4036 3549 3544
3 3549 4036 3551
3 3551 4036 4038
3 4046 4045 3552
3 4046 3552 3551
3 4040 4046 3551
3 4038 4040 3551
3 4048 4047 4045
3 4048 4045 4046
3 4049 4047 4048
3 4050 4043 4042
3 4050 4042 4044
3 4050 4044 4051
3 4051 4044 3547
3 3553 4051 3547
3 4052 4051 3553
3 4054 4052 4053
3 4052 3554 4053
3 4052 3553 3554
3 3555 4055 3554
3 3554 4055 4053
3 3556 4056 3555
3 3555 4056 4055
3 3557 4056 3556
3 4045 3558 3552
3 3558 4045 3560
3 3560 4045 4047
3 4049 4057 4047
3 4057 3560 4047
3 4057 3562 3560
3 4059 4058 3563
3 3562 4059 3563
3 4057 4059 3562
3 4061 4060 4058
3 4061 4058 4059
3 4063 4062 4060
3 4063 4060 4061
3 4065 4064 4062
3 4065 4062 4063
3 4067 4066 4064
3 4067 4064 4065
3 4069 4068 4066
3 4069 4066 4067
3 4071 4070 4068
3 4071 4068 4069
3 4073 4072 4070
3 4073 4070 4071
3 4074 4072 4073
3 4054 4053 4075
3 4054 4075 4076
3 4077 4053 4055
3 4075 4053 4077
3 4056 4079 4078
3 4077 4056 4078
3 4055 4056 4077
3 4056 3557 4079
3 3557 4080 4079
3 3557 3565 4080
3 4058 3566 3563
3 3566 4058 3567
3 3567 4058 4060
3 3567 4060 3569
3 3569 4060 4062
3 3569 4062 3571
3 3571 4062 4064
3 3571 4064 3573
3 3573 4064 4066
3 3573 4066 3575
3 3575 4066 4068
3 3575 4068 3577
3 3577 4068 4070
3 3577 4070 3579
3 3579 4070 4072
3 4082 4081 3580
3 4082 3580 3579
3 4074 4082 3579
3 4072 4074 3579
3 4083 4081 4082
3 4076 4075 4084
3 4076 4084 4085
3 4086 4075 4077
3 4084 4075 4086
3 4077 4078 4087
3 4088 4077 4087
3 4086 4077 4088
3 4089 4088 3581
3 4088 4080 3581
3 4080 3565 3581
3 4080 4088 4087
3 3582 4089 3581
3 4081 3584 3580
3 4091 4090 3585
3 4091 3585 3584
3 4083 4091 3584
3 4081 4083 3584
3 4093 4092 4090
3 4093 4090 4091
3 4092 4093 4085
3 4084 4092 4085
3 4094 4092 4084
3 4095 4084 4086
3 4094 4084 4095
3 4096 4086 4088
3 4095 4086 4096
3 4097 4088 4089
3 4096 4088 4097
3 3587 4097 3582
3 3582 4097 4089
3 4098 3589 3590
3 3591 4098 3590
3 4090 3593 3585
3 3593 4090 3595
3 3595 4090 4092
3 3595 4092 3596
3 3596 4092 4094
3 3596 4094 3598
3 3598 4094 4095
3 3598 4095 3600
3 3600 4095 4096
3 3600 4096 3602
3 3602 4096 4097
3 3602 4097 3587
3 4098 3605 3589
3 3609 3605 4099
3 3605 4098 4099
3 3591 3608 4099
3 3591 4099 4098
3 3610 4100 3608
3 3608 4100 4099
3 3612 4100 3610
3 4099 3614 3609
3 3614 4099 3615
3 4099 4101 3615
3 4099 4100 4101
3 3616 4102 3612
3 4102 4100 3612
3 4102 4101 4100
3 3617 4103 3616
3 3616 4103 4102
3 3618 4103 3617
3 4101 3621 3615
3 3621 4101 3623
3 3623 4101 4102
3 3623 4102 3625
3 3625 4102 4103
3 3625 4103 3618
3 4104 3632 3633
3 3634 4104 3633
3 4105 3640 3641
3 3642 4106 3641
3 3641 4106 4105
3 3632 4104 3642
3 4104 4106 3642
3 4104 4107 4106
3 3644 4107 3634
3 3634 4107 4104
3 4105 3646 3640
3 3646 4105 3648
3 4105 4108 3648
3 4105 4106 4108
3 4109 4106 4107
3 4108 4106 4109
3 3649 4110 3644
3 4110 4107 3644
3 4110 4109 4107
3 3650 4110 3649
3 4108 3652 3648
3 3652 4108 3654
3 3654 4108 4109
3 3654 4109 3656
3 3656 4109 4110
3 3656 4110 3650
3 4111 3659 3660
3 3661 4112 3660
3 3660 4112 4111
3 3662 4113 3661
3 3661 4113 4112
3 3663 4113 3662
3 4114 3667 4111
3 4111 3667 3659
3 4112 4116 4115
3 4114 4112 4115
3 4111 4112 4114
3 4116 4112 4113
3 4116 4113 4117
3 4117 4113 3663
3 3668 4117 3663
3 4118 4117 3668
3 4120 4118 4119
3 4118 3669 4119
3 4118 3668 3669
3 3670 4119 3669
3 4121 3673 4114
3 4114 3673 3667
3 4114 4115 4122
3 4123 4114 4122
3 4121 4114 4123
3 4125 4124 4123
3 4125 4123 4122
3 4126 4124 4125
3 4120 4119 4127
3 4120 4127 4128
3 3674 4129 3670
3 4129 4119 3670
3 4129 4127 4119
3 3675 4129 3674
3 4121 3677 3673
3 3677 4121 3679
3 3679 4121 4123
3 3679 4123 3680
3 4123 4130 3680
3 4123 4124 4130
3 4124 4126 4131
3 4132 4124 4131
3 4130 4124 4132
3 4132 4131 4128
3 4127 4132 4128
3 4133 4132 4127
3 4134 4127 4129
3 4133 4127 4134
3 3682 4134 3675
3 3675 4134 4129
3 4130 3684 3680
3 3684 4130 3686
3 3686 4130 4132
3 3686 4132 3687
3 4132 4135 3687
3 4132 4133 4135
3 4136 4133 4134
3 4135 4133 4136
3 3689 4136 3682
3 3682 4136 4134
3 4137 3691 3690
3 3693 4137 3690
3 4135 3696 3687
3 3696 4135 3698
3 3698 4135 4136
3 3698 4136 3689
3 4137 3700 3691
3 3703 3700 4138
3 3700 4137 4138
3 3693 3702 4138
3 3693 4138 4137
3 3704 4139 3702
3 3702 4139 4138
3 3705 4140 3704
3 3704 4140 4139
3 3707 4140 3705
3 4138 3709 3703
3 3709 4138 3711
3 4138 4141 3711
3 4138 4139 4141
3 4142 4139 4140
3 4141 4139 4142
3 3712 4143 3707
3 4143 4140 3707
3 4143 4142 4140
3 3714 4143 3712
3 4141 3716 3711
3 3716 4141 3717
3 4141 4144 3717
3 4141 4142 4144
3 3719 4144 3718
3 4144 4143 3718
3 4144 4142 4143
3 3718 4143 3714
3 4144 3720 3717
3 3720 4144 3719
3 4145 3721 3722
3 3724 4145 3722
3 4148 4147 4146
3 4150 4149 4146
3 4146 4149 4148
3 4152 4151 4150
3 4150 4151 4149
3 4154 4153 4152
3 4152 4153 4151
3 4154 4155 4153
3 4158 4157 4156
3 4156 3725 4158
3 3725 3726 4158
3 4160 4159 4158
3 4160 4158 3726
3 3721 4145 3726
3 4145 4160 3726
3 4145 4161 4160
3 3727 4162 3724
3 4162 4145 3724
3 4162 4161 4145
3 3728 4163 3727
3 3727 4163 4162
3 3729 4163 3728
3 4146 4147 3731
3 4147 3730 3731
3 4147 4164 3730
3 4146 3731 3732
3 4146 3732 4150
3 4150 3732 3733
3 4150 3733 4152
3 4152 3733 3734
3 4152 3734 4154
3 4165 4155 4154
3 3734 4165 4154
3 3735 4165 3734
3 4166 3735 3736
3 4166 4165 3735
3 3737 4156 4157
3 4166 3737 4157
3 3736 3737 4166
3 4159 4168 4167
3 4168 4156 4167
3 3737 4167 4156
3 4167 3737 4169
3 3725 4169 3737
3 4169 3725 4168
3 4168 4160 4169
3 4159 4160 4168
3 4168 3725 4156
3 4170 4160 4161
3 4169 4160 4170
3 4171 4161 4162
3 4170 4161 4171
3 4172 4162 4163
3 4171 4162 4172
3 3738 4173 3729
3 4173 4163 3729
3 4173 4172 4163
3 3739 4173 3738
3 4174 3740 3741
3 3742 4175 3741
3 3741 4175 4174
3 4176 4175 3742
3 3730 4176 3742
3 4164 4176 3730
3 4167 4169 4177
3 4167 4177 4178
3 4179 4169 4170
3 4177 4169 4179
3 4180 4170 4171
3 4179 4170 4180
3 4181 4171 4172
3 4180 4171 4181
3 4182 4172 4173
3 4181 4172 4182
3 3743 4183 3739
3 4183 4173 3739
3 4183 4182 4173
3 3744 4183 3743
3 4184 3745 3746
3 3740 4174 3746
3 4174 4184 3746
3 4174 4185 4184
3 4186 4174 4175
3 4185 4174 4186
3 4175 4176 4187
3 4175 4187 4186
3 4178 4177 4188
3 4178 4188 4189
3 4190 4177 4179
3 4188 4177 4190
3 4191 4179 4180
3 4190 4179 4191
3 4192 4180 4181
3 4191 4180 4192
3 4193 4181 4182
3 4192 4181 4193
3 4194 4182 4183
3 4193 4182 4194
3 3748 4194 3744
3 3744 4194 4183
3 4195 3749 3750
3 3745 4184 3750
3 4184 4195 3750
3 4184 4196 4195
3 4197 4184 4185
3 4196 4184 4197
3 4198 4185 4186
3 4197 4185 4198
3 4186 4187 4199
3 4200 4186 4199
3 4198 4186 4200
3 4201 4200 4199
3 4189 4188 4202
3 4189 4202 4203
3 4204 4188 4190
3 4202 4188 4204
3 3753 4204 3752
3 4204 4191 3752
3 4204 4190 4191
3 3752 4191 3754
3 4191 4205 3754
3 4191 4192 4205
3 4206 4192 4193
3 4205 4192 4206
3 4207 4193 4194
3 4206 4193 4207
3 3755 4208 3748
3 4208 4194 3748
3 4208 4207 4194
3 3757 4208 3755
3 4210 4209 3759
3 3759 4209 3758
3 4210 3759 3749
3 4211 4210 3749
3 4195 4211 3749
3 4210 4211 4212
3 4213 4195 4196
3 4211 4195 4213
3 4214 4196 4197
3 4213 4196 4214
3 4215 4197 4198
3 4214 4197 4215
3 4216 4198 4200
3 4215 4198 4216
3 4200 4201 4217
3 4218 4200 4217
3 4216 4200 4218
3 4219 4218 4217
3 4203 4202 4220
3 4203 4220 4221
3 4222 4202 4204
3 4220 4202 4222
3 3761 4222 3753
3 3753 4222 4204
3 4205 3762 3754
3 3762 4205 3764
3 4205 4223 3764
3 4205 4206 4223
3 4224 4206 4207
3 4223 4206 4224
3 4225 4207 4208
3 4224 4207 4225
3 3765 4226 3757
3 4226 4208 3757
3 4226 4225 4208
3 3767 4226 3765
3 4227 3768 3769
3 4228 4227 3769
3 3758 4228 3769
3 4209 4228 3758
3 4229 4212 4211
3 4229 4211 4213
3 4229 4213 4230
3 4232 4231 4230
3 4213 4232 4230
3 4214 4232 4213
3 4233 4214 4215
3 4232 4214 4233
3 4234 4215 4216
3 4233 4215 4234
3 4235 4216 4218
3 4234 4216 4235
3 4218 4219 4236
3 4218 4236 4235
3 4237 4221 4220
3 4239 4238 4237
3 4220 4239 4237
3 4222 4239 4220
3 3771 4239 3761
3 3761 4239 4222
3 4223 3773 3764
3 3773 4223 3775
3 4223 4240 3775
3 4223 4224 4240
3 4241 4224 4225
3 4240 4224 4241
3 4242 4225 4226
3 4241 4225 4242
3 3776 4243 3767
3 4243 4226 3767
3 4243 4242 4226
3 3777 4244 3776
3 3776 4244 4243
3 3778 4244 3777
3 4245 3779 3780
3 3768 4227 3780
3 4227 4245 3780
3 4227 4246 4245
3 4227 4228 4247
3 4227 4247 4246
3 4248 4231 4232
3 4250 4249 4248
3 4232 4250 4248
3 4233 4250 4232
3 4251 4233 4234
3 4250 4233 4251
3 4252 4234 4235
3 4251 4234 4252
3 4235 4236 4253
3 4235 4253 4252
3 4238 4239 4254
3 4238 4254 4255
3 3781 4256 3771
3 4256 4239 3771
3 4256 4254 4239
3 3782 4256 3781
3 4240 3785 3775
3 3785 4240 3787
3 4240 4257 3787
3 4240 4241 4257
3 4242 4259 4258
3 4257 4242 4258
3 4241 4242 4257
3 4259 4242 4243
3 4259 4243 4260
3 4260 4243 4244
3 4260 4244 4261
3 4263 4261 4262
3 4262 4261 3788
3 4261 4244 3788
3 4244 3778 3788
3 3789 4262 3788
3 4265 4264 3791
3 3791 4264 3790
3 3791 3779 4245
3 4266 3791 4245
3 4265 3791 4266
3 4266 4245 4246
3 4266 4246 4267
3 4267 4246 4247
3 4249 4250 4268
3 4249 4268 4269
3 4270 4250 4251
3 4268 4250 4270
3 4271 4251 4252
3 4270 4251 4271
3 4252 4253 4272
3 4252 4272 4271
3 4255 4254 4273
3 4255 4273 4274
3 4275 4254 4256
3 4273 4254 4275
3 3793 4275 3782
3 3782 4275 4256
3 4276 3796 4257
3 4257 3796 3787
3 4257 4258 4277
3 4278 4257 4277
3 4276 4257 4278
3 4279 4278 4277
3 4280 4263 4262
3 4282 4280 4281
3 4281 4280 3797
3 4280 4262 3797
3 4262 3789 3797
3 3798 4281 3797
3 4264 4283 3790
3 3790 4283 3799
3 3800 3799 4283
3 3800 4283 4284
3 4269 4268 4285
3 4269 4285 4286
3 4287 4268 4270
3 4285 4268 4287
3 4288 4270 4271
3 4287 4270 4288
3 4271 4272 4289
3 4271 4289 4288
3 4292 4291 4290
3 4293 4290 4291
3 4274 4273 4294
3 4274 4294 4295
3 3803 4294 3802
3 4294 4275 3802
3 4294 4273 4275
3 3802 4275 3793
3 4276 3807 3796
3 3807 4276 3809
3 4276 4296 3809
3 4276 4278 4296
3 4278 4279 4297
3 4278 4297 4296
3 4298 4282 4281
3 4300 4298 4299
3 4299 4298 3810
3 4298 4281 3810
3 4281 3798 3810
3 3811 4299 3810
3 4284 4301 3800
3 3800 4301 3812
3 4303 4302 3813
3 3812 4303 3813
3 4301 4303 3812
3 4304 4302 4303
3 4286 4285 4305
3 4286 4305 4306
3 4307 4285 4287
3 4305 4285 4307
3 4308 4287 4288
3 4307 4287 4308
3 4288 4289 4309
3 4310 4288 4309
3 4308 4288 4310
3 4312 4311 4310
3 4312 4310 4309
3 4311 4312 4292
3 4290 4311 4292
3 4313 4311 4290
3 4290 4293 4314
3 4290 4314 4313
3 4295 4294 4315
3 4295 4315 4316
3 3814 4317 3803
3 4317 4294 3803
3 4317 4315 4294
3 3815 4317 3814
3 4318 3820 4296
3 4296 3820 3809
3 4296 4297 4319
3 4320 4296 4319
3 4318 4296 4320
3 4321 4320 4319
3 4322 4300 4299
3 4324 4322 4323
3 4323 4322 3821
3 4322 4299 3821
3 4299 3811 3821
3 3822 4323 3821
3 4302 3823 3813
3 4326 4325 3824
3 4326 3824 3823
3 4304 4326 3823
3 4302 4304 3823
3 4328 4327 4325
3 4328 4325 4326
3 4330 4329 4327
3 4330 4327 4328
3 4332 4331 4329
3 4332 4329 4330
3 4331 4332 4306
3 4305 4331 4306
3 4333 4331 4305
3 4334 4305 4307
3 4333 4305 4334
3 4335 4307 4308
3 4334 4307 4335
3 4336 4308 4310
3 4335 4308 4336
3 4337 4310 4311
3 4336 4310 4337
3 4338 4311 4313
3 4337 4311 4338
3 4313 4314 4339
3 4340 4313 4339
3 4338 4313 4340
3 4341 4340 4339
3 4342 4316 4315
3 4344 4343 4342
3 4315 4344 4342
3 4317 4344 4315
3 3825 4345 3815
3 4345 4317 3815
3 4345 4344 4317
3 3826 4346 3825
3 3825 4346 4345
3 3827 4346 3826
3 4318 3830 3820
3 3830 4318 3832
3 4318 4347 3832
3 4318 4320 4347
3 4320 4321 4348
3 4349 4320 4348
3 4347 4320 4349
3 4350 4349 4348
3 4351 4324 4323
3 4353 4351 4352
3 4352 4351 3833
3 4351 4323 3833
3 4323 3822 3833
3 3834 4352 3833
3 4325 3835 3824
3 3835 4325 3836
3 4325 4354 3836
3 4325 4327 4354
3 4355 4327 4329
3 4354 4327 4355
3 4356 4329 4331
3 4355 4329 4356
3 4357 4331 4333
3 4356 4331 4357
3 4358 4333 4334
3 4357 4333 4358
3 4359 4334 4335
3 4358 4334 4359
3 4360 4335 4336
3 4359 4335 4360
3 4361 4336 4337
3 4360 4336 4361
3 4362 4337 4338
3 4361 4337 4362
3 4363 4338 4340
3 4362 4338 4363
3 4340 4341 4364
3 4340 4364 4363
3 4365 4343 4344
3 4367 4366 4365
3 4344 4367 4365
3 4345 4367 4344
3 4368 4345 4346
3 4367 4345 4368
3 3837 4369 3827
3 4369 4346 3827
3 4369 4368 4346
3 3838 4370 3837
3 3837 4370 4369
3 3839 4370 3838
3 4371 3841 4347
3 4347 3841 3832
3 4372 4347 4349
3 4371 4347 4372
3 4349 4350 4373
3 4374 4349 4373
3 4372 4349 4374
3 4375 4374 4373
3 4376 4353 4352
3 4352 3834 4376
3 3834 4377 4376
3 3834 3843 4377
3 4354 3845 3836
3 3845 4354 3846
3 4354 4378 3846
3 4354 4355 4378
3 4379 4355 4356
3 4378 4355 4379
3 4380 4356 4357
3 4379 4356 4380
3 4381 4357 4358
3 4380 4357 4381
3 4382 4358 4359
3 4381 4358 4382
3 4383 4359 4360
3 4382 4359 4383
3 4384 4360 4361
3 4383 4360 4384
3 4385 4361 4362
3 4384 4361 4385
3 4386 4362 4363
3 4385 4362 4386
3 4363 4364 4387
3 4363 4387 4386
3 4366 4367 4388
3 4366 4388 4389
3 4368 4391 4390
3 4388 4368 4390
3 4367 4368 4388
3 4391 4368 4369
3 4391 4369 4392
3 4394 4393 4392
3 4369 4394 4392
3 4370 4394 4369
3 3847 4395 3839
3 4395 4370 3839
3 4395 4394 4370
3 3841 4371 3847
3 4371 4395 3847
3 4371 4396 4395
3 4397 4371 4372
3 4396 4371 4397
3 4398 4372 4374
3 4397 4372 4398
3 4374 4375 4399
3 4374 4399 4398
3 3843 3848 4400
3 4401 3843 4400
3 4377 3843 4401
3 3849 4402 3848
3 3848 4402 4400
3 3850 4402 3849
3 4403 3851 3852
3 3853 4403 3852
3 4378 3854 3846
3 3854 4378 3855
3 4378 4404 3855
3 4378 4379 4404
3 4405 4379 4380
3 4404 4379 4405
3 4406 4380 4381
3 4405 4380 4406
3 4407 4381 4382
3 4406 4381 4407
3 3858 4407 3857
3 4407 4383 3857
3 4407 4382 4383
3 3857 4383 3859
3 4383 4408 3859
3 4383 4384 4408
3 4409 4384 4385
3 4408 4384 4409
3 4410 4385 4386
3 4409 4385 4410
3 4386 4387 4411
3 4386 4411 4410
3 4412 4389 4388
3 4412 4388 4390
3 4393 4394 4413
3 4393 4413 4414
3 4415 4394 4395
3 4413 4394 4415
3 4416 4395 4396
3 4415 4395 4416
3 4417 4396 4397
3 4416 4396 4417
3 4418 4397 4398
3 4417 4397 4418
3 4398 4399 4419
3 4398 4419 4418
3 4420 4401 4400
3 4420 4400 4402
3 4420 4402 4421
3 4423 4421 4422
3 4422 4421 3860
3 4421 4402 3860
3 4402 3850 3860
3 3862 4422 3860
3 4403 3864 3851
3 3864 4403 3853
3 4404 3866 3855
3 3866 4404 3867
3 4404 4424 3867
3 4404 4405 4424
3 4425 4405 4406
3 4424 4405 4425
3 3870 4425 3869
3 4425 4407 3869
3 4425 4406 4407
3 3869 4407 3858
3 4408 3872 3859
3 3872 4408 3875
3 3875 4408 4409
3 3875 4409 3876
3 4409 4426 3876
3 4409 4410 4426
3 4410 4411 4427
3 4410 4427 4426
3 4428 4414 4413
3 4430 4429 4428
3 4413 4430 4428
3 4415 4430 4413
3 4431 4415 4416
3 4430 4415 4431
3 4432 4416 4417
3 4431 4416 4432
3 4418 4434 4433
3 4432 4418 4433
3 4417 4418 4432
3 4434 4418 4419
3 4435 4423 4422
3 4437 4435 4436
3 4436 4435 3877
3 4435 4422 3877
3 4422 3862 3877
3 3878 4436 3877
3 4424 3883 3867
3 3883 4424 3884
3 4424 4438 3884
3 4424 4425 4438
3 3886 4438 3870
3 3870 4438 4425
3 4426 3888 3876
3 4440 4439 3889
3 4440 3889 3888
3 4427 4440 3888
3 4426 4427 3888
3 4442 4441 4439
3 4442 4439 4440
3 4443 4441 4442
3 4429 4430 4444
3 4429 4444 4445
3 4446 4430 4431
3 4444 4430 4446
3 4447 4431 4432
3 4446 4431 4447
3 4432 4433 4448
3 4432 4448 4447
3 4451 4450 4449
3 4453 4452 4449
3 4453 4449 4450
3 4454 4452 4453
3 4455 4437 4436
3 4457 4455 4456
3 4456 4455 3890
3 4455 4436 3890
3 4436 3878 3890
3 3891 4456 3890
3 4438 3898 3884
3 3898 4438 3886
3 4439 3901 3889
3 3901 4439 3902
3 4439 4458 3902
3 4439 4441 4458
3 4441 4443 4459
3 4460 4441 4459
3 4458 4441 4460
3 4461 4460 4459
3 4462 4445 4444
3 4462 4444 4446
3 4462 4446 4463
3 4463 4446 4447
3 4463 4447 4464
3 4464 4447 4448
3 4465 4451 4449
3 4467 4466 4465
3 4449 4467 4465
3 4452 4467 4449
3 4452 4454 4468
3 4469 4452 4468
3 4467 4452 4469
3 4471 4470 4469
3 4471 4469 4468
3 4473 4472 4470
3 4473 4470 4471
3 4475 4474 4472
3 4475 4472 4473
3 4474 4475 4457
3 4456 4474 4457
3 4476 4474 4456
3 3903 4477 3891
3 4477 4456 3891
3 4477 4476 4456
3 3904 4477 3903
3 4478 3906 3907
3 3908 4479 3907
3 3907 4479 4478
3 3909 4480 3908
3 3908 4480 4479
3 3910 4481 3909
3 3909 4481 4480
3 3912 4481 3910
3 4458 3914 3902
3 3914 4458 3916
3 4458 4482 3916
3 4458 4460 4482
3 4460 4461 4483
3 4460 4483 4482
3 4466 4467 4484
3 4466 4484 4485
3 4486 4467 4469
3 4484 4467 4486
3 4487 4469 4470
3 4486 4469 4487
3 4488 4470 4472
3 4487 4470 4488
3 4489 4472 4474
3 4488 4472 4489
3 4490 4474 4476
3 4489 4474 4490
3 4491 4476 4477
3 4490 4476 4491
3 3917 4492 3904
3 4492 4477 3904
3 4492 4491 4477
3 3906 4478 3917
3 4478 4492 3917
3 4478 4493 4492
3 4494 4478 4479
3 4493 4478 4494
3 4495 4479 4480
3 4494 4479 4495
3 4496 4480 4481
3 4495 4480 4496
3 3918 4497 3912
3 4497 4481 3912
3 4497 4496 4481
3 3920 4497 3918
3 4498 3922 3923
3 3916 4482 3923
3 4482 4498 3923
3 4482 4499 4498
3 4482 4483 4500
3 4482 4500 4499
3 4485 4484 4501
3 4485 4501 4502
3 4503 4484 4486
3 4501 4484 4503
3 4504 4486 4487
3 4503 4486 4504
3 4505 4487 4488
3 4504 4487 4505
3 4506 4488 4489
3 4505 4488 4506
3 4507 4489 4490
3 4506 4489 4507
3 4491 4509 4508
3 4507 4491 4508
3 4490 4491 4507
3 4509 4491 4492
3 4509 4492 4510
3 4510 4492 4493
3 4510 4493 4511
3 4513 4512 4511
3 4493 4513 4511
3 4494 4513 4493
3 4514 4494 4495
3 4513 4494 4514
3 3926 4514 3925
3 4514 4496 3925
3 4514 4495 4496
3 3925 4496 3928
3 3928 4496 4497
3 3928 4497 3920
3 4515 3934 3935
3 3922 4498 3935
3 4498 4515 3935
3 4498 4516 4515
3 4499 4518 4517
3 4516 4499 4517
3 4498 4499 4516
3 4518 4499 4500
3 4519 4502 4501
3 4521 4520 4519
3 4501 4521 4519
3 4503 4521 4501
3 4522 4503 4504
3 4521 4503 4522
3 4523 4504 4505
3 4522 4504 4523
3 4524 4505 4506
3 4523 4505 4524
3 4507 4526 4525
3 4524 4507 4525
3 4506 4507 4524
3 4526 4507 4508
3 4527 4512 4513
3 4529 4528 4527
3 4513 4529 4527
3 4514 4529 4513
3 3936 4530 3926
3 4530 4514 3926
3 4530 4529 4514
3 3937 4530 3936
3 4531 3940 3941
3 3942 4532 3941
3 3941 4532 4531
3 3944 4532 3942
3 4533 3947 3946
3 3948 4534 3946
3 3946 4534 4533
3 3934 4515 3948
3 4515 4534 3948
3 4515 4535 4534
3 4536 4515 4516
3 4535 4515 4536
3 4516 4517 4537
3 4538 4516 4537
3 4536 4516 4538
3 4539 4538 4537
3 4542 4541 4540
3 4544 4543 4540
3 4544 4540 4541
3 4546 4545 4543
3 4546 4543 4544
3 4548 4547 4545
3 4548 4545 4546
3 4549 4547 4548
3 4550 4520 4521
3 4552 4551 4550
3 4521 4552 4550
3 4522 4552 4521
3 4553 4522 4523
3 4552 4522 4553
3 4554 4523 4524
3 4553 4523 4554
3 4524 4525 4555
3 4524 4555 4554
3 4556 4528 4529
3 4558 4557 4556
3 4529 4558 4556
3 4530 4558 4529
3 3949 4559 3937
3 4559 4530 3937
3 4559 4558 4530
3 3950 4560 3949
3 3949 4560 4559
3 3940 4531 3950
3 4531 4560 3950
3 4531 4561 4560
3 4562 4531 4532
3 4561 4531 4562
3 3951 4563 3944
3 4563 4532 3944
3 4563 4562 4532
3 3952 4564 3951
3 3951 4564 4563
3 3953 4565 3952
3 3952 4565 4564
3 3954 4566 3953
3 3953 4566 4565
3 3955 4566 3954
3 4533 3956 3947
3 3956 4533 3957
3 4533 4567 3957
3 4533 4534 4567
3 4568 4534 4535
3 4567 4534 4568
3 4569 4535 4536
3 4568 4535 4569
3 4570 4536 4538
3 4569 4536 4570
3 4538 4539 4571
3 4572 4538 4571
3 4570 4538 4572
3 4574 4573 4572
3 4574 4572 4571
3 4573 4574 4542
3 4573 4542 4540
3 3960 4573 4540
3 3959 3960 4540
3 3959 4540 3962
3 3962 4540 4543
3 3962 4543 3964
3 3964 4543 4545
3 3964 4545 3966
3 3966 4545 4547
3 4576 4575 3967
3 4576 3967 3966
3 4549 4576 3966
3 4547 4549 3966
3 4578 4577 4575
3 4578 4575 4576
3 4579 4577 4578
3 4580 4551 4552
3 4582 4581 4580
3 4552 4582 4580
3 4553 4582 4552
3 4583 4553 4554
3 4582 4553 4583
3 4554 4555 4584
3 4585 4554 4584
3 4583 4554 4585
3 4586 4585 4584
3 4587 4557 4558
3 4589 4588 4587
3 4558 4589 4587
3 4559 4589 4558
3 4590 4559 4560
3 4589 4559 4590
3 4591 4560 4561
3 4590 4560 4591
3 4592 4561 4562
3 4591 4561 4592
3 4593 4562 4563
3 4592 4562 4593
3 4594 4563 4564
3 4593 4563 4594
3 4565 4596 4595
3 4594 4565 4595
3 4564 4565 4594
3 4596 4565 4566
3 4596 4566 4597
3 4597 4566 3955
3 3968 4597 3955
3 4598 4597 3968
3 3968 3969 4598
3 4598 3969 4599
3 4600 3970 4567
3 4567 3970 3957
3 4601 4567 4568
3 4600 4567 4601
3 3973 4601 3972
3 4601 4569 3972
3 4601 4568 4569
3 3972 4569 3975
3 3975 4569 4570
3 3975 4570 3977
3 3977 4570 4572
3 3977 4572 3979
3 3979 4572 4573
3 3979 4573 3960
3 4575 3980 3967
3 3980 4575 3982
3 3982 4575 4577
3 4579 4602 4577
3 4602 3982 4577
3 4602 3984 3982
3 4604 4603 3985
3 3984 4604 3985
3 4602 4604 3984
3 4606 4605 4603
3 4606 4603 4604
3 4608 4607 4605
3 4608 4605 4606
3 4610 4609 4607
3 4610 4607 4608
3 4612 4611 4609
3 4612 4609 4610
3 4614 4613 4611
3 4614 4611 4612
3 4613 4614 4581
3 4582 4613 4581
3 4615 4613 4582
3 4616 4582 4583
3 4615 4582 4616
3 4617 4583 4585
3 4616 4583 4617
3 4585 4586 4618
3 4619 4585 4618
3 4617 4585 4619
3 4621 4620 4619
3 4621 4619 4618
3 4623 4622 4620
3 4623 4620 4621
3 4625 4624 4622
3 4625 4622 4623
3 4626 4624 4625
3 4629 4628 4627
3 4627 4628 4588
3 4589 4627 4588
3 4630 4627 4589
3 4631 4589 4590
3 4630 4589 4631
3 4632 4590 4591
3 4631 4590 4632
3 4592 4634 4633
3 4632 4592 4633
3 4591 4592 4632
3 4636 4635 4634
3 4592 4636 4634
3 4593 4636 4592
3 4594 4638 4637
3 4636 4594 4637
3 4593 4594 4636
3 4638 4594 4595
3 4639 4599 3969
3 4639 3969 3986
3 3986 3988 4639
3 4639 3988 4640
3 4600 3989 3970
3 3989 4600 3991
3 3991 4600 4601
3 3991 4601 3973
3 4603 3993 3985
3 3993 4603 3995
3 3995 4603 4605
3 3995 4605 3997
3 3997 4605 4607
3 3997 4607 3999
3 3999 4607 4609
3 3999 4609 4001
3 4001 4609 4611
3 4001 4611 4002
3 4611 4641 4002
3 4611 4613 4641
3 4642 4613 4615
3 4641 4613 4642
3 4005 4642 4004
3 4642 4616 4004
3 4642 4615 4616
3 4004 4616 4007
3 4007 4616 4617
3 4007 4617 4009
3 4009 4617 4619
3 4009 4619 4011
3 4011 4619 4620
3 4011 4620 4013
3 4013 4620 4622
3 4013 4622 4014
3 4622 4643 4014
3 4622 4624 4643
3 4624 4626 4644
3 4645 4624 4644
3 4643 4624 4645
3 4645 4644 4629
3 4627 4645 4629
3 4646 4645 4627
3 4647 4627 4630
3 4646 4627 4647
3 4648 4630 4631
3 4647 4630 4648
3 4649 4631 4632
3 4648 4631 4649
3 4632 4633 4650
3 4651 4632 4650
3 4649 4632 4651
3 4635 4636 4652
3 4650 4653 4651
3 4652 4636 4637
3 4654 4640 3988
3 4654 3988 4015
3 4656 4654 4655
3 4654 4016 4655
3 4654 4015 4016
3 4018 4655 4016
3 4641 4020 4002
3 4020 4641 4022
3 4022 4641 4642
3 4022 4642 4005
3 4643 4023 4014
3 4023 4643 4024
3 4024 4643 4645
3 4024 4645 4026
3 4026 4645 4646
3 4026 4646 4028
3 4028 4646 4647
3 4028 4647 4030
3 4030 4647 4648
3 4030 4648 4031
3 4648 4657 4031
3 4648 4649 4657
3 4658 4649 4651
3 4657 4649 4658
3 4651 4653 4659
3 4660 4651 4659
3 4658 4651 4660
3 4661 4660 4659
3 4662 4656 4655
3 4664 4662 4663
3 4663 4662 4032
3 4662 4655 4032
3 4655 4018 4032
3 4033 4665 4032
3 4032 4665 4663
3 4035 4665 4033
3 4657 4037 4031
3 4037 4657 4039
3 4039 4657 4658
3 4039 4658 4040
3 4658 4666 4040
3 4658 4660 4666
3 4660 4661 4667
3 4668 4660 4667
3 4666 4660 4668
3 4670 4669 4668
3 4670 4668 4667
3 4671 4669 4670
3 4674 4673 4672
3 4672 4673 4664
3 4663 4672 4664
3 4675 4672 4663
3 4676 4663 4665
3 4675 4663 4676
3 4041 4677 4035
3 4677 4665 4035
3 4677 4676 4665
3 4043 4677 4041
3 4666 4046 4040
3 4046 4666 4048
3 4048 4666 4668
3 4048 4668 4049
3 4668 4678 4049
3 4668 4669 4678
3 4669 4671 4679
3 4680 4669 4679
3 4678 4669 4680
3 4682 4681 4680
3 4682 4680 4679
3 4684 4683 4681
3 4684 4681 4682
3 4686 4685 4683
3 4686 4683 4684
3 4685 4686 4674
3 4672 4685 4674
3 4687 4685 4672
3 4688 4672 4675
3 4687 4672 4688
3 4689 4675 4676
3 4688 4675 4689
3 4690 4676 4677
3 4689 4676 4690
3 4050 4691 4043
3 4691 4677 4043
3 4691 4690 4677
3 4051 4692 4050
3 4050 4692 4691
3 4052 4693 4051
3 4051 4693 4692
3 4054 4693 4052
3 4678 4057 4049
3 4057 4678 4059
3 4059 4678 4680
3 4059 4680 4061
3 4061 4680 4681
3 4061 4681 4063
3 4063 4681 4683
3 4063 4683 4065
3 4065 4683 4685
3 4065 4685 4067
3 4067 4685 4687
3 4067 4687 4069
3 4069 4687 4688
3 4069 4688 4071
3 4071 4688 4689
3 4071 4689 4073
3 4073 4689 4690
3 4073 4690 4074
3 4690 4694 4074
3 4690 4691 4694
3 4695 4691 4692
3 4694 4691 4695
3 4696 4692 4693
3 4695 4692 4696
3 4076 4696 4054
3 4054 4696 4693
3 4697 4078 4079
3 4080 4697 4079
3 4694 4082 4074
3 4082 4694 4083
3 4694 4698 4083
3 4694 4695 4698
3 4699 4695 4696
3 4698 4695 4699
3 4085 4699 4076
3 4076 4699 4696
3 4697 4087 4078
3 4087 4697 4080
3 4698 4091 4083
3 4091 4698 4093
3 4093 4698 4699
3 4093 4699 4085
3 4700 4115 4116
3 4117 4701 4116
3 4116 4701 4700
3 4118 4702 4117
3 4117 4702 4701
3 4120 4702 4118
3 4700 4122 4115
3 4122 4700 4125
3 4125 4700 4701
3 4125 4701 4126
3 4701 4703 4126
3 4701 4702 4703
3 4128 4703 4120
3 4120 4703 4702
3 4703 4131 4126
3 4131 4703 4128
3 4704 4147 4148
3 4149 4705 4148
3 4148 4705 4704
3 4151 4706 4149
3 4149 4706 4705
3 4153 4707 4151
3 4151 4707 4706
3 4155 4707 4153
3 4708 4157 4158
3 4159 4708 4158
3 4709 4164 4704
3 4704 4164 4147
3 4710 4704 4705
3 4709 4704 4710
3 4711 4705 4706
3 4710 4705 4711
3 4712 4706 4707
3 4711 4706 4712
3 4165 4713 4155
3 4713 4707 4155
3 4713 4712 4707
3 4166 4714 4165
3 4165 4714 4713
3 4157 4708 4166
3 4708 4714 4166
3 4708 4715 4714
3 4167 4715 4159
3 4159 4715 4708
3 4716 4176 4709
3 4709 4176 4164
3 4717 4709 4710
3 4716 4709 4717
3 4718 4710 4711
3 4717 4710 4718
3 4719 4711 4712
3 4718 4711 4719
3 4720 4712 4713
3 4719 4712 4720
3 4721 4713 4714
3 4720 4713 4721
3 4722 4714 4715
3 4721 4714 4722
3 4178 4722 4167
3 4167 4722 4715
3 4723 4187 4716
3 4716 4187 4176
3 4724 4716 4717
3 4723 4716 4724
3 4725 4717 4718
3 4724 4717 4725
3 4726 4718 4719
3 4725 4718 4726
3 4727 4719 4720
3 4726 4719 4727
3 4728 4720 4721
3 4727 4720 4728
3 4729 4721 4722
3 4728 4721 4729
3 4189 4729 4178
3 4178 4729 4722
3 4723 4199 4187
3 4199 4723 4201
3 4723 4730 4201
3 4723 4724 4730
3 4731 4724 4725
3 4730 4724 4731
3 4732 4725 4726
3 4731 4725 4732
3 4733 4726 4727
3 4732 4726 4733
3 4734 4727 4728
3 4733 4727 4734
3 4735 4728 4729
3 4734 4728 4735
3 4203 4735 4189
3 4189 4735 4729
3 4736 4209 4210
3 4212 4736 4210
3 4730 4217 4201
3 4217 4730 4219
3 4730 4737 4219
3 4730 4731 4737
3 4738 4731 4732
3 4737 4731 4738
3 4739 4732 4733
3 4738 4732 4739
3 4740 4733 4734
3 4739 4733 4740
3 4741 4734 4735
3 4740 4734 4741
3 4221 4741 4203
3 4203 4741 4735
3 4742 4228 4736
3 4736 4228 4209
3 4229 4743 4212
3 4743 4736 4212
3 4743 4742 4736
3 4230 4744 4229
3 4229 4744 4743
3 4231 4744 4230
3 4745 4236 4737
3 4737 4236 4219
3 4746 4737 4738
3 4745 4737 4746
3 4747 4738 4739
3 4746 4738 4747
3 4748 4739 4740
3 4747 4739 4748
3 4749 4740 4741
3 4748 4740 4749
3 4237 4750 4221
3 4750 4741 4221
3 4750 4749 4741
3 4238 4750 4237
3 4751 4247 4742
3 4742 4247 4228
3 4752 4742 4743
3 4751 4742 4752
3 4753 4743 4744
3 4752 4743 4753
3 4248 4754 4231
3 4754 4744 4231
3 4754 4753 4744
3 4249 4754 4248
3 4755 4253 4745
3 4745 4253 4236
3 4756 4745 4746
3 4755 4745 4756
3 4757 4746 4747
3 4756 4746 4757
3 4758 4747 4748
3 4757 4747 4758
3 4759 4748 4749
3 4758 4748 4759
3 4760 4749 4750
3 4759 4749 4760
3 4255 4760 4238
3 4238 4760 4750
3 4761 4258 4259
3 4260 4762 4259
3 4259 4762 4761
3 4261 4763 4260
3 4260 4763 4762
3 4263 4763 4261
3 4764 4264 4265
3 4266 4765 4265
3 4265 4765 4764
3 4267 4766 4266
3 4266 4766 4765
3 4247 4751 4267
3 4751 4766 4267
3 4751 4767 4766
3 4768 4751 4752
3 4767 4751 4768
3 4769 4752 4753
3 4768 4752 4769
3 4770 4753 4754
3 4769 4753 4770
3 4269 4770 4249
3 4249 4770 4754
3 4771 4272 4755
3 4755 4272 4253
3 4772 4755 4756
3 4771 4755 4772
3 4773 4756 4757
3 4772 4756 4773
3 4774 4757 4758
3 4773 4757 4774
3 4775 4758 4759
3 4774 4758 4775
3 4776 4759 4760
3 4775 4759 4776
3 4274 4776 4255
3 4255 4776 4760
3 4761 4277 4258
3 4277 4761 4279
3 4761 4777 4279
3 4761 4762 4777
3 4778 4762 4763
3 4777 4762 4778
3 4280 4779 4263
3 4779 4763 4263
3 4779 4778 4763
3 4282 4779 4280
3 4764 4283 4264
3 4283 4764 4284
3 4764 4780 4284
3 4764 4765 4780
3 4781 4765 4766
3 4780 4765 4781
3 4782 4766 4767
3 4781 4766 4782
3 4783 4767 4768
3 4782 4767 4783
3 4784 4768 4769
3 4783 4768 4784
3 4785 4769 4770
3 4784 4769 4785
3 4286 4785 4269
3 4269 4785 4770
3 4786 4289 4771
3 4771 4289 4272
3 4787 4771 4772
3 4786 4771 4787
3 4292 4787 4291
3 4787 4773 4291
3 4787 4772 4773
3 4291 4773 4293
3 4773 4788 4293
3 4773 4774 4788
3 4789 4774 4775
3 4788 4774 4789
3 4790 4775 4776
3 4789 4775 4790
3 4295 4790 4274
3 4274 4790 4776
3 4791 4297 4777
3 4777 4297 4279
3 4792 4777 4778
3 4791 4777 4792
3 4793 4778 4779
3 4792 4778 4793
3 4298 4794 4282
3 4794 4779 4282
3 4794 4793 4779
3 4300 4794 4298
3 4780 4301 4284
3 4301 4780 4303
3 4303 4780 4781
3 4303 4781 4304
3 4781 4795 4304
3 4781 4782 4795
3 4796 4782 4783
3 4795 4782 4796
3 4797 4783 4784
3 4796 4783 4797
3 4798 4784 4785
3 4797 4784 4798
3 4306 4798 4286
3 4286 4798 4785
3 4786 4309 4289
3 4309 4786 4312
3 4312 4786 4787
3 4312 4787 4292
3 4799 4314 4788
3 4788 4314 4293
3 4800 4788 4789
3 4799 4788 4800
3 4801 4789 4790
3 4800 4789 4801
3 4316 4801 4295
3 4295 4801 4790
3 4791 4319 4297
3 4319 4791 4321
3 4791 4802 4321
3 4791 4792 4802
3 4803 4792 4793
3 4802 4792 4803
3 4804 4793 4794
3 4803 4793 4804
3 4322 4805 4300
3 4805 4794 4300
3 4805 4804 4794
3 4324 4805 4322
3 4795 4326 4304
3 4326 4795 4328
3 4328 4795 4796
3 4328 4796 4330
3 4330 4796 4797
3 4330 4797 4332
3 4332 4797 4798
3 4332 4798 4306
3 4799 4339 4314
3 4339 4799 4341
3 4799 4806 4341
3 4799 4800 4806
3 4807 4800 4801
3 4806 4800 4807
3 4342 4808 4316
3 4808 4801 4316
3 4808 4807 4801
3 4343 4808 4342
3 4802 4348 4321
3 4348 4802 4350
3 4802 4809 4350
3 4802 4803 4809
3 4810 4803 4804
3 4809 4803 4810
3 4811 4804 4805
3 4810 4804 4811
3 4351 4812 4324
3 4812 4805 4324
3 4812 4811 4805
3 4353 4812 4351
3 4813 4364 4806
3 4806 4364 4341
3 4814 4806 4807
3 4813 4806 4814
3 4815 4807 4808
3 4814 4807 4815
3 4365 4816 4343
3 4816 4808 4343
3 4816 4815 4808
3 4366 4816 4365
3 4809 4373 4350
3 4373 4809 4375
3 4809 4817 4375
3 4809 4810 4817
3 4818 4810 4811
3 4817 4810 4818
3 4819 4811 4812
3 4818 4811 4819
3 4376 4820 4353
3 4820 4812 4353
3 4820 4819 4812
3 4377 4820 4376
3 4821 4387 4813
3 4813 4387 4364
3 4822 4813 4814
3 4821 4813 4822
3 4823 4814 4815
3 4822 4814 4823
3 4824 4815 4816
3 4823 4815 4824
3 4389 4824 4366
3 4366 4824 4816
3 4825 4390 4391
3 4392 4826 4391
3 4391 4826 4825
3 4393 4826 4392
3 4827 4399 4817
3 4817 4399 4375
3 4828 4817 4818
3 4827 4817 4828
3 4829 4818 4819
3 4828 4818 4829
3 4830 4819 4820
3 4829 4819 4830
3 4401 4830 4377
3 4377 4830 4820
3 4831 4411 4821
3 4821 4411 4387
3 4832 4821 4822
3 4831 4821 4832
3 4833 4822 4823
3 4832 4822 4833
3 4834 4823 4824
3 4833 4823 4834
3 4412 4835 4389
3 4835 4824 4389
3 4835 4834 4824
3 4390 4825 4412
3 4825 4835 4412
3 4825 4836 4835
3 4837 4825 4826
3 4836 4825 4837
3 4414 4837 4393
3 4393 4837 4826
3 4838 4419 4827
3 4827 4419 4399
3 4839 4827 4828
3 4838 4827 4839
3 4840 4828 4829
3 4839 4828 4840
3 4841 4829 4830
3 4840 4829 4841
3 4420 4842 4401
3 4842 4830 4401
3 4842 4841 4830
3 4421 4843 4420
3 4420 4843 4842
3 4423 4843 4421
3 4844 4427 4831
3 4831 4427 4411
3 4845 4831 4832
3 4844 4831 4845
3 4846 4832 4833
3 4845 4832 4846
3 4847 4833 4834
3 4846 4833 4847
3 4848 4834 4835
3 4847 4834 4848
3 4849 4835 4836
3 4848 4835 4849
3 4850 4836 4837
3 4849 4836 4850
3 4428 4851 4414
3 4851 4837 4414
3 4851 4850 4837
3 4429 4851 4428
3 4852 4433 4434
3 4419 4838 4434
3 4838 4852 4434
3 4838 4853 4852
3 4854 4838 4839
3 4853 4838 4854
3 4855 4839 4840
3 4854 4839 4855
3 4856 4840 4841
3 4855 4840 4856
3 4857 4841 4842
3 4856 4841 4857
3 4858 4842 4843
3 4857 4842 4858
3 4435 4859 4423
3 4859 4843 4423
3 4859 4858 4843
3 4437 4859 4435
3 4844 4440 4427
3 4440 4844 4442
3 4442 4844 4845
3 4442 4845 4443
3 4845 4860 4443
3 4845 4846 4860
3 4861 4846 4847
3 4860 4846 4861
3 4862 4847 4848
3 4861 4847 4862
3 4863 4848 4849
3 4862 4848 4863
3 4864 4849 4850
3 4863 4849 4864
3 4865 4850 4851
3 4864 4850 4865
3 4445 4865 4429
3 4429 4865 4851
3 4866 4448 4852
3 4852 4448 4433
3 4867 4852 4853
3 4866 4852 4867
3 4868 4853 4854
3 4867 4853 4868
3 4451 4868 4450
3 4868 4855 4450
3 4868 4854 4855
3 4450 4855 4453
3 4453 4855 4856
3 4453 4856 4454
3 4856 4869 4454
3 4856 4857 4869
3 4870 4857 4858
3 4869 4857 4870
3 4871 4858 4859
3 4870 4858 4871
3 4455 4872 4437
3 4872 4859 4437
3 4872 4871 4859
3 4457 4872 4455
3 4860 4459 4443
3 4459 4860 4461
3 4860 4873 4461
3 4860 4861 4873
3 4874 4861 4862
3 4873 4861 4874
3 4875 4862 4863
3 4874 4862 4875
3 4876 4863 4864
3 4875 4863 4876
3 4877 4864 4865
3 4876 4864 4877
3 4462 4878 4445
3 4878 4865 4445
3 4878 4877 4865
3 4463 4879 4462
3 4462 4879 4878
3 4464 4880 4463
3 4463 4880 4879
3 4448 4866 4464
3 4866 4880 4464
3 4866 4881 4880
3 4882 4866 4867
3 4881 4866 4882
3 4883 4867 4868
3 4882 4867 4883
3 4465 4884 4451
3 4884 4868 4451
3 4884 4883 4868
3 4466 4884 4465
3 4869 4468 4454
3 4468 4869 4471
3 4471 4869 4870
3 4471 4870 4473
3 4473 4870 4871
3 4473 4871 4475
3 4475 4871 4872
3 4475 4872 4457
3 4885 4483 4873
3 4873 4483 4461
3 4886 4873 4874
3 4885 4873 4886
3 4887 4874 4875
3 4886 4874 4887
3 4888 4875 4876
3 4887 4875 4888
3 4889 4876 4877
3 4888 4876 4889
3 4890 4877 4878
3 4889 4877 4890
3 4891 4878 4879
3 4890 4878 4891
3 4892 4879 4880
3 4891 4879 4892
3 4881 4894 4893
3 4892 4881 4893
3 4880 4881 4892
3 4894 4881 4882
3 4894 4882 4895
3 4897 4896 4895
3 4882 4897 4895
3 4883 4897 4882
3 4898 4883 4884
3 4897 4883 4898
3 4485 4898 4466
3 4466 4898 4884
3 4899 4500 4885
3 4885 4500 4483
3 4900 4885 4886
3 4899 4885 4900
3 4901 4886 4887
3 4900 4886 4901
3 4902 4887 4888
3 4901 4887 4902
3 4903 4888 4889
3 4902 4888 4903
3 4904 4889 4890
3 4903 4889 4904
3 4905 4890 4891
3 4904 4890 4905
3 4892 4907 4906
3 4905 4892 4906
3 4891 4892 4905
3 4907 4892 4893
3 4908 4896 4897
3 4910 4909 4908
3 4897 4910 4908
3 4898 4910 4897
3 4502 4910 4485
3 4485 4910 4898
3 4911 4508 4509
3 4510 4912 4509
3 4509 4912 4911
3 4511 4913 4510
3 4510 4913 4912
3 4512 4913 4511
3 4914 4517 4518
3 4500 4899 4518
3 4899 4914 4518
3 4899 4915 4914
3 4916 4899 4900
3 4915 4899 4916
3 4917 4900 4901
3 4916 4900 4917
3 4918 4901 4902
3 4917 4901 4918
3 4919 4902 4903
3 4918 4902 4919
3 4920 4903 4904
3 4919 4903 4920
3 4921 4904 4905
3 4920 4904 4921
3 4905 4906 4922
3 4905 4922 4921
3 4909 4910 4923
3 4909 4923 4924
3 4519 4925 4502
3 4925 4910 4502
3 4925 4923 4910
3 4520 4925 4519
3 4926 4525 4526
3 4508 4911 4526
3 4911 4926 4526
3 4911 4927 4926
3 4928 4911 4912
3 4927 4911 4928
3 4929 4912 4913
3 4928 4912 4929
3 4527 4930 4512
3 4930 4913 4512
3 4930 4929 4913
3 4528 4930 4527
3 4914 4537 4517
3 4537 4914 4539
3 4914 4931 4539
3 4914 4915 4931
3 4932 4915 4916
3 4931 4915 4932
3 4542 4932 4541
3 4932 4917 4541
3 4932 4916 4917
3 4541 4917 4544
3 4544 4917 4918
3 4544 4918 4546
3 4546 4918 4919
3 4546 4919 4548
3 4548 4919 4920
3 4548 4920 4549
3 4920 4933 4549
3 4920 4921 4933
3 4921 4922 4934
3 4935 4921 4934
3 4933 4921 4935
3 4936 4935 4934
3 4924 4923 4937
3 4924 4937 4938
3 4939 4923 4925
3 4937 4923 4939
3 4550 4940 4520
3 4940 4925 4520
3 4940 4939 4925
3 4551 4940 4550
3 4941 4555 4926
3 4926 4555 4525
3 4942 4926 4927
3 4941 4926 4942
3 4943 4927 4928
3 4942 4927 4943
3 4944 4928 4929
3 4943 4928 4944
3 4945 4929 4930
3 4944 4929 4945
3 4556 4946 4528
3 4946 4930 4528
3 4946 4945 4930
3 4557 4946 4556
3 4931 4571 4539
3 4571 4931 4574
3 4574 4931 4932
3 4574 4932 4542
3 4933 4576 4549
3 4576 4933 4578
3 4578 4933 4935
3 4948 4947 4579
3 4948 4579 4578
3 4936 4948 4578
3 4935 4936 4578
3 4950 4949 4947
3 4950 4947 4948
3 4952 4951 4949
3 4952 4949 4950
3 4951 4952 4938
3 4937 4951 4938
3 4953 4951 4937
3 4954 4937 4939
3 4953 4937 4954
3 4955 4939 4940
3 4954 4939 4955
3 4580 4956 4551
3 4956 4940 4551
3 4956 4955 4940
3 4581 4956 4580
3 4941 4584 4555
3 4584 4941 4586
3 4941 4957 4586
3 4941 4942 4957
3 4958 4942 4943
3 4957 4942 4958
3 4959 4943 4944
3 4958 4943 4959
3 4960 4944 4945
3 4959 4944 4960
3 4961 4945 4946
3 4960 4945 4961
3 4587 4962 4557
3 4962 4946 4557
3 4962 4961 4946
3 4588 4962 4587
3 4963 4595 4596
3 4597 4964 4596
3 4596 4964 4963
3 4598 4965 4597
3 4597 4965 4964
3 4599 4965 4598
3 4947 4602 4579
3 4602 4947 4604
3 4604 4947 4949
3 4604 4949 4606
3 4606 4949 4951
3 4606 4951 4608
3 4608 4951 4953
3 4608 4953 4610
3 4610 4953 4954
3 4610 4954 4612
3 4612 4954 4955
3 4612 4955 4614
3 4614 4955 4956
3 4614 4956 4581
3 4957 4618 4586
3 4618 4957 4621
3 4621 4957 4958
3 4621 4958 4623
3 4623 4958 4959
3 4623 4959 4625
3 4625 4959 4960
3 4625 4960 4626
3 4960 4966 4626
3 4960 4961 4966
3 4629 4966 4628
3 4966 4962 4628
3 4966 4961 4962
3 4628 4962 4588
3 4967 4633 4634
3 4635 4967 4634
3 4968 4637 4638
3 4595 4963 4638
3 4963 4968 4638
3 4963 4969 4968
3 4970 4963 4964
3 4969 4963 4970
3 4971 4964 4965
3 4970 4964 4971
3 4639 4972 4599
3 4972 4965 4599
3 4972 4971 4965
3 4640 4972 4639
3 4966 4644 4626
3 4644 4966 4629
3 4967 4650 4633
3 4653 4650 4973
3 4650 4967 4973
3 4635 4652 4973
3 4635 4973 4967
3 4637 4968 4652
3 4968 4973 4652
3 4968 4974 4973
3 4975 4968 4969
3 4974 4968 4975
3 4970 4977 4976
3 4975 4970 4976
3 4969 4970 4975
3 4977 4970 4971
3 4977 4971 4978
3 4980 4979 4978
3 4971 4980 4978
3 4972 4980 4971
3 4654 4981 4640
3 4981 4972 4640
3 4981 4980 4972
3 4656 4981 4654
3 4973 4659 4653
3 4659 4973 4661
3 4973 4982 4661
3 4973 4974 4982
3 4983 4974 4975
3 4982 4974 4983
3 4975 4976 4984
3 4985 4975 4984
3 4983 4975 4985
3 4987 4986 4985
3 4987 4985 4984
3 4986 4987 4979
3 4980 4986 4979
3 4988 4986 4980
3 4989 4980 4981
3 4988 4980 4989
3 4662 4990 4656
3 4990 4981 4656
3 4990 4989 4981
3 4664 4990 4662
3 4982 4667 4661
3 4667 4982 4670
3 4670 4982 4983
3 4670 4983 4671
3 4983 4991 4671
3 4983 4985 4991
3 4992 4985 4986
3 4991 4985 4992
3 4993 4986 4988
3 4992 4986 4993
3 4994 4988 4989
3 4993 4988 4994
3 4674 4994 4673
3 4994 4990 4673
3 4994 4989 4990
3 4673 4990 4664
3 4991 4679 4671
3 4679 4991 4682
3 4682 4991 4992
3 4682 4992 4684
3 4684 4992 4993
3 4684 4993 4686
3 4686 4993 4994
3 4686 4994 4674